name_en,position,caps,club,representative_team,tournament
George Chuter,Hooker,12,Leicester Tigers,England,Rugby World Cup 2007
Lee Mears,Hooker,16,Bath,England,Rugby World Cup 2007
Mark Regan,Hooker,37,Bristol,England,Rugby World Cup 2007
Perry Freshwater,Prop,7,Perpignan,England,Rugby World Cup 2007
Andrew Sheridan,Prop,10,Sale Sharks,England,Rugby World Cup 2007
Matt Stevens,Prop,11,Bath,England,Rugby World Cup 2007
Phil Vickery,Prop,53,Wasps,England,Rugby World Cup 2007
Steve Borthwick,Lock,28,Bath,England,Rugby World Cup 2007
Ben Kay,Lock,45,Leicester Tigers,England,Rugby World Cup 2007
Simon Shaw,Lock,36,Wasps,England,Rugby World Cup 2007
Martin Corry,Flanker,55,Leicester Tigers,England,Rugby World Cup 2007
Lewis Moody,Flanker,45,Leicester Tigers,England,Rugby World Cup 2007
Tom Rees,Flanker,5,Wasps,England,Rugby World Cup 2007
Joe Worsley,Flanker,56,Wasps,England,Rugby World Cup 2007
Lawrence Dallaglio,Number 8,79,Wasps,England,Rugby World Cup 2007
Nick Easter,Number 8,5,Harlequins,England,Rugby World Cup 2007
Andy Gomarsall,Scrum-half,25,Harlequins,England,Rugby World Cup 2007
Shaun Perry,Scrum-half,10,Bristol,England,Rugby World Cup 2007
Peter Richards,Scrum-half,6,London Irish,England,Rugby World Cup 2007
Olly Barkley,Fly-half,16,Bath,England,Rugby World Cup 2007
Jonny Wilkinson,Fly-half,57,Newcastle,England,Rugby World Cup 2007
Toby Flood,Fly-half,9,Newcastle,England,Rugby World Cup 2007
Mike Catt,Centre,69,London Irish,England,Rugby World Cup 2007
Andy Farrell,Centre,3,Saracens,England,Rugby World Cup 2007
Dan Hipkiss,Centre,1,Leicester Tigers,England,Rugby World Cup 2007
Jamie Noon,Centre,24,Newcastle,England,Rugby World Cup 2007
Mathew Tait,Centre,11,Newcastle,England,Rugby World Cup 2007
Mark Cueto,Wing,19,Sale Sharks,England,Rugby World Cup 2007
Josh Lewsey,Wing,47,Wasps,England,Rugby World Cup 2007
Paul Sackey,Wing,2,Wasps,England,Rugby World Cup 2007
Nick Abendanon,Fullback,2,Bath,England,Rugby World Cup 2007
Jason Robinson,Fullback,51,Unattached,England,Rugby World Cup 2007
Tani Fuga,Hooker,1,Harlequins,Samoa,Rugby World Cup 2007
Mahonri Schwalger,Hooker,17,Scarlets,Samoa,Rugby World Cup 2007
Silao Vaisola Sefo,Hooker,0,Alhambra,Samoa,Rugby World Cup 2007
Census Johnston,Prop,11,Saracens,Samoa,Rugby World Cup 2007
Kas Lealamanua,Prop,15,Dax,Samoa,Rugby World Cup 2007
Na'ama Leleimalefaga,Prop,1,Montpellier,Samoa,Rugby World Cup 2007
Fosi Pala'amo,Prop,1,Leeds,Samoa,Rugby World Cup 2007
Muliufi Salanoa,Prop,10,Skopa,Samoa,Rugby World Cup 2007
Justin Va'a,Prop,11,Glasgow Warriors,Samoa,Rugby World Cup 2007
Leo Lafaiali'i,Lock,15,Yokogawa,Samoa,Rugby World Cup 2007
Joe Tekori,Lock,4,Castres,Samoa,Rugby World Cup 2007
Kane Thompson,Lock,5,Dax,Samoa,Rugby World Cup 2007
Daniel Leo,Flanker,11,Wasps,Samoa,Rugby World Cup 2007
Justin Purdie,Flanker,3,Dax,Samoa,Rugby World Cup 2007
Semo Sititi,Flanker,27,Docomo,Samoa,Rugby World Cup 2007
Ulia Ulia,Flanker,9,Marist St. Joseph,Samoa,Rugby World Cup 2007
Henry Tuilagi,Number 8,4,Perpignan,Samoa,Rugby World Cup 2007
Alfie To'oala,Number 8,1,Bristol,Samoa,Rugby World Cup 2007
Junior Poluleuligaga,Scrum-half,5,Toulon,Samoa,Rugby World Cup 2007
Steven So'oialo,Scrum-half,21,Harlequins,Samoa,Rugby World Cup 2007
Loki Crichton,Fly-half,8,Worcester,Samoa,Rugby World Cup 2007
Eliota Fuimaono-Sapolu,Fly-half,5,Bath,Samoa,Rugby World Cup 2007
Brian Lima,Centre,27,Unattached,Samoa,Rugby World Cup 2007
Seilala Mapusua,Centre,9,London Irish,Samoa,Rugby World Cup 2007
Jerry Meafou,Centre,1,Skopa,Samoa,Rugby World Cup 2007
Elvis Seveali'i,Centre,19,Sale Sharks,Samoa,Rugby World Cup 2007
Anitelea Tuilagi,Centre,9,Leeds,Samoa,Rugby World Cup 2007
Lome Fa'atau,Wing,21,Glasgow,Samoa,Rugby World Cup 2007
David Lemi,Wing,6,Bristol,Samoa,Rugby World Cup 2007
Sailosi Tagicakibau,Wing,8,London Irish,Samoa,Rugby World Cup 2007
Alesana Tuilagi,Wing,4,Leicester Tigers,Samoa,Rugby World Cup 2007
Lolo Lui,Fullback,7,Moataa,Samoa,Rugby World Cup 2007
Gavin Williams,Fullback,4,Dax,Samoa,Rugby World Cup 2007
Gary Botha,Hooker,9,Bulls,South Africa,Rugby World Cup 2007
Bismarck du Plessis,Hooker,2,Sharks,South Africa,Rugby World Cup 2007
John Smit,Hooker,67,Sharks,South Africa,Rugby World Cup 2007
BJ Botha,Prop,10,Sharks,South Africa,Rugby World Cup 2007
Jannie du Plessis,Prop,2,Cheetahs,South Africa,Rugby World Cup 2007
Os du Randt,Prop,72,Cheetahs,South Africa,Rugby World Cup 2007
Gurthro Steenkamp,Prop,11,Bulls,South Africa,Rugby World Cup 2007
CJ van der Linde,Prop,39,Cheetahs,South Africa,Rugby World Cup 2007
Bakkies Botha,Lock,35,Bulls,South Africa,Rugby World Cup 2007
Victor Matfield,Lock,58,Bulls,South Africa,Rugby World Cup 2007
Johann Muller,Lock,16,Sharks,South Africa,Rugby World Cup 2007
Albert van den Berg,Lock,46,Sharks,South Africa,Rugby World Cup 2007
Schalk Burger,Flanker,31,Stormers,South Africa,Rugby World Cup 2007
Juan Smith,Flanker,32,Cheetahs,South Africa,Rugby World Cup 2007
Wikus van Heerden,Flanker,7,Bulls,South Africa,Rugby World Cup 2007
Danie Rossouw,Number 8,24,Bulls,South Africa,Rugby World Cup 2007
Bobby Skinstad,Number 8,38,Sharks,South Africa,Rugby World Cup 2007
Fourie du Preez,Scrum-half,30,Bulls,South Africa,Rugby World Cup 2007
Ricky Januarie,Scrum-half,18,Stormers,South Africa,Rugby World Cup 2007
Ruan Pienaar,Scrum-half,12,Sharks,South Africa,Rugby World Cup 2007
Butch James,Fly-half,18,Sharks,South Africa,Rugby World Cup 2007
André Pretorius,Fly-half,24,Lions,South Africa,Rugby World Cup 2007
Jean de Villiers,Centre,31,Stormers,South Africa,Rugby World Cup 2007
Jaque Fourie,Centre,29,Lions,South Africa,Rugby World Cup 2007
Wayne Julies,Centre,10,Bulls,South Africa,Rugby World Cup 2007
Wynand Olivier,Centre,17,Bulls,South Africa,Rugby World Cup 2007
François Steyn,Centre,8,Sharks,South Africa,Rugby World Cup 2007
Bryan Habana,Wing,27,Bulls,South Africa,Rugby World Cup 2007
Akona Ndungane,Wing,8,Bulls,South Africa,Rugby World Cup 2007
JP Pietersen,Wing,6,Sharks,South Africa,Rugby World Cup 2007
Ashwin Willemse,Wing,16,Lions,South Africa,Rugby World Cup 2007
Percy Montgomery,Fullback,85,Sharks,South Africa,Rugby World Cup 2007
Aleki Lutui,Hooker,21,Worcester,Tonga,Rugby World Cup 2007
Ephraim Taukafa,Hooker,19,Lyon,Tonga,Rugby World Cup 2007
Taufaʻao Filise,Prop,14,Cardiff Blues,Tonga,Rugby World Cup 2007
Siosateki Havea Mataʻu,Prop,1,Chalon-sur-Saône,Tonga,Rugby World Cup 2007
Kisi Pulu,Prop,15,Perpignan,Tonga,Rugby World Cup 2007
Toma Toke,Prop,5,Tau'uta Reds,Tonga,Rugby World Cup 2007
Soane Tongaʻuiha,Prop,3,Northampton Saints,Tonga,Rugby World Cup 2007
Inoke Afeaki,Lock,20,Grenoble,Tonga,Rugby World Cup 2007
Lisiate Faʻaoso,Lock,6,Manawatu,Tonga,Rugby World Cup 2007
Paino Hehea,Lock,6,Racing Métro,Tonga,Rugby World Cup 2007
Emosi Kauhenga,Lock,4,Tau'uta Reds,Tonga,Rugby World Cup 2007
Nili Latu,Flanker,12,Green Rockets,Tonga,Rugby World Cup 2007
Maama Molitika,Flanker,15,Cardiff Blues,Tonga,Rugby World Cup 2007
Hale T-Pole,Flanker,6,Ospreys,Tonga,Rugby World Cup 2007
Viliami Vaki,Flanker,25,Perpignan,Tonga,Rugby World Cup 2007
Lotu Filipine,Number 8,5,Big Blue,Tonga,Rugby World Cup 2007
Finau Maka,Number 8,4,Toulouse,Tonga,Rugby World Cup 2007
Soane Havea,Scrum-half,16,Tautahi Gold,Tonga,Rugby World Cup 2007
Enele Taufa,Scrum-half,0,Tau'uta Reds,Tonga,Rugby World Cup 2007
Sione Tuʻipulotu,Scrum-half,23,Yokogawa,Tonga,Rugby World Cup 2007
Pierre Hola,Fly-half,27,Kobelco Steelers,Tonga,Rugby World Cup 2007
Suka Hufanga,Centre,12,Brive,Tonga,Rugby World Cup 2007
Epi Taione,Centre,11,Sharks,Tonga,Rugby World Cup 2007
Hudson Tongaʻuiha,Centre,15,Cergy-Pontoise,Tonga,Rugby World Cup 2007
Isileli Tupou,Centre,6,Tau'uta Reds,Tonga,Rugby World Cup 2007
Aisea Havili,Wing,11,Worcester,Tonga,Rugby World Cup 2007
Ualosi Kailea,Wing,0,Tau'uta Reds,Tonga,Rugby World Cup 2007
Seti Kiole,Wing,8,Montauban,Tonga,Rugby World Cup 2007
Tevita Tuʻifua,Wing,11,Counties Manukau,Tonga,Rugby World Cup 2007
Joseph Wilson Vaka,Wing,4,Tautahi Gold,Tonga,Rugby World Cup 2007
Vunga Lilo,Fullback,3,Cornish Pirates,Tonga,Rugby World Cup 2007
Blake Burdette,Hooker,5,NYAC,United States,Rugby World Cup 2007
Owen Lentz,Hooker,3,Maryland Exiles,United States,Rugby World Cup 2007
Mike MacDonald,Prop,43,Leeds,United States,Rugby World Cup 2007
Matekitonga Moeakiola,Prop,0,Park City Haggis,United States,Rugby World Cup 2007
Chris Osentowski,Prop,14,Belmont Shore,United States,Rugby World Cup 2007
Jonathan Vitale,Prop,3,Chicago Lions,United States,Rugby World Cup 2007
Luke Gross,Lock,62,Doncaster Knights,United States,Rugby World Cup 2007
Mike Mangan,Lock,14,Denver Barbarians,United States,Rugby World Cup 2007
Hayden Mexted,Lock,6,St. Louis Bombers,United States,Rugby World Cup 2007
Alec Parker,Lock,46,Gentlemen of Aspen,United States,Rugby World Cup 2007
John van der Giessen,Lock,0,Denver Barbarians,United States,Rugby World Cup 2007
Mark Aylor,Flanker,8,Denver Barbarians,United States,Rugby World Cup 2007
Inaki Basauri,Flanker,1,Marmande,United States,Rugby World Cup 2007
Todd Clever,Flanker,16,OMBAC,United States,Rugby World Cup 2007
Louis Stanfill,Flanker,5,UC Berkeley,United States,Rugby World Cup 2007
Henry Bloomfield,Number 8,0,Belmont Shore,United States,Rugby World Cup 2007
Fifita Mounga,Number 8,17,San Francisco Golden Gate,United States,Rugby World Cup 2007
Dan Payne,Number 8,1,OMBAC,United States,Rugby World Cup 2007
Chad Erskine,Scrum-half,3,Waterloo,United States,Rugby World Cup 2007
Mike Petri,Scrum-half,0,Belmont Shore,United States,Rugby World Cup 2007
Mike Hercus,Fly-half,31,Belmont Shore,United States,Rugby World Cup 2007
Nese Malifa,Fly-half,3,Belmont Shore,United States,Rugby World Cup 2007
Philip Eloff,Centre,32,Chicago Lions,United States,Rugby World Cup 2007
Paul Emerick,Centre,24,Newport Gwent Dragons,United States,Rugby World Cup 2007
Vahafolau Esikia,Centre,7,San Mateo,United States,Rugby World Cup 2007
Albert Tuipulotu,Centre,16,San Mateo,United States,Rugby World Cup 2007
Takudzwa Ngwenya,Wing,0,Biarritz,United States,Rugby World Cup 2007
Thretton Palamo,Wing,0,San Francisco Golden Gate,United States,Rugby World Cup 2007
Salesi Sika,Wing,13,Béziers,United States,Rugby World Cup 2007
Francois Viljoen,Fullback,18,Belmont Shore,United States,Rugby World Cup 2007
Chris Wyles,Fullback,3,Belmont Shore,United States,Rugby World Cup 2007
Mark Crick,Hooker,3,Potomac Athletic Club,United States,Rugby World Cup 2007
Mike French,Prop,8,OMBAC,United States,Rugby World Cup 2007
Brian LeMay,Prop,0,Boston,United States,Rugby World Cup 2007
Chris Moreno,Prop,0,Denver Barbarians,United States,Rugby World Cup 2007
John van der Giessen,Lock,0,Denver Barbarians,United States,Rugby World Cup 2007
Tyson Meek,Scrum-half,4,Denver Barbarians,United States,Rugby World Cup 2007
Andrew Osborne,Fullback,1,OMBAC,United States,Rugby World Cup 2007
Adam Freier,Hooker,15,Waratahs,Australia,Rugby World Cup 2007
Sean Hardman,Hooker,3,Queensland Reds,Australia,Rugby World Cup 2007
Stephen Moore,Hooker,16,Queensland Reds,Australia,Rugby World Cup 2007
Al Baxter,Prop,47,Waratahs,Australia,Rugby World Cup 2007
Matt Dunning,Prop,32,Waratahs,Australia,Rugby World Cup 2007
Greg Holmes,Prop,11,Queensland Reds,Australia,Rugby World Cup 2007
Guy Shepherdson,Prop,14,Brumbies,Australia,Rugby World Cup 2007
Mark Chisholm,Lock,32,Brumbies,Australia,Rugby World Cup 2007
Hugh McMeniman,Lock,8,Queensland Reds,Australia,Rugby World Cup 2007
Nathan Sharpe,Lock,60,Western Force,Australia,Rugby World Cup 2007
Daniel Vickerman,Lock,48,Waratahs,Australia,Rugby World Cup 2007
Rocky Elsom,Flanker,28,Waratahs,Australia,Rugby World Cup 2007
George Smith,Flanker,79,Brumbies,Australia,Rugby World Cup 2007
Phil Waugh,Flanker,62,Waratahs,Australia,Rugby World Cup 2007
Wycliff Palu,Number 8,13,Waratahs,Australia,Rugby World Cup 2007
Stephen Hoiles,Number 8,10,Brumbies,Australia,Rugby World Cup 2007
Sam Cordingley,Scrum-half,12,Queensland Reds,Australia,Rugby World Cup 2007
George Gregan,Scrum-half,134,Brumbies,Australia,Rugby World Cup 2007
Berrick Barnes,Fly-half,0,Queensland Reds,Australia,Rugby World Cup 2007
Stephen Larkham,Fly-half,101,Brumbies,Australia,Rugby World Cup 2007
Morgan Turinui,Centre,22,Queensland Reds,Australia,Rugby World Cup 2007
Matt Giteau,Centre,47,Western Force,Australia,Rugby World Cup 2007
Stirling Mortlock,Centre,60,Brumbies,Australia,Rugby World Cup 2007
Scott Staniforth,Centre,10,Western Force,Australia,Rugby World Cup 2007
Adam Ashley-Cooper,Wing,8,Brumbies,Australia,Rugby World Cup 2007
Cameron Shepherd,Wing,6,Western Force,Australia,Rugby World Cup 2007
Lote Tuqiri,Wing,53,Waratahs,Australia,Rugby World Cup 2007
Drew Mitchell,Wing,16,Western Force,Australia,Rugby World Cup 2007
Julian Huxley,Fullback,6,Brumbies,Australia,Rugby World Cup 2007
Chris Latham,Fullback,73,Queensland Reds,Australia,Rugby World Cup 2007
Rodney Blake,Prop,7,Queensland Reds,Australia,Rugby World Cup 2007
Tatafu Polota-Nau,Hooker,3,Waratahs,Australia,Rugby World Cup 2007
James Horwill,Lock,1,Queensland Reds,Australia,Rugby World Cup 2007
Alister Campbell,Lock,4,Brumbies,Australia,Rugby World Cup 2007
Matt Cockbain,Flanker,63,Melbourne Rebels,Australia,Rugby World Cup 2007
Jone Tawake,Number 8,0,Brumbies,Australia,Rugby World Cup 2007
Josh Holmes,Scrum-half,0,Brumbies,Australia,Rugby World Cup 2007
Ryan Cross,Centre,0,Western Force,Australia,Rugby World Cup 2007
Clinton Schifcofske,Wing,0,Queensland Reds,Australia,Rugby World Cup 2007
Sam Norton-Knight,Fullback,2,Waratahs,Australia,Rugby World Cup 2007
Aaron Carpenter,Hooker,12,Brantford,Canada,Rugby World Cup 2007
Pat Riordan,Hooker,12,Burnaby Lake,Canada,Rugby World Cup 2007
Scott Franklin,Prop,2,Castaway Wanderers,Canada,Rugby World Cup 2007
Dan Pletch,Prop,16,Oakville Crusaders,Canada,Rugby World Cup 2007
Mike Pletch,Prop,7,Oakville Crusaders,Canada,Rugby World Cup 2007
Rod Snow,Prop,55,Newfoundland Rock,Canada,Rugby World Cup 2007
Jon Thiel,Prop,36,Bayside Sharks,Canada,Rugby World Cup 2007
Mike Burak,Lock,15,Pau,Canada,Rugby World Cup 2007
Mike James,Lock,51,Stade Français,Canada,Rugby World Cup 2007
Josh Jackson,Lock,15,Bordeaux Bègles,Canada,Rugby World Cup 2007
Luke Tait,Lock,11,Overmach Parma,Canada,Rugby World Cup 2007
David Biddle,Flanker,1,Meralomas,Canada,Rugby World Cup 2007
Jamie Cudmore,Flanker,17,Clermont Auvergne,Canada,Rugby World Cup 2007
Adam Kleeberger,Flanker,7,University of Victoria,Canada,Rugby World Cup 2007
Colin Yukes,Flanker,29,Agen,Canada,Rugby World Cup 2007
Sean-Michael Stephen,Number 8,8,Béziers,Canada,Rugby World Cup 2007
Mike Webb,Number 8,15,Swilers,Canada,Rugby World Cup 2007
Ed Fairhurst,Scrum-half,27,Cornish Pirates,Canada,Rugby World Cup 2007
Matt Weingart,Scrum-half,6,Castaway Wanderers,Canada,Rugby World Cup 2007
Morgan Williams,Scrum-half,47,Albi,Canada,Rugby World Cup 2007
Nathan Hirayama,Fly-half,0,University of Victoria,Canada,Rugby World Cup 2007
Ander Monro,Fly-half,6,Waterloo,Canada,Rugby World Cup 2007
Ryan Smith,Fly-half,29,Montauban,Canada,Rugby World Cup 2007
Craig Culpan,Centre,2,Meralomas,Canada,Rugby World Cup 2007
Derek Daypuck,Centre,16,Castaway Wanderers,Canada,Rugby World Cup 2007
Dave Spicer,Centre,8,University of Victoria,Canada,Rugby World Cup 2007
Nick Trenkel,Centre,0,Capilano,Canada,Rugby World Cup 2007
Justin Mensah-Coker,Wing,7,Albi,Canada,Rugby World Cup 2007
James Pritchard,Wing,12,Bedford Blues,Canada,Rugby World Cup 2007
D. T. H. van der Merwe,Wing,2,James Bay AA,Canada,Rugby World Cup 2007
Mike Pyke,Fullback,14,Montauban,Canada,Rugby World Cup 2007
Bill Gadolo,Hooker,19,Barbarians,Fiji,Rugby World Cup 2007
Sunia Koto,Hooker,14,Warriors,Fiji,Rugby World Cup 2007
Vereniki Sauturaga,Hooker,1,Warriors,Fiji,Rugby World Cup 2007
Graham Dewes,Prop,3,Marist,Fiji,Rugby World Cup 2007
Henry Qiodravu,Prop,13,Orléans,Fiji,Rugby World Cup 2007
Jone Railomo,Prop,1,Poitiers,Fiji,Rugby World Cup 2007
Alefoso Yalayalatabua,Prop,4,Warriors,Fiji,Rugby World Cup 2007
Isoa Domolailai,Lock,12,Toulon,Fiji,Rugby World Cup 2007
Kele Leawere,Lock,15,Hino Motors,Fiji,Rugby World Cup 2007
Wame Lewaravu,Lock,2,Barbarians,Fiji,Rugby World Cup 2007
Ifereimi Rawaqa,Lock,34,Fighting Bull,Fiji,Rugby World Cup 2007
Semisi Naevo,Flanker,2,Green Rockets,Fiji,Rugby World Cup 2007
Akapusi Qera,Flanker,12,Pertemps Bees,Fiji,Rugby World Cup 2007
Aca Ratuva,Flanker,11,Massy,Fiji,Rugby World Cup 2007
Netani Talei,Flanker,6,Doncaster Knights,Fiji,Rugby World Cup 2007
Sisa Koyamaibole,Number 8,44,Petrarca Padova,Fiji,Rugby World Cup 2007
Jone Qovu,Number 8,8,Warriors,Fiji,Rugby World Cup 2007
Jone Daunivucu,Scrum-half,1,Tarbes,Fiji,Rugby World Cup 2007
Mosese Rauluni,Scrum-half,35,Saracens,Fiji,Rugby World Cup 2007
Nicky Little,Fly-half,79,Petrarca Padova,Fiji,Rugby World Cup 2007
Waisea Luveniyali,Fly-half,1,Warriors,Fiji,Rugby World Cup 2007
Seremaia Bai,Centre,28,Clermont,Fiji,Rugby World Cup 2007
Maleli Kunavore,Centre,5,Toulouse,Fiji,Rugby World Cup 2007
Gabiriele Lovobalavu,Centre,4,Warriors,Fiji,Rugby World Cup 2007
Seru Rabeni,Centre,26,Leicester Tigers,Fiji,Rugby World Cup 2007
Sireli Bobo,Wing,9,Biarritz,Fiji,Rugby World Cup 2007
Vilimoni Delasau,Wing,24,Clermont,Fiji,Rugby World Cup 2007
Isoa Neivua,Wing,6,Warriors,Fiji,Rugby World Cup 2007
Norman Ligairi,Fullback,39,Brive,Fiji,Rugby World Cup 2007
Kameli Ratuvou,Fullback,15,Saracens,Fiji,Rugby World Cup 2007
Ryo Yamamura,Prop,34,Jubilo,Japan,Rugby World Cup 2007
Masahito Yamamoto,Prop,25,Verblitz,Japan,Rugby World Cup 2007
Tomokazu Soma,Prop,13,Wild Knights,Japan,Rugby World Cup 2007
Tatsukichi Nishiura,Prop,7,West Red Sparks,Japan,Rugby World Cup 2007
Yuji Matsubara,Hooker,19,Kobelco Steelers,Japan,Rugby World Cup 2007
Yusuke Aoki,Hooker,2,Verblitz,Japan,Rugby World Cup 2007
Hitoshi Ono,Lock,20,Brave Lupus,Japan,Rugby World Cup 2007
Takanori Kumagae,Lock,25,Green Rockets,Japan,Rugby World Cup 2007
Luatangi Vatuvei,Lock,20,Liners,Japan,Rugby World Cup 2007
Luke Thompson,Lock,5,Liners,Japan,Rugby World Cup 2007
Yasunori Watanabe,Flanker,30,Brave Lupus,Japan,Rugby World Cup 2007
Hajime Kiso,Flanker,28,Jubilo,Japan,Rugby World Cup 2007
Hare Makiri,Flanker,16,Fukuoka,Japan,Rugby World Cup 2007
Philip O'Reilly,Flanker,5,Wild Knights,Japan,Rugby World Cup 2007
Takamichi Sasaki,Flanker,5,Sungoliath,Japan,Rugby World Cup 2007
Takuro Miuchi,Number 8,36,Green Rockets,Japan,Rugby World Cup 2007
Yuki Yatomi,Scrum-half,7,Jubilo,Japan,Rugby World Cup 2007
Tomoki Yoshida,Scrum-half,4,Brave Lupus,Japan,Rugby World Cup 2007
Kim Chul-won,Scrum-half,0,Liners,Japan,Rugby World Cup 2007
Eiji Ando,Fly-half,12,Green Rockets,Japan,Rugby World Cup 2007
Kousei Ono,Fly-half,3,Fukuoka,Japan,Rugby World Cup 2007
Shotaro Onishi,Centre,24,Jubilo,Japan,Rugby World Cup 2007
Nataniela Oto,Centre,11,Brave Lupus,Japan,Rugby World Cup 2007
Yuta Imamura,Centre,11,Kobelco Steelers,Japan,Rugby World Cup 2007
Koji Taira,Centre,3,Sungoliath,Japan,Rugby World Cup 2007
Bryce Robins,Centre,6,Black Rams,Japan,Rugby World Cup 2007
Hirotoki Onozawa,Wing,35,Sungoliath,Japan,Rugby World Cup 2007
Kosuke Endo,Wing,13,Verblitz,Japan,Rugby World Cup 2007
Tomoki Kitagawa,Wing,2,Wild Knights,Japan,Rugby World Cup 2007
Christian Loamanu,Wing,7,Saitama,Japan,Rugby World Cup 2007
Go Aruga,Fullback,7,Sungoliath,Japan,Rugby World Cup 2007
Takahiro Sugiura,Prop,1,Fukuoka,Japan,Rugby World Cup 2007
Yuta Inose,Prop,0,Green Rockets,Japan,Rugby World Cup 2007
Taku Inokuchi,Hooker,1,Brave Lupus,Japan,Rugby World Cup 2007
Ryota Asano,Flanker,20,Green Rockets,Japan,Rugby World Cup 2007
James Arlidge,Fly-half,1,Docomo,Japan,Rugby World Cup 2007
Huw Bennett,Hooker,12,Ospreys,Wales,Rugby World Cup 2007
Matthew Rees,Hooker,11,Llanelli Scarlets,Wales,Rugby World Cup 2007
T. Rhys Thomas,Hooker,10,Cardiff Blues,Wales,Rugby World Cup 2007
Chris Horsman,Prop,11,Worcester Warriors,Wales,Rugby World Cup 2007
Gethin Jenkins,Prop,46,Cardiff Blues,Wales,Rugby World Cup 2007
Adam Jones,Prop,41,Ospreys,Wales,Rugby World Cup 2007
Duncan Jones,Prop,38,Ospreys,Wales,Rugby World Cup 2007
Ian Evans,Lock,5,Ospreys,Wales,Rugby World Cup 2007
Ian Gough,Lock,40,Ospreys,Wales,Rugby World Cup 2007
Will James,Lock,1,Gloucester,Wales,Rugby World Cup 2007
Alun Wyn Jones,Lock,11,Ospreys,Wales,Rugby World Cup 2007
Colin Charvis,Flanker,87,Newport Gwent Dragons,Wales,Rugby World Cup 2007
Martyn Williams,Flanker,70,Cardiff Blues,Wales,Rugby World Cup 2007
Jonathan Thomas,Flanker,34,Ospreys,Wales,Rugby World Cup 2007
Michael Owen,Number 8,37,Newport Gwent Dragons,Wales,Rugby World Cup 2007
Alix Popham,Number 8,30,Llanelli Scarlets,Wales,Rugby World Cup 2007
Gareth Cooper,Scrum-half,34,Gloucester,Wales,Rugby World Cup 2007
Dwayne Peel,Scrum-half,53,Llanelli Scarlets,Wales,Rugby World Cup 2007
Mike Phillips,Scrum-half,22,Ospreys,Wales,Rugby World Cup 2007
Stephen Jones,Fly-half,62,Llanelli Scarlets,Wales,Rugby World Cup 2007
Ceri Sweeney,Fly-half,32,Newport Gwent Dragons,Wales,Rugby World Cup 2007
James Hook,Centre,13,Ospreys,Wales,Rugby World Cup 2007
Sonny Parker,Centre,23,Ospreys,Wales,Rugby World Cup 2007
Jamie Robinson,Centre,20,Cardiff Blues,Wales,Rugby World Cup 2007
Tom Shanklin,Centre,41,Cardiff Blues,Wales,Rugby World Cup 2007
Dafydd James,Wing,46,Llanelli Scarlets,Wales,Rugby World Cup 2007
Mark Jones,Wing,29,Llanelli Scarlets,Wales,Rugby World Cup 2007
Shane Williams,Wing,46,Ospreys,Wales,Rugby World Cup 2007
Kevin Morgan,Fullback,43,Newport Gwent Dragons,Wales,Rugby World Cup 2007
Gareth Thomas,Fullback,95,Cardiff Blues,Wales,Rugby World Cup 2007
Carlo Festuccia,Hooker,39,Gran Parma,Italy,Rugby World Cup 2007
Leonardo Ghiraldini,Hooker,5,Calvisano,Italy,Rugby World Cup 2007
Fabio Ongaro,Hooker,49,Saracens,Italy,Rugby World Cup 2007
Matías Agüero,Prop,7,Viadana,Italy,Rugby World Cup 2007
Martin Castrogiovanni,Prop,45,Leicester Tigers,Italy,Rugby World Cup 2007
Andrea Lo Cicero,Prop,67,L'Aquila,Italy,Rugby World Cup 2007
Salvatore Perugini,Prop,44,Toulouse,Italy,Rugby World Cup 2007
Valerio Bernabò,Lock,11,Calvisano,Italy,Rugby World Cup 2007
Marco Bortolami,Lock,61,Gloucester,Italy,Rugby World Cup 2007
Carlo Del Fava,Lock,21,Bourgoin,Italy,Rugby World Cup 2007
Santiago Dellapè,Lock,44,Biarritz Olympique,Italy,Rugby World Cup 2007
Mauro Bergamasco,Flanker,58,Stade Français,Italy,Rugby World Cup 2007
Silvio Orlando,Flanker,13,Benetton Treviso,Italy,Rugby World Cup 2007
Josh Sole,Flanker,21,Viadana,Italy,Rugby World Cup 2007
Alessandro Zanni,Flanker,16,Calvisano,Italy,Rugby World Cup 2007
Sergio Parisse,Number 8,42,Stade Français,Italy,Rugby World Cup 2007
Manoa Vosawai,Number 8,2,Overmach Parma,Italy,Rugby World Cup 2007
Paul Griffen,Scrum-half,35,Calvisano,Italy,Rugby World Cup 2007
Alessandro Troncon,Scrum-half,97,Clermont Auvergne,Italy,Rugby World Cup 2007
Roland de Marigny,Fly-half,17,Calvisano,Italy,Rugby World Cup 2007
Ramiro Pez,Fly-half,38,Bayonne,Italy,Rugby World Cup 2007
Mirco Bergamasco,Centre,44,Stade Français,Italy,Rugby World Cup 2007
Gonzalo Canale,Centre,33,Clermont Auvergne,Italy,Rugby World Cup 2007
Andrea Masi,Centre,31,Biarritz Olympique,Italy,Rugby World Cup 2007
Pablo Canavosio,Wing,16,Castres Olympique,Italy,Rugby World Cup 2007
Matteo Pratichetti,Wing,7,Calvisano,Italy,Rugby World Cup 2007
Kaine Robertson,Wing,23,Viadana,Italy,Rugby World Cup 2007
Marko Stanojevic,Wing,6,Bristol,Italy,Rugby World Cup 2007
David Bortolussi,Fullback,10,Montpellier Hérault,Italy,Rugby World Cup 2007
Ezio Galon,Fullback,11,Overmach Parma,Italy,Rugby World Cup 2007
Carl Hayman,Prop,41,Otago,New Zealand,Rugby World Cup 2007
Greg Somerville,Prop,55,Canterbury,New Zealand,Rugby World Cup 2007
Neemia Tialata,Prop,17,Wellington,New Zealand,Rugby World Cup 2007
Tony Woodcock,Prop,33,North Harbour,New Zealand,Rugby World Cup 2007
Andrew Hore,Hooker,21,Taranaki,New Zealand,Rugby World Cup 2007
Keven Mealamu,Hooker,47,Auckland,New Zealand,Rugby World Cup 2007
Anton Oliver,Hooker,55,Otago,New Zealand,Rugby World Cup 2007
Chris Jack,Lock,62,Tasman,New Zealand,Rugby World Cup 2007
Keith Robinson,Lock,10,Waikato,New Zealand,Rugby World Cup 2007
Ali Williams,Lock,42,Auckland,New Zealand,Rugby World Cup 2007
Jerry Collins,Flanker,44,Wellington,New Zealand,Rugby World Cup 2007
Chris Masoe,Flanker,15,Wellington,New Zealand,Rugby World Cup 2007
Richie McCaw,Flanker,55,Canterbury,New Zealand,Rugby World Cup 2007
Reuben Thorne,Flanker,48,Canterbury,New Zealand,Rugby World Cup 2007
Sione Lauaki,Number 8,7,Waikato,New Zealand,Rugby World Cup 2007
Rodney So'oialo,Number 8,37,Wellington,New Zealand,Rugby World Cup 2007
Andy Ellis,Scrum-half,2,Canterbury,New Zealand,Rugby World Cup 2007
Byron Kelleher,Scrum-half,54,Waikato,New Zealand,Rugby World Cup 2007
Brendon Leonard,Scrum-half,4,Waikato,New Zealand,Rugby World Cup 2007
Dan Carter,Fly-half,41,Canterbury,New Zealand,Rugby World Cup 2007
Nick Evans,Fly-half,12,Otago,New Zealand,Rugby World Cup 2007
Aaron Mauger,Centre,42,Canterbury,New Zealand,Rugby World Cup 2007
Luke McAlister,Centre,18,North Harbour,New Zealand,Rugby World Cup 2007
Conrad Smith,Centre,12,Wellington,New Zealand,Rugby World Cup 2007
Isaia Toeava,Centre,10,Auckland,New Zealand,Rugby World Cup 2007
Doug Howlett,Wing,59,Auckland,New Zealand,Rugby World Cup 2007
Joe Rokocoko,Wing,45,Auckland,New Zealand,Rugby World Cup 2007
Sitiveni Sivivatu,Wing,17,Waikato,New Zealand,Rugby World Cup 2007
Leon MacDonald,Fullback,47,Canterbury,New Zealand,Rugby World Cup 2007
Mils Muliaina,Fullback,52,Waikato,New Zealand,Rugby World Cup 2007
Rui Cordeiro,Prop,39,Académica de Coimbra,Portugal,Rugby World Cup 2007
Ruben Spachuck,Prop,18,Belenenses,Portugal,Rugby World Cup 2007
Duarte Figueiredo,Prop,3,CDUL,Portugal,Rugby World Cup 2007
André Silva,Prop,12,Stade Montois,Portugal,Rugby World Cup 2007
Juan Muré,Prop,0,Belenenses,Portugal,Rugby World Cup 2007
João Correia,Hooker,26,Direito,Portugal,Rugby World Cup 2007
Joaquim Ferreira,Hooker,82,CDUP,Portugal,Rugby World Cup 2007
Gonçalo Uva,Lock,27,Montpellier,Portugal,Rugby World Cup 2007
David Penalva,Lock,18,Blagnac,Portugal,Rugby World Cup 2007
Marcello d'Orey,Lock,59,CDUP,Portugal,Rugby World Cup 2007
Salvador Palha,Lock,2,Direito,Portugal,Rugby World Cup 2007
João Uva,Flanker,35,Belenenses,Portugal,Rugby World Cup 2007
Paulo Murinello,Flanker,22,Cascais,Portugal,Rugby World Cup 2007
Diogo Coutinho,Flanker,28,Direito,Portugal,Rugby World Cup 2007
Tiago Girão,Flanker,2,CDUL,Portugal,Rugby World Cup 2007
Juan Severino Somoza,Flanker,10,Agronomia,Portugal,Rugby World Cup 2007
Vasco Uva,Number 8,39,Direito,Portugal,Rugby World Cup 2007
Luís Pissarra,Scrum-half,68,Agronomia,Portugal,Rugby World Cup 2007
José Pinto,Scrum-half,30,Direito,Portugal,Rugby World Cup 2007
Gonçalo Malheiro,Fly-half,38,CDUP,Portugal,Rugby World Cup 2007
Duarte Cardoso Pinto,Fly-half,25,Agronomia,Portugal,Rugby World Cup 2007
Pedro Cabral,Fly-half,3,CDUL,Portugal,Rugby World Cup 2007
Diogo Mateus,Centre,48,Belenenses,Portugal,Rugby World Cup 2007
Diogo Gama,Centre,10,Benfica,Portugal,Rugby World Cup 2007
Miguel Portela,Centre,53,Direito,Portugal,Rugby World Cup 2007
Frederico Sousa,Centre,38,Direito,Portugal,Rugby World Cup 2007
António Aguilar,Wing,47,Direito,Portugal,Rugby World Cup 2007
Pedro Carvalho,Wing,21,Direito,Portugal,Rugby World Cup 2007
Gonçalo Foro,Wing,15,CDUL,Portugal,Rugby World Cup 2007
David Mateus,Wing,15,Belenenses,Portugal,Rugby World Cup 2007
Pedro Leal,Fullback,20,Direito,Portugal,Rugby World Cup 2007
Petru Bălan,Prop,53,Biarritz,Romania,Rugby World Cup 2007
Bogdan Bălan,Prop,22,Montauban,Romania,Rugby World Cup 2007
Silviu Florea,Prop,15,Béziers,Romania,Rugby World Cup 2007
Paulică Ion,Prop,20,Bath,Romania,Rugby World Cup 2007
Cezar Popescu,Prop,32,Agen,Romania,Rugby World Cup 2007
Petrișor Toderașc,Prop,46,Brive,Romania,Rugby World Cup 2007
Marius Țincu,Hooker,30,Perpignan,Romania,Rugby World Cup 2007
Răzvan Mavrodin,Hooker,46,Pau,Romania,Rugby World Cup 2007
Sorin Socol,Lock,38,Pau,Romania,Rugby World Cup 2007
Cristian Petre,Lock,56,Béziers,Romania,Rugby World Cup 2007
Valentin Ursache,Lock,16,Arad,Romania,Rugby World Cup 2007
Augustin Petrechei,Lock,19,Béziers,Romania,Rugby World Cup 2007
Ovidiu Tonița,Flanker,37,Perpignan,Romania,Rugby World Cup 2007
Florin Corodeanu,Flanker,50,Grenoble,Romania,Rugby World Cup 2007
Alexandru Manta,Flanker,23,Castres,Romania,Rugby World Cup 2007
Costica Mersoiu,Flanker,28,Dinamo București,Romania,Rugby World Cup 2007
Alexandru Tudori,Flanker,29,Dinamo București,Romania,Rugby World Cup 2007
Cosmin Rațiu,Number 8,16,Dinamo București,Romania,Rugby World Cup 2007
Valentin Calafateanu,Scrum-half,14,Dinamo București,Romania,Rugby World Cup 2007
Lucian Sîrbu,Scrum-half,48,Béziers,Romania,Rugby World Cup 2007
Ionuț Dimofte,Fly-half,17,Arad,Romania,Rugby World Cup 2007
Dănuț Dumbravă,Fly-half,32,Steaua Bucharest,Romania,Rugby World Cup 2007
Romeo Gontineac,Centre,71,Aurillac,Romania,Rugby World Cup 2007
Csaba Gál,Centre,10,U Cluj,Romania,Rugby World Cup 2007
Dan Vlad,Centre,7,Steaua Bucharest,Romania,Rugby World Cup 2007
Ionuț Tofan,Centre,71,Limoges,Romania,Rugby World Cup 2007
Cătălin Fercu,Wing,16,Arad,Romania,Rugby World Cup 2007
Ion Teodorescu,Wing,41,Arad,Romania,Rugby World Cup 2007
Gabriel Brezoianu,Wing,65,Racing Métro,Romania,Rugby World Cup 2007
Cătălin Nicolae,Wing,4,Steaua Bucharest,Romania,Rugby World Cup 2007
Iulian Dumitraș,Fullback,12,Pau,Romania,Rugby World Cup 2007
Florin Vlaicu,Fullback,11,Steaua Bucharest,Romania,Rugby World Cup 2007
Ross Ford,Hooker,14,Glasgow,Scotland,Rugby World Cup 2007
Scott Lawson,Hooker,11,Sale Sharks,Scotland,Rugby World Cup 2007
Fergus Thomson,Hooker,2,Glasgow,Scotland,Rugby World Cup 2007
Alasdair Dickinson,Prop,0,Edinburgh,Scotland,Rugby World Cup 2007
Allan Jacobsen,Prop,23,Edinburgh,Scotland,Rugby World Cup 2007
Gavin Kerr,Prop,42,Glasgow,Scotland,Rugby World Cup 2007
Euan Murray,Prop,11,Northampton,Scotland,Rugby World Cup 2007
Craig Smith,Prop,19,Edinburgh,Scotland,Rugby World Cup 2007
Jim Hamilton,Lock,9,Leicester,Scotland,Rugby World Cup 2007
Nathan Hines,Lock,44,Perpignan,Scotland,Rugby World Cup 2007
Scott MacLeod,Lock,9,Scarlets,Scotland,Rugby World Cup 2007
Scott Murray,Lock,85,Montauban,Scotland,Rugby World Cup 2007
John Barclay,Flanker,0,Glasgow,Scotland,Rugby World Cup 2007
Kelly Brown,Flanker,14,Glasgow,Scotland,Rugby World Cup 2007
Ally Hogg,Flanker,35,Edinburgh,Scotland,Rugby World Cup 2007
Jason White,Flanker,59,Sale Sharks,Scotland,Rugby World Cup 2007
Dave Callam,Number 8,9,Edinburgh,Scotland,Rugby World Cup 2007
Simon Taylor,Number 8,54,Stade Français,Scotland,Rugby World Cup 2007
Mike Blair,Scrum-half,39,Edinburgh,Scotland,Rugby World Cup 2007
Chris Cusiter,Scrum-half,32,Perpignan,Scotland,Rugby World Cup 2007
Rory Lawson,Scrum-half,7,Gloucester,Scotland,Rugby World Cup 2007
Dan Parks,Fly-half,32,Glasgow,Scotland,Rugby World Cup 2007
Rob Dewey,Centre,8,Ulster,Scotland,Rugby World Cup 2007
Marcus Di Rollo,Centre,19,Edinburgh,Scotland,Rugby World Cup 2007
Andrew Henderson,Centre,46,Glasgow,Scotland,Rugby World Cup 2007
Simon Webster,Centre,24,Edinburgh,Scotland,Rugby World Cup 2007
Sean Lamont,Wing,31,Northampton,Scotland,Rugby World Cup 2007
Nikki Walker,Wing,8,Ospreys,Scotland,Rugby World Cup 2007
Chris Paterson,Wing,76,Gloucester,Scotland,Rugby World Cup 2007
Rory Lamont,Fullback,10,Sale Sharks,Scotland,Rugby World Cup 2007
Hugo Southwell,Fullback,31,Edinburgh,Scotland,Rugby World Cup 2007
Eusebio Guiñazú,Hooker,12,Agen,Argentina,Rugby World Cup 2007
Mario Ledesma,Hooker,59,Clermont,Argentina,Rugby World Cup 2007
Alberto Vernet Basualdo,Hooker,4,Alumni,Argentina,Rugby World Cup 2007
Marcos Ayerza,Prop,13,Leicester,Argentina,Rugby World Cup 2007
Santiago González Bonorino,Prop,13,Capitolina,Argentina,Rugby World Cup 2007
Omar Hasan,Prop,58,Toulouse,Argentina,Rugby World Cup 2007
Rodrigo Roncero,Prop,20,Stade Français,Argentina,Rugby World Cup 2007
Martín Scelzo,Prop,34,Clermont,Argentina,Rugby World Cup 2007
Patricio Albacete,Lock,18,Toulouse,Argentina,Rugby World Cup 2007
Rimas Álvarez Kairelis,Lock,31,Perpignan,Argentina,Rugby World Cup 2007
Ignacio Fernández Lobbe,Lock,57,Sale Sharks,Argentina,Rugby World Cup 2007
Esteban Lozada,Lock,4,CASI,Argentina,Rugby World Cup 2007
Martín Durand,Flanker,49,Montpellier,Argentina,Rugby World Cup 2007
Lucas Ostiglia,Flanker,27,Agen,Argentina,Rugby World Cup 2007
Juan Martín Fernández Lobbe,Flanker,14,Sale Sharks,Argentina,Rugby World Cup 2007
Martín Schusterman,Flanker,15,Leeds,Argentina,Rugby World Cup 2007
Juan Manuel Leguizamón,Number 8,16,London Irish,Argentina,Rugby World Cup 2007
Gonzalo Longo,Number 8,44,Clermont,Argentina,Rugby World Cup 2007
Nicolás Fernández Miranda,Scrum-half,41,Hindú,Argentina,Rugby World Cup 2007
Agustín Pichot,Scrum-half,65,Stade Français,Argentina,Rugby World Cup 2007
Juan Martín Hernández,Fly-half,21,Stade Français,Argentina,Rugby World Cup 2007
Federico Todeschini,Fly-half,15,Montpellier,Argentina,Rugby World Cup 2007
Felipe Contepomi,Centre,51,Leinster,Argentina,Rugby World Cup 2007
Manuel Contepomi,Centre,30,Newman,Argentina,Rugby World Cup 2007
Hernán Senillosa,Centre,16,Hindú,Argentina,Rugby World Cup 2007
Gonzalo Tiesi,Centre,10,London Irish,Argentina,Rugby World Cup 2007
Horacio Agulla,Wing,5,Hindú,Argentina,Rugby World Cup 2007
Lucas Borges,Wing,18,Stade Français,Argentina,Rugby World Cup 2007
Federico Martín Aramburú,Wing,12,Perpignan,Argentina,Rugby World Cup 2007
Ignacio Corleto,Fullback,29,Stade Français,Argentina,Rugby World Cup 2007
Federico Serra Miras,Fullback,7,SIC,Argentina,Rugby World Cup 2007
Sébastien Bruno,Hooker,22,Sale Sharks,France,Rugby World Cup 2007
Raphaël Ibañez,Hooker,92,Wasps,France,Rugby World Cup 2007
Dimitri Szarzewski,Hooker,16,Stade Français,France,Rugby World Cup 2007
Nicolas Mas,Prop,10,Perpignan,France,Rugby World Cup 2007
Olivier Milloud,Prop,45,Bourgoin,France,Rugby World Cup 2007
Jean-Baptiste Poux,Prop,14,Toulouse,France,Rugby World Cup 2007
Pieter de Villiers,Prop,64,Stade Français,France,Rugby World Cup 2007
Sébastien Chabal,Lock,31,Sale Sharks,France,Rugby World Cup 2007
Lionel Nallet,Lock,28,Castres,France,Rugby World Cup 2007
Fabien Pelous,Lock,113,Toulouse,France,Rugby World Cup 2007
Jérôme Thion,Lock,36,Biarritz,France,Rugby World Cup 2007
Serge Betsen,Flanker,58,Biarritz,France,Rugby World Cup 2007
Thierry Dusautoir,Flanker,5,Toulouse,France,Rugby World Cup 2007
Rémy Martin,Flanker,18,Stade Français,France,Rugby World Cup 2007
Yannick Nyanga,Flanker,21,Toulouse,France,Rugby World Cup 2007
Julien Bonnaire,Number 8,31,Clermont,France,Rugby World Cup 2007
Imanol Harinordoquy,Number 8,41,Biarritz,France,Rugby World Cup 2007
Jean-Baptiste Élissalde,Scrum-half,23,Toulouse,France,Rugby World Cup 2007
Pierre Mignoni,Scrum-half,25,Clermont,France,Rugby World Cup 2007
Lionel Beauxis,Fly-half,6,Stade Français,France,Rugby World Cup 2007
Frédéric Michalak,Fly-half,44,Toulouse,France,Rugby World Cup 2007
Yannick Jauzion,Centre,44,Toulouse,France,Rugby World Cup 2007
David Marty,Centre,13,Perpignan,France,Rugby World Cup 2007
David Skrela,Centre,8,Stade Français,France,Rugby World Cup 2007
Damien Traille,Centre,53,Biarritz,France,Rugby World Cup 2007
Vincent Clerc,Wing,22,Toulouse,France,Rugby World Cup 2007
Christophe Dominici,Wing,62,Stade Français,France,Rugby World Cup 2007
Cédric Heymans,Wing,32,Toulouse,France,Rugby World Cup 2007
Aurélien Rougerie,Wing,46,Clermont,France,Rugby World Cup 2007
Clément Poitrenaud,Fullback,28,Toulouse,France,Rugby World Cup 2007
Benjamin Kayser,Hooker,0,Leicester,France,Rugby World Cup 2007
Laurent Emmanuelli,Prop,0,Clermont,France,Rugby World Cup 2007
Pascal Papé,Lock,18,Castres,France,Rugby World Cup 2007
Grégory Lamboley,Lock,13,Toulouse,France,Rugby World Cup 2007
Olivier Magne,Flanker,90,London Irish,France,Rugby World Cup 2007
Dimitri Yachvili,Scrum-half,32,Biarritz,France,Rugby World Cup 2007
Benjamin Boyet,Fly-half,3,Bourgoin,France,Rugby World Cup 2007
Brian Liebenberg,Centre,12,Stade Français,France,Rugby World Cup 2007
Jean-Philippe Grandclaude,Centre,3,Perpignan,France,Rugby World Cup 2007
Akvsenti Giorgadze,Hooker,47,Castres,Georgia,Rugby World Cup 2007
David Khinchaguishvili,Prop,15,Bourgoin,Georgia,Rugby World Cup 2007
Avtandil Kopaliani,Prop,19,Montauban,Georgia,Rugby World Cup 2007
Mamuka Magrakvelidze,Prop,18,Metro Paris,Georgia,Rugby World Cup 2007
Goderdzi Shvelidze,Prop,37,Clermont,Georgia,Rugby World Cup 2007
Davit Zirakashvili,Prop,13,Clermont,Georgia,Rugby World Cup 2007
Levan Datunashvili,Lock,19,Montluçon,Georgia,Rugby World Cup 2007
Victor Didebulidze,Lock,39,Massy,Georgia,Rugby World Cup 2007
Zurab Mtchedlishvili,Lock,44,Figeac,Georgia,Rugby World Cup 2007
Mamuka Gorgodze,Lock,23,Montpellier,Georgia,Rugby World Cup 2007
Ilia Zedguinidze,Lock,46,Auch,Georgia,Rugby World Cup 2007
Giorgi Chkhaidze,Flanker,20,Massy,Georgia,Rugby World Cup 2007
Gia Labadze,Flanker,45,Toulon,Georgia,Rugby World Cup 2007
Ilia Maissuradze,Flanker,16,Nantes,Georgia,Rugby World Cup 2007
Zviad Maissuradze,Flanker,19,Locomotivi Tbilisi,Georgia,Rugby World Cup 2007
Rati Urushadze,Flanker,22,Nice,Georgia,Rugby World Cup 2007
Besso Udessiani,Number 8,26,Chalon,Georgia,Rugby World Cup 2007
Irakli Abuseridze,Scrum-half,44,Orléans,Georgia,Rugby World Cup 2007
Meko Kvirikashvili,Scrum-half,20,Pau,Georgia,Rugby World Cup 2007
Bidzina Samkharadze,Scrum-half,26,Farul Constanța,Georgia,Rugby World Cup 2007
Otar Barkalaia,Fly-half,23,Figeac,Georgia,Rugby World Cup 2007
Paliko Jimsheladze,Fly-half,56,Arras,Georgia,Rugby World Cup 2007
Revaz Gigauri,Centre,11,Montluçon,Georgia,Rugby World Cup 2007
Irakli Giorgadze,Centre,27,Bourgoin,Georgia,Rugby World Cup 2007
Davit Kacharava,Centre,12,Bastia,Georgia,Rugby World Cup 2007
Malkhaz Urjukashvili,Centre,21,Aurillac,Georgia,Rugby World Cup 2007
Giorgi Elizbarashvili,Wing,14,Krasny Yar,Georgia,Rugby World Cup 2007
Otar Eloshvili,Wing,9,Arras,Georgia,Rugby World Cup 2007
Besik Khamashuridze,Wing,49,Cannes,Georgia,Rugby World Cup 2007
Irakli Machkhaneli,Wing,24,Mont-de-Marsan,Georgia,Rugby World Cup 2007
Giorgi Shkinin,Wing,19,Blois,Georgia,Rugby World Cup 2007
Rory Best,Hooker,13,Ulster,Ireland,Rugby World Cup 2007
Jerry Flannery,Hooker,16,Munster,Ireland,Rugby World Cup 2007
Frankie Sheahan,Hooker,28,Munster,Ireland,Rugby World Cup 2007
Simon Best,Prop,19,Ulster,Ireland,Rugby World Cup 2007
John Hayes,Prop,74,Munster,Ireland,Rugby World Cup 2007
Marcus Horan,Prop,46,Munster,Ireland,Rugby World Cup 2007
Bryan Young,Prop,8,Ulster,Ireland,Rugby World Cup 2007
Donncha O'Callaghan,Lock,35,Munster,Ireland,Rugby World Cup 2007
Paul O'Connell,Lock,44,Munster,Ireland,Rugby World Cup 2007
Malcolm O'Kelly,Lock,86,Leinster,Ireland,Rugby World Cup 2007
Neil Best,Flanker,13,Ulster,Ireland,Rugby World Cup 2007
Simon Easterby,Flanker,57,Scarlets,Ireland,Rugby World Cup 2007
Stephen Ferris,Flanker,4,Ulster,Ireland,Rugby World Cup 2007
Alan Quinlan,Flanker,25,Munster,Ireland,Rugby World Cup 2007
David Wallace,Flanker,37,Munster,Ireland,Rugby World Cup 2007
Denis Leamy,Number 8,22,Munster,Ireland,Rugby World Cup 2007
Isaac Boss,Scrum-half,9,Ulster,Ireland,Rugby World Cup 2007
Eoin Reddan,Scrum-half,3,Wasps,Ireland,Rugby World Cup 2007
Peter Stringer,Scrum-half,76,Munster,Ireland,Rugby World Cup 2007
Ronan O'Gara,Fly-half,72,Munster,Ireland,Rugby World Cup 2007
Paddy Wallace,Fly-half,5,Ulster,Ireland,Rugby World Cup 2007
Gordon D'Arcy,Centre,31,Leinster,Ireland,Rugby World Cup 2007
Gavin Duffy,Centre,7,Connacht,Ireland,Rugby World Cup 2007
Brian O'Driscoll,Centre,75,Leinster,Ireland,Rugby World Cup 2007
Brian Carney,Wing,3,Munster,Ireland,Rugby World Cup 2007
Denis Hickie,Wing,58,Leinster,Ireland,Rugby World Cup 2007
Shane Horgan,Wing,55,Leinster,Ireland,Rugby World Cup 2007
Andrew Trimble,Wing,16,Ulster,Ireland,Rugby World Cup 2007
Girvan Dempsey,Fullback,74,Leinster,Ireland,Rugby World Cup 2007
Geordan Murphy,Fullback,49,Leicester,Ireland,Rugby World Cup 2007
Hugo Horn,Hooker,31,Border,Namibia,Rugby World Cup 2007
Johannes Meyer,Hooker,0,Wanderers,Namibia,Rugby World Cup 2007
Jané du Toit,Prop,20,Boland,Namibia,Rugby World Cup 2007
Kees Lensing,Prop,15,Sharks,Namibia,Rugby World Cup 2007
Johnny Redelinghuys,Prop,8,Kimberley Tech,Namibia,Rugby World Cup 2007
Marius Visser,Prop,17,Border,Namibia,Rugby World Cup 2007
Nico Esterhuyse,Lock,26,Maties RC,Namibia,Rugby World Cup 2007
Domingo Kamonga,Lock,0,United Rugby Club,Namibia,Rugby World Cup 2007
Uakazuwaka Kazombiaze,Lock,0,Western Suburbs,Namibia,Rugby World Cup 2007
Heino Senekal,Lock,24,Cornish Pirates,Namibia,Rugby World Cup 2007
Herman Lintvelt,Flanker,30,United Rugby Club,Namibia,Rugby World Cup 2007
Michael MacKenzie,Flanker,5,United Rugby Club,Namibia,Rugby World Cup 2007
Jacques Nieuwenhuis,Flanker,20,Valke,Namibia,Rugby World Cup 2007
Jacques Burger,Number 8,12,Stade Aurillacois Cantal Auvergne,Namibia,Rugby World Cup 2007
Tinus du Plessis,Number 8,26,Maties RC,Namibia,Rugby World Cup 2007
Eugene Jantjies,Scrum-half,28,Western Suburbs,Namibia,Rugby World Cup 2007
Jurie van Tonder,Scrum-half,0,United Rugby Club,Namibia,Rugby World Cup 2007
Morné Schreuder,Fly-half,0,Wanderers,Namibia,Rugby World Cup 2007
Emile Wessels,Fly-half,0,Tuggeranong Vikings,Namibia,Rugby World Cup 2007
Lu-Wayne Botes,Centre,7,JHB University,Namibia,Rugby World Cup 2007
Du Preez Grobler,Centre,23,United Rugby Club,Namibia,Rugby World Cup 2007
Bratley Langenhoven,Centre,1,Pukke,Namibia,Rugby World Cup 2007
Corne Powell,Centre,25,Windhoek United,Namibia,Rugby World Cup 2007
Piet van Zyl,Centre,0,Boland,Namibia,Rugby World Cup 2007
Melrick Africa,Wing,19,Reho Falcons,Namibia,Rugby World Cup 2007
John Drotsky,Wing,0,Reho Falcons,Namibia,Rugby World Cup 2007
Deon Mouton,Wing,23,Reho Falcons,Namibia,Rugby World Cup 2007
Ryan Witbooi,Wing,10,Western Suburbs,Namibia,Rugby World Cup 2007
Heini Bock,Fullback,11,Reho Falcons,Namibia,Rugby World Cup 2007
Tertius Losper,Fullback,5,Western Suburbs,Namibia,Rugby World Cup 2007
Ryan Hamilton,Hooker,4,BC Bears,Canada,Rugby World Cup 2011
Pat Riordan,Hooker,39,BC Bears,Canada,Rugby World Cup 2011
Hubert Buydens,Prop,6,Prairie Wolf Pack,Canada,Rugby World Cup 2011
Scott Franklin,Prop,8,Prairie Wolf Pack,Canada,Rugby World Cup 2011
Jason Marshall,Prop,8,Aurillac,Canada,Rugby World Cup 2011
Andrew Tiedemann,Prop,10,Prairie Wolf Pack,Canada,Rugby World Cup 2011
Frank Walsh,Prop,4,The Rock,Canada,Rugby World Cup 2011
Jamie Cudmore,Lock,23,Clermont Auvergne,Canada,Rugby World Cup 2011
Brian Erichsen,Lock,5,BC Bears,Canada,Rugby World Cup 2011
Tyler Hotson,Lock,20,Plymouth Albion,Canada,Rugby World Cup 2011
Nanyak Dala,Flanker,11,Prairie Wolf Pack,Canada,Rugby World Cup 2011
Adam Kleeberger,Flanker,31,London Scottish,Canada,Rugby World Cup 2011
Chauncey O'Toole,Flanker,13,Ospreys,Canada,Rugby World Cup 2011
Jebb Sinclair,Flanker,17,London Irish,Canada,Rugby World Cup 2011
Aaron Carpenter,Number 8,38,Plymouth Albion,Canada,Rugby World Cup 2011
Jeremy Kyne,Number 8,1,Prairie Wolf Pack,Canada,Rugby World Cup 2011
Ed Fairhurst,Scrum-half,51,BC Bears,Canada,Rugby World Cup 2011
Jamie Mackenzie,Scrum-half,3,Esher,Canada,Rugby World Cup 2011
Sean White,Scrum-half,10,BC Bears,Canada,Rugby World Cup 2011
Nathan Hirayama,Fly-half,7,BC Bears,Canada,Rugby World Cup 2011
Ander Monro,Fly-half,26,Ontario Blues,Canada,Rugby World Cup 2011
Mike Scholz,Centre,4,Ontario Blues,Canada,Rugby World Cup 2011
Ryan Smith,Centre,47,Prairie Wolf Pack,Canada,Rugby World Cup 2011
Conor Trainor,Centre,1,BC Bears,Canada,Rugby World Cup 2011
D. T. H. van der Merwe,Centre,17,Glasgow Warriors,Canada,Rugby World Cup 2011
Ciaran Hearn,Wing,17,The Rock,Canada,Rugby World Cup 2011
Phil Mackenzie,Wing,9,Esher,Canada,Rugby World Cup 2011
Taylor Paris,Wing,3,Ontario Blues,Canada,Rugby World Cup 2011
Matt Evans,Fullback,12,Cornish Pirates,Canada,Rugby World Cup 2011
James Pritchard,Fullback,39,Bedford Blues,Canada,Rugby World Cup 2011
Guilhem Guirado,Hooker,14,Perpignan,France,Rugby World Cup 2011
William Servat,Hooker,37,Toulouse,France,Rugby World Cup 2011
Dimitri Szarzewski,Hooker,50,Stade Français,France,Rugby World Cup 2011
Fabien Barcella,Prop,13,Biarritz,France,Rugby World Cup 2011
Luc Ducalcon,Prop,7,Castres,France,Rugby World Cup 2011
Nicolas Mas,Prop,45,Perpignan,France,Rugby World Cup 2011
Jean-Baptiste Poux,Prop,30,Toulouse,France,Rugby World Cup 2011
Romain Millo-Chluski,Lock,17,Toulouse,France,Rugby World Cup 2011
Lionel Nallet,Lock,64,Racing Métro,France,Rugby World Cup 2011
Pascal Papé,Lock,28,Stade Français,France,Rugby World Cup 2011
Julien Pierre,Lock,19,Clermont,France,Rugby World Cup 2011
Julien Bonnaire,Flanker,63,Clermont,France,Rugby World Cup 2011
Thierry Dusautoir,Flanker,43,Toulouse,France,Rugby World Cup 2011
Imanol Harinordoquy,Flanker,70,Biarritz,France,Rugby World Cup 2011
Fulgence Ouedraogo,Flanker,23,Montpellier,France,Rugby World Cup 2011
Raphaël Lakafia,Number 8,1,Biarritz,France,Rugby World Cup 2011
Louis Picamoles,Number 8,18,Toulouse,France,Rugby World Cup 2011
Morgan Parra,Scrum-half,29,Clermont,France,Rugby World Cup 2011
Dimitri Yachvili,Scrum-half,52,Biarritz,France,Rugby World Cup 2011
Jean-Marc Doussain,Fly-half,0,Toulouse,France,Rugby World Cup 2011
François Trinh-Duc,Fly-half,29,Montpellier,France,Rugby World Cup 2011
David Skrela,Fly-half,22,Clermont,France,Rugby World Cup 2011
Fabrice Estebanez,Centre,5,Racing Métro,France,Rugby World Cup 2011
David Marty,Centre,34,Perpignan,France,Rugby World Cup 2011
Maxime Mermoz,Centre,9,Perpignan,France,Rugby World Cup 2011
Aurélien Rougerie,Centre,64,Clermont,France,Rugby World Cup 2011
Vincent Clerc,Wing,50,Toulouse,France,Rugby World Cup 2011
Maxime Médard,Wing,21,Toulouse,France,Rugby World Cup 2011
Alexis Palisson,Wing,16,Toulon,France,Rugby World Cup 2011
Cédric Heymans,Fullback,55,Bayonne,France,Rugby World Cup 2011
Damien Traille,Fullback,83,Biarritz,France,Rugby World Cup 2011
Yusuke Aoki,Hooker,21,Suntory Sungoliath,Japan,Rugby World Cup 2011
Shota Horie,Hooker,14,Panasonic Wild Knights,Japan,Rugby World Cup 2011
Hiroki Yuhara,Hooker,8,Toshiba Brave Lupus,Japan,Rugby World Cup 2011
Nozomu Fujita,Prop,10,Honda Heat,Japan,Rugby World Cup 2011
Kensuke Hatakeyama,Prop,23,Suntory Sungoliath,Japan,Rugby World Cup 2011
Hisateru Hirashima,Prop,24,Kobelco Steelers,Japan,Rugby World Cup 2011
Naoki Kawamata,Prop,17,Panasonic Wild Knights,Japan,Rugby World Cup 2011
Toshizumi Kitagawa,Lock,37,Toyota Verblitz,Japan,Rugby World Cup 2011
Yuji Kitagawa,Lock,5,Panasonic Wild Knights,Japan,Rugby World Cup 2011
Hitoshi Ono,Lock,51,Toshiba Brave Lupus,Japan,Rugby World Cup 2011
Luke Thompson,Lock,34,Kintetsu Liners,Japan,Rugby World Cup 2011
Takashi Kikutani,Flanker,44,Toyota Verblitz,Japan,Rugby World Cup 2011
Michael Leitch,Flanker,19,Toshiba Brave Lupus,Japan,Rugby World Cup 2011
Sione Vatuvei,Flanker,5,Panasonic Wild Knights,Japan,Rugby World Cup 2011
Itaru Taniguchi,Number 8,7,Kobelco Steelers,Japan,Rugby World Cup 2011
Toetu'u Taufa,Number 8,21,Kintetsu Liners,Japan,Rugby World Cup 2011
Ippei Asada,Scrum-half,0,Toyota Verblitz,Japan,Rugby World Cup 2011
Atsushi Hiwasa,Scrum-half,6,Suntory Sungoliath,Japan,Rugby World Cup 2011
Fumiaki Tanaka,Scrum-half,28,Panasonic Wild Knights,Japan,Rugby World Cup 2011
James Arlidge,Fly-half,29,Nottingham,Japan,Rugby World Cup 2011
Murray Williams,Fly-half,3,Toyota Shokki,Japan,Rugby World Cup 2011
Ryan Nicholas,Centre,32,Suntory Sungoliath,Japan,Rugby World Cup 2011
Bryce Robins,Centre,24,Honda Heat,Japan,Rugby World Cup 2011
Koji Taira,Centre,30,Suntory Sungoliath,Japan,Rugby World Cup 2011
Alisi Tupuailei,Centre,16,Canon Eagles,Japan,Rugby World Cup 2011
Kosuke Endo,Wing,38,Toyota Verblitz,Japan,Rugby World Cup 2011
Hirotoki Onozawa,Wing,64,Suntory Sungoliath,Japan,Rugby World Cup 2011
Takehisa Usuzuki,Wing,6,Toshiba Brave Lupus,Japan,Rugby World Cup 2011
Taihei Ueda,Fullback,5,Honda Heat,Japan,Rugby World Cup 2011
Shaun Webb,Fullback,31,Coca-Cola West,Japan,Rugby World Cup 2011
Corey Flynn,Hooker,15,Crusaders,New Zealand,Rugby World Cup 2011
Andrew Hore,Hooker,60,Hurricanes,New Zealand,Rugby World Cup 2011
Keven Mealamu,Hooker,90,Blues,New Zealand,Rugby World Cup 2011
John Afoa,Prop,36,Blues,New Zealand,Rugby World Cup 2011
Ben Franks,Prop,14,Crusaders,New Zealand,Rugby World Cup 2011
Owen Franks,Prop,29,Crusaders,New Zealand,Rugby World Cup 2011
Tony Woodcock,Prop,81,Blues,New Zealand,Rugby World Cup 2011
Anthony Boric,Lock,23,Blues,New Zealand,Rugby World Cup 2011
Brad Thorn,Lock,57,Crusaders,New Zealand,Rugby World Cup 2011
Sam Whitelock,Lock,23,Crusaders,New Zealand,Rugby World Cup 2011
Ali Williams,Lock,71,Blues,New Zealand,Rugby World Cup 2011
Jerome Kaino,Flanker,46,Blues,New Zealand,Rugby World Cup 2011
Richie McCaw,Flanker,101,Crusaders,New Zealand,Rugby World Cup 2011
Adam Thomson,Flanker,24,Highlanders,New Zealand,Rugby World Cup 2011
Kieran Read,Number 8,34,Crusaders,New Zealand,Rugby World Cup 2011
Victor Vito,Number 8,12,Hurricanes,New Zealand,Rugby World Cup 2011
Jimmy Cowan,Scrum-half,51,Highlanders,New Zealand,Rugby World Cup 2011
Andy Ellis,Scrum-half,24,Crusaders,New Zealand,Rugby World Cup 2011
Piri Weepu,Scrum-half,54,Hurricanes,New Zealand,Rugby World Cup 2011
Aaron Cruden,Fly-half,7,Hurricanes,New Zealand,Rugby World Cup 2011
Stephen Donald,Fly-half,22,Chiefs,New Zealand,Rugby World Cup 2011
Richard Kahui,Centre,15,Chiefs,New Zealand,Rugby World Cup 2011
Ma'a Nonu,Centre,64,Hurricanes,New Zealand,Rugby World Cup 2011
Conrad Smith,Centre,53,Hurricanes,New Zealand,Rugby World Cup 2011
Sonny Bill Williams,Centre,12,Crusaders,New Zealand,Rugby World Cup 2011
Hosea Gear,Wing,8,Hurricanes,New Zealand,Rugby World Cup 2011
Zac Guildford,Wing,8,Crusaders,New Zealand,Rugby World Cup 2011
Cory Jane,Wing,30,Hurricanes,New Zealand,Rugby World Cup 2011
Israel Dagg,Fullback,10,Crusaders,New Zealand,Rugby World Cup 2011
Isaia Toeava,Fullback,36,Blues,New Zealand,Rugby World Cup 2011
Mils Muliaina,Fullback,100,Blues,New Zealand,Rugby World Cup 2011
Aleki Lutui,Hooker,30,Worcester Warriors,Tonga,Rugby World Cup 2011
Ilaisa Maʻasi,Hooker,7,Counties Manukau,Tonga,Rugby World Cup 2011
Ephraim Taukafa,Hooker,30,Mont-de-Marsan,Tonga,Rugby World Cup 2011
Halani Aulika,Prop,2,Highlanders,Tonga,Rugby World Cup 2011
Taufaʻao Filise,Prop,15,Cardiff Blues,Tonga,Rugby World Cup 2011
Kisi Pulu,Prop,23,Perpignan,Tonga,Rugby World Cup 2011
Sona Taumalolo,Prop,4,Chiefs,Tonga,Rugby World Cup 2011
Soane Tongaʻuiha,Prop,8,Northampton Saints,Tonga,Rugby World Cup 2011
Paino Hehea,Lock,16,Calvisano,Tonga,Rugby World Cup 2011
Tukulua Lokotui,Lock,5,Kintetsu Liners,Tonga,Rugby World Cup 2011
Sione Timani,Lock,4,Scarlets,Tonga,Rugby World Cup 2011
Joe Tuineau,Lock,4,Montpellier,Tonga,Rugby World Cup 2011
Sione Kalamafoni,Flanker,14,Nottingham,Tonga,Rugby World Cup 2011
Finau Maka,Flanker,5,Pamiers,Tonga,Rugby World Cup 2011
Sione Vaiomoʻunga,Flanker,7,Toloa Old Boys,Tonga,Rugby World Cup 2011
Viliami Maʻafu,Number 8,5,Mitsubishi Sagamihara DynaBoars,Tonga,Rugby World Cup 2011
Samiu Vahafolau,Number 8,10,Béziers,Tonga,Rugby World Cup 2011
Samisoni Fisilau,Scrum-half,7,Counties Manukau,Tonga,Rugby World Cup 2011
Taniela Moa,Scrum-half,2,Pau,Tonga,Rugby World Cup 2011
Tomasi Palu,Scrum-half,3,Norths,Tonga,Rugby World Cup 2011
Kurt Morath,Fly-half,9,Souths,Tonga,Rugby World Cup 2011
Alipate Fatafehi,Centre,7,Lyon,Tonga,Rugby World Cup 2011
Suka Hufanga,Centre,22,Newcastle Falcons,Tonga,Rugby World Cup 2011
Andrew Maʻilei,Centre,18,Bordeaux,Tonga,Rugby World Cup 2011
Siale Piutau,Centre,2,Highlanders,Tonga,Rugby World Cup 2011
William Helu,Wing,7,Bristol,Tonga,Rugby World Cup 2011
Alaska Taufa,Wing,5,Akita,Tonga,Rugby World Cup 2011
Fetuʻu Vainikolo,Wing,2,Connacht,Tonga,Rugby World Cup 2011
Viliame Iongi,Fullback,6,Scarlets,Tonga,Rugby World Cup 2011
Vunga Lilo,Fullback,21,Bordeaux,Tonga,Rugby World Cup 2011
Agustín Creevy,Hooker,11,Montpellier,Argentina,Rugby World Cup 2011
Mario Ledesma,Hooker,78,Clermont,Argentina,Rugby World Cup 2011
Marcos Ayerza,Prop,32,Leicester Tigers,Argentina,Rugby World Cup 2011
Maximiliano Bustos,Prop,0,Montpellier,Argentina,Rugby World Cup 2011
Juan Figallo,Prop,4,Montpellier,Argentina,Rugby World Cup 2011
Rodrigo Roncero,Prop,44,Stade Français,Argentina,Rugby World Cup 2011
Martín Scelzo,Prop,54,Agen,Argentina,Rugby World Cup 2011
Patricio Albacete,Lock,41,Toulouse,Argentina,Rugby World Cup 2011
Manuel Carizza,Lock,19,Biarritz,Argentina,Rugby World Cup 2011
Mariano Galarza,Lock,6,Unattached,Argentina,Rugby World Cup 2011
Tomás Vallejos,Lock,0,Harlequins,Argentina,Rugby World Cup 2011
Alejandro Campos,Flanker,12,Agen,Argentina,Rugby World Cup 2011
Julio Farías Cabello,Flanker,3,Tucumán,Argentina,Rugby World Cup 2011
Genaro Fessia,Flanker,9,London Wasps,Argentina,Rugby World Cup 2011
Juan Manuel Leguizamón,Flanker,34,Lyon,Argentina,Rugby World Cup 2011
Juan Martín Fernández Lobbe,Number 8,40,Toulon,Argentina,Rugby World Cup 2011
Leonardo Senatore,Number 8,2,GER,Argentina,Rugby World Cup 2011
Alfredo Lalanne,Scrum-half,7,Unattached,Argentina,Rugby World Cup 2011
Nicolás Vergallo,Scrum-half,19,Toulouse,Argentina,Rugby World Cup 2011
Santiago Fernández,Fly-half,13,Montpellier,Argentina,Rugby World Cup 2011
Nicolás Sánchez,Fly-half,2,Bordeaux,Argentina,Rugby World Cup 2011
Marcelo Bosch,Centre,5,Biarritz,Argentina,Rugby World Cup 2011
Felipe Contepomi,Centre,71,Stade Français,Argentina,Rugby World Cup 2011
Agustin Gosio,Centre,0,Newman,Argentina,Rugby World Cup 2011
Horacio Agulla,Wing,29,Leicester Tigers,Argentina,Rugby World Cup 2011
Lucas Borges,Wing,33,Pucará,Argentina,Rugby World Cup 2011
Gonzalo Camacho,Wing,7,Exeter Chiefs,Argentina,Rugby World Cup 2011
Juan Imhoff,Wing,4,Duendes,Argentina,Rugby World Cup 2011
Lucas González Amorosino,Fullback,10,Montpellier,Argentina,Rugby World Cup 2011
Martín Rodríguez,Fullback,10,Stade Français,Argentina,Rugby World Cup 2011
Dylan Hartley,Hooker,29,Northampton Saints,England,Rugby World Cup 2011
Lee Mears,Hooker,37,Bath,England,Rugby World Cup 2011
Steve Thompson,Hooker,67,London Wasps,England,Rugby World Cup 2011
Dan Cole,Prop,17,Leicester Tigers,England,Rugby World Cup 2011
Alex Corbisiero,Prop,6,London Irish,England,Rugby World Cup 2011
Matt Stevens,Prop,34,Saracens,England,Rugby World Cup 2011
Dave Wilson,Prop,18,Bath,England,Rugby World Cup 2011
Louis Deacon,Lock,24,Leicester Tigers,England,Rugby World Cup 2011
Courtney Lawes,Lock,9,Northampton Saints,England,Rugby World Cup 2011
Tom Palmer,Lock,27,Stade Français,England,Rugby World Cup 2011
Simon Shaw,Lock,67,Toulon,England,Rugby World Cup 2011
Tom Croft,Flanker,25,Leicester Tigers,England,Rugby World Cup 2011
James Haskell,Flanker,36,Ricoh Black Rams,England,Rugby World Cup 2011
Lewis Moody,Flanker,67,Bath,England,Rugby World Cup 2011
Tom Wood,Flanker,7,Northampton Saints,England,Rugby World Cup 2011
Nick Easter,Number 8,44,Harlequins,England,Rugby World Cup 2011
Thomas Waldrom,Number 8,0,Leicester Tigers,England,Rugby World Cup 2011
Joe Simpson,Scrum-half,0,London Wasps,England,Rugby World Cup 2011
Richard Wigglesworth,Scrum-half,7,Saracens,England,Rugby World Cup 2011
Ben Youngs,Scrum-half,12,Leicester Tigers,England,Rugby World Cup 2011
Toby Flood,Fly-half,41,Leicester Tigers,England,Rugby World Cup 2011
Jonny Wilkinson,Fly-half,86,Toulon,England,Rugby World Cup 2011
Shontayne Hape,Centre,12,London Irish,England,Rugby World Cup 2011
Mike Tindall,Centre,71,Gloucester,England,Rugby World Cup 2011
Manu Tuilagi,Centre,1,Leicester Tigers,England,Rugby World Cup 2011
Delon Armitage,Wing,21,London Irish,England,Rugby World Cup 2011
Chris Ashton,Wing,12,Northampton Saints,England,Rugby World Cup 2011
Matt Banahan,Wing,13,Bath,England,Rugby World Cup 2011
Mark Cueto,Wing,52,Sale Sharks,England,Rugby World Cup 2011
Ben Foden,Fullback,16,Northampton Saints,England,Rugby World Cup 2011
Jaba Bregvadze,Hooker,13,Army,Georgia,Rugby World Cup 2011
Akvsenti Giorgadze,Hooker,62,Castres,Georgia,Rugby World Cup 2011
Vasil Kakovin,Prop,15,Brive,Georgia,Rugby World Cup 2011
Davit Khinchagishvili,Prop,35,Brive,Georgia,Rugby World Cup 2011
Davit Kubriashvili,Prop,17,Toulon,Georgia,Rugby World Cup 2011
Goderdzi Shvelidze,Prop,61,Montpellier,Georgia,Rugby World Cup 2011
Davit Zirakashvili,Prop,28,Clermont,Georgia,Rugby World Cup 2011
Levan Datunashvili,Lock,42,Aurillac,Georgia,Rugby World Cup 2011
Vakhtang Maisuradze,Lock,8,Saint Nazaire,Georgia,Rugby World Cup 2011
Giorgi Nemsadze,Lock,22,Montauban,Georgia,Rugby World Cup 2011
Ilia Zedginidze,Lock,63,Carqueiranne,Georgia,Rugby World Cup 2011
Givi Berishvili,Flanker,3,RC Locomotive Tbilisi,Georgia,Rugby World Cup 2011
Giorgi Chkhaidze,Flanker,48,Montpellier,Georgia,Rugby World Cup 2011
Viktor Kolelishvili,Flanker,10,Clermont Espoirs,Georgia,Rugby World Cup 2011
Shalva Sutiashvili,Flanker,20,Massy,Georgia,Rugby World Cup 2011
Dimitri Basilaia,Number 8,16,Aubenas,Georgia,Rugby World Cup 2011
Mamuka Gorgodze,Number 8,37,Montpellier,Georgia,Rugby World Cup 2011
Irakli Abuseridze,Scrum-half,72,Auxerre,Georgia,Rugby World Cup 2011
Bidzina Samkharadze,Scrum-half,56,Army,Georgia,Rugby World Cup 2011
Lasha Khmaladze,Fly-half,9,Lelo,Georgia,Rugby World Cup 2011
Merab Kvirikashvili,Fly-half,52,Figeac,Georgia,Rugby World Cup 2011
Lasha Malaghuradze,Fly-half,31,Béziers,Georgia,Rugby World Cup 2011
Davit Kacharava,Centre,43,Nice,Georgia,Rugby World Cup 2011
Alexander Todua,Centre,24,Lelo,Georgia,Rugby World Cup 2011
Tedo Zibzibadze,Centre,56,Périgueux,Georgia,Rugby World Cup 2011
Irakli Chkhikvadze,Wing,25,AIA,Georgia,Rugby World Cup 2011
Lexo Gugava,Wing,22,Lelo,Georgia,Rugby World Cup 2011
Irakli Machkhaneli,Wing,48,Mâcon,Georgia,Rugby World Cup 2011
Revaz Gigauri,Fullback,31,Figeac,Georgia,Rugby World Cup 2011
Malkhaz Urjukashvili,Fullback,67,Gourdon,Georgia,Rugby World Cup 2011
Marius Țincu,Hooker,42,Perpignan,Romania,Rugby World Cup 2011
Bogdan Zebega,Hooker,30,Steaua,Romania,Rugby World Cup 2011
Nicolae Dragoș Dima,Prop,35,Blagnac,Romania,Rugby World Cup 2011
Silviu Florea,Prop,25,Bordeaux,Romania,Rugby World Cup 2011
Paulică Ion,Prop,40,London Irish,Romania,Rugby World Cup 2011
Mihaita Lazăr,Prop,12,Aix-en-Provence,Romania,Rugby World Cup 2011
Nicolae Nere,Prop,17,Steaua,Romania,Rugby World Cup 2011
Cristian Petre,Lock,77,Saint-Étienne,Romania,Rugby World Cup 2011
Valentin Popârlan,Lock,4,CSM București,Romania,Rugby World Cup 2011
Cosmin Rațiu,Lock,28,Dinamo,Romania,Rugby World Cup 2011
Valentin Ursache,Lock,33,Aix-en-Provence,Romania,Rugby World Cup 2011
Stelian Burcea,Flanker,27,Timişoara,Romania,Rugby World Cup 2011
Daniel Ianuș,Flanker,8,Steaua,Romania,Rugby World Cup 2011
Mihai Macovei,Flanker,20,Baia Mare,Romania,Rugby World Cup 2011
Daniel Carpo,Number 8,27,Farul Constanța,Romania,Rugby World Cup 2011
Ovidiu Tonița,Number 8,55,Perpignan,Romania,Rugby World Cup 2011
Valentin Calafeteanu,Scrum-half,35,Timişoara,Romania,Rugby World Cup 2011
Lucian Sîrbu,Scrum-half,67,Millau,Romania,Rugby World Cup 2011
Florin Surugiu,Scrum-half,9,CSM București,Romania,Rugby World Cup 2011
Ionuț Dimofte,Fly-half,52,Baia Mare,Romania,Rugby World Cup 2011
Dănuț Dumbravă,Fly-half,55,Steaua,Romania,Rugby World Cup 2011
Ionel Cazan,Centre,6,Steaua,Romania,Rugby World Cup 2011
Csaba Gál,Centre,34,Baia Mare,Romania,Rugby World Cup 2011
Constantin Gheară,Centre,6,Farul Constanța,Romania,Rugby World Cup 2011
Adrian Apostol,Wing,1,Farul Constanța,Romania,Rugby World Cup 2011
Ștefan Ciuntu,Wing,24,Baia Mare,Romania,Rugby World Cup 2011
Mădălin Lemnaru,Wing,7,Timişoara,Romania,Rugby World Cup 2011
Cătălin Nicolae,Wing,17,Farul Constanța,Romania,Rugby World Cup 2011
Iulian Dumitraș,Fullback,30,Lourdes,Romania,Rugby World Cup 2011
Florin Vlaicu,Fullback,40,Steaua,Romania,Rugby World Cup 2011
Ross Ford,Hooker,49,Edinburgh,Scotland,Rugby World Cup 2011
Dougie Hall,Hooker,36,Glasgow Warriors,Scotland,Rugby World Cup 2011
Scott Lawson,Hooker,28,Gloucester,Scotland,Rugby World Cup 2011
Geoff Cross,Prop,6,Edinburgh,Scotland,Rugby World Cup 2011
Alasdair Dickinson,Prop,21,Sale Sharks,Scotland,Rugby World Cup 2011
Allan Jacobsen,Prop,56,Edinburgh,Scotland,Rugby World Cup 2011
Moray Low,Prop,15,Glasgow Warriors,Scotland,Rugby World Cup 2011
Euan Murray,Prop,39,Newcastle Falcons,Scotland,Rugby World Cup 2011
Richie Gray,Lock,12,Glasgow Warriors,Scotland,Rugby World Cup 2011
Jim Hamilton,Lock,32,Gloucester,Scotland,Rugby World Cup 2011
Nathan Hines,Lock,73,Clermont,Scotland,Rugby World Cup 2011
Alastair Kellock,Lock,34,Glasgow Warriors,Scotland,Rugby World Cup 2011
John Barclay,Flanker,29,Glasgow Warriors,Scotland,Rugby World Cup 2011
Kelly Brown,Flanker,46,Saracens,Scotland,Rugby World Cup 2011
Ross Rennie,Flanker,8,Edinburgh,Scotland,Rugby World Cup 2011
Alasdair Strokosch,Flanker,20,Gloucester,Scotland,Rugby World Cup 2011
Richie Vernon,Number 8,12,Sale Sharks,Scotland,Rugby World Cup 2011
Mike Blair,Scrum-half,72,Edinburgh,Scotland,Rugby World Cup 2011
Chris Cusiter,Scrum-half,53,Glasgow Warriors,Scotland,Rugby World Cup 2011
Rory Lawson,Scrum-half,28,Gloucester,Scotland,Rugby World Cup 2011
Ruaridh Jackson,Fly-half,8,Glasgow Warriors,Scotland,Rugby World Cup 2011
Dan Parks,Fly-half,62,Cardiff Blues,Scotland,Rugby World Cup 2011
Joe Ansbro,Centre,7,London Irish,Scotland,Rugby World Cup 2011
Nick De Luca,Centre,26,Edinburgh,Scotland,Rugby World Cup 2011
Graeme Morrison,Centre,30,Glasgow Warriors,Scotland,Rugby World Cup 2011
Simon Danielli,Wing,30,Ulster,Scotland,Rugby World Cup 2011
Max Evans,Wing,20,Castres,Scotland,Rugby World Cup 2011
Sean Lamont,Wing,56,Scarlets,Scotland,Rugby World Cup 2011
Rory Lamont,Fullback,25,Toulon,Scotland,Rugby World Cup 2011
Chris Paterson,Fullback,105,Edinburgh,Scotland,Rugby World Cup 2011
Saia Fainga'a,Hooker,13,Reds,Australia,Rugby World Cup 2011
Stephen Moore,Hooker,59,Brumbies,Australia,Rugby World Cup 2011
Tatafu Polota-Nau,Hooker,25,Waratahs,Australia,Rugby World Cup 2011
Ben Alexander,Prop,28,Brumbies,Australia,Rugby World Cup 2011
Sekope Kepu,Prop,7,Waratahs,Australia,Rugby World Cup 2011
Salesi Ma'afu,Prop,10,Western Force,Australia,Rugby World Cup 2011
James Slipper,Prop,14,Reds,Australia,Rugby World Cup 2011
James Horwill,Lock,27,Reds,Australia,Rugby World Cup 2011
Nathan Sharpe,Lock,95,Western Force,Australia,Rugby World Cup 2011
Rob Simmons,Lock,8,Reds,Australia,Rugby World Cup 2011
Dan Vickerman,Lock,56,Waratahs,Australia,Rugby World Cup 2011
Rocky Elsom,Flanker,68,Brumbies,Australia,Rugby World Cup 2011
Scott Higginbotham,Flanker,5,Reds,Australia,Rugby World Cup 2011
Matt Hodgson,Flanker,6,Western Force,Australia,Rugby World Cup 2011
David Pocock,Flanker,33,Western Force,Australia,Rugby World Cup 2011
Ben McCalman,Number 8,12,Western Force,Australia,Rugby World Cup 2011
Radike Samo,Number 8,7,Reds,Australia,Rugby World Cup 2011
Luke Burgess,Scrum-half,32,Toulouse,Australia,Rugby World Cup 2011
Will Genia,Scrum-half,26,Reds,Australia,Rugby World Cup 2011
Nick Phipps,Scrum-half,2,Melbourne Rebels,Australia,Rugby World Cup 2011
Berrick Barnes,Fly-half,31,Waratahs,Australia,Rugby World Cup 2011
Quade Cooper,Fly-half,27,Reds,Australia,Rugby World Cup 2011
Adam Ashley-Cooper,Centre,55,Waratahs,Australia,Rugby World Cup 2011
Anthony Fainga'a,Centre,6,Reds,Australia,Rugby World Cup 2011
Rob Horne,Centre,6,Waratahs,Australia,Rugby World Cup 2011
Pat McCabe,Centre,5,Brumbies,Australia,Rugby World Cup 2011
Digby Ioane,Wing,15,Reds,Australia,Rugby World Cup 2011
James O'Connor,Wing,30,Melbourne Rebels,Australia,Rugby World Cup 2011
Lachlan Turner,Wing,14,Waratahs,Australia,Rugby World Cup 2011
Kurtley Beale,Fullback,18,Melbourne Rebels,Australia,Rugby World Cup 2011
Rory Best,Hooker,49,Ulster,Ireland,Rugby World Cup 2011
Seán Cronin,Hooker,13,Connacht,Ireland,Rugby World Cup 2011
Damien Varley,Hooker,2,Munster,Ireland,Rugby World Cup 2011
Tony Buckley,Prop,23,Sale Sharks,Ireland,Rugby World Cup 2011
Tom Court,Prop,20,Ulster,Ireland,Rugby World Cup 2011
Cian Healy,Prop,20,Leinster,Ireland,Rugby World Cup 2011
Mike Ross,Prop,9,Leinster,Ireland,Rugby World Cup 2011
Leo Cullen,Lock,31,Leinster,Ireland,Rugby World Cup 2011
Donncha O'Callaghan,Lock,74,Munster,Ireland,Rugby World Cup 2011
Paul O'Connell,Lock,77,Munster,Ireland,Rugby World Cup 2011
Donnacha Ryan,Lock,9,Munster,Ireland,Rugby World Cup 2011
Stephen Ferris,Flanker,25,Ulster,Ireland,Rugby World Cup 2011
Shane Jennings,Flanker,10,Leinster,Ireland,Rugby World Cup 2011
Seán O'Brien,Flanker,11,Leinster,Ireland,Rugby World Cup 2011
Jamie Heaslip,Number 8,37,Leinster,Ireland,Rugby World Cup 2011
Denis Leamy,Number 8,52,Munster,Ireland,Rugby World Cup 2011
Isaac Boss,Scrum-half,14,Leinster,Ireland,Rugby World Cup 2011
Conor Murray,Scrum-half,2,Munster,Ireland,Rugby World Cup 2011
Eoin Reddan,Scrum-half,31,Leinster,Ireland,Rugby World Cup 2011
Ronan O'Gara,Fly-half,110,Munster,Ireland,Rugby World Cup 2011
Johnny Sexton,Fly-half,18,Leinster,Ireland,Rugby World Cup 2011
Gordon D'Arcy,Centre,58,Leinster,Ireland,Rugby World Cup 2011
Fergus McFadden,Centre,4,Leinster,Ireland,Rugby World Cup 2011
Brian O'Driscoll,Centre,113,Leinster,Ireland,Rugby World Cup 2011
Paddy Wallace,Centre,28,Ulster,Ireland,Rugby World Cup 2011
Tommy Bowe,Wing,39,Ospreys,Ireland,Rugby World Cup 2011
Keith Earls,Wing,20,Munster,Ireland,Rugby World Cup 2011
Andrew Trimble,Wing,35,Ulster,Ireland,Rugby World Cup 2011
Rob Kearney,Fullback,29,Leinster,Ireland,Rugby World Cup 2011
Geordan Murphy,Fullback,69,Leicester Tigers,Ireland,Rugby World Cup 2011
Leonardo Ghiraldini,Hooker,38,Benetton Treviso,Italy,Rugby World Cup 2011
Fabio Ongaro,Hooker,77,Aironi,Italy,Rugby World Cup 2011
Franco Sbaraglini,Hooker,5,Benetton Treviso,Italy,Rugby World Cup 2011
Martin Castrogiovanni,Prop,78,Leicester Tigers,Italy,Rugby World Cup 2011
Lorenzo Cittadini,Prop,6,Benetton Treviso,Italy,Rugby World Cup 2011
Andrea Lo Cicero,Prop,88,Racing Métro,Italy,Rugby World Cup 2011
Salvatore Perugini,Prop,80,Aironi,Italy,Rugby World Cup 2011
Marco Bortolami,Lock,85,Aironi,Italy,Rugby World Cup 2011
Carlo Del Fava,Lock,53,Aironi,Italy,Rugby World Cup 2011
Quintin Geldenhuys,Lock,22,Aironi,Italy,Rugby World Cup 2011
Corniel van Zyl,Lock,2,Benetton Treviso,Italy,Rugby World Cup 2011
Robert Barbieri,Flanker,15,Benetton Treviso,Italy,Rugby World Cup 2011
Mauro Bergamasco,Flanker,85,Stade Français,Italy,Rugby World Cup 2011
Paul Derbyshire,Flanker,12,Benetton Treviso,Italy,Rugby World Cup 2011
Alessandro Zanni,Flanker,54,Benetton Treviso,Italy,Rugby World Cup 2011
Sergio Parisse,Number 8,79,Stade Français,Italy,Rugby World Cup 2011
Pablo Canavosio,Scrum-half,37,Calvisano,Italy,Rugby World Cup 2011
Edoardo Gori,Scrum-half,5,Benetton Treviso,Italy,Rugby World Cup 2011
Fabio Semenzato,Scrum-half,5,Benetton Treviso,Italy,Rugby World Cup 2011
Riccardo Bocchino,Fly-half,8,Cavalieri Prato,Italy,Rugby World Cup 2011
Luciano Orquera,Fly-half,24,Aironi,Italy,Rugby World Cup 2011
Gonzalo Canale,Centre,68,Clermont,Italy,Rugby World Cup 2011
Gonzalo García,Centre,22,Benetton Treviso,Italy,Rugby World Cup 2011
Matteo Pratichetti,Centre,23,Aironi,Italy,Rugby World Cup 2011
Alberto Sgarbi,Centre,13,Benetton Treviso,Italy,Rugby World Cup 2011
Tommaso Benvenuti,Wing,8,Benetton Treviso,Italy,Rugby World Cup 2011
Mirco Bergamasco,Wing,82,Racing Métro,Italy,Rugby World Cup 2011
Giulio Toniolatti,Wing,6,Aironi,Italy,Rugby World Cup 2011
Andrea Masi,Fullback,61,Aironi,Italy,Rugby World Cup 2011
Luke McLean,Fullback,28,Benetton Treviso,Italy,Rugby World Cup 2011
Vladislav Korshunov,Hooker,54,London Wasps,Russia,Rugby World Cup 2011
Evgeny Matveev,Hooker,29,VVA Podmoskovye,Russia,Rugby World Cup 2011
Valery Tsnobiladze,Hooker,4,Novokuznetsk,Russia,Rugby World Cup 2011
Alexander Khrokin,Prop,67,VVA Podmoskovye,Russia,Rugby World Cup 2011
Sergey Popov,Prop,14,Slava Moscow,Russia,Rugby World Cup 2011
Ivan Prishchepenko,Prop,33,Krasny Yar,Russia,Rugby World Cup 2011
Alexei Travkin,Prop,46,VVA Podmoskovye,Russia,Rugby World Cup 2011
Denis Antonov,Lock,2,Slava Moscow,Russia,Rugby World Cup 2011
Adam Byrnes,Lock,0,Melbourne Rebels,Russia,Rugby World Cup 2011
Andrei Ostrikov,Lock,15,Sale Sharks,Russia,Rugby World Cup 2011
Alexander Voytov,Lock,44,VVA Podmoskovye,Russia,Rugby World Cup 2011
Artem Fatakhov,Flanker,37,VVA Podmoskovye,Russia,Rugby World Cup 2011
Andrey Garbuzov,Flanker,31,Krasny Yar,Russia,Rugby World Cup 2011
Mikhail Sidorov,Flanker,1,Slava Moscow,Russia,Rugby World Cup 2011
Viacheslav Grachev,Number 8,36,Bizanos,Russia,Rugby World Cup 2011
Victor Gresev,Number 8,32,London Wasps,Russia,Rugby World Cup 2011
Andrei Bykanov,Scrum-half,7,Slava Moscow,Russia,Rugby World Cup 2011
Alexander Shakirov,Scrum-half,46,VVA Podmoskovye,Russia,Rugby World Cup 2011
Alexander Yanyushkin,Scrum-half,42,VVA Podmoskovye,Russia,Rugby World Cup 2011
Yuri Kushnarev,Fly-half,43,VVA Podmoskovye,Russia,Rugby World Cup 2011
Konstantin Rachkov,Fly-half,26,Stade Phocéen,Russia,Rugby World Cup 2011
Mikhail Babaev,Centre,33,VVA Podmoskovye,Russia,Rugby World Cup 2011
Alexey Makovetskiy,Centre,11,Krasny Yar,Russia,Rugby World Cup 2011
Sergey Trishin,Centre,34,VVA Podmoskovye,Russia,Rugby World Cup 2011
Vasily Artemiev,Wing,25,Northampton Saints,Russia,Rugby World Cup 2011
Andrey Kuzin,Wing,59,VVA Podmoskovye,Russia,Rugby World Cup 2011
Vladimir Ostroushko,Wing,16,Enisey-STM,Russia,Rugby World Cup 2011
Denis Simplikevich,Wing,0,Enisey-STM,Russia,Rugby World Cup 2011
Igor Klyuchnikov,Fullback,49,VVA Podmoskovye,Russia,Rugby World Cup 2011
Chris Biller,Hooker,13,Bath,United States,Rugby World Cup 2011
Brian McClenahan,Hooker,2,Olympic Club,United States,Rugby World Cup 2011
Phil Thiel,Hooker,9,Life University,United States,Rugby World Cup 2011
Eric Fry,Prop,5,Las Vegas,United States,Rugby World Cup 2011
Mike MacDonald,Prop,62,Leeds Carnegie,United States,Rugby World Cup 2011
Matekitonga Moeakiola,Prop,23,Bobigny,United States,Rugby World Cup 2011
Shawn Pittman,Prop,13,London Welsh,United States,Rugby World Cup 2011
Scott LaValla,Lock,6,Stade Français,United States,Rugby World Cup 2011
Hayden Smith,Lock,14,Saracens,United States,Rugby World Cup 2011
John van der Giessen,Lock,18,Unattached,United States,Rugby World Cup 2011
Inaki Basauri,Flanker,11,Périgueux,United States,Rugby World Cup 2011
Todd Clever,Flanker,37,Suntory Sungoliath,United States,Rugby World Cup 2011
Pat Danahy,Flanker,5,Life University,United States,Rugby World Cup 2011
Louis Stanfill,Flanker,26,Unattached,United States,Rugby World Cup 2011
JJ Gagiano,Number 8,13,Univ. of Cape Town,United States,Rugby World Cup 2011
Nic Johnson,Number 8,14,Unattached,United States,Rugby World Cup 2011
Mike Petri,Scrum-half,22,NYAC,United States,Rugby World Cup 2011
Tim Usasz,Scrum-half,15,Nottingham,United States,Rugby World Cup 2011
Nese Malifa,Fly-half,20,Glendale,United States,Rugby World Cup 2011
Roland Suniula,Fly-half,8,Boston,United States,Rugby World Cup 2011
Paul Emerick,Centre,44,London Wasps,United States,Rugby World Cup 2011
Tai Enosa,Centre,5,Belmont Shore,United States,Rugby World Cup 2011
Junior Sifa,Centre,7,Unattached,United States,Rugby World Cup 2011
Andrew Suniula,Centre,9,Cornish Pirates,United States,Rugby World Cup 2011
Colin Hawley,Wing,4,Olympic Club,United States,Rugby World Cup 2011
Takudzwa Ngwenya,Wing,19,Biarritz Olympique,United States,Rugby World Cup 2011
James Paterson,Wing,1,Highlanders,United States,Rugby World Cup 2011
Kevin Swiryn,Wing,12,Agen,United States,Rugby World Cup 2011
Blaine Scully,Fullback,4,Unattached,United States,Rugby World Cup 2011
Chris Wyles,Fullback,23,Saracens,United States,Rugby World Cup 2011
Sunia Koto,Hooker,29,Narbonne,Fiji,Rugby World Cup 2011
Talemaitoga Tuapati,Hooker,9,Woodlands,Fiji,Rugby World Cup 2011
Viliame Veikoso,Hooker,13,Nadi,Fiji,Rugby World Cup 2011
Waisea Daveta,Prop,2,Suva,Fiji,Rugby World Cup 2011
Campese Ma'afu,Prop,9,Eastern Suburbs,Fiji,Rugby World Cup 2011
Deacon Manu,Prop,9,Scarlets,Fiji,Rugby World Cup 2011
Setefano Somoca,Prop,2,Nadroga,Fiji,Rugby World Cup 2011
Sekonaia Kalou,Lock,10,Kaikorai,Fiji,Rugby World Cup 2011
Wame Lewaravu,Lock,13,Sale Sharks,Fiji,Rugby World Cup 2011
Leone Nakarawa,Lock,7,Suva,Fiji,Rugby World Cup 2011
Rupeni Nasiga,Lock,8,Nadroga,Fiji,Rugby World Cup 2011
Akapusi Qera,Flanker,21,Gloucester,Fiji,Rugby World Cup 2011
Malakai Ravulo,Flanker,6,North Harbour,Fiji,Rugby World Cup 2011
Netani Talei,Flanker,16,Edinburgh,Fiji,Rugby World Cup 2011
Dominiko Waqaniburotu,Flanker,8,Fraser Tech,Fiji,Rugby World Cup 2011
Sisa Koyamaibole,Number 8,44,Lyon,Fiji,Rugby World Cup 2011
Sakiusa Matadigo,Number 8,5,Montpellier,Fiji,Rugby World Cup 2011
Vitori Buatava,Scrum-half,9,Zhermack Badia,Fiji,Rugby World Cup 2011
Nemia Kenatale,Scrum-half,11,Tailevu,Fiji,Rugby World Cup 2011
Nicky Little,Fly-half,67,Esher,Fiji,Rugby World Cup 2011
Waisea Luveniyali,Fly-half,12,Unattached,Fiji,Rugby World Cup 2011
Seremaia Bai,Centre,39,Castres,Fiji,Rugby World Cup 2011
Ravai Fatiaki,Centre,5,Worcester Warriors,Fiji,Rugby World Cup 2011
Gabiriele Lovobalavu,Centre,12,Toulon,Fiji,Rugby World Cup 2011
Albert Vulivuli,Centre,7,Racing Métro,Fiji,Rugby World Cup 2011
Vereniki Goneva,Wing,17,Tarbes,Fiji,Rugby World Cup 2011
Napolioni Nalaga,Wing,5,Western Force,Fiji,Rugby World Cup 2011
Michael Tagicakibau,Wing,3,Saracens,Fiji,Rugby World Cup 2011
Iliesa Keresoni,Fullback,8,Périgueux,Fiji,Rugby World Cup 2011
Kini Murimurivalu,Fullback,2,Clermont,Fiji,Rugby World Cup 2011
Hugo Horn,Hooker,31,Unattached,Namibia,Rugby World Cup 2011
Bertus O'Callaghan,Hooker,7,Wanderers,Namibia,Rugby World Cup 2011
Jané du Toit,Prop,19,Hamilton,Namibia,Rugby World Cup 2011
Raoul Larson,Prop,0,Villagers,Namibia,Rugby World Cup 2011
Johnny Redelinghuys,Prop,25,Wanderers,Namibia,Rugby World Cup 2011
Marius Visser,Prop,15,Border Bulldogs,Namibia,Rugby World Cup 2011
Nico Esterhuyse,Lock,26,Keetmanshoop,Namibia,Rugby World Cup 2011
Henk Franken,Lock,0,Villagers,Namibia,Rugby World Cup 2011
Uakazuwaka Kazombiaze,Lock,22,Reho Falcons,Namibia,Rugby World Cup 2011
Heinz Koll,Lock,9,London Wasps,Namibia,Rugby World Cup 2011
Jacques Burger,Flanker,25,Saracens,Namibia,Rugby World Cup 2011
Tinus du Plessis,Flanker,26,London Wasps,Namibia,Rugby World Cup 2011
Rohan Kitshoff,Flanker,5,Western Province,Namibia,Rugby World Cup 2011
Renaud van Neel,Flanker,0,Namibia Uni,Namibia,Rugby World Cup 2011
Jacques Nieuwenhuis,Number 8,20,Stade Aurillac,Namibia,Rugby World Cup 2011
PJ van Lill,Number 8,15,Stade Aurillac,Namibia,Rugby World Cup 2011
Ryan de la Harpe,Scrum-half,3,Moseley,Namibia,Rugby World Cup 2011
Eugene Jantjies,Scrum-half,27,Farul Constanța,Namibia,Rugby World Cup 2011
Theuns Kotzé,Fly-half,1,Johannesburg Uni,Namibia,Rugby World Cup 2011
Tertius Losper,Fly-half,9,Western Suburbs,Namibia,Rugby World Cup 2011
Darryl de la Harpe,Centre,7,Western Suburbs,Namibia,Rugby World Cup 2011
David Philander,Centre,9,United,Namibia,Rugby World Cup 2011
Danie van Wyk,Centre,3,United,Namibia,Rugby World Cup 2011
Piet van Zyl,Centre,14,Bourgoin,Namibia,Rugby World Cup 2011
Heini Bock,Wing,23,Reho Falcons,Namibia,Rugby World Cup 2011
Conrad Marais,Wing,2,Montpellier,Namibia,Rugby World Cup 2011
McGrath van Wyk,Wing,9,Farul Constanța,Namibia,Rugby World Cup 2011
Llewellyn Winckler,Wing,6,Western Suburbs,Namibia,Rugby World Cup 2011
Chrysander Botha,Fullback,14,Kudus,Namibia,Rugby World Cup 2011
Danie Dames,Fullback,0,Leopards,Namibia,Rugby World Cup 2011
Ole Avei,Hooker,2,Bordeaux,Samoa,Rugby World Cup 2011
Ti’i Paulo,Hooker,6,Clermont,Samoa,Rugby World Cup 2011
Mahonri Schwalger,Hooker,36,Chiefs,Samoa,Rugby World Cup 2011
Census Johnston,Prop,30,Toulouse,Samoa,Rugby World Cup 2011
Logovi'i Mulipola,Prop,5,Leicester Tigers,Samoa,Rugby World Cup 2011
Anthony Perenise,Prop,10,Bath,Samoa,Rugby World Cup 2011
Sakaria Taulafo,Prop,10,London Wasps,Samoa,Rugby World Cup 2011
Daniel Leo,Lock,26,Bordeaux,Samoa,Rugby World Cup 2011
Filipo Levi,Lock,24,Nottingham,Samoa,Rugby World Cup 2011
Joe Tekori,Lock,17,Castres,Samoa,Rugby World Cup 2011
Kane Thompson,Lock,18,Chiefs,Samoa,Rugby World Cup 2011
Maurie Fa'asavalu,Flanker,10,Harlequins,Samoa,Rugby World Cup 2011
Manaia Salavea,Flanker,8,Narbonne,Samoa,Rugby World Cup 2011
Ofisa Treviranus,Flanker,16,London Irish,Samoa,Rugby World Cup 2011
Taiasina Tuifu'a,Flanker,3,Newcastle Falcons,Samoa,Rugby World Cup 2011
George Stowers,Number 8,19,Ospreys,Samoa,Rugby World Cup 2011
Kahn Fotuali'i,Scrum-half,5,Ospreys,Samoa,Rugby World Cup 2011
Junior Poluleuligaga,Scrum-half,18,Exeter Chiefs,Samoa,Rugby World Cup 2011
Jeremy Su'a,Scrum-half,0,West Harbour,Samoa,Rugby World Cup 2011
Tasesa Lavea,Fly-half,5,Sale Sharks,Samoa,Rugby World Cup 2011
Tusi Pisi,Fly-half,3,Hurricanes,Samoa,Rugby World Cup 2011
Eliota Fuimaono-Sapolu,Centre,19,Gloucester,Samoa,Rugby World Cup 2011
Johnny Leota,Centre,2,Sale Sharks,Samoa,Rugby World Cup 2011
Seilala Mapusua,Centre,19,Kubota Spears,Samoa,Rugby World Cup 2011
George Pisi,Centre,7,Northampton Saints,Samoa,Rugby World Cup 2011
David Lemi,Wing,29,Glasgow Warriors,Samoa,Rugby World Cup 2011
Sailosi Tagicakibau,Wing,18,London Irish,Samoa,Rugby World Cup 2011
Alesana Tuilagi,Wing,22,Leicester Tigers,Samoa,Rugby World Cup 2011
James So'oialo,Fullback,3,Northern United,Samoa,Rugby World Cup 2011
Paul Williams,Fullback,7,Stade Français,Samoa,Rugby World Cup 2011
Bismarck du Plessis,Hooker,38,Sharks,South Africa,Rugby World Cup 2011
Chiliboy Ralepelle,Hooker,20,Bulls,South Africa,Rugby World Cup 2011
John Smit,Hooker,106,Saracens,South Africa,Rugby World Cup 2011
Jannie du Plessis,Prop,26,Sharks,South Africa,Rugby World Cup 2011
Tendai Mtawarira,Prop,28,Sharks,South Africa,Rugby World Cup 2011
Gurthrö Steenkamp,Prop,33,Toulouse,South Africa,Rugby World Cup 2011
CJ van der Linde,Prop,72,Lions,South Africa,Rugby World Cup 2011
Bakkies Botha,Lock,74,Toulon,South Africa,Rugby World Cup 2011
Victor Matfield,Lock,107,Bulls,South Africa,Rugby World Cup 2011
Johann Muller,Lock,23,Ulster,South Africa,Rugby World Cup 2011
Danie Rossouw,Lock,58,Suntory Sungoliath,South Africa,Rugby World Cup 2011
Willem Alberts,Flanker,4,Sharks,South Africa,Rugby World Cup 2011
Heinrich Brüssow,Flanker,15,Cheetahs,South Africa,Rugby World Cup 2011
Schalk Burger,Flanker,63,Stormers,South Africa,Rugby World Cup 2011
Francois Louw,Flanker,7,Bath,South Africa,Rugby World Cup 2011
Pierre Spies,Number 8,42,Bulls,South Africa,Rugby World Cup 2011
Fourie du Preez,Scrum-half,57,Suntory Sungoliath,South Africa,Rugby World Cup 2011
Francois Hougaard,Scrum-half,10,Bulls,South Africa,Rugby World Cup 2011
Ruan Pienaar,Scrum-half,49,Ulster,South Africa,Rugby World Cup 2011
Butch James,Fly-half,41,Lions,South Africa,Rugby World Cup 2011
Morné Steyn,Fly-half,29,Bulls,South Africa,Rugby World Cup 2011
Juan de Jongh,Centre,8,Stormers,South Africa,Rugby World Cup 2011
Jean de Villiers,Centre,69,Stormers,South Africa,Rugby World Cup 2011
Jaque Fourie,Centre,64,Panasonic Wild Knights,South Africa,Rugby World Cup 2011
Gio Aplon,Wing,15,Stormers,South Africa,Rugby World Cup 2011
Bryan Habana,Wing,70,Stormers,South Africa,Rugby World Cup 2011
Odwa Ndungane,Wing,8,Sharks,South Africa,Rugby World Cup 2011
JP Pietersen,Wing,38,Sharks,South Africa,Rugby World Cup 2011
Patrick Lambie,Fullback,7,Sharks,South Africa,Rugby World Cup 2011
Zane Kirchner,Fullback,14,Bulls,South Africa,Rugby World Cup 2011
François Steyn,Fullback,43,Racing Metro 92,South Africa,Rugby World Cup 2011
Huw Bennett,Hooker,42,Ospreys,Wales,Rugby World Cup 2011
Lloyd Burns,Hooker,3,Newport Gwent Dragons,Wales,Rugby World Cup 2011
Ken Owens,Hooker,0,Scarlets,Wales,Rugby World Cup 2011
Ryan Bevington,Prop,4,Ospreys,Wales,Rugby World Cup 2011
Paul James,Prop,26,Ospreys,Wales,Rugby World Cup 2011
Gethin Jenkins,Prop,76,Cardiff Blues,Wales,Rugby World Cup 2011
Adam Jones,Prop,70,Ospreys,Wales,Rugby World Cup 2011
Craig Mitchell,Prop,10,Exeter Chiefs,Wales,Rugby World Cup 2011
Luke Charteris,Lock,25,Newport Gwent Dragons,Wales,Rugby World Cup 2011
Bradley Davies,Lock,24,Cardiff Blues,Wales,Rugby World Cup 2011
Alun Wyn Jones,Lock,52,Ospreys,Wales,Rugby World Cup 2011
Ryan Jones,Flanker,53,Ospreys,Wales,Rugby World Cup 2011
Dan Lydiate,Flanker,14,Newport Gwent Dragons,Wales,Rugby World Cup 2011
Sam Warburton,Flanker,17,Cardiff Blues,Wales,Rugby World Cup 2011
Taulupe Faletau,Number 8,3,Newport Gwent Dragons,Wales,Rugby World Cup 2011
Andy Powell,Number 8,18,Sale Sharks,Wales,Rugby World Cup 2011
Tavis Knoyle,Scrum-half,5,Scarlets,Wales,Rugby World Cup 2011
Mike Phillips,Scrum-half,54,Bayonne,Wales,Rugby World Cup 2011
Lloyd Williams,Scrum-half,1,Cardiff Blues,Wales,Rugby World Cup 2011
James Hook,Fly-half,54,Perpignan,Wales,Rugby World Cup 2011
Stephen Jones,Fly-half,101,Scarlets,Wales,Rugby World Cup 2011
Rhys Priestland,Fly-half,4,Scarlets,Wales,Rugby World Cup 2011
Jonathan Davies,Centre,14,Scarlets,Wales,Rugby World Cup 2011
Jamie Roberts,Centre,32,Cardiff Blues,Wales,Rugby World Cup 2011
Scott Williams,Centre,4,Scarlets,Wales,Rugby World Cup 2011
Aled Brew,Wing,7,Newport Gwent Dragons,Wales,Rugby World Cup 2011
George North,Wing,8,Scarlets,Wales,Rugby World Cup 2011
Shane Williams,Wing,81,Ospreys,Wales,Rugby World Cup 2011
Lee Byrne,Fullback,44,Clermont,Wales,Rugby World Cup 2011
Leigh Halfpenny,Fullback,20,Cardiff Blues,Wales,Rugby World Cup 2011
14,"Leinster,  VVA Podmoskovye",0,"Leinster,  VVA Podmoskovye",Player representation by club,Rugby World Cup 2011
13,"Clermont,  Toulouse",0,"Clermont,  Toulouse",Player representation by club,Rugby World Cup 2011
12,"Benetton Treviso,  Crusaders,  Montpellier",0,"Benetton Treviso,  Crusaders,  Montpellier",Player representation by club,Rugby World Cup 2011
11,"Leicester Tigers,  Ospreys",0,"Leicester Tigers,  Ospreys",Player representation by club,Rugby World Cup 2011
10,"Suntory Sungoliath,  Aironi,  Reds,  Sale Sharks,  Scarlets,  Stade Français",0,"Suntory Sungoliath,  Aironi,  Reds,  Sale Sharks,  Scarlets,  Stade Français",Player representation by club,Rugby World Cup 2011
600,600,0,,Player representation by league,Rugby World Cup 2011
126,126,96,96,Player representation by league,Rugby World Cup 2011
105,105,13,13,Player representation by league,Rugby World Cup 2011
81,81,55,55,Player representation by league,Rugby World Cup 2011
48,48,18,18,Player representation by league,Rugby World Cup 2011
36,36,7,7,Player representation by league,Rugby World Cup 2011
35,35,5,5,Player representation by league,Rugby World Cup 2011
35,35,8,8,Player representation by league,Rugby World Cup 2011
22,22,2,2,Player representation by league,Rugby World Cup 2011
22,22,0,—,Player representation by league,Rugby World Cup 2011
90,90,0,,Player representation by league,Rugby World Cup 2011
26,"Australia, United States, Wales",0,"Australia, United States, Wales",Player representation by league,Rugby World Cup 2011
27,"Canada, Fiji, Georgia, Namibia, Russia",0,"Canada, Fiji, Georgia, Namibia, Russia",Player representation by league,Rugby World Cup 2011
28,"Argentina, England, France, Italy, Japan, New Zealand, Romania, Samoa, Scotland, South Africa, Tonga",0,"Argentina, England, France, Italy, Japan, New Zealand, Romania, Samoa, Scotland, South Africa, Tonga",Player representation by league,Rugby World Cup 2011
29,Ireland,0,Ireland,Player representation by league,Rugby World Cup 2011
Victor Matfield,1,1224,Victor Matfield,Squad caps,Rugby World Cup 2011
Mils Muliaina,2,1139,"Mils Muliaina , Richie McCaw",Squad caps,Rugby World Cup 2011
Brian O'Driscoll,3,1068,Brian O'Driscoll,Squad caps,Rugby World Cup 2011
Chris Paterson,4,1038,Chris Paterson,Squad caps,Rugby World Cup 2011
Irakli Abuseridze,5,1036,Irakli Abuseridze,Squad caps,Rugby World Cup 2011
Damien Traille,6,1011,Damien Traille,Squad caps,Rugby World Cup 2011
Andrea Lo Cicero,7,1008,Andrea Lo Cicero,Squad caps,Rugby World Cup 2011
Jonny Wilkinson,8,896,Jonny Wilkinson,Squad caps,Rugby World Cup 2011
Stephen Jones,9,865,Stephen Jones,Squad caps,Rugby World Cup 2011
Cristian Petre,10,863,Cristian Petre,Squad caps,Rugby World Cup 2011
Alexander Khrokin,11,820,Alexander Khrokin,Squad caps,Rugby World Cup 2011
Nathan Sharpe,12,811,Nathan Sharpe,Squad caps,Rugby World Cup 2011
Hirotoki Onozawa,13,685,Hirotoki Onozawa,Squad caps,Rugby World Cup 2011
Mario Ledesma,14,582,Mario Ledesma,Squad caps,Rugby World Cup 2011
Ed Fairhurst,15,475,Ed Fairhurst,Squad caps,Rugby World Cup 2011
Mike MacDonald,16,444,Mike MacDonald,Squad caps,Rugby World Cup 2011
Nicky Little,17,408,Nicky Little,Squad caps,Rugby World Cup 2011
Mahonri Schwalger,18,397,Mahonri Schwalger,Squad caps,Rugby World Cup 2011
Hugo Horn,19,366,Hugo Horn,Squad caps,Rugby World Cup 2011
Aleki Lutui,20,300,"Aleki Lutui, Ephraim Taukafa",Squad caps,Rugby World Cup 2011
James Hanson,Hooker,10,Queensland Reds,Australia,Rugby World Cup 2015
Stephen Moore,Hooker,96,Brumbies,Australia,Rugby World Cup 2015
Tatafu Polota-Nau,Hooker,54,Waratahs,Australia,Rugby World Cup 2015
Greg Holmes,Prop,18,Queensland Reds,Australia,Rugby World Cup 2015
Sekope Kepu,Prop,56,Waratahs,Australia,Rugby World Cup 2015
Scott Sio,Prop,10,Brumbies,Australia,Rugby World Cup 2015
James Slipper,Prop,68,Queensland Reds,Australia,Rugby World Cup 2015
Toby Smith,Prop,1,Melbourne Rebels,Australia,Rugby World Cup 2015
Sam Carter,Lock,12,Brumbies,Australia,Rugby World Cup 2015
Kane Douglas,Lock,16,Queensland Reds,Australia,Rugby World Cup 2015
Dean Mumm,Lock,37,Waratahs,Australia,Rugby World Cup 2015
Rob Simmons,Lock,53,Queensland Reds,Australia,Rugby World Cup 2015
Will Skelton,Lock,12,Waratahs,Australia,Rugby World Cup 2015
Scott Fardy,Flanker,24,Brumbies,Australia,Rugby World Cup 2015
Michael Hooper,Flanker,46,Waratahs,Australia,Rugby World Cup 2015
Sean McMahon,Flanker,4,Melbourne Rebels,Australia,Rugby World Cup 2015
David Pocock,Flanker,50,Brumbies,Australia,Rugby World Cup 2015
Ben McCalman,Number 8,41,Western Force,Australia,Rugby World Cup 2015
Wycliff Palu,Number 8,56,Waratahs,Australia,Rugby World Cup 2015
Will Genia,Scrum-half,60,Queensland Reds,Australia,Rugby World Cup 2015
Nick Phipps,Scrum-half,32,Waratahs,Australia,Rugby World Cup 2015
Quade Cooper,Fly-half,57,Queensland Reds,Australia,Rugby World Cup 2015
Bernard Foley,Fly-half,21,Waratahs,Australia,Rugby World Cup 2015
Kurtley Beale,Centre,53,Waratahs,Australia,Rugby World Cup 2015
Matt Giteau,Centre,96,Toulon,Australia,Rugby World Cup 2015
Tevita Kuridrani,Centre,24,Brumbies,Australia,Rugby World Cup 2015
Matt To'omua,Centre,25,Brumbies,Australia,Rugby World Cup 2015
Adam Ashley-Cooper,Wing,108,Waratahs,Australia,Rugby World Cup 2015
Rob Horne,Wing,27,Waratahs,Australia,Rugby World Cup 2015
Drew Mitchell,Wing,65,Toulon,Australia,Rugby World Cup 2015
Henry Speight,Wing,4,Brumbies,Australia,Rugby World Cup 2015
Joe Tomane,Wing,16,Brumbies,Australia,Rugby World Cup 2015
Israel Folau,Fullback,33,Waratahs,Australia,Rugby World Cup 2015
Jamie George,Hooker,2,Saracens,England,Rugby World Cup 2015
Rob Webber,Hooker,13,Bath,England,Rugby World Cup 2015
Tom Youngs,Hooker,24,Leicester Tigers,England,Rugby World Cup 2015
Kieran Brookes,Prop,12,Northampton Saints,England,Rugby World Cup 2015
Dan Cole,Prop,52,Leicester Tigers,England,Rugby World Cup 2015
Joe Marler,Prop,33,Harlequins,England,Rugby World Cup 2015
Mako Vunipola,Prop,23,Saracens,England,Rugby World Cup 2015
David Wilson,Prop,43,Bath,England,Rugby World Cup 2015
George Kruis,Lock,8,Saracens,England,Rugby World Cup 2015
Joe Launchbury,Lock,24,Wasps,England,Rugby World Cup 2015
Courtney Lawes,Lock,40,Northampton Saints,England,Rugby World Cup 2015
Geoff Parling,Lock,25,Exeter Chiefs,England,Rugby World Cup 2015
James Haskell,Flanker,60,Wasps,England,Rugby World Cup 2015
Chris Robshaw,Flanker,39,Harlequins,England,Rugby World Cup 2015
Tom Wood,Flanker,38,Northampton Saints,England,Rugby World Cup 2015
Nick Easter,Number 8,52,Harlequins,England,Rugby World Cup 2015
Ben Morgan,Number 8,29,Gloucester,England,Rugby World Cup 2015
Billy Vunipola,Number 8,19,Saracens,England,Rugby World Cup 2015
Danny Care,Scrum-half,52,Harlequins,England,Rugby World Cup 2015
Richard Wigglesworth,Scrum-half,23,Saracens,England,Rugby World Cup 2015
Ben Youngs,Scrum-half,49,Leicester Tigers,England,Rugby World Cup 2015
Owen Farrell,Fly-half,31,Saracens,England,Rugby World Cup 2015
George Ford,Fly-half,13,Bath,England,Rugby World Cup 2015
Brad Barritt,Centre,23,Saracens,England,Rugby World Cup 2015
Sam Burgess,Centre,2,Bath,England,Rugby World Cup 2015
Jonathan Joseph,Centre,13,Bath,England,Rugby World Cup 2015
Henry Slade,Centre,1,Exeter Chiefs,England,Rugby World Cup 2015
Jonny May,Wing,16,Gloucester,England,Rugby World Cup 2015
Jack Nowell,Wing,9,Exeter Chiefs,England,Rugby World Cup 2015
Anthony Watson,Wing,11,Bath,England,Rugby World Cup 2015
Mike Brown,Fullback,39,Harlequins,England,Rugby World Cup 2015
Alex Goode,Fullback,18,Saracens,England,Rugby World Cup 2015
Sunia Koto,Hooker,43,Narbonne,Fiji,Rugby World Cup 2015
Talemaitoga Tuapati,Hooker,29,Provence,Fiji,Rugby World Cup 2015
Viliame Veikoso,Hooker,30,Doncaster,Fiji,Rugby World Cup 2015
Lee Roy Atalifo,Prop,2,Suva,Fiji,Rugby World Cup 2015
Isei Colati,Prop,7,Nevers,Fiji,Rugby World Cup 2015
Taniela Koroi,Prop,2,Mogliano,Fiji,Rugby World Cup 2015
Campese Ma'afu,Prop,35,Provence,Fiji,Rugby World Cup 2015
Peni Ravai,Prop,9,Nadroga,Fiji,Rugby World Cup 2015
Manasa Saulo,Prop,24,Timișoara Saracens,Fiji,Rugby World Cup 2015
Tevita Cavubati,Lock,8,Worcester Warriors,Fiji,Rugby World Cup 2015
Leone Nakarawa,Lock,31,Glasgow Warriors,Fiji,Rugby World Cup 2015
Api Ratuniyarawa,Lock,16,Agen,Fiji,Rugby World Cup 2015
Nemia Soqeta,Lock,7,Biarritz Olympique,Fiji,Rugby World Cup 2015
Akapusi Qera,Flanker,47,Montpellier,Fiji,Rugby World Cup 2015
Malakai Ravulo,Flanker,34,Steaua București,Fiji,Rugby World Cup 2015
Dominiko Waqaniburotu,Flanker,24,Brive,Fiji,Rugby World Cup 2015
Peceli Yato,Flanker,4,Clermont,Fiji,Rugby World Cup 2015
Sakiusa Matadigo,Number 8,20,Lyon,Fiji,Rugby World Cup 2015
Netani Talei,Number 8,30,Harlequins,Fiji,Rugby World Cup 2015
Nemia Kenatale,Scrum-half,34,Farul Constanța,Fiji,Rugby World Cup 2015
Nikola Matawalu,Scrum-half,26,Bath,Fiji,Rugby World Cup 2015
Henry Seniloli,Scrum-half,8,Unattached,Fiji,Rugby World Cup 2015
Josh Matavesi,Fly-half,14,Ospreys,Fiji,Rugby World Cup 2015
Ben Volavola,Fly-half,5,Waratahs,Fiji,Rugby World Cup 2015
Levani Botia,Centre,5,La Rochelle,Fiji,Rugby World Cup 2015
Vereniki Goneva,Centre,35,Leicester Tigers,Fiji,Rugby World Cup 2015
Gabiriele Lovobalavu,Centre,20,Bayonne,Fiji,Rugby World Cup 2015
Nemani Nadolo,Wing,20,Crusaders,Fiji,Rugby World Cup 2015
Timoci Nagusa,Wing,22,Montpellier,Fiji,Rugby World Cup 2015
Waisea Nayacalevu,Wing,11,Stade Français,Fiji,Rugby World Cup 2015
Asaeli Tikoirotuma,Wing,14,London Irish,Fiji,Rugby World Cup 2015
Kini Murimurivalu,Fullback,11,La Rochelle,Fiji,Rugby World Cup 2015
Metuisela Talebula,Fullback,16,Bordeaux Bègles,Fiji,Rugby World Cup 2015
Germán Kessler,Hooker,11,Los Cuervos,Uruguay,Rugby World Cup 2015
Nicolás Klappenbach,Hooker,46,Champagnat,Uruguay,Rugby World Cup 2015
Carlos Arboleya,Prop,50,Trébol de Paysandú,Uruguay,Rugby World Cup 2015
Alejo Corral,Prop,47,San Isidro,Uruguay,Rugby World Cup 2015
Oscar Durán,Prop,31,Carrasco Polo,Uruguay,Rugby World Cup 2015
Mario Sagario,Prop,47,Massy,Uruguay,Rugby World Cup 2015
Mateo Sanguinetti,Prop,14,Los Cuervos,Uruguay,Rugby World Cup 2015
Franco Lamanna,Lock,22,Carrasco Polo,Uruguay,Rugby World Cup 2015
Mathias Palomeque,Lock,24,Trébol de Paysandú,Uruguay,Rugby World Cup 2015
Santiago Vilaseca,Lock,33,Old Boys,Uruguay,Rugby World Cup 2015
Jorge Zerbino,Lock,11,Old Christians,Uruguay,Rugby World Cup 2015
Agustín Alonso,Flanker,12,Montevideo,Uruguay,Rugby World Cup 2015
Fernando Bascou,Flanker,25,Pucaru Stade Gaulois,Uruguay,Rugby World Cup 2015
Matías Beer,Flanker,11,Old Christians,Uruguay,Rugby World Cup 2015
Juan de Freitas,Flanker,38,Champagnat,Uruguay,Rugby World Cup 2015
Juan Manuel Gaminara,Flanker,23,Old Boys,Uruguay,Rugby World Cup 2015
Diego Magno,Flanker,49,Montevideo,Uruguay,Rugby World Cup 2015
Alejandro Nieto,Number 8,27,Champagnat,Uruguay,Rugby World Cup 2015
Alejo Durán,Scrum-half,31,Trébol de Paysandú,Uruguay,Rugby World Cup 2015
Agustín Ormaechea,Scrum-half,23,Stade Montois,Uruguay,Rugby World Cup 2015
Felipe Berchesi,Fly-half,15,Carcassonne,Uruguay,Rugby World Cup 2015
Manuel Blengio,Fly-half,10,Old Christians,Uruguay,Rugby World Cup 2015
Joaquín Prada,Centre,28,Los Cuervos,Uruguay,Rugby World Cup 2015
Alberto Román,Centre,36,Pucaru Stade Gaulois,Uruguay,Rugby World Cup 2015
Andrés Vilaseca,Centre,12,Old Boys,Uruguay,Rugby World Cup 2015
Francisco Bulanti,Wing,22,Trébol de Paysandú,Uruguay,Rugby World Cup 2015
Jerónimo Etcheverry,Wing,42,Carrasco Polo,Uruguay,Rugby World Cup 2015
Santiago Gibernau,Wing,32,Carrasco Polo,Uruguay,Rugby World Cup 2015
Leandro Leivas,Wing,43,Old Christians,Uruguay,Rugby World Cup 2015
Gastón Mieres,Fullback,37,Valpolicella,Uruguay,Rugby World Cup 2015
Rodrigo Silva,Fullback,14,Carrasco Polo,Uruguay,Rugby World Cup 2015
Scott Baldwin,Hooker,10,Ospreys,Wales,Rugby World Cup 2015
Ken Owens,Hooker,29,Scarlets,Wales,Rugby World Cup 2015
Tomas Francis,Prop,2,Exeter Chiefs,Wales,Rugby World Cup 2015
Paul James,Prop,62,Ospreys,Wales,Rugby World Cup 2015
Aaron Jarvis,Prop,13,Ospreys,Wales,Rugby World Cup 2015
Gethin Jenkins,Prop,116,Cardiff Blues,Wales,Rugby World Cup 2015
Samson Lee,Prop,12,Scarlets,Wales,Rugby World Cup 2015
Jake Ball,Lock,14,Scarlets,Wales,Rugby World Cup 2015
Luke Charteris,Lock,57,Racing,Wales,Rugby World Cup 2015
Bradley Davies,Lock,46,Wasps,Wales,Rugby World Cup 2015
Dominic Day,Lock,2,Bath,Wales,Rugby World Cup 2015
Alun Wyn Jones,Lock,90,Ospreys,Wales,Rugby World Cup 2015
James King,Flanker,6,Ospreys,Wales,Rugby World Cup 2015
Dan Lydiate,Flanker,47,Ospreys,Wales,Rugby World Cup 2015
Ross Moriarty,Flanker,2,Gloucester,Wales,Rugby World Cup 2015
Justin Tipuric,Flanker,33,Ospreys,Wales,Rugby World Cup 2015
Sam Warburton,Flanker,55,Cardiff Blues,Wales,Rugby World Cup 2015
Taulupe Faletau,Number 8,48,Newport Gwent Dragons,Wales,Rugby World Cup 2015
Gareth Davies,Scrum-half,4,Scarlets,Wales,Rugby World Cup 2015
Mike Phillips,Scrum-half,94,Racing,Wales,Rugby World Cup 2015
Lloyd Williams,Scrum-half,19,Cardiff Blues,Wales,Rugby World Cup 2015
Gareth Anscombe,Fly-half,1,Cardiff Blues,Wales,Rugby World Cup 2015
Dan Biggar,Fly-half,35,Ospreys,Wales,Rugby World Cup 2015
Rhys Priestland,Fly-half,35,Bath,Wales,Rugby World Cup 2015
Cory Allen,Centre,3,Cardiff Blues,Wales,Rugby World Cup 2015
James Hook,Centre,78,Gloucester,Wales,Rugby World Cup 2015
Tyler Morgan,Centre,1,Newport Gwent Dragons,Wales,Rugby World Cup 2015
Jamie Roberts,Centre,70,Harlequins,Wales,Rugby World Cup 2015
Scott Williams,Centre,32,Scarlets,Wales,Rugby World Cup 2015
Hallam Amos,Wing,3,Newport Gwent Dragons,Wales,Rugby World Cup 2015
Alex Cuthbert,Wing,35,Cardiff Blues,Wales,Rugby World Cup 2015
George North,Wing,51,Northampton Saints,Wales,Rugby World Cup 2015
Eli Walker,Wing,1,Ospreys,Wales,Rugby World Cup 2015
Matthew Morgan,Fullback,3,Bristol,Wales,Rugby World Cup 2015
Liam Williams,Fullback,23,Scarlets,Wales,Rugby World Cup 2015
Shota Horie,Hooker,38,Panasonic Wild Knights,Japan,Rugby World Cup 2015
Takeshi Kizu,Hooker,37,Kobelco Steelers,Japan,Rugby World Cup 2015
Hiroki Yuhara,Hooker,22,Toshiba Brave Lupus,Japan,Rugby World Cup 2015
Kensuke Hatakeyama,Prop,68,Suntory Sungoliath,Japan,Rugby World Cup 2015
Keita Inagaki,Prop,6,Panasonic Wild Knights,Japan,Rugby World Cup 2015
Masataka Mikami,Prop,29,Toshiba Brave Lupus,Japan,Rugby World Cup 2015
Hiroshi Yamashita,Prop,45,Kobelco Steelers,Japan,Rugby World Cup 2015
Shoji Ito,Lock,34,Kobelco Steelers,Japan,Rugby World Cup 2015
Shinya Makabe,Lock,31,Suntory Sungoliath,Japan,Rugby World Cup 2015
Hitoshi Ono,Lock,94,Toshiba Brave Lupus,Japan,Rugby World Cup 2015
Luke Thompson,Lock,58,Kintetsu Liners,Japan,Rugby World Cup 2015
Michael Broadhurst,Flanker,22,Ricoh Black Rams,Japan,Rugby World Cup 2015
Justin Ives,Flanker,29,Canon Eagles,Japan,Rugby World Cup 2015
Michael Leitch,Flanker,43,Chiefs,Japan,Rugby World Cup 2015
Hendrik Tui,Flanker,32,Queensland Reds,Japan,Rugby World Cup 2015
Koliniasi Holani,Number 8,41,Panasonic Wild Knights,Japan,Rugby World Cup 2015
Amanaki Mafi,Number 8,3,NTT Communications Shining Arcs,Japan,Rugby World Cup 2015
Atsushi Hiwasa,Scrum-half,47,Suntory Sungoliath,Japan,Rugby World Cup 2015
Fumiaki Tanaka,Scrum-half,49,Highlanders,Japan,Rugby World Cup 2015
Harumichi Tatekawa,Fly-half,38,Kubota Spears,Japan,Rugby World Cup 2015
Kosei Ono,Fly-half,29,Suntory Sungoliath,Japan,Rugby World Cup 2015
Kotaro Matsushima,Centre,12,Suntory Sungoliath,Japan,Rugby World Cup 2015
Male Sa'u,Centre,23,Yamaha Júbilo,Japan,Rugby World Cup 2015
Yu Tamura,Centre,32,NEC Green Rockets,Japan,Rugby World Cup 2015
Craig Wing,Centre,10,Kobelco Steelers,Japan,Rugby World Cup 2015
Yoshikazu Fujita,Wing,27,Waseda University,Japan,Rugby World Cup 2015
Kenki Fukuoka,Wing,15,Tsukuba University,Japan,Rugby World Cup 2015
Karne Hesketh,Wing,9,Munakata Sanix Blues,Japan,Rugby World Cup 2015
Toshiaki Hirose,Wing,28,Toshiba Brave Lupus,Japan,Rugby World Cup 2015
Akihito Yamada,Wing,13,Panasonic Wild Knights,Japan,Rugby World Cup 2015
Ayumu Goromaru,Fullback,52,Yamaha Júbilo,Japan,Rugby World Cup 2015
Ole Avei,Hooker,21,Bordeaux Bègles,Samoa,Rugby World Cup 2015
Manu Leiataua,Hooker,8,Aurillac,Samoa,Rugby World Cup 2015
Motu Matu'u,Hooker,3,Hurricanes,Samoa,Rugby World Cup 2015
Viliamu Afatia,Prop,11,Agen,Samoa,Rugby World Cup 2015
Jake Grey,Prop,4,SCOPA,Samoa,Rugby World Cup 2015
Census Johnston,Prop,48,Toulouse,Samoa,Rugby World Cup 2015
Anthony Perenise,Prop,24,Bristol,Samoa,Rugby World Cup 2015
Sakaria Taulafo,Prop,36,Stade Français,Samoa,Rugby World Cup 2015
Filo Paulo,Lock,18,Benetton Treviso,Samoa,Rugby World Cup 2015
Joe Tekori,Lock,32,Toulouse,Samoa,Rugby World Cup 2015
Kane Thompson,Lock,31,Newcastle Falcons,Samoa,Rugby World Cup 2015
Maurie Fa'asavalu,Flanker,25,Oyonnax,Samoa,Rugby World Cup 2015
Alafoti Faosiliva,Flanker,13,Bath,Samoa,Rugby World Cup 2015
Jack Lam,Flanker,15,Bristol,Samoa,Rugby World Cup 2015
Faifili Levave,Flanker,6,Unattached,Samoa,Rugby World Cup 2015
Ofisa Treviranus,Flanker,32,London Irish,Samoa,Rugby World Cup 2015
TJ Ioane,Number 8,6,Sale Sharks,Samoa,Rugby World Cup 2015
Sanele Vavae Tuilagi,Number 8,4,Carcassonne,Samoa,Rugby World Cup 2015
Vavao Afemai,Scrum-half,5,Vaiala,Samoa,Rugby World Cup 2015
Kahn Fotuali'i,Scrum-half,24,Northampton Saints,Samoa,Rugby World Cup 2015
Patrick Fa'apale,Fly-half,6,Vaiala,Samoa,Rugby World Cup 2015
Tusi Pisi,Fly-half,21,Suntory Sungoliath,Samoa,Rugby World Cup 2015
Michael Stanley,Fly-half,6,Unattached,Samoa,Rugby World Cup 2015
Rey Lee-Lo,Centre,2,Cardiff Blues,Samoa,Rugby World Cup 2015
Johnny Leota,Centre,19,Sale Sharks,Samoa,Rugby World Cup 2015
Paul Perez,Centre,11,Sharks,Samoa,Rugby World Cup 2015
George Pisi,Centre,17,Northampton Saints,Samoa,Rugby World Cup 2015
Fa'atoina Autagavaia,Wing,16,Nevers,Samoa,Rugby World Cup 2015
Ken Pisi,Wing,6,Northampton Saints,Samoa,Rugby World Cup 2015
Alesana Tuilagi,Wing,34,Newcastle Falcons,Samoa,Rugby World Cup 2015
Tim Nanai-Williams,Fullback,1,Ricoh Black Rams,Samoa,Rugby World Cup 2015
Fraser Brown,Hooker,10,Glasgow Warriors,Scotland,Rugby World Cup 2015
Kevin Bryce,Hooker,2,Glasgow Warriors,Scotland,Rugby World Cup 2015
Ross Ford,Hooker,89,Edinburgh,Scotland,Rugby World Cup 2015
Alasdair Dickinson,Prop,47,Edinburgh,Scotland,Rugby World Cup 2015
Ryan Grant,Prop,23,Glasgow Warriors,Scotland,Rugby World Cup 2015
WP Nel,Prop,3,Edinburgh,Scotland,Rugby World Cup 2015
Gordon Reid,Prop,12,Glasgow Warriors,Scotland,Rugby World Cup 2015
Rory Sutherland,Prop,0,Edinburgh,Scotland,Rugby World Cup 2015
Jon Welsh,Prop,7,Newcastle Falcons,Scotland,Rugby World Cup 2015
Grant Gilchrist,Lock,10,Edinburgh,Scotland,Rugby World Cup 2015
Jonny Gray,Lock,15,Glasgow Warriors,Scotland,Rugby World Cup 2015
Richie Gray,Lock,46,Castres,Scotland,Rugby World Cup 2015
Tim Swinson,Lock,13,Glasgow Warriors,Scotland,Rugby World Cup 2015
Blair Cowan,Flanker,13,London Irish,Scotland,Rugby World Cup 2015
John Hardie,Flanker,2,Unattached,Scotland,Rugby World Cup 2015
Alasdair Strokosch,Flanker,46,Perpignan,Scotland,Rugby World Cup 2015
Ryan Wilson,Flanker,11,Glasgow Warriors,Scotland,Rugby World Cup 2015
David Denton,Number 8,28,Edinburgh,Scotland,Rugby World Cup 2015
Josh Strauss,Number 8,0,Glasgow Warriors,Scotland,Rugby World Cup 2015
Sam Hidalgo-Clyne,Scrum-half,7,Edinburgh,Scotland,Rugby World Cup 2015
Greig Laidlaw,Scrum-half,41,Gloucester,Scotland,Rugby World Cup 2015
Henry Pyrgos,Scrum-half,16,Glasgow Warriors,Scotland,Rugby World Cup 2015
Finn Russell,Fly-half,11,Glasgow Warriors,Scotland,Rugby World Cup 2015
Duncan Weir,Fly-half,19,Glasgow Warriors,Scotland,Rugby World Cup 2015
Mark Bennett,Centre,9,Glasgow Warriors,Scotland,Rugby World Cup 2015
Peter Horne,Centre,10,Glasgow Warriors,Scotland,Rugby World Cup 2015
Matt Scott,Centre,29,Edinburgh,Scotland,Rugby World Cup 2015
Richie Vernon,Centre,22,Glasgow Warriors,Scotland,Rugby World Cup 2015
Sean Lamont,Wing,97,Glasgow Warriors,Scotland,Rugby World Cup 2015
Sean Maitland,Wing,16,London Irish,Scotland,Rugby World Cup 2015
Tommy Seymour,Wing,18,Glasgow Warriors,Scotland,Rugby World Cup 2015
Tim Visser,Wing,21,Harlequins,Scotland,Rugby World Cup 2015
Stuart Hogg,Fullback,33,Glasgow Warriors,Scotland,Rugby World Cup 2015
Schalk Brits,Hooker,8,Saracens,South Africa,Rugby World Cup 2015
Bismarck du Plessis,Hooker,73,Montpellier,South Africa,Rugby World Cup 2015
Adriaan Strauss,Hooker,48,Bulls,South Africa,Rugby World Cup 2015
Jannie du Plessis,Prop,64,Montpellier,South Africa,Rugby World Cup 2015
Frans Malherbe,Prop,6,Stormers,South Africa,Rugby World Cup 2015
Tendai Mtawarira,Prop,68,Sharks,South Africa,Rugby World Cup 2015
Trevor Nyakane,Prop,16,Bulls,South Africa,Rugby World Cup 2015
Coenie Oosthuizen,Prop,21,Cheetahs,South Africa,Rugby World Cup 2015
Lood de Jager,Lock,12,Cheetahs,South Africa,Rugby World Cup 2015
Pieter-Steph du Toit,Lock,4,Sharks,South Africa,Rugby World Cup 2015
Eben Etzebeth,Lock,37,Stormers,South Africa,Rugby World Cup 2015
Victor Matfield,Lock,123,Northampton Saints,South Africa,Rugby World Cup 2015
Willem Alberts,Flanker,33,Stade Français,South Africa,Rugby World Cup 2015
Schalk Burger,Flanker,79,Stormers,South Africa,Rugby World Cup 2015
Siya Kolisi,Flanker,11,Stormers,South Africa,Rugby World Cup 2015
Francois Louw,Flanker,36,Bath,South Africa,Rugby World Cup 2015
Duane Vermeulen,Number 8,29,Toulon,South Africa,Rugby World Cup 2015
Fourie du Preez,Scrum-half,70,Suntory Sungoliath,South Africa,Rugby World Cup 2015
Rudy Paige,Scrum-half,0,Bulls,South Africa,Rugby World Cup 2015
Ruan Pienaar,Scrum-half,84,Ulster,South Africa,Rugby World Cup 2015
Pat Lambie,Fly-half,44,Sharks,South Africa,Rugby World Cup 2015
Handré Pollard,Fly-half,13,Bulls,South Africa,Rugby World Cup 2015
Morné Steyn,Fly-half,59,Stade Français,South Africa,Rugby World Cup 2015
Damian de Allende,Centre,7,Stormers,South Africa,Rugby World Cup 2015
Jean de Villiers,Centre,107,Stormers,South Africa,Rugby World Cup 2015
Jesse Kriel,Centre,4,Bulls,South Africa,Rugby World Cup 2015
Jan Serfontein,Centre,21,Bulls,South Africa,Rugby World Cup 2015
Bryan Habana,Wing,110,Toulon,South Africa,Rugby World Cup 2015
Lwazi Mvovo,Wing,13,Sharks,South Africa,Rugby World Cup 2015
JP Pietersen,Wing,60,Sharks,South Africa,Rugby World Cup 2015
Zane Kirchner,Fullback,30,Leinster,South Africa,Rugby World Cup 2015
Willie le Roux,Fullback,28,Cheetahs,South Africa,Rugby World Cup 2015
Zach Fenoglio,Hooker,13,Glendale Raptors,United States,Rugby World Cup 2015
Phil Thiel,Hooker,32,Life University,United States,Rugby World Cup 2015
Chris Baumann,Prop,4,Santa Monica,United States,Rugby World Cup 2015
Eric Fry,Prop,33,Newcastle Falcons,United States,Rugby World Cup 2015
Olive Kilifi,Prop,12,Seattle Saracens,United States,Rugby World Cup 2015
Titi Lamositele,Prop,13,Saracens,United States,Rugby World Cup 2015
Matekitonga Moeakiola,Prop,31,Castanet,United States,Rugby World Cup 2015
Joe Taufete'e,Prop,0,Belmont Shore,United States,Rugby World Cup 2015
Cam Dolan,Lock,16,Cardiff Blues,United States,Rugby World Cup 2015
Greg Peterson,Lock,8,Glasgow Warriors,United States,Rugby World Cup 2015
Hayden Smith,Lock,26,Saracens,United States,Rugby World Cup 2015
Louis Stanfill,Lock,55,Seattle Saracens,United States,Rugby World Cup 2015
Andrew Durutalo,Flanker,9,USA Sevens,United States,Rugby World Cup 2015
Matt Trouville,Flanker,4,Seattle Saracens,United States,Rugby World Cup 2015
Alastair McFarland,Flanker,5,NYAC,United States,Rugby World Cup 2015
John Quill,Flanker,14,NYAC,United States,Rugby World Cup 2015
Danny Barrett,Number 8,9,USA Sevens,United States,Rugby World Cup 2015
Samu Manoa,Number 8,11,Toulon,United States,Rugby World Cup 2015
Niku Kruger,Scrum-half,1,Glendale Raptors,United States,Rugby World Cup 2015
Mike Petri,Scrum-half,54,NYAC,United States,Rugby World Cup 2015
AJ MacGinty,Fly-half,5,Life University,United States,Rugby World Cup 2015
Shalom Suniula,Fly-half,14,Seattle Saracens,United States,Rugby World Cup 2015
Seamus Kelly,Centre,20,SFGG,United States,Rugby World Cup 2015
Folau Niua,Centre,15,USA Sevens,United States,Rugby World Cup 2015
Thretton Palamo,Centre,10,London Welsh,United States,Rugby World Cup 2015
Andrew Suniula,Centre,37,București,United States,Rugby World Cup 2015
Takudzwa Ngwenya,Wing,32,Biarritz Olympique,United States,Rugby World Cup 2015
Blaine Scully,Wing,26,Cardiff Blues,United States,Rugby World Cup 2015
Zack Test,Wing,4,USA Sevens,United States,Rugby World Cup 2015
Brett Thompson,Wing,4,USA Sevens,United States,Rugby World Cup 2015
Chris Wyles,Fullback,50,Saracens,United States,Rugby World Cup 2015
Agustín Creevy,Hooker,40,UAR,Argentina,Rugby World Cup 2015
Julián Montoya,Hooker,9,UAR,Argentina,Rugby World Cup 2015
Marcos Ayerza,Prop,60,Leicester Tigers,Argentina,Rugby World Cup 2015
Juan Figallo,Prop,22,Saracens,Argentina,Rugby World Cup 2015
Santiago García Botta,Prop,5,UAR,Argentina,Rugby World Cup 2015
Ramiro Herrera,Prop,13,UAR,Argentina,Rugby World Cup 2015
Lucas Noguera Paz,Prop,16,UAR,Argentina,Rugby World Cup 2015
Juan Pablo Orlandi,Prop,16,Unattached,Argentina,Rugby World Cup 2015
Nahuel Tetaz Chaparro,Prop,20,UAR,Argentina,Rugby World Cup 2015
Matías Alemanno,Lock,14,UAR,Argentina,Rugby World Cup 2015
Mariano Galarza,Lock,24,Gloucester,Argentina,Rugby World Cup 2015
Tomás Lavanini,Lock,21,UAR,Argentina,Rugby World Cup 2015
Guido Petti,Lock,6,UAR,Argentina,Rugby World Cup 2015
Juan Martín Fernández Lobbe,Flanker,64,Toulon,Argentina,Rugby World Cup 2015
Juan Manuel Leguizamón,Flanker,62,UAR,Argentina,Rugby World Cup 2015
Pablo Matera,Flanker,16,UAR,Argentina,Rugby World Cup 2015
Javier Ortega Desio,Flanker,16,UAR,Argentina,Rugby World Cup 2015
Facundo Isa,Number 8,7,UAR,Argentina,Rugby World Cup 2015
Leonardo Senatore,Number 8,31,Unattached,Argentina,Rugby World Cup 2015
Tomás Cubelli,Scrum-half,38,UAR,Argentina,Rugby World Cup 2015
Martín Landajo,Scrum-half,46,UAR,Argentina,Rugby World Cup 2015
Santiago González Iglesias,Fly-half,18,UAR,Argentina,Rugby World Cup 2015
Nicolás Sánchez,Fly-half,33,UAR,Argentina,Rugby World Cup 2015
Marcelo Bosch,Centre,35,Saracens,Argentina,Rugby World Cup 2015
Jerónimo de la Fuente,Centre,13,UAR,Argentina,Rugby World Cup 2015
Juan Martín Hernández,Centre,53,UAR,Argentina,Rugby World Cup 2015
Matías Moroni,Centre,4,UAR,Argentina,Rugby World Cup 2015
Juan Pablo Socino,Centre,2,Newcastle Falcons,Argentina,Rugby World Cup 2015
Horacio Agulla,Wing,60,Bath,Argentina,Rugby World Cup 2015
Santiago Cordero,Wing,12,UAR,Argentina,Rugby World Cup 2015
Juan Imhoff,Wing,29,Racing,Argentina,Rugby World Cup 2015
Lucas González Amorosino,Fullback,43,Unattached,Argentina,Rugby World Cup 2015
Joaquín Tuculet,Fullback,23,UAR,Argentina,Rugby World Cup 2015
Jaba Bregvadze,Hooker,29,Kochebi Bolnisi,Georgia,Rugby World Cup 2015
Shalva Mamukashvili,Hooker,31,Sale Sharks,Georgia,Rugby World Cup 2015
Simon Maisuradze,Hooker,32,La Voulte-Valence,Georgia,Rugby World Cup 2015
Kakha Asieshvili,Prop,11,Brive,Georgia,Rugby World Cup 2015
Levan Chilachava,Prop,25,Toulon,Georgia,Rugby World Cup 2015
Davit Kubriashvili,Prop,40,Stade Français,Georgia,Rugby World Cup 2015
Mikheil Nariashvili,Prop,28,Montpellier,Georgia,Rugby World Cup 2015
Anton Peikrishvili,Prop,16,Bayonne,Georgia,Rugby World Cup 2015
Davit Zirakashvili,Prop,50,Clermont,Georgia,Rugby World Cup 2015
Giorgi Chkhaidze,Lock,85,Lille,Georgia,Rugby World Cup 2015
Levan Datunashvili,Lock,71,Aurillac,Georgia,Rugby World Cup 2015
Konstantin Mikautadze,Lock,36,Toulon,Georgia,Rugby World Cup 2015
Giorgi Nemsadze,Lock,51,Tarbes,Georgia,Rugby World Cup 2015
Mamuka Gorgodze,Flanker,61,Toulon,Georgia,Rugby World Cup 2015
Viktor Kolelishvili,Flanker,32,Clermont,Georgia,Rugby World Cup 2015
Shalva Sutiashvili,Flanker,49,Massy,Georgia,Rugby World Cup 2015
Giorgi Tkhilaishvili,Flanker,21,Batumi,Georgia,Rugby World Cup 2015
Lasha Lomidze,Number 8,13,Béziers Hérault,Georgia,Rugby World Cup 2015
Giorgi Begadze,Scrum-half,36,Kochebi Bolnisi,Georgia,Rugby World Cup 2015
Vazha Khutsishvili,Scrum-half,20,Rustavi Kharebi,Georgia,Rugby World Cup 2015
Vasil Lobzhanidze,Scrum-half,6,Armazi Tbilisi,Georgia,Rugby World Cup 2015
Lasha Khmaladze,Fly-half,39,Lelo Saracens,Georgia,Rugby World Cup 2015
Lasha Malaghuradze,Fly-half,58,Stade Bagnérais,Georgia,Rugby World Cup 2015
Davit Kacharava,Centre,83,Enisey-STM,Georgia,Rugby World Cup 2015
Merab Sharikadze,Centre,36,Aurillac,Georgia,Rugby World Cup 2015
Tamaz Mchedlidze,Centre,31,Agen,Georgia,Rugby World Cup 2015
Giorgi Aptsiauri,Wing,10,AIA Kutaisi,Georgia,Rugby World Cup 2015
Muraz Giorgadze,Wing,7,Armazi Tbilisi,Georgia,Rugby World Cup 2015
Giorgi Pruidze,Wing,4,AIA Kutaisi,Georgia,Rugby World Cup 2015
Alexander Todua,Wing,48,Lelo Saracens,Georgia,Rugby World Cup 2015
Merab Kvirikashvili,Fullback,85,Montluçon,Georgia,Rugby World Cup 2015
Beka Tsiklauri,Fullback,20,Locomotive Tbilisi,Georgia,Rugby World Cup 2015
Torsten van Jaarsveld,Hooker,7,Cheetahs,Namibia,Rugby World Cup 2015
Louis van der Westhuizen,Hooker,2,Leopards,Namibia,Rugby World Cup 2015
Aranos Coetzee,Prop,5,Cheetahs,Namibia,Rugby World Cup 2015
AJ de Klerk,Prop,5,Wanderers,Namibia,Rugby World Cup 2015
Jaco Engels,Prop,12,Trustco United,Namibia,Rugby World Cup 2015
Raoul Larson,Prop,6,Eagles,Namibia,Rugby World Cup 2015
Johnny Redelinghuys,Prop,47,Wanderers,Namibia,Rugby World Cup 2015
Casper Viviers,Prop,13,Trustco United,Namibia,Rugby World Cup 2015
Tjiuee Uanivi,Lock,10,Brive,Namibia,Rugby World Cup 2015
Janco Venter,Lock,8,Maties,Namibia,Rugby World Cup 2015
Renaldo Bothma,Flanker,7,Toyota Verblitz,Namibia,Rugby World Cup 2015
Jacques Burger,Flanker,35,Saracens,Namibia,Rugby World Cup 2015
Wian Conradie,Flanker,1,Johannesburg Uni.,Namibia,Rugby World Cup 2015
Tinus du Plessis,Flanker,44,Wanderers,Namibia,Rugby World Cup 2015
Rohan Kitshoff,Flanker,22,Durbanville-Bellville,Namibia,Rugby World Cup 2015
Leneve Damens,Number 8,3,Wanderers,Namibia,Rugby World Cup 2015
PJ van Lill,Number 8,39,Bayonne,Namibia,Rugby World Cup 2015
Eniell Buitendag,Scrum-half,13,Wanderers,Namibia,Rugby World Cup 2015
Eugene Jantjies,Scrum-half,45,Dinamo București,Namibia,Rugby World Cup 2015
Damian Stevens,Scrum-half,1,Ikey Tigers,Namibia,Rugby World Cup 2015
Theuns Kotzé,Fly-half,25,Bourg-en-Bresse,Namibia,Rugby World Cup 2015
Darryl de la Harpe,Centre,27,Western Suburbs,Namibia,Rugby World Cup 2015
Johan Deysel,Centre,9,Leopards,Namibia,Rugby World Cup 2015
JC Greyling,Centre,8,Old Wesley,Namibia,Rugby World Cup 2015
Danie van Wyk,Centre,13,Trustco United,Namibia,Rugby World Cup 2015
Conrad Marais,Wing,8,Béziers Hérault,Namibia,Rugby World Cup 2015
David Philander,Wing,23,Spotswood United,Namibia,Rugby World Cup 2015
Heinrich Smit,Wing,11,NWU Pukke,Namibia,Rugby World Cup 2015
Russell van Wyk,Wing,4,Western Suburbs,Namibia,Rugby World Cup 2015
Chrysander Botha,Fullback,34,Exeter Chiefs,Namibia,Rugby World Cup 2015
Johann Tromp,Fullback,18,Wanderers,Namibia,Rugby World Cup 2015
Dane Coles,Hooker,30,Hurricanes / Wellington,New Zealand,Rugby World Cup 2015
Keven Mealamu,Hooker,126,Blues / Auckland,New Zealand,Rugby World Cup 2015
Codie Taylor,Hooker,3,Crusaders / Canterbury,New Zealand,Rugby World Cup 2015
Wyatt Crockett,Prop,40,Crusaders / Canterbury,New Zealand,Rugby World Cup 2015
Charlie Faumuina,Prop,27,Blues / Auckland,New Zealand,Rugby World Cup 2015
Ben Franks,Prop,43,Hurricanes / Hawke's Bay,New Zealand,Rugby World Cup 2015
Owen Franks,Prop,72,Crusaders / Canterbury,New Zealand,Rugby World Cup 2015
Pauliasi Manu,Prop,0,Chiefs / Counties Manukau,New Zealand,Rugby World Cup 2015
Joe Moody,Prop,8,Crusaders / Canterbury,New Zealand,Rugby World Cup 2015
Tony Woodcock,Prop,115,Blues / North Harbour,New Zealand,Rugby World Cup 2015
Brodie Retallick,Lock,41,Chiefs / Hawke's Bay,New Zealand,Rugby World Cup 2015
Luke Romano,Lock,20,Crusaders / Canterbury,New Zealand,Rugby World Cup 2015
Sam Whitelock,Lock,66,Crusaders / Canterbury,New Zealand,Rugby World Cup 2015
Sam Cane,Flanker,24,Chiefs / Bay of Plenty,New Zealand,Rugby World Cup 2015
Jerome Kaino,Flanker,60,Blues / Auckland,New Zealand,Rugby World Cup 2015
Richie McCaw,Flanker,142,Crusaders / Canterbury,New Zealand,Rugby World Cup 2015
Liam Messam,Flanker,42,Chiefs / Waikato,New Zealand,Rugby World Cup 2015
Kieran Read,Number 8,77,Crusaders / Canterbury,New Zealand,Rugby World Cup 2015
Victor Vito,Number 8,28,Hurricanes / Wellington,New Zealand,Rugby World Cup 2015
Tawera Kerr-Barlow,Scrum-half,15,Chiefs / Waikato,New Zealand,Rugby World Cup 2015
TJ Perenara,Scrum-half,15,Hurricanes / Wellington,New Zealand,Rugby World Cup 2015
Aaron Smith,Scrum-half,41,Highlanders / Manawatu,New Zealand,Rugby World Cup 2015
Beauden Barrett,Fly-half,30,Hurricanes / Taranaki,New Zealand,Rugby World Cup 2015
Dan Carter,Fly-half,106,Crusaders / Canterbury,New Zealand,Rugby World Cup 2015
Colin Slade,Fly-half,20,Crusaders / Canterbury,New Zealand,Rugby World Cup 2015
Malakai Fekitoa,Centre,11,Highlanders / Auckland,New Zealand,Rugby World Cup 2015
Ma'a Nonu,Centre,97,Hurricanes / Wellington,New Zealand,Rugby World Cup 2015
Conrad Smith,Centre,88,Hurricanes / Wellington,New Zealand,Rugby World Cup 2015
Sonny Bill Williams,Centre,26,Chiefs / Counties Manukau,New Zealand,Rugby World Cup 2015
Nehe Milner-Skudder,Wing,2,Hurricanes / Manawatu,New Zealand,Rugby World Cup 2015
Waisake Naholo,Wing,1,Highlanders / Taranaki,New Zealand,Rugby World Cup 2015
Julian Savea,Wing,35,Hurricanes / Wellington,New Zealand,Rugby World Cup 2015
Ben Smith,Fullback,41,Highlanders / Otago,New Zealand,Rugby World Cup 2015
Aleki Lutui,Hooker,36,Ampthill,Tonga,Rugby World Cup 2015
Paul Ngauamo,Hooker,3,Stade Montois,Tonga,Rugby World Cup 2015
Elvis Taione,Hooker,18,Exeter Chiefs,Tonga,Rugby World Cup 2015
Halani Aulika,Prop,13,London Irish,Tonga,Rugby World Cup 2015
Tevita Mailau,Prop,16,Perpignan,Tonga,Rugby World Cup 2015
Sila Puafisi,Prop,19,Glasgow Warriors,Tonga,Rugby World Cup 2015
Sona Taumalolo,Prop,17,Grenoble,Tonga,Rugby World Cup 2015
Soane Tongaʻuiha,Prop,15,Oyonnax,Tonga,Rugby World Cup 2015
Uili Koloʻofai,Lock,5,Unattached,Tonga,Rugby World Cup 2015
Tukulua Lokotui,Lock,24,Béziers Hérault,Tonga,Rugby World Cup 2015
Steve Mafi,Lock,14,Western Force,Tonga,Rugby World Cup 2015
Joe Tuineau,Lock,22,Dax,Tonga,Rugby World Cup 2015
Sione Kalamafoni,Flanker,25,Gloucester,Tonga,Rugby World Cup 2015
Nili Latu,Flanker,40,Newcastle Falcons,Tonga,Rugby World Cup 2015
Jack Ram,Flanker,2,Blues,Tonga,Rugby World Cup 2015
Hale T-Pole,Flanker,31,Unattached,Tonga,Rugby World Cup 2015
Opeti Fonua,Number 8,6,Leicester Tigers,Tonga,Rugby World Cup 2015
Viliami Maʻafu,Number 8,24,Oyonnax,Tonga,Rugby World Cup 2015
Samisoni Fisilau,Scrum-half,15,Jersey,Tonga,Rugby World Cup 2015
Sosefo Maʻake,Scrum-half,1,Havelu Bulldogs,Tonga,Rugby World Cup 2015
Sonatane Takulua,Scrum-half,10,Newcastle Falcons,Tonga,Rugby World Cup 2015
Latiume Fosita,Fly-half,12,Doncaster,Tonga,Rugby World Cup 2015
Kurt Morath,Fly-half,26,Unattached,Tonga,Rugby World Cup 2015
Sione Piukala,Centre,14,Perpignan,Tonga,Rugby World Cup 2015
Siale Piutau,Centre,20,Yamaha Júbilo,Tonga,Rugby World Cup 2015
Viliami Tahituʻa,Centre,2,Unattached,Tonga,Rugby World Cup 2015
David Halaifonua,Wing,13,Gloucester,Tonga,Rugby World Cup 2015
William Helu,Wing,20,Edinburgh,Tonga,Rugby World Cup 2015
Fetuʻu Vainikolo,Wing,22,Oyonnax,Tonga,Rugby World Cup 2015
Telusa Veainu,Wing,4,Melbourne Rebels,Tonga,Rugby World Cup 2015
Vunga Lilo,Fullback,38,Montauban,Tonga,Rugby World Cup 2015
Ray Barkwill,Hooker,22,Ontario Blues,Canada,Rugby World Cup 2015
Aaron Carpenter,Hooker,67,Cornish Pirates,Canada,Rugby World Cup 2015
Benoît Piffero,Hooker,9,Atlantic Rock,Canada,Rugby World Cup 2015
Hubert Buydens,Prop,35,Prairie Wolf Pack,Canada,Rugby World Cup 2015
Jake Ilnicki,Prop,8,NSW Country Eagles,Canada,Rugby World Cup 2015
Djustice Sears-Duru,Prop,8,Ontario Blues,Canada,Rugby World Cup 2015
Andrew Tiedemann,Prop,35,Prairie Wolf Pack,Canada,Rugby World Cup 2015
Doug Wooldridge,Prop,19,Ontario Blues,Canada,Rugby World Cup 2015
Brett Beukeboom,Lock,15,Cornish Pirates,Canada,Rugby World Cup 2015
Jamie Cudmore,Lock,35,Clermont,Canada,Rugby World Cup 2015
Evan Olmstead,Lock,5,Greater Sydney Rams,Canada,Rugby World Cup 2015
Nanyak Dala,Flanker,34,Prairie Wolf Pack,Canada,Rugby World Cup 2015
Kyle Gilmour,Flanker,11,Rotherham,Canada,Rugby World Cup 2015
John Moonlight,Flanker,20,Ontario Blues,Canada,Rugby World Cup 2015
Jebb Sinclair,Flanker,39,London Irish,Canada,Rugby World Cup 2015
Tyler Ardron,Number 8,20,Ospreys,Canada,Rugby World Cup 2015
Richard Thorpe,Number 8,6,London Welsh,Canada,Rugby World Cup 2015
Phil Mack,Scrum-half,27,BC Bears,Canada,Rugby World Cup 2015
Jamie Mackenzie,Scrum-half,7,Ontario Blues,Canada,Rugby World Cup 2015
Gordon McRorie,Scrum-half,12,Prairie Wolf Pack,Canada,Rugby World Cup 2015
Nathan Hirayama,Fly-half,19,BC Bears,Canada,Rugby World Cup 2015
Liam Underwood,Fly-half,10,Ontario Blues,Canada,Rugby World Cup 2015
Nick Blevins,Centre,25,Prairie Wolf Pack,Canada,Rugby World Cup 2015
Connor Braid,Centre,18,BC Bears,Canada,Rugby World Cup 2015
Ciaran Hearn,Centre,45,Atlantic Rock,Canada,Rugby World Cup 2015
Pat Parfrey,Centre,7,Atlantic Rock,Canada,Rugby World Cup 2015
Conor Trainor,Centre,18,BC Bears,Canada,Rugby World Cup 2015
Jeff Hassler,Wing,15,Ospreys,Canada,Rugby World Cup 2015
Phil Mackenzie,Wing,27,Sale Sharks,Canada,Rugby World Cup 2015
D. T. H. van der Merwe,Wing,35,Scarlets,Canada,Rugby World Cup 2015
Matt Evans,Fullback,29,Cornish Pirates,Canada,Rugby World Cup 2015
Harry Jones,Fullback,17,BC Bears,Canada,Rugby World Cup 2015
James Pritchard,Fullback,61,Bedford Blues,Canada,Rugby World Cup 2015
Guilhem Guirado,Hooker,34,Toulon,France,Rugby World Cup 2015
Benjamin Kayser,Hooker,33,Clermont,France,Rugby World Cup 2015
Dimitri Szarzewski,Hooker,81,Racing,France,Rugby World Cup 2015
Uini Atonio,Prop,9,La Rochelle,France,Rugby World Cup 2015
Eddy Ben Arous,Prop,7,Racing,France,Rugby World Cup 2015
Vincent Debaty,Prop,32,Clermont,France,Rugby World Cup 2015
Nicolas Mas,Prop,80,Montpellier,France,Rugby World Cup 2015
Rabah Slimani,Prop,17,Stade Français,France,Rugby World Cup 2015
Alexandre Flanquart,Lock,15,Stade Français,France,Rugby World Cup 2015
Yoann Maestri,Lock,38,Toulouse,France,Rugby World Cup 2015
Pascal Papé,Lock,61,Stade Français,France,Rugby World Cup 2015
Thierry Dusautoir,Flanker,76,Toulouse,France,Rugby World Cup 2015
Bernard Le Roux,Flanker,18,Racing,France,Rugby World Cup 2015
Yannick Nyanga,Flanker,43,Racing,France,Rugby World Cup 2015
Fulgence Ouedraogo,Flanker,37,Montpellier,France,Rugby World Cup 2015
Damien Chouly,Number 8,31,Clermont,France,Rugby World Cup 2015
Louis Picamoles,Number 8,47,Toulouse,France,Rugby World Cup 2015
Rory Kockott,Scrum-half,9,Castres,France,Rugby World Cup 2015
Morgan Parra,Scrum-half,61,Clermont,France,Rugby World Cup 2015
Sébastien Tillous-Borde,Scrum-half,16,Toulon,France,Rugby World Cup 2015
Frédéric Michalak,Fly-half,73,Toulon,France,Rugby World Cup 2015
Rémi Talès,Fly-half,19,Racing,France,Rugby World Cup 2015
Mathieu Bastareaud,Centre,35,Toulon,France,Rugby World Cup 2015
Alexandre Dumoulin,Centre,4,Racing,France,Rugby World Cup 2015
Gaël Fickou,Centre,13,Toulouse,France,Rugby World Cup 2015
Wesley Fofana,Centre,35,Clermont,France,Rugby World Cup 2015
Rémy Grosso,Wing,0,Castres,France,Rugby World Cup 2015
Sofiane Guitoune,Wing,4,Bordeaux Bègles,France,Rugby World Cup 2015
Yoann Huget,Wing,40,Toulouse,France,Rugby World Cup 2015
Noa Nakaitaci,Wing,4,Clermont,France,Rugby World Cup 2015
Brice Dulin,Fullback,20,Racing,France,Rugby World Cup 2015
Scott Spedding,Fullback,10,Clermont,France,Rugby World Cup 2015
Rory Best,Hooker,85,Ulster,Ireland,Rugby World Cup 2015
Seán Cronin,Hooker,45,Leinster,Ireland,Rugby World Cup 2015
Richardt Strauss,Hooker,10,Leinster,Ireland,Rugby World Cup 2015
Tadhg Furlong,Prop,2,Leinster,Ireland,Rugby World Cup 2015
Cian Healy,Prop,51,Leinster,Ireland,Rugby World Cup 2015
Jack McGrath,Prop,20,Leinster,Ireland,Rugby World Cup 2015
Mike Ross,Prop,52,Leinster,Ireland,Rugby World Cup 2015
Nathan White,Prop,3,Connacht,Ireland,Rugby World Cup 2015
Iain Henderson,Lock,19,Ulster,Ireland,Rugby World Cup 2015
Mike McCarthy,Lock,17,Leinster,Ireland,Rugby World Cup 2015
Paul O'Connell,Lock,104,Munster,Ireland,Rugby World Cup 2015
Donnacha Ryan,Lock,31,Munster,Ireland,Rugby World Cup 2015
Devin Toner,Lock,27,Leinster,Ireland,Rugby World Cup 2015
Chris Henry,Flanker,19,Ulster,Ireland,Rugby World Cup 2015
Jordi Murphy,Flanker,12,Leinster,Ireland,Rugby World Cup 2015
Seán O'Brien,Flanker,37,Leinster,Ireland,Rugby World Cup 2015
Peter O'Mahony,Flanker,32,Munster,Ireland,Rugby World Cup 2015
Rhys Ruddock,Flanker,5,Leinster,Ireland,Rugby World Cup 2015
Jamie Heaslip,Number 8,75,Leinster,Ireland,Rugby World Cup 2015
Isaac Boss,Scrum-half,22,Leinster,Ireland,Rugby World Cup 2015
Conor Murray,Scrum-half,37,Munster,Ireland,Rugby World Cup 2015
Eoin Reddan,Scrum-half,64,Leinster,Ireland,Rugby World Cup 2015
Paddy Jackson,Fly-half,12,Ulster,Ireland,Rugby World Cup 2015
Ian Madigan,Fly-half,21,Leinster,Ireland,Rugby World Cup 2015
Johnny Sexton,Fly-half,53,Leinster,Ireland,Rugby World Cup 2015
Darren Cave,Centre,10,Ulster,Ireland,Rugby World Cup 2015
Keith Earls,Centre,41,Munster,Ireland,Rugby World Cup 2015
Robbie Henshaw,Centre,12,Connacht,Ireland,Rugby World Cup 2015
Jared Payne,Centre,8,Ulster,Ireland,Rugby World Cup 2015
Tommy Bowe,Wing,63,Ulster,Ireland,Rugby World Cup 2015
Luke Fitzgerald,Wing,30,Leinster,Ireland,Rugby World Cup 2015
Dave Kearney,Wing,10,Leinster,Ireland,Rugby World Cup 2015
Simon Zebo,Wing,18,Munster,Ireland,Rugby World Cup 2015
Rob Kearney,Fullback,63,Leinster,Ireland,Rugby World Cup 2015
Leonardo Ghiraldini,Hooker,78,Leicester Tigers,Italy,Rugby World Cup 2015
Davide Giazzon,Hooker,21,Benetton Treviso,Italy,Rugby World Cup 2015
Andrea Manici,Hooker,13,Zebre,Italy,Rugby World Cup 2015
Matías Agüero,Prop,36,Unattached,Italy,Rugby World Cup 2015
Martin Castrogiovanni,Prop,113,Racing,Italy,Rugby World Cup 2015
Dario Chistolini,Prop,11,Zebre,Italy,Rugby World Cup 2015
Lorenzo Cittadini,Prop,40,Wasps,Italy,Rugby World Cup 2015
Alberto De Marchi,Prop,28,Benetton Treviso,Italy,Rugby World Cup 2015
Andrea Lovotti,Prop,0,Zebre,Italy,Rugby World Cup 2015
Michele Rizzo,Prop,19,Leicester Tigers,Italy,Rugby World Cup 2015
Valerio Bernabò,Lock,25,Zebre,Italy,Rugby World Cup 2015
Joshua Furno,Lock,31,Newcastle Falcons,Italy,Rugby World Cup 2015
Marco Fuser,Lock,5,Benetton Treviso,Italy,Rugby World Cup 2015
Quintin Geldenhuys,Lock,57,Zebre,Italy,Rugby World Cup 2015
Mauro Bergamasco,Flanker,104,Unattached,Italy,Rugby World Cup 2015
Simone Favaro,Flanker,24,Glasgow Warriors,Italy,Rugby World Cup 2015
Francesco Minto,Flanker,19,Benetton Treviso,Italy,Rugby World Cup 2015
Samuela Vunisa,Flanker,8,Saracens,Italy,Rugby World Cup 2015
Alessandro Zanni,Flanker,90,Benetton Treviso,Italy,Rugby World Cup 2015
Sergio Parisse,Number 8,113,Stade Français,Italy,Rugby World Cup 2015
Edoardo Gori,Scrum-half,43,Benetton Treviso,Italy,Rugby World Cup 2015
Guglielmo Palazzani,Scrum-half,11,Zebre,Italy,Rugby World Cup 2015
Marcello Violi,Scrum-half,2,Zebre,Italy,Rugby World Cup 2015
Tommaso Allan,Fly-half,17,Perpignan,Italy,Rugby World Cup 2015
Carlo Canna,Fly-half,3,Zebre,Italy,Rugby World Cup 2015
Enrico Bacchin,Centre,3,Benetton Treviso,Italy,Rugby World Cup 2015
Tommaso Benvenuti,Centre,31,Bristol,Italy,Rugby World Cup 2015
Michele Campagnaro,Centre,14,Exeter Chiefs,Italy,Rugby World Cup 2015
Gonzalo García,Centre,37,Zebre,Italy,Rugby World Cup 2015
Leonardo Sarto,Wing,19,Zebre,Italy,Rugby World Cup 2015
Giovanbattista Venditti,Wing,29,Newcastle Falcons,Italy,Rugby World Cup 2015
Michele Visentin,Wing,1,Zebre,Italy,Rugby World Cup 2015
Andrea Masi,Fullback,94,Wasps,Italy,Rugby World Cup 2015
Luke McLean,Fullback,71,Benetton Treviso,Italy,Rugby World Cup 2015
Eugen Căpățână,Hooker,18,Timișoara Saracens,Romania,Rugby World Cup 2015
Andrei Rădoi,Hooker,46,Timișoara Saracens,Romania,Rugby World Cup 2015
Otar Turashvili,Hooker,21,Colomiers,Romania,Rugby World Cup 2015
Mihai Lazăr,Prop,47,Castres,Romania,Rugby World Cup 2015
Paulică Ion,Prop,70,Perpignan,Romania,Rugby World Cup 2015
Horațiu Pungea,Prop,26,Oyonnax,Romania,Rugby World Cup 2015
Alexandru Țăruș,Prop,7,Timișoara Saracens,Romania,Rugby World Cup 2015
Andrei Ursache,Prop,22,Carcassonne,Romania,Rugby World Cup 2015
Marius Antonescu,Lock,9,Tarbes,Romania,Rugby World Cup 2015
Valentin Popârlan,Lock,47,Timișoara Saracens,Romania,Rugby World Cup 2015
Valentin Ursache,Lock,60,Oyonnax,Romania,Rugby World Cup 2015
Johan van Heerden,Lock,1,Baia Mare,Romania,Rugby World Cup 2015
Stelian Burcea,Flanker,50,Timișoara Saracens,Romania,Rugby World Cup 2015
Viorel Lucaci,Flanker,42,Steaua București,Romania,Rugby World Cup 2015
Mihai Macovei,Flanker,64,Colomiers,Romania,Rugby World Cup 2015
Daniel Carpo,Number 8,51,Steaua București,Romania,Rugby World Cup 2015
Ovidiu Tonița,Number 8,70,Provence,Romania,Rugby World Cup 2015
Vlad Nistor,Number 8,14,Castres,Romania,Rugby World Cup 2015
Tudorel Bratu,Scrum-half,0,Dinamo,Romania,Rugby World Cup 2015
Valentin Calafeteanu,Scrum-half,73,Timișoara Saracens,Romania,Rugby World Cup 2015
Florin Surugiu,Scrum-half,51,Steaua București,Romania,Rugby World Cup 2015
Dănuț Dumbravă,Fly-half,72,Steaua București,Romania,Rugby World Cup 2015
Michael Wiringi,Fly-half,1,Baia Mare,Romania,Rugby World Cup 2015
Csaba Gál,Centre,84,Cluj,Romania,Rugby World Cup 2015
Paula Kinikinilau,Centre,1,Timișoara Saracens,Romania,Rugby World Cup 2015
Florin Vlaicu,Centre,81,Steaua București,Romania,Rugby World Cup 2015
Adrian Apostol,Wing,19,Baia Mare,Romania,Rugby World Cup 2015
Ionuț Botezatu,Wing,27,Baia Mare,Romania,Rugby World Cup 2015
Florin Ioniță,Wing,17,Steaua București,Romania,Rugby World Cup 2015
Mădălin Lemnaru,Wing,27,Timișoara Saracens,Romania,Rugby World Cup 2015
Cătălin Fercu,Fullback,80,Saracens,Romania,Rugby World Cup 2015
Sabin Strătilă,Fullback,1,Steaua București,Romania,Rugby World Cup 2015
21,"Glasgow Warriors,  UAR",0,"Glasgow Warriors,  UAR",Player representation by club,Rugby World Cup 2015
17,Leinster,0,Leinster,Player representation by club,Rugby World Cup 2015
16,Saracens,0,Saracens,Player representation by club,Rugby World Cup 2015
14,Toulon,0,Toulon,Player representation by club,Rugby World Cup 2015
13,New South Wales Waratahs,0,New South Wales Waratahs,Player representation by club,Rugby World Cup 2015
12,Bath,0,Bath,Player representation by club,Rugby World Cup 2015
11,"Clermont,  Ospreys,  Racing",0,"Clermont,  Ospreys,  Racing",Player representation by club,Rugby World Cup 2015
10,"Crusaders,  Hurricanes",0,"Crusaders,  Hurricanes",Player representation by club,Rugby World Cup 2015
620,620,0,—,Player representation by league,Rugby World Cup 2015
18,18,0,—,Player representation by league,Rugby World Cup 2015
103,103,72,72,Player representation by league,Rugby World Cup 2015
121,121,90,90,Player representation by league,Rugby World Cup 2015
11,11,0,—,Player representation by league,Rugby World Cup 2015
33,33,5,5,Player representation by league,Rugby World Cup 2015
11,11,0,—,Player representation by league,Rugby World Cup 2015
26,26,5,5,Player representation by league,Rugby World Cup 2015
19,19,0,—,Player representation by league,Rugby World Cup 2015
26,26,0,—,Player representation by league,Rugby World Cup 2015
17,17,1,1,Player representation by league,Rugby World Cup 2015
29,29,5,5,Player representation by league,Rugby World Cup 2015
28,28,7,7,Player representation by league,Rugby World Cup 2015
33,33,4,4,Player representation by league,Rugby World Cup 2015
36,36,5,5,Player representation by league,Rugby World Cup 2015
22,22,3,3,Player representation by league,Rugby World Cup 2015
21,21,15,15,Player representation by league,Rugby World Cup 2015
13,13,0,—,Player representation by league,Rugby World Cup 2015
Guido Petti,27,0,Guido Petti,Player representation by league,Rugby World Cup 2015
Sean McMahon,27,0,Sean McMahon,Player representation by league,Rugby World Cup 2015
Djustice Sears-Duru,28,0,Djustice Sears-Duru,Player representation by league,Rugby World Cup 2015
Anthony Watson,26,0,Anthony Watson,Player representation by league,Rugby World Cup 2015
Peceli Yato,29,0,Peceli Yato,Player representation by league,Rugby World Cup 2015
Gaël Fickou,28,0,Gaël Fickou,Player representation by league,Rugby World Cup 2015
Vasil Lobzhanidze,26,0,Vasil Lobzhanidze,Player representation by league,Rugby World Cup 2015
Robbie Henshaw,28,0,Robbie Henshaw,Player representation by league,Rugby World Cup 2015
Marcello Violi,28,0,Marcello Violi,Player representation by league,Rugby World Cup 2015
Yoshikazu Fujita,29,0,Yoshikazu Fujita,Player representation by league,Rugby World Cup 2015
Damian Stevens,26,0,Damian Stevens,Player representation by league,Rugby World Cup 2015
Malakai Fekitoa,28,0,Malakai Fekitoa,Player representation by league,Rugby World Cup 2015
Sabin Strătilă,29,0,Sabin Strătilă,Player representation by league,Rugby World Cup 2015
Vavao Afemai,29,0,Vavao Afemai,Player representation by league,Rugby World Cup 2015
Jonny Gray,27,0,Jonny Gray,Player representation by league,Rugby World Cup 2015
Handré Pollard,28,0,Handré Pollard,Player representation by league,Rugby World Cup 2015
Latiume Fosita,30,0,Latiume Fosita,Player representation by league,Rugby World Cup 2015
Titi Lamositele,27,0,Titi Lamositele,Player representation by league,Rugby World Cup 2015
Germán Kessler,26,0,Germán Kessler,Player representation by league,Rugby World Cup 2015
Hallam Amos,26,0,Hallam Amos,Player representation by league,Rugby World Cup 2015
Waisake Naholo,1484,1484,Waisake Naholo,Squad caps,Rugby World Cup 2015
Rudy Paige,1297,1297,Rudy Paige,Squad caps,Rugby World Cup 2015
Toby Smith,1263,1263,Toby Smith,Squad caps,Rugby World Cup 2015
Tudorel Bratu,1185,1185,Tudorel Bratu,Squad caps,Rugby World Cup 2015
Marcello Violi,1181,1181,Marcello Violi,Squad caps,Rugby World Cup 2015
Giorgi Pruidze,1148,1148,Giorgi Pruidze,Squad caps,Rugby World Cup 2015
Tadhg Furlong,1066,1066,Tadhg Furlong,Squad caps,Rugby World Cup 2015
Dominic Day,1051,1051,Dominic Day Tomas Francis Ross Moriarty,Squad caps,Rugby World Cup 2015
Amanaki Mafi,1016,1016,Amanaki Mafi,Squad caps,Rugby World Cup 2015
Alexandre Dumoulin,1002,1002,Alexandre Dumoulin Sofiane Guitoune Noa Nakaitaci,Squad caps,Rugby World Cup 2015
Juan Pablo Socino,871,871,Juan Pablo Socino,Squad caps,Rugby World Cup 2015
Matías Beer,866,866,Matías Beer,Squad caps,Rugby World Cup 2015
Henry Slade,784,784,Henry Slade,Squad caps,Rugby World Cup 2015
Josh Strauss,713,713,Josh Strauss,Squad caps,Rugby World Cup 2015
Evan Olmstead,692,692,Evan Olmstead,Squad caps,Rugby World Cup 2015
Lee Roy Atalifo,619,619,Lee Roy Atalifo,Squad caps,Rugby World Cup 2015
Joe Taufete'e,567,567,Joe Taufete'e,Squad caps,Rugby World Cup 2015
Sosefo Maʻake,527,527,Sosefo Maʻake,Squad caps,Rugby World Cup 2015
Wian Conradie,505,505,Wian Conradie Damian Stevens,Squad caps,Rugby World Cup 2015
Tim Nanai-Williams,505,505,Tim Nanai-Williams,Squad caps,Rugby World Cup 2015
62 Players,2,2,2,By tournaments,Rugby World Cup 2015
158 Players,1,1,1,By tournaments,Rugby World Cup 2015
380 Players,0,0,0,By tournaments,Rugby World Cup 2015
Argentina,Mario Ledesma,0,Pablo Matera,Overview,Rugby World Cup 2019
Australia,Michael Cheika,0,Michael Hooper,Overview,Rugby World Cup 2019
Canada,Kingsley Jones,0,Tyler Ardron,Overview,Rugby World Cup 2019
England,Eddie Jones,0,Owen Farrell,Overview,Rugby World Cup 2019
Fiji,John McKee,0,Dominiko Waqaniburotu,Overview,Rugby World Cup 2019
France,Jacques Brunel,0,Guilhem Guirado,Overview,Rugby World Cup 2019
Georgia,Milton Haig,0,Merab Sharikadze,Overview,Rugby World Cup 2019
Ireland,Joe Schmidt,0,Rory Best,Overview,Rugby World Cup 2019
Italy,Conor O'Shea,0,Sergio Parisse,Overview,Rugby World Cup 2019
Japan,Jamie Joseph,0,Michael Leitch,Overview,Rugby World Cup 2019
Namibia,Phil Davies,0,Johan Deysel,Overview,Rugby World Cup 2019
New Zealand,Steve Hansen,0,Kieran Read,Overview,Rugby World Cup 2019
Russia,Lyn Jones,0,Vasily Artemyev,Overview,Rugby World Cup 2019
Samoa,Steve Jackson,0,Jack Lam,Overview,Rugby World Cup 2019
Scotland,Gregor Townsend,0,Stuart McInally,Overview,Rugby World Cup 2019
South Africa,Rassie Erasmus,0,Siya Kolisi,Overview,Rugby World Cup 2019
Tonga,Toutai Kefu,0,Siale Piutau,Overview,Rugby World Cup 2019
United States,Gary Gold,0,Blaine Scully,Overview,Rugby World Cup 2019
Uruguay,Esteban Meneses,0,Juan Manuel Gaminara,Overview,Rugby World Cup 2019
Wales,Warren Gatland,0,Alun Wyn Jones,Overview,Rugby World Cup 2019
Rory Best,Hooker,120,Ulster,Ireland,Rugby World Cup 2019
Seán Cronin,Hooker,70,Leinster,Ireland,Rugby World Cup 2019
Niall Scannell,Hooker,16,Munster,Ireland,Rugby World Cup 2019
Rob Herring,Hooker,7,Ulster,Ireland,Rugby World Cup 2019
Tadhg Furlong,Prop,36,Leinster,Ireland,Rugby World Cup 2019
Cian Healy,Prop,91,Leinster,Ireland,Rugby World Cup 2019
Dave Kilcoyne,Prop,31,Munster,Ireland,Rugby World Cup 2019
Andrew Porter,Prop,18,Leinster,Ireland,Rugby World Cup 2019
John Ryan,Prop,20,Munster,Ireland,Rugby World Cup 2019
Tadhg Beirne,Lock,8,Munster,Ireland,Rugby World Cup 2019
Iain Henderson,Lock,48,Ulster,Ireland,Rugby World Cup 2019
Jean Kleyn,Lock,3,Munster,Ireland,Rugby World Cup 2019
James Ryan,Lock,19,Leinster,Ireland,Rugby World Cup 2019
Jack Conan,Back row,16,Leinster,Ireland,Rugby World Cup 2019
Jordi Murphy,Back row,29,Ulster,Ireland,Rugby World Cup 2019
Peter O'Mahony,Back row,59,Munster,Ireland,Rugby World Cup 2019
Rhys Ruddock,Back row,23,Leinster,Ireland,Rugby World Cup 2019
CJ Stander,Back row,33,Munster,Ireland,Rugby World Cup 2019
Josh van der Flier,Back row,19,Leinster,Ireland,Rugby World Cup 2019
Luke McGrath,Scrum-half,14,Leinster,Ireland,Rugby World Cup 2019
Conor Murray,Scrum-half,77,Munster,Ireland,Rugby World Cup 2019
Joey Carbery,Fly-half,19,Munster,Ireland,Rugby World Cup 2019
Jack Carty,Fly-half,7,Connacht,Ireland,Rugby World Cup 2019
Johnny Sexton,Fly-half,84,Leinster,Ireland,Rugby World Cup 2019
Bundee Aki,Centre,20,Connacht,Ireland,Rugby World Cup 2019
Chris Farrell,Centre,7,Munster,Ireland,Rugby World Cup 2019
Robbie Henshaw,Centre,38,Leinster,Ireland,Rugby World Cup 2019
Garry Ringrose,Centre,24,Leinster,Ireland,Rugby World Cup 2019
Andrew Conway,Wing,15,Munster,Ireland,Rugby World Cup 2019
Keith Earls,Wing,78,Munster,Ireland,Rugby World Cup 2019
Jacob Stockdale,Wing,21,Ulster,Ireland,Rugby World Cup 2019
Rob Kearney,Fullback,92,Leinster,Ireland,Rugby World Cup 2019
Jordan Larmour,Fullback,16,Leinster,Ireland,Rugby World Cup 2019
Shota Horie,Hooker,61,Panasonic Wild Knights,Japan,Rugby World Cup 2019
Takuya Kitade,Hooker,1,Suntory Sungoliath,Japan,Rugby World Cup 2019
Atsushi Sakate,Hooker,17,Panasonic Wild Knights,Japan,Rugby World Cup 2019
Asaeli Ai Valu,Prop,9,Panasonic Wild Knights,Japan,Rugby World Cup 2019
Keita Inagaki,Prop,29,Panasonic Wild Knights,Japan,Rugby World Cup 2019
Koo Ji-won,Prop,8,Honda Heat,Japan,Rugby World Cup 2019
Yusuke Kizu,Prop,3,Toyota Verblitz,Japan,Rugby World Cup 2019
Isileli Nakajima,Prop,3,Kobelco Steelers,Japan,Rugby World Cup 2019
Uwe Helu,Lock,14,Yamaha Júbilo,Japan,Rugby World Cup 2019
James Moore,Lock,3,Munakata Sanix Blues,Japan,Rugby World Cup 2019
Luke Thompson,Lock,67,Kintetsu Liners,Japan,Rugby World Cup 2019
Wimpie van der Walt,Lock,12,NTT DoCoMo Red Hurricanes,Japan,Rugby World Cup 2019
Kazuki Himeno,Loose forward,12,Toyota Verblitz,Japan,Rugby World Cup 2019
Michael Leitch,Loose forward,63,Toshiba Brave Lupus,Japan,Rugby World Cup 2019
Lappies Labuschagné,Loose forward,3,Kubota Spears,Japan,Rugby World Cup 2019
Amanaki Mafi,Loose forward,25,NTT Communications Shining Arcs,Japan,Rugby World Cup 2019
Yoshitaka Tokunaga,Loose forward,12,Toshiba Brave Lupus,Japan,Rugby World Cup 2019
Hendrik Tui,Loose forward,44,Suntory Sungoliath,Japan,Rugby World Cup 2019
Yutaka Nagare,Scrum-half,19,Suntory Sungoliath,Japan,Rugby World Cup 2019
Kaito Shigeno,Scrum-half,10,Toyota Verblitz,Japan,Rugby World Cup 2019
Fumiaki Tanaka,Scrum-half,70,Canon Eagles,Japan,Rugby World Cup 2019
Rikiya Matsuda,Fly-half,20,Panasonic Wild Knights,Japan,Rugby World Cup 2019
Yu Tamura,Fly-half,57,Canon Eagles,Japan,Rugby World Cup 2019
Timothy Lafaele,Centre,18,Kubota Spears,Japan,Rugby World Cup 2019
Ryoto Nakamura,Centre,19,Suntory Sungoliath,Japan,Rugby World Cup 2019
Will Tupou,Centre,10,Coca-Cola Red Sparks,Japan,Rugby World Cup 2019
Kenki Fukuoka,Wing,34,Panasonic Wild Knights,Japan,Rugby World Cup 2019
Lomano Lemeki,Wing,11,Honda Heat,Japan,Rugby World Cup 2019
Ataata Moeakiola,Wing,4,Kobelco Steelers,Japan,Rugby World Cup 2019
Kotaro Matsushima,Fullback,34,Suntory Sungoliath,Japan,Rugby World Cup 2019
Ryohei Yamanaka,Fullback,13,Kobelco Steelers,Japan,Rugby World Cup 2019
Sergey Chernyshev,Hooker,10,Slava Moscow,Russia,Rugby World Cup 2019
Evgeny Matveev,Hooker,58,VVA-Podmoskovye,Russia,Rugby World Cup 2019
Stanislav Sel'skiy,Hooker,35,Enisey-STM,Russia,Rugby World Cup 2019
Azamat Bitiev,Prop,19,Krasny Yar,Russia,Rugby World Cup 2019
Kirill Gotovtsev,Prop,3,Krasny Yar,Russia,Rugby World Cup 2019
Valery Morozov,Prop,17,Sale Sharks,Russia,Rugby World Cup 2019
Vladimir Podrezov,Prop,25,VVA-Podmoskovye,Russia,Rugby World Cup 2019
Andrey Polivalov,Prop,25,VVA-Podmoskovye,Russia,Rugby World Cup 2019
Evgeny Elgin,Lock,24,Enisey-STM,Russia,Rugby World Cup 2019
Bogdan Fedotko,Lock,20,Krasny Yar,Russia,Rugby World Cup 2019
Andrey Garbuzov,Lock,94,Krasny Yar,Russia,Rugby World Cup 2019
Andrei Ostrikov,Lock,33,Grenoble,Russia,Rugby World Cup 2019
Tagir Gadzhiev,Back row,27,Kuban,Russia,Rugby World Cup 2019
Victor Gresev,Back row,98,Krasny Yar,Russia,Rugby World Cup 2019
Roman Khodin,Back row,4,Kuban,Russia,Rugby World Cup 2019
Anton Sychev,Back row,14,Metallurg,Russia,Rugby World Cup 2019
Nikita Vavilin,Back row,10,Slava Moscow,Russia,Rugby World Cup 2019
Vitaly Zhivatov,Back row,9,VVA-Podmoskovye,Russia,Rugby World Cup 2019
Vasily Dorofeev,Scrum-half,22,Krasny Yar,Russia,Rugby World Cup 2019
Dmitry Perov,Scrum-half,10,VVA-Podmoskovye,Russia,Rugby World Cup 2019
Ramil Gaisin,Fly-half,44,Enisey-STM,Russia,Rugby World Cup 2019
Yuri Kushnarev,Fly-half,109,Krasny Yar,Russia,Rugby World Cup 2019
Sergey Yanyushkin,Fly-half,15,Lokomotiv Penza,Russia,Rugby World Cup 2019
Igor Galinovskiy,Centre,49,Krasny Yar,Russia,Rugby World Cup 2019
Dmitry Gerasimov,Centre,64,Enisey-STM,Russia,Rugby World Cup 2019
Kirill Golosnitsky,Centre,9,Krasny Yar,Russia,Rugby World Cup 2019
Vladimir Ostroushko,Centre,46,Kuban,Russia,Rugby World Cup 2019
German Davydov,Wing,17,VVA-Podmoskovye,Russia,Rugby World Cup 2019
Denis Simplikevich,Wing,28,Enisey-STM,Russia,Rugby World Cup 2019
Vladislav Sozonov,Wing,8,VVA-Podmoskovye,Russia,Rugby World Cup 2019
Vasily Artemyev,Fullback,86,Krasny Yar,Russia,Rugby World Cup 2019
Seilala Lam,Hooker,13,Perpignan,Samoa,Rugby World Cup 2019
Motu Matu'u,Hooker,21,London Irish,Samoa,Rugby World Cup 2019
Ray Niuia,Hooker,4,Highlanders,Samoa,Rugby World Cup 2019
Michael Alaalatoa,Prop,1,Crusaders,Samoa,Rugby World Cup 2019
Paul Alo-Emile,Prop,13,Stade Français,Samoa,Rugby World Cup 2019
James Lay,Prop,10,Bristol Bears,Samoa,Rugby World Cup 2019
Jordan Lay,Prop,16,Bristol Bears,Samoa,Rugby World Cup 2019
Logovi'i Mulipola,Prop,30,Newcastle Falcons,Samoa,Rugby World Cup 2019
Kane Le'aupepe,Lock,6,Hurricanes,Samoa,Rugby World Cup 2019
Filo Paulo,Lock,34,Unattached,Samoa,Rugby World Cup 2019
Senio Toleafoa,Lock,2,Nevers,Samoa,Rugby World Cup 2019
Josh Tyrell,Lock,7,Oyonnax,Samoa,Rugby World Cup 2019
Afa Amosa,Loose forward,3,Bordeaux-Bègles,Samoa,Rugby World Cup 2019
Piula Faʻasalele,Loose forward,18,Perpignan,Samoa,Rugby World Cup 2019
TJ Ioane,Loose forward,21,London Irish,Samoa,Rugby World Cup 2019
Jack Lam,Loose forward,35,Unattached,Samoa,Rugby World Cup 2019
Alamanda Motuga,Loose forward,1,Manurewa RFC,Samoa,Rugby World Cup 2019
Chris Vui,Loose forward,14,Bristol Bears,Samoa,Rugby World Cup 2019
Pele Cowley,Scrum-half,12,Ponsonby,Samoa,Rugby World Cup 2019
Scott Malolua,Scrum-half,1,Queensland Reds,Samoa,Rugby World Cup 2019
Melani Matavao,Scrum-half,9,Aana Chiefs,Samoa,Rugby World Cup 2019
Dwayne Polataivao,Scrum-half,13,Unattached,Samoa,Rugby World Cup 2019
AJ Alatimu,Fly-half,5,Western Force,Samoa,Rugby World Cup 2019
Tusi Pisi,Fly-half,38,Toyota Industries Shuttles,Samoa,Rugby World Cup 2019
UJ Seuteni,Fly-half,2,Bordeaux-Bègles,Samoa,Rugby World Cup 2019
Kieron Fonotia,Centre,9,Scarlets,Samoa,Rugby World Cup 2019
Rey Lee-Lo,Centre,25,Cardiff Blues,Samoa,Rugby World Cup 2019
Henry Taefu,Centre,3,Western Force,Samoa,Rugby World Cup 2019
Ed Fidow,Wing,8,Worcester Warriors,Samoa,Rugby World Cup 2019
Alapati Leiua,Wing,27,Bristol Bears,Samoa,Rugby World Cup 2019
Belgium Tuatagaloa,Wing,3,Unattached,Samoa,Rugby World Cup 2019
Tim Nanai-Williams,Fullback,12,Clermont Auvergne,Samoa,Rugby World Cup 2019
Ahsee Tuala,Fullback,20,Northampton Saints,Samoa,Rugby World Cup 2019
Fraser Brown,Hooker,42,Glasgow Warriors,Scotland,Rugby World Cup 2019
Stuart McInally,Hooker,29,Edinburgh,Scotland,Rugby World Cup 2019
George Turner,Hooker,8,Glasgow Warriors,Scotland,Rugby World Cup 2019
Simon Berghan,Prop,22,Edinburgh,Scotland,Rugby World Cup 2019
Allan Dell,Prop,25,London Irish,Scotland,Rugby World Cup 2019
Zander Fagerson,Prop,22,Glasgow Warriors,Scotland,Rugby World Cup 2019
WP Nel,Prop,31,Edinburgh,Scotland,Rugby World Cup 2019
Gordon Reid,Prop,37,Ayrshire Bulls,Scotland,Rugby World Cup 2019
Scott Cummings,Lock,4,Glasgow Warriors,Scotland,Rugby World Cup 2019
Grant Gilchrist,Lock,36,Edinburgh,Scotland,Rugby World Cup 2019
Jonny Gray,Lock,52,Glasgow Warriors,Scotland,Rugby World Cup 2019
Ben Toolis,Lock,21,Edinburgh,Scotland,Rugby World Cup 2019
John Barclay,Back row,74,Edinburgh,Scotland,Rugby World Cup 2019
Magnus Bradbury,Back row,8,Edinburgh,Scotland,Rugby World Cup 2019
Jamie Ritchie,Back row,12,Edinburgh,Scotland,Rugby World Cup 2019
Blade Thomson,Back row,2,Scarlets,Scotland,Rugby World Cup 2019
Hamish Watson,Back row,27,Edinburgh,Scotland,Rugby World Cup 2019
Ryan Wilson,Back row,45,Glasgow Warriors,Scotland,Rugby World Cup 2019
George Horne,Scrum-half,7,Glasgow Warriors,Scotland,Rugby World Cup 2019
Greig Laidlaw,Scrum-half,73,Clermont Auvergne,Scotland,Rugby World Cup 2019
Ali Price,Scrum-half,27,Glasgow Warriors,Scotland,Rugby World Cup 2019
Henry Pyrgos,Scrum-half,27,Edinburgh,Scotland,Rugby World Cup 2019
Adam Hastings,Fly-half,14,Glasgow Warriors,Scotland,Rugby World Cup 2019
Finn Russell,Fly-half,46,Racing 92,Scotland,Rugby World Cup 2019
Chris Harris,Centre,10,Gloucester,Scotland,Rugby World Cup 2019
Peter Horne,Centre,43,Glasgow Warriors,Scotland,Rugby World Cup 2019
Sam Johnson,Centre,6,Glasgow Warriors,Scotland,Rugby World Cup 2019
Duncan Taylor,Centre,23,Saracens,Scotland,Rugby World Cup 2019
Darcy Graham,Wing,7,Edinburgh,Scotland,Rugby World Cup 2019
Sean Maitland,Wing,42,Saracens,Scotland,Rugby World Cup 2019
Tommy Seymour,Wing,52,Glasgow Warriors,Scotland,Rugby World Cup 2019
Stuart Hogg,Fullback,69,Exeter Chiefs,Scotland,Rugby World Cup 2019
Blair Kinghorn,Fullback,15,Edinburgh,Scotland,Rugby World Cup 2019
Eric Howard,Hooker,23,New Orleans Gold,Canada,Rugby World Cup 2019
Benoît Piffero,Hooker,24,Blagnac SCR,Canada,Rugby World Cup 2019
Andrew Quattrin,Hooker,3,Toronto Arrows,Canada,Rugby World Cup 2019
Hubert Buydens,Prop,55,New Orleans Gold,Canada,Rugby World Cup 2019
Jake Ilnicki,Prop,36,Seattle Seawolves,Canada,Rugby World Cup 2019
Cole Keith,Prop,14,Toronto Arrows,Canada,Rugby World Cup 2019
Djustice Sears-Duru,Prop,49,Seattle Seawolves,Canada,Rugby World Cup 2019
Matt Tierney,Prop,20,Castres,Canada,Rugby World Cup 2019
Conor Keys,Lock,16,Unattached,Canada,Rugby World Cup 2019
Josh Larsen,Lock,12,New England Free Jacks,Canada,Rugby World Cup 2019
Evan Olmstead,Lock,31,Unattached,Canada,Rugby World Cup 2019
Mike Sheppard,Lock,8,Toronto Arrows,Canada,Rugby World Cup 2019
Tyler Ardron,Back row,34,Chiefs,Canada,Rugby World Cup 2019
Kyle Baillie,Back row,28,New Orleans Gold,Canada,Rugby World Cup 2019
Justin Blanchet,Back row,6,Unattached,Canada,Rugby World Cup 2019
Luke Campbell,Back row,12,Toronto Arrows,Canada,Rugby World Cup 2019
Matt Heaton,Back row,25,Rugby ATL,Canada,Rugby World Cup 2019
Lucas Rumball,Back row,32,Toronto Arrows,Canada,Rugby World Cup 2019
Phil Mack,Scrum-half,57,Seattle Seawolves,Canada,Rugby World Cup 2019
Jamie Mackenzie,Scrum-half,19,Toronto Arrows,Canada,Rugby World Cup 2019
Gordon McRorie,Scrum-half,43,Calgary Hornets,Canada,Rugby World Cup 2019
Shane O'Leary,Fly-half,13,Nottingham,Canada,Rugby World Cup 2019
Pat Parfrey,Fly-half,30,Toronto Arrows,Canada,Rugby World Cup 2019
Nick Blevins,Centre,62,Calgary Hornets,Canada,Rugby World Cup 2019
Giuseppe du Toit,Centre,13,Toronto Arrows,Canada,Rugby World Cup 2019
Ciaran Hearn,Centre,70,Unattached,Canada,Rugby World Cup 2019
Ben LeSage,Centre,15,Calgary Canucks,Canada,Rugby World Cup 2019
Conor Trainor,Centre,34,USO Nevers,Canada,Rugby World Cup 2019
Jeff Hassler,Wing,24,Seattle Seawolves,Canada,Rugby World Cup 2019
Kainoa Lloyd,Wing,11,Toronto Arrows,Canada,Rugby World Cup 2019
Taylor Paris,Wing,27,Castres,Canada,Rugby World Cup 2019
D. T. H. van der Merwe,Wing,58,Glasgow Warriors,Canada,Rugby World Cup 2019
Andrew Coe,Fullback,11,Markham Irish,Canada,Rugby World Cup 2019
Peter Nelson,Fullback,4,Unattached,Canada,Rugby World Cup 2019
Theo Sauder,Fullback,8,Toronto Arrows,Canada,Rugby World Cup 2019
Luca Bigi,Hooker,21,Zebre,Italy,Rugby World Cup 2019
Oliviero Fabiani,Hooker,9,Zebre,Italy,Rugby World Cup 2019
Leonardo Ghiraldini,Hooker,104,Unattached,Italy,Rugby World Cup 2019
Simone Ferrari,Prop,26,Benetton,Italy,Rugby World Cup 2019
Danilo Fischetti,Prop,0,Zebre,Italy,Rugby World Cup 2019
Andrea Lovotti,Prop,38,Zebre,Italy,Rugby World Cup 2019
Tiziano Pasquali,Prop,20,Benetton,Italy,Rugby World Cup 2019
Nicola Quaglio,Prop,11,Benetton,Italy,Rugby World Cup 2019
Marco Riccioni,Prop,4,Benetton,Italy,Rugby World Cup 2019
Federico Zani,Prop,11,Benetton,Italy,Rugby World Cup 2019
Giosuè Zilocchi,Prop,2,Zebre,Italy,Rugby World Cup 2019
Dean Budd,Lock,23,Benetton,Italy,Rugby World Cup 2019
Federico Ruzza,Lock,15,Benetton,Italy,Rugby World Cup 2019
Dave Sisi,Lock,7,Zebre,Italy,Rugby World Cup 2019
Alessandro Zanni,Lock,115,Benetton,Italy,Rugby World Cup 2019
Maxime Mbanda,Back row,18,Zebre,Italy,Rugby World Cup 2019
Sebastian Negri,Back row,20,Benetton,Italy,Rugby World Cup 2019
Sergio Parisse,Back row,140,Toulon,Italy,Rugby World Cup 2019
Jake Polledri,Back row,10,Gloucester,Italy,Rugby World Cup 2019
Braam Steyn,Back row,33,Benetton,Italy,Rugby World Cup 2019
Callum Braley,Scrum-half,3,Gloucester,Italy,Rugby World Cup 2019
Guglielmo Palazzani,Scrum-half,34,Zebre,Italy,Rugby World Cup 2019
Tito Tebaldi,Scrum-half,34,Benetton,Italy,Rugby World Cup 2019
Tommaso Allan,Fly-half,51,Benetton,Italy,Rugby World Cup 2019
Carlo Canna,Fly-half,36,Zebre,Italy,Rugby World Cup 2019
Tommaso Benvenuti,Centre,59,Benetton,Italy,Rugby World Cup 2019
Michele Campagnaro,Centre,44,Harlequins,Italy,Rugby World Cup 2019
Luca Morisi,Centre,27,Benetton,Italy,Rugby World Cup 2019
Mattia Bellini,Wing,20,Zebre,Italy,Rugby World Cup 2019
Giulio Bisegni,Wing,13,Zebre,Italy,Rugby World Cup 2019
Matteo Minozzi,Fullback,13,Wasps,Italy,Rugby World Cup 2019
Jayden Hayward,Fullback,20,Benetton,Italy,Rugby World Cup 2019
Edoardo Padovani,Fullback,23,Zebre,Italy,Rugby World Cup 2019
Obert Nortjé,Hooker,15,Welwitschias,Namibia,Rugby World Cup 2019
Louis van der Westhuizen,Hooker,19,Welwitschias,Namibia,Rugby World Cup 2019
Torsten van Jaarsveld,Hooker,14,Bayonne,Namibia,Rugby World Cup 2019
Aranos Coetzee,Prop,21,Free State Cheetahs,Namibia,Rugby World Cup 2019
AJ de Klerk,Prop,28,Welwitschias,Namibia,Rugby World Cup 2019
André Rademeyer,Prop,3,Welwitschias,Namibia,Rugby World Cup 2019
Des Sethie,Prop,12,Welwitschias,Namibia,Rugby World Cup 2019
Nelius Theron,Prop,5,Leopards,Namibia,Rugby World Cup 2019
Johan Retief,Lock,7,Leopards,Namibia,Rugby World Cup 2019
Tjiuee Uanivi,Lock,30,Massy,Namibia,Rugby World Cup 2019
PJ van Lill,Lock,49,Bayonne,Namibia,Rugby World Cup 2019
Adriaan Booysen,Loose forward,5,Welwitschias,Namibia,Rugby World Cup 2019
Wian Conradie,Loose forward,17,Welwitschias,Namibia,Rugby World Cup 2019
Thomasau Forbes,Loose forward,17,Welwitschias,Namibia,Rugby World Cup 2019
Prince ǃGaoseb,Loose forward,2,Welwitschias,Namibia,Rugby World Cup 2019
Max Katjijeko,Loose forward,13,Welwitschias,Namibia,Rugby World Cup 2019
Rohan Kitshoff,Loose forward,44,Welwitschias,Namibia,Rugby World Cup 2019
Janco Venter,Loose forward,25,Jersey Reds,Namibia,Rugby World Cup 2019
Eugene Jantjies,Scrum-half,67,Welwitschias,Namibia,Rugby World Cup 2019
Damian Stevens,Scrum-half,25,Boland Cavaliers,Namibia,Rugby World Cup 2019
TC Kisting,Fly-half,8,Baia Mare,Namibia,Rugby World Cup 2019
Cliven Loubser,Fly-half,15,Welwitschias,Namibia,Rugby World Cup 2019
Darryl de la Harpe,Centre,48,Welwitschias,Namibia,Rugby World Cup 2019
Johan Deysel,Centre,24,Colomiers,Namibia,Rugby World Cup 2019
Justin Newman,Centre,14,Welwitschias,Namibia,Rugby World Cup 2019
Janry du Toit,Centre,2,Welwitschias,Namibia,Rugby World Cup 2019
JC Greyling,Wing,32,Welwitschias,Namibia,Rugby World Cup 2019
Lesley Klim,Wing,11,Ospreys,Namibia,Rugby World Cup 2019
PJ Walters,Wing,0,Welwitschias,Namibia,Rugby World Cup 2019
Chad Plato,Fullback,2,Welwitschias,Namibia,Rugby World Cup 2019
Johann Tromp,Fullback,40,Welwitschias,Namibia,Rugby World Cup 2019
Dane Coles,Hooker,64,Hurricanes,New Zealand,Rugby World Cup 2019
Liam Coltman,Hooker,6,Highlanders,New Zealand,Rugby World Cup 2019
Codie Taylor,Hooker,45,Crusaders,New Zealand,Rugby World Cup 2019
Nepo Laulala,Prop,20,Chiefs,New Zealand,Rugby World Cup 2019
Joe Moody,Prop,41,Crusaders,New Zealand,Rugby World Cup 2019
Atu Moli,Prop,2,Chiefs,New Zealand,Rugby World Cup 2019
Angus Ta'avao,Prop,8,Chiefs,New Zealand,Rugby World Cup 2019
Ofa Tu'ungafasi,Prop,30,Blues,New Zealand,Rugby World Cup 2019
Scott Barrett,Lock,31,Crusaders,New Zealand,Rugby World Cup 2019
Brodie Retallick,Lock,77,Chiefs,New Zealand,Rugby World Cup 2019
Patrick Tuipulotu,Lock,25,Blues,New Zealand,Rugby World Cup 2019
Sam Whitelock,Lock,112,Crusaders,New Zealand,Rugby World Cup 2019
Sam Cane,Loose forward,63,Chiefs,New Zealand,Rugby World Cup 2019
Shannon Frizell,Loose forward,5,Highlanders,New Zealand,Rugby World Cup 2019
Luke Jacobson,Loose forward,2,Chiefs,New Zealand,Rugby World Cup 2019
Kieran Read,Loose forward,122,Crusaders,New Zealand,Rugby World Cup 2019
Ardie Savea,Loose forward,39,Hurricanes,New Zealand,Rugby World Cup 2019
Matt Todd,Loose forward,21,Crusaders,New Zealand,Rugby World Cup 2019
TJ Perenara,Scrum-half,59,Hurricanes,New Zealand,Rugby World Cup 2019
Aaron Smith,Scrum-half,87,Highlanders,New Zealand,Rugby World Cup 2019
Brad Weber,Scrum-half,2,Chiefs,New Zealand,Rugby World Cup 2019
Beauden Barrett,Fly-half,78,Blues,New Zealand,Rugby World Cup 2019
Richie Mo'unga,Fly-half,12,Crusaders,New Zealand,Rugby World Cup 2019
Ryan Crotty,Centre,45,Crusaders,New Zealand,Rugby World Cup 2019
Jack Goodhue,Centre,9,Crusaders,New Zealand,Rugby World Cup 2019
Anton Lienert-Brown,Centre,38,Chiefs,New Zealand,Rugby World Cup 2019
Sonny Bill Williams,Centre,53,Blues,New Zealand,Rugby World Cup 2019
George Bridge,Wing,5,Crusaders,New Zealand,Rugby World Cup 2019
Rieko Ioane,Wing,26,Blues,New Zealand,Rugby World Cup 2019
Sevu Reece,Wing,3,Crusaders,New Zealand,Rugby World Cup 2019
Jordie Barrett,Fullback,12,Hurricanes,New Zealand,Rugby World Cup 2019
Ben Smith,Fullback,80,Highlanders,New Zealand,Rugby World Cup 2019
Schalk Brits,Hooker,13,Bulls,South Africa,Rugby World Cup 2019
Malcolm Marx,Hooker,27,Lions,South Africa,Rugby World Cup 2019
Bongi Mbonambi,Hooker,30,Stormers,South Africa,Rugby World Cup 2019
Thomas du Toit,Prop,10,Toulouse,South Africa,Rugby World Cup 2019
Steven Kitshoff,Prop,40,Stormers,South Africa,Rugby World Cup 2019
Vincent Koch,Prop,15,Saracens,South Africa,Rugby World Cup 2019
Frans Malherbe,Prop,32,Stormers,South Africa,Rugby World Cup 2019
Tendai Mtawarira,Prop,111,Sharks,South Africa,Rugby World Cup 2019
Trevor Nyakane,Prop,41,Bulls,South Africa,Rugby World Cup 2019
Lood de Jager,Lock,40,Bulls,South Africa,Rugby World Cup 2019
Eben Etzebeth,Lock,79,Stormers,South Africa,Rugby World Cup 2019
Franco Mostert,Lock,32,Gloucester,South Africa,Rugby World Cup 2019
RG Snyman,Lock,16,Bulls,South Africa,Rugby World Cup 2019
Pieter-Steph du Toit,Loose forward,50,Stormers,South Africa,Rugby World Cup 2019
Siya Kolisi,Loose forward,43,Stormers,South Africa,Rugby World Cup 2019
Francois Louw,Loose forward,69,Bath,South Africa,Rugby World Cup 2019
Kwagga Smith,Loose forward,4,Lions,South Africa,Rugby World Cup 2019
Duane Vermeulen,Loose forward,49,Bulls,South Africa,Rugby World Cup 2019
Faf de Klerk,Scrum-half,25,Sale Sharks,South Africa,Rugby World Cup 2019
Herschel Jantjies,Scrum-half,4,Stormers,South Africa,Rugby World Cup 2019
Cobus Reinach,Scrum-half,12,Northampton Saints,South Africa,Rugby World Cup 2019
Elton Jantjies,Fly-half,35,Lions,South Africa,Rugby World Cup 2019
Handré Pollard,Fly-half,42,Bulls,South Africa,Rugby World Cup 2019
Damian Willemse,Fly-half,5,Stormers,South Africa,Rugby World Cup 2019
Lukhanyo Am,Centre,9,Sharks,South Africa,Rugby World Cup 2019
Damian de Allende,Centre,40,Stormers,South Africa,Rugby World Cup 2019
Jesse Kriel,Centre,45,Bulls,South Africa,Rugby World Cup 2019
François Steyn,Centre,61,Montpellier,South Africa,Rugby World Cup 2019
Cheslin Kolbe,Wing,10,Toulouse,South Africa,Rugby World Cup 2019
Makazole Mapimpi,Wing,8,Sharks,South Africa,Rugby World Cup 2019
S'busiso Nkosi,Wing,8,Sharks,South Africa,Rugby World Cup 2019
Warrick Gelant,Fullback,7,Bulls,South Africa,Rugby World Cup 2019
Willie le Roux,Fullback,56,Toyota Verblitz,South Africa,Rugby World Cup 2019
Agustín Creevy,Hooker,85,Jaguares,Argentina,Rugby World Cup 2019
Julián Montoya,Hooker,55,Jaguares,Argentina,Rugby World Cup 2019
Santiago Socino,Hooker,2,Jaguares,Argentina,Rugby World Cup 2019
Nahuel Tetaz Chaparro,Prop,54,Jaguares,Argentina,Rugby World Cup 2019
Juan Figallo,Prop,30,Saracens,Argentina,Rugby World Cup 2019
Santiago Medrano,Prop,14,Jaguares,Argentina,Rugby World Cup 2019
Enrique Pieretto,Prop,23,Jaguares,Argentina,Rugby World Cup 2019
Mayco Vivas,Prop,4,Jaguares,Argentina,Rugby World Cup 2019
Matías Alemanno,Lock,57,Jaguares,Argentina,Rugby World Cup 2019
Tomás Lavanini,Lock,53,Jaguares,Argentina,Rugby World Cup 2019
Guido Petti,Lock,49,Jaguares,Argentina,Rugby World Cup 2019
Rodrigo Bruni,Back row,3,Jaguares,Argentina,Rugby World Cup 2019
Marcos Kremer,Back row,24,Jaguares,Argentina,Rugby World Cup 2019
Juan Manuel Leguizamón,Back row,86,Jaguares,Argentina,Rugby World Cup 2019
Tomás Lezana,Back row,34,Jaguares,Argentina,Rugby World Cup 2019
Pablo Matera,Back row,62,Jaguares,Argentina,Rugby World Cup 2019
Javier Ortega Desio,Back row,54,Jaguares,Argentina,Rugby World Cup 2019
Gonzalo Bertranou,Scrum-half,21,Jaguares,Argentina,Rugby World Cup 2019
Tomás Cubelli,Scrum-half,72,Jaguares,Argentina,Rugby World Cup 2019
Felipe Ezcurra,Scrum-half,5,Hindú,Argentina,Rugby World Cup 2019
Nicolás Sánchez,Fly-half,77,Stade Français,Argentina,Rugby World Cup 2019
Benjamín Urdapilleta,Fly-half,12,Castres,Argentina,Rugby World Cup 2019
Santiago Carreras,Fly-half,1,Jaguares,Argentina,Rugby World Cup 2019
Jerónimo de la Fuente,Centre,50,Jaguares,Argentina,Rugby World Cup 2019
Juan Cruz Mallia,Centre,4,Jaguares,Argentina,Rugby World Cup 2019
Lucas Mensa,Centre,1,Pucará,Argentina,Rugby World Cup 2019
Matías Moroni,Centre,43,Jaguares,Argentina,Rugby World Cup 2019
Matías Orlando,Centre,41,Jaguares,Argentina,Rugby World Cup 2019
Emiliano Boffelli,Wing,25,Jaguares,Argentina,Rugby World Cup 2019
Bautista Delguy,Wing,11,Jaguares,Argentina,Rugby World Cup 2019
Ramiro Moyano,Wing,34,Jaguares,Argentina,Rugby World Cup 2019
Joaquín Tuculet,Fullback,55,Jaguares,Argentina,Rugby World Cup 2019
Luke Cowan-Dickie,Hooker,15,Exeter Chiefs,England,Rugby World Cup 2019
Jamie George,Hooker,40,Saracens,England,Rugby World Cup 2019
Jack Singleton,Hooker,2,Saracens,England,Rugby World Cup 2019
Dan Cole,Prop,89,Leicester Tigers,England,Rugby World Cup 2019
Ellis Genge,Prop,12,Leicester Tigers,England,Rugby World Cup 2019
Joe Marler,Prop,62,Harlequins,England,Rugby World Cup 2019
Kyle Sinckler,Prop,25,Harlequins,England,Rugby World Cup 2019
Mako Vunipola,Prop,54,Saracens,England,Rugby World Cup 2019
Maro Itoje,Lock,29,Saracens,England,Rugby World Cup 2019
George Kruis,Lock,35,Saracens,England,Rugby World Cup 2019
Joe Launchbury,Lock,61,Wasps,England,Rugby World Cup 2019
Courtney Lawes,Lock,75,Northampton Saints,England,Rugby World Cup 2019
Tom Curry,Back row,13,Sale Sharks,England,Rugby World Cup 2019
Lewis Ludlam,Back row,2,Northampton Saints,England,Rugby World Cup 2019
Sam Underhill,Back row,10,Bath,England,Rugby World Cup 2019
Mark Wilson,Back row,15,Sale Sharks,England,Rugby World Cup 2019
Billy Vunipola,Back row,45,Saracens,England,Rugby World Cup 2019
Willi Heinz,Scrum-half,4,Gloucester,England,Rugby World Cup 2019
Ben Spencer,Scrum-half,3,Saracens,England,Rugby World Cup 2019
Ben Youngs,Scrum-half,89,Leicester Tigers,England,Rugby World Cup 2019
Owen Farrell,Fly-half,73,Saracens,England,Rugby World Cup 2019
George Ford,Fly-half,59,Leicester Tigers,England,Rugby World Cup 2019
Piers Francis,Centre,8,Northampton Saints,England,Rugby World Cup 2019
Jonathan Joseph,Centre,42,Bath,England,Rugby World Cup 2019
Henry Slade,Centre,22,Exeter Chiefs,England,Rugby World Cup 2019
Manu Tuilagi,Centre,35,Leicester Tigers,England,Rugby World Cup 2019
Joe Cokanasiga,Wing,8,Bath,England,Rugby World Cup 2019
Jonny May,Wing,47,Leicester Tigers,England,Rugby World Cup 2019
Ruaridh McConnochie,Wing,1,Bath,England,Rugby World Cup 2019
Jack Nowell,Wing,33,Exeter Chiefs,England,Rugby World Cup 2019
Anthony Watson,Wing,36,Bath,England,Rugby World Cup 2019
Elliot Daly,Fullback,33,Saracens,England,Rugby World Cup 2019
Camille Chat,Hooker,22,Racing 92,France,Rugby World Cup 2019
Guilhem Guirado,Hooker,70,Montpellier,France,Rugby World Cup 2019
Peato Mauvaka,Hooker,1,Toulouse,France,Rugby World Cup 2019
Christopher Tolofua,Hooker,8,Toulon,France,Rugby World Cup 2019
Cyril Baille,Prop,13,Toulouse,France,Rugby World Cup 2019
Demba Bamba,Prop,6,Lyon,France,Rugby World Cup 2019
Cedate Gomes Sa,Prop,9,Racing 92,France,Rugby World Cup 2019
Jefferson Poirot,Prop,29,Bordeaux Bègles,France,Rugby World Cup 2019
Emerick Setiano,Prop,3,Toulon,France,Rugby World Cup 2019
Rabah Slimani,Prop,53,Clermont Auvergne,France,Rugby World Cup 2019
Paul Gabrillagues,Lock,13,Stade Français,France,Rugby World Cup 2019
Sébastien Vahaamahina,Lock,42,Clermont Auvergne,France,Rugby World Cup 2019
Gregory Alldritt,Back row,7,La Rochelle,France,Rugby World Cup 2019
Yacouba Camara,Back row,15,Montpellier,France,Rugby World Cup 2019
Arthur Iturria,Back row,13,Clermont Auvergne,France,Rugby World Cup 2019
Wenceslas Lauret,Back row,24,Racing 92,France,Rugby World Cup 2019
Bernard Le Roux,Back row,33,Racing 92,France,Rugby World Cup 2019
Charles Ollivon,Back row,8,Toulon,France,Rugby World Cup 2019
Louis Picamoles,Back row,79,Montpellier,France,Rugby World Cup 2019
Antoine Dupont,Scrum-half,17,Toulouse,France,Rugby World Cup 2019
Maxime Machenaud,Scrum-half,36,Racing 92,France,Rugby World Cup 2019
Baptiste Serin,Scrum-half,30,Toulon,France,Rugby World Cup 2019
Camille Lopez,Fly-half,24,Clermont Auvergne,France,Rugby World Cup 2019
Romain Ntamack,Fly-half,8,Toulouse,France,Rugby World Cup 2019
Pierre-Louis Barassi,Centre,0,Lyon,France,Rugby World Cup 2019
Gaël Fickou,Centre,48,Stade Français,France,Rugby World Cup 2019
Wesley Fofana,Centre,48,Clermont Auvergne,France,Rugby World Cup 2019
Virimi Vakatawa,Centre,18,Racing 92,France,Rugby World Cup 2019
Sofiane Guitoune,Wing,7,Toulouse,France,Rugby World Cup 2019
Yoann Huget,Wing,59,Toulouse,France,Rugby World Cup 2019
Damian Penaud,Wing,13,Clermont Auvergne,France,Rugby World Cup 2019
Alivereti Raka,Wing,2,Clermont Auvergne,France,Rugby World Cup 2019
Vincent Rattez,Wing,2,La Rochelle,France,Rugby World Cup 2019
Maxime Médard,Fullback,59,Toulouse,France,Rugby World Cup 2019
Thomas Ramos,Fullback,7,Toulouse,France,Rugby World Cup 2019
Siua Maile,Hooker,1,Shirley Rugby Club,Tonga,Rugby World Cup 2019
Paul Ngauamo,Hooker,19,Agen,Tonga,Rugby World Cup 2019
Sosefo Sakalia,Hooker,10,Asia Pacific Dragons,Tonga,Rugby World Cup 2019
Maʻafu Fia,Prop,6,Ospreys,Tonga,Rugby World Cup 2019
Vunipola Fifita,Prop,2,Brumbies,Tonga,Rugby World Cup 2019
Siegfried Fisi'ihoi,Prop,9,Pau,Tonga,Rugby World Cup 2019
Siua Halanukonuka,Prop,11,Glasgow Warriors,Tonga,Rugby World Cup 2019
Latu Talakai,Prop,6,Eastwood,Tonga,Rugby World Cup 2019
Ben Tameifuna,Prop,11,Racing 92,Tonga,Rugby World Cup 2019
Leva Fifita,Lock,15,Grenoble,Tonga,Rugby World Cup 2019
Sam Lousi,Lock,4,Hurricanes,Tonga,Rugby World Cup 2019
Steve Mafi,Lock,32,London Irish,Tonga,Rugby World Cup 2019
Daniel Faleafa,Loose forward,22,Austin Elite,Tonga,Rugby World Cup 2019
Sione Kalamafoni,Loose forward,33,Leicester Tigers,Tonga,Rugby World Cup 2019
Zane Kapeli,Loose forward,6,Bay of Plenty,Tonga,Rugby World Cup 2019
Fotu Lokotui,Loose forward,9,Kagifa Samoa,Tonga,Rugby World Cup 2019
Nasi Manu,Loose forward,3,Benetton,Tonga,Rugby World Cup 2019
Maama Vaipulu,Loose forward,8,Castres,Tonga,Rugby World Cup 2019
Samisoni Fisilau,Half-back,19,Auckland Marist,Tonga,Rugby World Cup 2019
Leon Fukofuka,Half-back,7,Kagifa Samoa,Tonga,Rugby World Cup 2019
Sonatane Takulua,Half-back,34,Newcastle Falcons,Tonga,Rugby World Cup 2019
James Faiva,First five-eighth,5,El Salvador,Tonga,Rugby World Cup 2019
Latiume Fosita,First five-eighth,29,Kagifa Samoa,Tonga,Rugby World Cup 2019
Kurt Morath,First five-eighth,37,Doncaster Knights,Tonga,Rugby World Cup 2019
Mali Hingano,Centre,4,Bayonne,Tonga,Rugby World Cup 2019
Siale Piutau,Centre,39,Bristol Bears,Tonga,Rugby World Cup 2019
Nafi Tuitavake,Centre,13,Unattached,Tonga,Rugby World Cup 2019
Viliami Lolohea,Wing,9,Papatoetoe,Tonga,Rugby World Cup 2019
Fetuli Paea,Wing,2,Tasman,Tonga,Rugby World Cup 2019
Atieli Pakalani,Wing,10,Eastwood,Tonga,Rugby World Cup 2019
Cooper Vuna,Wing,13,Newcastle Falcons,Tonga,Rugby World Cup 2019
David Halaifonua,Fullback,33,Coventry,Tonga,Rugby World Cup 2019
Telusa Veainu,Fullback,9,Leicester Tigers,Tonga,Rugby World Cup 2019
Dylan Fawsitt,Hooker,12,Rugby United New York,United States,Rugby World Cup 2019
James Hilterbrand,Hooker,19,Manly,United States,Rugby World Cup 2019
Joe Taufete'e,Hooker,23,Worcester Warriors,United States,Rugby World Cup 2019
David Ainuʻu,Prop,8,Toulouse,United States,Rugby World Cup 2019
Eric Fry,Prop,45,RC Vannes,United States,Rugby World Cup 2019
Olive Kilifi,Prop,27,Seattle Seawolves,United States,Rugby World Cup 2019
Titi Lamositele,Prop,28,Saracens,United States,Rugby World Cup 2019
Paul Mullen,Prop,14,Unattached,United States,Rugby World Cup 2019
Chance Wenglewski,Prop,6,Rugby United New York,United States,Rugby World Cup 2019
Nate Brakeley,Lock,21,Rugby United New York,United States,Rugby World Cup 2019
Nick Civetta,Lock,23,Unattached,United States,Rugby World Cup 2019
Ben Landry,Lock,22,Ealing Trailfinders,United States,Rugby World Cup 2019
Greg Peterson,Lock,26,Newcastle Falcons,United States,Rugby World Cup 2019
Malon Al-Jiboori,Flanker,5,Unattached,United States,Rugby World Cup 2019
Hanco Germishuys,Flanker,17,Glendale Raptors,United States,Rugby World Cup 2019
Tony Lamborn,Flanker,19,Melbourne Rebels,United States,Rugby World Cup 2019
Ben Pinkelman,Flanker,2,USA Sevens,United States,Rugby World Cup 2019
John Quill,Flanker,36,Rugby United New York,United States,Rugby World Cup 2019
Cam Dolan,Number 8,47,New Orleans Gold,United States,Rugby World Cup 2019
Nate Augspurger,Scrum-half,24,San Diego Legion,United States,Rugby World Cup 2019
Shaun Davies,Scrum-half,25,Glendale Raptors,United States,Rugby World Cup 2019
Ruben de Haas,Scrum-half,13,Cheetahs,United States,Rugby World Cup 2019
AJ MacGinty,Fly-half,24,Sale Sharks,United States,Rugby World Cup 2019
Will Magie,Fly-half,25,Unattached,United States,Rugby World Cup 2019
Bryce Campbell,Centre,28,London Irish,United States,Rugby World Cup 2019
Paul Lasike,Centre,16,Harlequins,United States,Rugby World Cup 2019
Thretton Palamo,Centre,18,Houston Sabercats,United States,Rugby World Cup 2019
Marcel Brache,Wing,19,Western Force,United States,Rugby World Cup 2019
Martin Iosefo,Wing,6,USA Sevens,United States,Rugby World Cup 2019
Mike Te'o,Wing,24,San Diego Legion,United States,Rugby World Cup 2019
Blaine Scully,Wing,50,Unattached,United States,Rugby World Cup 2019
Will Hooley,Fullback,12,Bedford Blues,United States,Rugby World Cup 2019
Folau Fainga'a,Hooker,11,Brumbies,Australia,Rugby World Cup 2019
Tolu Latu,Hooker,15,Waratahs,Australia,Rugby World Cup 2019
Jordan Uelese,Hooker,4,Melbourne Rebels,Australia,Rugby World Cup 2019
Allan Alaalatoa,Prop,33,Brumbies,Australia,Rugby World Cup 2019
Sekope Kepu,Prop,106,Waratahs,Australia,Rugby World Cup 2019
Scott Sio,Prop,59,Brumbies,Australia,Rugby World Cup 2019
James Slipper,Prop,91,Brumbies,Australia,Rugby World Cup 2019
Taniela Tupou,Prop,16,Queensland Reds,Australia,Rugby World Cup 2019
Rory Arnold,Lock,22,Brumbies,Australia,Rugby World Cup 2019
Adam Coleman,Lock,34,Melbourne Rebels,Australia,Rugby World Cup 2019
Izack Rodda,Lock,21,Queensland Reds,Australia,Rugby World Cup 2019
Rob Simmons,Lock,98,Waratahs,Australia,Rugby World Cup 2019
Jack Dempsey,Back row,11,Waratahs,Australia,Rugby World Cup 2019
Michael Hooper,Back row,95,Waratahs,Australia,Rugby World Cup 2019
Isi Naisarani,Back row,4,Melbourne Rebels,Australia,Rugby World Cup 2019
David Pocock,Back row,78,Brumbies,Australia,Rugby World Cup 2019
Lukhan Salakaia-Loto,Back row,16,Queensland Reds,Australia,Rugby World Cup 2019
Will Genia,Scrum-half,105,Melbourne Rebels,Australia,Rugby World Cup 2019
Nic White,Scrum-half,26,Exeter Chiefs,Australia,Rugby World Cup 2019
Bernard Foley,Fly-half,70,Waratahs,Australia,Rugby World Cup 2019
Christian Lealiifano,Fly-half,22,Brumbies,Australia,Rugby World Cup 2019
Samu Kerevi,Centre,29,Queensland Reds,Australia,Rugby World Cup 2019
Tevita Kuridrani,Centre,60,Brumbies,Australia,Rugby World Cup 2019
James O'Connor,Centre,48,Queensland Reds,Australia,Rugby World Cup 2019
Matt To'omua,Centre,47,Melbourne Rebels,Australia,Rugby World Cup 2019
Adam Ashley-Cooper,Wing,119,Waratahs,Australia,Rugby World Cup 2019
Reece Hodge,Wing,37,Melbourne Rebels,Australia,Rugby World Cup 2019
Marika Koroibete,Wing,24,Melbourne Rebels,Australia,Rugby World Cup 2019
Jordan Petaia,Wing,0,Queensland Reds,Australia,Rugby World Cup 2019
Kurtley Beale,Fullback,87,Waratahs,Australia,Rugby World Cup 2019
Dane Haylett-Petty,Fullback,33,Melbourne Rebels,Australia,Rugby World Cup 2019
Mesu Dolokoto,Hooker,6,Glasgow Warriors,Fiji,Rugby World Cup 2019
Sam Matavesi,Hooker,8,Cornish Pirates,Fiji,Rugby World Cup 2019
Ratu Veremalua Vugakoto,Hooker,6,Fijian Latui,Fiji,Rugby World Cup 2019
Lee Roy Atalifo,Prop,10,Jersey Reds,Fiji,Rugby World Cup 2019
Campese Ma'afu,Prop,57,Unattached,Fiji,Rugby World Cup 2019
Eroni Mawi,Prop,9,Fijian Latui,Fiji,Rugby World Cup 2019
Peni Ravai,Prop,29,Bordeaux Bègles,Fiji,Rugby World Cup 2019
Manasa Saulo,Prop,42,Unattached,Fiji,Rugby World Cup 2019
Kalivati Tawake,Prop,13,Biarritz,Fiji,Rugby World Cup 2019
Tevita Cavubati,Lock,26,Harlequins,Fiji,Rugby World Cup 2019
Leone Nakarawa,Lock,57,Racing 92,Fiji,Rugby World Cup 2019
Api Ratuniyarawa,Lock,30,Northampton Saints,Fiji,Rugby World Cup 2019
Tevita Ratuva,Lock,3,Bordeaux Bègles,Fiji,Rugby World Cup 2019
Semi Kunatani,Back row,10,Harlequins,Fiji,Rugby World Cup 2019
Viliame Mata,Back row,13,Edinburgh,Fiji,Rugby World Cup 2019
Mosese Voka,Back row,7,Fijian Latui,Fiji,Rugby World Cup 2019
Dominiko Waqaniburotu,Back row,45,Pau,Fiji,Rugby World Cup 2019
Peceli Yato,Back row,17,Clermont Auvergne,Fiji,Rugby World Cup 2019
Frank Lomani,Scrum-half,11,Fijian Latui,Fiji,Rugby World Cup 2019
Nikola Matawalu,Scrum-half,36,Glasgow Warriors,Fiji,Rugby World Cup 2019
Henry Seniloli,Scrum-half,26,Unattached,Fiji,Rugby World Cup 2019
Alivereti Veitokani,Fly-half,8,London Irish,Fiji,Rugby World Cup 2019
Ben Volavola,Fly-half,31,Racing 92,Fiji,Rugby World Cup 2019
Levani Botia,Centre,14,La Rochelle,Fiji,Rugby World Cup 2019
Josh Matavesi,Centre,21,Newcastle Falcons,Fiji,Rugby World Cup 2019
Semi Radradra,Centre,6,Bordeaux Bègles,Fiji,Rugby World Cup 2019
Jale Vatubua,Centre,15,Pau,Fiji,Rugby World Cup 2019
Vereniki Goneva,Wing,57,Harlequins,Fiji,Rugby World Cup 2019
Filipo Nakosi,Wing,1,Castres,Fiji,Rugby World Cup 2019
Waisea Nayacalevu,Wing,17,Stade Français,Fiji,Rugby World Cup 2019
Josua Tuisova,Wing,9,Lyon,Fiji,Rugby World Cup 2019
Kini Murimurivalu,Fullback,26,La Rochelle,Fiji,Rugby World Cup 2019
Jaba Bregvadze,Hooker,54,Sunwolves,Georgia,Rugby World Cup 2019
Vano Karkadze,Hooker,3,Brive,Georgia,Rugby World Cup 2019
Shalva Mamukashvili,Hooker,68,Unattached,Georgia,Rugby World Cup 2019
Levan Chilachava,Prop,49,Montpellier,Georgia,Rugby World Cup 2019
Beka Gigashvili,Prop,9,Toulon,Georgia,Rugby World Cup 2019
Guram Gogichashvili,Prop,6,Racing 92,Georgia,Rugby World Cup 2019
Giorgi Melikidze,Prop,14,Stade Français,Georgia,Rugby World Cup 2019
Mikheil Nariashvili,Prop,56,Montpellier,Georgia,Rugby World Cup 2019
Konstantin Mikautadze,Lock,59,Montpellier,Georgia,Rugby World Cup 2019
Giorgi Nemsadze,Lock,92,Aia Kutaisi,Georgia,Rugby World Cup 2019
Shalva Sutiashvili,Lock,77,Angouleme,Georgia,Rugby World Cup 2019
Otar Giorgadze,Back row,21,Brive,Georgia,Rugby World Cup 2019
Beka Gorgadze,Back row,19,Bordeaux,Georgia,Rugby World Cup 2019
Mamuka Gorgodze,Back row,71,Toulon,Georgia,Rugby World Cup 2019
Lasha Lomidze,Back row,46,Unattached,Georgia,Rugby World Cup 2019
Beka Saghinadze,Back row,5,Aurillac,Georgia,Rugby World Cup 2019
Giorgi Tkhilaishvili,Back row,50,Batumi RC,Georgia,Rugby World Cup 2019
Gela Aprasidze,Scrum-half,17,Montpellier,Georgia,Rugby World Cup 2019
Giorgi Begadze,Scrum-half,65,RC Jiki Gori,Georgia,Rugby World Cup 2019
Vasil Lobzhanidze,Scrum-half,45,Brive,Georgia,Rugby World Cup 2019
Tedo Abzhandadze,Fly-half,9,Brive,Georgia,Rugby World Cup 2019
Lasha Khmaladze,Fly-half,75,Batumi RC,Georgia,Rugby World Cup 2019
Lasha Malaghuradze,Fly-half,92,VVA-Podmoskovye,Georgia,Rugby World Cup 2019
Davit Kacharava,Centre,116,Enisei-STM,Georgia,Rugby World Cup 2019
Giorgi Kveseladze,Centre,19,RC Jiki Gori,Georgia,Rugby World Cup 2019
Tamaz Mchedlidze,Centre,53,Rouen,Georgia,Rugby World Cup 2019
Merab Sharikadze,Centre,63,Aurillac,Georgia,Rugby World Cup 2019
Zurab Dzneladze,Wing,9,Locomotive,Georgia,Rugby World Cup 2019
Mirian Modebadze,Wing,10,Aia Kutaisi,Georgia,Rugby World Cup 2019
Alexander Todua,Wing,79,Batumi RC,Georgia,Rugby World Cup 2019
Soso Matiashvili,Fullback,19,Lelo Saracens,Georgia,Rugby World Cup 2019
Facundo Gattas,Hooker,30,Hindú,Uruguay,Rugby World Cup 2019
Germán Kessler,Hooker,49,Los Cuervos,Uruguay,Rugby World Cup 2019
Guillermo Pujadas,Hooker,9,Champagnat,Uruguay,Rugby World Cup 2019
Diego Arbelo,Prop,5,MVCC,Uruguay,Rugby World Cup 2019
Juan Echeverría,Prop,51,Austin Elite,Uruguay,Rugby World Cup 2019
Joaquín Jaunsolo,Prop,1,Los Cuervos,Uruguay,Rugby World Cup 2019
Juan Rombys,Prop,30,Trébol de Paysandú,Uruguay,Rugby World Cup 2019
Mateo Sanguinetti,Prop,63,Houston SaberCats,Uruguay,Rugby World Cup 2019
Ignacio Dotti,Lock,46,New Orleans Gold,Uruguay,Rugby World Cup 2019
Manuel Leindekar,Lock,14,Oyonnax,Uruguay,Rugby World Cup 2019
Diego Magno,Lock,90,Houston SaberCats,Uruguay,Rugby World Cup 2019
Manuel Diana,Back row,22,Old Christians,Uruguay,Rugby World Cup 2019
Santiago Civetta,Back row,5,Darlington Mowden Park,Uruguay,Rugby World Cup 2019
Franco Lamanna,Back row,44,Old Boys,Uruguay,Rugby World Cup 2019
Manuel Ardao,Back row,4,Old Christians,Uruguay,Rugby World Cup 2019
Juan Manuel Gaminara,Back row,67,Old Boys,Uruguay,Rugby World Cup 2019
Alejandro Nieto,Back row,69,Houston SaberCats,Uruguay,Rugby World Cup 2019
Juan Diego Ormaechea,Back row,31,Carrasco Polo,Uruguay,Rugby World Cup 2019
Santiago Arata,Scrum-half,39,Houston SaberCats,Uruguay,Rugby World Cup 2019
Tomás Inciarte,Scrum-half,14,Old Christians,Uruguay,Rugby World Cup 2019
Agustín Ormaechea,Scrum-half,45,Stade Montois,Uruguay,Rugby World Cup 2019
Felipe Berchesi,Fly-half,32,Dax,Uruguay,Rugby World Cup 2019
Juan Manuel Cat,Fly-half,31,Old Boys,Uruguay,Rugby World Cup 2019
Agustín Della Corte,Centre,8,Trébol de Paysandú,Uruguay,Rugby World Cup 2019
Nicolás Freitas,Centre,34,Carrasco Polo,Uruguay,Rugby World Cup 2019
Andrés Vilaseca,Centre,55,Austin Elite,Uruguay,Rugby World Cup 2019
Federico Favaro,Wing,30,Old Christians,Uruguay,Rugby World Cup 2019
Leandro Leivas,Wing,74,Toronto Arrows,Uruguay,Rugby World Cup 2019
Rodrigo Silva,Wing,57,Austin Elite,Uruguay,Rugby World Cup 2019
Felipe Echeverry,Fullback,2,Carrasco Polo,Uruguay,Rugby World Cup 2019
Gastón Mieres,Fullback,67,Toronto Arrows,Uruguay,Rugby World Cup 2019
Elliot Dee,Hooker,22,Dragons,Wales,Rugby World Cup 2019
Ryan Elias,Hooker,8,Scarlets,Wales,Rugby World Cup 2019
Ken Owens,Hooker,67,Scarlets,Wales,Rugby World Cup 2019
Rhys Carré,Prop,1,Saracens,Wales,Rugby World Cup 2019
Tomas Francis,Prop,43,Exeter Chiefs,Wales,Rugby World Cup 2019
Wyn Jones,Prop,15,Scarlets,Wales,Rugby World Cup 2019
Dillon Lewis,Prop,15,Cardiff Blues,Wales,Rugby World Cup 2019
Nicky Smith,Prop,31,Ospreys,Wales,Rugby World Cup 2019
Jake Ball,Lock,36,Scarlets,Wales,Rugby World Cup 2019
Adam Beard,Lock,16,Ospreys,Wales,Rugby World Cup 2019
Bradley Davies,Lock,64,Ospreys,Wales,Rugby World Cup 2019
Cory Hill,Lock,24,Dragons,Wales,Rugby World Cup 2019
Alun Wyn Jones,Lock,128,Ospreys,Wales,Rugby World Cup 2019
James Davies,Back row,5,Scarlets,Wales,Rugby World Cup 2019
Ross Moriarty,Back row,34,Dragons,Wales,Rugby World Cup 2019
Josh Navidi,Back row,19,Cardiff Blues,Wales,Rugby World Cup 2019
Aaron Shingler,Back row,20,Scarlets,Wales,Rugby World Cup 2019
Justin Tipuric,Back row,66,Ospreys,Wales,Rugby World Cup 2019
Aaron Wainwright,Back row,12,Dragons,Wales,Rugby World Cup 2019
Aled Davies,Scrum-half,19,Ospreys,Wales,Rugby World Cup 2019
Gareth Davies,Scrum-half,44,Scarlets,Wales,Rugby World Cup 2019
Tomos Williams,Scrum-half,9,Cardiff Blues,Wales,Rugby World Cup 2019
Dan Biggar,Fly-half,73,Northampton Saints,Wales,Rugby World Cup 2019
Rhys Patchell,Fly-half,13,Scarlets,Wales,Rugby World Cup 2019
Jonathan Davies,Centre,76,Scarlets,Wales,Rugby World Cup 2019
Hadleigh Parkes,Centre,18,Scarlets,Wales,Rugby World Cup 2019
Owen Watkin,Centre,16,Ospreys,Wales,Rugby World Cup 2019
Josh Adams,Wing,14,Cardiff Blues,Wales,Rugby World Cup 2019
Hallam Amos,Wing,20,Cardiff Blues,Wales,Rugby World Cup 2019
Owen Lane,Wing,1,Cardiff Blues,Wales,Rugby World Cup 2019
George North,Wing,86,Ospreys,Wales,Rugby World Cup 2019
Leigh Halfpenny,Fullback,82,Scarlets,Wales,Rugby World Cup 2019
Liam Williams,Fullback,58,Saracens,Wales,Rugby World Cup 2019
26,Jaguares,0,Jaguares,Player representation by club,Rugby World Cup 2019
20,Welwitschias,0,Welwitschias,Player representation by club,Rugby World Cup 2019
16,"Benetton,  Glasgow Warriors",0,"Benetton,  Glasgow Warriors",Player representation by club,Rugby World Cup 2019
15,Saracens,0,Saracens,Player representation by club,Rugby World Cup 2019
14,Leinster,0,Leinster,Player representation by club,Rugby World Cup 2019
13,Scarlets,0,Scarlets,Player representation by club,Rugby World Cup 2019
12,"Crusaders,  Munster",0,"Crusaders,  Munster",Player representation by club,Rugby World Cup 2019
11,Edinburgh,0,Edinburgh,Player representation by club,Rugby World Cup 2019
10,"Clermont,  Krasny Yar,  Racing,  Toulouse,  Zebre",0,"Clermont,  Krasny Yar,  Racing,  Toulouse,  Zebre",Player representation by club,Rugby World Cup 2019
620,620,0,—,Players representation by league,Rugby World Cup 2019
118,118,190,19.0%,Players representation by league,Rugby World Cup 2019
118,118,190,19.0%,Players representation by league,Rugby World Cup 2019
78,78,125,12.5%,Players representation by league,Rugby World Cup 2019
74,74,119,11.9%,Players representation by league,Rugby World Cup 2019
37,37,59,5.9%,Players representation by league,Rugby World Cup 2019
32,32,51,5.1%,Players representation by league,Rugby World Cup 2019
31,31,50,5.0%,Players representation by league,Rugby World Cup 2019
20,20,32,3.2%,Players representation by league,Rugby World Cup 2019
16,16,25,2.5%,Players representation by league,Rugby World Cup 2019
16,16,25,2.5%,Players representation by league,Rugby World Cup 2019
13,13,20,2.0%,Players representation by league,Rugby World Cup 2019
10,10,16,1.6%,Players representation by league,Rugby World Cup 2019
28,28,45,4.5%,Players representation by league,Rugby World Cup 2019
20,20,32,3.2%,Players representation by league,Rugby World Cup 2019
620,620,0,—,Player representation by nation,Rugby World Cup 2019
29,29,1,1,Player representation by nation,Rugby World Cup 2019
38,38,8,8,Player representation by nation,Rugby World Cup 2019
13,13,2,2,Player representation by nation,Rugby World Cup 2019
88,88,57,57,Player representation by nation,Rugby World Cup 2019
96,96,65,65,Player representation by nation,Rugby World Cup 2019
31,31,0,—,Player representation by nation,Rugby World Cup 2019
26,26,1,1,Player representation by nation,Rugby World Cup 2019
34,34,3,3,Player representation by nation,Rugby World Cup 2019
20,20,0,—,Player representation by nation,Rugby World Cup 2019
41,41,10,10,Player representation by nation,Rugby World Cup 2019
31,31,2,2,Player representation by nation,Rugby World Cup 2019
28,28,5,5,Player representation by nation,Rugby World Cup 2019
28,28,4,4,Player representation by nation,Rugby World Cup 2019
28,28,18,18,Player representation by nation,Rugby World Cup 2019
16,16,0,—,Player representation by nation,Rugby World Cup 2019
32,32,5,5,Player representation by nation,Rugby World Cup 2019
20,20,0,—,Player representation by nation,Rugby World Cup 2019
Mayco Vivas,27,0,Mayco Vivas,Player representation by nation,Rugby World Cup 2019
Jordan Petaia,27,0,Jordan Petaia,Player representation by nation,Rugby World Cup 2019
Cole Keith,28,0,Cole Keith,Player representation by nation,Rugby World Cup 2019
Tom Curry,27,0,Tom Curry,Player representation by nation,Rugby World Cup 2019
Ratu Veremalua Vugakoto,28,0,Ratu Veremalua Vugakoto,Player representation by nation,Rugby World Cup 2019
Romain Ntamack,27,0,Romain Ntamack,Player representation by nation,Rugby World Cup 2019
Vano Karkadze,27,0,Vano Karkadze,Player representation by nation,Rugby World Cup 2019
Jordan Larmour,28,0,Jordan Larmour,Player representation by nation,Rugby World Cup 2019
Marco Riccioni,28,0,Marco Riccioni,Player representation by nation,Rugby World Cup 2019
Ataata Moeakiola,29,0,Ataata Moeakiola,Player representation by nation,Rugby World Cup 2019
Prince ǃGaoseb,26,0,Prince ǃGaoseb,Player representation by nation,Rugby World Cup 2019
Rieko Ioane,27,0,Rieko Ioane,Player representation by nation,Rugby World Cup 2019
Bogdan Fedotko,29,0,Bogdan Fedotko,Player representation by nation,Rugby World Cup 2019
Melani Matavao,31,0,Melani Matavao,Player representation by nation,Rugby World Cup 2019
Darcy Graham,27,0,Darcy Graham,Player representation by nation,Rugby World Cup 2019
Herschel Jantjies,28,0,Herschel Jantjies,Player representation by nation,Rugby World Cup 2019
Siua Maile,29,0,Siua Maile,Player representation by nation,Rugby World Cup 2019
David Ainuu,27,0,David Ainuu,Player representation by nation,Rugby World Cup 2019
Germán Kessler,26,0,Germán Kessler,Player representation by nation,Rugby World Cup 2019
Rhys Carré,27,0,Rhys Carré,Player representation by nation,Rugby World Cup 2019
Jordan Petaia,1421,1421,Jordan Petaia,Squad caps,Rugby World Cup 2019
Vano Karkadze,1370,1370,Vano Karkadze,Squad caps,Rugby World Cup 2019
Atu Moli,1220,1220,Atu Moli Brad Weber,Squad caps,Rugby World Cup 2019
Jean Kleyn,1142,1142,Jean Kleyn,Squad caps,Rugby World Cup 2019
Santiago Carreras,1120,1120,Santiago Carreras Lucas Mensa,Squad caps,Rugby World Cup 2019
Joaquín Jaunsolo,1118,1118,Joaquín Jaunsolo,Squad caps,Rugby World Cup 2019
Rhys Carré,1089,1089,Rhys Carré,Squad caps,Rugby World Cup 2019
Ruaridh McConnochie,1074,1074,Ruaridh McConnochie,Squad caps,Rugby World Cup 2019
Herschel Jantjies,1054,1054,Herschel Jantjies Kwagga Smith,Squad caps,Rugby World Cup 2019
Kirill Gotovtsev,1032,1032,Kirill Gotovtsev,Squad caps,Rugby World Cup 2019
Callum Braley,1002,1002,Callum Braley,Squad caps,Rugby World Cup 2019
Blade Thomson,923,923,Blade Thomson,Squad caps,Rugby World Cup 2019
Andrew Quattrin,889,889,Andrew Quattrin,Squad caps,Rugby World Cup 2019
Peato Mauvaka,807,807,Peato Mauvaka,Squad caps,Rugby World Cup 2019
Takuya Kitade,705,705,Takuya Kitade,Squad caps,Rugby World Cup 2019
Ben Pinkelman,678,678,Ben Pinkelman,Squad caps,Rugby World Cup 2019
Filipo Nakosi,651,651,Filipo Nakosi,Squad caps,Rugby World Cup 2019
PJ Walters,614,614,PJ Walters,Squad caps,Rugby World Cup 2019
Siua Maile,439,439,Siua Maile,Squad caps,Rugby World Cup 2019
Michael Alaalatoa,434,434,Michael Alaalatoa,Squad caps,Rugby World Cup 2019
Dane Coles,Hooker,87,Hurricanes / Wellington,New Zealand,Rugby World Cup 2023
Samisoni Taukei'aho,Hooker,25,Chiefs / Waikato,New Zealand,Rugby World Cup 2023
Codie Taylor,Hooker,79,Crusaders / Canterbury,New Zealand,Rugby World Cup 2023
Ethan de Groot,Prop,17,Highlanders / Southland,New Zealand,Rugby World Cup 2023
Nepo Laulala,Prop,49,Blues / Counties Manukau,New Zealand,Rugby World Cup 2023
Tyrel Lomax,Prop,27,Hurricanes / Tasman,New Zealand,Rugby World Cup 2023
Fletcher Newell,Prop,8,Crusaders / Canterbury,New Zealand,Rugby World Cup 2023
Ofa Tu'ungafasi,Prop,53,Blues / Northland,New Zealand,Rugby World Cup 2023
Tamaiti Williams,Prop,3,Crusaders / Canterbury,New Zealand,Rugby World Cup 2023
Scott Barrett,Lock,62,Crusaders / Taranaki,New Zealand,Rugby World Cup 2023
Brodie Retallick,Lock,103,Chiefs / Hawke's Bay,New Zealand,Rugby World Cup 2023
Tupou Vaa'i,Lock,22,Chiefs / Taranaki,New Zealand,Rugby World Cup 2023
Sam Whitelock,Lock,146,Crusaders / Canterbury,New Zealand,Rugby World Cup 2023
Ethan Blackadder,Loose forward,9,Crusaders / Tasman,New Zealand,Rugby World Cup 2023
Sam Cane,Loose forward,90,Chiefs / Bay of Plenty,New Zealand,Rugby World Cup 2023
Shannon Frizell,Loose forward,28,Highlanders / Tasman,New Zealand,Rugby World Cup 2023
Luke Jacobson,Loose forward,15,Chiefs / Waikato,New Zealand,Rugby World Cup 2023
Dalton Papalii,Loose forward,26,Blues / Counties Manukau,New Zealand,Rugby World Cup 2023
Ardie Savea,Loose forward,75,Hurricanes / Wellington,New Zealand,Rugby World Cup 2023
Finlay Christie,Scrum-half,17,Blues / Tasman,New Zealand,Rugby World Cup 2023
Cam Roigard,Scrum-half,2,Hurricanes / Counties Manukau,New Zealand,Rugby World Cup 2023
Aaron Smith,Scrum-half,119,Highlanders / Manawatu,New Zealand,Rugby World Cup 2023
Beauden Barrett,Fly-half,116,Blues / Taranaki,New Zealand,Rugby World Cup 2023
Damian McKenzie,Fly-half,42,Chiefs / Waikato,New Zealand,Rugby World Cup 2023
Richie Mo'unga,Fly-half,49,Crusaders / Canterbury,New Zealand,Rugby World Cup 2023
Jordie Barrett,Centre,52,Hurricanes / Taranaki,New Zealand,Rugby World Cup 2023
David Havili,Centre,25,Crusaders / Tasman,New Zealand,Rugby World Cup 2023
Rieko Ioane,Centre,63,Blues / Auckland,New Zealand,Rugby World Cup 2023
Anton Lienert-Brown,Centre,63,Chiefs / Waikato,New Zealand,Rugby World Cup 2023
Caleb Clarke,Wing,18,Blues / Auckland,New Zealand,Rugby World Cup 2023
Leicester Fainga'anuku,Wing,3,Crusaders / Tasman,New Zealand,Rugby World Cup 2023
Emoni Narawa,Wing,1,Chiefs / Bay of Plenty,New Zealand,Rugby World Cup 2023
Mark Tele'a,Wing,5,Blues / North Harbour,New Zealand,Rugby World Cup 2023
Will Jordan,Fullback,25,Crusaders / Tasman,New Zealand,Rugby World Cup 2023
Pierre Bourgarit,Hooker,10,La Rochelle,France,Rugby World Cup 2023
Julien Marchand,Hooker,31,Toulouse,France,Rugby World Cup 2023
Peato Mauvaka,Hooker,24,Toulouse,France,Rugby World Cup 2023
Dorian Aldegheri,Prop,11,Toulouse,France,Rugby World Cup 2023
Uini Atonio,Prop,53,La Rochelle,France,Rugby World Cup 2023
Cyril Baille,Prop,44,Toulouse,France,Rugby World Cup 2023
Sipili Falatea,Prop,13,Bordeaux-Bègles,France,Rugby World Cup 2023
Jean-Baptiste Gros,Prop,25,Toulon,France,Rugby World Cup 2023
Reda Wardi,Prop,9,La Rochelle,France,Rugby World Cup 2023
Bastien Chalureau,Lock,6,Montpellier,France,Rugby World Cup 2023
Thibaud Flament,Lock,19,Toulouse,France,Rugby World Cup 2023
Romain Taofifenua,Lock,44,Lyon,France,Rugby World Cup 2023
Paul Willemse,Lock,31,Montpellier,France,Rugby World Cup 2023
Cameron Woki,Lock,22,Racing 92,France,Rugby World Cup 2023
Grégory Alldritt,Back row,42,La Rochelle,France,Rugby World Cup 2023
Paul Boudehent,Back row,3,La Rochelle,France,Rugby World Cup 2023
François Cros,Back row,22,Toulouse,France,Rugby World Cup 2023
Anthony Jelonch,Back row,25,Toulouse,France,Rugby World Cup 2023
Sekou Macalou,Back row,18,Stade Français,France,Rugby World Cup 2023
Charles Ollivon,Back row,35,Toulon,France,Rugby World Cup 2023
Baptiste Couilloud,Scrum-half,13,Lyon,France,Rugby World Cup 2023
Antoine Dupont,Scrum-half,49,Toulouse,France,Rugby World Cup 2023
Maxime Lucu,Scrum-half,15,Bordeaux-Bègles,France,Rugby World Cup 2023
Antoine Hastoy,Fly-half,4,La Rochelle,France,Rugby World Cup 2023
Matthieu Jalibert,Fly-half,26,Bordeaux-Bègles,France,Rugby World Cup 2023
Jonathan Danty,Centre,23,La Rochelle,France,Rugby World Cup 2023
Gaël Fickou,Centre,81,Racing 92,France,Rugby World Cup 2023
Yoram Moefana,Centre,18,Bordeaux-Bègles,France,Rugby World Cup 2023
Arthur Vincent,Centre,16,Montpellier,France,Rugby World Cup 2023
Louis Bielle-Biarrey,Wing,3,Bordeaux-Bègles,France,Rugby World Cup 2023
Damian Penaud,Wing,44,Bordeaux-Bègles,France,Rugby World Cup 2023
Gabin Villière,Wing,14,Toulon,France,Rugby World Cup 2023
Melvyn Jaminet,Fullback,15,Toulouse,France,Rugby World Cup 2023
Thomas Ramos,Fullback,27,Toulouse,France,Rugby World Cup 2023
Luca Bigi,Hooker,48,Zebre Parma,Italy,Rugby World Cup 2023
Hame Faiva,Hooker,7,Unattached,Italy,Rugby World Cup 2023
Marco Manfredi,Hooker,2,Zebre Parma,Italy,Rugby World Cup 2023
Giacomo Nicotera,Hooker,15,Benetton,Italy,Rugby World Cup 2023
Pietro Ceccarelli,Prop,29,Perpignan,Italy,Rugby World Cup 2023
Simone Ferrari,Prop,47,Benetton,Italy,Rugby World Cup 2023
Danilo Fischetti,Prop,33,Zebre Parma,Italy,Rugby World Cup 2023
Ivan Nemer,Prop,13,Benetton,Italy,Rugby World Cup 2023
Marco Riccioni,Prop,22,Saracens,Italy,Rugby World Cup 2023
Federico Zani,Prop,23,Benetton,Italy,Rugby World Cup 2023
Niccolò Cannone,Lock,33,Benetton,Italy,Rugby World Cup 2023
Dino Lamb,Lock,3,Harlequins,Italy,Rugby World Cup 2023
Federico Ruzza,Lock,45,Benetton,Italy,Rugby World Cup 2023
Dave Sisi,Lock,28,Zebre Parma,Italy,Rugby World Cup 2023
Lorenzo Cannone,Back row,12,Benetton,Italy,Rugby World Cup 2023
Toa Halafihi,Back row,11,Benetton,Italy,Rugby World Cup 2023
Michele Lamaro,Back row,29,Benetton,Italy,Rugby World Cup 2023
Sebastian Negri,Back row,48,Benetton,Italy,Rugby World Cup 2023
Giovanni Pettinelli,Back row,14,Benetton,Italy,Rugby World Cup 2023
Manuel Zuliani,Back row,13,Benetton,Italy,Rugby World Cup 2023
Alessandro Fusco,Scrum-half,15,Zebre Parma,Italy,Rugby World Cup 2023
Alessandro Garbisi,Scrum-half,6,Benetton,Italy,Rugby World Cup 2023
Martin Page-Relo,Scrum-half,2,Lyon,Italy,Rugby World Cup 2023
Stephen Varney,Scrum-half,21,Gloucester,Italy,Rugby World Cup 2023
Tommaso Allan,Fly-half,75,Perpignan,Italy,Rugby World Cup 2023
Giacomo Da Re,Fly-half,2,Benetton,Italy,Rugby World Cup 2023
Paolo Garbisi,Fly-half,27,Montpellier,Italy,Rugby World Cup 2023
Ignacio Brex,Centre,26,Benetton,Italy,Rugby World Cup 2023
Luca Morisi,Centre,47,Unattached,Italy,Rugby World Cup 2023
Pierre Bruno,Wing,13,Zebre Parma,Italy,Rugby World Cup 2023
Monty Ioane,Wing,21,Lyon,Italy,Rugby World Cup 2023
Paolo Odogwu,Wing,3,Benetton,Italy,Rugby World Cup 2023
Ange Capuozzo,Fullback,12,Toulouse,Italy,Rugby World Cup 2023
Lorenzo Pani,Fullback,3,Zebre Parma,Italy,Rugby World Cup 2023
Facundo Gattas,Hooker,39,Old Glory DC,Uruguay,Rugby World Cup 2023
Germán Kessler,Hooker,62,Provence,Uruguay,Rugby World Cup 2023
Guillermo Pujadas,Hooker,28,Peñarol,Uruguay,Rugby World Cup 2023
Diego Arbelo,Prop,18,Peñarol,Uruguay,Rugby World Cup 2023
Matías Benítez,Prop,45,Peñarol,Uruguay,Rugby World Cup 2023
Ignacio Péculo,Prop,13,Peñarol,Uruguay,Rugby World Cup 2023
Reinaldo Piussi,Prop,4,Peñarol,Uruguay,Rugby World Cup 2023
Mateo Sanguinetti,Prop,80,Peñarol,Uruguay,Rugby World Cup 2023
Felipe Aliaga,Lock,5,Peñarol,Uruguay,Rugby World Cup 2023
Ignacio Dotti,Lock,59,Peñarol,Uruguay,Rugby World Cup 2023
Manuel Leindekar,Lock,28,Bayonne,Uruguay,Rugby World Cup 2023
Juan Manuel Rodríguez,Lock,3,Peñarol,Uruguay,Rugby World Cup 2023
Manuel Ardao,Back row,23,Peñarol,Uruguay,Rugby World Cup 2023
Lucas Bianchi,Back row,10,Peñarol,Uruguay,Rugby World Cup 2023
Santiago Civetta,Back row,26,Peñarol,Uruguay,Rugby World Cup 2023
Carlos Deus,Back row,3,Peñarol,Uruguay,Rugby World Cup 2023
Manuel Diana,Back row,38,Peñarol,Uruguay,Rugby World Cup 2023
Eric Dosantos,Back row,16,Peñarol,Uruguay,Rugby World Cup 2023
Santiago Álvarez,Scrum-half,7,Peñarol,Uruguay,Rugby World Cup 2023
Santiago Arata,Scrum-half,45,Castres,Uruguay,Rugby World Cup 2023
Agustín Ormaechea,Scrum-half,56,Nice,Uruguay,Rugby World Cup 2023
Felipe Berchesi,Fly-half,45,Dax,Uruguay,Rugby World Cup 2023
Felipe Etcheverry,Fly-half,20,Peñarol,Uruguay,Rugby World Cup 2023
Felipe Arcos Pérez,Centre,9,Old Boys,Uruguay,Rugby World Cup 2023
Tomás Inciarte,Centre,32,Peñarol,Uruguay,Rugby World Cup 2023
Andrés Vilaseca,Centre,75,Vannes,Uruguay,Rugby World Cup 2023
Juan Manuel Alonso,Wing,8,Peñarol,Uruguay,Rugby World Cup 2023
Bautista Basso,Wing,4,Old Boys,Uruguay,Rugby World Cup 2023
Ignacio Facciolo,Wing,1,Círculo de Tenis,Uruguay,Rugby World Cup 2023
Nicolás Freitas,Wing,50,Vannes,Uruguay,Rugby World Cup 2023
Gastón Mieres,Wing,82,Peñarol,Uruguay,Rugby World Cup 2023
Baltazar Amaya,Fullback,8,Old Boys,Uruguay,Rugby World Cup 2023
Rodrigo Silva,Fullback,77,Peñarol,Uruguay,Rugby World Cup 2023
Obert Nortjé,Hooker,21,Wanderers,Namibia,Rugby World Cup 2023
Torsten van Jaarsveld,Hooker,19,Bayonne,Namibia,Rugby World Cup 2023
Louis van der Westhuizen,Hooker,29,Cheetahs,Namibia,Rugby World Cup 2023
Jason Benade,Prop,13,University of Namibia,Namibia,Rugby World Cup 2023
Aranos Coetzee,Prop,29,Cheetahs,Namibia,Rugby World Cup 2023
Des Sethie,Prop,17,University of Namibia,Namibia,Rugby World Cup 2023
Haitembu Shikufa,Prop,1,Leopards,Namibia,Rugby World Cup 2023
Casper Viviers,Prop,41,La Baule,Namibia,Rugby World Cup 2023
Tiaan de Klerk,Lock,1,Mogliano,Namibia,Rugby World Cup 2023
Adriaan Ludick,Lock,9,Limoges,Namibia,Rugby World Cup 2023
Mahepisa Tjeriko,Lock,11,University of Namibia,Namibia,Rugby World Cup 2023
Tjiuee Uanivi,Lock,34,Montauban,Namibia,Rugby World Cup 2023
P. J. van Lill,Lock,60,Capbreton Hossegor,Namibia,Rugby World Cup 2023
Adriaan Booysen,Back row,24,Dallas Jackals,Namibia,Rugby World Cup 2023
Wian Conradie,Back row,28,New England Free Jacks,Namibia,Rugby World Cup 2023
Prince ǃGaoseb,Back row,12,Tel Aviv Heat,Namibia,Rugby World Cup 2023
Richard Hardwick,Back row,3,Melbourne Rebels,Namibia,Rugby World Cup 2023
Max Katjijeko,Back row,21,Tel Aviv Heat,Namibia,Rugby World Cup 2023
Johan Retief,Back row,21,Griquas,Namibia,Rugby World Cup 2023
Oela Blaauw,Scrum-half,0,University of Johannesburg,Namibia,Rugby World Cup 2023
TC Kisting,Scrum-half,18,Dinamo București,Namibia,Rugby World Cup 2023
Damian Stevens,Scrum-half,36,New Orleans Gold,Namibia,Rugby World Cup 2023
Jacques Theron,Scrum-half,3,Wanderers,Namibia,Rugby World Cup 2023
Cliven Loubser,Fly-half,24,Utah Warriors,Namibia,Rugby World Cup 2023
Tiaan Swanepoel,Fly-half,2,Valence-d'Agen,Namibia,Rugby World Cup 2023
André van den Berg,Fly-half,4,Wanderers,Namibia,Rugby World Cup 2023
Danco Burger,Centre,5,Wanderers,Namibia,Rugby World Cup 2023
Johan Deysel,Centre,35,Colomiers,Namibia,Rugby World Cup 2023
Alcino Izaacs,Centre,3,Boland Cavaliers,Namibia,Rugby World Cup 2023
Lloyd Jacobs,Centre,0,Kudus,Namibia,Rugby World Cup 2023
Le Roux Malan,Centre,2,New England Free Jacks,Namibia,Rugby World Cup 2023
JC Greyling,Wing,42,Wanderers,Namibia,Rugby World Cup 2023
Gerswin Mouton,Wing,3,Wits University,Namibia,Rugby World Cup 2023
Chad Plato,Fullback,4,Kudus,Namibia,Rugby World Cup 2023
Divan Rossouw,Fullback,6,Krasny Yar,Namibia,Rugby World Cup 2023
Malcolm Marx,Hooker,63,Kubota Spears,South Africa,Rugby World Cup 2023
Bongi Mbonambi,Hooker,62,Sharks,South Africa,Rugby World Cup 2023
Steven Kitshoff,Prop,76,Ulster,South Africa,Rugby World Cup 2023
Vincent Koch,Prop,46,Sharks,South Africa,Rugby World Cup 2023
Frans Malherbe,Prop,63,Stormers,South Africa,Rugby World Cup 2023
Ox Nché,Prop,21,Sharks,South Africa,Rugby World Cup 2023
Trevor Nyakane,Prop,62,Racing 92,South Africa,Rugby World Cup 2023
Eben Etzebeth,Lock,113,Sharks,South Africa,Rugby World Cup 2023
Jean Kleyn,Lock,4,Munster,South Africa,Rugby World Cup 2023
Franco Mostert,Lock,67,Mie Honda Heat,South Africa,Rugby World Cup 2023
Marvin Orie,Lock,14,Perpignan,South Africa,Rugby World Cup 2023
RG Snyman,Lock,28,Munster,South Africa,Rugby World Cup 2023
Pieter-Steph du Toit,Loose forward,71,Toyota Verblitz,South Africa,Rugby World Cup 2023
Deon Fourie,Loose forward,7,Stormers,South Africa,Rugby World Cup 2023
Siya Kolisi,Loose forward,77,Racing 92,South Africa,Rugby World Cup 2023
Kwagga Smith,Loose forward,34,Shizuoka Blue Revs,South Africa,Rugby World Cup 2023
Marco van Staden,Loose forward,14,Bulls,South Africa,Rugby World Cup 2023
Duane Vermeulen,Loose forward,70,Unattached,South Africa,Rugby World Cup 2023
Jasper Wiese,Loose forward,23,Leicester Tigers,South Africa,Rugby World Cup 2023
Faf de Klerk,Scrum-half,49,Yokohama Canon Eagles,South Africa,Rugby World Cup 2023
Jaden Hendrikse,Scrum-half,13,Sharks,South Africa,Rugby World Cup 2023
Cobus Reinach,Scrum-half,26,Montpellier,South Africa,Rugby World Cup 2023
Grant Williams,Scrum-half,5,Sharks,South Africa,Rugby World Cup 2023
Manie Libbok,Fly-half,9,Stormers,South Africa,Rugby World Cup 2023
Handré Pollard,Fly-half,65,Leicester Tigers,South Africa,Rugby World Cup 2023
Damian Willemse,Fly-half,33,Stormers,South Africa,Rugby World Cup 2023
Lukhanyo Am,Centre,35,Sharks,South Africa,Rugby World Cup 2023
Damian de Allende,Centre,73,Saitama Wild Knights,South Africa,Rugby World Cup 2023
André Esterhuizen,Centre,14,Harlequins,South Africa,Rugby World Cup 2023
Jesse Kriel,Centre,62,Yokohama Canon Eagles,South Africa,Rugby World Cup 2023
Kurt-Lee Arendse,Wing,10,Bulls,South Africa,Rugby World Cup 2023
Cheslin Kolbe,Wing,26,Tokyo Sungoliath,South Africa,Rugby World Cup 2023
Makazole Mapimpi,Wing,39,Sharks,South Africa,Rugby World Cup 2023
Canan Moodie,Wing,8,Bulls,South Africa,Rugby World Cup 2023
Willie le Roux,Fullback,87,Bulls,South Africa,Rugby World Cup 2023
Rob Herring,Hooker,37,Ulster,Ireland,Rugby World Cup 2023
Rónan Kelleher,Hooker,21,Leinster,Ireland,Rugby World Cup 2023
Dan Sheehan,Hooker,18,Leinster,Ireland,Rugby World Cup 2023
Finlay Bealham,Prop,32,Connacht,Ireland,Rugby World Cup 2023
Tadhg Furlong,Prop,67,Leinster,Ireland,Rugby World Cup 2023
Dave Kilcoyne,Prop,52,Munster,Ireland,Rugby World Cup 2023
Jeremy Loughman,Prop,3,Munster,Ireland,Rugby World Cup 2023
Tom O'Toole,Prop,11,Ulster,Ireland,Rugby World Cup 2023
Andrew Porter,Prop,54,Leinster,Ireland,Rugby World Cup 2023
Ryan Baird,Lock,13,Leinster,Ireland,Rugby World Cup 2023
Tadhg Beirne,Lock,41,Munster,Ireland,Rugby World Cup 2023
Iain Henderson,Lock,74,Ulster,Ireland,Rugby World Cup 2023
Joe McCarthy,Lock,3,Leinster,Ireland,Rugby World Cup 2023
James Ryan,Lock,55,Leinster,Ireland,Rugby World Cup 2023
Jack Conan,Back row,39,Leinster,Ireland,Rugby World Cup 2023
Caelan Doris,Back row,31,Leinster,Ireland,Rugby World Cup 2023
Peter O'Mahony,Back row,96,Munster,Ireland,Rugby World Cup 2023
Josh van der Flier,Back row,52,Leinster,Ireland,Rugby World Cup 2023
Craig Casey,Scrum-half,12,Munster,Ireland,Rugby World Cup 2023
Jamison Gibson-Park,Scrum-half,26,Leinster,Ireland,Rugby World Cup 2023
Conor Murray,Scrum-half,106,Munster,Ireland,Rugby World Cup 2023
Ross Byrne,Fly-half,21,Leinster,Ireland,Rugby World Cup 2023
Jack Crowley,Fly-half,6,Munster,Ireland,Rugby World Cup 2023
Johnny Sexton,Fly-half,113,Unattached,Ireland,Rugby World Cup 2023
Bundee Aki,Centre,47,Connacht,Ireland,Rugby World Cup 2023
Robbie Henshaw,Centre,64,Leinster,Ireland,Rugby World Cup 2023
Stuart McCloskey,Centre,13,Ulster,Ireland,Rugby World Cup 2023
Garry Ringrose,Centre,51,Leinster,Ireland,Rugby World Cup 2023
Keith Earls,Wing,100,Munster,Ireland,Rugby World Cup 2023
Mack Hansen,Wing,16,Connacht,Ireland,Rugby World Cup 2023
James Lowe,Wing,21,Leinster,Ireland,Rugby World Cup 2023
Hugo Keenan,Fullback,31,Leinster,Ireland,Rugby World Cup 2023
Jimmy O'Brien,Fullback,6,Leinster,Ireland,Rugby World Cup 2023
Ewan Ashman,Hooker,9,Edinburgh,Scotland,Rugby World Cup 2023
Dave Cherry,Hooker,10,Edinburgh,Scotland,Rugby World Cup 2023
Johnny Matthews,Hooker,0,Glasgow Warriors,Scotland,Rugby World Cup 2023
Stuart McInally,Hooker,49,Edinburgh,Scotland,Rugby World Cup 2023
George Turner,Hooker,37,Glasgow Warriors,Scotland,Rugby World Cup 2023
Jamie Bhatti,Prop,32,Glasgow Warriors,Scotland,Rugby World Cup 2023
Zander Fagerson,Prop,59,Glasgow Warriors,Scotland,Rugby World Cup 2023
WP Nel,Prop,56,Edinburgh,Scotland,Rugby World Cup 2023
Pierre Schoeman,Prop,23,Edinburgh,Scotland,Rugby World Cup 2023
Javan Sebastian,Prop,6,Edinburgh,Scotland,Rugby World Cup 2023
Rory Sutherland,Prop,25,Unattached,Scotland,Rugby World Cup 2023
Scott Cummings,Lock,29,Glasgow Warriors,Scotland,Rugby World Cup 2023
Grant Gilchrist,Lock,65,Edinburgh,Scotland,Rugby World Cup 2023
Richie Gray,Lock,75,Glasgow Warriors,Scotland,Rugby World Cup 2023
Sam Skinner,Lock,28,Edinburgh,Scotland,Rugby World Cup 2023
Luke Crosbie,Back row,5,Edinburgh,Scotland,Rugby World Cup 2023
Rory Darge,Back row,11,Glasgow Warriors,Scotland,Rugby World Cup 2023
Jack Dempsey,Back row,12,Glasgow Warriors,Scotland,Rugby World Cup 2023
Matt Fagerson,Back row,36,Glasgow Warriors,Scotland,Rugby World Cup 2023
Jamie Ritchie,Back row,43,Edinburgh,Scotland,Rugby World Cup 2023
Hamish Watson,Back row,58,Edinburgh,Scotland,Rugby World Cup 2023
George Horne,Scrum-half,23,Glasgow Warriors,Scotland,Rugby World Cup 2023
Ali Price,Scrum-half,63,Glasgow Warriors,Scotland,Rugby World Cup 2023
Ben White,Scrum-half,17,Toulon,Scotland,Rugby World Cup 2023
Ben Healy,Fly-half,3,Edinburgh,Scotland,Rugby World Cup 2023
Finn Russell,Fly-half,72,Bath,Scotland,Rugby World Cup 2023
Chris Harris,Centre,44,Gloucester,Scotland,Rugby World Cup 2023
Huw Jones,Centre,39,Glasgow Warriors,Scotland,Rugby World Cup 2023
Cameron Redpath,Centre,7,Bath,Scotland,Rugby World Cup 2023
Sione Tuipulotu,Centre,19,Glasgow Warriors,Scotland,Rugby World Cup 2023
Darcy Graham,Wing,35,Edinburgh,Scotland,Rugby World Cup 2023
Kyle Steyn,Wing,13,Glasgow Warriors,Scotland,Rugby World Cup 2023
Duhan van der Merwe,Wing,31,Edinburgh,Scotland,Rugby World Cup 2023
Blair Kinghorn,Fullback,46,Edinburgh,Scotland,Rugby World Cup 2023
Ollie Smith,Fullback,6,Glasgow Warriors,Scotland,Rugby World Cup 2023
Sione Angaʻaelangi,Hooker,5,Stade Niçois,Tonga,Rugby World Cup 2023
Siua Maile,Hooker,15,Benetton,Tonga,Rugby World Cup 2023
Sam Moli,Hooker,13,Moana Pasifika,Tonga,Rugby World Cup 2023
Paul Ngauamo,Hooker,27,Castres,Tonga,Rugby World Cup 2023
Joe Apikotoa,Prop,3,Moana Pasifika,Tonga,Rugby World Cup 2023
Siegfried Fisiʻihoi,Prop,23,Pau,Tonga,Rugby World Cup 2023
Feao Fotuaika,Prop,5,Lyon,Tonga,Rugby World Cup 2023
Tau Koloamatangi,Prop,7,Moana Pasifika,Tonga,Rugby World Cup 2023
Paula Latu,Prop,1,Southland,Tonga,Rugby World Cup 2023
Ben Tameifuna,Prop,29,Bordeaux,Tonga,Rugby World Cup 2023
Siate Tokolahi,Prop,3,Pau,Tonga,Rugby World Cup 2023
Adam Coleman,Lock,0,Bordeaux,Tonga,Rugby World Cup 2023
Leva Fifita,Lock,31,Connacht,Tonga,Rugby World Cup 2023
Sam Lousi,Lock,13,Scarlets,Tonga,Rugby World Cup 2023
Steve Mafi,Lock,41,Oyonnax,Tonga,Rugby World Cup 2023
Semisi Paea,Lock,3,New England Free Jacks,Tonga,Rugby World Cup 2023
Vaea Fifita,Back row,9,Scarlets,Tonga,Rugby World Cup 2023
Penitoa Finau,Back row,0,Moana Pasifika,Tonga,Rugby World Cup 2023
Solomone Funaki,Back row,7,Moana Pasifika,Tonga,Rugby World Cup 2023
Tanginoa Halaifonua,Back row,13,Stade Français,Tonga,Rugby World Cup 2023
Sione Havili Talitui,Back row,9,Crusaders,Tonga,Rugby World Cup 2023
Sione Vailanu,Back row,12,Glasgow Warriors,Tonga,Rugby World Cup 2023
Manu Paea,Scrum-half,9,Moana Pasifika,Tonga,Rugby World Cup 2023
Augustine Pulu,Scrum-half,3,Hino Red Dolphins,Tonga,Rugby World Cup 2023
Sonatane Takulua,Scrum-half,52,Agen,Tonga,Rugby World Cup 2023
William Havili,Fly-half,9,Moana Pasifika,Tonga,Rugby World Cup 2023
Otumaka Mausia,Fly-half,11,Western Sydney Two Blues,Tonga,Rugby World Cup 2023
Patrick Pellegrini,Fly-half,3,Coventry,Tonga,Rugby World Cup 2023
Pita Ahki,Centre,4,Toulouse,Tonga,Rugby World Cup 2023
Malakai Fekitoa,Centre,8,Benetton,Tonga,Rugby World Cup 2023
George Moala,Centre,5,Clermont,Tonga,Rugby World Cup 2023
Afusipa Taumoepeau,Centre,12,Perpignan,Tonga,Rugby World Cup 2023
Fine Inisi,Wing,7,Moana Pasifika,Tonga,Rugby World Cup 2023
Solomone Kata,Wing,9,Leicester Tigers,Tonga,Rugby World Cup 2023
Kyren Taumoefolau,Wing,5,Moana Pasifika,Tonga,Rugby World Cup 2023
Anzelo Tuitavuki,Wing,7,Moana Pasifika,Tonga,Rugby World Cup 2023
Charles Piutau,Fullback,5,Shizuoka Blue Revs,Tonga,Rugby World Cup 2023
Florin Bărdașu,Hooker,12,Steaua București,Romania,Rugby World Cup 2023
Ovidiu Cojocaru,Hooker,32,Dinamo București,Romania,Rugby World Cup 2023
Robert Irimescu,Hooker,4,Știința Baia Mare,Romania,Rugby World Cup 2023
Costel Burțilă,Prop,13,Hyères Carqueiranne,Romania,Rugby World Cup 2023
Thomas Crețu,Prop,5,Aurillac,Romania,Rugby World Cup 2023
Gheorghe Gajion,Prop,9,Mont-de-Marsan,Romania,Rugby World Cup 2023
Alexandru Gordaș,Prop,35,Dinamo București,Romania,Rugby World Cup 2023
Iulian Harțig,Prop,9,Bassin d'Arcachon,Romania,Rugby World Cup 2023
Alexandru Savin,Prop,25,Steaua București,Romania,Rugby World Cup 2023
Ștefan Iancu,Lock,5,Știința Baia Mare,Romania,Rugby World Cup 2023
Marius Iftimiciuc,Lock,22,Carcassonne,Romania,Rugby World Cup 2023
Adrian Moțoc,Lock,27,Biarritz,Romania,Rugby World Cup 2023
Cristi Boboc,Back row,9,Steaua București,Romania,Rugby World Cup 2023
Cristi Chirică,Back row,34,Dinamo București,Romania,Rugby World Cup 2023
André Gorin,Back row,44,Hyères Carqueiranne,Romania,Rugby World Cup 2023
Mihai Macovei,Back row,104,Bassin d'Arcachon,Romania,Rugby World Cup 2023
Vlad Neculau,Back row,14,Timișoara,Romania,Rugby World Cup 2023
Florian Roșu,Back row,13,Știința Baia Mare,Romania,Rugby World Cup 2023
Dragoș Ser,Back row,15,Steaua București,Romania,Rugby World Cup 2023
Damian Strătilă,Back row,6,Steaua București,Romania,Rugby World Cup 2023
Alin Conache,Scrum-half,5,Timișoara,Romania,Rugby World Cup 2023
Gabriel Rupanu,Scrum-half,21,Timișoara,Romania,Rugby World Cup 2023
Florin Surugiu,Scrum-half,103,Steaua București,Romania,Rugby World Cup 2023
Tudor Boldor,Fly-half,16,Dinamo București,Romania,Rugby World Cup 2023
Mihai Mureșan,Fly-half,3,Știința Baia Mare,Romania,Rugby World Cup 2023
Luca Nichitean,Fly-half,0,Știința Baia Mare,Romania,Rugby World Cup 2023
Gabriel Pop,Fly-half,5,Dinamo București,Romania,Rugby World Cup 2023
Alexandru Bucur,Centre,15,Știința Baia Mare,Romania,Rugby World Cup 2023
Taylor Gontineac,Centre,10,Rouen,Romania,Rugby World Cup 2023
Mihai Graure,Centre,0,Dinamo București,Romania,Rugby World Cup 2023
Tevita Manumua,Centre,2,Timișoara,Romania,Rugby World Cup 2023
Taliaʻuli Sikuea,Centre,1,Știința Baia Mare,Romania,Rugby World Cup 2023
Jason Tomane,Centre,14,Știința Baia Mare,Romania,Rugby World Cup 2023
Sioeli Lama,Wing,6,Steaua București,Romania,Rugby World Cup 2023
Nicolas Onuțu,Wing,27,Annonay,Romania,Rugby World Cup 2023
Marius Simionescu,Wing,30,Timișoara,Romania,Rugby World Cup 2023
Fonovai Tangimana,Wing,22,Steaua București,Romania,Rugby World Cup 2023
Paul Popoaia,Fullback,12,Știința Baia Mare,Romania,Rugby World Cup 2023
Hinckley Vaovasa,Fullback,18,Steaua București,Romania,Rugby World Cup 2023
Elliot Dee,Hooker,43,Dragons,Wales,Rugby World Cup 2023
Ryan Elias,Hooker,34,Scarlets,Wales,Rugby World Cup 2023
Dewi Lake,Hooker,9,Ospreys,Wales,Rugby World Cup 2023
Corey Domachowski,Prop,2,Cardiff,Wales,Rugby World Cup 2023
Tomas Francis,Prop,72,Provence,Wales,Rugby World Cup 2023
Dillon Lewis,Prop,51,Harlequins,Wales,Rugby World Cup 2023
Nicky Smith,Prop,44,Ospreys,Wales,Rugby World Cup 2023
Gareth Thomas,Prop,22,Ospreys,Wales,Rugby World Cup 2023
Henry Thomas,Prop,2,Montpellier,Wales,Rugby World Cup 2023
Adam Beard,Lock,47,Ospreys,Wales,Rugby World Cup 2023
Dafydd Jenkins,Lock,7,Exeter Chiefs,Wales,Rugby World Cup 2023
Will Rowlands,Lock,25,Racing 92,Wales,Rugby World Cup 2023
Christ Tshiunza,Lock,7,Exeter Chiefs,Wales,Rugby World Cup 2023
Taine Basham,Back row,13,Dragons,Wales,Rugby World Cup 2023
Taulupe Faletau,Back row,100,Cardiff,Wales,Rugby World Cup 2023
Dan Lydiate,Back row,71,Dragons,Wales,Rugby World Cup 2023
Jac Morgan,Back row,11,Ospreys,Wales,Rugby World Cup 2023
Tommy Reffell,Back row,10,Leicester Tigers,Wales,Rugby World Cup 2023
Aaron Wainwright,Back row,39,Dragons,Wales,Rugby World Cup 2023
Gareth Davies,Scrum-half,69,Scarlets,Wales,Rugby World Cup 2023
Kieran Hardy,Scrum-half,18,Scarlets,Wales,Rugby World Cup 2023
Tomos Williams,Scrum-half,48,Cardiff,Wales,Rugby World Cup 2023
Gareth Anscombe,Fly-half,35,Tokyo Sungoliath,Wales,Rugby World Cup 2023
Dan Biggar,Fly-half,109,Toulon,Wales,Rugby World Cup 2023
Sam Costelow,Fly-half,4,Scarlets,Wales,Rugby World Cup 2023
Mason Grady,Centre,4,Cardiff,Wales,Rugby World Cup 2023
George North,Centre,114,Ospreys,Wales,Rugby World Cup 2023
Nick Tompkins,Centre,28,Saracens,Wales,Rugby World Cup 2023
Johnny Williams,Centre,6,Scarlets,Wales,Rugby World Cup 2023
Josh Adams,Wing,50,Cardiff,Wales,Rugby World Cup 2023
Rio Dyer,Wing,9,Dragons,Wales,Rugby World Cup 2023
Louis Rees-Zammit,Wing,27,Gloucester,Wales,Rugby World Cup 2023
Leigh Halfpenny,Fullback,100,Unattached,Wales,Rugby World Cup 2023
Liam Williams,Fullback,85,Kubota Spears,Wales,Rugby World Cup 2023
Matt Faessler,Hooker,2,Queensland Reds,Australia,Rugby World Cup 2023
Dave Porecki,Hooker,15,NSW Waratahs,Australia,Rugby World Cup 2023
Jordan Uelese,Hooker,18,Melbourne Rebels,Australia,Rugby World Cup 2023
Angus Bell,Prop,24,NSW Waratahs,Australia,Rugby World Cup 2023
Pone Fa'amausili,Prop,5,Melbourne Rebels,Australia,Rugby World Cup 2023
Zane Nonggorr,Prop,3,Queensland Reds,Australia,Rugby World Cup 2023
Blake Schoupp,Prop,1,ACT Brumbies,Australia,Rugby World Cup 2023
James Slipper,Prop,131,ACT Brumbies,Australia,Rugby World Cup 2023
Taniela Tupou,Prop,49,Queensland Reds,Australia,Rugby World Cup 2023
Richie Arnold,Lock,5,Toulouse,Australia,Rugby World Cup 2023
Nick Frost,Lock,12,ACT Brumbies,Australia,Rugby World Cup 2023
Matt Philip,Lock,29,Melbourne Rebels,Australia,Rugby World Cup 2023
Will Skelton,Lock,29,La Rochelle,Australia,Rugby World Cup 2023
Langi Gleeson,Back row,4,NSW Waratahs,Australia,Rugby World Cup 2023
Tom Hooper,Back row,4,ACT Brumbies,Australia,Rugby World Cup 2023
Josh Kemeny,Back row,1,Melbourne Rebels,Australia,Rugby World Cup 2023
Rob Leota,Back row,17,Melbourne Rebels,Australia,Rugby World Cup 2023
Fraser McReight,Back row,13,Queensland Reds,Australia,Rugby World Cup 2023
Rob Valetini,Back row,35,ACT Brumbies,Australia,Rugby World Cup 2023
Issak Fines-Leleiwasa,Scrum-half,1,Western Force,Australia,Rugby World Cup 2023
Tate McDermott,Scrum-half,26,Queensland Reds,Australia,Rugby World Cup 2023
Nic White,Scrum-half,63,ACT Brumbies,Australia,Rugby World Cup 2023
Carter Gordon,Fly-half,5,Melbourne Rebels,Australia,Rugby World Cup 2023
Ben Donaldson,Fly-half,3,NSW Waratahs,Australia,Rugby World Cup 2023
Lalakai Foketi,Centre,6,NSW Waratahs,Australia,Rugby World Cup 2023
Samu Kerevi,Centre,45,Tokyo Sungoliath,Australia,Rugby World Cup 2023
Izaia Perese,Centre,5,NSW Waratahs,Australia,Rugby World Cup 2023
Jordan Petaia,Centre,28,Queensland Reds,Australia,Rugby World Cup 2023
Max Jorgensen,Wing,0,NSW Waratahs,Australia,Rugby World Cup 2023
Marika Koroibete,Wing,55,Saitama Wild Knights,Australia,Rugby World Cup 2023
Mark Nawaqanitawase,Wing,7,NSW Waratahs,Australia,Rugby World Cup 2023
Suliasi Vunivalu,Wing,3,Queensland Reds,Australia,Rugby World Cup 2023
Andrew Kellaway,Fullback,24,Melbourne Rebels,Australia,Rugby World Cup 2023
Tevita Ikanivere,Hooker,8,Fijian Drua,Fiji,Rugby World Cup 2023
Sam Matavesi,Hooker,26,Northampton Saints,Fiji,Rugby World Cup 2023
Zuriel Togiatama,Hooker,3,Fijian Drua,Fiji,Rugby World Cup 2023
Mesake Doge,Prop,10,Fijian Drua,Fiji,Rugby World Cup 2023
Jone Koroiduadua,Prop,2,Fijian Drua,Fiji,Rugby World Cup 2023
Eroni Mawi,Prop,25,Saracens,Fiji,Rugby World Cup 2023
Peni Ravai,Prop,39,Queensland Reds,Fiji,Rugby World Cup 2023
Luke Tagi,Prop,9,Bayonne,Fiji,Rugby World Cup 2023
Samu Tawake,Prop,2,Fijian Drua,Fiji,Rugby World Cup 2023
Emosi Tuqiri,Prop,0,Fijian Drua,Fiji,Rugby World Cup 2023
Te Ahiwaru Cirikidaveta,Lock,5,Fijian Drua,Fiji,Rugby World Cup 2023
Temo Mayanavanua,Lock,11,Northampton Saints,Fiji,Rugby World Cup 2023
Isoa Nasilasila,Lock,7,Fijian Drua,Fiji,Rugby World Cup 2023
Api Ratuniyarawa,Lock,41,Bayonne,Fiji,Rugby World Cup 2023
Lekima Tagitagivalu,Lock,3,Pau,Fiji,Rugby World Cup 2023
Levani Botia,Back row,24,La Rochelle,Fiji,Rugby World Cup 2023
Meli Derenalagi,Back row,3,Fijian Drua,Fiji,Rugby World Cup 2023
Viliame Mata,Back row,26,Edinburgh,Fiji,Rugby World Cup 2023
Vilive Miramira,Back row,1,Fijian Drua,Fiji,Rugby World Cup 2023
Albert Tuisue,Back row,19,Gloucester,Fiji,Rugby World Cup 2023
Simione Kuruvoli,Scrum-half,7,Fijian Drua,Fiji,Rugby World Cup 2023
Frank Lomani,Scrum-half,26,Fijian Drua,Fiji,Rugby World Cup 2023
Ratu Peni Matawalu,Scrum-half,5,Fijian Drua,Fiji,Rugby World Cup 2023
Caleb Muntz,Fly-half,4,Fijian Drua,Fiji,Rugby World Cup 2023
Teti Tela,Fly-half,6,Fijian Drua,Fiji,Rugby World Cup 2023
Vilimoni Botitu,Centre,8,Castres,Fiji,Rugby World Cup 2023
Sireli Maqala,Centre,4,Bayonne,Fiji,Rugby World Cup 2023
Iosefo Masi,Centre,2,Fijian Drua,Fiji,Rugby World Cup 2023
Waisea Nayacalevu,Centre,39,Toulon,Fiji,Rugby World Cup 2023
Semi Radradra,Centre,15,Lyon,Fiji,Rugby World Cup 2023
Josua Tuisova,Centre,19,Racing 92,Fiji,Rugby World Cup 2023
Vinaya Habosi,Wing,6,Racing 92,Fiji,Rugby World Cup 2023
Kalaveti Ravouvou,Wing,6,Bristol Bears,Fiji,Rugby World Cup 2023
Selestino Ravutaumada,Wing,4,Fijian Drua,Fiji,Rugby World Cup 2023
Jiuta Wainiqolo,Wing,4,Toulon,Fiji,Rugby World Cup 2023
Ilaisa Droasese,Fullback,4,Fijian Drua,Fiji,Rugby World Cup 2023
Shalva Mamukashvili,Hooker,100,Black Lion,Georgia,Rugby World Cup 2023
Luka Nioradze,Hooker,1,Aurillac,Georgia,Rugby World Cup 2023
Tengiz Zamtaradze,Hooker,4,Black Lion,Georgia,Rugby World Cup 2023
Vano Karkadze,Hooker,7,Montpellier,Georgia,Rugby World Cup 2023
Nika Abuladze,Prop,12,Exeter Chiefs,Georgia,Rugby World Cup 2023
Irakli Aptsiauri,Prop,0,Grenoble,Georgia,Rugby World Cup 2023
Beka Gigashvili,Prop,36,Toulon,Georgia,Rugby World Cup 2023
Guram Gogichashvili,Prop,39,Racing 92,Georgia,Rugby World Cup 2023
Luka Japaridze,Prop,8,Montpellier,Georgia,Rugby World Cup 2023
Mikheil Nariashvili,Prop,73,Black Lion,Georgia,Rugby World Cup 2023
Guram Papidze,Prop,12,Pau,Georgia,Rugby World Cup 2023
Lado Chachanidze,Lock,13,Nevers,Georgia,Rugby World Cup 2023
Nodar Tcheishvili,Lock,48,Black Lion,Georgia,Rugby World Cup 2023
Mikheil Babunashvili,Lock,2,Black Lion,Georgia,Rugby World Cup 2023
Lasha Jaiani,Lock,19,Nevers,Georgia,Rugby World Cup 2023
Konstantin Mikautadze,Lock,84,Bayonne,Georgia,Rugby World Cup 2023
Mikheil Gachechiladze,Back row,21,Black Lion,Georgia,Rugby World Cup 2023
Otar Giorgadze,Back row,35,Montauban,Georgia,Rugby World Cup 2023
Beka Gorgadze,Back row,40,Pau,Georgia,Rugby World Cup 2023
Luka Ivanishvili,Back row,7,Black Lion,Georgia,Rugby World Cup 2023
Tornike Jalagonia,Back row,24,Biarritz,Georgia,Rugby World Cup 2023
Beka Saghinadze,Back row,36,Lyon,Georgia,Rugby World Cup 2023
Giorgi Tsutskiridze,Back row,31,Stade Français,Georgia,Rugby World Cup 2023
Gela Aprasidze,Scrum-half,48,Bayonne,Georgia,Rugby World Cup 2023
Vasil Lobzhanidze,Scrum-half,78,Brive,Georgia,Rugby World Cup 2023
Tengiz Peranidze,Scrum-half,1,Black Lion,Georgia,Rugby World Cup 2023
Tedo Abzhandadze,Fly-half,43,Montauban,Georgia,Rugby World Cup 2023
Luka Matkava,Fly-half,10,Black Lion,Georgia,Rugby World Cup 2023
Tornike Kakhoidze,Centre,3,Black Lion,Georgia,Rugby World Cup 2023
Giorgi Kveseladze,Centre,48,Black Lion,Georgia,Rugby World Cup 2023
Merab Sharikadze,Centre,96,Black Lion,Georgia,Rugby World Cup 2023
Demur Tapladze,Centre,28,Black Lion,Georgia,Rugby World Cup 2023
Mirian Modebadze,Wing,25,Black Lion,Georgia,Rugby World Cup 2023
Otar Lashkhi,Wing,2,Black Lion,Georgia,Rugby World Cup 2023
Aka Tabutsadze,Wing,31,Black Lion,Georgia,Rugby World Cup 2023
Alexander Todua,Wing,108,Black Lion,Georgia,Rugby World Cup 2023
Lasha Khmaladze,Fullback,96,RC Batumi,Georgia,Rugby World Cup 2023
Davit Niniashvili,Fullback,23,Lyon,Georgia,Rugby World Cup 2023
Lionel Campergue,Hooker,21,Bassin d'Arcachon,Portugal,Rugby World Cup 2023
Duarte Diniz,Hooker,35,Direito,Portugal,Rugby World Cup 2023
Mike Tadjer,Hooker,32,Perpignan,Portugal,Rugby World Cup 2023
Anthony Alves,Prop,31,Mont-de-Marsan,Portugal,Rugby World Cup 2023
Francisco Bruno,Prop,24,Direito,Portugal,Rugby World Cup 2023
David Costa,Prop,25,Direito,Portugal,Rugby World Cup 2023
Francisco Fernandes,Prop,44,Béziers,Portugal,Rugby World Cup 2023
Diogo Hasse Ferreira,Prop,37,Dax,Portugal,Rugby World Cup 2023
António Machado Santos,Prop,2,Belenenses,Portugal,Rugby World Cup 2023
Martim Bello,Lock,6,Cascais,Portugal,Rugby World Cup 2023
Steevy Cerqueira,Lock,12,Chambéry,Portugal,Rugby World Cup 2023
José Madeira,Lock,32,Grenoble,Portugal,Rugby World Cup 2023
Duarte Torgal,Lock,19,Direito,Portugal,Rugby World Cup 2023
Thibault de Freitas,Back row,31,Floirac,Portugal,Rugby World Cup 2023
João Granate,Back row,31,Direito,Portugal,Rugby World Cup 2023
Nicolas Martins,Back row,8,Soyaux Angoulême,Portugal,Rugby World Cup 2023
Manuel Picão,Back row,21,Direito,Portugal,Rugby World Cup 2023
Rafael Simões,Back row,27,CDUL,Portugal,Rugby World Cup 2023
David Wallis,Back row,20,Belenenses,Portugal,Rugby World Cup 2023
João Bello,Scrum-half,25,CDUP,Portugal,Rugby World Cup 2023
Pedro Lucas,Scrum-half,17,Técnico,Portugal,Rugby World Cup 2023
Samuel Marques,Scrum-half,22,Béziers,Portugal,Rugby World Cup 2023
Joris Moura,Fly-half,1,Valence Romans,Portugal,Rugby World Cup 2023
Jerónimo Portela,Fly-half,25,Direito,Portugal,Rugby World Cup 2023
Tomás Appleton,Centre,62,CDUL,Portugal,Rugby World Cup 2023
Pedro Bettencourt,Centre,30,Oyonnax,Portugal,Rugby World Cup 2023
José Lima,Centre,55,Narbonne,Portugal,Rugby World Cup 2023
Rodrigo Marta,Wing,31,Colomiers,Portugal,Rugby World Cup 2023
Vincent Pinto,Wing,14,Colomiers,Portugal,Rugby World Cup 2023
Manuel Cardoso Pinto,Wing,30,Agronomia,Portugal,Rugby World Cup 2023
Raffaele Storti,Wing,21,Béziers,Portugal,Rugby World Cup 2023
Simão Bento,Fullback,11,Mont-de-Marsan,Portugal,Rugby World Cup 2023
Nuno Sousa Guedes,Fullback,38,CDUP,Portugal,Rugby World Cup 2023
Theo Dan,Hooker,3,Saracens,England,Rugby World Cup 2023
Jamie George,Hooker,79,Saracens,England,Rugby World Cup 2023
Jack Walker,Hooker,4,Harlequins,England,Rugby World Cup 2023
Dan Cole,Prop,102,Leicester Tigers,England,Rugby World Cup 2023
Ellis Genge,Prop,52,Bristol Bears,England,Rugby World Cup 2023
Joe Marler,Prop,82,Harlequins,England,Rugby World Cup 2023
Bevan Rodd,Prop,3,Sale Sharks,England,Rugby World Cup 2023
Kyle Sinckler,Prop,63,Bristol Bears,England,Rugby World Cup 2023
Will Stuart,Prop,29,Bath,England,Rugby World Cup 2023
Ollie Chessum,Lock,11,Leicester Tigers,England,Rugby World Cup 2023
Maro Itoje,Lock,70,Saracens,England,Rugby World Cup 2023
Courtney Lawes,Lock,100,Northampton Saints,England,Rugby World Cup 2023
George Martin,Lock,3,Leicester Tigers,England,Rugby World Cup 2023
David Ribbans,Lock,8,Toulon,England,Rugby World Cup 2023
Tom Curry,Back row,45,Sale Sharks,England,Rugby World Cup 2023
Ben Earl,Back row,18,Saracens,England,Rugby World Cup 2023
Lewis Ludlam,Back row,21,Northampton Saints,England,Rugby World Cup 2023
Sam Underhill,Back row,29,Bath,England,Rugby World Cup 2023
Jack Willis,Back row,13,Toulouse,England,Rugby World Cup 2023
Billy Vunipola,Back row,70,Saracens,England,Rugby World Cup 2023
Danny Care,Scrum-half,90,Harlequins,England,Rugby World Cup 2023
Alex Mitchell,Scrum-half,6,Northampton Saints,England,Rugby World Cup 2023
Jack van Poortvliet,Scrum-half,14,Leicester Tigers,England,Rugby World Cup 2023
Ben Youngs,Scrum-half,124,Leicester Tigers,England,Rugby World Cup 2023
Owen Farrell,Fly-half,107,Saracens,England,Rugby World Cup 2023
George Ford,Fly-half,85,Sale Sharks,England,Rugby World Cup 2023
Marcus Smith,Fly-half,24,Harlequins,England,Rugby World Cup 2023
Elliot Daly,Centre,59,Saracens,England,Rugby World Cup 2023
Ollie Lawrence,Centre,14,Bath,England,Rugby World Cup 2023
Joe Marchant,Centre,19,Stade Français,England,Rugby World Cup 2023
Manu Tuilagi,Centre,53,Sale Sharks,England,Rugby World Cup 2023
Max Malins,Wing,21,Bristol Bears,England,Rugby World Cup 2023
Jonny May,Wing,72,Gloucester,England,Rugby World Cup 2023
Anthony Watson,Wing,56,Unattached,England,Rugby World Cup 2023
Henry Arundell,Fullback,8,Racing 92,England,Rugby World Cup 2023
Freddie Steward,Fullback,26,Leicester Tigers,England,Rugby World Cup 2023
Shota Horie,Hooker,72,Saitama Wild Knights,Japan,Rugby World Cup 2023
Kosuke Horikoshi,Hooker,7,Tokyo Sungoliath,Japan,Rugby World Cup 2023
Atsushi Sakate,Hooker,37,Saitama Wild Knights,Japan,Rugby World Cup 2023
Asaeli Ai Valu,Prop,26,Saitama Wild Knights,Japan,Rugby World Cup 2023
Sione Halasili,Prop,0,Yokohama Canon Eagles,Japan,Rugby World Cup 2023
Keita Inagaki,Prop,49,Saitama Wild Knights,Japan,Rugby World Cup 2023
Koo Ji-won,Prop,25,Kobelco Kobe Steelers,Japan,Rugby World Cup 2023
Shinnosuke Kakinaga,Prop,12,Tokyo Sungoliath,Japan,Rugby World Cup 2023
Craig Millar,Prop,13,Saitama Wild Knights,Japan,Rugby World Cup 2023
Jack Cornelsen,Lock,16,Saitama Wild Knights,Japan,Rugby World Cup 2023
Warner Dearns,Lock,7,Toshiba Brave Lupus Tokyo,Japan,Rugby World Cup 2023
Amato Fakatava,Lock,3,Black Rams Tokyo,Japan,Rugby World Cup 2023
Uwe Helu,Lock,19,Kubota Spears,Japan,Rugby World Cup 2023
James Moore,Lock,16,Urayasu D-Rocks,Japan,Rugby World Cup 2023
Amanaki Saumaki,Lock,1,Kobelco Kobe Steelers,Japan,Rugby World Cup 2023
Shota Fukui,Back row,2,Saitama Wild Knights,Japan,Rugby World Cup 2023
Ben Gunter,Back row,8,Saitama Wild Knights,Japan,Rugby World Cup 2023
Kazuki Himeno,Back row,29,Toyota Verblitz,Japan,Rugby World Cup 2023
Lappies Labuschagné,Back row,16,Kubota Spears,Japan,Rugby World Cup 2023
Michael Leitch,Back row,80,Toshiba Brave Lupus Tokyo,Japan,Rugby World Cup 2023
Kanji Shimokawa,Back row,2,Tokyo Sungoliath,Japan,Rugby World Cup 2023
Kenta Fukuda,Scrum-half,0,Toyota Verblitz,Japan,Rugby World Cup 2023
Yutaka Nagare,Scrum-half,34,Tokyo Sungoliath,Japan,Rugby World Cup 2023
Naoto Saito,Scrum-half,15,Tokyo Sungoliath,Japan,Rugby World Cup 2023
Jumpei Ogura,Fly-half,4,Yokohama Canon Eagles,Japan,Rugby World Cup 2023
Rikiya Matsuda,Fly-half,33,Saitama Wild Knights,Japan,Rugby World Cup 2023
Lee Seung-sin,Fly-half,10,Kobelco Kobe Steelers,Japan,Rugby World Cup 2023
Ryoto Nakamura,Centre,35,Tokyo Sungoliath,Japan,Rugby World Cup 2023
Shōgo Nakano,Centre,7,Tokyo Sungoliath,Japan,Rugby World Cup 2023
Dylan Riley,Centre,14,Saitama Wild Knights,Japan,Rugby World Cup 2023
Tomoki Osada,Centre,4,Saitama Wild Knights,Japan,Rugby World Cup 2023
Ryohei Yamanaka,Centre,18,Kobelco Kobe Steelers,Japan,Rugby World Cup 2023
Siosaia Fifita,Wing,12,Toyota Verblitz,Japan,Rugby World Cup 2023
Lomano Lemeki,Wing,16,Green Rockets Tokatsu,Japan,Rugby World Cup 2023
Semisi Masirewa,Wing,5,Hanazono Kintetsu Liners,Japan,Rugby World Cup 2023
Jone Naikabula,Wing,4,Toshiba Brave Lupus Tokyo,Japan,Rugby World Cup 2023
Kotaro Matsushima,Fullback,51,Tokyo Sungoliath,Japan,Rugby World Cup 2023
Agustín Creevy,Hooker,101,Sale Sharks,Argentina,Rugby World Cup 2023
Julián Montoya,Hooker,89,Leicester Tigers,Argentina,Rugby World Cup 2023
Ignacio Ruiz,Hooker,6,Perpignan,Argentina,Rugby World Cup 2023
Eduardo Bello,Prop,14,Newcastle Falcons,Argentina,Rugby World Cup 2023
Thomas Gallo,Prop,17,Benetton,Argentina,Rugby World Cup 2023
Francisco Gómez Kodela,Prop,31,Lyon,Argentina,Rugby World Cup 2023
Joel Sclavi,Prop,12,La Rochelle,Argentina,Rugby World Cup 2023
Nahuel Tetaz Chaparro,Prop,78,Benetton,Argentina,Rugby World Cup 2023
Mayco Vivas,Prop,19,Gloucester,Argentina,Rugby World Cup 2023
Matías Alemanno,Lock,87,Gloucester,Argentina,Rugby World Cup 2023
Tomás Lavanini,Lock,82,Clermont,Argentina,Rugby World Cup 2023
Lucas Paulos,Lock,12,Brive,Argentina,Rugby World Cup 2023
Guido Petti,Lock,75,Bordeaux Bègles,Argentina,Rugby World Cup 2023
Pedro Rubiolo,Lock,5,Newcastle Falcons,Argentina,Rugby World Cup 2023
Rodrigo Bruni,Back row,21,Bayonne,Argentina,Rugby World Cup 2023
Juan Martín González,Back row,24,Saracens,Argentina,Rugby World Cup 2023
Santiago Grondona,Back row,15,Bristol Bears,Argentina,Rugby World Cup 2023
Facundo Isa,Back row,47,Toulon,Argentina,Rugby World Cup 2023
Marcos Kremer,Back row,57,Clermont,Argentina,Rugby World Cup 2023
Pablo Matera,Back row,95,Mie Honda Heat,Argentina,Rugby World Cup 2023
Joaquín Oviedo,Back row,1,Perpignan,Argentina,Rugby World Cup 2023
Lautaro Bazán,Scrum-half,7,Rovigo Delta,Argentina,Rugby World Cup 2023
Gonzalo Bertranou,Scrum-half,53,Dragons,Argentina,Rugby World Cup 2023
Tomás Cubelli,Scrum-half,89,Miami Sharks,Argentina,Rugby World Cup 2023
Santiago Carreras,Fly-half,35,Gloucester,Argentina,Rugby World Cup 2023
Nicolás Sánchez,Fly-half,98,Unattached,Argentina,Rugby World Cup 2023
Santiago Chocobares,Centre,14,Toulouse,Argentina,Rugby World Cup 2023
Lucio Cinti,Centre,16,Saracens,Argentina,Rugby World Cup 2023
Jerónimo de la Fuente,Centre,76,Perpignan,Argentina,Rugby World Cup 2023
Matías Moroni,Centre,74,Newcastle Falcons,Argentina,Rugby World Cup 2023
Emiliano Boffelli,Wing,53,Edinburgh,Argentina,Rugby World Cup 2023
Mateo Carreras,Wing,11,Newcastle Falcons,Argentina,Rugby World Cup 2023
Juan Imhoff,Wing,42,Racing 92,Argentina,Rugby World Cup 2023
Rodrigo Isgró,Wing,2,Argentina Sevens,Argentina,Rugby World Cup 2023
Martín Bogado,Fullback,2,Highlanders,Argentina,Rugby World Cup 2023
Juan Cruz Mallía,Fullback,26,Toulouse,Argentina,Rugby World Cup 2023
Seilala Lam,Hooker,23,Perpignan,Samoa,Rugby World Cup 2023
Sama Malolo,Hooker,3,San Diego Legion,Samoa,Rugby World Cup 2023
Ray Niuia,Hooker,14,Moana Pasifika,Samoa,Rugby World Cup 2023
Luteru Tolai,Hooker,3,Moana Pasifika,Samoa,Rugby World Cup 2023
Michael Alaalatoa,Prop,13,Leinster,Samoa,Rugby World Cup 2023
Paul Alo-Emile,Prop,21,Stade Français,Samoa,Rugby World Cup 2023
Charlie Faumuina,Prop,3,Toulouse,Samoa,Rugby World Cup 2023
James Lay,Prop,12,Blues,Samoa,Rugby World Cup 2023
Jordan Lay,Prop,26,Blues,Samoa,Rugby World Cup 2023
Brian Alainu'uese,Lock,5,Toulon,Samoa,Rugby World Cup 2023
Theo McFarland,Lock,7,Saracens,Samoa,Rugby World Cup 2023
Sam Slade,Lock,4,Moana Pasifika,Samoa,Rugby World Cup 2023
Chris Vui,Lock,25,Bristol Bears,Samoa,Rugby World Cup 2023
So'otala Fa'aso'o,Back row,1,Perpignan,Samoa,Rugby World Cup 2023
Miracle Faiʻilagi,Back row,3,Moana Pasifika,Samoa,Rugby World Cup 2023
Fritz Lee,Back row,7,Clermont,Samoa,Rugby World Cup 2023
Steve Luatua,Back row,3,Bristol Bears,Samoa,Rugby World Cup 2023
Alamanda Motuga,Back row,5,Moana Pasifika,Samoa,Rugby World Cup 2023
Taleni Seu,Back row,6,Toyota Shuttles,Samoa,Rugby World Cup 2023
Jordan Taufua,Back row,6,Lyon,Samoa,Rugby World Cup 2023
Ere Enari,Scrum-half,7,Moana Pasifika,Samoa,Rugby World Cup 2023
Melani Matavao,Scrum-half,13,Samoa Sevens,Samoa,Rugby World Cup 2023
Jonathan Taumateine,Scrum-half,11,Moana Pasifika,Samoa,Rugby World Cup 2023
Christian Leali'ifano,Fly-half,3,Moana Pasifika,Samoa,Rugby World Cup 2023
Lima Sopoaga,Fly-half,1,Shimizu Blue Sharks,Samoa,Rugby World Cup 2023
D'Angelo Leuila,Centre,18,Moana Pasifika,Samoa,Rugby World Cup 2023
Tumua Manu,Centre,7,Pau,Samoa,Rugby World Cup 2023
Duncan Paia'aua,Centre,6,Toulon,Samoa,Rugby World Cup 2023
UJ Seuteni,Centre,12,La Rochelle,Samoa,Rugby World Cup 2023
Nigel Ah Wong,Wing,8,Unattached,Samoa,Rugby World Cup 2023
Ed Fidow,Wing,19,New York,Samoa,Rugby World Cup 2023
Neria Fomai,Wing,8,Moana Pasifika,Samoa,Rugby World Cup 2023
Ben Lam,Wing,0,Montpellier,Samoa,Rugby World Cup 2023
Danny Toala,Fullback,8,Moana Pasifika,Samoa,Rugby World Cup 2023
Augusto Böhme,Hooker,22,Selknam,Chile,Rugby World Cup 2023
Tomás Dussaillant,Hooker,37,Selknam,Chile,Rugby World Cup 2023
Diego Escobar,Hooker,5,Selknam,Chile,Rugby World Cup 2023
Javier Carrasco,Prop,19,Selknam,Chile,Rugby World Cup 2023
Matías Dittus,Prop,21,Périgueux,Chile,Rugby World Cup 2023
Iñaki Gurruchaga,Prop,11,Selknam,Chile,Rugby World Cup 2023
Esteban Inostroza,Prop,1,Selknam,Chile,Rugby World Cup 2023
Vittorio Lastra,Prop,22,Selknam,Chile,Rugby World Cup 2023
Salvador Lues,Prop,11,Selknam,Chile,Rugby World Cup 2023
Javier Eissmann,Lock,21,Selknam,Chile,Rugby World Cup 2023
Pablo Huete,Lock,30,Selknam,Chile,Rugby World Cup 2023
Santiago Pedrero,Lock,6,Selknam,Chile,Rugby World Cup 2023
Augusto Sarmiento,Lock,15,PWCC,Chile,Rugby World Cup 2023
Alfonso Escobar,Back row,18,Selknam,Chile,Rugby World Cup 2023
Raimundo Martínez,Back row,10,Selknam,Chile,Rugby World Cup 2023
Thomas Orchard,Back row,12,Selknam,Chile,Rugby World Cup 2023
Clemente Saavedra,Back row,20,Selknam,Chile,Rugby World Cup 2023
Martín Sigren,Back row,27,Doncaster Knights,Chile,Rugby World Cup 2023
Ignacio Silva,Back row,38,Selknam,Chile,Rugby World Cup 2023
Lukas Carvallo,Scrum-half,6,Selknam,Chile,Rugby World Cup 2023
Nicolás Herreros,Scrum-half,5,Selknam,Chile,Rugby World Cup 2023
Marcelo Torrealba,Scrum-half,12,Selknam,Chile,Rugby World Cup 2023
Benjamín Videla,Scrum-half,0,Selknam,Chile,Rugby World Cup 2023
Rodrigo Fernández,Fly-half,23,Selknam,Chile,Rugby World Cup 2023
Santiago Videla,Fly-half,25,Selknam,Chile,Rugby World Cup 2023
Pablo Casas,Centre,15,Selknam,Chile,Rugby World Cup 2023
Matías Garafulic,Centre,12,Selknam,Chile,Rugby World Cup 2023
José Ignacio Larenas,Centre,47,Selknam,Chile,Rugby World Cup 2023
Domingo Saavedra,Centre,24,Selknam,Chile,Rugby World Cup 2023
Cristóbal Game Jiménez,Wing,1,Old John's,Chile,Rugby World Cup 2023
Nicolás Garafulic,Wing,19,Selknam,Chile,Rugby World Cup 2023
Franco Velarde,Wing,16,VOBGS,Chile,Rugby World Cup 2023
Iñaki Ayarza,Fullback,14,Soyaux Angoulême,Chile,Rugby World Cup 2023
Francisco Urroz,Fullback,11,Selknam,Chile,Rugby World Cup 2023
28,Selknam,0,Selknam,Player representation by club,Rugby World Cup 2023
21,Peñarol,0,Peñarol,Player representation by club,Rugby World Cup 2023
20,Benetton,0,Benetton,Player representation by club,Rugby World Cup 2023
19,Moana Pasifika,0,Moana Pasifika,Player representation by club,Rugby World Cup 2023
18,Leinster,0,Leinster,Player representation by club,Rugby World Cup 2023
17,Fijian Drua /  Toulouse,0,Fijian Drua /  Toulouse,Player representation by club,Rugby World Cup 2023
16,Edinburgh,0,Edinburgh,Player representation by club,Rugby World Cup 2023
15,Black Lion /  Glasgow Warriors,0,Black Lion /  Glasgow Warriors,Player representation by club,Rugby World Cup 2023
13,Saracens /  Saitama Wild Knights,0,Saracens /  Saitama Wild Knights,Player representation by club,Rugby World Cup 2023
11,La Rochelle /  Toulon,0,La Rochelle /  Toulon,Player representation by club,Rugby World Cup 2023
660,660,0,—,Player representation by league,Rugby World Cup 2023
132,132,200,20.0%,Player representation by league,Rugby World Cup 2023
106,106,160,16.0%,Player representation by league,Rugby World Cup 2023
106,106,160,16.0%,Player representation by league,Rugby World Cup 2023
64,64,96,9.6%,Player representation by league,Rugby World Cup 2023
50,50,76,7.6%,Player representation by league,Rugby World Cup 2023
49,49,74,7.4%,Player representation by league,Rugby World Cup 2023
32,32,48,4.8%,Player representation by league,Rugby World Cup 2023
24,24,36,3.6%,Player representation by league,Rugby World Cup 2023
17,17,26,2.6%,Player representation by league,Rugby World Cup 2023
16,16,24,2.4%,Player representation by league,Rugby World Cup 2023
14,14,21,2.1%,Player representation by league,Rugby World Cup 2023
10,10,15,1.5%,Player representation by league,Rugby World Cup 2023
31,31,47,4.7%,Player representation by league,Rugby World Cup 2023
660,660,0,—,Player representation by nation,Rugby World Cup 2023
32,32,3,3,Player representation by nation,Rugby World Cup 2023
30,30,0,—,Player representation by nation,Rugby World Cup 2023
64,64,36,36,Player representation by nation,Rugby World Cup 2023
17,17,0,—,Player representation by nation,Rugby World Cup 2023
155,155,122,122,Player representation by nation,Rugby World Cup 2023
16,16,0,—,Player representation by nation,Rugby World Cup 2023
37,37,5,5,Player representation by nation,Rugby World Cup 2023
28,28,6,6,Player representation by nation,Rugby World Cup 2023
50,50,17,17,Player representation by nation,Rugby World Cup 2023
57,57,24,24,Player representation by nation,Rugby World Cup 2023
16,16,0,—,Player representation by nation,Rugby World Cup 2023
24,24,1,1,Player representation by nation,Rugby World Cup 2023
31,31,3,3,Player representation by nation,Rugby World Cup 2023
24,24,7,7,Player representation by nation,Rugby World Cup 2023
25,25,0,—,Player representation by nation,Rugby World Cup 2023
23,23,3,3,Player representation by nation,Rugby World Cup 2023
Pedro Rubiolo,28,0,Pedro Rubiolo,Player representation by nation,Rugby World Cup 2023
Max Jorgensen,25,0,Max Jorgensen,Player representation by nation,Rugby World Cup 2023
Lukas Carvallo,27,0,Lukas Carvallo,Player representation by nation,Rugby World Cup 2023
Henry Arundell,28,0,Henry Arundell,Player representation by nation,Rugby World Cup 2023
Sireli Maqala,27,0,Sireli Maqala,Player representation by nation,Rugby World Cup 2023
Louis Bielle-Biarrey,27,0,Louis Bielle-Biarrey,Player representation by nation,Rugby World Cup 2023
Tornike Kakhoidze,27,0,Tornike Kakhoidze,Player representation by nation,Rugby World Cup 2023
Joe McCarthy,29,0,Joe McCarthy,Player representation by nation,Rugby World Cup 2023
Lorenzo Pani,27,0,Lorenzo Pani,Player representation by nation,Rugby World Cup 2023
Warner Dearns,29,0,Warner Dearns,Player representation by nation,Rugby World Cup 2023
Oela Blaauw,28,0,Oela Blaauw,Player representation by nation,Rugby World Cup 2023
Cam Roigard,27,0,Cam Roigard,Player representation by nation,Rugby World Cup 2023
Simão Bento,27,0,Simão Bento,Player representation by nation,Rugby World Cup 2023
Mihai Mureșan,27,0,Mihai Mureșan,Player representation by nation,Rugby World Cup 2023
Miracle Faiʻilagi,29,0,Miracle Faiʻilagi,Player representation by nation,Rugby World Cup 2023
Ollie Smith,28,0,Ollie Smith,Player representation by nation,Rugby World Cup 2023
Canan Moodie,30,0,Canan Moodie,Player representation by nation,Rugby World Cup 2023
Kyren Taumoefolau,29,0,Kyren Taumoefolau,Player representation by nation,Rugby World Cup 2023
Santiago Álvarez,26,0,Santiago Álvarez,Player representation by nation,Rugby World Cup 2023
Dafydd Jenkins,28,0,Dafydd Jenkins,Player representation by nation,Rugby World Cup 2023
Emoni Narawa,1524,1524,Emoni Narawa,Squad caps,Rugby World Cup 2023
Theo Dan,1476,1476,Theo Dan,Squad caps,Rugby World Cup 2023
Rodrigo Isgro,1454,1454,Rodrigo Isgro,Squad caps,Rugby World Cup 2023
Jean Kleyn,1369,1369,Jean Kleyn,Squad caps,Rugby World Cup 2023
Jeremy Loughman,1332,1332,Jeremy Loughman,Squad caps,Rugby World Cup 2023
Corey Domachowski,1297,1297,Corey Domachowski / Henry Thomas,Squad caps,Rugby World Cup 2023
Luka Nioradze,1246,1246,Luka Nioradze,Squad caps,Rugby World Cup 2023
Ben Healy,1037,1037,Ben Healy,Squad caps,Rugby World Cup 2023
Ignacio Facciolo,1019,1019,Ignacio Facciolo,Squad caps,Rugby World Cup 2023
Joris Moura,840,840,Joris Moura,Squad caps,Rugby World Cup 2023
Paul Boudehent,835,835,Paul Boudehent,Squad caps,Rugby World Cup 2023
Giacomo Da Re,746,746,Giacomo Da Re / Martin Page-Relo,Squad caps,Rugby World Cup 2023
Tevita Manumua,681,681,Tevita Manumua,Squad caps,Rugby World Cup 2023
Max Jorgensen,668,668,Max Jorgensen,Squad caps,Rugby World Cup 2023
Kenta Fukuda,660,660,Kenta Fukuda / Sione Halasili,Squad caps,Rugby World Cup 2023
Benjamín Videla,575,575,Benjamín Videla,Squad caps,Rugby World Cup 2023
Oela Blaauw,563,563,Oela Blaauw,Squad caps,Rugby World Cup 2023
Adam Coleman,407,407,Adam Coleman,Squad caps,Rugby World Cup 2023
Vilive Miramira,374,374,Vilive Miramira,Squad caps,Rugby World Cup 2023
Ben Lam,297,297,Ben Lam,Squad caps,Rugby World Cup 2023
Charlie Faumuina,New Zealand,0,,Nationality changes between World Cups,Rugby World Cup 2023
Malakai Fekitoa,New Zealand,0,,Nationality changes between World Cups,Rugby World Cup 2023
Adam Coleman,Australia,0,,Nationality changes between World Cups,Rugby World Cup 2023
Jack Dempsey,Australia,0,,Nationality changes between World Cups,Rugby World Cup 2023
Jean Kleyn,Ireland,0,,Nationality changes between World Cups,Rugby World Cup 2023
Christian Leali'ifano,Australia,0,,Nationality changes between World Cups,Rugby World Cup 2023
Luke Cowan-Dickie,Hooker,41,Sale Sharks,England,Six Nations 2024
Theo Dan,Hooker,7,Saracens,England,Six Nations 2024
Jamie George,Hooker,85,Saracens,England,Six Nations 2024
Dan Cole,Prop,107,Leicester Tigers,England,Six Nations 2024
Ellis Genge,Prop,58,Bristol Bears,England,Six Nations 2024
Joe Heyes,Prop,7,Leicester Tigers,England,Six Nations 2024
Joe Marler,Prop,88,Harlequins,England,Six Nations 2024
Beno Obano,Prop,3,Bath,England,Six Nations 2024
Will Stuart,Prop,33,Bath,England,Six Nations 2024
Ollie Chessum,Lock,18,Leicester Tigers,England,Six Nations 2024
Alex Coles,Lock,3,Northampton Saints,England,Six Nations 2024
Nick Isiekwe,Lock,11,Saracens,England,Six Nations 2024
Maro Itoje,Lock,76,Saracens,England,Six Nations 2024
Chandler Cunningham-South,Back row,0,Harlequins,England,Six Nations 2024
Ben Curry,Back row,5,Sale Sharks,England,Six Nations 2024
Alex Dombrandt,Back row,15,Harlequins,England,Six Nations 2024
Ben Earl,Back row,25,Saracens,England,Six Nations 2024
Tom Pearson,Back row,1,Northampton Saints,England,Six Nations 2024
Ethan Roots,Back row,0,Exeter Chiefs,England,Six Nations 2024
Sam Underhill,Back row,30,Bath,England,Six Nations 2024
Danny Care,Scrum-half,96,Harlequins,England,Six Nations 2024
Alex Mitchell,Scrum-half,11,Northampton Saints,England,Six Nations 2024
Ben Spencer,Scrum-half,4,Bath,England,Six Nations 2024
George Ford,Fly-half,91,Sale Sharks,England,Six Nations 2024
Fin Smith,Fly-half,0,Northampton Saints,England,Six Nations 2024
Marcus Smith,Fly-half,30,Harlequins,England,Six Nations 2024
Oscar Beard,Centre,0,Harlequins,England,Six Nations 2024
Elliot Daly,Centre,64,Saracens,England,Six Nations 2024
Fraser Dingwall,Centre,0,Northampton Saints,England,Six Nations 2024
Ollie Lawrence,Centre,21,Bath,England,Six Nations 2024
Henry Slade,Centre,57,Exeter Chiefs,England,Six Nations 2024
Immanuel Feyi-Waboso,Wing,0,Exeter Chiefs,England,Six Nations 2024
Tommy Freeman,Wing,3,Northampton Saints,England,Six Nations 2024
Tom Roebuck,Wing,0,Sale Sharks,England,Six Nations 2024
George Furbank,Fullback,6,Northampton Saints,England,Six Nations 2024
Freddie Steward,Fullback,31,Leicester Tigers,England,Six Nations 2024
Jamie Blamire,Hooker,6,Newcastle Falcons,Call-ups,Six Nations 2024
Charlie Ewels,Lock,30,Bath,Call-ups,Six Nations 2024
George Martin,Lock,9,Leicester Tigers,Call-ups,Six Nations 2024
Guy Pepper,Back row,0,Newcastle Falcons,Call-ups,Six Nations 2024
Harry Randall,Scrum-half,6,Bristol Bears,Call-ups,Six Nations 2024
Max Ojomoh,Centre,0,Bath,Call-ups,Six Nations 2024
Manu Tuilagi,Centre,59,Sale Sharks,Call-ups,Six Nations 2024
Will Muir,Wing,0,Bath,Call-ups,Six Nations 2024
Gaëtan Barlot,Hooker,7,Castres,France,Six Nations 2024
Julien Marchand,Hooker,32,Toulouse,France,Six Nations 2024
Peato Mauvaka,Hooker,29,Toulouse,France,Six Nations 2024
Dorian Aldegheri,Prop,16,Toulouse,France,Six Nations 2024
Uini Atonio,Prop,57,La Rochelle,France,Six Nations 2024
Cyril Baille,Prop,47,Toulouse,France,Six Nations 2024
Thomas Laclayat,Prop,1,Racing 92,France,Six Nations 2024
Sébastien Taofifénua,Prop,3,Lyon,France,Six Nations 2024
Reda Wardi,Prop,14,La Rochelle,France,Six Nations 2024
Paul Gabrillagues,Lock,16,Stade Français,France,Six Nations 2024
Matthias Halagahu,Lock,0,Toulon,France,Six Nations 2024
Emmanuel Meafou,Lock,0,Toulouse,France,Six Nations 2024
Romain Taofifénua,Lock,49,Lyon,France,Six Nations 2024
Cameron Woki,Lock,27,Racing 92,France,Six Nations 2024
Esteban Abadie,Back row,0,Toulon,France,Six Nations 2024
Grégory Alldritt,Back row,45,La Rochelle,France,Six Nations 2024
Paul Boudehent,Back row,6,La Rochelle,France,Six Nations 2024
François Cros,Back row,27,Toulouse,France,Six Nations 2024
Anthony Jelonch,Back row,29,Toulouse,France,Six Nations 2024
Charles Ollivon,Back row,39,Toulon,France,Six Nations 2024
Nolann Le Garrec,Scrum-half,0,Racing 92,France,Six Nations 2024
Maxime Lucu,Scrum-half,18,Bordeaux-Bègles,France,Six Nations 2024
Antoine Gibert,Fly-half,0,Racing 92,France,Six Nations 2024
Matthieu Jalibert,Fly-half,30,Bordeaux-Bègles,France,Six Nations 2024
Jonathan Danty,Centre,26,La Rochelle,France,Six Nations 2024
Nicolas Depoortère,Centre,0,Bordeaux-Bègles,France,Six Nations 2024
Gaël Fickou,Centre,85,Racing 92,France,Six Nations 2024
Émilien Gailleton,Centre,1,Pau,France,Six Nations 2024
Yoram Moefana,Centre,23,Bordeaux-Bègles,France,Six Nations 2024
Louis Bielle-Biarrey,Wing,7,Bordeaux-Bègles,France,Six Nations 2024
Matthis Lebel,Wing,5,Toulouse,France,Six Nations 2024
Damian Penaud,Wing,48,Bordeaux-Bègles,France,Six Nations 2024
Melvyn Jaminet,Fullback,19,Toulon,France,Six Nations 2024
Thomas Ramos,Fullback,31,Toulouse,France,Six Nations 2024
Dany Priso,Prop,18,Toulon,Call-ups,Six Nations 2024
Posolo Tuilagi,Lock,0,Perpignan,Call-ups,Six Nations 2024
Paul Willemse,Lock,31,Montpellier,Call-ups,Six Nations 2024
Marko Gazzotti,Back row,0,Bordeaux-Bègles,Call-ups,Six Nations 2024
Lenni Nouchi,Back row,0,Montpellier,Call-ups,Six Nations 2024
Alexandre Roumat,Back row,0,Toulouse,Call-ups,Six Nations 2024
Antoine Frisch,Centre,0,Munster,Call-ups,Six Nations 2024
Léo Barré,Fullback,0,Stade Français,Call-ups,Six Nations 2024
Rónan Kelleher,Hooker,31,Leinster,Ireland,Six Nations 2024
Dan Sheehan,Hooker,26,Leinster,Ireland,Six Nations 2024
Tom Stewart,Hooker,2,Ulster,Ireland,Six Nations 2024
Finlay Bealham,Prop,40,Connacht,Ireland,Six Nations 2024
Tadhg Furlong,Prop,76,Leinster,Ireland,Six Nations 2024
Cian Healy,Prop,129,Leinster,Ireland,Six Nations 2024
Jeremy Loughman,Prop,5,Munster,Ireland,Six Nations 2024
Tom O'Toole,Prop,13,Ulster,Ireland,Six Nations 2024
Andrew Porter,Prop,64,Leinster,Ireland,Six Nations 2024
Ryan Baird,Lock,20,Leinster,Ireland,Six Nations 2024
Tadhg Beirne,Lock,50,Munster,Ireland,Six Nations 2024
Iain Henderson,Lock,81,Ulster,Ireland,Six Nations 2024
Joe McCarthy,Lock,10,Leinster,Ireland,Six Nations 2024
James Ryan,Lock,62,Leinster,Ireland,Six Nations 2024
Jack Conan,Back row,46,Leinster,Ireland,Six Nations 2024
Caelan Doris,Back row,41,Leinster,Ireland,Six Nations 2024
Peter O'Mahony,Back row,105,Munster,Ireland,Six Nations 2024
Nick Timoney,Back row,3,Ulster,Ireland,Six Nations 2024
Josh van der Flier,Back row,62,Leinster,Ireland,Six Nations 2024
Craig Casey,Scrum-half,14,Munster,Ireland,Six Nations 2024
Jamison Gibson-Park,Scrum-half,35,Leinster,Ireland,Six Nations 2024
Conor Murray,Scrum-half,116,Munster,Ireland,Six Nations 2024
Harry Byrne,Fly-half,4,Leinster,Ireland,Six Nations 2024
Jack Crowley,Fly-half,14,Munster,Ireland,Six Nations 2024
Ciarán Frawley,Fly-half,4,Leinster,Ireland,Six Nations 2024
Bundee Aki,Centre,56,Connacht,Ireland,Six Nations 2024
Robbie Henshaw,Centre,72,Leinster,Ireland,Six Nations 2024
Stuart McCloskey,Centre,17,Ulster,Ireland,Six Nations 2024
Garry Ringrose,Centre,58,Leinster,Ireland,Six Nations 2024
Jordan Larmour,Wing,32,Leinster,Ireland,Six Nations 2024
James Lowe,Wing,31,Leinster,Ireland,Six Nations 2024
Calvin Nash,Wing,6,Munster,Ireland,Six Nations 2024
Jacob Stockdale,Wing,37,Ulster,Ireland,Six Nations 2024
Hugo Keenan,Fullback,39,Leinster,Ireland,Six Nations 2024
Oli Jager,Prop,0,Munster,Call-ups,Six Nations 2024
Thomas Ahern,Lock,0,Munster,Call-ups,Six Nations 2024
Gianmarco Lucchesi,Hooker,17,Benetton,Italy,Six Nations 2024
Marco Manfredi,Hooker,3,Zebre Parma,Italy,Six Nations 2024
Giacomo Nicotera,Hooker,18,Benetton,Italy,Six Nations 2024
Pietro Ceccarelli,Prop,31,Perpignan,Italy,Six Nations 2024
Danilo Fischetti,Prop,36,Zebre Parma,Italy,Six Nations 2024
Matteo Nocera,Prop,0,Zebre Parma,Italy,Six Nations 2024
Luca Rizzoli,Prop,0,Zebre Parma,Italy,Six Nations 2024
Mirco Spagnolo,Prop,0,Benetton,Italy,Six Nations 2024
Giosuè Zilocchi,Prop,16,Benetton,Italy,Six Nations 2024
Niccolò Cannone,Lock,36,Benetton,Italy,Six Nations 2024
Riccardo Favretto,Lock,1,Benetton,Italy,Six Nations 2024
Edoardo Iachizzi,Lock,6,Benetton,Italy,Six Nations 2024
Federico Ruzza,Lock,50,Benetton,Italy,Six Nations 2024
Andrea Zambonin,Lock,3,Zebre Parma,Italy,Six Nations 2024
Lorenzo Cannone,Back row,16,Benetton,Italy,Six Nations 2024
Alessandro Izekor,Back row,0,Benetton,Italy,Six Nations 2024
Michele Lamaro,Back row,33,Benetton,Italy,Six Nations 2024
Sebastian Negri,Back row,52,Benetton,Italy,Six Nations 2024
Ross Vintcent,Back row,0,Exeter Chiefs,Italy,Six Nations 2024
Manuel Zuliani,Back row,17,Benetton,Italy,Six Nations 2024
Alessandro Garbisi,Scrum-half,5,Benetton,Italy,Six Nations 2024
Martin Page-Relo,Scrum-half,4,Lyon,Italy,Six Nations 2024
Stephen Varney,Scrum-half,24,Gloucester,Italy,Six Nations 2024
Tommaso Allan,Fly-half,79,Perpignan,Italy,Six Nations 2024
Paolo Garbisi,Fly-half,31,Montpellier,Italy,Six Nations 2024
Ignacio Brex,Centre,30,Benetton,Italy,Six Nations 2024
Tommaso Menoncello,Centre,13,Benetton,Italy,Six Nations 2024
Federico Mori,Centre,13,Bayonne,Italy,Six Nations 2024
Marco Zanon,Centre,15,Benetton,Italy,Six Nations 2024
Pierre Bruno,Wing,15,Zebre Parma,Italy,Six Nations 2024
Simone Gesi,Wing,1,Zebre Parma,Italy,Six Nations 2024
Monty Ioane,Wing,25,Lyon,Italy,Six Nations 2024
Ange Capuozzo,Fullback,16,Toulouse,Italy,Six Nations 2024
Lorenzo Pani,Fullback,5,Zebre Parma,Italy,Six Nations 2024
Luca Bigi,Hooker,48,Zebre Parma,Call-ups,Six Nations 2024
Simone Ferrari,Prop,50,Benetton,Call-ups,Six Nations 2024
Marco Riccioni,Prop,26,Saracens,Call-ups,Six Nations 2024
Matteo Canali,Lock,0,Zebre Parma,Call-ups,Six Nations 2024
Leonardo Marin,Fly-half,6,Benetton,Call-ups,Six Nations 2024
Louis Lynagh,Wing,0,Harlequins,Call-ups,Six Nations 2024
François Carlo Mey,Fullback,0,Clermont,Call-ups,Six Nations 2024
Ewan Ashman,Hooker,12,Edinburgh,Scotland,Six Nations 2024
Johnny Matthews,Hooker,1,Glasgow Warriors,Scotland,Six Nations 2024
George Turner,Hooker,40,Glasgow Warriors,Scotland,Six Nations 2024
Jamie Bhatti,Prop,34,Glasgow Warriors,Scotland,Six Nations 2024
Zander Fagerson,Prop,62,Glasgow Warriors,Scotland,Six Nations 2024
Alec Hepburn,Prop,0,Exeter Chiefs,Scotland,Six Nations 2024
Will Hurd,Prop,0,Leicester Tigers,Scotland,Six Nations 2024
WP Nel,Prop,61,Edinburgh,Scotland,Six Nations 2024
Pierre Schoeman,Prop,26,Edinburgh,Scotland,Six Nations 2024
Scott Cummings,Lock,33,Glasgow Warriors,Scotland,Six Nations 2024
Grant Gilchrist,Lock,67,Edinburgh,Scotland,Six Nations 2024
Richie Gray,Lock,78,Glasgow Warriors,Scotland,Six Nations 2024
Sam Skinner,Lock,30,Edinburgh,Scotland,Six Nations 2024
Glen Young,Lock,3,Edinburgh,Scotland,Six Nations 2024
Josh Bayliss,Back row,5,Bath,Scotland,Six Nations 2024
Andy Christie,Back row,4,Saracens,Scotland,Six Nations 2024
Luke Crosbie,Back row,7,Edinburgh,Scotland,Six Nations 2024
Rory Darge,Back row,15,Glasgow Warriors,Scotland,Six Nations 2024
Jack Dempsey,Back row,15,Glasgow Warriors,Scotland,Six Nations 2024
Matt Fagerson,Back row,40,Glasgow Warriors,Scotland,Six Nations 2024
Jamie Ritchie,Back row,46,Edinburgh,Scotland,Six Nations 2024
George Horne,Scrum-half,26,Glasgow Warriors,Scotland,Six Nations 2024
Ali Price,Scrum-half,66,Edinburgh,Scotland,Six Nations 2024
Ben White,Scrum-half,18,Toulon,Scotland,Six Nations 2024
Adam Hastings,Fly-half,27,Gloucester,Scotland,Six Nations 2024
Ben Healy,Fly-half,4,Edinburgh,Scotland,Six Nations 2024
Finn Russell,Fly-half,75,Bath,Scotland,Six Nations 2024
Rory Hutchinson,Centre,8,Northampton Saints,Scotland,Six Nations 2024
Huw Jones,Centre,43,Glasgow Warriors,Scotland,Six Nations 2024
Stafford McDowall,Centre,1,Glasgow Warriors,Scotland,Six Nations 2024
Cameron Redpath,Centre,9,Bath,Scotland,Six Nations 2024
Sione Tuipulotu,Centre,22,Glasgow Warriors,Scotland,Six Nations 2024
Darcy Graham,Wing,39,Edinburgh,Scotland,Six Nations 2024
Arron Reed,Wing,0,Sale Sharks,Scotland,Six Nations 2024
Kyle Rowe,Wing,1,Glasgow Warriors,Scotland,Six Nations 2024
Kyle Steyn,Wing,15,Glasgow Warriors,Scotland,Six Nations 2024
Duhan van der Merwe,Wing,34,Edinburgh,Scotland,Six Nations 2024
Blair Kinghorn,Fullback,50,Toulouse,Scotland,Six Nations 2024
Harry Paterson,Fullback,0,Edinburgh,Scotland,Six Nations 2024
Elliot Millar-Mills,Prop,0,Northampton Saints,Call-ups,Six Nations 2024
Javan Sebastian,Prop,7,Edinburgh,Call-ups,Six Nations 2024
Rory Sutherland,Prop,29,Oyonnax,Call-ups,Six Nations 2024
Alex Craig,Lock,2,Scarlets,Call-ups,Six Nations 2024
Alex Samuel,Lock,0,Glasgow Warriors,Call-ups,Six Nations 2024
Marshall Sykes,Lock,1,Edinburgh,Call-ups,Six Nations 2024
Max Williamson,Lock,0,Glasgow Warriors,Call-ups,Six Nations 2024
Magnus Bradbury,Back row,19,Bristol Bears,Call-ups,Six Nations 2024
Ally Miller,Back row,0,Glasgow Warriors,Call-ups,Six Nations 2024
Hamish Watson,Back row,59,Edinburgh,Call-ups,Six Nations 2024
Jamie Dobie,Scrum-half,2,Glasgow Warriors,Call-ups,Six Nations 2024
Ross Thompson,Fly-half,3,Glasgow Warriors,Call-ups,Six Nations 2024
Ross McCann,Wing,0,Edinburgh,Call-ups,Six Nations 2024
Elliot Dee,Hooker,46,Dragons,Wales,Six Nations 2024
Ryan Elias,Hooker,38,Scarlets,Wales,Six Nations 2024
Evan Lloyd,Hooker,0,Cardiff,Wales,Six Nations 2024
Keiron Assiratti,Prop,2,Cardiff,Wales,Six Nations 2024
Leon Brown,Prop,23,Dragons,Wales,Six Nations 2024
Corey Domachowski,Prop,6,Cardiff,Wales,Six Nations 2024
Archie Griffin,Prop,0,Bath,Wales,Six Nations 2024
Kemsley Mathias,Prop,1,Scarlets,Wales,Six Nations 2024
Gareth Thomas,Prop,26,Ospreys,Wales,Six Nations 2024
Adam Beard,Lock,51,Ospreys,Wales,Six Nations 2024
Dafydd Jenkins,Lock,12,Exeter Chiefs,Wales,Six Nations 2024
Will Rowlands,Lock,29,Racing 92,Wales,Six Nations 2024
Teddy Williams,Lock,1,Cardiff,Wales,Six Nations 2024
Taine Basham,Back row,16,Dragons,Wales,Six Nations 2024
James Botham,Back row,9,Cardiff,Wales,Six Nations 2024
Alex Mann,Back row,0,Cardiff,Wales,Six Nations 2024
Mackenzie Martin,Back row,0,Cardiff,Wales,Six Nations 2024
Tommy Reffell,Back row,13,Leicester Tigers,Wales,Six Nations 2024
Aaron Wainwright,Back row,43,Dragons,Wales,Six Nations 2024
Gareth Davies,Scrum-half,74,Scarlets,Wales,Six Nations 2024
Kieran Hardy,Scrum-half,18,Scarlets,Wales,Six Nations 2024
Tomos Williams,Scrum-half,53,Cardiff,Wales,Six Nations 2024
Sam Costelow,Fly-half,8,Scarlets,Wales,Six Nations 2024
Cai Evans,Fly-half,1,Dragons,Wales,Six Nations 2024
Ioan Lloyd,Fly-half,2,Scarlets,Wales,Six Nations 2024
Mason Grady,Centre,6,Cardiff,Wales,Six Nations 2024
George North,Centre,118,Ospreys,Wales,Six Nations 2024
Joe Roberts,Centre,1,Scarlets,Wales,Six Nations 2024
Nick Tompkins,Centre,32,Saracens,Wales,Six Nations 2024
Owen Watkin,Centre,36,Ospreys,Wales,Six Nations 2024
Josh Adams,Wing,53,Cardiff,Wales,Six Nations 2024
Rio Dyer,Wing,14,Dragons,Wales,Six Nations 2024
Tom Rogers,Wing,3,Scarlets,Wales,Six Nations 2024
Cameron Winnett,Fullback,0,Cardiff,Wales,Six Nations 2024
Dillon Lewis,Prop,54,Harlequins,Call-ups,Six Nations 2024
Harri O'Connor,Prop,0,Scarlets,Call-ups,Six Nations 2024
Seb Davies,Lock,16,Cardiff,Call-ups,Six Nations 2024
Luke Cowan-Dickie,Hooker,44,Sale Sharks,England,Six Nations 2025
Theo Dan,Hooker,16,Saracens,England,Six Nations 2025
Jamie George,Hooker,97,Saracens,England,Six Nations 2025
Fin Baxter,Prop,6,Harlequins,England,Six Nations 2025
Ellis Genge,Prop,62,Bristol Bears,England,Six Nations 2025
Joe Heyes,Prop,7,Leicester Tigers,England,Six Nations 2025
Asher Opoku-Fordjour,Prop,1,Sale Sharks,England,Six Nations 2025
Bevan Rodd,Prop,7,Sale Sharks,England,Six Nations 2025
Will Stuart,Prop,45,Bath,England,Six Nations 2025
Ollie Chessum,Lock,23,Leicester Tigers,England,Six Nations 2025
Alex Coles,Lock,7,Northampton Saints,England,Six Nations 2025
Maro Itoje,Lock,88,Saracens,England,Six Nations 2025
George Martin,Lock,19,Leicester Tigers,England,Six Nations 2025
Chandler Cunningham-South,Back row,11,Harlequins,England,Six Nations 2025
Ben Curry,Back row,6,Sale Sharks,England,Six Nations 2025
Tom Curry,Back row,56,Sale Sharks,England,Six Nations 2025
Alex Dombrandt,Back row,20,Harlequins,England,Six Nations 2025
Ben Earl,Back row,37,Saracens,England,Six Nations 2025
Ted Hill,Back row,2,Bath,England,Six Nations 2025
Tom Willis,Back row,1,Saracens,England,Six Nations 2025
Alex Mitchell,Scrum-half,18,Northampton Saints,England,Six Nations 2025
Harry Randall,Scrum-half,11,Bristol Bears,England,Six Nations 2025
Jack van Poortvliet,Scrum-half,16,Leicester Tigers,England,Six Nations 2025
George Ford,Fly-half,98,Sale Sharks,England,Six Nations 2025
Fin Smith,Fly-half,6,Northampton Saints,England,Six Nations 2025
Marcus Smith,Fly-half,39,Harlequins,England,Six Nations 2025
Oscar Beard,Centre,0,Harlequins,England,Six Nations 2025
Fraser Dingwall,Centre,2,Northampton Saints,England,Six Nations 2025
Ollie Lawrence,Centre,31,Bath,England,Six Nations 2025
Henry Slade,Centre,70,Exeter Chiefs,England,Six Nations 2025
Tommy Freeman,Wing,16,Northampton Saints,England,Six Nations 2025
Cadan Murley,Wing,0,Harlequins,England,Six Nations 2025
Tom Roebuck,Wing,3,Sale Sharks,England,Six Nations 2025
Ollie Sleightholme,Wing,5,Northampton Saints,England,Six Nations 2025
Elliot Daly,Fullback,69,Saracens,England,Six Nations 2025
Freddie Steward,Fullback,35,Leicester Tigers,England,Six Nations 2025
Curtis Langdon,Hooker,2,Northampton Saints,Call-ups,Six Nations 2025
Arthur Clark,Lock,0,Gloucester,Call-ups,Six Nations 2025
Henry Pollock,Back row,0,Northampton Saints,Call-ups,Six Nations 2025
Raffi Quirke,Scrum-half,2,Sale Sharks,Call-ups,Six Nations 2025
Ben Spencer,Scrum-half,8,Bath,Call-ups,Six Nations 2025
Alex Lozowski,Centre,5,Saracens,Call-ups,Six Nations 2025
Max Ojomoh,Centre,0,Bath,Call-ups,Six Nations 2025
Maxime Lamothe,Hooker,0,Bordeaux Bègles,France,Six Nations 2025
Julien Marchand,Hooker,40,Toulouse,France,Six Nations 2025
Peato Mauvaka,Hooker,37,Toulouse,France,Six Nations 2025
Dorian Aldegheri,Prop,19,Toulouse,France,Six Nations 2025
Uini Atonio,Prop,63,La Rochelle,France,Six Nations 2025
Cyril Baille,Prop,52,Toulouse,France,Six Nations 2025
Giorgi Beria,Prop,0,Perpignan,France,Six Nations 2025
Georges-Henri Colombe,Prop,7,La Rochelle,France,Six Nations 2025
Jean-Baptiste Gros,Prop,32,Toulon,France,Six Nations 2025
Dany Priso,Prop,18,Toulon,France,Six Nations 2025
Rabah Slimani,Prop,57,Leinster,France,Six Nations 2025
Hugo Auradou,Lock,1,Pau,France,Six Nations 2025
Joshua Brennan,Lock,0,Toulouse,France,Six Nations 2025
Thibaud Flament,Lock,29,Toulouse,France,Six Nations 2025
Matthias Halagahu,Lock,0,Toulon,France,Six Nations 2025
Emmanuel Meafou,Lock,5,Toulouse,France,Six Nations 2025
Romain Taofifénua,Lock,53,Lyon,France,Six Nations 2025
Esteban Abadie,Back row,1,Toulon,France,Six Nations 2025
Grégory Alldritt,Back row,51,La Rochelle,France,Six Nations 2025
Paul Boudehent,Back row,14,La Rochelle,France,Six Nations 2025
François Cros,Back row,34,Toulouse,France,Six Nations 2025
Marko Gazzotti,Back row,1,Bordeaux Bègles,France,Six Nations 2025
Oscar Jégou,Back row,1,La Rochelle,France,Six Nations 2025
Anthony Jelonch,Back row,29,Toulouse,France,Six Nations 2025
Antoine Dupont,Scrum-half,55,Toulouse,France,Six Nations 2025
Nolann Le Garrec,Scrum-half,7,Racing 92,France,Six Nations 2025
Maxime Lucu,Scrum-half,24,Bordeaux Bègles,France,Six Nations 2025
Matthieu Jalibert,Fly-half,34,Bordeaux Bègles,France,Six Nations 2025
Romain Ntamack,Fly-half,37,Toulouse,France,Six Nations 2025
Pierre-Louis Barassi,Centre,3,Toulouse,France,Six Nations 2025
Nicolas Depoortère,Centre,2,Bordeaux Bègles,France,Six Nations 2025
Antoine Frisch,Centre,2,Toulon,France,Six Nations 2025
Émilien Gailleton,Centre,6,Pau,France,Six Nations 2025
Yoram Moefana,Centre,31,Bordeaux Bègles,France,Six Nations 2025
Noah Nene,Centre,0,Dax,France,Six Nations 2025
Théo Attissogbé,Wing,3,Pau,France,Six Nations 2025
Louis Bielle-Biarrey,Wing,14,Bordeaux Bègles,France,Six Nations 2025
Gaël Dréan,Wing,0,Toulon,France,Six Nations 2025
Damian Penaud,Wing,53,Bordeaux Bègles,France,Six Nations 2025
Gabin Villière,Wing,18,Toulon,France,Six Nations 2025
Léo Barré,Fullback,6,Stade Français,France,Six Nations 2025
Thomas Ramos,Fullback,39,Toulouse,France,Six Nations 2025
Mickaël Guillard,Lock,5,Lyon,Call-ups,Six Nations 2025
Alexandre Roumat,Back row,7,Toulouse,Call-ups,Six Nations 2025
Baptiste Serin,Scrum-half,46,Toulon,Call-ups,Six Nations 2025
Fabien Brau-Boirie,Centre,0,Pau,Call-ups,Six Nations 2025
Rob Herring,Hooker,43,Ulster,Ireland,Six Nations 2025
Rónan Kelleher,Hooker,39,Leinster,Ireland,Six Nations 2025
Gus McCarthy,Hooker,4,Leinster,Ireland,Six Nations 2025
Dan Sheehan,Hooker,32,Leinster,Ireland,Six Nations 2025
Finlay Bealham,Prop,51,Connacht,Ireland,Six Nations 2025
Jack Boyle,Prop,2,Leinster,Ireland,Six Nations 2025
Tom Clarkson,Prop,6,Leinster,Ireland,Six Nations 2025
Tadhg Furlong,Prop,79,Leinster,Ireland,Six Nations 2025
Cian Healy,Prop,137,Leinster,Ireland,Six Nations 2025
Andrew Porter,Prop,75,Leinster,Ireland,Six Nations 2025
Ryan Baird,Lock,27,Leinster,Ireland,Six Nations 2025
Tadhg Beirne,Lock,61,Munster,Ireland,Six Nations 2025
Iain Henderson,Lock,85,Ulster,Ireland,Six Nations 2025
Cormac Izuchukwu,Lock,1,Ulster,Ireland,Six Nations 2025
Joe McCarthy,Lock,19,Leinster,Ireland,Six Nations 2025
James Ryan,Lock,72,Leinster,Ireland,Six Nations 2025
Jack Conan,Back row,51,Leinster,Ireland,Six Nations 2025
Caelan Doris,Back row,51,Leinster,Ireland,Six Nations 2025
Peter O'Mahony,Back row,114,Munster,Ireland,Six Nations 2025
Cian Prendergast,Back row,4,Connacht,Ireland,Six Nations 2025
Josh van der Flier,Back row,73,Leinster,Ireland,Six Nations 2025
Caolin Blade,Scrum-half,3,Connacht,Ireland,Six Nations 2025
Jamison Gibson-Park,Scrum-half,43,Leinster,Ireland,Six Nations 2025
Conor Murray,Scrum-half,125,Munster,Ireland,Six Nations 2025
Jack Crowley,Fly-half,24,Munster,Ireland,Six Nations 2025
Ciarán Frawley,Fly-half,8,Leinster,Ireland,Six Nations 2025
Sam Prendergast,Fly-half,8,Leinster,Ireland,Six Nations 2025
Bundee Aki,Centre,65,Connacht,Ireland,Six Nations 2025
Robbie Henshaw,Centre,82,Leinster,Ireland,Six Nations 2025
Jamie Osborne,Centre,7,Leinster,Ireland,Six Nations 2025
Garry Ringrose,Centre,67,Leinster,Ireland,Six Nations 2025
Mack Hansen,Wing,28,Connacht,Ireland,Six Nations 2025
James Lowe,Wing,40,Leinster,Ireland,Six Nations 2025
Calvin Nash,Wing,10,Munster,Ireland,Six Nations 2025
Hugo Keenan,Fullback,46,Leinster,Ireland,Six Nations 2025
Jimmy O'Brien,Fullback,8,Leinster,Ireland,Six Nations 2025
James McNabney,Back row,0,Ulster,Development players,Six Nations 2025
Ben Murphy,Scrum-half,0,Connacht,Development players,Six Nations 2025
Hugh Cooney,Centre,0,Leinster,Development players,Six Nations 2025
Cathal Forde,Centre,0,Connacht,Development players,Six Nations 2025
Jack Aungier,Prop,0,Connacht,Call-ups,Six Nations 2025
Tom O'Toole,Prop,16,Ulster,Call-ups,Six Nations 2025
Thomas Ahern,Lock,0,Munster,Call-ups,Six Nations 2025
Darragh Murray,Lock,0,Connacht,Call-ups,Six Nations 2025
Gavin Coombes,Back row,2,Munster,Call-ups,Six Nations 2025
Max Deegan,Back row,2,Leinster,Call-ups,Six Nations 2025
John Hodnett,Back row,0,Munster,Call-ups,Six Nations 2025
Diarmuid Mangan,Back row,0,Leinster,Call-ups,Six Nations 2025
Nick Timoney,Back row,3,Ulster,Call-ups,Six Nations 2025
Stuart McCloskey,Centre,19,Ulster,Call-ups,Six Nations 2025
Tommy O'Brien,Centre,0,Leinster,Call-ups,Six Nations 2025
Shayne Bolton,Wing,0,Connacht,Call-ups,Six Nations 2025
Jacob Stockdale,Wing,38,Ulster,Call-ups,Six Nations 2025
Tommaso Di Bartolomeo,Hooker,0,Zebre Parma,Italy,Six Nations 2025
Giacomo Nicotera,Hooker,29,Stade Français,Italy,Six Nations 2025
Simone Ferrari,Prop,60,Benetton,Italy,Six Nations 2025
Danilo Fischetti,Prop,48,Zebre Parma,Italy,Six Nations 2025
Marco Riccioni,Prop,31,Saracens,Italy,Six Nations 2025
Luca Rizzoli,Prop,0,Zebre Parma,Italy,Six Nations 2025
Giosuè Zilocchi,Prop,22,Benetton,Italy,Six Nations 2025
Matteo Canali,Lock,0,Zebre Parma,Italy,Six Nations 2025
Niccolò Cannone,Lock,48,Benetton,Italy,Six Nations 2025
Riccardo Favretto,Lock,4,Benetton,Italy,Six Nations 2025
Dino Lamb,Lock,10,Harlequins,Italy,Six Nations 2025
Federico Ruzza,Lock,60,Benetton,Italy,Six Nations 2025
Lorenzo Cannone,Back row,24,Benetton,Italy,Six Nations 2025
Alessandro Izekor,Back row,6,Benetton,Italy,Six Nations 2025
Michele Lamaro,Back row,44,Benetton,Italy,Six Nations 2025
Sebastian Negri,Back row,59,Benetton,Italy,Six Nations 2025
Ross Vintcent,Back row,10,Exeter Chiefs,Italy,Six Nations 2025
Manuel Zuliani,Back row,28,Benetton,Italy,Six Nations 2025
Alessandro Garbisi,Scrum-half,14,Benetton,Italy,Six Nations 2025
Martin Page-Relo,Scrum-half,14,Lyon,Italy,Six Nations 2025
Stephen Varney,Scrum-half,30,Vannes,Italy,Six Nations 2025
Tommaso Allan,Fly-half,82,Perpignan,Italy,Six Nations 2025
Paolo Garbisi,Fly-half,42,Toulon,Italy,Six Nations 2025
Leonardo Marin,Fly-half,13,Benetton,Italy,Six Nations 2025
Giulio Bertaccini,Centre,1,Zebre Parma,Italy,Six Nations 2025
Ignacio Brex,Centre,42,Benetton,Italy,Six Nations 2025
Tommaso Menoncello,Centre,24,Benetton,Italy,Six Nations 2025
Marco Zanon,Centre,17,Benetton,Italy,Six Nations 2025
Simone Gesi,Wing,2,Zebre Parma,Italy,Six Nations 2025
Monty Ioane,Wing,36,Lyon,Italy,Six Nations 2025
Jacopo Trulla,Wing,12,Zebre Parma,Italy,Six Nations 2025
Ange Capuozzo,Fullback,24,Toulouse,Italy,Six Nations 2025
Matt Gallagher,Fullback,2,Benetton,Italy,Six Nations 2025
Ewan Ashman,Hooker,22,Edinburgh,Scotland,Six Nations 2025
Dave Cherry,Hooker,11,Edinburgh,Scotland,Six Nations 2025
Patrick Harrison,Hooker,3,Edinburgh,Scotland,Six Nations 2025
Dylan Richardson,Hooker,6,Sharks,Scotland,Six Nations 2025
Jamie Bhatti,Prop,35,Glasgow Warriors,Scotland,Six Nations 2025
Zander Fagerson,Prop,70,Glasgow Warriors,Scotland,Six Nations 2025
Will Hurd,Prop,4,Leicester Tigers,Scotland,Six Nations 2025
D'Arcy Rae,Prop,2,Edinburgh,Scotland,Six Nations 2025
Pierre Schoeman,Prop,37,Edinburgh,Scotland,Six Nations 2025
Rory Sutherland,Prop,37,Glasgow Warriors,Scotland,Six Nations 2025
Scott Cummings,Lock,42,Glasgow Warriors,Scotland,Six Nations 2025
Grant Gilchrist,Lock,74,Edinburgh,Scotland,Six Nations 2025
Jonny Gray,Lock,77,Bordeaux Bègles,Scotland,Six Nations 2025
Marshall Sykes,Lock,1,Edinburgh,Scotland,Six Nations 2025
Josh Bayliss,Back row,10,Bath,Scotland,Six Nations 2025
Gregor Brown,Back row,4,Glasgow Warriors,Scotland,Six Nations 2025
Luke Crosbie,Back row,12,Edinburgh,Scotland,Six Nations 2025
Rory Darge,Back row,25,Glasgow Warriors,Scotland,Six Nations 2025
Jack Dempsey,Back row,22,Glasgow Warriors,Scotland,Six Nations 2025
Matt Fagerson,Back row,50,Glasgow Warriors,Scotland,Six Nations 2025
Jack Mann,Back row,0,Glasgow Warriors,Scotland,Six Nations 2025
Jamie Ritchie,Back row,54,Edinburgh,Scotland,Six Nations 2025
Jamie Dobie,Scrum-half,9,Glasgow Warriors,Scotland,Six Nations 2025
George Horne,Scrum-half,34,Glasgow Warriors,Scotland,Six Nations 2025
Ben White,Scrum-half,24,Toulon,Scotland,Six Nations 2025
Fergus Burke,Fly-half,0,Saracens,Scotland,Six Nations 2025
Tom Jordan,Fly-half,3,Glasgow Warriors,Scotland,Six Nations 2025
Finn Russell,Fly-half,82,Bath,Scotland,Six Nations 2025
Matt Currie,Centre,4,Edinburgh,Scotland,Six Nations 2025
Rory Hutchinson,Centre,8,Northampton Saints,Scotland,Six Nations 2025
Huw Jones,Centre,53,Glasgow Warriors,Scotland,Six Nations 2025
Stafford McDowall,Centre,8,Glasgow Warriors,Scotland,Six Nations 2025
Sione Tuipulotu,Centre,30,Glasgow Warriors,Scotland,Six Nations 2025
Darcy Graham,Wing,42,Edinburgh,Scotland,Six Nations 2025
Kyle Rowe,Wing,9,Glasgow Warriors,Scotland,Six Nations 2025
Duhan van der Merwe,Wing,44,Edinburgh,Scotland,Six Nations 2025
Blair Kinghorn,Fullback,55,Toulouse,Scotland,Six Nations 2025
Nathan McBeth,Prop,2,Glasgow Warriors,Call-ups,Six Nations 2025
Alex Masibaka,Back row,0,Soyaux Angoulême,Call-ups,Six Nations 2025
Ben Muncaster,Back row,1,Edinburgh,Call-ups,Six Nations 2025
Adam Hastings,Fly-half,31,Glasgow Warriors,Call-ups,Six Nations 2025
Kyle Steyn,Wing,23,Glasgow Warriors,Call-ups,Six Nations 2025
Elliot Dee,Hooker,51,Dragons,Wales,Six Nations 2025
Evan Lloyd,Hooker,5,Cardiff,Wales,Six Nations 2025
Sam Parry,Hooker,7,Ospreys,Wales,Six Nations 2025
Keiron Assiratti,Prop,10,Cardiff,Wales,Six Nations 2025
WillGriff John,Prop,2,Sale Sharks,Wales,Six Nations 2025
Kemsley Mathias,Prop,5,Scarlets,Wales,Six Nations 2025
Nicky Smith,Prop,49,Leicester Tigers,Wales,Six Nations 2025
Gareth Thomas,Prop,35,Ospreys,Wales,Six Nations 2025
Henry Thomas,Prop,4,Scarlets,Wales,Six Nations 2025
Dafydd Jenkins,Lock,19,Exeter Chiefs,Wales,Six Nations 2025
Will Rowlands,Lock,36,Racing 92,Wales,Six Nations 2025
Freddie Thomas,Lock,1,Gloucester,Wales,Six Nations 2025
Christ Tshiunza,Lock,15,Exeter Chiefs,Wales,Six Nations 2025
Teddy Williams,Lock,2,Cardiff,Wales,Six Nations 2025
James Botham,Back row,16,Cardiff,Wales,Six Nations 2025
Taulupe Faletau,Back row,104,Cardiff,Wales,Six Nations 2025
Jac Morgan,Back row,17,Ospreys,Wales,Six Nations 2025
Tommy Reffell,Back row,23,Leicester Tigers,Wales,Six Nations 2025
Aaron Wainwright,Back row,52,Dragons,Wales,Six Nations 2025
Ellis Bevan,Scrum-half,6,Cardiff,Wales,Six Nations 2025
Rhodri Williams,Scrum-half,5,Dragons,Wales,Six Nations 2025
Tomos Williams,Scrum-half,59,Gloucester,Wales,Six Nations 2025
Dan Edwards,Fly-half,0,Ospreys,Wales,Six Nations 2025
Ben Thomas,Fly-half,7,Cardiff,Wales,Six Nations 2025
Eddie James,Centre,3,Scarlets,Wales,Six Nations 2025
Joe Roberts,Centre,2,Scarlets,Wales,Six Nations 2025
Nick Tompkins,Centre,38,Saracens,Wales,Six Nations 2025
Owen Watkin,Centre,42,Ospreys,Wales,Six Nations 2025
Josh Adams,Wing,59,Cardiff,Wales,Six Nations 2025
Josh Hathaway,Wing,2,Gloucester,Wales,Six Nations 2025
Ellis Mee,Wing,0,Scarlets,Wales,Six Nations 2025
Blair Murray,Wing,3,Scarlets,Wales,Six Nations 2025
Tom Rogers,Fullback,5,Scarlets,Wales,Six Nations 2025
Liam Williams,Fullback,92,Saracens,Wales,Six Nations 2025
Dewi Lake,Hooker,18,Ospreys,Call-ups,Six Nations 2025
Gareth Anscombe,Fly-half,39,Gloucester,Call-ups,Six Nations 2025
Jarrod Evans,Fly-half,8,Harlequins,Call-ups,Six Nations 2025
Max Llewellyn,Centre,5,Gloucester,Call-ups,Six Nations 2025
