name_en,name_jp,title,representative_team,latest_caps,last_club,tournaments,league
10,,10,Player representation by club,0,"Suntory Sungoliath,  Aironi,  Reds,  Sale Sharks,  Scarlets,  Stade Français","Rugby World Cup 2011, Rugby World Cup 2015, Rugby World Cup 2019",international
10,,10,Player representation by league,15,1.5%,Rugby World Cup 2023,international
10,,10,Players representation by league,16,1.6%,Rugby World Cup 2019,international
103,,103,Player representation by league,72,72,Rugby World Cup 2015,international
105,,105,Player representation by league,13,13,Rugby World Cup 2011,international
106,,106,Player representation by league,160,16.0%,Rugby World Cup 2023,international
11,,11,Player representation by club,0,"Leicester Tigers,  Ospreys","Rugby World Cup 2011, Rugby World Cup 2015, Rugby World Cup 2019, Rugby World Cup 2023",international
11,,11,Player representation by league,0,—,Rugby World Cup 2015,international
118,,118,Players representation by league,190,19.0%,Rugby World Cup 2019,international
12,,12,Player representation by club,0,"Benetton Treviso,  Crusaders,  Montpellier","Rugby World Cup 2011, Rugby World Cup 2015, Rugby World Cup 2019",international
121,,121,Player representation by league,90,90,Rugby World Cup 2015,international
126,,126,Player representation by league,96,96,Rugby World Cup 2011,international
13,,13,Player representation by club,0,"Clermont,  Toulouse","Rugby World Cup 2011, Rugby World Cup 2015, Rugby World Cup 2019, Rugby World Cup 2023",international
13,,13,Player representation by league,0,—,Rugby World Cup 2015,international
13,,13,Player representation by nation,2,2,Rugby World Cup 2019,international
13,,13,Players representation by league,20,2.0%,Rugby World Cup 2019,international
132,,132,Player representation by league,200,20.0%,Rugby World Cup 2023,international
14,,14,Player representation by club,0,"Leinster,  VVA Podmoskovye","Rugby World Cup 2011, Rugby World Cup 2015, Rugby World Cup 2019",international
14,,14,Player representation by league,21,2.1%,Rugby World Cup 2023,international
15,,15,Player representation by club,0,Saracens,"Rugby World Cup 2019, Rugby World Cup 2023",international
155,,155,Player representation by nation,122,122,Rugby World Cup 2023,international
158 Players,,158 Players,By tournaments,1,1,Rugby World Cup 2015,international
16,,16,Player representation by club,0,Saracens,"Rugby World Cup 2015, Rugby World Cup 2019, Rugby World Cup 2023",international
16,,16,Player representation by league,24,2.4%,Rugby World Cup 2023,international
16,,16,Player representation by nation,0,—,"Rugby World Cup 2019, Rugby World Cup 2023",international
16,,16,Players representation by league,25,2.5%,Rugby World Cup 2019,international
17,,17,Player representation by club,0,Leinster,"Rugby World Cup 2015, Rugby World Cup 2023",international
17,,17,Player representation by league,26,1,"Rugby World Cup 2015, Rugby World Cup 2023",international
17,,17,Player representation by nation,0,—,Rugby World Cup 2023,international
18,,18,Player representation by club,0,Leinster,Rugby World Cup 2023,international
18,,18,Player representation by league,0,—,Rugby World Cup 2015,international
19,,19,Player representation by club,0,Moana Pasifika,Rugby World Cup 2023,international
19,,19,Player representation by league,0,—,Rugby World Cup 2015,international
20,,20,Player representation by club,0,Welwitschias,"Rugby World Cup 2019, Rugby World Cup 2023",international
20,,20,Player representation by nation,0,—,Rugby World Cup 2019,international
20,,20,Players representation by league,32,3.2%,Rugby World Cup 2019,international
21,,21,Player representation by club,0,"Glasgow Warriors,  UAR","Rugby World Cup 2015, Rugby World Cup 2023",international
21,,21,Player representation by league,15,15,Rugby World Cup 2015,international
22,,22,Player representation by league,3,2,"Rugby World Cup 2011, Rugby World Cup 2015",international
23,,23,Player representation by nation,3,3,Rugby World Cup 2023,international
24,,24,Player representation by league,36,3.6%,Rugby World Cup 2023,international
24,,24,Player representation by nation,7,1,Rugby World Cup 2023,international
25,,25,Player representation by nation,0,—,Rugby World Cup 2023,international
26,,26,Player representation by club,0,Jaguares,Rugby World Cup 2019,international
26,,26,Player representation by league,5,"Australia, United States, Wales","Rugby World Cup 2011, Rugby World Cup 2015",international
26,,26,Player representation by nation,1,1,Rugby World Cup 2019,international
27,,27,Player representation by league,0,"Canada, Fiji, Georgia, Namibia, Russia",Rugby World Cup 2011,international
28,,28,Player representation by club,0,Selknam,Rugby World Cup 2023,international
28,,28,Player representation by league,7,"Argentina, England, France, Italy, Japan, New Zealand, Romania, Samoa, Scotland, South Africa, Tonga","Rugby World Cup 2011, Rugby World Cup 2015",international
28,,28,Player representation by nation,18,5,"Rugby World Cup 2019, Rugby World Cup 2023",international
28,,28,Players representation by league,45,4.5%,Rugby World Cup 2019,international
29,,29,Player representation by league,5,Ireland,"Rugby World Cup 2011, Rugby World Cup 2015",international
29,,29,Player representation by nation,1,1,Rugby World Cup 2019,international
30,,30,Player representation by nation,0,—,Rugby World Cup 2023,international
31,,31,Player representation by league,47,4.7%,Rugby World Cup 2023,international
31,,31,Player representation by nation,3,—,"Rugby World Cup 2019, Rugby World Cup 2023",international
31,,31,Players representation by league,50,5.0%,Rugby World Cup 2019,international
32,,32,Player representation by league,48,4.8%,Rugby World Cup 2023,international
32,,32,Player representation by nation,5,5,"Rugby World Cup 2019, Rugby World Cup 2023",international
32,,32,Players representation by league,51,5.1%,Rugby World Cup 2019,international
33,,33,Player representation by league,5,5,Rugby World Cup 2015,international
34,,34,Player representation by nation,3,3,Rugby World Cup 2019,international
35,,35,Player representation by league,8,5,Rugby World Cup 2011,international
36,,36,Player representation by league,7,7,"Rugby World Cup 2011, Rugby World Cup 2015",international
37,,37,Player representation by nation,5,5,Rugby World Cup 2023,international
37,,37,Players representation by league,59,5.9%,Rugby World Cup 2019,international
38,,38,Player representation by nation,8,8,Rugby World Cup 2019,international
380 Players,,380 Players,By tournaments,0,0,Rugby World Cup 2015,international
41,,41,Player representation by nation,10,10,Rugby World Cup 2019,international
48,,48,Player representation by league,18,18,Rugby World Cup 2011,international
49,,49,Player representation by league,74,7.4%,Rugby World Cup 2023,international
50,,50,Player representation by league,76,7.6%,Rugby World Cup 2023,international
50,,50,Player representation by nation,17,17,Rugby World Cup 2023,international
57,,57,Player representation by nation,24,24,Rugby World Cup 2023,international
600,,600,Player representation by league,0,,Rugby World Cup 2011,international
62 Players,,62 Players,By tournaments,2,2,Rugby World Cup 2015,international
620,,620,Player representation by league,0,—,Rugby World Cup 2015,international
620,,620,Player representation by nation,0,—,Rugby World Cup 2019,international
620,,620,Players representation by league,0,—,Rugby World Cup 2019,international
64,,64,Player representation by league,96,9.6%,Rugby World Cup 2023,international
64,,64,Player representation by nation,36,36,Rugby World Cup 2023,international
660,,660,Player representation by league,0,—,Rugby World Cup 2023,international
660,,660,Player representation by nation,0,—,Rugby World Cup 2023,international
74,,74,Players representation by league,119,11.9%,Rugby World Cup 2019,international
78,,78,Players representation by league,125,12.5%,Rugby World Cup 2019,international
81,,81,Player representation by league,55,55,Rugby World Cup 2011,international
88,,88,Player representation by nation,57,57,Rugby World Cup 2019,international
90,,90,Player representation by league,0,,Rugby World Cup 2011,international
96,,96,Player representation by nation,65,65,Rugby World Cup 2019,international
AJ Alatimu,,AJ Alatimu,Samoa,5,Western Force,Rugby World Cup 2019,international
AJ MacGinty,,AJ MacGinty,United States,24,Life University,"Rugby World Cup 2015, Rugby World Cup 2019",premiership
AJ de Klerk,,AJ de Klerk,Namibia,28,Wanderers,"Rugby World Cup 2015, Rugby World Cup 2019",international
Aaron Carpenter,,Aaron Carpenter,Canada,67,Brantford,"Rugby World Cup 2007, Rugby World Cup 2011, Rugby World Cup 2015",international
Aaron Cruden,,Aaron Cruden,New Zealand,7,Hurricanes,Rugby World Cup 2011,international
Aaron Jarvis,,Aaron Jarvis,Wales,13,Ospreys,Rugby World Cup 2015,international
Aaron Mauger,,Aaron Mauger,New Zealand,42,Canterbury,Rugby World Cup 2007,international
Aaron Shingler,,Aaron Shingler,Wales,20,Scarlets,Rugby World Cup 2019,international
Aaron Smith,,Aaron Smith,New Zealand,119,Highlanders / Manawatu,"Rugby World Cup 2015, Rugby World Cup 2019, Rugby World Cup 2023",league-one
Aaron Wainwright,,Aaron Wainwright,Wales,52,Dragons,"Rugby World Cup 2019, Rugby World Cup 2023, Six Nations 2024, Six Nations 2025",urc
Aca Ratuva,,Aca Ratuva,Fiji,11,Massy,Rugby World Cup 2007,international
Adam Ashley-Cooper,,Adam Ashley-Cooper,Australia,119,Brumbies,"Rugby World Cup 2007, Rugby World Cup 2011, Rugby World Cup 2015, Rugby World Cup 2019",international
Adam Beard,,Adam Beard,Wales,51,Ospreys,"Rugby World Cup 2019, Rugby World Cup 2023, Six Nations 2024",top14
Adam Byrnes,,Adam Byrnes,Russia,0,Melbourne Rebels,Rugby World Cup 2011,international
Adam Coleman,,Adam Coleman,Australia,34,Melbourne Rebels,Rugby World Cup 2019,top14
Adam Coleman,,Adam Coleman,Nationality changes between World Cups,0,,Rugby World Cup 2023,top14
Adam Coleman,,Adam Coleman,Squad caps,407,Adam Coleman,Rugby World Cup 2023,top14
Adam Coleman,,Adam Coleman,Tonga,0,Bordeaux,Rugby World Cup 2023,top14
Adam Freier,,Adam Freier,Australia,15,Waratahs,Rugby World Cup 2007,international
Adam Hastings,,Adam Hastings,Call-ups,31,Glasgow Warriors,Six Nations 2025,urc
Adam Hastings,,Adam Hastings,Scotland,27,Glasgow Warriors,"Rugby World Cup 2019, Six Nations 2024",urc
Adam Jones,,Adam Jones,Wales,70,Ospreys,"Rugby World Cup 2007, Rugby World Cup 2011",international
Adam Kleeberger,,Adam Kleeberger,Canada,31,University of Victoria,"Rugby World Cup 2007, Rugby World Cup 2011",international
Adam Thomson,,Adam Thomson,New Zealand,24,Highlanders,Rugby World Cup 2011,international
Adriaan Booysen,,Adriaan Booysen,Namibia,24,Welwitschias,"Rugby World Cup 2019, Rugby World Cup 2023",international
Adriaan Ludick,,Adriaan Ludick,Namibia,9,Limoges,Rugby World Cup 2023,international
Adriaan Strauss,,Adriaan Strauss,South Africa,48,Bulls,Rugby World Cup 2015,international
Adrian Apostol,,Adrian Apostol,Romania,19,Farul Constanța,"Rugby World Cup 2011, Rugby World Cup 2015",international
Adrian Moțoc,,Adrian Moțoc,Romania,27,Biarritz,Rugby World Cup 2023,international
Afa Amosa,,Afa Amosa,Samoa,3,Bordeaux-Bègles,Rugby World Cup 2019,international
Afusipa Taumoepeau,,Afusipa Taumoepeau,Tonga,12,Perpignan,Rugby World Cup 2023,international
Agustin Gosio,,Agustin Gosio,Argentina,0,Newman,Rugby World Cup 2011,international
Agustín Alonso,,Agustín Alonso,Uruguay,12,Montevideo,Rugby World Cup 2015,international
Agustín Creevy,,Agustín Creevy,Argentina,101,Montpellier,"Rugby World Cup 2011, Rugby World Cup 2015, Rugby World Cup 2019, Rugby World Cup 2023",international
Agustín Della Corte,,Agustín Della Corte,Uruguay,8,Trébol de Paysandú,Rugby World Cup 2019,international
Agustín Ormaechea,,Agustín Ormaechea,Uruguay,56,Stade Montois,"Rugby World Cup 2015, Rugby World Cup 2019, Rugby World Cup 2023",international
Agustín Pichot,,Agustín Pichot,Argentina,65,Stade Français,Rugby World Cup 2007,international
Ahsee Tuala,,Ahsee Tuala,Samoa,20,Northampton Saints,Rugby World Cup 2019,international
Aisea Havili,,Aisea Havili,Tonga,11,Worcester,Rugby World Cup 2007,international
Aka Tabutsadze,,Aka Tabutsadze,Georgia,31,Black Lion,Rugby World Cup 2023,international
Akapusi Qera,,Akapusi Qera,Fiji,47,Pertemps Bees,"Rugby World Cup 2007, Rugby World Cup 2011, Rugby World Cup 2015",international
Akihito Yamada,,Akihito Yamada,Japan,13,Panasonic Wild Knights,Rugby World Cup 2015,nan
Akona Ndungane,,Akona Ndungane,South Africa,8,Bulls,Rugby World Cup 2007,international
Akvsenti Giorgadze,,Akvsenti Giorgadze,Georgia,62,Castres,"Rugby World Cup 2007, Rugby World Cup 2011",international
Al Baxter,,Al Baxter,Australia,47,Waratahs,Rugby World Cup 2007,international
Alafoti Faosiliva,,Alafoti Faosiliva,Samoa,13,Bath,Rugby World Cup 2015,international
Alamanda Motuga,,Alamanda Motuga,Samoa,5,Manurewa RFC,"Rugby World Cup 2019, Rugby World Cup 2023",international
Alan Quinlan,,Alan Quinlan,Ireland,25,Munster,Rugby World Cup 2007,international
Alapati Leiua,,Alapati Leiua,Samoa,27,Bristol Bears,Rugby World Cup 2019,international
Alasdair Dickinson,,Alasdair Dickinson,Scotland,47,Edinburgh,"Rugby World Cup 2007, Rugby World Cup 2011, Rugby World Cup 2015",international
Alasdair Strokosch,,Alasdair Strokosch,Scotland,46,Gloucester,"Rugby World Cup 2011, Rugby World Cup 2015",international
Alaska Taufa,,Alaska Taufa,Tonga,5,Akita,Rugby World Cup 2011,international
Alastair Kellock,,Alastair Kellock,Scotland,34,Glasgow Warriors,Rugby World Cup 2011,international
Alastair McFarland,,Alastair McFarland,United States,5,NYAC,Rugby World Cup 2015,international
Albert Tuipulotu,,Albert Tuipulotu,United States,16,San Mateo,Rugby World Cup 2007,international
Albert Tuisue,,Albert Tuisue,Fiji,19,Gloucester,Rugby World Cup 2023,international
Albert Vulivuli,,Albert Vulivuli,Fiji,7,Racing Métro,Rugby World Cup 2011,international
Albert van den Berg,,Albert van den Berg,South Africa,46,Sharks,Rugby World Cup 2007,international
Alberto De Marchi,,Alberto De Marchi,Italy,28,Benetton Treviso,Rugby World Cup 2015,international
Alberto Román,,Alberto Román,Uruguay,36,Pucaru Stade Gaulois,Rugby World Cup 2015,international
Alberto Sgarbi,,Alberto Sgarbi,Italy,13,Benetton Treviso,Rugby World Cup 2011,international
Alberto Vernet Basualdo,,Alberto Vernet Basualdo,Argentina,4,Alumni,Rugby World Cup 2007,international
Alcino Izaacs,,Alcino Izaacs,Namibia,3,Boland Cavaliers,Rugby World Cup 2023,international
Alec Hepburn,,Alec Hepburn,Scotland,0,Exeter Chiefs,Six Nations 2024,urc
Alec Parker,,Alec Parker,United States,46,Gentlemen of Aspen,Rugby World Cup 2007,international
Aled Brew,,Aled Brew,Wales,7,Newport Gwent Dragons,Rugby World Cup 2011,international
Aled Davies,,Aled Davies,Wales,19,Ospreys,Rugby World Cup 2019,urc
Alefoso Yalayalatabua,,Alefoso Yalayalatabua,Fiji,4,Warriors,Rugby World Cup 2007,international
Alejandro Campos,,Alejandro Campos,Argentina,12,Agen,Rugby World Cup 2011,international
Alejandro Nieto,,Alejandro Nieto,Uruguay,69,Champagnat,"Rugby World Cup 2015, Rugby World Cup 2019",international
Alejo Corral,,Alejo Corral,Uruguay,47,San Isidro,Rugby World Cup 2015,international
Alejo Durán,,Alejo Durán,Uruguay,31,Trébol de Paysandú,Rugby World Cup 2015,international
Aleki Lutui,,Aleki Lutui,Squad caps,300,"Aleki Lutui, Ephraim Taukafa",Rugby World Cup 2011,international
Aleki Lutui,,Aleki Lutui,Tonga,36,Worcester,"Rugby World Cup 2007, Rugby World Cup 2011, Rugby World Cup 2015",international
Alesana Tuilagi,,Alesana Tuilagi,Samoa,34,Leicester Tigers,"Rugby World Cup 2007, Rugby World Cup 2011, Rugby World Cup 2015",international
Alessandro Fusco,,Alessandro Fusco,Italy,15,Zebre Parma,Rugby World Cup 2023,urc
Alessandro Garbisi,,Alessandro Garbisi,Italy,14,Benetton,"Rugby World Cup 2023, Six Nations 2024, Six Nations 2025",urc
Alessandro Izekor,,Alessandro Izekor,Italy,6,Benetton,"Six Nations 2024, Six Nations 2025",urc
Alessandro Troncon,,Alessandro Troncon,Italy,97,Clermont Auvergne,Rugby World Cup 2007,international
Alessandro Zanni,,Alessandro Zanni,Italy,115,Calvisano,"Rugby World Cup 2007, Rugby World Cup 2011, Rugby World Cup 2015, Rugby World Cup 2019",international
Alex Coles,,Alex Coles,England,7,Northampton Saints,"Six Nations 2024, Six Nations 2025",premiership
Alex Corbisiero,,Alex Corbisiero,England,6,London Irish,Rugby World Cup 2011,international
Alex Craig,,Alex Craig,Call-ups,2,Scarlets,Six Nations 2024,urc
Alex Cuthbert,,Alex Cuthbert,Wales,35,Cardiff Blues,Rugby World Cup 2015,international
Alex Dombrandt,,Alex Dombrandt,England,20,Harlequins,"Six Nations 2024, Six Nations 2025",premiership
Alex Goode,,Alex Goode,England,18,Saracens,Rugby World Cup 2015,international
Alex Lozowski,,Alex Lozowski,Call-ups,5,Saracens,Six Nations 2025,premiership
Alex Mann,,Alex Mann,Wales,0,Cardiff,Six Nations 2024,urc
Alex Masibaka,,Alex Masibaka,Call-ups,0,Soyaux Angoulême,Six Nations 2025,top14
Alex Mitchell,,Alex Mitchell,England,18,Northampton Saints,"Rugby World Cup 2023, Six Nations 2024, Six Nations 2025",premiership
Alex Samuel,,Alex Samuel,Call-ups,0,Glasgow Warriors,Six Nations 2024,urc
Alexander Khrokin,,Alexander Khrokin,Russia,67,VVA Podmoskovye,Rugby World Cup 2011,international
Alexander Khrokin,,Alexander Khrokin,Squad caps,820,Alexander Khrokin,Rugby World Cup 2011,international
Alexander Shakirov,,Alexander Shakirov,Russia,46,VVA Podmoskovye,Rugby World Cup 2011,international
Alexander Todua,,Alexander Todua,Georgia,108,Lelo,"Rugby World Cup 2011, Rugby World Cup 2015, Rugby World Cup 2019, Rugby World Cup 2023",international
Alexander Voytov,,Alexander Voytov,Russia,44,VVA Podmoskovye,Rugby World Cup 2011,international
Alexander Yanyushkin,,Alexander Yanyushkin,Russia,42,VVA Podmoskovye,Rugby World Cup 2011,international
Alexandre Dumoulin,,Alexandre Dumoulin,France,4,Racing,Rugby World Cup 2015,international
Alexandre Dumoulin,,Alexandre Dumoulin,Squad caps,1002,Alexandre Dumoulin Sofiane Guitoune Noa Nakaitaci,Rugby World Cup 2015,international
Alexandre Flanquart,,Alexandre Flanquart,France,15,Stade Français,Rugby World Cup 2015,international
Alexandre Roumat,,Alexandre Roumat,Call-ups,7,Toulouse,"Six Nations 2024, Six Nations 2025",top14
Alexandru Bucur,,Alexandru Bucur,Romania,15,Știința Baia Mare,Rugby World Cup 2023,international
Alexandru Gordaș,,Alexandru Gordaș,Romania,35,Dinamo București,Rugby World Cup 2023,international
Alexandru Manta,,Alexandru Manta,Romania,23,Castres,Rugby World Cup 2007,international
Alexandru Savin,,Alexandru Savin,Romania,25,Steaua București,Rugby World Cup 2023,international
Alexandru Tudori,,Alexandru Tudori,Romania,29,Dinamo București,Rugby World Cup 2007,international
Alexandru Țăruș,,Alexandru Țăruș,Romania,7,Timișoara Saracens,Rugby World Cup 2015,international
Alexei Travkin,,Alexei Travkin,Russia,46,VVA Podmoskovye,Rugby World Cup 2011,international
Alexey Makovetskiy,,Alexey Makovetskiy,Russia,11,Krasny Yar,Rugby World Cup 2011,international
Alexis Palisson,,Alexis Palisson,France,16,Toulon,Rugby World Cup 2011,international
Alfie To'oala,,Alfie To'oala,Samoa,1,Bristol,Rugby World Cup 2007,international
Alfonso Escobar,,Alfonso Escobar,Chile,18,Selknam,Rugby World Cup 2023,international
Alfredo Lalanne,,Alfredo Lalanne,Argentina,7,Unattached,Rugby World Cup 2011,international
Ali Price,,Ali Price,Scotland,66,Glasgow Warriors,"Rugby World Cup 2019, Rugby World Cup 2023, Six Nations 2024",top14
Ali Williams,,Ali Williams,New Zealand,71,Auckland,"Rugby World Cup 2007, Rugby World Cup 2011",international
Alin Conache,,Alin Conache,Romania,5,Timișoara,Rugby World Cup 2023,international
Alipate Fatafehi,,Alipate Fatafehi,Tonga,7,Lyon,Rugby World Cup 2011,international
Alisi Tupuailei,,Alisi Tupuailei,Japan,16,Canon Eagles,Rugby World Cup 2011,international
Alister Campbell,,Alister Campbell,Australia,4,Brumbies,Rugby World Cup 2007,international
Alivereti Raka,,Alivereti Raka,France,2,Clermont Auvergne,Rugby World Cup 2019,top14
Alivereti Veitokani,,Alivereti Veitokani,Fiji,8,London Irish,Rugby World Cup 2019,international
Alix Popham,,Alix Popham,Wales,30,Llanelli Scarlets,Rugby World Cup 2007,international
Allan Alaalatoa,,Allan Alaalatoa,Australia,33,Brumbies,Rugby World Cup 2019,nan
Allan Dell,,Allan Dell,Scotland,25,London Irish,Rugby World Cup 2019,international
Allan Jacobsen,,Allan Jacobsen,Scotland,56,Edinburgh,"Rugby World Cup 2007, Rugby World Cup 2011",international
Ally Hogg,,Ally Hogg,Scotland,35,Edinburgh,Rugby World Cup 2007,international
Ally Miller,,Ally Miller,Call-ups,0,Glasgow Warriors,Six Nations 2024,urc
Alun Wyn Jones,,Alun Wyn Jones,Wales,128,Ospreys,"Rugby World Cup 2007, Rugby World Cup 2011, Rugby World Cup 2015, Rugby World Cup 2019",international
Amanaki Mafi,,Amanaki Mafi,Japan,25,NTT Communications Shining Arcs,"Rugby World Cup 2015, Rugby World Cup 2019",premiership
Amanaki Mafi,,Amanaki Mafi,Squad caps,1016,Amanaki Mafi,Rugby World Cup 2015,premiership
Amanaki Saumaki,,Amanaki Saumaki,Japan,1,Kobelco Kobe Steelers,Rugby World Cup 2023,league-one
Amato Fakatava,,Amato Fakatava,Japan,3,Black Rams Tokyo,Rugby World Cup 2023,nan
Ander Monro,,Ander Monro,Canada,26,Waterloo,"Rugby World Cup 2007, Rugby World Cup 2011",international
Andrea Lo Cicero,,Andrea Lo Cicero,Italy,88,L'Aquila,"Rugby World Cup 2007, Rugby World Cup 2011",international
Andrea Lo Cicero,,Andrea Lo Cicero,Squad caps,1008,Andrea Lo Cicero,Rugby World Cup 2011,international
Andrea Lovotti,,Andrea Lovotti,Italy,38,Zebre,"Rugby World Cup 2015, Rugby World Cup 2019",international
Andrea Manici,,Andrea Manici,Italy,13,Zebre,Rugby World Cup 2015,international
Andrea Masi,,Andrea Masi,Italy,94,Biarritz Olympique,"Rugby World Cup 2007, Rugby World Cup 2011, Rugby World Cup 2015",international
Andrea Zambonin,,Andrea Zambonin,Italy,3,Zebre Parma,Six Nations 2024,premiership
Andrei Bykanov,,Andrei Bykanov,Russia,7,Slava Moscow,Rugby World Cup 2011,international
Andrei Ostrikov,,Andrei Ostrikov,Russia,33,Sale Sharks,"Rugby World Cup 2011, Rugby World Cup 2019",international
Andrei Rădoi,,Andrei Rădoi,Romania,46,Timișoara Saracens,Rugby World Cup 2015,international
Andrei Ursache,,Andrei Ursache,Romania,22,Carcassonne,Rugby World Cup 2015,international
Andrew Coe,,Andrew Coe,Canada,11,Markham Irish,Rugby World Cup 2019,international
Andrew Conway,,Andrew Conway,Ireland,15,Munster,Rugby World Cup 2019,international
Andrew Durutalo,,Andrew Durutalo,United States,9,USA Sevens,Rugby World Cup 2015,international
Andrew Henderson,,Andrew Henderson,Scotland,46,Glasgow,Rugby World Cup 2007,international
Andrew Hore,,Andrew Hore,New Zealand,60,Taranaki,"Rugby World Cup 2007, Rugby World Cup 2011",international
Andrew Kellaway,,Andrew Kellaway,Australia,24,Melbourne Rebels,Rugby World Cup 2023,nan
Andrew Maʻilei,,Andrew Maʻilei,Tonga,18,Bordeaux,Rugby World Cup 2011,international
Andrew Osborne,,Andrew Osborne,United States,1,OMBAC,Rugby World Cup 2007,urc
Andrew Porter,,Andrew Porter,Ireland,75,Leinster,"Rugby World Cup 2019, Rugby World Cup 2023, Six Nations 2024, Six Nations 2025",urc
Andrew Quattrin,,Andrew Quattrin,Canada,3,Toronto Arrows,Rugby World Cup 2019,international
Andrew Quattrin,,Andrew Quattrin,Squad caps,889,Andrew Quattrin,Rugby World Cup 2019,international
Andrew Sheridan,,Andrew Sheridan,England,10,Sale Sharks,Rugby World Cup 2007,international
Andrew Suniula,,Andrew Suniula,United States,37,Cornish Pirates,"Rugby World Cup 2011, Rugby World Cup 2015",international
Andrew Tiedemann,,Andrew Tiedemann,Canada,35,Prairie Wolf Pack,"Rugby World Cup 2011, Rugby World Cup 2015",international
Andrew Trimble,,Andrew Trimble,Ireland,35,Ulster,"Rugby World Cup 2007, Rugby World Cup 2011",international
Andrey Garbuzov,,Andrey Garbuzov,Russia,94,Krasny Yar,"Rugby World Cup 2011, Rugby World Cup 2019",international
Andrey Kuzin,,Andrey Kuzin,Russia,59,VVA Podmoskovye,Rugby World Cup 2011,international
Andrey Polivalov,,Andrey Polivalov,Russia,25,VVA-Podmoskovye,Rugby World Cup 2019,international
André Esterhuizen,,André Esterhuizen,South Africa,14,Harlequins,Rugby World Cup 2023,urc
André Gorin,,André Gorin,Romania,44,Hyères Carqueiranne,Rugby World Cup 2023,international
André Pretorius,,André Pretorius,South Africa,24,Lions,Rugby World Cup 2007,international
André Rademeyer,,André Rademeyer,Namibia,3,Welwitschias,Rugby World Cup 2019,international
André Silva,,André Silva,Portugal,12,Stade Montois,Rugby World Cup 2007,international
André van den Berg,,André van den Berg,Namibia,4,Wanderers,Rugby World Cup 2023,international
Andrés Vilaseca,,Andrés Vilaseca,Uruguay,75,Old Boys,"Rugby World Cup 2015, Rugby World Cup 2019, Rugby World Cup 2023",international
Andy Christie,,Andy Christie,Scotland,4,Saracens,Six Nations 2024,international
Andy Ellis,,Andy Ellis,New Zealand,24,Canterbury,"Rugby World Cup 2007, Rugby World Cup 2011",international
Andy Farrell,,Andy Farrell,England,3,Saracens,Rugby World Cup 2007,international
Andy Gomarsall,,Andy Gomarsall,England,25,Harlequins,Rugby World Cup 2007,international
Andy Powell,,Andy Powell,Wales,18,Sale Sharks,Rugby World Cup 2011,international
Ange Capuozzo,,Ange Capuozzo,Italy,24,Toulouse,"Rugby World Cup 2023, Six Nations 2024, Six Nations 2025",top14
Angus Bell,,Angus Bell,Australia,24,NSW Waratahs,Rugby World Cup 2023,urc
Angus Ta'avao,,Angus Ta'avao,New Zealand,8,Chiefs,Rugby World Cup 2019,nan
Anitelea Tuilagi,,Anitelea Tuilagi,Samoa,9,Leeds,Rugby World Cup 2007,international
Anthony Alves,,Anthony Alves,Portugal,31,Mont-de-Marsan,Rugby World Cup 2023,international
Anthony Boric,,Anthony Boric,New Zealand,23,Blues,Rugby World Cup 2011,international
Anthony Fainga'a,,Anthony Fainga'a,Australia,6,Reds,Rugby World Cup 2011,international
Anthony Jelonch,,Anthony Jelonch,France,29,Toulouse,"Rugby World Cup 2023, Six Nations 2024, Six Nations 2025",top14
Anthony Perenise,,Anthony Perenise,Samoa,24,Bath,"Rugby World Cup 2011, Rugby World Cup 2015",international
Anthony Watson,,Anthony Watson,England,56,Bath,"Rugby World Cup 2015, Rugby World Cup 2019, Rugby World Cup 2023",international
Anthony Watson,,Anthony Watson,Player representation by league,0,Anthony Watson,Rugby World Cup 2015,international
Antoine Dupont,,Antoine Dupont,France,55,Toulouse,"Rugby World Cup 2019, Rugby World Cup 2023, Six Nations 2025",top14
Antoine Frisch,,Antoine Frisch,Call-ups,0,Munster,Six Nations 2024,top14
Antoine Frisch,,Antoine Frisch,France,2,Toulon,Six Nations 2025,top14
Antoine Gibert,,Antoine Gibert,France,0,Racing 92,Six Nations 2024,top14
Antoine Hastoy,,Antoine Hastoy,France,4,La Rochelle,Rugby World Cup 2023,top14
Anton Lienert-Brown,,Anton Lienert-Brown,New Zealand,63,Chiefs,"Rugby World Cup 2019, Rugby World Cup 2023",league-one
Anton Oliver,,Anton Oliver,New Zealand,55,Otago,Rugby World Cup 2007,international
Anton Peikrishvili,,Anton Peikrishvili,Georgia,16,Bayonne,Rugby World Cup 2015,international
Anton Sychev,,Anton Sychev,Russia,14,Metallurg,Rugby World Cup 2019,international
António Aguilar,,António Aguilar,Portugal,47,Direito,Rugby World Cup 2007,international
António Machado Santos,,António Machado Santos,Portugal,2,Belenenses,Rugby World Cup 2023,international
Anzelo Tuitavuki,,Anzelo Tuitavuki,Tonga,7,Moana Pasifika,Rugby World Cup 2023,international
Api Ratuniyarawa,,Api Ratuniyarawa,Fiji,41,Agen,"Rugby World Cup 2015, Rugby World Cup 2019, Rugby World Cup 2023",international
Aranos Coetzee,,Aranos Coetzee,Namibia,29,Cheetahs,"Rugby World Cup 2015, Rugby World Cup 2019, Rugby World Cup 2023",international
Archie Griffin,,Archie Griffin,Wales,0,Bath,Six Nations 2024,premiership
Ardie Savea,,Ardie Savea,New Zealand,75,Hurricanes,"Rugby World Cup 2019, Rugby World Cup 2023",league-one
Argentina,,Argentina,Overview,0,Pablo Matera,Rugby World Cup 2019,international
Arron Reed,,Arron Reed,Scotland,0,Sale Sharks,Six Nations 2024,premiership
Artem Fatakhov,,Artem Fatakhov,Russia,37,VVA Podmoskovye,Rugby World Cup 2011,international
Arthur Clark,,Arthur Clark,Call-ups,0,Gloucester,Six Nations 2025,premiership
Arthur Iturria,,Arthur Iturria,France,13,Clermont Auvergne,Rugby World Cup 2019,top14
Arthur Vincent,,Arthur Vincent,France,16,Montpellier,Rugby World Cup 2023,top14
Asaeli Ai Valu,,Asaeli Ai Valu,Japan,26,Panasonic Wild Knights,"Rugby World Cup 2019, Rugby World Cup 2023",international
Asaeli Tikoirotuma,,Asaeli Tikoirotuma,Fiji,14,London Irish,Rugby World Cup 2015,international
Asher Opoku-Fordjour,,Asher Opoku-Fordjour,England,1,Sale Sharks,Six Nations 2025,premiership
Ashwin Willemse,,Ashwin Willemse,South Africa,16,Lions,Rugby World Cup 2007,international
Ataata Moeakiola,,Ataata Moeakiola,Japan,4,Kobelco Steelers,Rugby World Cup 2019,league-one
Ataata Moeakiola,,Ataata Moeakiola,Player representation by nation,0,Ataata Moeakiola,Rugby World Cup 2019,league-one
Atieli Pakalani,,Atieli Pakalani,Tonga,10,Eastwood,Rugby World Cup 2019,international
Atsushi Hiwasa,,Atsushi Hiwasa,Japan,47,Suntory Sungoliath,"Rugby World Cup 2011, Rugby World Cup 2015",league-one
Atsushi Sakate,,Atsushi Sakate,Japan,37,Panasonic Wild Knights,"Rugby World Cup 2019, Rugby World Cup 2023",league-one
Atu Moli,,Atu Moli,New Zealand,2,Chiefs,Rugby World Cup 2019,international
Atu Moli,,Atu Moli,Squad caps,1220,Atu Moli Brad Weber,Rugby World Cup 2019,international
Augustin Petrechei,,Augustin Petrechei,Romania,19,Béziers,Rugby World Cup 2007,international
Augustine Pulu,,Augustine Pulu,Tonga,3,Hino Red Dolphins,Rugby World Cup 2023,nan
Augusto Böhme,,Augusto Böhme,Chile,22,Selknam,Rugby World Cup 2023,international
Augusto Sarmiento,,Augusto Sarmiento,Chile,15,PWCC,Rugby World Cup 2023,international
Aurélien Rougerie,,Aurélien Rougerie,France,64,Clermont,"Rugby World Cup 2007, Rugby World Cup 2011",international
Australia,,Australia,Overview,0,Michael Hooper,Rugby World Cup 2019,international
Avtandil Kopaliani,,Avtandil Kopaliani,Georgia,19,Montauban,Rugby World Cup 2007,international
Ayumu Goromaru,,Ayumu Goromaru,Japan,52,Yamaha Júbilo,Rugby World Cup 2015,international
Azamat Bitiev,,Azamat Bitiev,Russia,19,Krasny Yar,Rugby World Cup 2019,international
BJ Botha,,BJ Botha,South Africa,10,Sharks,Rugby World Cup 2007,international
Bakkies Botha,,Bakkies Botha,South Africa,74,Bulls,"Rugby World Cup 2007, Rugby World Cup 2011",international
Baltazar Amaya,,Baltazar Amaya,Uruguay,8,Old Boys,Rugby World Cup 2023,international
Baptiste Couilloud,,Baptiste Couilloud,France,13,Lyon,Rugby World Cup 2023,top14
Baptiste Serin,,Baptiste Serin,Call-ups,46,Toulon,Six Nations 2025,top14
Baptiste Serin,,Baptiste Serin,France,30,Toulon,Rugby World Cup 2019,top14
Bastien Chalureau,,Bastien Chalureau,France,6,Montpellier,Rugby World Cup 2023,top14
Bautista Basso,,Bautista Basso,Uruguay,4,Old Boys,Rugby World Cup 2023,international
Bautista Delguy,,Bautista Delguy,Argentina,11,Jaguares,Rugby World Cup 2019,top14
Beauden Barrett,,Beauden Barrett,New Zealand,116,Hurricanes / Taranaki,"Rugby World Cup 2015, Rugby World Cup 2019, Rugby World Cup 2023",nan
Beka Gigashvili,,Beka Gigashvili,Georgia,36,Toulon,"Rugby World Cup 2019, Rugby World Cup 2023",top14
Beka Gorgadze,,Beka Gorgadze,Georgia,40,Bordeaux,"Rugby World Cup 2019, Rugby World Cup 2023",top14
Beka Saghinadze,,Beka Saghinadze,Georgia,36,Aurillac,"Rugby World Cup 2019, Rugby World Cup 2023",international
Beka Tsiklauri,,Beka Tsiklauri,Georgia,20,Locomotive Tbilisi,Rugby World Cup 2015,international
Belgium Tuatagaloa,,Belgium Tuatagaloa,Samoa,3,Unattached,Rugby World Cup 2019,international
Ben Alexander,,Ben Alexander,Australia,28,Brumbies,Rugby World Cup 2011,international
Ben Curry,,Ben Curry,England,6,Sale Sharks,"Six Nations 2024, Six Nations 2025",premiership
Ben Donaldson,,Ben Donaldson,Australia,3,NSW Waratahs,Rugby World Cup 2023,nan
Ben Earl,,Ben Earl,England,37,Saracens,"Rugby World Cup 2023, Six Nations 2024, Six Nations 2025",international
Ben Foden,,Ben Foden,England,16,Northampton Saints,Rugby World Cup 2011,international
Ben Franks,,Ben Franks,New Zealand,43,Crusaders,"Rugby World Cup 2011, Rugby World Cup 2015",international
Ben Gunter,,Ben Gunter,Japan,8,Saitama Wild Knights,Rugby World Cup 2023,league-one
Ben Healy,,Ben Healy,Scotland,4,Edinburgh,"Rugby World Cup 2023, Six Nations 2024",urc
Ben Healy,,Ben Healy,Squad caps,1037,Ben Healy,Rugby World Cup 2023,urc
Ben Kay,,Ben Kay,England,45,Leicester Tigers,Rugby World Cup 2007,international
Ben Lam,,Ben Lam,Samoa,0,Montpellier,Rugby World Cup 2023,international
Ben Lam,,Ben Lam,Squad caps,297,Ben Lam,Rugby World Cup 2023,international
Ben Landry,,Ben Landry,United States,22,Ealing Trailfinders,Rugby World Cup 2019,international
Ben LeSage,,Ben LeSage,Canada,15,Calgary Canucks,Rugby World Cup 2019,international
Ben McCalman,,Ben McCalman,Australia,41,Western Force,"Rugby World Cup 2011, Rugby World Cup 2015",international
Ben Morgan,,Ben Morgan,England,29,Gloucester,Rugby World Cup 2015,international
Ben Muncaster,,Ben Muncaster,Call-ups,1,Edinburgh,Six Nations 2025,urc
Ben Murphy,,Ben Murphy,Development players,0,Connacht,Six Nations 2025,urc
Ben Pinkelman,,Ben Pinkelman,Squad caps,678,Ben Pinkelman,Rugby World Cup 2019,international
Ben Pinkelman,,Ben Pinkelman,United States,2,USA Sevens,Rugby World Cup 2019,international
Ben Smith,,Ben Smith,New Zealand,80,Highlanders / Otago,"Rugby World Cup 2015, Rugby World Cup 2019",international
Ben Spencer,,Ben Spencer,Call-ups,8,Bath,Six Nations 2025,premiership
Ben Spencer,,Ben Spencer,England,4,Saracens,"Rugby World Cup 2019, Six Nations 2024",premiership
Ben Tameifuna,,Ben Tameifuna,Tonga,29,Racing 92,"Rugby World Cup 2019, Rugby World Cup 2023",top14
Ben Thomas,,Ben Thomas,Wales,7,Cardiff,Six Nations 2025,urc
Ben Toolis,,Ben Toolis,Scotland,21,Edinburgh,Rugby World Cup 2019,international
Ben Volavola,,Ben Volavola,Fiji,31,Waratahs,"Rugby World Cup 2015, Rugby World Cup 2019",nan
Ben White,,Ben White,Scotland,24,Toulon,"Rugby World Cup 2023, Six Nations 2024, Six Nations 2025",urc
Ben Youngs,,Ben Youngs,England,124,Leicester Tigers,"Rugby World Cup 2011, Rugby World Cup 2015, Rugby World Cup 2019, Rugby World Cup 2023",international
Benjamin Boyet,,Benjamin Boyet,France,3,Bourgoin,Rugby World Cup 2007,international
Benjamin Kayser,,Benjamin Kayser,France,33,Leicester,"Rugby World Cup 2007, Rugby World Cup 2015",international
Benjamín Urdapilleta,,Benjamín Urdapilleta,Argentina,12,Castres,Rugby World Cup 2019,international
Benjamín Videla,,Benjamín Videla,Chile,0,Selknam,Rugby World Cup 2023,international
Benjamín Videla,,Benjamín Videla,Squad caps,575,Benjamín Videla,Rugby World Cup 2023,international
Beno Obano,,Beno Obano,England,3,Bath,Six Nations 2024,premiership
Benoît Piffero,,Benoît Piffero,Canada,24,Atlantic Rock,"Rugby World Cup 2015, Rugby World Cup 2019",international
Bernard Foley,,Bernard Foley,Australia,70,Waratahs,"Rugby World Cup 2015, Rugby World Cup 2019",league-one
Bernard Le Roux,,Bernard Le Roux,France,33,Racing,"Rugby World Cup 2015, Rugby World Cup 2019",international
Berrick Barnes,,Berrick Barnes,Australia,31,Queensland Reds,"Rugby World Cup 2007, Rugby World Cup 2011",international
Bertus O'Callaghan,,Bertus O'Callaghan,Namibia,7,Wanderers,Rugby World Cup 2011,international
Besik Khamashuridze,,Besik Khamashuridze,Georgia,49,Cannes,Rugby World Cup 2007,international
Besso Udessiani,,Besso Udessiani,Georgia,26,Chalon,Rugby World Cup 2007,international
Bevan Rodd,,Bevan Rodd,England,7,Sale Sharks,"Rugby World Cup 2023, Six Nations 2025",premiership
Bidzina Samkharadze,,Bidzina Samkharadze,Georgia,56,Farul Constanța,"Rugby World Cup 2007, Rugby World Cup 2011",international
Bill Gadolo,,Bill Gadolo,Fiji,19,Barbarians,Rugby World Cup 2007,international
Billy Vunipola,,Billy Vunipola,England,70,Saracens,"Rugby World Cup 2015, Rugby World Cup 2019, Rugby World Cup 2023",top14
Bismarck du Plessis,,Bismarck du Plessis,South Africa,73,Sharks,"Rugby World Cup 2007, Rugby World Cup 2011, Rugby World Cup 2015",international
Blade Thomson,,Blade Thomson,Scotland,2,Scarlets,Rugby World Cup 2019,international
Blade Thomson,,Blade Thomson,Squad caps,923,Blade Thomson,Rugby World Cup 2019,international
Blaine Scully,,Blaine Scully,United States,50,Unattached,"Rugby World Cup 2011, Rugby World Cup 2015, Rugby World Cup 2019",international
Blair Cowan,,Blair Cowan,Scotland,13,London Irish,Rugby World Cup 2015,international
Blair Kinghorn,,Blair Kinghorn,Scotland,55,Edinburgh,"Rugby World Cup 2019, Rugby World Cup 2023, Six Nations 2024, Six Nations 2025",top14
Blair Murray,,Blair Murray,Wales,3,Scarlets,Six Nations 2025,urc
Blake Burdette,,Blake Burdette,United States,5,NYAC,Rugby World Cup 2007,international
Blake Schoupp,,Blake Schoupp,Australia,1,ACT Brumbies,Rugby World Cup 2023,nan
Bobby Skinstad,,Bobby Skinstad,South Africa,38,Sharks,Rugby World Cup 2007,international
Bogdan Bălan,,Bogdan Bălan,Romania,22,Montauban,Rugby World Cup 2007,international
Bogdan Fedotko,,Bogdan Fedotko,Player representation by nation,0,Bogdan Fedotko,Rugby World Cup 2019,international
Bogdan Fedotko,,Bogdan Fedotko,Russia,20,Krasny Yar,Rugby World Cup 2019,international
Bogdan Zebega,,Bogdan Zebega,Romania,30,Steaua,Rugby World Cup 2011,international
Bongi Mbonambi,,Bongi Mbonambi,South Africa,62,Stormers,"Rugby World Cup 2019, Rugby World Cup 2023",urc
Braam Steyn,,Braam Steyn,Italy,33,Benetton,Rugby World Cup 2019,international
Brad Barritt,,Brad Barritt,England,23,Saracens,Rugby World Cup 2015,international
Brad Thorn,,Brad Thorn,New Zealand,57,Crusaders,Rugby World Cup 2011,international
Brad Weber,,Brad Weber,New Zealand,2,Chiefs,Rugby World Cup 2019,league-one
Bradley Davies,,Bradley Davies,Wales,64,Cardiff Blues,"Rugby World Cup 2011, Rugby World Cup 2015, Rugby World Cup 2019",international
Bratley Langenhoven,,Bratley Langenhoven,Namibia,1,Pukke,Rugby World Cup 2007,international
Brendon Leonard,,Brendon Leonard,New Zealand,4,Waikato,Rugby World Cup 2007,international
Brett Beukeboom,,Brett Beukeboom,Canada,15,Cornish Pirates,Rugby World Cup 2015,international
Brett Thompson,,Brett Thompson,United States,4,USA Sevens,Rugby World Cup 2015,international
Brian Alainu'uese,,Brian Alainu'uese,Samoa,5,Toulon,Rugby World Cup 2023,top14
Brian Carney,,Brian Carney,Ireland,3,Munster,Rugby World Cup 2007,international
Brian Erichsen,,Brian Erichsen,Canada,5,BC Bears,Rugby World Cup 2011,international
Brian LeMay,,Brian LeMay,United States,0,Boston,Rugby World Cup 2007,international
Brian Liebenberg,,Brian Liebenberg,France,12,Stade Français,Rugby World Cup 2007,international
Brian Lima,,Brian Lima,Samoa,27,Unattached,Rugby World Cup 2007,international
Brian McClenahan,,Brian McClenahan,United States,2,Olympic Club,Rugby World Cup 2011,international
Brian O'Driscoll,,Brian O'Driscoll,Ireland,113,Leinster,"Rugby World Cup 2007, Rugby World Cup 2011",international
Brian O'Driscoll,,Brian O'Driscoll,Squad caps,1068,Brian O'Driscoll,Rugby World Cup 2011,international
Brice Dulin,,Brice Dulin,France,20,Racing,Rugby World Cup 2015,international
Brodie Retallick,,Brodie Retallick,New Zealand,103,Chiefs / Hawke's Bay,"Rugby World Cup 2015, Rugby World Cup 2019, Rugby World Cup 2023",league-one
Bryan Habana,,Bryan Habana,South Africa,110,Bulls,"Rugby World Cup 2007, Rugby World Cup 2011, Rugby World Cup 2015",international
Bryan Young,,Bryan Young,Ireland,8,Ulster,Rugby World Cup 2007,international
Bryce Campbell,,Bryce Campbell,United States,28,London Irish,Rugby World Cup 2019,international
Bryce Robins,,Bryce Robins,Japan,24,Black Rams,"Rugby World Cup 2007, Rugby World Cup 2011",international
Bundee Aki,,Bundee Aki,Ireland,65,Connacht,"Rugby World Cup 2019, Rugby World Cup 2023, Six Nations 2024, Six Nations 2025",urc
Butch James,,Butch James,South Africa,41,Sharks,"Rugby World Cup 2007, Rugby World Cup 2011",international
Byron Kelleher,,Byron Kelleher,New Zealand,54,Waikato,Rugby World Cup 2007,international
CJ Stander,,CJ Stander,Ireland,33,Munster,Rugby World Cup 2019,international
CJ van der Linde,,CJ van der Linde,South Africa,72,Cheetahs,"Rugby World Cup 2007, Rugby World Cup 2011",international
Cadan Murley,,Cadan Murley,England,0,Harlequins,Six Nations 2025,premiership
Caelan Doris,,Caelan Doris,Ireland,51,Leinster,"Rugby World Cup 2023, Six Nations 2024, Six Nations 2025",urc
Cai Evans,,Cai Evans,Wales,1,Dragons,Six Nations 2024,urc
Caleb Clarke,,Caleb Clarke,New Zealand,18,Blues / Auckland,Rugby World Cup 2023,nan
Caleb Muntz,,Caleb Muntz,Fiji,4,Fijian Drua,Rugby World Cup 2023,international
Callum Braley,,Callum Braley,Italy,3,Gloucester,Rugby World Cup 2019,international
Callum Braley,,Callum Braley,Squad caps,1002,Callum Braley,Rugby World Cup 2019,international
Calvin Nash,,Calvin Nash,Ireland,10,Munster,"Six Nations 2024, Six Nations 2025",urc
Cam Dolan,,Cam Dolan,United States,47,Cardiff Blues,"Rugby World Cup 2015, Rugby World Cup 2019",international
Cam Roigard,,Cam Roigard,New Zealand,2,Hurricanes / Counties Manukau,Rugby World Cup 2023,nan
Cam Roigard,,Cam Roigard,Player representation by nation,0,Cam Roigard,Rugby World Cup 2023,nan
Cameron Redpath,,Cameron Redpath,Scotland,9,Bath,"Rugby World Cup 2023, Six Nations 2024",premiership
Cameron Shepherd,,Cameron Shepherd,Australia,6,Western Force,Rugby World Cup 2007,international
Cameron Winnett,,Cameron Winnett,Wales,0,Cardiff,Six Nations 2024,international
Cameron Woki,,Cameron Woki,France,27,Racing 92,"Rugby World Cup 2023, Six Nations 2024",top14
Camille Chat,,Camille Chat,France,22,Racing 92,Rugby World Cup 2019,top14
Camille Lopez,,Camille Lopez,France,24,Clermont Auvergne,Rugby World Cup 2019,international
Campese Ma'afu,,Campese Ma'afu,Fiji,57,Eastern Suburbs,"Rugby World Cup 2011, Rugby World Cup 2015, Rugby World Cup 2019",international
Canada,,Canada,Overview,0,Tyler Ardron,Rugby World Cup 2019,international
Canan Moodie,,Canan Moodie,Player representation by nation,0,Canan Moodie,Rugby World Cup 2023,urc
Canan Moodie,,Canan Moodie,South Africa,8,Bulls,Rugby World Cup 2023,urc
Caolin Blade,,Caolin Blade,Ireland,3,Connacht,Six Nations 2025,urc
Carl Hayman,,Carl Hayman,New Zealand,41,Otago,Rugby World Cup 2007,international
Carlo Canna,,Carlo Canna,Italy,36,Zebre,"Rugby World Cup 2015, Rugby World Cup 2019",international
Carlo Del Fava,,Carlo Del Fava,Italy,53,Bourgoin,"Rugby World Cup 2007, Rugby World Cup 2011",international
Carlo Festuccia,,Carlo Festuccia,Italy,39,Gran Parma,Rugby World Cup 2007,international
Carlos Arboleya,,Carlos Arboleya,Uruguay,50,Trébol de Paysandú,Rugby World Cup 2015,international
Carlos Deus,,Carlos Deus,Uruguay,3,Peñarol,Rugby World Cup 2023,international
Carter Gordon,,Carter Gordon,Australia,5,Melbourne Rebels,Rugby World Cup 2023,nan
Casper Viviers,,Casper Viviers,Namibia,41,Trustco United,"Rugby World Cup 2015, Rugby World Cup 2023",international
Cathal Forde,,Cathal Forde,Development players,0,Connacht,Six Nations 2025,urc
Cedate Gomes Sa,,Cedate Gomes Sa,France,9,Racing 92,Rugby World Cup 2019,top14
Census Johnston,,Census Johnston,Samoa,48,Saracens,"Rugby World Cup 2007, Rugby World Cup 2011, Rugby World Cup 2015",international
Ceri Sweeney,,Ceri Sweeney,Wales,32,Newport Gwent Dragons,Rugby World Cup 2007,international
Cezar Popescu,,Cezar Popescu,Romania,32,Agen,Rugby World Cup 2007,international
Chad Erskine,,Chad Erskine,United States,3,Waterloo,Rugby World Cup 2007,international
Chad Plato,,Chad Plato,Namibia,4,Welwitschias,"Rugby World Cup 2019, Rugby World Cup 2023",international
Chance Wenglewski,,Chance Wenglewski,United States,6,Rugby United New York,Rugby World Cup 2019,international
Chandler Cunningham-South,,Chandler Cunningham-South,England,11,Harlequins,"Six Nations 2024, Six Nations 2025",premiership
Charles Ollivon,,Charles Ollivon,France,39,Toulon,"Rugby World Cup 2019, Rugby World Cup 2023, Six Nations 2024",top14
Charles Piutau,,Charles Piutau,Tonga,5,Shizuoka Blue Revs,Rugby World Cup 2023,league-one
Charlie Ewels,,Charlie Ewels,Call-ups,30,Bath,Six Nations 2024,premiership
Charlie Faumuina,,Charlie Faumuina,Nationality changes between World Cups,0,,Rugby World Cup 2023,international
Charlie Faumuina,,Charlie Faumuina,New Zealand,27,Blues / Auckland,Rugby World Cup 2015,international
Charlie Faumuina,,Charlie Faumuina,Samoa,3,Toulouse,Rugby World Cup 2023,international
Chauncey O'Toole,,Chauncey O'Toole,Canada,13,Ospreys,Rugby World Cup 2011,international
Cheslin Kolbe,,Cheslin Kolbe,South Africa,26,Toulouse,"Rugby World Cup 2019, Rugby World Cup 2023",league-one
Chiliboy Ralepelle,,Chiliboy Ralepelle,South Africa,20,Bulls,Rugby World Cup 2011,international
Chris Ashton,,Chris Ashton,England,12,Northampton Saints,Rugby World Cup 2011,international
Chris Baumann,,Chris Baumann,United States,4,Santa Monica,Rugby World Cup 2015,international
Chris Biller,,Chris Biller,United States,13,Bath,Rugby World Cup 2011,international
Chris Cusiter,,Chris Cusiter,Scotland,53,Perpignan,"Rugby World Cup 2007, Rugby World Cup 2011",international
Chris Farrell,,Chris Farrell,Ireland,7,Munster,Rugby World Cup 2019,international
Chris Harris,,Chris Harris,Scotland,44,Gloucester,"Rugby World Cup 2019, Rugby World Cup 2023",premiership
Chris Henry,,Chris Henry,Ireland,19,Ulster,Rugby World Cup 2015,international
Chris Horsman,,Chris Horsman,Wales,11,Worcester Warriors,Rugby World Cup 2007,international
Chris Jack,,Chris Jack,New Zealand,62,Tasman,Rugby World Cup 2007,international
Chris Latham,,Chris Latham,Australia,73,Queensland Reds,Rugby World Cup 2007,international
Chris Masoe,,Chris Masoe,New Zealand,15,Wellington,Rugby World Cup 2007,international
Chris Moreno,,Chris Moreno,United States,0,Denver Barbarians,Rugby World Cup 2007,international
Chris Osentowski,,Chris Osentowski,United States,14,Belmont Shore,Rugby World Cup 2007,international
Chris Paterson,,Chris Paterson,Scotland,105,Gloucester,"Rugby World Cup 2007, Rugby World Cup 2011",international
Chris Paterson,,Chris Paterson,Squad caps,1038,Chris Paterson,Rugby World Cup 2011,international
Chris Robshaw,,Chris Robshaw,England,39,Harlequins,Rugby World Cup 2015,international
Chris Vui,,Chris Vui,Samoa,25,Bristol Bears,"Rugby World Cup 2019, Rugby World Cup 2023",international
Chris Wyles,,Chris Wyles,United States,50,Belmont Shore,"Rugby World Cup 2007, Rugby World Cup 2011, Rugby World Cup 2015",international
Christ Tshiunza,,Christ Tshiunza,Wales,15,Exeter Chiefs,"Rugby World Cup 2023, Six Nations 2025",premiership
Christian Leali'ifano,,Christian Leali'ifano,Nationality changes between World Cups,0,,Rugby World Cup 2023,international
Christian Leali'ifano,,Christian Leali'ifano,Samoa,3,Moana Pasifika,Rugby World Cup 2023,international
Christian Lealiifano,,Christian Lealiifano,Australia,22,Brumbies,Rugby World Cup 2019,nan
Christian Loamanu,,Christian Loamanu,Japan,7,Saitama,Rugby World Cup 2007,international
Christophe Dominici,,Christophe Dominici,France,62,Stade Français,Rugby World Cup 2007,international
Christopher Tolofua,,Christopher Tolofua,France,8,Toulon,Rugby World Cup 2019,top14
Chrysander Botha,,Chrysander Botha,Namibia,34,Kudus,"Rugby World Cup 2011, Rugby World Cup 2015",international
Cian Healy,,Cian Healy,Ireland,137,Leinster,"Rugby World Cup 2011, Rugby World Cup 2015, Rugby World Cup 2019, Six Nations 2024, Six Nations 2025",international
Cian Prendergast,,Cian Prendergast,Ireland,4,Connacht,Six Nations 2025,urc
Ciaran Hearn,,Ciaran Hearn,Canada,70,The Rock,"Rugby World Cup 2011, Rugby World Cup 2015, Rugby World Cup 2019",international
Ciarán Frawley,,Ciarán Frawley,Ireland,8,Leinster,"Six Nations 2024, Six Nations 2025",urc
Clemente Saavedra,,Clemente Saavedra,Chile,20,Selknam,Rugby World Cup 2023,international
Clinton Schifcofske,,Clinton Schifcofske,Australia,0,Queensland Reds,Rugby World Cup 2007,international
Cliven Loubser,,Cliven Loubser,Namibia,24,Welwitschias,"Rugby World Cup 2019, Rugby World Cup 2023",international
Clément Poitrenaud,,Clément Poitrenaud,France,28,Toulouse,Rugby World Cup 2007,international
Cobus Reinach,,Cobus Reinach,South Africa,26,Northampton Saints,"Rugby World Cup 2019, Rugby World Cup 2023",urc
Codie Taylor,,Codie Taylor,New Zealand,79,Crusaders / Canterbury,"Rugby World Cup 2015, Rugby World Cup 2019, Rugby World Cup 2023",nan
Coenie Oosthuizen,,Coenie Oosthuizen,South Africa,21,Cheetahs,Rugby World Cup 2015,international
Cole Keith,,Cole Keith,Canada,14,Toronto Arrows,Rugby World Cup 2019,international
Cole Keith,,Cole Keith,Player representation by nation,0,Cole Keith,Rugby World Cup 2019,international
Colin Charvis,,Colin Charvis,Wales,87,Newport Gwent Dragons,Rugby World Cup 2007,international
Colin Hawley,,Colin Hawley,United States,4,Olympic Club,Rugby World Cup 2011,international
Colin Slade,,Colin Slade,New Zealand,20,Crusaders / Canterbury,Rugby World Cup 2015,international
Colin Yukes,,Colin Yukes,Canada,29,Agen,Rugby World Cup 2007,international
Connor Braid,,Connor Braid,Canada,18,BC Bears,Rugby World Cup 2015,international
Conor Keys,,Conor Keys,Canada,16,Unattached,Rugby World Cup 2019,international
Conor Murray,,Conor Murray,Ireland,125,Munster,"Rugby World Cup 2011, Rugby World Cup 2015, Rugby World Cup 2019, Rugby World Cup 2023, Six Nations 2024, Six Nations 2025",international
Conor Trainor,,Conor Trainor,Canada,34,BC Bears,"Rugby World Cup 2011, Rugby World Cup 2015, Rugby World Cup 2019",international
Conrad Marais,,Conrad Marais,Namibia,8,Montpellier,"Rugby World Cup 2011, Rugby World Cup 2015",international
Conrad Smith,,Conrad Smith,New Zealand,88,Wellington,"Rugby World Cup 2007, Rugby World Cup 2011, Rugby World Cup 2015",international
Constantin Gheară,,Constantin Gheară,Romania,6,Farul Constanța,Rugby World Cup 2011,international
Cooper Vuna,,Cooper Vuna,Tonga,13,Newcastle Falcons,Rugby World Cup 2019,international
Corey Domachowski,,Corey Domachowski,Squad caps,1297,Corey Domachowski / Henry Thomas,Rugby World Cup 2023,urc
Corey Domachowski,,Corey Domachowski,Wales,6,Cardiff,"Rugby World Cup 2023, Six Nations 2024",urc
Corey Flynn,,Corey Flynn,New Zealand,15,Crusaders,Rugby World Cup 2011,international
Cormac Izuchukwu,,Cormac Izuchukwu,Ireland,1,Ulster,Six Nations 2025,urc
Corne Powell,,Corne Powell,Namibia,25,Windhoek United,Rugby World Cup 2007,international
Corniel van Zyl,,Corniel van Zyl,Italy,2,Benetton Treviso,Rugby World Cup 2011,international
Cory Allen,,Cory Allen,Wales,3,Cardiff Blues,Rugby World Cup 2015,international
Cory Hill,,Cory Hill,Wales,24,Dragons,Rugby World Cup 2019,international
Cory Jane,,Cory Jane,New Zealand,30,Hurricanes,Rugby World Cup 2011,international
Cosmin Rațiu,,Cosmin Rațiu,Romania,28,Dinamo București,"Rugby World Cup 2007, Rugby World Cup 2011",international
Costel Burțilă,,Costel Burțilă,Romania,13,Hyères Carqueiranne,Rugby World Cup 2023,international
Costica Mersoiu,,Costica Mersoiu,Romania,28,Dinamo București,Rugby World Cup 2007,international
Courtney Lawes,,Courtney Lawes,England,100,Northampton Saints,"Rugby World Cup 2011, Rugby World Cup 2015, Rugby World Cup 2019, Rugby World Cup 2023",international
Craig Casey,,Craig Casey,Ireland,14,Munster,"Rugby World Cup 2023, Six Nations 2024",urc
Craig Culpan,,Craig Culpan,Canada,2,Meralomas,Rugby World Cup 2007,international
Craig Millar,,Craig Millar,Japan,13,Saitama Wild Knights,Rugby World Cup 2023,league-one
Craig Mitchell,,Craig Mitchell,Wales,10,Exeter Chiefs,Rugby World Cup 2011,international
Craig Smith,,Craig Smith,Scotland,19,Edinburgh,Rugby World Cup 2007,international
Craig Wing,,Craig Wing,Japan,10,Kobelco Steelers,Rugby World Cup 2015,international
Cristi Boboc,,Cristi Boboc,Romania,9,Steaua București,Rugby World Cup 2023,international
Cristi Chirică,,Cristi Chirică,Romania,34,Dinamo București,Rugby World Cup 2023,international
Cristian Petre,,Cristian Petre,Romania,77,Béziers,"Rugby World Cup 2007, Rugby World Cup 2011",international
Cristian Petre,,Cristian Petre,Squad caps,863,Cristian Petre,Rugby World Cup 2011,international
Cristóbal Game Jiménez,,Cristóbal Game Jiménez,Chile,1,Old John's,Rugby World Cup 2023,international
Csaba Gál,,Csaba Gál,Romania,84,U Cluj,"Rugby World Cup 2007, Rugby World Cup 2011, Rugby World Cup 2015",international
Curtis Langdon,,Curtis Langdon,Call-ups,2,Northampton Saints,Six Nations 2025,premiership
Cyril Baille,,Cyril Baille,France,52,Toulouse,"Rugby World Cup 2019, Rugby World Cup 2023, Six Nations 2024, Six Nations 2025",top14
Cédric Heymans,,Cédric Heymans,France,55,Toulouse,"Rugby World Cup 2007, Rugby World Cup 2011",international
Cătălin Fercu,,Cătălin Fercu,Romania,80,Arad,"Rugby World Cup 2007, Rugby World Cup 2015",international
Cătălin Nicolae,,Cătălin Nicolae,Romania,17,Steaua Bucharest,"Rugby World Cup 2007, Rugby World Cup 2011",international
D'Angelo Leuila,,D'Angelo Leuila,Samoa,18,Moana Pasifika,Rugby World Cup 2023,international
D'Arcy Rae,,D'Arcy Rae,Scotland,2,Edinburgh,Six Nations 2025,urc
D. T. H. van der Merwe,,D. T. H. van der Merwe,Canada,58,James Bay AA,"Rugby World Cup 2007, Rugby World Cup 2011, Rugby World Cup 2015, Rugby World Cup 2019",international
Dafydd James,,Dafydd James,Wales,46,Llanelli Scarlets,Rugby World Cup 2007,international
Dafydd Jenkins,,Dafydd Jenkins,Player representation by nation,0,Dafydd Jenkins,Rugby World Cup 2023,premiership
Dafydd Jenkins,,Dafydd Jenkins,Wales,19,Exeter Chiefs,"Rugby World Cup 2023, Six Nations 2024, Six Nations 2025",premiership
Dalton Papalii,,Dalton Papalii,New Zealand,26,Blues / Counties Manukau,Rugby World Cup 2023,international
Damian McKenzie,,Damian McKenzie,New Zealand,42,Chiefs / Waikato,Rugby World Cup 2023,nan
Damian Penaud,,Damian Penaud,France,53,Clermont Auvergne,"Rugby World Cup 2019, Rugby World Cup 2023, Six Nations 2024, Six Nations 2025",top14
Damian Stevens,,Damian Stevens,Namibia,36,Ikey Tigers,"Rugby World Cup 2015, Rugby World Cup 2019, Rugby World Cup 2023",international
Damian Stevens,,Damian Stevens,Player representation by league,0,Damian Stevens,Rugby World Cup 2015,international
Damian Strătilă,,Damian Strătilă,Romania,6,Steaua București,Rugby World Cup 2023,international
Damian Willemse,,Damian Willemse,South Africa,33,Stormers,"Rugby World Cup 2019, Rugby World Cup 2023",urc
Damian de Allende,,Damian de Allende,South Africa,73,Stormers,"Rugby World Cup 2015, Rugby World Cup 2019, Rugby World Cup 2023",league-one
Damien Chouly,,Damien Chouly,France,31,Clermont,Rugby World Cup 2015,international
Damien Traille,,Damien Traille,France,83,Biarritz,"Rugby World Cup 2007, Rugby World Cup 2011",international
Damien Traille,,Damien Traille,Squad caps,1011,Damien Traille,Rugby World Cup 2011,international
Damien Varley,,Damien Varley,Ireland,2,Munster,Rugby World Cup 2011,international
Dan Biggar,,Dan Biggar,Wales,109,Ospreys,"Rugby World Cup 2015, Rugby World Cup 2019, Rugby World Cup 2023",international
Dan Carter,,Dan Carter,New Zealand,106,Canterbury,"Rugby World Cup 2007, Rugby World Cup 2015",international
Dan Cole,,Dan Cole,England,107,Leicester Tigers,"Rugby World Cup 2011, Rugby World Cup 2015, Rugby World Cup 2019, Rugby World Cup 2023, Six Nations 2024",international
Dan Edwards,,Dan Edwards,Wales,0,Ospreys,Six Nations 2025,urc
Dan Hipkiss,,Dan Hipkiss,England,1,Leicester Tigers,Rugby World Cup 2007,international
Dan Lydiate,,Dan Lydiate,Wales,71,Newport Gwent Dragons,"Rugby World Cup 2011, Rugby World Cup 2015, Rugby World Cup 2023",international
Dan Parks,,Dan Parks,Scotland,62,Glasgow,"Rugby World Cup 2007, Rugby World Cup 2011",international
Dan Payne,,Dan Payne,United States,1,OMBAC,Rugby World Cup 2007,international
Dan Pletch,,Dan Pletch,Canada,16,Oakville Crusaders,Rugby World Cup 2007,international
Dan Sheehan,,Dan Sheehan,Ireland,32,Leinster,"Rugby World Cup 2023, Six Nations 2024, Six Nations 2025",urc
Dan Vickerman,,Dan Vickerman,Australia,56,Waratahs,Rugby World Cup 2011,international
Dan Vlad,,Dan Vlad,Romania,7,Steaua Bucharest,Rugby World Cup 2007,international
Danco Burger,,Danco Burger,Namibia,5,Wanderers,Rugby World Cup 2023,international
Dane Coles,,Dane Coles,New Zealand,87,Hurricanes / Wellington,"Rugby World Cup 2015, Rugby World Cup 2019, Rugby World Cup 2023",international
Dane Haylett-Petty,,Dane Haylett-Petty,Australia,33,Melbourne Rebels,Rugby World Cup 2019,international
Danie Dames,,Danie Dames,Namibia,0,Leopards,Rugby World Cup 2011,international
Danie Rossouw,,Danie Rossouw,South Africa,58,Bulls,"Rugby World Cup 2007, Rugby World Cup 2011",international
Danie van Wyk,,Danie van Wyk,Namibia,13,United,"Rugby World Cup 2011, Rugby World Cup 2015",international
Daniel Carpo,,Daniel Carpo,Romania,51,Farul Constanța,"Rugby World Cup 2011, Rugby World Cup 2015",international
Daniel Faleafa,,Daniel Faleafa,Tonga,22,Austin Elite,Rugby World Cup 2019,international
Daniel Ianuș,,Daniel Ianuș,Romania,8,Steaua,Rugby World Cup 2011,international
Daniel Leo,,Daniel Leo,Samoa,26,Wasps,"Rugby World Cup 2007, Rugby World Cup 2011",international
Daniel Vickerman,,Daniel Vickerman,Australia,48,Waratahs,Rugby World Cup 2007,international
Danilo Fischetti,,Danilo Fischetti,Italy,48,Zebre,"Rugby World Cup 2019, Rugby World Cup 2023, Six Nations 2024, Six Nations 2025",premiership
Danny Barrett,,Danny Barrett,United States,9,USA Sevens,Rugby World Cup 2015,international
Danny Care,,Danny Care,England,96,Harlequins,"Rugby World Cup 2015, Rugby World Cup 2023, Six Nations 2024",international
Danny Toala,,Danny Toala,Samoa,8,Moana Pasifika,Rugby World Cup 2023,international
Dany Priso,,Dany Priso,Call-ups,18,Toulon,Six Nations 2024,top14
Dany Priso,,Dany Priso,France,18,Toulon,Six Nations 2025,top14
Darcy Graham,,Darcy Graham,Player representation by nation,0,Darcy Graham,Rugby World Cup 2019,urc
Darcy Graham,,Darcy Graham,Scotland,42,Edinburgh,"Rugby World Cup 2019, Rugby World Cup 2023, Six Nations 2024, Six Nations 2025",urc
Dario Chistolini,,Dario Chistolini,Italy,11,Zebre,Rugby World Cup 2015,international
Darragh Murray,,Darragh Murray,Call-ups,0,Connacht,Six Nations 2025,urc
Darren Cave,,Darren Cave,Ireland,10,Ulster,Rugby World Cup 2015,international
Darryl de la Harpe,,Darryl de la Harpe,Namibia,48,Western Suburbs,"Rugby World Cup 2011, Rugby World Cup 2015, Rugby World Cup 2019",international
Dave Callam,,Dave Callam,Scotland,9,Edinburgh,Rugby World Cup 2007,international
Dave Cherry,,Dave Cherry,Scotland,11,Edinburgh,"Rugby World Cup 2023, Six Nations 2025",top14
Dave Kearney,,Dave Kearney,Ireland,10,Leinster,Rugby World Cup 2015,international
Dave Kilcoyne,,Dave Kilcoyne,Ireland,52,Munster,"Rugby World Cup 2019, Rugby World Cup 2023",international
Dave Porecki,,Dave Porecki,Australia,15,NSW Waratahs,Rugby World Cup 2023,international
Dave Sisi,,Dave Sisi,Italy,28,Zebre,"Rugby World Cup 2019, Rugby World Cup 2023",international
Dave Spicer,,Dave Spicer,Canada,8,University of Victoria,Rugby World Cup 2007,international
Dave Wilson,,Dave Wilson,England,18,Bath,Rugby World Cup 2011,international
David Ainuu,,David Ainuu,Player representation by nation,0,David Ainuu,Rugby World Cup 2019,international
David Ainuʻu,,David Ainuʻu,United States,8,Toulouse,Rugby World Cup 2019,international
David Biddle,,David Biddle,Canada,1,Meralomas,Rugby World Cup 2007,international
David Bortolussi,,David Bortolussi,Italy,10,Montpellier Hérault,Rugby World Cup 2007,international
David Costa,,David Costa,Portugal,25,Direito,Rugby World Cup 2023,international
David Denton,,David Denton,Scotland,28,Edinburgh,Rugby World Cup 2015,international
David Halaifonua,,David Halaifonua,Tonga,33,Gloucester,"Rugby World Cup 2015, Rugby World Cup 2019",international
David Havili,,David Havili,New Zealand,25,Crusaders / Tasman,Rugby World Cup 2023,nan
David Khinchaguishvili,,David Khinchaguishvili,Georgia,15,Bourgoin,Rugby World Cup 2007,international
David Lemi,,David Lemi,Samoa,29,Bristol,"Rugby World Cup 2007, Rugby World Cup 2011",international
David Marty,,David Marty,France,34,Perpignan,"Rugby World Cup 2007, Rugby World Cup 2011",international
David Mateus,,David Mateus,Portugal,15,Belenenses,Rugby World Cup 2007,international
David Penalva,,David Penalva,Portugal,18,Blagnac,Rugby World Cup 2007,international
David Philander,,David Philander,Namibia,23,United,"Rugby World Cup 2011, Rugby World Cup 2015",international
David Pocock,,David Pocock,Australia,78,Western Force,"Rugby World Cup 2011, Rugby World Cup 2015, Rugby World Cup 2019",international
David Ribbans,,David Ribbans,England,8,Toulon,Rugby World Cup 2023,top14
David Skrela,,David Skrela,France,22,Stade Français,"Rugby World Cup 2007, Rugby World Cup 2011",international
David Wallace,,David Wallace,Ireland,37,Munster,Rugby World Cup 2007,international
David Wallis,,David Wallis,Portugal,20,Belenenses,Rugby World Cup 2023,international
David Wilson,,David Wilson,England,43,Bath,Rugby World Cup 2015,international
Davide Giazzon,,Davide Giazzon,Italy,21,Benetton Treviso,Rugby World Cup 2015,international
Davit Kacharava,,Davit Kacharava,Georgia,116,Bastia,"Rugby World Cup 2007, Rugby World Cup 2011, Rugby World Cup 2015, Rugby World Cup 2019",international
Davit Khinchagishvili,,Davit Khinchagishvili,Georgia,35,Brive,Rugby World Cup 2011,international
Davit Kubriashvili,,Davit Kubriashvili,Georgia,40,Toulon,"Rugby World Cup 2011, Rugby World Cup 2015",international
Davit Niniashvili,,Davit Niniashvili,Georgia,23,Lyon,Rugby World Cup 2023,top14
Davit Zirakashvili,,Davit Zirakashvili,Georgia,50,Clermont,"Rugby World Cup 2007, Rugby World Cup 2011, Rugby World Cup 2015",international
Deacon Manu,,Deacon Manu,Fiji,9,Scarlets,Rugby World Cup 2011,international
Dean Budd,,Dean Budd,Italy,23,Benetton,Rugby World Cup 2019,international
Dean Mumm,,Dean Mumm,Australia,37,Waratahs,Rugby World Cup 2015,international
Delon Armitage,,Delon Armitage,England,21,London Irish,Rugby World Cup 2011,international
Demba Bamba,,Demba Bamba,France,6,Lyon,Rugby World Cup 2019,top14
Demur Tapladze,,Demur Tapladze,Georgia,28,Black Lion,Rugby World Cup 2023,international
Denis Antonov,,Denis Antonov,Russia,2,Slava Moscow,Rugby World Cup 2011,international
Denis Hickie,,Denis Hickie,Ireland,58,Leinster,Rugby World Cup 2007,international
Denis Leamy,,Denis Leamy,Ireland,52,Munster,"Rugby World Cup 2007, Rugby World Cup 2011",international
Denis Simplikevich,,Denis Simplikevich,Russia,28,Enisey-STM,"Rugby World Cup 2011, Rugby World Cup 2019",international
Deon Fourie,,Deon Fourie,South Africa,7,Stormers,Rugby World Cup 2023,urc
Deon Mouton,,Deon Mouton,Namibia,23,Reho Falcons,Rugby World Cup 2007,international
Derek Daypuck,,Derek Daypuck,Canada,16,Castaway Wanderers,Rugby World Cup 2007,international
Des Sethie,,Des Sethie,Namibia,17,Welwitschias,"Rugby World Cup 2019, Rugby World Cup 2023",international
Devin Toner,,Devin Toner,Ireland,27,Leinster,Rugby World Cup 2015,international
Dewi Lake,,Dewi Lake,Call-ups,18,Ospreys,Six Nations 2025,urc
Dewi Lake,,Dewi Lake,Wales,9,Ospreys,Rugby World Cup 2023,urc
Diarmuid Mangan,,Diarmuid Mangan,Call-ups,0,Leinster,Six Nations 2025,urc
Diego Arbelo,,Diego Arbelo,Uruguay,18,MVCC,"Rugby World Cup 2019, Rugby World Cup 2023",international
Diego Escobar,,Diego Escobar,Chile,5,Selknam,Rugby World Cup 2023,top14
Diego Magno,,Diego Magno,Uruguay,90,Montevideo,"Rugby World Cup 2015, Rugby World Cup 2019",international
Digby Ioane,,Digby Ioane,Australia,15,Reds,Rugby World Cup 2011,international
Dillon Lewis,,Dillon Lewis,Call-ups,54,Harlequins,Six Nations 2024,urc
Dillon Lewis,,Dillon Lewis,Wales,51,Cardiff Blues,"Rugby World Cup 2019, Rugby World Cup 2023",urc
Dimitri Basilaia,,Dimitri Basilaia,Georgia,16,Aubenas,Rugby World Cup 2011,international
Dimitri Szarzewski,,Dimitri Szarzewski,France,81,Stade Français,"Rugby World Cup 2007, Rugby World Cup 2011, Rugby World Cup 2015",international
Dimitri Yachvili,,Dimitri Yachvili,France,52,Biarritz,"Rugby World Cup 2007, Rugby World Cup 2011",international
Dino Lamb,,Dino Lamb,Italy,10,Harlequins,"Rugby World Cup 2023, Six Nations 2025",league-one
Diogo Coutinho,,Diogo Coutinho,Portugal,28,Direito,Rugby World Cup 2007,international
Diogo Gama,,Diogo Gama,Portugal,10,Benfica,Rugby World Cup 2007,international
Diogo Hasse Ferreira,,Diogo Hasse Ferreira,Portugal,37,Dax,Rugby World Cup 2023,international
Diogo Mateus,,Diogo Mateus,Portugal,48,Belenenses,Rugby World Cup 2007,international
Divan Rossouw,,Divan Rossouw,Namibia,6,Krasny Yar,Rugby World Cup 2023,international
Djustice Sears-Duru,,Djustice Sears-Duru,Canada,49,Ontario Blues,"Rugby World Cup 2015, Rugby World Cup 2019",international
Djustice Sears-Duru,,Djustice Sears-Duru,Player representation by league,0,Djustice Sears-Duru,Rugby World Cup 2015,international
Dmitry Gerasimov,,Dmitry Gerasimov,Russia,64,Enisey-STM,Rugby World Cup 2019,international
Dmitry Perov,,Dmitry Perov,Russia,10,VVA-Podmoskovye,Rugby World Cup 2019,international
Domingo Kamonga,,Domingo Kamonga,Namibia,0,United Rugby Club,Rugby World Cup 2007,international
Domingo Saavedra,,Domingo Saavedra,Chile,24,Selknam,Rugby World Cup 2023,international
Dominic Day,,Dominic Day,Squad caps,1051,Dominic Day Tomas Francis Ross Moriarty,Rugby World Cup 2015,international
Dominic Day,,Dominic Day,Wales,2,Bath,Rugby World Cup 2015,international
Dominiko Waqaniburotu,,Dominiko Waqaniburotu,Fiji,45,Fraser Tech,"Rugby World Cup 2011, Rugby World Cup 2015, Rugby World Cup 2019",international
Donnacha Ryan,,Donnacha Ryan,Ireland,31,Munster,"Rugby World Cup 2011, Rugby World Cup 2015",international
Donncha O'Callaghan,,Donncha O'Callaghan,Ireland,74,Munster,"Rugby World Cup 2007, Rugby World Cup 2011",international
Dorian Aldegheri,,Dorian Aldegheri,France,19,Toulouse,"Rugby World Cup 2023, Six Nations 2024, Six Nations 2025",top14
Doug Howlett,,Doug Howlett,New Zealand,59,Auckland,Rugby World Cup 2007,international
Doug Wooldridge,,Doug Wooldridge,Canada,19,Ontario Blues,Rugby World Cup 2015,international
Dougie Hall,,Dougie Hall,Scotland,36,Glasgow Warriors,Rugby World Cup 2011,international
Dragoș Ser,,Dragoș Ser,Romania,15,Steaua București,Rugby World Cup 2023,international
Drew Mitchell,,Drew Mitchell,Australia,65,Western Force,"Rugby World Cup 2007, Rugby World Cup 2015",international
Du Preez Grobler,,Du Preez Grobler,Namibia,23,United Rugby Club,Rugby World Cup 2007,international
Duane Vermeulen,,Duane Vermeulen,South Africa,70,Toulon,"Rugby World Cup 2015, Rugby World Cup 2019, Rugby World Cup 2023",international
Duarte Cardoso Pinto,,Duarte Cardoso Pinto,Portugal,25,Agronomia,Rugby World Cup 2007,international
Duarte Diniz,,Duarte Diniz,Portugal,35,Direito,Rugby World Cup 2023,international
Duarte Figueiredo,,Duarte Figueiredo,Portugal,3,CDUL,Rugby World Cup 2007,international
Duarte Torgal,,Duarte Torgal,Portugal,19,Direito,Rugby World Cup 2023,international
Duhan van der Merwe,,Duhan van der Merwe,Scotland,44,Edinburgh,"Rugby World Cup 2023, Six Nations 2024, Six Nations 2025",urc
Duncan Jones,,Duncan Jones,Wales,38,Ospreys,Rugby World Cup 2007,international
Duncan Paia'aua,,Duncan Paia'aua,Samoa,6,Toulon,Rugby World Cup 2023,top14
Duncan Taylor,,Duncan Taylor,Scotland,23,Saracens,Rugby World Cup 2019,international
Duncan Weir,,Duncan Weir,Scotland,19,Glasgow Warriors,Rugby World Cup 2015,urc
Dwayne Peel,,Dwayne Peel,Wales,53,Llanelli Scarlets,Rugby World Cup 2007,international
Dwayne Polataivao,,Dwayne Polataivao,Samoa,13,Unattached,Rugby World Cup 2019,international
Dylan Fawsitt,,Dylan Fawsitt,United States,12,Rugby United New York,Rugby World Cup 2019,international
Dylan Hartley,,Dylan Hartley,England,29,Northampton Saints,Rugby World Cup 2011,international
Dylan Richardson,,Dylan Richardson,Scotland,6,Sharks,Six Nations 2025,urc
Dylan Riley,,Dylan Riley,Japan,14,Saitama Wild Knights,Rugby World Cup 2023,league-one
Dănuț Dumbravă,,Dănuț Dumbravă,Romania,72,Steaua Bucharest,"Rugby World Cup 2007, Rugby World Cup 2011, Rugby World Cup 2015",international
Eben Etzebeth,,Eben Etzebeth,South Africa,113,Stormers,"Rugby World Cup 2015, Rugby World Cup 2019, Rugby World Cup 2023",urc
Ed Fairhurst,,Ed Fairhurst,Canada,51,Cornish Pirates,"Rugby World Cup 2007, Rugby World Cup 2011",international
Ed Fairhurst,,Ed Fairhurst,Squad caps,475,Ed Fairhurst,Rugby World Cup 2011,international
Ed Fidow,,Ed Fidow,Samoa,19,Worcester Warriors,"Rugby World Cup 2019, Rugby World Cup 2023",international
Eddie James,,Eddie James,Wales,3,Scarlets,Six Nations 2025,urc
Eddy Ben Arous,,Eddy Ben Arous,France,7,Racing,Rugby World Cup 2015,international
Edoardo Gori,,Edoardo Gori,Italy,43,Benetton Treviso,"Rugby World Cup 2011, Rugby World Cup 2015",international
Edoardo Iachizzi,,Edoardo Iachizzi,Italy,6,Benetton,Six Nations 2024,top14
Edoardo Padovani,,Edoardo Padovani,Italy,23,Zebre,Rugby World Cup 2019,international
Eduardo Bello,,Eduardo Bello,Argentina,14,Newcastle Falcons,Rugby World Cup 2023,premiership
Eiji Ando,,Eiji Ando,Japan,12,Green Rockets,Rugby World Cup 2007,international
Eli Walker,,Eli Walker,Wales,1,Ospreys,Rugby World Cup 2015,international
Eliota Fuimaono-Sapolu,,Eliota Fuimaono-Sapolu,Samoa,19,Bath,"Rugby World Cup 2007, Rugby World Cup 2011",international
Elliot Daly,,Elliot Daly,England,69,Saracens,"Rugby World Cup 2019, Rugby World Cup 2023, Six Nations 2024, Six Nations 2025",international
Elliot Dee,,Elliot Dee,Wales,51,Dragons,"Rugby World Cup 2019, Rugby World Cup 2023, Six Nations 2024, Six Nations 2025",urc
Elliot Millar-Mills,,Elliot Millar-Mills,Call-ups,0,Northampton Saints,Six Nations 2024,international
Ellis Bevan,,Ellis Bevan,Wales,6,Cardiff,Six Nations 2025,international
Ellis Genge,,Ellis Genge,England,62,Leicester Tigers,"Rugby World Cup 2019, Rugby World Cup 2023, Six Nations 2024, Six Nations 2025",premiership
Ellis Mee,,Ellis Mee,Wales,0,Scarlets,Six Nations 2025,urc
Elton Jantjies,,Elton Jantjies,South Africa,35,Lions,Rugby World Cup 2019,international
Elvis Seveali'i,,Elvis Seveali'i,Samoa,19,Sale Sharks,Rugby World Cup 2007,international
Elvis Taione,,Elvis Taione,Tonga,18,Exeter Chiefs,Rugby World Cup 2015,international
Emerick Setiano,,Emerick Setiano,France,3,Toulon,Rugby World Cup 2019,top14
Emile Wessels,,Emile Wessels,Namibia,0,Tuggeranong Vikings,Rugby World Cup 2007,international
Emiliano Boffelli,,Emiliano Boffelli,Argentina,53,Jaguares,"Rugby World Cup 2019, Rugby World Cup 2023",international
Emmanuel Meafou,,Emmanuel Meafou,France,5,Toulouse,"Six Nations 2024, Six Nations 2025",top14
Emoni Narawa,,Emoni Narawa,New Zealand,1,Chiefs / Bay of Plenty,Rugby World Cup 2023,nan
Emoni Narawa,,Emoni Narawa,Squad caps,1524,Emoni Narawa,Rugby World Cup 2023,nan
Emosi Kauhenga,,Emosi Kauhenga,Tonga,4,Tau'uta Reds,Rugby World Cup 2007,international
Emosi Tuqiri,,Emosi Tuqiri,Fiji,0,Fijian Drua,Rugby World Cup 2023,nan
Enele Taufa,,Enele Taufa,Tonga,0,Tau'uta Reds,Rugby World Cup 2007,international
England,,England,Overview,0,Owen Farrell,Rugby World Cup 2019,international
Eniell Buitendag,,Eniell Buitendag,Namibia,13,Wanderers,Rugby World Cup 2015,international
Enrico Bacchin,,Enrico Bacchin,Italy,3,Benetton Treviso,Rugby World Cup 2015,international
Enrique Pieretto,,Enrique Pieretto,Argentina,23,Jaguares,Rugby World Cup 2019,international
Eoin Reddan,,Eoin Reddan,Ireland,64,Wasps,"Rugby World Cup 2007, Rugby World Cup 2011, Rugby World Cup 2015",international
Ephraim Taukafa,,Ephraim Taukafa,Tonga,30,Lyon,"Rugby World Cup 2007, Rugby World Cup 2011",international
Epi Taione,,Epi Taione,Tonga,11,Sharks,Rugby World Cup 2007,international
Ere Enari,,Ere Enari,Samoa,7,Moana Pasifika,Rugby World Cup 2023,nan
Eric Dosantos,,Eric Dosantos,Uruguay,16,Peñarol,Rugby World Cup 2023,international
Eric Fry,,Eric Fry,United States,45,Las Vegas,"Rugby World Cup 2011, Rugby World Cup 2015, Rugby World Cup 2019",international
Eric Howard,,Eric Howard,Canada,23,New Orleans Gold,Rugby World Cup 2019,international
Eroni Mawi,,Eroni Mawi,Fiji,25,Fijian Latui,"Rugby World Cup 2019, Rugby World Cup 2023",premiership
Esteban Abadie,,Esteban Abadie,France,1,Toulon,"Six Nations 2024, Six Nations 2025",top14
Esteban Inostroza,,Esteban Inostroza,Chile,1,Selknam,Rugby World Cup 2023,international
Esteban Lozada,,Esteban Lozada,Argentina,4,CASI,Rugby World Cup 2007,international
Ethan Blackadder,,Ethan Blackadder,New Zealand,9,Crusaders / Tasman,Rugby World Cup 2023,nan
Ethan Roots,,Ethan Roots,England,0,Exeter Chiefs,Six Nations 2024,premiership
Ethan de Groot,,Ethan de Groot,New Zealand,17,Highlanders / Southland,Rugby World Cup 2023,nan
Euan Murray,,Euan Murray,Scotland,39,Northampton,"Rugby World Cup 2007, Rugby World Cup 2011",international
Eugen Căpățână,,Eugen Căpățână,Romania,18,Timișoara Saracens,Rugby World Cup 2015,international
Eugene Jantjies,,Eugene Jantjies,Namibia,67,Western Suburbs,"Rugby World Cup 2007, Rugby World Cup 2011, Rugby World Cup 2015, Rugby World Cup 2019",international
Eusebio Guiñazú,,Eusebio Guiñazú,Argentina,12,Agen,Rugby World Cup 2007,international
Evan Lloyd,,Evan Lloyd,Wales,5,Cardiff,"Six Nations 2024, Six Nations 2025",urc
Evan Olmstead,,Evan Olmstead,Canada,31,Greater Sydney Rams,"Rugby World Cup 2015, Rugby World Cup 2019",international
Evan Olmstead,,Evan Olmstead,Squad caps,692,Evan Olmstead,Rugby World Cup 2015,international
Evgeny Elgin,,Evgeny Elgin,Russia,24,Enisey-STM,Rugby World Cup 2019,international
Evgeny Matveev,,Evgeny Matveev,Russia,58,VVA Podmoskovye,"Rugby World Cup 2011, Rugby World Cup 2019",international
Ewan Ashman,,Ewan Ashman,Scotland,22,Edinburgh,"Rugby World Cup 2023, Six Nations 2024, Six Nations 2025",urc
Ezio Galon,,Ezio Galon,Italy,11,Overmach Parma,Rugby World Cup 2007,international
Fa'atoina Autagavaia,,Fa'atoina Autagavaia,Samoa,16,Nevers,Rugby World Cup 2015,international
Fabien Barcella,,Fabien Barcella,France,13,Biarritz,Rugby World Cup 2011,international
Fabien Brau-Boirie,,Fabien Brau-Boirie,Call-ups,0,Pau,Six Nations 2025,top14
Fabien Pelous,,Fabien Pelous,France,113,Toulouse,Rugby World Cup 2007,international
Fabio Ongaro,,Fabio Ongaro,Italy,77,Saracens,"Rugby World Cup 2007, Rugby World Cup 2011",international
Fabio Semenzato,,Fabio Semenzato,Italy,5,Benetton Treviso,Rugby World Cup 2011,international
Fabrice Estebanez,,Fabrice Estebanez,France,5,Racing Métro,Rugby World Cup 2011,international
Facundo Gattas,,Facundo Gattas,Uruguay,39,Hindú,"Rugby World Cup 2019, Rugby World Cup 2023",international
Facundo Isa,,Facundo Isa,Argentina,47,UAR,"Rugby World Cup 2015, Rugby World Cup 2023",top14
Faf de Klerk,,Faf de Klerk,South Africa,49,Sale Sharks,"Rugby World Cup 2019, Rugby World Cup 2023",league-one
Faifili Levave,,Faifili Levave,Samoa,6,Unattached,Rugby World Cup 2015,international
Feao Fotuaika,,Feao Fotuaika,Tonga,5,Lyon,Rugby World Cup 2023,nan
Federico Favaro,,Federico Favaro,Uruguay,30,Old Christians,Rugby World Cup 2019,international
Federico Martín Aramburú,,Federico Martín Aramburú,Argentina,12,Perpignan,Rugby World Cup 2007,international
Federico Mori,,Federico Mori,Italy,13,Bayonne,Six Nations 2024,top14
Federico Ruzza,,Federico Ruzza,Italy,60,Benetton,"Rugby World Cup 2019, Rugby World Cup 2023, Six Nations 2024, Six Nations 2025",urc
Federico Serra Miras,,Federico Serra Miras,Argentina,7,SIC,Rugby World Cup 2007,international
Federico Todeschini,,Federico Todeschini,Argentina,15,Montpellier,Rugby World Cup 2007,international
Federico Zani,,Federico Zani,Italy,23,Benetton,"Rugby World Cup 2019, Rugby World Cup 2023",international
Felipe Aliaga,,Felipe Aliaga,Uruguay,5,Peñarol,Rugby World Cup 2023,international
Felipe Arcos Pérez,,Felipe Arcos Pérez,Uruguay,9,Old Boys,Rugby World Cup 2023,international
Felipe Berchesi,,Felipe Berchesi,Uruguay,45,Carcassonne,"Rugby World Cup 2015, Rugby World Cup 2019, Rugby World Cup 2023",international
Felipe Contepomi,,Felipe Contepomi,Argentina,71,Leinster,"Rugby World Cup 2007, Rugby World Cup 2011",international
Felipe Echeverry,,Felipe Echeverry,Uruguay,2,Carrasco Polo,Rugby World Cup 2019,international
Felipe Etcheverry,,Felipe Etcheverry,Uruguay,20,Peñarol,Rugby World Cup 2023,international
Felipe Ezcurra,,Felipe Ezcurra,Argentina,5,Hindú,Rugby World Cup 2019,international
Fergus Burke,,Fergus Burke,Scotland,0,Saracens,Six Nations 2025,premiership
Fergus McFadden,,Fergus McFadden,Ireland,4,Leinster,Rugby World Cup 2011,international
Fergus Thomson,,Fergus Thomson,Scotland,2,Glasgow,Rugby World Cup 2007,international
Fernando Bascou,,Fernando Bascou,Uruguay,25,Pucaru Stade Gaulois,Rugby World Cup 2015,international
Fetuli Paea,,Fetuli Paea,Tonga,2,Tasman,Rugby World Cup 2019,urc
Fetuʻu Vainikolo,,Fetuʻu Vainikolo,Tonga,22,Connacht,"Rugby World Cup 2011, Rugby World Cup 2015",international
Fifita Mounga,,Fifita Mounga,United States,17,San Francisco Golden Gate,Rugby World Cup 2007,international
Fiji,,Fiji,Overview,0,Dominiko Waqaniburotu,Rugby World Cup 2019,international
Filipo Levi,,Filipo Levi,Samoa,24,Nottingham,Rugby World Cup 2011,international
Filipo Nakosi,,Filipo Nakosi,Fiji,1,Castres,Rugby World Cup 2019,international
Filipo Nakosi,,Filipo Nakosi,Squad caps,651,Filipo Nakosi,Rugby World Cup 2019,international
Filo Paulo,,Filo Paulo,Samoa,34,Benetton Treviso,"Rugby World Cup 2015, Rugby World Cup 2019",international
Fin Baxter,,Fin Baxter,England,6,Harlequins,Six Nations 2025,international
Fin Smith,,Fin Smith,England,6,Northampton Saints,"Six Nations 2024, Six Nations 2025",premiership
Finau Maka,,Finau Maka,Tonga,5,Toulouse,"Rugby World Cup 2007, Rugby World Cup 2011",international
Fine Inisi,,Fine Inisi,Tonga,7,Moana Pasifika,Rugby World Cup 2023,urc
Finlay Bealham,,Finlay Bealham,Ireland,51,Connacht,"Rugby World Cup 2023, Six Nations 2024, Six Nations 2025",urc
Finlay Christie,,Finlay Christie,New Zealand,17,Blues / Tasman,Rugby World Cup 2023,nan
Finn Russell,,Finn Russell,Scotland,82,Glasgow Warriors,"Rugby World Cup 2015, Rugby World Cup 2019, Rugby World Cup 2023, Six Nations 2024, Six Nations 2025",premiership
Fletcher Newell,,Fletcher Newell,New Zealand,8,Crusaders / Canterbury,Rugby World Cup 2023,nan
Florian Roșu,,Florian Roșu,Romania,13,Știința Baia Mare,Rugby World Cup 2023,international
Florin Bărdașu,,Florin Bărdașu,Romania,12,Steaua București,Rugby World Cup 2023,international
Florin Corodeanu,,Florin Corodeanu,Romania,50,Grenoble,Rugby World Cup 2007,international
Florin Ioniță,,Florin Ioniță,Romania,17,Steaua București,Rugby World Cup 2015,international
Florin Surugiu,,Florin Surugiu,Romania,103,CSM București,"Rugby World Cup 2011, Rugby World Cup 2015, Rugby World Cup 2023",international
Florin Vlaicu,,Florin Vlaicu,Romania,81,Steaua Bucharest,"Rugby World Cup 2007, Rugby World Cup 2011, Rugby World Cup 2015",international
Folau Fainga'a,,Folau Fainga'a,Australia,11,Brumbies,Rugby World Cup 2019,nan
Folau Niua,,Folau Niua,United States,15,USA Sevens,Rugby World Cup 2015,international
Fonovai Tangimana,,Fonovai Tangimana,Romania,22,Steaua București,Rugby World Cup 2023,international
Fosi Pala'amo,,Fosi Pala'amo,Samoa,1,Leeds,Rugby World Cup 2007,international
Fotu Lokotui,,Fotu Lokotui,Tonga,9,Kagifa Samoa,Rugby World Cup 2019,international
Fourie du Preez,,Fourie du Preez,South Africa,70,Bulls,"Rugby World Cup 2007, Rugby World Cup 2011, Rugby World Cup 2015",international
France,,France,Overview,0,Guilhem Guirado,Rugby World Cup 2019,international
Francesco Minto,,Francesco Minto,Italy,19,Benetton Treviso,Rugby World Cup 2015,international
Francisco Bruno,,Francisco Bruno,Portugal,24,Direito,Rugby World Cup 2023,international
Francisco Bulanti,,Francisco Bulanti,Uruguay,22,Trébol de Paysandú,Rugby World Cup 2015,international
Francisco Fernandes,,Francisco Fernandes,Portugal,44,Béziers,Rugby World Cup 2023,international
Francisco Gómez Kodela,,Francisco Gómez Kodela,Argentina,31,Lyon,Rugby World Cup 2023,international
Francisco Urroz,,Francisco Urroz,Chile,11,Selknam,Rugby World Cup 2023,international
Franco Lamanna,,Franco Lamanna,Uruguay,44,Carrasco Polo,"Rugby World Cup 2015, Rugby World Cup 2019",international
Franco Mostert,,Franco Mostert,South Africa,67,Gloucester,"Rugby World Cup 2019, Rugby World Cup 2023",league-one
Franco Sbaraglini,,Franco Sbaraglini,Italy,5,Benetton Treviso,Rugby World Cup 2011,international
Franco Velarde,,Franco Velarde,Chile,16,VOBGS,Rugby World Cup 2023,international
Francois Hougaard,,Francois Hougaard,South Africa,10,Bulls,Rugby World Cup 2011,international
Francois Louw,,Francois Louw,South Africa,69,Bath,"Rugby World Cup 2011, Rugby World Cup 2015, Rugby World Cup 2019",international
Francois Viljoen,,Francois Viljoen,United States,18,Belmont Shore,Rugby World Cup 2007,international
Frank Lomani,,Frank Lomani,Fiji,26,Fijian Latui,"Rugby World Cup 2019, Rugby World Cup 2023",nan
Frank Walsh,,Frank Walsh,Canada,4,The Rock,Rugby World Cup 2011,international
Frankie Sheahan,,Frankie Sheahan,Ireland,28,Munster,Rugby World Cup 2007,international
Frans Malherbe,,Frans Malherbe,South Africa,63,Stormers,"Rugby World Cup 2015, Rugby World Cup 2019, Rugby World Cup 2023",urc
François Carlo Mey,,François Carlo Mey,Call-ups,0,Clermont,Six Nations 2024,international
François Cros,,François Cros,France,34,Toulouse,"Rugby World Cup 2023, Six Nations 2024, Six Nations 2025",top14
François Steyn,,François Steyn,South Africa,61,Sharks,"Rugby World Cup 2007, Rugby World Cup 2011, Rugby World Cup 2019",international
François Trinh-Duc,,François Trinh-Duc,France,29,Montpellier,Rugby World Cup 2011,international
Fraser Brown,,Fraser Brown,Scotland,42,Glasgow Warriors,"Rugby World Cup 2015, Rugby World Cup 2019",international
Fraser Dingwall,,Fraser Dingwall,England,2,Northampton Saints,"Six Nations 2024, Six Nations 2025",premiership
Fraser McReight,,Fraser McReight,Australia,13,Queensland Reds,Rugby World Cup 2023,nan
Freddie Steward,,Freddie Steward,England,35,Leicester Tigers,"Rugby World Cup 2023, Six Nations 2024, Six Nations 2025",premiership
Freddie Thomas,,Freddie Thomas,Wales,1,Gloucester,Six Nations 2025,premiership
Frederico Sousa,,Frederico Sousa,Portugal,38,Direito,Rugby World Cup 2007,international
Fritz Lee,,Fritz Lee,Samoa,7,Clermont,Rugby World Cup 2023,international
Frédéric Michalak,,Frédéric Michalak,France,73,Toulouse,"Rugby World Cup 2007, Rugby World Cup 2015",international
Fulgence Ouedraogo,,Fulgence Ouedraogo,France,37,Montpellier,"Rugby World Cup 2011, Rugby World Cup 2015",international
Fumiaki Tanaka,,Fumiaki Tanaka,Japan,70,Panasonic Wild Knights,"Rugby World Cup 2011, Rugby World Cup 2015, Rugby World Cup 2019",international
Gabin Villière,,Gabin Villière,France,18,Toulon,"Rugby World Cup 2023, Six Nations 2025",top14
Gabiriele Lovobalavu,,Gabiriele Lovobalavu,Fiji,20,Warriors,"Rugby World Cup 2007, Rugby World Cup 2011, Rugby World Cup 2015",international
Gabriel Brezoianu,,Gabriel Brezoianu,Romania,65,Racing Métro,Rugby World Cup 2007,international
Gabriel Pop,,Gabriel Pop,Romania,5,Dinamo București,Rugby World Cup 2023,international
Gabriel Rupanu,,Gabriel Rupanu,Romania,21,Timișoara,Rugby World Cup 2023,international
Gareth Anscombe,,Gareth Anscombe,Call-ups,39,Gloucester,Six Nations 2025,top14
Gareth Anscombe,,Gareth Anscombe,Wales,35,Cardiff Blues,"Rugby World Cup 2015, Rugby World Cup 2023",top14
Gareth Cooper,,Gareth Cooper,Wales,34,Gloucester,Rugby World Cup 2007,international
Gareth Davies,,Gareth Davies,Wales,74,Scarlets,"Rugby World Cup 2015, Rugby World Cup 2019, Rugby World Cup 2023, Six Nations 2024",urc
Gareth Thomas,,Gareth Thomas,Wales,95,Cardiff Blues,"Rugby World Cup 2007, Rugby World Cup 2023, Six Nations 2024, Six Nations 2025",urc
Garry Ringrose,,Garry Ringrose,Ireland,67,Leinster,"Rugby World Cup 2019, Rugby World Cup 2023, Six Nations 2024, Six Nations 2025",urc
Gary Botha,,Gary Botha,South Africa,9,Bulls,Rugby World Cup 2007,international
Gastón Mieres,,Gastón Mieres,Uruguay,82,Valpolicella,"Rugby World Cup 2015, Rugby World Cup 2019, Rugby World Cup 2023",international
Gavin Coombes,,Gavin Coombes,Call-ups,2,Munster,Six Nations 2025,urc
Gavin Duffy,,Gavin Duffy,Ireland,7,Connacht,Rugby World Cup 2007,international
Gavin Kerr,,Gavin Kerr,Scotland,42,Glasgow,Rugby World Cup 2007,international
Gavin Williams,,Gavin Williams,Samoa,4,Dax,Rugby World Cup 2007,international
Gaël Dréan,,Gaël Dréan,France,0,Toulon,Six Nations 2025,top14
Gaël Fickou,,Gaël Fickou,France,85,Toulouse,"Rugby World Cup 2015, Rugby World Cup 2019, Rugby World Cup 2023, Six Nations 2024",top14
Gaël Fickou,,Gaël Fickou,Player representation by league,0,Gaël Fickou,Rugby World Cup 2015,top14
Gaëtan Barlot,,Gaëtan Barlot,France,7,Castres,Six Nations 2024,top14
Gela Aprasidze,,Gela Aprasidze,Georgia,48,Montpellier,"Rugby World Cup 2019, Rugby World Cup 2023",top14
Genaro Fessia,,Genaro Fessia,Argentina,9,London Wasps,Rugby World Cup 2011,international
Geoff Cross,,Geoff Cross,Scotland,6,Edinburgh,Rugby World Cup 2011,international
Geoff Parling,,Geoff Parling,England,25,Exeter Chiefs,Rugby World Cup 2015,international
Geordan Murphy,,Geordan Murphy,Ireland,69,Leicester,"Rugby World Cup 2007, Rugby World Cup 2011",international
George Bridge,,George Bridge,New Zealand,5,Crusaders,Rugby World Cup 2019,nan
George Chuter,,George Chuter,England,12,Leicester Tigers,Rugby World Cup 2007,international
George Ford,,George Ford,England,98,Bath,"Rugby World Cup 2015, Rugby World Cup 2019, Rugby World Cup 2023, Six Nations 2024, Six Nations 2025",premiership
George Furbank,,George Furbank,England,6,Northampton Saints,Six Nations 2024,premiership
George Gregan,,George Gregan,Australia,134,Brumbies,Rugby World Cup 2007,international
George Horne,,George Horne,Scotland,34,Glasgow Warriors,"Rugby World Cup 2019, Rugby World Cup 2023, Six Nations 2024, Six Nations 2025",urc
George Kruis,,George Kruis,England,35,Saracens,"Rugby World Cup 2015, Rugby World Cup 2019",international
George Martin,,George Martin,Call-ups,9,Leicester Tigers,Six Nations 2024,premiership
George Martin,,George Martin,England,19,Leicester Tigers,"Rugby World Cup 2023, Six Nations 2025",premiership
George Moala,,George Moala,Tonga,5,Clermont,Rugby World Cup 2023,top14
George North,,George North,Wales,118,Scarlets,"Rugby World Cup 2011, Rugby World Cup 2015, Rugby World Cup 2019, Rugby World Cup 2023, Six Nations 2024",international
George Pisi,,George Pisi,Samoa,17,Northampton Saints,"Rugby World Cup 2011, Rugby World Cup 2015",international
George Smith,,George Smith,Australia,79,Brumbies,Rugby World Cup 2007,international
George Stowers,,George Stowers,Samoa,19,Ospreys,Rugby World Cup 2011,international
George Turner,,George Turner,Scotland,40,Glasgow Warriors,"Rugby World Cup 2019, Rugby World Cup 2023, Six Nations 2024",premiership
Georges-Henri Colombe,,Georges-Henri Colombe,France,7,La Rochelle,Six Nations 2025,top14
Georgia,,Georgia,Overview,0,Merab Sharikadze,Rugby World Cup 2019,international
German Davydov,,German Davydov,Russia,17,VVA-Podmoskovye,Rugby World Cup 2019,international
Germán Kessler,,Germán Kessler,Player representation by league,0,Germán Kessler,Rugby World Cup 2015,international
Germán Kessler,,Germán Kessler,Player representation by nation,0,Germán Kessler,Rugby World Cup 2019,international
Germán Kessler,,Germán Kessler,Uruguay,62,Los Cuervos,"Rugby World Cup 2015, Rugby World Cup 2019, Rugby World Cup 2023",international
Gerswin Mouton,,Gerswin Mouton,Namibia,3,Wits University,Rugby World Cup 2023,international
Gethin Jenkins,,Gethin Jenkins,Wales,116,Cardiff Blues,"Rugby World Cup 2007, Rugby World Cup 2011, Rugby World Cup 2015",international
Gheorghe Gajion,,Gheorghe Gajion,Romania,9,Mont-de-Marsan,Rugby World Cup 2023,international
Gia Labadze,,Gia Labadze,Georgia,45,Toulon,Rugby World Cup 2007,international
Giacomo Da Re,,Giacomo Da Re,Italy,2,Benetton,Rugby World Cup 2023,urc
Giacomo Da Re,,Giacomo Da Re,Squad caps,746,Giacomo Da Re / Martin Page-Relo,Rugby World Cup 2023,urc
Giacomo Nicotera,,Giacomo Nicotera,Italy,29,Benetton,"Rugby World Cup 2023, Six Nations 2024, Six Nations 2025",top14
Gianmarco Lucchesi,,Gianmarco Lucchesi,Italy,17,Benetton,Six Nations 2024,top14
Gio Aplon,,Gio Aplon,South Africa,15,Stormers,Rugby World Cup 2011,international
Giorgi Aptsiauri,,Giorgi Aptsiauri,Georgia,10,AIA Kutaisi,Rugby World Cup 2015,international
Giorgi Begadze,,Giorgi Begadze,Georgia,65,Kochebi Bolnisi,"Rugby World Cup 2015, Rugby World Cup 2019",international
Giorgi Beria,,Giorgi Beria,France,0,Perpignan,Six Nations 2025,top14
Giorgi Chkhaidze,,Giorgi Chkhaidze,Georgia,85,Massy,"Rugby World Cup 2007, Rugby World Cup 2011, Rugby World Cup 2015",international
Giorgi Elizbarashvili,,Giorgi Elizbarashvili,Georgia,14,Krasny Yar,Rugby World Cup 2007,international
Giorgi Kveseladze,,Giorgi Kveseladze,Georgia,48,RC Jiki Gori,"Rugby World Cup 2019, Rugby World Cup 2023",international
Giorgi Melikidze,,Giorgi Melikidze,Georgia,14,Stade Français,Rugby World Cup 2019,top14
Giorgi Nemsadze,,Giorgi Nemsadze,Georgia,92,Montauban,"Rugby World Cup 2011, Rugby World Cup 2015, Rugby World Cup 2019",international
Giorgi Pruidze,,Giorgi Pruidze,Georgia,4,AIA Kutaisi,Rugby World Cup 2015,international
Giorgi Pruidze,,Giorgi Pruidze,Squad caps,1148,Giorgi Pruidze,Rugby World Cup 2015,international
Giorgi Shkinin,,Giorgi Shkinin,Georgia,19,Blois,Rugby World Cup 2007,international
Giorgi Tkhilaishvili,,Giorgi Tkhilaishvili,Georgia,50,Batumi,"Rugby World Cup 2015, Rugby World Cup 2019",international
Giorgi Tsutskiridze,,Giorgi Tsutskiridze,Georgia,31,Stade Français,Rugby World Cup 2023,international
Giosuè Zilocchi,,Giosuè Zilocchi,Italy,22,Zebre,"Rugby World Cup 2019, Six Nations 2024, Six Nations 2025",international
Giovanbattista Venditti,,Giovanbattista Venditti,Italy,29,Newcastle Falcons,Rugby World Cup 2015,international
Giovanni Pettinelli,,Giovanni Pettinelli,Italy,14,Benetton,Rugby World Cup 2023,international
Girvan Dempsey,,Girvan Dempsey,Ireland,74,Leinster,Rugby World Cup 2007,international
Giulio Bertaccini,,Giulio Bertaccini,Italy,1,Zebre Parma,Six Nations 2025,urc
Giulio Bisegni,,Giulio Bisegni,Italy,13,Zebre,Rugby World Cup 2019,international
Giulio Toniolatti,,Giulio Toniolatti,Italy,6,Aironi,Rugby World Cup 2011,international
Giuseppe du Toit,,Giuseppe du Toit,Canada,13,Toronto Arrows,Rugby World Cup 2019,international
Givi Berishvili,,Givi Berishvili,Georgia,3,RC Locomotive Tbilisi,Rugby World Cup 2011,international
Glen Young,,Glen Young,Scotland,3,Edinburgh,Six Nations 2024,urc
Go Aruga,,Go Aruga,Japan,7,Sungoliath,Rugby World Cup 2007,international
Goderdzi Shvelidze,,Goderdzi Shvelidze,Georgia,61,Clermont,"Rugby World Cup 2007, Rugby World Cup 2011",international
Gonzalo Bertranou,,Gonzalo Bertranou,Argentina,53,Jaguares,"Rugby World Cup 2019, Rugby World Cup 2023",international
Gonzalo Camacho,,Gonzalo Camacho,Argentina,7,Exeter Chiefs,Rugby World Cup 2011,international
Gonzalo Canale,,Gonzalo Canale,Italy,68,Clermont Auvergne,"Rugby World Cup 2007, Rugby World Cup 2011",international
Gonzalo García,,Gonzalo García,Italy,37,Benetton Treviso,"Rugby World Cup 2011, Rugby World Cup 2015",international
Gonzalo Longo,,Gonzalo Longo,Argentina,44,Clermont,Rugby World Cup 2007,international
Gonzalo Tiesi,,Gonzalo Tiesi,Argentina,10,London Irish,Rugby World Cup 2007,international
Gonçalo Foro,,Gonçalo Foro,Portugal,15,CDUL,Rugby World Cup 2007,international
Gonçalo Malheiro,,Gonçalo Malheiro,Portugal,38,CDUP,Rugby World Cup 2007,international
Gonçalo Uva,,Gonçalo Uva,Portugal,27,Montpellier,Rugby World Cup 2007,international
Gordon D'Arcy,,Gordon D'Arcy,Ireland,58,Leinster,"Rugby World Cup 2007, Rugby World Cup 2011",international
Gordon McRorie,,Gordon McRorie,Canada,43,Prairie Wolf Pack,"Rugby World Cup 2015, Rugby World Cup 2019",international
Gordon Reid,,Gordon Reid,Scotland,37,Glasgow Warriors,"Rugby World Cup 2015, Rugby World Cup 2019",international
Graeme Morrison,,Graeme Morrison,Scotland,30,Glasgow Warriors,Rugby World Cup 2011,international
Graham Dewes,,Graham Dewes,Fiji,3,Marist,Rugby World Cup 2007,international
Grant Gilchrist,,Grant Gilchrist,Scotland,74,Edinburgh,"Rugby World Cup 2015, Rugby World Cup 2019, Rugby World Cup 2023, Six Nations 2024, Six Nations 2025",urc
Grant Williams,,Grant Williams,South Africa,5,Sharks,Rugby World Cup 2023,urc
Greg Holmes,,Greg Holmes,Australia,18,Queensland Reds,"Rugby World Cup 2007, Rugby World Cup 2015",international
Greg Peterson,,Greg Peterson,United States,26,Glasgow Warriors,"Rugby World Cup 2015, Rugby World Cup 2019",international
Greg Somerville,,Greg Somerville,New Zealand,55,Canterbury,Rugby World Cup 2007,international
Gregor Brown,,Gregor Brown,Scotland,4,Glasgow Warriors,Six Nations 2025,urc
Gregory Alldritt,,Gregory Alldritt,France,7,La Rochelle,Rugby World Cup 2019,international
Greig Laidlaw,,Greig Laidlaw,Scotland,73,Gloucester,"Rugby World Cup 2015, Rugby World Cup 2019",international
Grégory Alldritt,,Grégory Alldritt,France,51,La Rochelle,"Rugby World Cup 2023, Six Nations 2024, Six Nations 2025",international
Grégory Lamboley,,Grégory Lamboley,France,13,Toulouse,Rugby World Cup 2007,international
Guglielmo Palazzani,,Guglielmo Palazzani,Italy,34,Zebre,"Rugby World Cup 2015, Rugby World Cup 2019",international
Guido Petti,,Guido Petti,Argentina,75,UAR,"Rugby World Cup 2015, Rugby World Cup 2019, Rugby World Cup 2023",premiership
Guido Petti,,Guido Petti,Player representation by league,0,Guido Petti,Rugby World Cup 2015,premiership
Guilhem Guirado,,Guilhem Guirado,France,70,Perpignan,"Rugby World Cup 2011, Rugby World Cup 2015, Rugby World Cup 2019",international
Guillermo Pujadas,,Guillermo Pujadas,Uruguay,28,Champagnat,"Rugby World Cup 2019, Rugby World Cup 2023",international
Guram Gogichashvili,,Guram Gogichashvili,Georgia,39,Racing 92,"Rugby World Cup 2019, Rugby World Cup 2023",top14
Guram Papidze,,Guram Papidze,Georgia,12,Pau,Rugby World Cup 2023,top14
Gurthro Steenkamp,,Gurthro Steenkamp,South Africa,11,Bulls,Rugby World Cup 2007,international
Gurthrö Steenkamp,,Gurthrö Steenkamp,South Africa,33,Toulouse,Rugby World Cup 2011,international
Gus McCarthy,,Gus McCarthy,Ireland,4,Leinster,Six Nations 2025,urc
Guy Pepper,,Guy Pepper,Call-ups,0,Newcastle Falcons,Six Nations 2024,premiership
Guy Shepherdson,,Guy Shepherdson,Australia,14,Brumbies,Rugby World Cup 2007,international
Hadleigh Parkes,,Hadleigh Parkes,Wales,18,Scarlets,Rugby World Cup 2019,international
Haitembu Shikufa,,Haitembu Shikufa,Namibia,1,Leopards,Rugby World Cup 2023,international
Hajime Kiso,,Hajime Kiso,Japan,28,Jubilo,Rugby World Cup 2007,international
Halani Aulika,,Halani Aulika,Tonga,13,Highlanders,"Rugby World Cup 2011, Rugby World Cup 2015",international
Hale T-Pole,,Hale T-Pole,Tonga,31,Ospreys,"Rugby World Cup 2007, Rugby World Cup 2015",international
Hallam Amos,,Hallam Amos,Player representation by league,0,Hallam Amos,Rugby World Cup 2015,international
Hallam Amos,,Hallam Amos,Wales,20,Newport Gwent Dragons,"Rugby World Cup 2015, Rugby World Cup 2019",international
Hame Faiva,,Hame Faiva,Italy,7,Unattached,Rugby World Cup 2023,international
Hamish Watson,,Hamish Watson,Call-ups,59,Edinburgh,Six Nations 2024,nan
Hamish Watson,,Hamish Watson,Scotland,58,Edinburgh,"Rugby World Cup 2019, Rugby World Cup 2023",nan
Hanco Germishuys,,Hanco Germishuys,United States,17,Glendale Raptors,Rugby World Cup 2019,international
Handré Pollard,,Handré Pollard,Player representation by league,0,Handré Pollard,Rugby World Cup 2015,urc
Handré Pollard,,Handré Pollard,South Africa,65,Bulls,"Rugby World Cup 2015, Rugby World Cup 2019, Rugby World Cup 2023",urc
Hare Makiri,,Hare Makiri,Japan,16,Fukuoka,Rugby World Cup 2007,international
Harri O'Connor,,Harri O'Connor,Call-ups,0,Scarlets,Six Nations 2024,urc
Harry Byrne,,Harry Byrne,Ireland,4,Leinster,Six Nations 2024,urc
Harry Jones,,Harry Jones,Canada,17,BC Bears,Rugby World Cup 2015,international
Harry Paterson,,Harry Paterson,Scotland,0,Edinburgh,Six Nations 2024,urc
Harry Randall,,Harry Randall,Call-ups,6,Bristol Bears,Six Nations 2024,premiership
Harry Randall,,Harry Randall,England,11,Bristol Bears,Six Nations 2025,premiership
Harumichi Tatekawa,,Harumichi Tatekawa,Japan,38,Kubota Spears,Rugby World Cup 2015,league-one
Hayden Mexted,,Hayden Mexted,United States,6,St. Louis Bombers,Rugby World Cup 2007,international
Hayden Smith,,Hayden Smith,United States,26,Saracens,"Rugby World Cup 2011, Rugby World Cup 2015",international
Heini Bock,,Heini Bock,Namibia,23,Reho Falcons,"Rugby World Cup 2007, Rugby World Cup 2011",international
Heino Senekal,,Heino Senekal,Namibia,24,Cornish Pirates,Rugby World Cup 2007,international
Heinrich Brüssow,,Heinrich Brüssow,South Africa,15,Cheetahs,Rugby World Cup 2011,international
Heinrich Smit,,Heinrich Smit,Namibia,11,NWU Pukke,Rugby World Cup 2015,international
Heinz Koll,,Heinz Koll,Namibia,9,London Wasps,Rugby World Cup 2011,international
Hendrik Tui,,Hendrik Tui,Japan,44,Queensland Reds,"Rugby World Cup 2015, Rugby World Cup 2019",league-one
Henk Franken,,Henk Franken,Namibia,0,Villagers,Rugby World Cup 2011,international
Henry Arundell,,Henry Arundell,England,8,Racing 92,Rugby World Cup 2023,premiership
Henry Arundell,,Henry Arundell,Player representation by nation,0,Henry Arundell,Rugby World Cup 2023,premiership
Henry Bloomfield,,Henry Bloomfield,United States,0,Belmont Shore,Rugby World Cup 2007,international
Henry Pollock,,Henry Pollock,Call-ups,0,Northampton Saints,Six Nations 2025,premiership
Henry Pyrgos,,Henry Pyrgos,Scotland,27,Glasgow Warriors,"Rugby World Cup 2015, Rugby World Cup 2019",international
Henry Qiodravu,,Henry Qiodravu,Fiji,13,Orléans,Rugby World Cup 2007,international
Henry Seniloli,,Henry Seniloli,Fiji,26,Unattached,"Rugby World Cup 2015, Rugby World Cup 2019",international
Henry Slade,,Henry Slade,England,70,Exeter Chiefs,"Rugby World Cup 2015, Rugby World Cup 2019, Six Nations 2024, Six Nations 2025",premiership
Henry Slade,,Henry Slade,Squad caps,784,Henry Slade,Rugby World Cup 2015,premiership
Henry Speight,,Henry Speight,Australia,4,Brumbies,Rugby World Cup 2015,international
Henry Taefu,,Henry Taefu,Samoa,3,Western Force,Rugby World Cup 2019,nan
Henry Thomas,,Henry Thomas,Wales,4,Montpellier,"Rugby World Cup 2023, Six Nations 2025",urc
Henry Tuilagi,,Henry Tuilagi,Samoa,4,Perpignan,Rugby World Cup 2007,international
Herman Lintvelt,,Herman Lintvelt,Namibia,30,United Rugby Club,Rugby World Cup 2007,international
Hernán Senillosa,,Hernán Senillosa,Argentina,16,Hindú,Rugby World Cup 2007,international
Herschel Jantjies,,Herschel Jantjies,Player representation by nation,0,Herschel Jantjies,Rugby World Cup 2019,top14
Herschel Jantjies,,Herschel Jantjies,South Africa,4,Stormers,Rugby World Cup 2019,top14
Herschel Jantjies,,Herschel Jantjies,Squad caps,1054,Herschel Jantjies Kwagga Smith,Rugby World Cup 2019,top14
Hinckley Vaovasa,,Hinckley Vaovasa,Romania,18,Steaua București,Rugby World Cup 2023,international
Hiroki Yuhara,,Hiroki Yuhara,Japan,22,Toshiba Brave Lupus,"Rugby World Cup 2011, Rugby World Cup 2015",international
Hiroshi Yamashita,,Hiroshi Yamashita,Japan,45,Kobelco Steelers,Rugby World Cup 2015,league-one
Hirotoki Onozawa,,Hirotoki Onozawa,Japan,64,Sungoliath,"Rugby World Cup 2007, Rugby World Cup 2011",international
Hirotoki Onozawa,,Hirotoki Onozawa,Squad caps,685,Hirotoki Onozawa,Rugby World Cup 2011,international
Hisateru Hirashima,,Hisateru Hirashima,Japan,24,Kobelco Steelers,Rugby World Cup 2011,international
Hitoshi Ono,,Hitoshi Ono,Japan,94,Brave Lupus,"Rugby World Cup 2007, Rugby World Cup 2011, Rugby World Cup 2015",international
Horacio Agulla,,Horacio Agulla,Argentina,60,Hindú,"Rugby World Cup 2007, Rugby World Cup 2011, Rugby World Cup 2015",international
Horațiu Pungea,,Horațiu Pungea,Romania,26,Oyonnax,Rugby World Cup 2015,international
Hosea Gear,,Hosea Gear,New Zealand,8,Hurricanes,Rugby World Cup 2011,international
Hubert Buydens,,Hubert Buydens,Canada,55,Prairie Wolf Pack,"Rugby World Cup 2011, Rugby World Cup 2015, Rugby World Cup 2019",international
Hudson Tongaʻuiha,,Hudson Tongaʻuiha,Tonga,15,Cergy-Pontoise,Rugby World Cup 2007,international
Hugh Cooney,,Hugh Cooney,Development players,0,Leinster,Six Nations 2025,urc
Hugh McMeniman,,Hugh McMeniman,Australia,8,Queensland Reds,Rugby World Cup 2007,international
Hugo Auradou,,Hugo Auradou,France,1,Pau,Six Nations 2025,top14
Hugo Horn,,Hugo Horn,Namibia,31,Border,"Rugby World Cup 2007, Rugby World Cup 2011",international
Hugo Horn,,Hugo Horn,Squad caps,366,Hugo Horn,Rugby World Cup 2011,international
Hugo Keenan,,Hugo Keenan,Ireland,46,Leinster,"Rugby World Cup 2023, Six Nations 2024, Six Nations 2025",urc
Hugo Southwell,,Hugo Southwell,Scotland,31,Edinburgh,Rugby World Cup 2007,international
Huw Bennett,,Huw Bennett,Wales,42,Ospreys,"Rugby World Cup 2007, Rugby World Cup 2011",international
Huw Jones,,Huw Jones,Scotland,53,Glasgow Warriors,"Rugby World Cup 2023, Six Nations 2024, Six Nations 2025",urc
Iain Henderson,,Iain Henderson,Ireland,85,Ulster,"Rugby World Cup 2015, Rugby World Cup 2019, Rugby World Cup 2023, Six Nations 2024, Six Nations 2025",urc
Ian Evans,,Ian Evans,Wales,5,Ospreys,Rugby World Cup 2007,international
Ian Gough,,Ian Gough,Wales,40,Ospreys,Rugby World Cup 2007,international
Ian Madigan,,Ian Madigan,Ireland,21,Leinster,Rugby World Cup 2015,international
Ifereimi Rawaqa,,Ifereimi Rawaqa,Fiji,34,Fighting Bull,Rugby World Cup 2007,international
Ignacio Brex,,Ignacio Brex,Italy,42,Benetton,"Rugby World Cup 2023, Six Nations 2024, Six Nations 2025",top14
Ignacio Corleto,,Ignacio Corleto,Argentina,29,Stade Français,Rugby World Cup 2007,international
Ignacio Dotti,,Ignacio Dotti,Uruguay,59,New Orleans Gold,"Rugby World Cup 2019, Rugby World Cup 2023",international
Ignacio Facciolo,,Ignacio Facciolo,Squad caps,1019,Ignacio Facciolo,Rugby World Cup 2023,international
Ignacio Facciolo,,Ignacio Facciolo,Uruguay,1,Círculo de Tenis,Rugby World Cup 2023,international
Ignacio Fernández Lobbe,,Ignacio Fernández Lobbe,Argentina,57,Sale Sharks,Rugby World Cup 2007,international
Ignacio Péculo,,Ignacio Péculo,Uruguay,13,Peñarol,Rugby World Cup 2023,international
Ignacio Ruiz,,Ignacio Ruiz,Argentina,6,Perpignan,Rugby World Cup 2023,top14
Ignacio Silva,,Ignacio Silva,Chile,38,Selknam,Rugby World Cup 2023,international
Igor Galinovskiy,,Igor Galinovskiy,Russia,49,Krasny Yar,Rugby World Cup 2019,international
Igor Klyuchnikov,,Igor Klyuchnikov,Russia,49,VVA Podmoskovye,Rugby World Cup 2011,international
Ilaisa Droasese,,Ilaisa Droasese,Fiji,4,Fijian Drua,Rugby World Cup 2023,nan
Ilaisa Maʻasi,,Ilaisa Maʻasi,Tonga,7,Counties Manukau,Rugby World Cup 2011,international
Ilia Maissuradze,,Ilia Maissuradze,Georgia,16,Nantes,Rugby World Cup 2007,international
Ilia Zedginidze,,Ilia Zedginidze,Georgia,63,Carqueiranne,Rugby World Cup 2011,international
Ilia Zedguinidze,,Ilia Zedguinidze,Georgia,46,Auch,Rugby World Cup 2007,international
Iliesa Keresoni,,Iliesa Keresoni,Fiji,8,Périgueux,Rugby World Cup 2011,international
Imanol Harinordoquy,,Imanol Harinordoquy,France,70,Biarritz,"Rugby World Cup 2007, Rugby World Cup 2011",international
Immanuel Feyi-Waboso,,Immanuel Feyi-Waboso,England,0,Exeter Chiefs,Six Nations 2024,premiership
Inaki Basauri,,Inaki Basauri,United States,11,Marmande,"Rugby World Cup 2007, Rugby World Cup 2011",international
Inoke Afeaki,,Inoke Afeaki,Tonga,20,Grenoble,Rugby World Cup 2007,international
Ioan Lloyd,,Ioan Lloyd,Wales,2,Scarlets,Six Nations 2024,urc
Ion Teodorescu,,Ion Teodorescu,Romania,41,Arad,Rugby World Cup 2007,international
Ionel Cazan,,Ionel Cazan,Romania,6,Steaua,Rugby World Cup 2011,international
Ionuț Botezatu,,Ionuț Botezatu,Romania,27,Baia Mare,Rugby World Cup 2015,international
Ionuț Dimofte,,Ionuț Dimofte,Romania,52,Arad,"Rugby World Cup 2007, Rugby World Cup 2011",international
Ionuț Tofan,,Ionuț Tofan,Romania,71,Limoges,Rugby World Cup 2007,international
Iosefo Masi,,Iosefo Masi,Fiji,2,Fijian Drua,Rugby World Cup 2023,top14
Ippei Asada,,Ippei Asada,Japan,0,Toyota Verblitz,Rugby World Cup 2011,international
Irakli Abuseridze,,Irakli Abuseridze,Georgia,72,Orléans,"Rugby World Cup 2007, Rugby World Cup 2011",international
Irakli Abuseridze,,Irakli Abuseridze,Squad caps,1036,Irakli Abuseridze,Rugby World Cup 2011,international
Irakli Aptsiauri,,Irakli Aptsiauri,Georgia,0,Grenoble,Rugby World Cup 2023,top14
Irakli Chkhikvadze,,Irakli Chkhikvadze,Georgia,25,AIA,Rugby World Cup 2011,international
Irakli Giorgadze,,Irakli Giorgadze,Georgia,27,Bourgoin,Rugby World Cup 2007,international
Irakli Machkhaneli,,Irakli Machkhaneli,Georgia,48,Mont-de-Marsan,"Rugby World Cup 2007, Rugby World Cup 2011",international
Ireland,,Ireland,Overview,0,Rory Best,Rugby World Cup 2019,international
Isaac Boss,,Isaac Boss,Ireland,22,Ulster,"Rugby World Cup 2007, Rugby World Cup 2011, Rugby World Cup 2015",international
Isaia Toeava,,Isaia Toeava,New Zealand,36,Auckland,"Rugby World Cup 2007, Rugby World Cup 2011",international
Isei Colati,,Isei Colati,Fiji,7,Nevers,Rugby World Cup 2015,international
Isi Naisarani,,Isi Naisarani,Australia,4,Melbourne Rebels,Rugby World Cup 2019,international
Isileli Nakajima,,Isileli Nakajima,Japan,3,Kobelco Steelers,Rugby World Cup 2019,league-one
Isileli Tupou,,Isileli Tupou,Tonga,6,Tau'uta Reds,Rugby World Cup 2007,international
Isoa Domolailai,,Isoa Domolailai,Fiji,12,Toulon,Rugby World Cup 2007,international
Isoa Nasilasila,,Isoa Nasilasila,Fiji,7,Fijian Drua,Rugby World Cup 2023,nan
Isoa Neivua,,Isoa Neivua,Fiji,6,Warriors,Rugby World Cup 2007,international
Israel Dagg,,Israel Dagg,New Zealand,10,Crusaders,Rugby World Cup 2011,international
Israel Folau,,Israel Folau,Australia,33,Waratahs,Rugby World Cup 2015,league-one
Issak Fines-Leleiwasa,,Issak Fines-Leleiwasa,Australia,1,Western Force,Rugby World Cup 2023,international
Italy,,Italy,Overview,0,Sergio Parisse,Rugby World Cup 2019,international
Itaru Taniguchi,,Itaru Taniguchi,Japan,7,Kobelco Steelers,Rugby World Cup 2011,international
Iulian Dumitraș,,Iulian Dumitraș,Romania,30,Pau,"Rugby World Cup 2007, Rugby World Cup 2011",international
Iulian Harțig,,Iulian Harțig,Romania,9,Bassin d'Arcachon,Rugby World Cup 2023,international
Ivan Nemer,,Ivan Nemer,Italy,13,Benetton,Rugby World Cup 2023,nan
Ivan Prishchepenko,,Ivan Prishchepenko,Russia,33,Krasny Yar,Rugby World Cup 2011,international
Izack Rodda,,Izack Rodda,Australia,21,Queensland Reds,Rugby World Cup 2019,international
Izaia Perese,,Izaia Perese,Australia,5,NSW Waratahs,Rugby World Cup 2023,premiership
Iñaki Ayarza,,Iñaki Ayarza,Chile,14,Soyaux Angoulême,Rugby World Cup 2023,top14
Iñaki Gurruchaga,,Iñaki Gurruchaga,Chile,11,Selknam,Rugby World Cup 2023,international
JC Greyling,,JC Greyling,Namibia,42,Old Wesley,"Rugby World Cup 2015, Rugby World Cup 2019, Rugby World Cup 2023",international
JJ Gagiano,,JJ Gagiano,United States,13,Univ. of Cape Town,Rugby World Cup 2011,international
JP Pietersen,,JP Pietersen,South Africa,60,Sharks,"Rugby World Cup 2007, Rugby World Cup 2011, Rugby World Cup 2015",international
Jaba Bregvadze,,Jaba Bregvadze,Georgia,54,Army,"Rugby World Cup 2011, Rugby World Cup 2015, Rugby World Cup 2019",international
Jac Morgan,,Jac Morgan,Wales,17,Ospreys,"Rugby World Cup 2023, Six Nations 2025",urc
Jack Aungier,,Jack Aungier,Call-ups,0,Connacht,Six Nations 2025,urc
Jack Boyle,,Jack Boyle,Ireland,2,Leinster,Six Nations 2025,urc
Jack Carty,,Jack Carty,Ireland,7,Connacht,Rugby World Cup 2019,urc
Jack Conan,,Jack Conan,Ireland,51,Leinster,"Rugby World Cup 2019, Rugby World Cup 2023, Six Nations 2024, Six Nations 2025",urc
Jack Cornelsen,,Jack Cornelsen,Japan,16,Saitama Wild Knights,Rugby World Cup 2023,league-one
Jack Crowley,,Jack Crowley,Ireland,24,Munster,"Rugby World Cup 2023, Six Nations 2024, Six Nations 2025",urc
Jack Dempsey,,Jack Dempsey,Australia,11,Waratahs,Rugby World Cup 2019,urc
Jack Dempsey,,Jack Dempsey,Nationality changes between World Cups,0,,Rugby World Cup 2023,urc
Jack Dempsey,,Jack Dempsey,Scotland,22,Glasgow Warriors,"Rugby World Cup 2023, Six Nations 2024, Six Nations 2025",urc
Jack Goodhue,,Jack Goodhue,New Zealand,9,Crusaders,Rugby World Cup 2019,top14
Jack Lam,,Jack Lam,Samoa,35,Bristol,"Rugby World Cup 2015, Rugby World Cup 2019",international
Jack Mann,,Jack Mann,Scotland,0,Glasgow Warriors,Six Nations 2025,international
Jack McGrath,,Jack McGrath,Ireland,20,Leinster,Rugby World Cup 2015,international
Jack Nowell,,Jack Nowell,England,33,Exeter Chiefs,"Rugby World Cup 2015, Rugby World Cup 2019",top14
Jack Ram,,Jack Ram,Tonga,2,Blues,Rugby World Cup 2015,international
Jack Singleton,,Jack Singleton,England,2,Saracens,Rugby World Cup 2019,premiership
Jack Walker,,Jack Walker,England,4,Harlequins,Rugby World Cup 2023,premiership
Jack Willis,,Jack Willis,England,13,Toulouse,Rugby World Cup 2023,top14
Jack van Poortvliet,,Jack van Poortvliet,England,16,Leicester Tigers,"Rugby World Cup 2023, Six Nations 2025",premiership
Jaco Engels,,Jaco Engels,Namibia,12,Trustco United,Rugby World Cup 2015,international
Jacob Stockdale,,Jacob Stockdale,Call-ups,38,Ulster,Six Nations 2025,urc
Jacob Stockdale,,Jacob Stockdale,Ireland,37,Ulster,"Rugby World Cup 2019, Six Nations 2024",urc
Jacopo Trulla,,Jacopo Trulla,Italy,12,Zebre Parma,Six Nations 2025,urc
Jacques Burger,,Jacques Burger,Namibia,35,Stade Aurillacois Cantal Auvergne,"Rugby World Cup 2007, Rugby World Cup 2011, Rugby World Cup 2015",international
Jacques Nieuwenhuis,,Jacques Nieuwenhuis,Namibia,20,Valke,"Rugby World Cup 2007, Rugby World Cup 2011",international
Jacques Theron,,Jacques Theron,Namibia,3,Wanderers,Rugby World Cup 2023,international
Jaden Hendrikse,,Jaden Hendrikse,South Africa,13,Sharks,Rugby World Cup 2023,urc
Jake Ball,,Jake Ball,Wales,36,Scarlets,"Rugby World Cup 2015, Rugby World Cup 2019",urc
Jake Grey,,Jake Grey,Samoa,4,SCOPA,Rugby World Cup 2015,international
Jake Ilnicki,,Jake Ilnicki,Canada,36,NSW Country Eagles,"Rugby World Cup 2015, Rugby World Cup 2019",international
Jake Polledri,,Jake Polledri,Italy,10,Gloucester,Rugby World Cup 2019,international
Jale Vatubua,,Jale Vatubua,Fiji,15,Pau,Rugby World Cup 2019,international
James Arlidge,,James Arlidge,Japan,29,Docomo,"Rugby World Cup 2007, Rugby World Cup 2011",international
James Botham,,James Botham,Wales,16,Cardiff,"Six Nations 2024, Six Nations 2025",urc
James Davies,,James Davies,Wales,5,Scarlets,Rugby World Cup 2019,international
James Faiva,,James Faiva,Tonga,5,El Salvador,Rugby World Cup 2019,international
James Hanson,,James Hanson,Australia,10,Queensland Reds,Rugby World Cup 2015,international
James Haskell,,James Haskell,England,60,Ricoh Black Rams,"Rugby World Cup 2011, Rugby World Cup 2015",international
James Hilterbrand,,James Hilterbrand,United States,19,Manly,Rugby World Cup 2019,international
James Hook,,James Hook,Wales,78,Ospreys,"Rugby World Cup 2007, Rugby World Cup 2011, Rugby World Cup 2015",international
James Horwill,,James Horwill,Australia,27,Queensland Reds,"Rugby World Cup 2007, Rugby World Cup 2011",international
James King,,James King,Wales,6,Ospreys,Rugby World Cup 2015,international
James Lay,,James Lay,Samoa,12,Bristol Bears,"Rugby World Cup 2019, Rugby World Cup 2023",international
James Lowe,,James Lowe,Ireland,40,Leinster,"Rugby World Cup 2023, Six Nations 2024, Six Nations 2025",urc
James McNabney,,James McNabney,Development players,0,Ulster,Six Nations 2025,urc
James Moore,,James Moore,Japan,16,Munakata Sanix Blues,"Rugby World Cup 2019, Rugby World Cup 2023",international
James O'Connor,,James O'Connor,Australia,48,Melbourne Rebels,"Rugby World Cup 2011, Rugby World Cup 2019",premiership
James Paterson,,James Paterson,United States,1,Highlanders,Rugby World Cup 2011,international
James Pritchard,,James Pritchard,Canada,61,Bedford Blues,"Rugby World Cup 2007, Rugby World Cup 2011, Rugby World Cup 2015",international
James Ryan,,James Ryan,Ireland,72,Leinster,"Rugby World Cup 2019, Rugby World Cup 2023, Six Nations 2024, Six Nations 2025",urc
James Slipper,,James Slipper,Australia,131,Reds,"Rugby World Cup 2011, Rugby World Cup 2015, Rugby World Cup 2019, Rugby World Cup 2023",nan
James So'oialo,,James So'oialo,Samoa,3,Northern United,Rugby World Cup 2011,international
Jamie Bhatti,,Jamie Bhatti,Scotland,35,Glasgow Warriors,"Rugby World Cup 2023, Six Nations 2024, Six Nations 2025",urc
Jamie Blamire,,Jamie Blamire,Call-ups,6,Newcastle Falcons,Six Nations 2024,premiership
Jamie Cudmore,,Jamie Cudmore,Canada,35,Clermont Auvergne,"Rugby World Cup 2007, Rugby World Cup 2011, Rugby World Cup 2015",international
Jamie Dobie,,Jamie Dobie,Call-ups,2,Glasgow Warriors,Six Nations 2024,urc
Jamie Dobie,,Jamie Dobie,Scotland,9,Glasgow Warriors,Six Nations 2025,urc
Jamie George,,Jamie George,England,97,Saracens,"Rugby World Cup 2015, Rugby World Cup 2019, Rugby World Cup 2023, Six Nations 2024, Six Nations 2025",international
Jamie Heaslip,,Jamie Heaslip,Ireland,75,Leinster,"Rugby World Cup 2011, Rugby World Cup 2015",international
Jamie Mackenzie,,Jamie Mackenzie,Canada,19,Esher,"Rugby World Cup 2011, Rugby World Cup 2015, Rugby World Cup 2019",international
Jamie Noon,,Jamie Noon,England,24,Newcastle,Rugby World Cup 2007,international
Jamie Osborne,,Jamie Osborne,Ireland,7,Leinster,Six Nations 2025,urc
Jamie Ritchie,,Jamie Ritchie,Scotland,54,Edinburgh,"Rugby World Cup 2019, Rugby World Cup 2023, Six Nations 2024, Six Nations 2025",top14
Jamie Roberts,,Jamie Roberts,Wales,70,Cardiff Blues,"Rugby World Cup 2011, Rugby World Cup 2015",international
Jamie Robinson,,Jamie Robinson,Wales,20,Cardiff Blues,Rugby World Cup 2007,international
Jamison Gibson-Park,,Jamison Gibson-Park,Ireland,43,Leinster,"Rugby World Cup 2023, Six Nations 2024, Six Nations 2025",urc
Jan Serfontein,,Jan Serfontein,South Africa,21,Bulls,Rugby World Cup 2015,urc
Janco Venter,,Janco Venter,Namibia,25,Maties,"Rugby World Cup 2015, Rugby World Cup 2019",international
Jannie du Plessis,,Jannie du Plessis,South Africa,64,Cheetahs,"Rugby World Cup 2007, Rugby World Cup 2011, Rugby World Cup 2015",international
Janry du Toit,,Janry du Toit,Namibia,2,Welwitschias,Rugby World Cup 2019,international
Jané du Toit,,Jané du Toit,Namibia,20,Boland,"Rugby World Cup 2007, Rugby World Cup 2011",international
Japan,,Japan,Overview,0,Michael Leitch,Rugby World Cup 2019,international
Jaque Fourie,,Jaque Fourie,South Africa,64,Lions,"Rugby World Cup 2007, Rugby World Cup 2011",international
Jared Payne,,Jared Payne,Ireland,8,Ulster,Rugby World Cup 2015,international
Jarrod Evans,,Jarrod Evans,Call-ups,8,Harlequins,Six Nations 2025,premiership
Jason Benade,,Jason Benade,Namibia,13,University of Namibia,Rugby World Cup 2023,international
Jason Marshall,,Jason Marshall,Canada,8,Aurillac,Rugby World Cup 2011,international
Jason Robinson,,Jason Robinson,England,51,Unattached,Rugby World Cup 2007,international
Jason Tomane,,Jason Tomane,Romania,14,Știința Baia Mare,Rugby World Cup 2023,international
Jason White,,Jason White,Scotland,59,Sale Sharks,Rugby World Cup 2007,international
Jasper Wiese,,Jasper Wiese,South Africa,23,Leicester Tigers,Rugby World Cup 2023,league-one
Javan Sebastian,,Javan Sebastian,Call-ups,7,Edinburgh,Six Nations 2024,urc
Javan Sebastian,,Javan Sebastian,Scotland,6,Edinburgh,Rugby World Cup 2023,urc
Javier Carrasco,,Javier Carrasco,Chile,19,Selknam,Rugby World Cup 2023,international
Javier Eissmann,,Javier Eissmann,Chile,21,Selknam,Rugby World Cup 2023,international
Javier Ortega Desio,,Javier Ortega Desio,Argentina,54,UAR,"Rugby World Cup 2015, Rugby World Cup 2019",international
Jayden Hayward,,Jayden Hayward,Italy,20,Benetton,Rugby World Cup 2019,international
Jean Kleyn,,Jean Kleyn,Ireland,3,Munster,Rugby World Cup 2019,urc
Jean Kleyn,,Jean Kleyn,Nationality changes between World Cups,0,,Rugby World Cup 2023,urc
Jean Kleyn,,Jean Kleyn,South Africa,4,Munster,Rugby World Cup 2023,urc
Jean Kleyn,,Jean Kleyn,Squad caps,1369,Jean Kleyn,"Rugby World Cup 2019, Rugby World Cup 2023",urc
Jean de Villiers,,Jean de Villiers,South Africa,107,Stormers,"Rugby World Cup 2007, Rugby World Cup 2011, Rugby World Cup 2015",international
Jean-Baptiste Gros,,Jean-Baptiste Gros,France,32,Toulon,"Rugby World Cup 2023, Six Nations 2025",top14
Jean-Baptiste Poux,,Jean-Baptiste Poux,France,30,Toulouse,"Rugby World Cup 2007, Rugby World Cup 2011",international
Jean-Baptiste Élissalde,,Jean-Baptiste Élissalde,France,23,Toulouse,Rugby World Cup 2007,international
Jean-Marc Doussain,,Jean-Marc Doussain,France,0,Toulouse,Rugby World Cup 2011,international
Jean-Philippe Grandclaude,,Jean-Philippe Grandclaude,France,3,Perpignan,Rugby World Cup 2007,international
Jebb Sinclair,,Jebb Sinclair,Canada,39,London Irish,"Rugby World Cup 2011, Rugby World Cup 2015",international
Jeff Hassler,,Jeff Hassler,Canada,24,Ospreys,"Rugby World Cup 2015, Rugby World Cup 2019",international
Jefferson Poirot,,Jefferson Poirot,France,29,Bordeaux Bègles,Rugby World Cup 2019,top14
Jeremy Kyne,,Jeremy Kyne,Canada,1,Prairie Wolf Pack,Rugby World Cup 2011,international
Jeremy Loughman,,Jeremy Loughman,Ireland,5,Munster,"Rugby World Cup 2023, Six Nations 2024",urc
Jeremy Loughman,,Jeremy Loughman,Squad caps,1332,Jeremy Loughman,Rugby World Cup 2023,urc
Jeremy Su'a,,Jeremy Su'a,Samoa,0,West Harbour,Rugby World Cup 2011,international
Jerome Kaino,,Jerome Kaino,New Zealand,60,Blues,"Rugby World Cup 2011, Rugby World Cup 2015",international
Jerry Collins,,Jerry Collins,New Zealand,44,Wellington,Rugby World Cup 2007,international
Jerry Flannery,,Jerry Flannery,Ireland,16,Munster,Rugby World Cup 2007,international
Jerry Meafou,,Jerry Meafou,Samoa,1,Skopa,Rugby World Cup 2007,international
Jerónimo Etcheverry,,Jerónimo Etcheverry,Uruguay,42,Carrasco Polo,Rugby World Cup 2015,international
Jerónimo Portela,,Jerónimo Portela,Portugal,25,Direito,Rugby World Cup 2023,international
Jerónimo de la Fuente,,Jerónimo de la Fuente,Argentina,76,UAR,"Rugby World Cup 2015, Rugby World Cup 2019, Rugby World Cup 2023",top14
Jesse Kriel,,Jesse Kriel,South Africa,62,Bulls,"Rugby World Cup 2015, Rugby World Cup 2019, Rugby World Cup 2023",league-one
Jim Hamilton,,Jim Hamilton,Scotland,32,Leicester,"Rugby World Cup 2007, Rugby World Cup 2011",international
Jimmy Cowan,,Jimmy Cowan,New Zealand,51,Highlanders,Rugby World Cup 2011,international
Jimmy O'Brien,,Jimmy O'Brien,Ireland,8,Leinster,"Rugby World Cup 2023, Six Nations 2025",urc
Jiuta Wainiqolo,,Jiuta Wainiqolo,Fiji,4,Toulon,Rugby World Cup 2023,top14
Joaquim Ferreira,,Joaquim Ferreira,Portugal,82,CDUP,Rugby World Cup 2007,international
Joaquín Jaunsolo,,Joaquín Jaunsolo,Squad caps,1118,Joaquín Jaunsolo,Rugby World Cup 2019,international
Joaquín Jaunsolo,,Joaquín Jaunsolo,Uruguay,1,Los Cuervos,Rugby World Cup 2019,international
Joaquín Oviedo,,Joaquín Oviedo,Argentina,1,Perpignan,Rugby World Cup 2023,top14
Joaquín Prada,,Joaquín Prada,Uruguay,28,Los Cuervos,Rugby World Cup 2015,international
Joaquín Tuculet,,Joaquín Tuculet,Argentina,55,UAR,"Rugby World Cup 2015, Rugby World Cup 2019",international
Joe Ansbro,,Joe Ansbro,Scotland,7,London Irish,Rugby World Cup 2011,international
Joe Apikotoa,,Joe Apikotoa,Tonga,3,Moana Pasifika,Rugby World Cup 2023,international
Joe Cokanasiga,,Joe Cokanasiga,England,8,Bath,Rugby World Cup 2019,premiership
Joe Heyes,,Joe Heyes,England,7,Leicester Tigers,"Six Nations 2024, Six Nations 2025",premiership
Joe Launchbury,,Joe Launchbury,England,61,Wasps,"Rugby World Cup 2015, Rugby World Cup 2019",premiership
Joe Marchant,,Joe Marchant,England,19,Stade Français,Rugby World Cup 2023,top14
Joe Marler,,Joe Marler,England,88,Harlequins,"Rugby World Cup 2015, Rugby World Cup 2019, Rugby World Cup 2023, Six Nations 2024",international
Joe McCarthy,,Joe McCarthy,Ireland,19,Leinster,"Rugby World Cup 2023, Six Nations 2024, Six Nations 2025",urc
Joe McCarthy,,Joe McCarthy,Player representation by nation,0,Joe McCarthy,Rugby World Cup 2023,urc
Joe Moody,,Joe Moody,New Zealand,41,Crusaders / Canterbury,"Rugby World Cup 2015, Rugby World Cup 2019",international
Joe Roberts,,Joe Roberts,Wales,2,Scarlets,"Six Nations 2024, Six Nations 2025",urc
Joe Rokocoko,,Joe Rokocoko,New Zealand,45,Auckland,Rugby World Cup 2007,international
Joe Simpson,,Joe Simpson,England,0,London Wasps,Rugby World Cup 2011,international
Joe Taufete'e,,Joe Taufete'e,Squad caps,567,Joe Taufete'e,Rugby World Cup 2015,international
Joe Taufete'e,,Joe Taufete'e,United States,23,Belmont Shore,"Rugby World Cup 2015, Rugby World Cup 2019",international
Joe Tekori,,Joe Tekori,Samoa,32,Castres,"Rugby World Cup 2007, Rugby World Cup 2011, Rugby World Cup 2015",international
Joe Tomane,,Joe Tomane,Australia,16,Brumbies,Rugby World Cup 2015,international
Joe Tuineau,,Joe Tuineau,Tonga,22,Montpellier,"Rugby World Cup 2011, Rugby World Cup 2015",international
Joe Worsley,,Joe Worsley,England,56,Wasps,Rugby World Cup 2007,international
Joel Sclavi,,Joel Sclavi,Argentina,12,La Rochelle,Rugby World Cup 2023,top14
Joey Carbery,,Joey Carbery,Ireland,19,Munster,Rugby World Cup 2019,top14
Johan Deysel,,Johan Deysel,Namibia,35,Leopards,"Rugby World Cup 2015, Rugby World Cup 2019, Rugby World Cup 2023",international
Johan Retief,,Johan Retief,Namibia,21,Leopards,"Rugby World Cup 2019, Rugby World Cup 2023",international
Johan van Heerden,,Johan van Heerden,Romania,1,Baia Mare,Rugby World Cup 2015,international
Johann Muller,,Johann Muller,South Africa,23,Sharks,"Rugby World Cup 2007, Rugby World Cup 2011",international
Johann Tromp,,Johann Tromp,Namibia,40,Wanderers,"Rugby World Cup 2015, Rugby World Cup 2019",international
Johannes Meyer,,Johannes Meyer,Namibia,0,Wanderers,Rugby World Cup 2007,international
John Afoa,,John Afoa,New Zealand,36,Blues,Rugby World Cup 2011,international
John Barclay,,John Barclay,Scotland,74,Glasgow,"Rugby World Cup 2007, Rugby World Cup 2011, Rugby World Cup 2019",international
John Drotsky,,John Drotsky,Namibia,0,Reho Falcons,Rugby World Cup 2007,international
John Hardie,,John Hardie,Scotland,2,Unattached,Rugby World Cup 2015,international
John Hayes,,John Hayes,Ireland,74,Munster,Rugby World Cup 2007,international
John Hodnett,,John Hodnett,Call-ups,0,Munster,Six Nations 2025,urc
John Moonlight,,John Moonlight,Canada,20,Ontario Blues,Rugby World Cup 2015,international
John Quill,,John Quill,United States,36,NYAC,"Rugby World Cup 2015, Rugby World Cup 2019",international
John Ryan,,John Ryan,Ireland,20,Munster,Rugby World Cup 2019,urc
John Smit,,John Smit,South Africa,106,Sharks,"Rugby World Cup 2007, Rugby World Cup 2011",international
John van der Giessen,,John van der Giessen,United States,18,Denver Barbarians,"Rugby World Cup 2007, Rugby World Cup 2011",international
Johnny Leota,,Johnny Leota,Samoa,19,Sale Sharks,"Rugby World Cup 2011, Rugby World Cup 2015",international
Johnny Matthews,,Johnny Matthews,Scotland,1,Glasgow Warriors,"Rugby World Cup 2023, Six Nations 2024",urc
Johnny Redelinghuys,,Johnny Redelinghuys,Namibia,47,Kimberley Tech,"Rugby World Cup 2007, Rugby World Cup 2011, Rugby World Cup 2015",international
Johnny Sexton,,Johnny Sexton,Ireland,113,Leinster,"Rugby World Cup 2011, Rugby World Cup 2015, Rugby World Cup 2019, Rugby World Cup 2023",international
Johnny Williams,,Johnny Williams,Wales,6,Scarlets,Rugby World Cup 2023,urc
Jon Thiel,,Jon Thiel,Canada,36,Bayside Sharks,Rugby World Cup 2007,international
Jon Welsh,,Jon Welsh,Scotland,7,Newcastle Falcons,Rugby World Cup 2015,international
Jonathan Danty,,Jonathan Danty,France,26,La Rochelle,"Rugby World Cup 2023, Six Nations 2024",top14
Jonathan Davies,,Jonathan Davies,Wales,76,Scarlets,"Rugby World Cup 2011, Rugby World Cup 2019",international
Jonathan Joseph,,Jonathan Joseph,England,42,Bath,"Rugby World Cup 2015, Rugby World Cup 2019",international
Jonathan Taumateine,,Jonathan Taumateine,Samoa,11,Moana Pasifika,Rugby World Cup 2023,nan
Jonathan Thomas,,Jonathan Thomas,Wales,34,Ospreys,Rugby World Cup 2007,international
Jonathan Vitale,,Jonathan Vitale,United States,3,Chicago Lions,Rugby World Cup 2007,international
Jone Daunivucu,,Jone Daunivucu,Fiji,1,Tarbes,Rugby World Cup 2007,international
Jone Koroiduadua,,Jone Koroiduadua,Fiji,2,Fijian Drua,Rugby World Cup 2023,international
Jone Naikabula,,Jone Naikabula,Japan,4,Toshiba Brave Lupus Tokyo,Rugby World Cup 2023,league-one
Jone Qovu,,Jone Qovu,Fiji,8,Warriors,Rugby World Cup 2007,international
Jone Railomo,,Jone Railomo,Fiji,1,Poitiers,Rugby World Cup 2007,international
Jone Tawake,,Jone Tawake,Australia,0,Brumbies,Rugby World Cup 2007,international
Jonny Gray,,Jonny Gray,Player representation by league,0,Jonny Gray,Rugby World Cup 2015,top14
Jonny Gray,,Jonny Gray,Scotland,77,Glasgow Warriors,"Rugby World Cup 2015, Rugby World Cup 2019, Six Nations 2025",top14
Jonny May,,Jonny May,England,72,Gloucester,"Rugby World Cup 2015, Rugby World Cup 2019, Rugby World Cup 2023",international
Jonny Wilkinson,,Jonny Wilkinson,England,86,Newcastle,"Rugby World Cup 2007, Rugby World Cup 2011",international
Jonny Wilkinson,,Jonny Wilkinson,Squad caps,896,Jonny Wilkinson,Rugby World Cup 2011,international
Jordan Larmour,,Jordan Larmour,Ireland,32,Leinster,"Rugby World Cup 2019, Six Nations 2024",urc
Jordan Larmour,,Jordan Larmour,Player representation by nation,0,Jordan Larmour,Rugby World Cup 2019,urc
Jordan Lay,,Jordan Lay,Samoa,26,Bristol Bears,"Rugby World Cup 2019, Rugby World Cup 2023",nan
Jordan Petaia,,Jordan Petaia,Australia,28,Queensland Reds,"Rugby World Cup 2019, Rugby World Cup 2023",top14
Jordan Petaia,,Jordan Petaia,Player representation by nation,0,Jordan Petaia,Rugby World Cup 2019,top14
Jordan Petaia,,Jordan Petaia,Squad caps,1421,Jordan Petaia,Rugby World Cup 2019,top14
Jordan Taufua,,Jordan Taufua,Samoa,6,Lyon,Rugby World Cup 2023,international
Jordan Uelese,,Jordan Uelese,Australia,18,Melbourne Rebels,"Rugby World Cup 2019, Rugby World Cup 2023",top14
Jordi Murphy,,Jordi Murphy,Ireland,29,Leinster,"Rugby World Cup 2015, Rugby World Cup 2019",international
Jordie Barrett,,Jordie Barrett,New Zealand,52,Hurricanes,"Rugby World Cup 2019, Rugby World Cup 2023",nan
Jorge Zerbino,,Jorge Zerbino,Uruguay,11,Old Christians,Rugby World Cup 2015,international
Joris Moura,,Joris Moura,Portugal,1,Valence Romans,Rugby World Cup 2023,international
Joris Moura,,Joris Moura,Squad caps,840,Joris Moura,Rugby World Cup 2023,international
Joseph Wilson Vaka,,Joseph Wilson Vaka,Tonga,4,Tautahi Gold,Rugby World Cup 2007,international
Josh Adams,,Josh Adams,Wales,59,Cardiff Blues,"Rugby World Cup 2019, Rugby World Cup 2023, Six Nations 2024, Six Nations 2025",urc
Josh Bayliss,,Josh Bayliss,Scotland,10,Bath,"Six Nations 2024, Six Nations 2025",premiership
Josh Hathaway,,Josh Hathaway,Wales,2,Gloucester,Six Nations 2025,premiership
Josh Holmes,,Josh Holmes,Australia,0,Brumbies,Rugby World Cup 2007,international
Josh Jackson,,Josh Jackson,Canada,15,Bordeaux Bègles,Rugby World Cup 2007,international
Josh Kemeny,,Josh Kemeny,Australia,1,Melbourne Rebels,Rugby World Cup 2023,premiership
Josh Larsen,,Josh Larsen,Canada,12,New England Free Jacks,Rugby World Cup 2019,international
Josh Lewsey,,Josh Lewsey,England,47,Wasps,Rugby World Cup 2007,international
Josh Matavesi,,Josh Matavesi,Fiji,21,Ospreys,"Rugby World Cup 2015, Rugby World Cup 2019",international
Josh Navidi,,Josh Navidi,Wales,19,Cardiff Blues,Rugby World Cup 2019,international
Josh Sole,,Josh Sole,Italy,21,Viadana,Rugby World Cup 2007,international
Josh Strauss,,Josh Strauss,Scotland,0,Glasgow Warriors,Rugby World Cup 2015,international
Josh Strauss,,Josh Strauss,Squad caps,713,Josh Strauss,Rugby World Cup 2015,international
Josh Tyrell,,Josh Tyrell,Samoa,7,Oyonnax,Rugby World Cup 2019,international
Josh van der Flier,,Josh van der Flier,Ireland,73,Leinster,"Rugby World Cup 2019, Rugby World Cup 2023, Six Nations 2024, Six Nations 2025",urc
Joshua Brennan,,Joshua Brennan,France,0,Toulouse,Six Nations 2025,top14
Joshua Furno,,Joshua Furno,Italy,31,Newcastle Falcons,Rugby World Cup 2015,international
Josua Tuisova,,Josua Tuisova,Fiji,19,Lyon,"Rugby World Cup 2019, Rugby World Cup 2023",top14
José Ignacio Larenas,,José Ignacio Larenas,Chile,47,Selknam,Rugby World Cup 2023,international
José Lima,,José Lima,Portugal,55,Narbonne,Rugby World Cup 2023,international
José Madeira,,José Madeira,Portugal,32,Grenoble,Rugby World Cup 2023,international
José Pinto,,José Pinto,Portugal,30,Direito,Rugby World Cup 2007,international
João Bello,,João Bello,Portugal,25,CDUP,Rugby World Cup 2023,international
João Correia,,João Correia,Portugal,26,Direito,Rugby World Cup 2007,international
João Granate,,João Granate,Portugal,31,Direito,Rugby World Cup 2023,international
João Uva,,João Uva,Portugal,35,Belenenses,Rugby World Cup 2007,international
Juan Cruz Mallia,,Juan Cruz Mallia,Argentina,4,Jaguares,Rugby World Cup 2019,international
Juan Cruz Mallía,,Juan Cruz Mallía,Argentina,26,Toulouse,Rugby World Cup 2023,top14
Juan Diego Ormaechea,,Juan Diego Ormaechea,Uruguay,31,Carrasco Polo,Rugby World Cup 2019,international
Juan Echeverría,,Juan Echeverría,Uruguay,51,Austin Elite,Rugby World Cup 2019,international
Juan Figallo,,Juan Figallo,Argentina,30,Montpellier,"Rugby World Cup 2011, Rugby World Cup 2015, Rugby World Cup 2019",international
Juan Imhoff,,Juan Imhoff,Argentina,42,Duendes,"Rugby World Cup 2011, Rugby World Cup 2015, Rugby World Cup 2023",international
Juan Manuel Alonso,,Juan Manuel Alonso,Uruguay,8,Peñarol,Rugby World Cup 2023,international
Juan Manuel Cat,,Juan Manuel Cat,Uruguay,31,Old Boys,Rugby World Cup 2019,international
Juan Manuel Gaminara,,Juan Manuel Gaminara,Uruguay,67,Old Boys,"Rugby World Cup 2015, Rugby World Cup 2019",international
Juan Manuel Leguizamón,,Juan Manuel Leguizamón,Argentina,86,London Irish,"Rugby World Cup 2007, Rugby World Cup 2011, Rugby World Cup 2015, Rugby World Cup 2019",international
Juan Manuel Rodríguez,,Juan Manuel Rodríguez,Uruguay,3,Peñarol,Rugby World Cup 2023,international
Juan Martín Fernández Lobbe,,Juan Martín Fernández Lobbe,Argentina,64,Sale Sharks,"Rugby World Cup 2007, Rugby World Cup 2011, Rugby World Cup 2015",international
Juan Martín González,,Juan Martín González,Argentina,24,Saracens,Rugby World Cup 2023,international
Juan Martín Hernández,,Juan Martín Hernández,Argentina,53,Stade Français,"Rugby World Cup 2007, Rugby World Cup 2015",international
Juan Muré,,Juan Muré,Portugal,0,Belenenses,Rugby World Cup 2007,international
Juan Pablo Orlandi,,Juan Pablo Orlandi,Argentina,16,Unattached,Rugby World Cup 2015,international
Juan Pablo Socino,,Juan Pablo Socino,Argentina,2,Newcastle Falcons,Rugby World Cup 2015,international
Juan Pablo Socino,,Juan Pablo Socino,Squad caps,871,Juan Pablo Socino,Rugby World Cup 2015,international
Juan Rombys,,Juan Rombys,Uruguay,30,Trébol de Paysandú,Rugby World Cup 2019,international
Juan Severino Somoza,,Juan Severino Somoza,Portugal,10,Agronomia,Rugby World Cup 2007,international
Juan Smith,,Juan Smith,South Africa,32,Cheetahs,Rugby World Cup 2007,international
Juan de Freitas,,Juan de Freitas,Uruguay,38,Champagnat,Rugby World Cup 2015,international
Juan de Jongh,,Juan de Jongh,South Africa,8,Stormers,Rugby World Cup 2011,international
Julian Huxley,,Julian Huxley,Australia,6,Brumbies,Rugby World Cup 2007,international
Julian Savea,,Julian Savea,New Zealand,35,Hurricanes / Wellington,Rugby World Cup 2015,nan
Julien Bonnaire,,Julien Bonnaire,France,63,Clermont,"Rugby World Cup 2007, Rugby World Cup 2011",international
Julien Marchand,,Julien Marchand,France,40,Toulouse,"Rugby World Cup 2023, Six Nations 2024, Six Nations 2025",top14
Julien Pierre,,Julien Pierre,France,19,Clermont,Rugby World Cup 2011,international
Julio Farías Cabello,,Julio Farías Cabello,Argentina,3,Tucumán,Rugby World Cup 2011,international
Julián Montoya,,Julián Montoya,Argentina,89,UAR,"Rugby World Cup 2015, Rugby World Cup 2019, Rugby World Cup 2023",top14
Jumpei Ogura,,Jumpei Ogura,Japan,4,Yokohama Canon Eagles,Rugby World Cup 2023,international
Junior Poluleuligaga,,Junior Poluleuligaga,Samoa,18,Toulon,"Rugby World Cup 2007, Rugby World Cup 2011",international
Junior Sifa,,Junior Sifa,United States,7,Unattached,Rugby World Cup 2011,international
Jurie van Tonder,,Jurie van Tonder,Namibia,0,United Rugby Club,Rugby World Cup 2007,international
Justin Blanchet,,Justin Blanchet,Canada,6,Unattached,Rugby World Cup 2019,international
Justin Ives,,Justin Ives,Japan,29,Canon Eagles,Rugby World Cup 2015,international
Justin Mensah-Coker,,Justin Mensah-Coker,Canada,7,Albi,Rugby World Cup 2007,international
Justin Newman,,Justin Newman,Namibia,14,Welwitschias,Rugby World Cup 2019,international
Justin Purdie,,Justin Purdie,Samoa,3,Dax,Rugby World Cup 2007,international
Justin Tipuric,,Justin Tipuric,Wales,66,Ospreys,"Rugby World Cup 2015, Rugby World Cup 2019",international
Justin Va'a,,Justin Va'a,Samoa,11,Glasgow Warriors,Rugby World Cup 2007,international
Jérôme Thion,,Jérôme Thion,France,36,Biarritz,Rugby World Cup 2007,international
Kahn Fotuali'i,,Kahn Fotuali'i,Samoa,24,Ospreys,"Rugby World Cup 2011, Rugby World Cup 2015",international
Kaine Robertson,,Kaine Robertson,Italy,23,Viadana,Rugby World Cup 2007,international
Kainoa Lloyd,,Kainoa Lloyd,Canada,11,Toronto Arrows,Rugby World Cup 2019,international
Kaito Shigeno,,Kaito Shigeno,Japan,10,Toyota Verblitz,Rugby World Cup 2019,league-one
Kakha Asieshvili,,Kakha Asieshvili,Georgia,11,Brive,Rugby World Cup 2015,international
Kalaveti Ravouvou,,Kalaveti Ravouvou,Fiji,6,Bristol Bears,Rugby World Cup 2023,premiership
Kalivati Tawake,,Kalivati Tawake,Fiji,13,Biarritz,Rugby World Cup 2019,international
Kameli Ratuvou,,Kameli Ratuvou,Fiji,15,Saracens,Rugby World Cup 2007,international
Kane Douglas,,Kane Douglas,Australia,16,Queensland Reds,Rugby World Cup 2015,top14
Kane Le'aupepe,,Kane Le'aupepe,Samoa,6,Hurricanes,Rugby World Cup 2019,international
Kane Thompson,,Kane Thompson,Samoa,31,Dax,"Rugby World Cup 2007, Rugby World Cup 2011, Rugby World Cup 2015",international
Kanji Shimokawa,,Kanji Shimokawa,Japan,2,Tokyo Sungoliath,Rugby World Cup 2023,league-one
Karne Hesketh,,Karne Hesketh,Japan,9,Munakata Sanix Blues,Rugby World Cup 2015,international
Kas Lealamanua,,Kas Lealamanua,Samoa,15,Dax,Rugby World Cup 2007,international
Kazuki Himeno,,Kazuki Himeno,Japan,29,Toyota Verblitz,"Rugby World Cup 2019, Rugby World Cup 2023",league-one
Kees Lensing,,Kees Lensing,Namibia,15,Sharks,Rugby World Cup 2007,international
Keiron Assiratti,,Keiron Assiratti,Wales,10,Cardiff,"Six Nations 2024, Six Nations 2025",urc
Keita Inagaki,,Keita Inagaki,Japan,49,Panasonic Wild Knights,"Rugby World Cup 2015, Rugby World Cup 2019, Rugby World Cup 2023",league-one
Keith Earls,,Keith Earls,Ireland,100,Munster,"Rugby World Cup 2011, Rugby World Cup 2015, Rugby World Cup 2019, Rugby World Cup 2023",international
Keith Robinson,,Keith Robinson,New Zealand,10,Waikato,Rugby World Cup 2007,international
Kele Leawere,,Kele Leawere,Fiji,15,Hino Motors,Rugby World Cup 2007,international
Kelly Brown,,Kelly Brown,Scotland,46,Glasgow,"Rugby World Cup 2007, Rugby World Cup 2011",international
Kemsley Mathias,,Kemsley Mathias,Wales,5,Scarlets,"Six Nations 2024, Six Nations 2025",urc
Ken Owens,,Ken Owens,Wales,67,Scarlets,"Rugby World Cup 2011, Rugby World Cup 2015, Rugby World Cup 2019",international
Ken Pisi,,Ken Pisi,Samoa,6,Northampton Saints,Rugby World Cup 2015,international
Kenki Fukuoka,,Kenki Fukuoka,Japan,34,Tsukuba University,"Rugby World Cup 2015, Rugby World Cup 2019",international
Kensuke Hatakeyama,,Kensuke Hatakeyama,Japan,68,Suntory Sungoliath,"Rugby World Cup 2011, Rugby World Cup 2015",international
Kenta Fukuda,,Kenta Fukuda,Japan,0,Toyota Verblitz,Rugby World Cup 2023,league-one
Kenta Fukuda,,Kenta Fukuda,Squad caps,660,Kenta Fukuda / Sione Halasili,Rugby World Cup 2023,league-one
Keven Mealamu,,Keven Mealamu,New Zealand,126,Auckland,"Rugby World Cup 2007, Rugby World Cup 2011, Rugby World Cup 2015",international
Kevin Bryce,,Kevin Bryce,Scotland,2,Glasgow Warriors,Rugby World Cup 2015,international
Kevin Morgan,,Kevin Morgan,Wales,43,Newport Gwent Dragons,Rugby World Cup 2007,international
Kevin Swiryn,,Kevin Swiryn,United States,12,Agen,Rugby World Cup 2011,international
Kieran Brookes,,Kieran Brookes,England,12,Northampton Saints,Rugby World Cup 2015,top14
Kieran Hardy,,Kieran Hardy,Wales,18,Scarlets,"Rugby World Cup 2023, Six Nations 2024",urc
Kieran Read,,Kieran Read,New Zealand,122,Crusaders,"Rugby World Cup 2011, Rugby World Cup 2015, Rugby World Cup 2019",international
Kieron Fonotia,,Kieron Fonotia,Samoa,9,Scarlets,Rugby World Cup 2019,international
Kim Chul-won,,Kim Chul-won,Japan,0,Liners,Rugby World Cup 2007,international
Kini Murimurivalu,,Kini Murimurivalu,Fiji,26,Clermont,"Rugby World Cup 2011, Rugby World Cup 2015, Rugby World Cup 2019",international
Kirill Golosnitsky,,Kirill Golosnitsky,Russia,9,Krasny Yar,Rugby World Cup 2019,international
Kirill Gotovtsev,,Kirill Gotovtsev,Russia,3,Krasny Yar,Rugby World Cup 2019,premiership
Kirill Gotovtsev,,Kirill Gotovtsev,Squad caps,1032,Kirill Gotovtsev,Rugby World Cup 2019,premiership
Kisi Pulu,,Kisi Pulu,Tonga,23,Perpignan,"Rugby World Cup 2007, Rugby World Cup 2011",international
Koji Taira,,Koji Taira,Japan,30,Sungoliath,"Rugby World Cup 2007, Rugby World Cup 2011",international
Koliniasi Holani,,Koliniasi Holani,Japan,41,Panasonic Wild Knights,Rugby World Cup 2015,international
Konstantin Mikautadze,,Konstantin Mikautadze,Georgia,84,Toulon,"Rugby World Cup 2015, Rugby World Cup 2019, Rugby World Cup 2023",international
Konstantin Rachkov,,Konstantin Rachkov,Russia,26,Stade Phocéen,Rugby World Cup 2011,international
Koo Ji-won,,Koo Ji-won,Japan,25,Honda Heat,"Rugby World Cup 2019, Rugby World Cup 2023",international
Kosei Ono,,Kosei Ono,Japan,29,Suntory Sungoliath,Rugby World Cup 2015,international
Kosuke Endo,,Kosuke Endo,Japan,38,Verblitz,"Rugby World Cup 2007, Rugby World Cup 2011",international
Kosuke Horikoshi,,Kosuke Horikoshi,Japan,7,Tokyo Sungoliath,Rugby World Cup 2023,league-one
Kotaro Matsushima,,Kotaro Matsushima,Japan,51,Suntory Sungoliath,"Rugby World Cup 2015, Rugby World Cup 2019, Rugby World Cup 2023",league-one
Kousei Ono,,Kousei Ono,Japan,3,Fukuoka,Rugby World Cup 2007,international
Kurt Morath,,Kurt Morath,Tonga,37,Souths,"Rugby World Cup 2011, Rugby World Cup 2015, Rugby World Cup 2019",international
Kurt-Lee Arendse,,Kurt-Lee Arendse,South Africa,10,Bulls,Rugby World Cup 2023,urc
Kurtley Beale,,Kurtley Beale,Australia,87,Melbourne Rebels,"Rugby World Cup 2011, Rugby World Cup 2015, Rugby World Cup 2019",nan
Kwagga Smith,,Kwagga Smith,South Africa,34,Lions,"Rugby World Cup 2019, Rugby World Cup 2023",league-one
Kyle Baillie,,Kyle Baillie,Canada,28,New Orleans Gold,Rugby World Cup 2019,international
Kyle Gilmour,,Kyle Gilmour,Canada,11,Rotherham,Rugby World Cup 2015,international
Kyle Rowe,,Kyle Rowe,Scotland,9,Glasgow Warriors,"Six Nations 2024, Six Nations 2025",urc
Kyle Sinckler,,Kyle Sinckler,England,63,Harlequins,"Rugby World Cup 2019, Rugby World Cup 2023",top14
Kyle Steyn,,Kyle Steyn,Call-ups,23,Glasgow Warriors,Six Nations 2025,urc
Kyle Steyn,,Kyle Steyn,Scotland,15,Glasgow Warriors,"Rugby World Cup 2023, Six Nations 2024",urc
Kyren Taumoefolau,,Kyren Taumoefolau,Player representation by nation,0,Kyren Taumoefolau,Rugby World Cup 2023,nan
Kyren Taumoefolau,,Kyren Taumoefolau,Tonga,5,Moana Pasifika,Rugby World Cup 2023,nan
Lachlan Turner,,Lachlan Turner,Australia,14,Waratahs,Rugby World Cup 2011,international
Lado Chachanidze,,Lado Chachanidze,Georgia,13,Nevers,Rugby World Cup 2023,international
Lalakai Foketi,,Lalakai Foketi,Australia,6,NSW Waratahs,Rugby World Cup 2023,nan
Langi Gleeson,,Langi Gleeson,Australia,4,NSW Waratahs,Rugby World Cup 2023,top14
Lappies Labuschagné,,Lappies Labuschagné,Japan,16,Kubota Spears,"Rugby World Cup 2019, Rugby World Cup 2023",international
Lasha Jaiani,,Lasha Jaiani,Georgia,19,Nevers,Rugby World Cup 2023,international
Lasha Khmaladze,,Lasha Khmaladze,Georgia,96,Lelo,"Rugby World Cup 2011, Rugby World Cup 2015, Rugby World Cup 2019, Rugby World Cup 2023",international
Lasha Lomidze,,Lasha Lomidze,Georgia,46,Béziers Hérault,"Rugby World Cup 2015, Rugby World Cup 2019",international
Lasha Malaghuradze,,Lasha Malaghuradze,Georgia,92,Béziers,"Rugby World Cup 2011, Rugby World Cup 2015, Rugby World Cup 2019",international
Latiume Fosita,,Latiume Fosita,Player representation by league,0,Latiume Fosita,Rugby World Cup 2015,international
Latiume Fosita,,Latiume Fosita,Tonga,29,Doncaster,"Rugby World Cup 2015, Rugby World Cup 2019",international
Latu Talakai,,Latu Talakai,Tonga,6,Eastwood,Rugby World Cup 2019,international
Laurent Emmanuelli,,Laurent Emmanuelli,France,0,Clermont,Rugby World Cup 2007,international
Lautaro Bazán,,Lautaro Bazán,Argentina,7,Rovigo Delta,Rugby World Cup 2023,international
Lawrence Dallaglio,,Lawrence Dallaglio,England,79,Wasps,Rugby World Cup 2007,international
Le Roux Malan,,Le Roux Malan,Namibia,2,New England Free Jacks,Rugby World Cup 2023,urc
Leandro Leivas,,Leandro Leivas,Uruguay,74,Old Christians,"Rugby World Cup 2015, Rugby World Cup 2019",international
Lee Byrne,,Lee Byrne,Wales,44,Clermont,Rugby World Cup 2011,international
Lee Mears,,Lee Mears,England,37,Bath,"Rugby World Cup 2007, Rugby World Cup 2011",international
Lee Roy Atalifo,,Lee Roy Atalifo,Fiji,10,Suva,"Rugby World Cup 2015, Rugby World Cup 2019",international
Lee Roy Atalifo,,Lee Roy Atalifo,Squad caps,619,Lee Roy Atalifo,Rugby World Cup 2015,international
Lee Seung-sin,,Lee Seung-sin,Japan,10,Kobelco Kobe Steelers,Rugby World Cup 2023,international
Leicester Fainga'anuku,,Leicester Fainga'anuku,New Zealand,3,Crusaders / Tasman,Rugby World Cup 2023,nan
Leigh Halfpenny,,Leigh Halfpenny,Wales,100,Cardiff Blues,"Rugby World Cup 2011, Rugby World Cup 2019, Rugby World Cup 2023",urc
Lekima Tagitagivalu,,Lekima Tagitagivalu,Fiji,3,Pau,Rugby World Cup 2023,top14
Leneve Damens,,Leneve Damens,Namibia,3,Wanderers,Rugby World Cup 2015,international
Lenni Nouchi,,Lenni Nouchi,Call-ups,0,Montpellier,Six Nations 2024,top14
Leo Cullen,,Leo Cullen,Ireland,31,Leinster,Rugby World Cup 2011,international
Leo Lafaiali'i,,Leo Lafaiali'i,Samoa,15,Yokogawa,Rugby World Cup 2007,international
Leon Brown,,Leon Brown,Wales,23,Dragons,Six Nations 2024,international
Leon Fukofuka,,Leon Fukofuka,Tonga,7,Kagifa Samoa,Rugby World Cup 2019,international
Leon MacDonald,,Leon MacDonald,New Zealand,47,Canterbury,Rugby World Cup 2007,international
Leonardo Ghiraldini,,Leonardo Ghiraldini,Italy,104,Calvisano,"Rugby World Cup 2007, Rugby World Cup 2011, Rugby World Cup 2015, Rugby World Cup 2019",international
Leonardo Marin,,Leonardo Marin,Call-ups,6,Benetton,Six Nations 2024,nan
Leonardo Marin,,Leonardo Marin,Italy,13,Benetton,Six Nations 2025,nan
Leonardo Sarto,,Leonardo Sarto,Italy,19,Zebre,Rugby World Cup 2015,international
Leonardo Senatore,,Leonardo Senatore,Argentina,31,GER,"Rugby World Cup 2011, Rugby World Cup 2015",international
Leone Nakarawa,,Leone Nakarawa,Fiji,57,Suva,"Rugby World Cup 2011, Rugby World Cup 2015, Rugby World Cup 2019",top14
Lesley Klim,,Lesley Klim,Namibia,11,Ospreys,Rugby World Cup 2019,international
Leva Fifita,,Leva Fifita,Tonga,31,Grenoble,"Rugby World Cup 2019, Rugby World Cup 2023",international
Levan Chilachava,,Levan Chilachava,Georgia,49,Toulon,"Rugby World Cup 2015, Rugby World Cup 2019",top14
Levan Datunashvili,,Levan Datunashvili,Georgia,71,Montluçon,"Rugby World Cup 2007, Rugby World Cup 2011, Rugby World Cup 2015",international
Levani Botia,,Levani Botia,Fiji,24,La Rochelle,"Rugby World Cup 2015, Rugby World Cup 2019, Rugby World Cup 2023",top14
Lewis Ludlam,,Lewis Ludlam,England,21,Northampton Saints,"Rugby World Cup 2019, Rugby World Cup 2023",top14
Lewis Moody,,Lewis Moody,England,67,Leicester Tigers,"Rugby World Cup 2007, Rugby World Cup 2011",international
Lexo Gugava,,Lexo Gugava,Georgia,22,Lelo,Rugby World Cup 2011,international
Liam Coltman,,Liam Coltman,New Zealand,6,Highlanders,Rugby World Cup 2019,international
Liam Messam,,Liam Messam,New Zealand,42,Chiefs / Waikato,Rugby World Cup 2015,international
Liam Underwood,,Liam Underwood,Canada,10,Ontario Blues,Rugby World Cup 2015,international
Liam Williams,,Liam Williams,Wales,92,Scarlets,"Rugby World Cup 2015, Rugby World Cup 2019, Rugby World Cup 2023, Six Nations 2025",premiership
Lima Sopoaga,,Lima Sopoaga,Samoa,1,Shimizu Blue Sharks,Rugby World Cup 2023,international
Lionel Beauxis,,Lionel Beauxis,France,6,Stade Français,Rugby World Cup 2007,international
Lionel Campergue,,Lionel Campergue,Portugal,21,Bassin d'Arcachon,Rugby World Cup 2023,international
Lionel Nallet,,Lionel Nallet,France,64,Castres,"Rugby World Cup 2007, Rugby World Cup 2011",international
Lisiate Faʻaoso,,Lisiate Faʻaoso,Tonga,6,Manawatu,Rugby World Cup 2007,international
Llewellyn Winckler,,Llewellyn Winckler,Namibia,6,Western Suburbs,Rugby World Cup 2011,international
Lloyd Burns,,Lloyd Burns,Wales,3,Newport Gwent Dragons,Rugby World Cup 2011,international
Lloyd Jacobs,,Lloyd Jacobs,Namibia,0,Kudus,Rugby World Cup 2023,international
Lloyd Williams,,Lloyd Williams,Wales,19,Cardiff Blues,"Rugby World Cup 2011, Rugby World Cup 2015",international
Logovi'i Mulipola,,Logovi'i Mulipola,Samoa,30,Leicester Tigers,"Rugby World Cup 2011, Rugby World Cup 2019",international
Loki Crichton,,Loki Crichton,Samoa,8,Worcester,Rugby World Cup 2007,international
Lolo Lui,,Lolo Lui,Samoa,7,Moataa,Rugby World Cup 2007,international
Lomano Lemeki,,Lomano Lemeki,Japan,16,Honda Heat,"Rugby World Cup 2019, Rugby World Cup 2023",international
Lome Fa'atau,,Lome Fa'atau,Samoa,21,Glasgow,Rugby World Cup 2007,international
Lood de Jager,,Lood de Jager,South Africa,40,Cheetahs,"Rugby World Cup 2015, Rugby World Cup 2019",league-one
Lorenzo Cannone,,Lorenzo Cannone,Italy,24,Benetton,"Rugby World Cup 2023, Six Nations 2024, Six Nations 2025",nan
Lorenzo Cittadini,,Lorenzo Cittadini,Italy,40,Benetton Treviso,"Rugby World Cup 2011, Rugby World Cup 2015",international
Lorenzo Pani,,Lorenzo Pani,Italy,5,Zebre Parma,"Rugby World Cup 2023, Six Nations 2024",urc
Lorenzo Pani,,Lorenzo Pani,Player representation by nation,0,Lorenzo Pani,Rugby World Cup 2023,urc
Lote Tuqiri,,Lote Tuqiri,Australia,53,Waratahs,Rugby World Cup 2007,international
Lotu Filipine,,Lotu Filipine,Tonga,5,Big Blue,Rugby World Cup 2007,international
Louis Bielle-Biarrey,,Louis Bielle-Biarrey,France,14,Bordeaux-Bègles,"Rugby World Cup 2023, Six Nations 2024, Six Nations 2025",top14
Louis Bielle-Biarrey,,Louis Bielle-Biarrey,Player representation by nation,0,Louis Bielle-Biarrey,Rugby World Cup 2023,top14
Louis Deacon,,Louis Deacon,England,24,Leicester Tigers,Rugby World Cup 2011,international
Louis Lynagh,,Louis Lynagh,Call-ups,0,Harlequins,Six Nations 2024,nan
Louis Picamoles,,Louis Picamoles,France,79,Toulouse,"Rugby World Cup 2011, Rugby World Cup 2015, Rugby World Cup 2019",international
Louis Rees-Zammit,,Louis Rees-Zammit,Wales,27,Gloucester,Rugby World Cup 2023,premiership
Louis Stanfill,,Louis Stanfill,United States,55,UC Berkeley,"Rugby World Cup 2007, Rugby World Cup 2011, Rugby World Cup 2015",international
Louis van der Westhuizen,,Louis van der Westhuizen,Namibia,29,Leopards,"Rugby World Cup 2015, Rugby World Cup 2019, Rugby World Cup 2023",international
Lu-Wayne Botes,,Lu-Wayne Botes,Namibia,7,JHB University,Rugby World Cup 2007,international
Luatangi Vatuvei,,Luatangi Vatuvei,Japan,20,Liners,Rugby World Cup 2007,international
Luc Ducalcon,,Luc Ducalcon,France,7,Castres,Rugby World Cup 2011,international
Luca Bigi,,Luca Bigi,Call-ups,48,Zebre Parma,Six Nations 2024,international
Luca Bigi,,Luca Bigi,Italy,48,Zebre,"Rugby World Cup 2019, Rugby World Cup 2023",international
Luca Morisi,,Luca Morisi,Italy,47,Benetton,"Rugby World Cup 2019, Rugby World Cup 2023",urc
Luca Nichitean,,Luca Nichitean,Romania,0,Știința Baia Mare,Rugby World Cup 2023,international
Luca Rizzoli,,Luca Rizzoli,Italy,0,Zebre Parma,"Six Nations 2024, Six Nations 2025",urc
Lucas Bianchi,,Lucas Bianchi,Uruguay,10,Peñarol,Rugby World Cup 2023,international
Lucas Borges,,Lucas Borges,Argentina,33,Stade Français,"Rugby World Cup 2007, Rugby World Cup 2011",international
Lucas González Amorosino,,Lucas González Amorosino,Argentina,43,Montpellier,"Rugby World Cup 2011, Rugby World Cup 2015",international
Lucas Mensa,,Lucas Mensa,Argentina,1,Pucará,Rugby World Cup 2019,international
Lucas Noguera Paz,,Lucas Noguera Paz,Argentina,16,UAR,Rugby World Cup 2015,international
Lucas Ostiglia,,Lucas Ostiglia,Argentina,27,Agen,Rugby World Cup 2007,international
Lucas Paulos,,Lucas Paulos,Argentina,12,Brive,Rugby World Cup 2023,top14
Lucas Rumball,,Lucas Rumball,Canada,32,Toronto Arrows,Rugby World Cup 2019,international
Lucian Sîrbu,,Lucian Sîrbu,Romania,67,Béziers,"Rugby World Cup 2007, Rugby World Cup 2011",international
Luciano Orquera,,Luciano Orquera,Italy,24,Aironi,Rugby World Cup 2011,international
Lucio Cinti,,Lucio Cinti,Argentina,16,Saracens,Rugby World Cup 2023,premiership
Luka Ivanishvili,,Luka Ivanishvili,Georgia,7,Black Lion,Rugby World Cup 2023,premiership
Luka Japaridze,,Luka Japaridze,Georgia,8,Montpellier,Rugby World Cup 2023,top14
Luka Matkava,,Luka Matkava,Georgia,10,Black Lion,Rugby World Cup 2023,international
Luka Nioradze,,Luka Nioradze,Georgia,1,Aurillac,Rugby World Cup 2023,international
Luka Nioradze,,Luka Nioradze,Squad caps,1246,Luka Nioradze,Rugby World Cup 2023,international
Lukas Carvallo,,Lukas Carvallo,Chile,6,Selknam,Rugby World Cup 2023,international
Lukas Carvallo,,Lukas Carvallo,Player representation by nation,0,Lukas Carvallo,Rugby World Cup 2023,international
Luke Burgess,,Luke Burgess,Australia,32,Toulouse,Rugby World Cup 2011,international
Luke Campbell,,Luke Campbell,Canada,12,Toronto Arrows,Rugby World Cup 2019,international
Luke Charteris,,Luke Charteris,Wales,57,Newport Gwent Dragons,"Rugby World Cup 2011, Rugby World Cup 2015",international
Luke Cowan-Dickie,,Luke Cowan-Dickie,England,44,Exeter Chiefs,"Rugby World Cup 2019, Six Nations 2024, Six Nations 2025",premiership
Luke Crosbie,,Luke Crosbie,Scotland,12,Edinburgh,"Rugby World Cup 2023, Six Nations 2024, Six Nations 2025",nan
Luke Fitzgerald,,Luke Fitzgerald,Ireland,30,Leinster,Rugby World Cup 2015,international
Luke Gross,,Luke Gross,United States,62,Doncaster Knights,Rugby World Cup 2007,international
Luke Jacobson,,Luke Jacobson,New Zealand,15,Chiefs,"Rugby World Cup 2019, Rugby World Cup 2023",nan
Luke McAlister,,Luke McAlister,New Zealand,18,North Harbour,Rugby World Cup 2007,international
Luke McGrath,,Luke McGrath,Ireland,14,Leinster,Rugby World Cup 2019,urc
Luke McLean,,Luke McLean,Italy,71,Benetton Treviso,"Rugby World Cup 2011, Rugby World Cup 2015",international
Luke Romano,,Luke Romano,New Zealand,20,Crusaders / Canterbury,Rugby World Cup 2015,international
Luke Tagi,,Luke Tagi,Fiji,9,Bayonne,Rugby World Cup 2023,top14
Luke Tait,,Luke Tait,Canada,11,Overmach Parma,Rugby World Cup 2007,international
Luke Thompson,,Luke Thompson,Japan,67,Liners,"Rugby World Cup 2007, Rugby World Cup 2011, Rugby World Cup 2015, Rugby World Cup 2019",international
Lukhan Salakaia-Loto,,Lukhan Salakaia-Loto,Australia,16,Queensland Reds,Rugby World Cup 2019,nan
Lukhanyo Am,,Lukhanyo Am,South Africa,35,Sharks,"Rugby World Cup 2019, Rugby World Cup 2023",league-one
Luteru Tolai,,Luteru Tolai,Samoa,3,Moana Pasifika,Rugby World Cup 2023,international
Luís Pissarra,,Luís Pissarra,Portugal,68,Agronomia,Rugby World Cup 2007,international
Lwazi Mvovo,,Lwazi Mvovo,South Africa,13,Sharks,Rugby World Cup 2015,international
Léo Barré,,Léo Barré,Call-ups,0,Stade Français,Six Nations 2024,top14
Léo Barré,,Léo Barré,France,6,Stade Français,Six Nations 2025,top14
Ma'a Nonu,,Ma'a Nonu,New Zealand,97,Hurricanes,"Rugby World Cup 2011, Rugby World Cup 2015",top14
Maama Molitika,,Maama Molitika,Tonga,15,Cardiff Blues,Rugby World Cup 2007,international
Maama Vaipulu,,Maama Vaipulu,Tonga,8,Castres,Rugby World Cup 2019,international
Mack Hansen,,Mack Hansen,Ireland,28,Connacht,"Rugby World Cup 2023, Six Nations 2025",urc
Mackenzie Martin,,Mackenzie Martin,Wales,0,Cardiff,Six Nations 2024,urc
Magnus Bradbury,,Magnus Bradbury,Call-ups,19,Bristol Bears,Six Nations 2024,nan
Magnus Bradbury,,Magnus Bradbury,Scotland,8,Edinburgh,Rugby World Cup 2019,nan
Mahepisa Tjeriko,,Mahepisa Tjeriko,Namibia,11,University of Namibia,Rugby World Cup 2023,international
Mahonri Schwalger,,Mahonri Schwalger,Samoa,36,Scarlets,"Rugby World Cup 2007, Rugby World Cup 2011",international
Mahonri Schwalger,,Mahonri Schwalger,Squad caps,397,Mahonri Schwalger,Rugby World Cup 2011,international
Makazole Mapimpi,,Makazole Mapimpi,South Africa,39,Sharks,"Rugby World Cup 2019, Rugby World Cup 2023",urc
Mako Vunipola,,Mako Vunipola,England,54,Saracens,"Rugby World Cup 2015, Rugby World Cup 2019",top14
Malakai Fekitoa,,Malakai Fekitoa,Nationality changes between World Cups,0,,Rugby World Cup 2023,nan
Malakai Fekitoa,,Malakai Fekitoa,New Zealand,11,Highlanders / Auckland,Rugby World Cup 2015,nan
Malakai Fekitoa,,Malakai Fekitoa,Player representation by league,0,Malakai Fekitoa,Rugby World Cup 2015,nan
Malakai Fekitoa,,Malakai Fekitoa,Tonga,8,Benetton,Rugby World Cup 2023,nan
Malakai Ravulo,,Malakai Ravulo,Fiji,34,North Harbour,"Rugby World Cup 2011, Rugby World Cup 2015",international
Malcolm Marx,,Malcolm Marx,South Africa,63,Lions,"Rugby World Cup 2019, Rugby World Cup 2023",league-one
Malcolm O'Kelly,,Malcolm O'Kelly,Ireland,86,Leinster,Rugby World Cup 2007,international
Male Sa'u,,Male Sa'u,Japan,23,Yamaha Júbilo,Rugby World Cup 2015,international
Maleli Kunavore,,Maleli Kunavore,Fiji,5,Toulouse,Rugby World Cup 2007,international
Mali Hingano,,Mali Hingano,Tonga,4,Bayonne,Rugby World Cup 2019,international
Malkhaz Urjukashvili,,Malkhaz Urjukashvili,Georgia,67,Aurillac,"Rugby World Cup 2007, Rugby World Cup 2011",international
Malon Al-Jiboori,,Malon Al-Jiboori,United States,5,Unattached,Rugby World Cup 2019,international
Mamuka Gorgodze,,Mamuka Gorgodze,Georgia,71,Montpellier,"Rugby World Cup 2007, Rugby World Cup 2011, Rugby World Cup 2015, Rugby World Cup 2019",international
Mamuka Magrakvelidze,,Mamuka Magrakvelidze,Georgia,18,Metro Paris,Rugby World Cup 2007,international
Manaia Salavea,,Manaia Salavea,Samoa,8,Narbonne,Rugby World Cup 2011,international
Manasa Saulo,,Manasa Saulo,Fiji,42,Timișoara Saracens,"Rugby World Cup 2015, Rugby World Cup 2019",international
Manie Libbok,,Manie Libbok,South Africa,9,Stormers,Rugby World Cup 2023,league-one
Manoa Vosawai,,Manoa Vosawai,Italy,2,Overmach Parma,Rugby World Cup 2007,international
Manu Leiataua,,Manu Leiataua,Samoa,8,Aurillac,Rugby World Cup 2015,international
Manu Paea,,Manu Paea,Tonga,9,Moana Pasifika,Rugby World Cup 2023,international
Manu Tuilagi,,Manu Tuilagi,Call-ups,59,Sale Sharks,Six Nations 2024,top14
Manu Tuilagi,,Manu Tuilagi,England,53,Leicester Tigers,"Rugby World Cup 2011, Rugby World Cup 2019, Rugby World Cup 2023",top14
Manuel Ardao,,Manuel Ardao,Uruguay,23,Old Christians,"Rugby World Cup 2019, Rugby World Cup 2023",international
Manuel Blengio,,Manuel Blengio,Uruguay,10,Old Christians,Rugby World Cup 2015,international
Manuel Cardoso Pinto,,Manuel Cardoso Pinto,Portugal,30,Agronomia,Rugby World Cup 2023,international
Manuel Carizza,,Manuel Carizza,Argentina,19,Biarritz,Rugby World Cup 2011,international
Manuel Contepomi,,Manuel Contepomi,Argentina,30,Newman,Rugby World Cup 2007,international
Manuel Diana,,Manuel Diana,Uruguay,38,Old Christians,"Rugby World Cup 2019, Rugby World Cup 2023",international
Manuel Leindekar,,Manuel Leindekar,Uruguay,28,Oyonnax,"Rugby World Cup 2019, Rugby World Cup 2023",international
Manuel Picão,,Manuel Picão,Portugal,21,Direito,Rugby World Cup 2023,international
Manuel Zuliani,,Manuel Zuliani,Italy,28,Benetton,"Rugby World Cup 2023, Six Nations 2024, Six Nations 2025",nan
Marcel Brache,,Marcel Brache,United States,19,Western Force,Rugby World Cup 2019,international
Marcello Violi,,Marcello Violi,Italy,2,Zebre,Rugby World Cup 2015,international
Marcello Violi,,Marcello Violi,Player representation by league,0,Marcello Violi,Rugby World Cup 2015,international
Marcello Violi,,Marcello Violi,Squad caps,1181,Marcello Violi,Rugby World Cup 2015,international
Marcello d'Orey,,Marcello d'Orey,Portugal,59,CDUP,Rugby World Cup 2007,international
Marcelo Bosch,,Marcelo Bosch,Argentina,35,Biarritz,"Rugby World Cup 2011, Rugby World Cup 2015",international
Marcelo Torrealba,,Marcelo Torrealba,Chile,12,Selknam,Rugby World Cup 2023,international
Marco Bortolami,,Marco Bortolami,Italy,85,Gloucester,"Rugby World Cup 2007, Rugby World Cup 2011",international
Marco Fuser,,Marco Fuser,Italy,5,Benetton Treviso,Rugby World Cup 2015,international
Marco Manfredi,,Marco Manfredi,Italy,3,Zebre Parma,"Rugby World Cup 2023, Six Nations 2024",premiership
Marco Riccioni,,Marco Riccioni,Call-ups,26,Saracens,Six Nations 2024,premiership
Marco Riccioni,,Marco Riccioni,Italy,31,Benetton,"Rugby World Cup 2019, Rugby World Cup 2023, Six Nations 2025",premiership
Marco Riccioni,,Marco Riccioni,Player representation by nation,0,Marco Riccioni,Rugby World Cup 2019,premiership
Marco Zanon,,Marco Zanon,Italy,17,Benetton,"Six Nations 2024, Six Nations 2025",urc
Marco van Staden,,Marco van Staden,South Africa,14,Bulls,Rugby World Cup 2023,urc
Marcos Ayerza,,Marcos Ayerza,Argentina,60,Leicester,"Rugby World Cup 2007, Rugby World Cup 2011, Rugby World Cup 2015",international
Marcos Kremer,,Marcos Kremer,Argentina,57,Jaguares,"Rugby World Cup 2019, Rugby World Cup 2023",top14
Marcus Di Rollo,,Marcus Di Rollo,Scotland,19,Edinburgh,Rugby World Cup 2007,international
Marcus Horan,,Marcus Horan,Ireland,46,Munster,Rugby World Cup 2007,international
Marcus Smith,,Marcus Smith,England,39,Harlequins,"Rugby World Cup 2023, Six Nations 2024, Six Nations 2025",international
Mariano Galarza,,Mariano Galarza,Argentina,24,Unattached,"Rugby World Cup 2011, Rugby World Cup 2015",international
Marika Koroibete,,Marika Koroibete,Australia,55,Melbourne Rebels,"Rugby World Cup 2019, Rugby World Cup 2023",league-one
Mario Ledesma,,Mario Ledesma,Argentina,78,Clermont,"Rugby World Cup 2007, Rugby World Cup 2011",international
Mario Ledesma,,Mario Ledesma,Squad caps,582,Mario Ledesma,Rugby World Cup 2011,international
Mario Sagario,,Mario Sagario,Uruguay,47,Massy,Rugby World Cup 2015,international
Marius Antonescu,,Marius Antonescu,Romania,9,Tarbes,Rugby World Cup 2015,international
Marius Iftimiciuc,,Marius Iftimiciuc,Romania,22,Carcassonne,Rugby World Cup 2023,international
Marius Simionescu,,Marius Simionescu,Romania,30,Timișoara,Rugby World Cup 2023,international
Marius Visser,,Marius Visser,Namibia,17,Border,"Rugby World Cup 2007, Rugby World Cup 2011",international
Marius Țincu,,Marius Țincu,Romania,42,Perpignan,"Rugby World Cup 2007, Rugby World Cup 2011",international
Mark Aylor,,Mark Aylor,United States,8,Denver Barbarians,Rugby World Cup 2007,international
Mark Bennett,,Mark Bennett,Scotland,9,Glasgow Warriors,Rugby World Cup 2015,international
Mark Chisholm,,Mark Chisholm,Australia,32,Brumbies,Rugby World Cup 2007,international
Mark Crick,,Mark Crick,United States,3,Potomac Athletic Club,Rugby World Cup 2007,international
Mark Cueto,,Mark Cueto,England,52,Sale Sharks,"Rugby World Cup 2007, Rugby World Cup 2011",international
Mark Jones,,Mark Jones,Wales,29,Llanelli Scarlets,Rugby World Cup 2007,international
Mark Nawaqanitawase,,Mark Nawaqanitawase,Australia,7,NSW Waratahs,Rugby World Cup 2023,international
Mark Regan,,Mark Regan,England,37,Bristol,Rugby World Cup 2007,international
Mark Tele'a,,Mark Tele'a,New Zealand,5,Blues / North Harbour,Rugby World Cup 2023,international
Mark Wilson,,Mark Wilson,England,15,Sale Sharks,Rugby World Cup 2019,international
Marko Gazzotti,,Marko Gazzotti,Call-ups,0,Bordeaux-Bègles,Six Nations 2024,top14
Marko Gazzotti,,Marko Gazzotti,France,1,Bordeaux Bègles,Six Nations 2025,top14
Marko Stanojevic,,Marko Stanojevic,Italy,6,Bristol,Rugby World Cup 2007,international
Maro Itoje,,Maro Itoje,England,88,Saracens,"Rugby World Cup 2019, Rugby World Cup 2023, Six Nations 2024, Six Nations 2025",international
Marshall Sykes,,Marshall Sykes,Call-ups,1,Edinburgh,Six Nations 2024,nan
Marshall Sykes,,Marshall Sykes,Scotland,1,Edinburgh,Six Nations 2025,nan
Martim Bello,,Martim Bello,Portugal,6,Cascais,Rugby World Cup 2023,international
Martin Castrogiovanni,,Martin Castrogiovanni,Italy,113,Leicester Tigers,"Rugby World Cup 2007, Rugby World Cup 2011, Rugby World Cup 2015",international
Martin Corry,,Martin Corry,England,55,Leicester Tigers,Rugby World Cup 2007,international
Martin Iosefo,,Martin Iosefo,United States,6,USA Sevens,Rugby World Cup 2019,international
Martin Page-Relo,,Martin Page-Relo,Italy,14,Lyon,"Rugby World Cup 2023, Six Nations 2024, Six Nations 2025",top14
Martyn Williams,,Martyn Williams,Wales,70,Cardiff Blues,Rugby World Cup 2007,international
Martín Bogado,,Martín Bogado,Argentina,2,Highlanders,Rugby World Cup 2023,international
Martín Durand,,Martín Durand,Argentina,49,Montpellier,Rugby World Cup 2007,international
Martín Landajo,,Martín Landajo,Argentina,46,UAR,Rugby World Cup 2015,international
Martín Rodríguez,,Martín Rodríguez,Argentina,10,Stade Français,Rugby World Cup 2011,international
Martín Scelzo,,Martín Scelzo,Argentina,54,Clermont,"Rugby World Cup 2007, Rugby World Cup 2011",international
Martín Schusterman,,Martín Schusterman,Argentina,15,Leeds,Rugby World Cup 2007,international
Martín Sigren,,Martín Sigren,Chile,27,Doncaster Knights,Rugby World Cup 2023,international
Marvin Orie,,Marvin Orie,South Africa,14,Perpignan,Rugby World Cup 2023,urc
Masahito Yamamoto,,Masahito Yamamoto,Japan,25,Verblitz,Rugby World Cup 2007,international
Masataka Mikami,,Masataka Mikami,Japan,29,Toshiba Brave Lupus,Rugby World Cup 2015,league-one
Mason Grady,,Mason Grady,Wales,6,Cardiff,"Rugby World Cup 2023, Six Nations 2024",urc
Matekitonga Moeakiola,,Matekitonga Moeakiola,United States,31,Park City Haggis,"Rugby World Cup 2007, Rugby World Cup 2011, Rugby World Cup 2015",international
Mateo Carreras,,Mateo Carreras,Argentina,11,Newcastle Falcons,Rugby World Cup 2023,top14
Mateo Sanguinetti,,Mateo Sanguinetti,Uruguay,80,Los Cuervos,"Rugby World Cup 2015, Rugby World Cup 2019, Rugby World Cup 2023",international
Mathew Tait,,Mathew Tait,England,11,Newcastle,Rugby World Cup 2007,international
Mathias Palomeque,,Mathias Palomeque,Uruguay,24,Trébol de Paysandú,Rugby World Cup 2015,international
Mathieu Bastareaud,,Mathieu Bastareaud,France,35,Toulon,Rugby World Cup 2015,international
Matt Banahan,,Matt Banahan,England,13,Bath,Rugby World Cup 2011,international
Matt Cockbain,,Matt Cockbain,Australia,63,Melbourne Rebels,Rugby World Cup 2007,international
Matt Currie,,Matt Currie,Scotland,4,Edinburgh,Six Nations 2025,nan
Matt Dunning,,Matt Dunning,Australia,32,Waratahs,Rugby World Cup 2007,international
Matt Evans,,Matt Evans,Canada,29,Cornish Pirates,"Rugby World Cup 2011, Rugby World Cup 2015",international
Matt Faessler,,Matt Faessler,Australia,2,Queensland Reds,Rugby World Cup 2023,nan
Matt Fagerson,,Matt Fagerson,Scotland,50,Glasgow Warriors,"Rugby World Cup 2023, Six Nations 2024, Six Nations 2025",urc
Matt Gallagher,,Matt Gallagher,Italy,2,Benetton,Six Nations 2025,nan
Matt Giteau,,Matt Giteau,Australia,96,Western Force,"Rugby World Cup 2007, Rugby World Cup 2015",international
Matt Heaton,,Matt Heaton,Canada,25,Rugby ATL,Rugby World Cup 2019,international
Matt Hodgson,,Matt Hodgson,Australia,6,Western Force,Rugby World Cup 2011,international
Matt Philip,,Matt Philip,Australia,29,Melbourne Rebels,Rugby World Cup 2023,nan
Matt Scott,,Matt Scott,Scotland,29,Edinburgh,Rugby World Cup 2015,international
Matt Stevens,,Matt Stevens,England,34,Bath,"Rugby World Cup 2007, Rugby World Cup 2011",international
Matt Tierney,,Matt Tierney,Canada,20,Castres,Rugby World Cup 2019,international
Matt To'omua,,Matt To'omua,Australia,47,Brumbies,"Rugby World Cup 2015, Rugby World Cup 2019",international
Matt Todd,,Matt Todd,New Zealand,21,Crusaders,Rugby World Cup 2019,international
Matt Trouville,,Matt Trouville,United States,4,Seattle Saracens,Rugby World Cup 2015,international
Matt Weingart,,Matt Weingart,Canada,6,Castaway Wanderers,Rugby World Cup 2007,international
Matteo Canali,,Matteo Canali,Call-ups,0,Zebre Parma,Six Nations 2024,urc
Matteo Canali,,Matteo Canali,Italy,0,Zebre Parma,Six Nations 2025,urc
Matteo Minozzi,,Matteo Minozzi,Italy,13,Wasps,Rugby World Cup 2019,international
Matteo Nocera,,Matteo Nocera,Italy,0,Zebre Parma,Six Nations 2024,urc
Matteo Pratichetti,,Matteo Pratichetti,Italy,23,Calvisano,"Rugby World Cup 2007, Rugby World Cup 2011",international
Matthew Morgan,,Matthew Morgan,Wales,3,Bristol,Rugby World Cup 2015,international
Matthew Rees,,Matthew Rees,Wales,11,Llanelli Scarlets,Rugby World Cup 2007,international
Matthias Halagahu,,Matthias Halagahu,France,0,Toulon,"Six Nations 2024, Six Nations 2025",top14
Matthieu Jalibert,,Matthieu Jalibert,France,34,Bordeaux-Bègles,"Rugby World Cup 2023, Six Nations 2024, Six Nations 2025",top14
Matthis Lebel,,Matthis Lebel,France,5,Toulouse,Six Nations 2024,top14
Mattia Bellini,,Mattia Bellini,Italy,20,Zebre,Rugby World Cup 2019,international
Matías Agüero,,Matías Agüero,Italy,36,Viadana,"Rugby World Cup 2007, Rugby World Cup 2015",international
Matías Alemanno,,Matías Alemanno,Argentina,87,UAR,"Rugby World Cup 2015, Rugby World Cup 2019, Rugby World Cup 2023",international
Matías Beer,,Matías Beer,Squad caps,866,Matías Beer,Rugby World Cup 2015,international
Matías Beer,,Matías Beer,Uruguay,11,Old Christians,Rugby World Cup 2015,international
Matías Benítez,,Matías Benítez,Uruguay,45,Peñarol,Rugby World Cup 2023,international
Matías Dittus,,Matías Dittus,Chile,21,Périgueux,Rugby World Cup 2023,international
Matías Garafulic,,Matías Garafulic,Chile,12,Selknam,Rugby World Cup 2023,international
Matías Moroni,,Matías Moroni,Argentina,74,UAR,"Rugby World Cup 2015, Rugby World Cup 2019, Rugby World Cup 2023",international
Matías Orlando,,Matías Orlando,Argentina,41,Jaguares,Rugby World Cup 2019,international
Maurie Fa'asavalu,,Maurie Fa'asavalu,Samoa,25,Harlequins,"Rugby World Cup 2011, Rugby World Cup 2015",international
Mauro Bergamasco,,Mauro Bergamasco,Italy,104,Stade Français,"Rugby World Cup 2007, Rugby World Cup 2011, Rugby World Cup 2015",international
Max Deegan,,Max Deegan,Call-ups,2,Leinster,Six Nations 2025,urc
Max Evans,,Max Evans,Scotland,20,Castres,Rugby World Cup 2011,international
Max Jorgensen,,Max Jorgensen,Australia,0,NSW Waratahs,Rugby World Cup 2023,nan
Max Jorgensen,,Max Jorgensen,Player representation by nation,0,Max Jorgensen,Rugby World Cup 2023,nan
Max Jorgensen,,Max Jorgensen,Squad caps,668,Max Jorgensen,Rugby World Cup 2023,nan
Max Katjijeko,,Max Katjijeko,Namibia,21,Welwitschias,"Rugby World Cup 2019, Rugby World Cup 2023",international
Max Llewellyn,,Max Llewellyn,Call-ups,5,Gloucester,Six Nations 2025,premiership
Max Malins,,Max Malins,England,21,Bristol Bears,Rugby World Cup 2023,premiership
Max Ojomoh,,Max Ojomoh,Call-ups,0,Bath,"Six Nations 2024, Six Nations 2025",premiership
Max Williamson,,Max Williamson,Call-ups,0,Glasgow Warriors,Six Nations 2024,urc
Maxime Lamothe,,Maxime Lamothe,France,0,Bordeaux Bègles,Six Nations 2025,top14
Maxime Lucu,,Maxime Lucu,France,24,Bordeaux-Bègles,"Rugby World Cup 2023, Six Nations 2024, Six Nations 2025",top14
Maxime Machenaud,,Maxime Machenaud,France,36,Racing 92,Rugby World Cup 2019,top14
Maxime Mbanda,,Maxime Mbanda,Italy,18,Zebre,Rugby World Cup 2019,international
Maxime Mermoz,,Maxime Mermoz,France,9,Perpignan,Rugby World Cup 2011,international
Maxime Médard,,Maxime Médard,France,59,Toulouse,"Rugby World Cup 2011, Rugby World Cup 2019",international
Maximiliano Bustos,,Maximiliano Bustos,Argentina,0,Montpellier,Rugby World Cup 2011,international
Mayco Vivas,,Mayco Vivas,Argentina,19,Jaguares,"Rugby World Cup 2019, Rugby World Cup 2023",international
Mayco Vivas,,Mayco Vivas,Player representation by nation,0,Mayco Vivas,Rugby World Cup 2019,international
Maʻafu Fia,,Maʻafu Fia,Tonga,6,Ospreys,Rugby World Cup 2019,international
McGrath van Wyk,,McGrath van Wyk,Namibia,9,Farul Constanța,Rugby World Cup 2011,international
Meko Kvirikashvili,,Meko Kvirikashvili,Georgia,20,Pau,Rugby World Cup 2007,international
Melani Matavao,,Melani Matavao,Player representation by nation,0,Melani Matavao,Rugby World Cup 2019,nan
Melani Matavao,,Melani Matavao,Samoa,13,Aana Chiefs,"Rugby World Cup 2019, Rugby World Cup 2023",nan
Meli Derenalagi,,Meli Derenalagi,Fiji,3,Fijian Drua,Rugby World Cup 2023,international
Melrick Africa,,Melrick Africa,Namibia,19,Reho Falcons,Rugby World Cup 2007,international
Melvyn Jaminet,,Melvyn Jaminet,France,19,Toulouse,"Rugby World Cup 2023, Six Nations 2024",top14
Merab Kvirikashvili,,Merab Kvirikashvili,Georgia,85,Figeac,"Rugby World Cup 2011, Rugby World Cup 2015",international
Merab Sharikadze,,Merab Sharikadze,Georgia,96,Aurillac,"Rugby World Cup 2015, Rugby World Cup 2019, Rugby World Cup 2023",international
Mesake Doge,,Mesake Doge,Fiji,10,Fijian Drua,Rugby World Cup 2023,nan
Mesu Dolokoto,,Mesu Dolokoto,Fiji,6,Glasgow Warriors,Rugby World Cup 2019,international
Metuisela Talebula,,Metuisela Talebula,Fiji,16,Bordeaux Bègles,Rugby World Cup 2015,international
Michael Alaalatoa,,Michael Alaalatoa,Samoa,13,Crusaders,"Rugby World Cup 2019, Rugby World Cup 2023",urc
Michael Alaalatoa,,Michael Alaalatoa,Squad caps,434,Michael Alaalatoa,Rugby World Cup 2019,urc
Michael Broadhurst,,Michael Broadhurst,Japan,22,Ricoh Black Rams,Rugby World Cup 2015,international
Michael Hooper,,Michael Hooper,Australia,95,Waratahs,"Rugby World Cup 2015, Rugby World Cup 2019",international
Michael Leitch,,Michael Leitch,Japan,80,Toshiba Brave Lupus,"Rugby World Cup 2011, Rugby World Cup 2015, Rugby World Cup 2019, Rugby World Cup 2023",league-one
Michael MacKenzie,,Michael MacKenzie,Namibia,5,United Rugby Club,Rugby World Cup 2007,international
Michael Owen,,Michael Owen,Wales,37,Newport Gwent Dragons,Rugby World Cup 2007,international
Michael Stanley,,Michael Stanley,Samoa,6,Unattached,Rugby World Cup 2015,international
Michael Tagicakibau,,Michael Tagicakibau,Fiji,3,Saracens,Rugby World Cup 2011,international
Michael Wiringi,,Michael Wiringi,Romania,1,Baia Mare,Rugby World Cup 2015,international
Michele Campagnaro,,Michele Campagnaro,Italy,44,Exeter Chiefs,"Rugby World Cup 2015, Rugby World Cup 2019",international
Michele Lamaro,,Michele Lamaro,Italy,44,Benetton,"Rugby World Cup 2023, Six Nations 2024, Six Nations 2025",nan
Michele Rizzo,,Michele Rizzo,Italy,19,Leicester Tigers,Rugby World Cup 2015,international
Michele Visentin,,Michele Visentin,Italy,1,Zebre,Rugby World Cup 2015,international
Mickaël Guillard,,Mickaël Guillard,Call-ups,5,Lyon,Six Nations 2025,top14
Miguel Portela,,Miguel Portela,Portugal,53,Direito,Rugby World Cup 2007,international
Mihai Graure,,Mihai Graure,Romania,0,Dinamo București,Rugby World Cup 2023,international
Mihai Lazăr,,Mihai Lazăr,Romania,47,Castres,Rugby World Cup 2015,international
Mihai Macovei,,Mihai Macovei,Romania,104,Baia Mare,"Rugby World Cup 2011, Rugby World Cup 2015, Rugby World Cup 2023",international
Mihai Mureșan,,Mihai Mureșan,Player representation by nation,0,Mihai Mureșan,Rugby World Cup 2023,international
Mihai Mureșan,,Mihai Mureșan,Romania,3,Știința Baia Mare,Rugby World Cup 2023,international
Mihaita Lazăr,,Mihaita Lazăr,Romania,12,Aix-en-Provence,Rugby World Cup 2011,international
Mike Blair,,Mike Blair,Scotland,72,Edinburgh,"Rugby World Cup 2007, Rugby World Cup 2011",international
Mike Brown,,Mike Brown,England,39,Harlequins,Rugby World Cup 2015,international
Mike Burak,,Mike Burak,Canada,15,Pau,Rugby World Cup 2007,international
Mike Catt,,Mike Catt,England,69,London Irish,Rugby World Cup 2007,international
Mike French,,Mike French,United States,8,OMBAC,Rugby World Cup 2007,international
Mike Hercus,,Mike Hercus,United States,31,Belmont Shore,Rugby World Cup 2007,international
Mike James,,Mike James,Canada,51,Stade Français,Rugby World Cup 2007,international
Mike MacDonald,,Mike MacDonald,Squad caps,444,Mike MacDonald,Rugby World Cup 2011,international
Mike MacDonald,,Mike MacDonald,United States,62,Leeds,"Rugby World Cup 2007, Rugby World Cup 2011",international
Mike Mangan,,Mike Mangan,United States,14,Denver Barbarians,Rugby World Cup 2007,international
Mike McCarthy,,Mike McCarthy,Ireland,17,Leinster,Rugby World Cup 2015,international
Mike Petri,,Mike Petri,United States,54,Belmont Shore,"Rugby World Cup 2007, Rugby World Cup 2011, Rugby World Cup 2015",international
Mike Phillips,,Mike Phillips,Wales,94,Ospreys,"Rugby World Cup 2007, Rugby World Cup 2011, Rugby World Cup 2015",international
Mike Pletch,,Mike Pletch,Canada,7,Oakville Crusaders,Rugby World Cup 2007,international
Mike Pyke,,Mike Pyke,Canada,14,Montauban,Rugby World Cup 2007,international
Mike Ross,,Mike Ross,Ireland,52,Leinster,"Rugby World Cup 2011, Rugby World Cup 2015",international
Mike Scholz,,Mike Scholz,Canada,4,Ontario Blues,Rugby World Cup 2011,international
Mike Sheppard,,Mike Sheppard,Canada,8,Toronto Arrows,Rugby World Cup 2019,international
Mike Tadjer,,Mike Tadjer,Portugal,32,Perpignan,Rugby World Cup 2023,international
Mike Te'o,,Mike Te'o,United States,24,San Diego Legion,Rugby World Cup 2019,international
Mike Tindall,,Mike Tindall,England,71,Gloucester,Rugby World Cup 2011,international
Mike Webb,,Mike Webb,Canada,15,Swilers,Rugby World Cup 2007,international
Mikhail Babaev,,Mikhail Babaev,Russia,33,VVA Podmoskovye,Rugby World Cup 2011,international
Mikhail Sidorov,,Mikhail Sidorov,Russia,1,Slava Moscow,Rugby World Cup 2011,international
Mikheil Babunashvili,,Mikheil Babunashvili,Georgia,2,Black Lion,Rugby World Cup 2023,international
Mikheil Gachechiladze,,Mikheil Gachechiladze,Georgia,21,Black Lion,Rugby World Cup 2023,international
Mikheil Nariashvili,,Mikheil Nariashvili,Georgia,73,Montpellier,"Rugby World Cup 2015, Rugby World Cup 2019, Rugby World Cup 2023",international
Mils Muliaina,,Mils Muliaina,New Zealand,100,Waikato,"Rugby World Cup 2007, Rugby World Cup 2011",international
Mils Muliaina,,Mils Muliaina,Squad caps,1139,"Mils Muliaina , Richie McCaw",Rugby World Cup 2011,international
Miracle Faiʻilagi,,Miracle Faiʻilagi,Player representation by nation,0,Miracle Faiʻilagi,Rugby World Cup 2023,international
Miracle Faiʻilagi,,Miracle Faiʻilagi,Samoa,3,Moana Pasifika,Rugby World Cup 2023,international
Mirco Bergamasco,,Mirco Bergamasco,Italy,82,Stade Français,"Rugby World Cup 2007, Rugby World Cup 2011",international
Mirco Spagnolo,,Mirco Spagnolo,Italy,0,Benetton,Six Nations 2024,nan
Mirian Modebadze,,Mirian Modebadze,Georgia,25,Aia Kutaisi,"Rugby World Cup 2019, Rugby World Cup 2023",international
Monty Ioane,,Monty Ioane,Italy,36,Lyon,"Rugby World Cup 2023, Six Nations 2024, Six Nations 2025",top14
Moray Low,,Moray Low,Scotland,15,Glasgow Warriors,Rugby World Cup 2011,international
Morgan Parra,,Morgan Parra,France,61,Clermont,"Rugby World Cup 2011, Rugby World Cup 2015",international
Morgan Turinui,,Morgan Turinui,Australia,22,Queensland Reds,Rugby World Cup 2007,international
Morgan Williams,,Morgan Williams,Canada,47,Albi,Rugby World Cup 2007,international
Morné Schreuder,,Morné Schreuder,Namibia,0,Wanderers,Rugby World Cup 2007,international
Morné Steyn,,Morné Steyn,South Africa,59,Bulls,"Rugby World Cup 2011, Rugby World Cup 2015",international
Mosese Rauluni,,Mosese Rauluni,Fiji,35,Saracens,Rugby World Cup 2007,international
Mosese Voka,,Mosese Voka,Fiji,7,Fijian Latui,Rugby World Cup 2019,international
Motu Matu'u,,Motu Matu'u,Samoa,21,Hurricanes,"Rugby World Cup 2015, Rugby World Cup 2019",international
Muliufi Salanoa,,Muliufi Salanoa,Samoa,10,Skopa,Rugby World Cup 2007,international
Muraz Giorgadze,,Muraz Giorgadze,Georgia,7,Armazi Tbilisi,Rugby World Cup 2015,international
Murray Williams,,Murray Williams,Japan,3,Toyota Shokki,Rugby World Cup 2011,international
Mădălin Lemnaru,,Mădălin Lemnaru,Romania,27,Timişoara,"Rugby World Cup 2011, Rugby World Cup 2015",international
Na'ama Leleimalefaga,,Na'ama Leleimalefaga,Samoa,1,Montpellier,Rugby World Cup 2007,international
Nafi Tuitavake,,Nafi Tuitavake,Tonga,13,Unattached,Rugby World Cup 2019,international
Nahuel Tetaz Chaparro,,Nahuel Tetaz Chaparro,Argentina,78,UAR,"Rugby World Cup 2015, Rugby World Cup 2019, Rugby World Cup 2023",nan
Namibia,,Namibia,Overview,0,Johan Deysel,Rugby World Cup 2019,international
Nanyak Dala,,Nanyak Dala,Canada,34,Prairie Wolf Pack,"Rugby World Cup 2011, Rugby World Cup 2015",international
Naoki Kawamata,,Naoki Kawamata,Japan,17,Panasonic Wild Knights,Rugby World Cup 2011,international
Naoto Saito,齋藤直人,齋藤直人,Japan,15,Tokyo Sungoliath,Rugby World Cup 2023,top14
Napolioni Nalaga,,Napolioni Nalaga,Fiji,5,Western Force,Rugby World Cup 2011,international
Nasi Manu,,Nasi Manu,Tonga,3,Benetton,Rugby World Cup 2019,international
Nataniela Oto,,Nataniela Oto,Japan,11,Brave Lupus,Rugby World Cup 2007,international
Nate Augspurger,,Nate Augspurger,United States,24,San Diego Legion,Rugby World Cup 2019,international
Nate Brakeley,,Nate Brakeley,United States,21,Rugby United New York,Rugby World Cup 2019,international
Nathan Hines,,Nathan Hines,Scotland,73,Perpignan,"Rugby World Cup 2007, Rugby World Cup 2011",international
Nathan Hirayama,,Nathan Hirayama,Canada,19,University of Victoria,"Rugby World Cup 2007, Rugby World Cup 2011, Rugby World Cup 2015",international
Nathan McBeth,,Nathan McBeth,Call-ups,2,Glasgow Warriors,Six Nations 2025,urc
Nathan Sharpe,,Nathan Sharpe,Australia,95,Western Force,"Rugby World Cup 2007, Rugby World Cup 2011",international
Nathan Sharpe,,Nathan Sharpe,Squad caps,811,Nathan Sharpe,Rugby World Cup 2011,international
Nathan White,,Nathan White,Ireland,3,Connacht,Rugby World Cup 2015,international
Neemia Tialata,,Neemia Tialata,New Zealand,17,Wellington,Rugby World Cup 2007,international
Nehe Milner-Skudder,,Nehe Milner-Skudder,New Zealand,2,Hurricanes / Manawatu,Rugby World Cup 2015,international
Neil Best,,Neil Best,Ireland,13,Ulster,Rugby World Cup 2007,international
Nelius Theron,,Nelius Theron,Namibia,5,Leopards,Rugby World Cup 2019,international
Nemani Nadolo,,Nemani Nadolo,Fiji,20,Crusaders,Rugby World Cup 2015,international
Nemia Kenatale,,Nemia Kenatale,Fiji,34,Tailevu,"Rugby World Cup 2011, Rugby World Cup 2015",international
Nemia Soqeta,,Nemia Soqeta,Fiji,7,Biarritz Olympique,Rugby World Cup 2015,international
Nepo Laulala,,Nepo Laulala,New Zealand,49,Chiefs,"Rugby World Cup 2019, Rugby World Cup 2023",premiership
Neria Fomai,,Neria Fomai,Samoa,8,Moana Pasifika,Rugby World Cup 2023,international
Nese Malifa,,Nese Malifa,United States,20,Belmont Shore,"Rugby World Cup 2007, Rugby World Cup 2011",international
Netani Talei,,Netani Talei,Fiji,30,Doncaster Knights,"Rugby World Cup 2007, Rugby World Cup 2011, Rugby World Cup 2015",international
New Zealand,,New Zealand,Overview,0,Kieran Read,Rugby World Cup 2019,international
Niall Scannell,,Niall Scannell,Ireland,16,Munster,Rugby World Cup 2019,urc
Nic Johnson,,Nic Johnson,United States,14,Unattached,Rugby World Cup 2011,international
Nic White,,Nic White,Australia,63,Exeter Chiefs,"Rugby World Cup 2019, Rugby World Cup 2023",international
Niccolò Cannone,,Niccolò Cannone,Italy,48,Benetton,"Rugby World Cup 2023, Six Nations 2024, Six Nations 2025",nan
Nick Abendanon,,Nick Abendanon,England,2,Bath,Rugby World Cup 2007,international
Nick Blevins,,Nick Blevins,Canada,62,Prairie Wolf Pack,"Rugby World Cup 2015, Rugby World Cup 2019",international
Nick Civetta,,Nick Civetta,United States,23,Unattached,Rugby World Cup 2019,international
Nick De Luca,,Nick De Luca,Scotland,26,Edinburgh,Rugby World Cup 2011,international
Nick Easter,,Nick Easter,England,52,Harlequins,"Rugby World Cup 2007, Rugby World Cup 2011, Rugby World Cup 2015",international
Nick Evans,,Nick Evans,New Zealand,12,Otago,Rugby World Cup 2007,international
Nick Frost,,Nick Frost,Australia,12,ACT Brumbies,Rugby World Cup 2023,nan
Nick Isiekwe,,Nick Isiekwe,England,11,Saracens,Six Nations 2024,premiership
Nick Phipps,,Nick Phipps,Australia,32,Melbourne Rebels,"Rugby World Cup 2011, Rugby World Cup 2015",nan
Nick Timoney,,Nick Timoney,Call-ups,3,Ulster,Six Nations 2025,urc
Nick Timoney,,Nick Timoney,Ireland,3,Ulster,Six Nations 2024,urc
Nick Tompkins,,Nick Tompkins,Wales,38,Saracens,"Rugby World Cup 2023, Six Nations 2024, Six Nations 2025",premiership
Nick Trenkel,,Nick Trenkel,Canada,0,Capilano,Rugby World Cup 2007,international
Nicky Little,,Nicky Little,Fiji,79,Petrarca Padova,"Rugby World Cup 2007, Rugby World Cup 2011",international
Nicky Little,,Nicky Little,Squad caps,408,Nicky Little,Rugby World Cup 2011,international
Nicky Smith,,Nicky Smith,Wales,49,Ospreys,"Rugby World Cup 2019, Rugby World Cup 2023, Six Nations 2025",premiership
Nico Esterhuyse,,Nico Esterhuyse,Namibia,26,Maties RC,"Rugby World Cup 2007, Rugby World Cup 2011",international
Nicola Quaglio,,Nicola Quaglio,Italy,11,Benetton,Rugby World Cup 2019,international
Nicolae Dragoș Dima,,Nicolae Dragoș Dima,Romania,35,Blagnac,Rugby World Cup 2011,international
Nicolae Nere,,Nicolae Nere,Romania,17,Steaua,Rugby World Cup 2011,international
Nicolas Depoortère,,Nicolas Depoortère,France,2,Bordeaux-Bègles,"Six Nations 2024, Six Nations 2025",top14
Nicolas Martins,,Nicolas Martins,Portugal,8,Soyaux Angoulême,Rugby World Cup 2023,international
Nicolas Mas,,Nicolas Mas,France,80,Perpignan,"Rugby World Cup 2007, Rugby World Cup 2011, Rugby World Cup 2015",international
Nicolas Onuțu,,Nicolas Onuțu,Romania,27,Annonay,Rugby World Cup 2023,international
Nicolás Fernández Miranda,,Nicolás Fernández Miranda,Argentina,41,Hindú,Rugby World Cup 2007,international
Nicolás Freitas,,Nicolás Freitas,Uruguay,50,Carrasco Polo,"Rugby World Cup 2019, Rugby World Cup 2023",international
Nicolás Garafulic,,Nicolás Garafulic,Chile,19,Selknam,Rugby World Cup 2023,international
Nicolás Herreros,,Nicolás Herreros,Chile,5,Selknam,Rugby World Cup 2023,international
Nicolás Klappenbach,,Nicolás Klappenbach,Uruguay,46,Champagnat,Rugby World Cup 2015,international
Nicolás Sánchez,,Nicolás Sánchez,Argentina,98,Bordeaux,"Rugby World Cup 2011, Rugby World Cup 2015, Rugby World Cup 2019, Rugby World Cup 2023",international
Nicolás Vergallo,,Nicolás Vergallo,Argentina,19,Toulouse,Rugby World Cup 2011,international
Nigel Ah Wong,,Nigel Ah Wong,Samoa,8,Unattached,Rugby World Cup 2023,international
Nika Abuladze,,Nika Abuladze,Georgia,12,Exeter Chiefs,Rugby World Cup 2023,top14
Nikita Vavilin,,Nikita Vavilin,Russia,10,Slava Moscow,Rugby World Cup 2019,international
Nikki Walker,,Nikki Walker,Scotland,8,Ospreys,Rugby World Cup 2007,international
Nikola Matawalu,,Nikola Matawalu,Fiji,36,Bath,"Rugby World Cup 2015, Rugby World Cup 2019",international
Niku Kruger,,Niku Kruger,United States,1,Glendale Raptors,Rugby World Cup 2015,international
Nili Latu,,Nili Latu,Tonga,40,Green Rockets,"Rugby World Cup 2007, Rugby World Cup 2015",international
Noa Nakaitaci,,Noa Nakaitaci,France,4,Clermont,Rugby World Cup 2015,international
Noah Nene,,Noah Nene,France,0,Dax,Six Nations 2025,international
Nodar Tcheishvili,,Nodar Tcheishvili,Georgia,48,Black Lion,Rugby World Cup 2023,international
Nolann Le Garrec,,Nolann Le Garrec,France,7,Racing 92,"Six Nations 2024, Six Nations 2025",top14
Norman Ligairi,,Norman Ligairi,Fiji,39,Brive,Rugby World Cup 2007,international
Nozomu Fujita,,Nozomu Fujita,Japan,10,Honda Heat,Rugby World Cup 2011,international
Nuno Sousa Guedes,,Nuno Sousa Guedes,Portugal,38,CDUP,Rugby World Cup 2023,international
Obert Nortjé,,Obert Nortjé,Namibia,21,Welwitschias,"Rugby World Cup 2019, Rugby World Cup 2023",international
Odwa Ndungane,,Odwa Ndungane,South Africa,8,Sharks,Rugby World Cup 2011,international
Oela Blaauw,,Oela Blaauw,Namibia,0,University of Johannesburg,Rugby World Cup 2023,international
Oela Blaauw,,Oela Blaauw,Player representation by nation,0,Oela Blaauw,Rugby World Cup 2023,international
Oela Blaauw,,Oela Blaauw,Squad caps,563,Oela Blaauw,Rugby World Cup 2023,international
Ofa Tu'ungafasi,,Ofa Tu'ungafasi,New Zealand,53,Blues,"Rugby World Cup 2019, Rugby World Cup 2023",nan
Ofisa Treviranus,,Ofisa Treviranus,Samoa,32,London Irish,"Rugby World Cup 2011, Rugby World Cup 2015",international
Ole Avei,,Ole Avei,Samoa,21,Bordeaux,"Rugby World Cup 2011, Rugby World Cup 2015",international
Oli Jager,,Oli Jager,Call-ups,0,Munster,Six Nations 2024,urc
Olive Kilifi,,Olive Kilifi,United States,27,Seattle Saracens,"Rugby World Cup 2015, Rugby World Cup 2019",international
Olivier Magne,,Olivier Magne,France,90,London Irish,Rugby World Cup 2007,international
Olivier Milloud,,Olivier Milloud,France,45,Bourgoin,Rugby World Cup 2007,international
Oliviero Fabiani,,Oliviero Fabiani,Italy,9,Zebre,Rugby World Cup 2019,international
Ollie Chessum,,Ollie Chessum,England,23,Leicester Tigers,"Rugby World Cup 2023, Six Nations 2024, Six Nations 2025",premiership
Ollie Lawrence,,Ollie Lawrence,England,31,Bath,"Rugby World Cup 2023, Six Nations 2024, Six Nations 2025",premiership
Ollie Sleightholme,,Ollie Sleightholme,England,5,Northampton Saints,Six Nations 2025,premiership
Ollie Smith,,Ollie Smith,Player representation by nation,0,Ollie Smith,Rugby World Cup 2023,urc
Ollie Smith,,Ollie Smith,Scotland,6,Glasgow Warriors,Rugby World Cup 2023,urc
Olly Barkley,,Olly Barkley,England,16,Bath,Rugby World Cup 2007,international
Omar Hasan,,Omar Hasan,Argentina,58,Toulouse,Rugby World Cup 2007,international
Opeti Fonua,,Opeti Fonua,Tonga,6,Leicester Tigers,Rugby World Cup 2015,international
Os du Randt,,Os du Randt,South Africa,72,Cheetahs,Rugby World Cup 2007,international
Oscar Beard,,Oscar Beard,England,0,Harlequins,"Six Nations 2024, Six Nations 2025",premiership
Oscar Durán,,Oscar Durán,Uruguay,31,Carrasco Polo,Rugby World Cup 2015,international
Oscar Jégou,,Oscar Jégou,France,1,La Rochelle,Six Nations 2025,top14
Otar Barkalaia,,Otar Barkalaia,Georgia,23,Figeac,Rugby World Cup 2007,international
Otar Eloshvili,,Otar Eloshvili,Georgia,9,Arras,Rugby World Cup 2007,international
Otar Giorgadze,,Otar Giorgadze,Georgia,35,Brive,"Rugby World Cup 2019, Rugby World Cup 2023",international
Otar Lashkhi,,Otar Lashkhi,Georgia,2,Black Lion,Rugby World Cup 2023,international
Otar Turashvili,,Otar Turashvili,Romania,21,Colomiers,Rugby World Cup 2015,international
Otumaka Mausia,,Otumaka Mausia,Tonga,11,Western Sydney Two Blues,Rugby World Cup 2023,international
Ovidiu Cojocaru,,Ovidiu Cojocaru,Romania,32,Dinamo București,Rugby World Cup 2023,international
Ovidiu Tonița,,Ovidiu Tonița,Romania,70,Perpignan,"Rugby World Cup 2007, Rugby World Cup 2011, Rugby World Cup 2015",international
Owen Farrell,,Owen Farrell,England,107,Saracens,"Rugby World Cup 2015, Rugby World Cup 2019, Rugby World Cup 2023",premiership
Owen Franks,,Owen Franks,New Zealand,72,Crusaders,"Rugby World Cup 2011, Rugby World Cup 2015",international
Owen Lane,,Owen Lane,Wales,1,Cardiff Blues,Rugby World Cup 2019,international
Owen Lentz,,Owen Lentz,United States,3,Maryland Exiles,Rugby World Cup 2007,international
Owen Watkin,,Owen Watkin,Wales,42,Ospreys,"Rugby World Cup 2019, Six Nations 2024, Six Nations 2025",urc
Ox Nché,,Ox Nché,South Africa,21,Sharks,Rugby World Cup 2023,urc
P. J. van Lill,,P. J. van Lill,Namibia,60,Capbreton Hossegor,Rugby World Cup 2023,international
PJ Walters,,PJ Walters,Namibia,0,Welwitschias,Rugby World Cup 2019,international
PJ Walters,,PJ Walters,Squad caps,614,PJ Walters,Rugby World Cup 2019,international
PJ van Lill,,PJ van Lill,Namibia,49,Stade Aurillac,"Rugby World Cup 2011, Rugby World Cup 2015, Rugby World Cup 2019",international
Pablo Canavosio,,Pablo Canavosio,Italy,37,Castres Olympique,"Rugby World Cup 2007, Rugby World Cup 2011",international
Pablo Casas,,Pablo Casas,Chile,15,Selknam,Rugby World Cup 2023,international
Pablo Huete,,Pablo Huete,Chile,30,Selknam,Rugby World Cup 2023,international
Pablo Matera,,Pablo Matera,Argentina,95,UAR,"Rugby World Cup 2015, Rugby World Cup 2019, Rugby World Cup 2023",league-one
Paddy Jackson,,Paddy Jackson,Ireland,12,Ulster,Rugby World Cup 2015,top14
Paddy Wallace,,Paddy Wallace,Ireland,28,Ulster,"Rugby World Cup 2007, Rugby World Cup 2011",international
Paino Hehea,,Paino Hehea,Tonga,16,Racing Métro,"Rugby World Cup 2007, Rugby World Cup 2011",international
Paliko Jimsheladze,,Paliko Jimsheladze,Georgia,56,Arras,Rugby World Cup 2007,international
Paolo Garbisi,,Paolo Garbisi,Italy,42,Montpellier,"Rugby World Cup 2023, Six Nations 2024, Six Nations 2025",top14
Paolo Odogwu,,Paolo Odogwu,Italy,3,Benetton,Rugby World Cup 2023,nan
Pascal Papé,,Pascal Papé,France,61,Castres,"Rugby World Cup 2007, Rugby World Cup 2011, Rugby World Cup 2015",international
Pat Danahy,,Pat Danahy,United States,5,Life University,Rugby World Cup 2011,international
Pat Lambie,,Pat Lambie,South Africa,44,Sharks,Rugby World Cup 2015,international
Pat McCabe,,Pat McCabe,Australia,5,Brumbies,Rugby World Cup 2011,international
Pat Parfrey,,Pat Parfrey,Canada,30,Atlantic Rock,"Rugby World Cup 2015, Rugby World Cup 2019",international
Pat Riordan,,Pat Riordan,Canada,39,Burnaby Lake,"Rugby World Cup 2007, Rugby World Cup 2011",international
Patricio Albacete,,Patricio Albacete,Argentina,41,Toulouse,"Rugby World Cup 2007, Rugby World Cup 2011",international
Patrick Fa'apale,,Patrick Fa'apale,Samoa,6,Vaiala,Rugby World Cup 2015,international
Patrick Harrison,,Patrick Harrison,Scotland,3,Edinburgh,Six Nations 2025,nan
Patrick Lambie,,Patrick Lambie,South Africa,7,Sharks,Rugby World Cup 2011,international
Patrick Pellegrini,,Patrick Pellegrini,Tonga,3,Coventry,Rugby World Cup 2023,international
Patrick Tuipulotu,,Patrick Tuipulotu,New Zealand,25,Blues,Rugby World Cup 2019,nan
Paul Alo-Emile,,Paul Alo-Emile,Samoa,21,Stade Français,"Rugby World Cup 2019, Rugby World Cup 2023",top14
Paul Boudehent,,Paul Boudehent,France,14,La Rochelle,"Rugby World Cup 2023, Six Nations 2024, Six Nations 2025",top14
Paul Boudehent,,Paul Boudehent,Squad caps,835,Paul Boudehent,Rugby World Cup 2023,top14
Paul Derbyshire,,Paul Derbyshire,Italy,12,Benetton Treviso,Rugby World Cup 2011,international
Paul Emerick,,Paul Emerick,United States,44,Newport Gwent Dragons,"Rugby World Cup 2007, Rugby World Cup 2011",international
Paul Gabrillagues,,Paul Gabrillagues,France,16,Stade Français,"Rugby World Cup 2019, Six Nations 2024",top14
Paul Griffen,,Paul Griffen,Italy,35,Calvisano,Rugby World Cup 2007,international
Paul James,,Paul James,Wales,62,Ospreys,"Rugby World Cup 2011, Rugby World Cup 2015",international
Paul Lasike,,Paul Lasike,United States,16,Harlequins,Rugby World Cup 2019,international
Paul Mullen,,Paul Mullen,United States,14,Unattached,Rugby World Cup 2019,international
Paul Ngauamo,,Paul Ngauamo,Tonga,27,Stade Montois,"Rugby World Cup 2015, Rugby World Cup 2019, Rugby World Cup 2023",international
Paul O'Connell,,Paul O'Connell,Ireland,104,Munster,"Rugby World Cup 2007, Rugby World Cup 2011, Rugby World Cup 2015",international
Paul Perez,,Paul Perez,Samoa,11,Sharks,Rugby World Cup 2015,international
Paul Popoaia,,Paul Popoaia,Romania,12,Știința Baia Mare,Rugby World Cup 2023,international
Paul Sackey,,Paul Sackey,England,2,Wasps,Rugby World Cup 2007,international
Paul Willemse,,Paul Willemse,Call-ups,31,Montpellier,Six Nations 2024,international
Paul Willemse,,Paul Willemse,France,31,Montpellier,Rugby World Cup 2023,international
Paul Williams,,Paul Williams,Samoa,7,Stade Français,Rugby World Cup 2011,international
Paula Kinikinilau,,Paula Kinikinilau,Romania,1,Timișoara Saracens,Rugby World Cup 2015,international
Paula Latu,,Paula Latu,Tonga,1,Southland,Rugby World Cup 2023,nan
Pauliasi Manu,,Pauliasi Manu,New Zealand,0,Chiefs / Counties Manukau,Rugby World Cup 2015,international
Paulică Ion,,Paulică Ion,Romania,70,Bath,"Rugby World Cup 2007, Rugby World Cup 2011, Rugby World Cup 2015",international
Paulo Murinello,,Paulo Murinello,Portugal,22,Cascais,Rugby World Cup 2007,international
Peato Mauvaka,,Peato Mauvaka,France,37,Toulouse,"Rugby World Cup 2019, Rugby World Cup 2023, Six Nations 2024, Six Nations 2025",international
Peato Mauvaka,,Peato Mauvaka,Squad caps,807,Peato Mauvaka,Rugby World Cup 2019,international
Peceli Yato,,Peceli Yato,Fiji,17,Clermont,"Rugby World Cup 2015, Rugby World Cup 2019",top14
Peceli Yato,,Peceli Yato,Player representation by league,0,Peceli Yato,Rugby World Cup 2015,top14
Pedro Bettencourt,,Pedro Bettencourt,Portugal,30,Oyonnax,Rugby World Cup 2023,international
Pedro Cabral,,Pedro Cabral,Portugal,3,CDUL,Rugby World Cup 2007,international
Pedro Carvalho,,Pedro Carvalho,Portugal,21,Direito,Rugby World Cup 2007,international
Pedro Leal,,Pedro Leal,Portugal,20,Direito,Rugby World Cup 2007,international
Pedro Lucas,,Pedro Lucas,Portugal,17,Técnico,Rugby World Cup 2023,international
Pedro Rubiolo,,Pedro Rubiolo,Argentina,5,Newcastle Falcons,Rugby World Cup 2023,premiership
Pedro Rubiolo,,Pedro Rubiolo,Player representation by nation,0,Pedro Rubiolo,Rugby World Cup 2023,premiership
Pele Cowley,,Pele Cowley,Samoa,12,Ponsonby,Rugby World Cup 2019,international
Peni Ravai,,Peni Ravai,Fiji,39,Nadroga,"Rugby World Cup 2015, Rugby World Cup 2019, Rugby World Cup 2023",nan
Penitoa Finau,,Penitoa Finau,Tonga,0,Moana Pasifika,Rugby World Cup 2023,international
Percy Montgomery,,Percy Montgomery,South Africa,85,Sharks,Rugby World Cup 2007,international
Perry Freshwater,,Perry Freshwater,England,7,Perpignan,Rugby World Cup 2007,international
Peter Horne,,Peter Horne,Scotland,43,Glasgow Warriors,"Rugby World Cup 2015, Rugby World Cup 2019",international
Peter Nelson,,Peter Nelson,Canada,4,Unattached,Rugby World Cup 2019,international
Peter O'Mahony,,Peter O'Mahony,Ireland,114,Munster,"Rugby World Cup 2015, Rugby World Cup 2019, Rugby World Cup 2023, Six Nations 2024, Six Nations 2025",international
Peter Richards,,Peter Richards,England,6,London Irish,Rugby World Cup 2007,international
Peter Stringer,,Peter Stringer,Ireland,76,Munster,Rugby World Cup 2007,international
Petrișor Toderașc,,Petrișor Toderașc,Romania,46,Brive,Rugby World Cup 2007,international
Petru Bălan,,Petru Bălan,Romania,53,Biarritz,Rugby World Cup 2007,international
Phil Mack,,Phil Mack,Canada,57,BC Bears,"Rugby World Cup 2015, Rugby World Cup 2019",international
Phil Mackenzie,,Phil Mackenzie,Canada,27,Esher,"Rugby World Cup 2011, Rugby World Cup 2015",international
Phil Thiel,,Phil Thiel,United States,32,Life University,"Rugby World Cup 2011, Rugby World Cup 2015",international
Phil Vickery,,Phil Vickery,England,53,Wasps,Rugby World Cup 2007,international
Phil Waugh,,Phil Waugh,Australia,62,Waratahs,Rugby World Cup 2007,international
Philip Eloff,,Philip Eloff,United States,32,Chicago Lions,Rugby World Cup 2007,international
Philip O'Reilly,,Philip O'Reilly,Japan,5,Wild Knights,Rugby World Cup 2007,international
Pierre Bourgarit,,Pierre Bourgarit,France,10,La Rochelle,Rugby World Cup 2023,top14
Pierre Bruno,,Pierre Bruno,Italy,15,Zebre Parma,"Rugby World Cup 2023, Six Nations 2024",international
Pierre Hola,,Pierre Hola,Tonga,27,Kobelco Steelers,Rugby World Cup 2007,international
Pierre Mignoni,,Pierre Mignoni,France,25,Clermont,Rugby World Cup 2007,international
Pierre Schoeman,,Pierre Schoeman,Scotland,37,Edinburgh,"Rugby World Cup 2023, Six Nations 2024, Six Nations 2025",nan
Pierre Spies,,Pierre Spies,South Africa,42,Bulls,Rugby World Cup 2011,international
Pierre-Louis Barassi,,Pierre-Louis Barassi,France,3,Lyon,"Rugby World Cup 2019, Six Nations 2025",top14
Piers Francis,,Piers Francis,England,8,Northampton Saints,Rugby World Cup 2019,nan
Piet van Zyl,,Piet van Zyl,Namibia,14,Boland,"Rugby World Cup 2007, Rugby World Cup 2011",international
Pieter de Villiers,,Pieter de Villiers,France,64,Stade Français,Rugby World Cup 2007,international
Pieter-Steph du Toit,,Pieter-Steph du Toit,South Africa,71,Sharks,"Rugby World Cup 2015, Rugby World Cup 2019, Rugby World Cup 2023",international
Pietro Ceccarelli,,Pietro Ceccarelli,Italy,31,Perpignan,"Rugby World Cup 2023, Six Nations 2024",top14
Piri Weepu,,Piri Weepu,New Zealand,54,Hurricanes,Rugby World Cup 2011,international
Pita Ahki,,Pita Ahki,Tonga,4,Toulouse,Rugby World Cup 2023,nan
Piula Faʻasalele,,Piula Faʻasalele,Samoa,18,Perpignan,Rugby World Cup 2019,international
Pone Fa'amausili,,Pone Fa'amausili,Australia,5,Melbourne Rebels,Rugby World Cup 2023,international
Posolo Tuilagi,,Posolo Tuilagi,Call-ups,0,Perpignan,Six Nations 2024,top14
Prince ǃGaoseb,,Prince ǃGaoseb,Namibia,12,Welwitschias,"Rugby World Cup 2019, Rugby World Cup 2023",international
Prince ǃGaoseb,,Prince ǃGaoseb,Player representation by nation,0,Prince ǃGaoseb,Rugby World Cup 2019,international
Quade Cooper,,Quade Cooper,Australia,57,Reds,"Rugby World Cup 2011, Rugby World Cup 2015",international
Quintin Geldenhuys,,Quintin Geldenhuys,Italy,57,Aironi,"Rugby World Cup 2011, Rugby World Cup 2015",international
RG Snyman,,RG Snyman,South Africa,28,Bulls,"Rugby World Cup 2019, Rugby World Cup 2023",urc
Rabah Slimani,,Rabah Slimani,France,57,Stade Français,"Rugby World Cup 2015, Rugby World Cup 2019, Six Nations 2025",urc
Radike Samo,,Radike Samo,Australia,7,Reds,Rugby World Cup 2011,international
Rafael Simões,,Rafael Simões,Portugal,27,CDUL,Rugby World Cup 2023,international
Raffaele Storti,,Raffaele Storti,Portugal,21,Béziers,Rugby World Cup 2023,international
Raffi Quirke,,Raffi Quirke,Call-ups,2,Sale Sharks,Six Nations 2025,premiership
Raimundo Martínez,,Raimundo Martínez,Chile,10,Selknam,Rugby World Cup 2023,international
Ramil Gaisin,,Ramil Gaisin,Russia,44,Enisey-STM,Rugby World Cup 2019,international
Ramiro Herrera,,Ramiro Herrera,Argentina,13,UAR,Rugby World Cup 2015,international
Ramiro Moyano,,Ramiro Moyano,Argentina,34,Jaguares,Rugby World Cup 2019,international
Ramiro Pez,,Ramiro Pez,Italy,38,Bayonne,Rugby World Cup 2007,international
Raoul Larson,,Raoul Larson,Namibia,6,Villagers,"Rugby World Cup 2011, Rugby World Cup 2015",international
Raphaël Ibañez,,Raphaël Ibañez,France,92,Wasps,Rugby World Cup 2007,international
Raphaël Lakafia,,Raphaël Lakafia,France,1,Biarritz,Rugby World Cup 2011,international
Rati Urushadze,,Rati Urushadze,Georgia,22,Nice,Rugby World Cup 2007,international
Ratu Peni Matawalu,,Ratu Peni Matawalu,Fiji,5,Fijian Drua,Rugby World Cup 2023,international
Ratu Veremalua Vugakoto,,Ratu Veremalua Vugakoto,Fiji,6,Fijian Latui,Rugby World Cup 2019,international
Ratu Veremalua Vugakoto,,Ratu Veremalua Vugakoto,Player representation by nation,0,Ratu Veremalua Vugakoto,Rugby World Cup 2019,international
Ravai Fatiaki,,Ravai Fatiaki,Fiji,5,Worcester Warriors,Rugby World Cup 2011,international
Ray Barkwill,,Ray Barkwill,Canada,22,Ontario Blues,Rugby World Cup 2015,international
Ray Niuia,,Ray Niuia,Samoa,14,Highlanders,"Rugby World Cup 2019, Rugby World Cup 2023",international
Reda Wardi,,Reda Wardi,France,14,La Rochelle,"Rugby World Cup 2023, Six Nations 2024",top14
Reece Hodge,,Reece Hodge,Australia,37,Melbourne Rebels,Rugby World Cup 2019,top14
Reinaldo Piussi,,Reinaldo Piussi,Uruguay,4,Peñarol,Rugby World Cup 2023,international
Renaldo Bothma,,Renaldo Bothma,Namibia,7,Toyota Verblitz,Rugby World Cup 2015,international
Renaud van Neel,,Renaud van Neel,Namibia,0,Namibia Uni,Rugby World Cup 2011,international
Reuben Thorne,,Reuben Thorne,New Zealand,48,Canterbury,Rugby World Cup 2007,international
Revaz Gigauri,,Revaz Gigauri,Georgia,31,Montluçon,"Rugby World Cup 2007, Rugby World Cup 2011",international
Rey Lee-Lo,,Rey Lee-Lo,Samoa,25,Cardiff Blues,"Rugby World Cup 2015, Rugby World Cup 2019",international
Rhodri Williams,,Rhodri Williams,Wales,5,Dragons,Six Nations 2025,urc
Rhys Carré,,Rhys Carré,Player representation by nation,0,Rhys Carré,Rugby World Cup 2019,international
Rhys Carré,,Rhys Carré,Squad caps,1089,Rhys Carré,Rugby World Cup 2019,international
Rhys Carré,,Rhys Carré,Wales,1,Saracens,Rugby World Cup 2019,international
Rhys Patchell,,Rhys Patchell,Wales,13,Scarlets,Rugby World Cup 2019,international
Rhys Priestland,,Rhys Priestland,Wales,35,Scarlets,"Rugby World Cup 2011, Rugby World Cup 2015",international
Rhys Ruddock,,Rhys Ruddock,Ireland,23,Leinster,"Rugby World Cup 2015, Rugby World Cup 2019",international
Riccardo Bocchino,,Riccardo Bocchino,Italy,8,Cavalieri Prato,Rugby World Cup 2011,international
Riccardo Favretto,,Riccardo Favretto,Italy,4,Benetton,"Six Nations 2024, Six Nations 2025",nan
Richard Hardwick,,Richard Hardwick,Namibia,3,Melbourne Rebels,Rugby World Cup 2023,international
Richard Kahui,,Richard Kahui,New Zealand,15,Chiefs,Rugby World Cup 2011,international
Richard Thorpe,,Richard Thorpe,Canada,6,London Welsh,Rugby World Cup 2015,international
Richard Wigglesworth,,Richard Wigglesworth,England,23,Saracens,"Rugby World Cup 2011, Rugby World Cup 2015",international
Richardt Strauss,,Richardt Strauss,Ireland,10,Leinster,Rugby World Cup 2015,international
Richie Arnold,,Richie Arnold,Australia,5,Toulouse,Rugby World Cup 2023,international
Richie Gray,,Richie Gray,Scotland,78,Glasgow Warriors,"Rugby World Cup 2011, Rugby World Cup 2015, Rugby World Cup 2023, Six Nations 2024",international
Richie McCaw,,Richie McCaw,New Zealand,142,Canterbury,"Rugby World Cup 2007, Rugby World Cup 2011, Rugby World Cup 2015",international
Richie Mo'unga,,Richie Mo'unga,New Zealand,49,Crusaders,"Rugby World Cup 2019, Rugby World Cup 2023",international
Richie Vernon,,Richie Vernon,Scotland,22,Sale Sharks,"Rugby World Cup 2011, Rugby World Cup 2015",international
Ricky Januarie,,Ricky Januarie,South Africa,18,Stormers,Rugby World Cup 2007,international
Rieko Ioane,,Rieko Ioane,New Zealand,63,Blues,"Rugby World Cup 2019, Rugby World Cup 2023",urc
Rieko Ioane,,Rieko Ioane,Player representation by nation,0,Rieko Ioane,Rugby World Cup 2019,urc
Rikiya Matsuda,,Rikiya Matsuda,Japan,33,Panasonic Wild Knights,"Rugby World Cup 2019, Rugby World Cup 2023",league-one
Rimas Álvarez Kairelis,,Rimas Álvarez Kairelis,Argentina,31,Perpignan,Rugby World Cup 2007,international
Rio Dyer,,Rio Dyer,Wales,14,Dragons,"Rugby World Cup 2023, Six Nations 2024",urc
Rob Dewey,,Rob Dewey,Scotland,8,Ulster,Rugby World Cup 2007,international
Rob Herring,,Rob Herring,Ireland,43,Ulster,"Rugby World Cup 2019, Rugby World Cup 2023, Six Nations 2025",urc
Rob Horne,,Rob Horne,Australia,27,Waratahs,"Rugby World Cup 2011, Rugby World Cup 2015",international
Rob Kearney,,Rob Kearney,Ireland,92,Leinster,"Rugby World Cup 2011, Rugby World Cup 2015, Rugby World Cup 2019",international
Rob Leota,,Rob Leota,Australia,17,Melbourne Rebels,Rugby World Cup 2023,top14
Rob Simmons,,Rob Simmons,Australia,98,Reds,"Rugby World Cup 2011, Rugby World Cup 2015, Rugby World Cup 2019",top14
Rob Valetini,,Rob Valetini,Australia,35,ACT Brumbies,Rugby World Cup 2023,nan
Rob Webber,,Rob Webber,England,13,Bath,Rugby World Cup 2015,international
Robbie Henshaw,,Robbie Henshaw,Ireland,82,Connacht,"Rugby World Cup 2015, Rugby World Cup 2019, Rugby World Cup 2023, Six Nations 2024, Six Nations 2025",urc
Robbie Henshaw,,Robbie Henshaw,Player representation by league,0,Robbie Henshaw,Rugby World Cup 2015,urc
Robert Barbieri,,Robert Barbieri,Italy,15,Benetton Treviso,Rugby World Cup 2011,international
Robert Irimescu,,Robert Irimescu,Romania,4,Știința Baia Mare,Rugby World Cup 2023,international
Rocky Elsom,,Rocky Elsom,Australia,68,Waratahs,"Rugby World Cup 2007, Rugby World Cup 2011",international
Rod Snow,,Rod Snow,Canada,55,Newfoundland Rock,Rugby World Cup 2007,international
Rodney Blake,,Rodney Blake,Australia,7,Queensland Reds,Rugby World Cup 2007,international
Rodney So'oialo,,Rodney So'oialo,New Zealand,37,Wellington,Rugby World Cup 2007,international
Rodrigo Bruni,,Rodrigo Bruni,Argentina,21,Jaguares,"Rugby World Cup 2019, Rugby World Cup 2023",top14
Rodrigo Fernández,,Rodrigo Fernández,Chile,23,Selknam,Rugby World Cup 2023,international
Rodrigo Isgro,,Rodrigo Isgro,Squad caps,1454,Rodrigo Isgro,Rugby World Cup 2023,international
Rodrigo Isgró,,Rodrigo Isgró,Argentina,2,Argentina Sevens,Rugby World Cup 2023,international
Rodrigo Marta,,Rodrigo Marta,Portugal,31,Colomiers,Rugby World Cup 2023,international
Rodrigo Roncero,,Rodrigo Roncero,Argentina,44,Stade Français,"Rugby World Cup 2007, Rugby World Cup 2011",international
Rodrigo Silva,,Rodrigo Silva,Uruguay,77,Carrasco Polo,"Rugby World Cup 2015, Rugby World Cup 2019, Rugby World Cup 2023",international
Rohan Kitshoff,,Rohan Kitshoff,Namibia,44,Western Province,"Rugby World Cup 2011, Rugby World Cup 2015, Rugby World Cup 2019",international
Roland Suniula,,Roland Suniula,United States,8,Boston,Rugby World Cup 2011,international
Roland de Marigny,,Roland de Marigny,Italy,17,Calvisano,Rugby World Cup 2007,international
Romain Millo-Chluski,,Romain Millo-Chluski,France,17,Toulouse,Rugby World Cup 2011,international
Romain Ntamack,,Romain Ntamack,France,37,Toulouse,"Rugby World Cup 2019, Six Nations 2025",top14
Romain Ntamack,,Romain Ntamack,Player representation by nation,0,Romain Ntamack,Rugby World Cup 2019,top14
Romain Taofifenua,,Romain Taofifenua,France,44,Lyon,Rugby World Cup 2023,top14
Romain Taofifénua,,Romain Taofifénua,France,53,Lyon,"Six Nations 2024, Six Nations 2025",international
Roman Khodin,,Roman Khodin,Russia,4,Kuban,Rugby World Cup 2019,international
Romeo Gontineac,,Romeo Gontineac,Romania,71,Aurillac,Rugby World Cup 2007,international
Ronan O'Gara,,Ronan O'Gara,Ireland,110,Munster,"Rugby World Cup 2007, Rugby World Cup 2011",international
Rory Arnold,,Rory Arnold,Australia,22,Brumbies,Rugby World Cup 2019,nan
Rory Best,,Rory Best,Ireland,120,Ulster,"Rugby World Cup 2007, Rugby World Cup 2011, Rugby World Cup 2015, Rugby World Cup 2019",international
Rory Darge,,Rory Darge,Scotland,25,Glasgow Warriors,"Rugby World Cup 2023, Six Nations 2024, Six Nations 2025",urc
Rory Hutchinson,,Rory Hutchinson,Scotland,8,Northampton Saints,"Six Nations 2024, Six Nations 2025",premiership
Rory Kockott,,Rory Kockott,France,9,Castres,Rugby World Cup 2015,international
Rory Lamont,,Rory Lamont,Scotland,25,Sale Sharks,"Rugby World Cup 2007, Rugby World Cup 2011",international
Rory Lawson,,Rory Lawson,Scotland,28,Gloucester,"Rugby World Cup 2007, Rugby World Cup 2011",international
Rory Sutherland,,Rory Sutherland,Call-ups,29,Oyonnax,Six Nations 2024,urc
Rory Sutherland,,Rory Sutherland,Scotland,37,Edinburgh,"Rugby World Cup 2015, Rugby World Cup 2023, Six Nations 2025",urc
Ross Byrne,,Ross Byrne,Ireland,21,Leinster,Rugby World Cup 2023,premiership
Ross Ford,,Ross Ford,Scotland,89,Glasgow,"Rugby World Cup 2007, Rugby World Cup 2011, Rugby World Cup 2015",international
Ross McCann,,Ross McCann,Call-ups,0,Edinburgh,Six Nations 2024,nan
Ross Moriarty,,Ross Moriarty,Wales,34,Gloucester,"Rugby World Cup 2015, Rugby World Cup 2019",urc
Ross Rennie,,Ross Rennie,Scotland,8,Edinburgh,Rugby World Cup 2011,international
Ross Thompson,,Ross Thompson,Call-ups,3,Glasgow Warriors,Six Nations 2024,nan
Ross Vintcent,,Ross Vintcent,Italy,10,Exeter Chiefs,"Six Nations 2024, Six Nations 2025",premiership
Ruan Pienaar,,Ruan Pienaar,South Africa,84,Sharks,"Rugby World Cup 2007, Rugby World Cup 2011, Rugby World Cup 2015",international
Ruaridh Jackson,,Ruaridh Jackson,Scotland,8,Glasgow Warriors,Rugby World Cup 2011,international
Ruaridh McConnochie,,Ruaridh McConnochie,England,1,Bath,Rugby World Cup 2019,international
Ruaridh McConnochie,,Ruaridh McConnochie,Squad caps,1074,Ruaridh McConnochie,Rugby World Cup 2019,international
Ruben Spachuck,,Ruben Spachuck,Portugal,18,Belenenses,Rugby World Cup 2007,international
Ruben de Haas,,Ruben de Haas,United States,13,Cheetahs,Rugby World Cup 2019,international
Rudy Paige,,Rudy Paige,South Africa,0,Bulls,Rugby World Cup 2015,international
Rudy Paige,,Rudy Paige,Squad caps,1297,Rudy Paige,Rugby World Cup 2015,international
Rui Cordeiro,,Rui Cordeiro,Portugal,39,Académica de Coimbra,Rugby World Cup 2007,international
Rupeni Nasiga,,Rupeni Nasiga,Fiji,8,Nadroga,Rugby World Cup 2011,international
Russell van Wyk,,Russell van Wyk,Namibia,4,Western Suburbs,Rugby World Cup 2015,international
Russia,,Russia,Overview,0,Vasily Artemyev,Rugby World Cup 2019,international
Ryan Baird,,Ryan Baird,Ireland,27,Leinster,"Rugby World Cup 2023, Six Nations 2024, Six Nations 2025",urc
Ryan Bevington,,Ryan Bevington,Wales,4,Ospreys,Rugby World Cup 2011,international
Ryan Cross,,Ryan Cross,Australia,0,Western Force,Rugby World Cup 2007,international
Ryan Crotty,,Ryan Crotty,New Zealand,45,Crusaders,Rugby World Cup 2019,international
Ryan Elias,,Ryan Elias,Wales,38,Scarlets,"Rugby World Cup 2019, Rugby World Cup 2023, Six Nations 2024",urc
Ryan Grant,,Ryan Grant,Scotland,23,Glasgow Warriors,Rugby World Cup 2015,international
Ryan Hamilton,,Ryan Hamilton,Canada,4,BC Bears,Rugby World Cup 2011,international
Ryan Jones,,Ryan Jones,Wales,53,Ospreys,Rugby World Cup 2011,urc
Ryan Nicholas,,Ryan Nicholas,Japan,32,Suntory Sungoliath,Rugby World Cup 2011,international
Ryan Smith,,Ryan Smith,Canada,47,Montauban,"Rugby World Cup 2007, Rugby World Cup 2011",urc
Ryan Wilson,,Ryan Wilson,Scotland,45,Glasgow Warriors,"Rugby World Cup 2015, Rugby World Cup 2019",international
Ryan Witbooi,,Ryan Witbooi,Namibia,10,Western Suburbs,Rugby World Cup 2007,international
Ryan de la Harpe,,Ryan de la Harpe,Namibia,3,Moseley,Rugby World Cup 2011,international
Ryo Yamamura,,Ryo Yamamura,Japan,34,Jubilo,Rugby World Cup 2007,international
Ryohei Yamanaka,,Ryohei Yamanaka,Japan,18,Kobelco Steelers,"Rugby World Cup 2019, Rugby World Cup 2023",league-one
Ryota Asano,,Ryota Asano,Japan,20,Green Rockets,Rugby World Cup 2007,international
Ryoto Nakamura,,Ryoto Nakamura,Japan,35,Suntory Sungoliath,"Rugby World Cup 2019, Rugby World Cup 2023",league-one
Rémi Talès,,Rémi Talès,France,19,Racing,Rugby World Cup 2015,international
Rémy Grosso,,Rémy Grosso,France,0,Castres,Rugby World Cup 2015,international
Rémy Martin,,Rémy Martin,France,18,Stade Français,Rugby World Cup 2007,international
Rónan Kelleher,,Rónan Kelleher,Ireland,39,Leinster,"Rugby World Cup 2023, Six Nations 2024, Six Nations 2025",international
Răzvan Mavrodin,,Răzvan Mavrodin,Romania,46,Pau,Rugby World Cup 2007,international
S'busiso Nkosi,,S'busiso Nkosi,South Africa,8,Sharks,Rugby World Cup 2019,international
Sabin Strătilă,,Sabin Strătilă,Player representation by league,0,Sabin Strătilă,Rugby World Cup 2015,international
Sabin Strătilă,,Sabin Strătilă,Romania,1,Steaua București,Rugby World Cup 2015,international
Saia Fainga'a,,Saia Fainga'a,Australia,13,Reds,Rugby World Cup 2011,international
Sailosi Tagicakibau,,Sailosi Tagicakibau,Samoa,18,London Irish,"Rugby World Cup 2007, Rugby World Cup 2011",international
Sakaria Taulafo,,Sakaria Taulafo,Samoa,36,London Wasps,"Rugby World Cup 2011, Rugby World Cup 2015",international
Sakiusa Matadigo,,Sakiusa Matadigo,Fiji,20,Montpellier,"Rugby World Cup 2011, Rugby World Cup 2015",international
Salesi Ma'afu,,Salesi Ma'afu,Australia,10,Western Force,Rugby World Cup 2011,international
Salesi Sika,,Salesi Sika,United States,13,Béziers,Rugby World Cup 2007,international
Salvador Lues,,Salvador Lues,Chile,11,Selknam,Rugby World Cup 2023,international
Salvador Palha,,Salvador Palha,Portugal,2,Direito,Rugby World Cup 2007,international
Salvatore Perugini,,Salvatore Perugini,Italy,80,Toulouse,"Rugby World Cup 2007, Rugby World Cup 2011",international
Sam Burgess,,Sam Burgess,England,2,Bath,Rugby World Cup 2015,international
Sam Cane,,Sam Cane,New Zealand,90,Chiefs / Bay of Plenty,"Rugby World Cup 2015, Rugby World Cup 2019, Rugby World Cup 2023",league-one
Sam Carter,,Sam Carter,Australia,12,Brumbies,Rugby World Cup 2015,international
Sam Cordingley,,Sam Cordingley,Australia,12,Queensland Reds,Rugby World Cup 2007,international
Sam Costelow,,Sam Costelow,Wales,8,Scarlets,"Rugby World Cup 2023, Six Nations 2024",urc
Sam Hidalgo-Clyne,,Sam Hidalgo-Clyne,Scotland,7,Edinburgh,Rugby World Cup 2015,international
Sam Johnson,,Sam Johnson,Scotland,6,Glasgow Warriors,Rugby World Cup 2019,international
Sam Lousi,,Sam Lousi,Tonga,13,Hurricanes,"Rugby World Cup 2019, Rugby World Cup 2023",urc
Sam Matavesi,,Sam Matavesi,Fiji,26,Cornish Pirates,"Rugby World Cup 2019, Rugby World Cup 2023",international
Sam Moli,,Sam Moli,Tonga,13,Moana Pasifika,Rugby World Cup 2023,nan
Sam Norton-Knight,,Sam Norton-Knight,Australia,2,Waratahs,Rugby World Cup 2007,international
Sam Parry,,Sam Parry,Wales,7,Ospreys,Six Nations 2025,urc
Sam Prendergast,,Sam Prendergast,Ireland,8,Leinster,Six Nations 2025,urc
Sam Skinner,,Sam Skinner,Scotland,30,Edinburgh,"Rugby World Cup 2023, Six Nations 2024",nan
Sam Slade,,Sam Slade,Samoa,4,Moana Pasifika,Rugby World Cup 2023,nan
Sam Underhill,,Sam Underhill,England,30,Bath,"Rugby World Cup 2019, Rugby World Cup 2023, Six Nations 2024",premiership
Sam Warburton,,Sam Warburton,Wales,55,Cardiff Blues,"Rugby World Cup 2011, Rugby World Cup 2015",international
Sam Whitelock,,Sam Whitelock,New Zealand,146,Crusaders,"Rugby World Cup 2011, Rugby World Cup 2015, Rugby World Cup 2019, Rugby World Cup 2023",international
Sama Malolo,,Sama Malolo,Samoa,3,San Diego Legion,Rugby World Cup 2023,top14
Samisoni Fisilau,,Samisoni Fisilau,Tonga,19,Counties Manukau,"Rugby World Cup 2011, Rugby World Cup 2015, Rugby World Cup 2019",international
Samisoni Taukei'aho,,Samisoni Taukei'aho,New Zealand,25,Chiefs / Waikato,Rugby World Cup 2023,nan
Samiu Vahafolau,,Samiu Vahafolau,Tonga,10,Béziers,Rugby World Cup 2011,international
Samoa,,Samoa,Overview,0,Jack Lam,Rugby World Cup 2019,international
Samson Lee,,Samson Lee,Wales,12,Scarlets,Rugby World Cup 2015,international
Samu Kerevi,,Samu Kerevi,Australia,45,Queensland Reds,"Rugby World Cup 2019, Rugby World Cup 2023",league-one
Samu Manoa,,Samu Manoa,United States,11,Toulon,Rugby World Cup 2015,international
Samu Tawake,,Samu Tawake,Fiji,2,Fijian Drua,Rugby World Cup 2023,nan
Samuel Marques,,Samuel Marques,Portugal,22,Béziers,Rugby World Cup 2023,international
Samuela Vunisa,,Samuela Vunisa,Italy,8,Saracens,Rugby World Cup 2015,international
Sanele Vavae Tuilagi,,Sanele Vavae Tuilagi,Samoa,4,Carcassonne,Rugby World Cup 2015,international
Santiago Arata,,Santiago Arata,Uruguay,45,Houston SaberCats,"Rugby World Cup 2019, Rugby World Cup 2023",top14
Santiago Carreras,,Santiago Carreras,Argentina,35,Jaguares,"Rugby World Cup 2019, Rugby World Cup 2023",premiership
Santiago Carreras,,Santiago Carreras,Squad caps,1120,Santiago Carreras Lucas Mensa,Rugby World Cup 2019,premiership
Santiago Chocobares,,Santiago Chocobares,Argentina,14,Toulouse,Rugby World Cup 2023,top14
Santiago Civetta,,Santiago Civetta,Uruguay,26,Darlington Mowden Park,"Rugby World Cup 2019, Rugby World Cup 2023",international
Santiago Cordero,,Santiago Cordero,Argentina,12,UAR,Rugby World Cup 2015,international
Santiago Dellapè,,Santiago Dellapè,Italy,44,Biarritz Olympique,Rugby World Cup 2007,international
Santiago Fernández,,Santiago Fernández,Argentina,13,Montpellier,Rugby World Cup 2011,international
Santiago García Botta,,Santiago García Botta,Argentina,5,UAR,Rugby World Cup 2015,international
Santiago Gibernau,,Santiago Gibernau,Uruguay,32,Carrasco Polo,Rugby World Cup 2015,international
Santiago González Bonorino,,Santiago González Bonorino,Argentina,13,Capitolina,Rugby World Cup 2007,international
Santiago González Iglesias,,Santiago González Iglesias,Argentina,18,UAR,Rugby World Cup 2015,international
Santiago Grondona,,Santiago Grondona,Argentina,15,Bristol Bears,Rugby World Cup 2023,premiership
Santiago Medrano,,Santiago Medrano,Argentina,14,Jaguares,Rugby World Cup 2019,top14
Santiago Pedrero,,Santiago Pedrero,Chile,6,Selknam,Rugby World Cup 2023,international
Santiago Socino,,Santiago Socino,Argentina,2,Jaguares,Rugby World Cup 2019,international
Santiago Videla,,Santiago Videla,Chile,25,Selknam,Rugby World Cup 2023,international
Santiago Vilaseca,,Santiago Vilaseca,Uruguay,33,Old Boys,Rugby World Cup 2015,international
Santiago Álvarez,,Santiago Álvarez,Player representation by nation,0,Santiago Álvarez,Rugby World Cup 2023,international
Santiago Álvarez,,Santiago Álvarez,Uruguay,7,Peñarol,Rugby World Cup 2023,international
Schalk Brits,,Schalk Brits,South Africa,13,Saracens,"Rugby World Cup 2015, Rugby World Cup 2019",international
Schalk Burger,,Schalk Burger,South Africa,79,Stormers,"Rugby World Cup 2007, Rugby World Cup 2011, Rugby World Cup 2015",international
Scotland,,Scotland,Overview,0,Stuart McInally,Rugby World Cup 2019,international
Scott Baldwin,,Scott Baldwin,Wales,10,Ospreys,Rugby World Cup 2015,international
Scott Barrett,,Scott Barrett,New Zealand,62,Crusaders,"Rugby World Cup 2019, Rugby World Cup 2023",nan
Scott Cummings,,Scott Cummings,Scotland,42,Glasgow Warriors,"Rugby World Cup 2019, Rugby World Cup 2023, Six Nations 2024, Six Nations 2025",urc
Scott Fardy,,Scott Fardy,Australia,24,Brumbies,Rugby World Cup 2015,international
Scott Franklin,,Scott Franklin,Canada,8,Castaway Wanderers,"Rugby World Cup 2007, Rugby World Cup 2011",international
Scott Higginbotham,,Scott Higginbotham,Australia,5,Reds,Rugby World Cup 2011,international
Scott LaValla,,Scott LaValla,United States,6,Stade Français,Rugby World Cup 2011,international
Scott Lawson,,Scott Lawson,Scotland,28,Sale Sharks,"Rugby World Cup 2007, Rugby World Cup 2011",international
Scott MacLeod,,Scott MacLeod,Scotland,9,Scarlets,Rugby World Cup 2007,international
Scott Malolua,,Scott Malolua,Samoa,1,Queensland Reds,Rugby World Cup 2019,international
Scott Murray,,Scott Murray,Scotland,85,Montauban,Rugby World Cup 2007,international
Scott Sio,,Scott Sio,Australia,59,Brumbies,"Rugby World Cup 2015, Rugby World Cup 2019",premiership
Scott Spedding,,Scott Spedding,France,10,Clermont,Rugby World Cup 2015,international
Scott Staniforth,,Scott Staniforth,Australia,10,Western Force,Rugby World Cup 2007,international
Scott Williams,,Scott Williams,Wales,32,Scarlets,"Rugby World Cup 2011, Rugby World Cup 2015",international
Seamus Kelly,,Seamus Kelly,United States,20,SFGG,Rugby World Cup 2015,international
Sean Hardman,,Sean Hardman,Australia,3,Queensland Reds,Rugby World Cup 2007,international
Sean Lamont,,Sean Lamont,Scotland,97,Northampton,"Rugby World Cup 2007, Rugby World Cup 2011, Rugby World Cup 2015",international
Sean Maitland,,Sean Maitland,Scotland,42,London Irish,"Rugby World Cup 2015, Rugby World Cup 2019",international
Sean McMahon,,Sean McMahon,Australia,4,Melbourne Rebels,Rugby World Cup 2015,league-one
Sean McMahon,,Sean McMahon,Player representation by league,0,Sean McMahon,Rugby World Cup 2015,league-one
Sean White,,Sean White,Canada,10,BC Bears,Rugby World Cup 2011,international
Sean-Michael Stephen,,Sean-Michael Stephen,Canada,8,Béziers,Rugby World Cup 2007,international
Seb Davies,,Seb Davies,Call-ups,16,Cardiff,Six Nations 2024,urc
Sebastian Negri,,Sebastian Negri,Italy,59,Benetton,"Rugby World Cup 2019, Rugby World Cup 2023, Six Nations 2024, Six Nations 2025",international
Seilala Lam,,Seilala Lam,Samoa,23,Perpignan,"Rugby World Cup 2019, Rugby World Cup 2023",top14
Seilala Mapusua,,Seilala Mapusua,Samoa,19,London Irish,"Rugby World Cup 2007, Rugby World Cup 2011",international
Sekonaia Kalou,,Sekonaia Kalou,Fiji,10,Kaikorai,Rugby World Cup 2011,international
Sekope Kepu,,Sekope Kepu,Australia,106,Waratahs,"Rugby World Cup 2011, Rugby World Cup 2015, Rugby World Cup 2019",international
Sekou Macalou,,Sekou Macalou,France,18,Stade Français,Rugby World Cup 2023,international
Selestino Ravutaumada,,Selestino Ravutaumada,Fiji,4,Fijian Drua,Rugby World Cup 2023,top14
Semi Kunatani,,Semi Kunatani,Fiji,10,Harlequins,Rugby World Cup 2019,international
Semi Radradra,,Semi Radradra,Fiji,15,Bordeaux Bègles,"Rugby World Cup 2019, Rugby World Cup 2023",league-one
Semisi Masirewa,,Semisi Masirewa,Japan,5,Hanazono Kintetsu Liners,Rugby World Cup 2023,league-one
Semisi Naevo,,Semisi Naevo,Fiji,2,Green Rockets,Rugby World Cup 2007,international
Semisi Paea,,Semisi Paea,Tonga,3,New England Free Jacks,Rugby World Cup 2023,nan
Semo Sititi,,Semo Sititi,Samoa,27,Docomo,Rugby World Cup 2007,international
Senio Toleafoa,,Senio Toleafoa,Samoa,2,Nevers,Rugby World Cup 2019,international
Seremaia Bai,,Seremaia Bai,Fiji,39,Clermont,"Rugby World Cup 2007, Rugby World Cup 2011",international
Serge Betsen,,Serge Betsen,France,58,Biarritz,Rugby World Cup 2007,international
Sergey Chernyshev,,Sergey Chernyshev,Russia,10,Slava Moscow,Rugby World Cup 2019,international
Sergey Popov,,Sergey Popov,Russia,14,Slava Moscow,Rugby World Cup 2011,international
Sergey Trishin,,Sergey Trishin,Russia,34,VVA Podmoskovye,Rugby World Cup 2011,international
Sergey Yanyushkin,,Sergey Yanyushkin,Russia,15,Lokomotiv Penza,Rugby World Cup 2019,international
Sergio Parisse,,Sergio Parisse,Italy,140,Stade Français,"Rugby World Cup 2007, Rugby World Cup 2011, Rugby World Cup 2015, Rugby World Cup 2019",international
Seru Rabeni,,Seru Rabeni,Fiji,26,Leicester Tigers,Rugby World Cup 2007,international
Setefano Somoca,,Setefano Somoca,Fiji,2,Nadroga,Rugby World Cup 2011,international
Seti Kiole,,Seti Kiole,Tonga,8,Montauban,Rugby World Cup 2007,international
Sevu Reece,,Sevu Reece,New Zealand,3,Crusaders,Rugby World Cup 2019,nan
Seán Cronin,,Seán Cronin,Ireland,70,Connacht,"Rugby World Cup 2011, Rugby World Cup 2015, Rugby World Cup 2019",international
Seán O'Brien,,Seán O'Brien,Ireland,37,Leinster,"Rugby World Cup 2011, Rugby World Cup 2015",urc
Shalom Suniula,,Shalom Suniula,United States,14,Seattle Saracens,Rugby World Cup 2015,international
Shalva Mamukashvili,,Shalva Mamukashvili,Georgia,100,Sale Sharks,"Rugby World Cup 2015, Rugby World Cup 2019, Rugby World Cup 2023",international
Shalva Sutiashvili,,Shalva Sutiashvili,Georgia,77,Massy,"Rugby World Cup 2011, Rugby World Cup 2015, Rugby World Cup 2019",international
Shane Horgan,,Shane Horgan,Ireland,55,Leinster,Rugby World Cup 2007,international
Shane Jennings,,Shane Jennings,Ireland,10,Leinster,Rugby World Cup 2011,urc
Shane O'Leary,,Shane O'Leary,Canada,13,Nottingham,Rugby World Cup 2019,international
Shane Williams,,Shane Williams,Wales,81,Ospreys,"Rugby World Cup 2007, Rugby World Cup 2011",international
Shannon Frizell,,Shannon Frizell,New Zealand,28,Highlanders,"Rugby World Cup 2019, Rugby World Cup 2023",league-one
Shaun Davies,,Shaun Davies,United States,25,Glendale Raptors,Rugby World Cup 2019,international
Shaun Perry,,Shaun Perry,England,10,Bristol,Rugby World Cup 2007,international
Shaun Webb,,Shaun Webb,Japan,31,Coca-Cola West,Rugby World Cup 2011,international
Shawn Pittman,,Shawn Pittman,United States,13,London Welsh,Rugby World Cup 2011,international
Shayne Bolton,,Shayne Bolton,Call-ups,0,Connacht,Six Nations 2025,urc
Shinnosuke Kakinaga,,Shinnosuke Kakinaga,Japan,12,Tokyo Sungoliath,Rugby World Cup 2023,league-one
Shinya Makabe,,Shinya Makabe,Japan,31,Suntory Sungoliath,Rugby World Cup 2015,international
Shoji Ito,,Shoji Ito,Japan,34,Kobelco Steelers,Rugby World Cup 2015,international
Shontayne Hape,,Shontayne Hape,England,12,London Irish,Rugby World Cup 2011,international
Shota Fukui,,Shota Fukui,Japan,2,Saitama Wild Knights,Rugby World Cup 2023,league-one
Shota Horie,,Shota Horie,Japan,72,Panasonic Wild Knights,"Rugby World Cup 2011, Rugby World Cup 2015, Rugby World Cup 2019, Rugby World Cup 2023",international
Shotaro Onishi,,Shotaro Onishi,Japan,24,Jubilo,Rugby World Cup 2007,international
Shōgo Nakano,,Shōgo Nakano,Japan,7,Tokyo Sungoliath,Rugby World Cup 2023,international
Siale Piutau,,Siale Piutau,Tonga,39,Highlanders,"Rugby World Cup 2011, Rugby World Cup 2015, Rugby World Cup 2019",international
Siate Tokolahi,,Siate Tokolahi,Tonga,3,Pau,Rugby World Cup 2023,top14
Siegfried Fisi'ihoi,,Siegfried Fisi'ihoi,Tonga,9,Pau,Rugby World Cup 2019,international
Siegfried Fisiʻihoi,,Siegfried Fisiʻihoi,Tonga,23,Pau,Rugby World Cup 2023,international
Sila Puafisi,,Sila Puafisi,Tonga,19,Glasgow Warriors,Rugby World Cup 2015,international
Silao Vaisola Sefo,,Silao Vaisola Sefo,Samoa,0,Alhambra,Rugby World Cup 2007,international
Silvio Orlando,,Silvio Orlando,Italy,13,Benetton Treviso,Rugby World Cup 2007,international
Silviu Florea,,Silviu Florea,Romania,25,Béziers,"Rugby World Cup 2007, Rugby World Cup 2011",international
Simione Kuruvoli,,Simione Kuruvoli,Fiji,7,Fijian Drua,Rugby World Cup 2023,international
Simon Berghan,,Simon Berghan,Scotland,22,Edinburgh,Rugby World Cup 2019,international
Simon Best,,Simon Best,Ireland,19,Ulster,Rugby World Cup 2007,international
Simon Danielli,,Simon Danielli,Scotland,30,Ulster,Rugby World Cup 2011,international
Simon Easterby,,Simon Easterby,Ireland,57,Scarlets,Rugby World Cup 2007,international
Simon Maisuradze,,Simon Maisuradze,Georgia,32,La Voulte-Valence,Rugby World Cup 2015,international
Simon Shaw,,Simon Shaw,England,67,Wasps,"Rugby World Cup 2007, Rugby World Cup 2011",international
Simon Taylor,,Simon Taylor,Scotland,54,Stade Français,Rugby World Cup 2007,international
Simon Webster,,Simon Webster,Scotland,24,Edinburgh,Rugby World Cup 2007,international
Simon Zebo,,Simon Zebo,Ireland,18,Munster,Rugby World Cup 2015,international
Simone Favaro,,Simone Favaro,Italy,24,Glasgow Warriors,Rugby World Cup 2015,international
Simone Ferrari,,Simone Ferrari,Call-ups,50,Benetton,Six Nations 2024,nan
Simone Ferrari,,Simone Ferrari,Italy,60,Benetton,"Rugby World Cup 2019, Rugby World Cup 2023, Six Nations 2025",nan
Simone Gesi,,Simone Gesi,Italy,2,Zebre Parma,"Six Nations 2024, Six Nations 2025",urc
Simão Bento,,Simão Bento,Player representation by nation,0,Simão Bento,Rugby World Cup 2023,international
Simão Bento,,Simão Bento,Portugal,11,Mont-de-Marsan,Rugby World Cup 2023,international
Sioeli Lama,,Sioeli Lama,Romania,6,Steaua București,Rugby World Cup 2023,international
Sione Angaʻaelangi,,Sione Angaʻaelangi,Tonga,5,Stade Niçois,Rugby World Cup 2023,international
Sione Halasili,,Sione Halasili,Japan,0,Yokohama Canon Eagles,Rugby World Cup 2023,league-one
Sione Havili Talitui,,Sione Havili Talitui,Tonga,9,Crusaders,Rugby World Cup 2023,international
Sione Kalamafoni,,Sione Kalamafoni,Tonga,33,Nottingham,"Rugby World Cup 2011, Rugby World Cup 2015, Rugby World Cup 2019",top14
Sione Lauaki,,Sione Lauaki,New Zealand,7,Waikato,Rugby World Cup 2007,international
Sione Piukala,,Sione Piukala,Tonga,14,Perpignan,Rugby World Cup 2015,international
Sione Timani,,Sione Timani,Tonga,4,Scarlets,Rugby World Cup 2011,international
Sione Tuipulotu,,Sione Tuipulotu,Scotland,30,Glasgow Warriors,"Rugby World Cup 2023, Six Nations 2024, Six Nations 2025",urc
Sione Tuʻipulotu,,Sione Tuʻipulotu,Tonga,23,Yokogawa,Rugby World Cup 2007,international
Sione Vailanu,,Sione Vailanu,Tonga,12,Glasgow Warriors,Rugby World Cup 2023,urc
Sione Vaiomoʻunga,,Sione Vaiomoʻunga,Tonga,7,Toloa Old Boys,Rugby World Cup 2011,international
Sione Vatuvei,,Sione Vatuvei,Japan,5,Panasonic Wild Knights,Rugby World Cup 2011,international
Siosaia Fifita,,Siosaia Fifita,Japan,12,Toyota Verblitz,Rugby World Cup 2023,league-one
Siosateki Havea Mataʻu,,Siosateki Havea Mataʻu,Tonga,1,Chalon-sur-Saône,Rugby World Cup 2007,international
Sipili Falatea,,Sipili Falatea,France,13,Bordeaux-Bègles,Rugby World Cup 2023,top14
Sireli Bobo,,Sireli Bobo,Fiji,9,Biarritz,Rugby World Cup 2007,international
Sireli Maqala,,Sireli Maqala,Fiji,4,Bayonne,Rugby World Cup 2023,top14
Sireli Maqala,,Sireli Maqala,Player representation by nation,0,Sireli Maqala,Rugby World Cup 2023,top14
Sisa Koyamaibole,,Sisa Koyamaibole,Fiji,44,Petrarca Padova,"Rugby World Cup 2007, Rugby World Cup 2011",international
Sitiveni Sivivatu,,Sitiveni Sivivatu,New Zealand,17,Waikato,Rugby World Cup 2007,international
Siua Halanukonuka,,Siua Halanukonuka,Tonga,11,Glasgow Warriors,Rugby World Cup 2019,international
Siua Maile,,Siua Maile,Player representation by nation,0,Siua Maile,Rugby World Cup 2019,nan
Siua Maile,,Siua Maile,Squad caps,439,Siua Maile,Rugby World Cup 2019,nan
Siua Maile,,Siua Maile,Tonga,15,Shirley Rugby Club,"Rugby World Cup 2019, Rugby World Cup 2023",nan
Siya Kolisi,,Siya Kolisi,South Africa,77,Stormers,"Rugby World Cup 2015, Rugby World Cup 2019, Rugby World Cup 2023",urc
So'otala Fa'aso'o,,So'otala Fa'aso'o,Samoa,1,Perpignan,Rugby World Cup 2023,nan
Soane Havea,,Soane Havea,Tonga,16,Tautahi Gold,Rugby World Cup 2007,international
Soane Tongaʻuiha,,Soane Tongaʻuiha,Tonga,15,Northampton Saints,"Rugby World Cup 2007, Rugby World Cup 2011, Rugby World Cup 2015",international
Sofiane Guitoune,,Sofiane Guitoune,France,7,Bordeaux Bègles,"Rugby World Cup 2015, Rugby World Cup 2019",international
Solomone Funaki,,Solomone Funaki,Tonga,7,Moana Pasifika,Rugby World Cup 2023,league-one
Solomone Kata,,Solomone Kata,Tonga,9,Leicester Tigers,Rugby World Cup 2023,premiership
Sona Taumalolo,,Sona Taumalolo,Tonga,17,Chiefs,"Rugby World Cup 2011, Rugby World Cup 2015",international
Sonatane Takulua,,Sonatane Takulua,Tonga,52,Newcastle Falcons,"Rugby World Cup 2015, Rugby World Cup 2019, Rugby World Cup 2023",international
Sonny Bill Williams,,Sonny Bill Williams,New Zealand,53,Crusaders,"Rugby World Cup 2011, Rugby World Cup 2015, Rugby World Cup 2019",international
Sonny Parker,,Sonny Parker,Wales,23,Ospreys,Rugby World Cup 2007,international
Sorin Socol,,Sorin Socol,Romania,38,Pau,Rugby World Cup 2007,international
Sosefo Maʻake,,Sosefo Maʻake,Squad caps,527,Sosefo Maʻake,Rugby World Cup 2015,international
Sosefo Maʻake,,Sosefo Maʻake,Tonga,1,Havelu Bulldogs,Rugby World Cup 2015,international
Sosefo Sakalia,,Sosefo Sakalia,Tonga,10,Asia Pacific Dragons,Rugby World Cup 2019,international
Soso Matiashvili,,Soso Matiashvili,Georgia,19,Lelo Saracens,Rugby World Cup 2019,international
South Africa,,South Africa,Overview,0,Siya Kolisi,Rugby World Cup 2019,international
Stafford McDowall,,Stafford McDowall,Scotland,8,Glasgow Warriors,"Six Nations 2024, Six Nations 2025",urc
Stanislav Sel'skiy,,Stanislav Sel'skiy,Russia,35,Enisey-STM,Rugby World Cup 2019,international
Steevy Cerqueira,,Steevy Cerqueira,Portugal,12,Chambéry,Rugby World Cup 2023,international
Stelian Burcea,,Stelian Burcea,Romania,50,Timişoara,"Rugby World Cup 2011, Rugby World Cup 2015",international
Stephen Donald,,Stephen Donald,New Zealand,22,Chiefs,Rugby World Cup 2011,international
Stephen Ferris,,Stephen Ferris,Ireland,25,Ulster,"Rugby World Cup 2007, Rugby World Cup 2011",international
Stephen Hoiles,,Stephen Hoiles,Australia,10,Brumbies,Rugby World Cup 2007,international
Stephen Jones,,Stephen Jones,Squad caps,865,Stephen Jones,Rugby World Cup 2011,international
Stephen Jones,,Stephen Jones,Wales,101,Llanelli Scarlets,"Rugby World Cup 2007, Rugby World Cup 2011",international
Stephen Larkham,,Stephen Larkham,Australia,101,Brumbies,Rugby World Cup 2007,international
Stephen Moore,,Stephen Moore,Australia,96,Queensland Reds,"Rugby World Cup 2007, Rugby World Cup 2011, Rugby World Cup 2015",international
Stephen Varney,,Stephen Varney,Italy,30,Gloucester,"Rugby World Cup 2023, Six Nations 2024, Six Nations 2025",premiership
Steve Borthwick,,Steve Borthwick,England,28,Bath,Rugby World Cup 2007,international
Steve Luatua,,Steve Luatua,Samoa,3,Bristol Bears,Rugby World Cup 2023,international
Steve Mafi,,Steve Mafi,Tonga,41,Western Force,"Rugby World Cup 2015, Rugby World Cup 2019, Rugby World Cup 2023",international
Steve Thompson,,Steve Thompson,England,67,London Wasps,Rugby World Cup 2011,international
Steven Kitshoff,,Steven Kitshoff,South Africa,76,Stormers,"Rugby World Cup 2019, Rugby World Cup 2023",international
Steven So'oialo,,Steven So'oialo,Samoa,21,Harlequins,Rugby World Cup 2007,international
Stirling Mortlock,,Stirling Mortlock,Australia,60,Brumbies,Rugby World Cup 2007,international
Stuart Hogg,,Stuart Hogg,Scotland,69,Glasgow Warriors,"Rugby World Cup 2015, Rugby World Cup 2019",top14
Stuart McCloskey,,Stuart McCloskey,Call-ups,19,Ulster,Six Nations 2025,urc
Stuart McCloskey,,Stuart McCloskey,Ireland,17,Ulster,"Rugby World Cup 2023, Six Nations 2024",urc
Stuart McInally,,Stuart McInally,Scotland,49,Edinburgh,"Rugby World Cup 2019, Rugby World Cup 2023",international
Suka Hufanga,,Suka Hufanga,Tonga,22,Brive,"Rugby World Cup 2007, Rugby World Cup 2011",international
Suliasi Vunivalu,,Suliasi Vunivalu,Australia,3,Queensland Reds,Rugby World Cup 2023,top14
Sunia Koto,,Sunia Koto,Fiji,43,Warriors,"Rugby World Cup 2007, Rugby World Cup 2011, Rugby World Cup 2015",international
Sébastien Bruno,,Sébastien Bruno,France,22,Sale Sharks,Rugby World Cup 2007,international
Sébastien Chabal,,Sébastien Chabal,France,31,Sale Sharks,Rugby World Cup 2007,international
Sébastien Taofifénua,,Sébastien Taofifénua,France,3,Lyon,Six Nations 2024,international
Sébastien Tillous-Borde,,Sébastien Tillous-Borde,France,16,Toulon,Rugby World Cup 2015,international
Sébastien Vahaamahina,,Sébastien Vahaamahina,France,42,Clermont Auvergne,Rugby World Cup 2019,international
T. Rhys Thomas,,T. Rhys Thomas,Wales,10,Cardiff Blues,Rugby World Cup 2007,international
TC Kisting,,TC Kisting,Namibia,18,Baia Mare,"Rugby World Cup 2019, Rugby World Cup 2023",international
TJ Ioane,,TJ Ioane,Samoa,21,Sale Sharks,"Rugby World Cup 2015, Rugby World Cup 2019",international
TJ Perenara,,TJ Perenara,New Zealand,59,Hurricanes / Wellington,"Rugby World Cup 2015, Rugby World Cup 2019",nan
Tadhg Beirne,,Tadhg Beirne,Ireland,61,Munster,"Rugby World Cup 2019, Rugby World Cup 2023, Six Nations 2024, Six Nations 2025",urc
Tadhg Furlong,,Tadhg Furlong,Ireland,79,Leinster,"Rugby World Cup 2015, Rugby World Cup 2019, Rugby World Cup 2023, Six Nations 2024, Six Nations 2025",urc
Tadhg Furlong,,Tadhg Furlong,Squad caps,1066,Tadhg Furlong,Rugby World Cup 2015,urc
Tagir Gadzhiev,,Tagir Gadzhiev,Russia,27,Kuban,Rugby World Cup 2019,international
Tai Enosa,,Tai Enosa,United States,5,Belmont Shore,Rugby World Cup 2011,international
Taiasina Tuifu'a,,Taiasina Tuifu'a,Samoa,3,Newcastle Falcons,Rugby World Cup 2011,international
Taihei Ueda,,Taihei Ueda,Japan,5,Honda Heat,Rugby World Cup 2011,international
Taine Basham,,Taine Basham,Wales,16,Dragons,"Rugby World Cup 2023, Six Nations 2024",urc
Takahiro Sugiura,,Takahiro Sugiura,Japan,1,Fukuoka,Rugby World Cup 2007,international
Takamichi Sasaki,,Takamichi Sasaki,Japan,5,Sungoliath,Rugby World Cup 2007,international
Takanori Kumagae,,Takanori Kumagae,Japan,25,Green Rockets,Rugby World Cup 2007,international
Takashi Kikutani,,Takashi Kikutani,Japan,44,Toyota Verblitz,Rugby World Cup 2011,international
Takehisa Usuzuki,,Takehisa Usuzuki,Japan,6,Toshiba Brave Lupus,Rugby World Cup 2011,international
Takeshi Kizu,,Takeshi Kizu,Japan,37,Kobelco Steelers,Rugby World Cup 2015,international
Taku Inokuchi,,Taku Inokuchi,Japan,1,Brave Lupus,Rugby World Cup 2007,international
Takudzwa Ngwenya,,Takudzwa Ngwenya,United States,32,Biarritz,"Rugby World Cup 2007, Rugby World Cup 2011, Rugby World Cup 2015",international
Takuro Miuchi,,Takuro Miuchi,Japan,36,Green Rockets,Rugby World Cup 2007,international
Takuya Kitade,,Takuya Kitade,Japan,1,Suntory Sungoliath,Rugby World Cup 2019,league-one
Takuya Kitade,,Takuya Kitade,Squad caps,705,Takuya Kitade,Rugby World Cup 2019,league-one
Talemaitoga Tuapati,,Talemaitoga Tuapati,Fiji,29,Woodlands,"Rugby World Cup 2011, Rugby World Cup 2015",international
Taleni Seu,,Taleni Seu,Samoa,6,Toyota Shuttles,Rugby World Cup 2023,nan
Taliaʻuli Sikuea,,Taliaʻuli Sikuea,Romania,1,Știința Baia Mare,Rugby World Cup 2023,international
Tamaiti Williams,,Tamaiti Williams,New Zealand,3,Crusaders / Canterbury,Rugby World Cup 2023,nan
Tamaz Mchedlidze,,Tamaz Mchedlidze,Georgia,53,Agen,"Rugby World Cup 2015, Rugby World Cup 2019",international
Tanginoa Halaifonua,,Tanginoa Halaifonua,Tonga,13,Stade Français,Rugby World Cup 2023,top14
Tani Fuga,,Tani Fuga,Samoa,1,Harlequins,Rugby World Cup 2007,international
Taniela Koroi,,Taniela Koroi,Fiji,2,Mogliano,Rugby World Cup 2015,international
Taniela Moa,,Taniela Moa,Tonga,2,Pau,Rugby World Cup 2011,international
Taniela Tupou,,Taniela Tupou,Australia,49,Queensland Reds,"Rugby World Cup 2019, Rugby World Cup 2023",top14
Tasesa Lavea,,Tasesa Lavea,Samoa,5,Sale Sharks,Rugby World Cup 2011,international
Tatafu Polota-Nau,,Tatafu Polota-Nau,Australia,54,Waratahs,"Rugby World Cup 2007, Rugby World Cup 2011, Rugby World Cup 2015",international
Tate McDermott,,Tate McDermott,Australia,26,Queensland Reds,Rugby World Cup 2023,nan
Tatsukichi Nishiura,,Tatsukichi Nishiura,Japan,7,West Red Sparks,Rugby World Cup 2007,international
Tau Koloamatangi,,Tau Koloamatangi,Tonga,7,Moana Pasifika,Rugby World Cup 2023,international
Taufaʻao Filise,,Taufaʻao Filise,Tonga,15,Cardiff Blues,"Rugby World Cup 2007, Rugby World Cup 2011",international
Taulupe Faletau,,Taulupe Faletau,Wales,104,Newport Gwent Dragons,"Rugby World Cup 2011, Rugby World Cup 2015, Rugby World Cup 2023, Six Nations 2025",international
Tavis Knoyle,,Tavis Knoyle,Wales,5,Scarlets,Rugby World Cup 2011,international
Tawera Kerr-Barlow,,Tawera Kerr-Barlow,New Zealand,15,Chiefs / Waikato,Rugby World Cup 2015,top14
Taylor Gontineac,,Taylor Gontineac,Romania,10,Rouen,Rugby World Cup 2023,international
Taylor Paris,,Taylor Paris,Canada,27,Ontario Blues,"Rugby World Cup 2011, Rugby World Cup 2019",international
Te Ahiwaru Cirikidaveta,,Te Ahiwaru Cirikidaveta,Fiji,5,Fijian Drua,Rugby World Cup 2023,international
Ted Hill,,Ted Hill,England,2,Bath,Six Nations 2025,premiership
Teddy Williams,,Teddy Williams,Wales,2,Cardiff,"Six Nations 2024, Six Nations 2025",urc
Tedo Abzhandadze,,Tedo Abzhandadze,Georgia,43,Brive,"Rugby World Cup 2019, Rugby World Cup 2023",international
Tedo Zibzibadze,,Tedo Zibzibadze,Georgia,56,Périgueux,Rugby World Cup 2011,international
Telusa Veainu,,Telusa Veainu,Tonga,9,Melbourne Rebels,"Rugby World Cup 2015, Rugby World Cup 2019",international
Temo Mayanavanua,,Temo Mayanavanua,Fiji,11,Northampton Saints,Rugby World Cup 2023,nan
Tendai Mtawarira,,Tendai Mtawarira,South Africa,111,Sharks,"Rugby World Cup 2011, Rugby World Cup 2015, Rugby World Cup 2019",international
Tengiz Peranidze,,Tengiz Peranidze,Georgia,1,Black Lion,Rugby World Cup 2023,international
Tengiz Zamtaradze,,Tengiz Zamtaradze,Georgia,4,Black Lion,Rugby World Cup 2023,international
Tertius Losper,,Tertius Losper,Namibia,9,Western Suburbs,"Rugby World Cup 2007, Rugby World Cup 2011",international
Teti Tela,,Teti Tela,Fiji,6,Fijian Drua,Rugby World Cup 2023,international
Tevita Cavubati,,Tevita Cavubati,Fiji,26,Worcester Warriors,"Rugby World Cup 2015, Rugby World Cup 2019",international
Tevita Ikanivere,,Tevita Ikanivere,Fiji,8,Fijian Drua,Rugby World Cup 2023,league-one
Tevita Kuridrani,,Tevita Kuridrani,Australia,60,Brumbies,"Rugby World Cup 2015, Rugby World Cup 2019",international
Tevita Mailau,,Tevita Mailau,Tonga,16,Perpignan,Rugby World Cup 2015,international
Tevita Manumua,,Tevita Manumua,Romania,2,Timișoara,Rugby World Cup 2023,international
Tevita Manumua,,Tevita Manumua,Squad caps,681,Tevita Manumua,Rugby World Cup 2023,international
Tevita Ratuva,,Tevita Ratuva,Fiji,3,Bordeaux Bègles,Rugby World Cup 2019,top14
Tevita Tuʻifua,,Tevita Tuʻifua,Tonga,11,Counties Manukau,Rugby World Cup 2007,international
Theo Dan,,Theo Dan,England,16,Saracens,"Rugby World Cup 2023, Six Nations 2024, Six Nations 2025",premiership
Theo Dan,,Theo Dan,Squad caps,1476,Theo Dan,Rugby World Cup 2023,premiership
Theo McFarland,,Theo McFarland,Samoa,7,Saracens,Rugby World Cup 2023,premiership
Theo Sauder,,Theo Sauder,Canada,8,Toronto Arrows,Rugby World Cup 2019,international
Theuns Kotzé,,Theuns Kotzé,Namibia,25,Johannesburg Uni,"Rugby World Cup 2011, Rugby World Cup 2015",international
Thibaud Flament,,Thibaud Flament,France,29,Toulouse,"Rugby World Cup 2023, Six Nations 2025",top14
Thibault de Freitas,,Thibault de Freitas,Portugal,31,Floirac,Rugby World Cup 2023,international
Thierry Dusautoir,,Thierry Dusautoir,France,76,Toulouse,"Rugby World Cup 2007, Rugby World Cup 2011, Rugby World Cup 2015",international
Thomas Ahern,,Thomas Ahern,Call-ups,0,Munster,"Six Nations 2024, Six Nations 2025",international
Thomas Crețu,,Thomas Crețu,Romania,5,Aurillac,Rugby World Cup 2023,international
Thomas Gallo,,Thomas Gallo,Argentina,17,Benetton,Rugby World Cup 2023,nan
Thomas Laclayat,,Thomas Laclayat,France,1,Racing 92,Six Nations 2024,top14
Thomas Orchard,,Thomas Orchard,Chile,12,Selknam,Rugby World Cup 2023,international
Thomas Ramos,,Thomas Ramos,France,39,Toulouse,"Rugby World Cup 2019, Rugby World Cup 2023, Six Nations 2024, Six Nations 2025",top14
Thomas Waldrom,,Thomas Waldrom,England,0,Leicester Tigers,Rugby World Cup 2011,international
Thomas du Toit,,Thomas du Toit,South Africa,10,Toulouse,Rugby World Cup 2019,premiership
Thomasau Forbes,,Thomasau Forbes,Namibia,17,Welwitschias,Rugby World Cup 2019,international
Thretton Palamo,,Thretton Palamo,United States,18,San Francisco Golden Gate,"Rugby World Cup 2007, Rugby World Cup 2015, Rugby World Cup 2019",international
Théo Attissogbé,,Théo Attissogbé,France,3,Pau,Six Nations 2025,international
Tiaan Swanepoel,,Tiaan Swanepoel,Namibia,2,Valence-d'Agen,Rugby World Cup 2023,international
Tiaan de Klerk,,Tiaan de Klerk,Namibia,1,Mogliano,Rugby World Cup 2023,international
Tiago Girão,,Tiago Girão,Portugal,2,CDUL,Rugby World Cup 2007,international
Tim Nanai-Williams,,Tim Nanai-Williams,Samoa,12,Ricoh Black Rams,"Rugby World Cup 2015, Rugby World Cup 2019",international
Tim Nanai-Williams,,Tim Nanai-Williams,Squad caps,505,Tim Nanai-Williams,Rugby World Cup 2015,international
Tim Swinson,,Tim Swinson,Scotland,13,Glasgow Warriors,Rugby World Cup 2015,international
Tim Usasz,,Tim Usasz,United States,15,Nottingham,Rugby World Cup 2011,international
Tim Visser,,Tim Visser,Scotland,21,Harlequins,Rugby World Cup 2015,international
Timoci Nagusa,,Timoci Nagusa,Fiji,22,Montpellier,Rugby World Cup 2015,international
Timothy Lafaele,,Timothy Lafaele,Japan,18,Kubota Spears,Rugby World Cup 2019,league-one
Tinus du Plessis,,Tinus du Plessis,Namibia,44,Maties RC,"Rugby World Cup 2007, Rugby World Cup 2011, Rugby World Cup 2015",international
Titi Lamositele,,Titi Lamositele,Player representation by league,0,Titi Lamositele,Rugby World Cup 2015,premiership
Titi Lamositele,,Titi Lamositele,United States,28,Saracens,"Rugby World Cup 2015, Rugby World Cup 2019",premiership
Tito Tebaldi,,Tito Tebaldi,Italy,34,Benetton,Rugby World Cup 2019,international
Tiziano Pasquali,,Tiziano Pasquali,Italy,20,Benetton,Rugby World Cup 2019,nan
Ti’i Paulo,,Ti’i Paulo,Samoa,6,Clermont,Rugby World Cup 2011,international
Tjiuee Uanivi,,Tjiuee Uanivi,Namibia,34,Brive,"Rugby World Cup 2015, Rugby World Cup 2019, Rugby World Cup 2023",international
Toa Halafihi,,Toa Halafihi,Italy,11,Benetton,Rugby World Cup 2023,international
Toby Flood,,Toby Flood,England,41,Newcastle,"Rugby World Cup 2007, Rugby World Cup 2011",international
Toby Smith,,Toby Smith,Australia,1,Melbourne Rebels,Rugby World Cup 2015,international
Toby Smith,,Toby Smith,Squad caps,1263,Toby Smith,Rugby World Cup 2015,international
Todd Clever,,Todd Clever,United States,37,OMBAC,"Rugby World Cup 2007, Rugby World Cup 2011",international
Toetu'u Taufa,,Toetu'u Taufa,Japan,21,Kintetsu Liners,Rugby World Cup 2011,international
Tolu Latu,,Tolu Latu,Australia,15,Waratahs,Rugby World Cup 2019,top14
Tom Clarkson,,Tom Clarkson,Ireland,6,Leinster,Six Nations 2025,urc
Tom Court,,Tom Court,Ireland,20,Ulster,Rugby World Cup 2011,international
Tom Croft,,Tom Croft,England,25,Leicester Tigers,Rugby World Cup 2011,international
Tom Curry,,Tom Curry,England,56,Sale Sharks,"Rugby World Cup 2019, Rugby World Cup 2023, Six Nations 2025",premiership
Tom Curry,,Tom Curry,Player representation by nation,0,Tom Curry,Rugby World Cup 2019,premiership
Tom Hooper,,Tom Hooper,Australia,4,ACT Brumbies,Rugby World Cup 2023,premiership
Tom Jordan,,Tom Jordan,Scotland,3,Glasgow Warriors,Six Nations 2025,premiership
Tom O'Toole,,Tom O'Toole,Call-ups,16,Ulster,Six Nations 2025,urc
Tom O'Toole,,Tom O'Toole,Ireland,13,Ulster,"Rugby World Cup 2023, Six Nations 2024",urc
Tom Palmer,,Tom Palmer,England,27,Stade Français,Rugby World Cup 2011,international
Tom Pearson,,Tom Pearson,England,1,Northampton Saints,Six Nations 2024,premiership
Tom Rees,,Tom Rees,England,5,Wasps,Rugby World Cup 2007,international
Tom Roebuck,,Tom Roebuck,England,3,Sale Sharks,"Six Nations 2024, Six Nations 2025",premiership
Tom Rogers,,Tom Rogers,Wales,5,Scarlets,"Six Nations 2024, Six Nations 2025",urc
Tom Shanklin,,Tom Shanklin,Wales,41,Cardiff Blues,Rugby World Cup 2007,international
Tom Stewart,,Tom Stewart,Ireland,2,Ulster,Six Nations 2024,urc
Tom Willis,,Tom Willis,England,1,Saracens,Six Nations 2025,international
Tom Wood,,Tom Wood,England,38,Northampton Saints,"Rugby World Cup 2011, Rugby World Cup 2015",urc
Tom Youngs,,Tom Youngs,England,24,Leicester Tigers,Rugby World Cup 2015,international
Toma Toke,,Toma Toke,Tonga,5,Tau'uta Reds,Rugby World Cup 2007,international
Tomas Francis,,Tomas Francis,Wales,72,Exeter Chiefs,"Rugby World Cup 2015, Rugby World Cup 2019, Rugby World Cup 2023",international
Tomasi Palu,,Tomasi Palu,Tonga,3,Norths,Rugby World Cup 2011,international
Tommaso Allan,,Tommaso Allan,Italy,82,Perpignan,"Rugby World Cup 2015, Rugby World Cup 2019, Rugby World Cup 2023, Six Nations 2024, Six Nations 2025",top14
Tommaso Benvenuti,,Tommaso Benvenuti,Italy,59,Benetton Treviso,"Rugby World Cup 2011, Rugby World Cup 2015, Rugby World Cup 2019",international
Tommaso Di Bartolomeo,,Tommaso Di Bartolomeo,Italy,0,Zebre Parma,Six Nations 2025,urc
Tommaso Menoncello,,Tommaso Menoncello,Italy,24,Benetton,"Six Nations 2024, Six Nations 2025",nan
Tommy Bowe,,Tommy Bowe,Ireland,63,Ospreys,"Rugby World Cup 2011, Rugby World Cup 2015",international
Tommy Freeman,,Tommy Freeman,England,16,Northampton Saints,"Six Nations 2024, Six Nations 2025",premiership
Tommy O'Brien,,Tommy O'Brien,Call-ups,0,Leinster,Six Nations 2025,urc
Tommy Reffell,,Tommy Reffell,Wales,23,Leicester Tigers,"Rugby World Cup 2023, Six Nations 2024, Six Nations 2025",premiership
Tommy Seymour,,Tommy Seymour,Scotland,52,Glasgow Warriors,"Rugby World Cup 2015, Rugby World Cup 2019",international
Tomokazu Soma,,Tomokazu Soma,Japan,13,Wild Knights,Rugby World Cup 2007,international
Tomoki Kitagawa,,Tomoki Kitagawa,Japan,2,Wild Knights,Rugby World Cup 2007,international
Tomoki Osada,,Tomoki Osada,Japan,4,Saitama Wild Knights,Rugby World Cup 2023,league-one
Tomoki Yoshida,,Tomoki Yoshida,Japan,4,Brave Lupus,Rugby World Cup 2007,international
Tomos Williams,,Tomos Williams,Wales,59,Cardiff Blues,"Rugby World Cup 2019, Rugby World Cup 2023, Six Nations 2024, Six Nations 2025",premiership
Tomás Appleton,,Tomás Appleton,Portugal,62,CDUL,Rugby World Cup 2023,international
Tomás Cubelli,,Tomás Cubelli,Argentina,89,UAR,"Rugby World Cup 2015, Rugby World Cup 2019, Rugby World Cup 2023",international
Tomás Dussaillant,,Tomás Dussaillant,Chile,37,Selknam,Rugby World Cup 2023,international
Tomás Inciarte,,Tomás Inciarte,Uruguay,32,Old Christians,"Rugby World Cup 2019, Rugby World Cup 2023",international
Tomás Lavanini,,Tomás Lavanini,Argentina,82,UAR,"Rugby World Cup 2015, Rugby World Cup 2019, Rugby World Cup 2023",nan
Tomás Lezana,,Tomás Lezana,Argentina,34,Jaguares,Rugby World Cup 2019,international
Tomás Vallejos,,Tomás Vallejos,Argentina,0,Harlequins,Rugby World Cup 2011,international
Tonga,,Tonga,Overview,0,Siale Piutau,Rugby World Cup 2019,international
Tony Buckley,,Tony Buckley,Ireland,23,Sale Sharks,Rugby World Cup 2011,international
Tony Lamborn,,Tony Lamborn,United States,19,Melbourne Rebels,Rugby World Cup 2019,international
Tony Woodcock,,Tony Woodcock,New Zealand,115,North Harbour,"Rugby World Cup 2007, Rugby World Cup 2011, Rugby World Cup 2015",international
Tornike Jalagonia,,Tornike Jalagonia,Georgia,24,Biarritz,Rugby World Cup 2023,international
Tornike Kakhoidze,,Tornike Kakhoidze,Georgia,3,Black Lion,Rugby World Cup 2023,international
Tornike Kakhoidze,,Tornike Kakhoidze,Player representation by nation,0,Tornike Kakhoidze,Rugby World Cup 2023,international
Torsten van Jaarsveld,,Torsten van Jaarsveld,Namibia,19,Cheetahs,"Rugby World Cup 2015, Rugby World Cup 2019, Rugby World Cup 2023",international
Toshiaki Hirose,,Toshiaki Hirose,Japan,28,Toshiba Brave Lupus,Rugby World Cup 2015,international
Toshizumi Kitagawa,,Toshizumi Kitagawa,Japan,37,Toyota Verblitz,Rugby World Cup 2011,international
Trevor Nyakane,,Trevor Nyakane,South Africa,62,Bulls,"Rugby World Cup 2015, Rugby World Cup 2019, Rugby World Cup 2023",urc
Tudor Boldor,,Tudor Boldor,Romania,16,Dinamo București,Rugby World Cup 2023,international
Tudorel Bratu,,Tudorel Bratu,Romania,0,Dinamo,Rugby World Cup 2015,international
Tudorel Bratu,,Tudorel Bratu,Squad caps,1185,Tudorel Bratu,Rugby World Cup 2015,international
Tukulua Lokotui,,Tukulua Lokotui,Tonga,24,Kintetsu Liners,"Rugby World Cup 2011, Rugby World Cup 2015",international
Tumua Manu,,Tumua Manu,Samoa,7,Pau,Rugby World Cup 2023,top14
Tupou Vaa'i,,Tupou Vaa'i,New Zealand,22,Chiefs / Taranaki,Rugby World Cup 2023,nan
Tusi Pisi,,Tusi Pisi,Samoa,38,Hurricanes,"Rugby World Cup 2011, Rugby World Cup 2015, Rugby World Cup 2019",international
Tyler Ardron,,Tyler Ardron,Canada,34,Ospreys,"Rugby World Cup 2015, Rugby World Cup 2019",top14
Tyler Hotson,,Tyler Hotson,Canada,20,Plymouth Albion,Rugby World Cup 2011,international
Tyler Morgan,,Tyler Morgan,Wales,1,Newport Gwent Dragons,Rugby World Cup 2015,international
Tyrel Lomax,,Tyrel Lomax,New Zealand,27,Hurricanes / Tasman,Rugby World Cup 2023,nan
Tyson Meek,,Tyson Meek,United States,4,Denver Barbarians,Rugby World Cup 2007,international
UJ Seuteni,,UJ Seuteni,Samoa,12,Bordeaux-Bègles,"Rugby World Cup 2019, Rugby World Cup 2023",international
Uakazuwaka Kazombiaze,,Uakazuwaka Kazombiaze,Namibia,22,Western Suburbs,"Rugby World Cup 2007, Rugby World Cup 2011",international
Ualosi Kailea,,Ualosi Kailea,Tonga,0,Tau'uta Reds,Rugby World Cup 2007,international
Uili Koloʻofai,,Uili Koloʻofai,Tonga,5,Unattached,Rugby World Cup 2015,international
Uini Atonio,,Uini Atonio,France,63,La Rochelle,"Rugby World Cup 2015, Rugby World Cup 2023, Six Nations 2024, Six Nations 2025",international
Ulia Ulia,,Ulia Ulia,Samoa,9,Marist St. Joseph,Rugby World Cup 2007,international
United States,,United States,Overview,0,Blaine Scully,Rugby World Cup 2019,international
Uruguay,,Uruguay,Overview,0,Juan Manuel Gaminara,Rugby World Cup 2019,international
Uwe Helu,,Uwe Helu,Japan,19,Yamaha Júbilo,"Rugby World Cup 2019, Rugby World Cup 2023",league-one
Vaea Fifita,,Vaea Fifita,Tonga,9,Scarlets,Rugby World Cup 2023,international
Vahafolau Esikia,,Vahafolau Esikia,United States,7,San Mateo,Rugby World Cup 2007,international
Vakhtang Maisuradze,,Vakhtang Maisuradze,Georgia,8,Saint Nazaire,Rugby World Cup 2011,international
Valentin Calafateanu,,Valentin Calafateanu,Romania,14,Dinamo București,Rugby World Cup 2007,international
Valentin Calafeteanu,,Valentin Calafeteanu,Romania,73,Timişoara,"Rugby World Cup 2011, Rugby World Cup 2015",international
Valentin Popârlan,,Valentin Popârlan,Romania,47,CSM București,"Rugby World Cup 2011, Rugby World Cup 2015",international
Valentin Ursache,,Valentin Ursache,Romania,60,Arad,"Rugby World Cup 2007, Rugby World Cup 2011, Rugby World Cup 2015",international
Valerio Bernabò,,Valerio Bernabò,Italy,25,Calvisano,"Rugby World Cup 2007, Rugby World Cup 2015",international
Valery Morozov,,Valery Morozov,Russia,17,Sale Sharks,Rugby World Cup 2019,international
Valery Tsnobiladze,,Valery Tsnobiladze,Russia,4,Novokuznetsk,Rugby World Cup 2011,international
Vano Karkadze,,Vano Karkadze,Georgia,7,Brive,"Rugby World Cup 2019, Rugby World Cup 2023",international
Vano Karkadze,,Vano Karkadze,Player representation by nation,0,Vano Karkadze,Rugby World Cup 2019,international
Vano Karkadze,,Vano Karkadze,Squad caps,1370,Vano Karkadze,Rugby World Cup 2019,international
Vasco Uva,,Vasco Uva,Portugal,39,Direito,Rugby World Cup 2007,international
Vasil Kakovin,,Vasil Kakovin,Georgia,15,Brive,Rugby World Cup 2011,international
Vasil Lobzhanidze,,Vasil Lobzhanidze,Georgia,78,Armazi Tbilisi,"Rugby World Cup 2015, Rugby World Cup 2019, Rugby World Cup 2023",international
Vasil Lobzhanidze,,Vasil Lobzhanidze,Player representation by league,0,Vasil Lobzhanidze,Rugby World Cup 2015,international
Vasily Artemiev,,Vasily Artemiev,Russia,25,Northampton Saints,Rugby World Cup 2011,international
Vasily Artemyev,,Vasily Artemyev,Russia,86,Krasny Yar,Rugby World Cup 2019,international
Vasily Dorofeev,,Vasily Dorofeev,Russia,22,Krasny Yar,Rugby World Cup 2019,international
Vavao Afemai,,Vavao Afemai,Player representation by league,0,Vavao Afemai,Rugby World Cup 2015,international
Vavao Afemai,,Vavao Afemai,Samoa,5,Vaiala,Rugby World Cup 2015,international
Vazha Khutsishvili,,Vazha Khutsishvili,Georgia,20,Rustavi Kharebi,Rugby World Cup 2015,international
Vereniki Goneva,,Vereniki Goneva,Fiji,57,Tarbes,"Rugby World Cup 2011, Rugby World Cup 2015, Rugby World Cup 2019",international
Vereniki Sauturaga,,Vereniki Sauturaga,Fiji,1,Warriors,Rugby World Cup 2007,international
Viacheslav Grachev,,Viacheslav Grachev,Russia,36,Bizanos,Rugby World Cup 2011,international
Victor Didebulidze,,Victor Didebulidze,Georgia,39,Massy,Rugby World Cup 2007,international
Victor Gresev,,Victor Gresev,Russia,98,London Wasps,"Rugby World Cup 2011, Rugby World Cup 2019",international
Victor Matfield,,Victor Matfield,South Africa,123,Bulls,"Rugby World Cup 2007, Rugby World Cup 2011, Rugby World Cup 2015",international
Victor Matfield,,Victor Matfield,Squad caps,1224,Victor Matfield,Rugby World Cup 2011,international
Victor Vito,,Victor Vito,New Zealand,28,Hurricanes,"Rugby World Cup 2011, Rugby World Cup 2015",international
Viktor Kolelishvili,,Viktor Kolelishvili,Georgia,32,Clermont Espoirs,"Rugby World Cup 2011, Rugby World Cup 2015",international
Viliame Iongi,,Viliame Iongi,Tonga,6,Scarlets,Rugby World Cup 2011,international
Viliame Mata,,Viliame Mata,Fiji,26,Edinburgh,"Rugby World Cup 2019, Rugby World Cup 2023",international
Viliame Veikoso,,Viliame Veikoso,Fiji,30,Nadi,"Rugby World Cup 2011, Rugby World Cup 2015",international
Viliami Lolohea,,Viliami Lolohea,Tonga,9,Papatoetoe,Rugby World Cup 2019,international
Viliami Maʻafu,,Viliami Maʻafu,Tonga,24,Mitsubishi Sagamihara DynaBoars,"Rugby World Cup 2011, Rugby World Cup 2015",international
Viliami Tahituʻa,,Viliami Tahituʻa,Tonga,2,Unattached,Rugby World Cup 2015,international
Viliami Vaki,,Viliami Vaki,Tonga,25,Perpignan,Rugby World Cup 2007,international
Viliamu Afatia,,Viliamu Afatia,Samoa,11,Agen,Rugby World Cup 2015,international
Vilimoni Botitu,,Vilimoni Botitu,Fiji,8,Castres,Rugby World Cup 2023,top14
Vilimoni Delasau,,Vilimoni Delasau,Fiji,24,Clermont,Rugby World Cup 2007,international
Vilive Miramira,,Vilive Miramira,Fiji,1,Fijian Drua,Rugby World Cup 2023,nan
Vilive Miramira,,Vilive Miramira,Squad caps,374,Vilive Miramira,Rugby World Cup 2023,nan
Vinaya Habosi,,Vinaya Habosi,Fiji,6,Racing 92,Rugby World Cup 2023,top14
Vincent Clerc,,Vincent Clerc,France,50,Toulouse,"Rugby World Cup 2007, Rugby World Cup 2011",international
Vincent Debaty,,Vincent Debaty,France,32,Clermont,Rugby World Cup 2015,international
Vincent Koch,,Vincent Koch,South Africa,46,Saracens,"Rugby World Cup 2019, Rugby World Cup 2023",urc
Vincent Pinto,,Vincent Pinto,Portugal,14,Colomiers,Rugby World Cup 2023,international
Vincent Rattez,,Vincent Rattez,France,2,La Rochelle,Rugby World Cup 2019,top14
Viorel Lucaci,,Viorel Lucaci,Romania,42,Steaua București,Rugby World Cup 2015,international
Virimi Vakatawa,,Virimi Vakatawa,France,18,Racing 92,Rugby World Cup 2019,nan
Vitaly Zhivatov,,Vitaly Zhivatov,Russia,9,VVA-Podmoskovye,Rugby World Cup 2019,international
Vitori Buatava,,Vitori Buatava,Fiji,9,Zhermack Badia,Rugby World Cup 2011,international
Vittorio Lastra,,Vittorio Lastra,Chile,22,Selknam,Rugby World Cup 2023,international
Vlad Neculau,,Vlad Neculau,Romania,14,Timișoara,Rugby World Cup 2023,international
Vlad Nistor,,Vlad Nistor,Romania,14,Castres,Rugby World Cup 2015,international
Vladimir Ostroushko,,Vladimir Ostroushko,Russia,46,Enisey-STM,"Rugby World Cup 2011, Rugby World Cup 2019",international
Vladimir Podrezov,,Vladimir Podrezov,Russia,25,VVA-Podmoskovye,Rugby World Cup 2019,international
Vladislav Korshunov,,Vladislav Korshunov,Russia,54,London Wasps,Rugby World Cup 2011,international
Vladislav Sozonov,,Vladislav Sozonov,Russia,8,VVA-Podmoskovye,Rugby World Cup 2019,international
Vunga Lilo,,Vunga Lilo,Tonga,38,Cornish Pirates,"Rugby World Cup 2007, Rugby World Cup 2011, Rugby World Cup 2015",international
Vunipola Fifita,,Vunipola Fifita,Tonga,2,Brumbies,Rugby World Cup 2019,international
WP Nel,,WP Nel,Scotland,61,Edinburgh,"Rugby World Cup 2015, Rugby World Cup 2019, Rugby World Cup 2023, Six Nations 2024",international
Waisake Naholo,,Waisake Naholo,New Zealand,1,Highlanders / Taranaki,Rugby World Cup 2015,international
Waisake Naholo,,Waisake Naholo,Squad caps,1484,Waisake Naholo,Rugby World Cup 2015,international
Waisea Daveta,,Waisea Daveta,Fiji,2,Suva,Rugby World Cup 2011,international
Waisea Luveniyali,,Waisea Luveniyali,Fiji,12,Warriors,"Rugby World Cup 2007, Rugby World Cup 2011",international
Waisea Nayacalevu,,Waisea Nayacalevu,Fiji,39,Stade Français,"Rugby World Cup 2015, Rugby World Cup 2019, Rugby World Cup 2023",international
Wales,,Wales,Overview,0,Alun Wyn Jones,Rugby World Cup 2019,international
Wame Lewaravu,,Wame Lewaravu,Fiji,13,Barbarians,"Rugby World Cup 2007, Rugby World Cup 2011",international
Warner Dearns,,Warner Dearns,Japan,7,Toshiba Brave Lupus Tokyo,Rugby World Cup 2023,nan
Warner Dearns,,Warner Dearns,Player representation by nation,0,Warner Dearns,Rugby World Cup 2023,nan
Warrick Gelant,,Warrick Gelant,South Africa,7,Bulls,Rugby World Cup 2019,urc
Wayne Julies,,Wayne Julies,South Africa,10,Bulls,Rugby World Cup 2007,international
Wenceslas Lauret,,Wenceslas Lauret,France,24,Racing 92,Rugby World Cup 2019,international
Wesley Fofana,,Wesley Fofana,France,48,Clermont,"Rugby World Cup 2015, Rugby World Cup 2019",international
Wian Conradie,,Wian Conradie,Namibia,28,Johannesburg Uni.,"Rugby World Cup 2015, Rugby World Cup 2019, Rugby World Cup 2023",international
Wian Conradie,,Wian Conradie,Squad caps,505,Wian Conradie Damian Stevens,Rugby World Cup 2015,international
Wikus van Heerden,,Wikus van Heerden,South Africa,7,Bulls,Rugby World Cup 2007,international
Will Genia,,Will Genia,Australia,105,Reds,"Rugby World Cup 2011, Rugby World Cup 2015, Rugby World Cup 2019",international
Will Hooley,,Will Hooley,United States,12,Bedford Blues,Rugby World Cup 2019,international
Will Hurd,,Will Hurd,Scotland,4,Leicester Tigers,"Six Nations 2024, Six Nations 2025",premiership
Will James,,Will James,Wales,1,Gloucester,Rugby World Cup 2007,international
Will Jordan,,Will Jordan,New Zealand,25,Crusaders / Tasman,Rugby World Cup 2023,nan
Will Magie,,Will Magie,United States,25,Unattached,Rugby World Cup 2019,international
Will Muir,,Will Muir,Call-ups,0,Bath,Six Nations 2024,premiership
Will Rowlands,,Will Rowlands,Wales,36,Racing 92,"Rugby World Cup 2023, Six Nations 2024, Six Nations 2025",top14
Will Skelton,,Will Skelton,Australia,29,Waratahs,"Rugby World Cup 2015, Rugby World Cup 2023",top14
Will Stuart,,Will Stuart,England,45,Bath,"Rugby World Cup 2023, Six Nations 2024, Six Nations 2025",premiership
Will Tupou,,Will Tupou,Japan,10,Coca-Cola Red Sparks,Rugby World Cup 2019,international
WillGriff John,,WillGriff John,Wales,2,Sale Sharks,Six Nations 2025,premiership
Willem Alberts,,Willem Alberts,South Africa,33,Sharks,"Rugby World Cup 2011, Rugby World Cup 2015",international
Willi Heinz,,Willi Heinz,England,4,Gloucester,Rugby World Cup 2019,international
William Havili,,William Havili,Tonga,9,Moana Pasifika,Rugby World Cup 2023,international
William Helu,,William Helu,Tonga,20,Bristol,"Rugby World Cup 2011, Rugby World Cup 2015",international
William Servat,,William Servat,France,37,Toulouse,Rugby World Cup 2011,international
Willie le Roux,,Willie le Roux,South Africa,87,Cheetahs,"Rugby World Cup 2015, Rugby World Cup 2019, Rugby World Cup 2023",urc
Wimpie van der Walt,,Wimpie van der Walt,Japan,12,NTT DoCoMo Red Hurricanes,Rugby World Cup 2019,international
Wyatt Crockett,,Wyatt Crockett,New Zealand,40,Crusaders / Canterbury,Rugby World Cup 2015,international
Wycliff Palu,,Wycliff Palu,Australia,56,Waratahs,"Rugby World Cup 2007, Rugby World Cup 2015",international
Wyn Jones,,Wyn Jones,Wales,15,Scarlets,Rugby World Cup 2019,urc
Wynand Olivier,,Wynand Olivier,South Africa,17,Bulls,Rugby World Cup 2007,international
Yacouba Camara,,Yacouba Camara,France,15,Montpellier,Rugby World Cup 2019,top14
Yannick Jauzion,,Yannick Jauzion,France,44,Toulouse,Rugby World Cup 2007,international
Yannick Nyanga,,Yannick Nyanga,France,43,Toulouse,"Rugby World Cup 2007, Rugby World Cup 2015",international
Yasunori Watanabe,,Yasunori Watanabe,Japan,30,Brave Lupus,Rugby World Cup 2007,international
Yoann Huget,,Yoann Huget,France,59,Toulouse,"Rugby World Cup 2015, Rugby World Cup 2019",international
Yoann Maestri,,Yoann Maestri,France,38,Toulouse,Rugby World Cup 2015,international
Yoram Moefana,,Yoram Moefana,France,31,Bordeaux-Bègles,"Rugby World Cup 2023, Six Nations 2024, Six Nations 2025",top14
Yoshikazu Fujita,,Yoshikazu Fujita,Japan,27,Waseda University,Rugby World Cup 2015,international
Yoshikazu Fujita,,Yoshikazu Fujita,Player representation by league,0,Yoshikazu Fujita,Rugby World Cup 2015,international
Yoshitaka Tokunaga,,Yoshitaka Tokunaga,Japan,12,Toshiba Brave Lupus,Rugby World Cup 2019,league-one
Yu Tamura,,Yu Tamura,Japan,57,NEC Green Rockets,"Rugby World Cup 2015, Rugby World Cup 2019",league-one
Yuji Kitagawa,,Yuji Kitagawa,Japan,5,Panasonic Wild Knights,Rugby World Cup 2011,international
Yuji Matsubara,,Yuji Matsubara,Japan,19,Kobelco Steelers,Rugby World Cup 2007,international
Yuki Yatomi,,Yuki Yatomi,Japan,7,Jubilo,Rugby World Cup 2007,international
Yuri Kushnarev,,Yuri Kushnarev,Russia,109,VVA Podmoskovye,"Rugby World Cup 2011, Rugby World Cup 2019",international
Yusuke Aoki,,Yusuke Aoki,Japan,21,Verblitz,"Rugby World Cup 2007, Rugby World Cup 2011",international
Yusuke Kizu,,Yusuke Kizu,Japan,3,Toyota Verblitz,Rugby World Cup 2019,league-one
Yuta Imamura,,Yuta Imamura,Japan,11,Kobelco Steelers,Rugby World Cup 2007,international
Yuta Inose,,Yuta Inose,Japan,0,Green Rockets,Rugby World Cup 2007,international
Yutaka Nagare,,Yutaka Nagare,Japan,34,Suntory Sungoliath,"Rugby World Cup 2019, Rugby World Cup 2023",league-one
Zac Guildford,,Zac Guildford,New Zealand,8,Crusaders,Rugby World Cup 2011,international
Zach Fenoglio,,Zach Fenoglio,United States,13,Glendale Raptors,Rugby World Cup 2015,international
Zack Test,,Zack Test,United States,4,USA Sevens,Rugby World Cup 2015,international
Zander Fagerson,,Zander Fagerson,Scotland,70,Glasgow Warriors,"Rugby World Cup 2019, Rugby World Cup 2023, Six Nations 2024, Six Nations 2025",urc
Zane Kapeli,,Zane Kapeli,Tonga,6,Bay of Plenty,Rugby World Cup 2019,international
Zane Kirchner,,Zane Kirchner,South Africa,30,Bulls,"Rugby World Cup 2011, Rugby World Cup 2015",international
Zane Nonggorr,,Zane Nonggorr,Australia,3,Queensland Reds,Rugby World Cup 2023,nan
Zurab Dzneladze,,Zurab Dzneladze,Georgia,9,Locomotive,Rugby World Cup 2019,international
Zurab Mtchedlishvili,,Zurab Mtchedlishvili,Georgia,44,Figeac,Rugby World Cup 2007,international
Zuriel Togiatama,,Zuriel Togiatama,Fiji,3,Fijian Drua,Rugby World Cup 2023,nan
Zviad Maissuradze,,Zviad Maissuradze,Georgia,19,Locomotivi Tbilisi,Rugby World Cup 2007,international
Émilien Gailleton,,Émilien Gailleton,France,6,Pau,"Six Nations 2024, Six Nations 2025",top14
Ștefan Ciuntu,,Ștefan Ciuntu,Romania,24,Baia Mare,Rugby World Cup 2011,international
Ștefan Iancu,,Ștefan Iancu,Romania,5,Știința Baia Mare,Rugby World Cup 2023,international
