nationality,place_of_birth,birth_date,scraped_url,player_name
Scotland,,,https://all.rugby/player/zander-fagerson,Zander FAGERSON
,,,https://all.rugby/player/zak-burger,Zak BURGER
,,,https://all.rugby/player/zack-henry,Zack HENRY
,,,https://all.rugby/player/zachary-porthen,Zach PORTHEN
England,,,https://all.rugby/player/zach-mercer,Zach MERCER
,,,https://all.rugby/player/zac-ward,Zac WARD
,,,https://all.rugby/player/youri-delhommel,Youri DELHOMMEL
France,,,https://all.rugby/player/yoram-moefana,Yoram MOEFANA
,,,https://all.rugby/player/yohan-orabe,Yohan ORABÉ
,,,https://all.rugby/player/yoan-tanga,Yoan TANGA
,,,https://all.rugby/player/yestyn-cook,Yestyn COOK
,,,https://all.rugby/player/yerim-fall,Yérim FALL
,,,https://all.rugby/player/yaw-penxe,Yaw PENXE
,,,https://all.rugby/player/yanis-lux,Yanis LUX
,,,https://all.rugby/player/yanis-basse,Yanis BASSE
France,,,https://all.rugby/player/yacouba-camara,Yacouba CAMARA
,,,https://all.rugby/player/xan-mousques,Xan MOUSQUÈS
Wales,,,https://all.rugby/player/wyn-jones,Wyn JONES
,,,https://all.rugby/player/wj-steenkamp,WJ STEENKAMP
South Africa,,,https://all.rugby/player/willie-le-roux,Willie LE ROUX
,,,https://all.rugby/player/william-greatbanks,Will GREATBANKS
,,,https://all.rugby/player/willem-van-den-hever,Willem VAN DEN HEVER
New Zealand,,,https://all.rugby/player/will-skelton,Will SKELTON
England,,,https://all.rugby/player/will-rowlands,Will ROWLANDS
,,,https://all.rugby/player/will-evans,Will EVANS
England,,,https://all.rugby/player/will-collier,Will COLLIER
,,,https://all.rugby/player/wilhelm-de-klerk,Wilhelm DE KLERK
,,,https://all.rugby/player/wilfried-hulleu,Wilfried HULLEU
,,,https://all.rugby/player/wilfrid-hounkpatin,Wilfrid HOUNKPATIN
South Africa,,,https://all.rugby/player/wilco-louw,Wilco LOUW
,,,https://all.rugby/player/wes-goosen,Wes GOOSEN
,,,https://all.rugby/player/werner-kok,Werner KOK
,,,https://all.rugby/player/wayan-de-benedittis,Wayan DE BENEDITTIS
South Africa,,,https://all.rugby/player/warrick-gelant,Warrick GELANT
,,,https://all.rugby/player/wandisile-simelane,Wandisile SIMELANE
,,,https://all.rugby/player/wandile-mlaba,Wandile MLABA
,,,https://all.rugby/player/wame-naituvi,Wame NAITUVI
,,,https://all.rugby/player/vuate-karawalevu,Vuate KARAWALEVU
,,,https://all.rugby/player/vladi-ashvetia,Vladi ASHVETIA
,,,https://all.rugby/player/vincent-tshituka,Vincent TSHITUKA
France,,,https://all.rugby/player/vincent-rattez,Vincent RATTEZ
South Africa,,,https://all.rugby/player/vincent-koch,Vincent KOCH
,,,https://all.rugby/player/vincent-giudicelli,Vincent GIUDICELLI
,,,https://all.rugby/player/vinaya-habosi,Vinaya HABOSI
,,,https://all.rugby/player/vilimoni-botitu,Vilimoni BOTITU
,,,https://all.rugby/player/victor-montgaillard,Victor MONTGAILLARD
,,,https://all.rugby/player/victor-hannoun,Victor HANNOUN
,,,https://all.rugby/player/vernon-paulo,Vernon PAULO
,,,https://all.rugby/player/vernon-matongo,Vernon MATONGO
,,,https://all.rugby/player/veresa-tuqovu,Veresa Tuqovu RAMOTOTABUA
,,,https://all.rugby/player/valentin-hutteau,Valentin HUTTEAU
Australia,,,https://all.rugby/player/ulupano-seuteni,Ulupano SEUTENI
"Ireland, France",,,https://all.rugby/player/ultan-dillane,Ultan DILLANE
,,,https://all.rugby/player/ugo-seunes,Ugo SEUNES
,,,https://all.rugby/player/ugo-pacome,Ugo PACOME
,,,https://all.rugby/player/ugo-boniface,Ugo BONIFACE
Canada,,,https://all.rugby/player/tyler-duguid,Tyler DUGUID
Canada,,,https://all.rugby/player/tyler-ardron,Tyler ARDRON
"New Zealand, Samoa",,,https://all.rugby/player/tumua-manu,Tumua MANU
,,,https://all.rugby/player/tristan-tedder,Tristan TEDDER
,,,https://all.rugby/player/tristan-davies,Tristan DAVIES
South Africa,,,https://all.rugby/player/trevor-nyakane,Trevor NYAKANE
,,,https://all.rugby/player/tony-butler,Tony BUTLER
Italy,,,https://all.rugby/player/tommy-allan,Tommaso ALLAN
Italy,,,https://all.rugby/player/tommaso-menoncello,Tommaso MENONCELLO
,,,https://all.rugby/player/tommaso-di-bartolomeo,Tommaso DI BARTOLOMEO
,,,https://all.rugby/player/tomi-lewis,Tomi LEWIS
,,,https://all.rugby/player/tomas-medina,Tomás MEDINA
,,,https://all.rugby/player/tomas-farthing,Tomás FARTHING
Argentina,,,https://all.rugby/player/tomas-albornoz,Tomás ALBORNOZ
Tonga,,,https://all.rugby/player/toma-akino-taufa,Toma'Akino TAUFA
Wales,,,https://all.rugby/player/tom-young,Tom YOUNG
,,,https://all.rugby/player/tom-wood-,Tom WOOD
,,,https://all.rugby/player/tom-stewart,Tom STEWART
France,,,https://all.rugby/player/tom-spring,Tom SPRING
,,,https://all.rugby/player/tom-sarthou,Tom SARTHOU
Wales,,,https://all.rugby/player/tom-rogers,Tom ROGERS
,,,https://all.rugby/player/tom-raffy,Tom RAFFY
,,,https://all.rugby/player/tom-phillips-,Tom PHILLIPS
Ireland,,,https://all.rugby/player/tom-o-toole,Tom O'TOOLE
,,,https://all.rugby/player/tom-mcallister,Tom MCALLISTER
,,,https://all.rugby/player/tom-leveque,Tom LÉVÊQUE
,,,https://all.rugby/player/tom-howe-22206,Tom HOWE
,,,https://all.rugby/player/tom-florence-,Tom FLORENCE
Ireland,,,https://all.rugby/player/tom-farrell,Tom FARRELL
,,,https://all.rugby/player/tom-ecochard,Tom ECOCHARD
,,,https://all.rugby/player/tom-dodd,Tom DODD
,,,https://all.rugby/player/tom-currie,Tom CURRIE
,,,https://all.rugby/player/tom-cottle,Tom COTTLE
,,,https://all.rugby/player/tom-brigg,Tom BRIGG
,,,https://all.rugby/player/tom-bowen,Tom BOWEN
,,,https://all.rugby/player/tom-botha,Tom BOTHA
Tonga,,,https://all.rugby/player/tolu-latu,Tolu LATU
Tonga,,,https://all.rugby/player/toby-faletau,Toby FALETAU
Italy,,,https://all.rugby/player/tiziano-pasquali,Tiziano PASQUALI
,,,https://all.rugby/player/tinus-de-beer,Tinus DE BEER
,,,https://all.rugby/player/tinotenda-blithe-mavesere,Tino MAVESERE
,,,https://all.rugby/player/timothe-mezou,Timothé MÉZOU
,,,https://all.rugby/player/timeo-frier,Timéo FRIER
,,,https://all.rugby/player/tiaan-sparrow,Tiaan SPARROW
,,,https://all.rugby/player/tiaan-jacobs,Tiaan JACOBS
,,,https://all.rugby/player/tiaan-fourie,Tiaan FOURIE
,,,https://all.rugby/player/thomas-williams,Thomas WILLIAMS
,,,https://all.rugby/player/thomas-vincent,Thomas VINCENT
,,,https://all.rugby/player/thomas-staniforth,Tom STANIFORTH
,,,https://all.rugby/player/thomas-souverbie,Thomas SOUVERBIE
,,,https://all.rugby/player/thomas-moukoro,Thomas MOUKORO
,,,https://all.rugby/player/thomas-marceline,Thomas MARCELINE
,,,https://all.rugby/player/thomas-lavault,Thomas LAVAULT
,,,https://all.rugby/player/thomas-lainaut,Thomas LAINAULT
France,,,https://all.rugby/player/thomas-laclayat,Thomas LACLAYAT
,,,https://all.rugby/player/thomas-jolmes,Thomas JOLMÈS
,,,https://all.rugby/player/thomas-geffre,Thomas GEFFRÉ
"Argentina, Italy",,,https://all.rugby/player/thomas-gallo,Thomas GALLO
,,,https://all.rugby/player/thomas-dyer,Thomas DYER
,,,https://all.rugby/player/thomas-duchene,Thomas DUCHÊNE
,,,https://all.rugby/player/thomas-dominguez,Thomas DOMINGUEZ
,,,https://all.rugby/player/thomas-darmon,Thomas DARMON
,,,https://all.rugby/player/thomas-ceyte,Thomas CEYTE
,,,https://all.rugby/player/thomas-carol,Thomas CAROL
,,,https://all.rugby/player/thomas-berjon,Thomas BERJON
Australia,,,https://all.rugby/player/thomas-banks,Tom BANKS
,,,https://all.rugby/player/thomas-ahern,Tom AHERN
,,,https://all.rugby/player/thierry-paiva,Thierry PAÏVA
,,,https://all.rugby/player/thibaut-regard,Thibaut REGARD
,,,https://all.rugby/player/thibaut-motassi,Thibaut MOTASSI
,,,https://all.rugby/player/thibault-debaes,Thibault DEBAËS
France,,,https://all.rugby/player/thibault-daubagna,Thibault DAUBAGNA
,,,https://all.rugby/player/thibaud-lanen,Thibaud LANEN
,,,https://all.rugby/player/theo-william,Théo WILLIAM
,,,https://all.rugby/player/theo-millet,Théo MILLET
,,,https://all.rugby/player/theo-forner,Théo FORNER
,,,https://all.rugby/player/theo-chabouni,Théo CHABOUNI
,,,https://all.rugby/player/theo-cabango,Theo CABANGO
,,,https://all.rugby/player/theo-beziat,Théo BÉZIAT
France,,,https://all.rugby/player/theo-attissogbe,Théo ATTISSOGBE
,,,https://all.rugby/player/thaakir-abrahams,Thaakir ABRAHAMS
Tonga,,,https://all.rugby/player/tevita-tatafu,Tevita TATAFU
Fiji,,,https://all.rugby/player/tevita-ratuva,Tevita RATUVA
,,,https://all.rugby/player/temo-matiu,Temo MATIU
,,,https://all.rugby/player/temi-lasisi,Temi LASISI
Wales,,,https://all.rugby/player/teddy-williams,Teddy WILLIAMS
,,,https://all.rugby/player/teddy-durand,Teddy DURAND
France,,,https://all.rugby/player/teddy-baubigny,Teddy BAUBIGNY
New Zealand,,,https://all.rugby/player/tawera-kerr-barlow,Tawera KERR-BARLOW
"France, Fiji",,,https://all.rugby/player/tavite-veredamu,Tavite VEREDAMU
,,,https://all.rugby/player/tapiwa-mafura,Tapiwa MAFURA
Tonga,,,https://all.rugby/player/taniela-tupou,Taniela TUPOU
,,,https://all.rugby/player/tani-vili,Tani VILI
,,,https://all.rugby/player/tanginoa-halaifonua,Tanginoa HALAIFONUA
New Zealand,,,https://all.rugby/player/taine-plumtree,Taine PLUMTREE
Wales,,,https://all.rugby/player/taine-basham,Taine BASHAM
Ireland,,,https://all.rugby/player/tadhg-beirne,Tadhg BEIRNE
France,,,https://all.rugby/player/swan-rebbadj,Swan REBBADJ
,,,https://all.rugby/player/swan-cormenier,Swan CORMENIER
Fiji,,,https://all.rugby/player/suliasi-vunivalu,Suliasi VUNIVALU
,,,https://all.rugby/player/suleiman-hartzenberg,Suleiman HARTZENBERG
Ireland,,,https://all.rugby/player/stuart-mccloskey,Stuart MCCLOSKEY
Scotland,,,https://all.rugby/player/stuart-hogg,Stuart HOGG
,,,https://all.rugby/player/stravino-jacobs,Stravino JACOBS
,,,https://all.rugby/player/stewart-moore,Stewart MOORE
,,,https://all.rugby/player/steven-nel,Steven NEL
,,,https://all.rugby/player/steffan-emanuel,Steffan EMANUEL
,,,https://all.rugby/player/steff-thomas,Steff THOMAS
,,,https://all.rugby/player/steff-jac-jones,Steff Jac JONES
,,,https://all.rugby/player/stefan-ungerer,Stefan UNGERER
,,,https://all.rugby/player/steeve-blanc-mappaz,Steeve BLANC-MAPPAZ
,,,https://all.rugby/player/stedman-gans,Stedman GANS
Scotland,,,https://all.rugby/player/stafford-mcdowall,Stafford MCDOWALL
,,,https://all.rugby/player/soumaila-camara,Soumaila CAMARA
,,,https://all.rugby/player/so-otala-fa-aso-o,So'otala FA'ASO'O
,,,https://all.rugby/player/sj-kotze,SJ KOTZE
South Africa,,,https://all.rugby/player/siyabonga-ntubeni,Siyabonga NTUBENI
,,,https://all.rugby/player/siya-masuku,Siya MASUKU
South Africa,,,https://all.rugby/player/siya-kolisi,Siya KOLISI
Tonga,,,https://all.rugby/player/siua-maile,Siua MAILE
,,,https://all.rugby/player/sithembiso-sithole,Sti SITHOLE
,,,https://all.rugby/player/sireli-maqala,Sireli MAQALA
France,,,https://all.rugby/player/sipili-falatea,Sipili FALATEA
,,,https://all.rugby/player/siphosethu-mnebelele,Siphosethu MNEBELELE
Tonga,,,https://all.rugby/player/sione-vailanu,Sione VAILANU
Australia,,,https://all.rugby/player/sione-tuipulotu,Sione TUIPULOTU
Tonga,,,https://all.rugby/player/sione-kalafamoni,Sione KALAMAFONI
,,,https://all.rugby/player/sion-jones,Sion JONES
,,,https://all.rugby/player/sion-davies,Sion DAVIES
,,,https://all.rugby/player/sintu-manjezi,Sintu MANJEZI
,,,https://all.rugby/player/simphiwe-ngobese,Simphiwe NGOBESE
,,,https://all.rugby/player/simphiwe-moyo,Vusi Simphiwe MOYO
,,,https://all.rugby/player/simphiwe-matanzima,Simphiwe MATANZIMA
,,,https://all.rugby/player/simone-gesi,Simone GESI
Italy,,,https://all.rugby/player/simone-ferrari,Simone FERRARI
,,,https://all.rugby/player/simon-meka,Simon MEKA
,,,https://all.rugby/player/simon-bourgeois,Simon BOURGEOIS
,,,https://all.rugby/player/simon-augry,Simon AUGRY
,,,https://all.rugby/player/simeli-daunivucu,Simeli DAUNIVUCU
,,,https://all.rugby/player/sibhale-maxwane,Rabz MAXWANE
,,,https://all.rugby/player/sibabalwe-mahashe,Sibabalwe MAHASHE
,,,https://all.rugby/player/siba-qoma,Siba QOMA
,,,https://all.rugby/player/siate-tokolahi,Siate TOKOLAHI
,,,https://all.rugby/player/shingirai-manyarara,Shingi MANYARARA
,,,https://all.rugby/player/shayne-bolton,Shayne BOLTON
,,,https://all.rugby/player/shay-mccarthy,Shay MCCARTHY
Wales,,,https://all.rugby/player/shane-lewis-hughes,Shane LEWIS-HUGHES
,,,https://all.rugby/player/shane-jennings-,Shane JENNINGS
Ireland,,,https://all.rugby/player/shane-daly,Shane DALY
,,,https://all.rugby/player/shamus-hurley-langton,Shamus HURLEY-LANGTON
Fiji,,,https://all.rugby/player/setariki-tuicuvu,Setariki TUICUVU
Fiji,,,https://all.rugby/player/setareki-turagacoke,Setareki TURAGACOKE
Georgia,,,https://all.rugby/player/sergo-abramishvili,Sergo ABRAMISHVILI
,,,https://all.rugby/player/sergeal-petersen,Sergeal PETERSEN
,,,https://all.rugby/player/semi-lagivala,Semi LAGIVALA
France,,,https://all.rugby/player/selevasio-tolofua,Selevasio TOLOFUA
Fiji,,,https://all.rugby/player/selestino-ravutaumada,Selestino RAVUTAUMADA
France,,,https://all.rugby/player/sekou-macalou,Sékou MACALOU
Samoa,,,https://all.rugby/player/seilala-lam,Seilala LAM
France,,,https://all.rugby/player/sebastien-bezy,Sébastien BÉZY
,,,https://all.rugby/player/sebastian-de-klerk,Sebastian DE KLERK
,,,https://all.rugby/player/seb-stephen,Seb STEPHEN
Italy,,,https://all.rugby/player/seb-negri,Seb NEGRI
,,,https://all.rugby/player/seb-lombard,Seb LOMBARD
Wales,,,https://all.rugby/player/seb-davies,Seb DAVIES
,,,https://all.rugby/player/sean-walsh,Seán WALSH
,,,https://all.rugby/player/sean-reffell,Sean REFFELL
,,,https://all.rugby/player/sean-o-brien-2000,Seán F. O'BRIEN
,,,https://all.rugby/player/sean-o-brien-1998,Seán O'BRIEN
,,,https://all.rugby/player/sean-naughton,Seán NAUGHTON
,,,https://all.rugby/player/sean-jansen,Sean JANSEN
,,,https://all.rugby/player/sean-edogbo,Seán EDOGBO
,,,https://all.rugby/player/seabelo-senatla,Seabelo SENATLA
,,,https://all.rugby/player/scott-wilson-,Scott WILSON
,,,https://all.rugby/player/scott-whitlock,Scott WHITLOCK
,,,https://all.rugby/player/scott-scrafton,Scott SCRAFTON
Scotland,,,https://all.rugby/player/scott-cummings,Scott CUMMINGS
,,,https://all.rugby/player/sazi-sandi,Sazi SANDI
Argentina,,,https://all.rugby/player/santiago-medrano,Santiago MEDRANO
Uruguay,,,https://all.rugby/player/santiago-arata,Santiago ARATA
,,,https://all.rugby/player/samuele-locatelli,Samuele LOCATELLI
,,,https://all.rugby/player/samuel-ezeala,Samuel EZEALA
New Zealand,,,https://all.rugby/player/sama-malolo,Sama MALOLO
,,,https://all.rugby/player/sam-williams-21689,Sam WILLIAMS
Wales,,,https://all.rugby/player/sam-wainwright,Sam WAINWRIGHT
Australia,,,https://all.rugby/player/sam-talakai,Sam TALAKAI
England,,,https://all.rugby/player/sam-skinner,Sam SKINNER
England,,,https://all.rugby/player/sam-simmonds,Sam SIMMONDS
,,,https://all.rugby/player/sam-scarfe,Sam SCARFE
Wales,,,https://all.rugby/player/sam-parry,Sam PARRY
,,,https://all.rugby/player/sam-o-connor,Sam O'CONNOR
New Zealand,,,https://all.rugby/player/sam-lousi,Sam LOUSI
,,,https://all.rugby/player/sam-leweni,Sam LEWENI
,,,https://all.rugby/player/sam-james,Sam JAMES
,,,https://all.rugby/player/sam-illo,Sam ILLO
,,,https://all.rugby/player/sam-gilbert,Sam GILBERT
,,,https://all.rugby/player/sam-francis,Sam FRANCIS
,,,https://all.rugby/player/sam-crean,Sam CREAN
Wales,,,https://all.rugby/player/sam-costelow,Sam COSTELOW
,,,https://all.rugby/player/sam-byrd,Sam BYRD
,,,https://all.rugby/player/sam-berman,Sam BERMAN
South Africa,,,https://all.rugby/player/salmaan-moerat,Salmaan MOERAT
,,,https://all.rugby/player/salesi-rayasi,Salesi RAYASI
,,,https://all.rugby/player/sako-makata,Sako MAKATA
,,,https://all.rugby/player/sacha-zegueur,Sacha ZEGUEUR
South Africa,,,https://all.rugby/player/sacha-mngomezulu,Sacha FEINBERG-MNGOMEZULU
,,,https://all.rugby/player/sacha-lotrian,Sacha LOTRIAN
,,,https://all.rugby/player/rynhardt-jonker,Rynhardt JONKER
,,,https://all.rugby/player/ryan-woodman,Ryan WOODMAN
,,,https://all.rugby/player/ryan-smith-10493,Ryan SMITH
,,,https://all.rugby/player/ryan-jones-2006,Ryan JONES
Wales,,,https://all.rugby/player/ryan-elias,Ryan ELIAS
,,,https://all.rugby/player/ryan-conbeer,Ryan CONBEER
,,,https://all.rugby/player/ryan-chapuis,Ryan CHAPUIS
,,,https://all.rugby/player/ryan-burke,Ryan BURKE
,,,https://all.rugby/player/ruhan-nel,Ruhan NEL
,,,https://all.rugby/player/ruben-van-heerden,Ruben VAN HEERDEN
,,,https://all.rugby/player/ruben-schoeman,Ruben SCHOEMAN
,,,https://all.rugby/player/ruan-vermaak,Ruan VERMAAK
,,,https://all.rugby/player/ruan-venter,Ruan VENTER
,,,https://all.rugby/player/ruan-swart,Ruan SWART
South Africa,,,https://all.rugby/player/ruan-nortje,Ruan NORTJÉ
South Africa,,,https://all.rugby/player/ruan-dreyer,Ruan DREYER
,,,https://all.rugby/player/ruan-delport,Ruan DELPORT
,,,https://all.rugby/player/ruan-ackermann,Ruan ACKERMANN
,,,https://all.rugby/player/ruadhan-quinn,Ruadhán QUINN
,,,https://all.rugby/player/ross-wolfenden,Ross WOLFENDEN
,,,https://all.rugby/player/ross-thompson,Ross THOMPSON
England,,,https://all.rugby/player/ross-moriarty,Ross MORIARTY
,,,https://all.rugby/player/ross-mcknight,Ross MCKNIGHT
,,,https://all.rugby/player/ross-mccann-,Ross MCCANN
South Africa,,,https://all.rugby/player/ross-braude,Ross BRAUDE
Wales,,,https://all.rugby/player/rory-thornton,Rory THORNTON
Scotland,,,https://all.rugby/player/rory-sutherland,Rory SUTHERLAND
,,,https://all.rugby/player/rory-purvis,Rory PURVIS
,,,https://all.rugby/player/rory-mchaffie,Rory MCHAFFIE
,,,https://all.rugby/player/rory-mcguire,Rory MCGUIRE
,,,https://all.rugby/player/rory-jennings-,Rory JENNINGS
Scotland,,,https://all.rugby/player/rory-darge,Rory DARGE
,,,https://all.rugby/player/ronan-foxe,Ronan FOXE
,,,https://all.rugby/player/romarick-camou,Romaric CAMOU
,,,https://all.rugby/player/roman-salanoa,Roman SALANOA
France,,,https://all.rugby/player/romain-taofifenua,Romain TAOFIFENUA
,,,https://all.rugby/player/romain-macurdy,Romain MACURDY
,,,https://all.rugby/player/romain-gardrat,Romain GARDRAT
France,,,https://all.rugby/player/romain-buros,Romain BUROS
France,,,https://all.rugby/player/romain-briatte,Romain BRIATTE
South Africa,,,https://all.rugby/player/rohan-janse-van-rensburg,Rohan JANSE VAN RENSBURG
,,,https://all.rugby/player/rodrigo-martinez,Rodrigo MARTINEZ
Argentina,,,https://all.rugby/player/rodrigo-bruni,Rodrigo BRUNI
,,,https://all.rugby/player/robin-taccola,Robin TACCOLA
,,,https://all.rugby/player/roberto-fasti,Roberto FASTI
,,,https://all.rugby/player/robert-hunt,Robert HUNT
Ireland,,,https://all.rugby/player/robert-baloucoune,Robert BALOUCOUNE
Australia,,,https://all.rugby/player/rob-simmons,Rob SIMMONS
,,,https://all.rugby/player/rob-leota,Rob LEOTA
South Africa,,,https://all.rugby/player/rob-herring,Rob HERRING
,,,https://all.rugby/player/rob-carmichael,Rob CARMICHAEL
Wales,,,https://all.rugby/player/rio-dyer,Rio DYER
,,,https://all.rugby/player/riley-norton,Riley NORTON
,,,https://all.rugby/player/rico-buliruarua,Riko BULIRUARUA
,,,https://all.rugby/player/ricky-riccitelli,Ricky RICCITELLI
,,,https://all.rugby/player/richard-kriel,Richard KRIEL
,,,https://all.rugby/player/riccardo-genovese,Riccardo GENOVESE
Italy,,,https://all.rugby/player/riccardo-favretto,Riccardo FAVRETTO
,,,https://all.rugby/player/rhys-litterick,Rhys LITTERICK
,,,https://all.rugby/player/rhys-henry,Rhys HENRY
,,,https://all.rugby/player/rhys-davies,Rhys DAVIES
,,,https://all.rugby/player/rhys-cummings,Rhys CUMMINGS
,,,https://all.rugby/player/rhys-barratt,Rhys BARRATT
,,,https://all.rugby/player/rhyno-smith,Rhyno SMITH
Wales,,,https://all.rugby/player/rhodri-williams,Rhodri WILLIAMS
,,,https://all.rugby/player/rhodri-lewis,Rhodri LEWIS
Wales,,,https://all.rugby/player/rhodri-jones,Rhodri JONES
,,,https://all.rugby/player/rf-schoeman,RF SCHOEMAN
,,,https://all.rugby/player/reuben-morgan-williams,Reuben MORGAN-WILLIAMS
,,,https://all.rugby/player/renzo-du-plessis,Renzo DU PLESSIS
,,,https://all.rugby/player/remy-baget,Rémy BAGET
,,,https://all.rugby/player/remi-seneca,Rémi SÉNÉCA
,,,https://all.rugby/player/remi-picquette,Rémi PICQUETTE
,,,https://all.rugby/player/reinhardt-ludwig,Reinhardt LUDWIG
,,,https://all.rugby/player/reinhard-nothnagel,Reinhard NOTHNAGEL
France,,,https://all.rugby/player/regis-montagne,Régis MONTAGNE
Australia,,,https://all.rugby/player/reece-hodge,Reece HODGE
,,,https://all.rugby/player/reece-hewat,Reece HEWAT
,,,https://all.rugby/player/reda-wardi,Reda WARDI
,,,https://all.rugby/player/rayan-rebbadj,Rayan REBBADJ
,,,https://all.rugby/player/rambo-kubheka,Rambo KUBHEKA
,,,https://all.rugby/player/quentin-walcker,Quentin WALCKER
,,,https://all.rugby/player/quentin-lespiaucq,Quentin LESPIAUCQ
,,,https://all.rugby/player/quan-horn,Quan HORN
Samoa,,,https://all.rugby/player/posolo-tuilagi,Posolo TUILAGI
,,,https://all.rugby/player/pj-botha,PJ BOTHA
Fiji,,,https://all.rugby/player/pita-gus-sowakula,Pita-Gus SOWAKULA
,,,https://all.rugby/player/pio-muarua,Pio MUARUA
Italy,,,https://all.rugby/player/pietro-ceccarelli,Pietro CECCARELLI
,,,https://all.rugby/player/piers-o-conor,Piers O'CONOR
South Africa,,,https://all.rugby/player/pierre-schoeman,Pierre SCHOEMAN
,,,https://all.rugby/player/pierre-popelin,Pierre POPELIN
,,,https://all.rugby/player/pierre-huguet,Pierre HUGUET
,,,https://all.rugby/player/pierre-henri-azagoh,Pierre-Henri AZAGOH
,,,https://all.rugby/player/pierre-fouyssac,Pierre FOUYSSAC
,,,https://all.rugby/player/pierre-damond,Pierre DAMOND
,,,https://all.rugby/player/pierre-colonna,Pierre COLONNA
,,,https://all.rugby/player/pierre-castillon,Pierre CASTILLON
France,,,https://all.rugby/player/pierre-bourgarit,Pierre BOURGARIT
,,,https://all.rugby/player/pierre-boudehent,Pierre BOUDEHENT
France,,,https://all.rugby/player/pierre-bochaton,Pierre BOCHATON
,,,https://all.rugby/player/philip-albert-van-niekerk,PA VAN NIEKERK
,,,https://all.rugby/player/phil-cokanasiga,Phil COKANASIGA
,,,https://all.rugby/player/phiko-sobahle,Phiko SOBAHLE
,,,https://all.rugby/player/phendulani-buthelezi,Phepsi BUTHELEZI
,,,https://all.rugby/player/phatu-ganyane,Phatu GANYANE
,,,https://all.rugby/player/peter-dooley,Peter DOOLEY
,,,https://all.rugby/player/peniasi-dakuwaqa,Peniasi DAKUWAQA
Fiji,,,https://all.rugby/player/peceli-yato,Peceli YATO
England,,,https://all.rugby/player/paulo-odogwu,Paolo ODOGWU
,,,https://all.rugby/player/paul-surano,Paul SURANO
France,,,https://all.rugby/player/paul-jedrasiak,Paul JEDRASIAK
England,,,https://all.rugby/player/paul-hill,Paul HILL
France,,,https://all.rugby/player/paul-gabrillagues,Paul GABRILLAGUES
,,,https://all.rugby/player/paul-de-villiers,Paul DE VILLIERS
,,,https://all.rugby/player/paul-boyle,Paul BOYLE
France,,,https://all.rugby/player/paul-boudehent,Paul BOUDEHENT
Australia,,,https://all.rugby/player/paul-alo-emile,Paul ALO-EMILE
,,,https://all.rugby/player/paul-abadie,Paul ABADIE
,,,https://all.rugby/player/patrick-tuifua,Patrick TUIFUA
,,,https://all.rugby/player/patrick-sobela,Patrick SOBÉLA
,,,https://all.rugby/player/patrick-schickerling,Patrick SCHICKERLING
Scotland,,,https://all.rugby/player/patrick-harrison,Patrick HARRISON
,,,https://all.rugby/player/pascal-cotet,Pascal COTET
Italy,,,https://all.rugby/player/paolo-garbisi,Paolo GARBISI
Italy,,,https://all.rugby/player/paolo-buonfiglio,Paolo BUONFIGLIO
,,,https://all.rugby/player/paga-tafili,Paga TAFILI
,,,https://all.rugby/player/paddy-patterson,Paddy PATTERSON
Ireland,,,https://all.rugby/player/paddy-jackson,Paddy JACKSON
,,,https://all.rugby/player/pablo-uberti,Pablo UBERTI
South Africa,,,https://all.rugby/player/ox-nche,Ox NCHÉ
Wales,,,https://all.rugby/player/owen-watkin,Owen WATKIN
,,,https://all.rugby/player/owen-conquer,Owen CONQUER
,,,https://all.rugby/player/owain-james-18238,Owain JAMES
,,,https://all.rugby/player/ottavio-tuipulotu,Tavi TUIPULOTU
,,,https://all.rugby/player/osian-williams,Osian WILLIAMS
,,,https://all.rugby/player/osian-roberts,Osian ROBERTS
,,,https://all.rugby/player/osian-darwin-lewis,Osian DARWIN-LEWIS
France,,,https://all.rugby/player/oscar-jegou,Oscar JÉGOU
,,,https://all.rugby/player/onisi-ratave,Onisi RATAVE
,,,https://all.rugby/player/olujare-oguntibeju,Olujare OGUNTIBEJU
Scotland,,,https://all.rugby/player/ollie-smith,Ollie SMITH
,,,https://all.rugby/player/ollie-mckenna,Ollie MCKENNA
,,,https://all.rugby/player/ollie-duncan,Ollie DUNCAN
,,,https://all.rugby/player/ollie-blyth-lafferty,Ollie BLYTH-LAFFERTY
,,,https://all.rugby/player/olivier-klemenczak,Olivier KLEMENCZAK
,,,https://all.rugby/player/oliver-reid,Oliver REID
,,,https://all.rugby/player/oliver-cowie,Oliver COWIE
,,,https://all.rugby/player/oli-woodman,Oli WOODMAN
South Africa,,,https://all.rugby/player/oli-kebble,Oli KEBBLE
Ireland,,,https://all.rugby/player/oli-jager,Oli JAGER
,,,https://all.rugby/player/oli-burrows,Oli BURROWS
,,,https://all.rugby/player/oisin-minogue,Oisin MINOGUE
,,,https://all.rugby/player/oisin-mccormack,Oisín MCCORMACK
,,,https://all.rugby/player/oisin-dowling,Oisín DOWLING
South Africa,,,https://all.rugby/player/ntuthuko-mchunu,Ntuthuko MCHUNU
France,,,https://all.rugby/player/nolann-le-garrec,Nolann LE GARREC
,,,https://all.rugby/player/nolann-donguy,Nolann DONGUY
,,,https://all.rugby/player/noe-della-schiava,Noé DELLA SCHIAVA
France,,,https://all.rugby/player/noah-nene,Noah NÉNÉ
,,,https://all.rugby/player/noa-zinzen,Noa ZINZEN
South Africa,,,https://all.rugby/player/nizaam-carr,Nizaam CARR
,,,https://all.rugby/player/nikolaj-varotto,Nikolaj VAROTTO
,,,https://all.rugby/player/nika-sutidze,Nika SUTIDZE
Georgia,,,https://all.rugby/player/nika-abuladze,Nika ABULADZE
Argentina,,,https://all.rugby/player/nicolas-roger-farias,Nicolás ROGER FARIAS
France,,,https://all.rugby/player/nicolas-depoortere,Nicolas DEPOORTÈRE
,,,https://all.rugby/player/nicolas-corato,Nicolas CORATO
South Africa,,,https://all.rugby/player/nicolaas-janse-van-rensburg,Nicolaas JANSE VAN RENSBURG
,,,https://all.rugby/player/nico-steyn,Nico STEYN
Ireland,,,https://all.rugby/player/nick-timoney,Nick TIMONEY
,,,https://all.rugby/player/nick-thomas,Nick THOMAS
,,,https://all.rugby/player/nick-schonert,Nick SCHONERT
,,,https://all.rugby/player/nick-hatton,Nick HATTON
,,,https://all.rugby/player/nicholas-gasperini,Nicholas GASPERINI
Italy,,,https://all.rugby/player/niccolo-cannone,Niccolò CANNONE
Ireland,,,https://all.rugby/player/niall-scannell,Niall SCANNELL
,,,https://all.rugby/player/niall-murray,Niall MURRAY
,,,https://all.rugby/player/niall-armstrong,Niall ARMSTRONG
,,,https://all.rugby/player/nemo-roelofse,Nemo ROELOFSE
,,,https://all.rugby/player/nelson-casartelli,Nelson CASARTELLI
,,,https://all.rugby/player/neethling-fouche,Neethling FOUCHÉ
,,,https://all.rugby/player/nathanael-hulleu,Nathanaël HULLEU
,,,https://all.rugby/player/nathan-mcbeth,Nathan MCBETH
Fiji,,,https://all.rugby/player/nathan-hughes,Nathan HUGHES
,,,https://all.rugby/player/nathan-doak,Nathan DOAK
,,,https://all.rugby/player/nathan-decron,Nathan DECRON
,,,https://all.rugby/player/nathan-bollengier,Nathan BOLLENGIER
,,,https://all.rugby/player/nama-xaba,Nama XABA
,,,https://all.rugby/player/nairn-moncrieff,Nairn MONCRIEFF
Argentina,,,https://all.rugby/player/nahuel-tetaz-chaparro,Nahuel TETAZ CHAPARRO
,,,https://all.rugby/player/murphy-walker,Murphy WALKER
,,,https://all.rugby/player/muhamed-hasa,Muhamed HASA
,,,https://all.rugby/player/mosese-tuipulotu,Mosese TUIPULOTU
,,,https://all.rugby/player/moses-alo-emile,Moses ALO-EMILE
,,,https://all.rugby/player/morne-van-den-berg,Morné VAN DEN BERG
,,,https://all.rugby/player/morne-smith,Mornay SMITH
,,,https://all.rugby/player/morne-brandon,Morné BRANDON
,,,https://all.rugby/player/morgan-morse,Morgan MORSE
,,,https://all.rugby/player/morgan-morris,Morgan MORRIS
,,,https://all.rugby/player/morgan-lloyd,Morgan LLOYD
,,,https://all.rugby/player/morgan-carter,Morgan CARTER
Australia,,,https://all.rugby/player/monty-ioane,Monty IOANE
France,,,https://all.rugby/player/mohammed-houas,Mohamed HAOUAS
,,,https://all.rugby/player/mirko-belloni,Mirko BELLONI
,,,https://all.rugby/player/mirco-spagnolo,Mirco SPAGNOLO
,,,https://all.rugby/player/mikey-yarr,Mikey YARR
,,,https://all.rugby/player/mikehil-alania,Mikheil ALANIA
,,,https://all.rugby/player/mike-jones,Mikey JONES
England,,,https://all.rugby/player/mike-haley,Mike HALEY
,,,https://all.rugby/player/migael-prinsloo,Migael PRINSLOO
,,,https://all.rugby/player/mickael-capelli,Mickaël CAPELLI
France,,,https://all.rugby/player/mickael--guillard,Mickaël GUILLARD
Italy,,,https://all.rugby/player/michele-lamaro,Michele LAMARO
"South Africa, Congo",,,https://all.rugby/player/michael-tambwe,Madosh TAMBWE
,,,https://all.rugby/player/michael-ruru,Michael RURU
,,,https://all.rugby/player/michael-milne,Michael MILNE
,,,https://all.rugby/player/michael-lowry,Mike LOWRY
,,,https://all.rugby/player/michael-foy,Michael FOY
Australia,,,https://all.rugby/player/michael-alaalatoa,Michael ALAALATOA
,,,https://all.rugby/player/mfundo-ndhlovu,Mfundo NDHLOVU
,,,https://all.rugby/player/meno-barnard,Mèno BARNARD
,,,https://all.rugby/player/melvyn-rates,Melvyn RATES
France,,,https://all.rugby/player/melvyn-jaminet,Melvyn JAMINET
,,,https://all.rugby/player/mayron-fahy,Mayron FAHY
France,,,https://all.rugby/player/maxime-machenaud,Maxime MACHENAUD
,,,https://all.rugby/player/maxime-lucu,Maxime LUCU
France,,,https://all.rugby/player/maxime-lamothe,Maxime LAMOTHE
,,,https://all.rugby/player/maxime-lafage,Maxime LAFAGE
,,,https://all.rugby/player/maxime-gouzou,Maxime GOUZOU
,,,https://all.rugby/player/maxime-baudonne,Maxime BAUDONNE
,,,https://all.rugby/player/maxim-granell,Maxim GRANELL
Scotland,,,https://all.rugby/player/max-williamson,Max WILLIAMSON
,,,https://all.rugby/player/max-spring,Max SPRING
,,,https://all.rugby/player/max-nagy,Max NAGY
,,,https://all.rugby/player/max-hicks,Max HICKS
,,,https://all.rugby/player/max-flynn,Max FLYNN
,,,https://all.rugby/player/max-douglas,Max DOUGLAS
,,,https://all.rugby/player/max-clein,Max CLEIN
,,,https://all.rugby/player/mawande-mdanda,Mawande MDANDA
,,,https://all.rugby/player/matty-young,Matty YOUNG
,,,https://all.rugby/player/matthieu-uhila,Matthieu UHILA
France,,,https://all.rugby/player/matthieu-jalibert,Matthieu JALIBERT
France,,,https://all.rugby/player/matthias-halagahu,Matthias HALAGAHU
,,,https://all.rugby/player/matthias-haddad,Matthias HADDAD
,,,https://all.rugby/player/matthew-victory,Matthew VICTORY
,,,https://all.rugby/player/matthew-urwin,Matthew URWIN
,,,https://all.rugby/player/matthew-screech,Matthew SCREECH
,,,https://all.rugby/player/matthew-dalton,Matthew DALTON
Scotland,,,https://all.rugby/player/matthew-currie,Matt CURRIE
,,,https://all.rugby/player/matteo-nocera,Matteo NOCERA
,,,https://all.rugby/player/matteo-le-corvec,Mattéo LE CORVEC
,,,https://all.rugby/player/matteo-desjeux,Mattéo DESJEUX
Italy,,,https://all.rugby/player/matteo-canali,Matteo CANALI
,,,https://all.rugby/player/matt-romao,Matt ROMAO
,,,https://all.rugby/player/matt-gallagher,Matt GALLAGHER
Scotland,,,https://all.rugby/player/matt-fagerson,Matt FAGERSON
,,,https://all.rugby/player/matt-devine,Matt DEVINE
,,,https://all.rugby/player/matt-davidson,Matt DAVIDSON
,,,https://all.rugby/player/matis-perchaud,Matis PERCHAUD
,,,https://all.rugby/player/mathys-lotrian,Mathys LOTRIAN
,,,https://all.rugby/player/matholwch-iorwerth-scott,Math IORWERTH-SCOTT
,,,https://all.rugby/player/mathis-sarragallet,Mathis SARRAGALLET
,,,https://all.rugby/player/mathis-ibo,Mathis IBO
,,,https://all.rugby/player/mathis-ferte,Mathis FERTÉ
,,,https://all.rugby/player/mathieu-tanguy,Mathieu TANGUY
,,,https://all.rugby/player/mathieu-smaili,Mathieu SMAÏLI
,,,https://all.rugby/player/mathieu-hirigoyen,Mathieu HIRIGOYEN
France,,,https://all.rugby/player/mathieu-babillot,Mathieu BABILLOT
,,,https://all.rugby/player/matheo-frisach,Mathéo FRISACH
,,,https://all.rugby/player/mateo-garcia,Matéo GARCIA
,,,https://all.rugby/player/mateo-carreras,Mateo CARRERAS
Wales,,,https://all.rugby/player/mason-grady,Mason GRADY
South Africa,,,https://all.rugby/player/marvin-orie,Marvin ORIE
,,,https://all.rugby/player/marvin-okuya,Marvin OKUYA
,,,https://all.rugby/player/martin-roger-farias,Martin ROGER FARIAS
France,,,https://all.rugby/player/martin-page-relo,Martin PAGE-RELO
,,,https://all.rugby/player/martin-meliande,Martin MÉLIANDE
,,,https://all.rugby/player/marshall-sykes,Marshall SYKES
,,,https://all.rugby/player/marnus-van-der-merwe,Marnus VAN DER MERWE
,,,https://all.rugby/player/marnus-potgieter,Marnus POTGIETER
,,,https://all.rugby/player/marko-gazzotti,Marko GAZZOTTI
,,,https://all.rugby/player/mark-donnelly,Mark DONNELLY
,,,https://all.rugby/player/marius-domon,Marius DOMON
,,,https://all.rugby/player/marin-boulier,Marin BOULIER
,,,https://all.rugby/player/marcus-rea,Marcus REA
Argentina,,,https://all.rugby/player/marcos-kremer,Marcos KREMER
,,,https://all.rugby/player/marcos-gallorini,Marcos GALLORINI
Italy,,,https://all.rugby/player/marco-zanon,Marco ZANON
South Africa,,,https://all.rugby/player/marco-van-staden,Marco VAN STADEN
France,,,https://all.rugby/player/marco-tauleigne,Marco TAULEIGNE
,,,https://all.rugby/player/marco-spreafichi,Marco SPREAFICHI
,,,https://all.rugby/player/marco-de-witt,Marco DE WITT
South Africa,,,https://all.rugby/player/marcell-coetzee,Marcell COETZEE
,,,https://all.rugby/player/marcel-theunissen,Marcel THEUNISSEN
Italy,,,https://all.rugby/player/manuel-zuliani,Manuel ZULIANI
,,,https://all.rugby/player/manuel-rass,Manuel RASS
Samoa,,,https://all.rugby/player/manu-tuilagi,Manu TUILAGI
,,,https://all.rugby/player/manex-ariceta,Manex ARICETA
,,,https://all.rugby/player/malik-faissal,Malik FAISSAL
,,,https://all.rugby/player/malelili-satala,Malelili SATALA
Tonga,,,https://all.rugby/player/malakai-fekitoa,Malakai FEKITOA
"Tonga, New Zealand",,,https://all.rugby/player/mako-vunipola,Mako VUNIPOLA
South Africa,,,https://all.rugby/player/makazole-mapimpi,Makazole MAPIMPI
,,,https://all.rugby/player/mahamadou-diaby,Mahamadou DIABY
Scotland,,,https://all.rugby/player/magnus-bradbury,Magnus BRADBURY
,,,https://all.rugby/player/mael-moustin,Maël MOUSTIN
,,,https://all.rugby/player/macs-page,Macs PAGE
,,,https://all.rugby/player/mackenzie-martin,Mackenzie MARTIN
Australia,,,https://all.rugby/player/mackenzie-hansen,Mack HANSEN
,,,https://all.rugby/player/macenzzie-duncan,Macenzzie DUNCAN
,,,https://all.rugby/player/mac-rutherford,Mac RUTHERFORD
New Zealand,,,https://all.rugby/player/ma-a-nonu,Ma'a NONU
,,,https://all.rugby/player/lyam-akrab,Lyam AKRAB
,,,https://all.rugby/player/lukhanyo-vokozela,Lukhanyo VOKOZELA
,,,https://all.rugby/player/luke-yendle,Luke YENDLE
New Zealand,,,https://all.rugby/player/luke-whitelock,Luke WHITELOCK
,,,https://all.rugby/player/luke-tagi,Luke TAGI
,,,https://all.rugby/player/luke-scully,Luke SCULLY
,,,https://all.rugby/player/luke-murphy,Luke MURPHY
Wales,,,https://all.rugby/player/luke-morgan,Luke MORGAN
,,,https://all.rugby/player/luke-davies,Luke DAVIES
,,,https://all.rugby/player/luke-daniel,Luke DANIEL
Scotland,,,https://all.rugby/player/luke-crosbie,Luke CROSBIE
,,,https://all.rugby/player/luke-burger,Luke BURGER
,,,https://all.rugby/player/lukas-kenny,Lukas KENNY
Georgia,,,https://all.rugby/player/luka-japaridze,Luka JAPARIDZE
,,,https://all.rugby/player/lucas-zamora,Lucas ZAMORA
,,,https://all.rugby/player/lucas-velarte,Lucas VELARTE
,,,https://all.rugby/player/lucas-tauzin,Lucas TAUZIN
,,,https://all.rugby/player/lucas-rey,Lucas REY
,,,https://all.rugby/player/lucas-peyresblanques,Lucas PEYRESBLANQUES
Argentina,,,https://all.rugby/player/lucas-paulos,Lucas PAULOS
,,,https://all.rugby/player/lucas-martin,Lucas MARTIN
,,,https://all.rugby/player/lucas-dubois,Lucas DUBOIS
,,,https://all.rugby/player/lucas-dessaigne,Lucas DESSAIGNE
,,,https://all.rugby/player/lucas-de-la-rua,Lucas DE LA RUA
,,,https://all.rugby/player/lucas-andjisseramatchi,Lucas ANDJISSERAMATCHI
,,,https://all.rugby/player/luca-rizzoli,Luca RIZZOLI
Italy,,,https://all.rugby/player/luca-morisi,Luca MORISI
,,,https://all.rugby/player/luca-franceschetto,Luca FRANCESCHETTO
,,,https://all.rugby/player/lubabalo-dobela,Lubabalo DOBELA
,,,https://all.rugby/player/louw-nel,Louw NEL
,,,https://all.rugby/player/louka-guilhot,Louka GUILHOT
,,,https://all.rugby/player/louis-penverne,Louis PENVERNE
Australia,,,https://all.rugby/player/louis-lynagh,Louis LYNAGH
,,,https://all.rugby/player/louis-le-brun,Louis LE BRUN
,,,https://all.rugby/player/louis-foursans-bourdette,Louis FOURSANS-BOURDETTE
France,,,https://all.rugby/player/louis-carbonel,Louis CARBONEL
France,,,https://all.rugby/player/louis-bielle-biarrey,Louis BIELLE-BIARREY
France,,,https://all.rugby/player/loris-zarantonello,Loris ZARANTONELLO
,,,https://all.rugby/player/lorenzo-pani,Lorenzo PANI
Italy,,,https://all.rugby/player/lorenzo-cannone,Lorenzo CANNONE
,,,https://all.rugby/player/lorcan-mcloughlin,Lorcan MCLOUGHLIN
,,,https://all.rugby/player/lois-guerois-galisson,Loîs GUÉROIS-GALISSON
,,,https://all.rugby/player/loic-credoz,Loïc CRÉDOZ
,,,https://all.rugby/player/logan-franklin,Logan FRANKLIN
,,,https://all.rugby/player/lloyd-lucas,Lloyd LUCAS
,,,https://all.rugby/player/litelihle-bester,Litelihle BESTER
"France, Netherlands",,,https://all.rugby/player/lino-julien,Lino JULIEN
,,,https://all.rugby/player/liam-mcconnell,Liam MCCONNELL
,,,https://all.rugby/player/liam-edwards,Liam EDWARDS
,,,https://all.rugby/player/liam-belcher,Liam BELCHER
,,,https://all.rugby/player/liam-allen,Liam ALLEN
,,,https://all.rugby/player/lewis-wells,Lewis WELLS
England,,,https://all.rugby/player/lewis-ludlam,Lewis LUDLAM
,,,https://all.rugby/player/lewis-lloyd,Lewis LLOYD
,,,https://all.rugby/player/lewis-edwards,Lewis EDWARDS
,,,https://all.rugby/player/levi-douglas,Levi DOUGLAS
Fiji,,,https://all.rugby/player/levani-botia,Levani BOTIA
Georgia,,,https://all.rugby/player/levan-chilachava,Levan CHILACHAVA
France,,,https://all.rugby/player/lester-etien,Lester ÉTIEN
Fiji,,,https://all.rugby/player/leone-nakarawa,Leone NAKARAWA
Italy,,,https://all.rugby/player/leonardo-marin,Leonardo MARIN
,,,https://all.rugby/player/leonard-krumov,Leonard KRUMOV
,,,https://all.rugby/player/leon-lyons,Leon LYONS
,,,https://all.rugby/player/leon-darricarrere,Léon DARRICARRÈRE
,,,https://all.rugby/player/leon-boulier,Léon BOULIER
,,,https://all.rugby/player/leolin-zas,Leolin ZAS
,,,https://all.rugby/player/leo-monin,Léo MONIN
,,,https://all.rugby/player/leo-michaux,Léo MICHAUX
,,,https://all.rugby/player/leo-coly,Léo COLY
,,,https://all.rugby/player/leo-carbonneau,Léo CARBONNEAU
France,,,https://all.rugby/player/leo-berdeu,Léo BERDEU
France,,,https://all.rugby/player/leo-barre,Léo BARRÉ
,,,https://all.rugby/player/leo-ametlla,Léo AMETLLA
,,,https://all.rugby/player/lennox-anyanwu,Lennox ANYANWU
France,,,https://all.rugby/player/lenni-nouchi,Lenni NOUCHI
Georgia,,,https://all.rugby/player/lekso-kaulashvili,Lekso KAULASHVILI
,,,https://all.rugby/player/lekima-tagitagivalu,Lekima TAGITAGIVALU
Wales,,,https://all.rugby/player/leigh-halfpenny,Leigh HALFPENNY
,,,https://all.rugby/player/lehopa-leota,Lehopa LEOTA
,,,https://all.rugby/player/lee-marvin-mazibuko,Lee-Marvin MAZIBUKO
,,,https://all.rugby/player/lee-barron,Lee BARRON
,,,https://all.rugby/player/layton-horn,Layton HORN
,,,https://all.rugby/player/langi-gleeson,Langi GLEESON
Australia,,,https://all.rugby/player/lachlan-swinton,Lachlan SWINTON
South Africa,,,https://all.rugby/player/kyle-steyn,Kyle STEYN
,,,https://all.rugby/player/kyle-smith,Kyle SMITH
England,,,https://all.rugby/player/kyle-sinckler,Kyle SINCKLER
Scotland,,,https://all.rugby/player/kyle-rowe,Kyle ROWE
,,,https://all.rugby/player/kylan-hamdaoui,Kylan HAMDAOUI
South Africa,,,https://all.rugby/player/kurt-lee-arendse,Kurt-Lee ARENDSE
,,,https://all.rugby/player/kleo-labarbe,Kléo LABARBE
,,,https://all.rugby/player/kitione-kamikamica,Kitione KAMIKAMICA
France,,,https://all.rugby/player/killian-tixeront,Killian TIXERONT
France,,,https://all.rugby/player/killian-geraci,Killian GÉRACI
Wales,,,https://all.rugby/player/kieron-assiratti,Keiron ASSIRATTI
,,,https://all.rugby/player/kieran-ryan,Kieran RYAN
Wales,,,https://all.rugby/player/kieran-hardy,Kieran HARDY
England,,,https://all.rugby/player/kieran-brookes,Kieran BROOKES
,,,https://all.rugby/player/kienan-higgins,Kienan HIGGINS
,,,https://all.rugby/player/kian-hire,Kian HIRE
,,,https://all.rugby/player/khutha-mchunu,Khutha MCHUNU
,,,https://all.rugby/player/kharaishvili-gia,Gia KHARAISHVILI
,,,https://all.rugby/player/kerr-yule,Kerr YULE
,,,https://all.rugby/player/kerr-johnston,Kerr JOHNSTON
Wales,,,https://all.rugby/player/kemsley-mathias,Kemsley MATHIAS
,,,https://all.rugby/player/kelly-mpeku,Kelly MPEKU
,,,https://all.rugby/player/keke-morabe,Keke MORABE
,,,https://all.rugby/player/keiran-williams,Keiran WILLIAMS
,,,https://all.rugby/player/keillen-cullen,Keillen CULLEN
Wales,,,https://all.rugby/player/keelan-giles,Keelan GILES
,,,https://all.rugby/player/keanu-evans,Keanu EVANS
,,,https://all.rugby/player/keagan-johannes,Keagan JOHANNES
,,,https://all.rugby/player/katlego-letebele,Katlego LETEBELE
,,,https://all.rugby/player/karl-sorin,Karl SORIN
,,,https://all.rugby/player/karl-martin,Karl MARTIN
Australia,,,https://all.rugby/player/kane-douglas,Kane DOUGLAS
,,,https://all.rugby/player/kai-jones,Kai JONES
,,,https://all.rugby/player/kade-wolhuter,Kade WOLHUTER
Argentina,,,https://all.rugby/player/justo-piccardo,Justo PICCARDO
,,,https://all.rugby/player/jurie-matthee,Jurie MATTHEE
,,,https://all.rugby/player/jurenzo-julius,Jurenzo JULIUS
,,,https://all.rugby/player/julien-delbouis,Julien DELBOUIS
Argentina,,,https://all.rugby/player/julian-montoya,Julián MONTOYA
,,,https://all.rugby/player/jules-le-bail,Jules LE BAIL
,,,https://all.rugby/player/jules-favre,Jules FAVRE
,,,https://all.rugby/player/jules-coulon,Jules COULON
France,,,https://all.rugby/player/judicael-cancoriet,Judicaël CANCORIET
,,,https://all.rugby/player/jude-postlethwaite,Jude POSTLETHWAITE
,,,https://all.rugby/player/juarno-augustus,Juarno AUGUSTUS
,,,https://all.rugby/player/juann-jacques-else,Juann ELSE
,,,https://all.rugby/player/juan-schoeman,Juan SCHOEMAN
"Argentina, France",,,https://all.rugby/player/juan-martin-scelzo,Juan Martin SCELZO
,,,https://all.rugby/player/juan-manuel-pitinari,Juan PITINARI
,,,https://all.rugby/player/juan-bautista-pedemonte,Juan Bautista PEDEMONTE
Fiji,,,https://all.rugby/player/josua-tuisova,Josua TUISOVA
,,,https://all.rugby/player/josiah-maraku,Josiah MARAKU
,,,https://all.rugby/player/josh-wycherley,Josh WYCHERLEY
,,,https://all.rugby/player/josh-stevens,Josh STEVENS
,,,https://all.rugby/player/josh-murphy,Josh MURPHY
,,,https://all.rugby/player/josh-morse,Josh MORSE
,,,https://all.rugby/player/josh-mcnally,Josh MCNALLY
,,,https://all.rugby/player/josh-mckay,Josh MCKAY
,,,https://all.rugby/player/josh-macleod,Josh MACLEOD
New Zealand,,,https://all.rugby/player/josh-ioane,Josh IOANE
,,,https://all.rugby/player/josh-gibson,Josh GIBSON
Wales,,,https://all.rugby/player/josh--adams-,Josh ADAMS
,,,https://all.rugby/player/joseph-manu,Joey MANU
,,,https://all.rugby/player/joseph-laharrague,Joseph LAHARRAGUE
,,,https://all.rugby/player/joseff-jones,Joseff JONES
France,,,https://all.rugby/player/joris-segonds,Joris SEGONDS
,,,https://all.rugby/player/joris-jurand,Joris JURAND
New Zealand,,,https://all.rugby/player/jordan-uelese,Jordan UELESE
Australia,,,https://all.rugby/player/jordan-petaia,Jordan PETAIA
,,,https://all.rugby/player/jordan-morris,Jordan MORRIS
France,,,https://all.rugby/player/jordan-joseph,Jordan JOSEPH
,,,https://all.rugby/player/jordan-hendrikse,Jordan HENDRIKSE
,,,https://all.rugby/player/jordan-duggan,Jordan DUGGAN
,,,https://all.rugby/player/jonny-scott,Jonny SCOTT
,,,https://all.rugby/player/jonny-morris,Jonny MORRIS
England,,,https://all.rugby/player/jonny-hill,Jonny HILL
Scotland,,,https://all.rugby/player/jonny-gray,Jonny GRAY
,,,https://all.rugby/player/jonathan-roche,Jonathan ROCHE
France,,,https://all.rugby/player/jonathan-danty,Jonathan DANTY
Spain,,,https://all.rugby/player/jon-zabala,Jon ZABALA
,,,https://all.rugby/player/jon-echegaray,Jon ECHEGARAY
England,,,https://all.rugby/player/johnny-williams-1996,Johnny WILLIAMS
,,,https://all.rugby/player/johnny-ventisei,Johnny VENTISEI
,,,https://all.rugby/player/johnny-matthews,Johnny MATTHEWS
Ireland,,,https://all.rugby/player/john-ryan,John RYAN
,,,https://all.rugby/player/john-hodnett,John HODNETT
,,,https://all.rugby/player/john-devine,John DEVINE
,,,https://all.rugby/player/john-andrew,John ANDREW
,,,https://all.rugby/player/johan-mulder,Johan MULDER
,,,https://all.rugby/player/johan-grobbelaar,Johan GROBBELAAR
South Africa,,,https://all.rugby/player/johan-goosen,Johan GOOSEN
New Zealand,,,https://all.rugby/player/joey-carbery,Joey CARBERY
,,,https://all.rugby/player/joel-sclavi,Joel SCLAVI
,,,https://all.rugby/player/joe-westwood,Joe WESTWOOD
,,,https://all.rugby/player/joe-simmonds,Joe SIMMONDS
,,,https://all.rugby/player/joe-roberts-,Joe ROBERTS
Wales,,,https://all.rugby/player/joe-roberts,Joe ROBERTS
,,,https://all.rugby/player/joe-quere-karaba,Joé QUERE-KARABA
England,,,https://all.rugby/player/joe-marchant,Joe MARCHANT
,,,https://all.rugby/player/joe-joyce,Joe JOYCE
,,,https://all.rugby/player/joe-jonas,Joe JONAS
,,,https://all.rugby/player/joe-hopes,Joe HOPES
,,,https://all.rugby/player/joe-hawkins,Joe HAWKINS
,,,https://all.rugby/player/joe-edwards,Joe EDWARDS
,,,https://all.rugby/player/joe-denman,Joe DENMAN
,,,https://all.rugby/player/job-poulet,Job POULET
Argentina,,,https://all.rugby/player/joaquin-oviedo,Joaquín OVIEDO
,,,https://all.rugby/player/jj-theron,JJ THERON
,,,https://all.rugby/player/jj-scheepers,JJ SCHEEPERS
,,,https://all.rugby/player/jj-kotze,JJ KOTZÉ
,,,https://all.rugby/player/jj-hanrahan,JJ HANRAHAN
,,,https://all.rugby/player/jiuta-wainiqolo,Jiuta WAINIQOLO
France,,,https://all.rugby/player/jimi-maximin,Jimi MAXIMIN
,,,https://all.rugby/player/jf-van-heerden,JF VAN HEERDEN
,,,https://all.rugby/player/jerry-blyth-lafferty,Jerry BLYTH-LAFFERTY
Argentina,,,https://all.rugby/player/jeronimo-de-la-fuente,Jerónimo DE LA FUENTE
,,,https://all.rugby/player/jerome-rey,Jérôme REY
New Zealand,,,https://all.rugby/player/jermaine-ainsley,Jermaine AINSLEY
,,,https://all.rugby/player/jeremy-ward,Jeremy WARD
,,,https://all.rugby/player/jeremy-sinzelle,Jérémy SINZELLE
Ireland,,,https://all.rugby/player/jeremy-loughman,Jeremy LOUGHMAN
,,,https://all.rugby/player/jeremy-fernandez,Jérémy FERNANDEZ
France,,,https://all.rugby/player/jefferson-poirot,Jefferson POIROT
,,,https://all.rugby/player/jefferson-joseph,Jefferson-Lee JOSEPH
,,,https://all.rugby/player/jeandre-rudolph,Jeandré RUDOLPH
,,,https://all.rugby/player/jean-smith,Jean SMITH
South Africa,,,https://all.rugby/player/jean-luc-du-preez,Jean-Luc DU PREEZ
,,,https://all.rugby/player/jean-luc-du-plessis,Jean-Luc DU PLESSIS
South Africa,,,https://all.rugby/player/jean-kleyn,Jean KLEYN
,,,https://all.rugby/player/jean-erasmus,Jean ERASMUS
France,,,https://all.rugby/player/jean-baptiste-gros,Jean-Baptiste GROS
,,,https://all.rugby/player/jd-schickerling,JD SCHICKERLING
,,,https://all.rugby/player/jc-pretorius,JC PRETORIUS
,,,https://all.rugby/player/jc-mars,JC MARS
Wales,,,https://all.rugby/player/javan-sebastian,Javan SEBASTIAN
South Africa,,,https://all.rugby/player/jason-jenkins,Jason JENKINS
,,,https://all.rugby/player/jarrod-taylor,Jarrod TAYLOR
,,,https://all.rugby/player/jarod-cairns,Jarod CAIRNS
,,,https://all.rugby/player/jared-rosser,Jared ROSSER
,,,https://all.rugby/player/jared-africa,Jared AFRICA
,,,https://all.rugby/player/janse-roux,Janse ROUX
,,,https://all.rugby/player/jannes-potgieter,Jannes POTGIETER
,,,https://all.rugby/player/jannes-kirsten,Jannes KIRSTEN
,,,https://all.rugby/player/janick-tarrit,Janick TARRIT
South Africa,,,https://all.rugby/player/jan-serfontein,Jan SERFONTEIN
,,,https://all.rugby/player/jan-hendrik-wessels,Jan-Hendrik WESSELS
,,,https://all.rugby/player/jamie-stewart,Jamie STEWART
Scotland,,,https://all.rugby/player/jamie-ritchie,Jamie RITCHIE
Scotland,,,https://all.rugby/player/jamie-dobie,Jamie DOBIE
Scotland,,,https://all.rugby/player/jamie-bhatti,Jamie BHATTI
,,,https://all.rugby/player/james-whitcombe,James WHITCOMBE
,,,https://all.rugby/player/james-talamai,James TALAMAI
Wales,,,https://all.rugby/player/james-ratti,James RATTI
,,,https://all.rugby/player/james-o-reilly,James O'REILLY
,,,https://all.rugby/player/james-nicholson,James NICHOLSON
,,,https://all.rugby/player/james-mcnabney,James MCNABNEY
,,,https://all.rugby/player/james-mckillop,James MCKILLOP
,,,https://all.rugby/player/james-mccormick,James MCCORMICK
England,,,https://all.rugby/player/james-lang,James LANG
,,,https://all.rugby/player/james-humphreys,James HUMPHREYS
,,,https://all.rugby/player/james-hume,James HUME
,,,https://all.rugby/player/james-hall-1996,James HALL
,,,https://all.rugby/player/james-fender,James FENDER
Wales,,,https://all.rugby/player/james-botham,James BOTHAM
,,,https://all.rugby/player/james-benjamin,James BENJAMIN
,,,https://all.rugby/player/jake-shearer,Jake SHEARER
,,,https://all.rugby/player/jake-o-riordan,Jake O'RIORDAN
,,,https://all.rugby/player/jake-mcintyre,Jake MCINTYRE
,,,https://all.rugby/player/jake-flannery,Jake FLANNERY
"England, Wales",,,https://all.rugby/player/jake-ball,Jake BALL
,,,https://all.rugby/player/jadin-kingi,Jadin KINGI
,,,https://all.rugby/player/jaden-hendrikse,Jaden HENDRIKSE
Italy,,,https://all.rugby/player/jacopo-trulla,Jacopo TRULLA
,,,https://all.rugby/player/jacob-umaga,Jacob UMAGA
Ireland,,,https://all.rugby/player/jacob-stockdale,Jacob STOCKDALE
,,,https://all.rugby/player/jacob-boyd,Jacob BOYD
,,,https://all.rugby/player/jacob-beetham,Jacob BEETHAM
,,,https://all.rugby/player/jaco-williams,Jaco WILLIAMS
South Africa,,,https://all.rugby/player/jaco-van-tonder,Jaco VAN TONDER
,,,https://all.rugby/player/jaco-grobbelaar,Jaco GROBBELAAR
,,,https://all.rugby/player/jackson-rennie,Jackson RENNIE
,,,https://all.rugby/player/jack-walsh,Jack WALSH
,,,https://all.rugby/player/jack-utterson,Jack UTTERSON
,,,https://all.rugby/player/jack-oliver,Jack OLIVER
Ireland,,,https://all.rugby/player/jack-o-donoghue,Jack O'DONOGHUE
England,,,https://all.rugby/player/jack-nowell,Jack NOWELL
,,,https://all.rugby/player/jack-murphy,Jack MURPHY
Australia,,,https://all.rugby/player/jack-maddocks,Jack MADDOCKS
,,,https://all.rugby/player/jack-hoskins,Jack HOSKINS
New Zealand,,,https://all.rugby/player/jack-goodhue,Jack GOODHUE
Australia,,,https://all.rugby/player/jack-dempsey,Jack DEMPSEY
Ireland,,,https://all.rugby/player/jack-crowley,Jack CROWLEY
Ireland,,,https://all.rugby/player/jack-carty,Jack CARTY
,,,https://all.rugby/player/jack-brown,Jack BROWN
Ireland,,,https://all.rugby/player/jack-aungier,Jack AUNGIER
,,,https://all.rugby/player/jac-pritchard,Jac PRITCHARD
,,,https://all.rugby/player/jac-price-2000,Jac PRICE
,,,https://all.rugby/player/jac-morgan,Jac MORGAN
,,,https://all.rugby/player/jac-lloyd,Jac LLOYD
,,,https://all.rugby/player/jac-davies,Jac DAVIES
,,,https://all.rugby/player/iwan-stephens,Iwan STEPHENS
Argentina,,,https://all.rugby/player/ivan-nemer,Ivan NEMER
,,,https://all.rugby/player/isaac-young,Isaac YOUNG
,,,https://all.rugby/player/isaac-koffi,Isaac KOFFI
,,,https://all.rugby/player/isaac-jones,Isaac JONES
,,,https://all.rugby/player/isaac-coates,Isaac COATES
,,,https://all.rugby/player/irakli-aptsiauri,Irakli APTSIAURI
New Zealand,,,https://all.rugby/player/irae-simone,Irae SIMONE
,,,https://all.rugby/player/iosefo-masi,Iosefo MASI
,,,https://all.rugby/player/iori-badham,Iori BADHAM
,,,https://all.rugby/player/ion-neculai,Ion NECULAI
,,,https://all.rugby/player/ioan-nicholas,Ioan NICHOLAS
Wales,,,https://all.rugby/player/ioan-lloyd,Ioan LLOYD
,,,https://all.rugby/player/ioan-jones,Ioan JONES
Chile,,,https://all.rugby/player/inaki-ayarza,Iñaki AYARZA
,,,https://all.rugby/player/imad-khan,Imad KHAN
,,,https://all.rugby/player/ihaia-west,Ihaia WEST
,,,https://all.rugby/player/ignacio-ruiz,Ignacio RUIZ
Argentina,,,https://all.rugby/player/ignacio-mendy,Ignacio MENDY
,,,https://all.rugby/player/ignacio-calles,Ignacio CALLES
Argentina,,,https://all.rugby/player/ignacio-brex,Ignacio BREX
"New Zealand, Wales",,,https://all.rugby/player/ieuan-cornelius,Ieuan CORNELIUS
,,,https://all.rugby/player/iestyn-hopkins,Iestyn HOPKINS
,,,https://all.rugby/player/ibrahim-diallo,Ibrahim DIALLO
Samoa,,,https://all.rugby/player/iakopo-petelo-mapu,Iakopo MAPU
Ireland,,,https://all.rugby/player/iain-henderson,Iain HENDERSON
,,,https://all.rugby/player/iacopo-bianchi,Iacopo BIANCHI
,,,https://all.rugby/player/huw-sutton,Huw SUTTON
Scotland,,,https://all.rugby/player/huw-jones,Huw JONES
,,,https://all.rugby/player/huw-anderson,Huw ANDERSON
,,,https://all.rugby/player/hugo-reus,Hugo REUS
,,,https://all.rugby/player/hugo-parrou,Hugo PARROU
Spain,,,https://all.rugby/player/hugo-gonzalez,Hugo GONZÁLEZ
,,,https://all.rugby/player/hugo-djehi,Hugo DJEHI
France,,,https://all.rugby/player/hugo-auradou,Hugo AURADOU
,,,https://all.rugby/player/hugh-gavin,Hugh GAVIN
,,,https://all.rugby/player/hudson-nevin,Hudson NEVIN
,,,https://all.rugby/player/hoani-bosmorin,Hoani BOSMORIN
South Africa,,,https://all.rugby/player/herschel-jantjies,Herschel JANTJIES
,,,https://all.rugby/player/henry-widdowson,Henry WIDDOWSON
,,,https://all.rugby/player/henry-walker-,Henry WALKER
"England, Wales",,,https://all.rugby/player/henry-thomas,Henry THOMAS
,,,https://all.rugby/player/henry-tasesa-volkman,Henry Tasesa VOLKMAN
,,,https://all.rugby/player/henry-kesterton,Henry KESTERTON
,,,https://all.rugby/player/henry-immelman,Henry IMMELMAN
,,,https://all.rugby/player/hencus-van-wyk,Hencus VAN WYK
,,,https://all.rugby/player/henco-van-wyk,Henco VAN WYK
,,,https://all.rugby/player/heiko-pohlmann,Heiko POHLMANN
,,,https://all.rugby/player/hector-patterson,Hector PATTERSON
,,,https://all.rugby/player/hassiem-pead,Hassiem PEAD
France,,,https://all.rugby/player/hassane-kolingar,Hassane KOLINGAR
,,,https://all.rugby/player/harry-west,Harry WEST
,,,https://all.rugby/player/harry-thomas,Harry THOMAS
,,,https://all.rugby/player/harry-sheridan,Harry SHERIDAN
,,,https://all.rugby/player/harry-rees-weldon,Harry REES-WELDON
,,,https://all.rugby/player/harry-provan,Harry PROVAN
New Zealand,,,https://all.rugby/player/harry-plummer,Harry PLUMMER
,,,https://all.rugby/player/harry-paterson,Harry PATERSON
,,,https://all.rugby/player/harry-beddall,Harry BEDDALL
,,,https://all.rugby/player/harrison-keddie,Harri KEDDIE
,,,https://all.rugby/player/harri-williams,Harri WILLIAMS
,,,https://all.rugby/player/harri-wilde,Harri WILDE
England,,,https://all.rugby/player/harri-o-connor,Harri O'CONNOR
,,,https://all.rugby/player/harri-morris,Harri MORRIS
,,,https://all.rugby/player/harri-millard,Harri MILLARD
,,,https://all.rugby/player/harri-lewis,Harri LEWIS
,,,https://all.rugby/player/harri-houston,Harri HOUSTON
,,,https://all.rugby/player/harri-ford,Harri FORD
,,,https://all.rugby/player/harri-deaves-small,Harri DEAVES-SMALL
,,,https://all.rugby/player/harri-ackerman,Harri ACKERMAN
,,,https://all.rugby/player/harold-vorster,Harold VORSTER
,,,https://all.rugby/player/hanru-jacobs,Hanro JACOBS
South Africa,,,https://all.rugby/player/handre-pollard,Handré POLLARD
,,,https://all.rugby/player/hamza-kaabeche,Hamza KAABÈCHE
,,,https://all.rugby/player/hamish-macarthur,Hamish MACARTHUR
,,,https://all.rugby/player/hakeem-kunene,Hakeem KUNENE
,,,https://all.rugby/player/hacjivah-dayimani,Hacjivah DAYIMANI
,,,https://all.rugby/player/gwilym-evans,Gwilym EVANS
,,,https://all.rugby/player/gwenael-duplenne,Gwenaël DUPLENNE
Georgia,,,https://all.rugby/player/guram-papidze,Guram PAPIDZE
Georgia,,,https://all.rugby/player/guram-gogichashvili,Guram GOGICHASHVILI
,,,https://all.rugby/player/guillaume-martocq,Guillaume MARTOCQ
,,,https://all.rugby/player/guillaume-marchand,Guillaume MARCHAND
,,,https://all.rugby/player/guillaume-ducat,Guillaume DUCAT
,,,https://all.rugby/player/guido-volpi,Guido VOLPI
,,,https://all.rugby/player/gryff-watkins,Gryff WATKINS
,,,https://all.rugby/player/gregor-hiddleston,Gregor HIDDLESTON
Scotland,,,https://all.rugby/player/gregor-brown,Gregor BROWN
,,,https://all.rugby/player/gregoire-arfeuil,Grégoire ARFEUIL
France,,,https://all.rugby/player/greg-alldritt,Greg ALLDRITT
,,,https://all.rugby/player/grant-williams,Grant WILLIAMS
Scotland,,,https://all.rugby/player/grant-stewart,Grant STEWART
Scotland,,,https://all.rugby/player/grant-gilchrist,Grant GILCHRIST
,,,https://all.rugby/player/gordon-wood,Gordon WOOD
Argentina,,,https://all.rugby/player/gonzalo-garcia-1999,Gonzalo GARCIA
Scotland,,,https://all.rugby/player/glen-young,Glen YOUNG
,,,https://all.rugby/player/giulio-marini,Giulio MARINI
,,,https://all.rugby/player/giulio-bertaccini,Giulio BERTACCINI
,,,https://all.rugby/player/giovanni-quattrini,Giovanni QUATTRINI
,,,https://all.rugby/player/giovanni-montemauri,Giovanni MONTEMAURI
,,,https://all.rugby/player/giovanni-marzotto,Giovanni MARZOTTO
Italy,,,https://all.rugby/player/giovanni-licata,Giovanni LICATA
"Samoa, Germany",,,https://all.rugby/player/giovanni-habel-kueffner,Giovanni HABEL-KUEFFNER
Italy,,,https://all.rugby/player/giosue-zilocchi,Giosué ZILOCCHI
Georgia,,,https://all.rugby/player/giorgi-tetrashvili,Giorgi TETRASHVILI
Georgia,,,https://all.rugby/player/giorgi-melikidze,Giorgi MELIKIDZE
Georgia,,,https://all.rugby/player/giorgi-javakhia,Giorgi JAVAKHIA
,,,https://all.rugby/player/giorgi-dzmanashvili,Giorgi DZMANASHVILI
France,,,https://all.rugby/player/giorgi-beria,Giorgi BERIA
,,,https://all.rugby/player/giorgi-akhaladze,Giorgi AKHALADZE
,,,https://all.rugby/player/gianni-lombard,Gianni LOMBARD
Italy,,,https://all.rugby/player/gianmarco-lucchesi,Gianmarco LUCCHESI
,,,https://all.rugby/player/giampietro-ribaldi,Giampietro RIBALDI
Italy,,,https://all.rugby/player/giacomo-nicotera,Giacomo NICOTERA
,,,https://all.rugby/player/giacomo-milano,Giacomo MILANO
,,,https://all.rugby/player/giacomo-ferrari,Giacomo FERRARI
,,,https://all.rugby/player/giacomo-da-re,Giacomo DA RE
,,,https://all.rugby/player/geronimo-prisciantelli,Geronimo PRISCIANTELLI
,,,https://all.rugby/player/gerhard-steenekamp,Gerhard STEENEKAMP
,,,https://all.rugby/player/george-whitehead,George WHITEHEAD
,,,https://all.rugby/player/george-tuckley,George TUCKLEY
,,,https://all.rugby/player/george-roberts,George ROBERTS
,,,https://all.rugby/player/george-nott,George NOTT
Tonga,,,https://all.rugby/player/george-moala,George MOALA
Scotland,,,https://all.rugby/player/george-horne,George HORNE
,,,https://all.rugby/player/george-hadden,George HADDEN
France,,,https://all.rugby/player/geoffrey-palis,Geoffrey PALIS
,,,https://all.rugby/player/gene-o-leary-kareem,Gene O'LEARY KAREEM
Georgia,,,https://all.rugby/player/gela-aprasidze,Gela APRASIDZE
,,,https://all.rugby/player/gavin-coombes,Gavin COOMBES
,,,https://all.rugby/player/gauthier-maravat,Gauthier MARAVAT
,,,https://all.rugby/player/gauthier-doubrere,Gauthier DOUBRÈRE
,,,https://all.rugby/player/garyn-phillips,Garyn PHILLIPS
,,,https://all.rugby/player/gary-porter,Gary PORTER
Wales,,,https://all.rugby/player/gareth-thomas-1993,Gareth THOMAS
Wales,,,https://all.rugby/player/gareth-davies-1990,Gareth DAVIES
New Zealand,,,https://all.rugby/player/gareth-anscombe,Gareth ANSCOMBE
France,,,https://all.rugby/player/gaetan-barlot,Gaëtan BARLOT
,,,https://all.rugby/player/gael-galvan,Gael GALVÁN
France,,,https://all.rugby/player/gael-fickou,Gaël FICKOU
,,,https://all.rugby/player/gael-drean,Gaël DRÉAN
"Cameroon, France",,,https://all.rugby/player/gabriel-n-gandebe,Gabriel N'GANDEBE
France,,,https://all.rugby/player/gabin-villiere,Gabin VILLIÈRE
,,,https://all.rugby/player/gabin-lorre,Gabin LORRE
,,,https://all.rugby/player/gabin-kretchmann,Gabin KRETCHMANN
,,,https://all.rugby/player/gabe-williams,Gabe WILLIAMS
,,,https://all.rugby/player/gabe-mcdonald,Gabe MCDONALD
,,,https://all.rugby/player/gabe-hawley,Gabe HAWLEY
Scotland,,,https://all.rugby/player/freddy-douglas,Freddy DOUGLAS
South Africa,,,https://all.rugby/player/frans-malherbe,Frans MALHERBE
South Africa,,,https://all.rugby/player/francois-venter,Francois VENTER
,,,https://all.rugby/player/francois-klopper,François KLOPPER
,,,https://all.rugby/player/franco-marais,Franco MARAIS
,,,https://all.rugby/player/franco-carrera,Franco CARRERA
,,,https://all.rugby/player/francke-horn,Francke HORN
Argentina,,,https://all.rugby/player/francisco-gorrissen,Francisco GORRISSEN
,,,https://all.rugby/player/francis-saili,Francis SAILI
,,,https://all.rugby/player/francesco-ruffolo,Francesco RUFFOLO
,,,https://all.rugby/player/flynn-longstaff,Flynn LONGSTAFF
,,,https://all.rugby/player/florian-verhaeghe,Florian VERHAEGHE
,,,https://all.rugby/player/florent-vanverberghe,Florent VANVERBERGHE
,,,https://all.rugby/player/fletcher-anderson,Fletcher ANDERSON
,,,https://all.rugby/player/fionn-gibbons,Fionn GIBBONS
,,,https://all.rugby/player/finn-treacy,Finn TREACY
,,,https://all.rugby/player/finlay-richardson,Fin RICHARDSON
,,,https://all.rugby/player/finlay-doyle,Finlay DOYLE
Australia,,,https://all.rugby/player/finlay-bealham,Finlay BEALHAM
,,,https://all.rugby/player/fineen-wycherley,Fineen WYCHERLEY
,,,https://all.rugby/player/fine-inisi,Fine INISI
,,,https://all.rugby/player/findlay-thomson,Findlay THOMSON
,,,https://all.rugby/player/filippo-drago,Filippo DRAGO
,,,https://all.rugby/player/fiachna-barrett,Fiachna BARRETT
,,,https://all.rugby/player/fezokuhle-mbatha,Fez MBATHA
Tonga,,,https://all.rugby/player/fetuli-moe-ata-paea,Fetuli PAEA
,,,https://all.rugby/player/fergus-watson,Fergus WATSON
France,,,https://all.rugby/player/felix-lambey,Félix LAMBEY
,,,https://all.rugby/player/feleti-kaitu-u,Feleti KAITU'U
,,,https://all.rugby/player/feibyan-cornell-tukino,Feibyan TUKINO
,,,https://all.rugby/player/federico-zanandrea,Federico ZANANDREA
Italy,,,https://all.rugby/player/federico-ruzza,Federico RUZZA
Italy,,,https://all.rugby/player/federico-mori,Federico MORI
Argentina,,,https://all.rugby/player/facundo-isa,Facundo ISA
Argentina,,,https://all.rugby/player/facundo-bosch,Facundo BOSCH
,,,https://all.rugby/player/fabrice-metz,Fabrice METZ
France,,,https://all.rugby/player/fabien-sanconnie,Fabien SANCONNIE
France,,,https://all.rugby/player/fabien-brau-boirie,Fabien BRAU-BOIRIE
,,,https://all.rugby/player/ewan-rosser,Ewan ROSSER
Scotland,,,https://all.rugby/player/ewan-johnson,Ewan JOHNSON
Canada,,,https://all.rugby/player/ewan-ashman,Ewan ASHMAN
,,,https://all.rugby/player/evardi-boshoff,Evardi BOSHOFF
,,,https://all.rugby/player/evan-roos,Evan ROOS
,,,https://all.rugby/player/evan-rees,Evan REES
,,,https://all.rugby/player/evan-o-connell,Evan O'CONNELL
,,,https://all.rugby/player/evan-minto,Evan MINTO
Wales,,,https://all.rugby/player/evan-lloyd-,Evan LLOYD
,,,https://all.rugby/player/evan-hill,Evan HILL
,,,https://all.rugby/player/euan-mcvie,Euan MCVIE
,,,https://all.rugby/player/euan-ferrie,Euan FERRIE
,,,https://all.rugby/player/etienne-oosthuizen,Etienne OOSTHUIZEN
,,,https://all.rugby/player/etienne-janeke,Etienne JANEKE
,,,https://all.rugby/player/etienne-fourcade,Etienne FOURCADE
France,,,https://all.rugby/player/etienne-falgoux,Etienne FALGOUX
,,,https://all.rugby/player/ethan-tia,Ethan TIA
,,,https://all.rugby/player/ethan-mcilroy,Ethan MCILROY
,,,https://all.rugby/player/ethan-lewis,Ethan LEWIS
,,,https://all.rugby/player/ethan-hooker,Ethan HOOKER
,,,https://all.rugby/player/ethan-graham,Ethan GRAHAM
,,,https://all.rugby/player/ethan-dumortier,Ethan DUMORTIER
,,,https://all.rugby/player/ethan-coughlan,Ethan COUGHLAN
,,,https://all.rugby/player/ethan-bester,Ethan BESTER
,,,https://all.rugby/player/esteban-gonzalez,Esteban GONZALEZ
,,,https://all.rugby/player/esteban-capilla,Esteban CAPILLA
France,,,https://all.rugby/player/esteban-abadie,Esteban ABADIE
,,,https://all.rugby/player/erich-cronje,Erich CRONJÉ
,,,https://all.rugby/player/eric-o-sullivan,Eric O'SULLIVAN
Germany,,,https://all.rugby/player/eric-marks,Eric MARKS
,,,https://all.rugby/player/eoin-de-buitlear,Eoin DE BUITLÉAR
,,,https://all.rugby/player/eoghan-smyth,Eoghan SMYTH
,,,https://all.rugby/player/enzo-herve,Enzo HERVÉ
France,,,https://all.rugby/player/enzo-forletta,Enzo FORLETTA
,,,https://all.rugby/player/enzo-benmegal,Enzo BENMEGAL
Argentina,,,https://all.rugby/player/enrique-pieretto-heiland,Enrique PIERETTO HEILAND
Italy,,,https://all.rugby/player/enrico-lucchin,Enrico LUCCHIN
,,,https://all.rugby/player/emmett-calvey,Emmett CALVEY
,,,https://all.rugby/player/emmanuel-tshituka,Manu TSHITUKA
France,,,https://all.rugby/player/emilien-gailleton,Émilien GAILLETON
,,,https://all.rugby/player/emile-van-heerden,Emile VAN HEERDEN
France,,,https://all.rugby/player/emerick-setiano,Emerick SETIANO
South Africa,,,https://all.rugby/player/embrose-papier,Embrose PAPIER
South Africa,,,https://all.rugby/player/elrigh-louw,Elrigh LOUW
,,,https://all.rugby/player/ellis-mee,Ellis MEE
,,,https://all.rugby/player/elliot-roudil,Eliott ROUDIL
Wales,,,https://all.rugby/player/elliot-dee,Elliot DEE
,,,https://all.rugby/player/elis-price,Elis PRICE
,,,https://all.rugby/player/elijah-evans,Elijah EVANS
,,,https://all.rugby/player/eli-snyman,Eli SNYMAN
,,,https://all.rugby/player/efan-daniel,Efan DANIEL
Ireland,,,https://all.rugby/player/edwin-edogbo,Edwin EDOGBO
,,,https://all.rugby/player/edwill-van-der-merwe,Edwill VAN DER MERWE
,,,https://all.rugby/player/eduan-swart,Eduan SWART
,,,https://all.rugby/player/eduan-keyter,Eduan KEYTER
,,,https://all.rugby/player/edouard-junior-jabea-njocke,Édouard-Junior JABEA NJOCKE
,,,https://all.rugby/player/edoardo-iachizzi,Edoardo IACHIZZI
,,,https://all.rugby/player/eddie-james,Eddie JAMES
,,,https://all.rugby/player/eddie-davids,Eddie DAVIDS
Ireland,,,https://all.rugby/player/ed-byrne,Ed BYRNE
South Africa,,,https://all.rugby/player/eben-etzebeth,Eben ETZEBETH
,,,https://all.rugby/player/eanna-mccarthy,Éanna MCCARTHY
,,,https://all.rugby/player/dylan-tierney-martin,Dylan TIERNEY-MARTIN
,,,https://all.rugby/player/dylan-sjoblom,Dylan SJOBLOM
South Africa,,,https://all.rugby/player/dylan-richardson,Dylan RICHARDSON
,,,https://all.rugby/player/dylan-maart,Dylan MAART
,,,https://all.rugby/player/dylan-kelleher-griffiths,Dylan KELLEHER-GRIFFITHS
,,,https://all.rugby/player/dylan-james-,Dylan JAMES
,,,https://all.rugby/player/dylan-hicks,Dylan HICKS
France,,,https://all.rugby/player/dylan-cretin,Dylan CRETIN
,,,https://all.rugby/player/dylan-cockburn,Dylan COCKBURN
,,,https://all.rugby/player/dylan-alford,Dylan ALFORD
Scotland,,,https://all.rugby/player/duncan-weir,Duncan WEIR
"Samoa, New Zealand",,,https://all.rugby/player/duncan-paia-aua,Duncan PAIA'AUA
,,,https://all.rugby/player/duncan-munn,Duncan MUNN
South Africa,,,https://all.rugby/player/duhan-van-der-merwe,Duhan VAN DER MERWE
,,,https://all.rugby/player/donovan-taofifenua,Donovan TAOFIFENUA
Argentina,,,https://all.rugby/player/domingo-miotti,Domingo MIOTTI
,,,https://all.rugby/player/dom-kossuth,Dom KOSSUTH
,,,https://all.rugby/player/divan-fuller,Divan FULLER
South Africa,,,https://all.rugby/player/dillyn-leyds,Dillyn LEYDS
Wales,,,https://all.rugby/player/dillon-lewis,Dillon LEWIS
,,,https://all.rugby/player/diego-jurd,Diego JURD
,,,https://all.rugby/player/diego-escobar,Diego ESCOBAR
,,,https://all.rugby/player/diego-appollis,Diego APPOLLIS
,,,https://all.rugby/player/diarmuid-kilgallen,Diarmuid KILGALLEN
,,,https://all.rugby/player/diarmuid-barron,Diarmuid BARRON
,,,https://all.rugby/player/diarmaid-o-connell,Diarmaid O'CONNELL
,,,https://all.rugby/player/dian-heunis,Dian HEUNIS
,,,https://all.rugby/player/dewi-lake,Dewi LAKE
,,,https://all.rugby/player/dewaldt-duvenage,Dewaldt DUVENAGE
,,,https://all.rugby/player/devon-williams,Devon WILLIAMS
,,,https://all.rugby/player/destiny-aminu,Destiny AMINU
,,,https://all.rugby/player/deon-slabbert,Deon SLABBERT
,,,https://all.rugby/player/deon-fourie,Deon FOURIE
,,,https://all.rugby/player/denis-buckley,Denis BUCKLEY
France,,,https://all.rugby/player/demba-bamba,Demba BAMBA
,,,https://all.rugby/player/davit-niniashvili,Davit NINIASHVILI
,,,https://all.rugby/player/davide-ruggeri,Davide RUGGERI
,,,https://all.rugby/player/david-walsh,David WALSH
,,,https://all.rugby/player/david-shanahan,Dave SHANAHAN
,,,https://all.rugby/player/david-richards,David RICHARDS
South Africa,,,https://all.rugby/player/david-ribbans,David RIBBANS
Italy,,,https://all.rugby/player/david-odiase,David ODIASE
,,,https://all.rugby/player/david-o-connor,David O'CONNOR
,,,https://all.rugby/player/david-mccann,Dave MCCANN
,,,https://all.rugby/player/david-kriel,David KRIEL
Ireland,,,https://all.rugby/player/david-heffernan,Dave HEFFERNAN
,,,https://all.rugby/player/david-hawkshaw,David HAWKSHAW
,,,https://all.rugby/player/dave-cherry,Dave CHERRY
,,,https://all.rugby/player/darrien-lane-landsberg,Darrien LANDSBERG
,,,https://all.rugby/player/darragh-murray,Darragh MURRAY
,,,https://all.rugby/player/darragh-mcsweeney,Darragh MCSWEENEY
Scotland,,,https://all.rugby/player/darcy-graham,Darcy GRAHAM
"Cameroon, France",,,https://all.rugby/player/dany-priso,Dany PRISO
,,,https://all.rugby/player/danny-southworth,Danny SOUTHWORTH
,,,https://all.rugby/player/danny-sheahan,Danny SHEAHAN
,,,https://all.rugby/player/daniel-thomas,Dan THOMAS
,,,https://all.rugby/player/daniel-ryan,Daniel RYAN
,,,https://all.rugby/player/daniel-kasende,Daniel KASENDE
,,,https://all.rugby/player/daniel-green,Daniel GREEN
"France, Ireland",,,https://all.rugby/player/daniel-brennan,Daniel BRENNAN
,,,https://all.rugby/player/daniel-bibi-biziwu,Daniel BIBI BIZIWU
,,,https://all.rugby/player/dane-blacker,Dane BLACKER
England,,,https://all.rugby/player/dan-robson,Dan ROBSON
,,,https://all.rugby/player/dan-lancaster,Dan LANCASTER
England,,,https://all.rugby/player/dan-kelly,Dan KELLY
,,,https://all.rugby/player/dan-halkon,Dan HALKON
,,,https://all.rugby/player/dan-gemine,Dan GEMINE
,,,https://all.rugby/player/dan-edwards,Dan EDWARDS
,,,https://all.rugby/player/dan-du-plessis,Dan DU PLESSIS
,,,https://all.rugby/player/dan-davis,Dan DAVIS
,,,https://all.rugby/player/damiano-mazza,Damiano MAZZA
South Africa,,,https://all.rugby/player/damian-willemse,Damian WILLEMSE
France,,,https://all.rugby/player/damian-penaud,Damian PENAUD
,,,https://all.rugby/player/damian-markus,Damian MARKUS
,,,https://all.rugby/player/dafydd-hughes,Dafydd HUGHES
Scotland,,,https://all.rugby/player/d-arcy-rae,D'Arcy RAE
France,,,https://all.rugby/player/cyril-cazeaux,Cyril CAZEAUX
,,,https://all.rugby/player/cyril-blanchard,Cyril BLANCHARD
,,,https://all.rugby/player/cristiano-tizzano,Cristiano TIZZANO
Moldova,,,https://all.rugby/player/cristian-ojovan,Cristian OJOVAN
Ireland,,,https://all.rugby/player/craig-casey,Craig CASEY
South Africa,,,https://all.rugby/player/courtnall-skosan,Courtnall SKOSAN
,,,https://all.rugby/player/cornel-smit,Cornel SMIT
,,,https://all.rugby/player/corne-weilbach,Corné WEILBACH
,,,https://all.rugby/player/corne-rahl,Corné RAHL
,,,https://all.rugby/player/cormac-izuchukwu,Cormac IZUCHUKWU
,,,https://all.rugby/player/corey-domachowski,Corey DOMACHOWSKI
,,,https://all.rugby/player/corentin-mezou,Corentin MÉZOU
,,,https://all.rugby/player/conraad-van-vuuren,Conraad VAN VUUREN
,,,https://all.rugby/player/conor-ryan,Conor RYAN
,,,https://all.rugby/player/conor-o-shaughnessy,Conor O'SHAUGHNESSY
,,,https://all.rugby/player/conor-mckee,Conor MCKEE
,,,https://all.rugby/player/conor-mcalpine,Conor MCALPINE
,,,https://all.rugby/player/conor-kennelly,Conor KENNELLY
,,,https://all.rugby/player/conor-bartley,Conor BARTLEY
,,,https://all.rugby/player/connor-sa,Connor SA
,,,https://all.rugby/player/connor-moyse,Connor MOYSE
,,,https://all.rugby/player/connor-magee,Connor MAGEE
,,,https://all.rugby/player/connor-evans,Connor EVANS
,,,https://all.rugby/player/connor-boyle,Connor BOYLE
,,,https://all.rugby/player/colm-reilly,Colm REILLY
,,,https://all.rugby/player/colin-dupuy,Colin DUPUY
,,,https://all.rugby/player/coetzee-le-roux,Coetzee LE ROUX
,,,https://all.rugby/player/codi-purnell,Codi PURNELL
,,,https://all.rugby/player/cobus-wiese,Cobus WIESE
South Africa,,,https://all.rugby/player/cobus-reinach,Cobus REINACH
,,,https://all.rugby/player/clovis-le-bail,Clovis LE BAIL
,,,https://all.rugby/player/clinton-swart,Clinton SWART
,,,https://all.rugby/player/clement-mondinat,Clément MONDINAT
,,,https://all.rugby/player/clement-laporte,Clément LAPORTE
,,,https://all.rugby/player/clark-logan,Clark LOGAN
Ireland,,,https://all.rugby/player/cian-prendergast,Cian PRENDERGAST
France,,,https://all.rugby/player/christopher-tolofua,Christopher TOLOFUA
,,,https://all.rugby/player/christie-grobbelaar,Christie GROBBELAAR
,,,https://all.rugby/player/christian-lindsay,Christian LINDSAY
,,,https://all.rugby/player/christian-everitt,Christian EVERITT
,,,https://all.rugby/player/christian-ambadiang,Christian AMBADIANG
,,,https://all.rugby/player/chris-smith,Chris SMITH
,,,https://all.rugby/player/chris-smit,Chris SMIT
,,,https://all.rugby/player/chris-coleman,Chris COLEMAN
,,,https://all.rugby/player/chijindu-okonta,Chijindu OKONTA
,,,https://all.rugby/player/cheswill-jooste,Cheswill JOOSTE
,,,https://all.rugby/player/cheikh-tiberghien,Cheikh TIBERGHIEN
,,,https://all.rugby/player/che-hope,Che HOPE
,,,https://all.rugby/player/chay-mullins,Chay MULLINS
,,,https://all.rugby/player/charlie-shiel,Charlie SHIEL
,,,https://all.rugby/player/charlie-savala,Charlie SAVALA
,,,https://all.rugby/player/charlie-mccaig,Charlie MCCAIG
,,,https://all.rugby/player/charlie-irvine,Charlie IRVINE
,,,https://all.rugby/player/charlie-cassang,Charlie CASSANG
Belgium,,,https://all.rugby/player/charlesty-berguet,Charlesty BERGUET
France,,,https://all.rugby/player/charles-ollivon,Charles OLLIVON
,,,https://all.rugby/player/charles-laloi,Charles LALOI
,,,https://all.rugby/player/charles-kante-samba,Charles KANTÉ-SAMBA
,,,https://all.rugby/player/cerrig-smith,Cerrig SMITH
,,,https://all.rugby/player/celimpilo-gumede,Mpilo GUMEDE
Portugal,,,https://all.rugby/player/cedate-gomes-sa,Cedate GOMES SA
,,,https://all.rugby/player/cebolenkosi-dlamini,Cebo DLAMINI
,,,https://all.rugby/player/ceano-everson,Ceano EVERSON
,,,https://all.rugby/player/cathal-forde,Cathal FORDE
,,,https://all.rugby/player/carwyn-tuipulotu,Carwyn TUIPULOTU
,,,https://all.rugby/player/carwyn-leggatt-jones,Carwyn LEGGATT-JONES
,,,https://all.rugby/player/carter-pritchard,Carter PRITCHARD
,,,https://all.rugby/player/carlu-sadie,Carlü SADIE
Ireland,,,https://all.rugby/player/caolin-blade,Caolin BLADE
,,,https://all.rugby/player/canan-moodie,Canan MOODIE
France,,,https://all.rugby/player/camille-chat,Camille CHAT
France,,,https://all.rugby/player/cameron-woki,Cameron WOKI
,,,https://all.rugby/player/cameron-van-wyk,Cameron VAN WYK
,,,https://all.rugby/player/cameron-scott,Cammy SCOTT
,,,https://all.rugby/player/cameron-jones,Cameron JONES
South Africa,,,https://all.rugby/player/cameron-hanekom,Cameron HANEKOM
,,,https://all.rugby/player/cameron-dawson,Cammy DAWSON
Wales,,,https://all.rugby/player/cam-winnett,Cam WINNETT
Ireland,,,https://all.rugby/player/calvin-nash,Calvin NASH
,,,https://all.rugby/player/callum-woolley,Callum WOOLLEY
Wales,,,https://all.rugby/player/callum-sheedy,Callum SHEEDY
,,,https://all.rugby/player/callum-reid,Callum REID
,,,https://all.rugby/player/callum-hunter-hill,Callum HUNTER-HILL
Wales,,,https://all.rugby/player/cai-evans,Cai EVANS
,,,https://all.rugby/player/caelan-carson-jones,Caelan CARSON-JONES
,,,https://all.rugby/player/byron-ralston,Byron RALSTON
"Ireland, New Zealand",,,https://all.rugby/player/bundee-aki,Bundee AKI
,,,https://all.rugby/player/bryn-ward,Bryn WARD
,,,https://all.rugby/player/bryce-calvert,Bryce CALVERT
,,,https://all.rugby/player/bryan-o-connor,Bryan O'CONNOR
,,,https://all.rugby/player/bruce-devaux,Bruce DEVAUX
,,,https://all.rugby/player/bronson-mills,Bronson MILLS
,,,https://all.rugby/player/brodie-coghlan,Brodie COGHLAN
,,,https://all.rugby/player/brian-gleeson,Brian GLEESON
Samoa,,,https://all.rugby/player/brian-alainu-uese,Brian ALAINU'UESE
,,,https://all.rugby/player/brent-jackson,Brent JACKSON
,,,https://all.rugby/player/bradley-mcnamara,Bradley MCNAMARA
,,,https://all.rugby/player/bradley-davids,Bradley DAVIDS
France,,,https://all.rugby/player/boris-palu,Boris PALU
South Africa,,,https://all.rugby/player/bongi-mbonambi,Bongi MBONAMBI
,,,https://all.rugby/player/bobby-power,Bobby POWER
,,,https://all.rugby/player/bobby-bissu,Bobby BISSU
,,,https://all.rugby/player/boan-venter,Boan VENTER
New Zealand,,,https://all.rugby/player/blair-murray,Blair MURRAY
"Tonga, Australia",,,https://all.rugby/player/billy-vunipola,Billy VUNIPOLA
,,,https://all.rugby/player/billy-mcbryde,Billy MCBRYDE
,,,https://all.rugby/player/billy-bohan,Billy BOHAN
Argentina,,,https://all.rugby/player/benjamin-urdapilleta,Benjamin URDAPILLETA
,,,https://all.rugby/player/ben-williams-14088,Ben WILLIAMS
,,,https://all.rugby/player/ben-white-,Ben WHITE
England,,,https://all.rugby/player/ben-white,Ben WHITE
,,,https://all.rugby/player/ben-warren,Ben WARREN
England,,,https://all.rugby/player/ben-vellacott,Ben VELLACOTT
,,,https://all.rugby/player/ben-thomas,Ben THOMAS
New Zealand,,,https://all.rugby/player/ben-tameifuna,Ben TAMEIFUNA
,,,https://all.rugby/player/ben-stevenson,Ben STEVENSON
,,,https://all.rugby/player/ben-salmon,Ben SALMON
,,,https://all.rugby/player/ben-roberts,Ben ROBERTS
,,,https://all.rugby/player/ben-o-donovan,Ben O'DONOVAN
,,,https://all.rugby/player/ben-o-connor,Ben O'CONNOR
Ireland,,,https://all.rugby/player/ben-murphy-2001,Ben MURPHY
Scotland,,,https://all.rugby/player/ben-muncaster,Ben MUNCASTER
,,,https://all.rugby/player/ben-moxham,Ben MOXHAM
,,,https://all.rugby/player/ben-jason-dixon,Ben-Jason DIXON
Ireland,,,https://all.rugby/player/ben-healy,Ben HEALY
,,,https://all.rugby/player/ben-evans-,Ben EVANS
,,,https://all.rugby/player/ben-donnell,Ben DONNELL
,,,https://all.rugby/player/ben-carter,Ben CARTER
,,,https://all.rugby/player/ben-carson,Ben CARSON
,,,https://all.rugby/player/ben-afshar,Ben AFSHAR
,,,https://all.rugby/player/beka-shvangiradze,Beka SHVANGIRADZE
Georgia,,,https://all.rugby/player/beka-saghinadze,Beka SAGINADZE
Georgia,,,https://all.rugby/player/beka-gorgadze,Beka GORGADZE
Georgia,,,https://all.rugby/player/beka-gigashvili,Beka GIGASHVILI
,,,https://all.rugby/player/bautista-stavile,Bautista STAVILE
Argentina,,,https://all.rugby/player/bautista-delguy,Bautista DELGUY
"Argentina, Italy",,,https://all.rugby/player/bautista-bernasconi,Bautista BERNASCONI
,,,https://all.rugby/player/batho-hlekani,Batho HLEKANI
France,,,https://all.rugby/player/bastien-vergnes-taillefer,Bastien VERGNES-TAILLEFER
,,,https://all.rugby/player/bastien-chinarro,Bastien CHINARRO
,,,https://all.rugby/player/bastien-chalureau,Bastien CHALUREAU
,,,https://all.rugby/player/barny-langton,Barny LANGTON
,,,https://all.rugby/player/barnabe-massa,Barnabé MASSA
,,,https://all.rugby/player/baptiste-tilloles,Baptiste TILLOLES
France,,,https://all.rugby/player/baptiste-serin,Baptiste SERIN
France,,,https://all.rugby/player/baptiste-pesenti,Baptiste PESENTI
France,,,https://all.rugby/player/baptiste-jauneau,Baptiste JAUNEAU
,,,https://all.rugby/player/baptiste-heguy,Baptiste HÉGUY
,,,https://all.rugby/player/baptiste-germain,Baptiste GERMAIN
France,,,https://all.rugby/player/baptiste-erdocio,Baptiste ERDOCIO
,,,https://all.rugby/player/baptiste-delaporte,Baptiste DELAPORTE
France,,,https://all.rugby/player/baptiste-couilloud,Baptiste COUILLOUD
,,,https://all.rugby/player/baptiste-cope,Baptiste COPE
,,,https://all.rugby/player/baptiste-chouzenoux,Baptiste CHOUZENOUX
,,,https://all.rugby/player/bailey-cutts,Bailey CUTTS
,,,https://all.rugby/player/aymeric-luc,Aymeric LUC
,,,https://all.rugby/player/axel-guillaud,Axel GUILLAUD
,,,https://all.rugby/player/axel-desperes,Axel DESPÉRÈS
,,,https://all.rugby/player/ave-maalo,Avé MAALO
,,,https://all.rugby/player/aurelien-azar,Aurélien AZAR
,,,https://all.rugby/player/auguste-cadot,Auguste CADOT
,,,https://all.rugby/player/atunaisa-sokobale,Atunaisa SOKOBALE
,,,https://all.rugby/player/atu-manu,Atu MANU
,,,https://all.rugby/player/asenathi-ntlabakanye,Asenathi NTLABAKANYE
,,,https://all.rugby/player/asad-moos,Asad MOOS
France,,,https://all.rugby/player/arthur-vincent,Arthur VINCENT
,,,https://all.rugby/player/arthur-roche,Arthur ROCHE
France,,,https://all.rugby/player/arthur-retiere,Arthur RETIÈRE
,,,https://all.rugby/player/arthur-mathiron,Arthur MATHIRON
France,,,https://all.rugby/player/arthur-iturria,Arthur ITURRIA
,,,https://all.rugby/player/arno-botha,Arno BOTHA
,,,https://all.rugby/player/arnaud-erbinartegaray,Arnaud ERBINARTEGARAY
South Africa,,,https://all.rugby/player/armand--van-der-merwe,Akker VAN DER MERWE
,,,https://all.rugby/player/archie-mcmichael,Archie MCMICHAEL
,,,https://all.rugby/player/archie-hughes,Archie HUGHES
,,,https://all.rugby/player/archer-holz,Archer HOLZ
,,,https://all.rugby/player/aphelele-fassi,Aphelele FASSI
,,,https://all.rugby/player/antoine-tichit,Antoine TICHIT
France,,,https://all.rugby/player/antoine-hastoy,Antoine HASTOY
,,,https://all.rugby/player/antoine-gibert,Antoine GIBERT
France,,,https://all.rugby/player/antoine-frisch,Antoine FRISCH
,,,https://all.rugby/player/antoine-deliance,Antoine DÉLIANCE
,,,https://all.rugby/player/antoine-aucagne,Antoine AUCAGNE
France,,,https://all.rugby/player/anthony-bouthier,Anthony BOUTHIER
,,,https://all.rugby/player/anthime-hemery,Anthime HEMERY
,,,https://all.rugby/player/angus-williams,Angus WILLIAMS
,,,https://all.rugby/player/angus-o-brien,Angus O'BRIEN
,,,https://all.rugby/player/angus-fraser,Angus FRASER
Australia,,,https://all.rugby/player/angus-bell,Angus BELL
,,,https://all.rugby/player/angelo-davids,Angelo DAVIDS
,,,https://all.rugby/player/aneurin-owen,Aneurin OWEN
,,,https://all.rugby/player/andy-uren,Andy UREN
,,,https://all.rugby/player/andy-timo,Andy TIMO
,,,https://all.rugby/player/andy-bordelai,Andy BORDELAI
,,,https://all.rugby/player/andro-dvali,Andro DVALI
,,,https://all.rugby/player/andrew-smith-2000,Andrew SMITH
,,,https://all.rugby/player/andre-hugo-venter,André-Hugo VENTER
South Africa,,,https://all.rugby/player/andre-esterhuizen,André ESTERHUIZEN
,,,https://all.rugby/player/alvaro-garcia,Álvaro GARCIA
,,,https://all.rugby/player/alun-lawrence,Alun LAWRENCE
,,,https://all.rugby/player/alulutho-tshakweni,Alulutho TSHAKWENI
,,,https://all.rugby/player/alovisio-kolivai,Alovisio KOLIVAÏ
,,,https://all.rugby/player/ally-miller,Ally MILLER
"France, Fiji",,,https://all.rugby/player/alivereti-raka,Alivereti RAKA
,,,https://all.rugby/player/alivereti-loaloa,Alivereti LOALOA
,,,https://all.rugby/player/alistair-vermaak,Ali VERMAAK
,,,https://all.rugby/player/alifereti-duguivalu,Alivereti DUGUIVALU
England,,,https://all.rugby/player/ali-price,Ali PRICE
,,,https://all.rugby/player/alfred-parisien,Alfred PARISIEN
,,,https://all.rugby/player/alexis-bernadet,Alexis BERNADET
,,,https://all.rugby/player/alexandre-tchaptchet,Alexandre TCHAPTCHET
,,,https://all.rugby/player/alexandre-kaddouri,Alexandre KADDOURI
France,,,https://all.rugby/player/alexandre-fischer,Alexandre FISCHER
,,,https://all.rugby/player/alexandre-becognee,Alexandre BÉCOGNÉE
Scotland,,,https://all.rugby/player/alex-samuel,Alex SAMUEL
,,,https://all.rugby/player/alex-newsome,Alex NEWSOME
,,,https://all.rugby/player/alex-nankivell,Alex NANKIVELL
,,,https://all.rugby/player/alex-moon,Alex MOON
Australia,,,https://all.rugby/player/alex-masibaka,Alex MASIBAKA
Wales,,,https://all.rugby/player/alex-mann,Alex MANN
,,,https://all.rugby/player/alex-kendellen,Alex KENDELLEN
,,,https://all.rugby/player/alex-groves,Alex GROVES
Scotland,,,https://all.rugby/player/alex-craig,Alex CRAIG
,,,https://all.rugby/player/alex-bryden,Alex BRYDEN
,,,https://all.rugby/player/alessandro-ortombina,Alessandro ORTOMBINA
,,,https://all.rugby/player/alessandro-izekor,Alessandro IZEKOR
,,,https://all.rugby/player/alessandro-garbisi,Alessandro GARBISI
,,,https://all.rugby/player/alessandro-fusco,Alessandro FUSCO
,,,https://all.rugby/player/aleksandre-kuntelia,Aleksandre KUNTELIA
Wales,,,https://all.rugby/player/aled-davies,Aled DAVIES
Australia,,,https://all.rugby/player/alec-hepburn,Alec HEPBURN
,,,https://all.rugby/player/albie-bester,Albie BESTER
,,,https://all.rugby/player/albertus-de-wet,Paul DE WET
,,,https://all.rugby/player/albert-lindner,Albert LINDNER
"Italy, Dominican Republic",,,https://all.rugby/player/albert-batista,Albert BATISTA
,,,https://all.rugby/player/akato-fakatika,Akato FAKATIKA
,,,https://all.rugby/player/aitzol-king,Aitzol KING
,,,https://all.rugby/player/adrien-warion,Adrien WARION
,,,https://all.rugby/player/adrien-seguret,Adrien SÉGURET
,,,https://all.rugby/player/adrien-drault,Adrien DRAULT
Fiji,,,https://all.rugby/player/adrea-cocagi,Adrea COCAGI
,,,https://all.rugby/player/adre-smith,Adré SMITH
,,,https://all.rugby/player/adam-vargas,Adam VARGAS
Scotland,,,https://all.rugby/player/adam-hastings,Adam HASTINGS
Australia,,,https://all.rugby/player/adam-coleman,Adam COLEMAN
Wales,,,https://all.rugby/player/adam-beard,Adam BEARD
New Zealand,,,https://all.rugby/player/abraham-papali-i,Abraham PAPALI'I
Wales,,,https://all.rugby/player/aaron-wainwright,Aaron WAINWRIGHT
,,,https://all.rugby/player/aaron-o-brien,Aaron O'BRIEN
,,,https://all.rugby/player/aaron-grandidier,Aaron GRANDIDIER
,,,https://all.rugby/player/-juan-segundo-martin-montilla,Juan MARTÍN MONTILLA
Georgia,,,https://all.rugby/player/zurabi-zhvania,Zurabi ZHVANIA
,,,https://all.rugby/player/zion-going,Zion GOING
,,,https://all.rugby/player/zack-farrance,Zak FARRANCE
,,,https://all.rugby/player/zach-bastres,Zach BASTRES
,,,https://all.rugby/player/xavier-mignot,Xavier MIGNOT
Brazil,,,https://all.rugby/player/wilton-rebolo,Wilton REBOLO
,,,https://all.rugby/player/william-waguespack,William WAGUESPACK
,,,https://all.rugby/player/will-vakalahi,Will VAKALAHI
,,,https://all.rugby/player/will-leonard,Will LEONARD
Namibia,,,https://all.rugby/player/wian-conradie,Wian CONRADIE
,,,https://all.rugby/player/wayne-van-der-bank,Wayne VAN DER BANK
,,,https://all.rugby/player/watson-filikitonga,Watson FILIKITONGA
,,,https://all.rugby/player/vole-setu,Setu VOLE
,,,https://all.rugby/player/vilimoni-koroi,Vilimoni KOROI
,,,https://all.rugby/player/viliami-vuli,Viliami VULI
United-States,,,https://all.rugby/player/vili-helu,Vili HELU
,,,https://all.rugby/player/vaughen-isaacs,Vaughen ISAACS
,,,https://all.rugby/player/val-lee-lo,Val LEE-LO
,,,https://all.rugby/player/tyler-wong,Tyler WONG
,,,https://all.rugby/player/tyler-matchem,Tyler MATCHEM
Tonga,,,https://all.rugby/player/tupou-ma-afu-afungia,Tupou MA'AFU-AFUNGIA
,,,https://all.rugby/player/toni-pulu,Toni PULU
United-States,,,https://all.rugby/player/tonga-kofe,Tonga KOFE
Italy,,,https://all.rugby/player/tommaso-boni,Tommaso BONI
,,,https://all.rugby/player/tomasi-tonga,Tomasi TONGA
,,,https://all.rugby/player/tomas-malanos,Tomy MALANOS
Uruguay,,,https://all.rugby/player/tomas-inciarte,Tomás INCIARTE
,,,https://all.rugby/player/tomas-cubilla,Tomás CUBILLA
Argentina,,,https://all.rugby/player/tomas-cubelli,Tomás CUBELLI
Argentina,,,https://all.rugby/player/tomas-casares,Tomás CASARES
,,,https://all.rugby/player/tomas-bekerman,Tomás BEKERMAN
,,,https://all.rugby/player/tomas-aoake,Tomas AOAKE
Wales,,,https://all.rugby/player/toby-fricker,Toby FRICKER
,,,https://all.rugby/player/tinashe-muchena,Tinashe MUCHENA
,,,https://all.rugby/player/timmy-ohlwein,Timmy OHLWEIN
,,,https://all.rugby/player/tim-swiel,Tim SWIEL
,,,https://all.rugby/player/tim-anstee,Tim ANSTEE
,,,https://all.rugby/player/tielu-sagala,Tielu SAGALA
,,,https://all.rugby/player/tiaan-loots,Tiaan LOOTS
,,,https://all.rugby/player/tevita-sole,Tevita SOLE
Fiji,,,https://all.rugby/player/tevita-naqali,Tevita NAQALI
United-States,,,https://all.rugby/player/tesimoni-tonga-uiha,Moni TONGA'UIHA
"Samoa, United-States",,,https://all.rugby/player/tesimale-niupulusu,Tesimale NIUPULUSU
,,,https://all.rugby/player/taylor-krumrei,Taylor KRUMREI
,,,https://all.rugby/player/tavius-sykora-matthess,Tavius SYKORA-MATTHESS
United-States,,,https://all.rugby/player/tavite-lopeti,Tavite LOPETI
,,,https://all.rugby/player/tautalatasi-tasi,Tautalatasi TASI
,,,https://all.rugby/player/tau-koloamatangi,Tau KOLOAMATANGI
"Australia, United-States",,,https://all.rugby/player/tas-smith,Tas SMITH
,,,https://all.rugby/player/tamarau-mcgahan,Tamarau MCGAHAN
,,,https://all.rugby/player/stephan-bernal-wendt,Stephan BERNAL-WENDT
,,,https://all.rugby/player/steffan-crimp,Steffan CRIMP
,,,https://all.rugby/player/steff-hughes,Steff HUGHES
,,,https://all.rugby/player/sione-mahe,Sione MAHE
,,,https://all.rugby/player/sione-latu,Sione LATU
"Samoa, Tonga",,,https://all.rugby/player/simon-peter-toleafoa,Simon-Peter TOLEAFOA
,,,https://all.rugby/player/siaosi-mahoni,Siaosi MAHONI
United-States,,,https://all.rugby/player/shilo-klein,Shilo KLEIN
,,,https://all.rugby/player/shawn-clark,Shawn CLARK
Ireland,,,https://all.rugby/player/shane-o-leary,Shane O'LEARY
,,,https://all.rugby/player/seth-smith,Seth SMITH
,,,https://all.rugby/player/seth-purdey,Seth PURDEY
Fiji,,,https://all.rugby/player/semi-kunatani,Semi KUNATANI
,,,https://all.rugby/player/seimou-smith,Seimou SMITH
,,,https://all.rugby/player/sean-nolan,Sean NOLAN
,,,https://all.rugby/player/sean-mcnulty,Sean MCNULTY
,,,https://all.rugby/player/santiago-videla,Santiago VIDELA
,,,https://all.rugby/player/sam-walsh,Sam WALSH
,,,https://all.rugby/player/sam-tuifua,Sam TUIFUA
,,,https://all.rugby/player/sam-reimer,Sam REIMER
,,,https://all.rugby/player/sam-hill,Sam HILL
United-States,,,https://all.rugby/player/sam-golla,Sam GOLLA
,,,https://all.rugby/player/sam-davies-2002,Sam DAVIES
,,,https://all.rugby/player/sam-caird,Sam CAIRD
,,,https://all.rugby/player/saia-uhila,Saia UHILA
,,,https://all.rugby/player/ryan-james,Ryan JAMES
United-States,,,https://all.rugby/player/rufus-mclean,Rufus MCLEAN
South Africa,,,https://all.rugby/player/ruben-de-haas,Ruben DE HAAS
,,,https://all.rugby/player/ross-depperschmidt,Ross DEPPERSCHMIDT
,,,https://all.rugby/player/rory-van-vugt,Rory VAN VUGT
,,,https://all.rugby/player/ronnie-mcelligott,Ronnie MCELLIGOTT
,,,https://all.rugby/player/ronan-murphy,Ronan MURPHY
,,,https://all.rugby/player/ronan-foley,Ronan FOLEY
Australia,,,https://all.rugby/player/rodney-iona,Rodney IONA
,,,https://all.rugby/player/robert-mapa,Robert MAPA
England,,,https://all.rugby/player/rob-harley,Rob HARLEY
,,,https://all.rugby/player/riekert-hattingh,Riekert HATTINGH
,,,https://all.rugby/player/rick-rose,Rick ROSE
,,,https://all.rugby/player/richard-judd,Richard JUDD
,,,https://all.rugby/player/rhys-mitchell,Rhys MITCHELL
,,,https://all.rugby/player/rhys-jones,Rhys JONES
,,,https://all.rugby/player/rhyno-herbst,Rhyno HERBST
,,,https://all.rugby/player/rhian-stowers,Rhian STOWERS
,,,https://all.rugby/player/remsy-lemisio,Remsy LEMISIO
,,,https://all.rugby/player/reinaldo-piussi,Reinaldo PIUSSI
,,,https://all.rugby/player/reid-davis,Reid DAVIS
,,,https://all.rugby/player/reegan-o-gorman,Reegan O'GORMAN
,,,https://all.rugby/player/reece-macdonald,Reece MACDONALD
,,,https://all.rugby/player/reece-botha,Reece BOTHA
Fiji,,,https://all.rugby/player/ratu-vere-vugakoto,Ratu Vere VUGAKOTO
,,,https://all.rugby/player/quinton-tindel,Quinton TINDEL
,,,https://all.rugby/player/quentin-newcomer,Quentin NEWCOMER
United-States,,,https://all.rugby/player/pono-davis,Pono DAVIS
"Australia, New Zealand",,,https://all.rugby/player/pita-anae-ah-sue,Pita ANAE AH-SUE
,,,https://all.rugby/player/piers-von-dadelszen,Piers VON DADELSZEN
,,,https://all.rugby/player/phil-bradford,Phil BRADFORD
,,,https://all.rugby/player/peyton-wall,Peyton WALL
,,,https://all.rugby/player/perry-humphreys,Perry HUMPHREYS
United-States,,,https://all.rugby/player/payton-telea-ilalio,Payton TELEA-ILALIO
,,,https://all.rugby/player/paula-balekana,Paula BALEKANA
Ireland,,,https://all.rugby/player/paul-mullen,Paul MULLEN
New Zealand,,,https://all.rugby/player/paul-lasike,Paul LASIKE
,,,https://all.rugby/player/pat-o-toole,Pat O'TOOLE
,,,https://all.rugby/player/papa-matelau,Papa MATELAU
,,,https://all.rugby/player/pago-haini,Pago HAINI
Ireland,,,https://all.rugby/player/paddy-ryan-1998,Paddy RYAN
Ireland,,,https://all.rugby/player/paddy-ryan-1990,Paddy RYAN
,,,https://all.rugby/player/paddy-beattie,Paddy BEATTIE
,,,https://all.rugby/player/owen-sheehy,Owen SHEEHY
,,,https://all.rugby/player/oscar-lennon,Oscar LENNON
,,,https://all.rugby/player/osaiasi-tonga-uiha,Osaiasi TONGA'UIHA
England,,,https://all.rugby/player/ollie-devoto,Ollie DEVOTO
,,,https://all.rugby/player/oliver-kane,Oliver KANE
,,,https://all.rugby/player/olajuwon-noa,OJ NOA
,,,https://all.rugby/player/nolan-tuamoheloa,Nolan TUAMOHELOA
,,,https://all.rugby/player/noah-flesch,Noah FLESCH
,,,https://all.rugby/player/noah-brown,Noah BROWN
,,,https://all.rugby/player/noah-bain,Noah BAIN
,,,https://all.rugby/player/njabulo-gumede,Njabulo GUMEDE
,,,https://all.rugby/player/nikolai-foliaki,Nikolai FOLIAKI
,,,https://all.rugby/player/nick-jooste,Nick JOOSTE
"New Zealand, Scotland",,,https://all.rugby/player/nick-grigg,Nick GRIGG
,,,https://all.rugby/player/nick-chan,Nick CHAN
United-States,,,https://all.rugby/player/nick-boyer,Nick BOYER
,,,https://all.rugby/player/nic-benn,Nic BENN
,,,https://all.rugby/player/neil-trainor,Neil TRAINOR
,,,https://all.rugby/player/nathan-sylvia,Nathan SYLVIA
,,,https://all.rugby/player/nathan-den-hoedt,Nathan DEN HOEDT
United-States,,,https://all.rugby/player/nate-augspurger,Nate AUGSPURGER
Australia,,,https://all.rugby/player/mitch-wilson,Mitch WILSON
,,,https://all.rugby/player/mitch-short,Mitch SHORT
,,,https://all.rugby/player/mikey-grandy,Mikey GRANDY
,,,https://all.rugby/player/mikaea-wynyard,Mikaea WYNYARD
,,,https://all.rugby/player/mika-kruse,Mika KRUSE
Samoa,,,https://all.rugby/player/michelangelo-sosene-feagai,Mike SOSENE-FEAGAI
,,,https://all.rugby/player/michael-scott,Michael SCOTT
,,,https://all.rugby/player/michael-ma-afu,Michael MA'AFU
,,,https://all.rugby/player/michael-hand,Michael HAND
,,,https://all.rugby/player/michael-baska,Michael BASKA
,,,https://all.rugby/player/max-schumacher,Max SCHUMACHER
,,,https://all.rugby/player/mauro-rebussone,Mauro REBUSSONE
Canada,,,https://all.rugby/player/matt-oworu,Matt OWORU
United-States,,,https://all.rugby/player/matt-jensen,Matt JENSEN
Canada,,,https://all.rugby/player/matt-heaton,Matt HEATON
,,,https://all.rugby/player/matt-harmon,Matt HARMON
,,,https://all.rugby/player/matt-carrion,Matt CARRION
,,,https://all.rugby/player/matt-anticev,Matt ANTICEV
Argentina,,,https://all.rugby/player/matias-orlando,Matias ORLANDO
,,,https://all.rugby/player/matias-jensen,Matias JENSEN
,,,https://all.rugby/player/mathis-demandolx,Mathis DEMANDOLX
,,,https://all.rugby/player/mateo-gadsden,Mateo GADSDEN
,,,https://all.rugby/player/mat-de-villiers,Mat DE VILLIERS
,,,https://all.rugby/player/mason-pedersen,Mason PEDERSEN
,,,https://all.rugby/player/mason-flesch,Mason FLESCH
,,,https://all.rugby/player/mason-barker,Mason BARKER
,,,https://all.rugby/player/martin-vaca,Martín VACA
,,,https://all.rugby/player/martin-elias,Martin ELIAS
,,,https://all.rugby/player/marques-fuala-au,Marques FUALA'AU
South Africa,,,https://all.rugby/player/marno-redelinghuys,Marno REDELINGHUYS
,,,https://all.rugby/player/mark-o-keeffe,Mark O'KEEFFE
,,,https://all.rugby/player/marcos-young,Marcos YOUNG
,,,https://all.rugby/player/marcos-elicagaray,Marcos ELIÇAGARAY
United-States,,,https://all.rugby/player/marcel-brache,Marcel BRACHE
Uruguay,,,https://all.rugby/player/manuel-ardao,Manuel ARDAO
,,,https://all.rugby/player/maliu-niuafe,Maliu NIUAFE
,,,https://all.rugby/player/malembe-mpofu,Malembe MPOFU
,,,https://all.rugby/player/malcolm-may,Malcolm MAY
,,,https://all.rugby/player/malakai-hala,Malakai HALA
,,,https://all.rugby/player/malacchi-esdale,Malacchi ESDALE
,,,https://all.rugby/player/makeen-alikhan,Makeen ALIKHAN
,,,https://all.rugby/player/maclean-jones,Maclean JONES
,,,https://all.rugby/player/ma-ake-muti,Ma'ake MUTI
Australia,,,https://all.rugby/player/luke-white,Luke WHITE
,,,https://all.rugby/player/luke-carty,Luke CARTY
,,,https://all.rugby/player/luke-campbell-,Luke CAMPBELL
Canada,,,https://all.rugby/player/lucas-rumball,Lucas RUMBALL
,,,https://all.rugby/player/lucas-bur,Lucas BUR
,,,https://all.rugby/player/louritz-van-der-schyff,Louritz VAN DER SCHYFF
,,,https://all.rugby/player/lone-ika,Lone IKA
,,,https://all.rugby/player/lolenisi-veimau,Lolenisi VEIMAU
,,,https://all.rugby/player/logan-weidner,Logan WEIDNER
,,,https://all.rugby/player/logan-crowley,Logan CROWLEY
,,,https://all.rugby/player/line-latu,Line LATU
Australia,,,https://all.rugby/player/lindsey-stevens,Lindsey STEVENS
,,,https://all.rugby/player/lincoln-sii,Lincoln SI'I
,,,https://all.rugby/player/lincoln-mcclutchie,Lincoln MCCLUTCHIE
,,,https://all.rugby/player/liki-chan-tung,Liki CHAN-TUNG
,,,https://all.rugby/player/liam-fletcher,Liam FLETCHER
New Zealand,,,https://all.rugby/player/liam-coltman,Liam COLTMAN
,,,https://all.rugby/player/le-roux-malan,Le Roux MALAN
,,,https://all.rugby/player/le-donn-mathis,Le'Donn MATHIS
,,,https://all.rugby/player/lautaro-soto,Lautaro SOTO
,,,https://all.rugby/player/lautaro-bavaro,Lautaro BAVARO
United-States,,,https://all.rugby/player/lauina-futi,Lauina FUTI
,,,https://all.rugby/player/larome-white,LaRome WHITE
,,,https://all.rugby/player/lance-williams,Lance WILLIAMS
Canada,,,https://all.rugby/player/kyle-steeves,Kyle STEEVES
,,,https://all.rugby/player/kyle-ciquera,Kyle CIQUERA
,,,https://all.rugby/player/kyle-brown,Kyle BROWN
Canada,,,https://all.rugby/player/kyle-baillie,Kyle BAILLIE
,,,https://all.rugby/player/koikoi-nelligan,KoiKoi NELLIGAN
,,,https://all.rugby/player/koby-baker,Koby BAKER
,,,https://all.rugby/player/kirby-myhill,Kirby MYHILL
"Ireland, United-States",,,https://all.rugby/player/killian-coghlan,Killian COGHLAN
,,,https://all.rugby/player/kian-meadon,Kian MEADON
,,,https://all.rugby/player/kerron-van-vuuren,Kerron VAN VUUREN
,,,https://all.rugby/player/keni-nasoqeqe,Keni NASOQEQE
France,,,https://all.rugby/player/kelian-galletier,Kélian GALLETIER
,,,https://all.rugby/player/karl-keane,Karl KEANE
,,,https://all.rugby/player/kalisi-moli,Kalisi MOLI
,,,https://all.rugby/player/kaleb-geiger,Kaleb GEIGER
,,,https://all.rugby/player/kaipono-kayoshi,Kaipono KAYOSHI
,,,https://all.rugby/player/kaden-duguid,Kaden DUGUID
,,,https://all.rugby/player/justus-tavai,Justus TAVAI
,,,https://all.rugby/player/justin-basson,Justin BASSON
,,,https://all.rugby/player/jurie-van-vuuren,Jurie VAN VUUREN
,,,https://all.rugby/player/junior-time-tautua,Junior TIME-TAUTUA
,,,https://all.rugby/player/junior-gafa,Junior GAFA
,,,https://all.rugby/player/julian-roberts,Julian ROBERTS
,,,https://all.rugby/player/julian-dominguez-widmer,Julián DOMÍNGUEZ WIDMER
South Africa,,,https://all.rugby/player/juan-philip-smith,JP SMITH
Argentina,,,https://all.rugby/player/juan-pablo-zeiss,Juan Pablo ZEISS
,,,https://all.rugby/player/juan-dee-oliver,Juan-Dee OLIVER
,,,https://all.rugby/player/jp-du-plessis,JP DU PLESSIS
Canada,,,https://all.rugby/player/josiah-morra,Josiah MORRA
,,,https://all.rugby/player/josh-mcadam,Josh MCADAM
Canada,,,https://all.rugby/player/josh-larsen,Josh LARSEN
,,,https://all.rugby/player/joseph-mano,Joe MANO
,,,https://all.rugby/player/jordan-trainor,Jordan TRAINOR
,,,https://all.rugby/player/jordan-jackson-hope,Jordan JACKSON-HOPE
,,,https://all.rugby/player/jones-spencer,Spencer JONES
,,,https://all.rugby/player/jone-koroiduadua,Jone KOROIDUADUA
,,,https://all.rugby/player/jonas-petrakopoulos,Jonas PETRAKOPOULOS
Australia,,,https://all.rugby/player/jonah-mau-u,Jonah MAU'U
,,,https://all.rugby/player/jonah-dietenberger,Jonah DIETENBERGER
,,,https://all.rugby/player/john-rizzo,John RIZZO
,,,https://all.rugby/player/john-powers,John POWERS
,,,https://all.rugby/player/john-poland,John POLAND
,,,https://all.rugby/player/john-lefevre,John LEFEVRE
,,,https://all.rugby/player/johan-momsen,Johan MOMSEN
,,,https://all.rugby/player/joel-hodgson,Joel HODGSON
,,,https://all.rugby/player/joe-wrafter,Joe WRAFTER
United-States,,,https://all.rugby/player/joe-taufete-e,Joe TAUFETE'E
,,,https://all.rugby/player/joe-rees,Joe REES
,,,https://all.rugby/player/joe-johnston,Joe JOHNSTON
,,,https://all.rugby/player/joe-apikotoa,Joe APIKOTOA
,,,https://all.rugby/player/jimmy-hokafonu,Jimmy HOKAFONU
New Zealand,,,https://all.rugby/player/jesse-mackail,Jesse MACKAIL
,,,https://all.rugby/player/jeronimo-gomez-vara,Jero GOMEZ VARA
,,,https://all.rugby/player/jeron-pantor,Jeron PANTOR
,,,https://all.rugby/player/jeremy-misailegalu,Jeremy MISAILEGALU
,,,https://all.rugby/player/jeremiah-sio,Jeremiah SIO
,,,https://all.rugby/player/jeremiah-noaese,Miah NOAESE
,,,https://all.rugby/player/jed-melvin,Jed MELVIN
,,,https://all.rugby/player/jed-holloway,Jed HOLLOWAY
,,,https://all.rugby/player/jayson-potroz,Jayson POTROZ
,,,https://all.rugby/player/jay-tuivaiti,Jay TUIVAITI
,,,https://all.rugby/player/jay-renton,Jay RENTON
,,,https://all.rugby/player/javon-camp-villalovos,Javon CAMP-VILLALOVOS
,,,https://all.rugby/player/jason-tidwell,Jason TIDWELL
,,,https://all.rugby/player/jason-robertson,Jason ROBERTSON
,,,https://all.rugby/player/jason-higgins,Jason HIGGINS
,,,https://all.rugby/player/jason-emery,Jason EMERY
,,,https://all.rugby/player/jason-damm,Jason DAMM
,,,https://all.rugby/player/jarred-adams,Jarred ADAMS
,,,https://all.rugby/player/janus-venter,Janus VENTER
,,,https://all.rugby/player/james-vaifale,James VAIFALE
,,,https://all.rugby/player/james-scott,James SCOTT
,,,https://all.rugby/player/james-rivers,James RIVERS
,,,https://all.rugby/player/james-irey,Doc IREY
Australia,,,https://all.rugby/player/jamason-fa-anana-schultz,Jamason FA'ANANA-SCHULTZ
,,,https://all.rugby/player/jake-turnbull,Jake TURNBULL
,,,https://all.rugby/player/jake-negrete,Jake NEGRETE
,,,https://all.rugby/player/jake-kinneeveauk,Jake KINNEEVEAUK
,,,https://all.rugby/player/jade-stighling,Jade STIGHLING
,,,https://all.rugby/player/jacob-merklinger,Jacob MERKLINGER
,,,https://all.rugby/player/jackson-zabierek,Jackson ZABIEREK
,,,https://all.rugby/player/jackson-thiebes,Jackson THIEBES
,,,https://all.rugby/player/jack-webster,Jack WEBSTER
,,,https://all.rugby/player/jack-shaw,Jack SHAW
,,,https://all.rugby/player/jack-reeves,Jack REEVES
United-States,,,https://all.rugby/player/jack-iscaro,Jack ISCARO
,,,https://all.rugby/player/ivan-pula,Ivan PULA
,,,https://all.rugby/player/isikeli-kava,Isikeli KAVA
,,,https://all.rugby/player/ishma-eel-safodien,Ishy SAFODIEN
,,,https://all.rugby/player/isaia-lotawa,Isaia LOTAWA
,,,https://all.rugby/player/isaac-te-tamaki,Isaac TE TAMAKI
,,,https://all.rugby/player/isaac-salmon,Isaac SALMON
,,,https://all.rugby/player/isaac-olson,Isaac OLSON
,,,https://all.rugby/player/isaac-bales,Isaac BALES
,,,https://all.rugby/player/inoke-waqavesi,Inoke WAQAVESI
,,,https://all.rugby/player/ignacio-peculo,Ignacio PÉCULO
Uruguay,,,https://all.rugby/player/ignacio-dotti,Ignacio DOTTI
,,,https://all.rugby/player/huw-taylor,Huw TAYLOR
,,,https://all.rugby/player/hugh-roach,Hugh ROACH
"New Zealand, United-States",,,https://all.rugby/player/harrison-boyle,Harrison BOYLE
,,,https://all.rugby/player/harris-rutherford,Harris RUTHERFORD
,,,https://all.rugby/player/harley-wheeler,Harley WHEELER
,,,https://all.rugby/player/hamish-bain,Hamish BAIN
Canada,,,https://all.rugby/player/guiseppe-du-toit,Guiseppe DU TOIT
,,,https://all.rugby/player/graeme-pedegana,Graeme PEDEGANA
Argentina,,,https://all.rugby/player/gonzalo-bertranou,Gonzalo BERTRANOU
,,,https://all.rugby/player/gerrie-labuschagne,Gerrie LABUSCHAGNÉ
,,,https://all.rugby/player/george-merrick,George MERRICK
,,,https://all.rugby/player/gavin-thornbury,Gavin THORNBURY
"Ireland, Canada",,,https://all.rugby/player/gabe-casey,Gabe CASEY
,,,https://all.rugby/player/fred-apulu,Fred APULU
,,,https://all.rugby/player/frank-lochore,Frank LOCHORE
,,,https://all.rugby/player/franco-van-den-berg,Franco VAN DEN BERG
,,,https://all.rugby/player/foster-dewitt,Foster DEWITT
,,,https://all.rugby/player/federico-gutierrez,Federico GUTIÉRREZ
,,,https://all.rugby/player/faletoi-peni,Faletoi PENI
,,,https://all.rugby/player/faka-osi-pifeleti,Faka'osi PIFELETI
Uruguay,,,https://all.rugby/player/facundo-gattas,Facundo GATTAS
,,,https://all.rugby/player/ezekiel-lindenmuth,Ezekiel LINDENMUTH
,,,https://all.rugby/player/ethan-mcveigh,Ethan MCVEIGH
,,,https://all.rugby/player/ethan-howard,Ethan HOWARD
,,,https://all.rugby/player/ethan-grayson,Ethan GRAYSON
"United-States, Canada",,,https://all.rugby/player/ethan-fryer,Ethan FRYER
United-States,,,https://all.rugby/player/erich-storti,Erich STORTI
,,,https://all.rugby/player/emmanuel-albert,Emmanuel ALBERT
,,,https://all.rugby/player/emerson-prior,Emerson PRIOR
,,,https://all.rugby/player/emanuel-lai,Emanuel LAI
,,,https://all.rugby/player/ej-freeman,EJ FREEMAN
,,,https://all.rugby/player/eddie-fouche,Eddie FOUCHÉ
,,,https://all.rugby/player/ed-timpson,Ed TIMPSON
Samoa,,,https://all.rugby/player/ed-fidow,Ed FIDOW
,,,https://all.rugby/player/dylan-nel,Dylan NEL
,,,https://all.rugby/player/dylan-fortune,Dylan FORTUNE
Ireland,,,https://all.rugby/player/dylan-fawsitt,Dylan FAWSITT
,,,https://all.rugby/player/duncan-matthews,Duncan MATTHEWS
,,,https://all.rugby/player/drew-wild,Drew WILD
,,,https://all.rugby/player/drake-davis,Drake DAVIS
,,,https://all.rugby/player/dorian-jones,Dorian JONES
,,,https://all.rugby/player/dominic-akina,Dom AKINA
Canada,,,https://all.rugby/player/djustice-sears-duru,Djustice SEARS-DURU
Namibia,,,https://all.rugby/player/divan-rossouw,Divan ROSSOUW
South Africa,,,https://all.rugby/player/dewald-kotze,Dewald KOTZE
,,,https://all.rugby/player/dewald-donald,Dewald DONALD
,,,https://all.rugby/player/devin-short,Devin SHORT
,,,https://all.rugby/player/declan-o-loughlin,Declan O'LOUGHLIN
,,,https://all.rugby/player/declan-moore,Declan MOORE
,,,https://all.rugby/player/declan-leaney,Declan LEANEY
United-States,,,https://all.rugby/player/david-tameilau,Tevita TAMEILAU
,,,https://all.rugby/player/david-coetzer,Davy COETZER
,,,https://all.rugby/player/david-busby,David BUSBY
,,,https://all.rugby/player/darius-law,Darius LAW
,,,https://all.rugby/player/darcy-breen,Darcy BREEN
,,,https://all.rugby/player/danny-christensen,Danny CHRISTENSEN
,,,https://all.rugby/player/dane-zander,Dane ZANDER
,,,https://all.rugby/player/dan-kriel,Dan KRIEL
,,,https://all.rugby/player/dan-hollinshead,Dan HOLLINSHEAD
,,,https://all.rugby/player/dan-hanson,Dan HANSON
Scotland,,,https://all.rugby/player/damien-hoyland,Damien HOYLAND
Namibia,,,https://all.rugby/player/damian-stevens,Damian STEVENS
,,,https://all.rugby/player/damian-morley,Damian MORLEY
,,,https://all.rugby/player/dalton-musselman,Dalton MUSSELMAN
Samoa,,,https://all.rugby/player/d-angelo-leuila,D'Angelo LEUILA
,,,https://all.rugby/player/cyrille-cama,Cyrille CAMA
,,,https://all.rugby/player/cronan-gleeson,Cronan GLEESON
United-States,,,https://all.rugby/player/cory-gilliland-daniel,Cory GILLILAND-DANIEL
,,,https://all.rugby/player/corbin-smith,Corbin SMITH
,,,https://all.rugby/player/cooper-coats,Cooper COATS
Australia,,,https://all.rugby/player/conor-young,Conor YOUNG
Canada,,,https://all.rugby/player/conor-keys,Conor KEYS
,,,https://all.rugby/player/connor-tupai,Connor TUPAI
,,,https://all.rugby/player/connor-robinson,Connor ROBINSON
,,,https://all.rugby/player/connor-burns,Connor BURNS
,,,https://all.rugby/player/connor-buckley,Connor BUCKLEY
,,,https://all.rugby/player/conner-mooneyham,Conner MOONEYHAM
,,,https://all.rugby/player/connal-mcinerney,Connal MCINERNEY
,,,https://all.rugby/player/conall-boomer,Conall BOOMER
,,,https://all.rugby/player/collin-grosse,Collin GROSSE
,,,https://all.rugby/player/colin-turner,Colin TURNER
,,,https://all.rugby/player/cole-semu,Cole SEMU
Canada,,,https://all.rugby/player/cole-keith,Cole KEITH
Namibia,,,https://all.rugby/player/cliven-loubser,Cliven LOUBSER
,,,https://all.rugby/player/cian-darling,Cian DARLING
Germany,,,https://all.rugby/player/christopher-hilsenbeck,Christopher HILSENBECK
,,,https://all.rugby/player/christian-poidevin,Christian POIDEVIN
Australia,,,https://all.rugby/player/christian-lealiifano,Christian LEALI'IFANO
,,,https://all.rugby/player/christian-dyer,Christian DYER
,,,https://all.rugby/player/chris-turori,Chris TURORI
,,,https://all.rugby/player/chase-schor-haskin,Chase SCHOR-HASKIN
,,,https://all.rugby/player/chase-jones,Chase JONES
,,,https://all.rugby/player/charlie-overton,Charlie OVERTON
,,,https://all.rugby/player/charlie-hewitt,Charlie HEWITT
,,,https://all.rugby/player/charlie-abel,Charlie ABEL
,,,https://all.rugby/player/charles-elton,Charles ELTON
United-States,,,https://all.rugby/player/chance-wenglewski,Chance WENGLEWSKI
,,,https://all.rugby/player/cassh-maluia,Cassh MALUIA
,,,https://all.rugby/player/carlo-de-nysschen,Carlo DE NYSSCHEN
,,,https://all.rugby/player/cameron-orr,Cameron ORR
,,,https://all.rugby/player/cameron-nordli-kelemeti,Cameron NORDLI-KELEMETI
,,,https://all.rugby/player/cam-gerlach,Cam GERLACH
United-States,,,https://all.rugby/player/cam-dolan,Cam DOLAN
,,,https://all.rugby/player/calvin-liulamaga,Calvin LIULAMAGA
"Germany, United-States",,,https://all.rugby/player/calvin-ihrig,Calvin IHRIG
Canada,,,https://all.rugby/player/callum-botchar,Callum BOTCHAR
,,,https://all.rugby/player/calixto-martinez,Cali MARTINEZ
United-States,,,https://all.rugby/player/bryce-campbell,Bryce CAMPBELL
Samoa,,,https://all.rugby/player/brook-toomalatai,Brook TO'OMALATAI
,,,https://all.rugby/player/brock-webster,Brock WEBSTER
,,,https://all.rugby/player/brock-gallagher,Brock GALLAGHER
,,,https://all.rugby/player/brian-flamenco,Brian FLAMENCO
,,,https://all.rugby/player/brandon-harvey,Brandon HARVEY
,,,https://all.rugby/player/braemar-murray,Braemar MURRAY
,,,https://all.rugby/player/brady-daniel,Brady DANIEL
,,,https://all.rugby/player/brad-wilkin,Brad WILKIN
,,,https://all.rugby/player/brad-tucker,Brad TUCKER
,,,https://all.rugby/player/blake-pereda,Blake PEREDA
,,,https://all.rugby/player/blake-makiri,Blake MAKIRI
,,,https://all.rugby/player/bill-whiteside,Bill WHITESIDE
,,,https://all.rugby/player/bill-meakes,Billy MEAKES
Argentina,,,https://all.rugby/player/benjamin-bonasso,Benjamin BONASSO
,,,https://all.rugby/player/ben-sugars,Ben SUGARS
,,,https://all.rugby/player/ben-strang,Ben STRANG
,,,https://all.rugby/player/ben-pollack,Ben POLLACK
Canada,,,https://all.rugby/player/ben-lesage,Ben LESAGE
,,,https://all.rugby/player/ben-houston,Ben HOUSTON
,,,https://all.rugby/player/bart-vermeulen,Bart VERMEULEN
,,,https://all.rugby/player/bailey-wilson,Bailey WILSON
,,,https://all.rugby/player/axel-muller-aranda,Axel MULLER
,,,https://all.rugby/player/ashawnty-staples,Ashawnty STAPLES
,,,https://all.rugby/player/anton-viera,Anton VIERA
,,,https://all.rugby/player/angus-maclellan,Angus MACLELLAN
Canada,,,https://all.rugby/player/andrew-quattrin,Andrew QUATTRIN
Canada,,,https://all.rugby/player/andrew-coe,Andrew COE
,,,https://all.rugby/player/andre-riaan-warner,André Riaan WARNER
,,,https://all.rugby/player/aminae-amiatu-tanoi,Aminae AMIATU-TANOI
,,,https://all.rugby/player/alex-tucci,Alex TUCCI
,,,https://all.rugby/player/alex-maughan,Alex MAUGHAN
,,,https://all.rugby/player/alex-lopeti,Ale LOPETI
,,,https://all.rugby/player/alex-hernandez,Alex HERNANDEZ
,,,https://all.rugby/player/alessandro-heaney,Alessandro HEANEY
,,,https://all.rugby/player/alesana-pohla,Alesana POHLA
,,,https://all.rugby/player/alejandro-pradillo,Alejandro PRADILLO
,,,https://all.rugby/player/alejandro-martinez-tapia,Alejandro MARTINEZ TAPIA
,,,https://all.rugby/player/alec-mcdonnell,Alec MCDONNELL
,,,https://all.rugby/player/albert-o-shannessey,Albert O'SHANNESSEY
,,,https://all.rugby/player/aki-seiuli,Aki SEIULI
Samoa,,,https://all.rugby/player/aj-alatimu,AJ ALATIMU
,,,https://all.rugby/player/aiden-kerr,Aiden KERR
,,,https://all.rugby/player/aidan-konja,Aidan KONJA
,,,https://all.rugby/player/aidan-king-,Aidan KING
,,,https://all.rugby/player/adriaan-carelse,Adriaan CARELSE
,,,https://all.rugby/player/abe-turpen,Abe TURPEN
