英語名,選手名,ポジション,所属チーム,身長,体重,生年月日,年齢,高校,大学,出身校・チーム歴(全文),カテゴリ,リーグワンキャップ数,URL,Text_Detail,キャリア遍歴,代表キャップ数,International_Caps,Scraped_Url,Full_Career
Allan ALAALATOA,Allan ALAALATOA,PR,Brumbies,182,120,1994.01.28,,,,,A,0,https://all.rugby/player/allan-alaalatoa,,Brumbies (2013 - 2026),Australia,Australia,https://all.rugby/player/allan-alaalatoa,Brumbies (2013 - 2026)
Blake SCHOUPP,Blake SCHOUPP,PR,Brumbies,180,117,1998.03.28,,,,,A,0,https://all.rugby/player/blake-schoupp,,Southern Districts (2018 - 2022) -> Brumbies (2022 - 2026),,,https://all.rugby/player/blake-schoupp,Southern Districts (2018 - 2022) -> Brumbies (2022 - 2026)
James SLIPPER,James SLIPPER,PR,Brumbies,180,115,1989.06.06,,,,,A,0,https://all.rugby/player/james-slipper,,Queensland Reds (2013 - 2018) -> Brumbies (2018 - 2026),Australia,Australia,https://all.rugby/player/james-slipper,Queensland Reds (2013 - 2018) -> Brumbies (2018 - 2026)
Lington IELI,Lington IELI,PR,Brumbies,183,122,2004..,,,,,A,0,https://all.rugby/player/lington-ieli,,Brumbies (2023 - 2026),,,https://all.rugby/player/lington-ieli,Brumbies (2023 - 2026)
Rhys VAN NEK,Rhys VAN NEK,PR,Brumbies,177,108,1999.07.17,,,,,A,0,https://all.rugby/player/rhys-van-nek,,Easts Rugby Union Club (2019 - 2020) -> Melbourne Rebels (2020 - 2022) -> Brumbies (2022 - 2026),,,https://all.rugby/player/rhys-van-nek,Easts Rugby Union Club (2019 - 2020) -> Melbourne Rebels (2020 - 2022) -> Brumbies (2022 - 2026)
Tevita ALATINI,Tevita ALATINI,PR,Brumbies,189,125,2004..,,,,,A,0,https://all.rugby/player/tevita-alatini,,Brumbies (2023 - 2026),,,https://all.rugby/player/tevita-alatini,Brumbies (2023 - 2026)
Billy POLLARD,Billy POLLARD,HO,Brumbies,185,103,2001.12.09,,,,,A,0,https://all.rugby/player/billy-pollard,,New South Wales Waratahs (2018 - 2019) -> Brumbies (2019 - 2023) -> Stade Rochelais (2023 - 2023) -> Brumbies (2023 - 2023) -> Stade Rochelais (2024 - 2024) -> Brumbies (2024 - 2026),,,https://all.rugby/player/billy-pollard,New South Wales Waratahs (2018 - 2019) -> Brumbies (2019 - 2023) -> Stade Rochelais (2023 - 2023) -> Brumbies (2023 - 2023) -> Stade Rochelais (2024 - 2024) -> Brumbies (2024 - 2026)
Lachlan LONERGAN,Lachlan LONERGAN,HO,Brumbies,180,102,1999.10.11,,,,,A,0,https://all.rugby/player/lachlan-lonergan,,Canberra Vikings (2018 - 2019) -> Brumbies (2019 - 2026),,,https://all.rugby/player/lachlan-lonergan,Canberra Vikings (2018 - 2019) -> Brumbies (2019 - 2026)
Liam BOWRON,Liam BOWRON,HO,Brumbies,183,103,2003.02.24,,,,,A,0,https://all.rugby/player/liam-bowron,,Canberra Royals (2022 - 2023) -> Brumbies (2023 - 2026),,,https://all.rugby/player/liam-bowron,Canberra Royals (2022 - 2023) -> Brumbies (2023 - 2026)
Cadeyrn NEVILLE,Cadeyrn NEVILLE,LO,Brumbies,202,120,1988.11.09,,,,,A,0,https://all.rugby/player/cadeyrn-neville,,Melbourne Rebels (2011 - 2015) -> Queensland Reds (2015 - 2017) -> Toyota Industries Shuttles Aichi (2017 - 2019) -> Brumbies (2019 - 2019) -> Toyota Industries Shuttles Aichi (2020 - 2020) -> Brumbies (2020 - 2026),,,https://all.rugby/player/cadeyrn-neville,Melbourne Rebels (2011 - 2015) -> Queensland Reds (2015 - 2017) -> Toyota Industries Shuttles Aichi (2017 - 2019) -> Brumbies (2019 - 2019) -> Toyota Industries Shuttles Aichi (2020 - 2020) -> Brumbies (2020 - 2026)
Harvey CORDUKES,Harvey CORDUKES,LO,Brumbies,202,115,2004..,,,,,A,0,https://all.rugby/player/harvey-cordukes,,Brumbies (2023 - 2024) -> Provence Rugby (2024 - 2025) -> Brumbies (2025 - 2026),,,https://all.rugby/player/harvey-cordukes,Brumbies (2023 - 2024) -> Provence Rugby (2024 - 2025) -> Brumbies (2025 - 2026)
Lachie SHAW,Lachie SHAW,LO,Brumbies,200,112,2003.05.15,,,,,A,0,https://all.rugby/player/lachlan-shaw,,Université du Queensland (2021 - 2022) -> Brumbies (2022 - 2023) -> Manawatu Turbos (2023 - 2023) -> Brumbies (2024 - 2024) -> Manawatu Turbos (2024 - 2024) -> Brumbies (2024 - 2026),,,https://all.rugby/player/lachlan-shaw,Université du Queensland (2021 - 2022) -> Brumbies (2022 - 2023) -> Manawatu Turbos (2023 - 2023) -> Brumbies (2024 - 2024) -> Manawatu Turbos (2024 - 2024) -> Brumbies (2024 - 2026)
Nick FROST,Nick FROST,LO,Brumbies,206,120,1999.10.10,,,,,A,0,https://all.rugby/player/nick-frost,,Canberra Vikings (2018 - 2019) -> Brumbies (2019 - 2026),,,https://all.rugby/player/nick-frost,Canberra Vikings (2018 - 2019) -> Brumbies (2019 - 2026)
Tuaina Taii TUALIMA,Tuaina Taii TUALIMA,LO,Brumbies,193,100,1997.06.01,,,,,A,0,https://all.rugby/player/tuaina-taii-tualima,,Brisbane City (2018 - 2019) -> Queensland Reds (2019 - 2022) -> Melbourne Rebels (2022 - 2023) -> Auckland (2023 - 2023) -> Melbourne Rebels (2024 - 2024) -> Auckland (2024 - 2024) -> Brumbies (2024 - 2026),,,https://all.rugby/player/tuaina-taii-tualima,Brisbane City (2018 - 2019) -> Queensland Reds (2019 - 2022) -> Melbourne Rebels (2022 - 2023) -> Auckland (2023 - 2023) -> Melbourne Rebels (2024 - 2024) -> Auckland (2024 - 2024) -> Brumbies (2024 - 2026)
Charlie CALE,Charlie CALE,Back row,Brumbies,196,105,2000.10.06,,,,,A,0,https://all.rugby/player/charlie-cale,,Eastwood Rugby Club (2020 - 2021) -> Uni-Norths Owls (2021 - 2022) -> Brumbies (2022 - 2026),,,https://all.rugby/player/charlie-cale,Eastwood Rugby Club (2020 - 2021) -> Uni-Norths Owls (2021 - 2022) -> Brumbies (2022 - 2026)
Eli LANGI,Eli LANGI,Back row,Brumbies,193,104,2006..,,,,,A,0,https://all.rugby/player/eli-langi,,Brumbies (2024 - 2026),,,https://all.rugby/player/eli-langi,Brumbies (2024 - 2026)
Luke REIMER,Luke REIMER,Back row,Brumbies,187,102,2000.05.27,,,,,A,0,https://all.rugby/player/luke-reimer,,Warringah Rugby Club (2018 - 2019) -> Brumbies (2019 - 2026),,,https://all.rugby/player/luke-reimer,Warringah Rugby Club (2018 - 2019) -> Brumbies (2019 - 2026)
Rob VALETINI,Rob VALETINI,Back row,Brumbies,193,113,1998.09.03,,,,,A,0,https://all.rugby/player/rob-valetini,,Brumbies (2017 - 2026),Australia,Australia,https://all.rugby/player/rob-valetini,Brumbies (2017 - 2026)
Rory SCOTT,Rory SCOTT,Back row,Brumbies,189,100,2000.09.15,,,,,A,0,https://all.rugby/player/rory-scott,,Brumbies (2019 - 2026),,,https://all.rugby/player/rory-scott,Brumbies (2019 - 2026)
Toby MACPHERSON,Toby MACPHERSON,Back row,Brumbies,199,106,2004..,,,,,A,0,https://all.rugby/player/toby-macpherson,,Uni-Norths Owls (2022 - 2023) -> Brumbies (2023 - 2024) -> Toyota Verblitz (2024 - 2024) -> Brumbies (2024 - 2024) -> Toyota Verblitz (2025 - 2025) -> Brumbies (2025 - 2026),,,https://all.rugby/player/toby-macpherson,Uni-Norths Owls (2022 - 2023) -> Brumbies (2023 - 2024) -> Toyota Verblitz (2024 - 2024) -> Brumbies (2024 - 2024) -> Toyota Verblitz (2025 - 2025) -> Brumbies (2025 - 2026)
Dan NELSON,Dan NELSON,SH,Brumbies,179,82,2004.02.15,,,,,A,0,https://all.rugby/player/dan-nelson,,Brumbies (2023 - 2024) -> Canberra Royals (2024 - 2025) -> Brumbies (2025 - 2026),,,https://all.rugby/player/dan-nelson,Brumbies (2023 - 2024) -> Canberra Royals (2024 - 2025) -> Brumbies (2025 - 2026)
Klayton THORN,Klayton THORN,SH,Brumbies,179,83,2003.06.06,,,,,A,0,https://all.rugby/player/klayton-thorn,,Randwick Rugby (2021 - 2022) -> Brumbies (2022 - 2026),,,https://all.rugby/player/klayton-thorn,Randwick Rugby (2021 - 2022) -> Brumbies (2022 - 2026)
Ryan LONERGAN,Ryan LONERGAN,SH,Brumbies,184,82,1998.04.06,,,,,A,0,https://all.rugby/player/ryan-lonergan,,Brumbies (2016 - 2026),Australia,Australia,https://all.rugby/player/ryan-lonergan,Brumbies (2016 - 2026)
Declan MEREDITH,Declan MEREDITH,SO,Brumbies,183,88,1999.06.28,,,,,A,0,https://all.rugby/player/declan-meredith,,Wests Lions (2021 - 2022) -> Brumbies (2022 - 2026),,,https://all.rugby/player/declan-meredith,Wests Lions (2021 - 2022) -> Brumbies (2022 - 2026)
Tane EDMED,Tane EDMED,SO,Brumbies,183,92,2000.08.16,,,,,A,0,https://all.rugby/player/tane-edmed,,Eastwood Rugby Club (2019 - 2020) -> New South Wales Waratahs (2020 - 2023) -> North Harbour (2023 - 2023) -> New South Wales Waratahs (2024 - 2024) -> North Harbour (2024 - 2024) -> New South Wales Waratahs (2024 - 2025) -> Brumbies (2025 - 2026),Australia,Australia,https://all.rugby/player/tane-edmed,Eastwood Rugby Club (2019 - 2020) -> New South Wales Waratahs (2020 - 2023) -> North Harbour (2023 - 2023) -> New South Wales Waratahs (2024 - 2024) -> North Harbour (2024 - 2024) -> New South Wales Waratahs (2024 - 2025) -> Brumbies (2025 - 2026)
Austin ANDERSON,Austin ANDERSON,CTB,Brumbies,186,94,2003.11.18,,,,,A,0,https://all.rugby/player/austin-anderson,,Waikato Mooloos (2022 - 2023) -> Brumbies (2023 - 2023) -> Waikato Mooloos (2023 - 2023) -> Brumbies (2024 - 2024) -> Waikato Mooloos (2024 - 2024) -> Brumbies (2024 - 2024) -> Waikato Mooloos (2024 - 2024) -> Brumbies (2025 - 2025) -> Waikato Mooloos (2025 - 2025) -> Brumbies (2025 - 2026),,,https://all.rugby/player/austin-anderson,Waikato Mooloos (2022 - 2023) -> Brumbies (2023 - 2023) -> Waikato Mooloos (2023 - 2023) -> Brumbies (2024 - 2024) -> Waikato Mooloos (2024 - 2024) -> Brumbies (2024 - 2024) -> Waikato Mooloos (2024 - 2024) -> Brumbies (2025 - 2025) -> Waikato Mooloos (2025 - 2025) -> Brumbies (2025 - 2026)
David FELIUAI,David FELIUAI,CTB,Brumbies,185,98,1997.05.16,,,,,A,0,https://all.rugby/player/david-feliuai,,CSM Baia Mare (2019 - 2021) -> Sunnybank Rugby (2021 - 2022) -> Melbourne Rebels (2022 - 2024) -> Brumbies (2024 - 2026),,,https://all.rugby/player/david-feliuai,CSM Baia Mare (2019 - 2021) -> Sunnybank Rugby (2021 - 2022) -> Melbourne Rebels (2022 - 2024) -> Brumbies (2024 - 2026)
Hudson CREIGHTON,Hudson CREIGHTON,CTB,Brumbies,182,90,2000.03.21,,,,,A,0,https://all.rugby/player/hudson-creighton,,Brothers Rugby Club (2019 - 2020) -> Queensland Reds (2020 - 2021) -> Brumbies (2021 - 2023) -> Otago (2023 - 2023) -> Brumbies (2024 - 2024) -> Otago (2024 - 2024) -> Brumbies (2024 - 2026),,,https://all.rugby/player/hudson-creighton,Brothers Rugby Club (2019 - 2020) -> Queensland Reds (2020 - 2021) -> Brumbies (2021 - 2023) -> Otago (2023 - 2023) -> Brumbies (2024 - 2024) -> Otago (2024 - 2024) -> Brumbies (2024 - 2026)
Jarrah MCLEOD,Jarrah MCLEOD,CTB,Brumbies,192,105,2004..,,,,,A,0,https://all.rugby/player/jarrah-mcleod,,Brumbies (2023 - 2024) -> Canberra Royals (2024 - 2025) -> Brumbies (2025 - 2026),,,https://all.rugby/player/jarrah-mcleod,Brumbies (2023 - 2024) -> Canberra Royals (2024 - 2025) -> Brumbies (2025 - 2026)
Kadin PRITCHARD,Kadin PRITCHARD,CTB,Brumbies,191,96,2004..,,,,,A,0,https://all.rugby/player/kadin-pritchard,,Brumbies (2023 - 2026),,,https://all.rugby/player/kadin-pritchard,Brumbies (2023 - 2026)
Kye OATES,Kye OATES,CTB,Brumbies,180,90,1999.09.01,,,,,A,0,https://all.rugby/player/kye-oates,,Canberra Royals (2024 - 2025) -> Brumbies (2025 - 2026),,,https://all.rugby/player/kye-oates,Canberra Royals (2024 - 2025) -> Brumbies (2025 - 2026)
Andy MUIRHEAD,Andy MUIRHEAD,Winger,Brumbies,183,84,1993.07.08,,,,,A,0,https://all.rugby/player/andy-muirhead,,Brumbies (2016 - 2026),,,https://all.rugby/player/andy-muirhead,Brumbies (2016 - 2026)
Corey TOOLE,Corey TOOLE,Winger,Brumbies,178,85,2000.03.07,,,,,A,0,https://all.rugby/player/corey-toole,,Aussie 7's (2021 - 2022) -> Brumbies (2022 - 2026),Australia,Australia,https://all.rugby/player/corey-toole,Aussie 7's (2021 - 2022) -> Brumbies (2022 - 2026)
Ollie SAPSFORD,Ollie SAPSFORD,Winger,Brumbies,191,104,1995.10.07,,,,,A,0,https://all.rugby/player/ollie-sapsford,,Hawke's Bay Magpies (2018 - 2021) -> Brumbies (2021 - 2021) -> Hawke's Bay Magpies (2021 - 2021) -> Brumbies (2022 - 2022) -> Hawke's Bay Magpies (2022 - 2022) -> Brumbies (2022 - 2022) -> Hawke's Bay Magpies (2022 - 2022) -> Brumbies (2023 - 2023) -> Hawke's Bay Magpies (2023 - 2023) -> Brumbies (2023 - 2026),,,https://all.rugby/player/ollie-sapsford,Hawke's Bay Magpies (2018 - 2021) -> Brumbies (2021 - 2021) -> Hawke's Bay Magpies (2021 - 2021) -> Brumbies (2022 - 2022) -> Hawke's Bay Magpies (2022 - 2022) -> Brumbies (2022 - 2022) -> Hawke's Bay Magpies (2022 - 2022) -> Brumbies (2023 - 2023) -> Hawke's Bay Magpies (2023 - 2023) -> Brumbies (2023 - 2026)
Tom WRIGHT,Tom WRIGHT,Winger,Brumbies,186,100,1997.07.21,,,,,A,0,https://all.rugby/player/tom-wright,,Brumbies (2018 - 2026),Australia,Australia,https://all.rugby/player/tom-wright,Brumbies (2018 - 2026)
Apolosi RANAWAI,Apolosi RANAWAI,PR,Waratahs,183,135,1994.04.16,,,,,A,0,https://all.rugby/player/apolosi-ranawai,,Northern Suburbs RFC (2024 - 2025) -> New South Wales Waratahs (2025 - 2026),,,https://all.rugby/player/apolosi-ranawai,Northern Suburbs RFC (2024 - 2025) -> New South Wales Waratahs (2025 - 2026)
Daniel BOTHA,Daniel BOTHA,PR,Waratahs,188,120,2001.12.16,,,,,A,0,https://all.rugby/player/daniel-botha,,Sydney University Football Club (2020 - 2022) -> New South Wales Waratahs (2022 - 2026),,,https://all.rugby/player/daniel-botha,Sydney University Football Club (2020 - 2022) -> New South Wales Waratahs (2022 - 2026)
Isaac AEDO KAILEA,Isaac AEDO KAILEA,PR,Waratahs,192,129,2000.07.13,,,,,A,0,https://all.rugby/player/isaac-aedo-kailea,,Université du Queensland (2019 - 2020) -> Melbourne Rebels (2020 - 2024) -> New South Wales Waratahs (2024 - 2026),Australia,Australia,https://all.rugby/player/isaac-aedo-kailea,Université du Queensland (2019 - 2020) -> Melbourne Rebels (2020 - 2024) -> New South Wales Waratahs (2024 - 2026)
Jack BARRETT,Jack BARRETT,PR,Waratahs,185,111,2004..,,,,,A,0,https://all.rugby/player/jack-barrett,,Randwick Rugby (2022 - 2023) -> New South Wales Waratahs (2023 - 2026),,,https://all.rugby/player/jack-barrett,Randwick Rugby (2022 - 2023) -> New South Wales Waratahs (2023 - 2026)
Sifa AMONE,Sifa AMONE,PR,Waratahs,180,125,2002.02.25,,,,,A,0,https://all.rugby/player/sifa-amone,,Associates Rugby Union Football Club (2021 - 2022) -> Western Force (2022 - 2024) -> New South Wales Waratahs (2024 - 2026),,,https://all.rugby/player/sifa-amone,Associates Rugby Union Football Club (2021 - 2022) -> Western Force (2022 - 2024) -> New South Wales Waratahs (2024 - 2026)
Tom LAMBERT,Tom LAMBERT,PR,Waratahs,188,115,2000.11.20,,,,,A,0,https://all.rugby/player/thomas-lambert,,Sydney University Football Club (2019 - 2020) -> Glasgow Warriors (2020 - 2022) -> New South Wales Waratahs (2022 - 2026),,,https://all.rugby/player/thomas-lambert,Sydney University Football Club (2019 - 2020) -> Glasgow Warriors (2020 - 2022) -> New South Wales Waratahs (2022 - 2026)
Will GODDARD,Will GODDARD,PR,Waratahs,183,125,2005..,,,,,A,0,https://all.rugby/player/will-goddard,,New South Wales Waratahs (2023 - 2024) -> Eastwood Rugby Club (2024 - 2025) -> New South Wales Waratahs (2025 - 2026),,,https://all.rugby/player/will-goddard,New South Wales Waratahs (2023 - 2024) -> Eastwood Rugby Club (2024 - 2025) -> New South Wales Waratahs (2025 - 2026)
Ethan DOBBINS,Ethan DOBBINS,HO,Waratahs,181,108,2000.05.03,,,,,A,0,https://all.rugby/player/ethan-dobbins,,West Brisbane Bulldogs (2021 - 2023) -> Melbourne Rebels (2023 - 2024) -> New South Wales Waratahs (2024 - 2026),,,https://all.rugby/player/ethan-dobbins,West Brisbane Bulldogs (2021 - 2023) -> Melbourne Rebels (2023 - 2024) -> New South Wales Waratahs (2024 - 2026)
Folau FAINGA'A,Folau FAINGA'A,HO,Waratahs,178,115,1995.05.05,,,,,A,0,https://all.rugby/player/folau-fainga-a,,Brumbies (2017 - 2022) -> Western Force (2022 - 2023) -> ASM Clermont Auvergne (2023 - 2025) -> New South Wales Waratahs (2025 - 2025) -> ASM Clermont Auvergne (2026 - 2026) -> New South Wales Waratahs (2026 - 2026),Australia,Australia,https://all.rugby/player/folau-fainga-a,Brumbies (2017 - 2022) -> Western Force (2022 - 2023) -> ASM Clermont Auvergne (2023 - 2025) -> New South Wales Waratahs (2025 - 2025) -> ASM Clermont Auvergne (2026 - 2026) -> New South Wales Waratahs (2026 - 2026)
Ioane MOANANU,Ioane MOANANU,HO,Waratahs,173,113,2001.02.08,,,,,A,0,https://all.rugby/player/ioane-moananu,,Counties Manukau Steelers (2021 - 2022) -> Crusaders (2022 - 2022) -> Counties Manukau Steelers (2022 - 2022) -> Crusaders (2023 - 2023) -> Counties Manukau Steelers (2023 - 2023) -> Crusaders (2023 - 2023) -> Counties Manukau Steelers (2023 - 2023) -> Crusaders (2024 - 2024) -> Counties Manukau Steelers (2024 - 2024) -> Crusaders (2024 - 2024) -> Counties Manukau Steelers (2024 - 2024) -> Crusaders (2025 - 2025) -> Counties Manukau Steelers (2025 - 2025) -> New South Wales Waratahs (2025 - 2026),,,https://all.rugby/player/ioane-moananu,Counties Manukau Steelers (2021 - 2022) -> Crusaders (2022 - 2022) -> Counties Manukau Steelers (2022 - 2022) -> Crusaders (2023 - 2023) -> Counties Manukau Steelers (2023 - 2023) -> Crusaders (2023 - 2023) -> Counties Manukau Steelers (2023 - 2023) -> Crusaders (2024 - 2024) -> Counties Manukau Steelers (2024 - 2024) -> Crusaders (2024 - 2024) -> Counties Manukau Steelers (2024 - 2024) -> Crusaders (2025 - 2025) -> Counties Manukau Steelers (2025 - 2025) -> New South Wales Waratahs (2025 - 2026)
Angus BLYTH,Angus BLYTH,LO,Waratahs,204,124,1998.03.04,,,,,A,0,https://all.rugby/player/angus-blyth,,Queensland Reds (2017 - 2025) -> New South Wales Waratahs (2025 - 2026),Australia,Australia,https://all.rugby/player/angus-blyth,Queensland Reds (2017 - 2025) -> New South Wales Waratahs (2025 - 2026)
Ben GRANT,Ben GRANT,LO,Waratahs,204,118,1998.05.18,,,,,A,0,https://all.rugby/player/ben-grant,,Perth Spirit (2016 - 2017) -> Western Force (2018 - 2020) -> Queensland Reds (2020 - 2021) -> San Diego Legion (2021 - 2022) -> North Harbour (2022 - 2022) -> San Diego Legion (2023 - 2023) -> North Harbour (2023 - 2023) -> Hurricanes (2023 - 2023) -> North Harbour (2023 - 2023) -> Hurricanes (2024 - 2024) -> North Harbour (2024 - 2024) -> New South Wales Waratahs (2024 - 2026),,,https://all.rugby/player/ben-grant,Perth Spirit (2016 - 2017) -> Western Force (2018 - 2020) -> Queensland Reds (2020 - 2021) -> San Diego Legion (2021 - 2022) -> North Harbour (2022 - 2022) -> San Diego Legion (2023 - 2023) -> North Harbour (2023 - 2023) -> Hurricanes (2023 - 2023) -> North Harbour (2023 - 2023) -> Hurricanes (2024 - 2024) -> North Harbour (2024 - 2024) -> New South Wales Waratahs (2024 - 2026)
Clem HALAHOLO,Clem HALAHOLO,LO,Waratahs,193,104,2003.09.22,,,,,A,0,https://all.rugby/player/clem-halaholo,,Sydney University Football Club (2023 - 2024) -> New South Wales Waratahs (2024 - 2026),,,https://all.rugby/player/clem-halaholo,Sydney University Football Club (2023 - 2024) -> New South Wales Waratahs (2024 - 2026)
Eamon DOYLE,Eamon DOYLE,LO,Waratahs,198,112,2005..,,,,,A,0,https://all.rugby/player/eamon-doyle,,New South Wales Waratahs (2023 - 2026),,,https://all.rugby/player/eamon-doyle,New South Wales Waratahs (2023 - 2026)
Matt PHILIP,Matt PHILIP,LO,Waratahs,199,115,1994.03.07,,,,,A,0,https://all.rugby/player/matt-philip,,Western Force (2015 - 2017) -> Melbourne Rebels (2017 - 2020) -> Section Paloise Béarn Pyrénées (2020 - 2021) -> Melbourne Rebels (2021 - 2023) -> Yokohama Canon Eagles (2023 - 2025) -> New South Wales Waratahs (2025 - 2026),Australia,Australia,https://all.rugby/player/matt-philip,Western Force (2015 - 2017) -> Melbourne Rebels (2017 - 2020) -> Section Paloise Béarn Pyrénées (2020 - 2021) -> Melbourne Rebels (2021 - 2023) -> Yokohama Canon Eagles (2023 - 2025) -> New South Wales Waratahs (2025 - 2026)
Miles AMATOSERO,Miles AMATOSERO,LO,Waratahs,202,125,2002.06.15,,,,,A,0,https://all.rugby/player/miles-amatosero,,club inconnu (2019 - 2020) -> ASM Clermont Auvergne (2020 - 2023) -> New South Wales Waratahs (2023 - 2023) -> ASM Clermont Auvergne (2024 - 2024) -> New South Wales Waratahs (2024 - 2026),,,https://all.rugby/player/miles-amatosero,club inconnu (2019 - 2020) -> ASM Clermont Auvergne (2020 - 2023) -> New South Wales Waratahs (2023 - 2023) -> ASM Clermont Auvergne (2024 - 2024) -> New South Wales Waratahs (2024 - 2026)
Angus SCOTT-YOUNG,Angus SCOTT-YOUNG,Back row,Waratahs,194,108,1997.04.23,,,,,A,0,https://all.rugby/player/angus-scott-young,,Queensland Reds (2017 - 2020) -> Bay of Plenty Steamers (2020 - 2020) -> Queensland Reds (2021 - 2021) -> Bay of Plenty Steamers (2021 - 2021) -> Queensland Reds (2021 - 2022) -> Northampton Saints (2022 - 2025) -> New South Wales Waratahs (2025 - 2025) -> Northampton Saints (2026 - 2026) -> New South Wales Waratahs (2026 - 2026),,,https://all.rugby/player/angus-scott-young,Queensland Reds (2017 - 2020) -> Bay of Plenty Steamers (2020 - 2020) -> Queensland Reds (2021 - 2021) -> Bay of Plenty Steamers (2021 - 2021) -> Queensland Reds (2021 - 2022) -> Northampton Saints (2022 - 2025) -> New South Wales Waratahs (2025 - 2025) -> Northampton Saints (2026 - 2026) -> New South Wales Waratahs (2026 - 2026)
Austin DURBIDGE,Austin DURBIDGE,Back row,Waratahs,184,98,2005..,,,,,A,0,https://all.rugby/player/austin-durbidge,,New South Wales Waratahs (2023 - 2024) -> Sydney University Football Club (2024 - 2025) -> New South Wales Waratahs (2025 - 2026),,,https://all.rugby/player/austin-durbidge,New South Wales Waratahs (2023 - 2024) -> Sydney University Football Club (2024 - 2025) -> New South Wales Waratahs (2025 - 2026)
Charlie GAMBLE,Charlie GAMBLE,Back row,Waratahs,185,107,1996.04.25,,,,,A,0,https://all.rugby/player/charlie-gamble,,Sydney (2018 - 2019) -> New South Wales Waratahs (2019 - 2020) -> Northern Suburbs RFC (2020 - 2020) -> New South Wales Waratahs (2021 - 2021) -> Northern Suburbs RFC (2021 - 2021) -> New South Wales Waratahs (2021 - 2026),,,https://all.rugby/player/charlie-gamble,Sydney (2018 - 2019) -> New South Wales Waratahs (2019 - 2020) -> Northern Suburbs RFC (2020 - 2020) -> New South Wales Waratahs (2021 - 2021) -> Northern Suburbs RFC (2021 - 2021) -> New South Wales Waratahs (2021 - 2026)
Jamie ADAMSON,Jamie ADAMSON,Back row,Waratahs,188,95,1999.11.09,,,,,A,0,https://all.rugby/player/jamie-adamson,,Angleterre 7's (2019 - 2023) -> Easts Rugby Union Club (2023 - 2024) -> New South Wales Waratahs (2024 - 2026),,,https://all.rugby/player/jamie-adamson,Angleterre 7's (2019 - 2023) -> Easts Rugby Union Club (2023 - 2024) -> New South Wales Waratahs (2024 - 2026)
Lachlan HOOPER,Lachlan HOOPER,Back row,Waratahs,195,101,2004.02.19,,,,,A,0,https://all.rugby/player/lachlan-hooper,,Canberra Vikings (2022 - 2023) -> Brumbies (2023 - 2024) -> Northland Taniwha (2024 - 2024) -> Brumbies (2025 - 2025) -> Northland Taniwha (2025 - 2025) -> New South Wales Waratahs (2025 - 2026),,,https://all.rugby/player/lachlan-hooper,Canberra Vikings (2022 - 2023) -> Brumbies (2023 - 2024) -> Northland Taniwha (2024 - 2024) -> Brumbies (2025 - 2025) -> Northland Taniwha (2025 - 2025) -> New South Wales Waratahs (2025 - 2026)
Leafi TALATAINA,Leafi TALATAINA,Back row,Waratahs,196,112,2004.01.18,,,,,A,0,https://all.rugby/player/leafi-talataina,,Melbourne Rebels (2021 - 2022) -> Endeavour Hills RUFC (2022 - 2023) -> Sydney University Football Club (2023 - 2024) -> New South Wales Waratahs (2024 - 2026),,,https://all.rugby/player/leafi-talataina,Melbourne Rebels (2021 - 2022) -> Endeavour Hills RUFC (2022 - 2023) -> Sydney University Football Club (2023 - 2024) -> New South Wales Waratahs (2024 - 2026)
Pete SAMU,Pete SAMU,Back row,Waratahs,185,102,1991.12.17,,,,,A,0,https://all.rugby/player/pete-samu,,Crusaders (2015 - 2018) -> Brumbies (2018 - 2023) -> Union Bordeaux-Bègles (2023 - 2025) -> New South Wales Waratahs (2025 - 2026),Australia,Australia,https://all.rugby/player/pete-samu,Crusaders (2015 - 2018) -> Brumbies (2018 - 2023) -> Union Bordeaux-Bègles (2023 - 2025) -> New South Wales Waratahs (2025 - 2026)
Jake GORDON,Jake GORDON,SH,Waratahs,186,91,1993.07.06,,,,,A,0,https://all.rugby/player/jake-gordon,,New South Wales Waratahs (2016 - 2026),Australia,Australia,https://all.rugby/player/jake-gordon,New South Wales Waratahs (2016 - 2026)
Michael MCDONALD,Michael MCDONALD,SH,Waratahs,178,85,1999.06.24,,,,,A,0,https://all.rugby/player/michael-mcdonald,,Sydney (2018 - 2019) -> New South Wales Waratahs (2019 - 2020) -> Western Force (2020 - 2022) -> Ulster Rugby (2022 - 2023) -> Connacht Rugby (2023 - 2024) -> Ulster Rugby (2024 - 2025) -> New South Wales Waratahs (2025 - 2026),,,https://all.rugby/player/michael-mcdonald,Sydney (2018 - 2019) -> New South Wales Waratahs (2019 - 2020) -> Western Force (2020 - 2022) -> Ulster Rugby (2022 - 2023) -> Connacht Rugby (2023 - 2024) -> Ulster Rugby (2024 - 2025) -> New South Wales Waratahs (2025 - 2026)
Teddy WILSON,Teddy WILSON,SH,Waratahs,182,85,2003.02.25,,,,,A,0,https://all.rugby/player/teddy-wilson,,Eastern Suburbs RFC (2020 - 2021) -> New South Wales Waratahs (2021 - 2026),,,https://all.rugby/player/teddy-wilson,Eastern Suburbs RFC (2020 - 2021) -> New South Wales Waratahs (2021 - 2026)
Jack BOWEN,Jack BOWEN,SO,Waratahs,178,90,2003.12.30,,,,,A,0,https://all.rugby/player/jack-bowen,,Eastern Suburbs RFC (2021 - 2022) -> New South Wales Waratahs (2022 - 2026),,,https://all.rugby/player/jack-bowen,Eastern Suburbs RFC (2021 - 2022) -> New South Wales Waratahs (2022 - 2026)
Jack DEBRECZENI,Jack DEBRECZENI,SO,Waratahs,192,102,1993.06.06,,,,,A,0,https://all.rugby/player/jack-debreczeni,,Melbourne Rebels (2013 - 2018) -> Chiefs (2018 - 2018) -> Northland Taniwha (2018 - 2018) -> Chiefs (2019 - 2019) -> Northland Taniwha (2019 - 2019) -> Hino Red Dolphins (2019 - 2020) -> Canterbury (2020 - 2020) -> Hino Red Dolphins (2020 - 2020) -> Canterbury (2021 - 2021) -> Hino Red Dolphins (2021 - 2021) -> West Harbour RFC (2021 - 2021) -> Hino Red Dolphins (2022 - 2022) -> West Harbour RFC (2022 - 2022) -> Brumbies (2022 - 2025) -> New South Wales Waratahs (2025 - 2026),,,https://all.rugby/player/jack-debreczeni,Melbourne Rebels (2013 - 2018) -> Chiefs (2018 - 2018) -> Northland Taniwha (2018 - 2018) -> Chiefs (2019 - 2019) -> Northland Taniwha (2019 - 2019) -> Hino Red Dolphins (2019 - 2020) -> Canterbury (2020 - 2020) -> Hino Red Dolphins (2020 - 2020) -> Canterbury (2021 - 2021) -> Hino Red Dolphins (2021 - 2021) -> West Harbour RFC (2021 - 2021) -> Hino Red Dolphins (2022 - 2022) -> West Harbour RFC (2022 - 2022) -> Brumbies (2022 - 2025) -> New South Wales Waratahs (2025 - 2026)
Lawson CREIGHTON,Lawson CREIGHTON,SO,Waratahs,185,90,1998.07.21,,,,,A,0,https://all.rugby/player/lawson-creighton,,Brisbane City (2017 - 2019) -> Brothers Rugby Club (2019 - 2020) -> Queensland Reds (2020 - 2024) -> New South Wales Waratahs (2024 - 2026),,,https://all.rugby/player/lawson-creighton,Brisbane City (2017 - 2019) -> Brothers Rugby Club (2019 - 2020) -> Queensland Reds (2020 - 2024) -> New South Wales Waratahs (2024 - 2026)
George POOLMAN,George POOLMAN,CTB,Waratahs,195,102,2002.09.06,,,,,A,0,https://all.rugby/player/george-poolman,,Sydney University Football Club (2021 - 2022) -> Western Force (2022 - 2025) -> New South Wales Waratahs (2025 - 2026),,,https://all.rugby/player/george-poolman,Sydney University Football Club (2021 - 2022) -> Western Force (2022 - 2025) -> New South Wales Waratahs (2025 - 2026)
Joey WALTON,Joey WALTON,CTB,Waratahs,185,97,2000.05.27,,,,,A,0,https://all.rugby/player/joey-walton,,New South Wales Country Eagles (2018 - 2019) -> New South Wales Waratahs (2019 - 2021) -> Bay of Plenty Steamers (2021 - 2021) -> New South Wales Waratahs (2022 - 2022) -> Bay of Plenty Steamers (2022 - 2022) -> New South Wales Waratahs (2022 - 2026),,,https://all.rugby/player/joey-walton,New South Wales Country Eagles (2018 - 2019) -> New South Wales Waratahs (2019 - 2021) -> Bay of Plenty Steamers (2021 - 2021) -> New South Wales Waratahs (2022 - 2022) -> Bay of Plenty Steamers (2022 - 2022) -> New South Wales Waratahs (2022 - 2026)
Joseph SUA'ALI'I,Joseph SUA'ALI'I,CTB,Waratahs,196,98,2003.08.01,,,,,A,0,https://all.rugby/player/joseph-sua-ali-i,,Sydney Roosters (2020 - 2024) -> New South Wales Waratahs (2024 - 2026),Australia,Australia,https://all.rugby/player/joseph-sua-ali-i,Sydney Roosters (2020 - 2024) -> New South Wales Waratahs (2024 - 2026)
Andrew KELLAWAY,Andrew KELLAWAY,Winger,Waratahs,183,94,1995.10.12,,,,,A,0,https://all.rugby/player/andrew-kellaway,,New South Wales Waratahs (2015 - 2018) -> Northampton Saints (2018 - 2018) -> Counties Manukau Steelers (2018 - 2018) -> Northampton Saints (2019 - 2019) -> Counties Manukau Steelers (2019 - 2019) -> Melbourne Rebels (2019 - 2020) -> Green Rockets Tokatsu (2020 - 2020) -> Melbourne Rebels (2020 - 2020) -> Green Rockets Tokatsu (2021 - 2021) -> Melbourne Rebels (2021 - 2024) -> New South Wales Waratahs (2024 - 2026),Australia,Australia,https://all.rugby/player/andrew-kellaway,New South Wales Waratahs (2015 - 2018) -> Northampton Saints (2018 - 2018) -> Counties Manukau Steelers (2018 - 2018) -> Northampton Saints (2019 - 2019) -> Counties Manukau Steelers (2019 - 2019) -> Melbourne Rebels (2019 - 2020) -> Green Rockets Tokatsu (2020 - 2020) -> Melbourne Rebels (2020 - 2020) -> Green Rockets Tokatsu (2021 - 2021) -> Melbourne Rebels (2021 - 2024) -> New South Wales Waratahs (2024 - 2026)
Archie SAUNDERS,Archie SAUNDERS,Winger,Waratahs,192,98,2004.01.30,,,,,A,0,https://all.rugby/player/archie-saunders,,New South Wales Waratahs (2023 - 2026),,,https://all.rugby/player/archie-saunders,New South Wales Waratahs (2023 - 2026)
Harry POTTER,Harry POTTER,Winger,Waratahs,186,96,1997.12.15,,,,,A,0,https://all.rugby/player/harry-potter,,Melbourne Rising (2018 - 2019) -> Melbourne Rebels (2019 - 2019) -> Leicester Tigers (2019 - 2019) -> Melbourne Rebels (2020 - 2020) -> Leicester Tigers (2020 - 2023) -> Western Force (2023 - 2025) -> New South Wales Waratahs (2025 - 2026),,,https://all.rugby/player/harry-potter,Melbourne Rising (2018 - 2019) -> Melbourne Rebels (2019 - 2019) -> Leicester Tigers (2019 - 2019) -> Melbourne Rebels (2020 - 2020) -> Leicester Tigers (2020 - 2023) -> Western Force (2023 - 2025) -> New South Wales Waratahs (2025 - 2026)
Leo JAQUES,Leo JAQUES,Winger,Waratahs,192,97,2006..,,,,,A,0,https://all.rugby/player/leo-jaques,,Eastern Suburbs RFC (2024 - 2025) -> New South Wales Waratahs (2025 - 2026),,,https://all.rugby/player/leo-jaques,Eastern Suburbs RFC (2024 - 2025) -> New South Wales Waratahs (2025 - 2026)
Triston REILLY,Triston REILLY,Winger,Waratahs,182,95,1999.01.14,,,,,A,0,https://all.rugby/player/triston-reilly,,Sydney (2018 - 2019) -> New South Wales Waratahs (2019 - 2022) -> Wests Tigers (2022 - 2023) -> New South Wales Waratahs (2023 - 2026),,,https://all.rugby/player/triston-reilly,Sydney (2018 - 2019) -> New South Wales Waratahs (2019 - 2022) -> Wests Tigers (2022 - 2023) -> New South Wales Waratahs (2023 - 2026)
James HENDREN,James HENDREN,FB,Waratahs,189,94,2003.01.22,,,,,A,0,https://all.rugby/player/james-hendren,,Randwick Rugby (2021 - 2024) -> New South Wales Waratahs (2024 - 2026),,,https://all.rugby/player/james-hendren,Randwick Rugby (2021 - 2024) -> New South Wales Waratahs (2024 - 2026)
Max JORGENSEN,Max JORGENSEN,FB,Waratahs,181,88,2004..,,,,,A,0,https://all.rugby/player/max-jorgensen,,New South Wales Waratahs (2021 - 2026),Australia,Australia,https://all.rugby/player/max-jorgensen,New South Wales Waratahs (2021 - 2026)
Sid HARVEY,Sid HARVEY,FB,Waratahs,190,91,2005..,,,,,A,0,https://all.rugby/player/sid-harvey,,Aussie 7's (2024 - 2025) -> New South Wales Waratahs (2025 - 2026),,,https://all.rugby/player/sid-harvey,Aussie 7's (2024 - 2025) -> New South Wales Waratahs (2025 - 2026)
Angus GROVER,Angus GROVER,SH,Waratahs,,,,,,,,A,0,https://all.rugby/player/angus-grover,,Saint Ignatius' College Riverview (2024 - 2025) -> New South Wales Waratahs (2025 - 2026),,,https://all.rugby/player/angus-grover,Saint Ignatius' College Riverview (2024 - 2025) -> New South Wales Waratahs (2025 - 2026)
Benet KUMEROA,Benet KUMEROA,PR,Chiefs,184,119,2000.06.25,,,,,A,0,https://all.rugby/player/benet-kumeroa,,Bay of Plenty Steamers (2020 - 2025) -> Chiefs (2025 - 2026),,,https://all.rugby/player/benet-kumeroa,Bay of Plenty Steamers (2020 - 2025) -> Chiefs (2025 - 2026)
George DYER,George DYER,PR,Chiefs,188,118,1999.10.22,,,,,A,0,https://all.rugby/player/george-dyer,,Waikato Mooloos (2019 - 2021) -> Chiefs (2021 - 2021) -> Waikato Mooloos (2021 - 2021) -> Chiefs (2022 - 2022) -> Waikato Mooloos (2022 - 2022) -> Chiefs (2022 - 2022) -> Waikato Mooloos (2022 - 2022) -> Chiefs (2023 - 2023) -> Waikato Mooloos (2023 - 2023) -> Chiefs (2023 - 2023) -> Waikato Mooloos (2023 - 2023) -> Chiefs (2024 - 2024) -> Waikato Mooloos (2024 - 2024) -> Chiefs (2024 - 2024) -> Waikato Mooloos (2024 - 2024) -> Chiefs (2025 - 2025) -> Waikato Mooloos (2025 - 2025) -> Chiefs (2025 - 2026),,,https://all.rugby/player/george-dyer,Waikato Mooloos (2019 - 2021) -> Chiefs (2021 - 2021) -> Waikato Mooloos (2021 - 2021) -> Chiefs (2022 - 2022) -> Waikato Mooloos (2022 - 2022) -> Chiefs (2022 - 2022) -> Waikato Mooloos (2022 - 2022) -> Chiefs (2023 - 2023) -> Waikato Mooloos (2023 - 2023) -> Chiefs (2023 - 2023) -> Waikato Mooloos (2023 - 2023) -> Chiefs (2024 - 2024) -> Waikato Mooloos (2024 - 2024) -> Chiefs (2024 - 2024) -> Waikato Mooloos (2024 - 2024) -> Chiefs (2025 - 2025) -> Waikato Mooloos (2025 - 2025) -> Chiefs (2025 - 2026)
Jared PROFFIT,Jared PROFFIT,PR,Chiefs,186,113,1993.09.14,,,,,A,0,https://all.rugby/player/jared-proffit,,Taranaki Bulls (2015 - 2021) -> Hurricanes (2021 - 2021) -> Taranaki Bulls (2021 - 2021) -> Hurricanes (2022 - 2022) -> Taranaki Bulls (2022 - 2022) -> Chiefs (2022 - 2022) -> Taranaki Bulls (2022 - 2022) -> Chiefs (2023 - 2023) -> Taranaki Bulls (2023 - 2023) -> Chiefs (2023 - 2023) -> Taranaki Bulls (2023 - 2023) -> Chiefs (2024 - 2024) -> Taranaki Bulls (2024 - 2024) -> Chiefs (2024 - 2024) -> Taranaki Bulls (2024 - 2024) -> Chiefs (2025 - 2025) -> Taranaki Bulls (2025 - 2025) -> Chiefs (2025 - 2026),,,https://all.rugby/player/jared-proffit,Taranaki Bulls (2015 - 2021) -> Hurricanes (2021 - 2021) -> Taranaki Bulls (2021 - 2021) -> Hurricanes (2022 - 2022) -> Taranaki Bulls (2022 - 2022) -> Chiefs (2022 - 2022) -> Taranaki Bulls (2022 - 2022) -> Chiefs (2023 - 2023) -> Taranaki Bulls (2023 - 2023) -> Chiefs (2023 - 2023) -> Taranaki Bulls (2023 - 2023) -> Chiefs (2024 - 2024) -> Taranaki Bulls (2024 - 2024) -> Chiefs (2024 - 2024) -> Taranaki Bulls (2024 - 2024) -> Chiefs (2025 - 2025) -> Taranaki Bulls (2025 - 2025) -> Chiefs (2025 - 2026)
Ollie NORRIS,Ollie NORRIS,PR,Chiefs,194,122,1999.12.11,,,,,A,0,https://all.rugby/player/ollie-norris,,Waikato Mooloos (2018 - 2019) -> Chiefs (2019 - 2019) -> Waikato Mooloos (2019 - 2019) -> Chiefs (2020 - 2020) -> Waikato Mooloos (2020 - 2020) -> Chiefs (2020 - 2020) -> Waikato Mooloos (2020 - 2020) -> Chiefs (2021 - 2021) -> Waikato Mooloos (2021 - 2021) -> Chiefs (2021 - 2021) -> Waikato Mooloos (2021 - 2021) -> Chiefs (2022 - 2022) -> Waikato Mooloos (2022 - 2022) -> Chiefs (2022 - 2022) -> Waikato Mooloos (2022 - 2022) -> Chiefs (2023 - 2023) -> Waikato Mooloos (2023 - 2023) -> Chiefs (2023 - 2023) -> Waikato Mooloos (2023 - 2023) -> Chiefs (2024 - 2024) -> Waikato Mooloos (2024 - 2024) -> Chiefs (2024 - 2024) -> Waikato Mooloos (2024 - 2024) -> Chiefs (2025 - 2025) -> Waikato Mooloos (2025 - 2025) -> Chiefs (2025 - 2026),Australia,Australia,https://all.rugby/player/ollie-norris,Waikato Mooloos (2018 - 2019) -> Chiefs (2019 - 2019) -> Waikato Mooloos (2019 - 2019) -> Chiefs (2020 - 2020) -> Waikato Mooloos (2020 - 2020) -> Chiefs (2020 - 2020) -> Waikato Mooloos (2020 - 2020) -> Chiefs (2021 - 2021) -> Waikato Mooloos (2021 - 2021) -> Chiefs (2021 - 2021) -> Waikato Mooloos (2021 - 2021) -> Chiefs (2022 - 2022) -> Waikato Mooloos (2022 - 2022) -> Chiefs (2022 - 2022) -> Waikato Mooloos (2022 - 2022) -> Chiefs (2023 - 2023) -> Waikato Mooloos (2023 - 2023) -> Chiefs (2023 - 2023) -> Waikato Mooloos (2023 - 2023) -> Chiefs (2024 - 2024) -> Waikato Mooloos (2024 - 2024) -> Chiefs (2024 - 2024) -> Waikato Mooloos (2024 - 2024) -> Chiefs (2025 - 2025) -> Waikato Mooloos (2025 - 2025) -> Chiefs (2025 - 2026)
Reuben O'NEILL,Reuben O'NEILL,PR,Chiefs,183,117,1995.02.17,,,,,A,0,https://all.rugby/player/reuben-o-neill,,Taranaki Bulls (2014 - 2018) -> Chiefs (2018 - 2019) -> Taranaki Bulls (2019 - 2019) -> Chiefs (2020 - 2020) -> Taranaki Bulls (2020 - 2020) -> Chiefs (2020 - 2020) -> Taranaki Bulls (2020 - 2020) -> Chiefs (2021 - 2021) -> Taranaki Bulls (2021 - 2021) -> Chiefs (2021 - 2021) -> Taranaki Bulls (2021 - 2021) -> Chiefs (2022 - 2022) -> Taranaki Bulls (2022 - 2022) -> Crusaders (2022 - 2022) -> Taranaki Bulls (2022 - 2022) -> Crusaders (2023 - 2023) -> Taranaki Bulls (2023 - 2023) -> Chiefs (2023 - 2023) -> Taranaki Bulls (2023 - 2023) -> Chiefs (2024 - 2024) -> Taranaki Bulls (2024 - 2024) -> Chiefs (2024 - 2024) -> Taranaki Bulls (2024 - 2024) -> Chiefs (2025 - 2025) -> Taranaki Bulls (2025 - 2025) -> Chiefs (2025 - 2026),,,https://all.rugby/player/reuben-o-neill,Taranaki Bulls (2014 - 2018) -> Chiefs (2018 - 2019) -> Taranaki Bulls (2019 - 2019) -> Chiefs (2020 - 2020) -> Taranaki Bulls (2020 - 2020) -> Chiefs (2020 - 2020) -> Taranaki Bulls (2020 - 2020) -> Chiefs (2021 - 2021) -> Taranaki Bulls (2021 - 2021) -> Chiefs (2021 - 2021) -> Taranaki Bulls (2021 - 2021) -> Chiefs (2022 - 2022) -> Taranaki Bulls (2022 - 2022) -> Crusaders (2022 - 2022) -> Taranaki Bulls (2022 - 2022) -> Crusaders (2023 - 2023) -> Taranaki Bulls (2023 - 2023) -> Chiefs (2023 - 2023) -> Taranaki Bulls (2023 - 2023) -> Chiefs (2024 - 2024) -> Taranaki Bulls (2024 - 2024) -> Chiefs (2024 - 2024) -> Taranaki Bulls (2024 - 2024) -> Chiefs (2025 - 2025) -> Taranaki Bulls (2025 - 2025) -> Chiefs (2025 - 2026)
Sione AHIO,Sione AHIO,PR,Chiefs,185,121,2001.01.29,,,,,A,0,https://all.rugby/player/sione-ahio,,Auckland (2020 - 2023) -> Chiefs (2023 - 2023) -> Auckland (2023 - 2023) -> Chiefs (2024 - 2024) -> Auckland (2024 - 2024) -> Chiefs (2024 - 2026),,,https://all.rugby/player/sione-ahio,Auckland (2020 - 2023) -> Chiefs (2023 - 2023) -> Auckland (2023 - 2023) -> Chiefs (2024 - 2024) -> Auckland (2024 - 2024) -> Chiefs (2024 - 2026)
Brodie MCALISTER,Brodie MCALISTER,HO,Chiefs,182,112,1997.06.17,,,,,A,0,https://all.rugby/player/brodie-mcalister,,Crusaders (2018 - 2019) -> Canterbury (2019 - 2019) -> Crusaders (2020 - 2020) -> Canterbury (2020 - 2020) -> Crusaders (2020 - 2020) -> Canterbury (2020 - 2020) -> Crusaders (2021 - 2021) -> Canterbury (2021 - 2021) -> Crusaders (2021 - 2021) -> Canterbury (2021 - 2021) -> Crusaders (2022 - 2022) -> Canterbury (2022 - 2022) -> Crusaders (2022 - 2023) -> Canterbury (2023 - 2023) -> Crusaders (2024 - 2024) -> Canterbury (2024 - 2024) -> Chiefs (2024 - 2024) -> Canterbury (2024 - 2024) -> Chiefs (2025 - 2025) -> Canterbury (2025 - 2025) -> Chiefs (2025 - 2026),,,https://all.rugby/player/brodie-mcalister,Crusaders (2018 - 2019) -> Canterbury (2019 - 2019) -> Crusaders (2020 - 2020) -> Canterbury (2020 - 2020) -> Crusaders (2020 - 2020) -> Canterbury (2020 - 2020) -> Crusaders (2021 - 2021) -> Canterbury (2021 - 2021) -> Crusaders (2021 - 2021) -> Canterbury (2021 - 2021) -> Crusaders (2022 - 2022) -> Canterbury (2022 - 2022) -> Crusaders (2022 - 2023) -> Canterbury (2023 - 2023) -> Crusaders (2024 - 2024) -> Canterbury (2024 - 2024) -> Chiefs (2024 - 2024) -> Canterbury (2024 - 2024) -> Chiefs (2025 - 2025) -> Canterbury (2025 - 2025) -> Chiefs (2025 - 2026)
Samisoni TAUKEI'AHO,Samisoni TAUKEI'AHO,HO,Chiefs,183,118,1997.08.08,,,,,A,0,https://all.rugby/player/samisoni-taukei-aho,,Chiefs (2016 - 2019) -> Waikato Mooloos (2019 - 2019) -> Chiefs (2020 - 2020) -> Waikato Mooloos (2020 - 2020) -> Chiefs (2020 - 2026),Tonga,Tonga,https://all.rugby/player/samisoni-taukei-aho,Chiefs (2016 - 2019) -> Waikato Mooloos (2019 - 2019) -> Chiefs (2020 - 2020) -> Waikato Mooloos (2020 - 2020) -> Chiefs (2020 - 2026)
Taine KOLOSE,Taine KOLOSE,HO,Chiefs,187,120,2003.02.25,,,,,A,0,https://all.rugby/player/taine-kolose,,Bay of Plenty Steamers (2022 - 2025) -> Chiefs (2025 - 2026),,,https://all.rugby/player/taine-kolose,Bay of Plenty Steamers (2022 - 2025) -> Chiefs (2025 - 2026)
Tyrone THOMPSON,Tyrone THOMPSON,HO,Chiefs,186,111,2000.05.28,,,,,A,0,https://all.rugby/player/tyrone-thompson,,Wellington Lions (2019 - 2021) -> Chiefs (2021 - 2021) -> Hawke's Bay Magpies (2021 - 2021) -> Chiefs (2022 - 2022) -> Hawke's Bay Magpies (2022 - 2022) -> Chiefs (2022 - 2022) -> Hawke's Bay Magpies (2022 - 2022) -> Chiefs (2023 - 2023) -> Hawke's Bay Magpies (2023 - 2023) -> Chiefs (2023 - 2023) -> Hawke's Bay Magpies (2023 - 2023) -> Chiefs (2024 - 2024) -> Hawke's Bay Magpies (2024 - 2024) -> Newcastle Knights (2024 - 2025) -> Chiefs (2025 - 2026),,,https://all.rugby/player/tyrone-thompson,Wellington Lions (2019 - 2021) -> Chiefs (2021 - 2021) -> Hawke's Bay Magpies (2021 - 2021) -> Chiefs (2022 - 2022) -> Hawke's Bay Magpies (2022 - 2022) -> Chiefs (2022 - 2022) -> Hawke's Bay Magpies (2022 - 2022) -> Chiefs (2023 - 2023) -> Hawke's Bay Magpies (2023 - 2023) -> Chiefs (2023 - 2023) -> Hawke's Bay Magpies (2023 - 2023) -> Chiefs (2024 - 2024) -> Hawke's Bay Magpies (2024 - 2024) -> Newcastle Knights (2024 - 2025) -> Chiefs (2025 - 2026)
Aisake VAKASIUOLA,Aisake VAKASIUOLA,LO,Chiefs,197,122,2005..,,,,,A,0,https://all.rugby/player/aisake-vakasiuola,,Bay of Plenty Steamers (2023 - 2024) -> Chiefs (2024 - 2024) -> Bay of Plenty Steamers (2024 - 2024) -> Chiefs (2025 - 2025) -> Bay of Plenty Steamers (2025 - 2025) -> Chiefs (2025 - 2026),,,https://all.rugby/player/aisake-vakasiuola,Bay of Plenty Steamers (2023 - 2024) -> Chiefs (2024 - 2024) -> Bay of Plenty Steamers (2024 - 2024) -> Chiefs (2025 - 2025) -> Bay of Plenty Steamers (2025 - 2025) -> Chiefs (2025 - 2026)
Fiti SA,Fiti SA,LO,Chiefs,202,125,2003.04.04,,,,,A,0,https://all.rugby/player/fiti-sa,,Taranaki Bulls (2022 - 2024) -> Chiefs (2024 - 2024) -> Taranaki Bulls (2024 - 2024) -> Chiefs (2025 - 2025) -> Taranaki Bulls (2025 - 2025) -> Chiefs (2025 - 2026),,,https://all.rugby/player/fiti-sa,Taranaki Bulls (2022 - 2024) -> Chiefs (2024 - 2024) -> Taranaki Bulls (2024 - 2024) -> Chiefs (2025 - 2025) -> Taranaki Bulls (2025 - 2025) -> Chiefs (2025 - 2026)
Jayden SA,Jayden SA,LO,Chiefs,196,117,2005..,,,,,A,0,https://all.rugby/player/jayden-sa,,Crusaders (2023 - 2023) -> Taranaki Bulls (2023 - 2023) -> Crusaders (2024 - 2024) -> Taranaki Bulls (2024 - 2024) -> Chiefs (2024 - 2024) -> Taranaki Bulls (2024 - 2024) -> Chiefs (2025 - 2025) -> Taranaki Bulls (2025 - 2025) -> Chiefs (2025 - 2026),,,https://all.rugby/player/jayden-sa,Crusaders (2023 - 2023) -> Taranaki Bulls (2023 - 2023) -> Crusaders (2024 - 2024) -> Taranaki Bulls (2024 - 2024) -> Chiefs (2024 - 2024) -> Taranaki Bulls (2024 - 2024) -> Chiefs (2025 - 2025) -> Taranaki Bulls (2025 - 2025) -> Chiefs (2025 - 2026)
Josh LORD,Josh LORD,LO,Chiefs,202,113,2001.01.17,,,,,A,0,https://all.rugby/player/josh-lord,,Taranaki Bulls (2018 - 2020) -> Chiefs (2020 - 2020) -> Taranaki Bulls (2020 - 2020) -> Chiefs (2021 - 2021) -> Taranaki Bulls (2021 - 2021) -> Chiefs (2021 - 2022) -> Taranaki Bulls (2022 - 2022) -> Chiefs (2023 - 2023) -> Taranaki Bulls (2023 - 2023) -> Chiefs (2023 - 2023) -> Taranaki Bulls (2023 - 2023) -> Chiefs (2024 - 2024) -> Taranaki Bulls (2024 - 2024) -> Chiefs (2024 - 2024) -> Taranaki Bulls (2024 - 2024) -> Chiefs (2025 - 2025) -> Taranaki Bulls (2025 - 2025) -> Chiefs (2025 - 2026),,,https://all.rugby/player/josh-lord,Taranaki Bulls (2018 - 2020) -> Chiefs (2020 - 2020) -> Taranaki Bulls (2020 - 2020) -> Chiefs (2021 - 2021) -> Taranaki Bulls (2021 - 2021) -> Chiefs (2021 - 2022) -> Taranaki Bulls (2022 - 2022) -> Chiefs (2023 - 2023) -> Taranaki Bulls (2023 - 2023) -> Chiefs (2023 - 2023) -> Taranaki Bulls (2023 - 2023) -> Chiefs (2024 - 2024) -> Taranaki Bulls (2024 - 2024) -> Chiefs (2024 - 2024) -> Taranaki Bulls (2024 - 2024) -> Chiefs (2025 - 2025) -> Taranaki Bulls (2025 - 2025) -> Chiefs (2025 - 2026)
Naitoa AH KUOI,Naitoa AH KUOI,LO,Chiefs,196,116,1999.10.07,,,,,A,0,https://all.rugby/player/naitoa-ah-kuoi,,Wellington Lions (2018 - 2019) -> Chiefs (2019 - 2019) -> Wellington Lions (2019 - 2019) -> Chiefs (2020 - 2020) -> Wellington Lions (2020 - 2020) -> Chiefs (2020 - 2021) -> Bay of Plenty Steamers (2021 - 2021) -> Chiefs (2022 - 2022) -> Bay of Plenty Steamers (2022 - 2022) -> Chiefs (2022 - 2022) -> Bay of Plenty Steamers (2022 - 2022) -> Chiefs (2023 - 2023) -> Bay of Plenty Steamers (2023 - 2023) -> Chiefs (2023 - 2023) -> Bay of Plenty Steamers (2023 - 2023) -> Chiefs (2024 - 2024) -> Bay of Plenty Steamers (2024 - 2024) -> Chiefs (2024 - 2024) -> Bay of Plenty Steamers (2024 - 2024) -> Chiefs (2025 - 2025) -> Bay of Plenty Steamers (2025 - 2025) -> Chiefs (2025 - 2026),,,https://all.rugby/player/naitoa-ah-kuoi,Wellington Lions (2018 - 2019) -> Chiefs (2019 - 2019) -> Wellington Lions (2019 - 2019) -> Chiefs (2020 - 2020) -> Wellington Lions (2020 - 2020) -> Chiefs (2020 - 2021) -> Bay of Plenty Steamers (2021 - 2021) -> Chiefs (2022 - 2022) -> Bay of Plenty Steamers (2022 - 2022) -> Chiefs (2022 - 2022) -> Bay of Plenty Steamers (2022 - 2022) -> Chiefs (2023 - 2023) -> Bay of Plenty Steamers (2023 - 2023) -> Chiefs (2023 - 2023) -> Bay of Plenty Steamers (2023 - 2023) -> Chiefs (2024 - 2024) -> Bay of Plenty Steamers (2024 - 2024) -> Chiefs (2024 - 2024) -> Bay of Plenty Steamers (2024 - 2024) -> Chiefs (2025 - 2025) -> Bay of Plenty Steamers (2025 - 2025) -> Chiefs (2025 - 2026)
Tupou VAA'I,Tupou VAA'I,LO,Chiefs,198,118,2000.01.27,,,,,A,0,https://all.rugby/player/tupou-va-ai,,Taranaki Bulls (2018 - 2019) -> Chiefs (2019 - 2019) -> Taranaki Bulls (2019 - 2019) -> Chiefs (2020 - 2020) -> Taranaki Bulls (2020 - 2020) -> Chiefs (2020 - 2020) -> Taranaki Bulls (2020 - 2020) -> Chiefs (2021 - 2021) -> Taranaki Bulls (2021 - 2021) -> Chiefs (2021 - 2021) -> Taranaki Bulls (2021 - 2021) -> Chiefs (2022 - 2022) -> Taranaki Bulls (2022 - 2022) -> Chiefs (2022 - 2026),New Zealand,New Zealand,https://all.rugby/player/tupou-va-ai,Taranaki Bulls (2018 - 2019) -> Chiefs (2019 - 2019) -> Taranaki Bulls (2019 - 2019) -> Chiefs (2020 - 2020) -> Taranaki Bulls (2020 - 2020) -> Chiefs (2020 - 2020) -> Taranaki Bulls (2020 - 2020) -> Chiefs (2021 - 2021) -> Taranaki Bulls (2021 - 2021) -> Chiefs (2021 - 2021) -> Taranaki Bulls (2021 - 2021) -> Chiefs (2022 - 2022) -> Taranaki Bulls (2022 - 2022) -> Chiefs (2022 - 2026)
Jahrome BROWN,Jahrome BROWN,Back row,Chiefs,189,105,1996.09.29,,,,,A,0,https://all.rugby/player/jahrome-brown,,Brumbies (2018 - 2024) -> Chiefs (2024 - 2024) -> Waikato Mooloos (2024 - 2024) -> Chiefs (2025 - 2025) -> Waikato Mooloos (2025 - 2025) -> Chiefs (2025 - 2026),,,https://all.rugby/player/jahrome-brown,Brumbies (2018 - 2024) -> Chiefs (2024 - 2024) -> Waikato Mooloos (2024 - 2024) -> Chiefs (2025 - 2025) -> Waikato Mooloos (2025 - 2025) -> Chiefs (2025 - 2026)
Kaylum BOSHIER,Kaylum BOSHIER,Back row,Chiefs,189,109,1999.04.09,,,,,A,0,https://all.rugby/player/kaylum-boshier,,Taranaki Bulls (2018 - 2020) -> Chiefs (2020 - 2020) -> Taranaki Bulls (2020 - 2020) -> Chiefs (2021 - 2021) -> Taranaki Bulls (2021 - 2021) -> Chiefs (2021 - 2021) -> Taranaki Bulls (2021 - 2021) -> Chiefs (2022 - 2022) -> Taranaki Bulls (2022 - 2022) -> Chiefs (2022 - 2022) -> Taranaki Bulls (2022 - 2022) -> Chiefs (2023 - 2023) -> Taranaki Bulls (2023 - 2023) -> Chiefs (2023 - 2023) -> Taranaki Bulls (2023 - 2023) -> Chiefs (2024 - 2024) -> Taranaki Bulls (2024 - 2024) -> Chiefs (2024 - 2024) -> Taranaki Bulls (2024 - 2024) -> Chiefs (2025 - 2025) -> Taranaki Bulls (2025 - 2025) -> Chiefs (2025 - 2026),,,https://all.rugby/player/kaylum-boshier,Taranaki Bulls (2018 - 2020) -> Chiefs (2020 - 2020) -> Taranaki Bulls (2020 - 2020) -> Chiefs (2021 - 2021) -> Taranaki Bulls (2021 - 2021) -> Chiefs (2021 - 2021) -> Taranaki Bulls (2021 - 2021) -> Chiefs (2022 - 2022) -> Taranaki Bulls (2022 - 2022) -> Chiefs (2022 - 2022) -> Taranaki Bulls (2022 - 2022) -> Chiefs (2023 - 2023) -> Taranaki Bulls (2023 - 2023) -> Chiefs (2023 - 2023) -> Taranaki Bulls (2023 - 2023) -> Chiefs (2024 - 2024) -> Taranaki Bulls (2024 - 2024) -> Chiefs (2024 - 2024) -> Taranaki Bulls (2024 - 2024) -> Chiefs (2025 - 2025) -> Taranaki Bulls (2025 - 2025) -> Chiefs (2025 - 2026)
Luke JACOBSON,Luke JACOBSON,Back row,Chiefs,191,107,1997.04.20,,,,,A,0,https://all.rugby/player/luke-jacobson,,Chiefs (2017 - 2019) -> Waikato Mooloos (2019 - 2019) -> Chiefs (2020 - 2020) -> Waikato Mooloos (2020 - 2020) -> Chiefs (2020 - 2021) -> Waikato Mooloos (2021 - 2021) -> Chiefs (2022 - 2022) -> Waikato Mooloos (2022 - 2022) -> Chiefs (2022 - 2023) -> Waikato Mooloos (2023 - 2023) -> Chiefs (2024 - 2024) -> Waikato Mooloos (2024 - 2024) -> Chiefs (2024 - 2024) -> Waikato Mooloos (2024 - 2024) -> Chiefs (2025 - 2025) -> Waikato Mooloos (2025 - 2025) -> Chiefs (2025 - 2026),New Zealand,New Zealand,https://all.rugby/player/luke-jacobson,Chiefs (2017 - 2019) -> Waikato Mooloos (2019 - 2019) -> Chiefs (2020 - 2020) -> Waikato Mooloos (2020 - 2020) -> Chiefs (2020 - 2021) -> Waikato Mooloos (2021 - 2021) -> Chiefs (2022 - 2022) -> Waikato Mooloos (2022 - 2022) -> Chiefs (2022 - 2023) -> Waikato Mooloos (2023 - 2023) -> Chiefs (2024 - 2024) -> Waikato Mooloos (2024 - 2024) -> Chiefs (2024 - 2024) -> Waikato Mooloos (2024 - 2024) -> Chiefs (2025 - 2025) -> Waikato Mooloos (2025 - 2025) -> Chiefs (2025 - 2026)
Samipeni FINAU,Samipeni FINAU,Back row,Chiefs,196,115,1999.05.10,,,,,A,0,https://all.rugby/player/samipeni-finau,,Waikato Mooloos (2018 - 2020) -> Chiefs (2020 - 2020) -> Waikato Mooloos (2020 - 2020) -> Chiefs (2021 - 2021) -> Waikato Mooloos (2021 - 2021) -> Chiefs (2021 - 2021) -> Waikato Mooloos (2021 - 2021) -> Chiefs (2022 - 2022) -> Waikato Mooloos (2022 - 2022) -> Chiefs (2022 - 2022) -> Waikato Mooloos (2022 - 2022) -> Chiefs (2023 - 2023) -> Waikato Mooloos (2023 - 2023) -> Chiefs (2023 - 2023) -> Waikato Mooloos (2023 - 2023) -> Chiefs (2024 - 2024) -> Waikato Mooloos (2024 - 2024) -> Chiefs (2024 - 2024) -> Waikato Mooloos (2024 - 2024) -> Chiefs (2025 - 2025) -> Waikato Mooloos (2025 - 2025) -> Chiefs (2025 - 2026),Tonga,Tonga,https://all.rugby/player/samipeni-finau,Waikato Mooloos (2018 - 2020) -> Chiefs (2020 - 2020) -> Waikato Mooloos (2020 - 2020) -> Chiefs (2021 - 2021) -> Waikato Mooloos (2021 - 2021) -> Chiefs (2021 - 2021) -> Waikato Mooloos (2021 - 2021) -> Chiefs (2022 - 2022) -> Waikato Mooloos (2022 - 2022) -> Chiefs (2022 - 2022) -> Waikato Mooloos (2022 - 2022) -> Chiefs (2023 - 2023) -> Waikato Mooloos (2023 - 2023) -> Chiefs (2023 - 2023) -> Waikato Mooloos (2023 - 2023) -> Chiefs (2024 - 2024) -> Waikato Mooloos (2024 - 2024) -> Chiefs (2024 - 2024) -> Waikato Mooloos (2024 - 2024) -> Chiefs (2025 - 2025) -> Waikato Mooloos (2025 - 2025) -> Chiefs (2025 - 2026)
Simon PARKER,Simon PARKER,Back row,Chiefs,193,109,2000.05.06,,,,,A,0,https://all.rugby/player/simon-parker,,Chiefs (2019 - 2019) -> Waikato Mooloos (2019 - 2019) -> Chiefs (2020 - 2020) -> Waikato Mooloos (2020 - 2020) -> Chiefs (2020 - 2022) -> Waikato Mooloos (2022 - 2022) -> Chiefs (2023 - 2023) -> Waikato Mooloos (2023 - 2023) -> Chiefs (2023 - 2023) -> Northland Taniwha (2023 - 2023) -> Chiefs (2024 - 2024) -> Northland Taniwha (2024 - 2024) -> Chiefs (2024 - 2024) -> Northland Taniwha (2024 - 2024) -> Chiefs (2025 - 2025) -> Northland Taniwha (2025 - 2025) -> Chiefs (2025 - 2026),New Zealand,New Zealand,https://all.rugby/player/simon-parker,Chiefs (2019 - 2019) -> Waikato Mooloos (2019 - 2019) -> Chiefs (2020 - 2020) -> Waikato Mooloos (2020 - 2020) -> Chiefs (2020 - 2022) -> Waikato Mooloos (2022 - 2022) -> Chiefs (2023 - 2023) -> Waikato Mooloos (2023 - 2023) -> Chiefs (2023 - 2023) -> Northland Taniwha (2023 - 2023) -> Chiefs (2024 - 2024) -> Northland Taniwha (2024 - 2024) -> Chiefs (2024 - 2024) -> Northland Taniwha (2024 - 2024) -> Chiefs (2025 - 2025) -> Northland Taniwha (2025 - 2025) -> Chiefs (2025 - 2026)
Wallace SITITI,Wallace SITITI,Back row,Chiefs,185,113,2002.09.07,,,,,A,0,https://all.rugby/player/wallace-sititi,,North Harbour (2021 - 2023) -> Chiefs (2023 - 2023) -> North Harbour (2023 - 2023) -> Chiefs (2024 - 2024) -> North Harbour (2024 - 2024) -> Chiefs (2024 - 2026),New Zealand,New Zealand,https://all.rugby/player/wallace-sititi,North Harbour (2021 - 2023) -> Chiefs (2023 - 2023) -> North Harbour (2023 - 2023) -> Chiefs (2024 - 2024) -> North Harbour (2024 - 2024) -> Chiefs (2024 - 2026)
Cortez RATIMA,Cortez RATIMA,SH,Chiefs,179,87,2001.03.22,,,,,A,0,https://all.rugby/player/cortez-ratima,,Waikato Mooloos (2019 - 2021) -> Chiefs (2021 - 2021) -> Waikato Mooloos (2021 - 2021) -> Chiefs (2022 - 2022) -> Waikato Mooloos (2022 - 2022) -> Chiefs (2022 - 2022) -> Waikato Mooloos (2022 - 2022) -> Chiefs (2023 - 2023) -> Waikato Mooloos (2023 - 2023) -> Chiefs (2023 - 2026),New Zealand,New Zealand,https://all.rugby/player/cortez-ratima,Waikato Mooloos (2019 - 2021) -> Chiefs (2021 - 2021) -> Waikato Mooloos (2021 - 2021) -> Chiefs (2022 - 2022) -> Waikato Mooloos (2022 - 2022) -> Chiefs (2022 - 2022) -> Waikato Mooloos (2022 - 2022) -> Chiefs (2023 - 2023) -> Waikato Mooloos (2023 - 2023) -> Chiefs (2023 - 2026)
Te Toiroa TAHURIORANGI,Te Toiroa TAHURIORANGI,SH,Chiefs,174,85,1995.03.31,,,,,A,0,https://all.rugby/player/te-toiroa-tahuriorangi,,Hurricanes (2015 - 2017) -> Chiefs (2017 - 2019) -> Bay of Plenty Steamers (2019 - 2019) -> Chiefs (2020 - 2020) -> Bay of Plenty Steamers (2020 - 2020) -> Chiefs (2020 - 2020) -> Bay of Plenty Steamers (2020 - 2020) -> Waikato Mooloos (2020 - 2020) -> Chiefs (2021 - 2021) -> Bay of Plenty Steamers (2021 - 2021) -> Waikato Mooloos (2021 - 2021) -> Crusaders (2021 - 2021) -> Bay of Plenty Steamers (2021 - 2021) -> Crusaders (2022 - 2022) -> Bay of Plenty Steamers (2022 - 2022) -> Chiefs (2022 - 2022) -> Bay of Plenty Steamers (2022 - 2022) -> Chiefs (2023 - 2023) -> Bay of Plenty Steamers (2023 - 2023) -> Chiefs (2023 - 2023) -> Bay of Plenty Steamers (2023 - 2023) -> Chiefs (2024 - 2024) -> Bay of Plenty Steamers (2024 - 2024) -> Chiefs (2024 - 2026),New Zealand,New Zealand,https://all.rugby/player/te-toiroa-tahuriorangi,Hurricanes (2015 - 2017) -> Chiefs (2017 - 2019) -> Bay of Plenty Steamers (2019 - 2019) -> Chiefs (2020 - 2020) -> Bay of Plenty Steamers (2020 - 2020) -> Chiefs (2020 - 2020) -> Bay of Plenty Steamers (2020 - 2020) -> Waikato Mooloos (2020 - 2020) -> Chiefs (2021 - 2021) -> Bay of Plenty Steamers (2021 - 2021) -> Waikato Mooloos (2021 - 2021) -> Crusaders (2021 - 2021) -> Bay of Plenty Steamers (2021 - 2021) -> Crusaders (2022 - 2022) -> Bay of Plenty Steamers (2022 - 2022) -> Chiefs (2022 - 2022) -> Bay of Plenty Steamers (2022 - 2022) -> Chiefs (2023 - 2023) -> Bay of Plenty Steamers (2023 - 2023) -> Chiefs (2023 - 2023) -> Bay of Plenty Steamers (2023 - 2023) -> Chiefs (2024 - 2024) -> Bay of Plenty Steamers (2024 - 2024) -> Chiefs (2024 - 2026)
Xavier ROE,Xavier ROE,SH,Chiefs,179,86,1998.12.13,,,,,A,0,https://all.rugby/player/xavier-roe,,Taranaki Bulls (2017 - 2019) -> Waikato Mooloos (2019 - 2020) -> Chiefs (2020 - 2020) -> Waikato Mooloos (2020 - 2020) -> Chiefs (2021 - 2021) -> Waikato Mooloos (2021 - 2021) -> Chiefs (2021 - 2021) -> Waikato Mooloos (2021 - 2021) -> Chiefs (2022 - 2022) -> Waikato Mooloos (2022 - 2022) -> Chiefs (2022 - 2022) -> Waikato Mooloos (2022 - 2022) -> Chiefs (2023 - 2023) -> Waikato Mooloos (2023 - 2023) -> Chiefs (2023 - 2023) -> Waikato Mooloos (2023 - 2023) -> Chiefs (2024 - 2024) -> Waikato Mooloos (2024 - 2024) -> Chiefs (2024 - 2024) -> Waikato Mooloos (2024 - 2024) -> Chiefs (2025 - 2025) -> Waikato Mooloos (2025 - 2025) -> Chiefs (2025 - 2026),,,https://all.rugby/player/xavier-roe,Taranaki Bulls (2017 - 2019) -> Waikato Mooloos (2019 - 2020) -> Chiefs (2020 - 2020) -> Waikato Mooloos (2020 - 2020) -> Chiefs (2021 - 2021) -> Waikato Mooloos (2021 - 2021) -> Chiefs (2021 - 2021) -> Waikato Mooloos (2021 - 2021) -> Chiefs (2022 - 2022) -> Waikato Mooloos (2022 - 2022) -> Chiefs (2022 - 2022) -> Waikato Mooloos (2022 - 2022) -> Chiefs (2023 - 2023) -> Waikato Mooloos (2023 - 2023) -> Chiefs (2023 - 2023) -> Waikato Mooloos (2023 - 2023) -> Chiefs (2024 - 2024) -> Waikato Mooloos (2024 - 2024) -> Chiefs (2024 - 2024) -> Waikato Mooloos (2024 - 2024) -> Chiefs (2025 - 2025) -> Waikato Mooloos (2025 - 2025) -> Chiefs (2025 - 2026)
Damian MCKENZIE,Damian MCKENZIE,SO,Chiefs,177,81,1995.04.20,,,,,A,0,https://all.rugby/player/damian-mckenzie,,Chiefs (2014 - 2019) -> Waikato Mooloos (2019 - 2019) -> Chiefs (2020 - 2020) -> Waikato Mooloos (2020 - 2020) -> Chiefs (2020 - 2021) -> Tokyo Sungoliath (2021 - 2021) -> Waikato Mooloos (2021 - 2021) -> Tokyo Sungoliath (2022 - 2022) -> Waikato Mooloos (2022 - 2022) -> Chiefs (2022 - 2026),New Zealand,New Zealand,https://all.rugby/player/damian-mckenzie,Chiefs (2014 - 2019) -> Waikato Mooloos (2019 - 2019) -> Chiefs (2020 - 2020) -> Waikato Mooloos (2020 - 2020) -> Chiefs (2020 - 2021) -> Tokyo Sungoliath (2021 - 2021) -> Waikato Mooloos (2021 - 2021) -> Tokyo Sungoliath (2022 - 2022) -> Waikato Mooloos (2022 - 2022) -> Chiefs (2022 - 2026)
Josh JACOMB,Josh JACOMB,SO,Chiefs,179,90,2001.06.23,,,,,A,0,https://all.rugby/player/josh-jacomb,,Taranaki Bulls (2020 - 2023) -> Chiefs (2023 - 2023) -> Taranaki Bulls (2023 - 2023) -> Chiefs (2024 - 2024) -> Taranaki Bulls (2024 - 2024) -> Chiefs (2024 - 2024) -> Taranaki Bulls (2024 - 2024) -> Chiefs (2025 - 2025) -> Taranaki Bulls (2025 - 2025) -> Chiefs (2025 - 2026),,,https://all.rugby/player/josh-jacomb,Taranaki Bulls (2020 - 2023) -> Chiefs (2023 - 2023) -> Taranaki Bulls (2023 - 2023) -> Chiefs (2024 - 2024) -> Taranaki Bulls (2024 - 2024) -> Chiefs (2024 - 2024) -> Taranaki Bulls (2024 - 2024) -> Chiefs (2025 - 2025) -> Taranaki Bulls (2025 - 2025) -> Chiefs (2025 - 2026)
Daniel RONA,Daniel RONA,CTB,Chiefs,187,91,2000.04.10,,,,,A,0,https://all.rugby/player/daniel-rona,,Taranaki Bulls (2019 - 2022) -> Chiefs (2022 - 2022) -> Taranaki Bulls (2022 - 2022) -> Chiefs (2023 - 2023) -> Taranaki Bulls (2023 - 2023) -> Chiefs (2023 - 2023) -> Taranaki Bulls (2023 - 2023) -> Chiefs (2024 - 2024) -> Taranaki Bulls (2024 - 2024) -> Chiefs (2024 - 2024) -> Taranaki Bulls (2024 - 2024) -> Chiefs (2025 - 2025) -> Taranaki Bulls (2025 - 2025) -> Chiefs (2025 - 2026),,,https://all.rugby/player/daniel-rona,Taranaki Bulls (2019 - 2022) -> Chiefs (2022 - 2022) -> Taranaki Bulls (2022 - 2022) -> Chiefs (2023 - 2023) -> Taranaki Bulls (2023 - 2023) -> Chiefs (2023 - 2023) -> Taranaki Bulls (2023 - 2023) -> Chiefs (2024 - 2024) -> Taranaki Bulls (2024 - 2024) -> Chiefs (2024 - 2024) -> Taranaki Bulls (2024 - 2024) -> Chiefs (2025 - 2025) -> Taranaki Bulls (2025 - 2025) -> Chiefs (2025 - 2026)
Kyle BROWN,Kyle BROWN,CTB,Chiefs,181,84,2002.08.03,,,,,A,0,https://all.rugby/player/kyle-brown,,Manawatu Turbos (2022 - 2024) -> Utah Warriors (2024 - 2024) -> Manawatu Turbos (2024 - 2024) -> Utah Warriors (2025 - 2025) -> Manawatu Turbos (2025 - 2025) -> Chiefs (2025 - 2026),,,https://all.rugby/player/kyle-brown,Manawatu Turbos (2022 - 2024) -> Utah Warriors (2024 - 2024) -> Manawatu Turbos (2024 - 2024) -> Utah Warriors (2025 - 2025) -> Manawatu Turbos (2025 - 2025) -> Chiefs (2025 - 2026)
Lalakai FOKETI,Lalakai FOKETI,CTB,Chiefs,186,97,1994.12.22,,,,,A,0,https://all.rugby/player/lalakai-foketi,,Melbourne Rebels (2013 - 2014) -> Aviron Bayonnais (2014 - 2015) -> Bay of Plenty Steamers (2015 - 2016) -> New South Wales Waratahs (2017 - 2025) -> Chiefs (2025 - 2026),New Zealand,New Zealand,https://all.rugby/player/lalakai-foketi,Melbourne Rebels (2013 - 2014) -> Aviron Bayonnais (2014 - 2015) -> Bay of Plenty Steamers (2015 - 2016) -> New South Wales Waratahs (2017 - 2025) -> Chiefs (2025 - 2026)
Quinn TUPAEA,Quinn TUPAEA,CTB,Chiefs,186,97,1999.05.10,,,,,A,0,https://all.rugby/player/quinn-tupaea,,Waikato Mooloos (2018 - 2019) -> Chiefs (2019 - 2019) -> Waikato Mooloos (2019 - 2019) -> Chiefs (2020 - 2020) -> Waikato Mooloos (2020 - 2020) -> Chiefs (2020 - 2020) -> Waikato Mooloos (2020 - 2020) -> Chiefs (2021 - 2021) -> Waikato Mooloos (2021 - 2021) -> Chiefs (2021 - 2022) -> Waikato Mooloos (2022 - 2022) -> Chiefs (2023 - 2023) -> Waikato Mooloos (2023 - 2023) -> Chiefs (2023 - 2023) -> Waikato Mooloos (2023 - 2023) -> Chiefs (2024 - 2024) -> Waikato Mooloos (2024 - 2024) -> Chiefs (2024 - 2026),,,https://all.rugby/player/quinn-tupaea,Waikato Mooloos (2018 - 2019) -> Chiefs (2019 - 2019) -> Waikato Mooloos (2019 - 2019) -> Chiefs (2020 - 2020) -> Waikato Mooloos (2020 - 2020) -> Chiefs (2020 - 2020) -> Waikato Mooloos (2020 - 2020) -> Chiefs (2021 - 2021) -> Waikato Mooloos (2021 - 2021) -> Chiefs (2021 - 2022) -> Waikato Mooloos (2022 - 2022) -> Chiefs (2023 - 2023) -> Waikato Mooloos (2023 - 2023) -> Chiefs (2023 - 2023) -> Waikato Mooloos (2023 - 2023) -> Chiefs (2024 - 2024) -> Waikato Mooloos (2024 - 2024) -> Chiefs (2024 - 2026)
Emoni NARAWA,Emoni NARAWA,Winger,Chiefs,184,98,1999.07.13,,,,,A,0,https://all.rugby/player/emoni-narawa,,Bay of Plenty Steamers (2018 - 2019) -> Blues (2019 - 2019) -> Bay of Plenty Steamers (2019 - 2019) -> Blues (2020 - 2020) -> Bay of Plenty Steamers (2020 - 2020) -> Blues (2020 - 2020) -> Bay of Plenty Steamers (2020 - 2020) -> Blues (2021 - 2021) -> Bay of Plenty Steamers (2021 - 2021) -> Chiefs (2021 - 2021) -> Bay of Plenty Steamers (2021 - 2021) -> Chiefs (2022 - 2022) -> Bay of Plenty Steamers (2022 - 2022) -> Chiefs (2022 - 2023) -> Bay of Plenty Steamers (2023 - 2023) -> Chiefs (2024 - 2024) -> Bay of Plenty Steamers (2024 - 2024) -> Chiefs (2024 - 2024) -> Bay of Plenty Steamers (2024 - 2024) -> Chiefs (2025 - 2025) -> Bay of Plenty Steamers (2025 - 2025) -> Chiefs (2025 - 2026),,,https://all.rugby/player/emoni-narawa,Bay of Plenty Steamers (2018 - 2019) -> Blues (2019 - 2019) -> Bay of Plenty Steamers (2019 - 2019) -> Blues (2020 - 2020) -> Bay of Plenty Steamers (2020 - 2020) -> Blues (2020 - 2020) -> Bay of Plenty Steamers (2020 - 2020) -> Blues (2021 - 2021) -> Bay of Plenty Steamers (2021 - 2021) -> Chiefs (2021 - 2021) -> Bay of Plenty Steamers (2021 - 2021) -> Chiefs (2022 - 2022) -> Bay of Plenty Steamers (2022 - 2022) -> Chiefs (2022 - 2023) -> Bay of Plenty Steamers (2023 - 2023) -> Chiefs (2024 - 2024) -> Bay of Plenty Steamers (2024 - 2024) -> Chiefs (2024 - 2024) -> Bay of Plenty Steamers (2024 - 2024) -> Chiefs (2025 - 2025) -> Bay of Plenty Steamers (2025 - 2025) -> Chiefs (2025 - 2026)
Kyren TAUMOEFOLAU,Kyren TAUMOEFOLAU,Winger,Chiefs,187,95,2003.05.08,,,,,A,0,https://all.rugby/player/kyren-taumoefolau,,Moana Pasifika (2022 - 2023) -> Tasman Mako (2023 - 2023) -> Moana Pasifika (2024 - 2024) -> Tasman Mako (2024 - 2024) -> Moana Pasifika (2024 - 2024) -> Tasman Mako (2024 - 2024) -> Moana Pasifika (2025 - 2025) -> Tasman Mako (2025 - 2025) -> Chiefs (2025 - 2026),Tonga,Tonga,https://all.rugby/player/kyren-taumoefolau,Moana Pasifika (2022 - 2023) -> Tasman Mako (2023 - 2023) -> Moana Pasifika (2024 - 2024) -> Tasman Mako (2024 - 2024) -> Moana Pasifika (2024 - 2024) -> Tasman Mako (2024 - 2024) -> Moana Pasifika (2025 - 2025) -> Tasman Mako (2025 - 2025) -> Chiefs (2025 - 2026)
Leroy CARTER,Leroy CARTER,Winger,Chiefs,176,86,1999.02.24,,,,,A,0,https://all.rugby/player/leroy-carter,,Bay of Plenty Steamers (2018 - 2019) -> Chiefs (2019 - 2019) -> Bay of Plenty Steamers (2019 - 2019) -> Chiefs (2020 - 2020) -> Bay of Plenty Steamers (2020 - 2024) -> Chiefs (2024 - 2024) -> Bay of Plenty Steamers (2024 - 2024) -> Chiefs (2025 - 2025) -> Bay of Plenty Steamers (2025 - 2025) -> Chiefs (2025 - 2026),,,https://all.rugby/player/leroy-carter,Bay of Plenty Steamers (2018 - 2019) -> Chiefs (2019 - 2019) -> Bay of Plenty Steamers (2019 - 2019) -> Chiefs (2020 - 2020) -> Bay of Plenty Steamers (2020 - 2024) -> Chiefs (2024 - 2024) -> Bay of Plenty Steamers (2024 - 2024) -> Chiefs (2025 - 2025) -> Bay of Plenty Steamers (2025 - 2025) -> Chiefs (2025 - 2026)
Liam COOMBES-FABLING,Liam COOMBES-FABLING,Winger,Chiefs,180,86,1998.07.07,,,,,A,0,https://all.rugby/player/liam-coombes-fabling,,Waikato Mooloos (2019 - 2021) -> Highlanders (2021 - 2021) -> Waikato Mooloos (2021 - 2021) -> Highlanders (2022 - 2022) -> Waikato Mooloos (2022 - 2022) -> Chiefs (2022 - 2022) -> Waikato Mooloos (2022 - 2022) -> Chiefs (2023 - 2023) -> Waikato Mooloos (2023 - 2023) -> Chiefs (2023 - 2024) -> Waikato Mooloos (2024 - 2024) -> Chiefs (2025 - 2025) -> Waikato Mooloos (2025 - 2025) -> Chiefs (2025 - 2026),,,https://all.rugby/player/liam-coombes-fabling,Waikato Mooloos (2019 - 2021) -> Highlanders (2021 - 2021) -> Waikato Mooloos (2021 - 2021) -> Highlanders (2022 - 2022) -> Waikato Mooloos (2022 - 2022) -> Chiefs (2022 - 2022) -> Waikato Mooloos (2022 - 2022) -> Chiefs (2023 - 2023) -> Waikato Mooloos (2023 - 2023) -> Chiefs (2023 - 2024) -> Waikato Mooloos (2024 - 2024) -> Chiefs (2025 - 2025) -> Waikato Mooloos (2025 - 2025) -> Chiefs (2025 - 2026)
Etene NANAI-SETURO,Etene NANAI-SETURO,FB,Chiefs,183,92,1999.08.20,,,,,A,0,https://all.rugby/player/etene-nanai-seturo,,Chiefs (2018 - 2019) -> Counties Manukau Steelers (2019 - 2019) -> Chiefs (2020 - 2020) -> Counties Manukau Steelers (2020 - 2020) -> Chiefs (2020 - 2021) -> Counties Manukau Steelers (2021 - 2021) -> Chiefs (2022 - 2022) -> Counties Manukau Steelers (2022 - 2022) -> Chiefs (2022 - 2022) -> Counties Manukau Steelers (2022 - 2022) -> Chiefs (2023 - 2023) -> Counties Manukau Steelers (2023 - 2023) -> Chiefs (2023 - 2023) -> Counties Manukau Steelers (2023 - 2023) -> Chiefs (2024 - 2024) -> Counties Manukau Steelers (2024 - 2024) -> Chiefs (2024 - 2024) -> Counties Manukau Steelers (2024 - 2024) -> Chiefs (2025 - 2025) -> Counties Manukau Steelers (2025 - 2025) -> Chiefs (2025 - 2026),,,https://all.rugby/player/etene-nanai-seturo,Chiefs (2018 - 2019) -> Counties Manukau Steelers (2019 - 2019) -> Chiefs (2020 - 2020) -> Counties Manukau Steelers (2020 - 2020) -> Chiefs (2020 - 2021) -> Counties Manukau Steelers (2021 - 2021) -> Chiefs (2022 - 2022) -> Counties Manukau Steelers (2022 - 2022) -> Chiefs (2022 - 2022) -> Counties Manukau Steelers (2022 - 2022) -> Chiefs (2023 - 2023) -> Counties Manukau Steelers (2023 - 2023) -> Chiefs (2023 - 2023) -> Counties Manukau Steelers (2023 - 2023) -> Chiefs (2024 - 2024) -> Counties Manukau Steelers (2024 - 2024) -> Chiefs (2024 - 2024) -> Counties Manukau Steelers (2024 - 2024) -> Chiefs (2025 - 2025) -> Counties Manukau Steelers (2025 - 2025) -> Chiefs (2025 - 2026)
Isaac HUTCHINSON,Isaac HUTCHINSON,FB,Chiefs,180,93,2004.03.02,,,,,A,0,https://all.rugby/player/isaac-hutchinson,,Canterbury (2022 - 2023) -> Crusaders (2023 - 2023) -> Canterbury (2023 - 2023) -> Crusaders (2024 - 2024) -> Canterbury (2024 - 2025) -> Chiefs (2025 - 2026),,,https://all.rugby/player/isaac-hutchinson,Canterbury (2022 - 2023) -> Crusaders (2023 - 2023) -> Canterbury (2023 - 2023) -> Crusaders (2024 - 2024) -> Canterbury (2024 - 2025) -> Chiefs (2025 - 2026)
Tepaea COOK-SAVAGE,Tepaea COOK-SAVAGE,FB,Chiefs,173,83,2001.08.02,,,,,A,0,https://all.rugby/player/tepaea-cook-savage,,Waikato Mooloos (2020 - 2025) -> Chiefs (2025 - 2026),,,https://all.rugby/player/tepaea-cook-savage,Waikato Mooloos (2020 - 2025) -> Chiefs (2025 - 2026)
Pasilio TOSI,Pasilio TOSI,PR,Hurricanes,193,145,1998.07.18,,,,,A,0,https://all.rugby/player/pasilio-tosi,,Southland Stags (2019 - 2020) -> Bay of Plenty Steamers (2020 - 2021) -> Hurricanes (2021 - 2021) -> Bay of Plenty Steamers (2021 - 2021) -> Hurricanes (2022 - 2022) -> Bay of Plenty Steamers (2022 - 2022) -> Hurricanes (2022 - 2022) -> Bay of Plenty Steamers (2022 - 2022) -> Hurricanes (2023 - 2023) -> Bay of Plenty Steamers (2023 - 2023) -> Hurricanes (2023 - 2023) -> Bay of Plenty Steamers (2023 - 2023) -> Hurricanes (2024 - 2024) -> Bay of Plenty Steamers (2024 - 2024) -> Hurricanes (2024 - 2024) -> Bay of Plenty Steamers (2024 - 2024) -> Hurricanes (2025 - 2025) -> Bay of Plenty Steamers (2025 - 2025) -> Hurricanes (2025 - 2026),New Zealand,New Zealand,https://all.rugby/player/pasilio-tosi,Southland Stags (2019 - 2020) -> Bay of Plenty Steamers (2020 - 2021) -> Hurricanes (2021 - 2021) -> Bay of Plenty Steamers (2021 - 2021) -> Hurricanes (2022 - 2022) -> Bay of Plenty Steamers (2022 - 2022) -> Hurricanes (2022 - 2022) -> Bay of Plenty Steamers (2022 - 2022) -> Hurricanes (2023 - 2023) -> Bay of Plenty Steamers (2023 - 2023) -> Hurricanes (2023 - 2023) -> Bay of Plenty Steamers (2023 - 2023) -> Hurricanes (2024 - 2024) -> Bay of Plenty Steamers (2024 - 2024) -> Hurricanes (2024 - 2024) -> Bay of Plenty Steamers (2024 - 2024) -> Hurricanes (2025 - 2025) -> Bay of Plenty Steamers (2025 - 2025) -> Hurricanes (2025 - 2026)
Pouri RAKETE-STONES,Pouri RAKETE-STONES,PR,Hurricanes,183,124,1997.06.17,,,,,A,0,https://all.rugby/player/pouri-rakete-stones,,Hawke's Bay Magpies (2017 - 2019) -> Hurricanes (2019 - 2019) -> Hawke's Bay Magpies (2019 - 2019) -> Hurricanes (2020 - 2020) -> Hawke's Bay Magpies (2020 - 2020) -> Hurricanes (2020 - 2020) -> Hawke's Bay Magpies (2020 - 2020) -> Hurricanes (2021 - 2021) -> Hawke's Bay Magpies (2021 - 2021) -> Hurricanes (2021 - 2021) -> Hawke's Bay Magpies (2021 - 2021) -> Hurricanes (2022 - 2022) -> Hawke's Bay Magpies (2022 - 2022) -> Hurricanes (2022 - 2022) -> Hawke's Bay Magpies (2022 - 2022) -> Hurricanes (2023 - 2023) -> Hawke's Bay Magpies (2023 - 2023) -> Hurricanes (2023 - 2023) -> Hawke's Bay Magpies (2023 - 2023) -> Hurricanes (2024 - 2024) -> Hawke's Bay Magpies (2024 - 2024) -> Hurricanes (2024 - 2024) -> Hawke's Bay Magpies (2024 - 2024) -> Hurricanes (2025 - 2025) -> Hawke's Bay Magpies (2025 - 2025) -> Hurricanes (2025 - 2026),,,https://all.rugby/player/pouri-rakete-stones,Hawke's Bay Magpies (2017 - 2019) -> Hurricanes (2019 - 2019) -> Hawke's Bay Magpies (2019 - 2019) -> Hurricanes (2020 - 2020) -> Hawke's Bay Magpies (2020 - 2020) -> Hurricanes (2020 - 2020) -> Hawke's Bay Magpies (2020 - 2020) -> Hurricanes (2021 - 2021) -> Hawke's Bay Magpies (2021 - 2021) -> Hurricanes (2021 - 2021) -> Hawke's Bay Magpies (2021 - 2021) -> Hurricanes (2022 - 2022) -> Hawke's Bay Magpies (2022 - 2022) -> Hurricanes (2022 - 2022) -> Hawke's Bay Magpies (2022 - 2022) -> Hurricanes (2023 - 2023) -> Hawke's Bay Magpies (2023 - 2023) -> Hurricanes (2023 - 2023) -> Hawke's Bay Magpies (2023 - 2023) -> Hurricanes (2024 - 2024) -> Hawke's Bay Magpies (2024 - 2024) -> Hurricanes (2024 - 2024) -> Hawke's Bay Magpies (2024 - 2024) -> Hurricanes (2025 - 2025) -> Hawke's Bay Magpies (2025 - 2025) -> Hurricanes (2025 - 2026)
Siale LAUAKI,Siale LAUAKI,PR,Hurricanes,194,125,2003.05.30,,,,,A,0,https://all.rugby/player/siale-lauaki,,Wellington Lions (2021 - 2023) -> Hurricanes (2023 - 2023) -> Wellington Lions (2023 - 2023) -> Hurricanes (2024 - 2024) -> Wellington Lions (2024 - 2024) -> Hurricanes (2024 - 2024) -> Wellington Lions (2024 - 2024) -> Hurricanes (2025 - 2025) -> Wellington Lions (2025 - 2025) -> Hurricanes (2025 - 2026),,,https://all.rugby/player/siale-lauaki,Wellington Lions (2021 - 2023) -> Hurricanes (2023 - 2023) -> Wellington Lions (2023 - 2023) -> Hurricanes (2024 - 2024) -> Wellington Lions (2024 - 2024) -> Hurricanes (2024 - 2024) -> Wellington Lions (2024 - 2024) -> Hurricanes (2025 - 2025) -> Wellington Lions (2025 - 2025) -> Hurricanes (2025 - 2026)
Tevita MAFILEO,Tevita MAFILEO,PR,Hurricanes,188,125,1998.02.04,,,,,A,0,https://all.rugby/player/tevita-mafileo,,Chiefs (2018 - 2019) -> Hurricanes (2019 - 2019) -> Bay of Plenty Steamers (2019 - 2019) -> Hurricanes (2020 - 2020) -> Bay of Plenty Steamers (2020 - 2020) -> Hurricanes (2020 - 2020) -> Bay of Plenty Steamers (2020 - 2020) -> Hurricanes (2021 - 2021) -> Bay of Plenty Steamers (2021 - 2021) -> Hurricanes (2021 - 2021) -> Bay of Plenty Steamers (2021 - 2021) -> Hurricanes (2022 - 2022) -> Bay of Plenty Steamers (2022 - 2022) -> Hurricanes (2022 - 2022) -> North Harbour (2022 - 2022) -> Hurricanes (2023 - 2023) -> North Harbour (2023 - 2023) -> Hurricanes (2023 - 2023) -> North Harbour (2023 - 2023) -> Hurricanes (2024 - 2024) -> North Harbour (2024 - 2024) -> Hurricanes (2024 - 2024) -> Bay of Plenty Steamers (2024 - 2024) -> Hurricanes (2025 - 2025) -> Bay of Plenty Steamers (2025 - 2025) -> Hurricanes (2025 - 2026),,,https://all.rugby/player/tevita-mafileo,Chiefs (2018 - 2019) -> Hurricanes (2019 - 2019) -> Bay of Plenty Steamers (2019 - 2019) -> Hurricanes (2020 - 2020) -> Bay of Plenty Steamers (2020 - 2020) -> Hurricanes (2020 - 2020) -> Bay of Plenty Steamers (2020 - 2020) -> Hurricanes (2021 - 2021) -> Bay of Plenty Steamers (2021 - 2021) -> Hurricanes (2021 - 2021) -> Bay of Plenty Steamers (2021 - 2021) -> Hurricanes (2022 - 2022) -> Bay of Plenty Steamers (2022 - 2022) -> Hurricanes (2022 - 2022) -> North Harbour (2022 - 2022) -> Hurricanes (2023 - 2023) -> North Harbour (2023 - 2023) -> Hurricanes (2023 - 2023) -> North Harbour (2023 - 2023) -> Hurricanes (2024 - 2024) -> North Harbour (2024 - 2024) -> Hurricanes (2024 - 2024) -> Bay of Plenty Steamers (2024 - 2024) -> Hurricanes (2025 - 2025) -> Bay of Plenty Steamers (2025 - 2025) -> Hurricanes (2025 - 2026)
Tyrel LOMAX,Tyrel LOMAX,PR,Hurricanes,192,129,1996.06.01,,,,,A,0,https://all.rugby/player/tyrel-lomax,,Melbourne Rebels (2016 - 2017) -> Highlanders (2017 - 2019) -> Hurricanes (2019 - 2019) -> Tasman Mako (2019 - 2019) -> Hurricanes (2020 - 2020) -> Tasman Mako (2020 - 2020) -> Hurricanes (2020 - 2020) -> Tasman Mako (2020 - 2020) -> Hurricanes (2021 - 2021) -> Tasman Mako (2021 - 2021) -> Hurricanes (2021 - 2026),Australia,Australia,https://all.rugby/player/tyrel-lomax,Melbourne Rebels (2016 - 2017) -> Highlanders (2017 - 2019) -> Hurricanes (2019 - 2019) -> Tasman Mako (2019 - 2019) -> Hurricanes (2020 - 2020) -> Tasman Mako (2020 - 2020) -> Hurricanes (2020 - 2020) -> Tasman Mako (2020 - 2020) -> Hurricanes (2021 - 2021) -> Tasman Mako (2021 - 2021) -> Hurricanes (2021 - 2026)
Xavier NUMIA,Xavier NUMIA,PR,Hurricanes,189,116,1998.11.29,,,,,A,0,https://all.rugby/player/xavier-numia,,Hurricanes (2018 - 2019) -> Wellington Lions (2019 - 2019) -> Hurricanes (2020 - 2020) -> Wellington Lions (2020 - 2020) -> Hurricanes (2020 - 2020) -> Wellington Lions (2020 - 2020) -> Hurricanes (2021 - 2021) -> Wellington Lions (2021 - 2021) -> Hurricanes (2021 - 2021) -> Wellington Lions (2021 - 2021) -> Hurricanes (2022 - 2022) -> Wellington Lions (2022 - 2022) -> Hurricanes (2022 - 2022) -> Wellington Lions (2022 - 2022) -> Hurricanes (2023 - 2023) -> Wellington Lions (2023 - 2023) -> Hurricanes (2023 - 2023) -> Wellington Lions (2023 - 2023) -> Hurricanes (2024 - 2024) -> Wellington Lions (2024 - 2024) -> Hurricanes (2024 - 2024) -> Wellington Lions (2024 - 2024) -> Hurricanes (2025 - 2025) -> Wellington Lions (2025 - 2025) -> Hurricanes (2025 - 2026),,,https://all.rugby/player/xavier-numia,Hurricanes (2018 - 2019) -> Wellington Lions (2019 - 2019) -> Hurricanes (2020 - 2020) -> Wellington Lions (2020 - 2020) -> Hurricanes (2020 - 2020) -> Wellington Lions (2020 - 2020) -> Hurricanes (2021 - 2021) -> Wellington Lions (2021 - 2021) -> Hurricanes (2021 - 2021) -> Wellington Lions (2021 - 2021) -> Hurricanes (2022 - 2022) -> Wellington Lions (2022 - 2022) -> Hurricanes (2022 - 2022) -> Wellington Lions (2022 - 2022) -> Hurricanes (2023 - 2023) -> Wellington Lions (2023 - 2023) -> Hurricanes (2023 - 2023) -> Wellington Lions (2023 - 2023) -> Hurricanes (2024 - 2024) -> Wellington Lions (2024 - 2024) -> Hurricanes (2024 - 2024) -> Wellington Lions (2024 - 2024) -> Hurricanes (2025 - 2025) -> Wellington Lions (2025 - 2025) -> Hurricanes (2025 - 2026)
Asafo AUMUA,Asafo AUMUA,HO,Hurricanes,177,112,1997.05.05,,,,,A,0,https://all.rugby/player/asafo-aumua,,Hurricanes (2017 - 2019) -> Wellington Lions (2019 - 2019) -> Hurricanes (2020 - 2020) -> Wellington Lions (2020 - 2020) -> Hurricanes (2020 - 2020) -> Wellington Lions (2020 - 2020) -> Hurricanes (2021 - 2021) -> Wellington Lions (2021 - 2021) -> Hurricanes (2021 - 2021) -> Wellington Lions (2021 - 2021) -> Hurricanes (2022 - 2022) -> Wellington Lions (2022 - 2022) -> Hurricanes (2022 - 2022) -> Wellington Lions (2022 - 2022) -> Hurricanes (2023 - 2023) -> Wellington Lions (2023 - 2023) -> Hurricanes (2023 - 2023) -> Wellington Lions (2023 - 2023) -> Hurricanes (2024 - 2024) -> Wellington Lions (2024 - 2024) -> Hurricanes (2024 - 2024) -> Wellington Lions (2024 - 2024) -> Hurricanes (2025 - 2025) -> Wellington Lions (2025 - 2025) -> Hurricanes (2025 - 2026),New Zealand,New Zealand,https://all.rugby/player/asafo-aumua,Hurricanes (2017 - 2019) -> Wellington Lions (2019 - 2019) -> Hurricanes (2020 - 2020) -> Wellington Lions (2020 - 2020) -> Hurricanes (2020 - 2020) -> Wellington Lions (2020 - 2020) -> Hurricanes (2021 - 2021) -> Wellington Lions (2021 - 2021) -> Hurricanes (2021 - 2021) -> Wellington Lions (2021 - 2021) -> Hurricanes (2022 - 2022) -> Wellington Lions (2022 - 2022) -> Hurricanes (2022 - 2022) -> Wellington Lions (2022 - 2022) -> Hurricanes (2023 - 2023) -> Wellington Lions (2023 - 2023) -> Hurricanes (2023 - 2023) -> Wellington Lions (2023 - 2023) -> Hurricanes (2024 - 2024) -> Wellington Lions (2024 - 2024) -> Hurricanes (2024 - 2024) -> Wellington Lions (2024 - 2024) -> Hurricanes (2025 - 2025) -> Wellington Lions (2025 - 2025) -> Hurricanes (2025 - 2026)
Jacob DEVERY,Jacob DEVERY,HO,Hurricanes,180,105,1998.10.21,,,,,A,0,https://all.rugby/player/jacob-devery,,Hawke's Bay Magpies (2016 - 2021) -> Hurricanes (2021 - 2022) -> Hawke's Bay Magpies (2022 - 2022) -> Hurricanes (2023 - 2023) -> Hawke's Bay Magpies (2023 - 2023) -> Hurricanes (2023 - 2023) -> Hawke's Bay Magpies (2023 - 2023) -> Hurricanes (2024 - 2024) -> Hawke's Bay Magpies (2024 - 2024) -> Hurricanes (2024 - 2024) -> Hawke's Bay Magpies (2024 - 2024) -> Hurricanes (2025 - 2025) -> Hawke's Bay Magpies (2025 - 2025) -> Hurricanes (2025 - 2026),,,https://all.rugby/player/jacob-devery,Hawke's Bay Magpies (2016 - 2021) -> Hurricanes (2021 - 2022) -> Hawke's Bay Magpies (2022 - 2022) -> Hurricanes (2023 - 2023) -> Hawke's Bay Magpies (2023 - 2023) -> Hurricanes (2023 - 2023) -> Hawke's Bay Magpies (2023 - 2023) -> Hurricanes (2024 - 2024) -> Hawke's Bay Magpies (2024 - 2024) -> Hurricanes (2024 - 2024) -> Hawke's Bay Magpies (2024 - 2024) -> Hurricanes (2025 - 2025) -> Hawke's Bay Magpies (2025 - 2025) -> Hurricanes (2025 - 2026)
Raymond TUPUTUPU,Raymond TUPUTUPU,HO,Hurricanes,183,106,2003.04.11,,,,,A,0,https://all.rugby/player/raymond-tuputupu,,Manawatu Turbos (2019 - 2020) -> Hurricanes (2020 - 2022) -> Manawatu Turbos (2022 - 2023) -> Hurricanes (2023 - 2023) -> Manawatu Turbos (2023 - 2023) -> Hurricanes (2024 - 2024) -> Manawatu Turbos (2024 - 2024) -> Hurricanes (2024 - 2024) -> Manawatu Turbos (2024 - 2024) -> Hurricanes (2025 - 2025) -> Manawatu Turbos (2025 - 2025) -> Hurricanes (2025 - 2026),,,https://all.rugby/player/raymond-tuputupu,Manawatu Turbos (2019 - 2020) -> Hurricanes (2020 - 2022) -> Manawatu Turbos (2022 - 2023) -> Hurricanes (2023 - 2023) -> Manawatu Turbos (2023 - 2023) -> Hurricanes (2024 - 2024) -> Manawatu Turbos (2024 - 2024) -> Hurricanes (2024 - 2024) -> Manawatu Turbos (2024 - 2024) -> Hurricanes (2025 - 2025) -> Manawatu Turbos (2025 - 2025) -> Hurricanes (2025 - 2026)
Vernon BASON,Vernon BASON,HO,Hurricanes,180,106,2004..,,,,,A,0,https://all.rugby/player/vernon-bason,,Manawatu Turbos (2022 - 2023) -> Hurricanes (2023 - 2023) -> Manawatu Turbos (2023 - 2023) -> Hurricanes (2024 - 2024) -> Manawatu Turbos (2024 - 2025) -> Hurricanes (2025 - 2026),,,https://all.rugby/player/vernon-bason,Manawatu Turbos (2022 - 2023) -> Hurricanes (2023 - 2023) -> Manawatu Turbos (2023 - 2023) -> Hurricanes (2024 - 2024) -> Manawatu Turbos (2024 - 2025) -> Hurricanes (2025 - 2026)
Caleb DELANY,Caleb DELANY,LO,Hurricanes,197,115,2000.02.04,,,,,A,0,https://all.rugby/player/caleb-delany,,Wellington Lions (2019 - 2021) -> Hurricanes (2021 - 2021) -> Wellington Lions (2021 - 2021) -> Hurricanes (2022 - 2022) -> Wellington Lions (2022 - 2022) -> Hurricanes (2022 - 2022) -> Wellington Lions (2022 - 2022) -> Hurricanes (2023 - 2023) -> Wellington Lions (2023 - 2023) -> Hurricanes (2023 - 2023) -> Wellington Lions (2023 - 2023) -> Hurricanes (2024 - 2024) -> Wellington Lions (2024 - 2024) -> Hurricanes (2024 - 2024) -> Wellington Lions (2024 - 2024) -> Hurricanes (2025 - 2025) -> Wellington Lions (2025 - 2025) -> Hurricanes (2025 - 2026),,,https://all.rugby/player/caleb-delany,Wellington Lions (2019 - 2021) -> Hurricanes (2021 - 2021) -> Wellington Lions (2021 - 2021) -> Hurricanes (2022 - 2022) -> Wellington Lions (2022 - 2022) -> Hurricanes (2022 - 2022) -> Wellington Lions (2022 - 2022) -> Hurricanes (2023 - 2023) -> Wellington Lions (2023 - 2023) -> Hurricanes (2023 - 2023) -> Wellington Lions (2023 - 2023) -> Hurricanes (2024 - 2024) -> Wellington Lions (2024 - 2024) -> Hurricanes (2024 - 2024) -> Wellington Lions (2024 - 2024) -> Hurricanes (2025 - 2025) -> Wellington Lions (2025 - 2025) -> Hurricanes (2025 - 2026)
Hugo PLUMMER,Hugo PLUMMER,LO,Hurricanes,198,119,2000.08.25,,,,,A,0,https://all.rugby/player/hugo-plummer,,Wellington Lions (2021 - 2022) -> Hurricanes (2022 - 2022) -> Wellington Lions (2022 - 2022) -> Hurricanes (2023 - 2023) -> Wellington Lions (2023 - 2023) -> Highlanders (2023 - 2023) -> Wellington Lions (2023 - 2023) -> Highlanders (2024 - 2024) -> Wellington Lions (2024 - 2024) -> Hurricanes (2024 - 2024) -> Wellington Lions (2024 - 2024) -> Hurricanes (2025 - 2025) -> Wellington Lions (2025 - 2025) -> Hurricanes (2025 - 2026),,,https://all.rugby/player/hugo-plummer,Wellington Lions (2021 - 2022) -> Hurricanes (2022 - 2022) -> Wellington Lions (2022 - 2022) -> Hurricanes (2023 - 2023) -> Wellington Lions (2023 - 2023) -> Highlanders (2023 - 2023) -> Wellington Lions (2023 - 2023) -> Highlanders (2024 - 2024) -> Wellington Lions (2024 - 2024) -> Hurricanes (2024 - 2024) -> Wellington Lions (2024 - 2024) -> Hurricanes (2025 - 2025) -> Wellington Lions (2025 - 2025) -> Hurricanes (2025 - 2026)
Isaia WALKER-LEAWERE,Isaia WALKER-LEAWERE,LO,Hurricanes,197,122,1997.04.16,,,,,A,0,https://all.rugby/player/isaia-walker-leawere,,Hurricanes (2017 - 2019) -> Hawke's Bay Magpies (2019 - 2019) -> Hurricanes (2020 - 2020) -> Hawke's Bay Magpies (2020 - 2020) -> Hurricanes (2020 - 2021) -> Hawke's Bay Magpies (2021 - 2021) -> Hurricanes (2022 - 2022) -> Hawke's Bay Magpies (2022 - 2022) -> Hurricanes (2022 - 2022) -> Hawke's Bay Magpies (2022 - 2022) -> Hurricanes (2023 - 2023) -> Hawke's Bay Magpies (2023 - 2023) -> Hurricanes (2023 - 2023) -> Hawke's Bay Magpies (2023 - 2023) -> Hurricanes (2024 - 2024) -> Hawke's Bay Magpies (2024 - 2024) -> Hurricanes (2024 - 2024) -> Hawke's Bay Magpies (2024 - 2024) -> North Harbour (2024 - 2024) -> Hurricanes (2025 - 2025) -> Hawke's Bay Magpies (2025 - 2025) -> North Harbour (2025 - 2025) -> Hurricanes (2025 - 2026),,,https://all.rugby/player/isaia-walker-leawere,Hurricanes (2017 - 2019) -> Hawke's Bay Magpies (2019 - 2019) -> Hurricanes (2020 - 2020) -> Hawke's Bay Magpies (2020 - 2020) -> Hurricanes (2020 - 2021) -> Hawke's Bay Magpies (2021 - 2021) -> Hurricanes (2022 - 2022) -> Hawke's Bay Magpies (2022 - 2022) -> Hurricanes (2022 - 2022) -> Hawke's Bay Magpies (2022 - 2022) -> Hurricanes (2023 - 2023) -> Hawke's Bay Magpies (2023 - 2023) -> Hurricanes (2023 - 2023) -> Hawke's Bay Magpies (2023 - 2023) -> Hurricanes (2024 - 2024) -> Hawke's Bay Magpies (2024 - 2024) -> Hurricanes (2024 - 2024) -> Hawke's Bay Magpies (2024 - 2024) -> North Harbour (2024 - 2024) -> Hurricanes (2025 - 2025) -> Hawke's Bay Magpies (2025 - 2025) -> North Harbour (2025 - 2025) -> Hurricanes (2025 - 2026)
Tom ALLEN,Tom ALLEN,LO,Hurricanes,197,114,2004..,,,,,A,0,https://all.rugby/player/tom-allen,,Hawke's Bay Magpies (2022 - 2023) -> Hurricanes (2023 - 2024) -> Auckland (2024 - 2024) -> Hurricanes (2025 - 2025) -> Auckland (2025 - 2025) -> Hurricanes (2025 - 2026),,,https://all.rugby/player/tom-allen,Hawke's Bay Magpies (2022 - 2023) -> Hurricanes (2023 - 2024) -> Auckland (2024 - 2024) -> Hurricanes (2025 - 2025) -> Auckland (2025 - 2025) -> Hurricanes (2025 - 2026)
Warner DEARNS,Warner DEARNS,LO,Hurricanes,202,124,2002.04.11,,,,,A,0,https://all.rugby/player/warner-dearns,,Toshiba Brave Lupus Tokyo (2021 - 2025) -> Hurricanes (2025 - 2026),New Zealand,New Zealand,https://all.rugby/player/warner-dearns,Toshiba Brave Lupus Tokyo (2021 - 2025) -> Hurricanes (2025 - 2026)
Arese POLIKO,Arese POLIKO,Back row,Hurricanes,190,115,2001.01.23,,,,,A,0,https://all.rugby/player/arese-poliko,,Southland Stags (2019 - 2022) -> Taranaki Bulls (2022 - 2024) -> Hurricanes (2024 - 2024) -> Taranaki Bulls (2024 - 2024) -> Hurricanes (2025 - 2025) -> Taranaki Bulls (2025 - 2025) -> Hurricanes (2025 - 2026),,,https://all.rugby/player/arese-poliko,Southland Stags (2019 - 2022) -> Taranaki Bulls (2022 - 2024) -> Hurricanes (2024 - 2024) -> Taranaki Bulls (2024 - 2024) -> Hurricanes (2025 - 2025) -> Taranaki Bulls (2025 - 2025) -> Hurricanes (2025 - 2026)
Brad SHIELDS,Brad SHIELDS,Back row,Hurricanes,194,113,1991.04.02,,,,,A,0,https://all.rugby/player/brad-shields,,Hurricanes (2013 - 2018) -> Wasps (2018 - 2022) -> Union Sportive Arlequins Perpignanais (2022 - 2022) -> Wellington Lions (2022 - 2022) -> Wasps (2023 - 2023) -> Union Sportive Arlequins Perpignanais (2023 - 2023) -> Wellington Lions (2023 - 2023) -> Hurricanes (2023 - 2023) -> Wellington Lions (2023 - 2023) -> Hurricanes (2024 - 2024) -> Wellington Lions (2024 - 2024) -> Hurricanes (2024 - 2024) -> Wellington Lions (2024 - 2024) -> Hurricanes (2025 - 2025) -> Wellington Lions (2025 - 2025) -> Hurricanes (2025 - 2026),New Zealand,New Zealand,https://all.rugby/player/brad-shields,Hurricanes (2013 - 2018) -> Wasps (2018 - 2022) -> Union Sportive Arlequins Perpignanais (2022 - 2022) -> Wellington Lions (2022 - 2022) -> Wasps (2023 - 2023) -> Union Sportive Arlequins Perpignanais (2023 - 2023) -> Wellington Lions (2023 - 2023) -> Hurricanes (2023 - 2023) -> Wellington Lions (2023 - 2023) -> Hurricanes (2024 - 2024) -> Wellington Lions (2024 - 2024) -> Hurricanes (2024 - 2024) -> Wellington Lions (2024 - 2024) -> Hurricanes (2025 - 2025) -> Wellington Lions (2025 - 2025) -> Hurricanes (2025 - 2026)
Brayden IOSE,Brayden IOSE,Back row,Hurricanes,188,109,1998.08.26,,,,,A,0,https://all.rugby/player/brayden-iose,,Manawatu Turbos (2016 - 2020) -> Hurricanes (2020 - 2020) -> Manawatu Turbos (2020 - 2020) -> Hurricanes (2021 - 2021) -> Manawatu Turbos (2021 - 2021) -> Hurricanes (2021 - 2021) -> Manawatu Turbos (2021 - 2021) -> Hurricanes (2022 - 2022) -> Manawatu Turbos (2022 - 2022) -> Hurricanes (2022 - 2022) -> Manawatu Turbos (2022 - 2022) -> Hurricanes (2023 - 2023) -> Manawatu Turbos (2023 - 2023) -> Hurricanes (2023 - 2023) -> Manawatu Turbos (2023 - 2023) -> Hurricanes (2024 - 2024) -> Manawatu Turbos (2024 - 2024) -> Hurricanes (2024 - 2024) -> Manawatu Turbos (2024 - 2024) -> Hurricanes (2025 - 2025) -> Manawatu Turbos (2025 - 2025) -> Hurricanes (2025 - 2026),,,https://all.rugby/player/brayden-iose,Manawatu Turbos (2016 - 2020) -> Hurricanes (2020 - 2020) -> Manawatu Turbos (2020 - 2020) -> Hurricanes (2021 - 2021) -> Manawatu Turbos (2021 - 2021) -> Hurricanes (2021 - 2021) -> Manawatu Turbos (2021 - 2021) -> Hurricanes (2022 - 2022) -> Manawatu Turbos (2022 - 2022) -> Hurricanes (2022 - 2022) -> Manawatu Turbos (2022 - 2022) -> Hurricanes (2023 - 2023) -> Manawatu Turbos (2023 - 2023) -> Hurricanes (2023 - 2023) -> Manawatu Turbos (2023 - 2023) -> Hurricanes (2024 - 2024) -> Manawatu Turbos (2024 - 2024) -> Hurricanes (2024 - 2024) -> Manawatu Turbos (2024 - 2024) -> Hurricanes (2025 - 2025) -> Manawatu Turbos (2025 - 2025) -> Hurricanes (2025 - 2026)
Devan FLANDERS,Devan FLANDERS,Back row,Hurricanes,193,108,1999.07.20,,,,,A,0,https://all.rugby/player/devan-flanders,,Hawke's Bay Magpies (2017 - 2019) -> Hurricanes (2019 - 2019) -> Hawke's Bay Magpies (2019 - 2019) -> Hurricanes (2020 - 2020) -> Hawke's Bay Magpies (2020 - 2020) -> Hurricanes (2020 - 2020) -> Hawke's Bay Magpies (2020 - 2020) -> Hurricanes (2021 - 2021) -> Hawke's Bay Magpies (2021 - 2021) -> Hurricanes (2021 - 2021) -> Hawke's Bay Magpies (2021 - 2021) -> Hurricanes (2022 - 2022) -> Hawke's Bay Magpies (2022 - 2022) -> Hurricanes (2022 - 2022) -> Hawke's Bay Magpies (2022 - 2022) -> Hurricanes (2023 - 2023) -> Hawke's Bay Magpies (2023 - 2023) -> Hurricanes (2023 - 2023) -> Hawke's Bay Magpies (2023 - 2023) -> Hurricanes (2024 - 2024) -> Hawke's Bay Magpies (2024 - 2024) -> Hurricanes (2024 - 2024) -> Hawke's Bay Magpies (2024 - 2024) -> Hurricanes (2025 - 2025) -> Hawke's Bay Magpies (2025 - 2025) -> Hurricanes (2025 - 2026),,,https://all.rugby/player/devan-flanders,Hawke's Bay Magpies (2017 - 2019) -> Hurricanes (2019 - 2019) -> Hawke's Bay Magpies (2019 - 2019) -> Hurricanes (2020 - 2020) -> Hawke's Bay Magpies (2020 - 2020) -> Hurricanes (2020 - 2020) -> Hawke's Bay Magpies (2020 - 2020) -> Hurricanes (2021 - 2021) -> Hawke's Bay Magpies (2021 - 2021) -> Hurricanes (2021 - 2021) -> Hawke's Bay Magpies (2021 - 2021) -> Hurricanes (2022 - 2022) -> Hawke's Bay Magpies (2022 - 2022) -> Hurricanes (2022 - 2022) -> Hawke's Bay Magpies (2022 - 2022) -> Hurricanes (2023 - 2023) -> Hawke's Bay Magpies (2023 - 2023) -> Hurricanes (2023 - 2023) -> Hawke's Bay Magpies (2023 - 2023) -> Hurricanes (2024 - 2024) -> Hawke's Bay Magpies (2024 - 2024) -> Hurricanes (2024 - 2024) -> Hawke's Bay Magpies (2024 - 2024) -> Hurricanes (2025 - 2025) -> Hawke's Bay Magpies (2025 - 2025) -> Hurricanes (2025 - 2026)
Du'Plessis KIRIFI,Du'Plessis KIRIFI,Back row,Hurricanes,181,103,1997.03.03,,,,,A,0,https://all.rugby/player/du-plessis-kirifi,,Hurricanes (2018 - 2019) -> Wellington Lions (2019 - 2019) -> Hurricanes (2020 - 2020) -> Wellington Lions (2020 - 2020) -> Hurricanes (2020 - 2020) -> Wellington Lions (2020 - 2020) -> Hurricanes (2021 - 2021) -> Wellington Lions (2021 - 2021) -> Hurricanes (2021 - 2021) -> Wellington Lions (2021 - 2021) -> Hurricanes (2022 - 2022) -> Wellington Lions (2022 - 2022) -> Hurricanes (2022 - 2022) -> Wellington Lions (2022 - 2022) -> Hurricanes (2023 - 2023) -> Wellington Lions (2023 - 2023) -> Hurricanes (2023 - 2023) -> Wellington Lions (2023 - 2023) -> Hurricanes (2024 - 2024) -> Wellington Lions (2024 - 2024) -> Hurricanes (2024 - 2026),New Zealand,New Zealand,https://all.rugby/player/du-plessis-kirifi,Hurricanes (2018 - 2019) -> Wellington Lions (2019 - 2019) -> Hurricanes (2020 - 2020) -> Wellington Lions (2020 - 2020) -> Hurricanes (2020 - 2020) -> Wellington Lions (2020 - 2020) -> Hurricanes (2021 - 2021) -> Wellington Lions (2021 - 2021) -> Hurricanes (2021 - 2021) -> Wellington Lions (2021 - 2021) -> Hurricanes (2022 - 2022) -> Wellington Lions (2022 - 2022) -> Hurricanes (2022 - 2022) -> Wellington Lions (2022 - 2022) -> Hurricanes (2023 - 2023) -> Wellington Lions (2023 - 2023) -> Hurricanes (2023 - 2023) -> Wellington Lions (2023 - 2023) -> Hurricanes (2024 - 2024) -> Wellington Lions (2024 - 2024) -> Hurricanes (2024 - 2026)
Matolu PETAIA,Matolu PETAIA,Back row,Hurricanes,,,,,,,,A,0,https://all.rugby/player/matolu-petaia,,Wellington Lions (2023 - 2025) -> Hurricanes (2025 - 2026),,,https://all.rugby/player/matolu-petaia,Wellington Lions (2023 - 2025) -> Hurricanes (2025 - 2026)
Peter LAKAI,Peter LAKAI,Back row,Hurricanes,186,110,2003.03.04,,,,,A,0,https://all.rugby/player/peter-lakai,,Wellington Lions (2021 - 2022) -> Hurricanes (2022 - 2022) -> Wellington Lions (2022 - 2022) -> Hurricanes (2023 - 2023) -> Wellington Lions (2023 - 2023) -> Hurricanes (2023 - 2023) -> Wellington Lions (2023 - 2023) -> Hurricanes (2024 - 2024) -> Wellington Lions (2024 - 2024) -> Hurricanes (2024 - 2024) -> Wellington Lions (2024 - 2024) -> Hurricanes (2025 - 2025) -> Wellington Lions (2025 - 2025) -> Hurricanes (2025 - 2026),New Zealand,New Zealand,https://all.rugby/player/peter-lakai,Wellington Lions (2021 - 2022) -> Hurricanes (2022 - 2022) -> Wellington Lions (2022 - 2022) -> Hurricanes (2023 - 2023) -> Wellington Lions (2023 - 2023) -> Hurricanes (2023 - 2023) -> Wellington Lions (2023 - 2023) -> Hurricanes (2024 - 2024) -> Wellington Lions (2024 - 2024) -> Hurricanes (2024 - 2024) -> Wellington Lions (2024 - 2024) -> Hurricanes (2025 - 2025) -> Wellington Lions (2025 - 2025) -> Hurricanes (2025 - 2026)
Cam ROIGARD,Cam ROIGARD,SH,Hurricanes,183,88,2000.11.16,,,,,A,0,https://all.rugby/player/cameron-roigard,,Counties Manukau Steelers (2019 - 2020) -> Hurricanes (2020 - 2020) -> Counties Manukau Steelers (2020 - 2020) -> Hurricanes (2021 - 2021) -> Counties Manukau Steelers (2021 - 2021) -> Hurricanes (2021 - 2021) -> Counties Manukau Steelers (2021 - 2021) -> Hurricanes (2022 - 2022) -> Counties Manukau Steelers (2022 - 2022) -> Hurricanes (2022 - 2023) -> Counties Manukau Steelers (2023 - 2023) -> Hurricanes (2024 - 2024) -> Counties Manukau Steelers (2024 - 2024) -> Hurricanes (2024 - 2024) -> Counties Manukau Steelers (2024 - 2024) -> Hurricanes (2025 - 2025) -> Counties Manukau Steelers (2025 - 2025) -> Hurricanes (2025 - 2026),New Zealand,New Zealand,https://all.rugby/player/cameron-roigard,Counties Manukau Steelers (2019 - 2020) -> Hurricanes (2020 - 2020) -> Counties Manukau Steelers (2020 - 2020) -> Hurricanes (2021 - 2021) -> Counties Manukau Steelers (2021 - 2021) -> Hurricanes (2021 - 2021) -> Counties Manukau Steelers (2021 - 2021) -> Hurricanes (2022 - 2022) -> Counties Manukau Steelers (2022 - 2022) -> Hurricanes (2022 - 2023) -> Counties Manukau Steelers (2023 - 2023) -> Hurricanes (2024 - 2024) -> Counties Manukau Steelers (2024 - 2024) -> Hurricanes (2024 - 2024) -> Counties Manukau Steelers (2024 - 2024) -> Hurricanes (2025 - 2025) -> Counties Manukau Steelers (2025 - 2025) -> Hurricanes (2025 - 2026)
Ere ENARI,Ere ENARI,SH,Hurricanes,178,84,1997.05.30,,,,,A,0,https://all.rugby/player/ereatara-enari,,Canterbury (2016 - 2016) -> Crusaders (2016 - 2016) -> Canterbury (2017 - 2017) -> Crusaders (2017 - 2019) -> Canterbury (2019 - 2019) -> Crusaders (2020 - 2020) -> Canterbury (2020 - 2020) -> Crusaders (2020 - 2020) -> Hawke's Bay Magpies (2020 - 2020) -> Crusaders (2021 - 2021) -> Hawke's Bay Magpies (2021 - 2021) -> Moana Pasifika (2021 - 2021) -> Hawke's Bay Magpies (2021 - 2021) -> Moana Pasifika (2022 - 2022) -> Hawke's Bay Magpies (2022 - 2022) -> Moana Pasifika (2022 - 2023) -> Hawke's Bay Magpies (2023 - 2023) -> Moana Pasifika (2024 - 2024) -> Hawke's Bay Magpies (2024 - 2024) -> Hurricanes (2024 - 2024) -> Hawke's Bay Magpies (2024 - 2024) -> Hurricanes (2025 - 2025) -> Hawke's Bay Magpies (2025 - 2025) -> Hurricanes (2025 - 2026),,,https://all.rugby/player/ereatara-enari,Canterbury (2016 - 2016) -> Crusaders (2016 - 2016) -> Canterbury (2017 - 2017) -> Crusaders (2017 - 2019) -> Canterbury (2019 - 2019) -> Crusaders (2020 - 2020) -> Canterbury (2020 - 2020) -> Crusaders (2020 - 2020) -> Hawke's Bay Magpies (2020 - 2020) -> Crusaders (2021 - 2021) -> Hawke's Bay Magpies (2021 - 2021) -> Moana Pasifika (2021 - 2021) -> Hawke's Bay Magpies (2021 - 2021) -> Moana Pasifika (2022 - 2022) -> Hawke's Bay Magpies (2022 - 2022) -> Moana Pasifika (2022 - 2023) -> Hawke's Bay Magpies (2023 - 2023) -> Moana Pasifika (2024 - 2024) -> Hawke's Bay Magpies (2024 - 2024) -> Hurricanes (2024 - 2024) -> Hawke's Bay Magpies (2024 - 2024) -> Hurricanes (2025 - 2025) -> Hawke's Bay Magpies (2025 - 2025) -> Hurricanes (2025 - 2026)
Jordi VILJOEN,Jordi VILJOEN,SH,Hurricanes,169,76,2003.10.14,,,,,A,0,https://all.rugby/player/jordi-viljoen,,Manawatu Turbos (2022 - 2023) -> Hurricanes (2023 - 2023) -> Manawatu Turbos (2023 - 2023) -> Hurricanes (2024 - 2024) -> Manawatu Turbos (2024 - 2024) -> Hurricanes (2024 - 2024) -> Manawatu Turbos (2024 - 2024) -> Hurricanes (2025 - 2025) -> Manawatu Turbos (2025 - 2025) -> Hurricanes (2025 - 2026),,,https://all.rugby/player/jordi-viljoen,Manawatu Turbos (2022 - 2023) -> Hurricanes (2023 - 2023) -> Manawatu Turbos (2023 - 2023) -> Hurricanes (2024 - 2024) -> Manawatu Turbos (2024 - 2024) -> Hurricanes (2024 - 2024) -> Manawatu Turbos (2024 - 2024) -> Hurricanes (2025 - 2025) -> Manawatu Turbos (2025 - 2025) -> Hurricanes (2025 - 2026)
Brett CAMERON,Brett CAMERON,SO,Hurricanes,175,84,1996.10.04,,,,,A,0,https://all.rugby/player/brett-cameron,,Crusaders (2017 - 2019) -> Canterbury (2019 - 2019) -> Crusaders (2020 - 2020) -> Canterbury (2020 - 2020) -> Crusaders (2020 - 2020) -> Manawatu Turbos (2020 - 2020) -> Crusaders (2021 - 2021) -> Manawatu Turbos (2021 - 2021) -> Kamaishi Seawaves (2021 - 2021) -> Manawatu Turbos (2021 - 2021) -> Kamaishi Seawaves (2022 - 2022) -> Manawatu Turbos (2022 - 2022) -> Hurricanes (2022 - 2022) -> Manawatu Turbos (2022 - 2022) -> Hurricanes (2023 - 2023) -> Manawatu Turbos (2023 - 2023) -> Hurricanes (2023 - 2023) -> Manawatu Turbos (2023 - 2023) -> Hurricanes (2024 - 2024) -> Manawatu Turbos (2024 - 2024) -> Hurricanes (2024 - 2024) -> Manawatu Turbos (2024 - 2024) -> Hurricanes (2025 - 2025) -> Manawatu Turbos (2025 - 2025) -> Hurricanes (2025 - 2026),New Zealand,New Zealand,https://all.rugby/player/brett-cameron,Crusaders (2017 - 2019) -> Canterbury (2019 - 2019) -> Crusaders (2020 - 2020) -> Canterbury (2020 - 2020) -> Crusaders (2020 - 2020) -> Manawatu Turbos (2020 - 2020) -> Crusaders (2021 - 2021) -> Manawatu Turbos (2021 - 2021) -> Kamaishi Seawaves (2021 - 2021) -> Manawatu Turbos (2021 - 2021) -> Kamaishi Seawaves (2022 - 2022) -> Manawatu Turbos (2022 - 2022) -> Hurricanes (2022 - 2022) -> Manawatu Turbos (2022 - 2022) -> Hurricanes (2023 - 2023) -> Manawatu Turbos (2023 - 2023) -> Hurricanes (2023 - 2023) -> Manawatu Turbos (2023 - 2023) -> Hurricanes (2024 - 2024) -> Manawatu Turbos (2024 - 2024) -> Hurricanes (2024 - 2024) -> Manawatu Turbos (2024 - 2024) -> Hurricanes (2025 - 2025) -> Manawatu Turbos (2025 - 2025) -> Hurricanes (2025 - 2026)
Callum HARKIN,Callum HARKIN,SO,Hurricanes,184,90,1999.04.08,,,,,A,0,https://all.rugby/player/callum-harkin,,Wellington Lions (2023 - 2024) -> Hurricanes (2024 - 2024) -> Wellington Lions (2024 - 2024) -> Hurricanes (2025 - 2025) -> Wellington Lions (2025 - 2025) -> Hurricanes (2025 - 2026),,,https://all.rugby/player/callum-harkin,Wellington Lions (2023 - 2024) -> Hurricanes (2024 - 2024) -> Wellington Lions (2024 - 2024) -> Hurricanes (2025 - 2025) -> Wellington Lions (2025 - 2025) -> Hurricanes (2025 - 2026)
Harry GODFREY,Harry GODFREY,SO,Hurricanes,176,88,2003.01.03,,,,,A,0,https://all.rugby/player/harry-godfrey,,Hawke's Bay Magpies (2020 - 2022) -> Hurricanes (2022 - 2022) -> Hawke's Bay Magpies (2022 - 2022) -> Hurricanes (2023 - 2023) -> Hawke's Bay Magpies (2023 - 2023) -> Hurricanes (2023 - 2023) -> Hawke's Bay Magpies (2023 - 2023) -> Hurricanes (2024 - 2024) -> Hawke's Bay Magpies (2024 - 2024) -> Hurricanes (2024 - 2024) -> Hawke's Bay Magpies (2024 - 2024) -> Hurricanes (2025 - 2025) -> Hawke's Bay Magpies (2025 - 2025) -> Hurricanes (2025 - 2026),,,https://all.rugby/player/harry-godfrey,Hawke's Bay Magpies (2020 - 2022) -> Hurricanes (2022 - 2022) -> Hawke's Bay Magpies (2022 - 2022) -> Hurricanes (2023 - 2023) -> Hawke's Bay Magpies (2023 - 2023) -> Hurricanes (2023 - 2023) -> Hawke's Bay Magpies (2023 - 2023) -> Hurricanes (2024 - 2024) -> Hawke's Bay Magpies (2024 - 2024) -> Hurricanes (2024 - 2024) -> Hawke's Bay Magpies (2024 - 2024) -> Hurricanes (2025 - 2025) -> Hawke's Bay Magpies (2025 - 2025) -> Hurricanes (2025 - 2026)
Lucas CASHMORE,Lucas CASHMORE,SO,Hurricanes,177,86,2002.08.25,,,,,A,0,https://all.rugby/player/lucas-cashmore,,Bay of Plenty Steamers (2020 - 2023) -> Blues (2023 - 2023) -> Bay of Plenty Steamers (2023 - 2023) -> Blues (2024 - 2024) -> Bay of Plenty Steamers (2024 - 2024) -> Hurricanes (2024 - 2024) -> Bay of Plenty Steamers (2024 - 2024) -> Hurricanes (2025 - 2025) -> Bay of Plenty Steamers (2025 - 2025) -> Hurricanes (2025 - 2026),,,https://all.rugby/player/lucas-cashmore,Bay of Plenty Steamers (2020 - 2023) -> Blues (2023 - 2023) -> Bay of Plenty Steamers (2023 - 2023) -> Blues (2024 - 2024) -> Bay of Plenty Steamers (2024 - 2024) -> Hurricanes (2024 - 2024) -> Bay of Plenty Steamers (2024 - 2024) -> Hurricanes (2025 - 2025) -> Bay of Plenty Steamers (2025 - 2025) -> Hurricanes (2025 - 2026)
Bailyn SULLIVAN,Bailyn SULLIVAN,CTB,Hurricanes,187,103,1998.09.03,,,,,A,0,https://all.rugby/player/bailyn-sullivan,,Chiefs (2017 - 2019) -> Waikato Mooloos (2019 - 2019) -> Chiefs (2020 - 2020) -> Waikato Mooloos (2020 - 2020) -> Chiefs (2020 - 2020) -> Waikato Mooloos (2020 - 2020) -> Chiefs (2021 - 2021) -> Waikato Mooloos (2021 - 2021) -> Hurricanes (2021 - 2021) -> Waikato Mooloos (2021 - 2021) -> Hurricanes (2022 - 2022) -> Waikato Mooloos (2022 - 2022) -> Hurricanes (2022 - 2022) -> Waikato Mooloos (2022 - 2022) -> Hurricanes (2023 - 2023) -> Waikato Mooloos (2023 - 2023) -> Hurricanes (2023 - 2023) -> Waikato Mooloos (2023 - 2023) -> Hurricanes (2024 - 2024) -> Waikato Mooloos (2024 - 2024) -> Hurricanes (2024 - 2024) -> Waikato Mooloos (2024 - 2024) -> Hurricanes (2025 - 2025) -> Waikato Mooloos (2025 - 2025) -> Hurricanes (2025 - 2026),,,https://all.rugby/player/bailyn-sullivan,Chiefs (2017 - 2019) -> Waikato Mooloos (2019 - 2019) -> Chiefs (2020 - 2020) -> Waikato Mooloos (2020 - 2020) -> Chiefs (2020 - 2020) -> Waikato Mooloos (2020 - 2020) -> Chiefs (2021 - 2021) -> Waikato Mooloos (2021 - 2021) -> Hurricanes (2021 - 2021) -> Waikato Mooloos (2021 - 2021) -> Hurricanes (2022 - 2022) -> Waikato Mooloos (2022 - 2022) -> Hurricanes (2022 - 2022) -> Waikato Mooloos (2022 - 2022) -> Hurricanes (2023 - 2023) -> Waikato Mooloos (2023 - 2023) -> Hurricanes (2023 - 2023) -> Waikato Mooloos (2023 - 2023) -> Hurricanes (2024 - 2024) -> Waikato Mooloos (2024 - 2024) -> Hurricanes (2024 - 2024) -> Waikato Mooloos (2024 - 2024) -> Hurricanes (2025 - 2025) -> Waikato Mooloos (2025 - 2025) -> Hurricanes (2025 - 2026)
Billy PROCTOR,Billy PROCTOR,CTB,Hurricanes,187,98,1999.05.14,,,,,A,0,https://all.rugby/player/billy-proctor,,Hurricanes (2018 - 2019) -> Wellington Lions (2019 - 2019) -> Hurricanes (2020 - 2020) -> Wellington Lions (2020 - 2020) -> Hurricanes (2020 - 2020) -> Wellington Lions (2020 - 2020) -> Hurricanes (2021 - 2021) -> Wellington Lions (2021 - 2021) -> Hurricanes (2021 - 2021) -> Wellington Lions (2021 - 2021) -> Hurricanes (2022 - 2022) -> Wellington Lions (2022 - 2022) -> Hurricanes (2022 - 2022) -> Wellington Lions (2022 - 2022) -> Hurricanes (2023 - 2023) -> Wellington Lions (2023 - 2023) -> Hurricanes (2023 - 2023) -> Wellington Lions (2023 - 2023) -> Hurricanes (2024 - 2024) -> Wellington Lions (2024 - 2024) -> Hurricanes (2024 - 2026),New Zealand,New Zealand,https://all.rugby/player/billy-proctor,Hurricanes (2018 - 2019) -> Wellington Lions (2019 - 2019) -> Hurricanes (2020 - 2020) -> Wellington Lions (2020 - 2020) -> Hurricanes (2020 - 2020) -> Wellington Lions (2020 - 2020) -> Hurricanes (2021 - 2021) -> Wellington Lions (2021 - 2021) -> Hurricanes (2021 - 2021) -> Wellington Lions (2021 - 2021) -> Hurricanes (2022 - 2022) -> Wellington Lions (2022 - 2022) -> Hurricanes (2022 - 2022) -> Wellington Lions (2022 - 2022) -> Hurricanes (2023 - 2023) -> Wellington Lions (2023 - 2023) -> Hurricanes (2023 - 2023) -> Wellington Lions (2023 - 2023) -> Hurricanes (2024 - 2024) -> Wellington Lions (2024 - 2024) -> Hurricanes (2024 - 2026)
Fehi FINEANGANOFO,Fehi FINEANGANOFO,CTB,Hurricanes,186,105,2002.08.31,,,,,A,0,https://all.rugby/player/fehi-fineanganofo,,Bay of Plenty Steamers (2022 - 2024) -> Hurricanes (2024 - 2024) -> Bay of Plenty Steamers (2024 - 2024) -> Hurricanes (2025 - 2025) -> Bay of Plenty Steamers (2025 - 2025) -> Hurricanes (2025 - 2026),,,https://all.rugby/player/fehi-fineanganofo,Bay of Plenty Steamers (2022 - 2024) -> Hurricanes (2024 - 2024) -> Bay of Plenty Steamers (2024 - 2024) -> Hurricanes (2025 - 2025) -> Bay of Plenty Steamers (2025 - 2025) -> Hurricanes (2025 - 2026)
Jone ROVA,Jone ROVA,CTB,Hurricanes,185,96,2002.12.07,,,,,A,0,https://all.rugby/player/jone-rova,,Canterbury (2021 - 2023) -> Crusaders (2023 - 2023) -> Canterbury (2023 - 2023) -> Crusaders (2024 - 2024) -> Canterbury (2024 - 2024) -> Hurricanes (2024 - 2024) -> Canterbury (2024 - 2024) -> Hurricanes (2025 - 2025) -> Canterbury (2025 - 2025) -> Hurricanes (2025 - 2026),,,https://all.rugby/player/jone-rova,Canterbury (2021 - 2023) -> Crusaders (2023 - 2023) -> Canterbury (2023 - 2023) -> Crusaders (2024 - 2024) -> Canterbury (2024 - 2024) -> Hurricanes (2024 - 2024) -> Canterbury (2024 - 2024) -> Hurricanes (2025 - 2025) -> Canterbury (2025 - 2025) -> Hurricanes (2025 - 2026)
Jordie BARRETT,Jordie BARRETT,CTB,Hurricanes,196,102,1997.02.17,,,,,A,0,https://all.rugby/player/jordie-barrett,,Hurricanes (2016 - 2019) -> Taranaki Bulls (2019 - 2019) -> Hurricanes (2020 - 2020) -> Taranaki Bulls (2020 - 2020) -> Hurricanes (2020 - 2024) -> Leinster Rugby (2024 - 2025) -> Hurricanes (2025 - 2026),New Zealand,New Zealand,https://all.rugby/player/jordie-barrett,Hurricanes (2016 - 2019) -> Taranaki Bulls (2019 - 2019) -> Hurricanes (2020 - 2020) -> Taranaki Bulls (2020 - 2020) -> Hurricanes (2020 - 2024) -> Leinster Rugby (2024 - 2025) -> Hurricanes (2025 - 2026)
Josh TIMU,Josh TIMU,CTB,Hurricanes,183,94,1997.07.06,,,,,A,0,https://all.rugby/player/josh-timu,,Otago (2016 - 2018) -> Sunwolves (2018 - 2018) -> Otago (2018 - 2018) -> Sunwolves (2019 - 2019) -> Otago (2019 - 2021) -> Highlanders (2021 - 2021) -> Otago (2021 - 2021) -> Highlanders (2022 - 2022) -> Otago (2022 - 2022) -> Highlanders (2022 - 2023) -> Otago (2023 - 2023) -> Highlanders (2024 - 2024) -> Otago (2024 - 2025) -> Hurricanes (2025 - 2026),,,https://all.rugby/player/josh-timu,Otago (2016 - 2018) -> Sunwolves (2018 - 2018) -> Otago (2018 - 2018) -> Sunwolves (2019 - 2019) -> Otago (2019 - 2021) -> Highlanders (2021 - 2021) -> Otago (2021 - 2021) -> Highlanders (2022 - 2022) -> Otago (2022 - 2022) -> Highlanders (2022 - 2023) -> Otago (2023 - 2023) -> Highlanders (2024 - 2024) -> Otago (2024 - 2025) -> Hurricanes (2025 - 2026)
Riley HIGGINS,Riley HIGGINS,CTB,Hurricanes,187,99,2002.10.09,,,,,A,0,https://all.rugby/player/riley-higgins,,Hurricanes (2021 - 2021) -> Wellington Lions (2021 - 2021) -> Hurricanes (2022 - 2022) -> Wellington Lions (2022 - 2022) -> Hurricanes (2022 - 2022) -> Wellington Lions (2022 - 2022) -> Hurricanes (2023 - 2023) -> Wellington Lions (2023 - 2023) -> Hurricanes (2023 - 2023) -> Wellington Lions (2023 - 2023) -> Hurricanes (2024 - 2024) -> Wellington Lions (2024 - 2024) -> Hurricanes (2024 - 2026),,,https://all.rugby/player/riley-higgins,Hurricanes (2021 - 2021) -> Wellington Lions (2021 - 2021) -> Hurricanes (2022 - 2022) -> Wellington Lions (2022 - 2022) -> Hurricanes (2022 - 2022) -> Wellington Lions (2022 - 2022) -> Hurricanes (2023 - 2023) -> Wellington Lions (2023 - 2023) -> Hurricanes (2023 - 2023) -> Wellington Lions (2023 - 2023) -> Hurricanes (2024 - 2024) -> Wellington Lions (2024 - 2024) -> Hurricanes (2024 - 2026)
Kini NAHOLO,Kini NAHOLO,Winger,Hurricanes,178,98,1999.04.16,,,,,A,0,https://all.rugby/player/kiniviliame-naholo,,Taranaki Bulls (2018 - 2019) -> Chiefs (2019 - 2020) -> Taranaki Bulls (2020 - 2021) -> Crusaders (2021 - 2021) -> Taranaki Bulls (2021 - 2021) -> Crusaders (2022 - 2022) -> Taranaki Bulls (2022 - 2022) -> Hurricanes (2022 - 2022) -> Taranaki Bulls (2022 - 2022) -> Hurricanes (2023 - 2023) -> Taranaki Bulls (2023 - 2023) -> Hurricanes (2023 - 2023) -> Taranaki Bulls (2023 - 2023) -> Hurricanes (2024 - 2024) -> Taranaki Bulls (2024 - 2024) -> Hurricanes (2024 - 2026),,,https://all.rugby/player/kiniviliame-naholo,Taranaki Bulls (2018 - 2019) -> Chiefs (2019 - 2020) -> Taranaki Bulls (2020 - 2021) -> Crusaders (2021 - 2021) -> Taranaki Bulls (2021 - 2021) -> Crusaders (2022 - 2022) -> Taranaki Bulls (2022 - 2022) -> Hurricanes (2022 - 2022) -> Taranaki Bulls (2022 - 2022) -> Hurricanes (2023 - 2023) -> Taranaki Bulls (2023 - 2023) -> Hurricanes (2023 - 2023) -> Taranaki Bulls (2023 - 2023) -> Hurricanes (2024 - 2024) -> Taranaki Bulls (2024 - 2024) -> Hurricanes (2024 - 2026)
Ngane PUNIVAI,Ngane PUNIVAI,Winger,Hurricanes,191,105,1998.08.30,,,,,A,0,https://all.rugby/player/ngane-punivai,,Crusaders (2018 - 2019) -> Highlanders (2019 - 2019) -> Canterbury (2019 - 2019) -> Highlanders (2020 - 2020) -> Canterbury (2020 - 2020) -> Highlanders (2020 - 2020) -> Canterbury (2020 - 2020) -> Highlanders (2021 - 2021) -> Canterbury (2021 - 2021) -> Highlanders (2021 - 2021) -> Canterbury (2021 - 2021) -> Highlanders (2022 - 2022) -> Canterbury (2022 - 2022) -> Chiefs (2022 - 2022) -> Canterbury (2022 - 2022) -> Chiefs (2023 - 2023) -> Canterbury (2023 - 2023) -> Hurricanes (2023 - 2023) -> Canterbury (2023 - 2023) -> Hurricanes (2024 - 2024) -> Canterbury (2024 - 2024) -> Hurricanes (2024 - 2024) -> Canterbury (2024 - 2024) -> Hurricanes (2025 - 2025) -> Canterbury (2025 - 2025) -> Hurricanes (2025 - 2026),,,https://all.rugby/player/ngane-punivai,Crusaders (2018 - 2019) -> Highlanders (2019 - 2019) -> Canterbury (2019 - 2019) -> Highlanders (2020 - 2020) -> Canterbury (2020 - 2020) -> Highlanders (2020 - 2020) -> Canterbury (2020 - 2020) -> Highlanders (2021 - 2021) -> Canterbury (2021 - 2021) -> Highlanders (2021 - 2021) -> Canterbury (2021 - 2021) -> Highlanders (2022 - 2022) -> Canterbury (2022 - 2022) -> Chiefs (2022 - 2022) -> Canterbury (2022 - 2022) -> Chiefs (2023 - 2023) -> Canterbury (2023 - 2023) -> Hurricanes (2023 - 2023) -> Canterbury (2023 - 2023) -> Hurricanes (2024 - 2024) -> Canterbury (2024 - 2024) -> Hurricanes (2024 - 2024) -> Canterbury (2024 - 2024) -> Hurricanes (2025 - 2025) -> Canterbury (2025 - 2025) -> Hurricanes (2025 - 2026)
Joshua MOORBY,Joshua MOORBY,FB,Hurricanes,188,96,1998.07.11,,,,,A,0,https://all.rugby/player/joshua-moorby,,Southland Stags (2018 - 2021) -> Hurricanes (2021 - 2021) -> Northland Taniwha (2021 - 2021) -> Hurricanes (2022 - 2022) -> Northland Taniwha (2022 - 2022) -> Hurricanes (2022 - 2022) -> Northland Taniwha (2022 - 2022) -> Hurricanes (2023 - 2023) -> Northland Taniwha (2023 - 2023) -> Hurricanes (2023 - 2023) -> Waikato Mooloos (2023 - 2023) -> Hurricanes (2024 - 2024) -> Waikato Mooloos (2024 - 2024) -> Montpellier Hérault Rugby (2024 - 2024) -> Waikato Mooloos (2024 - 2024) -> Montpellier Hérault Rugby (2025 - 2025) -> Waikato Mooloos (2025 - 2025) -> Hurricanes (2025 - 2026),,,https://all.rugby/player/joshua-moorby,Southland Stags (2018 - 2021) -> Hurricanes (2021 - 2021) -> Northland Taniwha (2021 - 2021) -> Hurricanes (2022 - 2022) -> Northland Taniwha (2022 - 2022) -> Hurricanes (2022 - 2022) -> Northland Taniwha (2022 - 2022) -> Hurricanes (2023 - 2023) -> Northland Taniwha (2023 - 2023) -> Hurricanes (2023 - 2023) -> Waikato Mooloos (2023 - 2023) -> Hurricanes (2024 - 2024) -> Waikato Mooloos (2024 - 2024) -> Montpellier Hérault Rugby (2024 - 2024) -> Waikato Mooloos (2024 - 2024) -> Montpellier Hérault Rugby (2025 - 2025) -> Waikato Mooloos (2025 - 2025) -> Hurricanes (2025 - 2026)
Ruben LOVE,Ruben LOVE,FB,Hurricanes,184,92,2001.04.28,,,,,A,0,https://all.rugby/player/ruben-love,,Wellington Lions (2019 - 2020) -> Hurricanes (2020 - 2020) -> Wellington Lions (2020 - 2020) -> Hurricanes (2021 - 2021) -> Wellington Lions (2021 - 2021) -> Hurricanes (2021 - 2021) -> Wellington Lions (2021 - 2021) -> Hurricanes (2022 - 2022) -> Wellington Lions (2022 - 2022) -> Hurricanes (2022 - 2022) -> Wellington Lions (2022 - 2022) -> Hurricanes (2023 - 2023) -> Wellington Lions (2023 - 2023) -> Hurricanes (2023 - 2023) -> Wellington Lions (2023 - 2023) -> Hurricanes (2024 - 2024) -> Wellington Lions (2024 - 2024) -> Hurricanes (2024 - 2024) -> Wellington Lions (2024 - 2024) -> Hurricanes (2025 - 2025) -> Wellington Lions (2025 - 2025) -> Hurricanes (2025 - 2026),,,https://all.rugby/player/ruben-love,Wellington Lions (2019 - 2020) -> Hurricanes (2020 - 2020) -> Wellington Lions (2020 - 2020) -> Hurricanes (2021 - 2021) -> Wellington Lions (2021 - 2021) -> Hurricanes (2021 - 2021) -> Wellington Lions (2021 - 2021) -> Hurricanes (2022 - 2022) -> Wellington Lions (2022 - 2022) -> Hurricanes (2022 - 2022) -> Wellington Lions (2022 - 2022) -> Hurricanes (2023 - 2023) -> Wellington Lions (2023 - 2023) -> Hurricanes (2023 - 2023) -> Wellington Lions (2023 - 2023) -> Hurricanes (2024 - 2024) -> Wellington Lions (2024 - 2024) -> Hurricanes (2024 - 2024) -> Wellington Lions (2024 - 2024) -> Hurricanes (2025 - 2025) -> Wellington Lions (2025 - 2025) -> Hurricanes (2025 - 2026)
Ben AKE,Ben AKE,PR,Blues,191,104,2003.02.24,,,,,A,0,https://all.rugby/player/ben-ake,,Auckland (2022 - 2023) -> Blues (2023 - 2026),,,https://all.rugby/player/ben-ake,Auckland (2022 - 2023) -> Blues (2023 - 2026)
Flyn YATES,Flyn YATES,PR,Blues,188,125,2000.05.25,,,,,A,0,https://all.rugby/player/flyn-yates,,Manawatu Turbos (2020 - 2023) -> Kamaishi Seawaves (2023 - 2023) -> Manawatu Turbos (2024 - 2024) -> Kamaishi Seawaves (2024 - 2024) -> Manawatu Turbos (2024 - 2025) -> Blues (2025 - 2026),,,https://all.rugby/player/flyn-yates,Manawatu Turbos (2020 - 2023) -> Kamaishi Seawaves (2023 - 2023) -> Manawatu Turbos (2024 - 2024) -> Kamaishi Seawaves (2024 - 2024) -> Manawatu Turbos (2024 - 2025) -> Blues (2025 - 2026)
Jordan LAY,Jordan LAY,PR,Blues,185,115,1992.11.05,,,,,A,0,https://all.rugby/player/jordan-lay,,Edimbourg Rugby (2017 - 2018) -> Bristol Bears (2018 - 2018) -> Ospreys (2018 - 2018) -> Bristol Bears (2019 - 2019) -> Ospreys (2019 - 2019) -> Bristol Bears (2019 - 2019) -> Bay of Plenty Steamers (2019 - 2019) -> Bristol Bears (2020 - 2020) -> Bay of Plenty Steamers (2020 - 2020) -> Ospreys (2020 - 2020) -> Auckland (2020 - 2020) -> Ospreys (2021 - 2021) -> Auckland (2021 - 2021) -> Blues (2021 - 2021) -> Auckland (2021 - 2021) -> Blues (2022 - 2022) -> Auckland (2022 - 2022) -> Blues (2022 - 2023) -> Auckland (2023 - 2023) -> Blues (2024 - 2024) -> Auckland (2024 - 2024) -> Blues (2024 - 2024) -> Northland Taniwha (2024 - 2024) -> Blues (2025 - 2025) -> Northland Taniwha (2025 - 2025) -> Blues (2025 - 2026),Samoa,Samoa,https://all.rugby/player/jordan-lay,Edimbourg Rugby (2017 - 2018) -> Bristol Bears (2018 - 2018) -> Ospreys (2018 - 2018) -> Bristol Bears (2019 - 2019) -> Ospreys (2019 - 2019) -> Bristol Bears (2019 - 2019) -> Bay of Plenty Steamers (2019 - 2019) -> Bristol Bears (2020 - 2020) -> Bay of Plenty Steamers (2020 - 2020) -> Ospreys (2020 - 2020) -> Auckland (2020 - 2020) -> Ospreys (2021 - 2021) -> Auckland (2021 - 2021) -> Blues (2021 - 2021) -> Auckland (2021 - 2021) -> Blues (2022 - 2022) -> Auckland (2022 - 2022) -> Blues (2022 - 2023) -> Auckland (2023 - 2023) -> Blues (2024 - 2024) -> Auckland (2024 - 2024) -> Blues (2024 - 2024) -> Northland Taniwha (2024 - 2024) -> Blues (2025 - 2025) -> Northland Taniwha (2025 - 2025) -> Blues (2025 - 2026)
Josh FUSITU'A,Josh FUSITU'A,PR,Blues,183,118,2001.05.01,,,,,A,0,https://all.rugby/player/josh-fusitua,,Blues (2021 - 2021) -> Auckland (2021 - 2021) -> Blues (2022 - 2022) -> Auckland (2022 - 2022) -> Blues (2022 - 2022) -> Auckland (2022 - 2022) -> Blues (2023 - 2023) -> Auckland (2023 - 2023) -> Blues (2023 - 2023) -> Auckland (2023 - 2023) -> Blues (2024 - 2024) -> Auckland (2024 - 2024) -> Blues (2024 - 2024) -> Auckland (2024 - 2024) -> Blues (2025 - 2025) -> Auckland (2025 - 2025) -> Blues (2025 - 2026),,,https://all.rugby/player/josh-fusitua,Blues (2021 - 2021) -> Auckland (2021 - 2021) -> Blues (2022 - 2022) -> Auckland (2022 - 2022) -> Blues (2022 - 2022) -> Auckland (2022 - 2022) -> Blues (2023 - 2023) -> Auckland (2023 - 2023) -> Blues (2023 - 2023) -> Auckland (2023 - 2023) -> Blues (2024 - 2024) -> Auckland (2024 - 2024) -> Blues (2024 - 2024) -> Auckland (2024 - 2024) -> Blues (2025 - 2025) -> Auckland (2025 - 2025) -> Blues (2025 - 2026)
Marcel RENATA,Marcel RENATA,PR,Blues,187,121,1994.02.24,,,,,A,0,https://all.rugby/player/marcel-renata,,Hurricanes (2017 - 2018) -> Blues (2018 - 2019) -> Auckland (2019 - 2019) -> Blues (2020 - 2020) -> Auckland (2020 - 2020) -> Blues (2020 - 2020) -> Auckland (2020 - 2020) -> Blues (2021 - 2021) -> Auckland (2021 - 2021) -> Blues (2021 - 2021) -> Auckland (2021 - 2021) -> Blues (2022 - 2022) -> Auckland (2022 - 2022) -> Blues (2022 - 2022) -> Auckland (2022 - 2022) -> Blues (2023 - 2023) -> Auckland (2023 - 2023) -> Blues (2023 - 2023) -> Auckland (2023 - 2023) -> Blues (2024 - 2024) -> Auckland (2024 - 2024) -> Blues (2024 - 2024) -> Northland Taniwha (2024 - 2024) -> Blues (2025 - 2025) -> Northland Taniwha (2025 - 2025) -> Blues (2025 - 2026),,,https://all.rugby/player/marcel-renata,Hurricanes (2017 - 2018) -> Blues (2018 - 2019) -> Auckland (2019 - 2019) -> Blues (2020 - 2020) -> Auckland (2020 - 2020) -> Blues (2020 - 2020) -> Auckland (2020 - 2020) -> Blues (2021 - 2021) -> Auckland (2021 - 2021) -> Blues (2021 - 2021) -> Auckland (2021 - 2021) -> Blues (2022 - 2022) -> Auckland (2022 - 2022) -> Blues (2022 - 2022) -> Auckland (2022 - 2022) -> Blues (2023 - 2023) -> Auckland (2023 - 2023) -> Blues (2023 - 2023) -> Auckland (2023 - 2023) -> Blues (2024 - 2024) -> Auckland (2024 - 2024) -> Blues (2024 - 2024) -> Northland Taniwha (2024 - 2024) -> Blues (2025 - 2025) -> Northland Taniwha (2025 - 2025) -> Blues (2025 - 2026)
Mason TUPAEA,Mason TUPAEA,PR,Blues,188,188,2002.10.16,,,,,A,0,https://all.rugby/player/mason-tupaea,,Waikato Mooloos (2022 - 2023) -> Blues (2023 - 2023) -> Waikato Mooloos (2023 - 2023) -> Blues (2024 - 2024) -> Waikato Mooloos (2024 - 2024) -> Blues (2024 - 2024) -> Waikato Mooloos (2024 - 2024) -> Blues (2025 - 2025) -> Waikato Mooloos (2025 - 2025) -> Blues (2025 - 2026),,,https://all.rugby/player/mason-tupaea,Waikato Mooloos (2022 - 2023) -> Blues (2023 - 2023) -> Waikato Mooloos (2023 - 2023) -> Blues (2024 - 2024) -> Waikato Mooloos (2024 - 2024) -> Blues (2024 - 2024) -> Waikato Mooloos (2024 - 2024) -> Blues (2025 - 2025) -> Waikato Mooloos (2025 - 2025) -> Blues (2025 - 2026)
Ofa TU'UNGAFASI,Ofa TU'UNGAFASI,PR,Blues,195,125,1992.04.19,,,,,A,0,https://all.rugby/player/ofa-tu-ungafasi,,Blues (2013 - 2019) -> Auckland (2019 - 2019) -> Blues (2020 - 2020) -> Auckland (2020 - 2020) -> Blues (2020 - 2021) -> Northland Taniwha (2021 - 2021) -> Blues (2022 - 2022) -> Northland Taniwha (2022 - 2022) -> Blues (2022 - 2026),Tonga,Tonga,https://all.rugby/player/ofa-tu-ungafasi,Blues (2013 - 2019) -> Auckland (2019 - 2019) -> Blues (2020 - 2020) -> Auckland (2020 - 2020) -> Blues (2020 - 2021) -> Northland Taniwha (2021 - 2021) -> Blues (2022 - 2022) -> Northland Taniwha (2022 - 2022) -> Blues (2022 - 2026)
Sam MATENGA,Sam MATENGA,PR,Blues,186,120,1998.05.08,,,,,A,0,https://all.rugby/player/sam-matenga,,Tasman Mako (2018 - 2021) -> Seattle Seawolves (2021 - 2021) -> Tasman Mako (2022 - 2022) -> Seattle Seawolves (2022 - 2022) -> Tasman Mako (2022 - 2022) -> Seattle Seawolves (2023 - 2023) -> Tasman Mako (2023 - 2023) -> Seattle Seawolves (2023 - 2023) -> Tasman Mako (2023 - 2023) -> Seattle Seawolves (2024 - 2024) -> Tasman Mako (2024 - 2024) -> Crusaders (2024 - 2024) -> Tasman Mako (2024 - 2024) -> Crusaders (2025 - 2025) -> Tasman Mako (2025 - 2025) -> Blues (2025 - 2026),,,https://all.rugby/player/sam-matenga,Tasman Mako (2018 - 2021) -> Seattle Seawolves (2021 - 2021) -> Tasman Mako (2022 - 2022) -> Seattle Seawolves (2022 - 2022) -> Tasman Mako (2022 - 2022) -> Seattle Seawolves (2023 - 2023) -> Tasman Mako (2023 - 2023) -> Seattle Seawolves (2023 - 2023) -> Tasman Mako (2023 - 2023) -> Seattle Seawolves (2024 - 2024) -> Tasman Mako (2024 - 2024) -> Crusaders (2024 - 2024) -> Tasman Mako (2024 - 2024) -> Crusaders (2025 - 2025) -> Tasman Mako (2025 - 2025) -> Blues (2025 - 2026)
Bradley SLATER,Bradley SLATER,HO,Blues,186,110,1998.09.23,,,,,A,0,https://all.rugby/player/bradley-slater,,Chiefs (2018 - 2019) -> Taranaki Bulls (2019 - 2019) -> Chiefs (2020 - 2020) -> Taranaki Bulls (2020 - 2020) -> Chiefs (2020 - 2020) -> Taranaki Bulls (2020 - 2020) -> Chiefs (2021 - 2021) -> Taranaki Bulls (2021 - 2021) -> Chiefs (2021 - 2021) -> Taranaki Bulls (2021 - 2021) -> Chiefs (2022 - 2022) -> Taranaki Bulls (2022 - 2022) -> Chiefs (2022 - 2022) -> Taranaki Bulls (2022 - 2022) -> Chiefs (2023 - 2023) -> Taranaki Bulls (2023 - 2023) -> Chiefs (2023 - 2023) -> Taranaki Bulls (2023 - 2023) -> Chiefs (2024 - 2024) -> Taranaki Bulls (2024 - 2024) -> Chiefs (2024 - 2024) -> Taranaki Bulls (2024 - 2024) -> Chiefs (2025 - 2025) -> Taranaki Bulls (2025 - 2025) -> Blues (2025 - 2026),,,https://all.rugby/player/bradley-slater,Chiefs (2018 - 2019) -> Taranaki Bulls (2019 - 2019) -> Chiefs (2020 - 2020) -> Taranaki Bulls (2020 - 2020) -> Chiefs (2020 - 2020) -> Taranaki Bulls (2020 - 2020) -> Chiefs (2021 - 2021) -> Taranaki Bulls (2021 - 2021) -> Chiefs (2021 - 2021) -> Taranaki Bulls (2021 - 2021) -> Chiefs (2022 - 2022) -> Taranaki Bulls (2022 - 2022) -> Chiefs (2022 - 2022) -> Taranaki Bulls (2022 - 2022) -> Chiefs (2023 - 2023) -> Taranaki Bulls (2023 - 2023) -> Chiefs (2023 - 2023) -> Taranaki Bulls (2023 - 2023) -> Chiefs (2024 - 2024) -> Taranaki Bulls (2024 - 2024) -> Chiefs (2024 - 2024) -> Taranaki Bulls (2024 - 2024) -> Chiefs (2025 - 2025) -> Taranaki Bulls (2025 - 2025) -> Blues (2025 - 2026)
James MULLAN,James MULLAN,HO,Blues,188,107,2002.11.20,,,,,A,0,https://all.rugby/player/james-mullan,,Canterbury (2022 - 2023) -> Crusaders (2023 - 2023) -> Canterbury (2023 - 2023) -> Crusaders (2024 - 2024) -> Canterbury (2024 - 2024) -> Blues (2024 - 2024) -> Northland Taniwha (2024 - 2024) -> Blues (2025 - 2025) -> Northland Taniwha (2025 - 2025) -> Blues (2025 - 2026),,,https://all.rugby/player/james-mullan,Canterbury (2022 - 2023) -> Crusaders (2023 - 2023) -> Canterbury (2023 - 2023) -> Crusaders (2024 - 2024) -> Canterbury (2024 - 2024) -> Blues (2024 - 2024) -> Northland Taniwha (2024 - 2024) -> Blues (2025 - 2025) -> Northland Taniwha (2025 - 2025) -> Blues (2025 - 2026)
Kurt EKLUND,Kurt EKLUND,HO,Blues,180,103,1992.01.05,,,,,A,0,https://all.rugby/player/kurt-eklund,,Bay of Plenty Steamers (2018 - 2019) -> Blues (2019 - 2019) -> Bay of Plenty Steamers (2019 - 2019) -> Blues (2020 - 2020) -> Bay of Plenty Steamers (2020 - 2020) -> Blues (2020 - 2020) -> Bay of Plenty Steamers (2020 - 2020) -> Blues (2021 - 2021) -> Bay of Plenty Steamers (2021 - 2021) -> Blues (2021 - 2021) -> Bay of Plenty Steamers (2021 - 2021) -> Blues (2022 - 2022) -> Bay of Plenty Steamers (2022 - 2022) -> Blues (2022 - 2022) -> Bay of Plenty Steamers (2022 - 2022) -> Blues (2023 - 2023) -> Bay of Plenty Steamers (2023 - 2023) -> Blues (2023 - 2023) -> Bay of Plenty Steamers (2023 - 2023) -> Blues (2024 - 2024) -> Bay of Plenty Steamers (2024 - 2024) -> Blues (2024 - 2024) -> Bay of Plenty Steamers (2024 - 2024) -> Blues (2025 - 2025) -> Bay of Plenty Steamers (2025 - 2025) -> Blues (2025 - 2026),,,https://all.rugby/player/kurt-eklund,Bay of Plenty Steamers (2018 - 2019) -> Blues (2019 - 2019) -> Bay of Plenty Steamers (2019 - 2019) -> Blues (2020 - 2020) -> Bay of Plenty Steamers (2020 - 2020) -> Blues (2020 - 2020) -> Bay of Plenty Steamers (2020 - 2020) -> Blues (2021 - 2021) -> Bay of Plenty Steamers (2021 - 2021) -> Blues (2021 - 2021) -> Bay of Plenty Steamers (2021 - 2021) -> Blues (2022 - 2022) -> Bay of Plenty Steamers (2022 - 2022) -> Blues (2022 - 2022) -> Bay of Plenty Steamers (2022 - 2022) -> Blues (2023 - 2023) -> Bay of Plenty Steamers (2023 - 2023) -> Blues (2023 - 2023) -> Bay of Plenty Steamers (2023 - 2023) -> Blues (2024 - 2024) -> Bay of Plenty Steamers (2024 - 2024) -> Blues (2024 - 2024) -> Bay of Plenty Steamers (2024 - 2024) -> Blues (2025 - 2025) -> Bay of Plenty Steamers (2025 - 2025) -> Blues (2025 - 2026)
Josh BEEHRE,Josh BEEHRE,LO,Blues,198,118,2002.03.30,,,,,A,0,https://all.rugby/player/josh-beehre,,Auckland (2021 - 2023) -> Blues (2023 - 2023) -> Auckland (2023 - 2023) -> Blues (2024 - 2024) -> Auckland (2024 - 2024) -> Blues (2024 - 2024) -> Auckland (2024 - 2024) -> Blues (2025 - 2025) -> Auckland (2025 - 2025) -> Blues (2025 - 2026),,,https://all.rugby/player/josh-beehre,Auckland (2021 - 2023) -> Blues (2023 - 2023) -> Auckland (2023 - 2023) -> Blues (2024 - 2024) -> Auckland (2024 - 2024) -> Blues (2024 - 2024) -> Auckland (2024 - 2024) -> Blues (2025 - 2025) -> Auckland (2025 - 2025) -> Blues (2025 - 2026)
Laghlan MCWHANNELL,Laghlan MCWHANNELL,LO,Blues,198,114,1998.10.20,,,,,A,0,https://all.rugby/player/laghlan-mcwhannell,,Chiefs (2018 - 2020) -> Waikato Mooloos (2020 - 2020) -> Chiefs (2021 - 2021) -> Waikato Mooloos (2021 - 2021) -> Chiefs (2021 - 2021) -> Waikato Mooloos (2021 - 2021) -> Chiefs (2022 - 2022) -> Waikato Mooloos (2022 - 2022) -> Chiefs (2022 - 2022) -> Waikato Mooloos (2022 - 2022) -> Chiefs (2023 - 2023) -> Waikato Mooloos (2023 - 2023) -> Blues (2023 - 2023) -> Waikato Mooloos (2023 - 2023) -> Blues (2024 - 2024) -> Waikato Mooloos (2024 - 2024) -> Blues (2024 - 2024) -> Waikato Mooloos (2024 - 2024) -> Blues (2025 - 2025) -> Waikato Mooloos (2025 - 2025) -> Blues (2025 - 2026),,,https://all.rugby/player/laghlan-mcwhannell,Chiefs (2018 - 2020) -> Waikato Mooloos (2020 - 2020) -> Chiefs (2021 - 2021) -> Waikato Mooloos (2021 - 2021) -> Chiefs (2021 - 2021) -> Waikato Mooloos (2021 - 2021) -> Chiefs (2022 - 2022) -> Waikato Mooloos (2022 - 2022) -> Chiefs (2022 - 2022) -> Waikato Mooloos (2022 - 2022) -> Chiefs (2023 - 2023) -> Waikato Mooloos (2023 - 2023) -> Blues (2023 - 2023) -> Waikato Mooloos (2023 - 2023) -> Blues (2024 - 2024) -> Waikato Mooloos (2024 - 2024) -> Blues (2024 - 2024) -> Waikato Mooloos (2024 - 2024) -> Blues (2025 - 2025) -> Waikato Mooloos (2025 - 2025) -> Blues (2025 - 2026)
Patrick TUIPULOTU,Patrick TUIPULOTU,LO,Blues,198,120,1993.01.23,,,,,A,0,https://all.rugby/player/patrick-tuipulotu,,Blues (2013 - 2019) -> Auckland (2019 - 2019) -> Blues (2020 - 2020) -> Auckland (2020 - 2020) -> Blues (2020 - 2021) -> Toyota Verblitz (2021 - 2021) -> Auckland (2021 - 2021) -> Toyota Verblitz (2022 - 2022) -> Auckland (2022 - 2022) -> Blues (2022 - 2022) -> Auckland (2022 - 2022) -> Blues (2023 - 2023) -> Auckland (2023 - 2023) -> Blues (2023 - 2023) -> Auckland (2023 - 2023) -> Blues (2024 - 2024) -> Auckland (2024 - 2024) -> Blues (2024 - 2026),New Zealand,New Zealand,https://all.rugby/player/patrick-tuipulotu,Blues (2013 - 2019) -> Auckland (2019 - 2019) -> Blues (2020 - 2020) -> Auckland (2020 - 2020) -> Blues (2020 - 2021) -> Toyota Verblitz (2021 - 2021) -> Auckland (2021 - 2021) -> Toyota Verblitz (2022 - 2022) -> Auckland (2022 - 2022) -> Blues (2022 - 2022) -> Auckland (2022 - 2022) -> Blues (2023 - 2023) -> Auckland (2023 - 2023) -> Blues (2023 - 2023) -> Auckland (2023 - 2023) -> Blues (2024 - 2024) -> Auckland (2024 - 2024) -> Blues (2024 - 2026)
Sam DARRY,Sam DARRY,LO,Blues,202,110,2000.07.11,,,,,A,0,https://all.rugby/player/sam-darry,,Canterbury (2019 - 2020) -> Blues (2020 - 2020) -> Canterbury (2020 - 2020) -> Blues (2021 - 2021) -> Canterbury (2021 - 2021) -> Blues (2021 - 2021) -> Canterbury (2021 - 2021) -> Blues (2022 - 2022) -> Canterbury (2022 - 2022) -> Blues (2022 - 2022) -> Canterbury (2022 - 2022) -> Blues (2023 - 2023) -> Canterbury (2023 - 2023) -> Blues (2023 - 2023) -> Canterbury (2023 - 2023) -> Blues (2024 - 2024) -> Canterbury (2024 - 2024) -> Blues (2024 - 2024) -> Canterbury (2024 - 2024) -> Blues (2025 - 2025) -> Canterbury (2025 - 2025) -> Blues (2025 - 2026),,,https://all.rugby/player/sam-darry,Canterbury (2019 - 2020) -> Blues (2020 - 2020) -> Canterbury (2020 - 2020) -> Blues (2021 - 2021) -> Canterbury (2021 - 2021) -> Blues (2021 - 2021) -> Canterbury (2021 - 2021) -> Blues (2022 - 2022) -> Canterbury (2022 - 2022) -> Blues (2022 - 2022) -> Canterbury (2022 - 2022) -> Blues (2023 - 2023) -> Canterbury (2023 - 2023) -> Blues (2023 - 2023) -> Canterbury (2023 - 2023) -> Blues (2024 - 2024) -> Canterbury (2024 - 2024) -> Blues (2024 - 2024) -> Canterbury (2024 - 2024) -> Blues (2025 - 2025) -> Canterbury (2025 - 2025) -> Blues (2025 - 2026)
Tristyn COOK,Tristyn COOK,LO,Blues,199,110,2004..,,,,,A,0,https://all.rugby/player/tristyn-cook,,Blues (2023 - 2023) -> North Harbour (2023 - 2023) -> Blues (2024 - 2024) -> North Harbour (2024 - 2024) -> Blues (2024 - 2024) -> North Harbour (2024 - 2024) -> Blues (2025 - 2025) -> North Harbour (2025 - 2025) -> Blues (2025 - 2026),,,https://all.rugby/player/tristyn-cook,Blues (2023 - 2023) -> North Harbour (2023 - 2023) -> Blues (2024 - 2024) -> North Harbour (2024 - 2024) -> Blues (2024 - 2024) -> North Harbour (2024 - 2024) -> Blues (2025 - 2025) -> North Harbour (2025 - 2025) -> Blues (2025 - 2026)
Anton SEGNER,Anton SEGNER,Back row,Blues,192,108,2001.07.24,,,,,A,0,https://all.rugby/player/anton-segner,,Tasman Mako (2019 - 2021) -> Blues (2021 - 2021) -> Tasman Mako (2021 - 2021) -> Blues (2022 - 2022) -> Tasman Mako (2022 - 2022) -> Blues (2022 - 2022) -> Tasman Mako (2022 - 2022) -> Blues (2023 - 2023) -> Tasman Mako (2023 - 2023) -> Blues (2023 - 2023) -> Auckland (2023 - 2023) -> Blues (2024 - 2024) -> Auckland (2024 - 2024) -> Blues (2024 - 2024) -> Auckland (2024 - 2024) -> Blues (2025 - 2025) -> Auckland (2025 - 2025) -> Blues (2025 - 2026),,,https://all.rugby/player/anton-segner,Tasman Mako (2019 - 2021) -> Blues (2021 - 2021) -> Tasman Mako (2021 - 2021) -> Blues (2022 - 2022) -> Tasman Mako (2022 - 2022) -> Blues (2022 - 2022) -> Tasman Mako (2022 - 2022) -> Blues (2023 - 2023) -> Tasman Mako (2023 - 2023) -> Blues (2023 - 2023) -> Auckland (2023 - 2023) -> Blues (2024 - 2024) -> Auckland (2024 - 2024) -> Blues (2024 - 2024) -> Auckland (2024 - 2024) -> Blues (2025 - 2025) -> Auckland (2025 - 2025) -> Blues (2025 - 2026)
Cam CHRISTIE,Cam CHRISTIE,Back row,Blues,196,106,2004..,,,,,A,0,https://all.rugby/player/cameron-christie,,North Harbour (2022 - 2023) -> Blues (2023 - 2023) -> North Harbour (2023 - 2023) -> Blues (2024 - 2024) -> North Harbour (2024 - 2024) -> Blues (2024 - 2024) -> North Harbour (2024 - 2024) -> Blues (2025 - 2025) -> North Harbour (2025 - 2025) -> Blues (2025 - 2026),,,https://all.rugby/player/cameron-christie,North Harbour (2022 - 2023) -> Blues (2023 - 2023) -> North Harbour (2023 - 2023) -> Blues (2024 - 2024) -> North Harbour (2024 - 2024) -> Blues (2024 - 2024) -> North Harbour (2024 - 2024) -> Blues (2025 - 2025) -> North Harbour (2025 - 2025) -> Blues (2025 - 2026)
Che CLARK,Che CLARK,Back row,Blues,194,101,2003.04.22,,,,,A,0,https://all.rugby/player/che-clark,,Auckland (2022 - 2024) -> Blues (2024 - 2024) -> Auckland (2024 - 2024) -> Blues (2025 - 2025) -> Auckland (2025 - 2025) -> Blues (2025 - 2026),,,https://all.rugby/player/che-clark,Auckland (2022 - 2024) -> Blues (2024 - 2024) -> Auckland (2024 - 2024) -> Blues (2025 - 2025) -> Auckland (2025 - 2025) -> Blues (2025 - 2026)
Dalton PAPALI'I,Dalton PAPALI'I,Back row,Blues,193,108,1997.10.11,,,,,A,0,https://all.rugby/player/dalton-papali-i,,Blues (2017 - 2019) -> Counties Manukau Steelers (2019 - 2019) -> Blues (2020 - 2020) -> Counties Manukau Steelers (2020 - 2020) -> Blues (2020 - 2021) -> Counties Manukau Steelers (2021 - 2021) -> Blues (2022 - 2022) -> Counties Manukau Steelers (2022 - 2022) -> Blues (2022 - 2023) -> Counties Manukau Steelers (2023 - 2023) -> Blues (2024 - 2024) -> Counties Manukau Steelers (2024 - 2024) -> Blues (2024 - 2024) -> Counties Manukau Steelers (2024 - 2024) -> Blues (2025 - 2025) -> Counties Manukau Steelers (2025 - 2025) -> Blues (2025 - 2026),New Zealand,New Zealand,https://all.rugby/player/dalton-papali-i,Blues (2017 - 2019) -> Counties Manukau Steelers (2019 - 2019) -> Blues (2020 - 2020) -> Counties Manukau Steelers (2020 - 2020) -> Blues (2020 - 2021) -> Counties Manukau Steelers (2021 - 2021) -> Blues (2022 - 2022) -> Counties Manukau Steelers (2022 - 2022) -> Blues (2022 - 2023) -> Counties Manukau Steelers (2023 - 2023) -> Blues (2024 - 2024) -> Counties Manukau Steelers (2024 - 2024) -> Blues (2024 - 2024) -> Counties Manukau Steelers (2024 - 2024) -> Blues (2025 - 2025) -> Counties Manukau Steelers (2025 - 2025) -> Blues (2025 - 2026)
Hoskins SOTUTU,Hoskins SOTUTU,Back row,Blues,192,106,1998.07.12,,,,,A,0,https://all.rugby/player/hoskins-sotutu,,Blues (2018 - 2019) -> Auckland (2019 - 2019) -> Blues (2020 - 2020) -> Auckland (2020 - 2020) -> Blues (2020 - 2020) -> Counties Manukau Steelers (2020 - 2020) -> Blues (2021 - 2021) -> Counties Manukau Steelers (2021 - 2021) -> Blues (2021 - 2021) -> Counties Manukau Steelers (2021 - 2021) -> Blues (2022 - 2022) -> Counties Manukau Steelers (2022 - 2022) -> Blues (2022 - 2022) -> Counties Manukau Steelers (2022 - 2022) -> Blues (2023 - 2023) -> Counties Manukau Steelers (2023 - 2023) -> Blues (2023 - 2023) -> Counties Manukau Steelers (2023 - 2023) -> Blues (2024 - 2024) -> Counties Manukau Steelers (2024 - 2024) -> Blues (2024 - 2024) -> Counties Manukau Steelers (2024 - 2024) -> Blues (2025 - 2025) -> Counties Manukau Steelers (2025 - 2025) -> Blues (2025 - 2026),New Zealand,New Zealand,https://all.rugby/player/hoskins-sotutu,Blues (2018 - 2019) -> Auckland (2019 - 2019) -> Blues (2020 - 2020) -> Auckland (2020 - 2020) -> Blues (2020 - 2020) -> Counties Manukau Steelers (2020 - 2020) -> Blues (2021 - 2021) -> Counties Manukau Steelers (2021 - 2021) -> Blues (2021 - 2021) -> Counties Manukau Steelers (2021 - 2021) -> Blues (2022 - 2022) -> Counties Manukau Steelers (2022 - 2022) -> Blues (2022 - 2022) -> Counties Manukau Steelers (2022 - 2022) -> Blues (2023 - 2023) -> Counties Manukau Steelers (2023 - 2023) -> Blues (2023 - 2023) -> Counties Manukau Steelers (2023 - 2023) -> Blues (2024 - 2024) -> Counties Manukau Steelers (2024 - 2024) -> Blues (2024 - 2024) -> Counties Manukau Steelers (2024 - 2024) -> Blues (2025 - 2025) -> Counties Manukau Steelers (2025 - 2025) -> Blues (2025 - 2026)
Malachi WRAMPLING-ALEC,Malachi WRAMPLING-ALEC,Back row,Blues,192,112,2004..,,,,,A,0,https://all.rugby/player/malachi-wrampling-alec,,Waikato Mooloos (2022 - 2024) -> Chiefs (2024 - 2024) -> Waikato Mooloos (2024 - 2024) -> Chiefs (2025 - 2025) -> Waikato Mooloos (2025 - 2025) -> Blues (2025 - 2026),,,https://all.rugby/player/malachi-wrampling-alec,Waikato Mooloos (2022 - 2024) -> Chiefs (2024 - 2024) -> Waikato Mooloos (2024 - 2024) -> Chiefs (2025 - 2025) -> Waikato Mooloos (2025 - 2025) -> Blues (2025 - 2026)
Terrell PEITA,Terrell PEITA,Back row,Blues,189,106,2000.04.23,,,,,A,0,https://all.rugby/player/terrell-peita,,Auckland (2019 - 2021) -> New England Free Jacks (2021 - 2021) -> Auckland (2021 - 2021) -> New England Free Jacks (2022 - 2022) -> Auckland (2022 - 2022) -> Manawatu Turbos (2022 - 2022) -> Auckland (2022 - 2022) -> Manawatu Turbos (2023 - 2023) -> Auckland (2023 - 2023) -> Northland Taniwha (2023 - 2025) -> Blues (2025 - 2026),,,https://all.rugby/player/terrell-peita,Auckland (2019 - 2021) -> New England Free Jacks (2021 - 2021) -> Auckland (2021 - 2021) -> New England Free Jacks (2022 - 2022) -> Auckland (2022 - 2022) -> Manawatu Turbos (2022 - 2022) -> Auckland (2022 - 2022) -> Manawatu Turbos (2023 - 2023) -> Auckland (2023 - 2023) -> Northland Taniwha (2023 - 2025) -> Blues (2025 - 2026)
Torian BARNES,Torian BARNES,Back row,Blues,,,2003.10.14,,,,,A,0,https://all.rugby/player/torian-barnes,,Canterbury (2023 - 2025) -> Blues (2025 - 2026),,,https://all.rugby/player/torian-barnes,Canterbury (2023 - 2025) -> Blues (2025 - 2026)
Finlay CHRISTIE,Finlay CHRISTIE,SH,Blues,177,83,1995.09.19,,,,,A,0,https://all.rugby/player/finlay-christie,,Chiefs (2016 - 2017) -> Hurricanes (2017 - 2019) -> Blues (2019 - 2019) -> Tasman Mako (2019 - 2019) -> Blues (2020 - 2020) -> Tasman Mako (2020 - 2020) -> Blues (2020 - 2023) -> Tasman Mako (2023 - 2023) -> Blues (2024 - 2024) -> Tasman Mako (2024 - 2024) -> Blues (2024 - 2026),Scotland,Scotland,https://all.rugby/player/finlay-christie,Chiefs (2016 - 2017) -> Hurricanes (2017 - 2019) -> Blues (2019 - 2019) -> Tasman Mako (2019 - 2019) -> Blues (2020 - 2020) -> Tasman Mako (2020 - 2020) -> Blues (2020 - 2023) -> Tasman Mako (2023 - 2023) -> Blues (2024 - 2024) -> Tasman Mako (2024 - 2024) -> Blues (2024 - 2026)
Sam NOCK,Sam NOCK,SH,Blues,178,85,1996.06.18,,,,,A,0,https://all.rugby/player/sam-nock,,Blues (2015 - 2019) -> Northland Taniwha (2019 - 2019) -> Blues (2020 - 2020) -> Northland Taniwha (2020 - 2020) -> Blues (2020 - 2020) -> Northland Taniwha (2020 - 2020) -> Blues (2021 - 2021) -> Northland Taniwha (2021 - 2021) -> Blues (2021 - 2021) -> Northland Taniwha (2021 - 2021) -> Blues (2022 - 2022) -> Northland Taniwha (2022 - 2022) -> Blues (2022 - 2022) -> Northland Taniwha (2022 - 2022) -> Blues (2023 - 2023) -> Northland Taniwha (2023 - 2023) -> Blues (2023 - 2023) -> Northland Taniwha (2023 - 2023) -> Blues (2024 - 2024) -> Northland Taniwha (2024 - 2024) -> Blues (2024 - 2024) -> Northland Taniwha (2024 - 2024) -> Blues (2025 - 2025) -> Northland Taniwha (2025 - 2025) -> Blues (2025 - 2026),,,https://all.rugby/player/sam-nock,Blues (2015 - 2019) -> Northland Taniwha (2019 - 2019) -> Blues (2020 - 2020) -> Northland Taniwha (2020 - 2020) -> Blues (2020 - 2020) -> Northland Taniwha (2020 - 2020) -> Blues (2021 - 2021) -> Northland Taniwha (2021 - 2021) -> Blues (2021 - 2021) -> Northland Taniwha (2021 - 2021) -> Blues (2022 - 2022) -> Northland Taniwha (2022 - 2022) -> Blues (2022 - 2022) -> Northland Taniwha (2022 - 2022) -> Blues (2023 - 2023) -> Northland Taniwha (2023 - 2023) -> Blues (2023 - 2023) -> Northland Taniwha (2023 - 2023) -> Blues (2024 - 2024) -> Northland Taniwha (2024 - 2024) -> Blues (2024 - 2024) -> Northland Taniwha (2024 - 2024) -> Blues (2025 - 2025) -> Northland Taniwha (2025 - 2025) -> Blues (2025 - 2026)
Taufa FUNAKI,Taufa FUNAKI,SH,Blues,179,91,2000.07.29,,,,,A,0,https://all.rugby/player/taufa-funaki,,Auckland (2019 - 2021) -> Blues (2021 - 2021) -> Auckland (2021 - 2021) -> Blues (2022 - 2022) -> Auckland (2022 - 2022) -> Blues (2022 - 2022) -> Auckland (2022 - 2022) -> Blues (2023 - 2023) -> Auckland (2023 - 2023) -> Blues (2023 - 2023) -> Auckland (2023 - 2023) -> Blues (2024 - 2024) -> Auckland (2024 - 2024) -> Blues (2024 - 2024) -> Auckland (2024 - 2024) -> Blues (2025 - 2025) -> Auckland (2025 - 2025) -> Blues (2025 - 2026),,,https://all.rugby/player/taufa-funaki,Auckland (2019 - 2021) -> Blues (2021 - 2021) -> Auckland (2021 - 2021) -> Blues (2022 - 2022) -> Auckland (2022 - 2022) -> Blues (2022 - 2022) -> Auckland (2022 - 2022) -> Blues (2023 - 2023) -> Auckland (2023 - 2023) -> Blues (2023 - 2023) -> Auckland (2023 - 2023) -> Blues (2024 - 2024) -> Auckland (2024 - 2024) -> Blues (2024 - 2024) -> Auckland (2024 - 2024) -> Blues (2025 - 2025) -> Auckland (2025 - 2025) -> Blues (2025 - 2026)
Beauden BARRETT,Beauden BARRETT,SO,Blues,187,93,1991.05.27,,,,,A,0,https://all.rugby/player/beauden-barrett,,Hurricanes (2013 - 2019) -> Blues (2019 - 2019) -> Taranaki Bulls (2019 - 2019) -> Blues (2020 - 2020) -> Taranaki Bulls (2020 - 2020) -> Tokyo Sungoliath (2020 - 2021) -> Blues (2021 - 2023) -> Toyota Verblitz (2023 - 2024) -> Blues (2024 - 2026),New Zealand,New Zealand,https://all.rugby/player/beauden-barrett,Hurricanes (2013 - 2019) -> Blues (2019 - 2019) -> Taranaki Bulls (2019 - 2019) -> Blues (2020 - 2020) -> Taranaki Bulls (2020 - 2020) -> Tokyo Sungoliath (2020 - 2021) -> Blues (2021 - 2023) -> Toyota Verblitz (2023 - 2024) -> Blues (2024 - 2026)
Rico SIMPSON,Rico SIMPSON,SO,Blues,195,93,2005..,,,,,A,0,https://all.rugby/player/rico-simpson,,Blues (2023 - 2023) -> Auckland (2023 - 2023) -> Blues (2024 - 2024) -> Auckland (2024 - 2024) -> Blues (2024 - 2024) -> Auckland (2024 - 2024) -> Blues (2025 - 2025) -> Auckland (2025 - 2025) -> Blues (2025 - 2026),,,https://all.rugby/player/rico-simpson,Blues (2023 - 2023) -> Auckland (2023 - 2023) -> Blues (2024 - 2024) -> Auckland (2024 - 2024) -> Blues (2024 - 2024) -> Auckland (2024 - 2024) -> Blues (2025 - 2025) -> Auckland (2025 - 2025) -> Blues (2025 - 2026)
Stephen PEROFETA,Stephen PEROFETA,SO,Blues,181,85,1997.03.12,,,,,A,0,https://all.rugby/player/stephen-perofeta,,Blues (2016 - 2019) -> Taranaki Bulls (2019 - 2019) -> Blues (2020 - 2020) -> Taranaki Bulls (2020 - 2020) -> Blues (2020 - 2020) -> Taranaki Bulls (2020 - 2020) -> Blues (2021 - 2021) -> Taranaki Bulls (2021 - 2021) -> Blues (2021 - 2021) -> Taranaki Bulls (2021 - 2021) -> Blues (2022 - 2022) -> Taranaki Bulls (2022 - 2022) -> Blues (2022 - 2022) -> Taranaki Bulls (2022 - 2022) -> Blues (2023 - 2023) -> Taranaki Bulls (2023 - 2023) -> Blues (2023 - 2023) -> Taranaki Bulls (2023 - 2023) -> Blues (2024 - 2024) -> Taranaki Bulls (2024 - 2024) -> Blues (2024 - 2026),,,https://all.rugby/player/stephen-perofeta,Blues (2016 - 2019) -> Taranaki Bulls (2019 - 2019) -> Blues (2020 - 2020) -> Taranaki Bulls (2020 - 2020) -> Blues (2020 - 2020) -> Taranaki Bulls (2020 - 2020) -> Blues (2021 - 2021) -> Taranaki Bulls (2021 - 2021) -> Blues (2021 - 2021) -> Taranaki Bulls (2021 - 2021) -> Blues (2022 - 2022) -> Taranaki Bulls (2022 - 2022) -> Blues (2022 - 2022) -> Taranaki Bulls (2022 - 2022) -> Blues (2023 - 2023) -> Taranaki Bulls (2023 - 2023) -> Blues (2023 - 2023) -> Taranaki Bulls (2023 - 2023) -> Blues (2024 - 2024) -> Taranaki Bulls (2024 - 2024) -> Blues (2024 - 2026)
AJ LAM,AJ LAM,CTB,Blues,192,105,1998.07.29,,,,,A,0,https://all.rugby/player/aj-lam,,Auckland (2018 - 2020) -> Blues (2020 - 2020) -> Auckland (2020 - 2020) -> Blues (2021 - 2021) -> Auckland (2021 - 2021) -> Blues (2021 - 2021) -> Auckland (2021 - 2021) -> Blues (2022 - 2022) -> Auckland (2022 - 2022) -> Blues (2022 - 2022) -> Auckland (2022 - 2022) -> Blues (2023 - 2023) -> Auckland (2023 - 2023) -> Blues (2023 - 2023) -> Auckland (2023 - 2023) -> Blues (2024 - 2024) -> Auckland (2024 - 2024) -> Blues (2024 - 2024) -> Auckland (2024 - 2024) -> Blues (2025 - 2025) -> Auckland (2025 - 2025) -> Blues (2025 - 2026),,,https://all.rugby/player/aj-lam,Auckland (2018 - 2020) -> Blues (2020 - 2020) -> Auckland (2020 - 2020) -> Blues (2021 - 2021) -> Auckland (2021 - 2021) -> Blues (2021 - 2021) -> Auckland (2021 - 2021) -> Blues (2022 - 2022) -> Auckland (2022 - 2022) -> Blues (2022 - 2022) -> Auckland (2022 - 2022) -> Blues (2023 - 2023) -> Auckland (2023 - 2023) -> Blues (2023 - 2023) -> Auckland (2023 - 2023) -> Blues (2024 - 2024) -> Auckland (2024 - 2024) -> Blues (2024 - 2024) -> Auckland (2024 - 2024) -> Blues (2025 - 2025) -> Auckland (2025 - 2025) -> Blues (2025 - 2026)
Corey EVANS,Corey EVANS,CTB,Blues,185,97,2001.01.11,,,,,A,0,https://all.rugby/player/corey-evans,,Auckland (2020 - 2021) -> Blues (2021 - 2021) -> Auckland (2021 - 2021) -> Blues (2022 - 2022) -> Auckland (2022 - 2022) -> Blues (2022 - 2022) -> Auckland (2022 - 2022) -> Blues (2023 - 2023) -> Auckland (2023 - 2023) -> Blues (2023 - 2023) -> Northland Taniwha (2023 - 2023) -> Blues (2024 - 2024) -> Northland Taniwha (2024 - 2024) -> Blues (2024 - 2024) -> Northland Taniwha (2024 - 2024) -> Blues (2025 - 2025) -> Northland Taniwha (2025 - 2025) -> Blues (2025 - 2026),,,https://all.rugby/player/corey-evans,Auckland (2020 - 2021) -> Blues (2021 - 2021) -> Auckland (2021 - 2021) -> Blues (2022 - 2022) -> Auckland (2022 - 2022) -> Blues (2022 - 2022) -> Auckland (2022 - 2022) -> Blues (2023 - 2023) -> Auckland (2023 - 2023) -> Blues (2023 - 2023) -> Northland Taniwha (2023 - 2023) -> Blues (2024 - 2024) -> Northland Taniwha (2024 - 2024) -> Blues (2024 - 2024) -> Northland Taniwha (2024 - 2024) -> Blues (2025 - 2025) -> Northland Taniwha (2025 - 2025) -> Blues (2025 - 2026)
James CAMERON,James CAMERON,CTB,Blues,188,93,2005..,,,,,A,0,https://all.rugby/player/james-cameron,,Crusaders (2024 - 2024) -> Canterbury (2024 - 2024) -> Crusaders (2025 - 2025) -> Canterbury (2025 - 2025) -> Blues (2025 - 2026),,,https://all.rugby/player/james-cameron,Crusaders (2024 - 2024) -> Canterbury (2024 - 2024) -> Crusaders (2025 - 2025) -> Canterbury (2025 - 2025) -> Blues (2025 - 2026)
Pita AHKI,Pita AHKI,CTB,Blues,189,101,1992.09.24,,,,,A,0,https://all.rugby/player/pita-ahki,,Blues (2011 - 2015) -> North Harbour (2015 - 2016) -> Hurricanes (2016 - 2017) -> Connacht Rugby (2017 - 2018) -> Stade Toulousain (2018 - 2025) -> Blues (2025 - 2025) -> Stade Toulousain (2026 - 2026) -> Blues (2026 - 2026),New Zealand,New Zealand,https://all.rugby/player/pita-ahki,Blues (2011 - 2015) -> North Harbour (2015 - 2016) -> Hurricanes (2016 - 2017) -> Connacht Rugby (2017 - 2018) -> Stade Toulousain (2018 - 2025) -> Blues (2025 - 2025) -> Stade Toulousain (2026 - 2026) -> Blues (2026 - 2026)
Xavi TAELE,Xavi TAELE,CTB,Blues,182,90,2004..,,,,,A,0,https://all.rugby/player/xavi-taele,,Auckland (2022 - 2023) -> Blues (2023 - 2023) -> Auckland (2023 - 2023) -> Blues (2024 - 2024) -> Auckland (2024 - 2024) -> Blues (2024 - 2024) -> Auckland (2024 - 2024) -> Blues (2025 - 2025) -> Auckland (2025 - 2025) -> Blues (2025 - 2026),,,https://all.rugby/player/xavi-taele,Auckland (2022 - 2023) -> Blues (2023 - 2023) -> Auckland (2023 - 2023) -> Blues (2024 - 2024) -> Auckland (2024 - 2024) -> Blues (2024 - 2024) -> Auckland (2024 - 2024) -> Blues (2025 - 2025) -> Auckland (2025 - 2025) -> Blues (2025 - 2026)
Caleb CLARKE,Caleb CLARKE,Winger,Blues,189,108,1999.03.29,,,,,A,0,https://all.rugby/player/caleb-clarke,,Blues (2017 - 2019) -> Auckland (2019 - 2019) -> Blues (2020 - 2020) -> Auckland (2020 - 2020) -> Blues (2020 - 2024) -> Auckland (2024 - 2024) -> Blues (2025 - 2025) -> Auckland (2025 - 2025) -> Blues (2025 - 2026),New Zealand,New Zealand,https://all.rugby/player/caleb-clarke,Blues (2017 - 2019) -> Auckland (2019 - 2019) -> Blues (2020 - 2020) -> Auckland (2020 - 2020) -> Blues (2020 - 2024) -> Auckland (2024 - 2024) -> Blues (2025 - 2025) -> Auckland (2025 - 2025) -> Blues (2025 - 2026)
Cody VAI,Cody VAI,Winger,Blues,188,86,2004.02.25,,,,,A,0,https://all.rugby/player/codemeru-vai,,Bay of Plenty Steamers (2022 - 2024) -> Auckland (2024 - 2025) -> Blues (2025 - 2026),,,https://all.rugby/player/codemeru-vai,Bay of Plenty Steamers (2022 - 2024) -> Auckland (2024 - 2025) -> Blues (2025 - 2026)
Cole FORBES,Cole FORBES,FB,Blues,180,91,1999.08.10,,,,,A,0,https://all.rugby/player/cole-forbes,,Bay of Plenty Steamers (2017 - 2020) -> Glasgow Warriors (2020 - 2022) -> Bay of Plenty Steamers (2022 - 2022) -> Glasgow Warriors (2023 - 2023) -> Bay of Plenty Steamers (2023 - 2023) -> Blues (2023 - 2023) -> Bay of Plenty Steamers (2023 - 2023) -> Blues (2024 - 2024) -> Bay of Plenty Steamers (2024 - 2024) -> Blues (2024 - 2024) -> Bay of Plenty Steamers (2024 - 2024) -> Blues (2025 - 2025) -> Bay of Plenty Steamers (2025 - 2025) -> Blues (2025 - 2026),,,https://all.rugby/player/cole-forbes,Bay of Plenty Steamers (2017 - 2020) -> Glasgow Warriors (2020 - 2022) -> Bay of Plenty Steamers (2022 - 2022) -> Glasgow Warriors (2023 - 2023) -> Bay of Plenty Steamers (2023 - 2023) -> Blues (2023 - 2023) -> Bay of Plenty Steamers (2023 - 2023) -> Blues (2024 - 2024) -> Bay of Plenty Steamers (2024 - 2024) -> Blues (2024 - 2024) -> Bay of Plenty Steamers (2024 - 2024) -> Blues (2025 - 2025) -> Bay of Plenty Steamers (2025 - 2025) -> Blues (2025 - 2026)
Kade BANKS,Kade BANKS,FB,Blues,183,92,2000.06.09,,,,,A,0,https://all.rugby/player/kade-banks,,North Harbour (2019 - 2023) -> Blues (2023 - 2023) -> North Harbour (2023 - 2023) -> Blues (2024 - 2024) -> North Harbour (2024 - 2024) -> Hurricanes (2024 - 2024) -> North Harbour (2024 - 2024) -> Hurricanes (2025 - 2025) -> North Harbour (2025 - 2025) -> Blues (2025 - 2026),,,https://all.rugby/player/kade-banks,North Harbour (2019 - 2023) -> Blues (2023 - 2023) -> North Harbour (2023 - 2023) -> Blues (2024 - 2024) -> North Harbour (2024 - 2024) -> Hurricanes (2024 - 2024) -> North Harbour (2024 - 2024) -> Hurricanes (2025 - 2025) -> North Harbour (2025 - 2025) -> Blues (2025 - 2026)
Payton SPENCER,Payton SPENCER,FB,Blues,,90,2004..,,,,,A,0,https://all.rugby/player/payton-spencer,,Auckland (2022 - 2023) -> Blues (2023 - 2024) -> Auckland (2024 - 2024) -> Blues (2025 - 2025) -> Auckland (2025 - 2025) -> Blues (2025 - 2026),,,https://all.rugby/player/payton-spencer,Auckland (2022 - 2023) -> Blues (2023 - 2024) -> Auckland (2024 - 2024) -> Blues (2025 - 2025) -> Auckland (2025 - 2025) -> Blues (2025 - 2026)
Zarn SULLIVAN,Zarn SULLIVAN,FB,Blues,193,101,2000.10.07,,,,,A,0,https://all.rugby/player/zarn-sullivan,,Auckland (2019 - 2020) -> Blues (2020 - 2020) -> Auckland (2020 - 2020) -> Blues (2021 - 2021) -> Auckland (2021 - 2021) -> Blues (2021 - 2021) -> Auckland (2021 - 2021) -> Blues (2022 - 2022) -> Auckland (2022 - 2022) -> Blues (2022 - 2022) -> Auckland (2022 - 2022) -> Blues (2023 - 2023) -> Auckland (2023 - 2023) -> Blues (2023 - 2023) -> Auckland (2023 - 2023) -> Blues (2024 - 2024) -> Auckland (2024 - 2024) -> Blues (2024 - 2024) -> Hawke's Bay Magpies (2024 - 2024) -> Blues (2025 - 2025) -> Hawke's Bay Magpies (2025 - 2025) -> Blues (2025 - 2026),,,https://all.rugby/player/zarn-sullivan,Auckland (2019 - 2020) -> Blues (2020 - 2020) -> Auckland (2020 - 2020) -> Blues (2021 - 2021) -> Auckland (2021 - 2021) -> Blues (2021 - 2021) -> Auckland (2021 - 2021) -> Blues (2022 - 2022) -> Auckland (2022 - 2022) -> Blues (2022 - 2022) -> Auckland (2022 - 2022) -> Blues (2023 - 2023) -> Auckland (2023 - 2023) -> Blues (2023 - 2023) -> Auckland (2023 - 2023) -> Blues (2024 - 2024) -> Auckland (2024 - 2024) -> Blues (2024 - 2024) -> Hawke's Bay Magpies (2024 - 2024) -> Blues (2025 - 2025) -> Hawke's Bay Magpies (2025 - 2025) -> Blues (2025 - 2026)
Aidan ROSS,Aidan ROSS,PR,Reds,189,118,1995.10.25,,,,,A,0,https://all.rugby/player/aidan-ross,,Chiefs (2016 - 2019) -> Bay of Plenty Steamers (2019 - 2019) -> Chiefs (2020 - 2020) -> Bay of Plenty Steamers (2020 - 2020) -> Chiefs (2020 - 2020) -> Bay of Plenty Steamers (2020 - 2020) -> Chiefs (2021 - 2021) -> Bay of Plenty Steamers (2021 - 2021) -> Chiefs (2021 - 2021) -> Bay of Plenty Steamers (2021 - 2021) -> Chiefs (2022 - 2022) -> Bay of Plenty Steamers (2022 - 2022) -> Chiefs (2022 - 2022) -> Bay of Plenty Steamers (2022 - 2022) -> Chiefs (2023 - 2023) -> Bay of Plenty Steamers (2023 - 2023) -> Chiefs (2023 - 2023) -> Bay of Plenty Steamers (2023 - 2023) -> Chiefs (2024 - 2024) -> Bay of Plenty Steamers (2024 - 2024) -> Chiefs (2024 - 2025) -> Queensland Reds (2025 - 2026),New Zealand,New Zealand,https://all.rugby/player/aidan-ross,Chiefs (2016 - 2019) -> Bay of Plenty Steamers (2019 - 2019) -> Chiefs (2020 - 2020) -> Bay of Plenty Steamers (2020 - 2020) -> Chiefs (2020 - 2020) -> Bay of Plenty Steamers (2020 - 2020) -> Chiefs (2021 - 2021) -> Bay of Plenty Steamers (2021 - 2021) -> Chiefs (2021 - 2021) -> Bay of Plenty Steamers (2021 - 2021) -> Chiefs (2022 - 2022) -> Bay of Plenty Steamers (2022 - 2022) -> Chiefs (2022 - 2022) -> Bay of Plenty Steamers (2022 - 2022) -> Chiefs (2023 - 2023) -> Bay of Plenty Steamers (2023 - 2023) -> Chiefs (2023 - 2023) -> Bay of Plenty Steamers (2023 - 2023) -> Chiefs (2024 - 2024) -> Bay of Plenty Steamers (2024 - 2024) -> Chiefs (2024 - 2025) -> Queensland Reds (2025 - 2026)
George BLAKE,George BLAKE,PR,Reds,184,113,2001.06.11,,,,,A,0,https://all.rugby/player/george-blake,,Bond University (2020 - 2021) -> Queensland Reds (2021 - 2023) -> Manawatu Turbos (2023 - 2023) -> Queensland Reds (2024 - 2024) -> Manawatu Turbos (2024 - 2024) -> Queensland Reds (2024 - 2026),,,https://all.rugby/player/george-blake,Bond University (2020 - 2021) -> Queensland Reds (2021 - 2023) -> Manawatu Turbos (2023 - 2023) -> Queensland Reds (2024 - 2024) -> Manawatu Turbos (2024 - 2024) -> Queensland Reds (2024 - 2026)
Jeffery TOOMAGA-ALLEN,Jeffery TOOMAGA-ALLEN,PR,Reds,192,125,1990.11.19,,,,,A,0,https://all.rugby/player/jeffery-toomaga-allen,,Hurricanes (2013 - 2019) -> Wasps (2019 - 2022) -> Ulster Rugby (2022 - 2023) -> Queensland Reds (2023 - 2026),New Zealand,New Zealand,https://all.rugby/player/jeffery-toomaga-allen,Hurricanes (2013 - 2019) -> Wasps (2019 - 2022) -> Ulster Rugby (2022 - 2023) -> Queensland Reds (2023 - 2026)
Massimo DE LUTIIS,Massimo DE LUTIIS,PR,Reds,188,126,2003.11.18,,,,,A,0,https://all.rugby/player/massimo-de-lutiis,,Wests Lions (2022 - 2023) -> Queensland Reds (2023 - 2026),,,https://all.rugby/player/massimo-de-lutiis,Wests Lions (2022 - 2023) -> Queensland Reds (2023 - 2026)
Nick BLOOMFIELD,Nick BLOOMFIELD,PR,Reds,188,115,2004.02.10,,,,,A,0,https://all.rugby/player/nick-bloomfield,,Easts Rugby Union Club (2021 - 2023) -> Queensland Reds (2023 - 2026),,,https://all.rugby/player/nick-bloomfield,Easts Rugby Union Club (2021 - 2023) -> Queensland Reds (2023 - 2026)
Trevor KING,Trevor KING,PR,Reds,193,127,2005..,,,,,A,0,https://all.rugby/player/trevor-king,,Souths Rugby (2022 - 2023) -> Queensland Reds (2023 - 2026),,,https://all.rugby/player/trevor-king,Souths Rugby (2022 - 2023) -> Queensland Reds (2023 - 2026)
Zane NONGGORR,Zane NONGGORR,PR,Reds,187,130,2001.03.30,,,,,A,0,https://all.rugby/player/zane-nonggorr,,Queensland Reds (2019 - 2026),,,https://all.rugby/player/zane-nonggorr,Queensland Reds (2019 - 2026)
Josh NASSER,Josh NASSER,HO,Reds,189,115,1999.06.23,,,,,A,0,https://all.rugby/player/josh-nasser,,Brisbane City (2018 - 2019) -> Queensland Reds (2019 - 2026),,,https://all.rugby/player/josh-nasser,Brisbane City (2018 - 2019) -> Queensland Reds (2019 - 2026)
Matt FAESSLER,Matt FAESSLER,HO,Reds,183,109,1998.12.21,,,,,A,0,https://all.rugby/player/matt-faessler,,Queensland Country (2018 - 2019) -> Brothers Rugby Club (2019 - 2020) -> Queensland Reds (2020 - 2026),,,https://all.rugby/player/matt-faessler,Queensland Country (2018 - 2019) -> Brothers Rugby Club (2019 - 2020) -> Queensland Reds (2020 - 2026)
Richie ASIATA,Richie ASIATA,HO,Reds,180,120,1996.05.03,,,,,A,0,https://all.rugby/player/richie-asiata,,Toronto Arrows (2019 - 2020) -> Queensland Reds (2020 - 2023) -> Northland Taniwha (2023 - 2023) -> Queensland Reds (2024 - 2024) -> Northland Taniwha (2024 - 2024) -> Queensland Reds (2024 - 2025) -> Benetton Rugby Trévise (2025 - 2025) -> Queensland Reds (2025 - 2025) -> Benetton Rugby Trévise (2026 - 2026) -> Queensland Reds (2026 - 2026),,,https://all.rugby/player/richie-asiata,Toronto Arrows (2019 - 2020) -> Queensland Reds (2020 - 2023) -> Northland Taniwha (2023 - 2023) -> Queensland Reds (2024 - 2024) -> Northland Taniwha (2024 - 2024) -> Queensland Reds (2024 - 2025) -> Benetton Rugby Trévise (2025 - 2025) -> Queensland Reds (2025 - 2025) -> Benetton Rugby Trévise (2026 - 2026) -> Queensland Reds (2026 - 2026)
Hamish MULLER,Hamish MULLER,LO,Reds,,,,,,,,A,0,https://all.rugby/player/hamish-muller,,Brothers Rugby Club (2020 - 2025) -> Queensland Reds (2025 - 2026),,,https://all.rugby/player/hamish-muller,Brothers Rugby Club (2020 - 2025) -> Queensland Reds (2025 - 2026)
Josh CANHAM,Josh CANHAM,LO,Reds,202,119,2001.02.01,,,,,A,0,https://all.rugby/player/josh-canham,,Brighton Grammar School (2019 - 2020) -> Melbourne Rebels (2020 - 2024) -> Queensland Reds (2024 - 2026),,,https://all.rugby/player/josh-canham,Brighton Grammar School (2019 - 2020) -> Melbourne Rebels (2020 - 2024) -> Queensland Reds (2024 - 2026)
Lukhan SALAKAIA-LOTO,Lukhan SALAKAIA-LOTO,LO,Reds,198,124,1996.09.19,,,,,A,0,https://all.rugby/player/lukhan-lealaiaulolo-tui,,Queensland Reds (2015 - 2022) -> Northampton Saints (2022 - 2023) -> Melbourne Rebels (2023 - 2024) -> Queensland Reds (2024 - 2026),Samoa,Samoa,https://all.rugby/player/lukhan-lealaiaulolo-tui,Queensland Reds (2015 - 2022) -> Northampton Saints (2022 - 2023) -> Melbourne Rebels (2023 - 2024) -> Queensland Reds (2024 - 2026)
Fraser MCREIGHT,Fraser MCREIGHT,Back row,Reds,186,108,1999.02.19,,,,,A,0,https://all.rugby/player/fraser-mcreight,,Queensland Reds (2018 - 2026),Australia,Australia,https://all.rugby/player/fraser-mcreight,Queensland Reds (2018 - 2026)
Harry WILSON,Harry WILSON,Back row,Reds,196,115,1999.11.22,,,,,A,0,https://all.rugby/player/harry-wilson,,Queensland Reds (2018 - 2026),Australia,Australia,https://all.rugby/player/harry-wilson,Queensland Reds (2018 - 2026)
Joe BRIAL,Joe BRIAL,Back row,Reds,195,114,2002.01.07,,,,,A,0,https://all.rugby/player/joe-brial,,Canterbury (2021 - 2023) -> Queensland Reds (2023 - 2026),,,https://all.rugby/player/joe-brial,Canterbury (2021 - 2023) -> Queensland Reds (2023 - 2026)
John BRYANT,John BRYANT,Back row,Reds,190,100,2003.02.20,,,,,A,0,https://all.rugby/player/john-bryant,,Souths Rugby (2022 - 2023) -> Queensland Reds (2023 - 2025) -> Benetton Rugby Trévise (2025 - 2025) -> Queensland Reds (2025 - 2025) -> Benetton Rugby Trévise (2026 - 2026) -> Queensland Reds (2026 - 2026),,,https://all.rugby/player/john-bryant,Souths Rugby (2022 - 2023) -> Queensland Reds (2023 - 2025) -> Benetton Rugby Trévise (2025 - 2025) -> Queensland Reds (2025 - 2025) -> Benetton Rugby Trévise (2026 - 2026) -> Queensland Reds (2026 - 2026)
Seru URU,Seru URU,Back row,Reds,197,115,1997.01.03,,,,,A,0,https://all.rugby/player/seru-uru,,Brisbane City (2018 - 2019) -> Queensland Reds (2019 - 2026),,,https://all.rugby/player/seru-uru,Brisbane City (2018 - 2019) -> Queensland Reds (2019 - 2026)
Vaiuta LATU,Vaiuta LATU,Back row,Reds,,116,2005..,,,,,A,0,https://all.rugby/player/vaiuta-latu,,Queensland Reds (2024 - 2026),,,https://all.rugby/player/vaiuta-latu,Queensland Reds (2024 - 2026)
James MARTENS,James MARTENS,SH,Reds,187,92,2005..,,,,,A,0,https://all.rugby/player/james-martens,,Queensland Reds (2024 - 2026),,,https://all.rugby/player/james-martens,Queensland Reds (2024 - 2026)
Kalani THOMAS,Kalani THOMAS,SH,Reds,178,91,2002.04.18,,,,,A,0,https://all.rugby/player/kalani-thomas,,Queensland Reds (2019 - 2022) -> Auckland (2022 - 2022) -> Queensland Reds (2023 - 2023) -> Auckland (2023 - 2023) -> Queensland Reds (2023 - 2026),,,https://all.rugby/player/kalani-thomas,Queensland Reds (2019 - 2022) -> Auckland (2022 - 2022) -> Queensland Reds (2023 - 2023) -> Auckland (2023 - 2023) -> Queensland Reds (2023 - 2026)
Louis WERCHON,Louis WERCHON,SH,Reds,178,85,2002.10.25,,,,,A,0,https://all.rugby/player/louis-werchon,,Brothers Rugby Club (2020 - 2022) -> Queensland Reds (2022 - 2022) -> West Brisbane Bulldogs (2022 - 2022) -> Queensland Reds (2023 - 2023) -> West Brisbane Bulldogs (2023 - 2023) -> Queensland Reds (2023 - 2025) -> Benetton Rugby Trévise (2025 - 2025) -> Queensland Reds (2025 - 2025) -> Benetton Rugby Trévise (2026 - 2026) -> Queensland Reds (2026 - 2026),,,https://all.rugby/player/louis-werchon,Brothers Rugby Club (2020 - 2022) -> Queensland Reds (2022 - 2022) -> West Brisbane Bulldogs (2022 - 2022) -> Queensland Reds (2023 - 2023) -> West Brisbane Bulldogs (2023 - 2023) -> Queensland Reds (2023 - 2025) -> Benetton Rugby Trévise (2025 - 2025) -> Queensland Reds (2025 - 2025) -> Benetton Rugby Trévise (2026 - 2026) -> Queensland Reds (2026 - 2026)
Tate MCDERMOTT,Tate MCDERMOTT,SH,Reds,179,77,1998.09.18,,,,,A,0,https://all.rugby/player/tate-mcdermott,,Queensland Reds (2017 - 2026),Australia,Australia,https://all.rugby/player/tate-mcdermott,Queensland Reds (2017 - 2026)
Ben VOLAVOLA,Ben VOLAVOLA,SO,Reds,191,95,1991.01.13,,,,,A,0,https://all.rugby/player/ben-volavola,,New South Wales Waratahs (2012 - 2014) -> Crusaders (2015 - 2016) -> Melbourne Rebels (2016 - 2017) -> North Harbour (2017 - 2017) -> Union Bordeaux-Bègles (2017 - 2017) -> North Harbour (2018 - 2018) -> Union Bordeaux-Bègles (2018 - 2018) -> Racing 92 (2018 - 2020) -> Union Sportive Arlequins Perpignanais (2020 - 2021) -> Racing 92 (2021 - 2023) -> Sporting Union Agenais (2023 - 2024) -> Leicester Tigers (2024 - 2025) -> Queensland Reds (2025 - 2026),Fiji,Fiji,https://all.rugby/player/ben-volavola,New South Wales Waratahs (2012 - 2014) -> Crusaders (2015 - 2016) -> Melbourne Rebels (2016 - 2017) -> North Harbour (2017 - 2017) -> Union Bordeaux-Bègles (2017 - 2017) -> North Harbour (2018 - 2018) -> Union Bordeaux-Bègles (2018 - 2018) -> Racing 92 (2018 - 2020) -> Union Sportive Arlequins Perpignanais (2020 - 2021) -> Racing 92 (2021 - 2023) -> Sporting Union Agenais (2023 - 2024) -> Leicester Tigers (2024 - 2025) -> Queensland Reds (2025 - 2026)
Carter GORDON,Carter GORDON,SO,Reds,189,94,2001.01.29,,,,,A,0,https://all.rugby/player/carter-gordon,,Queensland Country (2018 - 2019) -> Queensland Reds (2019 - 2020) -> Melbourne Rebels (2020 - 2024) -> Gold Coast Titans (2024 - 2025) -> Queensland Reds (2025 - 2026),,,https://all.rugby/player/carter-gordon,Queensland Country (2018 - 2019) -> Queensland Reds (2019 - 2020) -> Melbourne Rebels (2020 - 2024) -> Gold Coast Titans (2024 - 2025) -> Queensland Reds (2025 - 2026)
Harry MCLAUGHLIN-PHILLIPS,Harry MCLAUGHLIN-PHILLIPS,SO,Reds,178,89,2004..,,,,,A,0,https://all.rugby/player/harry-mclaughlin-phillips,,Souths Rugby (2022 - 2023) -> Queensland Reds (2023 - 2026),,,https://all.rugby/player/harry-mclaughlin-phillips,Souths Rugby (2022 - 2023) -> Queensland Reds (2023 - 2026)
Isaac HENRY,Isaac HENRY,SO,Reds,183,94,1999.03.08,,,,,A,0,https://all.rugby/player/isaac-henry,,Brisbane City (2018 - 2019) -> West Brisbane Bulldogs (2019 - 2020) -> Queensland Reds (2020 - 2026),,,https://all.rugby/player/isaac-henry,Brisbane City (2018 - 2019) -> West Brisbane Bulldogs (2019 - 2020) -> Queensland Reds (2020 - 2026)
Tom LYNAGH,Tom LYNAGH,SO,Reds,178,83,2003.04.14,,,,,A,0,https://all.rugby/player/tom-lynagh,,Harlequins (2019 - 2021) -> Queensland Reds (2021 - 2026),,,https://all.rugby/player/tom-lynagh,Harlequins (2019 - 2021) -> Queensland Reds (2021 - 2026)
Dre PAKEHO,Dre PAKEHO,CTB,Reds,,,2005..,,,,,A,0,https://all.rugby/player/dre-pakeho,,Queensland Reds (2022 - 2026),,,https://all.rugby/player/dre-pakeho,Queensland Reds (2022 - 2026)
Frankie GOLDSBROUGH,Frankie GOLDSBROUGH,CTB,Reds,187,101,2006..,,,,,A,0,https://all.rugby/player/frankie-goldsbrough,,Queensland Reds (2022 - 2026),,,https://all.rugby/player/frankie-goldsbrough,Queensland Reds (2022 - 2026)
Hunter PAISAMI,Hunter PAISAMI,CTB,Reds,172,91,1998.04.10,,,,,A,0,https://all.rugby/player/hunter-paisami,,Brisbane City (2018 - 2019) -> Queensland Reds (2019 - 2026),Samoa,Samoa,https://all.rugby/player/hunter-paisami,Brisbane City (2018 - 2019) -> Queensland Reds (2019 - 2026)
Josh FLOOK,Josh FLOOK,CTB,Reds,186,92,2001.09.22,,,,,A,0,https://all.rugby/player/josh-flook,,Queensland Reds (2019 - 2025) -> Benetton Rugby Trévise (2025 - 2025) -> Queensland Reds (2025 - 2025) -> Benetton Rugby Trévise (2026 - 2026) -> Queensland Reds (2026 - 2026),,,https://all.rugby/player/josh-flook,Queensland Reds (2019 - 2025) -> Benetton Rugby Trévise (2025 - 2025) -> Queensland Reds (2025 - 2025) -> Benetton Rugby Trévise (2026 - 2026) -> Queensland Reds (2026 - 2026)
Filipo DAUGUNU,Filipo DAUGUNU,Winger,Reds,181,101,1995.03.04,,,,,A,0,https://all.rugby/player/filipo-daugunu,,Queensland Reds (2017 - 2023) -> Melbourne Rebels (2023 - 2024) -> Queensland Reds (2024 - 2026),Fiji,Fiji,https://all.rugby/player/filipo-daugunu,Queensland Reds (2017 - 2023) -> Melbourne Rebels (2023 - 2024) -> Queensland Reds (2024 - 2026)
Heremaia MURRAY,Heremaia MURRAY,Winger,Reds,188,94,2000.01.11,,,,,A,0,https://all.rugby/player/heremaia-murray,,Auckland (2020 - 2021) -> Northland Taniwha (2021 - 2023) -> Crusaders (2023 - 2023) -> Northland Taniwha (2023 - 2023) -> Crusaders (2024 - 2024) -> Northland Taniwha (2024 - 2024) -> Queensland Reds (2024 - 2026),,,https://all.rugby/player/heremaia-murray,Auckland (2020 - 2021) -> Northland Taniwha (2021 - 2023) -> Crusaders (2023 - 2023) -> Northland Taniwha (2023 - 2023) -> Crusaders (2024 - 2024) -> Northland Taniwha (2024 - 2024) -> Queensland Reds (2024 - 2026)
Lachie ANDERSON,Lachie ANDERSON,Winger,Reds,188,97,1997.08.27,,,,,A,0,https://all.rugby/player/lachie-anderson,,Aussie 7's (2019 - 2019) -> Melbourne Rebels (2019 - 2019) -> Aussie 7's (2020 - 2020) -> Melbourne Rebels (2020 - 2024) -> Queensland Reds (2024 - 2026),,,https://all.rugby/player/lachie-anderson,Aussie 7's (2019 - 2019) -> Melbourne Rebels (2019 - 2019) -> Aussie 7's (2020 - 2020) -> Melbourne Rebels (2020 - 2024) -> Queensland Reds (2024 - 2026)
Nick CONWAY,Nick CONWAY,Winger,Reds,186,88,2007..,,,,,A,0,https://all.rugby/player/nick-conway,,Queensland Reds (2024 - 2026),,,https://all.rugby/player/nick-conway,Queensland Reds (2024 - 2026)
Tim RYAN,Tim RYAN,Winger,Reds,186,88,2003.10.29,,,,,A,0,https://all.rugby/player/tim-ryan,,Brothers Rugby Club (2022 - 2023) -> Queensland Reds (2023 - 2026),,,https://all.rugby/player/tim-ryan,Brothers Rugby Club (2022 - 2023) -> Queensland Reds (2023 - 2026)
Will MCCULLOCH,Will MCCULLOCH,Winger,Reds,186,88,2004.01.05,,,,,A,0,https://all.rugby/player/will-mcculloch,,Queensland Reds (2023 - 2026),,,https://all.rugby/player/will-mcculloch,Queensland Reds (2023 - 2026)
Jock CAMPBELL,Jock CAMPBELL,FB,Reds,186,91,1995.05.17,,,,,A,0,https://all.rugby/player/jock-campbell,,Queensland Reds (2018 - 2026),,,https://all.rugby/player/jock-campbell,Queensland Reds (2018 - 2026)
Treyvon PRITCHARD,Treyvon PRITCHARD,FB,Reds,,,,,,,,A,0,https://all.rugby/player/treyvon-pritchard,,Anglican Church Grammar School (2024 - 2025) -> Queensland Reds (2025 - 2026),,,https://all.rugby/player/treyvon-pritchard,Anglican Church Grammar School (2024 - 2025) -> Queensland Reds (2025 - 2026)
Finn MACKAY,Finn MACKAY,SO,Reds,189,84,2007..,,,,,A,0,https://all.rugby/player/finn-mackay,,Queensland Reds (2024 - 2026),,,https://all.rugby/player/finn-mackay,Queensland Reds (2024 - 2026)
Xavier RUBENS,Xavier RUBENS,CTB,Reds,186,93,2005..,,,,,A,0,https://all.rugby/player/xavier-rubens,,Queensland Reds (2023 - 2026),,,https://all.rugby/player/xavier-rubens,Queensland Reds (2023 - 2026)
Nic LYNAGH,Nic LYNAGH,Winger,Reds,183,88,,,,,,A,0,https://all.rugby/player/nick-lynagh,,Harlequins (2025 - 2025) -> Queensland Reds (2025 - 2025) -> Harlequins (2026 - 2026) -> Queensland Reds (2026 - 2026),,,https://all.rugby/player/nick-lynagh,Harlequins (2025 - 2025) -> Queensland Reds (2025 - 2025) -> Harlequins (2026 - 2026) -> Queensland Reds (2026 - 2026)
Angus TA'AVAO,Angus TA'AVAO,PR,Highlanders,194,127,1990.03.22,,,,,A,0,https://all.rugby/player/angus-taavao-matau,,Blues (2013 - 2015) -> New South Wales Waratahs (2015 - 2017) -> Chiefs (2017 - 2019) -> Auckland (2019 - 2019) -> Chiefs (2020 - 2020) -> Auckland (2020 - 2020) -> Chiefs (2020 - 2021) -> Auckland (2021 - 2021) -> Chiefs (2022 - 2022) -> Auckland (2022 - 2022) -> Chiefs (2022 - 2022) -> Auckland (2022 - 2022) -> Chiefs (2023 - 2023) -> Auckland (2023 - 2023) -> Blues (2023 - 2023) -> Auckland (2023 - 2023) -> Blues (2024 - 2024) -> Auckland (2024 - 2024) -> Blues (2024 - 2024) -> Auckland (2024 - 2024) -> Blues (2025 - 2025) -> Auckland (2025 - 2025) -> Highlanders (2025 - 2026),New Zealand,New Zealand,https://all.rugby/player/angus-taavao-matau,Blues (2013 - 2015) -> New South Wales Waratahs (2015 - 2017) -> Chiefs (2017 - 2019) -> Auckland (2019 - 2019) -> Chiefs (2020 - 2020) -> Auckland (2020 - 2020) -> Chiefs (2020 - 2021) -> Auckland (2021 - 2021) -> Chiefs (2022 - 2022) -> Auckland (2022 - 2022) -> Chiefs (2022 - 2022) -> Auckland (2022 - 2022) -> Chiefs (2023 - 2023) -> Auckland (2023 - 2023) -> Blues (2023 - 2023) -> Auckland (2023 - 2023) -> Blues (2024 - 2024) -> Auckland (2024 - 2024) -> Blues (2024 - 2024) -> Auckland (2024 - 2024) -> Blues (2025 - 2025) -> Auckland (2025 - 2025) -> Highlanders (2025 - 2026)
Dan LIENERT-BROWN,Dan LIENERT-BROWN,PR,Highlanders,184,117,1993.02.09,,,,,A,0,https://all.rugby/player/dan-lienert-brown,,Crusaders (2013 - 2014) -> Highlanders (2014 - 2019) -> Canterbury (2019 - 2019) -> Highlanders (2020 - 2020) -> Canterbury (2020 - 2020) -> Highlanders (2020 - 2020) -> Canterbury (2020 - 2020) -> Highlanders (2021 - 2021) -> Canterbury (2021 - 2021) -> Highlanders (2021 - 2021) -> Canterbury (2021 - 2021) -> Highlanders (2022 - 2022) -> Canterbury (2022 - 2022) -> Highlanders (2022 - 2022) -> Canterbury (2022 - 2022) -> Highlanders (2023 - 2023) -> Canterbury (2023 - 2023) -> Highlanders (2023 - 2023) -> Canterbury (2023 - 2023) -> Highlanders (2024 - 2024) -> Canterbury (2024 - 2024) -> Highlanders (2024 - 2024) -> Canterbury (2024 - 2024) -> Highlanders (2025 - 2025) -> Canterbury (2025 - 2025) -> Highlanders (2025 - 2026),,,https://all.rugby/player/dan-lienert-brown,Crusaders (2013 - 2014) -> Highlanders (2014 - 2019) -> Canterbury (2019 - 2019) -> Highlanders (2020 - 2020) -> Canterbury (2020 - 2020) -> Highlanders (2020 - 2020) -> Canterbury (2020 - 2020) -> Highlanders (2021 - 2021) -> Canterbury (2021 - 2021) -> Highlanders (2021 - 2021) -> Canterbury (2021 - 2021) -> Highlanders (2022 - 2022) -> Canterbury (2022 - 2022) -> Highlanders (2022 - 2022) -> Canterbury (2022 - 2022) -> Highlanders (2023 - 2023) -> Canterbury (2023 - 2023) -> Highlanders (2023 - 2023) -> Canterbury (2023 - 2023) -> Highlanders (2024 - 2024) -> Canterbury (2024 - 2024) -> Highlanders (2024 - 2024) -> Canterbury (2024 - 2024) -> Highlanders (2025 - 2025) -> Canterbury (2025 - 2025) -> Highlanders (2025 - 2026)
Ethan DE GROOT,Ethan DE GROOT,PR,Highlanders,190,128,1998.07.22,,,,,A,0,https://all.rugby/player/ethan-de-groot,,Southland Stags (2018 - 2019) -> Highlanders (2019 - 2019) -> Southland Stags (2019 - 2019) -> Highlanders (2020 - 2020) -> Southland Stags (2020 - 2020) -> Highlanders (2020 - 2023) -> Southland Stags (2023 - 2023) -> Highlanders (2024 - 2024) -> Southland Stags (2024 - 2024) -> Highlanders (2024 - 2026),New Zealand,New Zealand,https://all.rugby/player/ethan-de-groot,Southland Stags (2018 - 2019) -> Highlanders (2019 - 2019) -> Southland Stags (2019 - 2019) -> Highlanders (2020 - 2020) -> Southland Stags (2020 - 2020) -> Highlanders (2020 - 2023) -> Southland Stags (2023 - 2023) -> Highlanders (2024 - 2024) -> Southland Stags (2024 - 2024) -> Highlanders (2024 - 2026)
Josh BARTLETT,Josh BARTLETT,PR,Highlanders,183,116,2002.12.28,,,,,A,0,https://all.rugby/player/josh-bartlett,,Bay of Plenty Steamers (2020 - 2021) -> Chiefs (2021 - 2021) -> Bay of Plenty Steamers (2021 - 2021) -> Chiefs (2022 - 2022) -> Bay of Plenty Steamers (2022 - 2023) -> Western Force (2023 - 2023) -> Bay of Plenty Steamers (2023 - 2023) -> Western Force (2024 - 2024) -> Bay of Plenty Steamers (2024 - 2024) -> Highlanders (2024 - 2024) -> Bay of Plenty Steamers (2024 - 2024) -> Highlanders (2025 - 2025) -> Bay of Plenty Steamers (2025 - 2025) -> Highlanders (2025 - 2026),,,https://all.rugby/player/josh-bartlett,Bay of Plenty Steamers (2020 - 2021) -> Chiefs (2021 - 2021) -> Bay of Plenty Steamers (2021 - 2021) -> Chiefs (2022 - 2022) -> Bay of Plenty Steamers (2022 - 2023) -> Western Force (2023 - 2023) -> Bay of Plenty Steamers (2023 - 2023) -> Western Force (2024 - 2024) -> Bay of Plenty Steamers (2024 - 2024) -> Highlanders (2024 - 2024) -> Bay of Plenty Steamers (2024 - 2024) -> Highlanders (2025 - 2025) -> Bay of Plenty Steamers (2025 - 2025) -> Highlanders (2025 - 2026)
Rohan WINGHAM,Rohan WINGHAM,PR,Highlanders,189,117,2002.12.04,,,,,A,0,https://all.rugby/player/rohan-wingham,,Otago (2022 - 2023) -> Highlanders (2023 - 2023) -> Otago (2023 - 2023) -> Highlanders (2024 - 2024) -> Otago (2024 - 2024) -> Highlanders (2024 - 2024) -> Otago (2024 - 2024) -> Highlanders (2025 - 2025) -> Otago (2025 - 2025) -> Highlanders (2025 - 2026),,,https://all.rugby/player/rohan-wingham,Otago (2022 - 2023) -> Highlanders (2023 - 2023) -> Otago (2023 - 2023) -> Highlanders (2024 - 2024) -> Otago (2024 - 2024) -> Highlanders (2024 - 2024) -> Otago (2024 - 2024) -> Highlanders (2025 - 2025) -> Otago (2025 - 2025) -> Highlanders (2025 - 2026)
Saula MA'U,Saula MA'U,PR,Highlanders,194,140,2000.04.29,,,,,A,0,https://all.rugby/player/saula-ma-u,,Otago (2020 - 2021) -> Highlanders (2021 - 2021) -> Otago (2021 - 2021) -> Highlanders (2022 - 2022) -> Otago (2022 - 2022) -> Highlanders (2022 - 2022) -> Otago (2022 - 2022) -> Highlanders (2023 - 2023) -> Otago (2023 - 2023) -> Highlanders (2023 - 2023) -> Otago (2023 - 2023) -> Highlanders (2024 - 2024) -> Otago (2024 - 2024) -> Highlanders (2024 - 2024) -> Otago (2024 - 2024) -> Highlanders (2025 - 2025) -> Otago (2025 - 2025) -> Highlanders (2025 - 2026),,,https://all.rugby/player/saula-ma-u,Otago (2020 - 2021) -> Highlanders (2021 - 2021) -> Otago (2021 - 2021) -> Highlanders (2022 - 2022) -> Otago (2022 - 2022) -> Highlanders (2022 - 2022) -> Otago (2022 - 2022) -> Highlanders (2023 - 2023) -> Otago (2023 - 2023) -> Highlanders (2023 - 2023) -> Otago (2023 - 2023) -> Highlanders (2024 - 2024) -> Otago (2024 - 2024) -> Highlanders (2024 - 2024) -> Otago (2024 - 2024) -> Highlanders (2025 - 2025) -> Otago (2025 - 2025) -> Highlanders (2025 - 2026)
Sefo KAUTAI,Sefo KAUTAI,PR,Highlanders,189,133,1996.08.16,,,,,A,0,https://all.rugby/player/sosefo-kautai,,Chiefs (2016 - 2018) -> Waikato Mooloos (2018 - 2018) -> Chiefs (2019 - 2019) -> Waikato Mooloos (2019 - 2020) -> Brumbies (2020 - 2020) -> Waikato Mooloos (2020 - 2020) -> Brumbies (2021 - 2021) -> Waikato Mooloos (2021 - 2021) -> Brumbies (2021 - 2021) -> Waikato Mooloos (2021 - 2021) -> Brumbies (2022 - 2022) -> Waikato Mooloos (2022 - 2022) -> Brumbies (2022 - 2023) -> Waikato Mooloos (2023 - 2023) -> Brumbies (2024 - 2024) -> Waikato Mooloos (2024 - 2024) -> Highlanders (2024 - 2024) -> Waikato Mooloos (2024 - 2024) -> Highlanders (2025 - 2025) -> Waikato Mooloos (2025 - 2025) -> Highlanders (2025 - 2026),,,https://all.rugby/player/sosefo-kautai,Chiefs (2016 - 2018) -> Waikato Mooloos (2018 - 2018) -> Chiefs (2019 - 2019) -> Waikato Mooloos (2019 - 2020) -> Brumbies (2020 - 2020) -> Waikato Mooloos (2020 - 2020) -> Brumbies (2021 - 2021) -> Waikato Mooloos (2021 - 2021) -> Brumbies (2021 - 2021) -> Waikato Mooloos (2021 - 2021) -> Brumbies (2022 - 2022) -> Waikato Mooloos (2022 - 2022) -> Brumbies (2022 - 2023) -> Waikato Mooloos (2023 - 2023) -> Brumbies (2024 - 2024) -> Waikato Mooloos (2024 - 2024) -> Highlanders (2024 - 2024) -> Waikato Mooloos (2024 - 2024) -> Highlanders (2025 - 2025) -> Waikato Mooloos (2025 - 2025) -> Highlanders (2025 - 2026)
Henry BELL,Henry BELL,HO,Highlanders,178,107,1999.08.22,,,,,A,0,https://all.rugby/player/henry-bell,,Otago (2019 - 2022) -> Utah Warriors (2022 - 2022) -> Otago (2022 - 2022) -> Utah Warriors (2023 - 2023) -> Otago (2023 - 2023) -> Highlanders (2023 - 2023) -> Otago (2023 - 2023) -> Highlanders (2024 - 2024) -> Otago (2024 - 2024) -> Highlanders (2024 - 2024) -> Otago (2024 - 2024) -> Highlanders (2025 - 2025) -> Otago (2025 - 2025) -> Highlanders (2025 - 2026),,,https://all.rugby/player/henry-bell,Otago (2019 - 2022) -> Utah Warriors (2022 - 2022) -> Otago (2022 - 2022) -> Utah Warriors (2023 - 2023) -> Otago (2023 - 2023) -> Highlanders (2023 - 2023) -> Otago (2023 - 2023) -> Highlanders (2024 - 2024) -> Otago (2024 - 2024) -> Highlanders (2024 - 2024) -> Otago (2024 - 2024) -> Highlanders (2025 - 2025) -> Otago (2025 - 2025) -> Highlanders (2025 - 2026)
Jack TAYLOR,Jack TAYLOR,HO,Highlanders,181,106,2003.06.25,,,,,A,0,https://all.rugby/player/jack-taylor,,Southland Stags (2021 - 2022) -> Highlanders (2022 - 2022) -> Southland Stags (2022 - 2022) -> Highlanders (2023 - 2023) -> Southland Stags (2023 - 2023) -> Highlanders (2023 - 2023) -> Southland Stags (2023 - 2023) -> Highlanders (2024 - 2024) -> Southland Stags (2024 - 2024) -> Highlanders (2024 - 2024) -> Southland Stags (2024 - 2024) -> Highlanders (2025 - 2025) -> Southland Stags (2025 - 2025) -> Highlanders (2025 - 2026),,,https://all.rugby/player/jack-taylor,Southland Stags (2021 - 2022) -> Highlanders (2022 - 2022) -> Southland Stags (2022 - 2022) -> Highlanders (2023 - 2023) -> Southland Stags (2023 - 2023) -> Highlanders (2023 - 2023) -> Southland Stags (2023 - 2023) -> Highlanders (2024 - 2024) -> Southland Stags (2024 - 2024) -> Highlanders (2024 - 2024) -> Southland Stags (2024 - 2024) -> Highlanders (2025 - 2025) -> Southland Stags (2025 - 2025) -> Highlanders (2025 - 2026)
Soane VIKENA,Soane VIKENA,HO,Highlanders,183,112,2001.07.01,,,,,A,0,https://all.rugby/player/soane-vikena,,Auckland (2019 - 2020) -> Blues (2020 - 2020) -> Auckland (2020 - 2020) -> Blues (2021 - 2021) -> Auckland (2021 - 2021) -> Blues (2021 - 2021) -> Auckland (2021 - 2021) -> Blues (2022 - 2022) -> Auckland (2022 - 2022) -> Blues (2022 - 2022) -> Auckland (2022 - 2022) -> Blues (2023 - 2023) -> Auckland (2023 - 2023) -> Blues (2023 - 2023) -> Auckland (2023 - 2023) -> Blues (2024 - 2024) -> Auckland (2024 - 2024) -> Highlanders (2024 - 2024) -> Auckland (2024 - 2024) -> Highlanders (2025 - 2025) -> Auckland (2025 - 2025) -> Highlanders (2025 - 2026),,,https://all.rugby/player/soane-vikena,Auckland (2019 - 2020) -> Blues (2020 - 2020) -> Auckland (2020 - 2020) -> Blues (2021 - 2021) -> Auckland (2021 - 2021) -> Blues (2021 - 2021) -> Auckland (2021 - 2021) -> Blues (2022 - 2022) -> Auckland (2022 - 2022) -> Blues (2022 - 2022) -> Auckland (2022 - 2022) -> Blues (2023 - 2023) -> Auckland (2023 - 2023) -> Blues (2023 - 2023) -> Auckland (2023 - 2023) -> Blues (2024 - 2024) -> Auckland (2024 - 2024) -> Highlanders (2024 - 2024) -> Auckland (2024 - 2024) -> Highlanders (2025 - 2025) -> Auckland (2025 - 2025) -> Highlanders (2025 - 2026)
Mitch DUNSHEA,Mitch DUNSHEA,LO,Highlanders,197,115,1995.11.18,,,,,A,0,https://all.rugby/player/mitchell-dunshea,,Crusaders (2016 - 2019) -> Canterbury (2019 - 2019) -> Crusaders (2020 - 2020) -> Canterbury (2020 - 2020) -> Crusaders (2020 - 2022) -> Canterbury (2022 - 2022) -> Crusaders (2023 - 2023) -> Canterbury (2023 - 2023) -> Highlanders (2023 - 2023) -> Southland Stags (2023 - 2023) -> Highlanders (2024 - 2024) -> Southland Stags (2024 - 2024) -> Highlanders (2024 - 2024) -> Southland Stags (2024 - 2024) -> Highlanders (2025 - 2025) -> Southland Stags (2025 - 2025) -> Highlanders (2025 - 2026),,,https://all.rugby/player/mitchell-dunshea,Crusaders (2016 - 2019) -> Canterbury (2019 - 2019) -> Crusaders (2020 - 2020) -> Canterbury (2020 - 2020) -> Crusaders (2020 - 2022) -> Canterbury (2022 - 2022) -> Crusaders (2023 - 2023) -> Canterbury (2023 - 2023) -> Highlanders (2023 - 2023) -> Southland Stags (2023 - 2023) -> Highlanders (2024 - 2024) -> Southland Stags (2024 - 2024) -> Highlanders (2024 - 2024) -> Southland Stags (2024 - 2024) -> Highlanders (2025 - 2025) -> Southland Stags (2025 - 2025) -> Highlanders (2025 - 2026)
Tai CRIBB,Tai CRIBB,LO,Highlanders,,,2004.02.09,,,,,A,0,https://all.rugby/player/tai-cribb,,Waikato Mooloos (2022 - 2023) -> Chiefs (2023 - 2023) -> Waikato Mooloos (2023 - 2023) -> Chiefs (2024 - 2024) -> Waikato Mooloos (2024 - 2024) -> Highlanders (2024 - 2024) -> Auckland (2024 - 2024) -> Highlanders (2025 - 2025) -> Auckland (2025 - 2025) -> Highlanders (2025 - 2026),,,https://all.rugby/player/tai-cribb,Waikato Mooloos (2022 - 2023) -> Chiefs (2023 - 2023) -> Waikato Mooloos (2023 - 2023) -> Chiefs (2024 - 2024) -> Waikato Mooloos (2024 - 2024) -> Highlanders (2024 - 2024) -> Auckland (2024 - 2024) -> Highlanders (2025 - 2025) -> Auckland (2025 - 2025) -> Highlanders (2025 - 2026)
Tomás LAVANINI,Tomás LAVANINI,LO,Highlanders,200,127,1993.01.22,,,,,A,0,https://all.rugby/player/tomas-lavanini,,Racing 92 (2014 - 2015) -> Jaguares (2015 - 2019) -> Leicester Tigers (2019 - 2021) -> ASM Clermont Auvergne (2021 - 2024) -> Lyon Olympique Universitaire Rugby (2024 - 2025) -> Highlanders (2025 - 2026),Argentina,Argentina,https://all.rugby/player/tomas-lavanini,Racing 92 (2014 - 2015) -> Jaguares (2015 - 2019) -> Leicester Tigers (2019 - 2021) -> ASM Clermont Auvergne (2021 - 2024) -> Lyon Olympique Universitaire Rugby (2024 - 2025) -> Highlanders (2025 - 2026)
Will STODART,Will STODART,LO,Highlanders,197,116,2003.10.03,,,,,A,0,https://all.rugby/player/will-stodart,,Otago (2022 - 2023) -> Highlanders (2023 - 2023) -> Otago (2023 - 2023) -> Highlanders (2024 - 2024) -> Otago (2024 - 2024) -> Highlanders (2024 - 2024) -> Otago (2024 - 2024) -> Highlanders (2025 - 2025) -> Otago (2025 - 2025) -> Highlanders (2025 - 2026),,,https://all.rugby/player/will-stodart,Otago (2022 - 2023) -> Highlanders (2023 - 2023) -> Otago (2023 - 2023) -> Highlanders (2024 - 2024) -> Otago (2024 - 2024) -> Highlanders (2024 - 2024) -> Otago (2024 - 2024) -> Highlanders (2025 - 2025) -> Otago (2025 - 2025) -> Highlanders (2025 - 2026)
Hugh RENTON,Hugh RENTON,Back row,Highlanders,193,114,1996.05.12,,,,,A,0,https://all.rugby/player/hugh-renton,,Hurricanes (2016 - 2017) -> Tasman Mako (2019 - 2020) -> Highlanders (2020 - 2020) -> Tasman Mako (2020 - 2020) -> Highlanders (2021 - 2021) -> Tasman Mako (2021 - 2021) -> Highlanders (2021 - 2021) -> Tasman Mako (2021 - 2021) -> Highlanders (2022 - 2022) -> Tasman Mako (2022 - 2022) -> Highlanders (2022 - 2022) -> Tasman Mako (2022 - 2022) -> Highlanders (2023 - 2023) -> Tasman Mako (2023 - 2023) -> Highlanders (2023 - 2023) -> Hawke's Bay Magpies (2023 - 2023) -> Highlanders (2024 - 2024) -> Hawke's Bay Magpies (2024 - 2024) -> Highlanders (2024 - 2026),,,https://all.rugby/player/hugh-renton,Hurricanes (2016 - 2017) -> Tasman Mako (2019 - 2020) -> Highlanders (2020 - 2020) -> Tasman Mako (2020 - 2020) -> Highlanders (2021 - 2021) -> Tasman Mako (2021 - 2021) -> Highlanders (2021 - 2021) -> Tasman Mako (2021 - 2021) -> Highlanders (2022 - 2022) -> Tasman Mako (2022 - 2022) -> Highlanders (2022 - 2022) -> Tasman Mako (2022 - 2022) -> Highlanders (2023 - 2023) -> Tasman Mako (2023 - 2023) -> Highlanders (2023 - 2023) -> Hawke's Bay Magpies (2023 - 2023) -> Highlanders (2024 - 2024) -> Hawke's Bay Magpies (2024 - 2024) -> Highlanders (2024 - 2026)
Lucas CASEY,Lucas CASEY,Back row,Highlanders,,,2003.04.30,,,,,A,0,https://all.rugby/player/lucas-casey,,Otago (2023 - 2025) -> Highlanders (2025 - 2026),,,https://all.rugby/player/lucas-casey,Otago (2023 - 2025) -> Highlanders (2025 - 2026)
Nikora BROUGHTON,Nikora BROUGHTON,Back row,Highlanders,188,105,2001.09.05,,,,,A,0,https://all.rugby/player/nikora-broughton,,Bay of Plenty Steamers (2020 - 2022) -> Highlanders (2022 - 2022) -> Bay of Plenty Steamers (2022 - 2022) -> Highlanders (2023 - 2023) -> Bay of Plenty Steamers (2023 - 2023) -> Highlanders (2023 - 2023) -> Bay of Plenty Steamers (2023 - 2023) -> Highlanders (2024 - 2024) -> Bay of Plenty Steamers (2024 - 2024) -> Highlanders (2024 - 2024) -> Bay of Plenty Steamers (2024 - 2024) -> Highlanders (2025 - 2025) -> Bay of Plenty Steamers (2025 - 2025) -> Highlanders (2025 - 2026),,,https://all.rugby/player/nikora-broughton,Bay of Plenty Steamers (2020 - 2022) -> Highlanders (2022 - 2022) -> Bay of Plenty Steamers (2022 - 2022) -> Highlanders (2023 - 2023) -> Bay of Plenty Steamers (2023 - 2023) -> Highlanders (2023 - 2023) -> Bay of Plenty Steamers (2023 - 2023) -> Highlanders (2024 - 2024) -> Bay of Plenty Steamers (2024 - 2024) -> Highlanders (2024 - 2024) -> Bay of Plenty Steamers (2024 - 2024) -> Highlanders (2025 - 2025) -> Bay of Plenty Steamers (2025 - 2025) -> Highlanders (2025 - 2026)
Oliver HAIG,Oliver HAIG,Back row,Highlanders,196,115,2002.01.03,,,,,A,0,https://all.rugby/player/oliver-haig,,Otago (2021 - 2022) -> Highlanders (2022 - 2023) -> Otago (2023 - 2023) -> Highlanders (2024 - 2024) -> Otago (2024 - 2024) -> Highlanders (2024 - 2024) -> Otago (2024 - 2024) -> Highlanders (2025 - 2025) -> Otago (2025 - 2025) -> Highlanders (2025 - 2026),,,https://all.rugby/player/oliver-haig,Otago (2021 - 2022) -> Highlanders (2022 - 2023) -> Otago (2023 - 2023) -> Highlanders (2024 - 2024) -> Otago (2024 - 2024) -> Highlanders (2024 - 2024) -> Otago (2024 - 2024) -> Highlanders (2025 - 2025) -> Otago (2025 - 2025) -> Highlanders (2025 - 2026)
Sean WITHY,Sean WITHY,Back row,Highlanders,191,108,2001.02.01,,,,,A,0,https://all.rugby/player/sean-withy,,Otago (2019 - 2020) -> Highlanders (2020 - 2020) -> Otago (2020 - 2020) -> Highlanders (2021 - 2021) -> Otago (2021 - 2021) -> Highlanders (2021 - 2021) -> Otago (2021 - 2021) -> Highlanders (2022 - 2022) -> Otago (2022 - 2022) -> Highlanders (2022 - 2022) -> Otago (2022 - 2022) -> Highlanders (2023 - 2023) -> Otago (2023 - 2023) -> Highlanders (2023 - 2023) -> Southland Stags (2023 - 2023) -> Highlanders (2024 - 2024) -> Southland Stags (2024 - 2024) -> Highlanders (2024 - 2024) -> Southland Stags (2024 - 2024) -> Highlanders (2025 - 2025) -> Southland Stags (2025 - 2025) -> Highlanders (2025 - 2026),,,https://all.rugby/player/sean-withy,Otago (2019 - 2020) -> Highlanders (2020 - 2020) -> Otago (2020 - 2020) -> Highlanders (2021 - 2021) -> Otago (2021 - 2021) -> Highlanders (2021 - 2021) -> Otago (2021 - 2021) -> Highlanders (2022 - 2022) -> Otago (2022 - 2022) -> Highlanders (2022 - 2022) -> Otago (2022 - 2022) -> Highlanders (2023 - 2023) -> Otago (2023 - 2023) -> Highlanders (2023 - 2023) -> Southland Stags (2023 - 2023) -> Highlanders (2024 - 2024) -> Southland Stags (2024 - 2024) -> Highlanders (2024 - 2024) -> Southland Stags (2024 - 2024) -> Highlanders (2025 - 2025) -> Southland Stags (2025 - 2025) -> Highlanders (2025 - 2026)
TK HOWDEN,TK HOWDEN,Back row,Highlanders,193,109,2001.01.28,,,,,A,0,https://all.rugby/player/tk-howden,,Manawatu Turbos (2019 - 2021) -> Hurricanes (2021 - 2021) -> Manawatu Turbos (2021 - 2021) -> Hurricanes (2022 - 2022) -> Manawatu Turbos (2022 - 2022) -> Hurricanes (2022 - 2022) -> Manawatu Turbos (2022 - 2022) -> Hurricanes (2023 - 2023) -> Manawatu Turbos (2023 - 2023) -> Hurricanes (2023 - 2023) -> Manawatu Turbos (2023 - 2023) -> Hurricanes (2024 - 2024) -> Manawatu Turbos (2024 - 2024) -> Highlanders (2024 - 2024) -> Manawatu Turbos (2024 - 2024) -> Highlanders (2025 - 2025) -> Manawatu Turbos (2025 - 2025) -> Highlanders (2025 - 2026),,,https://all.rugby/player/tk-howden,Manawatu Turbos (2019 - 2021) -> Hurricanes (2021 - 2021) -> Manawatu Turbos (2021 - 2021) -> Hurricanes (2022 - 2022) -> Manawatu Turbos (2022 - 2022) -> Hurricanes (2022 - 2022) -> Manawatu Turbos (2022 - 2022) -> Hurricanes (2023 - 2023) -> Manawatu Turbos (2023 - 2023) -> Hurricanes (2023 - 2023) -> Manawatu Turbos (2023 - 2023) -> Hurricanes (2024 - 2024) -> Manawatu Turbos (2024 - 2024) -> Highlanders (2024 - 2024) -> Manawatu Turbos (2024 - 2024) -> Highlanders (2025 - 2025) -> Manawatu Turbos (2025 - 2025) -> Highlanders (2025 - 2026)
Veveni LASAQA,Veveni LASAQA,Back row,Highlanders,186,101,2002.04.06,,,,,A,0,https://all.rugby/player/veveni-lasaqa,,Bay of Plenty Steamers (2020 - 2023) -> Hurricanes (2023 - 2024) -> Highlanders (2024 - 2024) -> Bay of Plenty Steamers (2024 - 2024) -> Highlanders (2025 - 2025) -> Bay of Plenty Steamers (2025 - 2025) -> Highlanders (2025 - 2026),,,https://all.rugby/player/veveni-lasaqa,Bay of Plenty Steamers (2020 - 2023) -> Hurricanes (2023 - 2024) -> Highlanders (2024 - 2024) -> Bay of Plenty Steamers (2024 - 2024) -> Highlanders (2025 - 2025) -> Bay of Plenty Steamers (2025 - 2025) -> Highlanders (2025 - 2026)
Dylan PLEDGER,Dylan PLEDGER,SH,Highlanders,171,74,2005..,,,,,A,0,https://all.rugby/player/dylan-pledger,,Highlanders (2023 - 2023) -> Otago (2023 - 2023) -> Highlanders (2024 - 2024) -> Otago (2024 - 2024) -> Highlanders (2024 - 2024) -> Otago (2024 - 2024) -> Highlanders (2025 - 2025) -> Otago (2025 - 2025) -> Highlanders (2025 - 2026),,,https://all.rugby/player/dylan-pledger,Highlanders (2023 - 2023) -> Otago (2023 - 2023) -> Highlanders (2024 - 2024) -> Otago (2024 - 2024) -> Highlanders (2024 - 2024) -> Otago (2024 - 2024) -> Highlanders (2025 - 2025) -> Otago (2025 - 2025) -> Highlanders (2025 - 2026)
Folau FAKATAVA,Folau FAKATAVA,SH,Highlanders,177,80,1999.12.16,,,,,A,0,https://all.rugby/player/folau-fakatava,,Highlanders (2018 - 2019) -> Hawke's Bay Magpies (2019 - 2019) -> Highlanders (2020 - 2020) -> Hawke's Bay Magpies (2020 - 2020) -> Highlanders (2020 - 2021) -> Hawke's Bay Magpies (2021 - 2021) -> Highlanders (2022 - 2022) -> Hawke's Bay Magpies (2022 - 2022) -> Highlanders (2022 - 2022) -> Hawke's Bay Magpies (2022 - 2022) -> Highlanders (2023 - 2023) -> Hawke's Bay Magpies (2023 - 2023) -> Highlanders (2023 - 2023) -> Hawke's Bay Magpies (2023 - 2023) -> Highlanders (2024 - 2024) -> Hawke's Bay Magpies (2024 - 2024) -> Highlanders (2024 - 2024) -> Hawke's Bay Magpies (2024 - 2024) -> Highlanders (2025 - 2025) -> Hawke's Bay Magpies (2025 - 2025) -> Highlanders (2025 - 2026),,,https://all.rugby/player/folau-fakatava,Highlanders (2018 - 2019) -> Hawke's Bay Magpies (2019 - 2019) -> Highlanders (2020 - 2020) -> Hawke's Bay Magpies (2020 - 2020) -> Highlanders (2020 - 2021) -> Hawke's Bay Magpies (2021 - 2021) -> Highlanders (2022 - 2022) -> Hawke's Bay Magpies (2022 - 2022) -> Highlanders (2022 - 2022) -> Hawke's Bay Magpies (2022 - 2022) -> Highlanders (2023 - 2023) -> Hawke's Bay Magpies (2023 - 2023) -> Highlanders (2023 - 2023) -> Hawke's Bay Magpies (2023 - 2023) -> Highlanders (2024 - 2024) -> Hawke's Bay Magpies (2024 - 2024) -> Highlanders (2024 - 2024) -> Hawke's Bay Magpies (2024 - 2024) -> Highlanders (2025 - 2025) -> Hawke's Bay Magpies (2025 - 2025) -> Highlanders (2025 - 2026)
Adam LENNOX,Adam LENNOX,SO,Highlanders,178,82,2003.05.27,,,,,A,0,https://all.rugby/player/adam-lennox,,Taranaki Bulls (2021 - 2024) -> Highlanders (2024 - 2024) -> Taranaki Bulls (2024 - 2024) -> Highlanders (2025 - 2025) -> Taranaki Bulls (2025 - 2025) -> Highlanders (2025 - 2026),,,https://all.rugby/player/adam-lennox,Taranaki Bulls (2021 - 2024) -> Highlanders (2024 - 2024) -> Taranaki Bulls (2024 - 2024) -> Highlanders (2025 - 2025) -> Taranaki Bulls (2025 - 2025) -> Highlanders (2025 - 2026)
Cameron MILLAR,Cameron MILLAR,SO,Highlanders,185,85,2002.07.13,,,,,A,0,https://all.rugby/player/cameron-millar,,Otago (2020 - 2022) -> Highlanders (2022 - 2022) -> Otago (2022 - 2022) -> Highlanders (2023 - 2023) -> Otago (2023 - 2023) -> Highlanders (2023 - 2023) -> Otago (2023 - 2023) -> Highlanders (2024 - 2024) -> Otago (2024 - 2024) -> Highlanders (2024 - 2024) -> Otago (2024 - 2024) -> Highlanders (2025 - 2025) -> Otago (2025 - 2025) -> Highlanders (2025 - 2026),,,https://all.rugby/player/cameron-millar,Otago (2020 - 2022) -> Highlanders (2022 - 2022) -> Otago (2022 - 2022) -> Highlanders (2023 - 2023) -> Otago (2023 - 2023) -> Highlanders (2023 - 2023) -> Otago (2023 - 2023) -> Highlanders (2024 - 2024) -> Otago (2024 - 2024) -> Highlanders (2024 - 2024) -> Otago (2024 - 2024) -> Highlanders (2025 - 2025) -> Otago (2025 - 2025) -> Highlanders (2025 - 2026)
Reesjan PASITOA,Reesjan PASITOA,SO,Highlanders,183,98,2001.12.03,,,,,A,0,https://all.rugby/player/reesjan-pasitoa,,Nudgee College (2018 - 2019) -> Brumbies (2019 - 2021) -> Western Force (2021 - 2024) -> Northland Taniwha (2024 - 2024) -> Western Force (2025 - 2025) -> Northland Taniwha (2025 - 2025) -> Highlanders (2025 - 2026),,,https://all.rugby/player/reesjan-pasitoa,Nudgee College (2018 - 2019) -> Brumbies (2019 - 2021) -> Western Force (2021 - 2024) -> Northland Taniwha (2024 - 2024) -> Western Force (2025 - 2025) -> Northland Taniwha (2025 - 2025) -> Highlanders (2025 - 2026)
Taine ROBINSON,Taine ROBINSON,SO,Highlanders,180,89,1999.06.15,,,,,A,0,https://all.rugby/player/taine-robinson,,Tasman Mako (2020 - 2023) -> Crusaders (2023 - 2023) -> Tasman Mako (2023 - 2023) -> Crusaders (2024 - 2024) -> Tasman Mako (2024 - 2024) -> Highlanders (2024 - 2024) -> Tasman Mako (2024 - 2024) -> Highlanders (2025 - 2025) -> Tasman Mako (2025 - 2025) -> Highlanders (2025 - 2026),,,https://all.rugby/player/taine-robinson,Tasman Mako (2020 - 2023) -> Crusaders (2023 - 2023) -> Tasman Mako (2023 - 2023) -> Crusaders (2024 - 2024) -> Tasman Mako (2024 - 2024) -> Highlanders (2024 - 2024) -> Tasman Mako (2024 - 2024) -> Highlanders (2025 - 2025) -> Tasman Mako (2025 - 2025) -> Highlanders (2025 - 2026)
Jake TE HIWI,Jake TE HIWI,CTB,Highlanders,184,100,2002.02.02,,,,,A,0,https://all.rugby/player/jake-te-hiwi,,Otago (2021 - 2022) -> Highlanders (2022 - 2022) -> Otago (2022 - 2022) -> Highlanders (2023 - 2023) -> Otago (2023 - 2023) -> Highlanders (2023 - 2024) -> Otago (2024 - 2024) -> Highlanders (2025 - 2025) -> Otago (2025 - 2025) -> Highlanders (2025 - 2026),,,https://all.rugby/player/jake-te-hiwi,Otago (2021 - 2022) -> Highlanders (2022 - 2022) -> Otago (2022 - 2022) -> Highlanders (2023 - 2023) -> Otago (2023 - 2023) -> Highlanders (2023 - 2024) -> Otago (2024 - 2024) -> Highlanders (2025 - 2025) -> Otago (2025 - 2025) -> Highlanders (2025 - 2026)
Josh WHAANGA,Josh WHAANGA,CTB,Highlanders,193,98,2004..,,,,,A,0,https://all.rugby/player/josh-whaanga,,Otago (2022 - 2023) -> Highlanders (2023 - 2023) -> Otago (2023 - 2023) -> Highlanders (2024 - 2024) -> Otago (2024 - 2024) -> Highlanders (2024 - 2024) -> Otago (2024 - 2024) -> Highlanders (2025 - 2025) -> Otago (2025 - 2025) -> Highlanders (2025 - 2026),,,https://all.rugby/player/josh-whaanga,Otago (2022 - 2023) -> Highlanders (2023 - 2023) -> Otago (2023 - 2023) -> Highlanders (2024 - 2024) -> Otago (2024 - 2024) -> Highlanders (2024 - 2024) -> Otago (2024 - 2024) -> Highlanders (2025 - 2025) -> Otago (2025 - 2025) -> Highlanders (2025 - 2026)
Tanielu TELE'A,Tanielu TELE'A,CTB,Highlanders,187,107,1998.06.16,,,,,A,0,https://all.rugby/player/tanielu-tele-a,,Blues (2018 - 2019) -> Auckland (2019 - 2019) -> Blues (2020 - 2020) -> Auckland (2020 - 2020) -> Blues (2020 - 2020) -> Counties Manukau Steelers (2020 - 2020) -> Blues (2021 - 2021) -> Counties Manukau Steelers (2021 - 2021) -> Blues (2021 - 2022) -> Auckland (2022 - 2022) -> Blues (2023 - 2023) -> Auckland (2023 - 2023) -> Highlanders (2023 - 2023) -> Auckland (2023 - 2023) -> Highlanders (2024 - 2024) -> Auckland (2024 - 2024) -> Highlanders (2024 - 2024) -> Auckland (2024 - 2024) -> Highlanders (2025 - 2025) -> Auckland (2025 - 2025) -> Highlanders (2025 - 2026),,,https://all.rugby/player/tanielu-tele-a,Blues (2018 - 2019) -> Auckland (2019 - 2019) -> Blues (2020 - 2020) -> Auckland (2020 - 2020) -> Blues (2020 - 2020) -> Counties Manukau Steelers (2020 - 2020) -> Blues (2021 - 2021) -> Counties Manukau Steelers (2021 - 2021) -> Blues (2021 - 2022) -> Auckland (2022 - 2022) -> Blues (2023 - 2023) -> Auckland (2023 - 2023) -> Highlanders (2023 - 2023) -> Auckland (2023 - 2023) -> Highlanders (2024 - 2024) -> Auckland (2024 - 2024) -> Highlanders (2024 - 2024) -> Auckland (2024 - 2024) -> Highlanders (2025 - 2025) -> Auckland (2025 - 2025) -> Highlanders (2025 - 2026)
Timoci TAVATAVANAWAI,Timoci TAVATAVANAWAI,CTB,Highlanders,187,111,1998.02.14,,,,,A,0,https://all.rugby/player/timoci-tavatavanawai,,Tasman Mako (2019 - 2020) -> Highlanders (2020 - 2020) -> Tasman Mako (2020 - 2020) -> Highlanders (2021 - 2021) -> Tasman Mako (2021 - 2021) -> Moana Pasifika (2021 - 2021) -> Tasman Mako (2021 - 2021) -> Moana Pasifika (2022 - 2022) -> Tasman Mako (2022 - 2022) -> Moana Pasifika (2022 - 2022) -> Tasman Mako (2022 - 2022) -> Moana Pasifika (2023 - 2023) -> Tasman Mako (2023 - 2023) -> Highlanders (2023 - 2023) -> Tasman Mako (2023 - 2023) -> Highlanders (2024 - 2024) -> Tasman Mako (2024 - 2024) -> Highlanders (2024 - 2024) -> Tasman Mako (2024 - 2024) -> Highlanders (2025 - 2025) -> Tasman Mako (2025 - 2025) -> Highlanders (2025 - 2026),Fiji,Fiji,https://all.rugby/player/timoci-tavatavanawai,Tasman Mako (2019 - 2020) -> Highlanders (2020 - 2020) -> Tasman Mako (2020 - 2020) -> Highlanders (2021 - 2021) -> Tasman Mako (2021 - 2021) -> Moana Pasifika (2021 - 2021) -> Tasman Mako (2021 - 2021) -> Moana Pasifika (2022 - 2022) -> Tasman Mako (2022 - 2022) -> Moana Pasifika (2022 - 2022) -> Tasman Mako (2022 - 2022) -> Moana Pasifika (2023 - 2023) -> Tasman Mako (2023 - 2023) -> Highlanders (2023 - 2023) -> Tasman Mako (2023 - 2023) -> Highlanders (2024 - 2024) -> Tasman Mako (2024 - 2024) -> Highlanders (2024 - 2024) -> Tasman Mako (2024 - 2024) -> Highlanders (2025 - 2025) -> Tasman Mako (2025 - 2025) -> Highlanders (2025 - 2026)
Caleb TANGITAU,Caleb TANGITAU,Winger,Highlanders,188,98,2003.03.19,,,,,A,0,https://all.rugby/player/caleb-tangitau,,All Blacks 7's (2021 - 2022) -> Blues (2022 - 2022) -> Auckland (2022 - 2022) -> Blues (2023 - 2023) -> Auckland (2023 - 2023) -> Blues (2023 - 2023) -> Auckland (2023 - 2023) -> Blues (2024 - 2024) -> Auckland (2024 - 2024) -> Highlanders (2024 - 2024) -> Auckland (2024 - 2024) -> Highlanders (2025 - 2025) -> Auckland (2025 - 2025) -> Highlanders (2025 - 2026),,,https://all.rugby/player/caleb-tangitau,All Blacks 7's (2021 - 2022) -> Blues (2022 - 2022) -> Auckland (2022 - 2022) -> Blues (2023 - 2023) -> Auckland (2023 - 2023) -> Blues (2023 - 2023) -> Auckland (2023 - 2023) -> Blues (2024 - 2024) -> Auckland (2024 - 2024) -> Highlanders (2024 - 2024) -> Auckland (2024 - 2024) -> Highlanders (2025 - 2025) -> Auckland (2025 - 2025) -> Highlanders (2025 - 2026)
Jacob RATUMAITAVUKI-KNEEPKENS,Jacob RATUMAITAVUKI-KNEEPKENS,Winger,Highlanders,187,95,2001.08.03,,,,,A,0,https://all.rugby/player/jacob-ratumaitavuki-kneepkens,,Taranaki Bulls (2019 - 2020) -> Blues (2020 - 2020) -> Taranaki Bulls (2020 - 2020) -> Blues (2021 - 2021) -> Taranaki Bulls (2021 - 2021) -> Blues (2021 - 2021) -> Taranaki Bulls (2021 - 2021) -> Blues (2022 - 2022) -> Taranaki Bulls (2022 - 2022) -> Blues (2022 - 2022) -> Taranaki Bulls (2022 - 2022) -> Blues (2023 - 2023) -> Taranaki Bulls (2023 - 2023) -> Highlanders (2023 - 2023) -> Taranaki Bulls (2023 - 2023) -> Highlanders (2024 - 2024) -> Taranaki Bulls (2024 - 2024) -> Highlanders (2024 - 2024) -> Taranaki Bulls (2024 - 2024) -> Highlanders (2025 - 2025) -> Taranaki Bulls (2025 - 2025) -> Highlanders (2025 - 2026),,,https://all.rugby/player/jacob-ratumaitavuki-kneepkens,Taranaki Bulls (2019 - 2020) -> Blues (2020 - 2020) -> Taranaki Bulls (2020 - 2020) -> Blues (2021 - 2021) -> Taranaki Bulls (2021 - 2021) -> Blues (2021 - 2021) -> Taranaki Bulls (2021 - 2021) -> Blues (2022 - 2022) -> Taranaki Bulls (2022 - 2022) -> Blues (2022 - 2022) -> Taranaki Bulls (2022 - 2022) -> Blues (2023 - 2023) -> Taranaki Bulls (2023 - 2023) -> Highlanders (2023 - 2023) -> Taranaki Bulls (2023 - 2023) -> Highlanders (2024 - 2024) -> Taranaki Bulls (2024 - 2024) -> Highlanders (2024 - 2024) -> Taranaki Bulls (2024 - 2024) -> Highlanders (2025 - 2025) -> Taranaki Bulls (2025 - 2025) -> Highlanders (2025 - 2026)
Jona NAREKI,Jona NAREKI,Winger,Highlanders,175,83,1997.12.27,,,,,A,0,https://all.rugby/player/jona-nareki,,Otago (2018 - 2019) -> Highlanders (2019 - 2019) -> Otago (2019 - 2019) -> Highlanders (2020 - 2020) -> Otago (2020 - 2020) -> Highlanders (2020 - 2020) -> Otago (2020 - 2020) -> Highlanders (2021 - 2021) -> Otago (2021 - 2022) -> Highlanders (2022 - 2022) -> Otago (2022 - 2022) -> Highlanders (2023 - 2023) -> Otago (2023 - 2023) -> Highlanders (2023 - 2023) -> Otago (2023 - 2023) -> Highlanders (2024 - 2024) -> Otago (2024 - 2024) -> Highlanders (2024 - 2024) -> Otago (2024 - 2024) -> Highlanders (2025 - 2025) -> Otago (2025 - 2025) -> Highlanders (2025 - 2026),,,https://all.rugby/player/jona-nareki,Otago (2018 - 2019) -> Highlanders (2019 - 2019) -> Otago (2019 - 2019) -> Highlanders (2020 - 2020) -> Otago (2020 - 2020) -> Highlanders (2020 - 2020) -> Otago (2020 - 2020) -> Highlanders (2021 - 2021) -> Otago (2021 - 2022) -> Highlanders (2022 - 2022) -> Otago (2022 - 2022) -> Highlanders (2023 - 2023) -> Otago (2023 - 2023) -> Highlanders (2023 - 2023) -> Otago (2023 - 2023) -> Highlanders (2024 - 2024) -> Otago (2024 - 2024) -> Highlanders (2024 - 2024) -> Otago (2024 - 2024) -> Highlanders (2025 - 2025) -> Otago (2025 - 2025) -> Highlanders (2025 - 2026)
Jonah LOWE,Jonah LOWE,Winger,Highlanders,184,92,1996.05.09,,,,,A,0,https://all.rugby/player/jonah-lowe,,Hurricanes (2017 - 2019) -> Hawke's Bay Magpies (2019 - 2019) -> Hurricanes (2020 - 2020) -> Hawke's Bay Magpies (2020 - 2020) -> Chiefs (2020 - 2020) -> Hawke's Bay Magpies (2020 - 2020) -> Chiefs (2021 - 2021) -> Hawke's Bay Magpies (2021 - 2021) -> Chiefs (2021 - 2021) -> Hawke's Bay Magpies (2021 - 2021) -> Chiefs (2022 - 2022) -> Hawke's Bay Magpies (2022 - 2022) -> Highlanders (2022 - 2022) -> Hawke's Bay Magpies (2022 - 2022) -> Highlanders (2023 - 2023) -> Hawke's Bay Magpies (2023 - 2023) -> Highlanders (2023 - 2024) -> Hawke's Bay Magpies (2024 - 2024) -> Highlanders (2025 - 2025) -> Hawke's Bay Magpies (2025 - 2025) -> Highlanders (2025 - 2026),,,https://all.rugby/player/jonah-lowe,Hurricanes (2017 - 2019) -> Hawke's Bay Magpies (2019 - 2019) -> Hurricanes (2020 - 2020) -> Hawke's Bay Magpies (2020 - 2020) -> Chiefs (2020 - 2020) -> Hawke's Bay Magpies (2020 - 2020) -> Chiefs (2021 - 2021) -> Hawke's Bay Magpies (2021 - 2021) -> Chiefs (2021 - 2021) -> Hawke's Bay Magpies (2021 - 2021) -> Chiefs (2022 - 2022) -> Hawke's Bay Magpies (2022 - 2022) -> Highlanders (2022 - 2022) -> Hawke's Bay Magpies (2022 - 2022) -> Highlanders (2023 - 2023) -> Hawke's Bay Magpies (2023 - 2023) -> Highlanders (2023 - 2024) -> Hawke's Bay Magpies (2024 - 2024) -> Highlanders (2025 - 2025) -> Hawke's Bay Magpies (2025 - 2025) -> Highlanders (2025 - 2026)
Stanley SOLOMON,Stanley SOLOMON,Winger,Highlanders,174,80,2005..,,,,,A,0,https://all.rugby/player/stanley-solomon,,Hurricanes (2023 - 2023) -> Wellington Lions (2023 - 2023) -> Hurricanes (2024 - 2024) -> Wellington Lions (2024 - 2024) -> Hurricanes (2024 - 2024) -> Wellington Lions (2024 - 2024) -> Hurricanes (2025 - 2025) -> Wellington Lions (2025 - 2025) -> Highlanders (2025 - 2026),,,https://all.rugby/player/stanley-solomon,Hurricanes (2023 - 2023) -> Wellington Lions (2023 - 2023) -> Hurricanes (2024 - 2024) -> Wellington Lions (2024 - 2024) -> Hurricanes (2024 - 2024) -> Wellington Lions (2024 - 2024) -> Hurricanes (2025 - 2025) -> Wellington Lions (2025 - 2025) -> Highlanders (2025 - 2026)
Andrew KNEWSTUBB,Andrew KNEWSTUBB,FB,Highlanders,188,88,1995.09.14,,,,,A,0,https://all.rugby/player/andrew-knewstubb,,Canterbury (2019 - 2020) -> Tasman Mako (2020 - 2021) -> Canterbury (2024 - 2025) -> Highlanders (2025 - 2026),,,https://all.rugby/player/andrew-knewstubb,Canterbury (2019 - 2020) -> Tasman Mako (2020 - 2021) -> Canterbury (2024 - 2025) -> Highlanders (2025 - 2026)
Finn HURLEY,Finn HURLEY,FB,Highlanders,175,75,2003.06.25,,,,,A,0,https://all.rugby/player/finn-hurley,,Otago (2021 - 2022) -> Highlanders (2022 - 2022) -> Otago (2022 - 2022) -> Highlanders (2023 - 2023) -> Otago (2023 - 2023) -> Highlanders (2023 - 2023) -> Otago (2023 - 2023) -> Highlanders (2024 - 2024) -> Otago (2024 - 2024) -> Highlanders (2024 - 2024) -> Otago (2024 - 2024) -> Highlanders (2025 - 2025) -> Otago (2025 - 2025) -> Highlanders (2025 - 2026),,,https://all.rugby/player/finn-hurley,Otago (2021 - 2022) -> Highlanders (2022 - 2022) -> Otago (2022 - 2022) -> Highlanders (2023 - 2023) -> Otago (2023 - 2023) -> Highlanders (2023 - 2023) -> Otago (2023 - 2023) -> Highlanders (2024 - 2024) -> Otago (2024 - 2024) -> Highlanders (2024 - 2024) -> Otago (2024 - 2024) -> Highlanders (2025 - 2025) -> Otago (2025 - 2025) -> Highlanders (2025 - 2026)
Xavier TITO-HARRIS,Xavier TITO-HARRIS,FB,Highlanders,189,95,2005..,,,,,A,0,https://all.rugby/player/xavier-tito-harris,,Auckland (2022 - 2023) -> Blues (2023 - 2023) -> Auckland (2023 - 2023) -> Blues (2024 - 2024) -> Auckland (2024 - 2025) -> Highlanders (2025 - 2026),,,https://all.rugby/player/xavier-tito-harris,Auckland (2022 - 2023) -> Blues (2023 - 2023) -> Auckland (2023 - 2023) -> Blues (2024 - 2024) -> Auckland (2024 - 2025) -> Highlanders (2025 - 2026)
Feao FOTUAIKA,Feao FOTUAIKA,PR,Western Force,186,135,1993.04.23,,,,,A,0,https://all.rugby/player/feao-fotuaika,,Queensland Reds (2018 - 2022) -> Lyon Olympique Universitaire Rugby (2022 - 2024) -> Brumbies (2024 - 2024) -> Lyon Olympique Universitaire Rugby (2025 - 2025) -> Brumbies (2025 - 2025) -> Western Force (2025 - 2026),New Zealand,New Zealand,https://all.rugby/player/feao-fotuaika,Queensland Reds (2018 - 2022) -> Lyon Olympique Universitaire Rugby (2022 - 2024) -> Brumbies (2024 - 2024) -> Lyon Olympique Universitaire Rugby (2025 - 2025) -> Brumbies (2025 - 2025) -> Western Force (2025 - 2026)
Harry JOHNSON-HOLMES,Harry JOHNSON-HOLMES,PR,Western Force,186,119,1997.03.02,,,,,A,0,https://all.rugby/player/harry-johnson-holmes,,New South Wales Waratahs (2017 - 2024) -> Western Force (2024 - 2026),Australia,Australia,https://all.rugby/player/harry-johnson-holmes,New South Wales Waratahs (2017 - 2024) -> Western Force (2024 - 2026)
Josh SMITH,Josh SMITH,PR,Western Force,188,110,2004..,,,,,A,0,https://all.rugby/player/joshua-smith,,Hurricanes (2023 - 2023) -> Hawke's Bay Magpies (2023 - 2023) -> Hurricanes (2024 - 2024) -> Hawke's Bay Magpies (2024 - 2024) -> Western Force (2024 - 2024) -> Hawke's Bay Magpies (2024 - 2024) -> Western Force (2025 - 2025) -> Hawke's Bay Magpies (2025 - 2025) -> Western Force (2025 - 2026),,,https://all.rugby/player/joshua-smith,Hurricanes (2023 - 2023) -> Hawke's Bay Magpies (2023 - 2023) -> Hurricanes (2024 - 2024) -> Hawke's Bay Magpies (2024 - 2024) -> Western Force (2024 - 2024) -> Hawke's Bay Magpies (2024 - 2024) -> Western Force (2025 - 2025) -> Hawke's Bay Magpies (2025 - 2025) -> Western Force (2025 - 2026)
Marley PEARCE,Marley PEARCE,PR,Western Force,186,116,2003.08.03,,,,,A,0,https://all.rugby/player/marley-pearce,,Joondalup Brothers RUFC (2021 - 2022) -> Western Force (2022 - 2026),,,https://all.rugby/player/marley-pearce,Joondalup Brothers RUFC (2021 - 2022) -> Western Force (2022 - 2026)
Misinale EPENISA,Misinale EPENISA,PR,Western Force,195,128,2001.10.11,,,,,A,0,https://all.rugby/player/misinale-epenisa,,Manawatu Turbos (2023 - 2025) -> Western Force (2025 - 2026),,,https://all.rugby/player/misinale-epenisa,Manawatu Turbos (2023 - 2025) -> Western Force (2025 - 2026)
Sef FA'AGASE,Sef FA'AGASE,PR,Western Force,185,117,1991.03.05,,,,,A,0,https://all.rugby/player/sef-fa-agase,,Queensland Reds (2013 - 2018) -> Highlanders (2018 - 2018) -> Wellington Lions (2018 - 2018) -> Highlanders (2019 - 2019) -> Wellington Lions (2019 - 2019) -> Yokohama Canon Eagles (2019 - 2019) -> Otago (2019 - 2019) -> Yokohama Canon Eagles (2020 - 2020) -> Otago (2020 - 2020) -> New England Free Jacks (2020 - 2020) -> Otago (2020 - 2020) -> New England Free Jacks (2021 - 2021) -> Otago (2021 - 2021) -> Melbourne Rebels (2021 - 2021) -> Queensland Reds (2021 - 2021) -> Melbourne Rebels (2022 - 2022) -> Queensland Reds (2022 - 2025) -> Western Force (2025 - 2026),,,https://all.rugby/player/sef-fa-agase,Queensland Reds (2013 - 2018) -> Highlanders (2018 - 2018) -> Wellington Lions (2018 - 2018) -> Highlanders (2019 - 2019) -> Wellington Lions (2019 - 2019) -> Yokohama Canon Eagles (2019 - 2019) -> Otago (2019 - 2019) -> Yokohama Canon Eagles (2020 - 2020) -> Otago (2020 - 2020) -> New England Free Jacks (2020 - 2020) -> Otago (2020 - 2020) -> New England Free Jacks (2021 - 2021) -> Otago (2021 - 2021) -> Melbourne Rebels (2021 - 2021) -> Queensland Reds (2021 - 2021) -> Melbourne Rebels (2022 - 2022) -> Queensland Reds (2022 - 2025) -> Western Force (2025 - 2026)
Tom ROBERTSON,Tom ROBERTSON,PR,Western Force,181,113,1994.08.28,,,,,A,0,https://all.rugby/player/tom-robertson,,New South Wales Waratahs (2015 - 2020) -> Western Force (2020 - 2023) -> Oxford University (2023 - 2024) -> Western Force (2024 - 2026),Australia,Australia,https://all.rugby/player/tom-robertson,New South Wales Waratahs (2015 - 2020) -> Western Force (2020 - 2023) -> Oxford University (2023 - 2024) -> Western Force (2024 - 2026)
Albert ALCOCK,Albert ALCOCK,HO,Western Force,175,,2003.11.18,,,,,A,0,https://all.rugby/player/albert-alcock,,West Harbour RFC (2021 - 2024) -> Western Force (2024 - 2026),,,https://all.rugby/player/albert-alcock,West Harbour RFC (2021 - 2024) -> Western Force (2024 - 2026)
Brandon PAENGA-AMOSA,Brandon PAENGA-AMOSA,HO,Western Force,183,117,1995.12.25,,,,,A,0,https://all.rugby/player/brandon-paenga-amosa,,Queensland Reds (2017 - 2021) -> Montpellier Hérault Rugby (2021 - 2024) -> Western Force (2024 - 2026),New Zealand,New Zealand,https://all.rugby/player/brandon-paenga-amosa,Queensland Reds (2017 - 2021) -> Montpellier Hérault Rugby (2021 - 2024) -> Western Force (2024 - 2026)
Leonel OVIEDO,Leonel OVIEDO,HO,Western Force,186,118,1998.02.16,,,,,A,0,https://all.rugby/player/leonel-oviedo,,Jaguares XV (2018 - 2019) -> Dogos XV (2019 - 2020) -> Cordoba Athletic Club (2020 - 2021) -> Céret Sportif (2021 - 2022) -> RC Hyères Carqueiranne La Crau (2022 - 2022) -> Provence Rugby (2022 - 2022) -> RC Hyères Carqueiranne La Crau (2023 - 2023) -> Provence Rugby (2023 - 2023) -> Club Atlético Peñarol (2023 - 2024) -> Dogos XV (2024 - 2025) -> Western Force (2025 - 2026),,,https://all.rugby/player/leonel-oviedo,Jaguares XV (2018 - 2019) -> Dogos XV (2019 - 2020) -> Cordoba Athletic Club (2020 - 2021) -> Céret Sportif (2021 - 2022) -> RC Hyères Carqueiranne La Crau (2022 - 2022) -> Provence Rugby (2022 - 2022) -> RC Hyères Carqueiranne La Crau (2023 - 2023) -> Provence Rugby (2023 - 2023) -> Club Atlético Peñarol (2023 - 2024) -> Dogos XV (2024 - 2025) -> Western Force (2025 - 2026)
Nic DOLLY,Nic DOLLY,HO,Western Force,182,103,1999.06.11,,,,,A,0,https://all.rugby/player/nic-dolly,,Sale Sharks (2017 - 2020) -> Coventry Rugby (2020 - 2020) -> Leicester Tigers (2020 - 2020) -> Coventry Rugby (2021 - 2021) -> Leicester Tigers (2021 - 2024) -> Western Force (2024 - 2026),Australia,Australia,https://all.rugby/player/nic-dolly,Sale Sharks (2017 - 2020) -> Coventry Rugby (2020 - 2020) -> Leicester Tigers (2020 - 2020) -> Coventry Rugby (2021 - 2021) -> Leicester Tigers (2021 - 2024) -> Western Force (2024 - 2026)
Darcy SWAIN,Darcy SWAIN,LO,Western Force,200,117,1997.07.05,,,,,A,0,https://all.rugby/player/darcy-swain,,Brumbies (2017 - 2024) -> Western Force (2024 - 2026),Australia,Australia,https://all.rugby/player/darcy-swain,Brumbies (2017 - 2024) -> Western Force (2024 - 2026)
Franco MOLINA,Franco MOLINA,LO,Western Force,198,120,1997.08.28,,,,,A,0,https://all.rugby/player/franco-molina,,Jaguares (2018 - 2019) -> Dogos XV (2019 - 2020) -> Jaguares XV (2020 - 2021) -> Selknam (2021 - 2022) -> Dogos XV (2022 - 2024) -> Exeter Chiefs (2024 - 2025) -> Western Force (2025 - 2026),,,https://all.rugby/player/franco-molina,Jaguares (2018 - 2019) -> Dogos XV (2019 - 2020) -> Jaguares XV (2020 - 2021) -> Selknam (2021 - 2022) -> Dogos XV (2022 - 2024) -> Exeter Chiefs (2024 - 2025) -> Western Force (2025 - 2026)
Jeremy WILLIAMS,Jeremy WILLIAMS,LO,Western Force,198,113,2000.12.02,,,,,A,0,https://all.rugby/player/jeremy-williams,,New South Wales Waratahs (2018 - 2022) -> Western Force (2022 - 2026),,,https://all.rugby/player/jeremy-williams,New South Wales Waratahs (2018 - 2022) -> Western Force (2022 - 2026)
Lopeti FAIFUA,Lopeti FAIFUA,LO,Western Force,198,115,2002.01.22,,,,,A,0,https://all.rugby/player/lopeti-faifua,,West Brisbane Bulldogs (2020 - 2021) -> Queensland Reds (2021 - 2023) -> Western Force (2023 - 2024) -> Tasman Mako (2024 - 2024) -> Western Force (2025 - 2025) -> Tasman Mako (2025 - 2025) -> Western Force (2025 - 2026),,,https://all.rugby/player/lopeti-faifua,West Brisbane Bulldogs (2020 - 2021) -> Queensland Reds (2021 - 2023) -> Western Force (2023 - 2024) -> Tasman Mako (2024 - 2024) -> Western Force (2025 - 2025) -> Tasman Mako (2025 - 2025) -> Western Force (2025 - 2026)
Carlo TIZZANO,Carlo TIZZANO,Back row,Western Force,183,103,2000.02.02,,,,,A,0,https://all.rugby/player/carlo-tizzano,,Western Force (2018 - 2019) -> New South Wales Waratahs (2019 - 2022) -> Ealing Trailfinders (2022 - 2022) -> Western Force (2022 - 2022) -> Ealing Trailfinders (2023 - 2023) -> Western Force (2023 - 2026),Australia,Australia,https://all.rugby/player/carlo-tizzano,Western Force (2018 - 2019) -> New South Wales Waratahs (2019 - 2022) -> Ealing Trailfinders (2022 - 2022) -> Western Force (2022 - 2022) -> Ealing Trailfinders (2023 - 2023) -> Western Force (2023 - 2026)
Jack DALY,Jack DALY,Back row,Western Force,183,107,1998.08.12,,,,,A,0,https://all.rugby/player/jack-daly,,Munster Rugby (2017 - 2024) -> Western Force (2024 - 2024) -> Munster Rugby (2025 - 2025) -> Western Force (2025 - 2026),,,https://all.rugby/player/jack-daly,Munster Rugby (2017 - 2024) -> Western Force (2024 - 2024) -> Munster Rugby (2025 - 2025) -> Western Force (2025 - 2026)
Kane KOTEKA,Kane KOTEKA,Back row,Western Force,182,100,1994.01.08,,,,,A,0,https://all.rugby/player/kane-koteka,,Western Force (2014 - 2017) -> Kamaishi Seawaves (2018 - 2019) -> Western Force (2019 - 2019) -> Kamaishi Seawaves (2020 - 2020) -> Western Force (2020 - 2023) -> sans club (2023 - 2024) -> Western Force (2024 - 2026),,,https://all.rugby/player/kane-koteka,Western Force (2014 - 2017) -> Kamaishi Seawaves (2018 - 2019) -> Western Force (2019 - 2019) -> Kamaishi Seawaves (2020 - 2020) -> Western Force (2020 - 2023) -> sans club (2023 - 2024) -> Western Force (2024 - 2026)
Nick CHAMPION DE CRESPIGNY,Nick CHAMPION DE CRESPIGNY,Back row,Western Force,193,110,1996.06.27,,,,,A,0,https://all.rugby/player/nick-champion-de-crespigny,,Sydney University Football Club (2016 - 2017) -> New South Wales Country Eagles (2017 - 2017) -> Sydney University Football Club (2018 - 2018) -> New South Wales Country Eagles (2018 - 2018) -> Sydney University Football Club (2018 - 2018) -> New South Wales Country Eagles (2018 - 2018) -> Sydney University Football Club (2019 - 2019) -> New South Wales Country Eagles (2019 - 2019) -> Sydney University Football Club (2019 - 2021) -> Castres Olympique (2021 - 2024) -> Western Force (2024 - 2026),,,https://all.rugby/player/nick-champion-de-crespigny,Sydney University Football Club (2016 - 2017) -> New South Wales Country Eagles (2017 - 2017) -> Sydney University Football Club (2018 - 2018) -> New South Wales Country Eagles (2018 - 2018) -> Sydney University Football Club (2018 - 2018) -> New South Wales Country Eagles (2018 - 2018) -> Sydney University Football Club (2019 - 2019) -> New South Wales Country Eagles (2019 - 2019) -> Sydney University Football Club (2019 - 2021) -> Castres Olympique (2021 - 2024) -> Western Force (2024 - 2026)
Titi NOFOAGATOTOA,Titi NOFOAGATOTOA,Back row,Western Force,,,,,,,,A,0,https://all.rugby/player/titi-nofoagatotoa,,Western Force (2023 - 2026),,,https://all.rugby/player/titi-nofoagatotoa,Western Force (2023 - 2026)
Vaiolini EKUASI,Vaiolini EKUASI,Back row,Western Force,,107,2001.10.11,,,,,A,0,https://all.rugby/player/vaiolini-ekuasi,,Auckland (2020 - 2021) -> Blues (2021 - 2021) -> Auckland (2021 - 2021) -> Blues (2022 - 2022) -> Auckland (2022 - 2022) -> Melbourne Rebels (2022 - 2022) -> Auckland (2022 - 2022) -> Melbourne Rebels (2023 - 2023) -> Auckland (2023 - 2023) -> Melbourne Rebels (2023 - 2023) -> Auckland (2023 - 2023) -> Melbourne Rebels (2024 - 2024) -> Auckland (2024 - 2024) -> Western Force (2024 - 2026),,,https://all.rugby/player/vaiolini-ekuasi,Auckland (2020 - 2021) -> Blues (2021 - 2021) -> Auckland (2021 - 2021) -> Blues (2022 - 2022) -> Auckland (2022 - 2022) -> Melbourne Rebels (2022 - 2022) -> Auckland (2022 - 2022) -> Melbourne Rebels (2023 - 2023) -> Auckland (2023 - 2023) -> Melbourne Rebels (2023 - 2023) -> Auckland (2023 - 2023) -> Melbourne Rebels (2024 - 2024) -> Auckland (2024 - 2024) -> Western Force (2024 - 2026)
Will HARRIS,Will HARRIS,Back row,Western Force,194,107,2000.06.08,,,,,A,0,https://all.rugby/player/will-harris,,New South Wales Waratahs (2018 - 2023) -> Western Force (2023 - 2026),,,https://all.rugby/player/will-harris,New South Wales Waratahs (2018 - 2023) -> Western Force (2023 - 2026)
Agustín MOYANO,Agustín MOYANO,SH,Western Force,173,75,2003.06.12,,,,,A,0,https://all.rugby/player/agustin-moyano,,Cordoba Athletic Club (2022 - 2023) -> Dogos XV (2023 - 2025) -> Western Force (2025 - 2026),,,https://all.rugby/player/agustin-moyano,Cordoba Athletic Club (2022 - 2023) -> Dogos XV (2023 - 2025) -> Western Force (2025 - 2026)
Doug PHILIPSON,Doug PHILIPSON,SH,Western Force,171,72,2004..,,,,,A,0,https://all.rugby/player/doug-philipson,,Western Force (2023 - 2026),,,https://all.rugby/player/doug-philipson,Western Force (2023 - 2026)
Henry ROBERTSON,Henry ROBERTSON,SH,Western Force,180,82,1999.10.22,,,,,A,0,https://all.rugby/player/henry-robertson,,New South Wales Country Eagles (2018 - 2019) -> New South Wales Waratahs (2019 - 2020) -> Sydney University Football Club (2020 - 2020) -> New South Wales Waratahs (2021 - 2021) -> Sydney University Football Club (2021 - 2021) -> New South Wales Waratahs (2021 - 2022) -> Western Force (2022 - 2026),,,https://all.rugby/player/henry-robertson,New South Wales Country Eagles (2018 - 2019) -> New South Wales Waratahs (2019 - 2020) -> Sydney University Football Club (2020 - 2020) -> New South Wales Waratahs (2021 - 2021) -> Sydney University Football Club (2021 - 2021) -> New South Wales Waratahs (2021 - 2022) -> Western Force (2022 - 2026)
Nathan HASTIE,Nathan HASTIE,SH,Western Force,177,88,2001.04.27,,,,,A,0,https://all.rugby/player/nathan-hastie,,Otago (2020 - 2021) -> Highlanders (2021 - 2022) -> Otago (2022 - 2022) -> Highlanders (2023 - 2023) -> Otago (2023 - 2023) -> Highlanders (2023 - 2023) -> Otago (2023 - 2023) -> Highlanders (2024 - 2024) -> Otago (2024 - 2024) -> Highlanders (2024 - 2024) -> Otago (2024 - 2024) -> Highlanders (2025 - 2025) -> Otago (2025 - 2025) -> Western Force (2025 - 2026),,,https://all.rugby/player/nathan-hastie,Otago (2020 - 2021) -> Highlanders (2021 - 2022) -> Otago (2022 - 2022) -> Highlanders (2023 - 2023) -> Otago (2023 - 2023) -> Highlanders (2023 - 2023) -> Otago (2023 - 2023) -> Highlanders (2024 - 2024) -> Otago (2024 - 2024) -> Highlanders (2024 - 2024) -> Otago (2024 - 2024) -> Highlanders (2025 - 2025) -> Otago (2025 - 2025) -> Western Force (2025 - 2026)
Alex HARFORD,Alex HARFORD,SO,Western Force,182,91,1999.06.16,,,,,A,0,https://all.rugby/player/alex-harford,,Canterbury (2020 - 2023) -> Auckland (2023 - 2024) -> Western Force (2024 - 2024) -> Auckland (2024 - 2024) -> Western Force (2025 - 2025) -> Auckland (2025 - 2025) -> Western Force (2025 - 2026),,,https://all.rugby/player/alex-harford,Canterbury (2020 - 2023) -> Auckland (2023 - 2024) -> Western Force (2024 - 2024) -> Auckland (2024 - 2024) -> Western Force (2025 - 2025) -> Auckland (2025 - 2025) -> Western Force (2025 - 2026)
Ben DONALDSON,Ben DONALDSON,SO,Western Force,183,87,1999.04.04,,,,,A,0,https://all.rugby/player/ben-donaldson,,New South Wales Waratahs (2018 - 2023) -> Western Force (2023 - 2026),Australia,Australia,https://all.rugby/player/ben-donaldson,New South Wales Waratahs (2018 - 2023) -> Western Force (2023 - 2026)
Max BUREY,Max BUREY,SO,Western Force,178,90,1999.02.25,,,,,A,0,https://all.rugby/player/max-burey,,Northern Suburbs RFC (2020 - 2021) -> Aussie 7's (2021 - 2021) -> Northern Suburbs RFC (2021 - 2021) -> Aussie 7's (2022 - 2022) -> Northern Suburbs RFC (2022 - 2022) -> Aussie 7's (2022 - 2022) -> Western Force (2022 - 2022) -> Aussie 7's (2023 - 2023) -> Western Force (2023 - 2026),,,https://all.rugby/player/max-burey,Northern Suburbs RFC (2020 - 2021) -> Aussie 7's (2021 - 2021) -> Northern Suburbs RFC (2021 - 2021) -> Aussie 7's (2022 - 2022) -> Northern Suburbs RFC (2022 - 2022) -> Aussie 7's (2022 - 2022) -> Western Force (2022 - 2022) -> Aussie 7's (2023 - 2023) -> Western Force (2023 - 2026)
Bayley KUENZLE,Bayley KUENZLE,CTB,Western Force,186,92,1998.06.18,,,,,A,0,https://all.rugby/player/bayley-kuenzle,,Brumbies (2018 - 2021) -> Western Force (2021 - 2026),,,https://all.rugby/player/bayley-kuenzle,Brumbies (2018 - 2021) -> Western Force (2021 - 2026)
Boston FAKAFANUA,Boston FAKAFANUA,CTB,Western Force,181,93,2005..,,,,,A,0,https://all.rugby/player/boston-fakafanua,,Western Force (2023 - 2026),,,https://all.rugby/player/boston-fakafanua,Western Force (2023 - 2026)
Divad PALU,Divad PALU,CTB,Western Force,179,,2004.01.17,,,,,A,0,https://all.rugby/player/divad-palu,,Melbourne Rebels (2021 - 2024) -> Western Force (2024 - 2026),,,https://all.rugby/player/divad-palu,Melbourne Rebels (2021 - 2024) -> Western Force (2024 - 2026)
Hamish STEWART,Hamish STEWART,CTB,Western Force,183,90,1998.03.03,,,,,A,0,https://all.rugby/player/hamish-stewart,,Queensland Reds (2016 - 2022) -> Western Force (2022 - 2026),,,https://all.rugby/player/hamish-stewart,Queensland Reds (2016 - 2022) -> Western Force (2022 - 2026)
Darby LANCASTER,Darby LANCASTER,Winger,Western Force,190,95,2003.04.23,,,,,A,0,https://all.rugby/player/darby-lancaster,,Aussie 7's (2021 - 2023) -> Melbourne Rebels (2023 - 2024) -> New South Wales Waratahs (2024 - 2025) -> Western Force (2025 - 2026),,,https://all.rugby/player/darby-lancaster,Aussie 7's (2021 - 2023) -> Melbourne Rebels (2023 - 2024) -> New South Wales Waratahs (2024 - 2025) -> Western Force (2025 - 2026)
Dylan PIETSCH,Dylan PIETSCH,Winger,Western Force,182,95,1998.04.23,,,,,A,0,https://all.rugby/player/dylan-pietsch,,Randwick Rugby (2016 - 2020) -> Aussie 7's (2020 - 2021) -> New South Wales Waratahs (2021 - 2024) -> Western Force (2024 - 2026),,,https://all.rugby/player/dylan-pietsch,Randwick Rugby (2016 - 2020) -> Aussie 7's (2020 - 2021) -> New South Wales Waratahs (2021 - 2024) -> Western Force (2024 - 2026)
George BRIDGE,George BRIDGE,Winger,Western Force,186,96,1995.04.01,,,,,A,0,https://all.rugby/player/george-bridge,,Crusaders (2016 - 2019) -> Canterbury (2019 - 2019) -> Crusaders (2020 - 2020) -> Canterbury (2020 - 2020) -> Crusaders (2020 - 2021) -> Canterbury (2021 - 2021) -> Crusaders (2022 - 2022) -> Canterbury (2022 - 2022) -> Montpellier Hérault Rugby (2022 - 2025) -> Western Force (2025 - 2026),New Zealand,New Zealand,https://all.rugby/player/george-bridge,Crusaders (2016 - 2019) -> Canterbury (2019 - 2019) -> Crusaders (2020 - 2020) -> Canterbury (2020 - 2020) -> Crusaders (2020 - 2021) -> Canterbury (2021 - 2021) -> Crusaders (2022 - 2022) -> Canterbury (2022 - 2022) -> Montpellier Hérault Rugby (2022 - 2025) -> Western Force (2025 - 2026)
Henry PALMER,Henry PALMER,Winger,Western Force,,,2003.07.05,,,,,A,0,https://all.rugby/player/henry-palmer,,Western Force (2024 - 2026),,,https://all.rugby/player/henry-palmer,Western Force (2024 - 2026)
Mac GREALY,Mac GREALY,Winger,Western Force,180,89,2002.03.06,,,,,A,0,https://all.rugby/player/mac-grealy,,Queensland Reds (2019 - 2024) -> Western Force (2024 - 2026),,,https://all.rugby/player/mac-grealy,Queensland Reds (2019 - 2024) -> Western Force (2024 - 2026)
Ronan LEAHY,Ronan LEAHY,Winger,Western Force,188,96,2004..,,,,,A,0,https://all.rugby/player/ronan-leahy,,Sydney University Football Club (2022 - 2023) -> Western Force (2023 - 2026),,,https://all.rugby/player/ronan-leahy,Sydney University Football Club (2022 - 2023) -> Western Force (2023 - 2026)
Kurtley BEALE,Kurtley BEALE,FB,Western Force,184,96,1989.01.06,,,,,A,0,https://all.rugby/player/kurtley-beale,,New South Wales Waratahs (2013 - 2016) -> Wasps (2016 - 2017) -> New South Wales Waratahs (2017 - 2017) -> Wasps (2018 - 2018) -> New South Wales Waratahs (2018 - 2020) -> Racing 92 (2020 - 2022) -> New South Wales Waratahs (2022 - 2023) -> Western Force (2023 - 2026),Australia,Australia,https://all.rugby/player/kurtley-beale,New South Wales Waratahs (2013 - 2016) -> Wasps (2016 - 2017) -> New South Wales Waratahs (2017 - 2017) -> Wasps (2018 - 2018) -> New South Wales Waratahs (2018 - 2020) -> Racing 92 (2020 - 2022) -> New South Wales Waratahs (2022 - 2023) -> Western Force (2023 - 2026)
Abraham POLE,Abraham POLE,PR,Moana Pasifika,188,123,1998.06.28,,,,,A,0,https://all.rugby/player/abraham-pole,,Otago (2020 - 2021) -> Crusaders (2021 - 2021) -> Moana Pasifika (2021 - 2021) -> Otago (2021 - 2021) -> Crusaders (2022 - 2022) -> Moana Pasifika (2022 - 2022) -> Otago (2022 - 2022) -> Moana Pasifika (2022 - 2022) -> Otago (2022 - 2022) -> Moana Pasifika (2023 - 2023) -> Otago (2023 - 2023) -> Moana Pasifika (2023 - 2023) -> Otago (2023 - 2023) -> Moana Pasifika (2024 - 2024) -> Otago (2024 - 2024) -> Moana Pasifika (2024 - 2024) -> Otago (2024 - 2024) -> Moana Pasifika (2025 - 2025) -> Otago (2025 - 2025) -> Moana Pasifika (2025 - 2026),,,https://all.rugby/player/abraham-pole,Otago (2020 - 2021) -> Crusaders (2021 - 2021) -> Moana Pasifika (2021 - 2021) -> Otago (2021 - 2021) -> Crusaders (2022 - 2022) -> Moana Pasifika (2022 - 2022) -> Otago (2022 - 2022) -> Moana Pasifika (2022 - 2022) -> Otago (2022 - 2022) -> Moana Pasifika (2023 - 2023) -> Otago (2023 - 2023) -> Moana Pasifika (2023 - 2023) -> Otago (2023 - 2023) -> Moana Pasifika (2024 - 2024) -> Otago (2024 - 2024) -> Moana Pasifika (2024 - 2024) -> Otago (2024 - 2024) -> Moana Pasifika (2025 - 2025) -> Otago (2025 - 2025) -> Moana Pasifika (2025 - 2026)
Chris APOUA,Chris APOUA,PR,Moana Pasifika,186,119,1992.01.30,,,,,A,0,https://all.rugby/player/chris-apoua,,Northland Taniwha (2015 - 2017) -> Southland Stags (2017 - 2021) -> Moana Pasifika (2021 - 2022) -> Northland Taniwha (2022 - 2022) -> Moana Pasifika (2023 - 2023) -> Northland Taniwha (2023 - 2024) -> Moana Pasifika (2024 - 2024) -> Northland Taniwha (2024 - 2024) -> Moana Pasifika (2025 - 2025) -> Northland Taniwha (2025 - 2025) -> Moana Pasifika (2025 - 2026),,,https://all.rugby/player/chris-apoua,Northland Taniwha (2015 - 2017) -> Southland Stags (2017 - 2021) -> Moana Pasifika (2021 - 2022) -> Northland Taniwha (2022 - 2022) -> Moana Pasifika (2023 - 2023) -> Northland Taniwha (2023 - 2024) -> Moana Pasifika (2024 - 2024) -> Northland Taniwha (2024 - 2024) -> Moana Pasifika (2025 - 2025) -> Northland Taniwha (2025 - 2025) -> Moana Pasifika (2025 - 2026)
Feleti SAE-TA'UFO'OU,Feleti SAE-TA'UFO'OU,PR,Moana Pasifika,190,112,2002.06.17,,,,,A,0,https://all.rugby/player/feleti-sae-ta-ufo-ou,,Manawatu Turbos (2022 - 2024) -> Moana Pasifika (2024 - 2024) -> Manawatu Turbos (2024 - 2024) -> Moana Pasifika (2025 - 2025) -> Manawatu Turbos (2025 - 2025) -> Moana Pasifika (2025 - 2026),,,https://all.rugby/player/feleti-sae-ta-ufo-ou,Manawatu Turbos (2022 - 2024) -> Moana Pasifika (2024 - 2024) -> Manawatu Turbos (2024 - 2024) -> Moana Pasifika (2025 - 2025) -> Manawatu Turbos (2025 - 2025) -> Moana Pasifika (2025 - 2026)
Lolani FALEIVA,Lolani FALEIVA,PR,Moana Pasifika,193,130,1999.02.18,,,,,A,0,https://all.rugby/player/lolani-faleiva,,Hawke's Bay Magpies (2020 - 2021) -> Toronto Arrows (2021 - 2021) -> Hawke's Bay Magpies (2021 - 2021) -> Toronto Arrows (2022 - 2022) -> Hawke's Bay Magpies (2022 - 2022) -> Toronto Arrows (2022 - 2023) -> Hawke's Bay Magpies (2023 - 2025) -> Moana Pasifika (2025 - 2026),,,https://all.rugby/player/lolani-faleiva,Hawke's Bay Magpies (2020 - 2021) -> Toronto Arrows (2021 - 2021) -> Hawke's Bay Magpies (2021 - 2021) -> Toronto Arrows (2022 - 2022) -> Hawke's Bay Magpies (2022 - 2022) -> Toronto Arrows (2022 - 2023) -> Hawke's Bay Magpies (2023 - 2025) -> Moana Pasifika (2025 - 2026)
Malakai HALA,Malakai HALA,PR,Moana Pasifika,184,125,2003.01.07,,,,,A,0,https://all.rugby/player/malakai-hala,,Manawatu Turbos (2022 - 2023) -> New England Free Jacks (2023 - 2023) -> Manawatu Turbos (2023 - 2023) -> New England Free Jacks (2024 - 2024) -> Manawatu Turbos (2024 - 2024) -> New England Free Jacks (2024 - 2024) -> Manawatu Turbos (2024 - 2024) -> New England Free Jacks (2025 - 2025) -> Manawatu Turbos (2025 - 2025) -> Moana Pasifika (2025 - 2026),,,https://all.rugby/player/malakai-hala,Manawatu Turbos (2022 - 2023) -> New England Free Jacks (2023 - 2023) -> Manawatu Turbos (2023 - 2023) -> New England Free Jacks (2024 - 2024) -> Manawatu Turbos (2024 - 2024) -> New England Free Jacks (2024 - 2024) -> Manawatu Turbos (2024 - 2024) -> New England Free Jacks (2025 - 2025) -> Manawatu Turbos (2025 - 2025) -> Moana Pasifika (2025 - 2026)
Paula LATU,Paula LATU,PR,Moana Pasifika,187,123,1996.02.14,,,,,A,0,https://all.rugby/player/paula-latu,,Southland Stags (2020 - 2024) -> Dragons RFC (2024 - 2024) -> Southland Stags (2024 - 2024) -> Dragons RFC (2025 - 2025) -> Southland Stags (2025 - 2025) -> Moana Pasifika (2025 - 2026),,,https://all.rugby/player/paula-latu,Southland Stags (2020 - 2024) -> Dragons RFC (2024 - 2024) -> Southland Stags (2024 - 2024) -> Dragons RFC (2025 - 2025) -> Southland Stags (2025 - 2025) -> Moana Pasifika (2025 - 2026)
Tito TUIPULOTU,Tito TUIPULOTU,PR,Moana Pasifika,,,2002.06.08,,,,,A,0,https://all.rugby/player/tito-tuipulotu,,Auckland (2022 - 2024) -> Moana Pasifika (2024 - 2026),,,https://all.rugby/player/tito-tuipulotu,Auckland (2022 - 2024) -> Moana Pasifika (2024 - 2026)
Mamoru HARADA,Mamoru HARADA,HO,Moana Pasifika,175,101,1999.04.15,,,,,A,0,https://all.rugby/player/mamoru-harada,,Keio University (2018 - 2019) -> Sunwolves (2019 - 2020) -> Toshiba Brave Lupus Tokyo (2021 - 2025) -> Moana Pasifika (2025 - 2026),,,https://all.rugby/player/mamoru-harada,Keio University (2018 - 2019) -> Sunwolves (2019 - 2020) -> Toshiba Brave Lupus Tokyo (2021 - 2025) -> Moana Pasifika (2025 - 2026)
Mills SANERIVI,Mills SANERIVI,HO,Moana Pasifika,181,113,1999.08.31,,,,,A,0,https://all.rugby/player/mills-sanerivi,,Taranaki Bulls (2020 - 2021) -> New England Free Jacks (2021 - 2021) -> Taranaki Bulls (2021 - 2021) -> New England Free Jacks (2022 - 2022) -> Taranaki Bulls (2022 - 2022) -> New England Free Jacks (2022 - 2022) -> Taranaki Bulls (2022 - 2022) -> New England Free Jacks (2023 - 2023) -> Taranaki Bulls (2023 - 2023) -> Chiefs (2023 - 2023) -> Auckland (2023 - 2023) -> Chiefs (2024 - 2024) -> Auckland (2024 - 2024) -> Moana Pasifika (2024 - 2024) -> Auckland (2024 - 2024) -> Moana Pasifika (2025 - 2025) -> Auckland (2025 - 2025) -> Moana Pasifika (2025 - 2026),,,https://all.rugby/player/mills-sanerivi,Taranaki Bulls (2020 - 2021) -> New England Free Jacks (2021 - 2021) -> Taranaki Bulls (2021 - 2021) -> New England Free Jacks (2022 - 2022) -> Taranaki Bulls (2022 - 2022) -> New England Free Jacks (2022 - 2022) -> Taranaki Bulls (2022 - 2022) -> New England Free Jacks (2023 - 2023) -> Taranaki Bulls (2023 - 2023) -> Chiefs (2023 - 2023) -> Auckland (2023 - 2023) -> Chiefs (2024 - 2024) -> Auckland (2024 - 2024) -> Moana Pasifika (2024 - 2024) -> Auckland (2024 - 2024) -> Moana Pasifika (2025 - 2025) -> Auckland (2025 - 2025) -> Moana Pasifika (2025 - 2026)
Sam MOLI,Sam MOLI,HO,Moana Pasifika,185,114,1998.12.24,,,,,A,0,https://all.rugby/player/sam-moli,,Tasman Mako (2016 - 2021) -> Moana Pasifika (2021 - 2021) -> Tasman Mako (2021 - 2021) -> Moana Pasifika (2022 - 2022) -> Tasman Mako (2022 - 2022) -> Moana Pasifika (2022 - 2023) -> Tasman Mako (2023 - 2023) -> Moana Pasifika (2024 - 2024) -> Tasman Mako (2024 - 2024) -> Moana Pasifika (2024 - 2024) -> Tasman Mako (2024 - 2024) -> Moana Pasifika (2025 - 2025) -> Tasman Mako (2025 - 2025) -> Moana Pasifika (2025 - 2026),New Zealand,New Zealand,https://all.rugby/player/sam-moli,Tasman Mako (2016 - 2021) -> Moana Pasifika (2021 - 2021) -> Tasman Mako (2021 - 2021) -> Moana Pasifika (2022 - 2022) -> Tasman Mako (2022 - 2022) -> Moana Pasifika (2022 - 2023) -> Tasman Mako (2023 - 2023) -> Moana Pasifika (2024 - 2024) -> Tasman Mako (2024 - 2024) -> Moana Pasifika (2024 - 2024) -> Tasman Mako (2024 - 2024) -> Moana Pasifika (2025 - 2025) -> Tasman Mako (2025 - 2025) -> Moana Pasifika (2025 - 2026)
Ale AHO,Ale AHO,LO,Moana Pasifika,199,132,2003.02.15,,,,,A,0,https://all.rugby/player/ale-aho,,Otago (2023 - 2024) -> New South Wales Waratahs (2024 - 2024) -> Southland Stags (2024 - 2024) -> New South Wales Waratahs (2025 - 2025) -> Southland Stags (2025 - 2025) -> Moana Pasifika (2025 - 2026),,,https://all.rugby/player/ale-aho,Otago (2023 - 2024) -> New South Wales Waratahs (2024 - 2024) -> Southland Stags (2024 - 2024) -> New South Wales Waratahs (2025 - 2025) -> Southland Stags (2025 - 2025) -> Moana Pasifika (2025 - 2026)
Allan CRAIG,Allan CRAIG,LO,Moana Pasifika,196,112,2002.04.19,,,,,A,0,https://all.rugby/player/allan-craig,,Northland Taniwha (2021 - 2023) -> Moana Pasifika (2023 - 2023) -> Northland Taniwha (2023 - 2023) -> Moana Pasifika (2024 - 2024) -> Northland Taniwha (2024 - 2024) -> Moana Pasifika (2024 - 2024) -> Northland Taniwha (2024 - 2024) -> Moana Pasifika (2025 - 2025) -> Northland Taniwha (2025 - 2025) -> Moana Pasifika (2025 - 2026),,,https://all.rugby/player/allan-craig,Northland Taniwha (2021 - 2023) -> Moana Pasifika (2023 - 2023) -> Northland Taniwha (2023 - 2023) -> Moana Pasifika (2024 - 2024) -> Northland Taniwha (2024 - 2024) -> Moana Pasifika (2024 - 2024) -> Northland Taniwha (2024 - 2024) -> Moana Pasifika (2025 - 2025) -> Northland Taniwha (2025 - 2025) -> Moana Pasifika (2025 - 2026)
Jimmy TUPOU,Jimmy TUPOU,LO,Moana Pasifika,196,111,1992.08.08,,,,,A,0,https://all.rugby/player/jimmy-tupou,,Crusaders (2013 - 2016) -> Blues (2016 - 2019) -> Urayasu D-Rocks (2019 - 2022) -> Counties Manukau Steelers (2022 - 2022) -> Urayasu D-Rocks (2023 - 2023) -> Counties Manukau Steelers (2023 - 2023) -> Chiefs (2023 - 2023) -> Counties Manukau Steelers (2023 - 2023) -> Chiefs (2024 - 2024) -> Counties Manukau Steelers (2024 - 2024) -> Chiefs (2024 - 2024) -> Counties Manukau Steelers (2024 - 2024) -> Chiefs (2025 - 2025) -> Counties Manukau Steelers (2025 - 2025) -> Moana Pasifika (2025 - 2026),,,https://all.rugby/player/jimmy-tupou,Crusaders (2013 - 2016) -> Blues (2016 - 2019) -> Urayasu D-Rocks (2019 - 2022) -> Counties Manukau Steelers (2022 - 2022) -> Urayasu D-Rocks (2023 - 2023) -> Counties Manukau Steelers (2023 - 2023) -> Chiefs (2023 - 2023) -> Counties Manukau Steelers (2023 - 2023) -> Chiefs (2024 - 2024) -> Counties Manukau Steelers (2024 - 2024) -> Chiefs (2024 - 2024) -> Counties Manukau Steelers (2024 - 2024) -> Chiefs (2025 - 2025) -> Counties Manukau Steelers (2025 - 2025) -> Moana Pasifika (2025 - 2026)
Ofa TAUATEVALU,Ofa TAUATEVALU,LO,Moana Pasifika,196,112,2000.10.29,,,,,A,0,https://all.rugby/player/ofa-tauatevalu,,Manawatu Turbos (2020 - 2023) -> Moana Pasifika (2023 - 2024) -> Manawatu Turbos (2024 - 2024) -> Moana Pasifika (2025 - 2025) -> Manawatu Turbos (2025 - 2025) -> Moana Pasifika (2025 - 2026),,,https://all.rugby/player/ofa-tauatevalu,Manawatu Turbos (2020 - 2023) -> Moana Pasifika (2023 - 2024) -> Manawatu Turbos (2024 - 2024) -> Moana Pasifika (2025 - 2025) -> Manawatu Turbos (2025 - 2025) -> Moana Pasifika (2025 - 2026)
Tom SAVAGE,Tom SAVAGE,LO,Moana Pasifika,198,116,1989.04.18,,,,,A,0,https://all.rugby/player/tom-savage,,Gloucester Rugby (2013 - 2019) -> Tokyo Sungoliath (2019 - 2023) -> Moana Pasifika (2023 - 2024) -> North Harbour (2024 - 2024) -> Moana Pasifika (2025 - 2025) -> North Harbour (2025 - 2025) -> Moana Pasifika (2025 - 2026),,,https://all.rugby/player/tom-savage,Gloucester Rugby (2013 - 2019) -> Tokyo Sungoliath (2019 - 2023) -> Moana Pasifika (2023 - 2024) -> North Harbour (2024 - 2024) -> Moana Pasifika (2025 - 2025) -> North Harbour (2025 - 2025) -> Moana Pasifika (2025 - 2026)
Veikoso POLONIATI,Veikoso POLONIATI,LO,Moana Pasifika,202,130,1995.08.27,,,,,A,0,https://all.rugby/player/veikoso-poloniati,,Manawatu Turbos (2020 - 2021) -> Moana Pasifika (2021 - 2021) -> Manawatu Turbos (2021 - 2021) -> Moana Pasifika (2022 - 2022) -> Manawatu Turbos (2022 - 2022) -> Racing 92 (2022 - 2024) -> Aviron Bayonnais (2024 - 2025) -> Moana Pasifika (2025 - 2026),New Zealand,New Zealand,https://all.rugby/player/veikoso-poloniati,Manawatu Turbos (2020 - 2021) -> Moana Pasifika (2021 - 2021) -> Manawatu Turbos (2021 - 2021) -> Moana Pasifika (2022 - 2022) -> Manawatu Turbos (2022 - 2022) -> Racing 92 (2022 - 2024) -> Aviron Bayonnais (2024 - 2025) -> Moana Pasifika (2025 - 2026)
Dominic ROPETI,Dominic ROPETI,Back row,Moana Pasifika,193,106,2003.02.04,,,,,A,0,https://all.rugby/player/dominic-ropeti,,Wellington Lions (2022 - 2025) -> Moana Pasifika (2025 - 2026),,,https://all.rugby/player/dominic-ropeti,Wellington Lions (2022 - 2025) -> Moana Pasifika (2025 - 2026)
Konrad TOLEAFOA,Konrad TOLEAFOA,Back row,Moana Pasifika,190,112,2003.10.29,,,,,A,0,https://all.rugby/player/konrad-toleafoa,,Otago (2024 - 2025) -> Moana Pasifika (2025 - 2026),,,https://all.rugby/player/konrad-toleafoa,Otago (2024 - 2025) -> Moana Pasifika (2025 - 2026)
Miracle FAI'ILAGI,Miracle FAI'ILAGI,Back row,Moana Pasifika,188,103,1999.08.31,,,,,A,0,https://all.rugby/player/miracle-fai-ilagi,,Samoa 7's (2021 - 2022) -> Moana Pasifika (2022 - 2024) -> Hawke's Bay Magpies (2024 - 2024) -> Moana Pasifika (2025 - 2025) -> Hawke's Bay Magpies (2025 - 2025) -> Moana Pasifika (2025 - 2026),Samoa,Samoa,https://all.rugby/player/miracle-fai-ilagi,Samoa 7's (2021 - 2022) -> Moana Pasifika (2022 - 2024) -> Hawke's Bay Magpies (2024 - 2024) -> Moana Pasifika (2025 - 2025) -> Hawke's Bay Magpies (2025 - 2025) -> Moana Pasifika (2025 - 2026)
Niko JONES,Niko JONES,Back row,Moana Pasifika,186,103,2000.07.22,,,,,A,0,https://all.rugby/player/niko-jones,,Auckland (2019 - 2021) -> Moana Pasifika (2021 - 2021) -> Auckland (2021 - 2021) -> Moana Pasifika (2022 - 2022) -> Auckland (2022 - 2022) -> Old Glory DC RFC (2022 - 2022) -> Moana Pasifika (2022 - 2022) -> Auckland (2022 - 2022) -> Old Glory DC RFC (2023 - 2023) -> Moana Pasifika (2023 - 2023) -> Auckland (2023 - 2023) -> Moana Pasifika (2023 - 2023) -> Old Glory DC RFC (2023 - 2023) -> Auckland (2023 - 2023) -> Moana Pasifika (2024 - 2024) -> Old Glory DC RFC (2024 - 2024) -> Auckland (2024 - 2024) -> Moana Pasifika (2024 - 2026),New Zealand,New Zealand,https://all.rugby/player/niko-jones,Auckland (2019 - 2021) -> Moana Pasifika (2021 - 2021) -> Auckland (2021 - 2021) -> Moana Pasifika (2022 - 2022) -> Auckland (2022 - 2022) -> Old Glory DC RFC (2022 - 2022) -> Moana Pasifika (2022 - 2022) -> Auckland (2022 - 2022) -> Old Glory DC RFC (2023 - 2023) -> Moana Pasifika (2023 - 2023) -> Auckland (2023 - 2023) -> Moana Pasifika (2023 - 2023) -> Old Glory DC RFC (2023 - 2023) -> Auckland (2023 - 2023) -> Moana Pasifika (2024 - 2024) -> Old Glory DC RFC (2024 - 2024) -> Auckland (2024 - 2024) -> Moana Pasifika (2024 - 2026)
Ola TAUELANGI,Ola TAUELANGI,Back row,Moana Pasifika,194,115,1999.11.28,,,,,A,0,https://all.rugby/player/ola-tauelangi,,Gordon Rugby Football Club (2019 - 2023) -> Moana Pasifika (2023 - 2023) -> Auckland (2023 - 2023) -> Moana Pasifika (2024 - 2024) -> Auckland (2024 - 2024) -> Moana Pasifika (2024 - 2024) -> Auckland (2024 - 2024) -> Moana Pasifika (2025 - 2025) -> Auckland (2025 - 2025) -> Moana Pasifika (2025 - 2026),,,https://all.rugby/player/ola-tauelangi,Gordon Rugby Football Club (2019 - 2023) -> Moana Pasifika (2023 - 2023) -> Auckland (2023 - 2023) -> Moana Pasifika (2024 - 2024) -> Auckland (2024 - 2024) -> Moana Pasifika (2024 - 2024) -> Auckland (2024 - 2024) -> Moana Pasifika (2025 - 2025) -> Auckland (2025 - 2025) -> Moana Pasifika (2025 - 2026)
Sam TUITUPOU,Sam TUITUPOU,Back row,Moana Pasifika,,,2005..,,,,,A,0,https://all.rugby/player/sam-tuitupou-2005,,Moana Pasifika (2025 - 2026),,,https://all.rugby/player/sam-tuitupou-2005,Moana Pasifika (2025 - 2026)
Semisi PAEA,Semisi PAEA,Back row,Moana Pasifika,194,113,1999.04.17,,,,,A,0,https://all.rugby/player/semisi-paea,,Bay of Plenty Steamers (2020 - 2021) -> New England Free Jacks (2022 - 2022) -> Bay of Plenty Steamers (2022 - 2022) -> New England Free Jacks (2023 - 2023) -> Bay of Plenty Steamers (2023 - 2023) -> Moana Pasifika (2023 - 2023) -> Bay of Plenty Steamers (2023 - 2023) -> Moana Pasifika (2024 - 2024) -> Bay of Plenty Steamers (2024 - 2024) -> Moana Pasifika (2024 - 2024) -> Bay of Plenty Steamers (2024 - 2024) -> Moana Pasifika (2025 - 2025) -> Bay of Plenty Steamers (2025 - 2025) -> Moana Pasifika (2025 - 2026),,,https://all.rugby/player/semisi-paea,Bay of Plenty Steamers (2020 - 2021) -> New England Free Jacks (2022 - 2022) -> Bay of Plenty Steamers (2022 - 2022) -> New England Free Jacks (2023 - 2023) -> Bay of Plenty Steamers (2023 - 2023) -> Moana Pasifika (2023 - 2023) -> Bay of Plenty Steamers (2023 - 2023) -> Moana Pasifika (2024 - 2024) -> Bay of Plenty Steamers (2024 - 2024) -> Moana Pasifika (2024 - 2024) -> Bay of Plenty Steamers (2024 - 2024) -> Moana Pasifika (2025 - 2025) -> Bay of Plenty Steamers (2025 - 2025) -> Moana Pasifika (2025 - 2026)
Semisi TUPOU TA'EILOA,Semisi TUPOU TA'EILOA,Back row,Moana Pasifika,185,113,2003.11.25,,,,,A,0,https://all.rugby/player/semisi-tupou-ta-eiloa,,Southland Stags (2022 - 2024) -> Moana Pasifika (2024 - 2024) -> Southland Stags (2024 - 2024) -> Moana Pasifika (2025 - 2025) -> Southland Stags (2025 - 2025) -> Moana Pasifika (2025 - 2026),,,https://all.rugby/player/semisi-tupou-ta-eiloa,Southland Stags (2022 - 2024) -> Moana Pasifika (2024 - 2024) -> Southland Stags (2024 - 2024) -> Moana Pasifika (2025 - 2025) -> Southland Stags (2025 - 2025) -> Moana Pasifika (2025 - 2026)
Tupou MA'AFU-AFUNGIA,Tupou MA'AFU-AFUNGIA,Back row,Moana Pasifika,187,105,1999.09.12,,,,,A,0,https://all.rugby/player/tupou-ma-afu-afungia,,San Diego Legion (2022 - 2024) -> NOLA Gold (2024 - 2025) -> Moana Pasifika (2025 - 2026),Tonga,Tonga,https://all.rugby/player/tupou-ma-afu-afungia,San Diego Legion (2022 - 2024) -> NOLA Gold (2024 - 2025) -> Moana Pasifika (2025 - 2026)
Augustine PULU,Augustine PULU,SH,Moana Pasifika,180,93,1990.01.04,,,,,A,0,https://all.rugby/player/augustine-pulu,,Chiefs (2013 - 2015) -> Blues (2016 - 2019) -> Hino Red Dolphins (2019 - 2025) -> Moana Pasifika (2025 - 2026),,,https://all.rugby/player/augustine-pulu,Chiefs (2013 - 2015) -> Blues (2016 - 2019) -> Hino Red Dolphins (2019 - 2025) -> Moana Pasifika (2025 - 2026)
Jonathan TAUMATEINE,Jonathan TAUMATEINE,SH,Moana Pasifika,178,90,1996.09.28,,,,,A,0,https://all.rugby/player/jonathan-taumateine,,Chiefs (2016 - 2019) -> Hurricanes (2019 - 2019) -> Counties Manukau Steelers (2019 - 2019) -> Hurricanes (2020 - 2020) -> Counties Manukau Steelers (2020 - 2020) -> Hurricanes (2020 - 2020) -> Counties Manukau Steelers (2020 - 2020) -> Hurricanes (2021 - 2021) -> Counties Manukau Steelers (2021 - 2021) -> Moana Pasifika (2021 - 2021) -> Counties Manukau Steelers (2021 - 2021) -> Moana Pasifika (2022 - 2022) -> Counties Manukau Steelers (2022 - 2022) -> Moana Pasifika (2022 - 2023) -> Counties Manukau Steelers (2023 - 2023) -> Moana Pasifika (2024 - 2024) -> Counties Manukau Steelers (2024 - 2024) -> Moana Pasifika (2024 - 2024) -> Counties Manukau Steelers (2024 - 2024) -> Moana Pasifika (2025 - 2025) -> Counties Manukau Steelers (2025 - 2025) -> Moana Pasifika (2025 - 2026),,,https://all.rugby/player/jonathan-taumateine,Chiefs (2016 - 2019) -> Hurricanes (2019 - 2019) -> Counties Manukau Steelers (2019 - 2019) -> Hurricanes (2020 - 2020) -> Counties Manukau Steelers (2020 - 2020) -> Hurricanes (2020 - 2020) -> Counties Manukau Steelers (2020 - 2020) -> Hurricanes (2021 - 2021) -> Counties Manukau Steelers (2021 - 2021) -> Moana Pasifika (2021 - 2021) -> Counties Manukau Steelers (2021 - 2021) -> Moana Pasifika (2022 - 2022) -> Counties Manukau Steelers (2022 - 2022) -> Moana Pasifika (2022 - 2023) -> Counties Manukau Steelers (2023 - 2023) -> Moana Pasifika (2024 - 2024) -> Counties Manukau Steelers (2024 - 2024) -> Moana Pasifika (2024 - 2024) -> Counties Manukau Steelers (2024 - 2024) -> Moana Pasifika (2025 - 2025) -> Counties Manukau Steelers (2025 - 2025) -> Moana Pasifika (2025 - 2026)
Melani MATAVAO,Melani MATAVAO,SH,Moana Pasifika,171,80,1995.11.19,,,,,A,0,https://all.rugby/player/melani-matavao,,Moana Pasifika (2023 - 2026),Samoa,Samoa,https://all.rugby/player/melani-matavao,Moana Pasifika (2023 - 2026)
Siaosi NGININGINI,Siaosi NGININGINI,SH,Moana Pasifika,183,91,1998.10.17,,,,,A,0,https://all.rugby/player/siaosi-nginingini,,North Harbour (2021 - 2023) -> Moana Pasifika (2023 - 2023) -> North Harbour (2023 - 2023) -> Moana Pasifika (2024 - 2024) -> North Harbour (2024 - 2025) -> Moana Pasifika (2025 - 2026),,,https://all.rugby/player/siaosi-nginingini,North Harbour (2021 - 2023) -> Moana Pasifika (2023 - 2023) -> North Harbour (2023 - 2023) -> Moana Pasifika (2024 - 2024) -> North Harbour (2024 - 2025) -> Moana Pasifika (2025 - 2026)
Jackson GARDEN-BACHOP,Jackson GARDEN-BACHOP,SO,Moana Pasifika,185,102,1994.10.03,,,,,A,0,https://all.rugby/player/jackson-garden-bachop,,Melbourne Rebels (2016 - 2017) -> Hurricanes (2017 - 2019) -> Wellington Lions (2019 - 2019) -> Hurricanes (2020 - 2020) -> Wellington Lions (2020 - 2020) -> Hurricanes (2020 - 2020) -> Wellington Lions (2020 - 2020) -> Hurricanes (2021 - 2021) -> Wellington Lions (2021 - 2021) -> Hurricanes (2021 - 2021) -> Wellington Lions (2021 - 2021) -> Hurricanes (2022 - 2022) -> Wellington Lions (2022 - 2022) -> Hanazono Kintetsu Liners (2022 - 2023) -> CA Brive Corrèze Limousin (2023 - 2023) -> Wellington Lions (2023 - 2023) -> CA Brive Corrèze Limousin (2024 - 2024) -> Wellington Lions (2024 - 2024) -> Moana Pasifika (2024 - 2024) -> Wellington Lions (2024 - 2024) -> Moana Pasifika (2025 - 2025) -> Wellington Lions (2025 - 2025) -> Moana Pasifika (2025 - 2026),,,https://all.rugby/player/jackson-garden-bachop,Melbourne Rebels (2016 - 2017) -> Hurricanes (2017 - 2019) -> Wellington Lions (2019 - 2019) -> Hurricanes (2020 - 2020) -> Wellington Lions (2020 - 2020) -> Hurricanes (2020 - 2020) -> Wellington Lions (2020 - 2020) -> Hurricanes (2021 - 2021) -> Wellington Lions (2021 - 2021) -> Hurricanes (2021 - 2021) -> Wellington Lions (2021 - 2021) -> Hurricanes (2022 - 2022) -> Wellington Lions (2022 - 2022) -> Hanazono Kintetsu Liners (2022 - 2023) -> CA Brive Corrèze Limousin (2023 - 2023) -> Wellington Lions (2023 - 2023) -> CA Brive Corrèze Limousin (2024 - 2024) -> Wellington Lions (2024 - 2024) -> Moana Pasifika (2024 - 2024) -> Wellington Lions (2024 - 2024) -> Moana Pasifika (2025 - 2025) -> Wellington Lions (2025 - 2025) -> Moana Pasifika (2025 - 2026)
Pat PELLEGRINI,Pat PELLEGRINI,SO,Moana Pasifika,170,80,1998.09.28,,,,,A,0,https://all.rugby/player/patrick-pellegrini,,West Harbour RFC (2020 - 2021) -> Coventry Rugby (2022 - 2024) -> Moana Pasifika (2024 - 2024) -> North Harbour (2024 - 2024) -> Moana Pasifika (2025 - 2025) -> North Harbour (2025 - 2025) -> Moana Pasifika (2025 - 2026),Australia,Australia,https://all.rugby/player/patrick-pellegrini,West Harbour RFC (2020 - 2021) -> Coventry Rugby (2022 - 2024) -> Moana Pasifika (2024 - 2024) -> North Harbour (2024 - 2024) -> Moana Pasifika (2025 - 2025) -> North Harbour (2025 - 2025) -> Moana Pasifika (2025 - 2026)
Faletoi PENI,Faletoi PENI,CTB,Moana Pasifika,173,106,2000.04.06,,,,,A,0,https://all.rugby/player/faletoi-peni,,Southland Stags (2023 - 2024) -> New England Free Jacks (2024 - 2024) -> Southland Stags (2024 - 2024) -> New England Free Jacks (2025 - 2025) -> Southland Stags (2025 - 2025) -> Moana Pasifika (2025 - 2026),,,https://all.rugby/player/faletoi-peni,Southland Stags (2023 - 2024) -> New England Free Jacks (2024 - 2024) -> Southland Stags (2024 - 2024) -> New England Free Jacks (2025 - 2025) -> Southland Stags (2025 - 2025) -> Moana Pasifika (2025 - 2026)
Julian SAVEA,Julian SAVEA,CTB,Moana Pasifika,192,108,1990.08.07,,,,,A,0,https://all.rugby/player/julian-savea,,Hurricanes (2010 - 2018) -> Rugby Club Toulonnais (2018 - 2019) -> Hurricanes (2019 - 2019) -> Rugby Club Toulonnais (2019 - 2019) -> Wellington Lions (2019 - 2019) -> Hurricanes (2020 - 2020) -> Rugby Club Toulonnais (2020 - 2020) -> Wellington Lions (2020 - 2020) -> Hurricanes (2020 - 2020) -> Wellington Lions (2020 - 2020) -> Hurricanes (2021 - 2021) -> Wellington Lions (2021 - 2021) -> Hurricanes (2021 - 2021) -> Wellington Lions (2021 - 2021) -> Hurricanes (2022 - 2022) -> Wellington Lions (2022 - 2022) -> Hurricanes (2022 - 2022) -> Wellington Lions (2022 - 2022) -> Hurricanes (2023 - 2023) -> Wellington Lions (2023 - 2023) -> Moana Pasifika (2023 - 2023) -> Wellington Lions (2023 - 2023) -> Moana Pasifika (2024 - 2024) -> Wellington Lions (2024 - 2024) -> Moana Pasifika (2024 - 2024) -> Wellington Lions (2024 - 2024) -> Moana Pasifika (2025 - 2025) -> Wellington Lions (2025 - 2025) -> Moana Pasifika (2025 - 2026),New Zealand,New Zealand,https://all.rugby/player/julian-savea,Hurricanes (2010 - 2018) -> Rugby Club Toulonnais (2018 - 2019) -> Hurricanes (2019 - 2019) -> Rugby Club Toulonnais (2019 - 2019) -> Wellington Lions (2019 - 2019) -> Hurricanes (2020 - 2020) -> Rugby Club Toulonnais (2020 - 2020) -> Wellington Lions (2020 - 2020) -> Hurricanes (2020 - 2020) -> Wellington Lions (2020 - 2020) -> Hurricanes (2021 - 2021) -> Wellington Lions (2021 - 2021) -> Hurricanes (2021 - 2021) -> Wellington Lions (2021 - 2021) -> Hurricanes (2022 - 2022) -> Wellington Lions (2022 - 2022) -> Hurricanes (2022 - 2022) -> Wellington Lions (2022 - 2022) -> Hurricanes (2023 - 2023) -> Wellington Lions (2023 - 2023) -> Moana Pasifika (2023 - 2023) -> Wellington Lions (2023 - 2023) -> Moana Pasifika (2024 - 2024) -> Wellington Lions (2024 - 2024) -> Moana Pasifika (2024 - 2024) -> Wellington Lions (2024 - 2024) -> Moana Pasifika (2025 - 2025) -> Wellington Lions (2025 - 2025) -> Moana Pasifika (2025 - 2026)
Lalomilo LALOMILO,Lalomilo LALOMILO,CTB,Moana Pasifika,176,105,1999.02.12,,,,,A,0,https://all.rugby/player/lalomilo-lalomilo,,Bay of Plenty Steamers (2017 - 2022) -> Chiefs (2022 - 2022) -> Bay of Plenty Steamers (2022 - 2022) -> Chiefs (2023 - 2023) -> Bay of Plenty Steamers (2023 - 2023) -> Moana Pasifika (2023 - 2024) -> Bay of Plenty Steamers (2024 - 2024) -> Moana Pasifika (2025 - 2025) -> Bay of Plenty Steamers (2025 - 2025) -> Moana Pasifika (2025 - 2026),,,https://all.rugby/player/lalomilo-lalomilo,Bay of Plenty Steamers (2017 - 2022) -> Chiefs (2022 - 2022) -> Bay of Plenty Steamers (2022 - 2022) -> Chiefs (2023 - 2023) -> Bay of Plenty Steamers (2023 - 2023) -> Moana Pasifika (2023 - 2024) -> Bay of Plenty Steamers (2024 - 2024) -> Moana Pasifika (2025 - 2025) -> Bay of Plenty Steamers (2025 - 2025) -> Moana Pasifika (2025 - 2026)
Ngani LAUMAPE,Ngani LAUMAPE,CTB,Moana Pasifika,171,104,1993.04.22,,,,,A,0,https://all.rugby/player/ngani-laumape,,Hurricanes (2015 - 2021) -> Stade Français Paris Rugby (2021 - 2022) -> Kobelco Kobe Steelers (2022 - 2024) -> Manawatu Turbos (2024 - 2024) -> Kobelco Kobe Steelers (2025 - 2025) -> Manawatu Turbos (2025 - 2025) -> Moana Pasifika (2025 - 2026),New Zealand,New Zealand,https://all.rugby/player/ngani-laumape,Hurricanes (2015 - 2021) -> Stade Français Paris Rugby (2021 - 2022) -> Kobelco Kobe Steelers (2022 - 2024) -> Manawatu Turbos (2024 - 2024) -> Kobelco Kobe Steelers (2025 - 2025) -> Manawatu Turbos (2025 - 2025) -> Moana Pasifika (2025 - 2026)
Solomon ALAIMALO,Solomon ALAIMALO,CTB,Moana Pasifika,196,100,1995.12.27,,,,,A,0,https://all.rugby/player/solomona-alaimalo,,Chiefs (2016 - 2020) -> Highlanders (2020 - 2020) -> Southland Stags (2020 - 2020) -> Highlanders (2021 - 2021) -> Southland Stags (2021 - 2021) -> Highlanders (2021 - 2021) -> Southland Stags (2021 - 2021) -> Highlanders (2022 - 2022) -> Southland Stags (2022 - 2022) -> Chiefs (2022 - 2022) -> Canterbury (2022 - 2022) -> Chiefs (2023 - 2023) -> Canterbury (2023 - 2023) -> Wests Tigers (2023 - 2024) -> Moana Pasifika (2024 - 2024) -> Northland Taniwha (2024 - 2024) -> Moana Pasifika (2025 - 2025) -> Northland Taniwha (2025 - 2025) -> Moana Pasifika (2025 - 2026),,,https://all.rugby/player/solomona-alaimalo,Chiefs (2016 - 2020) -> Highlanders (2020 - 2020) -> Southland Stags (2020 - 2020) -> Highlanders (2021 - 2021) -> Southland Stags (2021 - 2021) -> Highlanders (2021 - 2021) -> Southland Stags (2021 - 2021) -> Highlanders (2022 - 2022) -> Southland Stags (2022 - 2022) -> Chiefs (2022 - 2022) -> Canterbury (2022 - 2022) -> Chiefs (2023 - 2023) -> Canterbury (2023 - 2023) -> Wests Tigers (2023 - 2024) -> Moana Pasifika (2024 - 2024) -> Northland Taniwha (2024 - 2024) -> Moana Pasifika (2025 - 2025) -> Northland Taniwha (2025 - 2025) -> Moana Pasifika (2025 - 2026)
Tevita LATU,Tevita LATU,CTB,Moana Pasifika,183,108,1998.12.15,,,,,A,0,https://all.rugby/player/tevita-latu,,Southland Stags (2019 - 2023) -> Northland Taniwha (2023 - 2024) -> Canterbury (2024 - 2025) -> Moana Pasifika (2025 - 2026),,,https://all.rugby/player/tevita-latu,Southland Stags (2019 - 2023) -> Northland Taniwha (2023 - 2024) -> Canterbury (2024 - 2025) -> Moana Pasifika (2025 - 2026)
Denzel SAMOA,Denzel SAMOA,Winger,Moana Pasifika,185,91,2003.12.14,,,,,A,0,https://all.rugby/player/denzel-samoa,,Moana Pasifika (2025 - 2026),,,https://all.rugby/player/denzel-samoa,Moana Pasifika (2025 - 2026)
Glen VAIHU,Glen VAIHU,Winger,Moana Pasifika,183,94,2001.10.08,,,,,A,0,https://all.rugby/player/glen-vaihu,,Melbourne Rebels (2019 - 2024) -> AZ-COM Maruwa Momotaro's (2024 - 2025) -> Moana Pasifika (2025 - 2026),,,https://all.rugby/player/glen-vaihu,Melbourne Rebels (2019 - 2024) -> AZ-COM Maruwa Momotaro's (2024 - 2025) -> Moana Pasifika (2025 - 2026)
Israel LEOTA,Israel LEOTA,Winger,Moana Pasifika,190,101,2005..,,,,,A,0,https://all.rugby/player/israel-leota,,Brisbane Broncos (2024 - 2025) -> Moana Pasifika (2025 - 2026),,,https://all.rugby/player/israel-leota,Brisbane Broncos (2024 - 2025) -> Moana Pasifika (2025 - 2026)
Tevita OFA,Tevita OFA,Winger,Moana Pasifika,186,90,2002.01.18,,,,,A,0,https://all.rugby/player/tevita-ofa,,Counties Manukau Steelers (2021 - 2024) -> Moana Pasifika (2024 - 2024) -> Counties Manukau Steelers (2024 - 2024) -> Moana Pasifika (2025 - 2025) -> Counties Manukau Steelers (2025 - 2025) -> Moana Pasifika (2025 - 2026),,,https://all.rugby/player/tevita-ofa,Counties Manukau Steelers (2021 - 2024) -> Moana Pasifika (2024 - 2024) -> Counties Manukau Steelers (2024 - 2024) -> Moana Pasifika (2025 - 2025) -> Counties Manukau Steelers (2025 - 2025) -> Moana Pasifika (2025 - 2026)
Tuna TUITAMA,Tuna TUITAMA,Winger,Moana Pasifika,187,95,2000.02.25,,,,,A,0,https://all.rugby/player/tuna-tuitama-,,Samoa 7's (2023 - 2024) -> Moana Pasifika (2024 - 2026),,,https://all.rugby/player/tuna-tuitama-,Samoa 7's (2023 - 2024) -> Moana Pasifika (2024 - 2026)
Simon-Peter TOLEAFOA,Simon-Peter TOLEAFOA,FB,Moana Pasifika,183,90,1998.10.26,,,,,A,0,https://all.rugby/player/simon-peter-toleafoa,,Counties Manukau Steelers (2023 - 2024) -> New England Free Jacks (2024 - 2024) -> Counties Manukau Steelers (2024 - 2024) -> New England Free Jacks (2025 - 2025) -> Counties Manukau Steelers (2025 - 2025) -> Moana Pasifika (2025 - 2026),Samoa,Samoa,https://all.rugby/player/simon-peter-toleafoa,Counties Manukau Steelers (2023 - 2024) -> New England Free Jacks (2024 - 2024) -> Counties Manukau Steelers (2024 - 2024) -> New England Free Jacks (2025 - 2025) -> Counties Manukau Steelers (2025 - 2025) -> Moana Pasifika (2025 - 2026)
Willy HAVILI,Willy HAVILI,FB,Moana Pasifika,187,84,1998.09.09,,,,,A,0,https://all.rugby/player/willy-havili,,Tasman Mako (2017 - 2021) -> Moana Pasifika (2021 - 2021) -> Tasman Mako (2021 - 2021) -> Moana Pasifika (2022 - 2022) -> Tasman Mako (2022 - 2022) -> Moana Pasifika (2022 - 2023) -> Tasman Mako (2023 - 2023) -> Moana Pasifika (2024 - 2024) -> Tasman Mako (2024 - 2024) -> Moana Pasifika (2024 - 2024) -> Tasman Mako (2024 - 2024) -> Moana Pasifika (2025 - 2025) -> Tasman Mako (2025 - 2025) -> Moana Pasifika (2025 - 2026),,,https://all.rugby/player/willy-havili,Tasman Mako (2017 - 2021) -> Moana Pasifika (2021 - 2021) -> Tasman Mako (2021 - 2021) -> Moana Pasifika (2022 - 2022) -> Tasman Mako (2022 - 2022) -> Moana Pasifika (2022 - 2023) -> Tasman Mako (2023 - 2023) -> Moana Pasifika (2024 - 2024) -> Tasman Mako (2024 - 2024) -> Moana Pasifika (2024 - 2024) -> Tasman Mako (2024 - 2024) -> Moana Pasifika (2025 - 2025) -> Tasman Mako (2025 - 2025) -> Moana Pasifika (2025 - 2026)
Finlay BREWIS,Finlay BREWIS,PR,Crusaders,188,124,2000.02.10,,,,,A,0,https://all.rugby/player/finlay-brewis,,Canterbury (2019 - 2021) -> Crusaders (2021 - 2021) -> Canterbury (2021 - 2021) -> Crusaders (2022 - 2022) -> Canterbury (2022 - 2022) -> Crusaders (2022 - 2023) -> Canterbury (2023 - 2023) -> Crusaders (2024 - 2024) -> Canterbury (2024 - 2024) -> Crusaders (2024 - 2024) -> Canterbury (2024 - 2024) -> Crusaders (2025 - 2025) -> Canterbury (2025 - 2025) -> Crusaders (2025 - 2026),,,https://all.rugby/player/finlay-brewis,Canterbury (2019 - 2021) -> Crusaders (2021 - 2021) -> Canterbury (2021 - 2021) -> Crusaders (2022 - 2022) -> Canterbury (2022 - 2022) -> Crusaders (2022 - 2023) -> Canterbury (2023 - 2023) -> Crusaders (2024 - 2024) -> Canterbury (2024 - 2024) -> Crusaders (2024 - 2024) -> Canterbury (2024 - 2024) -> Crusaders (2025 - 2025) -> Canterbury (2025 - 2025) -> Crusaders (2025 - 2026)
Fletcher NEWELL,Fletcher NEWELL,PR,Crusaders,186,119,2000.03.01,,,,,A,0,https://all.rugby/player/fletcher-newell,,Crusaders (2019 - 2019) -> Canterbury (2019 - 2019) -> Crusaders (2020 - 2020) -> Canterbury (2020 - 2020) -> Crusaders (2020 - 2020) -> Canterbury (2020 - 2020) -> Crusaders (2021 - 2021) -> Canterbury (2021 - 2021) -> Crusaders (2021 - 2023) -> Canterbury (2023 - 2023) -> Crusaders (2024 - 2024) -> Canterbury (2024 - 2024) -> Crusaders (2024 - 2026),New Zealand,New Zealand,https://all.rugby/player/fletcher-newell,Crusaders (2019 - 2019) -> Canterbury (2019 - 2019) -> Crusaders (2020 - 2020) -> Canterbury (2020 - 2020) -> Crusaders (2020 - 2020) -> Canterbury (2020 - 2020) -> Crusaders (2021 - 2021) -> Canterbury (2021 - 2021) -> Crusaders (2021 - 2023) -> Canterbury (2023 - 2023) -> Crusaders (2024 - 2024) -> Canterbury (2024 - 2024) -> Crusaders (2024 - 2026)
George BOWER,George BOWER,PR,Crusaders,186,120,1992.05.28,,,,,A,0,https://all.rugby/player/george-bower,,Crusaders (2018 - 2019) -> Otago (2019 - 2019) -> Crusaders (2020 - 2020) -> Otago (2020 - 2020) -> Crusaders (2020 - 2023) -> Otago (2023 - 2023) -> Crusaders (2024 - 2024) -> Otago (2024 - 2024) -> Crusaders (2024 - 2024) -> Otago (2024 - 2024) -> Crusaders (2025 - 2025) -> Otago (2025 - 2025) -> Crusaders (2025 - 2026),,,https://all.rugby/player/george-bower,Crusaders (2018 - 2019) -> Otago (2019 - 2019) -> Crusaders (2020 - 2020) -> Otago (2020 - 2020) -> Crusaders (2020 - 2023) -> Otago (2023 - 2023) -> Crusaders (2024 - 2024) -> Otago (2024 - 2024) -> Crusaders (2024 - 2024) -> Otago (2024 - 2024) -> Crusaders (2025 - 2025) -> Otago (2025 - 2025) -> Crusaders (2025 - 2026)
Kershawl SYKES-MARTIN,Kershawl SYKES-MARTIN,PR,Crusaders,187,111,1999.04.26,,,,,A,0,https://all.rugby/player/kershawl-sykes-martin,,Tasman Mako (2019 - 2022) -> Crusaders (2022 - 2022) -> Tasman Mako (2022 - 2022) -> Crusaders (2023 - 2023) -> Tasman Mako (2023 - 2023) -> Crusaders (2023 - 2023) -> Tasman Mako (2023 - 2023) -> Crusaders (2024 - 2024) -> Tasman Mako (2024 - 2024) -> Crusaders (2024 - 2024) -> Tasman Mako (2024 - 2024) -> Crusaders (2025 - 2025) -> Tasman Mako (2025 - 2025) -> Crusaders (2025 - 2026),,,https://all.rugby/player/kershawl-sykes-martin,Tasman Mako (2019 - 2022) -> Crusaders (2022 - 2022) -> Tasman Mako (2022 - 2022) -> Crusaders (2023 - 2023) -> Tasman Mako (2023 - 2023) -> Crusaders (2023 - 2023) -> Tasman Mako (2023 - 2023) -> Crusaders (2024 - 2024) -> Tasman Mako (2024 - 2024) -> Crusaders (2024 - 2024) -> Tasman Mako (2024 - 2024) -> Crusaders (2025 - 2025) -> Tasman Mako (2025 - 2025) -> Crusaders (2025 - 2026)
Seb CALDER,Seb CALDER,PR,Crusaders,184,121,2002.03.16,,,,,A,0,https://all.rugby/player/seb-calder,,Crusaders (2021 - 2021) -> Canterbury (2021 - 2021) -> Crusaders (2022 - 2022) -> Canterbury (2022 - 2022) -> Crusaders (2022 - 2022) -> Canterbury (2022 - 2022) -> Crusaders (2023 - 2023) -> Canterbury (2023 - 2023) -> Crusaders (2023 - 2023) -> Canterbury (2023 - 2023) -> Crusaders (2024 - 2024) -> Canterbury (2024 - 2024) -> Crusaders (2024 - 2024) -> Canterbury (2024 - 2024) -> Crusaders (2025 - 2025) -> Canterbury (2025 - 2025) -> Crusaders (2025 - 2026),,,https://all.rugby/player/seb-calder,Crusaders (2021 - 2021) -> Canterbury (2021 - 2021) -> Crusaders (2022 - 2022) -> Canterbury (2022 - 2022) -> Crusaders (2022 - 2022) -> Canterbury (2022 - 2022) -> Crusaders (2023 - 2023) -> Canterbury (2023 - 2023) -> Crusaders (2023 - 2023) -> Canterbury (2023 - 2023) -> Crusaders (2024 - 2024) -> Canterbury (2024 - 2024) -> Crusaders (2024 - 2024) -> Canterbury (2024 - 2024) -> Crusaders (2025 - 2025) -> Canterbury (2025 - 2025) -> Crusaders (2025 - 2026)
Tamaiti WILLIAMS,Tamaiti WILLIAMS,PR,Crusaders,196,140,2000.08.10,,,,,A,0,https://all.rugby/player/tamaiti-williams,,Crusaders (2019 - 2019) -> Canterbury (2019 - 2019) -> Crusaders (2020 - 2020) -> Canterbury (2020 - 2020) -> Crusaders (2020 - 2020) -> Canterbury (2020 - 2020) -> Crusaders (2021 - 2021) -> Canterbury (2021 - 2021) -> Crusaders (2021 - 2021) -> Canterbury (2021 - 2021) -> Crusaders (2022 - 2022) -> Canterbury (2022 - 2022) -> Crusaders (2022 - 2026),New Zealand,New Zealand,https://all.rugby/player/tamaiti-williams,Crusaders (2019 - 2019) -> Canterbury (2019 - 2019) -> Crusaders (2020 - 2020) -> Canterbury (2020 - 2020) -> Crusaders (2020 - 2020) -> Canterbury (2020 - 2020) -> Crusaders (2021 - 2021) -> Canterbury (2021 - 2021) -> Crusaders (2021 - 2021) -> Canterbury (2021 - 2021) -> Crusaders (2022 - 2022) -> Canterbury (2022 - 2022) -> Crusaders (2022 - 2026)
Codie TAYLOR,Codie TAYLOR,HO,Crusaders,183,109,1991.03.31,,,,,A,0,https://all.rugby/player/codie-taylor,,Crusaders (2013 - 2019) -> Canterbury (2019 - 2019) -> Crusaders (2020 - 2020) -> Canterbury (2020 - 2020) -> Crusaders (2020 - 2026),New Zealand,New Zealand,https://all.rugby/player/codie-taylor,Crusaders (2013 - 2019) -> Canterbury (2019 - 2019) -> Crusaders (2020 - 2020) -> Canterbury (2020 - 2020) -> Crusaders (2020 - 2026)
George BELL,George BELL,HO,Crusaders,183,107,2002.01.29,,,,,A,0,https://all.rugby/player/george-bell,,Crusaders (2021 - 2021) -> Canterbury (2021 - 2021) -> Crusaders (2022 - 2022) -> Canterbury (2022 - 2022) -> Crusaders (2022 - 2022) -> Canterbury (2022 - 2022) -> Crusaders (2023 - 2023) -> Canterbury (2023 - 2023) -> Crusaders (2023 - 2023) -> Canterbury (2023 - 2023) -> Crusaders (2024 - 2024) -> Canterbury (2024 - 2024) -> Crusaders (2024 - 2024) -> Canterbury (2024 - 2024) -> Crusaders (2025 - 2025) -> Canterbury (2025 - 2025) -> Crusaders (2025 - 2026),,,https://all.rugby/player/george-bell,Crusaders (2021 - 2021) -> Canterbury (2021 - 2021) -> Crusaders (2022 - 2022) -> Canterbury (2022 - 2022) -> Crusaders (2022 - 2022) -> Canterbury (2022 - 2022) -> Crusaders (2023 - 2023) -> Canterbury (2023 - 2023) -> Crusaders (2023 - 2023) -> Canterbury (2023 - 2023) -> Crusaders (2024 - 2024) -> Canterbury (2024 - 2024) -> Crusaders (2024 - 2024) -> Canterbury (2024 - 2024) -> Crusaders (2025 - 2025) -> Canterbury (2025 - 2025) -> Crusaders (2025 - 2026)
Manumaua LETIU,Manumaua LETIU,HO,Crusaders,181,114,2005..,,,,,A,0,https://all.rugby/player/manumaua-letiu,,Crusaders (2023 - 2024) -> Canterbury (2024 - 2024) -> Crusaders (2025 - 2025) -> Canterbury (2025 - 2025) -> Crusaders (2025 - 2026),,,https://all.rugby/player/manumaua-letiu,Crusaders (2023 - 2024) -> Canterbury (2024 - 2024) -> Crusaders (2025 - 2025) -> Canterbury (2025 - 2025) -> Crusaders (2025 - 2026)
Antonio SHALFOON,Antonio SHALFOON,LO,Crusaders,197,114,1997.08.10,,,,,A,0,https://all.rugby/player/antonio-shalfoon,,Tasman Mako (2020 - 2023) -> Crusaders (2023 - 2023) -> Tasman Mako (2023 - 2023) -> Crusaders (2024 - 2024) -> Tasman Mako (2024 - 2024) -> Crusaders (2024 - 2024) -> Tasman Mako (2024 - 2024) -> Crusaders (2025 - 2025) -> Tasman Mako (2025 - 2025) -> Crusaders (2025 - 2026),,,https://all.rugby/player/antonio-shalfoon,Tasman Mako (2020 - 2023) -> Crusaders (2023 - 2023) -> Tasman Mako (2023 - 2023) -> Crusaders (2024 - 2024) -> Tasman Mako (2024 - 2024) -> Crusaders (2024 - 2024) -> Tasman Mako (2024 - 2024) -> Crusaders (2025 - 2025) -> Tasman Mako (2025 - 2025) -> Crusaders (2025 - 2026)
Cullen GRACE,Cullen GRACE,LO,Crusaders,193,107,1999.12.20,,,,,A,0,https://all.rugby/player/cullen-grace,,Canterbury (2018 - 2019) -> Crusaders (2019 - 2019) -> Canterbury (2019 - 2019) -> Crusaders (2020 - 2020) -> Canterbury (2020 - 2020) -> Crusaders (2020 - 2021) -> Canterbury (2021 - 2021) -> Crusaders (2022 - 2022) -> Canterbury (2022 - 2022) -> Crusaders (2022 - 2022) -> Canterbury (2022 - 2022) -> Crusaders (2023 - 2023) -> Canterbury (2023 - 2023) -> Crusaders (2023 - 2023) -> Canterbury (2023 - 2023) -> Crusaders (2024 - 2024) -> Canterbury (2024 - 2024) -> Crusaders (2024 - 2024) -> Canterbury (2024 - 2024) -> Crusaders (2025 - 2025) -> Canterbury (2025 - 2025) -> Crusaders (2025 - 2026),New Zealand,New Zealand,https://all.rugby/player/cullen-grace,Canterbury (2018 - 2019) -> Crusaders (2019 - 2019) -> Canterbury (2019 - 2019) -> Crusaders (2020 - 2020) -> Canterbury (2020 - 2020) -> Crusaders (2020 - 2021) -> Canterbury (2021 - 2021) -> Crusaders (2022 - 2022) -> Canterbury (2022 - 2022) -> Crusaders (2022 - 2022) -> Canterbury (2022 - 2022) -> Crusaders (2023 - 2023) -> Canterbury (2023 - 2023) -> Crusaders (2023 - 2023) -> Canterbury (2023 - 2023) -> Crusaders (2024 - 2024) -> Canterbury (2024 - 2024) -> Crusaders (2024 - 2024) -> Canterbury (2024 - 2024) -> Crusaders (2025 - 2025) -> Canterbury (2025 - 2025) -> Crusaders (2025 - 2026)
Jamie HANNAH,Jamie HANNAH,LO,Crusaders,196,100,2002.10.31,,,,,A,0,https://all.rugby/player/jamie-hannah,,Crusaders (2022 - 2023) -> Canterbury (2023 - 2023) -> Crusaders (2024 - 2024) -> Canterbury (2024 - 2024) -> Crusaders (2024 - 2024) -> Canterbury (2024 - 2024) -> Crusaders (2025 - 2025) -> Canterbury (2025 - 2025) -> Crusaders (2025 - 2026),,,https://all.rugby/player/jamie-hannah,Crusaders (2022 - 2023) -> Canterbury (2023 - 2023) -> Crusaders (2024 - 2024) -> Canterbury (2024 - 2024) -> Crusaders (2024 - 2024) -> Canterbury (2024 - 2024) -> Crusaders (2025 - 2025) -> Canterbury (2025 - 2025) -> Crusaders (2025 - 2026)
Liam JACK,Liam JACK,LO,Crusaders,,,2004..,,,,,A,0,https://all.rugby/player/liam-jack,,Crusaders (2023 - 2023) -> Canterbury (2023 - 2023) -> Crusaders (2024 - 2024) -> Canterbury (2024 - 2025) -> Crusaders (2025 - 2026),,,https://all.rugby/player/liam-jack,Crusaders (2023 - 2023) -> Canterbury (2023 - 2023) -> Crusaders (2024 - 2024) -> Canterbury (2024 - 2025) -> Crusaders (2025 - 2026)
Scott BARRETT,Scott BARRETT,LO,Crusaders,197,119,1993.11.20,,,,,A,0,https://all.rugby/player/scott-barrett,,Crusaders (2013 - 2020) -> Taranaki Bulls (2020 - 2020) -> Crusaders (2021 - 2021) -> Taranaki Bulls (2021 - 2021) -> Crusaders (2021 - 2026),New Zealand,New Zealand,https://all.rugby/player/scott-barrett,Crusaders (2013 - 2020) -> Taranaki Bulls (2020 - 2020) -> Crusaders (2021 - 2021) -> Taranaki Bulls (2021 - 2021) -> Crusaders (2021 - 2026)
Tahlor CAHILL,Tahlor CAHILL,LO,Crusaders,198,113,2003.06.08,,,,,A,0,https://all.rugby/player/tahlor-cahill,,Canterbury (2022 - 2023) -> Crusaders (2023 - 2023) -> Canterbury (2023 - 2023) -> Crusaders (2024 - 2024) -> Canterbury (2024 - 2024) -> Crusaders (2024 - 2024) -> Canterbury (2024 - 2024) -> Crusaders (2025 - 2025) -> Canterbury (2025 - 2025) -> Crusaders (2025 - 2026),,,https://all.rugby/player/tahlor-cahill,Canterbury (2022 - 2023) -> Crusaders (2023 - 2023) -> Canterbury (2023 - 2023) -> Crusaders (2024 - 2024) -> Canterbury (2024 - 2024) -> Crusaders (2024 - 2024) -> Canterbury (2024 - 2024) -> Crusaders (2025 - 2025) -> Canterbury (2025 - 2025) -> Crusaders (2025 - 2026)
Will TUCKER,Will TUCKER,LO,Crusaders,202,111,1998.03.16,,,,,A,0,https://all.rugby/player/will-tucker,,Canterbury (2017 - 2019) -> Highlanders (2019 - 2019) -> Otago (2019 - 2019) -> Highlanders (2020 - 2020) -> Otago (2020 - 2021) -> Rugby United New-York (2021 - 2021) -> Otago (2021 - 2021) -> Rugby United New-York (2022 - 2022) -> Otago (2022 - 2022) -> Highlanders (2022 - 2022) -> Otago (2022 - 2022) -> Highlanders (2023 - 2023) -> Otago (2023 - 2023) -> Highlanders (2023 - 2023) -> Otago (2023 - 2023) -> Highlanders (2024 - 2024) -> Otago (2024 - 2024) -> Hurricanes (2024 - 2024) -> Otago (2025 - 2025) -> Hurricanes (2025 - 2025) -> AZ-COM Maruwa Momotaro's (2025 - 2025) -> Crusaders (2025 - 2025) -> AZ-COM Maruwa Momotaro's (2026 - 2026) -> Crusaders (2026 - 2026),,,https://all.rugby/player/will-tucker,Canterbury (2017 - 2019) -> Highlanders (2019 - 2019) -> Otago (2019 - 2019) -> Highlanders (2020 - 2020) -> Otago (2020 - 2021) -> Rugby United New-York (2021 - 2021) -> Otago (2021 - 2021) -> Rugby United New-York (2022 - 2022) -> Otago (2022 - 2022) -> Highlanders (2022 - 2022) -> Otago (2022 - 2022) -> Highlanders (2023 - 2023) -> Otago (2023 - 2023) -> Highlanders (2023 - 2023) -> Otago (2023 - 2023) -> Highlanders (2024 - 2024) -> Otago (2024 - 2024) -> Hurricanes (2024 - 2024) -> Otago (2025 - 2025) -> Hurricanes (2025 - 2025) -> AZ-COM Maruwa Momotaro's (2025 - 2025) -> Crusaders (2025 - 2025) -> AZ-COM Maruwa Momotaro's (2026 - 2026) -> Crusaders (2026 - 2026)
Christian LIO-WILLIE,Christian LIO-WILLIE,Back row,Crusaders,187,109,1998.08.26,,,,,A,0,https://all.rugby/player/christian-lio-willie,,Otago (2020 - 2021) -> Highlanders (2021 - 2021) -> Otago (2021 - 2021) -> Highlanders (2022 - 2022) -> Otago (2022 - 2022) -> Crusaders (2022 - 2022) -> Otago (2022 - 2022) -> Crusaders (2023 - 2023) -> Otago (2023 - 2023) -> Crusaders (2023 - 2023) -> Otago (2023 - 2023) -> Crusaders (2024 - 2024) -> Otago (2024 - 2024) -> Crusaders (2024 - 2024) -> Otago (2024 - 2024) -> Crusaders (2025 - 2025) -> Otago (2025 - 2025) -> Crusaders (2025 - 2026),New Zealand,New Zealand,https://all.rugby/player/christian-lio-willie,Otago (2020 - 2021) -> Highlanders (2021 - 2021) -> Otago (2021 - 2021) -> Highlanders (2022 - 2022) -> Otago (2022 - 2022) -> Crusaders (2022 - 2022) -> Otago (2022 - 2022) -> Crusaders (2023 - 2023) -> Otago (2023 - 2023) -> Crusaders (2023 - 2023) -> Otago (2023 - 2023) -> Crusaders (2024 - 2024) -> Otago (2024 - 2024) -> Crusaders (2024 - 2024) -> Otago (2024 - 2024) -> Crusaders (2025 - 2025) -> Otago (2025 - 2025) -> Crusaders (2025 - 2026)
Corey KELLOW,Corey KELLOW,Back row,Crusaders,187,105,2001.05.25,,,,,A,0,https://all.rugby/player/corey-kellow,,Canterbury (2020 - 2021) -> Crusaders (2021 - 2021) -> Canterbury (2021 - 2021) -> Crusaders (2022 - 2022) -> Canterbury (2022 - 2022) -> Crusaders (2022 - 2022) -> Canterbury (2022 - 2022) -> Crusaders (2023 - 2023) -> Canterbury (2023 - 2023) -> Crusaders (2023 - 2023) -> Canterbury (2023 - 2023) -> Crusaders (2024 - 2024) -> Canterbury (2024 - 2024) -> Crusaders (2024 - 2024) -> Canterbury (2024 - 2024) -> Crusaders (2025 - 2025) -> Canterbury (2025 - 2025) -> Crusaders (2025 - 2026),,,https://all.rugby/player/corey-kellow,Canterbury (2020 - 2021) -> Crusaders (2021 - 2021) -> Canterbury (2021 - 2021) -> Crusaders (2022 - 2022) -> Canterbury (2022 - 2022) -> Crusaders (2022 - 2022) -> Canterbury (2022 - 2022) -> Crusaders (2023 - 2023) -> Canterbury (2023 - 2023) -> Crusaders (2023 - 2023) -> Canterbury (2023 - 2023) -> Crusaders (2024 - 2024) -> Canterbury (2024 - 2024) -> Crusaders (2024 - 2024) -> Canterbury (2024 - 2024) -> Crusaders (2025 - 2025) -> Canterbury (2025 - 2025) -> Crusaders (2025 - 2026)
Dom GARDINER,Dom GARDINER,Back row,Crusaders,193,105,2001.07.12,,,,,A,0,https://all.rugby/player/dom-gardiner,,Canterbury (2020 - 2021) -> Crusaders (2021 - 2021) -> Canterbury (2021 - 2021) -> Crusaders (2022 - 2022) -> Canterbury (2022 - 2022) -> Crusaders (2022 - 2022) -> Canterbury (2022 - 2022) -> Crusaders (2023 - 2023) -> Canterbury (2023 - 2023) -> Crusaders (2023 - 2023) -> Canterbury (2023 - 2023) -> Crusaders (2024 - 2024) -> Canterbury (2024 - 2024) -> Crusaders (2024 - 2024) -> Canterbury (2024 - 2024) -> Crusaders (2025 - 2025) -> Canterbury (2025 - 2025) -> Crusaders (2025 - 2026),,,https://all.rugby/player/dom-gardiner,Canterbury (2020 - 2021) -> Crusaders (2021 - 2021) -> Canterbury (2021 - 2021) -> Crusaders (2022 - 2022) -> Canterbury (2022 - 2022) -> Crusaders (2022 - 2022) -> Canterbury (2022 - 2022) -> Crusaders (2023 - 2023) -> Canterbury (2023 - 2023) -> Crusaders (2023 - 2023) -> Canterbury (2023 - 2023) -> Crusaders (2024 - 2024) -> Canterbury (2024 - 2024) -> Crusaders (2024 - 2024) -> Canterbury (2024 - 2024) -> Crusaders (2025 - 2025) -> Canterbury (2025 - 2025) -> Crusaders (2025 - 2026)
Ethan BLACKADDER,Ethan BLACKADDER,Back row,Crusaders,190,111,1995.03.22,,,,,A,0,https://all.rugby/player/ethan-blackadder,,Crusaders (2017 - 2022) -> Tasman Mako (2022 - 2022) -> Crusaders (2023 - 2023) -> Tasman Mako (2023 - 2023) -> Crusaders (2023 - 2023) -> Tasman Mako (2023 - 2023) -> Crusaders (2024 - 2024) -> Tasman Mako (2024 - 2024) -> Crusaders (2024 - 2024) -> Tasman Mako (2024 - 2024) -> Crusaders (2025 - 2025) -> Tasman Mako (2025 - 2025) -> Crusaders (2025 - 2026),,,https://all.rugby/player/ethan-blackadder,Crusaders (2017 - 2022) -> Tasman Mako (2022 - 2022) -> Crusaders (2023 - 2023) -> Tasman Mako (2023 - 2023) -> Crusaders (2023 - 2023) -> Tasman Mako (2023 - 2023) -> Crusaders (2024 - 2024) -> Tasman Mako (2024 - 2024) -> Crusaders (2024 - 2024) -> Tasman Mako (2024 - 2024) -> Crusaders (2025 - 2025) -> Tasman Mako (2025 - 2025) -> Crusaders (2025 - 2026)
Xavier SAIFOLOI,Xavier SAIFOLOI,Back row,Crusaders,195,114,2003.06.23,,,,,A,0,https://all.rugby/player/xavier-saifoloi,,Waikato Mooloos (2022 - 2024) -> Crusaders (2024 - 2024) -> Waikato Mooloos (2024 - 2024) -> Crusaders (2025 - 2025) -> Waikato Mooloos (2025 - 2025) -> Crusaders (2025 - 2026),,,https://all.rugby/player/xavier-saifoloi,Waikato Mooloos (2022 - 2024) -> Crusaders (2024 - 2024) -> Waikato Mooloos (2024 - 2024) -> Crusaders (2025 - 2025) -> Waikato Mooloos (2025 - 2025) -> Crusaders (2025 - 2026)
Kyle PRESTON,Kyle PRESTON,SH,Crusaders,177,79,1999.09.13,,,,,A,0,https://all.rugby/player/kyle-preston,,Wellington Lions (2022 - 2024) -> Crusaders (2024 - 2024) -> Wellington Lions (2024 - 2024) -> Crusaders (2025 - 2025) -> Wellington Lions (2025 - 2025) -> Crusaders (2025 - 2026),,,https://all.rugby/player/kyle-preston,Wellington Lions (2022 - 2024) -> Crusaders (2024 - 2024) -> Wellington Lions (2024 - 2024) -> Crusaders (2025 - 2025) -> Wellington Lions (2025 - 2025) -> Crusaders (2025 - 2026)
Louie CHAPMAN,Louie CHAPMAN,SH,Crusaders,179,84,2000.05.01,,,,,A,0,https://all.rugby/player/louie-chapman,,Tasman Mako (2019 - 2022) -> Crusaders (2022 - 2022) -> Tasman Mako (2022 - 2022) -> Crusaders (2023 - 2023) -> Tasman Mako (2023 - 2024) -> Canterbury (2024 - 2025) -> Crusaders (2025 - 2026),,,https://all.rugby/player/louie-chapman,Tasman Mako (2019 - 2022) -> Crusaders (2022 - 2022) -> Tasman Mako (2022 - 2022) -> Crusaders (2023 - 2023) -> Tasman Mako (2023 - 2024) -> Canterbury (2024 - 2025) -> Crusaders (2025 - 2026)
Noah HOTHAM,Noah HOTHAM,SH,Crusaders,181,96,2003.05.23,,,,,A,0,https://all.rugby/player/noah-hotham,,Tasman Mako (2020 - 2022) -> Crusaders (2022 - 2022) -> Tasman Mako (2022 - 2022) -> Crusaders (2023 - 2023) -> Tasman Mako (2023 - 2023) -> Crusaders (2023 - 2023) -> Tasman Mako (2023 - 2023) -> Crusaders (2024 - 2024) -> Tasman Mako (2024 - 2024) -> Crusaders (2024 - 2026),,,https://all.rugby/player/noah-hotham,Tasman Mako (2020 - 2022) -> Crusaders (2022 - 2022) -> Tasman Mako (2022 - 2022) -> Crusaders (2023 - 2023) -> Tasman Mako (2023 - 2023) -> Crusaders (2023 - 2023) -> Tasman Mako (2023 - 2023) -> Crusaders (2024 - 2024) -> Tasman Mako (2024 - 2024) -> Crusaders (2024 - 2026)
James WHITE,James WHITE,SO,Crusaders,180,95,2003.09.16,,,,,A,0,https://all.rugby/player/james-white,,Canterbury (2023 - 2025) -> Crusaders (2025 - 2026),,,https://all.rugby/player/james-white,Canterbury (2023 - 2025) -> Crusaders (2025 - 2026)
Rivez REIHANA,Rivez REIHANA,SO,Crusaders,189,94,2000.05.25,,,,,A,0,https://all.rugby/player/rivez-reihana,,Waikato Mooloos (2018 - 2020) -> Chiefs (2020 - 2020) -> Northland Taniwha (2020 - 2020) -> Chiefs (2021 - 2021) -> Northland Taniwha (2021 - 2021) -> Chiefs (2021 - 2021) -> Northland Taniwha (2021 - 2021) -> Chiefs (2022 - 2022) -> Northland Taniwha (2022 - 2022) -> Chiefs (2022 - 2022) -> Northland Taniwha (2022 - 2022) -> Chiefs (2023 - 2023) -> Northland Taniwha (2023 - 2023) -> Crusaders (2023 - 2023) -> Northland Taniwha (2023 - 2023) -> Crusaders (2024 - 2024) -> Northland Taniwha (2024 - 2024) -> Crusaders (2024 - 2024) -> Northland Taniwha (2024 - 2024) -> Crusaders (2025 - 2025) -> Northland Taniwha (2025 - 2025) -> Crusaders (2025 - 2026),,,https://all.rugby/player/rivez-reihana,Waikato Mooloos (2018 - 2020) -> Chiefs (2020 - 2020) -> Northland Taniwha (2020 - 2020) -> Chiefs (2021 - 2021) -> Northland Taniwha (2021 - 2021) -> Chiefs (2021 - 2021) -> Northland Taniwha (2021 - 2021) -> Chiefs (2022 - 2022) -> Northland Taniwha (2022 - 2022) -> Chiefs (2022 - 2022) -> Northland Taniwha (2022 - 2022) -> Chiefs (2023 - 2023) -> Northland Taniwha (2023 - 2023) -> Crusaders (2023 - 2023) -> Northland Taniwha (2023 - 2023) -> Crusaders (2024 - 2024) -> Northland Taniwha (2024 - 2024) -> Crusaders (2024 - 2024) -> Northland Taniwha (2024 - 2024) -> Crusaders (2025 - 2025) -> Northland Taniwha (2025 - 2025) -> Crusaders (2025 - 2026)
Taha KEMARA,Taha KEMARA,SO,Crusaders,179,86,2003.04.17,,,,,A,0,https://all.rugby/player/taha-kemara,,Waikato Mooloos (2021 - 2022) -> Crusaders (2022 - 2022) -> Waikato Mooloos (2022 - 2022) -> Crusaders (2023 - 2023) -> Waikato Mooloos (2023 - 2023) -> Crusaders (2023 - 2023) -> Waikato Mooloos (2023 - 2023) -> Crusaders (2024 - 2024) -> Waikato Mooloos (2024 - 2024) -> Crusaders (2024 - 2026),,,https://all.rugby/player/taha-kemara,Waikato Mooloos (2021 - 2022) -> Crusaders (2022 - 2022) -> Waikato Mooloos (2022 - 2022) -> Crusaders (2023 - 2023) -> Waikato Mooloos (2023 - 2023) -> Crusaders (2023 - 2023) -> Waikato Mooloos (2023 - 2023) -> Crusaders (2024 - 2024) -> Waikato Mooloos (2024 - 2024) -> Crusaders (2024 - 2026)
Toby BELL,Toby BELL,SO,Crusaders,,,,,,,,A,0,https://all.rugby/player/toby-bell,,Canterbury (2023 - 2025) -> Crusaders (2025 - 2026),,,https://all.rugby/player/toby-bell,Canterbury (2023 - 2025) -> Crusaders (2025 - 2026)
Aki TUIVAILALA,Aki TUIVAILALA,CTB,Crusaders,186,98,2004..,,,,,A,0,https://all.rugby/player/aki-tuivailala,,Waikato Mooloos (2022 - 2023) -> Chiefs (2023 - 2023) -> Waikato Mooloos (2023 - 2023) -> Chiefs (2024 - 2024) -> Waikato Mooloos (2024 - 2024) -> Crusaders (2024 - 2024) -> Waikato Mooloos (2024 - 2024) -> Crusaders (2025 - 2025) -> Waikato Mooloos (2025 - 2025) -> Crusaders (2025 - 2026),,,https://all.rugby/player/aki-tuivailala,Waikato Mooloos (2022 - 2023) -> Chiefs (2023 - 2023) -> Waikato Mooloos (2023 - 2023) -> Chiefs (2024 - 2024) -> Waikato Mooloos (2024 - 2024) -> Crusaders (2024 - 2024) -> Waikato Mooloos (2024 - 2024) -> Crusaders (2025 - 2025) -> Waikato Mooloos (2025 - 2025) -> Crusaders (2025 - 2026)
Braydon ENNOR,Braydon ENNOR,CTB,Crusaders,187,94,1997.07.16,,,,,A,0,https://all.rugby/player/braydon-ennor,,Crusaders (2017 - 2020) -> Canterbury (2020 - 2020) -> Crusaders (2021 - 2021) -> Canterbury (2021 - 2021) -> Crusaders (2021 - 2021) -> Canterbury (2021 - 2021) -> Crusaders (2022 - 2022) -> Canterbury (2022 - 2022) -> Crusaders (2022 - 2023) -> Canterbury (2023 - 2024) -> Crusaders (2024 - 2024) -> Canterbury (2024 - 2024) -> Crusaders (2025 - 2025) -> Canterbury (2025 - 2025) -> Crusaders (2025 - 2026),New Zealand,New Zealand,https://all.rugby/player/braydon-ennor,Crusaders (2017 - 2020) -> Canterbury (2020 - 2020) -> Crusaders (2021 - 2021) -> Canterbury (2021 - 2021) -> Crusaders (2021 - 2021) -> Canterbury (2021 - 2021) -> Crusaders (2022 - 2022) -> Canterbury (2022 - 2022) -> Crusaders (2022 - 2023) -> Canterbury (2023 - 2024) -> Crusaders (2024 - 2024) -> Canterbury (2024 - 2024) -> Crusaders (2025 - 2025) -> Canterbury (2025 - 2025) -> Crusaders (2025 - 2026)
Chay FIHAKI,Chay FIHAKI,CTB,Crusaders,193,100,2001.01.03,,,,,A,0,https://all.rugby/player/chay-fihaki,,Crusaders (2019 - 2019) -> Canterbury (2019 - 2019) -> Crusaders (2020 - 2020) -> Canterbury (2020 - 2020) -> Crusaders (2020 - 2020) -> Canterbury (2020 - 2020) -> Crusaders (2021 - 2021) -> Canterbury (2021 - 2021) -> Crusaders (2021 - 2021) -> Canterbury (2021 - 2021) -> Crusaders (2022 - 2022) -> Canterbury (2022 - 2022) -> Crusaders (2022 - 2022) -> Canterbury (2022 - 2022) -> Crusaders (2023 - 2023) -> Canterbury (2023 - 2023) -> Crusaders (2023 - 2023) -> Canterbury (2023 - 2023) -> Crusaders (2024 - 2024) -> Canterbury (2024 - 2024) -> Crusaders (2024 - 2024) -> Canterbury (2024 - 2024) -> Crusaders (2025 - 2025) -> Canterbury (2025 - 2025) -> Crusaders (2025 - 2026),,,https://all.rugby/player/chay-fihaki,Crusaders (2019 - 2019) -> Canterbury (2019 - 2019) -> Crusaders (2020 - 2020) -> Canterbury (2020 - 2020) -> Crusaders (2020 - 2020) -> Canterbury (2020 - 2020) -> Crusaders (2021 - 2021) -> Canterbury (2021 - 2021) -> Crusaders (2021 - 2021) -> Canterbury (2021 - 2021) -> Crusaders (2022 - 2022) -> Canterbury (2022 - 2022) -> Crusaders (2022 - 2022) -> Canterbury (2022 - 2022) -> Crusaders (2023 - 2023) -> Canterbury (2023 - 2023) -> Crusaders (2023 - 2023) -> Canterbury (2023 - 2023) -> Crusaders (2024 - 2024) -> Canterbury (2024 - 2024) -> Crusaders (2024 - 2024) -> Canterbury (2024 - 2024) -> Crusaders (2025 - 2025) -> Canterbury (2025 - 2025) -> Crusaders (2025 - 2026)
Dallas MCLEOD,Dallas MCLEOD,CTB,Crusaders,190,101,1999.04.30,,,,,A,0,https://all.rugby/player/dallas-mcleod,,Canterbury (2018 - 2019) -> Crusaders (2019 - 2019) -> Canterbury (2019 - 2019) -> Crusaders (2020 - 2020) -> Canterbury (2020 - 2020) -> Crusaders (2020 - 2020) -> Canterbury (2020 - 2020) -> Crusaders (2021 - 2021) -> Canterbury (2021 - 2021) -> Crusaders (2021 - 2021) -> Canterbury (2021 - 2021) -> Crusaders (2022 - 2022) -> Canterbury (2022 - 2022) -> Crusaders (2022 - 2022) -> Canterbury (2022 - 2022) -> Crusaders (2023 - 2023) -> Canterbury (2023 - 2023) -> Crusaders (2023 - 2023) -> Canterbury (2023 - 2023) -> Crusaders (2024 - 2024) -> Canterbury (2024 - 2024) -> Crusaders (2024 - 2024) -> Canterbury (2024 - 2024) -> Crusaders (2025 - 2025) -> Canterbury (2025 - 2025) -> Crusaders (2025 - 2026),,,https://all.rugby/player/dallas-mcleod,Canterbury (2018 - 2019) -> Crusaders (2019 - 2019) -> Canterbury (2019 - 2019) -> Crusaders (2020 - 2020) -> Canterbury (2020 - 2020) -> Crusaders (2020 - 2020) -> Canterbury (2020 - 2020) -> Crusaders (2021 - 2021) -> Canterbury (2021 - 2021) -> Crusaders (2021 - 2021) -> Canterbury (2021 - 2021) -> Crusaders (2022 - 2022) -> Canterbury (2022 - 2022) -> Crusaders (2022 - 2022) -> Canterbury (2022 - 2022) -> Crusaders (2023 - 2023) -> Canterbury (2023 - 2023) -> Crusaders (2023 - 2023) -> Canterbury (2023 - 2023) -> Crusaders (2024 - 2024) -> Canterbury (2024 - 2024) -> Crusaders (2024 - 2024) -> Canterbury (2024 - 2024) -> Crusaders (2025 - 2025) -> Canterbury (2025 - 2025) -> Crusaders (2025 - 2026)
David HAVILI,David HAVILI,CTB,Crusaders,184,95,1994.12.23,,,,,A,0,https://all.rugby/player/david-havili,,Crusaders (2014 - 2014) -> Tasman Mako (2014 - 2014) -> Crusaders (2015 - 2015) -> Tasman Mako (2015 - 2015) -> Crusaders (2015 - 2015) -> Tasman Mako (2015 - 2015) -> Crusaders (2016 - 2016) -> Tasman Mako (2016 - 2016) -> Crusaders (2016 - 2019) -> Tasman Mako (2019 - 2019) -> Crusaders (2020 - 2020) -> Tasman Mako (2020 - 2020) -> Crusaders (2020 - 2022) -> Tasman Mako (2022 - 2022) -> Crusaders (2023 - 2023) -> Tasman Mako (2023 - 2023) -> Crusaders (2023 - 2023) -> Tasman Mako (2023 - 2023) -> Crusaders (2024 - 2024) -> Tasman Mako (2024 - 2024) -> Crusaders (2024 - 2024) -> Tasman Mako (2024 - 2024) -> Crusaders (2025 - 2025) -> Tasman Mako (2025 - 2025) -> Crusaders (2025 - 2026),New Zealand,New Zealand,https://all.rugby/player/david-havili,Crusaders (2014 - 2014) -> Tasman Mako (2014 - 2014) -> Crusaders (2015 - 2015) -> Tasman Mako (2015 - 2015) -> Crusaders (2015 - 2015) -> Tasman Mako (2015 - 2015) -> Crusaders (2016 - 2016) -> Tasman Mako (2016 - 2016) -> Crusaders (2016 - 2019) -> Tasman Mako (2019 - 2019) -> Crusaders (2020 - 2020) -> Tasman Mako (2020 - 2020) -> Crusaders (2020 - 2022) -> Tasman Mako (2022 - 2022) -> Crusaders (2023 - 2023) -> Tasman Mako (2023 - 2023) -> Crusaders (2023 - 2023) -> Tasman Mako (2023 - 2023) -> Crusaders (2024 - 2024) -> Tasman Mako (2024 - 2024) -> Crusaders (2024 - 2024) -> Tasman Mako (2024 - 2024) -> Crusaders (2025 - 2025) -> Tasman Mako (2025 - 2025) -> Crusaders (2025 - 2026)
Maloni KUNAWAVE,Maloni KUNAWAVE,CTB,Crusaders,186,85,2005..,,,,,A,0,https://all.rugby/player/maloni-kunawave,,Tasman Mako (2023 - 2024) -> Crusaders (2024 - 2024) -> Tasman Mako (2024 - 2024) -> Crusaders (2025 - 2025) -> Tasman Mako (2025 - 2025) -> Crusaders (2025 - 2026),,,https://all.rugby/player/maloni-kunawave,Tasman Mako (2023 - 2024) -> Crusaders (2024 - 2024) -> Tasman Mako (2024 - 2024) -> Crusaders (2025 - 2025) -> Tasman Mako (2025 - 2025) -> Crusaders (2025 - 2026)
Johnny MCNICHOLL,Johnny MCNICHOLL,Winger,Crusaders,191,96,1990.09.24,,,,,A,0,https://all.rugby/player/johnny-mcnicholl,,Crusaders (2013 - 2016) -> Scarlets (2016 - 2023) -> Crusaders (2023 - 2023) -> Canterbury (2023 - 2023) -> Scarlets (2024 - 2024) -> Crusaders (2024 - 2024) -> Canterbury (2024 - 2024) -> Crusaders (2024 - 2024) -> Canterbury (2024 - 2024) -> Crusaders (2025 - 2025) -> Canterbury (2025 - 2025) -> Crusaders (2025 - 2026),New Zealand,New Zealand,https://all.rugby/player/johnny-mcnicholl,Crusaders (2013 - 2016) -> Scarlets (2016 - 2023) -> Crusaders (2023 - 2023) -> Canterbury (2023 - 2023) -> Scarlets (2024 - 2024) -> Crusaders (2024 - 2024) -> Canterbury (2024 - 2024) -> Crusaders (2024 - 2024) -> Canterbury (2024 - 2024) -> Crusaders (2025 - 2025) -> Canterbury (2025 - 2025) -> Crusaders (2025 - 2026)
Leicester FAINGA'ANUKU,Leicester FAINGA'ANUKU,Winger,Crusaders,189,109,1999.10.11,,,,,A,0,https://all.rugby/player/leicester-fainga-anuku,,Crusaders (2018 - 2019) -> Tasman Mako (2019 - 2019) -> Crusaders (2020 - 2020) -> Tasman Mako (2020 - 2020) -> Crusaders (2020 - 2020) -> Tasman Mako (2020 - 2020) -> Crusaders (2021 - 2021) -> Tasman Mako (2021 - 2021) -> Crusaders (2021 - 2021) -> Tasman Mako (2021 - 2021) -> Crusaders (2022 - 2022) -> Tasman Mako (2022 - 2022) -> Crusaders (2022 - 2023) -> Rugby Club Toulonnais (2023 - 2024) -> Tasman Mako (2024 - 2024) -> Rugby Club Toulonnais (2025 - 2025) -> Tasman Mako (2025 - 2025) -> Crusaders (2025 - 2026),Tonga,Tonga,https://all.rugby/player/leicester-fainga-anuku,Crusaders (2018 - 2019) -> Tasman Mako (2019 - 2019) -> Crusaders (2020 - 2020) -> Tasman Mako (2020 - 2020) -> Crusaders (2020 - 2020) -> Tasman Mako (2020 - 2020) -> Crusaders (2021 - 2021) -> Tasman Mako (2021 - 2021) -> Crusaders (2021 - 2021) -> Tasman Mako (2021 - 2021) -> Crusaders (2022 - 2022) -> Tasman Mako (2022 - 2022) -> Crusaders (2022 - 2023) -> Rugby Club Toulonnais (2023 - 2024) -> Tasman Mako (2024 - 2024) -> Rugby Club Toulonnais (2025 - 2025) -> Tasman Mako (2025 - 2025) -> Crusaders (2025 - 2026)
Macca SPRINGER,Macca SPRINGER,Winger,Crusaders,190,100,2003.03.29,,,,,A,0,https://all.rugby/player/macca-springer,,Tasman Mako (2020 - 2022) -> Crusaders (2022 - 2022) -> Tasman Mako (2022 - 2022) -> Crusaders (2023 - 2023) -> Tasman Mako (2023 - 2023) -> Crusaders (2023 - 2023) -> Tasman Mako (2023 - 2023) -> Crusaders (2024 - 2024) -> Tasman Mako (2024 - 2024) -> Crusaders (2024 - 2024) -> Tasman Mako (2024 - 2024) -> Crusaders (2025 - 2025) -> Tasman Mako (2025 - 2025) -> Crusaders (2025 - 2026),,,https://all.rugby/player/macca-springer,Tasman Mako (2020 - 2022) -> Crusaders (2022 - 2022) -> Tasman Mako (2022 - 2022) -> Crusaders (2023 - 2023) -> Tasman Mako (2023 - 2023) -> Crusaders (2023 - 2023) -> Tasman Mako (2023 - 2023) -> Crusaders (2024 - 2024) -> Tasman Mako (2024 - 2024) -> Crusaders (2024 - 2024) -> Tasman Mako (2024 - 2024) -> Crusaders (2025 - 2025) -> Tasman Mako (2025 - 2025) -> Crusaders (2025 - 2026)
Sevu REECE,Sevu REECE,Winger,Crusaders,179,98,1997.02.13,,,,,A,0,https://all.rugby/player/sevu-reece,,Crusaders (2018 - 2019) -> Tasman Mako (2019 - 2019) -> Crusaders (2020 - 2020) -> Tasman Mako (2020 - 2020) -> Crusaders (2020 - 2021) -> Tasman Mako (2021 - 2021) -> Crusaders (2022 - 2022) -> Tasman Mako (2022 - 2022) -> Crusaders (2022 - 2024) -> Southland Stags (2024 - 2024) -> Crusaders (2025 - 2025) -> Southland Stags (2025 - 2025) -> Crusaders (2025 - 2026),Fiji,Fiji,https://all.rugby/player/sevu-reece,Crusaders (2018 - 2019) -> Tasman Mako (2019 - 2019) -> Crusaders (2020 - 2020) -> Tasman Mako (2020 - 2020) -> Crusaders (2020 - 2021) -> Tasman Mako (2021 - 2021) -> Crusaders (2022 - 2022) -> Tasman Mako (2022 - 2022) -> Crusaders (2022 - 2024) -> Southland Stags (2024 - 2024) -> Crusaders (2025 - 2025) -> Southland Stags (2025 - 2025) -> Crusaders (2025 - 2026)
Will JORDAN,Will JORDAN,FB,Crusaders,188,94,1998.02.24,,,,,A,0,https://all.rugby/player/will-jordan,,Crusaders (2018 - 2019) -> Tasman Mako (2019 - 2019) -> Crusaders (2020 - 2020) -> Tasman Mako (2020 - 2020) -> Crusaders (2020 - 2026),New Zealand,New Zealand,https://all.rugby/player/will-jordan,Crusaders (2018 - 2019) -> Tasman Mako (2019 - 2019) -> Crusaders (2020 - 2020) -> Tasman Mako (2020 - 2020) -> Crusaders (2020 - 2026)
Emosi TUQIRI,Emosi TUQIRI,PR,Fijian Drua,194,120,2000.12.28,,,,,A,0,https://all.rugby/player/emosi-tuqiri,,GPS Rugby Club (2019 - 2022) -> Fijian Drua (2022 - 2024) -> Counties Manukau Steelers (2024 - 2024) -> Fijian Drua (2025 - 2025) -> Counties Manukau Steelers (2025 - 2025) -> Fijian Drua (2025 - 2026),,,https://all.rugby/player/emosi-tuqiri,GPS Rugby Club (2019 - 2022) -> Fijian Drua (2022 - 2024) -> Counties Manukau Steelers (2024 - 2024) -> Fijian Drua (2025 - 2025) -> Counties Manukau Steelers (2025 - 2025) -> Fijian Drua (2025 - 2026)
Haereiti HETET,Haereiti HETET,PR,Fijian Drua,184,130,1997.07.10,,,,,A,0,https://all.rugby/player/haereiti-hetet,,Waikato Mooloos (2017 - 2019) -> Bay of Plenty Steamers (2019 - 2021) -> Fijian Drua (2021 - 2021) -> Bay of Plenty Steamers (2021 - 2021) -> Fijian Drua (2022 - 2022) -> Bay of Plenty Steamers (2022 - 2022) -> Fijian Drua (2022 - 2023) -> Bay of Plenty Steamers (2023 - 2023) -> Fijian Drua (2024 - 2024) -> Bay of Plenty Steamers (2024 - 2024) -> Fijian Drua (2024 - 2024) -> Bay of Plenty Steamers (2024 - 2024) -> Fijian Drua (2025 - 2025) -> Bay of Plenty Steamers (2025 - 2025) -> Fijian Drua (2025 - 2026),,,https://all.rugby/player/haereiti-hetet,Waikato Mooloos (2017 - 2019) -> Bay of Plenty Steamers (2019 - 2021) -> Fijian Drua (2021 - 2021) -> Bay of Plenty Steamers (2021 - 2021) -> Fijian Drua (2022 - 2022) -> Bay of Plenty Steamers (2022 - 2022) -> Fijian Drua (2022 - 2023) -> Bay of Plenty Steamers (2023 - 2023) -> Fijian Drua (2024 - 2024) -> Bay of Plenty Steamers (2024 - 2024) -> Fijian Drua (2024 - 2024) -> Bay of Plenty Steamers (2024 - 2024) -> Fijian Drua (2025 - 2025) -> Bay of Plenty Steamers (2025 - 2025) -> Fijian Drua (2025 - 2026)
Meli TUNI,Meli TUNI,PR,Fijian Drua,184,99,2000.06.29,,,,,A,0,https://all.rugby/player/meli-tuni,,Suva Rugby Union (2020 - 2021) -> Fijian Drua (2021 - 2026),,,https://all.rugby/player/meli-tuni,Suva Rugby Union (2020 - 2021) -> Fijian Drua (2021 - 2026)
Mesake DOGE,Mesake DOGE,PR,Fijian Drua,180,122,1993.04.01,,,,,A,0,https://all.rugby/player/mesake-doge,,SCM Rugby Timișoara (2017 - 2019) -> CA Brive Corrèze Limousin (2019 - 2021) -> Dragons RFC (2021 - 2022) -> Fijian Drua (2022 - 2026),,,https://all.rugby/player/mesake-doge,SCM Rugby Timișoara (2017 - 2019) -> CA Brive Corrèze Limousin (2019 - 2021) -> Dragons RFC (2021 - 2022) -> Fijian Drua (2022 - 2026)
Peni RAVAI,Peni RAVAI,PR,Fijian Drua,185,119,1990.06.16,,,,,A,0,https://all.rugby/player/peni-ravai,,Southland Stags (2015 - 2016) -> Stade Aurillacois Cantal Auvergne (2016 - 2017) -> Union Bordeaux-Bègles (2017 - 2020) -> ASM Clermont Auvergne (2020 - 2022) -> Queensland Reds (2022 - 2024) -> Fijian Drua (2024 - 2026),Fiji,Fiji,https://all.rugby/player/peni-ravai,Southland Stags (2015 - 2016) -> Stade Aurillacois Cantal Auvergne (2016 - 2017) -> Union Bordeaux-Bègles (2017 - 2020) -> ASM Clermont Auvergne (2020 - 2022) -> Queensland Reds (2022 - 2024) -> Fijian Drua (2024 - 2026)
Samu TAWAKE,Samu TAWAKE,PR,Fijian Drua,183,120,1996.09.11,,,,,A,0,https://all.rugby/player/samu-tawake,,Canterbury (2017 - 2018) -> Manawatu Turbos (2018 - 2020) -> Rugby United New-York (2020 - 2021) -> Fijian Drua (2021 - 2023) -> Canterbury (2023 - 2023) -> Fijian Drua (2024 - 2024) -> Canterbury (2024 - 2024) -> Fijian Drua (2024 - 2026),,,https://all.rugby/player/samu-tawake,Canterbury (2017 - 2018) -> Manawatu Turbos (2018 - 2020) -> Rugby United New-York (2020 - 2021) -> Fijian Drua (2021 - 2023) -> Canterbury (2023 - 2023) -> Fijian Drua (2024 - 2024) -> Canterbury (2024 - 2024) -> Fijian Drua (2024 - 2026)
Kavaia TAGIVETAUA,Kavaia TAGIVETAUA,HO,Fijian Drua,180,113,2003.06.05,,,,,A,0,https://all.rugby/player/kavaia-tagivetaua,,Fijian Drua (2024 - 2026),,,https://all.rugby/player/kavaia-tagivetaua,Fijian Drua (2024 - 2026)
Mesulame DOLOKOTO,Mesulame DOLOKOTO,HO,Fijian Drua,177,115,1995.01.21,,,,,A,0,https://all.rugby/player/mesulame-dolokoto,,Glasgow Warriors (2019 - 2021) -> Fijian Drua (2021 - 2026),Fiji,Fiji,https://all.rugby/player/mesulame-dolokoto,Glasgow Warriors (2019 - 2021) -> Fijian Drua (2021 - 2026)
Penaia CAKOBAU,Penaia CAKOBAU,HO,Fijian Drua,180,110,1993.12.28,,,,,A,0,https://all.rugby/player/penaia-cakobau,,North Harbour (2023 - 2025) -> Fijian Drua (2025 - 2026),,,https://all.rugby/player/penaia-cakobau,North Harbour (2023 - 2025) -> Fijian Drua (2025 - 2026)
Zuriel TOGIATAMA,Zuriel TOGIATAMA,HO,Fijian Drua,183,109,1999.03.02,,,,,A,0,https://all.rugby/player/zuriel-togiatama,,Counties Manukau Steelers (2019 - 2021) -> Fijian Drua (2021 - 2021) -> Counties Manukau Steelers (2021 - 2021) -> Fijian Drua (2022 - 2022) -> Counties Manukau Steelers (2022 - 2022) -> Fijian Drua (2022 - 2023) -> Counties Manukau Steelers (2023 - 2023) -> Fijian Drua (2024 - 2024) -> Counties Manukau Steelers (2024 - 2024) -> Fijian Drua (2024 - 2024) -> Counties Manukau Steelers (2024 - 2024) -> Fijian Drua (2025 - 2025) -> Counties Manukau Steelers (2025 - 2025) -> Fijian Drua (2025 - 2026),,,https://all.rugby/player/zuriel-togiatama,Counties Manukau Steelers (2019 - 2021) -> Fijian Drua (2021 - 2021) -> Counties Manukau Steelers (2021 - 2021) -> Fijian Drua (2022 - 2022) -> Counties Manukau Steelers (2022 - 2022) -> Fijian Drua (2022 - 2023) -> Counties Manukau Steelers (2023 - 2023) -> Fijian Drua (2024 - 2024) -> Counties Manukau Steelers (2024 - 2024) -> Fijian Drua (2024 - 2024) -> Counties Manukau Steelers (2024 - 2024) -> Fijian Drua (2025 - 2025) -> Counties Manukau Steelers (2025 - 2025) -> Fijian Drua (2025 - 2026)
Angelo SMITH,Angelo SMITH,LO,Fijian Drua,199,115,2000.07.27,,,,,A,0,https://all.rugby/player/angelo-smith,,West Brisbane Bulldogs (2021 - 2022) -> Melbourne Rebels (2022 - 2024) -> New South Wales Waratahs (2024 - 2025) -> Fijian Drua (2025 - 2026),,,https://all.rugby/player/angelo-smith,West Brisbane Bulldogs (2021 - 2022) -> Melbourne Rebels (2022 - 2024) -> New South Wales Waratahs (2024 - 2025) -> Fijian Drua (2025 - 2026)
Isoa NASILASILA,Isoa NASILASILA,LO,Fijian Drua,197,117,1999.09.13,,,,,A,0,https://all.rugby/player/isoa-nasilasila,,Southern Districts (2019 - 2021) -> Fijian Drua (2021 - 2021) -> North Harbour (2021 - 2021) -> Fijian Drua (2022 - 2022) -> North Harbour (2022 - 2022) -> Fijian Drua (2022 - 2026),,,https://all.rugby/player/isoa-nasilasila,Southern Districts (2019 - 2021) -> Fijian Drua (2021 - 2021) -> North Harbour (2021 - 2021) -> Fijian Drua (2022 - 2022) -> North Harbour (2022 - 2022) -> Fijian Drua (2022 - 2026)
Mesake VOCEVOCE,Mesake VOCEVOCE,LO,Fijian Drua,197,106,2003.05.16,,,,,A,0,https://all.rugby/player/mesake-vocevoce,,Fijian Drua (2023 - 2026),,,https://all.rugby/player/mesake-vocevoce,Fijian Drua (2023 - 2026)
Temo MAYANAVANUA,Temo MAYANAVANUA,LO,Fijian Drua,197,120,1997.11.09,,,,,A,0,https://all.rugby/player/temo-mayanavanua,,Northland Taniwha (2017 - 2020) -> Lyon Olympique Universitaire Rugby (2020 - 2023) -> Northampton Saints (2023 - 2025) -> Fijian Drua (2025 - 2026),,,https://all.rugby/player/temo-mayanavanua,Northland Taniwha (2017 - 2020) -> Lyon Olympique Universitaire Rugby (2020 - 2023) -> Northampton Saints (2023 - 2025) -> Fijian Drua (2025 - 2026)
Elia CANAKAIVATA,Elia CANAKAIVATA,Back row,Fijian Drua,185,104,1996.07.12,,,,,A,0,https://all.rugby/player/elia-canakaivata,,FIDJI 7's (2021 - 2022) -> Fijian Drua (2022 - 2026),,,https://all.rugby/player/elia-canakaivata,FIDJI 7's (2021 - 2022) -> Fijian Drua (2022 - 2026)
Etonia WAQA,Etonia WAQA,Back row,Fijian Drua,196,110,1999.06.02,,,,,A,0,https://all.rugby/player/etonia-waqa,,Bay of Plenty Steamers (2021 - 2022) -> Fijian Drua (2022 - 2022) -> Bay of Plenty Steamers (2022 - 2022) -> Fijian Drua (2023 - 2023) -> Bay of Plenty Steamers (2023 - 2023) -> Fijian Drua (2023 - 2026),,,https://all.rugby/player/etonia-waqa,Bay of Plenty Steamers (2021 - 2022) -> Fijian Drua (2022 - 2022) -> Bay of Plenty Steamers (2022 - 2022) -> Fijian Drua (2023 - 2023) -> Bay of Plenty Steamers (2023 - 2023) -> Fijian Drua (2023 - 2026)
Isoa TUWAI,Isoa TUWAI,Back row,Fijian Drua,,,2002.06.04,,,,,A,0,https://all.rugby/player/isoa-tuwai,,Fijian Drua (2024 - 2026),,,https://all.rugby/player/isoa-tuwai,Fijian Drua (2024 - 2026)
Joseva TAMANI,Joseva TAMANI,Back row,Fijian Drua,195,111,1997.04.02,,,,,A,0,https://all.rugby/player/joseva-tamani,,Hunter Wildfires (2020 - 2021) -> Fijian Drua (2021 - 2023) -> US Colomiers (2023 - 2024) -> Fijian Drua (2024 - 2024) -> Otago (2024 - 2024) -> Fijian Drua (2025 - 2025) -> Otago (2025 - 2025) -> Fijian Drua (2025 - 2026),,,https://all.rugby/player/joseva-tamani,Hunter Wildfires (2020 - 2021) -> Fijian Drua (2021 - 2023) -> US Colomiers (2023 - 2024) -> Fijian Drua (2024 - 2024) -> Otago (2024 - 2024) -> Fijian Drua (2025 - 2025) -> Otago (2025 - 2025) -> Fijian Drua (2025 - 2026)
Kitione SALAWA JR,Kitione SALAWA JR,Back row,Fijian Drua,192,95,2001.05.23,,,,,A,0,https://all.rugby/player/kitione-salawa-jr,,FIDJI 7's (2020 - 2021) -> Fijian Drua (2021 - 2026),,,https://all.rugby/player/kitione-salawa-jr,FIDJI 7's (2020 - 2021) -> Fijian Drua (2021 - 2026)
Motikiai MURRAY,Motikiai MURRAY,Back row,Fijian Drua,185,92,2003.05.30,,,,,A,0,https://all.rugby/player/motikiai-murray,,Fijian Drua (2022 - 2026),,,https://all.rugby/player/motikiai-murray,Fijian Drua (2022 - 2026)
Vilive MIRAMIRA,Vilive MIRAMIRA,Back row,Fijian Drua,192,92,1999.03.21,,,,,A,0,https://all.rugby/player/vilive-miramira,,Nadi Jets  Rugby (2020 - 2021) -> Fijian Drua (2021 - 2026),,,https://all.rugby/player/vilive-miramira,Nadi Jets  Rugby (2020 - 2021) -> Fijian Drua (2021 - 2026)
Frank LOMANI,Frank LOMANI,SH,Fijian Drua,180,81,1996.04.18,,,,,A,0,https://all.rugby/player/frank-lomani,,Fijian Drua (2018 - 2019) -> Melbourne Rebels (2019 - 2021) -> Northampton Saints (2021 - 2021) -> Fijian Drua (2021 - 2021) -> Northampton Saints (2022 - 2022) -> Fijian Drua (2022 - 2026),Fiji,Fiji,https://all.rugby/player/frank-lomani,Fijian Drua (2018 - 2019) -> Melbourne Rebels (2019 - 2021) -> Northampton Saints (2021 - 2021) -> Fijian Drua (2021 - 2021) -> Northampton Saints (2022 - 2022) -> Fijian Drua (2022 - 2026)
Issak FINES,Issak FINES,SH,Fijian Drua,173,82,1995.10.02,,,,,A,0,https://all.rugby/player/issak-fines,,Western Force (2017 - 2019) -> Brumbies (2019 - 2021) -> Western Force (2021 - 2025) -> Fijian Drua (2025 - 2026),Australia,Australia,https://all.rugby/player/issak-fines,Western Force (2017 - 2019) -> Brumbies (2019 - 2021) -> Western Force (2021 - 2025) -> Fijian Drua (2025 - 2026)
Philip BASELALA,Philip BASELALA,SH,Fijian Drua,,,2004..,,,,,A,0,https://all.rugby/player/philip-baselala,,Suva Grammar School (2021 - 2022) -> Fijian Drua (2022 - 2026),,,https://all.rugby/player/philip-baselala,Suva Grammar School (2021 - 2022) -> Fijian Drua (2022 - 2026)
Isaiah ARMSTRONG-RAVULA,Isaiah ARMSTRONG-RAVULA,SO,Fijian Drua,175,86,2004.01.07,,,,,A,0,https://all.rugby/player/isaiah-ravula,,Manawatu Turbos (2022 - 2023) -> Fijian Drua (2023 - 2023) -> Manawatu Turbos (2023 - 2023) -> Fijian Drua (2024 - 2024) -> Manawatu Turbos (2024 - 2024) -> Fijian Drua (2024 - 2026),,,https://all.rugby/player/isaiah-ravula,Manawatu Turbos (2022 - 2023) -> Fijian Drua (2023 - 2023) -> Manawatu Turbos (2023 - 2023) -> Fijian Drua (2024 - 2024) -> Manawatu Turbos (2024 - 2024) -> Fijian Drua (2024 - 2026)
Isikeli RABITU,Isikeli RABITU,SO,Fijian Drua,,,2005..,,,,,A,0,https://all.rugby/player/isikeli-rabitu,,Suva Grammar School (2022 - 2023) -> Fijian Drua (2023 - 2026),,,https://all.rugby/player/isikeli-rabitu,Suva Grammar School (2022 - 2023) -> Fijian Drua (2023 - 2026)
Kemu VALETINI,Kemu VALETINI,SO,Fijian Drua,185,110,1994.08.26,,,,,A,0,https://all.rugby/player/kemu-valetini,,Melbourne Rising (2018 - 2019) -> Valladolid Rugby Asociación Club (2019 - 2020) -> Manly Marlins (2021 - 2022) -> Fijian Drua (2022 - 2026),,,https://all.rugby/player/kemu-valetini,Melbourne Rising (2018 - 2019) -> Valladolid Rugby Asociación Club (2019 - 2020) -> Manly Marlins (2021 - 2022) -> Fijian Drua (2022 - 2026)
Simi KURUVOLI,Simi KURUVOLI,SO,Fijian Drua,173,74,1999.01.02,,,,,A,0,https://all.rugby/player/simione-kuruvoli,,Tailevu Rugby Union (2020 - 2021) -> Fijian Drua (2021 - 2026),,,https://all.rugby/player/simione-kuruvoli,Tailevu Rugby Union (2020 - 2021) -> Fijian Drua (2021 - 2026)
Inia TABUAVOU,Inia TABUAVOU,CTB,Fijian Drua,185,101,2002.08.31,,,,,A,0,https://all.rugby/player/inia-tabuavou,,Rotorua Boys High School (2019 - 2020) -> Racing 92 (2020 - 2024) -> Fijian Drua (2024 - 2026),,,https://all.rugby/player/inia-tabuavou,Rotorua Boys High School (2019 - 2020) -> Racing 92 (2020 - 2024) -> Fijian Drua (2024 - 2026)
Iosefo NAMOCE,Iosefo NAMOCE,CTB,Fijian Drua,,,,,,,,A,0,https://all.rugby/player/iosefo-namoce,,Gungahlin Eagles (2024 - 2025) -> Fijian Drua (2025 - 2026),,,https://all.rugby/player/iosefo-namoce,Gungahlin Eagles (2024 - 2025) -> Fijian Drua (2025 - 2026)
Joji NASOVA,Joji NASOVA,CTB,Fijian Drua,185,92,2000.06.09,,,,,A,0,https://all.rugby/player/joji-nasova-,,FIDJI 7's (2023 - 2025) -> Fijian Drua (2025 - 2026),,,https://all.rugby/player/joji-nasova-,FIDJI 7's (2023 - 2025) -> Fijian Drua (2025 - 2026)
Maika TUITUBOU,Maika TUITUBOU,CTB,Fijian Drua,180,95,2003.06.02,,,,,A,0,https://all.rugby/player/maika-tuitubou,,Fijian Drua (2024 - 2026),,,https://all.rugby/player/maika-tuitubou,Fijian Drua (2024 - 2026)
Tuidraki SAMUSAMUVODRE,Tuidraki SAMUSAMUVODRE,CTB,Fijian Drua,180,90,1998.02.16,,,,,A,0,https://all.rugby/player/tuidraki-samusamuvodre,,Naitasiri Highlanders Rugby (2019 - 2020) -> New England Free Jacks (2020 - 2021) -> Fijian Drua (2021 - 2026),,,https://all.rugby/player/tuidraki-samusamuvodre,Naitasiri Highlanders Rugby (2019 - 2020) -> New England Free Jacks (2020 - 2021) -> Fijian Drua (2021 - 2026)
Virimi VAKATAWA,Virimi VAKATAWA,CTB,Fijian Drua,185,98,1992.05.01,,,,,A,0,https://all.rugby/player/virimi-vakatawa,,Racing 92 (2013 - 2014) -> France 7 (2014 - 2017) -> Racing 92 (2017 - 2022) -> sans club (2022 - 2022) -> Racing 92 (2023 - 2023) -> sans club (2023 - 2023) -> Bristol Bears (2023 - 2024) -> sans club (2024 - 2025) -> Fijian Drua (2025 - 2026),Fiji,Fiji,https://all.rugby/player/virimi-vakatawa,Racing 92 (2013 - 2014) -> France 7 (2014 - 2017) -> Racing 92 (2017 - 2022) -> sans club (2022 - 2022) -> Racing 92 (2023 - 2023) -> sans club (2023 - 2023) -> Bristol Bears (2023 - 2024) -> sans club (2024 - 2025) -> Fijian Drua (2025 - 2026)
Aisea NAWAI,Aisea NAWAI,Winger,Fijian Drua,,,2005..,,,,,A,0,https://all.rugby/player/aisea-nawai,,Fijian Drua (2023 - 2026),,,https://all.rugby/player/aisea-nawai,Fijian Drua (2023 - 2026)
Epeli MOMO,Epeli MOMO,Winger,Fijian Drua,184,84,1999.10.22,,,,,A,0,https://all.rugby/player/epeli-momo,,Club fidjien (2019 - 2020) -> Union Sportive Montalbanaise (2020 - 2023) -> Fijian Drua (2023 - 2026),,,https://all.rugby/player/epeli-momo,Club fidjien (2019 - 2020) -> Union Sportive Montalbanaise (2020 - 2023) -> Fijian Drua (2023 - 2026)
Isikeli BASIYALO,Isikeli BASIYALO,Winger,Fijian Drua,,,2004..,,,,,A,0,https://all.rugby/player/isikeli-basiyalo,,Fijian Drua (2024 - 2026),,,https://all.rugby/player/isikeli-basiyalo,Fijian Drua (2024 - 2026)
Manasa MATAELE,Manasa MATAELE,Winger,Fijian Drua,185,100,1996.11.27,,,,,A,0,https://all.rugby/player/manasa-mataele,,Crusaders (2016 - 2019) -> Canterbury (2019 - 2019) -> Crusaders (2020 - 2020) -> Canterbury (2020 - 2020) -> Crusaders (2020 - 2020) -> Canterbury (2020 - 2020) -> Crusaders (2021 - 2021) -> Canterbury (2021 - 2021) -> Western Force (2021 - 2021) -> Canterbury (2021 - 2021) -> Western Force (2022 - 2022) -> Canterbury (2022 - 2022) -> Western Force (2022 - 2022) -> Canterbury (2022 - 2022) -> Western Force (2023 - 2023) -> Canterbury (2023 - 2023) -> Crusaders (2023 - 2023) -> Canterbury (2023 - 2023) -> Crusaders (2024 - 2024) -> Canterbury (2024 - 2024) -> Chiefs (2024 - 2024) -> Canterbury (2024 - 2024) -> Chiefs (2025 - 2025) -> Canterbury (2025 - 2025) -> Fijian Drua (2025 - 2026),,,https://all.rugby/player/manasa-mataele,Crusaders (2016 - 2019) -> Canterbury (2019 - 2019) -> Crusaders (2020 - 2020) -> Canterbury (2020 - 2020) -> Crusaders (2020 - 2020) -> Canterbury (2020 - 2020) -> Crusaders (2021 - 2021) -> Canterbury (2021 - 2021) -> Western Force (2021 - 2021) -> Canterbury (2021 - 2021) -> Western Force (2022 - 2022) -> Canterbury (2022 - 2022) -> Western Force (2022 - 2022) -> Canterbury (2022 - 2022) -> Western Force (2023 - 2023) -> Canterbury (2023 - 2023) -> Crusaders (2023 - 2023) -> Canterbury (2023 - 2023) -> Crusaders (2024 - 2024) -> Canterbury (2024 - 2024) -> Chiefs (2024 - 2024) -> Canterbury (2024 - 2024) -> Chiefs (2025 - 2025) -> Canterbury (2025 - 2025) -> Fijian Drua (2025 - 2026)
Ponipate LOGANIMASI,Ponipate LOGANIMASI,Winger,Fijian Drua,189,91,1998.03.26,,,,,A,0,https://all.rugby/player/ponipate-loganimasi,,FIDJI 7's (2023 - 2024) -> Fijian Drua (2024 - 2026),,,https://all.rugby/player/ponipate-loganimasi,FIDJI 7's (2023 - 2024) -> Fijian Drua (2024 - 2026)
Taniela RAKURO,Taniela RAKURO,Winger,Fijian Drua,,,2000.05.28,,,,,A,0,https://all.rugby/player/taniela-rakuro,,Nadroga (2021 - 2022) -> Fijian Drua (2022 - 2024) -> Taranaki Bulls (2024 - 2024) -> Fijian Drua (2025 - 2025) -> Taranaki Bulls (2025 - 2025) -> Fijian Drua (2025 - 2026),,,https://all.rugby/player/taniela-rakuro,Nadroga (2021 - 2022) -> Fijian Drua (2022 - 2024) -> Taranaki Bulls (2024 - 2024) -> Fijian Drua (2025 - 2025) -> Taranaki Bulls (2025 - 2025) -> Fijian Drua (2025 - 2026)
Ilaisa DROASESE,Ilaisa DROASESE,FB,Fijian Drua,187,99,1999.09.13,,,,,A,0,https://all.rugby/player/ilaisa-droasese,,Brisbane City (2019 - 2020) -> Queensland Reds (2020 - 2021) -> Fijian Drua (2021 - 2021) -> Queensland Reds (2022 - 2022) -> Fijian Drua (2022 - 2026),,,https://all.rugby/player/ilaisa-droasese,Brisbane City (2019 - 2020) -> Queensland Reds (2020 - 2021) -> Fijian Drua (2021 - 2021) -> Queensland Reds (2022 - 2022) -> Fijian Drua (2022 - 2026)
Janeiro WAKEHAM,Janeiro WAKEHAM,LO,Fijian Drua,208,140,2003.03.14,,,,,A,0,https://all.rugby/player/janeiro-wakeham,,Suva Rugby Union (2020 - 2021) -> Stade Français Paris Rugby (2021 - 2023) -> Nissa Rugby (2023 - 2023) -> Stade Français Paris Rugby (2024 - 2024) -> Nissa Rugby (2024 - 2024) -> Ealing Trailfinders (2024 - 2025) -> Fijian Drua (2025 - 2026),,,https://all.rugby/player/janeiro-wakeham,Suva Rugby Union (2020 - 2021) -> Stade Français Paris Rugby (2021 - 2023) -> Nissa Rugby (2023 - 2023) -> Stade Français Paris Rugby (2024 - 2024) -> Nissa Rugby (2024 - 2024) -> Ealing Trailfinders (2024 - 2025) -> Fijian Drua (2025 - 2026)
