英語名,選手名,ポジション,所属チーム,身長,体重,生年月日,年齢,高校,大学,出身校・チーム歴(全文),カテゴリ,リーグワンキャップ数,URL,Text_Detail,キャリア遍歴,代表キャップ数,International_Caps,Scraped_Url,Full_Career
Benjamin BERTRAND,Benjamin BERTRAND,PR,トゥールーズ,180,128,2003.07.25,,,,Stade Toulousain (2009 - 2023) -> Blagnac (2023 - 2023) -> Stade Toulousain (2023 - 2023) -> Blagnac (2024 - 2024) -> Stade Toulousain (2024 - 2026),A,0,https://all.rugby/player/benjamin-bertrand,,Stade Toulousain (2009 - 2023) -> Blagnac (2023 - 2023) -> Stade Toulousain (2023 - 2023) -> Blagnac (2024 - 2024) -> Stade Toulousain (2024 - 2026),,,https://all.rugby/player/benjamin-bertrand,Stade Toulousain (2009 - 2023) -> Blagnac (2023 - 2023) -> Stade Toulousain (2023 - 2023) -> Blagnac (2024 - 2024) -> Stade Toulousain (2024 - 2026)
Cyril BAILLE,Cyril BAILLE,PR,トゥールーズ,182,118,1993.09.15,,,,Cercle Amical Lannemezanais (2003 - 2009) -> Stade Toulousain (2009 - 2026),A,0,https://all.rugby/player/cyril-baille,,Cercle Amical Lannemezanais (2003 - 2009) -> Stade Toulousain (2009 - 2026),France,France,https://all.rugby/player/cyril-baille,Cercle Amical Lannemezanais (2003 - 2009) -> Stade Toulousain (2009 - 2026)
David AINU'U,David AINU'U,PR,トゥールーズ,178,125,1999.11.20,,,,Stade Toulousain (2017 - 2026),A,0,https://all.rugby/player/david-ainu-u,,Stade Toulousain (2017 - 2026),United-States,United-States,https://all.rugby/player/david-ainu-u,Stade Toulousain (2017 - 2026)
Dorian ALDEGHERI,Dorian ALDEGHERI,PR,トゥールーズ,180,119,1993.08.04,,,,Stade Toulousain (2004 - 2026),A,0,https://all.rugby/player/dorian-aldegheri,,Stade Toulousain (2004 - 2026),France,France,https://all.rugby/player/dorian-aldegheri,Stade Toulousain (2004 - 2026)
Georges-Henri COLOMBE,Georges-Henri COLOMBE,PR,トゥールーズ,193,142,1998.04.09,,,,Racing Nanterre Rugby (2008 - 2011) -> Racing 92 (2011 - 2017) -> USON Nevers Rugby (2017 - 2017) -> Racing 92 (2018 - 2018) -> USON Nevers Rugby (2018 - 2018) -> Racing 92 (2018 - 2022) -> Stade Rochelais (2022 - 2025) -> Stade Toulousain (2025 - 2026),A,0,https://all.rugby/player/georges-henri-colombe,,Racing Nanterre Rugby (2008 - 2011) -> Racing 92 (2011 - 2017) -> USON Nevers Rugby (2017 - 2017) -> Racing 92 (2018 - 2018) -> USON Nevers Rugby (2018 - 2018) -> Racing 92 (2018 - 2022) -> Stade Rochelais (2022 - 2025) -> Stade Toulousain (2025 - 2026),France,France,https://all.rugby/player/georges-henri-colombe,Racing Nanterre Rugby (2008 - 2011) -> Racing 92 (2011 - 2017) -> USON Nevers Rugby (2017 - 2017) -> Racing 92 (2018 - 2018) -> USON Nevers Rugby (2018 - 2018) -> Racing 92 (2018 - 2022) -> Stade Rochelais (2022 - 2025) -> Stade Toulousain (2025 - 2026)
Joël MERKLER,Joël MERKLER,PR,トゥールーズ,194,135,2001.10.25,,,,Stade Toulousain (2017 - 2026),A,0,https://all.rugby/player/joel-merkler,,Stade Toulousain (2017 - 2026),Spain,Spain,https://all.rugby/player/joel-merkler,Stade Toulousain (2017 - 2026)
Paul MALLEZ,Paul MALLEZ,PR,トゥールーズ,180,120,2001.01.24,,,,RC Pont-à-Mousson (2008 - 2018) -> ABCD XV (2018 - 2019) -> Stade Toulousain (2019 - 2023) -> Provence Rugby (2023 - 2023) -> Stade Toulousain (2024 - 2024) -> Provence Rugby (2024 - 2025) -> Stade Toulousain (2025 - 2026),A,0,https://all.rugby/player/paul-mallez,,RC Pont-à-Mousson (2008 - 2018) -> ABCD XV (2018 - 2019) -> Stade Toulousain (2019 - 2023) -> Provence Rugby (2023 - 2023) -> Stade Toulousain (2024 - 2024) -> Provence Rugby (2024 - 2025) -> Stade Toulousain (2025 - 2026),France,France,https://all.rugby/player/paul-mallez,RC Pont-à-Mousson (2008 - 2018) -> ABCD XV (2018 - 2019) -> Stade Toulousain (2019 - 2023) -> Provence Rugby (2023 - 2023) -> Stade Toulousain (2024 - 2024) -> Provence Rugby (2024 - 2025) -> Stade Toulousain (2025 - 2026)
Rodrigue NETI,Rodrigue NETI,PR,トゥールーズ,185,124,1995.04.26,,,,Union Rugby Club Dumbéa (2010 - 2012) -> Stade Toulousain (2012 - 2026),A,0,https://all.rugby/player/rodrigue-neti,,Union Rugby Club Dumbéa (2010 - 2012) -> Stade Toulousain (2012 - 2026),France,France,https://all.rugby/player/rodrigue-neti,Union Rugby Club Dumbéa (2010 - 2012) -> Stade Toulousain (2012 - 2026)
Guillaume CRAMONT,Guillaume CRAMONT,HO,トゥールーズ,182,107,2000.12.29,,,,US Dax Rugby Landes (2006 - 2019) -> Stade Toulousain (2019 - 2026),A,0,https://all.rugby/player/guillaume-cramont,,US Dax Rugby Landes (2006 - 2019) -> Stade Toulousain (2019 - 2026),France,France,https://all.rugby/player/guillaume-cramont,US Dax Rugby Landes (2006 - 2019) -> Stade Toulousain (2019 - 2026)
Julien MARCHAND,Julien MARCHAND,HO,トゥールーズ,181,110,1995.05.10,,,,US Montréjeau Gourdan Polignan XV (2005 - 2010) -> Stade Toulousain (2010 - 2026),A,0,https://all.rugby/player/julien-marchand,,US Montréjeau Gourdan Polignan XV (2005 - 2010) -> Stade Toulousain (2010 - 2026),France,France,https://all.rugby/player/julien-marchand,US Montréjeau Gourdan Polignan XV (2005 - 2010) -> Stade Toulousain (2010 - 2026)
Péato MAUVAKA,Péato MAUVAKA,HO,トゥールーズ,184,112,1997.01.10,,,,Stade Toulousain (2013 - 2026),A,0,https://all.rugby/player/peato-mauvaka,,Stade Toulousain (2013 - 2026),France,France,https://all.rugby/player/peato-mauvaka,Stade Toulousain (2013 - 2026)
Thomas LACOMBRE,Thomas LACOMBRE,HO,トゥールーズ,174,107,//2004,,,,Club Athlétique Pratéen (2011 - 2018) -> Saint-Girons SC Couserans (2018 - 2019) -> Stade Toulousain (2019 - 2026),A,0,https://all.rugby/player/thomas-lacombre,,Club Athlétique Pratéen (2011 - 2018) -> Saint-Girons SC Couserans (2018 - 2019) -> Stade Toulousain (2019 - 2026),,,https://all.rugby/player/thomas-lacombre,Club Athlétique Pratéen (2011 - 2018) -> Saint-Girons SC Couserans (2018 - 2019) -> Stade Toulousain (2019 - 2026)
Clément VERGÉ,Clément VERGÉ,LO,トゥールーズ,200,123,2001.09.13,,,,Saint-Girons SC Couserans (2007 - 2018) -> Stade Toulousain (2018 - 2026),A,0,https://all.rugby/player/clement-verge,,Saint-Girons SC Couserans (2007 - 2018) -> Stade Toulousain (2018 - 2026),,,https://all.rugby/player/clement-verge,Saint-Girons SC Couserans (2007 - 2018) -> Stade Toulousain (2018 - 2026)
Efraín ELÍAS,Efraín ELÍAS,LO,トゥールーズ,200,119,//2004,,,,Jockey Club Cordoba  (2022 - 2022) -> Dogos XV (2022 - 2022) -> Jockey Club Cordoba  (2023 - 2023) -> Dogos XV (2023 - 2023) -> Jockey Club Cordoba  (2023 - 2023) -> Dogos XV (2023 - 2023) -> Jockey Club Cordoba  (2024 - 2024) -> Dogos XV (2024 - 2024) -> Stade Toulousain (2024 - 2026),A,0,https://all.rugby/player/efrain-elias,,Jockey Club Cordoba  (2022 - 2022) -> Dogos XV (2022 - 2022) -> Jockey Club Cordoba  (2023 - 2023) -> Dogos XV (2023 - 2023) -> Jockey Club Cordoba  (2023 - 2023) -> Dogos XV (2023 - 2023) -> Jockey Club Cordoba  (2024 - 2024) -> Dogos XV (2024 - 2024) -> Stade Toulousain (2024 - 2026),,,https://all.rugby/player/efrain-elias,Jockey Club Cordoba  (2022 - 2022) -> Dogos XV (2022 - 2022) -> Jockey Club Cordoba  (2023 - 2023) -> Dogos XV (2023 - 2023) -> Jockey Club Cordoba  (2023 - 2023) -> Dogos XV (2023 - 2023) -> Jockey Club Cordoba  (2024 - 2024) -> Dogos XV (2024 - 2024) -> Stade Toulousain (2024 - 2026)
Emmanuel MEAFOU,Emmanuel MEAFOU,LO,トゥールーズ,202,142,1998.07.12,,,,New South Wales Country Eagles (2017 - 2018) -> Stade Toulousain (2018 - 2026),A,0,https://all.rugby/player/emmanuel-meafou,,New South Wales Country Eagles (2017 - 2018) -> Stade Toulousain (2018 - 2026),Australia,Australia,https://all.rugby/player/emmanuel-meafou,New South Wales Country Eagles (2017 - 2018) -> Stade Toulousain (2018 - 2026)
Joshua BRENNAN,Joshua BRENNAN,LO,トゥールーズ,199,118,2001.11.28,,,,Toulouse Lalande Aucamville (2008 - 2012) -> Stade Toulousain (2012 - 2026),A,0,https://all.rugby/player/joshua-brennan,,Toulouse Lalande Aucamville (2008 - 2012) -> Stade Toulousain (2012 - 2026),Ireland,Ireland,https://all.rugby/player/joshua-brennan,Toulouse Lalande Aucamville (2008 - 2012) -> Stade Toulousain (2012 - 2026)
Thibaud FLAMENT,Thibaud FLAMENT,LO,トゥールーズ,202,116,1997.04.29,,,,ASUB Rugby Waterloo (2005 - 2015) -> Loughborough University (2015 - 2017) -> Club Newman (2017 - 2018) -> Loughborough University (2018 - 2019) -> Wasps (2019 - 2020) -> Stade Toulousain (2020 - 2026),A,0,https://all.rugby/player/thibaud-flament,,ASUB Rugby Waterloo (2005 - 2015) -> Loughborough University (2015 - 2017) -> Club Newman (2017 - 2018) -> Loughborough University (2018 - 2019) -> Wasps (2019 - 2020) -> Stade Toulousain (2020 - 2026),France,France,https://all.rugby/player/thibaud-flament,ASUB Rugby Waterloo (2005 - 2015) -> Loughborough University (2015 - 2017) -> Club Newman (2017 - 2018) -> Loughborough University (2018 - 2019) -> Wasps (2019 - 2020) -> Stade Toulousain (2020 - 2026)
Alexandre ROUMAT,Alexandre ROUMAT,FL/NO8,トゥールーズ,198,110,1997.06.27,,,,Biarritz Olympique Pays Basque (2012 - 2017) -> Union Bordeaux-Bègles (2017 - 2022) -> Stade Toulousain (2022 - 2026),A,0,https://all.rugby/player/alexandre-roumat,,Biarritz Olympique Pays Basque (2012 - 2017) -> Union Bordeaux-Bègles (2017 - 2022) -> Stade Toulousain (2022 - 2026),France,France,https://all.rugby/player/alexandre-roumat,Biarritz Olympique Pays Basque (2012 - 2017) -> Union Bordeaux-Bègles (2017 - 2022) -> Stade Toulousain (2022 - 2026)
Anthony JELONCH,Anthony JELONCH,FL/NO8,トゥールーズ,195,108,1996.07.28,,,,Vic-Fezensac (2004 - 2012) -> Rugby Club Auch (2012 - 2014) -> Castres Olympique (2014 - 2021) -> Stade Toulousain (2021 - 2026),A,0,https://all.rugby/player/anthony-jelonch,,Vic-Fezensac (2004 - 2012) -> Rugby Club Auch (2012 - 2014) -> Castres Olympique (2014 - 2021) -> Stade Toulousain (2021 - 2026),France,France,https://all.rugby/player/anthony-jelonch,Vic-Fezensac (2004 - 2012) -> Rugby Club Auch (2012 - 2014) -> Castres Olympique (2014 - 2021) -> Stade Toulousain (2021 - 2026)
François CROS,François CROS,FL/NO8,トゥールーズ,190,111,1994.03.25,,,,Seilh Aussonne Fenouillet XV (2004 - 2009) -> Stade Toulousain (2009 - 2026),A,0,https://all.rugby/player/francois-cros,,Seilh Aussonne Fenouillet XV (2004 - 2009) -> Stade Toulousain (2009 - 2026),France,France,https://all.rugby/player/francois-cros,Seilh Aussonne Fenouillet XV (2004 - 2009) -> Stade Toulousain (2009 - 2026)
Jack WILLIS,Jack WILLIS,FL/NO8,トゥールーズ,190,112,1996.12.24,,,,Wasps (2016 - 2022) -> Stade Toulousain (2022 - 2022) -> Wasps (2023 - 2023) -> Stade Toulousain (2023 - 2026),A,0,https://all.rugby/player/jack-willis,,Wasps (2016 - 2022) -> Stade Toulousain (2022 - 2022) -> Wasps (2023 - 2023) -> Stade Toulousain (2023 - 2026),England,England,https://all.rugby/player/jack-willis,Wasps (2016 - 2022) -> Stade Toulousain (2022 - 2022) -> Wasps (2023 - 2023) -> Stade Toulousain (2023 - 2026)
Léo BANOS,Léo BANOS,FL/NO8,トゥールーズ,191,106,2002.08.16,,,,Parentis Sport Rugby (2011 - 2016) -> Stade Montois Rugby Pro (2016 - 2023) -> Stade Toulousain (2023 - 2023) -> Stade Montois Rugby Pro (2023 - 2023) -> Stade Toulousain (2024 - 2024) -> Stade Montois Rugby Pro (2024 - 2024) -> Stade Toulousain (2024 - 2026),A,0,https://all.rugby/player/leo-banos,,Parentis Sport Rugby (2011 - 2016) -> Stade Montois Rugby Pro (2016 - 2023) -> Stade Toulousain (2023 - 2023) -> Stade Montois Rugby Pro (2023 - 2023) -> Stade Toulousain (2024 - 2024) -> Stade Montois Rugby Pro (2024 - 2024) -> Stade Toulousain (2024 - 2026),,,https://all.rugby/player/leo-banos,Parentis Sport Rugby (2011 - 2016) -> Stade Montois Rugby Pro (2016 - 2023) -> Stade Toulousain (2023 - 2023) -> Stade Montois Rugby Pro (2023 - 2023) -> Stade Toulousain (2024 - 2024) -> Stade Montois Rugby Pro (2024 - 2024) -> Stade Toulousain (2024 - 2026)
Mathis CASTRO-FERREIRA,Mathis CASTRO-FERREIRA,FL/NO8,トゥールーズ,192,107,2004.01.13,,,,SO Maubourguet (2008 - 2018) -> Stade Toulousain (2018 - 2026),A,0,https://all.rugby/player/mathis-castro-ferreira,,SO Maubourguet (2008 - 2018) -> Stade Toulousain (2018 - 2026),,,https://all.rugby/player/mathis-castro-ferreira,SO Maubourguet (2008 - 2018) -> Stade Toulousain (2018 - 2026)
Roméo MARTIN-BONNARD,Roméo MARTIN-BONNARD,FL/NO8,トゥールーズ,197,110,//2006,,,,Ecole de Rugby du Pic Saint-Loup (2012 - 2019) -> US Tyrosse (2021 - 2022) -> Stade Toulousain (2022 - 2026),A,0,https://all.rugby/player/romeo-martin-bonnard,,Ecole de Rugby du Pic Saint-Loup (2012 - 2019) -> US Tyrosse (2021 - 2022) -> Stade Toulousain (2022 - 2026),,,https://all.rugby/player/romeo-martin-bonnard,Ecole de Rugby du Pic Saint-Loup (2012 - 2019) -> US Tyrosse (2021 - 2022) -> Stade Toulousain (2022 - 2026)
Théo NTAMACK,Théo NTAMACK,FL/NO8,トゥールーズ,193,110,2002.05.29,,,,Stade Toulousain (2014 - 2026),A,0,https://all.rugby/player/theo-ntamack,,Stade Toulousain (2014 - 2026),,,https://all.rugby/player/theo-ntamack,Stade Toulousain (2014 - 2026)
Antoine DUPONT,Antoine DUPONT,SH,トゥールーズ,174,86,1996.11.15,,,,Magnoac FC (2000 - 2011) -> Rugby Club Auch (2011 - 2014) -> Castres Olympique (2014 - 2017) -> Stade Toulousain (2017 - 2026),A,0,https://all.rugby/player/antoine-dupont,,Magnoac FC (2000 - 2011) -> Rugby Club Auch (2011 - 2014) -> Castres Olympique (2014 - 2017) -> Stade Toulousain (2017 - 2026),France,France,https://all.rugby/player/antoine-dupont,Magnoac FC (2000 - 2011) -> Rugby Club Auch (2011 - 2014) -> Castres Olympique (2014 - 2017) -> Stade Toulousain (2017 - 2026)
Naoto SAITO,Naoto SAITO,SH,トゥールーズ,165,75,1997.08.26,,,,Waseda University (2018 - 2019) -> Sunwolves (2019 - 2020) -> Tokyo Sungoliath (2020 - 2024) -> Stade Toulousain (2024 - 2026),A,0,https://all.rugby/player/naoto-saito,,Waseda University (2018 - 2019) -> Sunwolves (2019 - 2020) -> Tokyo Sungoliath (2020 - 2024) -> Stade Toulousain (2024 - 2026),Japan,Japan,https://all.rugby/player/naoto-saito,Waseda University (2018 - 2019) -> Sunwolves (2019 - 2020) -> Tokyo Sungoliath (2020 - 2024) -> Stade Toulousain (2024 - 2026)
Paul GRAOU,Paul GRAOU,SH,トゥールーズ,177,90,1997.07.25,,,,Rugby Club Auch (2004 - 2017) -> Union Sportive Montalbanaise (2017 - 2021) -> Sporting Union Agenais (2021 - 2022) -> Stade Toulousain (2022 - 2026),A,0,https://all.rugby/player/paul-graou,,Rugby Club Auch (2004 - 2017) -> Union Sportive Montalbanaise (2017 - 2021) -> Sporting Union Agenais (2021 - 2022) -> Stade Toulousain (2022 - 2026),,,https://all.rugby/player/paul-graou,Rugby Club Auch (2004 - 2017) -> Union Sportive Montalbanaise (2017 - 2021) -> Sporting Union Agenais (2021 - 2022) -> Stade Toulousain (2022 - 2026)
Romain NTAMACK,Romain NTAMACK,SO,トゥールーズ,186,94,1999.05.01,,,,Stade Toulousain (2013 - 2026),A,0,https://all.rugby/player/romain-ntamack,,Stade Toulousain (2013 - 2026),France,France,https://all.rugby/player/romain-ntamack,Stade Toulousain (2013 - 2026)
Célian POUZELGUES,Célian POUZELGUES,CTB,トゥールーズ,190,93,2003.09.30,,,,Avenir Moissagais (2011 - 2016) -> Sporting Union Agenais (2016 - 2018) -> Avenir Valencien (2018 - 2022) -> Stade Toulousain (2022 - 2026),A,0,https://all.rugby/player/celian-pouzelgues,,Avenir Moissagais (2011 - 2016) -> Sporting Union Agenais (2016 - 2018) -> Avenir Valencien (2018 - 2022) -> Stade Toulousain (2022 - 2026),,,https://all.rugby/player/celian-pouzelgues,Avenir Moissagais (2011 - 2016) -> Sporting Union Agenais (2016 - 2018) -> Avenir Valencien (2018 - 2022) -> Stade Toulousain (2022 - 2026)
Kalvin GOURGUES,Kalvin GOURGUES,CTB,トゥールーズ,184,97,//2005,,,,Grenade Sports (2010 - 2019) -> Stade Toulousain (2019 - 2026),A,0,https://all.rugby/player/kalvin-gourgues,,Grenade Sports (2010 - 2019) -> Stade Toulousain (2019 - 2026),France,France,https://all.rugby/player/kalvin-gourgues,Grenade Sports (2010 - 2019) -> Stade Toulousain (2019 - 2026)
Paul COSTES,Paul COSTES,CTB,トゥールーズ,183,90,2003.04.04,,,,Toulouse Université Club (2010 - 2015) -> US Colomiers (2015 - 2018) -> Stade Toulousain (2018 - 2026),A,0,https://all.rugby/player/paul-costes,,Toulouse Université Club (2010 - 2015) -> US Colomiers (2015 - 2018) -> Stade Toulousain (2018 - 2026),,,https://all.rugby/player/paul-costes,Toulouse Université Club (2010 - 2015) -> US Colomiers (2015 - 2018) -> Stade Toulousain (2018 - 2026)
Pierre-Louis BARASSI,Pierre-Louis BARASSI,CTB,トゥールーズ,188,102,1998.04.22,,,,Racing Club Narbonnais (2005 - 2016) -> Lyon Olympique Universitaire Rugby (2016 - 2022) -> Stade Toulousain (2022 - 2026),A,0,https://all.rugby/player/pierre-louis-barassi,,Racing Club Narbonnais (2005 - 2016) -> Lyon Olympique Universitaire Rugby (2016 - 2022) -> Stade Toulousain (2022 - 2026),France,France,https://all.rugby/player/pierre-louis-barassi,Racing Club Narbonnais (2005 - 2016) -> Lyon Olympique Universitaire Rugby (2016 - 2022) -> Stade Toulousain (2022 - 2026)
Santiago CHOCOBARES,Santiago CHOCOBARES,CTB,トゥールーズ,188,100,1999.03.31,,,,Jaguares (2018 - 2020) -> Stade Toulousain (2020 - 2026),A,0,https://all.rugby/player/santiago-chocobares,,Jaguares (2018 - 2020) -> Stade Toulousain (2020 - 2026),Argentina,Argentina,https://all.rugby/player/santiago-chocobares,Jaguares (2018 - 2020) -> Stade Toulousain (2020 - 2026)
Teddy THOMAS,Teddy THOMAS,CTB,トゥールーズ,185,98,1993.09.18,,,,Biarritz Olympique Pays Basque (2004 - 2014) -> Racing 92 (2014 - 2022) -> Stade Rochelais (2022 - 2025) -> Stade Toulousain (2025 - 2026),A,0,https://all.rugby/player/teddy-thomas,,Biarritz Olympique Pays Basque (2004 - 2014) -> Racing 92 (2014 - 2022) -> Stade Rochelais (2022 - 2025) -> Stade Toulousain (2025 - 2026),France,France,https://all.rugby/player/teddy-thomas,Biarritz Olympique Pays Basque (2004 - 2014) -> Racing 92 (2014 - 2022) -> Stade Rochelais (2022 - 2025) -> Stade Toulousain (2025 - 2026)
Dimitri DELIBES,Dimitri DELIBES,WTB,トゥールーズ,190,99,1999.03.17,,,,Blagnac (2011 - 2018) -> Stade Toulousain (2018 - 2026),A,0,https://all.rugby/player/dimitri-delibes,,Blagnac (2011 - 2018) -> Stade Toulousain (2018 - 2026),,,https://all.rugby/player/dimitri-delibes,Blagnac (2011 - 2018) -> Stade Toulousain (2018 - 2026)
Matthis LEBEL,Matthis LEBEL,WTB,トゥールーズ,185,91,1999.03.25,,,,Lombez Samatan (2004 - 2013) -> Stade Toulousain (2013 - 2026),A,0,https://all.rugby/player/matthis-lebel,,Lombez Samatan (2004 - 2013) -> Stade Toulousain (2013 - 2026),France,France,https://all.rugby/player/matthis-lebel,Lombez Samatan (2004 - 2013) -> Stade Toulousain (2013 - 2026)
Nelson ÉPÉE,Nelson ÉPÉE,WTB,トゥールーズ,174,80,2001.02.20,,,,U.A. Saverdun (2008 - 2017) -> Stade Toulousain (2017 - 2026),A,0,https://all.rugby/player/nelson-epee,,U.A. Saverdun (2008 - 2017) -> Stade Toulousain (2017 - 2026),,,https://all.rugby/player/nelson-epee,U.A. Saverdun (2008 - 2017) -> Stade Toulousain (2017 - 2026)
Ange CAPUOZZO,Ange CAPUOZZO,FB,トゥールーズ,178,82,1999.04.30,,,,US Deux Ponts Rugby (2005 - 2010) -> FC Grenoble Rugby (2010 - 2022) -> Stade Toulousain (2022 - 2026),A,0,https://all.rugby/player/ange-capuozzo,,US Deux Ponts Rugby (2005 - 2010) -> FC Grenoble Rugby (2010 - 2022) -> Stade Toulousain (2022 - 2026),France,France,https://all.rugby/player/ange-capuozzo,US Deux Ponts Rugby (2005 - 2010) -> FC Grenoble Rugby (2010 - 2022) -> Stade Toulousain (2022 - 2026)
Blair KINGHORN,Blair KINGHORN,FB,トゥールーズ,193,107,1997.01.18,,,,Edimbourg Rugby (2015 - 2023) -> Stade Toulousain (2023 - 2023) -> Edimbourg Rugby (2024 - 2024) -> Stade Toulousain (2024 - 2026),A,0,https://all.rugby/player/blair-kinghorn,,Edimbourg Rugby (2015 - 2023) -> Stade Toulousain (2023 - 2023) -> Edimbourg Rugby (2024 - 2024) -> Stade Toulousain (2024 - 2026),Scotland,Scotland,https://all.rugby/player/blair-kinghorn,Edimbourg Rugby (2015 - 2023) -> Stade Toulousain (2023 - 2023) -> Edimbourg Rugby (2024 - 2024) -> Stade Toulousain (2024 - 2026)
Juan Cruz MALLÍA,Juan Cruz MALLÍA,FB,トゥールーズ,182,92,1996.09.11,,,,Jaguares (2017 - 2020) -> Stade Toulousain (2020 - 2026),A,0,https://all.rugby/player/juan-cruz-mallia,,Jaguares (2017 - 2020) -> Stade Toulousain (2020 - 2026),Argentina,Argentina,https://all.rugby/player/juan-cruz-mallia,Jaguares (2017 - 2020) -> Stade Toulousain (2020 - 2026)
Matias REMUE,Matias REMUE,FB,トゥールーズ,184,86,2003.03.07,,,,Royal Kituro Rugby Club (2013 - 2022) -> Stade Toulousain (2022 - 2026),A,0,https://all.rugby/player/matias-remue,,Royal Kituro Rugby Club (2013 - 2022) -> Stade Toulousain (2022 - 2026),Belgium,Belgium,https://all.rugby/player/matias-remue,Royal Kituro Rugby Club (2013 - 2022) -> Stade Toulousain (2022 - 2026)
Thomas RAMOS,Thomas RAMOS,FB,トゥールーズ,178,87,1995.07.23,,,,SC Mazamet (2004 - 2011) -> Stade Toulousain (2011 - 2016) -> US Colomiers (2016 - 2017) -> Stade Toulousain (2017 - 2026),A,0,https://all.rugby/player/thomas-ramos,,SC Mazamet (2004 - 2011) -> Stade Toulousain (2011 - 2016) -> US Colomiers (2016 - 2017) -> Stade Toulousain (2017 - 2026),France,France,https://all.rugby/player/thomas-ramos,SC Mazamet (2004 - 2011) -> Stade Toulousain (2011 - 2016) -> US Colomiers (2016 - 2017) -> Stade Toulousain (2017 - 2026)
Ben TAMEIFUNA,Ben TAMEIFUNA,PR,ボルドー・ベグル,188,151,1991.08.30,,,,Chiefs (2011 - 2015) -> Racing 92 (2015 - 2020) -> Union Bordeaux-Bègles (2020 - 2026),A,0,https://all.rugby/player/ben-tameifuna,,Chiefs (2011 - 2015) -> Racing 92 (2015 - 2020) -> Union Bordeaux-Bègles (2020 - 2026),New Zealand,New Zealand,https://all.rugby/player/ben-tameifuna,Chiefs (2011 - 2015) -> Racing 92 (2015 - 2020) -> Union Bordeaux-Bègles (2020 - 2026)
Carlü SADIE,Carlü SADIE,PR,ボルドー・ベグル,182,138,1997.05.07,,,,Stormers (2017 - 2018) -> Lions Rugby (2018 - 2019) -> Stade Français Paris Rugby (2019 - 2019) -> Lions Rugby (2019 - 2019) -> Stade Français Paris Rugby (2020 - 2020) -> Lions Rugby (2020 - 2022) -> Sharks (2022 - 2023) -> Union Bordeaux-Bègles (2023 - 2026),A,0,https://all.rugby/player/carlu-sadie,,Stormers (2017 - 2018) -> Lions Rugby (2018 - 2019) -> Stade Français Paris Rugby (2019 - 2019) -> Lions Rugby (2019 - 2019) -> Stade Français Paris Rugby (2020 - 2020) -> Lions Rugby (2020 - 2022) -> Sharks (2022 - 2023) -> Union Bordeaux-Bègles (2023 - 2026),,,https://all.rugby/player/carlu-sadie,Stormers (2017 - 2018) -> Lions Rugby (2018 - 2019) -> Stade Français Paris Rugby (2019 - 2019) -> Lions Rugby (2019 - 2019) -> Stade Français Paris Rugby (2020 - 2020) -> Lions Rugby (2020 - 2022) -> Sharks (2022 - 2023) -> Union Bordeaux-Bègles (2023 - 2026)
Jefferson POIROT,Jefferson POIROT,PR,ボルドー・ベグル,181,117,1992.11.01,,,,US Lalinde (2004 - 2008) -> CA Brive Corrèze Limousin (2008 - 2012) -> Union Bordeaux-Bègles (2012 - 2026),A,0,https://all.rugby/player/jefferson-poirot,,US Lalinde (2004 - 2008) -> CA Brive Corrèze Limousin (2008 - 2012) -> Union Bordeaux-Bègles (2012 - 2026),France,France,https://all.rugby/player/jefferson-poirot,US Lalinde (2004 - 2008) -> CA Brive Corrèze Limousin (2008 - 2012) -> Union Bordeaux-Bègles (2012 - 2026)
Matis PERCHAUD,Matis PERCHAUD,PR,ボルドー・ベグル,187,114,2002.09.17,,,,US Mouguerre (2008 - 2017) -> Aviron Bayonnais (2017 - 2024) -> Union Bordeaux-Bègles (2024 - 2026),A,0,https://all.rugby/player/matis-perchaud,,US Mouguerre (2008 - 2017) -> Aviron Bayonnais (2017 - 2024) -> Union Bordeaux-Bègles (2024 - 2026),,,https://all.rugby/player/matis-perchaud,US Mouguerre (2008 - 2017) -> Aviron Bayonnais (2017 - 2024) -> Union Bordeaux-Bègles (2024 - 2026)
Sipili FALATEA,Sipili FALATEA,PR,ボルドー・ベグル,183,116,1997.06.06,,,,US Colomiers (2015 - 2017) -> ASM Clermont Auvergne (2017 - 2022) -> Union Bordeaux-Bègles (2022 - 2026),A,0,https://all.rugby/player/sipili-falatea,,US Colomiers (2015 - 2017) -> ASM Clermont Auvergne (2017 - 2022) -> Union Bordeaux-Bègles (2022 - 2026),France,France,https://all.rugby/player/sipili-falatea,US Colomiers (2015 - 2017) -> ASM Clermont Auvergne (2017 - 2022) -> Union Bordeaux-Bègles (2022 - 2026)
Toma'Akino TAUFA,Toma'Akino TAUFA,PR,ボルドー・ベグル,180,145,1995.03.09,,,,Aviron Bayonnais (2014 - 2020) -> Montpellier Hérault Rugby (2020 - 2020) -> Aviron Bayonnais (2020 - 2020) -> Montpellier Hérault Rugby (2021 - 2021) -> Aviron Bayonnais (2021 - 2021) -> FC Grenoble Rugby (2021 - 2023) -> Stado Tarbes Pyrénées Rugby (2023 - 2023) -> Union Bordeaux-Bègles (2023 - 2023) -> Stado Tarbes Pyrénées Rugby (2024 - 2024) -> Union Bordeaux-Bègles (2024 - 2026),A,0,https://all.rugby/player/toma-akino-taufa,,Aviron Bayonnais (2014 - 2020) -> Montpellier Hérault Rugby (2020 - 2020) -> Aviron Bayonnais (2020 - 2020) -> Montpellier Hérault Rugby (2021 - 2021) -> Aviron Bayonnais (2021 - 2021) -> FC Grenoble Rugby (2021 - 2023) -> Stado Tarbes Pyrénées Rugby (2023 - 2023) -> Union Bordeaux-Bègles (2023 - 2023) -> Stado Tarbes Pyrénées Rugby (2024 - 2024) -> Union Bordeaux-Bègles (2024 - 2026),Tonga,Tonga,https://all.rugby/player/toma-akino-taufa,Aviron Bayonnais (2014 - 2020) -> Montpellier Hérault Rugby (2020 - 2020) -> Aviron Bayonnais (2020 - 2020) -> Montpellier Hérault Rugby (2021 - 2021) -> Aviron Bayonnais (2021 - 2021) -> FC Grenoble Rugby (2021 - 2023) -> Stado Tarbes Pyrénées Rugby (2023 - 2023) -> Union Bordeaux-Bègles (2023 - 2023) -> Stado Tarbes Pyrénées Rugby (2024 - 2024) -> Union Bordeaux-Bègles (2024 - 2026)
Ugo BONIFACE,Ugo BONIFACE,PR,ボルドー・ベグル,190,125,1998.07.21,,,,US Casteljaloux (2004 - 2012) -> Union Sportive Néracaise (2012 - 2013) -> Sporting Union Agenais (2013 - 2016) -> Aviron Bayonnais (2016 - 2022) -> Union Bordeaux-Bègles (2022 - 2026),A,0,https://all.rugby/player/ugo-boniface,,US Casteljaloux (2004 - 2012) -> Union Sportive Néracaise (2012 - 2013) -> Sporting Union Agenais (2013 - 2016) -> Aviron Bayonnais (2016 - 2022) -> Union Bordeaux-Bègles (2022 - 2026),,,https://all.rugby/player/ugo-boniface,US Casteljaloux (2004 - 2012) -> Union Sportive Néracaise (2012 - 2013) -> Sporting Union Agenais (2013 - 2016) -> Aviron Bayonnais (2016 - 2022) -> Union Bordeaux-Bègles (2022 - 2026)
Christian EVERITT,Christian EVERITT,HO,ボルドー・ベグル,187,106,//2005,,,,Sharks (2023 - 2024) -> Union Bordeaux-Bègles (2024 - 2026),A,0,https://all.rugby/player/christian-everitt,,Sharks (2023 - 2024) -> Union Bordeaux-Bègles (2024 - 2026),,,https://all.rugby/player/christian-everitt,Sharks (2023 - 2024) -> Union Bordeaux-Bègles (2024 - 2026)
Connor SA,Connor SA,HO,ボルドー・ベグル,183,103,2002.01.22,,,,Union Bordeaux-Bègles (2015 - 2022) -> US Carcassonne (2022 - 2022) -> Union Bordeaux-Bègles (2023 - 2023) -> US Carcassonne (2023 - 2023) -> Union Bordeaux-Bègles (2023 - 2026),A,0,https://all.rugby/player/connor-sa,,Union Bordeaux-Bègles (2015 - 2022) -> US Carcassonne (2022 - 2022) -> Union Bordeaux-Bègles (2023 - 2023) -> US Carcassonne (2023 - 2023) -> Union Bordeaux-Bègles (2023 - 2026),,,https://all.rugby/player/connor-sa,Union Bordeaux-Bègles (2015 - 2022) -> US Carcassonne (2022 - 2022) -> Union Bordeaux-Bègles (2023 - 2023) -> US Carcassonne (2023 - 2023) -> Union Bordeaux-Bègles (2023 - 2026)
Gaëtan BARLOT,Gaëtan BARLOT,HO,ボルドー・ベグル,184,107,1997.04.13,,,,ASM Clermont Auvergne (2006 - 2014) -> US Colomiers (2015 - 2020) -> Castres Olympique (2020 - 2025) -> Union Bordeaux-Bègles (2025 - 2026),A,0,https://all.rugby/player/gaetan-barlot,,ASM Clermont Auvergne (2006 - 2014) -> US Colomiers (2015 - 2020) -> Castres Olympique (2020 - 2025) -> Union Bordeaux-Bègles (2025 - 2026),France,France,https://all.rugby/player/gaetan-barlot,ASM Clermont Auvergne (2006 - 2014) -> US Colomiers (2015 - 2020) -> Castres Olympique (2020 - 2025) -> Union Bordeaux-Bègles (2025 - 2026)
Maxime LAMOTHE,Maxime LAMOTHE,HO,ボルドー・ベグル,184,109,1998.10.03,,,,Pessac (2009 - 2012) -> Union Bordeaux-Bègles (2012 - 2019) -> Aviron Bayonnais (2019 - 2020) -> Union Bordeaux-Bègles (2020 - 2026),A,0,https://all.rugby/player/maxime-lamothe,,Pessac (2009 - 2012) -> Union Bordeaux-Bègles (2012 - 2019) -> Aviron Bayonnais (2019 - 2020) -> Union Bordeaux-Bègles (2020 - 2026),France,France,https://all.rugby/player/maxime-lamothe,Pessac (2009 - 2012) -> Union Bordeaux-Bègles (2012 - 2019) -> Aviron Bayonnais (2019 - 2020) -> Union Bordeaux-Bègles (2020 - 2026)
Adam COLEMAN,Adam COLEMAN,LO,ボルドー・ベグル,206,122,1991.10.07,,,,Western Force (2013 - 2017) -> Melbourne Rebels (2017 - 2019) -> London Irish (2019 - 2023) -> Union Bordeaux-Bègles (2023 - 2026),A,0,https://all.rugby/player/adam-coleman,,Western Force (2013 - 2017) -> Melbourne Rebels (2017 - 2019) -> London Irish (2019 - 2023) -> Union Bordeaux-Bègles (2023 - 2026),Australia,Australia,https://all.rugby/player/adam-coleman,Western Force (2013 - 2017) -> Melbourne Rebels (2017 - 2019) -> London Irish (2019 - 2023) -> Union Bordeaux-Bègles (2023 - 2026)
Boris PALU,Boris PALU,LO,ボルドー・ベグル,194,113,1996.02.04,,,,Maison-Laffitte Saint-Germain Poissy Rugby (2008 - 2010) -> Racing 92 (2010 - 2025) -> Union Bordeaux-Bègles (2025 - 2026),A,0,https://all.rugby/player/boris-palu,,Maison-Laffitte Saint-Germain Poissy Rugby (2008 - 2010) -> Racing 92 (2010 - 2025) -> Union Bordeaux-Bègles (2025 - 2026),France,France,https://all.rugby/player/boris-palu,Maison-Laffitte Saint-Germain Poissy Rugby (2008 - 2010) -> Racing 92 (2010 - 2025) -> Union Bordeaux-Bègles (2025 - 2026)
Cyril CAZEAUX,Cyril CAZEAUX,LO,ボルドー・ベグル,198,117,1995.02.10,,,,US Dax Rugby Landes (2014 - 2015) -> Union Bordeaux-Bègles (2015 - 2026),A,0,https://all.rugby/player/cyril-cazeaux,,US Dax Rugby Landes (2014 - 2015) -> Union Bordeaux-Bègles (2015 - 2026),France,France,https://all.rugby/player/cyril-cazeaux,US Dax Rugby Landes (2014 - 2015) -> Union Bordeaux-Bègles (2015 - 2026)
Jonny GRAY,Jonny GRAY,LO,ボルドー・ベグル,198,122,1994.03.14,,,,Glasgow Warriors (2013 - 2019) -> Exeter Chiefs (2019 - 2019) -> Glasgow Warriors (2020 - 2020) -> Exeter Chiefs (2020 - 2024) -> Union Bordeaux-Bègles (2024 - 2026),A,0,https://all.rugby/player/jonny-gray,,Glasgow Warriors (2013 - 2019) -> Exeter Chiefs (2019 - 2019) -> Glasgow Warriors (2020 - 2020) -> Exeter Chiefs (2020 - 2024) -> Union Bordeaux-Bègles (2024 - 2026),Scotland,Scotland,https://all.rugby/player/jonny-gray,Glasgow Warriors (2013 - 2019) -> Exeter Chiefs (2019 - 2019) -> Glasgow Warriors (2020 - 2020) -> Exeter Chiefs (2020 - 2024) -> Union Bordeaux-Bègles (2024 - 2026)
Bastien VERGNES-TAILLEFER,Bastien VERGNES-TAILLEFER,FL/NO8,ボルドー・ベグル,194,114,1997.06.13,,,,Roques Olympique Club (2004 - 2005) -> Sport Athlétique Auterivain XV (2007 - 2012) -> US Colomiers (2012 - 2021) -> Union Bordeaux-Bègles (2021 - 2026),A,0,https://all.rugby/player/bastien-vergnes-taillefer,,Roques Olympique Club (2004 - 2005) -> Sport Athlétique Auterivain XV (2007 - 2012) -> US Colomiers (2012 - 2021) -> Union Bordeaux-Bègles (2021 - 2026),France,France,https://all.rugby/player/bastien-vergnes-taillefer,Roques Olympique Club (2004 - 2005) -> Sport Athlétique Auterivain XV (2007 - 2012) -> US Colomiers (2012 - 2021) -> Union Bordeaux-Bègles (2021 - 2026)
Bobby BISSU,Bobby BISSU,FL/NO8,ボルドー・ベグル,189,110,//2006,,,,Balma Olympique Rugby Club (2021 - 2023) -> Club Athlétique Bordeaux Bègles Gironde (2023 - 2024) -> Union Bordeaux-Bègles (2024 - 2026),A,0,https://all.rugby/player/bobby-bissu,,Balma Olympique Rugby Club (2021 - 2023) -> Club Athlétique Bordeaux Bègles Gironde (2023 - 2024) -> Union Bordeaux-Bègles (2024 - 2026),,,https://all.rugby/player/bobby-bissu,Balma Olympique Rugby Club (2021 - 2023) -> Club Athlétique Bordeaux Bègles Gironde (2023 - 2024) -> Union Bordeaux-Bègles (2024 - 2026)
Cameron WOKI,Cameron WOKI,FL/NO8,ボルドー・ベグル,196,111,1998.11.07,,,,AC Bobigny 93 (2008 - 2012) -> Rugby Club Massy Essonne (2012 - 2017) -> Union Bordeaux-Bègles (2017 - 2022) -> Racing 92 (2022 - 2025) -> Union Bordeaux-Bègles (2025 - 2026),A,0,https://all.rugby/player/cameron-woki,,AC Bobigny 93 (2008 - 2012) -> Rugby Club Massy Essonne (2012 - 2017) -> Union Bordeaux-Bègles (2017 - 2022) -> Racing 92 (2022 - 2025) -> Union Bordeaux-Bègles (2025 - 2026),France,France,https://all.rugby/player/cameron-woki,AC Bobigny 93 (2008 - 2012) -> Rugby Club Massy Essonne (2012 - 2017) -> Union Bordeaux-Bègles (2017 - 2022) -> Racing 92 (2022 - 2025) -> Union Bordeaux-Bègles (2025 - 2026)
Jean-Luc DU PREEZ,Jean-Luc DU PREEZ,FL/NO8,ボルドー・ベグル,194,114,1995.08.05,,,,Sharks (2015 - 2018) -> Sale Sharks (2018 - 2018) -> Sharks (2018 - 2018) -> Sale Sharks (2019 - 2019) -> Sharks (2019 - 2019) -> Sale Sharks (2019 - 2025) -> Union Bordeaux-Bègles (2025 - 2026),A,0,https://all.rugby/player/jean-luc-du-preez,,Sharks (2015 - 2018) -> Sale Sharks (2018 - 2018) -> Sharks (2018 - 2018) -> Sale Sharks (2019 - 2019) -> Sharks (2019 - 2019) -> Sale Sharks (2019 - 2025) -> Union Bordeaux-Bègles (2025 - 2026),South Africa,South Africa,https://all.rugby/player/jean-luc-du-preez,Sharks (2015 - 2018) -> Sale Sharks (2018 - 2018) -> Sharks (2018 - 2018) -> Sale Sharks (2019 - 2019) -> Sharks (2019 - 2019) -> Sale Sharks (2019 - 2025) -> Union Bordeaux-Bègles (2025 - 2026)
Lachlan SWINTON,Lachlan SWINTON,FL/NO8,ボルドー・ベグル,195,113,1997.01.16,,,,New South Wales Waratahs (2018 - 2024) -> Union Bordeaux-Bègles (2024 - 2026),A,0,https://all.rugby/player/lachlan-swinton,,New South Wales Waratahs (2018 - 2024) -> Union Bordeaux-Bègles (2024 - 2026),Australia,Australia,https://all.rugby/player/lachlan-swinton,New South Wales Waratahs (2018 - 2024) -> Union Bordeaux-Bègles (2024 - 2026)
Marko GAZZOTTI,Marko GAZZOTTI,FL/NO8,ボルドー・ベグル,192,110,//2004,,,,FCAix Rugby (2009 - 2018) -> Rugby Club Savoie Rumilly (2018 - 2019) -> FC Grenoble Rugby (2019 - 2023) -> Union Bordeaux-Bègles (2023 - 2026),A,0,https://all.rugby/player/marko-gazzotti,,FCAix Rugby (2009 - 2018) -> Rugby Club Savoie Rumilly (2018 - 2019) -> FC Grenoble Rugby (2019 - 2023) -> Union Bordeaux-Bègles (2023 - 2026),,,https://all.rugby/player/marko-gazzotti,FCAix Rugby (2009 - 2018) -> Rugby Club Savoie Rumilly (2018 - 2019) -> FC Grenoble Rugby (2019 - 2023) -> Union Bordeaux-Bègles (2023 - 2026)
Pierre BOCHATON,Pierre BOCHATON,FL/NO8,ボルドー・ベグル,197,103,2001.04.17,,,,Rugby Trévoux Châtillon (2010 - 2014) -> Union Sportive Bressane Pays de l'Ain (2014 - 2021) -> Union Bordeaux-Bègles (2021 - 2026),A,0,https://all.rugby/player/pierre-bochaton,,Rugby Trévoux Châtillon (2010 - 2014) -> Union Sportive Bressane Pays de l'Ain (2014 - 2021) -> Union Bordeaux-Bègles (2021 - 2026),France,France,https://all.rugby/player/pierre-bochaton,Rugby Trévoux Châtillon (2010 - 2014) -> Union Sportive Bressane Pays de l'Ain (2014 - 2021) -> Union Bordeaux-Bègles (2021 - 2026)
Romain GARDRAT,Romain GARDRAT,FL/NO8,ボルドー・ベグル,194,95,2003.12.31,,,,Avenir Valencien (2011 - 2018) -> Sporting Union Agenais (2018 - 2021) -> Union Bordeaux-Bègles (2021 - 2026),A,0,https://all.rugby/player/romain-gardrat,,Avenir Valencien (2011 - 2018) -> Sporting Union Agenais (2018 - 2021) -> Union Bordeaux-Bègles (2021 - 2026),,,https://all.rugby/player/romain-gardrat,Avenir Valencien (2011 - 2018) -> Sporting Union Agenais (2018 - 2021) -> Union Bordeaux-Bègles (2021 - 2026)
Temo MATIU,Temo MATIU,FL/NO8,ボルドー・ベグル,191,100,2001.07.20,,,,Pennes-Mirabeau Cadeneaux Rugby (2007 - 2008) -> Biarritz Olympique Pays Basque (2011 - 2024) -> Union Bordeaux-Bègles (2024 - 2026),A,0,https://all.rugby/player/temo-matiu,,Pennes-Mirabeau Cadeneaux Rugby (2007 - 2008) -> Biarritz Olympique Pays Basque (2011 - 2024) -> Union Bordeaux-Bègles (2024 - 2026),,,https://all.rugby/player/temo-matiu,Pennes-Mirabeau Cadeneaux Rugby (2007 - 2008) -> Biarritz Olympique Pays Basque (2011 - 2024) -> Union Bordeaux-Bègles (2024 - 2026)
Tiaan JACOBS,Tiaan JACOBS,FL/NO8,ボルドー・ベグル,193,107,//2004,,,,Selborne College (2021 - 2022) -> Biarritz Olympique Pays Basque (2022 - 2024) -> Union Bordeaux-Bègles (2024 - 2026),A,0,https://all.rugby/player/tiaan-jacobs,,Selborne College (2021 - 2022) -> Biarritz Olympique Pays Basque (2022 - 2024) -> Union Bordeaux-Bègles (2024 - 2026),,,https://all.rugby/player/tiaan-jacobs,Selborne College (2021 - 2022) -> Biarritz Olympique Pays Basque (2022 - 2024) -> Union Bordeaux-Bègles (2024 - 2026)
Martin PAGE-RELO,Martin PAGE-RELO,SH,ボルドー・ベグル,173,77,1999.01.06,,,,US L'Isle Jourdain (2010 - 2012) -> Stade Toulousain (2012 - 2020) -> US Carcassonne (2020 - 2021) -> Stade Toulousain (2021 - 2023) -> Lyon Olympique Universitaire Rugby (2023 - 2025) -> Union Bordeaux-Bègles (2025 - 2026),A,0,https://all.rugby/player/martin-page-relo,,US L'Isle Jourdain (2010 - 2012) -> Stade Toulousain (2012 - 2020) -> US Carcassonne (2020 - 2021) -> Stade Toulousain (2021 - 2023) -> Lyon Olympique Universitaire Rugby (2023 - 2025) -> Union Bordeaux-Bègles (2025 - 2026),France,France,https://all.rugby/player/martin-page-relo,US L'Isle Jourdain (2010 - 2012) -> Stade Toulousain (2012 - 2020) -> US Carcassonne (2020 - 2021) -> Stade Toulousain (2021 - 2023) -> Lyon Olympique Universitaire Rugby (2023 - 2025) -> Union Bordeaux-Bègles (2025 - 2026)
Maxime LUCU,Maxime LUCU,SH,ボルドー・ベグル,177,83,1993.01.12,,,,Saint-Pée UC (2004 - 2010) -> Saint Jean-de-Luz Olympique Rugby (2010 - 2011) -> Biarritz Olympique Pays Basque (2011 - 2019) -> Union Bordeaux-Bègles (2019 - 2026),A,0,https://all.rugby/player/maxime-lucu,,Saint-Pée UC (2004 - 2010) -> Saint Jean-de-Luz Olympique Rugby (2010 - 2011) -> Biarritz Olympique Pays Basque (2011 - 2019) -> Union Bordeaux-Bègles (2019 - 2026),,,https://all.rugby/player/maxime-lucu,Saint-Pée UC (2004 - 2010) -> Saint Jean-de-Luz Olympique Rugby (2010 - 2011) -> Biarritz Olympique Pays Basque (2011 - 2019) -> Union Bordeaux-Bègles (2019 - 2026)
Valentin HUTTEAU,Valentin HUTTEAU,SH,ボルドー・ベグル,169,75,//2007,,,,US Pithiviers (2012 - 2020) -> Rugby Club Massy Essonne (2020 - 2025) -> Union Bordeaux-Bègles (2025 - 2026),A,0,https://all.rugby/player/valentin-hutteau,,US Pithiviers (2012 - 2020) -> Rugby Club Massy Essonne (2020 - 2025) -> Union Bordeaux-Bègles (2025 - 2026),,,https://all.rugby/player/valentin-hutteau,US Pithiviers (2012 - 2020) -> Rugby Club Massy Essonne (2020 - 2025) -> Union Bordeaux-Bègles (2025 - 2026)
Joey CARBERY,Joey CARBERY,SO,ボルドー・ベグル,183,86,1995.11.01,,,,Leinster Rugby (2015 - 2018) -> Munster Rugby (2018 - 2024) -> Union Bordeaux-Bègles (2024 - 2026),A,0,https://all.rugby/player/joey-carbery,,Leinster Rugby (2015 - 2018) -> Munster Rugby (2018 - 2024) -> Union Bordeaux-Bègles (2024 - 2026),New Zealand,New Zealand,https://all.rugby/player/joey-carbery,Leinster Rugby (2015 - 2018) -> Munster Rugby (2018 - 2024) -> Union Bordeaux-Bègles (2024 - 2026)
Joseph LAHARRAGUE,Joseph LAHARRAGUE,SO,ボルドー・ベグル,183,80,//2006,,,,RC Montauban (2013 - 2015) -> Sporting Club Nègrepelisse (2015 - 2016) -> Stado Tarbes Pyrénées Rugby (2016 - 2023) -> Union Bordeaux-Bègles (2023 - 2026),A,0,https://all.rugby/player/joseph-laharrague,,RC Montauban (2013 - 2015) -> Sporting Club Nègrepelisse (2015 - 2016) -> Stado Tarbes Pyrénées Rugby (2016 - 2023) -> Union Bordeaux-Bègles (2023 - 2026),,,https://all.rugby/player/joseph-laharrague,RC Montauban (2013 - 2015) -> Sporting Club Nègrepelisse (2015 - 2016) -> Stado Tarbes Pyrénées Rugby (2016 - 2023) -> Union Bordeaux-Bègles (2023 - 2026)
Matthieu JALIBERT,Matthieu JALIBERT,SO,ボルドー・ベグル,184,86,1998.11.06,,,,ASS Stade Calédonien (2005 - 2007) -> Union Bordeaux-Bègles (2007 - 2026),A,0,https://all.rugby/player/matthieu-jalibert,,ASS Stade Calédonien (2005 - 2007) -> Union Bordeaux-Bègles (2007 - 2026),France,France,https://all.rugby/player/matthieu-jalibert,ASS Stade Calédonien (2005 - 2007) -> Union Bordeaux-Bègles (2007 - 2026)
Adrien DRAULT,Adrien DRAULT,CTB,ボルドー・ベグル,183,94,//2006,,,,AS Cénac Latresne (2013 - 2017) -> Rugby Club de la Pimpine (2017 - 2020) -> Union Bordeaux-Bègles (2020 - 2026),A,0,https://all.rugby/player/adrien-drault,,AS Cénac Latresne (2013 - 2017) -> Rugby Club de la Pimpine (2017 - 2020) -> Union Bordeaux-Bègles (2020 - 2026),,,https://all.rugby/player/adrien-drault,AS Cénac Latresne (2013 - 2017) -> Rugby Club de la Pimpine (2017 - 2020) -> Union Bordeaux-Bègles (2020 - 2026)
Nicolas DEPOORTÈRE,Nicolas DEPOORTÈRE,CTB,ボルドー・ベグル,194,94,2003.01.13,,,,US Izon (2007 - 2016) -> Union Bordeaux-Bègles (2016 - 2026),A,0,https://all.rugby/player/nicolas-depoortere,,US Izon (2007 - 2016) -> Union Bordeaux-Bègles (2016 - 2026),France,France,https://all.rugby/player/nicolas-depoortere,US Izon (2007 - 2016) -> Union Bordeaux-Bègles (2016 - 2026)
Pablo UBERTI,Pablo UBERTI,CTB,ボルドー・ベグル,185,91,1997.10.19,,,,Capbreton Hossegor Rugby (2004 - 2013) -> US Tyrosse (2013 - 2016) -> Union Bordeaux-Bègles (2016 - 2018) -> FC Grenoble Rugby (2018 - 2020) -> Union Bordeaux-Bègles (2020 - 2026),A,0,https://all.rugby/player/pablo-uberti,,Capbreton Hossegor Rugby (2004 - 2013) -> US Tyrosse (2013 - 2016) -> Union Bordeaux-Bègles (2016 - 2018) -> FC Grenoble Rugby (2018 - 2020) -> Union Bordeaux-Bègles (2020 - 2026),,,https://all.rugby/player/pablo-uberti,Capbreton Hossegor Rugby (2004 - 2013) -> US Tyrosse (2013 - 2016) -> Union Bordeaux-Bègles (2016 - 2018) -> FC Grenoble Rugby (2018 - 2020) -> Union Bordeaux-Bègles (2020 - 2026)
Rohan JANSE VAN RENSBURG,Rohan JANSE VAN RENSBURG,CTB,ボルドー・ベグル,185,109,1994.09.11,,,,Lions Rugby (2015 - 2017) -> Sale Sharks (2017 - 2017) -> Lions Rugby (2017 - 2017) -> Sale Sharks (2018 - 2018) -> Lions Rugby (2018 - 2018) -> Sale Sharks (2018 - 2022) -> Sharks (2022 - 2023) -> Yokohama Canon Eagles (2023 - 2023) -> Sharks (2024 - 2024) -> Yokohama Canon Eagles (2024 - 2024) -> Union Bordeaux-Bègles (2024 - 2026),A,0,https://all.rugby/player/rohan-janse-van-rensburg,,Lions Rugby (2015 - 2017) -> Sale Sharks (2017 - 2017) -> Lions Rugby (2017 - 2017) -> Sale Sharks (2018 - 2018) -> Lions Rugby (2018 - 2018) -> Sale Sharks (2018 - 2022) -> Sharks (2022 - 2023) -> Yokohama Canon Eagles (2023 - 2023) -> Sharks (2024 - 2024) -> Yokohama Canon Eagles (2024 - 2024) -> Union Bordeaux-Bègles (2024 - 2026),South Africa,South Africa,https://all.rugby/player/rohan-janse-van-rensburg,Lions Rugby (2015 - 2017) -> Sale Sharks (2017 - 2017) -> Lions Rugby (2017 - 2017) -> Sale Sharks (2018 - 2018) -> Lions Rugby (2018 - 2018) -> Sale Sharks (2018 - 2022) -> Sharks (2022 - 2023) -> Yokohama Canon Eagles (2023 - 2023) -> Sharks (2024 - 2024) -> Yokohama Canon Eagles (2024 - 2024) -> Union Bordeaux-Bègles (2024 - 2026)
Yoram MOEFANA,Yoram MOEFANA,CTB,ボルドー・ベグル,183,95,2000.07.18,,,,Union Sportive Athlétique de Limoges (2012 - 2013) -> US Colomiers (2013 - 2019) -> Union Bordeaux-Bègles (2019 - 2026),A,0,https://all.rugby/player/yoram-moefana,,Union Sportive Athlétique de Limoges (2012 - 2013) -> US Colomiers (2013 - 2019) -> Union Bordeaux-Bègles (2019 - 2026),France,France,https://all.rugby/player/yoram-moefana,Union Sportive Athlétique de Limoges (2012 - 2013) -> US Colomiers (2013 - 2019) -> Union Bordeaux-Bègles (2019 - 2026)
Arthur RETIÈRE,Arthur RETIÈRE,WTB,ボルドー・ベグル,173,80,1997.08.01,,,,Racing 92 (2014 - 2016) -> Stade Rochelais (2016 - 2022) -> Stade Toulousain (2022 - 2024) -> Union Bordeaux-Bègles (2024 - 2026),A,0,https://all.rugby/player/arthur-retiere,,Racing 92 (2014 - 2016) -> Stade Rochelais (2016 - 2022) -> Stade Toulousain (2022 - 2024) -> Union Bordeaux-Bègles (2024 - 2026),France,France,https://all.rugby/player/arthur-retiere,Racing 92 (2014 - 2016) -> Stade Rochelais (2016 - 2022) -> Stade Toulousain (2022 - 2024) -> Union Bordeaux-Bègles (2024 - 2026)
Damian PENAUD,Damian PENAUD,WTB,ボルドー・ベグル,188,97,1996.09.25,,,,Lyon Olympique Universitaire Rugby (2006 - 2007) -> CA Brive Corrèze Limousin (2007 - 2008) -> Malemort XV (2009 - 2010) -> CA Brive Corrèze Limousin (2010 - 2014) -> ASM Clermont Auvergne (2014 - 2023) -> Union Bordeaux-Bègles (2023 - 2026),A,0,https://all.rugby/player/damian-penaud,,Lyon Olympique Universitaire Rugby (2006 - 2007) -> CA Brive Corrèze Limousin (2007 - 2008) -> Malemort XV (2009 - 2010) -> CA Brive Corrèze Limousin (2010 - 2014) -> ASM Clermont Auvergne (2014 - 2023) -> Union Bordeaux-Bègles (2023 - 2026),France,France,https://all.rugby/player/damian-penaud,Lyon Olympique Universitaire Rugby (2006 - 2007) -> CA Brive Corrèze Limousin (2007 - 2008) -> Malemort XV (2009 - 2010) -> CA Brive Corrèze Limousin (2010 - 2014) -> ASM Clermont Auvergne (2014 - 2023) -> Union Bordeaux-Bègles (2023 - 2026)
Louis BIELLE-BIARREY,Louis BIELLE-BIARREY,WTB,ボルドー・ベグル,185,84,2003.06.19,,,,Seyssins (2008 - 2016) -> FC Grenoble Rugby (2016 - 2021) -> Union Bordeaux-Bègles (2021 - 2026),A,0,https://all.rugby/player/louis-bielle-biarrey,,Seyssins (2008 - 2016) -> FC Grenoble Rugby (2016 - 2021) -> Union Bordeaux-Bègles (2021 - 2026),France,France,https://all.rugby/player/louis-bielle-biarrey,Seyssins (2008 - 2016) -> FC Grenoble Rugby (2016 - 2021) -> Union Bordeaux-Bègles (2021 - 2026)
Madosh TAMBWE,Madosh TAMBWE,WTB,ボルドー・ベグル,186,94,1997.05.12,,,,Lions Rugby (2016 - 2018) -> Golden Lions (2018 - 2018) -> Lions Rugby (2019 - 2019) -> Golden Lions (2019 - 2019) -> Sharks (2019 - 2020) -> Bulls (2020 - 2022) -> Union Bordeaux-Bègles (2022 - 2024) -> Montpellier Hérault Rugby (2024 - 2025) -> Union Bordeaux-Bègles (2025 - 2025) -> Montpellier Hérault Rugby (2026 - 2026) -> Union Bordeaux-Bègles (2026 - 2026),A,0,https://all.rugby/player/michael-tambwe,,Lions Rugby (2016 - 2018) -> Golden Lions (2018 - 2018) -> Lions Rugby (2019 - 2019) -> Golden Lions (2019 - 2019) -> Sharks (2019 - 2020) -> Bulls (2020 - 2022) -> Union Bordeaux-Bègles (2022 - 2024) -> Montpellier Hérault Rugby (2024 - 2025) -> Union Bordeaux-Bègles (2025 - 2025) -> Montpellier Hérault Rugby (2026 - 2026) -> Union Bordeaux-Bègles (2026 - 2026),Congo,Congo,https://all.rugby/player/michael-tambwe,Lions Rugby (2016 - 2018) -> Golden Lions (2018 - 2018) -> Lions Rugby (2019 - 2019) -> Golden Lions (2019 - 2019) -> Sharks (2019 - 2020) -> Bulls (2020 - 2022) -> Union Bordeaux-Bègles (2022 - 2024) -> Montpellier Hérault Rugby (2024 - 2025) -> Union Bordeaux-Bègles (2025 - 2025) -> Montpellier Hérault Rugby (2026 - 2026) -> Union Bordeaux-Bègles (2026 - 2026)
Salesi RAYASI,Salesi RAYASI,WTB,ボルドー・ベグル,193,105,1996.09.25,,,,Hurricanes (2018 - 2019) -> All Blacks 7's (2019 - 2019) -> Hurricanes (2019 - 2019) -> Auckland (2019 - 2019) -> All Blacks 7's (2020 - 2020) -> Hurricanes (2020 - 2020) -> Auckland (2020 - 2020) -> Hurricanes (2020 - 2020) -> Auckland (2020 - 2020) -> Hurricanes (2021 - 2021) -> Auckland (2021 - 2021) -> Hurricanes (2021 - 2021) -> Auckland (2021 - 2021) -> Hurricanes (2022 - 2022) -> Auckland (2022 - 2022) -> Hurricanes (2022 - 2022) -> Auckland (2022 - 2022) -> Hurricanes (2023 - 2023) -> Auckland (2023 - 2023) -> Hurricanes (2023 - 2024) -> Rugby Club Vannes (2024 - 2025) -> Union Bordeaux-Bègles (2025 - 2026),A,0,https://all.rugby/player/salesi-rayasi,,Hurricanes (2018 - 2019) -> All Blacks 7's (2019 - 2019) -> Hurricanes (2019 - 2019) -> Auckland (2019 - 2019) -> All Blacks 7's (2020 - 2020) -> Hurricanes (2020 - 2020) -> Auckland (2020 - 2020) -> Hurricanes (2020 - 2020) -> Auckland (2020 - 2020) -> Hurricanes (2021 - 2021) -> Auckland (2021 - 2021) -> Hurricanes (2021 - 2021) -> Auckland (2021 - 2021) -> Hurricanes (2022 - 2022) -> Auckland (2022 - 2022) -> Hurricanes (2022 - 2022) -> Auckland (2022 - 2022) -> Hurricanes (2023 - 2023) -> Auckland (2023 - 2023) -> Hurricanes (2023 - 2024) -> Rugby Club Vannes (2024 - 2025) -> Union Bordeaux-Bègles (2025 - 2026),,,https://all.rugby/player/salesi-rayasi,Hurricanes (2018 - 2019) -> All Blacks 7's (2019 - 2019) -> Hurricanes (2019 - 2019) -> Auckland (2019 - 2019) -> All Blacks 7's (2020 - 2020) -> Hurricanes (2020 - 2020) -> Auckland (2020 - 2020) -> Hurricanes (2020 - 2020) -> Auckland (2020 - 2020) -> Hurricanes (2021 - 2021) -> Auckland (2021 - 2021) -> Hurricanes (2021 - 2021) -> Auckland (2021 - 2021) -> Hurricanes (2022 - 2022) -> Auckland (2022 - 2022) -> Hurricanes (2022 - 2022) -> Auckland (2022 - 2022) -> Hurricanes (2023 - 2023) -> Auckland (2023 - 2023) -> Hurricanes (2023 - 2024) -> Rugby Club Vannes (2024 - 2025) -> Union Bordeaux-Bègles (2025 - 2026)
Xan MOUSQUÈS,Xan MOUSQUÈS,WTB,ボルドー・ベグル,178,89,//2005,,,,US Nafarroa (2012 - 2022) -> Aviron Bayonnais (2022 - 2025) -> Union Bordeaux-Bègles (2025 - 2026),A,0,https://all.rugby/player/xan-mousques,,US Nafarroa (2012 - 2022) -> Aviron Bayonnais (2022 - 2025) -> Union Bordeaux-Bègles (2025 - 2026),,,https://all.rugby/player/xan-mousques,US Nafarroa (2012 - 2022) -> Aviron Bayonnais (2022 - 2025) -> Union Bordeaux-Bègles (2025 - 2026)
Romain BUROS,Romain BUROS,FB,ボルドー・ベグル,187,97,1997.07.31,,,,Avenir Aturin (2004 - 2013) -> Section Paloise Béarn Pyrénées (2013 - 2018) -> Union Bordeaux-Bègles (2018 - 2026),A,0,https://all.rugby/player/romain-buros,,Avenir Aturin (2004 - 2013) -> Section Paloise Béarn Pyrénées (2013 - 2018) -> Union Bordeaux-Bègles (2018 - 2026),France,France,https://all.rugby/player/romain-buros,Avenir Aturin (2004 - 2013) -> Section Paloise Béarn Pyrénées (2013 - 2018) -> Union Bordeaux-Bègles (2018 - 2026)
Giorgi MELIKIDZE,Giorgi MELIKIDZE,PR,スタッド・フランセ,179,117,1996.05.24,,,,RC Rustavi Kharebi (2014 - 2015) -> Stade Français Paris Rugby (2015 - 2026),A,0,https://all.rugby/player/giorgi-melikidze,,RC Rustavi Kharebi (2014 - 2015) -> Stade Français Paris Rugby (2015 - 2026),Georgia,Georgia,https://all.rugby/player/giorgi-melikidze,RC Rustavi Kharebi (2014 - 2015) -> Stade Français Paris Rugby (2015 - 2026)
Isaac KOFFI,Isaac KOFFI,PR,スタッド・フランセ,187,110,//2005,,,,COM Bagneux (2015 - 2018) -> Stade Français Paris Rugby (2018 - 2026),A,0,https://all.rugby/player/isaac-koffi,,COM Bagneux (2015 - 2018) -> Stade Français Paris Rugby (2018 - 2026),,,https://all.rugby/player/isaac-koffi,COM Bagneux (2015 - 2018) -> Stade Français Paris Rugby (2018 - 2026)
Jack ISCARO,Jack ISCARO,PR,スタッド・フランセ,185,122,1997.08.04,,,,Old Glory DC RFC (2018 - 2025) -> Stade Français Paris Rugby (2025 - 2026),A,0,https://all.rugby/player/jack-iscaro,,Old Glory DC RFC (2018 - 2025) -> Stade Français Paris Rugby (2025 - 2026),United-States,United-States,https://all.rugby/player/jack-iscaro,Old Glory DC RFC (2018 - 2025) -> Stade Français Paris Rugby (2025 - 2026)
Moses ALO-EMILE,Moses ALO-EMILE,PR,スタッド・フランセ,187,130,2000.01.18,,,,Brisbane State High School (2017 - 2018) -> Stade Français Paris Rugby (2018 - 2026),A,0,https://all.rugby/player/moses-alo-emile,,Brisbane State High School (2017 - 2018) -> Stade Français Paris Rugby (2018 - 2026),,,https://all.rugby/player/moses-alo-emile,Brisbane State High School (2017 - 2018) -> Stade Français Paris Rugby (2018 - 2026)
Paul ALO-EMILE,Paul ALO-EMILE,PR,スタッド・フランセ,180,132,1991.12.22,,,,Western Force (2010 - 2011) -> Melbourne Rebels (2011 - 2015) -> Stade Français Paris Rugby (2015 - 2026),A,0,https://all.rugby/player/paul-alo-emile,,Western Force (2010 - 2011) -> Melbourne Rebels (2011 - 2015) -> Stade Français Paris Rugby (2015 - 2026),Australia,Australia,https://all.rugby/player/paul-alo-emile,Western Force (2010 - 2011) -> Melbourne Rebels (2011 - 2015) -> Stade Français Paris Rugby (2015 - 2026)
Sergo ABRAMISHVILI,Sergo ABRAMISHVILI,PR,スタッド・フランセ,184,112,2003.11.20,,,,Khvamli Rugby (2020 - 2021) -> Stade Français Paris Rugby (2021 - 2026),A,0,https://all.rugby/player/sergo-abramishvili,,Khvamli Rugby (2020 - 2021) -> Stade Français Paris Rugby (2021 - 2026),Georgia,Georgia,https://all.rugby/player/sergo-abramishvili,Khvamli Rugby (2020 - 2021) -> Stade Français Paris Rugby (2021 - 2026)
Thierry PAÏVA,Thierry PAÏVA,PR,スタッド・フランセ,184,125,1995.11.19,,,,Union Bordeaux-Bègles (2013 - 2016) -> US Carcassonne (2016 - 2017) -> Union Bordeaux-Bègles (2017 - 2022) -> Stade Rochelais (2022 - 2025) -> Stade Français Paris Rugby (2025 - 2026),A,0,https://all.rugby/player/thierry-paiva,,Union Bordeaux-Bègles (2013 - 2016) -> US Carcassonne (2016 - 2017) -> Union Bordeaux-Bègles (2017 - 2022) -> Stade Rochelais (2022 - 2025) -> Stade Français Paris Rugby (2025 - 2026),,,https://all.rugby/player/thierry-paiva,Union Bordeaux-Bègles (2013 - 2016) -> US Carcassonne (2016 - 2017) -> Union Bordeaux-Bègles (2017 - 2022) -> Stade Rochelais (2022 - 2025) -> Stade Français Paris Rugby (2025 - 2026)
Yanis LUX,Yanis LUX,PR,スタッド・フランセ,182,100,//2005,,,,RC Neuilly-sur-Marne (2012 - 2018) -> RC Champs-sur-Marne Val Maubuée (2018 - 2020) -> Stade Français Paris Rugby (2020 - 2026),A,0,https://all.rugby/player/yanis-lux,,RC Neuilly-sur-Marne (2012 - 2018) -> RC Champs-sur-Marne Val Maubuée (2018 - 2020) -> Stade Français Paris Rugby (2020 - 2026),,,https://all.rugby/player/yanis-lux,RC Neuilly-sur-Marne (2012 - 2018) -> RC Champs-sur-Marne Val Maubuée (2018 - 2020) -> Stade Français Paris Rugby (2020 - 2026)
Álvaro GARCIA,Álvaro GARCIA,HO,スタッド・フランセ,180,120,2003.08.22,,,,UE Santboiana (2021 - 2023) -> Stade Français Paris Rugby (2023 - 2026),A,0,https://all.rugby/player/alvaro-garcia,,UE Santboiana (2021 - 2023) -> Stade Français Paris Rugby (2023 - 2026),,,https://all.rugby/player/alvaro-garcia,UE Santboiana (2021 - 2023) -> Stade Français Paris Rugby (2023 - 2026)
Ethan TIA,Ethan TIA,HO,スタッド・フランセ,,,//2006,,,,Maison-Laffitte Saint-Germain Poissy Rugby (2014 - 2020) -> Stade Français Paris Rugby (2020 - 2026),A,0,https://all.rugby/player/ethan-tia,,Maison-Laffitte Saint-Germain Poissy Rugby (2014 - 2020) -> Stade Français Paris Rugby (2020 - 2026),,,https://all.rugby/player/ethan-tia,Maison-Laffitte Saint-Germain Poissy Rugby (2014 - 2020) -> Stade Français Paris Rugby (2020 - 2026)
Giacomo NICOTERA,Giacomo NICOTERA,HO,スタッド・フランセ,183,108,1996.07.15,,,,Benetton Rugby Trévise (2020 - 2024) -> Stade Français Paris Rugby (2024 - 2026),A,0,https://all.rugby/player/giacomo-nicotera,,Benetton Rugby Trévise (2020 - 2024) -> Stade Français Paris Rugby (2024 - 2026),Italy,Italy,https://all.rugby/player/giacomo-nicotera,Benetton Rugby Trévise (2020 - 2024) -> Stade Français Paris Rugby (2024 - 2026)
Lucas PEYRESBLANQUES,Lucas PEYRESBLANQUES,HO,スタッド・フランセ,181,103,1998.01.20,,,,Peyrehorade Sport Rugby Pays d'Orthe (2004 - 2013) -> Biarritz Olympique Pays Basque (2013 - 2022) -> Stade Français Paris Rugby (2022 - 2026),A,0,https://all.rugby/player/lucas-peyresblanques,,Peyrehorade Sport Rugby Pays d'Orthe (2004 - 2013) -> Biarritz Olympique Pays Basque (2013 - 2022) -> Stade Français Paris Rugby (2022 - 2026),,,https://all.rugby/player/lucas-peyresblanques,Peyrehorade Sport Rugby Pays d'Orthe (2004 - 2013) -> Biarritz Olympique Pays Basque (2013 - 2022) -> Stade Français Paris Rugby (2022 - 2026)
Baptiste PESENTI,Baptiste PESENTI,LO,スタッド・フランセ,195,122,1997.07.03,,,,FC Saint-Claude Rugby (2005 - 2012) -> Montpellier Hérault Rugby (2012 - 2016) -> Section Paloise Béarn Pyrénées (2016 - 2021) -> Racing 92 (2021 - 2022) -> Stade Français Paris Rugby (2022 - 2026),A,0,https://all.rugby/player/baptiste-pesenti,,FC Saint-Claude Rugby (2005 - 2012) -> Montpellier Hérault Rugby (2012 - 2016) -> Section Paloise Béarn Pyrénées (2016 - 2021) -> Racing 92 (2021 - 2022) -> Stade Français Paris Rugby (2022 - 2026),France,France,https://all.rugby/player/baptiste-pesenti,FC Saint-Claude Rugby (2005 - 2012) -> Montpellier Hérault Rugby (2012 - 2016) -> Section Paloise Béarn Pyrénées (2016 - 2021) -> Racing 92 (2021 - 2022) -> Stade Français Paris Rugby (2022 - 2026)
Paul GABRILLAGUES,Paul GABRILLAGUES,LO,スタッド・フランセ,199,119,1993.06.03,,,,Paris Université Club (2007 - 2011) -> Stade Français Paris Rugby (2011 - 2026),A,0,https://all.rugby/player/paul-gabrillagues,,Paris Université Club (2007 - 2011) -> Stade Français Paris Rugby (2011 - 2026),France,France,https://all.rugby/player/paul-gabrillagues,Paris Université Club (2007 - 2011) -> Stade Français Paris Rugby (2011 - 2026)
Pierre-Henri AZAGOH,Pierre-Henri AZAGOH,LO,スタッド・フランセ,198,112,1998.07.25,,,,Rugby Melun Combs Senart 77 (2008 - 2013) -> Rugby Club Massy Essonne (2013 - 2019) -> Stade Français Paris Rugby (2019 - 2026),A,0,https://all.rugby/player/pierre-henri-azagoh,,Rugby Melun Combs Senart 77 (2008 - 2013) -> Rugby Club Massy Essonne (2013 - 2019) -> Stade Français Paris Rugby (2019 - 2026),,,https://all.rugby/player/pierre-henri-azagoh,Rugby Melun Combs Senart 77 (2008 - 2013) -> Rugby Club Massy Essonne (2013 - 2019) -> Stade Français Paris Rugby (2019 - 2026)
Setareki TURAGACOKE,Setareki TURAGACOKE,LO,スタッド・フランセ,200,117,//2006,,,,Stade Français Paris Rugby (2023 - 2026),A,0,https://all.rugby/player/setareki-turagacoke,,Stade Français Paris Rugby (2023 - 2026),Fiji,Fiji,https://all.rugby/player/setareki-turagacoke,Stade Français Paris Rugby (2023 - 2026)
Tanginoa HALAIFONUA,Tanginoa HALAIFONUA,LO,スタッド・フランセ,196,115,1996.09.20,,,,Lyon Olympique Universitaire Rugby (2015 - 2018) -> Rugby Club Massy Essonne (2018 - 2018) -> Lyon Olympique Universitaire Rugby (2019 - 2019) -> Rugby Club Massy Essonne (2019 - 2019) -> Lyon Olympique Universitaire Rugby (2019 - 2020) -> FC Grenoble Rugby (2020 - 2023) -> Stade Français Paris Rugby (2023 - 2026),A,0,https://all.rugby/player/tanginoa-halaifonua,,Lyon Olympique Universitaire Rugby (2015 - 2018) -> Rugby Club Massy Essonne (2018 - 2018) -> Lyon Olympique Universitaire Rugby (2019 - 2019) -> Rugby Club Massy Essonne (2019 - 2019) -> Lyon Olympique Universitaire Rugby (2019 - 2020) -> FC Grenoble Rugby (2020 - 2023) -> Stade Français Paris Rugby (2023 - 2026),,,https://all.rugby/player/tanginoa-halaifonua,Lyon Olympique Universitaire Rugby (2015 - 2018) -> Rugby Club Massy Essonne (2018 - 2018) -> Lyon Olympique Universitaire Rugby (2019 - 2019) -> Rugby Club Massy Essonne (2019 - 2019) -> Lyon Olympique Universitaire Rugby (2019 - 2020) -> FC Grenoble Rugby (2020 - 2023) -> Stade Français Paris Rugby (2023 - 2026)
Andy TIMO,Andy TIMO,FL/NO8,スタッド・フランセ,192,95,//2004,,,,Rugby Club Massy Essonne (2014 - 2023) -> Stade Français Paris Rugby (2023 - 2026),A,0,https://all.rugby/player/andy-timo,,Rugby Club Massy Essonne (2014 - 2023) -> Stade Français Paris Rugby (2023 - 2026),,,https://all.rugby/player/andy-timo,Rugby Club Massy Essonne (2014 - 2023) -> Stade Français Paris Rugby (2023 - 2026)
Iakopo MAPU,Iakopo MAPU,FL/NO8,スタッド・フランセ,183,106,1997.11.04,,,,Kia Toa (2023 - 2024) -> Northampton Saints (2024 - 2025) -> Stade Français Paris Rugby (2025 - 2026),A,0,https://all.rugby/player/iakopo-petelo-mapu,,Kia Toa (2023 - 2024) -> Northampton Saints (2024 - 2025) -> Stade Français Paris Rugby (2025 - 2026),Samoa,Samoa,https://all.rugby/player/iakopo-petelo-mapu,Kia Toa (2023 - 2024) -> Northampton Saints (2024 - 2025) -> Stade Français Paris Rugby (2025 - 2026)
Juan Martin SCELZO,Juan Martin SCELZO,FL/NO8,スタッド・フランセ,192,110,2002.02.12,,,,ASM Clermont Auvergne (2007 - 2009) -> AS Passage Rugby (2011 - 2012) -> ASM Clermont Auvergne (2012 - 2017) -> RC Saint-Gènes-Champanelle (2018 - 2021) -> ASM Clermont Auvergne (2021 - 2022) -> Stade Français Paris Rugby (2022 - 2026),A,0,https://all.rugby/player/juan-martin-scelzo,,ASM Clermont Auvergne (2007 - 2009) -> AS Passage Rugby (2011 - 2012) -> ASM Clermont Auvergne (2012 - 2017) -> RC Saint-Gènes-Champanelle (2018 - 2021) -> ASM Clermont Auvergne (2021 - 2022) -> Stade Français Paris Rugby (2022 - 2026),Argentina,Argentina,https://all.rugby/player/juan-martin-scelzo,ASM Clermont Auvergne (2007 - 2009) -> AS Passage Rugby (2011 - 2012) -> ASM Clermont Auvergne (2012 - 2017) -> RC Saint-Gènes-Champanelle (2018 - 2021) -> ASM Clermont Auvergne (2021 - 2022) -> Stade Français Paris Rugby (2022 - 2026)
Mathieu HIRIGOYEN,Mathieu HIRIGOYEN,FL/NO8,スタッド・フランセ,194,103,1999.01.25,,,,Anglet Olympique Rugby Club (2011 - 2012) -> Biarritz Olympique Pays Basque (2012 - 2022) -> Stade Français Paris Rugby (2022 - 2026),A,0,https://all.rugby/player/mathieu-hirigoyen,,Anglet Olympique Rugby Club (2011 - 2012) -> Biarritz Olympique Pays Basque (2012 - 2022) -> Stade Français Paris Rugby (2022 - 2026),,,https://all.rugby/player/mathieu-hirigoyen,Anglet Olympique Rugby Club (2011 - 2012) -> Biarritz Olympique Pays Basque (2012 - 2022) -> Stade Français Paris Rugby (2022 - 2026)
Pierre HUGUET,Pierre HUGUET,FL/NO8,スタッド・フランセ,194,111,1995.11.05,,,,SC Chinonais Rugby (2004 - 2012) -> U.S. Tours (2012 - 2014) -> US Dax Rugby Landes (2014 - 2018) -> US Carcassonne (2018 - 2022) -> Aviron Bayonnais (2022 - 2024) -> Stade Français Paris Rugby (2024 - 2026),A,0,https://all.rugby/player/pierre-huguet,,SC Chinonais Rugby (2004 - 2012) -> U.S. Tours (2012 - 2014) -> US Dax Rugby Landes (2014 - 2018) -> US Carcassonne (2018 - 2022) -> Aviron Bayonnais (2022 - 2024) -> Stade Français Paris Rugby (2024 - 2026),,,https://all.rugby/player/pierre-huguet,SC Chinonais Rugby (2004 - 2012) -> U.S. Tours (2012 - 2014) -> US Dax Rugby Landes (2014 - 2018) -> US Carcassonne (2018 - 2022) -> Aviron Bayonnais (2022 - 2024) -> Stade Français Paris Rugby (2024 - 2026)
Romain BRIATTE,Romain BRIATTE,FL/NO8,スタッド・フランセ,194,107,1993.02.18,,,,RC Riom (2004 - 2006) -> ASM Clermont Auvergne (2006 - 2014) -> Stade Aurillacois Cantal Auvergne (2014 - 2018) -> Sporting Union Agenais (2018 - 2021) -> Stade Français Paris Rugby (2021 - 2026),A,0,https://all.rugby/player/romain-briatte,,RC Riom (2004 - 2006) -> ASM Clermont Auvergne (2006 - 2014) -> Stade Aurillacois Cantal Auvergne (2014 - 2018) -> Sporting Union Agenais (2018 - 2021) -> Stade Français Paris Rugby (2021 - 2026),France,France,https://all.rugby/player/romain-briatte,RC Riom (2004 - 2006) -> ASM Clermont Auvergne (2006 - 2014) -> Stade Aurillacois Cantal Auvergne (2014 - 2018) -> Sporting Union Agenais (2018 - 2021) -> Stade Français Paris Rugby (2021 - 2026)
Ryan CHAPUIS,Ryan CHAPUIS,FL/NO8,スタッド・フランセ,189,105,1997.12.12,,,,Olympique Groslay Enghien Montmorency (2007 - 2012) -> Stade Français Paris Rugby (2012 - 2026),A,0,https://all.rugby/player/ryan-chapuis,,Olympique Groslay Enghien Montmorency (2007 - 2012) -> Stade Français Paris Rugby (2012 - 2026),,,https://all.rugby/player/ryan-chapuis,Olympique Groslay Enghien Montmorency (2007 - 2012) -> Stade Français Paris Rugby (2012 - 2026)
Sékou MACALOU,Sékou MACALOU,FL/NO8,スタッド・フランセ,195,108,1995.04.20,,,,AAS Sarcelles Rugby (2005 - 2011) -> Rugby Club Massy Essonne (2011 - 2015) -> Stade Français Paris Rugby (2015 - 2026),A,0,https://all.rugby/player/sekou-macalou,,AAS Sarcelles Rugby (2005 - 2011) -> Rugby Club Massy Essonne (2011 - 2015) -> Stade Français Paris Rugby (2015 - 2026),France,France,https://all.rugby/player/sekou-macalou,AAS Sarcelles Rugby (2005 - 2011) -> Rugby Club Massy Essonne (2011 - 2015) -> Stade Français Paris Rugby (2015 - 2026)
Yoan TANGA,Yoan TANGA,FL/NO8,スタッド・フランセ,185,109,1996.11.29,,,,Tremblay-en-France (2010 - 2012) -> Terres de France Rugby (2012 - 2013) -> Castres Olympique (2013 - 2017) -> Sporting Union Agenais (2017 - 2019) -> Racing 92 (2019 - 2022) -> Stade Rochelais (2022 - 2024) -> Stade Français Paris Rugby (2024 - 2026),A,0,https://all.rugby/player/yoan-tanga,,Tremblay-en-France (2010 - 2012) -> Terres de France Rugby (2012 - 2013) -> Castres Olympique (2013 - 2017) -> Sporting Union Agenais (2017 - 2019) -> Racing 92 (2019 - 2022) -> Stade Rochelais (2022 - 2024) -> Stade Français Paris Rugby (2024 - 2026),,,https://all.rugby/player/yoan-tanga,Tremblay-en-France (2010 - 2012) -> Terres de France Rugby (2012 - 2013) -> Castres Olympique (2013 - 2017) -> Sporting Union Agenais (2017 - 2019) -> Racing 92 (2019 - 2022) -> Stade Rochelais (2022 - 2024) -> Stade Français Paris Rugby (2024 - 2026)
Paul ABADIE,Paul ABADIE,SH,スタッド・フランセ,176,88,1994.07.28,,,,Sporting Union Agenais (2001 - 2021) -> CA Brive Corrèze Limousin (2021 - 2023) -> Union Bordeaux-Bègles (2023 - 2024) -> Stade Français Paris Rugby (2024 - 2024) -> Union Bordeaux-Bègles (2025 - 2025) -> Stade Français Paris Rugby (2025 - 2026),A,0,https://all.rugby/player/paul-abadie,,Sporting Union Agenais (2001 - 2021) -> CA Brive Corrèze Limousin (2021 - 2023) -> Union Bordeaux-Bègles (2023 - 2024) -> Stade Français Paris Rugby (2024 - 2024) -> Union Bordeaux-Bègles (2025 - 2025) -> Stade Français Paris Rugby (2025 - 2026),,,https://all.rugby/player/paul-abadie,Sporting Union Agenais (2001 - 2021) -> CA Brive Corrèze Limousin (2021 - 2023) -> Union Bordeaux-Bègles (2023 - 2024) -> Stade Français Paris Rugby (2024 - 2024) -> Union Bordeaux-Bègles (2025 - 2025) -> Stade Français Paris Rugby (2025 - 2026)
Tawera KERR-BARLOW,Tawera KERR-BARLOW,SH,スタッド・フランセ,187,92,1990.08.15,,,,Chiefs (2010 - 2017) -> Stade Rochelais (2017 - 2025) -> Stade Français Paris Rugby (2025 - 2026),A,0,https://all.rugby/player/tawera-kerr-barlow,,Chiefs (2010 - 2017) -> Stade Rochelais (2017 - 2025) -> Stade Français Paris Rugby (2025 - 2026),New Zealand,New Zealand,https://all.rugby/player/tawera-kerr-barlow,Chiefs (2010 - 2017) -> Stade Rochelais (2017 - 2025) -> Stade Français Paris Rugby (2025 - 2026)
Thibaut MOTASSI,Thibaut MOTASSI,SH,スタッド・フランセ,175,79,//2005,,,,Rueil Athlétic Club Rugby (2013 - 2019) -> Stade Français Paris Rugby (2019 - 2026),A,0,https://all.rugby/player/thibaut-motassi,,Rueil Athlétic Club Rugby (2013 - 2019) -> Stade Français Paris Rugby (2019 - 2026),,,https://all.rugby/player/thibaut-motassi,Rueil Athlétic Club Rugby (2013 - 2019) -> Stade Français Paris Rugby (2019 - 2026)
Louis CARBONEL,Louis CARBONEL,SO,スタッド・フランセ,180,88,1999.02.04,,,,RC Canton Garde-Pradet (2004 - 2005) -> Rugby Club Toulonnais (2005 - 2022) -> Montpellier Hérault Rugby (2022 - 2024) -> Stade Français Paris Rugby (2024 - 2026),A,0,https://all.rugby/player/louis-carbonel,,RC Canton Garde-Pradet (2004 - 2005) -> Rugby Club Toulonnais (2005 - 2022) -> Montpellier Hérault Rugby (2022 - 2024) -> Stade Français Paris Rugby (2024 - 2026),France,France,https://all.rugby/player/louis-carbonel,RC Canton Garde-Pradet (2004 - 2005) -> Rugby Club Toulonnais (2005 - 2022) -> Montpellier Hérault Rugby (2022 - 2024) -> Stade Français Paris Rugby (2024 - 2026)
Louis FOURSANS-BOURDETTE,Louis FOURSANS-BOURDETTE,SO,スタッド・フランセ,171,81,2002.01.29,,,,Rugby Club Nîmois (2010 - 2019) -> Montpellier Hérault Rugby (2019 - 2024) -> Stade Français Paris Rugby (2024 - 2026),A,0,https://all.rugby/player/louis-foursans-bourdette,,Rugby Club Nîmois (2010 - 2019) -> Montpellier Hérault Rugby (2019 - 2024) -> Stade Français Paris Rugby (2024 - 2026),,,https://all.rugby/player/louis-foursans-bourdette,Rugby Club Nîmois (2010 - 2019) -> Montpellier Hérault Rugby (2019 - 2024) -> Stade Français Paris Rugby (2024 - 2026)
Zack HENRY,Zack HENRY,SO,スタッド・フランセ,183,90,1994.10.01,,,,Rouen Normandie Rugby (2016 - 2018) -> USON Nevers Rugby (2018 - 2019) -> Leicester Tigers (2019 - 2019) -> USON Nevers Rugby (2020 - 2020) -> Leicester Tigers (2020 - 2021) -> Section Paloise Béarn Pyrénées (2021 - 2023) -> Stade Français Paris Rugby (2023 - 2026),A,0,https://all.rugby/player/zack-henry,,Rouen Normandie Rugby (2016 - 2018) -> USON Nevers Rugby (2018 - 2019) -> Leicester Tigers (2019 - 2019) -> USON Nevers Rugby (2020 - 2020) -> Leicester Tigers (2020 - 2021) -> Section Paloise Béarn Pyrénées (2021 - 2023) -> Stade Français Paris Rugby (2023 - 2026),,,https://all.rugby/player/zack-henry,Rouen Normandie Rugby (2016 - 2018) -> USON Nevers Rugby (2018 - 2019) -> Leicester Tigers (2019 - 2019) -> USON Nevers Rugby (2020 - 2020) -> Leicester Tigers (2020 - 2021) -> Section Paloise Béarn Pyrénées (2021 - 2023) -> Stade Français Paris Rugby (2023 - 2026)
Jeremy WARD,Jeremy WARD,CTB,スタッド・フランセ,187,92,1996.01.10,,,,Southern Kings (2015 - 2016) -> Sharks (2016 - 2022) -> Stade Français Paris Rugby (2022 - 2026),A,0,https://all.rugby/player/jeremy-ward,,Southern Kings (2015 - 2016) -> Sharks (2016 - 2022) -> Stade Français Paris Rugby (2022 - 2026),,,https://all.rugby/player/jeremy-ward,Southern Kings (2015 - 2016) -> Sharks (2016 - 2022) -> Stade Français Paris Rugby (2022 - 2026)
Joe MARCHANT,Joe MARCHANT,CTB,スタッド・フランセ,183,89,1996.07.16,,,,Harlequins (2014 - 2019) -> Blues (2019 - 2019) -> Harlequins (2019 - 2019) -> Blues (2020 - 2020) -> Harlequins (2020 - 2023) -> Stade Français Paris Rugby (2023 - 2026),A,0,https://all.rugby/player/joe-marchant,,Harlequins (2014 - 2019) -> Blues (2019 - 2019) -> Harlequins (2019 - 2019) -> Blues (2020 - 2020) -> Harlequins (2020 - 2023) -> Stade Français Paris Rugby (2023 - 2026),England,England,https://all.rugby/player/joe-marchant,Harlequins (2014 - 2019) -> Blues (2019 - 2019) -> Harlequins (2019 - 2019) -> Blues (2020 - 2020) -> Harlequins (2020 - 2023) -> Stade Français Paris Rugby (2023 - 2026)
Julien DELBOUIS,Julien DELBOUIS,CTB,スタッド・フランセ,185,103,1999.08.04,,,,US Métro (2004 - 2011) -> Rugby Club Massy Essonne (2011 - 2018) -> Stade Français Paris Rugby (2018 - 2026),A,0,https://all.rugby/player/julien-delbouis,,US Métro (2004 - 2011) -> Rugby Club Massy Essonne (2011 - 2018) -> Stade Français Paris Rugby (2018 - 2026),,,https://all.rugby/player/julien-delbouis,US Métro (2004 - 2011) -> Rugby Club Massy Essonne (2011 - 2018) -> Stade Français Paris Rugby (2018 - 2026)
Mathis IBO,Mathis IBO,CTB,スタッド・フランセ,183,78,//2005,,,,RC Neuilly-sur-Marne (2011 - 2018) -> RC Champs-sur-Marne Val Maubuée (2018 - 2019) -> Stade Français Paris Rugby (2019 - 2026),A,0,https://all.rugby/player/mathis-ibo,,RC Neuilly-sur-Marne (2011 - 2018) -> RC Champs-sur-Marne Val Maubuée (2018 - 2019) -> Stade Français Paris Rugby (2019 - 2026),,,https://all.rugby/player/mathis-ibo,RC Neuilly-sur-Marne (2011 - 2018) -> RC Champs-sur-Marne Val Maubuée (2018 - 2019) -> Stade Français Paris Rugby (2019 - 2026)
Noah NÉNÉ,Noah NÉNÉ,CTB,スタッド・フランセ,192,108,//2004,,,,RC Val de Bièvre (2013 - 2021) -> Stade Français Paris Rugby (2021 - 2024) -> US Dax Rugby Landes (2024 - 2025) -> Stade Français Paris Rugby (2025 - 2026),A,0,https://all.rugby/player/noah-nene,,RC Val de Bièvre (2013 - 2021) -> Stade Français Paris Rugby (2021 - 2024) -> US Dax Rugby Landes (2024 - 2025) -> Stade Français Paris Rugby (2025 - 2026),France,France,https://all.rugby/player/noah-nene,RC Val de Bièvre (2013 - 2021) -> Stade Français Paris Rugby (2021 - 2024) -> US Dax Rugby Landes (2024 - 2025) -> Stade Français Paris Rugby (2025 - 2026)
Tani VILI,Tani VILI,CTB,スタッド・フランセ,187,112,2000.10.31,,,,Saint-Céré (2005 - 2007) -> CA Brive Corrèze Limousin (2007 - 2008) -> Malemort XV (2010 - 2013) -> CA Brive Corrèze Limousin (2013 - 2017) -> ASM Clermont Auvergne (2017 - 2022) -> Union Bordeaux-Bègles (2022 - 2024) -> Rugby Club Vannes (2024 - 2025) -> Stade Français Paris Rugby (2025 - 2026),A,0,https://all.rugby/player/tani-vili,,Saint-Céré (2005 - 2007) -> CA Brive Corrèze Limousin (2007 - 2008) -> Malemort XV (2010 - 2013) -> CA Brive Corrèze Limousin (2013 - 2017) -> ASM Clermont Auvergne (2017 - 2022) -> Union Bordeaux-Bègles (2022 - 2024) -> Rugby Club Vannes (2024 - 2025) -> Stade Français Paris Rugby (2025 - 2026),,,https://all.rugby/player/tani-vili,Saint-Céré (2005 - 2007) -> CA Brive Corrèze Limousin (2007 - 2008) -> Malemort XV (2010 - 2013) -> CA Brive Corrèze Limousin (2013 - 2017) -> ASM Clermont Auvergne (2017 - 2022) -> Union Bordeaux-Bègles (2022 - 2024) -> Rugby Club Vannes (2024 - 2025) -> Stade Français Paris Rugby (2025 - 2026)
Lester ÉTIEN,Lester ÉTIEN,WTB,スタッド・フランセ,181,102,1995.06.21,,,,Rugby Club Massy Essonne (2014 - 2018) -> Stade Français Paris Rugby (2018 - 2026),A,0,https://all.rugby/player/lester-etien,,Rugby Club Massy Essonne (2014 - 2018) -> Stade Français Paris Rugby (2018 - 2026),France,France,https://all.rugby/player/lester-etien,Rugby Club Massy Essonne (2014 - 2018) -> Stade Français Paris Rugby (2018 - 2026)
Peniasi DAKUWAQA,Peniasi DAKUWAQA,WTB,スタッド・フランセ,186,95,1997.04.09,,,,Tupapa Maraerenga Panthers (2020 - 2021) -> Club fidjien (2021 - 2022) -> Stade Français Paris Rugby (2022 - 2026),A,0,https://all.rugby/player/peniasi-dakuwaqa,,Tupapa Maraerenga Panthers (2020 - 2021) -> Club fidjien (2021 - 2022) -> Stade Français Paris Rugby (2022 - 2026),,,https://all.rugby/player/peniasi-dakuwaqa,Tupapa Maraerenga Panthers (2020 - 2021) -> Club fidjien (2021 - 2022) -> Stade Français Paris Rugby (2022 - 2026)
Samuel EZEALA,Samuel EZEALA,WTB,スタッド・フランセ,187,99,1999.12.11,,,,ASM Clermont Auvergne (2015 - 2023) -> Section Paloise Béarn Pyrénées (2023 - 2024) -> Stade Français Paris Rugby (2024 - 2026),A,0,https://all.rugby/player/samuel-ezeala,,ASM Clermont Auvergne (2015 - 2023) -> Section Paloise Béarn Pyrénées (2023 - 2024) -> Stade Français Paris Rugby (2024 - 2026),,,https://all.rugby/player/samuel-ezeala,ASM Clermont Auvergne (2015 - 2023) -> Section Paloise Béarn Pyrénées (2023 - 2024) -> Stade Français Paris Rugby (2024 - 2026)
Charles LALOI,Charles LALOI,FB,スタッド・フランセ,181,80,2003.07.31,,,,CA Périgueux Dordogne (2008 - 2018) -> Union Bordeaux-Bègles (2018 - 2021) -> Stade Français Paris Rugby (2021 - 2026),A,0,https://all.rugby/player/charles-laloi,,CA Périgueux Dordogne (2008 - 2018) -> Union Bordeaux-Bègles (2018 - 2021) -> Stade Français Paris Rugby (2021 - 2026),,,https://all.rugby/player/charles-laloi,CA Périgueux Dordogne (2008 - 2018) -> Union Bordeaux-Bègles (2018 - 2021) -> Stade Français Paris Rugby (2021 - 2026)
Joe JONAS,Joe JONAS,FB,スタッド・フランセ,180,90,2000.12.31,,,,Glenwood High School (2019 - 2020) -> Biarritz Olympique Pays Basque (2020 - 2024) -> Stade Français Paris Rugby (2024 - 2026),A,0,https://all.rugby/player/joe-jonas,,Glenwood High School (2019 - 2020) -> Biarritz Olympique Pays Basque (2020 - 2024) -> Stade Français Paris Rugby (2024 - 2026),,,https://all.rugby/player/joe-jonas,Glenwood High School (2019 - 2020) -> Biarritz Olympique Pays Basque (2020 - 2024) -> Stade Français Paris Rugby (2024 - 2026)
Léo BARRÉ,Léo BARRÉ,FB,スタッド・フランセ,189,89,2002.08.20,,,,RC Versailles (2009 - 2014) -> Rugby Club Massy Essonne (2014 - 2020) -> Stade Français Paris Rugby (2020 - 2026),A,0,https://all.rugby/player/leo-barre,,RC Versailles (2009 - 2014) -> Rugby Club Massy Essonne (2014 - 2020) -> Stade Français Paris Rugby (2020 - 2026),France,France,https://all.rugby/player/leo-barre,RC Versailles (2009 - 2014) -> Rugby Club Massy Essonne (2014 - 2020) -> Stade Français Paris Rugby (2020 - 2026)
Léo MONIN,Léo MONIN,FB,スタッド・フランセ,188,95,2002.01.25,,,,RC des Vallons de la Tour (2007 - 2017) -> CS Bourgoin Jallieu Rugby (2017 - 2020) -> Stade Français Paris Rugby (2020 - 2026),A,0,https://all.rugby/player/leo-monin,,RC des Vallons de la Tour (2007 - 2017) -> CS Bourgoin Jallieu Rugby (2017 - 2020) -> Stade Français Paris Rugby (2020 - 2026),,,https://all.rugby/player/leo-monin,RC des Vallons de la Tour (2007 - 2017) -> CS Bourgoin Jallieu Rugby (2017 - 2020) -> Stade Français Paris Rugby (2020 - 2026)
Beka GIGASHVILI,Beka GIGASHVILI,PR,トゥーロン,179,118,1992.02.17,,,,Stade Olympique Chambéry (2015 - 2017) -> FC Grenoble Rugby (2017 - 2019) -> Rugby Club Toulonnais (2019 - 2026),A,0,https://all.rugby/player/beka-gigashvili,,Stade Olympique Chambéry (2015 - 2017) -> FC Grenoble Rugby (2017 - 2019) -> Rugby Club Toulonnais (2019 - 2026),Georgia,Georgia,https://all.rugby/player/beka-gigashvili,Stade Olympique Chambéry (2015 - 2017) -> FC Grenoble Rugby (2017 - 2019) -> Rugby Club Toulonnais (2019 - 2026)
Daniel BRENNAN,Daniel BRENNAN,PR,トゥーロン,192,132,1998.09.23,,,,Toulouse Lalande Aucamville (2008 - 2012) -> Stade Toulousain (2012 - 2018) -> Montpellier Hérault Rugby (2018 - 2020) -> CA Brive Corrèze Limousin (2020 - 2020) -> Montpellier Hérault Rugby (2020 - 2020) -> CA Brive Corrèze Limousin (2020 - 2021) -> Montpellier Hérault Rugby (2021 - 2021) -> CA Brive Corrèze Limousin (2021 - 2024) -> Rugby Club Toulonnais (2024 - 2026),A,0,https://all.rugby/player/daniel-brennan,,Toulouse Lalande Aucamville (2008 - 2012) -> Stade Toulousain (2012 - 2018) -> Montpellier Hérault Rugby (2018 - 2020) -> CA Brive Corrèze Limousin (2020 - 2020) -> Montpellier Hérault Rugby (2020 - 2020) -> CA Brive Corrèze Limousin (2020 - 2021) -> Montpellier Hérault Rugby (2021 - 2021) -> CA Brive Corrèze Limousin (2021 - 2024) -> Rugby Club Toulonnais (2024 - 2026),Ireland,Ireland,https://all.rugby/player/daniel-brennan,Toulouse Lalande Aucamville (2008 - 2012) -> Stade Toulousain (2012 - 2018) -> Montpellier Hérault Rugby (2018 - 2020) -> CA Brive Corrèze Limousin (2020 - 2020) -> Montpellier Hérault Rugby (2020 - 2020) -> CA Brive Corrèze Limousin (2020 - 2021) -> Montpellier Hérault Rugby (2021 - 2021) -> CA Brive Corrèze Limousin (2021 - 2024) -> Rugby Club Toulonnais (2024 - 2026)
Dany PRISO,Dany PRISO,PR,トゥーロン,182,112,1994.01.02,,,,Ussel (2009 - 2012) -> Union Sportive Athlétique de Limoges (2012 - 2013) -> Stade Français Paris Rugby (2013 - 2016) -> Stade Rochelais (2016 - 2022) -> Rugby Club Toulonnais (2022 - 2026),A,0,https://all.rugby/player/dany-priso,,Ussel (2009 - 2012) -> Union Sportive Athlétique de Limoges (2012 - 2013) -> Stade Français Paris Rugby (2013 - 2016) -> Stade Rochelais (2016 - 2022) -> Rugby Club Toulonnais (2022 - 2026),Cameroon,Cameroon,https://all.rugby/player/dany-priso,Ussel (2009 - 2012) -> Union Sportive Athlétique de Limoges (2012 - 2013) -> Stade Français Paris Rugby (2013 - 2016) -> Stade Rochelais (2016 - 2022) -> Rugby Club Toulonnais (2022 - 2026)
Jean-Baptiste GROS,Jean-Baptiste GROS,PR,トゥーロン,185,112,1999.05.29,,,,US Tarascon (2009 - 2013) -> Provence Rugby (2013 - 2016) -> Rugby Club Toulonnais (2016 - 2026),A,0,https://all.rugby/player/jean-baptiste-gros,,US Tarascon (2009 - 2013) -> Provence Rugby (2013 - 2016) -> Rugby Club Toulonnais (2016 - 2026),France,France,https://all.rugby/player/jean-baptiste-gros,US Tarascon (2009 - 2013) -> Provence Rugby (2013 - 2016) -> Rugby Club Toulonnais (2016 - 2026)
Kyle SINCKLER,Kyle SINCKLER,PR,トゥーロン,183,122,1993.03.30,,,,Harlequins (2013 - 2019) -> Bristol Bears (2019 - 2019) -> Harlequins (2020 - 2020) -> Bristol Bears (2020 - 2024) -> Rugby Club Toulonnais (2024 - 2026),A,0,https://all.rugby/player/kyle-sinckler,,Harlequins (2013 - 2019) -> Bristol Bears (2019 - 2019) -> Harlequins (2020 - 2020) -> Bristol Bears (2020 - 2024) -> Rugby Club Toulonnais (2024 - 2026),England,England,https://all.rugby/player/kyle-sinckler,Harlequins (2013 - 2019) -> Bristol Bears (2019 - 2019) -> Harlequins (2020 - 2020) -> Bristol Bears (2020 - 2024) -> Rugby Club Toulonnais (2024 - 2026)
Léo AMETLLA,Léo AMETLLA,PR,トゥーロン,186,107,//2004,,,,RC Ouest Provence Fos Istres (2009 - 2013) -> RC Martigues Port-de-Bouc (2013 - 2019) -> Provence Rugby (2019 - 2022) -> Rugby Club Toulonnais (2022 - 2026),A,0,https://all.rugby/player/leo-ametlla,,RC Ouest Provence Fos Istres (2009 - 2013) -> RC Martigues Port-de-Bouc (2013 - 2019) -> Provence Rugby (2019 - 2022) -> Rugby Club Toulonnais (2022 - 2026),,,https://all.rugby/player/leo-ametlla,RC Ouest Provence Fos Istres (2009 - 2013) -> RC Martigues Port-de-Bouc (2013 - 2019) -> Provence Rugby (2019 - 2022) -> Rugby Club Toulonnais (2022 - 2026)
Gianmarco LUCCHESI,Gianmarco LUCCHESI,HO,トゥーロン,184,110,2000.09.10,,,,Rugby Calvisano (2019 - 2019) -> Benetton Rugby Trévise (2019 - 2019) -> Rugby Calvisano (2020 - 2020) -> Benetton Rugby Trévise (2020 - 2024) -> Rugby Club Toulonnais (2024 - 2026),A,0,https://all.rugby/player/gianmarco-lucchesi,,Rugby Calvisano (2019 - 2019) -> Benetton Rugby Trévise (2019 - 2019) -> Rugby Calvisano (2020 - 2020) -> Benetton Rugby Trévise (2020 - 2024) -> Rugby Club Toulonnais (2024 - 2026),Italy,Italy,https://all.rugby/player/gianmarco-lucchesi,Rugby Calvisano (2019 - 2019) -> Benetton Rugby Trévise (2019 - 2019) -> Rugby Calvisano (2020 - 2020) -> Benetton Rugby Trévise (2020 - 2024) -> Rugby Club Toulonnais (2024 - 2026)
Pierre DAMOND,Pierre DAMOND,HO,トゥーロン,181,103,2003.11.27,,,,Club du Golfe (2012 - 2015) -> Rugby Club Toulonnais (2015 - 2026),A,0,https://all.rugby/player/pierre-damond,,Club du Golfe (2012 - 2015) -> Rugby Club Toulonnais (2015 - 2026),,,https://all.rugby/player/pierre-damond,Club du Golfe (2012 - 2015) -> Rugby Club Toulonnais (2015 - 2026)
Teddy BAUBIGNY,Teddy BAUBIGNY,HO,トゥーロン,184,109,1998.09.02,,,,Rugby Club Pays de Meaux (2012 - 2013) -> Racing 92 (2013 - 2022) -> Rugby Club Toulonnais (2022 - 2026),A,0,https://all.rugby/player/teddy-baubigny,,Rugby Club Pays de Meaux (2012 - 2013) -> Racing 92 (2013 - 2022) -> Rugby Club Toulonnais (2022 - 2026),France,France,https://all.rugby/player/teddy-baubigny,Rugby Club Pays de Meaux (2012 - 2013) -> Racing 92 (2013 - 2022) -> Rugby Club Toulonnais (2022 - 2026)
Brian ALAINU'UESE,Brian ALAINU'UESE,LO,トゥーロン,202,135,1994.03.19,,,,Chiefs (2014 - 2015) -> Glasgow Warriors (2016 - 2018) -> Rugby Club Toulonnais (2018 - 2018) -> Glasgow Warriors (2019 - 2019) -> Rugby Club Toulonnais (2019 - 2026),A,0,https://all.rugby/player/brian-alainu-uese,,Chiefs (2014 - 2015) -> Glasgow Warriors (2016 - 2018) -> Rugby Club Toulonnais (2018 - 2018) -> Glasgow Warriors (2019 - 2019) -> Rugby Club Toulonnais (2019 - 2026),Samoa,Samoa,https://all.rugby/player/brian-alainu-uese,Chiefs (2014 - 2015) -> Glasgow Warriors (2016 - 2018) -> Rugby Club Toulonnais (2018 - 2018) -> Glasgow Warriors (2019 - 2019) -> Rugby Club Toulonnais (2019 - 2026)
Corentin MÉZOU,Corentin MÉZOU,LO,トゥーロン,204,116,//2005,,,,Union Rugbystique de Landerneau (2016 - 2019) -> RC Plabennec (2019 - 2020) -> Rugby Club Vannes (2020 - 2023) -> Rugby Club Toulonnais (2023 - 2026),A,0,https://all.rugby/player/corentin-mezou,,Union Rugbystique de Landerneau (2016 - 2019) -> RC Plabennec (2019 - 2020) -> Rugby Club Vannes (2020 - 2023) -> Rugby Club Toulonnais (2023 - 2026),,,https://all.rugby/player/corentin-mezou,Union Rugbystique de Landerneau (2016 - 2019) -> RC Plabennec (2019 - 2020) -> Rugby Club Vannes (2020 - 2023) -> Rugby Club Toulonnais (2023 - 2026)
David RIBBANS,David RIBBANS,LO,トゥーロン,202,121,1995.08.29,,,,Northampton Saints (2016 - 2023) -> Rugby Club Toulonnais (2023 - 2026),A,0,https://all.rugby/player/david-ribbans,,Northampton Saints (2016 - 2023) -> Rugby Club Toulonnais (2023 - 2026),South Africa,South Africa,https://all.rugby/player/david-ribbans,Northampton Saints (2016 - 2023) -> Rugby Club Toulonnais (2023 - 2026)
Giorgi JAVAKHIA,Giorgi JAVAKHIA,LO,トゥーロン,194,124,1996.09.24,,,,Lyon Olympique Universitaire Rugby (2015 - 2018) -> Stade Aurillacois Cantal Auvergne (2018 - 2023) -> FC Grenoble Rugby (2023 - 2025) -> Rugby Club Toulonnais (2025 - 2025) -> FC Grenoble Rugby (2026 - 2026) -> Rugby Club Toulonnais (2026 - 2026),A,0,https://all.rugby/player/giorgi-javakhia,,Lyon Olympique Universitaire Rugby (2015 - 2018) -> Stade Aurillacois Cantal Auvergne (2018 - 2023) -> FC Grenoble Rugby (2023 - 2025) -> Rugby Club Toulonnais (2025 - 2025) -> FC Grenoble Rugby (2026 - 2026) -> Rugby Club Toulonnais (2026 - 2026),Georgia,Georgia,https://all.rugby/player/giorgi-javakhia,Lyon Olympique Universitaire Rugby (2015 - 2018) -> Stade Aurillacois Cantal Auvergne (2018 - 2023) -> FC Grenoble Rugby (2023 - 2025) -> Rugby Club Toulonnais (2025 - 2025) -> FC Grenoble Rugby (2026 - 2026) -> Rugby Club Toulonnais (2026 - 2026)
Matthias HALAGAHU,Matthias HALAGAHU,LO,トゥーロン,194,117,2001.08.15,,,,CA Fréjus Saint-Raphaël (2006 - 2016) -> Rugby Club Toulonnais (2016 - 2026),A,0,https://all.rugby/player/matthias-halagahu,,CA Fréjus Saint-Raphaël (2006 - 2016) -> Rugby Club Toulonnais (2016 - 2026),France,France,https://all.rugby/player/matthias-halagahu,CA Fréjus Saint-Raphaël (2006 - 2016) -> Rugby Club Toulonnais (2016 - 2026)
Swan REBBADJ,Swan REBBADJ,LO,トゥーロン,202,121,1995.01.15,,,,RC Port-de-Bouc (2007 - 2012) -> Rugby Club Toulonnais (2012 - 2026),A,0,https://all.rugby/player/swan-rebbadj,,RC Port-de-Bouc (2007 - 2012) -> Rugby Club Toulonnais (2012 - 2026),France,France,https://all.rugby/player/swan-rebbadj,RC Port-de-Bouc (2007 - 2012) -> Rugby Club Toulonnais (2012 - 2026)
Charles OLLIVON,Charles OLLIVON,FL/NO8,トゥーロン,199,114,1993.05.11,,,,Saint-Pée UC (2004 - 2009) -> Aviron Bayonnais (2009 - 2015) -> Rugby Club Toulonnais (2015 - 2026),A,0,https://all.rugby/player/charles-ollivon,,Saint-Pée UC (2004 - 2009) -> Aviron Bayonnais (2009 - 2015) -> Rugby Club Toulonnais (2015 - 2026),France,France,https://all.rugby/player/charles-ollivon,Saint-Pée UC (2004 - 2009) -> Aviron Bayonnais (2009 - 2015) -> Rugby Club Toulonnais (2015 - 2026)
Esteban ABADIE,Esteban ABADIE,FL/NO8,トゥーロン,188,100,1997.12.01,,,,Racing 92 (2009 - 2019) -> CA Brive Corrèze Limousin (2019 - 2023) -> Rugby Club Toulonnais (2023 - 2026),A,0,https://all.rugby/player/esteban-abadie,,Racing 92 (2009 - 2019) -> CA Brive Corrèze Limousin (2019 - 2023) -> Rugby Club Toulonnais (2023 - 2026),France,France,https://all.rugby/player/esteban-abadie,Racing 92 (2009 - 2019) -> CA Brive Corrèze Limousin (2019 - 2023) -> Rugby Club Toulonnais (2023 - 2026)
Joé QUERE-KARABA,Joé QUERE-KARABA,FL/NO8,トゥーロン,183,97,//2004,,,,RC Canton Garde-Pradet (2009 - 2011) -> RC Hyères Carqueiranne La Crau (2011 - 2019) -> Antony Métro 92 (2019 - 2021) -> Rugby Club Toulonnais (2021 - 2026),A,0,https://all.rugby/player/joe-quere-karaba,,RC Canton Garde-Pradet (2009 - 2011) -> RC Hyères Carqueiranne La Crau (2011 - 2019) -> Antony Métro 92 (2019 - 2021) -> Rugby Club Toulonnais (2021 - 2026),,,https://all.rugby/player/joe-quere-karaba,RC Canton Garde-Pradet (2009 - 2011) -> RC Hyères Carqueiranne La Crau (2011 - 2019) -> Antony Métro 92 (2019 - 2021) -> Rugby Club Toulonnais (2021 - 2026)
Jules COULON,Jules COULON,FL/NO8,トゥーロン,189,105,2002.07.04,,,,RC Metz (2011 - 2017) -> Rugby Club Toulonnais (2017 - 2026),A,0,https://all.rugby/player/jules-coulon,,RC Metz (2011 - 2017) -> Rugby Club Toulonnais (2017 - 2026),,,https://all.rugby/player/jules-coulon,RC Metz (2011 - 2017) -> Rugby Club Toulonnais (2017 - 2026)
Lewis LUDLAM,Lewis LUDLAM,FL/NO8,トゥーロン,192,111,1995.12.08,,,,Northampton Saints (2016 - 2024) -> Rugby Club Toulonnais (2024 - 2026),A,0,https://all.rugby/player/lewis-ludlam,,Northampton Saints (2016 - 2024) -> Rugby Club Toulonnais (2024 - 2026),England,England,https://all.rugby/player/lewis-ludlam,Northampton Saints (2016 - 2024) -> Rugby Club Toulonnais (2024 - 2026)
Patrick TUIFUA,Patrick TUIFUA,FL/NO8,トゥーロン,191,113,//2004,,,,Jeunesse Sports et Loisirs De Normandie (2013 - 2020) -> Hawke's Bay Magpies (2022 - 2025) -> Rugby Club Toulonnais (2025 - 2026),A,0,https://all.rugby/player/patrick-tuifua,,Jeunesse Sports et Loisirs De Normandie (2013 - 2020) -> Hawke's Bay Magpies (2022 - 2025) -> Rugby Club Toulonnais (2025 - 2026),,,https://all.rugby/player/patrick-tuifua,Jeunesse Sports et Loisirs De Normandie (2013 - 2020) -> Hawke's Bay Magpies (2022 - 2025) -> Rugby Club Toulonnais (2025 - 2026)
Zach MERCER,Zach MERCER,FL/NO8,トゥーロン,191,111,1997.06.28,,,,Bath Rugby (2016 - 2021) -> Montpellier Hérault Rugby (2021 - 2023) -> Gloucester Rugby (2023 - 2025) -> Rugby Club Toulonnais (2025 - 2026),A,0,https://all.rugby/player/zach-mercer,,Bath Rugby (2016 - 2021) -> Montpellier Hérault Rugby (2021 - 2023) -> Gloucester Rugby (2023 - 2025) -> Rugby Club Toulonnais (2025 - 2026),England,England,https://all.rugby/player/zach-mercer,Bath Rugby (2016 - 2021) -> Montpellier Hérault Rugby (2021 - 2023) -> Gloucester Rugby (2023 - 2025) -> Rugby Club Toulonnais (2025 - 2026)
Baptiste SERIN,Baptiste SERIN,SH,トゥーロン,182,83,1994.06.20,,,,Parentis Sport Rugby (2004 - 2009) -> Union Bordeaux-Bègles (2009 - 2019) -> Rugby Club Toulonnais (2019 - 2026),A,0,https://all.rugby/player/baptiste-serin,,Parentis Sport Rugby (2004 - 2009) -> Union Bordeaux-Bègles (2009 - 2019) -> Rugby Club Toulonnais (2019 - 2026),France,France,https://all.rugby/player/baptiste-serin,Parentis Sport Rugby (2004 - 2009) -> Union Bordeaux-Bègles (2009 - 2019) -> Rugby Club Toulonnais (2019 - 2026)
Ben WHITE,Ben WHITE,SH,トゥーロン,180,88,1998.05.27,,,,Leicester Tigers (2015 - 2021) -> London Irish (2021 - 2023) -> Rugby Club Toulonnais (2023 - 2026),A,0,https://all.rugby/player/ben-white,,Leicester Tigers (2015 - 2021) -> London Irish (2021 - 2023) -> Rugby Club Toulonnais (2023 - 2026),England,England,https://all.rugby/player/ben-white,Leicester Tigers (2015 - 2021) -> London Irish (2021 - 2023) -> Rugby Club Toulonnais (2023 - 2026)
Clovis LE BAIL,Clovis LE BAIL,SH,トゥーロン,173,74,1995.11.29,,,,Stade Nantais (2004 - 2014) -> Section Paloise Béarn Pyrénées (2014 - 2023) -> Racing 92 (2023 - 2025) -> Rugby Club Toulonnais (2025 - 2026),A,0,https://all.rugby/player/clovis-le-bail,,Stade Nantais (2004 - 2014) -> Section Paloise Béarn Pyrénées (2014 - 2023) -> Racing 92 (2023 - 2025) -> Rugby Club Toulonnais (2025 - 2026),,,https://all.rugby/player/clovis-le-bail,Stade Nantais (2004 - 2014) -> Section Paloise Béarn Pyrénées (2014 - 2023) -> Racing 92 (2023 - 2025) -> Rugby Club Toulonnais (2025 - 2026)
Matéo GARCIA,Matéo GARCIA,SO,トゥーロン,174,79,2002.07.08,,,,Aviron Bayonnais (2016 - 2020) -> Union Bordeaux-Bègles (2020 - 2025) -> Rugby Club Toulonnais (2025 - 2026),A,0,https://all.rugby/player/mateo-garcia,,Aviron Bayonnais (2016 - 2020) -> Union Bordeaux-Bègles (2020 - 2025) -> Rugby Club Toulonnais (2025 - 2026),,,https://all.rugby/player/mateo-garcia,Aviron Bayonnais (2016 - 2020) -> Union Bordeaux-Bègles (2020 - 2025) -> Rugby Club Toulonnais (2025 - 2026)
Paolo GARBISI,Paolo GARBISI,SO,トゥーロン,184,97,2000.04.26,,,,Mogliano Veneto Rugby (2018 - 2019) -> Petrarca Rugby (2019 - 2019) -> Benetton Rugby Trévise (2019 - 2019) -> Petrarca Rugby (2020 - 2020) -> Benetton Rugby Trévise (2020 - 2021) -> Montpellier Hérault Rugby (2021 - 2023) -> Rugby Club Toulonnais (2023 - 2023) -> Montpellier Hérault Rugby (2024 - 2024) -> Rugby Club Toulonnais (2024 - 2026),A,0,https://all.rugby/player/paolo-garbisi,,Mogliano Veneto Rugby (2018 - 2019) -> Petrarca Rugby (2019 - 2019) -> Benetton Rugby Trévise (2019 - 2019) -> Petrarca Rugby (2020 - 2020) -> Benetton Rugby Trévise (2020 - 2021) -> Montpellier Hérault Rugby (2021 - 2023) -> Rugby Club Toulonnais (2023 - 2023) -> Montpellier Hérault Rugby (2024 - 2024) -> Rugby Club Toulonnais (2024 - 2026),Italy,Italy,https://all.rugby/player/paolo-garbisi,Mogliano Veneto Rugby (2018 - 2019) -> Petrarca Rugby (2019 - 2019) -> Benetton Rugby Trévise (2019 - 2019) -> Petrarca Rugby (2020 - 2020) -> Benetton Rugby Trévise (2020 - 2021) -> Montpellier Hérault Rugby (2021 - 2023) -> Rugby Club Toulonnais (2023 - 2023) -> Montpellier Hérault Rugby (2024 - 2024) -> Rugby Club Toulonnais (2024 - 2026)
Tomás ALBORNOZ,Tomás ALBORNOZ,SO,トゥーロン,177,82,1997.09.17,,,,Tucumán Rugby Club (2015 - 2019) -> Jaguares (2019 - 2020) -> Jaguares XV (2020 - 2021) -> Benetton Rugby Trévise (2021 - 2025) -> Rugby Club Toulonnais (2025 - 2025) -> Benetton Rugby Trévise (2026 - 2026) -> Rugby Club Toulonnais (2026 - 2026),A,0,https://all.rugby/player/tomas-albornoz,,Tucumán Rugby Club (2015 - 2019) -> Jaguares (2019 - 2020) -> Jaguares XV (2020 - 2021) -> Benetton Rugby Trévise (2021 - 2025) -> Rugby Club Toulonnais (2025 - 2025) -> Benetton Rugby Trévise (2026 - 2026) -> Rugby Club Toulonnais (2026 - 2026),Argentina,Argentina,https://all.rugby/player/tomas-albornoz,Tucumán Rugby Club (2015 - 2019) -> Jaguares (2019 - 2020) -> Jaguares XV (2020 - 2021) -> Benetton Rugby Trévise (2021 - 2025) -> Rugby Club Toulonnais (2025 - 2025) -> Benetton Rugby Trévise (2026 - 2026) -> Rugby Club Toulonnais (2026 - 2026)
Antoine FRISCH,Antoine FRISCH,CTB,トゥーロン,188,99,1996.06.01,,,,Rugby Sud 77 (2004 - 2011) -> Paris Université Club (2011 - 2013) -> Rugby Club Massy Essonne (2013 - 2016) -> Stade Français Paris Rugby (2016 - 2018) -> Stado Tarbes Pyrénées Rugby (2018 - 2019) -> Rugby Club Massy Essonne (2019 - 2020) -> Rouen Normandie Rugby (2020 - 2021) -> Bristol Bears (2021 - 2022) -> Munster Rugby (2022 - 2024) -> Rugby Club Toulonnais (2024 - 2026),A,0,https://all.rugby/player/antoine-frisch,,Rugby Sud 77 (2004 - 2011) -> Paris Université Club (2011 - 2013) -> Rugby Club Massy Essonne (2013 - 2016) -> Stade Français Paris Rugby (2016 - 2018) -> Stado Tarbes Pyrénées Rugby (2018 - 2019) -> Rugby Club Massy Essonne (2019 - 2020) -> Rouen Normandie Rugby (2020 - 2021) -> Bristol Bears (2021 - 2022) -> Munster Rugby (2022 - 2024) -> Rugby Club Toulonnais (2024 - 2026),France,France,https://all.rugby/player/antoine-frisch,Rugby Sud 77 (2004 - 2011) -> Paris Université Club (2011 - 2013) -> Rugby Club Massy Essonne (2013 - 2016) -> Stade Français Paris Rugby (2016 - 2018) -> Stado Tarbes Pyrénées Rugby (2018 - 2019) -> Rugby Club Massy Essonne (2019 - 2020) -> Rouen Normandie Rugby (2020 - 2021) -> Bristol Bears (2021 - 2022) -> Munster Rugby (2022 - 2024) -> Rugby Club Toulonnais (2024 - 2026)
Ignacio BREX,Ignacio BREX,CTB,トゥーロン,189,99,1992.05.26,,,,Benetton Rugby Trévise (2017 - 2025) -> Rugby Club Toulonnais (2025 - 2026),A,0,https://all.rugby/player/ignacio-brex,,Benetton Rugby Trévise (2017 - 2025) -> Rugby Club Toulonnais (2025 - 2026),Argentina,Argentina,https://all.rugby/player/ignacio-brex,Benetton Rugby Trévise (2017 - 2025) -> Rugby Club Toulonnais (2025 - 2026)
Jérémy SINZELLE,Jérémy SINZELLE,CTB,トゥーロン,184,98,1990.07.02,,,,Rugby Nice Côte d'Azur Université Racing (2003 - 2006) -> Rugby Club Toulonnais (2006 - 2012) -> Stade Français Paris Rugby (2012 - 2017) -> Stade Rochelais (2017 - 2022) -> Rugby Club Toulonnais (2022 - 2026),A,0,https://all.rugby/player/jeremy-sinzelle,,Rugby Nice Côte d'Azur Université Racing (2003 - 2006) -> Rugby Club Toulonnais (2006 - 2012) -> Stade Français Paris Rugby (2012 - 2017) -> Stade Rochelais (2017 - 2022) -> Rugby Club Toulonnais (2022 - 2026),,,https://all.rugby/player/jeremy-sinzelle,Rugby Nice Côte d'Azur Université Racing (2003 - 2006) -> Rugby Club Toulonnais (2006 - 2012) -> Stade Français Paris Rugby (2012 - 2017) -> Stade Rochelais (2017 - 2022) -> Rugby Club Toulonnais (2022 - 2026)
Ma'a NONU,Ma'a NONU,CTB,トゥーロン,182,108,1982.05.21,,,,Hurricanes (2002 - 2011) -> Blues (2011 - 2012) -> Highlanders (2012 - 2013) -> Blues (2013 - 2014) -> Hurricanes (2014 - 2015) -> Rugby Club Toulonnais (2015 - 2018) -> Blues (2018 - 2019) -> San Diego Legion (2019 - 2020) -> Rugby Club Toulonnais (2020 - 2021) -> San Diego Legion (2021 - 2024) -> Rugby Club Toulonnais (2024 - 2026),A,0,https://all.rugby/player/ma-a-nonu,,Hurricanes (2002 - 2011) -> Blues (2011 - 2012) -> Highlanders (2012 - 2013) -> Blues (2013 - 2014) -> Hurricanes (2014 - 2015) -> Rugby Club Toulonnais (2015 - 2018) -> Blues (2018 - 2019) -> San Diego Legion (2019 - 2020) -> Rugby Club Toulonnais (2020 - 2021) -> San Diego Legion (2021 - 2024) -> Rugby Club Toulonnais (2024 - 2026),New Zealand,New Zealand,https://all.rugby/player/ma-a-nonu,Hurricanes (2002 - 2011) -> Blues (2011 - 2012) -> Highlanders (2012 - 2013) -> Blues (2013 - 2014) -> Hurricanes (2014 - 2015) -> Rugby Club Toulonnais (2015 - 2018) -> Blues (2018 - 2019) -> San Diego Legion (2019 - 2020) -> Rugby Club Toulonnais (2020 - 2021) -> San Diego Legion (2021 - 2024) -> Rugby Club Toulonnais (2024 - 2026)
Mathieu SMAÏLI,Mathieu SMAÏLI,CTB,トゥーロン,180,88,1999.08.30,,,,RC Hyères Carqueiranne La Crau (2006 - 2010) -> Rugby Club Toulonnais (2010 - 2020) -> Stade Montois Rugby Pro (2020 - 2021) -> Rugby Club Toulonnais (2021 - 2026),A,0,https://all.rugby/player/mathieu-smaili,,RC Hyères Carqueiranne La Crau (2006 - 2010) -> Rugby Club Toulonnais (2010 - 2020) -> Stade Montois Rugby Pro (2020 - 2021) -> Rugby Club Toulonnais (2021 - 2026),,,https://all.rugby/player/mathieu-smaili,RC Hyères Carqueiranne La Crau (2006 - 2010) -> Rugby Club Toulonnais (2010 - 2020) -> Stade Montois Rugby Pro (2020 - 2021) -> Rugby Club Toulonnais (2021 - 2026)
Oliver COWIE,Oliver COWIE,CTB,トゥーロン,193,95,//2005,,,,Club du Golfe (2013 - 2020) -> Rugby Club Toulonnais (2020 - 2026),A,0,https://all.rugby/player/oliver-cowie,,Club du Golfe (2013 - 2020) -> Rugby Club Toulonnais (2020 - 2026),,,https://all.rugby/player/oliver-cowie,Club du Golfe (2013 - 2020) -> Rugby Club Toulonnais (2020 - 2026)
Rayan REBBADJ,Rayan REBBADJ,CTB,トゥーロン,190,100,1999.08.15,,,,RC Port-de-Bouc (2011 - 2018) -> Rugby Club Toulonnais (2018 - 2026),A,0,https://all.rugby/player/rayan-rebbadj,,RC Port-de-Bouc (2011 - 2018) -> Rugby Club Toulonnais (2018 - 2026),,,https://all.rugby/player/rayan-rebbadj,RC Port-de-Bouc (2011 - 2018) -> Rugby Club Toulonnais (2018 - 2026)
Setariki TUICUVU,Setariki TUICUVU,CTB,トゥーロン,179,95,1995.09.07,,,,ASM Clermont Auvergne (2015 - 2019) -> Aviron Bayonnais (2019 - 2019) -> ASM Clermont Auvergne (2020 - 2020) -> Aviron Bayonnais (2020 - 2020) -> CA Brive Corrèze Limousin (2020 - 2023) -> Rugby Club Toulonnais (2023 - 2026),A,0,https://all.rugby/player/setariki-tuicuvu,,ASM Clermont Auvergne (2015 - 2019) -> Aviron Bayonnais (2019 - 2019) -> ASM Clermont Auvergne (2020 - 2020) -> Aviron Bayonnais (2020 - 2020) -> CA Brive Corrèze Limousin (2020 - 2023) -> Rugby Club Toulonnais (2023 - 2026),Fiji,Fiji,https://all.rugby/player/setariki-tuicuvu,ASM Clermont Auvergne (2015 - 2019) -> Aviron Bayonnais (2019 - 2019) -> ASM Clermont Auvergne (2020 - 2020) -> Aviron Bayonnais (2020 - 2020) -> CA Brive Corrèze Limousin (2020 - 2023) -> Rugby Club Toulonnais (2023 - 2026)
Gabin VILLIÈRE,Gabin VILLIÈRE,WTB,トゥーロン,180,93,1995.12.13,,,,RC Vire (2004 - 2013) -> Rouen Normandie Rugby (2013 - 2019) -> Rugby Club Toulonnais (2019 - 2026),A,0,https://all.rugby/player/gabin-villiere,,RC Vire (2004 - 2013) -> Rouen Normandie Rugby (2013 - 2019) -> Rugby Club Toulonnais (2019 - 2026),France,France,https://all.rugby/player/gabin-villiere,RC Vire (2004 - 2013) -> Rouen Normandie Rugby (2013 - 2019) -> Rugby Club Toulonnais (2019 - 2026)
Gaël DRÉAN,Gaël DRÉAN,WTB,トゥーロン,184,84,2000.10.22,,,,Rugby Ovalie Lorient (2008 - 2019) -> Plouzané (2019 - 2020) -> Rennes Etudiants Club (2020 - 2022) -> Rugby Club Toulonnais (2022 - 2026),A,0,https://all.rugby/player/gael-drean,,Rugby Ovalie Lorient (2008 - 2019) -> Plouzané (2019 - 2020) -> Rennes Etudiants Club (2020 - 2022) -> Rugby Club Toulonnais (2022 - 2026),,,https://all.rugby/player/gael-drean,Rugby Ovalie Lorient (2008 - 2019) -> Plouzané (2019 - 2020) -> Rennes Etudiants Club (2020 - 2022) -> Rugby Club Toulonnais (2022 - 2026)
Marius DOMON,Marius DOMON,FB,トゥーロン,183,85,2002.06.13,,,,Barracudas de Saint-Barthélémy (2008 - 2016) -> RC du Levant (2016 - 2017) -> Rugby Club Toulonnais (2017 - 2026),A,0,https://all.rugby/player/marius-domon,,Barracudas de Saint-Barthélémy (2008 - 2016) -> RC du Levant (2016 - 2017) -> Rugby Club Toulonnais (2017 - 2026),,,https://all.rugby/player/marius-domon,Barracudas de Saint-Barthélémy (2008 - 2016) -> RC du Levant (2016 - 2017) -> Rugby Club Toulonnais (2017 - 2026)
Mathis FERTÉ,Mathis FERTÉ,FB,トゥーロン,172,77,2004.02.02,,,,US Luzechoise (2008 - 2014) -> Cahors (2014 - 2018) -> CA Brive Corrèze Limousin (2018 - 2025) -> Rugby Club Toulonnais (2025 - 2026),A,0,https://all.rugby/player/mathis-ferte,,US Luzechoise (2008 - 2014) -> Cahors (2014 - 2018) -> CA Brive Corrèze Limousin (2018 - 2025) -> Rugby Club Toulonnais (2025 - 2026),,,https://all.rugby/player/mathis-ferte,US Luzechoise (2008 - 2014) -> Cahors (2014 - 2018) -> CA Brive Corrèze Limousin (2018 - 2025) -> Rugby Club Toulonnais (2025 - 2026)
Melvyn JAMINET,Melvyn JAMINET,FB,トゥーロン,180,85,1999.06.30,,,,Rugby Club Toulonnais (2005 - 2015) -> RC Vallée du Gapeau (2015 - 2016) -> RC Hyères Carqueiranne La Crau (2016 - 2018) -> Union Sportive Arlequins Perpignanais (2018 - 2022) -> Stade Toulousain (2022 - 2023) -> Rugby Club Toulonnais (2023 - 2023) -> Stade Toulousain (2024 - 2024) -> Rugby Club Toulonnais (2024 - 2026),A,0,https://all.rugby/player/melvyn-jaminet,,Rugby Club Toulonnais (2005 - 2015) -> RC Vallée du Gapeau (2015 - 2016) -> RC Hyères Carqueiranne La Crau (2016 - 2018) -> Union Sportive Arlequins Perpignanais (2018 - 2022) -> Stade Toulousain (2022 - 2023) -> Rugby Club Toulonnais (2023 - 2023) -> Stade Toulousain (2024 - 2024) -> Rugby Club Toulonnais (2024 - 2026),France,France,https://all.rugby/player/melvyn-jaminet,Rugby Club Toulonnais (2005 - 2015) -> RC Vallée du Gapeau (2015 - 2016) -> RC Hyères Carqueiranne La Crau (2016 - 2018) -> Union Sportive Arlequins Perpignanais (2018 - 2022) -> Stade Toulousain (2022 - 2023) -> Rugby Club Toulonnais (2023 - 2023) -> Stade Toulousain (2024 - 2024) -> Rugby Club Toulonnais (2024 - 2026)
Aleksandre KUNTELIA,Aleksandre KUNTELIA,PR,ラ・ロシェル,197,135,2002.06.26,,,,Lelo Saracens Tbilissi (2015 - 2021) -> Stade Rochelais (2021 - 2026),A,0,https://all.rugby/player/aleksandre-kuntelia,,Lelo Saracens Tbilissi (2015 - 2021) -> Stade Rochelais (2021 - 2026),,,https://all.rugby/player/aleksandre-kuntelia,Lelo Saracens Tbilissi (2015 - 2021) -> Stade Rochelais (2021 - 2026)
Alexandre KADDOURI,Alexandre KADDOURI,PR,ラ・ロシェル,189,114,2003.12.12,,,,Saint-Jean d'Angély (2009 - 2012) -> S.A Rochefort Rugby (2012 - 2013) -> Stade Rochelais (2013 - 2026),A,0,https://all.rugby/player/alexandre-kaddouri,,Saint-Jean d'Angély (2009 - 2012) -> S.A Rochefort Rugby (2012 - 2013) -> Stade Rochelais (2013 - 2026),,,https://all.rugby/player/alexandre-kaddouri,Saint-Jean d'Angély (2009 - 2012) -> S.A Rochefort Rugby (2012 - 2013) -> Stade Rochelais (2013 - 2026)
Gael GALVÁN,Gael GALVÁN,PR,ラ・ロシェル,191,150,//2005,,,,Pucará (2023 - 2023) -> Pampas XV (2023 - 2023) -> Pucará (2024 - 2024) -> Pampas XV (2024 - 2024) -> Pucará (2024 - 2025) -> Stade Rochelais (2025 - 2026),A,0,https://all.rugby/player/gael-galvan,,Pucará (2023 - 2023) -> Pampas XV (2023 - 2023) -> Pucará (2024 - 2024) -> Pampas XV (2024 - 2024) -> Pucará (2024 - 2025) -> Stade Rochelais (2025 - 2026),,,https://all.rugby/player/gael-galvan,Pucará (2023 - 2023) -> Pampas XV (2023 - 2023) -> Pucará (2024 - 2024) -> Pampas XV (2024 - 2024) -> Pucará (2024 - 2025) -> Stade Rochelais (2025 - 2026)
Joel SCLAVI,Joel SCLAVI,PR,ラ・ロシェル,190,139,1994.06.25,,,,Bizkaia Gernika RT (2015 - 2016) -> Section Paloise Béarn Pyrénées (2016 - 2017) -> Soyaux-Angoulême XV Charente (2017 - 2019) -> Sporting Union Agenais (2019 - 2019) -> Jaguares (2019 - 2019) -> Sporting Union Agenais (2020 - 2020) -> Jaguares (2020 - 2020) -> Jaguares XV (2020 - 2021) -> Stade Rochelais (2021 - 2026),A,0,https://all.rugby/player/joel-sclavi,,Bizkaia Gernika RT (2015 - 2016) -> Section Paloise Béarn Pyrénées (2016 - 2017) -> Soyaux-Angoulême XV Charente (2017 - 2019) -> Sporting Union Agenais (2019 - 2019) -> Jaguares (2019 - 2019) -> Sporting Union Agenais (2020 - 2020) -> Jaguares (2020 - 2020) -> Jaguares XV (2020 - 2021) -> Stade Rochelais (2021 - 2026),,,https://all.rugby/player/joel-sclavi,Bizkaia Gernika RT (2015 - 2016) -> Section Paloise Béarn Pyrénées (2016 - 2017) -> Soyaux-Angoulême XV Charente (2017 - 2019) -> Sporting Union Agenais (2019 - 2019) -> Jaguares (2019 - 2019) -> Sporting Union Agenais (2020 - 2020) -> Jaguares (2020 - 2020) -> Jaguares XV (2020 - 2021) -> Stade Rochelais (2021 - 2026)
Karl SORIN,Karl SORIN,PR,ラ・ロシェル,186,135,2003.08.07,,,,Rugby Olympique Choletais (2015 - 2018) -> Stade Rochelais (2018 - 2024) -> Soyaux-Angoulême XV Charente (2024 - 2024) -> Stade Rochelais (2024 - 2024) -> Soyaux-Angoulême XV Charente (2025 - 2025) -> Stade Rochelais (2025 - 2026),A,0,https://all.rugby/player/karl-sorin,,Rugby Olympique Choletais (2015 - 2018) -> Stade Rochelais (2018 - 2024) -> Soyaux-Angoulême XV Charente (2024 - 2024) -> Stade Rochelais (2024 - 2024) -> Soyaux-Angoulême XV Charente (2025 - 2025) -> Stade Rochelais (2025 - 2026),,,https://all.rugby/player/karl-sorin,Rugby Olympique Choletais (2015 - 2018) -> Stade Rochelais (2018 - 2024) -> Soyaux-Angoulême XV Charente (2024 - 2024) -> Stade Rochelais (2024 - 2024) -> Soyaux-Angoulême XV Charente (2025 - 2025) -> Stade Rochelais (2025 - 2026)
Louis PENVERNE,Louis PENVERNE,PR,ラ・ロシェル,187,111,2003.03.22,,,,Rugby Ovalie Lorient (2011 - 2020) -> Rugby Club Vannes (2020 - 2021) -> Stade Rochelais (2021 - 2026),A,0,https://all.rugby/player/louis-penverne,,Rugby Ovalie Lorient (2011 - 2020) -> Rugby Club Vannes (2020 - 2021) -> Stade Rochelais (2021 - 2026),,,https://all.rugby/player/louis-penverne,Rugby Ovalie Lorient (2011 - 2020) -> Rugby Club Vannes (2020 - 2021) -> Stade Rochelais (2021 - 2026)
Reda WARDI,Reda WARDI,PR,ラ・ロシェル,185,111,1995.08.02,,,,Montpellier Hérault Rugby (2007 - 2015) -> Association Sportive Béziers Hérault (2015 - 2019) -> Stade Rochelais (2019 - 2026),A,0,https://all.rugby/player/reda-wardi,,Montpellier Hérault Rugby (2007 - 2015) -> Association Sportive Béziers Hérault (2015 - 2019) -> Stade Rochelais (2019 - 2026),,,https://all.rugby/player/reda-wardi,Montpellier Hérault Rugby (2007 - 2015) -> Association Sportive Béziers Hérault (2015 - 2019) -> Stade Rochelais (2019 - 2026)
Nika SUTIDZE,Nika SUTIDZE,HO,ラ・ロシェル,180,104,2003.09.01,,,,Lelo Saracens Tbilissi (2021 - 2021) -> Stade Rochelais (2021 - 2021) -> Lelo Saracens Tbilissi (2022 - 2022) -> Stade Rochelais (2022 - 2026),A,0,https://all.rugby/player/nika-sutidze,,Lelo Saracens Tbilissi (2021 - 2021) -> Stade Rochelais (2021 - 2021) -> Lelo Saracens Tbilissi (2022 - 2022) -> Stade Rochelais (2022 - 2026),,,https://all.rugby/player/nika-sutidze,Lelo Saracens Tbilissi (2021 - 2021) -> Stade Rochelais (2021 - 2021) -> Lelo Saracens Tbilissi (2022 - 2022) -> Stade Rochelais (2022 - 2026)
Pierre BOURGARIT,Pierre BOURGARIT,HO,ラ・ロシェル,184,105,1997.09.12,,,,ES Gimont Rugby (2008 - 2015) -> Rugby Club Auch (2015 - 2017) -> Stade Rochelais (2017 - 2026),A,0,https://all.rugby/player/pierre-bourgarit,,ES Gimont Rugby (2008 - 2015) -> Rugby Club Auch (2015 - 2017) -> Stade Rochelais (2017 - 2026),France,France,https://all.rugby/player/pierre-bourgarit,ES Gimont Rugby (2008 - 2015) -> Rugby Club Auch (2015 - 2017) -> Stade Rochelais (2017 - 2026)
Quentin LESPIAUCQ,Quentin LESPIAUCQ,HO,ラ・ロシェル,180,102,1995.02.16,,,,Mugron (2004 - 2010) -> US Dax Rugby Landes (2010 - 2015) -> Section Paloise Béarn Pyrénées (2015 - 2022) -> Stade Rochelais (2022 - 2026),A,0,https://all.rugby/player/quentin-lespiaucq,,Mugron (2004 - 2010) -> US Dax Rugby Landes (2010 - 2015) -> Section Paloise Béarn Pyrénées (2015 - 2022) -> Stade Rochelais (2022 - 2026),,,https://all.rugby/player/quentin-lespiaucq,Mugron (2004 - 2010) -> US Dax Rugby Landes (2010 - 2015) -> Section Paloise Béarn Pyrénées (2015 - 2022) -> Stade Rochelais (2022 - 2026)
Tolu LATU,Tolu LATU,HO,ラ・ロシェル,180,117,1993.02.23,,,,New South Wales Waratahs (2013 - 2019) -> Stade Français Paris Rugby (2019 - 2022) -> New South Wales Waratahs (2022 - 2023) -> Montpellier Hérault Rugby (2023 - 2023) -> Stade Rochelais (2023 - 2023) -> Montpellier Hérault Rugby (2024 - 2024) -> Stade Rochelais (2024 - 2026),A,0,https://all.rugby/player/tolu-latu,,New South Wales Waratahs (2013 - 2019) -> Stade Français Paris Rugby (2019 - 2022) -> New South Wales Waratahs (2022 - 2023) -> Montpellier Hérault Rugby (2023 - 2023) -> Stade Rochelais (2023 - 2023) -> Montpellier Hérault Rugby (2024 - 2024) -> Stade Rochelais (2024 - 2026),Tonga,Tonga,https://all.rugby/player/tolu-latu,New South Wales Waratahs (2013 - 2019) -> Stade Français Paris Rugby (2019 - 2022) -> New South Wales Waratahs (2022 - 2023) -> Montpellier Hérault Rugby (2023 - 2023) -> Stade Rochelais (2023 - 2023) -> Montpellier Hérault Rugby (2024 - 2024) -> Stade Rochelais (2024 - 2026)
Charles KANTÉ-SAMBA,Charles KANTÉ-SAMBA,LO,ラ・ロシェル,200,115,//2005,,,,Niort RC (2011 - 2021) -> Stade Rochelais (2021 - 2026),A,0,https://all.rugby/player/charles-kante-samba,,Niort RC (2011 - 2021) -> Stade Rochelais (2021 - 2026),,,https://all.rugby/player/charles-kante-samba,Niort RC (2011 - 2021) -> Stade Rochelais (2021 - 2026)
Kane DOUGLAS,Kane DOUGLAS,LO,ラ・ロシェル,202,123,1989.06.01,,,,New South Wales Waratahs (2009 - 2014) -> Leinster Rugby (2014 - 2015) -> Queensland Reds (2015 - 2018) -> Union Bordeaux-Bègles (2018 - 2024) -> Stade Rochelais (2024 - 2026),A,0,https://all.rugby/player/kane-douglas,,New South Wales Waratahs (2009 - 2014) -> Leinster Rugby (2014 - 2015) -> Queensland Reds (2015 - 2018) -> Union Bordeaux-Bègles (2018 - 2024) -> Stade Rochelais (2024 - 2026),Australia,Australia,https://all.rugby/player/kane-douglas,New South Wales Waratahs (2009 - 2014) -> Leinster Rugby (2014 - 2015) -> Queensland Reds (2015 - 2018) -> Union Bordeaux-Bègles (2018 - 2024) -> Stade Rochelais (2024 - 2026)
Thomas LAVAULT,Thomas LAVAULT,LO,ラ・ロシェル,199,108,1999.05.03,,,,US Thouars (2011 - 2016) -> Stade Rochelais (2016 - 2026),A,0,https://all.rugby/player/thomas-lavault,,US Thouars (2011 - 2016) -> Stade Rochelais (2016 - 2026),,,https://all.rugby/player/thomas-lavault,US Thouars (2011 - 2016) -> Stade Rochelais (2016 - 2026)
Ultan DILLANE,Ultan DILLANE,LO,ラ・ロシェル,198,115,1993.11.09,,,,Connacht Rugby (2014 - 2022) -> Stade Rochelais (2022 - 2026),A,0,https://all.rugby/player/ultan-dillane,,Connacht Rugby (2014 - 2022) -> Stade Rochelais (2022 - 2026),Ireland,Ireland,https://all.rugby/player/ultan-dillane,Connacht Rugby (2014 - 2022) -> Stade Rochelais (2022 - 2026)
Will SKELTON,Will SKELTON,LO,ラ・ロシェル,202,145,1992.05.03,,,,New South Wales Waratahs (2013 - 2016) -> Saracens (2016 - 2016) -> New South Wales Waratahs (2016 - 2016) -> Saracens (2017 - 2017) -> New South Wales Waratahs (2017 - 2017) -> Saracens (2017 - 2020) -> Stade Rochelais (2020 - 2026),A,0,https://all.rugby/player/will-skelton,,New South Wales Waratahs (2013 - 2016) -> Saracens (2016 - 2016) -> New South Wales Waratahs (2016 - 2016) -> Saracens (2017 - 2017) -> New South Wales Waratahs (2017 - 2017) -> Saracens (2017 - 2020) -> Stade Rochelais (2020 - 2026),New Zealand,New Zealand,https://all.rugby/player/will-skelton,New South Wales Waratahs (2013 - 2016) -> Saracens (2016 - 2016) -> New South Wales Waratahs (2016 - 2016) -> Saracens (2017 - 2017) -> New South Wales Waratahs (2017 - 2017) -> Saracens (2017 - 2020) -> Stade Rochelais (2020 - 2026)
Greg ALLDRITT,Greg ALLDRITT,FL/NO8,ラ・ロシェル,191,114,1997.03.23,,,,SA Condom Rugby (2004 - 2008) -> Rugby Club Auch (2008 - 2017) -> Stade Rochelais (2017 - 2026),A,0,https://all.rugby/player/greg-alldritt,,SA Condom Rugby (2004 - 2008) -> Rugby Club Auch (2008 - 2017) -> Stade Rochelais (2017 - 2026),France,France,https://all.rugby/player/greg-alldritt,SA Condom Rugby (2004 - 2008) -> Rugby Club Auch (2008 - 2017) -> Stade Rochelais (2017 - 2026)
Judicaël CANCORIET,Judicaël CANCORIET,FL/NO8,ラ・ロシェル,194,116,1996.04.25,,,,AAS Sarcelles Rugby (2005 - 2011) -> Rugby Club Massy Essonne (2011 - 2015) -> ASM Clermont Auvergne (2015 - 2023) -> Stade Rochelais (2023 - 2026),A,0,https://all.rugby/player/judicael-cancoriet,,AAS Sarcelles Rugby (2005 - 2011) -> Rugby Club Massy Essonne (2011 - 2015) -> ASM Clermont Auvergne (2015 - 2023) -> Stade Rochelais (2023 - 2026),France,France,https://all.rugby/player/judicael-cancoriet,AAS Sarcelles Rugby (2005 - 2011) -> Rugby Club Massy Essonne (2011 - 2015) -> ASM Clermont Auvergne (2015 - 2023) -> Stade Rochelais (2023 - 2026)
Levani BOTIA,Levani BOTIA,FL/NO8,ラ・ロシェル,182,103,1989.03.14,,,,Stade Rochelais (2013 - 2026),A,0,https://all.rugby/player/levani-botia,,Stade Rochelais (2013 - 2026),Fiji,Fiji,https://all.rugby/player/levani-botia,Stade Rochelais (2013 - 2026)
Lucas ANDJISSERAMATCHI,Lucas ANDJISSERAMATCHI,FL/NO8,ラ・ロシェル,187,105,//2006,,,,Rugby Club Massy Essonne (2014 - 2024) -> Stade Rochelais (2024 - 2026),A,0,https://all.rugby/player/lucas-andjisseramatchi,,Rugby Club Massy Essonne (2014 - 2024) -> Stade Rochelais (2024 - 2026),,,https://all.rugby/player/lucas-andjisseramatchi,Rugby Club Massy Essonne (2014 - 2024) -> Stade Rochelais (2024 - 2026)
Matthias HADDAD,Matthias HADDAD,FL/NO8,ラ・ロシェル,193,99,2001.03.10,,,,Stade Rochelais (2007 - 2009) -> Rugby Club du Pays Muzillacais (2009 - 2013) -> Rugby Club Vannes (2013 - 2016) -> Stade Rochelais (2016 - 2026),A,0,https://all.rugby/player/matthias-haddad,,Stade Rochelais (2007 - 2009) -> Rugby Club du Pays Muzillacais (2009 - 2013) -> Rugby Club Vannes (2013 - 2016) -> Stade Rochelais (2016 - 2026),,,https://all.rugby/player/matthias-haddad,Stade Rochelais (2007 - 2009) -> Rugby Club du Pays Muzillacais (2009 - 2013) -> Rugby Club Vannes (2013 - 2016) -> Stade Rochelais (2016 - 2026)
Oscar JÉGOU,Oscar JÉGOU,FL/NO8,ラ・ロシェル,190,90,2003.05.31,,,,Oléron RC (2008 - 2009) -> Stade Rochelais (2009 - 2026),A,0,https://all.rugby/player/oscar-jegou,,Oléron RC (2008 - 2009) -> Stade Rochelais (2009 - 2026),France,France,https://all.rugby/player/oscar-jegou,Oléron RC (2008 - 2009) -> Stade Rochelais (2009 - 2026)
Paul BOUDEHENT,Paul BOUDEHENT,FL/NO8,ラ・ロシェル,192,107,1999.11.21,,,,SCO RC Angers (2010 - 2014) -> Stade Nantais (2014 - 2017) -> Stade Rochelais (2017 - 2026),A,0,https://all.rugby/player/paul-boudehent,,SCO RC Angers (2010 - 2014) -> Stade Nantais (2014 - 2017) -> Stade Rochelais (2017 - 2026),France,France,https://all.rugby/player/paul-boudehent,SCO RC Angers (2010 - 2014) -> Stade Nantais (2014 - 2017) -> Stade Rochelais (2017 - 2026)
Nolann LE GARREC,Nolann LE GARREC,SH,ラ・ロシェル,175,75,2002.05.14,,,,Rugby Club Vannes (2009 - 2017) -> Racing 92 (2017 - 2025) -> Stade Rochelais (2025 - 2026),A,0,https://all.rugby/player/nolann-le-garrec,,Rugby Club Vannes (2009 - 2017) -> Racing 92 (2017 - 2025) -> Stade Rochelais (2025 - 2026),France,France,https://all.rugby/player/nolann-le-garrec,Rugby Club Vannes (2009 - 2017) -> Racing 92 (2017 - 2025) -> Stade Rochelais (2025 - 2026)
Thomas BERJON,Thomas BERJON,SH,ラ・ロシェル,177,87,1998.04.12,,,,Stade Rochelais (2010 - 2026),A,0,https://all.rugby/player/thomas-berjon,,Stade Rochelais (2010 - 2026),,,https://all.rugby/player/thomas-berjon,Stade Rochelais (2010 - 2026)
Antoine HASTOY,Antoine HASTOY,SO,ラ・ロシェル,180,86,1997.06.04,,,,RC Billère ASPTT Lescar (2004 - 2011) -> Section Paloise Béarn Pyrénées (2011 - 2022) -> Stade Rochelais (2022 - 2026),A,0,https://all.rugby/player/antoine-hastoy,,RC Billère ASPTT Lescar (2004 - 2011) -> Section Paloise Béarn Pyrénées (2011 - 2022) -> Stade Rochelais (2022 - 2026),France,France,https://all.rugby/player/antoine-hastoy,RC Billère ASPTT Lescar (2004 - 2011) -> Section Paloise Béarn Pyrénées (2011 - 2022) -> Stade Rochelais (2022 - 2026)
Diego JURD,Diego JURD,SO,ラ・ロシェル,184,87,//2006,,,,Stade Rochelais (2011 - 2026),A,0,https://all.rugby/player/diego-jurd,,Stade Rochelais (2011 - 2026),,,https://all.rugby/player/diego-jurd,Stade Rochelais (2011 - 2026)
Ihaia WEST,Ihaia WEST,SO,ラ・ロシェル,175,85,1992.01.16,,,,Hawke's Bay Magpies (2012 - 2013) -> Blues (2013 - 2017) -> Hurricanes (2017 - 2018) -> Stade Rochelais (2018 - 2022) -> Rugby Club Toulonnais (2022 - 2023) -> Stade Rochelais (2023 - 2026),A,0,https://all.rugby/player/ihaia-west,,Hawke's Bay Magpies (2012 - 2013) -> Blues (2013 - 2017) -> Hurricanes (2017 - 2018) -> Stade Rochelais (2018 - 2022) -> Rugby Club Toulonnais (2022 - 2023) -> Stade Rochelais (2023 - 2026),,,https://all.rugby/player/ihaia-west,Hawke's Bay Magpies (2012 - 2013) -> Blues (2013 - 2017) -> Hurricanes (2017 - 2018) -> Stade Rochelais (2018 - 2022) -> Rugby Club Toulonnais (2022 - 2023) -> Stade Rochelais (2023 - 2026)
Adrien SÉGURET,Adrien SÉGURET,CTB,ラ・ロシェル,183,95,1998.07.22,,,,Sporting Club Albigeois (2010 - 2017) -> Lyon Olympique Universitaire Rugby (2017 - 2019) -> Stade Montois Rugby Pro (2019 - 2020) -> FC Grenoble Rugby (2020 - 2022) -> Castres Olympique (2022 - 2025) -> Stade Rochelais (2025 - 2025) -> Castres Olympique (2026 - 2026) -> Stade Rochelais (2026 - 2026),A,0,https://all.rugby/player/adrien-seguret,,Sporting Club Albigeois (2010 - 2017) -> Lyon Olympique Universitaire Rugby (2017 - 2019) -> Stade Montois Rugby Pro (2019 - 2020) -> FC Grenoble Rugby (2020 - 2022) -> Castres Olympique (2022 - 2025) -> Stade Rochelais (2025 - 2025) -> Castres Olympique (2026 - 2026) -> Stade Rochelais (2026 - 2026),,,https://all.rugby/player/adrien-seguret,Sporting Club Albigeois (2010 - 2017) -> Lyon Olympique Universitaire Rugby (2017 - 2019) -> Stade Montois Rugby Pro (2019 - 2020) -> FC Grenoble Rugby (2020 - 2022) -> Castres Olympique (2022 - 2025) -> Stade Rochelais (2025 - 2025) -> Castres Olympique (2026 - 2026) -> Stade Rochelais (2026 - 2026)
Jonathan DANTY,Jonathan DANTY,CTB,ラ・ロシェル,181,110,1992.10.07,,,,ASPTT Paris (2004 - 2006) -> Paris Université Club (2006 - 2008) -> Stade Français Paris Rugby (2008 - 2021) -> Stade Rochelais (2021 - 2026),A,0,https://all.rugby/player/jonathan-danty,,ASPTT Paris (2004 - 2006) -> Paris Université Club (2006 - 2008) -> Stade Français Paris Rugby (2008 - 2021) -> Stade Rochelais (2021 - 2026),France,France,https://all.rugby/player/jonathan-danty,ASPTT Paris (2004 - 2006) -> Paris Université Club (2006 - 2008) -> Stade Français Paris Rugby (2008 - 2021) -> Stade Rochelais (2021 - 2026)
Jules FAVRE,Jules FAVRE,CTB,ラ・ロシェル,181,93,1999.03.22,,,,Stade Rochelais (2017 - 2026),A,0,https://all.rugby/player/jules-favre,,Stade Rochelais (2017 - 2026),,,https://all.rugby/player/jules-favre,Stade Rochelais (2017 - 2026)
Semi LAGIVALA,Semi LAGIVALA,CTB,ラ・ロシェル,190,94,2003.04.06,,,,Stade Montois Rugby Pro (2022 - 2025) -> Stade Rochelais (2025 - 2026),A,0,https://all.rugby/player/semi-lagivala,,Stade Montois Rugby Pro (2022 - 2025) -> Stade Rochelais (2025 - 2026),,,https://all.rugby/player/semi-lagivala,Stade Montois Rugby Pro (2022 - 2025) -> Stade Rochelais (2025 - 2026)
Simeli DAUNIVUCU,Simeli DAUNIVUCU,CTB,ラ・ロシェル,180,100,//2005,,,,Rugby Club Chartreuse Néron (2010 - 2011) -> Valence Romans Drôme Rugby (2012 - 2015) -> Saint-Jean d'Angély (2015 - 2017) -> Union Cognac-Saint-Jean d'Angély (2017 - 2019) -> Stade Rochelais (2019 - 2019) -> Union Cognac-Saint-Jean d'Angély (2020 - 2020) -> Stade Rochelais (2020 - 2026),A,0,https://all.rugby/player/simeli-daunivucu,,Rugby Club Chartreuse Néron (2010 - 2011) -> Valence Romans Drôme Rugby (2012 - 2015) -> Saint-Jean d'Angély (2015 - 2017) -> Union Cognac-Saint-Jean d'Angély (2017 - 2019) -> Stade Rochelais (2019 - 2019) -> Union Cognac-Saint-Jean d'Angély (2020 - 2020) -> Stade Rochelais (2020 - 2026),,,https://all.rugby/player/simeli-daunivucu,Rugby Club Chartreuse Néron (2010 - 2011) -> Valence Romans Drôme Rugby (2012 - 2015) -> Saint-Jean d'Angély (2015 - 2017) -> Union Cognac-Saint-Jean d'Angély (2017 - 2019) -> Stade Rochelais (2019 - 2019) -> Union Cognac-Saint-Jean d'Angély (2020 - 2020) -> Stade Rochelais (2020 - 2026)
Ulupano SEUTENI,Ulupano SEUTENI,CTB,ラ・ロシェル,185,100,1993.12.09,,,,Queensland Reds (2012 - 2014) -> Rugby Club Toulonnais (2014 - 2016) -> Oyonnax Rugby (2016 - 2018) -> Union Bordeaux-Bègles (2018 - 2022) -> Stade Rochelais (2022 - 2026),A,0,https://all.rugby/player/ulupano-seuteni,,Queensland Reds (2012 - 2014) -> Rugby Club Toulonnais (2014 - 2016) -> Oyonnax Rugby (2016 - 2018) -> Union Bordeaux-Bègles (2018 - 2022) -> Stade Rochelais (2022 - 2026),Australia,Australia,https://all.rugby/player/ulupano-seuteni,Queensland Reds (2012 - 2014) -> Rugby Club Toulonnais (2014 - 2016) -> Oyonnax Rugby (2016 - 2018) -> Union Bordeaux-Bègles (2018 - 2022) -> Stade Rochelais (2022 - 2026)
Dillyn LEYDS,Dillyn LEYDS,WTB,ラ・ロシェル,183,88,1992.09.12,,,,Western Force (2013 - 2014) -> Stormers (2014 - 2020) -> Stade Rochelais (2020 - 2026),A,0,https://all.rugby/player/dillyn-leyds,,Western Force (2013 - 2014) -> Stormers (2014 - 2020) -> Stade Rochelais (2020 - 2026),South Africa,South Africa,https://all.rugby/player/dillyn-leyds,Western Force (2013 - 2014) -> Stormers (2014 - 2020) -> Stade Rochelais (2020 - 2026)
Hoani BOSMORIN,Hoani BOSMORIN,WTB,ラ・ロシェル,184,85,//2004,,,,Stade Rochelais (2010 - 2026),A,0,https://all.rugby/player/hoani-bosmorin,,Stade Rochelais (2010 - 2026),,,https://all.rugby/player/hoani-bosmorin,Stade Rochelais (2010 - 2026)
Jack NOWELL,Jack NOWELL,WTB,ラ・ロシェル,181,98,1993.04.11,,,,Exeter Chiefs (2013 - 2023) -> Stade Rochelais (2023 - 2026),A,0,https://all.rugby/player/jack-nowell,,Exeter Chiefs (2013 - 2023) -> Stade Rochelais (2023 - 2026),England,England,https://all.rugby/player/jack-nowell,Exeter Chiefs (2013 - 2023) -> Stade Rochelais (2023 - 2026)
Nathan BOLLENGIER,Nathan BOLLENGIER,WTB,ラ・ロシェル,183,85,2004.01.18,,,,Stade Rochelais (2010 - 2026),A,0,https://all.rugby/player/nathan-bollengier,,Stade Rochelais (2010 - 2026),,,https://all.rugby/player/nathan-bollengier,Stade Rochelais (2010 - 2026)
Suliasi VUNIVALU,Suliasi VUNIVALU,WTB,ラ・ロシェル,192,102,1995.11.27,,,,Melbourne Storm (2015 - 2020) -> Queensland Reds (2020 - 2024) -> Stade Rochelais (2024 - 2026),A,0,https://all.rugby/player/suliasi-vunivalu,,Melbourne Storm (2015 - 2020) -> Queensland Reds (2020 - 2024) -> Stade Rochelais (2024 - 2026),Fiji,Fiji,https://all.rugby/player/suliasi-vunivalu,Melbourne Storm (2015 - 2020) -> Queensland Reds (2020 - 2024) -> Stade Rochelais (2024 - 2026)
Davit NINIASHVILI,Davit NINIASHVILI,FB,ラ・ロシェル,185,90,2002.07.14,,,,Khvamli Rugby (2020 - 2021) -> Lyon Olympique Universitaire Rugby (2021 - 2025) -> Stade Rochelais (2025 - 2026),A,0,https://all.rugby/player/davit-niniashvili,,Khvamli Rugby (2020 - 2021) -> Lyon Olympique Universitaire Rugby (2021 - 2025) -> Stade Rochelais (2025 - 2026),,,https://all.rugby/player/davit-niniashvili,Khvamli Rugby (2020 - 2021) -> Lyon Olympique Universitaire Rugby (2021 - 2025) -> Stade Rochelais (2025 - 2026)
Ugo PACOME,Ugo PACOME,FB,ラ・ロシェル,188,85,//2005,,,,US Colomiers (2010 - 2025) -> Stade Rochelais (2025 - 2026),A,0,https://all.rugby/player/ugo-pacome,,US Colomiers (2010 - 2025) -> Stade Rochelais (2025 - 2026),,,https://all.rugby/player/ugo-pacome,US Colomiers (2010 - 2025) -> Stade Rochelais (2025 - 2026)
Demba BAMBA,Demba BAMBA,PR,ラシン92,185,125,1998.03.17,,,,Saint-Denis Union Sports Rugby (2012 - 2014) -> CA Brive Corrèze Limousin (2014 - 2019) -> Lyon Olympique Universitaire Rugby (2019 - 2024) -> Racing 92 (2024 - 2026),A,0,https://all.rugby/player/demba-bamba,,Saint-Denis Union Sports Rugby (2012 - 2014) -> CA Brive Corrèze Limousin (2014 - 2019) -> Lyon Olympique Universitaire Rugby (2019 - 2024) -> Racing 92 (2024 - 2026),France,France,https://all.rugby/player/demba-bamba,Saint-Denis Union Sports Rugby (2012 - 2014) -> CA Brive Corrèze Limousin (2014 - 2019) -> Lyon Olympique Universitaire Rugby (2019 - 2024) -> Racing 92 (2024 - 2026)
Édouard-Junior JABEA NJOCKE,Édouard-Junior JABEA NJOCKE,PR,ラシン92,180,118,//2006,,,,Sainte-Geneviève Sports Rugby (2012 - 2014) -> Rugby Club Massy Essonne (2016 - 2024) -> Racing 92 (2024 - 2026),A,0,https://all.rugby/player/edouard-junior-jabea-njocke,,Sainte-Geneviève Sports Rugby (2012 - 2014) -> Rugby Club Massy Essonne (2016 - 2024) -> Racing 92 (2024 - 2026),,,https://all.rugby/player/edouard-junior-jabea-njocke,Sainte-Geneviève Sports Rugby (2012 - 2014) -> Rugby Club Massy Essonne (2016 - 2024) -> Racing 92 (2024 - 2026)
Gia KHARAISHVILI,Gia KHARAISHVILI,PR,ラシン92,180,120,1999.02.13,,,,RC Armazi (2017 - 2018) -> Racing 92 (2018 - 2021) -> USON Nevers Rugby (2021 - 2021) -> Racing 92 (2022 - 2022) -> USON Nevers Rugby (2022 - 2022) -> Racing 92 (2022 - 2026),A,0,https://all.rugby/player/kharaishvili-gia,,RC Armazi (2017 - 2018) -> Racing 92 (2018 - 2021) -> USON Nevers Rugby (2021 - 2021) -> Racing 92 (2022 - 2022) -> USON Nevers Rugby (2022 - 2022) -> Racing 92 (2022 - 2026),,,https://all.rugby/player/kharaishvili-gia,RC Armazi (2017 - 2018) -> Racing 92 (2018 - 2021) -> USON Nevers Rugby (2021 - 2021) -> Racing 92 (2022 - 2022) -> USON Nevers Rugby (2022 - 2022) -> Racing 92 (2022 - 2026)
Guram GOGICHASHVILI,Guram GOGICHASHVILI,PR,ラシン92,183,118,1998.09.04,,,,RC Locomotive Tbilisi (2017 - 2018) -> Racing 92 (2018 - 2026),A,0,https://all.rugby/player/guram-gogichashvili,,RC Locomotive Tbilisi (2017 - 2018) -> Racing 92 (2018 - 2026),Georgia,Georgia,https://all.rugby/player/guram-gogichashvili,RC Locomotive Tbilisi (2017 - 2018) -> Racing 92 (2018 - 2026)
Hassane KOLINGAR,Hassane KOLINGAR,PR,ラシン92,186,116,1998.03.06,,,,RC Soisy Andilly Margency (2012 - 2013) -> Racing 92 (2013 - 2018) -> Rugby Club Vannes (2018 - 2018) -> Racing 92 (2019 - 2019) -> Rugby Club Vannes (2019 - 2019) -> Racing 92 (2019 - 2026),A,0,https://all.rugby/player/hassane-kolingar,,RC Soisy Andilly Margency (2012 - 2013) -> Racing 92 (2013 - 2018) -> Rugby Club Vannes (2018 - 2018) -> Racing 92 (2019 - 2019) -> Rugby Club Vannes (2019 - 2019) -> Racing 92 (2019 - 2026),France,France,https://all.rugby/player/hassane-kolingar,RC Soisy Andilly Margency (2012 - 2013) -> Racing 92 (2013 - 2018) -> Rugby Club Vannes (2018 - 2018) -> Racing 92 (2019 - 2019) -> Rugby Club Vannes (2019 - 2019) -> Racing 92 (2019 - 2026)
Lehopa LEOTA,Lehopa LEOTA,PR,ラシン92,175,130,//2006,,,,Brothers Rugby Club (2022 - 2024) -> Racing 92 (2024 - 2026),A,0,https://all.rugby/player/lehopa-leota,,Brothers Rugby Club (2022 - 2024) -> Racing 92 (2024 - 2026),,,https://all.rugby/player/lehopa-leota,Brothers Rugby Club (2022 - 2024) -> Racing 92 (2024 - 2026)
Lino JULIEN,Lino JULIEN,PR,ラシン92,186,111,//2004,,,,ASM Clermont Auvergne (2017 - 2019) -> Bredase Rugby Club (2019 - 2021) -> USON Nevers Rugby (2021 - 2022) -> Racing 92 (2022 - 2025) -> Provence Rugby (2025 - 2025) -> Racing 92 (2026 - 2026) -> Provence Rugby (2026 - 2026),A,0,https://all.rugby/player/lino-julien,,ASM Clermont Auvergne (2017 - 2019) -> Bredase Rugby Club (2019 - 2021) -> USON Nevers Rugby (2021 - 2022) -> Racing 92 (2022 - 2025) -> Provence Rugby (2025 - 2025) -> Racing 92 (2026 - 2026) -> Provence Rugby (2026 - 2026),France,France,https://all.rugby/player/lino-julien,ASM Clermont Auvergne (2017 - 2019) -> Bredase Rugby Club (2019 - 2021) -> USON Nevers Rugby (2021 - 2022) -> Racing 92 (2022 - 2025) -> Provence Rugby (2025 - 2025) -> Racing 92 (2026 - 2026) -> Provence Rugby (2026 - 2026)
Taniela TUPOU,Taniela TUPOU,PR,ラシン92,181,148,1996.05.10,,,,Queensland Reds (2015 - 2023) -> Melbourne Rebels (2023 - 2024) -> New South Wales Waratahs (2024 - 2025) -> Racing 92 (2025 - 2026),A,0,https://all.rugby/player/taniela-tupou,,Queensland Reds (2015 - 2023) -> Melbourne Rebels (2023 - 2024) -> New South Wales Waratahs (2024 - 2025) -> Racing 92 (2025 - 2026),Tonga,Tonga,https://all.rugby/player/taniela-tupou,Queensland Reds (2015 - 2023) -> Melbourne Rebels (2023 - 2024) -> New South Wales Waratahs (2024 - 2025) -> Racing 92 (2025 - 2026)
Diego ESCOBAR,Diego ESCOBAR,HO,ラシン92,176,103,2000.04.17,,,,Selknam (2021 - 2024) -> Racing 92 (2024 - 2026),A,0,https://all.rugby/player/diego-escobar,,Selknam (2021 - 2024) -> Racing 92 (2024 - 2026),,,https://all.rugby/player/diego-escobar,Selknam (2021 - 2024) -> Racing 92 (2024 - 2026)
Feleti KAITU'U,Feleti KAITU'U,HO,ラシン92,183,110,1994.12.30,,,,Western Force (2019 - 2022) -> Tasman Mako (2022 - 2022) -> Western Force (2023 - 2023) -> Tasman Mako (2023 - 2023) -> Western Force (2023 - 2024) -> Racing 92 (2024 - 2026),A,0,https://all.rugby/player/feleti-kaitu-u,,Western Force (2019 - 2022) -> Tasman Mako (2022 - 2022) -> Western Force (2023 - 2023) -> Tasman Mako (2023 - 2023) -> Western Force (2023 - 2024) -> Racing 92 (2024 - 2026),,,https://all.rugby/player/feleti-kaitu-u,Western Force (2019 - 2022) -> Tasman Mako (2022 - 2022) -> Western Force (2023 - 2023) -> Tasman Mako (2023 - 2023) -> Western Force (2023 - 2024) -> Racing 92 (2024 - 2026)
Janick TARRIT,Janick TARRIT,HO,ラシン92,183,108,1998.10.29,,,,Belleville RC (2004 - 2013) -> U.S. Tours (2013 - 2014) -> Belleville RC (2014 - 2016) -> USON Nevers Rugby (2016 - 2022) -> Racing 92 (2022 - 2026),A,0,https://all.rugby/player/janick-tarrit,,Belleville RC (2004 - 2013) -> U.S. Tours (2013 - 2014) -> Belleville RC (2014 - 2016) -> USON Nevers Rugby (2016 - 2022) -> Racing 92 (2022 - 2026),,,https://all.rugby/player/janick-tarrit,Belleville RC (2004 - 2013) -> U.S. Tours (2013 - 2014) -> Belleville RC (2014 - 2016) -> USON Nevers Rugby (2016 - 2022) -> Racing 92 (2022 - 2026)
Yanis BASSE,Yanis BASSE,HO,ラシン92,180,106,//2006,,,,Évreux AC Rugby (2013 - 2020) -> Racing 92 (2020 - 2026),A,0,https://all.rugby/player/yanis-basse,,Évreux AC Rugby (2013 - 2020) -> Racing 92 (2020 - 2026),,,https://all.rugby/player/yanis-basse,Évreux AC Rugby (2013 - 2020) -> Racing 92 (2020 - 2026)
Jonny HILL,Jonny HILL,LO,ラシン92,202,133,1994.06.08,,,,Exeter Chiefs (2015 - 2022) -> Sale Sharks (2022 - 2025) -> Racing 92 (2025 - 2026),A,0,https://all.rugby/player/jonny-hill,,Exeter Chiefs (2015 - 2022) -> Sale Sharks (2022 - 2025) -> Racing 92 (2025 - 2026),England,England,https://all.rugby/player/jonny-hill,Exeter Chiefs (2015 - 2022) -> Sale Sharks (2022 - 2025) -> Racing 92 (2025 - 2026)
Romain TAOFIFENUA,Romain TAOFIFENUA,LO,ラシン92,202,138,1990.09.14,,,,Amicale Laïque Échirolles (2004 - 2005) -> Union Sportive Athlétique de Limoges (2005 - 2007) -> ASM Clermont Auvergne (2007 - 2008) -> Union Sportive Arlequins Perpignanais (2008 - 2014) -> Rugby Club Toulonnais (2014 - 2021) -> Lyon Olympique Universitaire Rugby (2021 - 2024) -> Racing 92 (2024 - 2026),A,0,https://all.rugby/player/romain-taofifenua,,Amicale Laïque Échirolles (2004 - 2005) -> Union Sportive Athlétique de Limoges (2005 - 2007) -> ASM Clermont Auvergne (2007 - 2008) -> Union Sportive Arlequins Perpignanais (2008 - 2014) -> Rugby Club Toulonnais (2014 - 2021) -> Lyon Olympique Universitaire Rugby (2021 - 2024) -> Racing 92 (2024 - 2026),France,France,https://all.rugby/player/romain-taofifenua,Amicale Laïque Échirolles (2004 - 2005) -> Union Sportive Athlétique de Limoges (2005 - 2007) -> ASM Clermont Auvergne (2007 - 2008) -> Union Sportive Arlequins Perpignanais (2008 - 2014) -> Rugby Club Toulonnais (2014 - 2021) -> Lyon Olympique Universitaire Rugby (2021 - 2024) -> Racing 92 (2024 - 2026)
Thomas LAINAULT,Thomas LAINAULT,LO,ラシン92,197,114,1993.12.28,,,,Union Bordeaux-Bègles (2011 - 2016) -> US Carcassonne (2016 - 2018) -> Union Sportive Bressane Pays de l'Ain (2018 - 2019) -> Rouen Normandie Rugby (2019 - 2021) -> FC Grenoble Rugby (2021 - 2025) -> Racing 92 (2025 - 2026),A,0,https://all.rugby/player/thomas-lainaut,,Union Bordeaux-Bègles (2011 - 2016) -> US Carcassonne (2016 - 2018) -> Union Sportive Bressane Pays de l'Ain (2018 - 2019) -> Rouen Normandie Rugby (2019 - 2021) -> FC Grenoble Rugby (2021 - 2025) -> Racing 92 (2025 - 2026),,,https://all.rugby/player/thomas-lainaut,Union Bordeaux-Bègles (2011 - 2016) -> US Carcassonne (2016 - 2018) -> Union Sportive Bressane Pays de l'Ain (2018 - 2019) -> Rouen Normandie Rugby (2019 - 2021) -> FC Grenoble Rugby (2021 - 2025) -> Racing 92 (2025 - 2026)
Will ROWLANDS,Will ROWLANDS,LO,ラシン92,202,125,1991.09.19,,,,Wasps (2015 - 2021) -> Dragons RFC (2021 - 2023) -> Racing 92 (2023 - 2026),A,0,https://all.rugby/player/will-rowlands,,Wasps (2015 - 2021) -> Dragons RFC (2021 - 2023) -> Racing 92 (2023 - 2026),England,England,https://all.rugby/player/will-rowlands,Wasps (2015 - 2021) -> Dragons RFC (2021 - 2023) -> Racing 92 (2023 - 2026)
Fabien SANCONNIE,Fabien SANCONNIE,FL/NO8,ラシン92,195,114,1995.02.21,,,,CA Brive Corrèze Limousin (2010 - 2018) -> Racing 92 (2018 - 2026),A,0,https://all.rugby/player/fabien-sanconnie,,CA Brive Corrèze Limousin (2010 - 2018) -> Racing 92 (2018 - 2026),France,France,https://all.rugby/player/fabien-sanconnie,CA Brive Corrèze Limousin (2010 - 2018) -> Racing 92 (2018 - 2026)
Ibrahim DIALLO,Ibrahim DIALLO,FL/NO8,ラシン92,193,109,1998.01.23,,,,AAS Sarcelles Rugby (2008 - 2014) -> Racing 92 (2014 - 2026),A,0,https://all.rugby/player/ibrahim-diallo,,AAS Sarcelles Rugby (2008 - 2014) -> Racing 92 (2014 - 2026),,,https://all.rugby/player/ibrahim-diallo,AAS Sarcelles Rugby (2008 - 2014) -> Racing 92 (2014 - 2026)
Jordan JOSEPH,Jordan JOSEPH,FL/NO8,ラシン92,190,124,2000.07.31,,,,Rugby Club Massy Essonne (2014 - 2018) -> Racing 92 (2018 - 2021) -> Section Paloise Béarn Pyrénées (2021 - 2021) -> Racing 92 (2022 - 2022) -> Section Paloise Béarn Pyrénées (2022 - 2023) -> Racing 92 (2023 - 2026),A,0,https://all.rugby/player/jordan-joseph,,Rugby Club Massy Essonne (2014 - 2018) -> Racing 92 (2018 - 2021) -> Section Paloise Béarn Pyrénées (2021 - 2021) -> Racing 92 (2022 - 2022) -> Section Paloise Béarn Pyrénées (2022 - 2023) -> Racing 92 (2023 - 2026),France,France,https://all.rugby/player/jordan-joseph,Rugby Club Massy Essonne (2014 - 2018) -> Racing 92 (2018 - 2021) -> Section Paloise Béarn Pyrénées (2021 - 2021) -> Racing 92 (2022 - 2022) -> Section Paloise Béarn Pyrénées (2022 - 2023) -> Racing 92 (2023 - 2026)
Lekima TAGITAGIVALU,Lekima TAGITAGIVALU,FL/NO8,ラシン92,195,110,1995.12.04,,,,Stade Aurillacois Cantal Auvergne (2013 - 2014) -> Section Paloise Béarn Pyrénées (2015 - 2025) -> Racing 92 (2025 - 2026),A,0,https://all.rugby/player/lekima-tagitagivalu,,Stade Aurillacois Cantal Auvergne (2013 - 2014) -> Section Paloise Béarn Pyrénées (2015 - 2025) -> Racing 92 (2025 - 2026),,,https://all.rugby/player/lekima-tagitagivalu,Stade Aurillacois Cantal Auvergne (2013 - 2014) -> Section Paloise Béarn Pyrénées (2015 - 2025) -> Racing 92 (2025 - 2026)
Maxime BAUDONNE,Maxime BAUDONNE,FL/NO8,ラシン92,190,98,2002.07.12,,,,RC Courbevoie (2009 - 2013) -> Racing 92 (2013 - 2026),A,0,https://all.rugby/player/maxime-baudonne,,RC Courbevoie (2009 - 2013) -> Racing 92 (2013 - 2026),,,https://all.rugby/player/maxime-baudonne,RC Courbevoie (2009 - 2013) -> Racing 92 (2013 - 2026)
Nathan HUGHES,Nathan HUGHES,FL/NO8,ラシン92,196,126,1991.06.10,,,,Wasps (2013 - 2019) -> Bristol Bears (2019 - 2021) -> Bath Rugby (2021 - 2021) -> Bristol Bears (2021 - 2021) -> Bath Rugby (2022 - 2022) -> Bristol Bears (2022 - 2022) -> BlackRams Tokyo (2022 - 2024) -> Urayasu D-Rocks (2024 - 2024) -> BlackRams Tokyo (2025 - 2025) -> Urayasu D-Rocks (2025 - 2025) -> Racing 92 (2025 - 2026),A,0,https://all.rugby/player/nathan-hughes,,Wasps (2013 - 2019) -> Bristol Bears (2019 - 2021) -> Bath Rugby (2021 - 2021) -> Bristol Bears (2021 - 2021) -> Bath Rugby (2022 - 2022) -> Bristol Bears (2022 - 2022) -> BlackRams Tokyo (2022 - 2024) -> Urayasu D-Rocks (2024 - 2024) -> BlackRams Tokyo (2025 - 2025) -> Urayasu D-Rocks (2025 - 2025) -> Racing 92 (2025 - 2026),Fiji,Fiji,https://all.rugby/player/nathan-hughes,Wasps (2013 - 2019) -> Bristol Bears (2019 - 2021) -> Bath Rugby (2021 - 2021) -> Bristol Bears (2021 - 2021) -> Bath Rugby (2022 - 2022) -> Bristol Bears (2022 - 2022) -> BlackRams Tokyo (2022 - 2024) -> Urayasu D-Rocks (2024 - 2024) -> BlackRams Tokyo (2025 - 2025) -> Urayasu D-Rocks (2025 - 2025) -> Racing 92 (2025 - 2026)
Noa ZINZEN,Noa ZINZEN,FL/NO8,ラシン92,192,103,2004.02.24,,,,CA Bédarieux Grand Orb (2008 - 2013) -> Rives d'Orb (2013 - 2015) -> Association Sportive Béziers Hérault (2015 - 2020) -> Racing 92 (2020 - 2026),A,0,https://all.rugby/player/noa-zinzen,,CA Bédarieux Grand Orb (2008 - 2013) -> Rives d'Orb (2013 - 2015) -> Association Sportive Béziers Hérault (2015 - 2020) -> Racing 92 (2020 - 2026),,,https://all.rugby/player/noa-zinzen,CA Bédarieux Grand Orb (2008 - 2013) -> Rives d'Orb (2013 - 2015) -> Association Sportive Béziers Hérault (2015 - 2020) -> Racing 92 (2020 - 2026)
Shingi MANYARARA,Shingi MANYARARA,FL/NO8,ラシン92,185,100,2004.02.24,,,,Kingswood College (2022 - 2023) -> Racing 92 (2023 - 2026),A,0,https://all.rugby/player/shingirai-manyarara,,Kingswood College (2022 - 2023) -> Racing 92 (2023 - 2026),,,https://all.rugby/player/shingirai-manyarara,Kingswood College (2022 - 2023) -> Racing 92 (2023 - 2026)
Soumaila CAMARA,Soumaila CAMARA,FL/NO8,ラシン92,187,101,2003.09.30,,,,AC Bobigny 93 (2011 - 2024) -> Racing 92 (2024 - 2026),A,0,https://all.rugby/player/soumaila-camara,,AC Bobigny 93 (2011 - 2024) -> Racing 92 (2024 - 2026),,,https://all.rugby/player/soumaila-camara,AC Bobigny 93 (2011 - 2024) -> Racing 92 (2024 - 2026)
Kléo LABARBE,Kléo LABARBE,SH,ラシン92,175,65,//2004,,,,Rugby Club de Saint-Médard en Jalles (2012 - 2023) -> Aviron Bayonnais (2023 - 2024) -> Racing 92 (2024 - 2026),A,0,https://all.rugby/player/kleo-labarbe,,Rugby Club de Saint-Médard en Jalles (2012 - 2023) -> Aviron Bayonnais (2023 - 2024) -> Racing 92 (2024 - 2026),,,https://all.rugby/player/kleo-labarbe,Rugby Club de Saint-Médard en Jalles (2012 - 2023) -> Aviron Bayonnais (2023 - 2024) -> Racing 92 (2024 - 2026)
Léo CARBONNEAU,Léo CARBONNEAU,SH,ラシン92,171,79,//2004,,,,Avenir Bizanos (2009 - 2013) -> CA Brive Corrèze Limousin (2013 - 2025) -> Racing 92 (2025 - 2026),A,0,https://all.rugby/player/leo-carbonneau,,Avenir Bizanos (2009 - 2013) -> CA Brive Corrèze Limousin (2013 - 2025) -> Racing 92 (2025 - 2026),,,https://all.rugby/player/leo-carbonneau,Avenir Bizanos (2009 - 2013) -> CA Brive Corrèze Limousin (2013 - 2025) -> Racing 92 (2025 - 2026)
Antoine GIBERT,Antoine GIBERT,SO,ラシン92,177,76,1997.12.31,,,,AC Boulogne-Billancourt (2004 - 2011) -> Racing 92 (2011 - 2026),A,0,https://all.rugby/player/antoine-gibert,,AC Boulogne-Billancourt (2004 - 2011) -> Racing 92 (2011 - 2026),,,https://all.rugby/player/antoine-gibert,AC Boulogne-Billancourt (2004 - 2011) -> Racing 92 (2011 - 2026)
Geronimo PRISCIANTELLI,Geronimo PRISCIANTELLI,SO,ラシン92,183,87,1999.08.23,,,,Club Atlético San Isidro (2018 - 2021) -> Jaguares XV (2021 - 2021) -> Club Atlético San Isidro (2022 - 2022) -> Jaguares XV (2022 - 2022) -> Zebre Parma (2022 - 2025) -> Racing 92 (2025 - 2026),A,0,https://all.rugby/player/geronimo-prisciantelli,,Club Atlético San Isidro (2018 - 2021) -> Jaguares XV (2021 - 2021) -> Club Atlético San Isidro (2022 - 2022) -> Jaguares XV (2022 - 2022) -> Zebre Parma (2022 - 2025) -> Racing 92 (2025 - 2026),,,https://all.rugby/player/geronimo-prisciantelli,Club Atlético San Isidro (2018 - 2021) -> Jaguares XV (2021 - 2021) -> Club Atlético San Isidro (2022 - 2022) -> Jaguares XV (2022 - 2022) -> Zebre Parma (2022 - 2025) -> Racing 92 (2025 - 2026)
Ugo SEUNES,Ugo SEUNES,SO,ラシン92,182,80,2000.11.15,,,,Sporting Union Agenais (2008 - 2018) -> Blagnac (2018 - 2024) -> Stade Aurillacois Cantal Auvergne (2024 - 2025) -> Racing 92 (2025 - 2025) -> Stade Aurillacois Cantal Auvergne (2026 - 2026) -> Racing 92 (2026 - 2026),A,0,https://all.rugby/player/ugo-seunes,,Sporting Union Agenais (2008 - 2018) -> Blagnac (2018 - 2024) -> Stade Aurillacois Cantal Auvergne (2024 - 2025) -> Racing 92 (2025 - 2025) -> Stade Aurillacois Cantal Auvergne (2026 - 2026) -> Racing 92 (2026 - 2026),,,https://all.rugby/player/ugo-seunes,Sporting Union Agenais (2008 - 2018) -> Blagnac (2018 - 2024) -> Stade Aurillacois Cantal Auvergne (2024 - 2025) -> Racing 92 (2025 - 2025) -> Stade Aurillacois Cantal Auvergne (2026 - 2026) -> Racing 92 (2026 - 2026)
Gaël FICKOU,Gaël FICKOU,CTB,ラシン92,190,100,1994.03.26,,,,Union Sportive Seynoise (2006 - 2009) -> Rugby Club Toulonnais (2009 - 2012) -> Stade Toulousain (2012 - 2018) -> Stade Français Paris Rugby (2018 - 2020) -> Racing 92 (2020 - 2020) -> Stade Français Paris Rugby (2021 - 2021) -> Racing 92 (2021 - 2026),A,0,https://all.rugby/player/gael-fickou,,Union Sportive Seynoise (2006 - 2009) -> Rugby Club Toulonnais (2009 - 2012) -> Stade Toulousain (2012 - 2018) -> Stade Français Paris Rugby (2018 - 2020) -> Racing 92 (2020 - 2020) -> Stade Français Paris Rugby (2021 - 2021) -> Racing 92 (2021 - 2026),France,France,https://all.rugby/player/gael-fickou,Union Sportive Seynoise (2006 - 2009) -> Rugby Club Toulonnais (2009 - 2012) -> Stade Toulousain (2012 - 2018) -> Stade Français Paris Rugby (2018 - 2020) -> Racing 92 (2020 - 2020) -> Stade Français Paris Rugby (2021 - 2021) -> Racing 92 (2021 - 2026)
Joey MANU,Joey MANU,CTB,ラシン92,192,102,1996.06.29,,,,Sydney Roosters (2015 - 2024) -> Toyota Verblitz (2024 - 2025) -> Racing 92 (2025 - 2026),A,0,https://all.rugby/player/joseph-manu,,Sydney Roosters (2015 - 2024) -> Toyota Verblitz (2024 - 2025) -> Racing 92 (2025 - 2026),,,https://all.rugby/player/joseph-manu,Sydney Roosters (2015 - 2024) -> Toyota Verblitz (2024 - 2025) -> Racing 92 (2025 - 2026)
Josua TUISOVA,Josua TUISOVA,CTB,ラシン92,180,113,1994.02.04,,,,Rugby Club Toulonnais (2013 - 2019) -> Lyon Olympique Universitaire Rugby (2019 - 2023) -> Racing 92 (2023 - 2026),A,0,https://all.rugby/player/josua-tuisova,,Rugby Club Toulonnais (2013 - 2019) -> Lyon Olympique Universitaire Rugby (2019 - 2023) -> Racing 92 (2023 - 2026),Fiji,Fiji,https://all.rugby/player/josua-tuisova,Rugby Club Toulonnais (2013 - 2019) -> Lyon Olympique Universitaire Rugby (2019 - 2023) -> Racing 92 (2023 - 2026)
Sam JAMES,Sam JAMES,CTB,ラシン92,195,100,1994.07.03,,,,Sale Sharks (2015 - 2024) -> Racing 92 (2024 - 2026),A,0,https://all.rugby/player/sam-james,,Sale Sharks (2015 - 2024) -> Racing 92 (2024 - 2026),,,https://all.rugby/player/sam-james,Sale Sharks (2015 - 2024) -> Racing 92 (2024 - 2026)
Vladi ASHVETIA,Vladi ASHVETIA,CTB,ラシン92,185,90,//2005,,,,Rugby Club Massy Essonne (2011 - 2023) -> Racing 92 (2023 - 2026),A,0,https://all.rugby/player/vladi-ashvetia,,Rugby Club Massy Essonne (2011 - 2023) -> Racing 92 (2023 - 2026),,,https://all.rugby/player/vladi-ashvetia,Rugby Club Massy Essonne (2011 - 2023) -> Racing 92 (2023 - 2026)
Nolann DONGUY,Nolann DONGUY,WTB,ラシン92,183,85,//2005,,,,Seilh Aussonne Fenouillet XV (2010 - 2011) -> AS Fontenay-aux-Roses (2011 - 2012) -> Racing Le Plessis-Robinson (2012 - 2014) -> AC Boulogne-Billancourt (2014 - 2016) -> RC Aubergenville Elisabethville (2016 - 2019) -> Racing 92 (2019 - 2026),A,0,https://all.rugby/player/nolann-donguy,,Seilh Aussonne Fenouillet XV (2010 - 2011) -> AS Fontenay-aux-Roses (2011 - 2012) -> Racing Le Plessis-Robinson (2012 - 2014) -> AC Boulogne-Billancourt (2014 - 2016) -> RC Aubergenville Elisabethville (2016 - 2019) -> Racing 92 (2019 - 2026),,,https://all.rugby/player/nolann-donguy,Seilh Aussonne Fenouillet XV (2010 - 2011) -> AS Fontenay-aux-Roses (2011 - 2012) -> Racing Le Plessis-Robinson (2012 - 2014) -> AC Boulogne-Billancourt (2014 - 2016) -> RC Aubergenville Elisabethville (2016 - 2019) -> Racing 92 (2019 - 2026)
Selestino RAVUTAUMADA,Selestino RAVUTAUMADA,WTB,ラシン92,183,93,2000.01.17,,,,New Zealand Warriors (2019 - 2020) -> Fijian Drua (2021 - 2025) -> Racing 92 (2025 - 2026),A,0,https://all.rugby/player/selestino-ravutaumada,,New Zealand Warriors (2019 - 2020) -> Fijian Drua (2021 - 2025) -> Racing 92 (2025 - 2026),Fiji,Fiji,https://all.rugby/player/selestino-ravutaumada,New Zealand Warriors (2019 - 2020) -> Fijian Drua (2021 - 2025) -> Racing 92 (2025 - 2026)
Vinaya HABOSI,Vinaya HABOSI,WTB,ラシン92,184,100,2000.01.30,,,,Namosi Rugby (2020 - 2021) -> Fijian Drua (2021 - 2022) -> Racing 92 (2022 - 2022) -> Fijian Drua (2023 - 2023) -> Racing 92 (2023 - 2026),A,0,https://all.rugby/player/vinaya-habosi,,Namosi Rugby (2020 - 2021) -> Fijian Drua (2021 - 2022) -> Racing 92 (2022 - 2022) -> Fijian Drua (2023 - 2023) -> Racing 92 (2023 - 2026),,,https://all.rugby/player/vinaya-habosi,Namosi Rugby (2020 - 2021) -> Fijian Drua (2021 - 2022) -> Racing 92 (2022 - 2022) -> Fijian Drua (2023 - 2023) -> Racing 92 (2023 - 2026)
Wame NAITUVI,Wame NAITUVI,WTB,ラシン92,180,92,1996.05.18,,,,ASM Clermont Auvergne (2016 - 2017) -> Stade Montois Rugby Pro (2017 - 2023) -> Racing 92 (2023 - 2026),A,0,https://all.rugby/player/wame-naituvi,,ASM Clermont Auvergne (2016 - 2017) -> Stade Montois Rugby Pro (2017 - 2023) -> Racing 92 (2023 - 2026),,,https://all.rugby/player/wame-naituvi,ASM Clermont Auvergne (2016 - 2017) -> Stade Montois Rugby Pro (2017 - 2023) -> Racing 92 (2023 - 2026)
Wilfried HULLEU,Wilfried HULLEU,WTB,ラシン92,184,97,2002.06.27,,,,RC le Môle (2007 - 2016) -> FC Grenoble Rugby (2016 - 2025) -> Racing 92 (2025 - 2026),A,0,https://all.rugby/player/wilfried-hulleu,,RC le Môle (2007 - 2016) -> FC Grenoble Rugby (2016 - 2025) -> Racing 92 (2025 - 2026),,,https://all.rugby/player/wilfried-hulleu,RC le Môle (2007 - 2016) -> FC Grenoble Rugby (2016 - 2025) -> Racing 92 (2025 - 2026)
Arthur ROCHE,Arthur ROCHE,FB,ラシン92,185,85,//2005,,,,Club Sportif Nuiton (2010 - 2012) -> Trois Ilets Rugby Club (2014 - 2019) -> Lyon Olympique Universitaire Rugby (2019 - 2023) -> Racing 92 (2023 - 2026),A,0,https://all.rugby/player/arthur-roche,,Club Sportif Nuiton (2010 - 2012) -> Trois Ilets Rugby Club (2014 - 2019) -> Lyon Olympique Universitaire Rugby (2019 - 2023) -> Racing 92 (2023 - 2026),,,https://all.rugby/player/arthur-roche,Club Sportif Nuiton (2010 - 2012) -> Trois Ilets Rugby Club (2014 - 2019) -> Lyon Olympique Universitaire Rugby (2019 - 2023) -> Racing 92 (2023 - 2026)
Max SPRING,Max SPRING,FB,ラシン92,173,75,2001.03.15,,,,US Nafarroa (2007 - 2016) -> Aviron Bayonnais (2016 - 2019) -> Racing 92 (2019 - 2026),A,0,https://all.rugby/player/max-spring,,US Nafarroa (2007 - 2016) -> Aviron Bayonnais (2016 - 2019) -> Racing 92 (2019 - 2026),,,https://all.rugby/player/max-spring,US Nafarroa (2007 - 2016) -> Aviron Bayonnais (2016 - 2019) -> Racing 92 (2019 - 2026)
Avé MAALO,Avé MAALO,PR,リヨン,189,143,2003.08.27,,,,Lyon Olympique Universitaire Rugby (2023 - 2026),A,0,https://all.rugby/player/ave-maalo,,Lyon Olympique Universitaire Rugby (2023 - 2026),,,https://all.rugby/player/ave-maalo,Lyon Olympique Universitaire Rugby (2023 - 2026)
Cedate GOMES SA,Cedate GOMES SA,PR,リヨン,185,113,1993.08.07,,,,Saint-Nazaire Rugby (2007 - 2011) -> Racing 92 (2011 - 2024) -> Lyon Olympique Universitaire Rugby (2024 - 2026),A,0,https://all.rugby/player/cedate-gomes-sa,,Saint-Nazaire Rugby (2007 - 2011) -> Racing 92 (2011 - 2024) -> Lyon Olympique Universitaire Rugby (2024 - 2026),Portugal,Portugal,https://all.rugby/player/cedate-gomes-sa,Saint-Nazaire Rugby (2007 - 2011) -> Racing 92 (2011 - 2024) -> Lyon Olympique Universitaire Rugby (2024 - 2026)
Hamza KAABÈCHE,Hamza KAABÈCHE,PR,リヨン,189,118,1996.09.23,,,,Lyon Olympique Universitaire Rugby (2012 - 2026),A,0,https://all.rugby/player/hamza-kaabeche,,Lyon Olympique Universitaire Rugby (2012 - 2026),,,https://all.rugby/player/hamza-kaabeche,Lyon Olympique Universitaire Rugby (2012 - 2026)
Irakli APTSIAURI,Irakli APTSIAURI,PR,リヨン,185,126,2003.02.23,,,,Lelo Saracens Tbilissi (2020 - 2021) -> FC Grenoble Rugby (2021 - 2024) -> Lyon Olympique Universitaire Rugby (2024 - 2026),A,0,https://all.rugby/player/irakli-aptsiauri,,Lelo Saracens Tbilissi (2020 - 2021) -> FC Grenoble Rugby (2021 - 2024) -> Lyon Olympique Universitaire Rugby (2024 - 2026),,,https://all.rugby/player/irakli-aptsiauri,Lelo Saracens Tbilissi (2020 - 2021) -> FC Grenoble Rugby (2021 - 2024) -> Lyon Olympique Universitaire Rugby (2024 - 2026)
Jermaine AINSLEY,Jermaine AINSLEY,PR,リヨン,181,127,1995.08.08,,,,Western Force (2015 - 2017) -> Melbourne Rebels (2017 - 2020) -> Highlanders (2020 - 2020) -> Otago (2020 - 2020) -> Highlanders (2021 - 2021) -> Otago (2021 - 2021) -> Highlanders (2021 - 2021) -> Otago (2021 - 2021) -> Highlanders (2022 - 2022) -> Otago (2022 - 2022) -> Highlanders (2022 - 2022) -> Otago (2022 - 2022) -> Highlanders (2023 - 2023) -> Otago (2023 - 2023) -> Highlanders (2023 - 2024) -> Lyon Olympique Universitaire Rugby (2024 - 2026),A,0,https://all.rugby/player/jermaine-ainsley,,Western Force (2015 - 2017) -> Melbourne Rebels (2017 - 2020) -> Highlanders (2020 - 2020) -> Otago (2020 - 2020) -> Highlanders (2021 - 2021) -> Otago (2021 - 2021) -> Highlanders (2021 - 2021) -> Otago (2021 - 2021) -> Highlanders (2022 - 2022) -> Otago (2022 - 2022) -> Highlanders (2022 - 2022) -> Otago (2022 - 2022) -> Highlanders (2023 - 2023) -> Otago (2023 - 2023) -> Highlanders (2023 - 2024) -> Lyon Olympique Universitaire Rugby (2024 - 2026),New Zealand,New Zealand,https://all.rugby/player/jermaine-ainsley,Western Force (2015 - 2017) -> Melbourne Rebels (2017 - 2020) -> Highlanders (2020 - 2020) -> Otago (2020 - 2020) -> Highlanders (2021 - 2021) -> Otago (2021 - 2021) -> Highlanders (2021 - 2021) -> Otago (2021 - 2021) -> Highlanders (2022 - 2022) -> Otago (2022 - 2022) -> Highlanders (2022 - 2022) -> Otago (2022 - 2022) -> Highlanders (2023 - 2023) -> Otago (2023 - 2023) -> Highlanders (2023 - 2024) -> Lyon Olympique Universitaire Rugby (2024 - 2026)
Jérôme REY,Jérôme REY,PR,リヨン,183,133,1995.05.19,,,,US Montmélian (2011 - 2013) -> CS Bourgoin Jallieu Rugby (2015 - 2017) -> Stade Olympique Chambéry (2017 - 2019) -> FC Grenoble Rugby (2019 - 2021) -> Lyon Olympique Universitaire Rugby (2021 - 2026),A,0,https://all.rugby/player/jerome-rey,,US Montmélian (2011 - 2013) -> CS Bourgoin Jallieu Rugby (2015 - 2017) -> Stade Olympique Chambéry (2017 - 2019) -> FC Grenoble Rugby (2019 - 2021) -> Lyon Olympique Universitaire Rugby (2021 - 2026),,,https://all.rugby/player/jerome-rey,US Montmélian (2011 - 2013) -> CS Bourgoin Jallieu Rugby (2015 - 2017) -> Stade Olympique Chambéry (2017 - 2019) -> FC Grenoble Rugby (2019 - 2021) -> Lyon Olympique Universitaire Rugby (2021 - 2026)
Thomas MARCELINE,Thomas MARCELINE,PR,リヨン,180,110,//2005,,,,Rhodia Club Rugby (2011 - 2020) -> Lyon Olympique Universitaire Rugby (2020 - 2026),A,0,https://all.rugby/player/thomas-marceline,,Rhodia Club Rugby (2011 - 2020) -> Lyon Olympique Universitaire Rugby (2020 - 2026),,,https://all.rugby/player/thomas-marceline,Rhodia Club Rugby (2011 - 2020) -> Lyon Olympique Universitaire Rugby (2020 - 2026)
Thomas MOUKORO,Thomas MOUKORO,PR,リヨン,185,121,2002.01.01,,,,Racing 92 (2015 - 2023) -> Rugby Club Vannes (2023 - 2023) -> Racing 92 (2024 - 2024) -> Rugby Club Vannes (2024 - 2025) -> Lyon Olympique Universitaire Rugby (2025 - 2026),A,0,https://all.rugby/player/thomas-moukoro,,Racing 92 (2015 - 2023) -> Rugby Club Vannes (2023 - 2023) -> Racing 92 (2024 - 2024) -> Rugby Club Vannes (2024 - 2025) -> Lyon Olympique Universitaire Rugby (2025 - 2026),,,https://all.rugby/player/thomas-moukoro,Racing 92 (2015 - 2023) -> Rugby Club Vannes (2023 - 2023) -> Racing 92 (2024 - 2024) -> Rugby Club Vannes (2024 - 2025) -> Lyon Olympique Universitaire Rugby (2025 - 2026)
Camille CHAT,Camille CHAT,HO,リヨン,178,101,1995.12.18,,,,Rugby Toucy Puisaye Forterre (2004 - 2006) -> RC Auxerre (2006 - 2013) -> Racing 92 (2013 - 2024) -> Lyon Olympique Universitaire Rugby (2024 - 2024) -> Racing 92 (2025 - 2025) -> Lyon Olympique Universitaire Rugby (2025 - 2026),A,0,https://all.rugby/player/camille-chat,,Rugby Toucy Puisaye Forterre (2004 - 2006) -> RC Auxerre (2006 - 2013) -> Racing 92 (2013 - 2024) -> Lyon Olympique Universitaire Rugby (2024 - 2024) -> Racing 92 (2025 - 2025) -> Lyon Olympique Universitaire Rugby (2025 - 2026),France,France,https://all.rugby/player/camille-chat,Rugby Toucy Puisaye Forterre (2004 - 2006) -> RC Auxerre (2006 - 2013) -> Racing 92 (2013 - 2024) -> Lyon Olympique Universitaire Rugby (2024 - 2024) -> Racing 92 (2025 - 2025) -> Lyon Olympique Universitaire Rugby (2025 - 2026)
Guillaume MARCHAND,Guillaume MARCHAND,HO,リヨン,183,102,1998.06.05,,,,Stade Toulousain (2013 - 2021) -> Lyon Olympique Universitaire Rugby (2021 - 2026),A,0,https://all.rugby/player/guillaume-marchand,,Stade Toulousain (2013 - 2021) -> Lyon Olympique Universitaire Rugby (2021 - 2026),,,https://all.rugby/player/guillaume-marchand,Stade Toulousain (2013 - 2021) -> Lyon Olympique Universitaire Rugby (2021 - 2026)
Mathis SARRAGALLET,Mathis SARRAGALLET,HO,リヨン,177,109,2000.07.06,,,,SO Voiron (2007 - 2015) -> FC Grenoble Rugby (2015 - 2025) -> Lyon Olympique Universitaire Rugby (2025 - 2026),A,0,https://all.rugby/player/mathis-sarragallet,,SO Voiron (2007 - 2015) -> FC Grenoble Rugby (2015 - 2025) -> Lyon Olympique Universitaire Rugby (2025 - 2026),,,https://all.rugby/player/mathis-sarragallet,SO Voiron (2007 - 2015) -> FC Grenoble Rugby (2015 - 2025) -> Lyon Olympique Universitaire Rugby (2025 - 2026)
Félix LAMBEY,Félix LAMBEY,LO,リヨン,196,106,1994.03.15,,,,Lyon Olympique Universitaire Rugby (2013 - 2015) -> Association Sportive Béziers Hérault (2015 - 2016) -> Lyon Olympique Universitaire Rugby (2016 - 2026),A,0,https://all.rugby/player/felix-lambey,,Lyon Olympique Universitaire Rugby (2013 - 2015) -> Association Sportive Béziers Hérault (2015 - 2016) -> Lyon Olympique Universitaire Rugby (2016 - 2026),France,France,https://all.rugby/player/felix-lambey,Lyon Olympique Universitaire Rugby (2013 - 2015) -> Association Sportive Béziers Hérault (2015 - 2016) -> Lyon Olympique Universitaire Rugby (2016 - 2026)
Janse ROUX,Janse ROUX,LO,リヨン,200,125,1997.08.28,,,,Eastern Province Elephants (2016 - 2017) -> CS Bourgoin Jallieu Rugby (2017 - 2019) -> Soyaux-Angoulême XV Charente (2019 - 2023) -> US Colomiers (2023 - 2025) -> CA Brive Corrèze Limousin (2025 - 2025) -> Lyon Olympique Universitaire Rugby (2025 - 2025) -> CA Brive Corrèze Limousin (2026 - 2026) -> Lyon Olympique Universitaire Rugby (2026 - 2026),A,0,https://all.rugby/player/janse-roux,,Eastern Province Elephants (2016 - 2017) -> CS Bourgoin Jallieu Rugby (2017 - 2019) -> Soyaux-Angoulême XV Charente (2019 - 2023) -> US Colomiers (2023 - 2025) -> CA Brive Corrèze Limousin (2025 - 2025) -> Lyon Olympique Universitaire Rugby (2025 - 2025) -> CA Brive Corrèze Limousin (2026 - 2026) -> Lyon Olympique Universitaire Rugby (2026 - 2026),,,https://all.rugby/player/janse-roux,Eastern Province Elephants (2016 - 2017) -> CS Bourgoin Jallieu Rugby (2017 - 2019) -> Soyaux-Angoulême XV Charente (2019 - 2023) -> US Colomiers (2023 - 2025) -> CA Brive Corrèze Limousin (2025 - 2025) -> Lyon Olympique Universitaire Rugby (2025 - 2025) -> CA Brive Corrèze Limousin (2026 - 2026) -> Lyon Olympique Universitaire Rugby (2026 - 2026)
Killian GÉRACI,Killian GÉRACI,LO,リヨン,200,118,1999.03.25,,,,Seyssins (2006 - 2010) -> FC Grenoble Rugby (2010 - 2019) -> Lyon Olympique Universitaire Rugby (2019 - 2026),A,0,https://all.rugby/player/killian-geraci,,Seyssins (2006 - 2010) -> FC Grenoble Rugby (2010 - 2019) -> Lyon Olympique Universitaire Rugby (2019 - 2026),France,France,https://all.rugby/player/killian-geraci,Seyssins (2006 - 2010) -> FC Grenoble Rugby (2010 - 2019) -> Lyon Olympique Universitaire Rugby (2019 - 2026)
Mickaël GUILLARD,Mickaël GUILLARD,LO,リヨン,197,122,2000.12.10,,,,RC Maurepas-Élancourt (2006 - 2009) -> Union Rugby Centre 78 (2009 - 2017) -> Rugby Club Massy Essonne (2017 - 2020) -> Lyon Olympique Universitaire Rugby (2020 - 2026),A,0,https://all.rugby/player/mickael--guillard,,RC Maurepas-Élancourt (2006 - 2009) -> Union Rugby Centre 78 (2009 - 2017) -> Rugby Club Massy Essonne (2017 - 2020) -> Lyon Olympique Universitaire Rugby (2020 - 2026),France,France,https://all.rugby/player/mickael--guillard,RC Maurepas-Élancourt (2006 - 2009) -> Union Rugby Centre 78 (2009 - 2017) -> Rugby Club Massy Essonne (2017 - 2020) -> Lyon Olympique Universitaire Rugby (2020 - 2026)
Antoine DÉLIANCE,Antoine DÉLIANCE,FL/NO8,リヨン,192,99,//2005,,,,XV Suranais (2009 - 2010) -> RC Viriat (2013 - 2019) -> Union Sportive Bressane Pays de l'Ain (2019 - 2022) -> Lyon Olympique Universitaire Rugby (2022 - 2026),A,0,https://all.rugby/player/antoine-deliance,,XV Suranais (2009 - 2010) -> RC Viriat (2013 - 2019) -> Union Sportive Bressane Pays de l'Ain (2019 - 2022) -> Lyon Olympique Universitaire Rugby (2022 - 2026),,,https://all.rugby/player/antoine-deliance,XV Suranais (2009 - 2010) -> RC Viriat (2013 - 2019) -> Union Sportive Bressane Pays de l'Ain (2019 - 2022) -> Lyon Olympique Universitaire Rugby (2022 - 2026)
Arno BOTHA,Arno BOTHA,FL/NO8,リヨン,190,108,1991.10.26,,,,Bulls (2014 - 2017) -> London Irish (2017 - 2018) -> Munster Rugby (2018 - 2019) -> Bulls (2019 - 2019) -> Munster Rugby (2020 - 2020) -> Bulls (2020 - 2022) -> Lyon Olympique Universitaire Rugby (2022 - 2026),A,0,https://all.rugby/player/arno-botha,,Bulls (2014 - 2017) -> London Irish (2017 - 2018) -> Munster Rugby (2018 - 2019) -> Bulls (2019 - 2019) -> Munster Rugby (2020 - 2020) -> Bulls (2020 - 2022) -> Lyon Olympique Universitaire Rugby (2022 - 2026),,,https://all.rugby/player/arno-botha,Bulls (2014 - 2017) -> London Irish (2017 - 2018) -> Munster Rugby (2018 - 2019) -> Bulls (2019 - 2019) -> Munster Rugby (2020 - 2020) -> Bulls (2020 - 2022) -> Lyon Olympique Universitaire Rugby (2022 - 2026)
Beka SAGINADZE,Beka SAGINADZE,FL/NO8,リヨン,192,110,1998.10.29,,,,Lelo Saracens Tbilissi (2017 - 2018) -> Stade Aurillacois Cantal Auvergne (2018 - 2021) -> Lyon Olympique Universitaire Rugby (2021 - 2026),A,0,https://all.rugby/player/beka-saghinadze,,Lelo Saracens Tbilissi (2017 - 2018) -> Stade Aurillacois Cantal Auvergne (2018 - 2021) -> Lyon Olympique Universitaire Rugby (2021 - 2026),Georgia,Georgia,https://all.rugby/player/beka-saghinadze,Lelo Saracens Tbilissi (2017 - 2018) -> Stade Aurillacois Cantal Auvergne (2018 - 2021) -> Lyon Olympique Universitaire Rugby (2021 - 2026)
Beka SHVANGIRADZE,Beka SHVANGIRADZE,FL/NO8,リヨン,191,104,2002.06.12,,,,RC Aia Kutaisi (2019 - 2020) -> Stade Aurillacois Cantal Auvergne (2020 - 2024) -> Lyon Olympique Universitaire Rugby (2024 - 2026),A,0,https://all.rugby/player/beka-shvangiradze,,RC Aia Kutaisi (2019 - 2020) -> Stade Aurillacois Cantal Auvergne (2020 - 2024) -> Lyon Olympique Universitaire Rugby (2024 - 2026),,,https://all.rugby/player/beka-shvangiradze,RC Aia Kutaisi (2019 - 2020) -> Stade Aurillacois Cantal Auvergne (2020 - 2024) -> Lyon Olympique Universitaire Rugby (2024 - 2026)
Dylan CRETIN,Dylan CRETIN,FL/NO8,リヨン,195,105,1997.05.04,,,,RC Annemasse (2004 - 2012) -> Lyon Olympique Universitaire Rugby (2012 - 2026),A,0,https://all.rugby/player/dylan-cretin,,RC Annemasse (2004 - 2012) -> Lyon Olympique Universitaire Rugby (2012 - 2026),France,France,https://all.rugby/player/dylan-cretin,RC Annemasse (2004 - 2012) -> Lyon Olympique Universitaire Rugby (2012 - 2026)
Liam ALLEN,Liam ALLEN,FL/NO8,リヨン,191,105,2000.03.17,,,,Canterbury (2019 - 2020) -> Crusaders (2020 - 2020) -> Canterbury (2020 - 2020) -> Crusaders (2021 - 2021) -> Canterbury (2021 - 2022) -> Lyon Olympique Universitaire Rugby (2022 - 2026),A,0,https://all.rugby/player/liam-allen,,Canterbury (2019 - 2020) -> Crusaders (2020 - 2020) -> Canterbury (2020 - 2020) -> Crusaders (2021 - 2021) -> Canterbury (2021 - 2022) -> Lyon Olympique Universitaire Rugby (2022 - 2026),,,https://all.rugby/player/liam-allen,Canterbury (2019 - 2020) -> Crusaders (2020 - 2020) -> Canterbury (2020 - 2020) -> Crusaders (2021 - 2021) -> Canterbury (2021 - 2022) -> Lyon Olympique Universitaire Rugby (2022 - 2026)
Marvin OKUYA,Marvin OKUYA,FL/NO8,リヨン,190,110,2003.12.29,,,,CSM Gennevilliers Rugby (2015 - 2017) -> Rugby Club Massy Essonne (2017 - 2021) -> Lyon Olympique Universitaire Rugby (2021 - 2026),A,0,https://all.rugby/player/marvin-okuya,,CSM Gennevilliers Rugby (2015 - 2017) -> Rugby Club Massy Essonne (2017 - 2021) -> Lyon Olympique Universitaire Rugby (2021 - 2026),,,https://all.rugby/player/marvin-okuya,CSM Gennevilliers Rugby (2015 - 2017) -> Rugby Club Massy Essonne (2017 - 2021) -> Lyon Olympique Universitaire Rugby (2021 - 2026)
Maxime GOUZOU,Maxime GOUZOU,FL/NO8,リヨン,189,106,1998.09.11,,,,US Bardos (2006 - 2009) -> Biarritz Olympique Pays Basque (2009 - 2018) -> Stade Montois Rugby Pro (2018 - 2022) -> Lyon Olympique Universitaire Rugby (2022 - 2026),A,0,https://all.rugby/player/maxime-gouzou,,US Bardos (2006 - 2009) -> Biarritz Olympique Pays Basque (2009 - 2018) -> Stade Montois Rugby Pro (2018 - 2022) -> Lyon Olympique Universitaire Rugby (2022 - 2026),,,https://all.rugby/player/maxime-gouzou,US Bardos (2006 - 2009) -> Biarritz Olympique Pays Basque (2009 - 2018) -> Stade Montois Rugby Pro (2018 - 2022) -> Lyon Olympique Universitaire Rugby (2022 - 2026)
Sam SIMMONDS,Sam SIMMONDS,FL/NO8,リヨン,184,108,1994.11.10,,,,Exeter Chiefs (2014 - 2023) -> Montpellier Hérault Rugby (2023 - 2025) -> Lyon Olympique Universitaire Rugby (2025 - 2026),A,0,https://all.rugby/player/sam-simmonds,,Exeter Chiefs (2014 - 2023) -> Montpellier Hérault Rugby (2023 - 2025) -> Lyon Olympique Universitaire Rugby (2025 - 2026),England,England,https://all.rugby/player/sam-simmonds,Exeter Chiefs (2014 - 2023) -> Montpellier Hérault Rugby (2023 - 2025) -> Lyon Olympique Universitaire Rugby (2025 - 2026)
Théo WILLIAM,Théo WILLIAM,FL/NO8,リヨン,194,109,2000.07.04,,,,CS Bourgoin Jallieu Rugby (2009 - 2017) -> Lyon Olympique Universitaire Rugby (2017 - 2021) -> Union Sportive Bressane Pays de l'Ain (2021 - 2021) -> Lyon Olympique Universitaire Rugby (2022 - 2022) -> Union Sportive Bressane Pays de l'Ain (2022 - 2022) -> Lyon Olympique Universitaire Rugby (2022 - 2026),A,0,https://all.rugby/player/theo-william,,CS Bourgoin Jallieu Rugby (2009 - 2017) -> Lyon Olympique Universitaire Rugby (2017 - 2021) -> Union Sportive Bressane Pays de l'Ain (2021 - 2021) -> Lyon Olympique Universitaire Rugby (2022 - 2022) -> Union Sportive Bressane Pays de l'Ain (2022 - 2022) -> Lyon Olympique Universitaire Rugby (2022 - 2026),,,https://all.rugby/player/theo-william,CS Bourgoin Jallieu Rugby (2009 - 2017) -> Lyon Olympique Universitaire Rugby (2017 - 2021) -> Union Sportive Bressane Pays de l'Ain (2021 - 2021) -> Lyon Olympique Universitaire Rugby (2022 - 2022) -> Union Sportive Bressane Pays de l'Ain (2022 - 2022) -> Lyon Olympique Universitaire Rugby (2022 - 2026)
Baptiste COUILLOUD,Baptiste COUILLOUD,SH,リヨン,176,83,1997.07.22,,,,Lyon Olympique Universitaire Rugby (2004 - 2026),A,0,https://all.rugby/player/baptiste-couilloud,,Lyon Olympique Universitaire Rugby (2004 - 2026),France,France,https://all.rugby/player/baptiste-couilloud,Lyon Olympique Universitaire Rugby (2004 - 2026)
Charlie CASSANG,Charlie CASSANG,SH,リヨン,173,92,1995.02.08,,,,Sporting Union Agenais (2012 - 2014) -> ASM Clermont Auvergne (2014 - 2015) -> Aviron Bayonnais (2015 - 2015) -> ASM Clermont Auvergne (2016 - 2016) -> Aviron Bayonnais (2016 - 2016) -> ASM Clermont Auvergne (2016 - 2020) -> Oyonnax Rugby (2020 - 2024) -> Lyon Olympique Universitaire Rugby (2024 - 2026),A,0,https://all.rugby/player/charlie-cassang,,Sporting Union Agenais (2012 - 2014) -> ASM Clermont Auvergne (2014 - 2015) -> Aviron Bayonnais (2015 - 2015) -> ASM Clermont Auvergne (2016 - 2016) -> Aviron Bayonnais (2016 - 2016) -> ASM Clermont Auvergne (2016 - 2020) -> Oyonnax Rugby (2020 - 2024) -> Lyon Olympique Universitaire Rugby (2024 - 2026),,,https://all.rugby/player/charlie-cassang,Sporting Union Agenais (2012 - 2014) -> ASM Clermont Auvergne (2014 - 2015) -> Aviron Bayonnais (2015 - 2015) -> ASM Clermont Auvergne (2016 - 2016) -> Aviron Bayonnais (2016 - 2016) -> ASM Clermont Auvergne (2016 - 2020) -> Oyonnax Rugby (2020 - 2024) -> Lyon Olympique Universitaire Rugby (2024 - 2026)
Esteban GONZALEZ,Esteban GONZALEZ,SH,リヨン,177,80,//2005,,,,Association Sportive Béziers Hérault (2012 - 2022) -> Lyon Olympique Universitaire Rugby (2022 - 2026),A,0,https://all.rugby/player/esteban-gonzalez,,Association Sportive Béziers Hérault (2012 - 2022) -> Lyon Olympique Universitaire Rugby (2022 - 2026),,,https://all.rugby/player/esteban-gonzalez,Association Sportive Béziers Hérault (2012 - 2022) -> Lyon Olympique Universitaire Rugby (2022 - 2026)
Léo BERDEU,Léo BERDEU,SO,リヨン,195,99,1998.06.13,,,,Rugby Olympique de Grasse (2004 - 2015) -> Rugby Club Toulonnais (2015 - 2016) -> Lyon Olympique Universitaire Rugby (2016 - 2018) -> Sporting Union Agenais (2018 - 2020) -> Lyon Olympique Universitaire Rugby (2020 - 2026),A,0,https://all.rugby/player/leo-berdeu,,Rugby Olympique de Grasse (2004 - 2015) -> Rugby Club Toulonnais (2015 - 2016) -> Lyon Olympique Universitaire Rugby (2016 - 2018) -> Sporting Union Agenais (2018 - 2020) -> Lyon Olympique Universitaire Rugby (2020 - 2026),France,France,https://all.rugby/player/leo-berdeu,Rugby Olympique de Grasse (2004 - 2015) -> Rugby Club Toulonnais (2015 - 2016) -> Lyon Olympique Universitaire Rugby (2016 - 2018) -> Sporting Union Agenais (2018 - 2020) -> Lyon Olympique Universitaire Rugby (2020 - 2026)
Paddy JACKSON,Paddy JACKSON,SO,リヨン,180,89,1992.01.05,,,,Ulster Rugby (2013 - 2018) -> Union Sportive Arlequins Perpignanais (2018 - 2019) -> London Irish (2019 - 2023) -> Lyon Olympique Universitaire Rugby (2023 - 2026),A,0,https://all.rugby/player/paddy-jackson,,Ulster Rugby (2013 - 2018) -> Union Sportive Arlequins Perpignanais (2018 - 2019) -> London Irish (2019 - 2023) -> Lyon Olympique Universitaire Rugby (2023 - 2026),Ireland,Ireland,https://all.rugby/player/paddy-jackson,Ulster Rugby (2013 - 2018) -> Union Sportive Arlequins Perpignanais (2018 - 2019) -> London Irish (2019 - 2023) -> Lyon Olympique Universitaire Rugby (2023 - 2026)
Alfred PARISIEN,Alfred PARISIEN,CTB,リヨン,182,93,2001.03.04,,,,CA Périgueux Dordogne (2006 - 2016) -> Sporting Union Agenais (2016 - 2018) -> Lyon Olympique Universitaire Rugby (2018 - 2026),A,0,https://all.rugby/player/alfred-parisien,,CA Périgueux Dordogne (2006 - 2016) -> Sporting Union Agenais (2016 - 2018) -> Lyon Olympique Universitaire Rugby (2018 - 2026),,,https://all.rugby/player/alfred-parisien,CA Périgueux Dordogne (2006 - 2016) -> Sporting Union Agenais (2016 - 2018) -> Lyon Olympique Universitaire Rugby (2018 - 2026)
Iosefo MASI,Iosefo MASI,CTB,リヨン,190,97,1998.05.09,,,,North Queensland Cowboys (2021 - 2022) -> Fijian Drua (2022 - 2025) -> Lyon Olympique Universitaire Rugby (2025 - 2026),A,0,https://all.rugby/player/iosefo-masi,,North Queensland Cowboys (2021 - 2022) -> Fijian Drua (2022 - 2025) -> Lyon Olympique Universitaire Rugby (2025 - 2026),,,https://all.rugby/player/iosefo-masi,North Queensland Cowboys (2021 - 2022) -> Fijian Drua (2022 - 2025) -> Lyon Olympique Universitaire Rugby (2025 - 2026)
Josiah MARAKU,Josiah MARAKU,CTB,リヨン,180,97,2000.03.30,,,,Manawatu Turbos (2018 - 2021) -> Racing Club Narbonnais (2021 - 2022) -> Lyon Olympique Universitaire Rugby (2022 - 2026),A,0,https://all.rugby/player/josiah-maraku,,Manawatu Turbos (2018 - 2021) -> Racing Club Narbonnais (2021 - 2022) -> Lyon Olympique Universitaire Rugby (2022 - 2026),,,https://all.rugby/player/josiah-maraku,Manawatu Turbos (2018 - 2021) -> Racing Club Narbonnais (2021 - 2022) -> Lyon Olympique Universitaire Rugby (2022 - 2026)
Théo MILLET,Théo MILLET,CTB,リヨン,189,99,1997.07.08,,,,Stade Français Paris Rugby (2014 - 2018) -> Oyonnax Rugby (2018 - 2024) -> Lyon Olympique Universitaire Rugby (2024 - 2026),A,0,https://all.rugby/player/theo-millet,,Stade Français Paris Rugby (2014 - 2018) -> Oyonnax Rugby (2018 - 2024) -> Lyon Olympique Universitaire Rugby (2024 - 2026),,,https://all.rugby/player/theo-millet,Stade Français Paris Rugby (2014 - 2018) -> Oyonnax Rugby (2018 - 2024) -> Lyon Olympique Universitaire Rugby (2024 - 2026)
Thibaut REGARD,Thibaut REGARD,CTB,リヨン,180,95,1993.08.06,,,,Lyon Olympique Universitaire Rugby (2011 - 2026),A,0,https://all.rugby/player/thibaut-regard,,Lyon Olympique Universitaire Rugby (2011 - 2026),,,https://all.rugby/player/thibaut-regard,Lyon Olympique Universitaire Rugby (2011 - 2026)
Arthur MATHIRON,Arthur MATHIRON,WTB,リヨン,180,95,2003.05.19,,,,Chalon-sur-Saône (2010 - 2021) -> Lyon Olympique Universitaire Rugby (2021 - 2023) -> USON Nevers Rugby (2023 - 2025) -> Lyon Olympique Universitaire Rugby (2025 - 2026),A,0,https://all.rugby/player/arthur-mathiron,,Chalon-sur-Saône (2010 - 2021) -> Lyon Olympique Universitaire Rugby (2021 - 2023) -> USON Nevers Rugby (2023 - 2025) -> Lyon Olympique Universitaire Rugby (2025 - 2026),,,https://all.rugby/player/arthur-mathiron,Chalon-sur-Saône (2010 - 2021) -> Lyon Olympique Universitaire Rugby (2021 - 2023) -> USON Nevers Rugby (2023 - 2025) -> Lyon Olympique Universitaire Rugby (2025 - 2026)
Ethan DUMORTIER,Ethan DUMORTIER,WTB,リヨン,192,95,2000.12.29,,,,Saint-Savin (2009 - 2014) -> CS Bourgoin Jallieu Rugby (2014 - 2017) -> Lyon Olympique Universitaire Rugby (2017 - 2026),A,0,https://all.rugby/player/ethan-dumortier,,Saint-Savin (2009 - 2014) -> CS Bourgoin Jallieu Rugby (2014 - 2017) -> Lyon Olympique Universitaire Rugby (2017 - 2026),,,https://all.rugby/player/ethan-dumortier,Saint-Savin (2009 - 2014) -> CS Bourgoin Jallieu Rugby (2014 - 2017) -> Lyon Olympique Universitaire Rugby (2017 - 2026)
Jiuta WAINIQOLO,Jiuta WAINIQOLO,WTB,リヨン,187,97,1999.03.10,,,,Fijian Drua (2018 - 2019) -> FIDJI 7's (2020 - 2021) -> Rugby Club Toulonnais (2021 - 2025) -> Lyon Olympique Universitaire Rugby (2025 - 2026),A,0,https://all.rugby/player/jiuta-wainiqolo,,Fijian Drua (2018 - 2019) -> FIDJI 7's (2020 - 2021) -> Rugby Club Toulonnais (2021 - 2025) -> Lyon Olympique Universitaire Rugby (2025 - 2026),,,https://all.rugby/player/jiuta-wainiqolo,Fijian Drua (2018 - 2019) -> FIDJI 7's (2020 - 2021) -> Rugby Club Toulonnais (2021 - 2025) -> Lyon Olympique Universitaire Rugby (2025 - 2026)
Monty IOANE,Monty IOANE,WTB,リヨン,180,95,1994.10.30,,,,Stade Français Paris Rugby (2013 - 2015) -> Bay of Plenty Steamers (2015 - 2017) -> Benetton Rugby Trévise (2017 - 2022) -> Melbourne Rebels (2022 - 2023) -> Lyon Olympique Universitaire Rugby (2023 - 2026),A,0,https://all.rugby/player/monty-ioane,,Stade Français Paris Rugby (2013 - 2015) -> Bay of Plenty Steamers (2015 - 2017) -> Benetton Rugby Trévise (2017 - 2022) -> Melbourne Rebels (2022 - 2023) -> Lyon Olympique Universitaire Rugby (2023 - 2026),Australia,Australia,https://all.rugby/player/monty-ioane,Stade Français Paris Rugby (2013 - 2015) -> Bay of Plenty Steamers (2015 - 2017) -> Benetton Rugby Trévise (2017 - 2022) -> Melbourne Rebels (2022 - 2023) -> Lyon Olympique Universitaire Rugby (2023 - 2026)
Vincent RATTEZ,Vincent RATTEZ,WTB,リヨン,181,89,1992.03.24,,,,CSM Gennevilliers Rugby (2004 - 2005) -> Paris Université Club (2005 - 2009) -> Racing 92 (2009 - 2011) -> Racing Club Narbonnais (2011 - 2016) -> Stade Rochelais (2016 - 2020) -> Montpellier Hérault Rugby (2020 - 2023) -> Lyon Olympique Universitaire Rugby (2023 - 2026),A,0,https://all.rugby/player/vincent-rattez,,CSM Gennevilliers Rugby (2004 - 2005) -> Paris Université Club (2005 - 2009) -> Racing 92 (2009 - 2011) -> Racing Club Narbonnais (2011 - 2016) -> Stade Rochelais (2016 - 2020) -> Montpellier Hérault Rugby (2020 - 2023) -> Lyon Olympique Universitaire Rugby (2023 - 2026),France,France,https://all.rugby/player/vincent-rattez,CSM Gennevilliers Rugby (2004 - 2005) -> Paris Université Club (2005 - 2009) -> Racing 92 (2009 - 2011) -> Racing Club Narbonnais (2011 - 2016) -> Stade Rochelais (2016 - 2020) -> Montpellier Hérault Rugby (2020 - 2023) -> Lyon Olympique Universitaire Rugby (2023 - 2026)
Alexandre TCHAPTCHET,Alexandre TCHAPTCHET,FB,リヨン,171,82,2001.09.26,,,,Club Omnisports Gargenville (2007 - 2015) -> Rugby Club Massy Essonne (2015 - 2020) -> Lyon Olympique Universitaire Rugby (2020 - 2026),A,0,https://all.rugby/player/alexandre-tchaptchet,,Club Omnisports Gargenville (2007 - 2015) -> Rugby Club Massy Essonne (2015 - 2020) -> Lyon Olympique Universitaire Rugby (2020 - 2026),,,https://all.rugby/player/alexandre-tchaptchet,Club Omnisports Gargenville (2007 - 2015) -> Rugby Club Massy Essonne (2015 - 2020) -> Lyon Olympique Universitaire Rugby (2020 - 2026)
Gabin LORRE,Gabin LORRE,FB,リヨン,182,82,2001.12.23,,,,RCO Salagou Coeur d'Hérault (2006 - 2013) -> Stade Piscenois (2013 - 2014) -> Montpellier Hérault Rugby (2014 - 2017) -> Stade Piscenois (2017 - 2019) -> Association Sportive Béziers Hérault (2019 - 2025) -> Lyon Olympique Universitaire Rugby (2025 - 2026),A,0,https://all.rugby/player/gabin-lorre,,RCO Salagou Coeur d'Hérault (2006 - 2013) -> Stade Piscenois (2013 - 2014) -> Montpellier Hérault Rugby (2014 - 2017) -> Stade Piscenois (2017 - 2019) -> Association Sportive Béziers Hérault (2019 - 2025) -> Lyon Olympique Universitaire Rugby (2025 - 2026),,,https://all.rugby/player/gabin-lorre,RCO Salagou Coeur d'Hérault (2006 - 2013) -> Stade Piscenois (2013 - 2014) -> Montpellier Hérault Rugby (2014 - 2017) -> Stade Piscenois (2017 - 2019) -> Association Sportive Béziers Hérault (2019 - 2025) -> Lyon Olympique Universitaire Rugby (2025 - 2026)
Martin MÉLIANDE,Martin MÉLIANDE,FB,リヨン,187,84,2001.12.20,,,,US Orthez Rugby (2008 - 2015) -> Section Paloise Béarn Pyrénées (2015 - 2016) -> US Orthez Rugby (2016 - 2020) -> Biarritz Olympique Pays Basque (2020 - 2021) -> Union Sportive Bressane Pays de l'Ain (2021 - 2022) -> Racing 92 (2022 - 2024) -> Lyon Olympique Universitaire Rugby (2024 - 2026),A,0,https://all.rugby/player/martin-meliande,,US Orthez Rugby (2008 - 2015) -> Section Paloise Béarn Pyrénées (2015 - 2016) -> US Orthez Rugby (2016 - 2020) -> Biarritz Olympique Pays Basque (2020 - 2021) -> Union Sportive Bressane Pays de l'Ain (2021 - 2022) -> Racing 92 (2022 - 2024) -> Lyon Olympique Universitaire Rugby (2024 - 2026),,,https://all.rugby/player/martin-meliande,US Orthez Rugby (2008 - 2015) -> Section Paloise Béarn Pyrénées (2015 - 2016) -> US Orthez Rugby (2016 - 2020) -> Biarritz Olympique Pays Basque (2020 - 2021) -> Union Sportive Bressane Pays de l'Ain (2021 - 2022) -> Racing 92 (2022 - 2024) -> Lyon Olympique Universitaire Rugby (2024 - 2026)
Antoine TICHIT,Antoine TICHIT,PR,カストル,187,118,1989.06.13,,,,Union Athlétique Gaillacoise (2004 - 2007) -> Sporting Club Albigeois (2007 - 2008) -> Oyonnax Rugby (2008 - 2015) -> Castres Olympique (2015 - 2026),A,0,https://all.rugby/player/antoine-tichit,,Union Athlétique Gaillacoise (2004 - 2007) -> Sporting Club Albigeois (2007 - 2008) -> Oyonnax Rugby (2008 - 2015) -> Castres Olympique (2015 - 2026),,,https://all.rugby/player/antoine-tichit,Union Athlétique Gaillacoise (2004 - 2007) -> Sporting Club Albigeois (2007 - 2008) -> Oyonnax Rugby (2008 - 2015) -> Castres Olympique (2015 - 2026)
Atunaisa SOKOBALE,Atunaisa SOKOBALE,PR,カストル,189,110,//2005,,,,Castres Olympique (2023 - 2026),A,0,https://all.rugby/player/atunaisa-sokobale,,Castres Olympique (2023 - 2026),,,https://all.rugby/player/atunaisa-sokobale,Castres Olympique (2023 - 2026)
Aurélien AZAR,Aurélien AZAR,PR,カストル,188,126,1994.06.10,,,,US Montmélian (2004 - 2014) -> FC Grenoble Rugby (2014 - 2016) -> Stade Olympique Chambéry (2016 - 2019) -> US Carcassonne (2019 - 2022) -> Castres Olympique (2022 - 2026),A,0,https://all.rugby/player/aurelien-azar,,US Montmélian (2004 - 2014) -> FC Grenoble Rugby (2014 - 2016) -> Stade Olympique Chambéry (2016 - 2019) -> US Carcassonne (2019 - 2022) -> Castres Olympique (2022 - 2026),,,https://all.rugby/player/aurelien-azar,US Montmélian (2004 - 2014) -> FC Grenoble Rugby (2014 - 2016) -> Stade Olympique Chambéry (2016 - 2019) -> US Carcassonne (2019 - 2022) -> Castres Olympique (2022 - 2026)
Levan CHILACHAVA,Levan CHILACHAVA,PR,カストル,188,133,1991.08.17,,,,Rugby Club Toulonnais (2009 - 2018) -> Montpellier Hérault Rugby (2018 - 2020) -> Castres Olympique (2020 - 2020) -> Montpellier Hérault Rugby (2021 - 2021) -> Castres Olympique (2021 - 2026),A,0,https://all.rugby/player/levan-chilachava,,Rugby Club Toulonnais (2009 - 2018) -> Montpellier Hérault Rugby (2018 - 2020) -> Castres Olympique (2020 - 2020) -> Montpellier Hérault Rugby (2021 - 2021) -> Castres Olympique (2021 - 2026),Georgia,Georgia,https://all.rugby/player/levan-chilachava,Rugby Club Toulonnais (2009 - 2018) -> Montpellier Hérault Rugby (2018 - 2020) -> Castres Olympique (2020 - 2020) -> Montpellier Hérault Rugby (2021 - 2021) -> Castres Olympique (2021 - 2026)
Loîs GUÉROIS-GALISSON,Loîs GUÉROIS-GALISSON,PR,カストル,192,122,2001.12.22,,,,Loches ROC rugby (2007 - 2018) -> U.S. Tours (2018 - 2019) -> Rugby Club Auch (2019 - 2022) -> Castres Olympique (2022 - 2026),A,0,https://all.rugby/player/lois-guerois-galisson,,Loches ROC rugby (2007 - 2018) -> U.S. Tours (2018 - 2019) -> Rugby Club Auch (2019 - 2022) -> Castres Olympique (2022 - 2026),,,https://all.rugby/player/lois-guerois-galisson,Loches ROC rugby (2007 - 2018) -> U.S. Tours (2018 - 2019) -> Rugby Club Auch (2019 - 2022) -> Castres Olympique (2022 - 2026)
Nicolas CORATO,Nicolas CORATO,PR,カストル,184,123,1997.10.07,,,,Rugby Club Auch (2014 - 2017) -> Section Paloise Béarn Pyrénées (2017 - 2024) -> Castres Olympique (2024 - 2026),A,0,https://all.rugby/player/nicolas-corato,,Rugby Club Auch (2014 - 2017) -> Section Paloise Béarn Pyrénées (2017 - 2024) -> Castres Olympique (2024 - 2026),,,https://all.rugby/player/nicolas-corato,Rugby Club Auch (2014 - 2017) -> Section Paloise Béarn Pyrénées (2017 - 2024) -> Castres Olympique (2024 - 2026)
Quentin WALCKER,Quentin WALCKER,PR,カストル,181,109,1996.02.21,,,,Salanque Côte Radieuse (2004 - 2006) -> Rugby Olympique Agathois (2007 - 2009) -> Union Sportive Arlequins Perpignanais (2009 - 2021) -> Castres Olympique (2021 - 2026),A,0,https://all.rugby/player/quentin-walcker,,Salanque Côte Radieuse (2004 - 2006) -> Rugby Olympique Agathois (2007 - 2009) -> Union Sportive Arlequins Perpignanais (2009 - 2021) -> Castres Olympique (2021 - 2026),,,https://all.rugby/player/quentin-walcker,Salanque Côte Radieuse (2004 - 2006) -> Rugby Olympique Agathois (2007 - 2009) -> Union Sportive Arlequins Perpignanais (2009 - 2021) -> Castres Olympique (2021 - 2026)
Will COLLIER,Will COLLIER,PR,カストル,184,120,1991.05.05,,,,Harlequins (2013 - 2024) -> Castres Olympique (2024 - 2026),A,0,https://all.rugby/player/will-collier,,Harlequins (2013 - 2024) -> Castres Olympique (2024 - 2026),England,England,https://all.rugby/player/will-collier,Harlequins (2013 - 2024) -> Castres Olympique (2024 - 2026)
Loris ZARANTONELLO,Loris ZARANTONELLO,HO,カストル,183,102,2000.11.17,,,,Coquelicots Montéchois Rugby (2005 - 2012) -> Union Sportive Montalbanaise (2012 - 2019) -> Sporting Union Agenais (2019 - 2023) -> Castres Olympique (2023 - 2026),A,0,https://all.rugby/player/loris-zarantonello,,Coquelicots Montéchois Rugby (2005 - 2012) -> Union Sportive Montalbanaise (2012 - 2019) -> Sporting Union Agenais (2019 - 2023) -> Castres Olympique (2023 - 2026),France,France,https://all.rugby/player/loris-zarantonello,Coquelicots Montéchois Rugby (2005 - 2012) -> Union Sportive Montalbanaise (2012 - 2019) -> Sporting Union Agenais (2019 - 2023) -> Castres Olympique (2023 - 2026)
Pierre COLONNA,Pierre COLONNA,HO,カストル,188,113,2001.06.14,,,,Cahors (2012 - 2016) -> Stade Toulousain (2016 - 2017) -> Castres Olympique (2017 - 2026),A,0,https://all.rugby/player/pierre-colonna,,Cahors (2012 - 2016) -> Stade Toulousain (2016 - 2017) -> Castres Olympique (2017 - 2026),,,https://all.rugby/player/pierre-colonna,Cahors (2012 - 2016) -> Stade Toulousain (2016 - 2017) -> Castres Olympique (2017 - 2026)
Teddy DURAND,Teddy DURAND,HO,カストル,180,104,1999.10.14,,,,RC Launaguet (2011 - 2013) -> Stade Toulousain (2013 - 2018) -> Oyonnax Rugby (2018 - 2025) -> Castres Olympique (2025 - 2026),A,0,https://all.rugby/player/teddy-durand,,RC Launaguet (2011 - 2013) -> Stade Toulousain (2013 - 2018) -> Oyonnax Rugby (2018 - 2025) -> Castres Olympique (2025 - 2026),,,https://all.rugby/player/teddy-durand,RC Launaguet (2011 - 2013) -> Stade Toulousain (2013 - 2018) -> Oyonnax Rugby (2018 - 2025) -> Castres Olympique (2025 - 2026)
Florent VANVERBERGHE,Florent VANVERBERGHE,LO,カストル,198,120,2000.07.22,,,,Rugby Club Toulonnais (2006 - 2020) -> Castres Olympique (2020 - 2026),A,0,https://all.rugby/player/florent-vanverberghe,,Rugby Club Toulonnais (2006 - 2020) -> Castres Olympique (2020 - 2026),,,https://all.rugby/player/florent-vanverberghe,Rugby Club Toulonnais (2006 - 2020) -> Castres Olympique (2020 - 2026)
Gauthier MARAVAT,Gauthier MARAVAT,LO,カストル,198,112,2000.06.11,,,,Sporting Union Agenais (2015 - 2022) -> Castres Olympique (2022 - 2026),A,0,https://all.rugby/player/gauthier-maravat,,Sporting Union Agenais (2015 - 2022) -> Castres Olympique (2022 - 2026),,,https://all.rugby/player/gauthier-maravat,Sporting Union Agenais (2015 - 2022) -> Castres Olympique (2022 - 2026)
Guillaume DUCAT,Guillaume DUCAT,LO,カストル,204,115,1996.05.20,,,,Stado Tarbes Pyrénées Rugby (2004 - 2015) -> Aviron Bayonnais (2015 - 2021) -> Section Paloise Béarn Pyrénées (2021 - 2024) -> Castres Olympique (2024 - 2026),A,0,https://all.rugby/player/guillaume-ducat,,Stado Tarbes Pyrénées Rugby (2004 - 2015) -> Aviron Bayonnais (2015 - 2021) -> Section Paloise Béarn Pyrénées (2021 - 2024) -> Castres Olympique (2024 - 2026),,,https://all.rugby/player/guillaume-ducat,Stado Tarbes Pyrénées Rugby (2004 - 2015) -> Aviron Bayonnais (2015 - 2021) -> Section Paloise Béarn Pyrénées (2021 - 2024) -> Castres Olympique (2024 - 2026)
Leone NAKARAWA,Leone NAKARAWA,LO,カストル,200,127,1988.02.04,,,,Glasgow Warriors (2013 - 2016) -> Racing 92 (2016 - 2019) -> Glasgow Warriors (2019 - 2019) -> Racing 92 (2020 - 2020) -> Glasgow Warriors (2020 - 2021) -> Rugby Club Toulonnais (2021 - 2022) -> Castres Olympique (2022 - 2026),A,0,https://all.rugby/player/leone-nakarawa,,Glasgow Warriors (2013 - 2016) -> Racing 92 (2016 - 2019) -> Glasgow Warriors (2019 - 2019) -> Racing 92 (2020 - 2020) -> Glasgow Warriors (2020 - 2021) -> Rugby Club Toulonnais (2021 - 2022) -> Castres Olympique (2022 - 2026),Fiji,Fiji,https://all.rugby/player/leone-nakarawa,Glasgow Warriors (2013 - 2016) -> Racing 92 (2016 - 2019) -> Glasgow Warriors (2019 - 2019) -> Racing 92 (2020 - 2020) -> Glasgow Warriors (2020 - 2021) -> Rugby Club Toulonnais (2021 - 2022) -> Castres Olympique (2022 - 2026)
Paul JEDRASIAK,Paul JEDRASIAK,LO,カストル,200,121,1993.02.06,,,,Rugby Athlétique Club Castelroussin (2004 - 2008) -> U.S. Tours (2008 - 2010) -> ASM Clermont Auvergne (2010 - 2024) -> Castres Olympique (2024 - 2026),A,0,https://all.rugby/player/paul-jedrasiak,,Rugby Athlétique Club Castelroussin (2004 - 2008) -> U.S. Tours (2008 - 2010) -> ASM Clermont Auvergne (2010 - 2024) -> Castres Olympique (2024 - 2026),France,France,https://all.rugby/player/paul-jedrasiak,Rugby Athlétique Club Castelroussin (2004 - 2008) -> U.S. Tours (2008 - 2010) -> ASM Clermont Auvergne (2010 - 2024) -> Castres Olympique (2024 - 2026)
Romain MACURDY,Romain MACURDY,LO,カストル,200,109,2001.09.21,,,,RC Villeneuve-lès-Maguelone (2006 - 2011) -> Montpellier Hérault Rugby (2011 - 2023) -> Castres Olympique (2023 - 2026),A,0,https://all.rugby/player/romain-macurdy,,RC Villeneuve-lès-Maguelone (2006 - 2011) -> Montpellier Hérault Rugby (2011 - 2023) -> Castres Olympique (2023 - 2026),,,https://all.rugby/player/romain-macurdy,RC Villeneuve-lès-Maguelone (2006 - 2011) -> Montpellier Hérault Rugby (2011 - 2023) -> Castres Olympique (2023 - 2026)
Tom STANIFORTH,Tom STANIFORTH,LO,カストル,198,124,1994.08.13,,,,Brumbies (2013 - 2017) -> New South Wales Waratahs (2017 - 2020) -> Castres Olympique (2020 - 2026),A,0,https://all.rugby/player/thomas-staniforth,,Brumbies (2013 - 2017) -> New South Wales Waratahs (2017 - 2020) -> Castres Olympique (2020 - 2026),,,https://all.rugby/player/thomas-staniforth,Brumbies (2013 - 2017) -> New South Wales Waratahs (2017 - 2020) -> Castres Olympique (2020 - 2026)
Abraham PAPALI'I,Abraham PAPALI'I,FL/NO8,カストル,194,128,1993.06.20,,,,New Zealand Warriors (2013 - 2014) -> Sydney Roosters (2014 - 2016) -> FC Lézignan XIII (2016 - 2017) -> Bay of Plenty Steamers (2018 - 2019) -> China Lions (2019 - 2019) -> Connacht Rugby (2019 - 2019) -> China Lions (2020 - 2020) -> Connacht Rugby (2020 - 2022) -> CA Brive Corrèze Limousin (2022 - 2023) -> Castres Olympique (2023 - 2026),A,0,https://all.rugby/player/abraham-papali-i,,New Zealand Warriors (2013 - 2014) -> Sydney Roosters (2014 - 2016) -> FC Lézignan XIII (2016 - 2017) -> Bay of Plenty Steamers (2018 - 2019) -> China Lions (2019 - 2019) -> Connacht Rugby (2019 - 2019) -> China Lions (2020 - 2020) -> Connacht Rugby (2020 - 2022) -> CA Brive Corrèze Limousin (2022 - 2023) -> Castres Olympique (2023 - 2026),New Zealand,New Zealand,https://all.rugby/player/abraham-papali-i,New Zealand Warriors (2013 - 2014) -> Sydney Roosters (2014 - 2016) -> FC Lézignan XIII (2016 - 2017) -> Bay of Plenty Steamers (2018 - 2019) -> China Lions (2019 - 2019) -> Connacht Rugby (2019 - 2019) -> China Lions (2020 - 2020) -> Connacht Rugby (2020 - 2022) -> CA Brive Corrèze Limousin (2022 - 2023) -> Castres Olympique (2023 - 2026)
Baptiste COPE,Baptiste COPE,FL/NO8,カストル,186,102,2002.02.09,,,,Sor Agout XV (2011 - 2020) -> Castres Olympique (2020 - 2026),A,0,https://all.rugby/player/baptiste-cope,,Sor Agout XV (2011 - 2020) -> Castres Olympique (2020 - 2026),,,https://all.rugby/player/baptiste-cope,Sor Agout XV (2011 - 2020) -> Castres Olympique (2020 - 2026)
Baptiste DELAPORTE,Baptiste DELAPORTE,FL/NO8,カストル,190,112,1997.03.27,,,,Olympique Labruguière XV (2004 - 2010) -> Sor Agout XV (2010 - 2011) -> Castres Olympique (2011 - 2026),A,0,https://all.rugby/player/baptiste-delaporte,,Olympique Labruguière XV (2004 - 2010) -> Sor Agout XV (2010 - 2011) -> Castres Olympique (2011 - 2026),,,https://all.rugby/player/baptiste-delaporte,Olympique Labruguière XV (2004 - 2010) -> Sor Agout XV (2010 - 2011) -> Castres Olympique (2011 - 2026)
Feibyan TUKINO,Feibyan TUKINO,FL/NO8,カストル,189,114,2001.06.16,,,,US Romans-Péage (2011 - 2015) -> CS Annonay (2015 - 2018) -> FC Grenoble Rugby (2018 - 2021) -> Castres Olympique (2021 - 2026),A,0,https://all.rugby/player/feibyan-cornell-tukino,,US Romans-Péage (2011 - 2015) -> CS Annonay (2015 - 2018) -> FC Grenoble Rugby (2018 - 2021) -> Castres Olympique (2021 - 2026),,,https://all.rugby/player/feibyan-cornell-tukino,US Romans-Péage (2011 - 2015) -> CS Annonay (2015 - 2018) -> FC Grenoble Rugby (2018 - 2021) -> Castres Olympique (2021 - 2026)
Mathieu BABILLOT,Mathieu BABILLOT,FL/NO8,カストル,190,111,1993.09.09,,,,Castres Olympique (2002 - 2026),A,0,https://all.rugby/player/mathieu-babillot,,Castres Olympique (2002 - 2026),France,France,https://all.rugby/player/mathieu-babillot,Castres Olympique (2002 - 2026)
Simon MEKA,Simon MEKA,FL/NO8,カストル,192,110,2000.03.14,,,,US Canton d'Alban (2011 - 2016) -> Castres Olympique (2016 - 2022) -> US Carcassonne (2022 - 2023) -> Sporting Club Albigeois (2023 - 2024) -> Castres Olympique (2024 - 2024) -> Sporting Club Albigeois (2025 - 2025) -> Castres Olympique (2025 - 2026),A,0,https://all.rugby/player/simon-meka,,US Canton d'Alban (2011 - 2016) -> Castres Olympique (2016 - 2022) -> US Carcassonne (2022 - 2023) -> Sporting Club Albigeois (2023 - 2024) -> Castres Olympique (2024 - 2024) -> Sporting Club Albigeois (2025 - 2025) -> Castres Olympique (2025 - 2026),,,https://all.rugby/player/simon-meka,US Canton d'Alban (2011 - 2016) -> Castres Olympique (2016 - 2022) -> US Carcassonne (2022 - 2023) -> Sporting Club Albigeois (2023 - 2024) -> Castres Olympique (2024 - 2024) -> Sporting Club Albigeois (2025 - 2025) -> Castres Olympique (2025 - 2026)
Tyler ARDRON,Tyler ARDRON,FL/NO8,カストル,197,112,1991.06.16,,,,Ospreys (2013 - 2017) -> Chiefs (2017 - 2020) -> Castres Olympique (2020 - 2026),A,0,https://all.rugby/player/tyler-ardron,,Ospreys (2013 - 2017) -> Chiefs (2017 - 2020) -> Castres Olympique (2020 - 2026),Canada,Canada,https://all.rugby/player/tyler-ardron,Ospreys (2013 - 2017) -> Chiefs (2017 - 2020) -> Castres Olympique (2020 - 2026)
Veresa Tuqovu RAMOTOTABUA,Veresa Tuqovu RAMOTOTABUA,FL/NO8,カストル,195,107,2000.06.12,,,,Stade Français Paris Rugby (2019 - 2022) -> Stade Montois Rugby Pro (2022 - 2022) -> Stade Français Paris Rugby (2023 - 2023) -> Stade Montois Rugby Pro (2023 - 2024) -> Oyonnax Rugby (2024 - 2025) -> Castres Olympique (2025 - 2026),A,0,https://all.rugby/player/veresa-tuqovu,,Stade Français Paris Rugby (2019 - 2022) -> Stade Montois Rugby Pro (2022 - 2022) -> Stade Français Paris Rugby (2023 - 2023) -> Stade Montois Rugby Pro (2023 - 2024) -> Oyonnax Rugby (2024 - 2025) -> Castres Olympique (2025 - 2026),,,https://all.rugby/player/veresa-tuqovu,Stade Français Paris Rugby (2019 - 2022) -> Stade Montois Rugby Pro (2022 - 2022) -> Stade Français Paris Rugby (2023 - 2023) -> Stade Montois Rugby Pro (2023 - 2024) -> Oyonnax Rugby (2024 - 2025) -> Castres Olympique (2025 - 2026)
Colin DUPUY,Colin DUPUY,SH,カストル,173,67,//2006,,,,RC Bon-Encontre Boé (2013 - 2014) -> Union Athlétique Gaillacoise (2014 - 2022) -> Castres Olympique (2022 - 2026),A,0,https://all.rugby/player/colin-dupuy,,RC Bon-Encontre Boé (2013 - 2014) -> Union Athlétique Gaillacoise (2014 - 2022) -> Castres Olympique (2022 - 2026),,,https://all.rugby/player/colin-dupuy,RC Bon-Encontre Boé (2013 - 2014) -> Union Athlétique Gaillacoise (2014 - 2022) -> Castres Olympique (2022 - 2026)
Gauthier DOUBRÈRE,Gauthier DOUBRÈRE,SH,カストル,176,82,1995.12.24,,,,RC Bassoues Lupiac Montesquiou (2004 - 2010) -> Rugby Club Auch (2010 - 2015) -> Union Bordeaux-Bègles (2015 - 2018) -> Biarritz Olympique Pays Basque (2018 - 2021) -> Stade Montois Rugby Pro (2021 - 2022) -> Castres Olympique (2022 - 2026),A,0,https://all.rugby/player/gauthier-doubrere,,RC Bassoues Lupiac Montesquiou (2004 - 2010) -> Rugby Club Auch (2010 - 2015) -> Union Bordeaux-Bègles (2015 - 2018) -> Biarritz Olympique Pays Basque (2018 - 2021) -> Stade Montois Rugby Pro (2021 - 2022) -> Castres Olympique (2022 - 2026),,,https://all.rugby/player/gauthier-doubrere,RC Bassoues Lupiac Montesquiou (2004 - 2010) -> Rugby Club Auch (2010 - 2015) -> Union Bordeaux-Bègles (2015 - 2018) -> Biarritz Olympique Pays Basque (2018 - 2021) -> Stade Montois Rugby Pro (2021 - 2022) -> Castres Olympique (2022 - 2026)
Jérémy FERNANDEZ,Jérémy FERNANDEZ,SH,カストル,176,90,1997.05.15,,,,SC Mazamet (2002 - 2004) -> Aviron Castrais (2004 - 2009) -> Castres Olympique (2009 - 2026),A,0,https://all.rugby/player/jeremy-fernandez,,SC Mazamet (2002 - 2004) -> Aviron Castrais (2004 - 2009) -> Castres Olympique (2009 - 2026),,,https://all.rugby/player/jeremy-fernandez,SC Mazamet (2002 - 2004) -> Aviron Castrais (2004 - 2009) -> Castres Olympique (2009 - 2026)
Santiago ARATA,Santiago ARATA,SH,カストル,174,75,1996.09.02,,,,Houston Sabercats (2018 - 2019) -> Club Atlético Peñarol (2019 - 2020) -> Castres Olympique (2020 - 2026),A,0,https://all.rugby/player/santiago-arata,,Houston Sabercats (2018 - 2019) -> Club Atlético Peñarol (2019 - 2020) -> Castres Olympique (2020 - 2026),Uruguay,Uruguay,https://all.rugby/player/santiago-arata,Houston Sabercats (2018 - 2019) -> Club Atlético Peñarol (2019 - 2020) -> Castres Olympique (2020 - 2026)
Enzo HERVÉ,Enzo HERVÉ,SO,カストル,176,94,1998.10.13,,,,RC Buguois (2004 - 2013) -> CA Brive Corrèze Limousin (2013 - 2023) -> Rugby Club Toulonnais (2023 - 2025) -> Castres Olympique (2025 - 2025) -> Rugby Club Toulonnais (2026 - 2026) -> Castres Olympique (2026 - 2026),A,0,https://all.rugby/player/enzo-herve,,RC Buguois (2004 - 2013) -> CA Brive Corrèze Limousin (2013 - 2023) -> Rugby Club Toulonnais (2023 - 2025) -> Castres Olympique (2025 - 2025) -> Rugby Club Toulonnais (2026 - 2026) -> Castres Olympique (2026 - 2026),,,https://all.rugby/player/enzo-herve,RC Buguois (2004 - 2013) -> CA Brive Corrèze Limousin (2013 - 2023) -> Rugby Club Toulonnais (2023 - 2025) -> Castres Olympique (2025 - 2025) -> Rugby Club Toulonnais (2026 - 2026) -> Castres Olympique (2026 - 2026)
Louis LE BRUN,Louis LE BRUN,SO,カストル,188,100,2002.02.28,,,,RC Hyères Carqueiranne La Crau (2007 - 2015) -> Rugby Club Toulonnais (2015 - 2020) -> Castres Olympique (2020 - 2026),A,0,https://all.rugby/player/louis-le-brun,,RC Hyères Carqueiranne La Crau (2007 - 2015) -> Rugby Club Toulonnais (2015 - 2020) -> Castres Olympique (2020 - 2026),,,https://all.rugby/player/louis-le-brun,RC Hyères Carqueiranne La Crau (2007 - 2015) -> Rugby Club Toulonnais (2015 - 2020) -> Castres Olympique (2020 - 2026)
Louka GUILHOT,Louka GUILHOT,SO,カストル,183,80,//2006,,,,Valence Romans Drôme Rugby (2011 - 2021) -> ASM Clermont Auvergne (2021 - 2025) -> Castres Olympique (2025 - 2026),A,0,https://all.rugby/player/louka-guilhot,,Valence Romans Drôme Rugby (2011 - 2021) -> ASM Clermont Auvergne (2021 - 2025) -> Castres Olympique (2025 - 2026),,,https://all.rugby/player/louka-guilhot,Valence Romans Drôme Rugby (2011 - 2021) -> ASM Clermont Auvergne (2021 - 2025) -> Castres Olympique (2025 - 2026)
Pierre POPELIN,Pierre POPELIN,SO,カストル,181,87,1995.06.23,,,,Stade Rochelais (2013 - 2017) -> France 7 (2017 - 2018) -> Rugby Club Vannes (2018 - 2021) -> Stade Rochelais (2021 - 2023) -> Castres Olympique (2023 - 2026),A,0,https://all.rugby/player/pierre-popelin,,Stade Rochelais (2013 - 2017) -> France 7 (2017 - 2018) -> Rugby Club Vannes (2018 - 2021) -> Stade Rochelais (2021 - 2023) -> Castres Olympique (2023 - 2026),,,https://all.rugby/player/pierre-popelin,Stade Rochelais (2013 - 2017) -> France 7 (2017 - 2018) -> Rugby Club Vannes (2018 - 2021) -> Stade Rochelais (2021 - 2023) -> Castres Olympique (2023 - 2026)
Adrea COCAGI,Adrea COCAGI,CTB,カストル,185,109,1994.03.01,,,,Stade Français Paris Rugby (2013 - 2014) -> Stado Tarbes Pyrénées Rugby (2014 - 2016) -> Union Sportive Arlequins Perpignanais (2016 - 2020) -> Castres Olympique (2020 - 2026),A,0,https://all.rugby/player/adrea-cocagi,,Stade Français Paris Rugby (2013 - 2014) -> Stado Tarbes Pyrénées Rugby (2014 - 2016) -> Union Sportive Arlequins Perpignanais (2016 - 2020) -> Castres Olympique (2020 - 2026),Fiji,Fiji,https://all.rugby/player/adrea-cocagi,Stade Français Paris Rugby (2013 - 2014) -> Stado Tarbes Pyrénées Rugby (2014 - 2016) -> Union Sportive Arlequins Perpignanais (2016 - 2020) -> Castres Olympique (2020 - 2026)
Atu MANU,Atu MANU,CTB,カストル,186,105,1998.07.24,,,,Rugby Viadana 1970 (2017 - 2018) -> Stade Français Paris Rugby (2018 - 2018) -> Rugby Club Massy Essonne (2018 - 2018) -> Stade Français Paris Rugby (2019 - 2019) -> Rugby Club Massy Essonne (2019 - 2019) -> Stade Français Paris Rugby (2019 - 2019) -> US Carcassonne (2019 - 2019) -> Stade Français Paris Rugby (2020 - 2020) -> US Carcassonne (2020 - 2020) -> Stade Français Paris Rugby (2020 - 2021) -> FC Grenoble Rugby (2021 - 2021) -> Stade Français Paris Rugby (2022 - 2022) -> FC Grenoble Rugby (2022 - 2024) -> USON Nevers Rugby (2024 - 2025) -> Castres Olympique (2025 - 2025) -> USON Nevers Rugby (2026 - 2026) -> Castres Olympique (2026 - 2026),A,0,https://all.rugby/player/atu-manu,,Rugby Viadana 1970 (2017 - 2018) -> Stade Français Paris Rugby (2018 - 2018) -> Rugby Club Massy Essonne (2018 - 2018) -> Stade Français Paris Rugby (2019 - 2019) -> Rugby Club Massy Essonne (2019 - 2019) -> Stade Français Paris Rugby (2019 - 2019) -> US Carcassonne (2019 - 2019) -> Stade Français Paris Rugby (2020 - 2020) -> US Carcassonne (2020 - 2020) -> Stade Français Paris Rugby (2020 - 2021) -> FC Grenoble Rugby (2021 - 2021) -> Stade Français Paris Rugby (2022 - 2022) -> FC Grenoble Rugby (2022 - 2024) -> USON Nevers Rugby (2024 - 2025) -> Castres Olympique (2025 - 2025) -> USON Nevers Rugby (2026 - 2026) -> Castres Olympique (2026 - 2026),,,https://all.rugby/player/atu-manu,Rugby Viadana 1970 (2017 - 2018) -> Stade Français Paris Rugby (2018 - 2018) -> Rugby Club Massy Essonne (2018 - 2018) -> Stade Français Paris Rugby (2019 - 2019) -> Rugby Club Massy Essonne (2019 - 2019) -> Stade Français Paris Rugby (2019 - 2019) -> US Carcassonne (2019 - 2019) -> Stade Français Paris Rugby (2020 - 2020) -> US Carcassonne (2020 - 2020) -> Stade Français Paris Rugby (2020 - 2021) -> FC Grenoble Rugby (2021 - 2021) -> Stade Français Paris Rugby (2022 - 2022) -> FC Grenoble Rugby (2022 - 2024) -> USON Nevers Rugby (2024 - 2025) -> Castres Olympique (2025 - 2025) -> USON Nevers Rugby (2026 - 2026) -> Castres Olympique (2026 - 2026)
Jack GOODHUE,Jack GOODHUE,CTB,カストル,188,102,1995.06.13,,,,Crusaders (2016 - 2019) -> Northland Taniwha (2019 - 2019) -> Crusaders (2020 - 2020) -> Northland Taniwha (2020 - 2020) -> Crusaders (2020 - 2021) -> Northland Taniwha (2021 - 2021) -> Crusaders (2022 - 2022) -> Northland Taniwha (2022 - 2022) -> Crusaders (2022 - 2022) -> Northland Taniwha (2022 - 2022) -> Crusaders (2023 - 2023) -> Northland Taniwha (2023 - 2023) -> Castres Olympique (2023 - 2026),A,0,https://all.rugby/player/jack-goodhue,,Crusaders (2016 - 2019) -> Northland Taniwha (2019 - 2019) -> Crusaders (2020 - 2020) -> Northland Taniwha (2020 - 2020) -> Crusaders (2020 - 2021) -> Northland Taniwha (2021 - 2021) -> Crusaders (2022 - 2022) -> Northland Taniwha (2022 - 2022) -> Crusaders (2022 - 2022) -> Northland Taniwha (2022 - 2022) -> Crusaders (2023 - 2023) -> Northland Taniwha (2023 - 2023) -> Castres Olympique (2023 - 2026),New Zealand,New Zealand,https://all.rugby/player/jack-goodhue,Crusaders (2016 - 2019) -> Northland Taniwha (2019 - 2019) -> Crusaders (2020 - 2020) -> Northland Taniwha (2020 - 2020) -> Crusaders (2020 - 2021) -> Northland Taniwha (2021 - 2021) -> Crusaders (2022 - 2022) -> Northland Taniwha (2022 - 2022) -> Crusaders (2022 - 2022) -> Northland Taniwha (2022 - 2022) -> Crusaders (2023 - 2023) -> Northland Taniwha (2023 - 2023) -> Castres Olympique (2023 - 2026)
Vilimoni BOTITU,Vilimoni BOTITU,CTB,カストル,183,98,1998.06.15,,,,FIDJI 7's (2019 - 2020) -> Castres Olympique (2020 - 2026),A,0,https://all.rugby/player/vilimoni-botitu,,FIDJI 7's (2019 - 2020) -> Castres Olympique (2020 - 2026),,,https://all.rugby/player/vilimoni-botitu,FIDJI 7's (2019 - 2020) -> Castres Olympique (2020 - 2026)
Adam VARGAS,Adam VARGAS,WTB,カストル,180,80,2000.08.11,,,,Lyon Olympique Universitaire Rugby (2005 - 2021) -> Valence Romans Drôme Rugby (2021 - 2025) -> Castres Olympique (2025 - 2026),A,0,https://all.rugby/player/adam-vargas,,Lyon Olympique Universitaire Rugby (2005 - 2021) -> Valence Romans Drôme Rugby (2021 - 2025) -> Castres Olympique (2025 - 2026),,,https://all.rugby/player/adam-vargas,Lyon Olympique Universitaire Rugby (2005 - 2021) -> Valence Romans Drôme Rugby (2021 - 2025) -> Castres Olympique (2025 - 2026)
Christian AMBADIANG,Christian AMBADIANG,WTB,カストル,189,107,1999.01.13,,,,Southern Kings (2019 - 2020) -> USON Nevers Rugby (2020 - 2024) -> Castres Olympique (2024 - 2026),A,0,https://all.rugby/player/christian-ambadiang,,Southern Kings (2019 - 2020) -> USON Nevers Rugby (2020 - 2024) -> Castres Olympique (2024 - 2026),,,https://all.rugby/player/christian-ambadiang,Southern Kings (2019 - 2020) -> USON Nevers Rugby (2020 - 2024) -> Castres Olympique (2024 - 2026)
Geoffrey PALIS,Geoffrey PALIS,WTB,カストル,189,96,1991.07.08,,,,Sporting Club Albigeois (2009 - 2013) -> Castres Olympique (2013 - 2026),A,0,https://all.rugby/player/geoffrey-palis,,Sporting Club Albigeois (2009 - 2013) -> Castres Olympique (2013 - 2026),France,France,https://all.rugby/player/geoffrey-palis,Sporting Club Albigeois (2009 - 2013) -> Castres Olympique (2013 - 2026)
Nathanaël HULLEU,Nathanaël HULLEU,WTB,カストル,178,87,2000.05.16,,,,FC Grenoble Rugby (2015 - 2020) -> Union Bordeaux-Bègles (2020 - 2022) -> Rugby Club Vannes (2022 - 2023) -> Castres Olympique (2023 - 2026),A,0,https://all.rugby/player/nathanael-hulleu,,FC Grenoble Rugby (2015 - 2020) -> Union Bordeaux-Bègles (2020 - 2022) -> Rugby Club Vannes (2022 - 2023) -> Castres Olympique (2023 - 2026),,,https://all.rugby/player/nathanael-hulleu,FC Grenoble Rugby (2015 - 2020) -> Union Bordeaux-Bègles (2020 - 2022) -> Rugby Club Vannes (2022 - 2023) -> Castres Olympique (2023 - 2026)
Rémy BAGET,Rémy BAGET,WTB,カストル,182,89,1997.07.27,,,,Stade Toulousain (2014 - 2018) -> Aviron Bayonnais (2018 - 2024) -> Castres Olympique (2024 - 2026),A,0,https://all.rugby/player/remy-baget,,Stade Toulousain (2014 - 2018) -> Aviron Bayonnais (2018 - 2024) -> Castres Olympique (2024 - 2026),,,https://all.rugby/player/remy-baget,Stade Toulousain (2014 - 2018) -> Aviron Bayonnais (2018 - 2024) -> Castres Olympique (2024 - 2026)
Vuate KARAWALEVU,Vuate KARAWALEVU,WTB,カストル,193,104,2001.03.15,,,,North Sydney Bears (2021 - 2021) -> Sydney Roosters (2021 - 2021) -> North Sydney Bears (2022 - 2022) -> Sydney Roosters (2022 - 2022) -> West Harbour RFC (2022 - 2023) -> New South Wales Waratahs (2023 - 2024) -> Fijian Drua (2024 - 2025) -> Castres Olympique (2025 - 2026),A,0,https://all.rugby/player/vuate-karawalevu,,North Sydney Bears (2021 - 2021) -> Sydney Roosters (2021 - 2021) -> North Sydney Bears (2022 - 2022) -> Sydney Roosters (2022 - 2022) -> West Harbour RFC (2022 - 2023) -> New South Wales Waratahs (2023 - 2024) -> Fijian Drua (2024 - 2025) -> Castres Olympique (2025 - 2026),,,https://all.rugby/player/vuate-karawalevu,North Sydney Bears (2021 - 2021) -> Sydney Roosters (2021 - 2021) -> North Sydney Bears (2022 - 2022) -> Sydney Roosters (2022 - 2022) -> West Harbour RFC (2022 - 2023) -> New South Wales Waratahs (2023 - 2024) -> Fijian Drua (2024 - 2025) -> Castres Olympique (2025 - 2026)
Théo CHABOUNI,Théo CHABOUNI,FB,カストル,182,85,2003.12.22,,,,Pennes-Mirabeau Cadeneaux Rugby (2009 - 2016) -> Provence Rugby (2016 - 2021) -> Castres Olympique (2021 - 2026),A,0,https://all.rugby/player/theo-chabouni,,Pennes-Mirabeau Cadeneaux Rugby (2009 - 2016) -> Provence Rugby (2016 - 2021) -> Castres Olympique (2021 - 2026),,,https://all.rugby/player/theo-chabouni,Pennes-Mirabeau Cadeneaux Rugby (2009 - 2016) -> Provence Rugby (2016 - 2021) -> Castres Olympique (2021 - 2026)
Daniel BIBI BIZIWU,Daniel BIBI BIZIWU,PR,ポー,183,119,2001.08.29,,,,ES Viry-Châtillon (2008 - 2013) -> Rugby Club Massy Essonne (2013 - 2018) -> ASM Clermont Auvergne (2018 - 2024) -> Section Paloise Béarn Pyrénées (2024 - 2026),A,0,https://all.rugby/player/daniel-bibi-biziwu,,ES Viry-Châtillon (2008 - 2013) -> Rugby Club Massy Essonne (2013 - 2018) -> ASM Clermont Auvergne (2018 - 2024) -> Section Paloise Béarn Pyrénées (2024 - 2026),,,https://all.rugby/player/daniel-bibi-biziwu,ES Viry-Châtillon (2008 - 2013) -> Rugby Club Massy Essonne (2013 - 2018) -> ASM Clermont Auvergne (2018 - 2024) -> Section Paloise Béarn Pyrénées (2024 - 2026)
Guram PAPIDZE,Guram PAPIDZE,PR,ポー,186,127,1997.06.16,,,,Lyon Olympique Universitaire Rugby (2016 - 2018) -> USON Nevers Rugby (2018 - 2021) -> Stade Rochelais (2021 - 2022) -> Section Paloise Béarn Pyrénées (2022 - 2026),A,0,https://all.rugby/player/guram-papidze,,Lyon Olympique Universitaire Rugby (2016 - 2018) -> USON Nevers Rugby (2018 - 2021) -> Stade Rochelais (2021 - 2022) -> Section Paloise Béarn Pyrénées (2022 - 2026),Georgia,Georgia,https://all.rugby/player/guram-papidze,Lyon Olympique Universitaire Rugby (2016 - 2018) -> USON Nevers Rugby (2018 - 2021) -> Stade Rochelais (2021 - 2022) -> Section Paloise Béarn Pyrénées (2022 - 2026)
Hugo PARROU,Hugo PARROU,PR,ポー,183,110,2003.01.28,,,,Entente Bazet Andrest (2007 - 2016) -> Stado Tarbes Pyrénées Rugby (2016 - 2021) -> Section Paloise Béarn Pyrénées (2021 - 2026),A,0,https://all.rugby/player/hugo-parrou,,Entente Bazet Andrest (2007 - 2016) -> Stado Tarbes Pyrénées Rugby (2016 - 2021) -> Section Paloise Béarn Pyrénées (2021 - 2026),,,https://all.rugby/player/hugo-parrou,Entente Bazet Andrest (2007 - 2016) -> Stado Tarbes Pyrénées Rugby (2016 - 2021) -> Section Paloise Béarn Pyrénées (2021 - 2026)
Jon ZABALA,Jon ZABALA,PR,ポー,192,132,1996.11.26,,,,Getxo Rugby (2014 - 2015) -> Aviron Bayonnais (2015 - 2019) -> Anglet Olympique Rugby Club (2019 - 2019) -> Aviron Bayonnais (2020 - 2020) -> Anglet Olympique Rugby Club (2020 - 2020) -> Stado Tarbes Pyrénées Rugby (2020 - 2021) -> Association Sportive Béziers Hérault (2021 - 2024) -> Section Paloise Béarn Pyrénées (2024 - 2026),A,0,https://all.rugby/player/jon-zabala,,Getxo Rugby (2014 - 2015) -> Aviron Bayonnais (2015 - 2019) -> Anglet Olympique Rugby Club (2019 - 2019) -> Aviron Bayonnais (2020 - 2020) -> Anglet Olympique Rugby Club (2020 - 2020) -> Stado Tarbes Pyrénées Rugby (2020 - 2021) -> Association Sportive Béziers Hérault (2021 - 2024) -> Section Paloise Béarn Pyrénées (2024 - 2026),Spain,Spain,https://all.rugby/player/jon-zabala,Getxo Rugby (2014 - 2015) -> Aviron Bayonnais (2015 - 2019) -> Anglet Olympique Rugby Club (2019 - 2019) -> Aviron Bayonnais (2020 - 2020) -> Anglet Olympique Rugby Club (2020 - 2020) -> Stado Tarbes Pyrénées Rugby (2020 - 2021) -> Association Sportive Béziers Hérault (2021 - 2024) -> Section Paloise Béarn Pyrénées (2024 - 2026)
Lekso KAULASHVILI,Lekso KAULASHVILI,PR,ポー,187,128,1992.08.27,,,,Stade Rochelais (2013 - 2018) -> Union Bordeaux-Bègles (2018 - 2024) -> Section Paloise Béarn Pyrénées (2024 - 2026),A,0,https://all.rugby/player/lekso-kaulashvili,,Stade Rochelais (2013 - 2018) -> Union Bordeaux-Bègles (2018 - 2024) -> Section Paloise Béarn Pyrénées (2024 - 2026),Georgia,Georgia,https://all.rugby/player/lekso-kaulashvili,Stade Rochelais (2013 - 2018) -> Union Bordeaux-Bègles (2018 - 2024) -> Section Paloise Béarn Pyrénées (2024 - 2026)
Rémi SÉNÉCA,Rémi SÉNÉCA,PR,ポー,185,116,1995.01.16,,,,Stade Français Paris Rugby (2012 - 2017) -> Rugby Club Vannes (2017 - 2021) -> Section Paloise Béarn Pyrénées (2021 - 2026),A,0,https://all.rugby/player/remi-seneca,,Stade Français Paris Rugby (2012 - 2017) -> Rugby Club Vannes (2017 - 2021) -> Section Paloise Béarn Pyrénées (2021 - 2026),,,https://all.rugby/player/remi-seneca,Stade Français Paris Rugby (2012 - 2017) -> Rugby Club Vannes (2017 - 2021) -> Section Paloise Béarn Pyrénées (2021 - 2026)
Siate TOKOLAHI,Siate TOKOLAHI,PR,ポー,184,116,1992.03.16,,,,Chiefs (2014 - 2016) -> Highlanders (2016 - 2019) -> Southland Stags (2019 - 2019) -> Highlanders (2020 - 2020) -> Southland Stags (2020 - 2020) -> Highlanders (2020 - 2021) -> Section Paloise Béarn Pyrénées (2021 - 2026),A,0,https://all.rugby/player/siate-tokolahi,,Chiefs (2014 - 2016) -> Highlanders (2016 - 2019) -> Southland Stags (2019 - 2019) -> Highlanders (2020 - 2020) -> Southland Stags (2020 - 2020) -> Highlanders (2020 - 2021) -> Section Paloise Béarn Pyrénées (2021 - 2026),,,https://all.rugby/player/siate-tokolahi,Chiefs (2014 - 2016) -> Highlanders (2016 - 2019) -> Southland Stags (2019 - 2019) -> Highlanders (2020 - 2020) -> Southland Stags (2020 - 2020) -> Highlanders (2020 - 2021) -> Section Paloise Béarn Pyrénées (2021 - 2026)
Thomas LACLAYAT,Thomas LACLAYAT,PR,ポー,177,125,1997.10.02,,,,RC Haute Bresse (2012 - 2013) -> Oyonnax Rugby (2013 - 2013) -> RC Haute Bresse (2013 - 2013) -> Oyonnax Rugby (2014 - 2014) -> RC Haute Bresse (2014 - 2014) -> Oyonnax Rugby (2014 - 2023) -> Racing 92 (2023 - 2025) -> Section Paloise Béarn Pyrénées (2025 - 2026),A,0,https://all.rugby/player/thomas-laclayat,,RC Haute Bresse (2012 - 2013) -> Oyonnax Rugby (2013 - 2013) -> RC Haute Bresse (2013 - 2013) -> Oyonnax Rugby (2014 - 2014) -> RC Haute Bresse (2014 - 2014) -> Oyonnax Rugby (2014 - 2023) -> Racing 92 (2023 - 2025) -> Section Paloise Béarn Pyrénées (2025 - 2026),France,France,https://all.rugby/player/thomas-laclayat,RC Haute Bresse (2012 - 2013) -> Oyonnax Rugby (2013 - 2013) -> RC Haute Bresse (2013 - 2013) -> Oyonnax Rugby (2014 - 2014) -> RC Haute Bresse (2014 - 2014) -> Oyonnax Rugby (2014 - 2023) -> Racing 92 (2023 - 2025) -> Section Paloise Béarn Pyrénées (2025 - 2026)
Julián MONTOYA,Julián MONTOYA,HO,ポー,183,113,1993.10.29,,,,Jaguares (2015 - 2020) -> Leicester Tigers (2020 - 2025) -> Section Paloise Béarn Pyrénées (2025 - 2026),A,0,https://all.rugby/player/julian-montoya,,Jaguares (2015 - 2020) -> Leicester Tigers (2020 - 2025) -> Section Paloise Béarn Pyrénées (2025 - 2026),Argentina,Argentina,https://all.rugby/player/julian-montoya,Jaguares (2015 - 2020) -> Leicester Tigers (2020 - 2025) -> Section Paloise Béarn Pyrénées (2025 - 2026)
Lucas REY,Lucas REY,HO,ポー,175,98,1997.04.27,,,,Section Paloise Béarn Pyrénées (2004 - 2026),A,0,https://all.rugby/player/lucas-rey,,Section Paloise Béarn Pyrénées (2004 - 2026),,,https://all.rugby/player/lucas-rey,Section Paloise Béarn Pyrénées (2004 - 2026)
Youri DELHOMMEL,Youri DELHOMMEL,HO,ポー,181,101,1996.03.06,,,,US Ris-Orangis Rugby (2004 - 2010) -> Rugby Club Massy Essonne (2010 - 2018) -> Montpellier Hérault Rugby (2018 - 2018) -> Rugby Club Massy Essonne (2019 - 2019) -> Montpellier Hérault Rugby (2019 - 2021) -> Section Paloise Béarn Pyrénées (2021 - 2026),A,0,https://all.rugby/player/youri-delhommel,,US Ris-Orangis Rugby (2004 - 2010) -> Rugby Club Massy Essonne (2010 - 2018) -> Montpellier Hérault Rugby (2018 - 2018) -> Rugby Club Massy Essonne (2019 - 2019) -> Montpellier Hérault Rugby (2019 - 2021) -> Section Paloise Béarn Pyrénées (2021 - 2026),,,https://all.rugby/player/youri-delhommel,US Ris-Orangis Rugby (2004 - 2010) -> Rugby Club Massy Essonne (2010 - 2018) -> Montpellier Hérault Rugby (2018 - 2018) -> Rugby Club Massy Essonne (2019 - 2019) -> Montpellier Hérault Rugby (2019 - 2021) -> Section Paloise Béarn Pyrénées (2021 - 2026)
Hugo AURADOU,Hugo AURADOU,LO,ポー,200,105,2003.07.20,,,,CA Sarlat Périgord Noir (2010 - 2014) -> Stade Montois Rugby Pro (2014 - 2020) -> Section Paloise Béarn Pyrénées (2020 - 2026),A,0,https://all.rugby/player/hugo-auradou,,CA Sarlat Périgord Noir (2010 - 2014) -> Stade Montois Rugby Pro (2014 - 2020) -> Section Paloise Béarn Pyrénées (2020 - 2026),France,France,https://all.rugby/player/hugo-auradou,CA Sarlat Périgord Noir (2010 - 2014) -> Stade Montois Rugby Pro (2014 - 2020) -> Section Paloise Béarn Pyrénées (2020 - 2026)
Jimi MAXIMIN,Jimi MAXIMIN,LO,ポー,204,133,1999.04.03,,,,RC Bonneval (2009 - 2014) -> Pôle Espoirs de Tours (2014 - 2015) -> Montpellier Hérault Rugby (2015 - 2020) -> Section Paloise Béarn Pyrénées (2020 - 2021) -> Stado Tarbes Pyrénées Rugby (2021 - 2022) -> Section Paloise Béarn Pyrénées (2022 - 2022) -> Stado Tarbes Pyrénées Rugby (2022 - 2022) -> Rouen Normandie Rugby (2022 - 2022) -> Section Paloise Béarn Pyrénées (2023 - 2023) -> Stado Tarbes Pyrénées Rugby (2023 - 2023) -> Rouen Normandie Rugby (2023 - 2024) -> Section Paloise Béarn Pyrénées (2024 - 2026),A,0,https://all.rugby/player/jimi-maximin,,RC Bonneval (2009 - 2014) -> Pôle Espoirs de Tours (2014 - 2015) -> Montpellier Hérault Rugby (2015 - 2020) -> Section Paloise Béarn Pyrénées (2020 - 2021) -> Stado Tarbes Pyrénées Rugby (2021 - 2022) -> Section Paloise Béarn Pyrénées (2022 - 2022) -> Stado Tarbes Pyrénées Rugby (2022 - 2022) -> Rouen Normandie Rugby (2022 - 2022) -> Section Paloise Béarn Pyrénées (2023 - 2023) -> Stado Tarbes Pyrénées Rugby (2023 - 2023) -> Rouen Normandie Rugby (2023 - 2024) -> Section Paloise Béarn Pyrénées (2024 - 2026),France,France,https://all.rugby/player/jimi-maximin,RC Bonneval (2009 - 2014) -> Pôle Espoirs de Tours (2014 - 2015) -> Montpellier Hérault Rugby (2015 - 2020) -> Section Paloise Béarn Pyrénées (2020 - 2021) -> Stado Tarbes Pyrénées Rugby (2021 - 2022) -> Section Paloise Béarn Pyrénées (2022 - 2022) -> Stado Tarbes Pyrénées Rugby (2022 - 2022) -> Rouen Normandie Rugby (2022 - 2022) -> Section Paloise Béarn Pyrénées (2023 - 2023) -> Stado Tarbes Pyrénées Rugby (2023 - 2023) -> Rouen Normandie Rugby (2023 - 2024) -> Section Paloise Béarn Pyrénées (2024 - 2026)
Mickaël CAPELLI,Mickaël CAPELLI,LO,ポー,198,126,1997.03.18,,,,Voreppe RC (2004 - 2006) -> Rugby Club Chartreuse Néron (2006 - 2009) -> SO Voiron (2009 - 2012) -> FC Grenoble Rugby (2012 - 2020) -> Montpellier Hérault Rugby (2020 - 2022) -> Section Paloise Béarn Pyrénées (2022 - 2026),A,0,https://all.rugby/player/mickael-capelli,,Voreppe RC (2004 - 2006) -> Rugby Club Chartreuse Néron (2006 - 2009) -> SO Voiron (2009 - 2012) -> FC Grenoble Rugby (2012 - 2020) -> Montpellier Hérault Rugby (2020 - 2022) -> Section Paloise Béarn Pyrénées (2022 - 2026),,,https://all.rugby/player/mickael-capelli,Voreppe RC (2004 - 2006) -> Rugby Club Chartreuse Néron (2006 - 2009) -> SO Voiron (2009 - 2012) -> FC Grenoble Rugby (2012 - 2020) -> Montpellier Hérault Rugby (2020 - 2022) -> Section Paloise Béarn Pyrénées (2022 - 2026)
Rémi PICQUETTE,Rémi PICQUETTE,LO,ポー,200,117,1995.02.23,,,,Lille Métropole Rugby (2012 - 2014) -> Stade Rochelais (2014 - 2017) -> Rugby Club Vannes (2017 - 2021) -> Stade Rochelais (2021 - 2024) -> Section Paloise Béarn Pyrénées (2024 - 2026),A,0,https://all.rugby/player/remi-picquette,,Lille Métropole Rugby (2012 - 2014) -> Stade Rochelais (2014 - 2017) -> Rugby Club Vannes (2017 - 2021) -> Stade Rochelais (2021 - 2024) -> Section Paloise Béarn Pyrénées (2024 - 2026),,,https://all.rugby/player/remi-picquette,Lille Métropole Rugby (2012 - 2014) -> Stade Rochelais (2014 - 2017) -> Rugby Club Vannes (2017 - 2021) -> Stade Rochelais (2021 - 2024) -> Section Paloise Béarn Pyrénées (2024 - 2026)
Thomas JOLMÈS,Thomas JOLMÈS,LO,ポー,204,127,1995.10.08,,,,Seyssins (2005 - 2009) -> FC Grenoble Rugby (2009 - 2017) -> Stade Rochelais (2017 - 2020) -> Rugby Club Toulonnais (2020 - 2020) -> Union Bordeaux-Bègles (2020 - 2020) -> Rugby Club Toulonnais (2021 - 2021) -> Union Bordeaux-Bègles (2021 - 2024) -> Section Paloise Béarn Pyrénées (2024 - 2026),A,0,https://all.rugby/player/thomas-jolmes,,Seyssins (2005 - 2009) -> FC Grenoble Rugby (2009 - 2017) -> Stade Rochelais (2017 - 2020) -> Rugby Club Toulonnais (2020 - 2020) -> Union Bordeaux-Bègles (2020 - 2020) -> Rugby Club Toulonnais (2021 - 2021) -> Union Bordeaux-Bègles (2021 - 2024) -> Section Paloise Béarn Pyrénées (2024 - 2026),,,https://all.rugby/player/thomas-jolmes,Seyssins (2005 - 2009) -> FC Grenoble Rugby (2009 - 2017) -> Stade Rochelais (2017 - 2020) -> Rugby Club Toulonnais (2020 - 2020) -> Union Bordeaux-Bègles (2020 - 2020) -> Rugby Club Toulonnais (2021 - 2021) -> Union Bordeaux-Bègles (2021 - 2024) -> Section Paloise Béarn Pyrénées (2024 - 2026)
Beka GORGADZE,Beka GORGADZE,FL/NO8,ポー,189,110,1996.02.08,,,,Stade Montois Rugby Pro (2015 - 2018) -> Union Bordeaux-Bègles (2018 - 2021) -> Section Paloise Béarn Pyrénées (2021 - 2026),A,0,https://all.rugby/player/beka-gorgadze,,Stade Montois Rugby Pro (2015 - 2018) -> Union Bordeaux-Bègles (2018 - 2021) -> Section Paloise Béarn Pyrénées (2021 - 2026),Georgia,Georgia,https://all.rugby/player/beka-gorgadze,Stade Montois Rugby Pro (2015 - 2018) -> Union Bordeaux-Bègles (2018 - 2021) -> Section Paloise Béarn Pyrénées (2021 - 2026)
Carwyn TUIPULOTU,Carwyn TUIPULOTU,FL/NO8,ポー,188,125,2001.09.28,,,,Scarlets (2018 - 2024) -> Saracens (2024 - 2024) -> Scarlets (2024 - 2024) -> Section Paloise Béarn Pyrénées (2024 - 2024) -> Saracens (2025 - 2025) -> Scarlets (2025 - 2025) -> Section Paloise Béarn Pyrénées (2025 - 2026),A,0,https://all.rugby/player/carwyn-tuipulotu,,Scarlets (2018 - 2024) -> Saracens (2024 - 2024) -> Scarlets (2024 - 2024) -> Section Paloise Béarn Pyrénées (2024 - 2024) -> Saracens (2025 - 2025) -> Scarlets (2025 - 2025) -> Section Paloise Béarn Pyrénées (2025 - 2026),,,https://all.rugby/player/carwyn-tuipulotu,Scarlets (2018 - 2024) -> Saracens (2024 - 2024) -> Scarlets (2024 - 2024) -> Section Paloise Béarn Pyrénées (2024 - 2024) -> Saracens (2025 - 2025) -> Scarlets (2025 - 2025) -> Section Paloise Béarn Pyrénées (2025 - 2026)
Facundo ISA,Facundo ISA,FL/NO8,ポー,188,114,1993.09.21,,,,Rugby Club Toulonnais (2013 - 2014) -> Pampas XV (2014 - 2015) -> Jaguares (2015 - 2016) -> Lyon Olympique Universitaire Rugby (2016 - 2016) -> Jaguares (2017 - 2017) -> Lyon Olympique Universitaire Rugby (2017 - 2017) -> Rugby Club Toulonnais (2017 - 2025) -> Section Paloise Béarn Pyrénées (2025 - 2026),A,0,https://all.rugby/player/facundo-isa,,Rugby Club Toulonnais (2013 - 2014) -> Pampas XV (2014 - 2015) -> Jaguares (2015 - 2016) -> Lyon Olympique Universitaire Rugby (2016 - 2016) -> Jaguares (2017 - 2017) -> Lyon Olympique Universitaire Rugby (2017 - 2017) -> Rugby Club Toulonnais (2017 - 2025) -> Section Paloise Béarn Pyrénées (2025 - 2026),Argentina,Argentina,https://all.rugby/player/facundo-isa,Rugby Club Toulonnais (2013 - 2014) -> Pampas XV (2014 - 2015) -> Jaguares (2015 - 2016) -> Lyon Olympique Universitaire Rugby (2016 - 2016) -> Jaguares (2017 - 2017) -> Lyon Olympique Universitaire Rugby (2017 - 2017) -> Rugby Club Toulonnais (2017 - 2025) -> Section Paloise Béarn Pyrénées (2025 - 2026)
Loïc CRÉDOZ,Loïc CRÉDOZ,FL/NO8,ポー,188,107,1999.05.17,,,,RC du Canton de Montrevel-en-Bresse (2007 - 2015) -> Oyonnax Rugby (2015 - 2024) -> Section Paloise Béarn Pyrénées (2024 - 2026),A,0,https://all.rugby/player/loic-credoz,,RC du Canton de Montrevel-en-Bresse (2007 - 2015) -> Oyonnax Rugby (2015 - 2024) -> Section Paloise Béarn Pyrénées (2024 - 2026),,,https://all.rugby/player/loic-credoz,RC du Canton de Montrevel-en-Bresse (2007 - 2015) -> Oyonnax Rugby (2015 - 2024) -> Section Paloise Béarn Pyrénées (2024 - 2026)
Luke WHITELOCK,Luke WHITELOCK,FL/NO8,ポー,193,116,1991.01.29,,,,Crusaders (2013 - 2015) -> Highlanders (2015 - 2019) -> Section Paloise Béarn Pyrénées (2019 - 2026),A,0,https://all.rugby/player/luke-whitelock,,Crusaders (2013 - 2015) -> Highlanders (2015 - 2019) -> Section Paloise Béarn Pyrénées (2019 - 2026),New Zealand,New Zealand,https://all.rugby/player/luke-whitelock,Crusaders (2013 - 2015) -> Highlanders (2015 - 2019) -> Section Paloise Béarn Pyrénées (2019 - 2026)
Reece HEWAT,Reece HEWAT,FL/NO8,ポー,194,110,1997.09.25,,,,Queensland Reds (2016 - 2018) -> Stade Aurillacois Cantal Auvergne (2018 - 2021) -> Section Paloise Béarn Pyrénées (2021 - 2026),A,0,https://all.rugby/player/reece-hewat,,Queensland Reds (2016 - 2018) -> Stade Aurillacois Cantal Auvergne (2018 - 2021) -> Section Paloise Béarn Pyrénées (2021 - 2026),,,https://all.rugby/player/reece-hewat,Queensland Reds (2016 - 2018) -> Stade Aurillacois Cantal Auvergne (2018 - 2021) -> Section Paloise Béarn Pyrénées (2021 - 2026)
Sacha ZEGUEUR,Sacha ZEGUEUR,FL/NO8,ポー,192,108,1999.06.21,,,,Oyonnax Rugby (2010 - 2022) -> Section Paloise Béarn Pyrénées (2022 - 2026),A,0,https://all.rugby/player/sacha-zegueur,,Oyonnax Rugby (2010 - 2022) -> Section Paloise Béarn Pyrénées (2022 - 2026),,,https://all.rugby/player/sacha-zegueur,Oyonnax Rugby (2010 - 2022) -> Section Paloise Béarn Pyrénées (2022 - 2026)
Dan ROBSON,Dan ROBSON,SH,ポー,173,82,1992.03.14,,,,Gloucester Rugby (2013 - 2015) -> Wasps (2015 - 2022) -> Section Paloise Béarn Pyrénées (2022 - 2022) -> Wasps (2023 - 2023) -> Section Paloise Béarn Pyrénées (2023 - 2026),A,0,https://all.rugby/player/dan-robson,,Gloucester Rugby (2013 - 2015) -> Wasps (2015 - 2022) -> Section Paloise Béarn Pyrénées (2022 - 2022) -> Wasps (2023 - 2023) -> Section Paloise Béarn Pyrénées (2023 - 2026),England,England,https://all.rugby/player/dan-robson,Gloucester Rugby (2013 - 2015) -> Wasps (2015 - 2022) -> Section Paloise Béarn Pyrénées (2022 - 2022) -> Wasps (2023 - 2023) -> Section Paloise Béarn Pyrénées (2023 - 2026)
Thibault DAUBAGNA,Thibault DAUBAGNA,SH,ポー,177,83,1994.05.20,,,,Section Paloise Béarn Pyrénées (1999 - 2026),A,0,https://all.rugby/player/thibault-daubagna,,Section Paloise Béarn Pyrénées (1999 - 2026),France,France,https://all.rugby/player/thibault-daubagna,Section Paloise Béarn Pyrénées (1999 - 2026)
Thomas SOUVERBIE,Thomas SOUVERBIE,SH,ポー,175,80,//2004,,,,Avenir Bizanos (2009 - 2017) -> Section Paloise Béarn Pyrénées (2017 - 2026),A,0,https://all.rugby/player/thomas-souverbie,,Avenir Bizanos (2009 - 2017) -> Section Paloise Béarn Pyrénées (2017 - 2026),,,https://all.rugby/player/thomas-souverbie,Avenir Bizanos (2009 - 2017) -> Section Paloise Béarn Pyrénées (2017 - 2026)
Axel DESPÉRÈS,Axel DESPÉRÈS,SO,ポー,183,78,2004.01.16,,,,Nord Béarn XV (2009 - 2018) -> Section Paloise Béarn Pyrénées (2018 - 2026),A,0,https://all.rugby/player/axel-desperes,,Nord Béarn XV (2009 - 2018) -> Section Paloise Béarn Pyrénées (2018 - 2026),,,https://all.rugby/player/axel-desperes,Nord Béarn XV (2009 - 2018) -> Section Paloise Béarn Pyrénées (2018 - 2026)
Clément MONDINAT,Clément MONDINAT,SO,ポー,178,80,2003.10.29,,,,Union Sportive du Canton de Pouyastruc (2008 - 2017) -> Stado Tarbes Pyrénées Rugby (2017 - 2018) -> Section Paloise Béarn Pyrénées (2018 - 2026),A,0,https://all.rugby/player/clement-mondinat,,Union Sportive du Canton de Pouyastruc (2008 - 2017) -> Stado Tarbes Pyrénées Rugby (2017 - 2018) -> Section Paloise Béarn Pyrénées (2018 - 2026),,,https://all.rugby/player/clement-mondinat,Union Sportive du Canton de Pouyastruc (2008 - 2017) -> Stado Tarbes Pyrénées Rugby (2017 - 2018) -> Section Paloise Béarn Pyrénées (2018 - 2026)
Joe SIMMONDS,Joe SIMMONDS,SO,ポー,183,91,1996.12.19,,,,Exeter Chiefs (2016 - 2023) -> Section Paloise Béarn Pyrénées (2023 - 2026),A,0,https://all.rugby/player/joe-simmonds,,Exeter Chiefs (2016 - 2023) -> Section Paloise Béarn Pyrénées (2023 - 2026),,,https://all.rugby/player/joe-simmonds,Exeter Chiefs (2016 - 2023) -> Section Paloise Béarn Pyrénées (2023 - 2026)
Émilien GAILLETON,Émilien GAILLETON,CTB,ポー,185,89,2003.07.13,,,,Cahors (2008 - 2017) -> Sporting Union Agenais (2017 - 2022) -> Section Paloise Béarn Pyrénées (2022 - 2026),A,0,https://all.rugby/player/emilien-gailleton,,Cahors (2008 - 2017) -> Sporting Union Agenais (2017 - 2022) -> Section Paloise Béarn Pyrénées (2022 - 2026),France,France,https://all.rugby/player/emilien-gailleton,Cahors (2008 - 2017) -> Sporting Union Agenais (2017 - 2022) -> Section Paloise Béarn Pyrénées (2022 - 2026)
Fabien BRAU-BOIRIE,Fabien BRAU-BOIRIE,CTB,ポー,190,98,//2005,,,,Entente Sportive des Coteaux de l'Arrêt (2010 - 2018) -> Stado Tarbes Pyrénées Rugby (2018 - 2023) -> Section Paloise Béarn Pyrénées (2023 - 2026),A,0,https://all.rugby/player/fabien-brau-boirie,,Entente Sportive des Coteaux de l'Arrêt (2010 - 2018) -> Stado Tarbes Pyrénées Rugby (2018 - 2023) -> Section Paloise Béarn Pyrénées (2023 - 2026),France,France,https://all.rugby/player/fabien-brau-boirie,Entente Sportive des Coteaux de l'Arrêt (2010 - 2018) -> Stado Tarbes Pyrénées Rugby (2018 - 2023) -> Section Paloise Béarn Pyrénées (2023 - 2026)
Nathan DECRON,Nathan DECRON,CTB,ポー,184,96,1998.02.17,,,,Union Sportive Néracaise (2007 - 2013) -> Sporting Union Agenais (2013 - 2017) -> Union Bordeaux-Bègles (2017 - 2019) -> Sporting Union Agenais (2019 - 2021) -> Section Paloise Béarn Pyrénées (2021 - 2026),A,0,https://all.rugby/player/nathan-decron,,Union Sportive Néracaise (2007 - 2013) -> Sporting Union Agenais (2013 - 2017) -> Union Bordeaux-Bègles (2017 - 2019) -> Sporting Union Agenais (2019 - 2021) -> Section Paloise Béarn Pyrénées (2021 - 2026),,,https://all.rugby/player/nathan-decron,Union Sportive Néracaise (2007 - 2013) -> Sporting Union Agenais (2013 - 2017) -> Union Bordeaux-Bègles (2017 - 2019) -> Sporting Union Agenais (2019 - 2021) -> Section Paloise Béarn Pyrénées (2021 - 2026)
Olivier KLEMENCZAK,Olivier KLEMENCZAK,CTB,ポー,181,90,1996.06.01,,,,AS Soustons (2004 - 2011) -> US Dax Rugby Landes (2011 - 2018) -> Racing 92 (2018 - 2024) -> Section Paloise Béarn Pyrénées (2024 - 2026),A,0,https://all.rugby/player/olivier-klemenczak,,AS Soustons (2004 - 2011) -> US Dax Rugby Landes (2011 - 2018) -> Racing 92 (2018 - 2024) -> Section Paloise Béarn Pyrénées (2024 - 2026),,,https://all.rugby/player/olivier-klemenczak,AS Soustons (2004 - 2011) -> US Dax Rugby Landes (2011 - 2018) -> Racing 92 (2018 - 2024) -> Section Paloise Béarn Pyrénées (2024 - 2026)
Tumua MANU,Tumua MANU,CTB,ポー,183,97,1993.04.18,,,,Blues (2017 - 2018) -> Chiefs (2018 - 2019) -> Auckland (2019 - 2019) -> Chiefs (2020 - 2020) -> Auckland (2020 - 2020) -> Section Paloise Béarn Pyrénées (2020 - 2026),A,0,https://all.rugby/player/tumua-manu,,Blues (2017 - 2018) -> Chiefs (2018 - 2019) -> Auckland (2019 - 2019) -> Chiefs (2020 - 2020) -> Auckland (2020 - 2020) -> Section Paloise Béarn Pyrénées (2020 - 2026),Samoa,Samoa,https://all.rugby/player/tumua-manu,Blues (2017 - 2018) -> Chiefs (2018 - 2019) -> Auckland (2019 - 2019) -> Chiefs (2020 - 2020) -> Auckland (2020 - 2020) -> Section Paloise Béarn Pyrénées (2020 - 2026)
Aaron GRANDIDIER,Aaron GRANDIDIER,WTB,ポー,187,94,2000.05.18,,,,Old Elthamians RFC (2017 - 2019) -> CA Brive Corrèze Limousin (2019 - 2024) -> Section Paloise Béarn Pyrénées (2024 - 2026),A,0,https://all.rugby/player/aaron-grandidier,,Old Elthamians RFC (2017 - 2019) -> CA Brive Corrèze Limousin (2019 - 2024) -> Section Paloise Béarn Pyrénées (2024 - 2026),,,https://all.rugby/player/aaron-grandidier,Old Elthamians RFC (2017 - 2019) -> CA Brive Corrèze Limousin (2019 - 2024) -> Section Paloise Béarn Pyrénées (2024 - 2026)
Grégoire ARFEUIL,Grégoire ARFEUIL,WTB,ポー,194,89,//2004,,,,Aurore Rugby Club Vitré (2014 - 2015) -> US Lectoure (2015 - 2019) -> Sporting Union Agenais (2019 - 2020) -> US Lectoure (2020 - 2021) -> Section Paloise Béarn Pyrénées (2021 - 2026),A,0,https://all.rugby/player/gregoire-arfeuil,,Aurore Rugby Club Vitré (2014 - 2015) -> US Lectoure (2015 - 2019) -> Sporting Union Agenais (2019 - 2020) -> US Lectoure (2020 - 2021) -> Section Paloise Béarn Pyrénées (2021 - 2026),,,https://all.rugby/player/gregoire-arfeuil,Aurore Rugby Club Vitré (2014 - 2015) -> US Lectoure (2015 - 2019) -> Sporting Union Agenais (2019 - 2020) -> US Lectoure (2020 - 2021) -> Section Paloise Béarn Pyrénées (2021 - 2026)
Théo ATTISSOGBE,Théo ATTISSOGBE,WTB,ポー,182,84,//2004,,,,Peyrehorade Sport Rugby Pays d'Orthe (2011 - 2019) -> Stade Montois Rugby Pro (2019 - 2022) -> Section Paloise Béarn Pyrénées (2022 - 2026),A,0,https://all.rugby/player/theo-attissogbe,,Peyrehorade Sport Rugby Pays d'Orthe (2011 - 2019) -> Stade Montois Rugby Pro (2019 - 2022) -> Section Paloise Béarn Pyrénées (2022 - 2026),France,France,https://all.rugby/player/theo-attissogbe,Peyrehorade Sport Rugby Pays d'Orthe (2011 - 2019) -> Stade Montois Rugby Pro (2019 - 2022) -> Section Paloise Béarn Pyrénées (2022 - 2026)
Thomas CAROL,Thomas CAROL,WTB,ポー,179,85,2001.01.17,,,,AC Boulogne-Billancourt (2010 - 2012) -> Racing 92 (2012 - 2019) -> Stade Rochelais (2019 - 2021) -> Section Paloise Béarn Pyrénées (2021 - 2026),A,0,https://all.rugby/player/thomas-carol,,AC Boulogne-Billancourt (2010 - 2012) -> Racing 92 (2012 - 2019) -> Stade Rochelais (2019 - 2021) -> Section Paloise Béarn Pyrénées (2021 - 2026),,,https://all.rugby/player/thomas-carol,AC Boulogne-Billancourt (2010 - 2012) -> Racing 92 (2012 - 2019) -> Stade Rochelais (2019 - 2021) -> Section Paloise Béarn Pyrénées (2021 - 2026)
Aymeric LUC,Aymeric LUC,FB,ポー,180,81,1997.10.14,,,,Boucau Tarnos Stade (2004 - 2009) -> Aviron Bayonnais (2009 - 2021) -> Rugby Club Toulonnais (2021 - 2024) -> Section Paloise Béarn Pyrénées (2024 - 2026),A,0,https://all.rugby/player/aymeric-luc,,Boucau Tarnos Stade (2004 - 2009) -> Aviron Bayonnais (2009 - 2021) -> Rugby Club Toulonnais (2021 - 2024) -> Section Paloise Béarn Pyrénées (2024 - 2026),,,https://all.rugby/player/aymeric-luc,Boucau Tarnos Stade (2004 - 2009) -> Aviron Bayonnais (2009 - 2021) -> Rugby Club Toulonnais (2021 - 2024) -> Section Paloise Béarn Pyrénées (2024 - 2026)
Clément LAPORTE,Clément LAPORTE,FB,ポー,181,87,1998.01.07,,,,Parentis Sport Rugby (2006 - 2013) -> Union Bordeaux-Bègles (2013 - 2015) -> Sporting Union Agenais (2015 - 2019) -> Lyon Olympique Universitaire Rugby (2019 - 2022) -> Section Paloise Béarn Pyrénées (2022 - 2026),A,0,https://all.rugby/player/clement-laporte,,Parentis Sport Rugby (2006 - 2013) -> Union Bordeaux-Bègles (2013 - 2015) -> Sporting Union Agenais (2015 - 2019) -> Lyon Olympique Universitaire Rugby (2019 - 2022) -> Section Paloise Béarn Pyrénées (2022 - 2026),,,https://all.rugby/player/clement-laporte,Parentis Sport Rugby (2006 - 2013) -> Union Bordeaux-Bègles (2013 - 2015) -> Sporting Union Agenais (2015 - 2019) -> Lyon Olympique Universitaire Rugby (2019 - 2022) -> Section Paloise Béarn Pyrénées (2022 - 2026)
Jack MADDOCKS,Jack MADDOCKS,FB,ポー,194,96,1997.02.05,,,,Melbourne Rebels (2015 - 2019) -> New South Wales Waratahs (2019 - 2021) -> Section Paloise Béarn Pyrénées (2021 - 2026),A,0,https://all.rugby/player/jack-maddocks,,Melbourne Rebels (2015 - 2019) -> New South Wales Waratahs (2019 - 2021) -> Section Paloise Béarn Pyrénées (2021 - 2026),Australia,Australia,https://all.rugby/player/jack-maddocks,Melbourne Rebels (2015 - 2019) -> New South Wales Waratahs (2019 - 2021) -> Section Paloise Béarn Pyrénées (2021 - 2026)
Akato FAKATIKA,Akato FAKATIKA,PR,ペルピニャン,180,123,2001.01.31,,,,Racing Club Narbonnais (2017 - 2018) -> Union Sportive Arlequins Perpignanais (2018 - 2026),A,0,https://all.rugby/player/akato-fakatika,,Racing Club Narbonnais (2017 - 2018) -> Union Sportive Arlequins Perpignanais (2018 - 2026),,,https://all.rugby/player/akato-fakatika,Racing Club Narbonnais (2017 - 2018) -> Union Sportive Arlequins Perpignanais (2018 - 2026)
Bruce DEVAUX,Bruce DEVAUX,PR,ペルピニャン,183,108,1996.11.14,,,,Rugby Club Toulonnais (2005 - 2024) -> Union Sportive Arlequins Perpignanais (2024 - 2026),A,0,https://all.rugby/player/bruce-devaux,,Rugby Club Toulonnais (2005 - 2024) -> Union Sportive Arlequins Perpignanais (2024 - 2026),,,https://all.rugby/player/bruce-devaux,Rugby Club Toulonnais (2005 - 2024) -> Union Sportive Arlequins Perpignanais (2024 - 2026)
Giorgi BERIA,Giorgi BERIA,PR,ペルピニャン,175,108,1999.11.11,,,,Stade Aurillacois Cantal Auvergne (2010 - 2016) -> ASM Clermont Auvergne (2016 - 2024) -> Union Sportive Arlequins Perpignanais (2024 - 2026),A,0,https://all.rugby/player/giorgi-beria,,Stade Aurillacois Cantal Auvergne (2010 - 2016) -> ASM Clermont Auvergne (2016 - 2024) -> Union Sportive Arlequins Perpignanais (2024 - 2026),France,France,https://all.rugby/player/giorgi-beria,Stade Aurillacois Cantal Auvergne (2010 - 2016) -> ASM Clermont Auvergne (2016 - 2024) -> Union Sportive Arlequins Perpignanais (2024 - 2026)
Giorgi TETRASHVILI,Giorgi TETRASHVILI,PR,ペルピニャン,177,115,1993.08.31,,,,Sporting Club Albigeois (2012 - 2014) -> Sporting Union Agenais (2014 - 2021) -> Union Sportive Arlequins Perpignanais (2021 - 2026),A,0,https://all.rugby/player/giorgi-tetrashvili,,Sporting Club Albigeois (2012 - 2014) -> Sporting Union Agenais (2014 - 2021) -> Union Sportive Arlequins Perpignanais (2021 - 2026),Georgia,Georgia,https://all.rugby/player/giorgi-tetrashvili,Sporting Club Albigeois (2012 - 2014) -> Sporting Union Agenais (2014 - 2021) -> Union Sportive Arlequins Perpignanais (2021 - 2026)
Kieran BROOKES,Kieran BROOKES,PR,ペルピニャン,188,120,1990.08.29,,,,Newcastle (2013 - 2015) -> Northampton Saints (2015 - 2018) -> Wasps (2018 - 2021) -> Rugby Club Toulonnais (2021 - 2024) -> Union Sportive Arlequins Perpignanais (2024 - 2026),A,0,https://all.rugby/player/kieran-brookes,,Newcastle (2013 - 2015) -> Northampton Saints (2015 - 2018) -> Wasps (2018 - 2021) -> Rugby Club Toulonnais (2021 - 2024) -> Union Sportive Arlequins Perpignanais (2024 - 2026),England,England,https://all.rugby/player/kieran-brookes,Newcastle (2013 - 2015) -> Northampton Saints (2015 - 2018) -> Wasps (2018 - 2021) -> Rugby Club Toulonnais (2021 - 2024) -> Union Sportive Arlequins Perpignanais (2024 - 2026)
Nemo ROELOFSE,Nemo ROELOFSE,PR,ペルピニャン,182,120,1995.06.06,,,,Eagles SWD (2014 - 2016) -> Sporting Club Albigeois (2016 - 2016) -> Eagles SWD (2017 - 2017) -> Sporting Club Albigeois (2017 - 2017) -> USON Nevers Rugby (2017 - 2021) -> Stade Français Paris Rugby (2021 - 2023) -> Union Sportive Arlequins Perpignanais (2023 - 2026),A,0,https://all.rugby/player/nemo-roelofse,,Eagles SWD (2014 - 2016) -> Sporting Club Albigeois (2016 - 2016) -> Eagles SWD (2017 - 2017) -> Sporting Club Albigeois (2017 - 2017) -> USON Nevers Rugby (2017 - 2021) -> Stade Français Paris Rugby (2021 - 2023) -> Union Sportive Arlequins Perpignanais (2023 - 2026),,,https://all.rugby/player/nemo-roelofse,Eagles SWD (2014 - 2016) -> Sporting Club Albigeois (2016 - 2016) -> Eagles SWD (2017 - 2017) -> Sporting Club Albigeois (2017 - 2017) -> USON Nevers Rugby (2017 - 2021) -> Stade Français Paris Rugby (2021 - 2023) -> Union Sportive Arlequins Perpignanais (2023 - 2026)
Pietro CECCARELLI,Pietro CECCARELLI,PR,ペルピニャン,184,128,1992.02.16,,,,Lazio (2011 - 2012) -> Stade Rochelais (2012 - 2014) -> AS Mâcon Rugby (2014 - 2015) -> Zebre Parma (2015 - 2017) -> Oyonnax Rugby (2017 - 2018) -> Edimbourg Rugby (2018 - 2020) -> CA Brive Corrèze Limousin (2020 - 2023) -> Union Sportive Arlequins Perpignanais (2023 - 2026),A,0,https://all.rugby/player/pietro-ceccarelli,,Lazio (2011 - 2012) -> Stade Rochelais (2012 - 2014) -> AS Mâcon Rugby (2014 - 2015) -> Zebre Parma (2015 - 2017) -> Oyonnax Rugby (2017 - 2018) -> Edimbourg Rugby (2018 - 2020) -> CA Brive Corrèze Limousin (2020 - 2023) -> Union Sportive Arlequins Perpignanais (2023 - 2026),Italy,Italy,https://all.rugby/player/pietro-ceccarelli,Lazio (2011 - 2012) -> Stade Rochelais (2012 - 2014) -> AS Mâcon Rugby (2014 - 2015) -> Zebre Parma (2015 - 2017) -> Oyonnax Rugby (2017 - 2018) -> Edimbourg Rugby (2018 - 2020) -> CA Brive Corrèze Limousin (2020 - 2023) -> Union Sportive Arlequins Perpignanais (2023 - 2026)
Ignacio RUIZ,Ignacio RUIZ,HO,ペルピニャン,185,109,2001.01.03,,,,Jaguares XV (2020 - 2021) -> Club Regatas de Bella Vista (2021 - 2021) -> Jaguares XV (2022 - 2022) -> Club Regatas de Bella Vista (2022 - 2022) -> London Irish (2022 - 2023) -> Union Sportive Arlequins Perpignanais (2023 - 2026),A,0,https://all.rugby/player/ignacio-ruiz,,Jaguares XV (2020 - 2021) -> Club Regatas de Bella Vista (2021 - 2021) -> Jaguares XV (2022 - 2022) -> Club Regatas de Bella Vista (2022 - 2022) -> London Irish (2022 - 2023) -> Union Sportive Arlequins Perpignanais (2023 - 2026),,,https://all.rugby/player/ignacio-ruiz,Jaguares XV (2020 - 2021) -> Club Regatas de Bella Vista (2021 - 2021) -> Jaguares XV (2022 - 2022) -> Club Regatas de Bella Vista (2022 - 2022) -> London Irish (2022 - 2023) -> Union Sportive Arlequins Perpignanais (2023 - 2026)
Mathys LOTRIAN,Mathys LOTRIAN,HO,ペルピニャン,177,110,2004.02.18,,,,Union Sportive Arlequins Perpignanais (2009 - 2026),A,0,https://all.rugby/player/mathys-lotrian,,Union Sportive Arlequins Perpignanais (2009 - 2026),,,https://all.rugby/player/mathys-lotrian,Union Sportive Arlequins Perpignanais (2009 - 2026)
Sama MALOLO,Sama MALOLO,HO,ペルピニャン,183,109,1998.02.19,,,,Melbourne Rebels (2017 - 2018) -> Southern Districts (2018 - 2019) -> Utah Warriors (2019 - 2019) -> Southern Districts (2019 - 2019) -> Utah Warriors (2020 - 2020) -> Southern Districts (2020 - 2020) -> Utah Warriors (2020 - 2021) -> Southern Districts (2021 - 2022) -> San Diego Legion (2022 - 2023) -> Moana Pasifika (2023 - 2023) -> Auckland (2023 - 2023) -> Moana Pasifika (2024 - 2024) -> Auckland (2024 - 2024) -> Moana Pasifika (2024 - 2025) -> Union Sportive Arlequins Perpignanais (2025 - 2026),A,0,https://all.rugby/player/sama-malolo,,Melbourne Rebels (2017 - 2018) -> Southern Districts (2018 - 2019) -> Utah Warriors (2019 - 2019) -> Southern Districts (2019 - 2019) -> Utah Warriors (2020 - 2020) -> Southern Districts (2020 - 2020) -> Utah Warriors (2020 - 2021) -> Southern Districts (2021 - 2022) -> San Diego Legion (2022 - 2023) -> Moana Pasifika (2023 - 2023) -> Auckland (2023 - 2023) -> Moana Pasifika (2024 - 2024) -> Auckland (2024 - 2024) -> Moana Pasifika (2024 - 2025) -> Union Sportive Arlequins Perpignanais (2025 - 2026),New Zealand,New Zealand,https://all.rugby/player/sama-malolo,Melbourne Rebels (2017 - 2018) -> Southern Districts (2018 - 2019) -> Utah Warriors (2019 - 2019) -> Southern Districts (2019 - 2019) -> Utah Warriors (2020 - 2020) -> Southern Districts (2020 - 2020) -> Utah Warriors (2020 - 2021) -> Southern Districts (2021 - 2022) -> San Diego Legion (2022 - 2023) -> Moana Pasifika (2023 - 2023) -> Auckland (2023 - 2023) -> Moana Pasifika (2024 - 2024) -> Auckland (2024 - 2024) -> Moana Pasifika (2024 - 2025) -> Union Sportive Arlequins Perpignanais (2025 - 2026)
Victor MONTGAILLARD,Victor MONTGAILLARD,HO,ペルピニャン,181,108,2002.07.16,,,,Union Sportive Arlequins Perpignanais (2015 - 2026),A,0,https://all.rugby/player/victor-montgaillard,,Union Sportive Arlequins Perpignanais (2015 - 2026),,,https://all.rugby/player/victor-montgaillard,Union Sportive Arlequins Perpignanais (2015 - 2026)
Adrien WARION,Adrien WARION,LO,ペルピニャン,202,115,2001.01.07,,,,RC Bourguésan (2006 - 2007) -> RC Tricastin (2007 - 2012) -> Provence Rugby (2012 - 2020) -> Rugby Club Toulonnais (2020 - 2020) -> Provence Rugby (2021 - 2021) -> Rugby Club Toulonnais (2021 - 2024) -> Union Sportive Arlequins Perpignanais (2024 - 2026),A,0,https://all.rugby/player/adrien-warion,,RC Bourguésan (2006 - 2007) -> RC Tricastin (2007 - 2012) -> Provence Rugby (2012 - 2020) -> Rugby Club Toulonnais (2020 - 2020) -> Provence Rugby (2021 - 2021) -> Rugby Club Toulonnais (2021 - 2024) -> Union Sportive Arlequins Perpignanais (2024 - 2026),,,https://all.rugby/player/adrien-warion,RC Bourguésan (2006 - 2007) -> RC Tricastin (2007 - 2012) -> Provence Rugby (2012 - 2020) -> Rugby Club Toulonnais (2020 - 2020) -> Provence Rugby (2021 - 2021) -> Rugby Club Toulonnais (2021 - 2024) -> Union Sportive Arlequins Perpignanais (2024 - 2026)
Bastien CHINARRO,Bastien CHINARRO,LO,ペルピニャン,196,95,2004.01.23,,,,Union Athlétique Gaillacoise (2008 - 2009) -> Entente de la Têt (2014 - 2015) -> Union Sportive Arlequins Perpignanais (2019 - 2026),A,0,https://all.rugby/player/bastien-chinarro,,Union Athlétique Gaillacoise (2008 - 2009) -> Entente de la Têt (2014 - 2015) -> Union Sportive Arlequins Perpignanais (2019 - 2026),,,https://all.rugby/player/bastien-chinarro,Union Athlétique Gaillacoise (2008 - 2009) -> Entente de la Têt (2014 - 2015) -> Union Sportive Arlequins Perpignanais (2019 - 2026)
Mathieu TANGUY,Mathieu TANGUY,LO,ペルピニャン,195,117,1996.06.05,,,,Stade Rochelais (2012 - 2022) -> Rugby Club Toulonnais (2022 - 2023) -> Union Sportive Arlequins Perpignanais (2023 - 2023) -> Rugby Club Toulonnais (2024 - 2024) -> Union Sportive Arlequins Perpignanais (2024 - 2026),A,0,https://all.rugby/player/mathieu-tanguy,,Stade Rochelais (2012 - 2022) -> Rugby Club Toulonnais (2022 - 2023) -> Union Sportive Arlequins Perpignanais (2023 - 2023) -> Rugby Club Toulonnais (2024 - 2024) -> Union Sportive Arlequins Perpignanais (2024 - 2026),,,https://all.rugby/player/mathieu-tanguy,Stade Rochelais (2012 - 2022) -> Rugby Club Toulonnais (2022 - 2023) -> Union Sportive Arlequins Perpignanais (2023 - 2023) -> Rugby Club Toulonnais (2024 - 2024) -> Union Sportive Arlequins Perpignanais (2024 - 2026)
Posolo TUILAGI,Posolo TUILAGI,LO,ペルピニャン,194,149,//2004,,,,Union Sportive Arlequins Perpignanais (2010 - 2026),A,0,https://all.rugby/player/posolo-tuilagi,,Union Sportive Arlequins Perpignanais (2010 - 2026),Samoa,Samoa,https://all.rugby/player/posolo-tuilagi,Union Sportive Arlequins Perpignanais (2010 - 2026)
Andro DVALI,Andro DVALI,FL/NO8,ペルピニャン,189,95,//2005,,,,Lelo Saracens Tbilissi (2023 - 2024) -> Union Sportive Arlequins Perpignanais (2024 - 2026),A,0,https://all.rugby/player/andro-dvali,,Lelo Saracens Tbilissi (2023 - 2024) -> Union Sportive Arlequins Perpignanais (2024 - 2026),,,https://all.rugby/player/andro-dvali,Lelo Saracens Tbilissi (2023 - 2024) -> Union Sportive Arlequins Perpignanais (2024 - 2026)
Jaco VAN TONDER,Jaco VAN TONDER,FL/NO8,ペルピニャン,197,118,1998.03.08,,,,ASM Clermont Auvergne (2016 - 2023) -> Union Sportive Arlequins Perpignanais (2023 - 2026),A,0,https://all.rugby/player/jaco-van-tonder,,ASM Clermont Auvergne (2016 - 2023) -> Union Sportive Arlequins Perpignanais (2023 - 2026),South Africa,South Africa,https://all.rugby/player/jaco-van-tonder,ASM Clermont Auvergne (2016 - 2023) -> Union Sportive Arlequins Perpignanais (2023 - 2026)
Jamie RITCHIE,Jamie RITCHIE,FL/NO8,ペルピニャン,190,110,1996.08.16,,,,Edimbourg Rugby (2014 - 2025) -> Union Sportive Arlequins Perpignanais (2025 - 2026),A,0,https://all.rugby/player/jamie-ritchie,,Edimbourg Rugby (2014 - 2025) -> Union Sportive Arlequins Perpignanais (2025 - 2026),Scotland,Scotland,https://all.rugby/player/jamie-ritchie,Edimbourg Rugby (2014 - 2025) -> Union Sportive Arlequins Perpignanais (2025 - 2026)
Joaquín OVIEDO,Joaquín OVIEDO,FL/NO8,ペルピニャン,191,113,2001.07.17,,,,Jaguares XV (2020 - 2021) -> Union Sportive Arlequins Perpignanais (2021 - 2026),A,0,https://all.rugby/player/joaquin-oviedo,,Jaguares XV (2020 - 2021) -> Union Sportive Arlequins Perpignanais (2021 - 2026),Argentina,Argentina,https://all.rugby/player/joaquin-oviedo,Jaguares XV (2020 - 2021) -> Union Sportive Arlequins Perpignanais (2021 - 2026)
Lucas VELARTE,Lucas VELARTE,FL/NO8,ペルピニャン,185,108,1998.10.24,,,,Union Sportive Arlequins Perpignanais (2004 - 2026),A,0,https://all.rugby/player/lucas-velarte,,Union Sportive Arlequins Perpignanais (2004 - 2026),,,https://all.rugby/player/lucas-velarte,Union Sportive Arlequins Perpignanais (2004 - 2026)
Mahamadou DIABY,Mahamadou DIABY,FL/NO8,ペルピニャン,192,110,1990.08.15,,,,Stade Français Paris Rugby (2010 - 2012) -> Racing 92 (2012 - 2013) -> Oyonnax Rugby (2013 - 2014) -> FC Grenoble Rugby (2014 - 2017) -> Union Bordeaux-Bègles (2017 - 2025) -> Union Sportive Arlequins Perpignanais (2025 - 2026),A,0,https://all.rugby/player/mahamadou-diaby,,Stade Français Paris Rugby (2010 - 2012) -> Racing 92 (2012 - 2013) -> Oyonnax Rugby (2013 - 2014) -> FC Grenoble Rugby (2014 - 2017) -> Union Bordeaux-Bègles (2017 - 2025) -> Union Sportive Arlequins Perpignanais (2025 - 2026),,,https://all.rugby/player/mahamadou-diaby,Stade Français Paris Rugby (2010 - 2012) -> Racing 92 (2012 - 2013) -> Oyonnax Rugby (2013 - 2014) -> FC Grenoble Rugby (2014 - 2017) -> Union Bordeaux-Bègles (2017 - 2025) -> Union Sportive Arlequins Perpignanais (2025 - 2026)
Mattéo LE CORVEC,Mattéo LE CORVEC,FL/NO8,ペルピニャン,192,113,2001.01.04,,,,Rugby Club Toulonnais (2015 - 2025) -> Union Sportive Arlequins Perpignanais (2025 - 2026),A,0,https://all.rugby/player/matteo-le-corvec,,Rugby Club Toulonnais (2015 - 2025) -> Union Sportive Arlequins Perpignanais (2025 - 2026),,,https://all.rugby/player/matteo-le-corvec,Rugby Club Toulonnais (2015 - 2025) -> Union Sportive Arlequins Perpignanais (2025 - 2026)
Max HICKS,Max HICKS,FL/NO8,ペルピニャン,199,112,1999.09.15,,,,Tasman Mako (2020 - 2021) -> Highlanders (2021 - 2021) -> Tasman Mako (2021 - 2021) -> Highlanders (2022 - 2022) -> Tasman Mako (2022 - 2022) -> Highlanders (2022 - 2022) -> Tasman Mako (2022 - 2022) -> Highlanders (2023 - 2023) -> Tasman Mako (2023 - 2023) -> Highlanders (2023 - 2023) -> Tasman Mako (2023 - 2023) -> Highlanders (2024 - 2024) -> Tasman Mako (2024 - 2024) -> Union Sportive Arlequins Perpignanais (2024 - 2026),A,0,https://all.rugby/player/max-hicks,,Tasman Mako (2020 - 2021) -> Highlanders (2021 - 2021) -> Tasman Mako (2021 - 2021) -> Highlanders (2022 - 2022) -> Tasman Mako (2022 - 2022) -> Highlanders (2022 - 2022) -> Tasman Mako (2022 - 2022) -> Highlanders (2023 - 2023) -> Tasman Mako (2023 - 2023) -> Highlanders (2023 - 2023) -> Tasman Mako (2023 - 2023) -> Highlanders (2024 - 2024) -> Tasman Mako (2024 - 2024) -> Union Sportive Arlequins Perpignanais (2024 - 2026),,,https://all.rugby/player/max-hicks,Tasman Mako (2020 - 2021) -> Highlanders (2021 - 2021) -> Tasman Mako (2021 - 2021) -> Highlanders (2022 - 2022) -> Tasman Mako (2022 - 2022) -> Highlanders (2022 - 2022) -> Tasman Mako (2022 - 2022) -> Highlanders (2023 - 2023) -> Tasman Mako (2023 - 2023) -> Highlanders (2023 - 2023) -> Tasman Mako (2023 - 2023) -> Highlanders (2024 - 2024) -> Tasman Mako (2024 - 2024) -> Union Sportive Arlequins Perpignanais (2024 - 2026)
Noé DELLA SCHIAVA,Noé DELLA SCHIAVA,FL/NO8,ペルピニャン,193,95,2002.02.28,,,,Rugby Club Nîmois (2009 - 2019) -> Stade Rochelais (2019 - 2024) -> Union Sportive Arlequins Perpignanais (2024 - 2026),A,0,https://all.rugby/player/noe-della-schiava,,Rugby Club Nîmois (2009 - 2019) -> Stade Rochelais (2019 - 2024) -> Union Sportive Arlequins Perpignanais (2024 - 2026),,,https://all.rugby/player/noe-della-schiava,Rugby Club Nîmois (2009 - 2019) -> Stade Rochelais (2019 - 2024) -> Union Sportive Arlequins Perpignanais (2024 - 2026)
Patrick SOBÉLA,Patrick SOBÉLA,FL/NO8,ペルピニャン,188,105,1992.08.12,,,,Oyonnax Rugby (2011 - 2018) -> Lyon Olympique Universitaire Rugby (2018 - 2023) -> Union Sportive Arlequins Perpignanais (2023 - 2026),A,0,https://all.rugby/player/patrick-sobela,,Oyonnax Rugby (2011 - 2018) -> Lyon Olympique Universitaire Rugby (2018 - 2023) -> Union Sportive Arlequins Perpignanais (2023 - 2026),,,https://all.rugby/player/patrick-sobela,Oyonnax Rugby (2011 - 2018) -> Lyon Olympique Universitaire Rugby (2018 - 2023) -> Union Sportive Arlequins Perpignanais (2023 - 2026)
Peceli YATO,Peceli YATO,FL/NO8,ペルピニャン,196,120,1993.01.17,,,,ASM Clermont Auvergne (2012 - 2025) -> Union Sportive Arlequins Perpignanais (2025 - 2026),A,0,https://all.rugby/player/peceli-yato,,ASM Clermont Auvergne (2012 - 2025) -> Union Sportive Arlequins Perpignanais (2025 - 2026),Fiji,Fiji,https://all.rugby/player/peceli-yato,ASM Clermont Auvergne (2012 - 2025) -> Union Sportive Arlequins Perpignanais (2025 - 2026)
Gela APRASIDZE,Gela APRASIDZE,SH,ペルピニャン,175,76,1998.01.14,,,,Lelo Saracens Tbilissi (2016 - 2017) -> Montpellier Hérault Rugby (2017 - 2023) -> Aviron Bayonnais (2023 - 2024) -> Union Sportive Arlequins Perpignanais (2024 - 2026),A,0,https://all.rugby/player/gela-aprasidze,,Lelo Saracens Tbilissi (2016 - 2017) -> Montpellier Hérault Rugby (2017 - 2023) -> Aviron Bayonnais (2023 - 2024) -> Union Sportive Arlequins Perpignanais (2024 - 2026),Georgia,Georgia,https://all.rugby/player/gela-aprasidze,Lelo Saracens Tbilissi (2016 - 2017) -> Montpellier Hérault Rugby (2017 - 2023) -> Aviron Bayonnais (2023 - 2024) -> Union Sportive Arlequins Perpignanais (2024 - 2026)
James HALL,James HALL,SH,ペルピニャン,173,88,1996.01.02,,,,Southern Kings (2015 - 2016) -> Oyonnax Rugby (2016 - 2019) -> Stade Français Paris Rugby (2019 - 2023) -> Racing 92 (2023 - 2024) -> Union Sportive Arlequins Perpignanais (2024 - 2026),A,0,https://all.rugby/player/james-hall-1996,,Southern Kings (2015 - 2016) -> Oyonnax Rugby (2016 - 2019) -> Stade Français Paris Rugby (2019 - 2023) -> Racing 92 (2023 - 2024) -> Union Sportive Arlequins Perpignanais (2024 - 2026),,,https://all.rugby/player/james-hall-1996,Southern Kings (2015 - 2016) -> Oyonnax Rugby (2016 - 2019) -> Stade Français Paris Rugby (2019 - 2023) -> Racing 92 (2023 - 2024) -> Union Sportive Arlequins Perpignanais (2024 - 2026)
Tom ECOCHARD,Tom ECOCHARD,SH,ペルピニャン,173,85,1992.12.14,,,,Racing Club Narbonnais (2008 - 2009) -> Union Sportive Arlequins Perpignanais (2009 - 2026),A,0,https://all.rugby/player/tom-ecochard,,Racing Club Narbonnais (2008 - 2009) -> Union Sportive Arlequins Perpignanais (2009 - 2026),,,https://all.rugby/player/tom-ecochard,Racing Club Narbonnais (2008 - 2009) -> Union Sportive Arlequins Perpignanais (2009 - 2026)
Antoine AUCAGNE,Antoine AUCAGNE,SO,ペルピニャン,184,80,2000.04.11,,,,RC Vichy (2013 - 2016) -> Stade Aurillacois Cantal Auvergne (2016 - 2018) -> RC Vichy (2018 - 2019) -> Stade Aurillacois Cantal Auvergne (2019 - 2024) -> Union Sportive Arlequins Perpignanais (2024 - 2026),A,0,https://all.rugby/player/antoine-aucagne,,RC Vichy (2013 - 2016) -> Stade Aurillacois Cantal Auvergne (2016 - 2018) -> RC Vichy (2018 - 2019) -> Stade Aurillacois Cantal Auvergne (2019 - 2024) -> Union Sportive Arlequins Perpignanais (2024 - 2026),,,https://all.rugby/player/antoine-aucagne,RC Vichy (2013 - 2016) -> Stade Aurillacois Cantal Auvergne (2016 - 2018) -> RC Vichy (2018 - 2019) -> Stade Aurillacois Cantal Auvergne (2019 - 2024) -> Union Sportive Arlequins Perpignanais (2024 - 2026)
Benjamin URDAPILLETA,Benjamin URDAPILLETA,SO,ペルピニャン,178,86,1986.03.11,,,,Harlequins (2010 - 2012) -> Oyonnax Rugby (2012 - 2015) -> Castres Olympique (2015 - 2023) -> ASM Clermont Auvergne (2023 - 2024) -> Club Universitario de Buenos Aires (2024 - 2024) -> ASM Clermont Auvergne (2025 - 2025) -> Club Universitario de Buenos Aires (2025 - 2025) -> Union Sportive Arlequins Perpignanais (2025 - 2026),A,0,https://all.rugby/player/benjamin-urdapilleta,,Harlequins (2010 - 2012) -> Oyonnax Rugby (2012 - 2015) -> Castres Olympique (2015 - 2023) -> ASM Clermont Auvergne (2023 - 2024) -> Club Universitario de Buenos Aires (2024 - 2024) -> ASM Clermont Auvergne (2025 - 2025) -> Club Universitario de Buenos Aires (2025 - 2025) -> Union Sportive Arlequins Perpignanais (2025 - 2026),Argentina,Argentina,https://all.rugby/player/benjamin-urdapilleta,Harlequins (2010 - 2012) -> Oyonnax Rugby (2012 - 2015) -> Castres Olympique (2015 - 2023) -> ASM Clermont Auvergne (2023 - 2024) -> Club Universitario de Buenos Aires (2024 - 2024) -> ASM Clermont Auvergne (2025 - 2025) -> Club Universitario de Buenos Aires (2025 - 2025) -> Union Sportive Arlequins Perpignanais (2025 - 2026)
Gabin KRETCHMANN,Gabin KRETCHMANN,SO,ペルピニャン,183,87,//2006,,,,JSI Elne (2011 - 2019) -> Union Sportive Arlequins Perpignanais (2019 - 2026),A,0,https://all.rugby/player/gabin-kretchmann,,JSI Elne (2011 - 2019) -> Union Sportive Arlequins Perpignanais (2019 - 2026),,,https://all.rugby/player/gabin-kretchmann,JSI Elne (2011 - 2019) -> Union Sportive Arlequins Perpignanais (2019 - 2026)
Hugo REUS,Hugo REUS,SO,ペルピニャン,184,85,2004.02.21,,,,Club Athlétique Ribéracois (2009 - 2013) -> CA Périgueux Dordogne (2013 - 2018) -> Union Bordeaux-Bègles (2018 - 2022) -> Stade Rochelais (2022 - 2024) -> Montpellier Hérault Rugby (2024 - 2024) -> Stade Rochelais (2025 - 2025) -> Montpellier Hérault Rugby (2025 - 2025) -> Union Sportive Arlequins Perpignanais (2025 - 2025) -> Montpellier Hérault Rugby (2026 - 2026) -> Union Sportive Arlequins Perpignanais (2026 - 2026),A,0,https://all.rugby/player/hugo-reus,,Club Athlétique Ribéracois (2009 - 2013) -> CA Périgueux Dordogne (2013 - 2018) -> Union Bordeaux-Bègles (2018 - 2022) -> Stade Rochelais (2022 - 2024) -> Montpellier Hérault Rugby (2024 - 2024) -> Stade Rochelais (2025 - 2025) -> Montpellier Hérault Rugby (2025 - 2025) -> Union Sportive Arlequins Perpignanais (2025 - 2025) -> Montpellier Hérault Rugby (2026 - 2026) -> Union Sportive Arlequins Perpignanais (2026 - 2026),,,https://all.rugby/player/hugo-reus,Club Athlétique Ribéracois (2009 - 2013) -> CA Périgueux Dordogne (2013 - 2018) -> Union Bordeaux-Bègles (2018 - 2022) -> Stade Rochelais (2022 - 2024) -> Montpellier Hérault Rugby (2024 - 2024) -> Stade Rochelais (2025 - 2025) -> Montpellier Hérault Rugby (2025 - 2025) -> Union Sportive Arlequins Perpignanais (2025 - 2025) -> Montpellier Hérault Rugby (2026 - 2026) -> Union Sportive Arlequins Perpignanais (2026 - 2026)
Jake MCINTYRE,Jake MCINTYRE,SO,ペルピニャン,177,88,1994.04.28,,,,Queensland Reds (2014 - 2017) -> Sporting Union Agenais (2017 - 2019) -> ASM Clermont Auvergne (2019 - 2020) -> Western Force (2020 - 2020) -> ASM Clermont Auvergne (2021 - 2021) -> Western Force (2021 - 2022) -> Union Sportive Arlequins Perpignanais (2022 - 2026),A,0,https://all.rugby/player/jake-mcintyre,,Queensland Reds (2014 - 2017) -> Sporting Union Agenais (2017 - 2019) -> ASM Clermont Auvergne (2019 - 2020) -> Western Force (2020 - 2020) -> ASM Clermont Auvergne (2021 - 2021) -> Western Force (2021 - 2022) -> Union Sportive Arlequins Perpignanais (2022 - 2026),,,https://all.rugby/player/jake-mcintyre,Queensland Reds (2014 - 2017) -> Sporting Union Agenais (2017 - 2019) -> ASM Clermont Auvergne (2019 - 2020) -> Western Force (2020 - 2020) -> ASM Clermont Auvergne (2021 - 2021) -> Western Force (2021 - 2022) -> Union Sportive Arlequins Perpignanais (2022 - 2026)
Tommaso ALLAN,Tommaso ALLAN,SO,ペルピニャン,184,93,1993.04.26,,,,Union Sportive Arlequins Perpignanais (2013 - 2016) -> Benetton Rugby Trévise (2016 - 2021) -> Harlequins (2021 - 2023) -> Union Sportive Arlequins Perpignanais (2023 - 2026),A,0,https://all.rugby/player/tommy-allan,,Union Sportive Arlequins Perpignanais (2013 - 2016) -> Benetton Rugby Trévise (2016 - 2021) -> Harlequins (2021 - 2023) -> Union Sportive Arlequins Perpignanais (2023 - 2026),Italy,Italy,https://all.rugby/player/tommy-allan,Union Sportive Arlequins Perpignanais (2013 - 2016) -> Benetton Rugby Trévise (2016 - 2021) -> Harlequins (2021 - 2023) -> Union Sportive Arlequins Perpignanais (2023 - 2026)
Tristan TEDDER,Tristan TEDDER,SO,ペルピニャン,180,88,1996.04.17,,,,Sharks (2015 - 2016) -> Stade Toulousain (2016 - 2018) -> Aviron Bayonnais (2018 - 2019) -> Stade Toulousain (2019 - 2020) -> Association Sportive Béziers Hérault (2020 - 2020) -> Stade Toulousain (2021 - 2021) -> Association Sportive Béziers Hérault (2021 - 2021) -> Union Sportive Arlequins Perpignanais (2021 - 2023) -> Racing 92 (2023 - 2025) -> Union Sportive Arlequins Perpignanais (2025 - 2026),A,0,https://all.rugby/player/tristan-tedder,,Sharks (2015 - 2016) -> Stade Toulousain (2016 - 2018) -> Aviron Bayonnais (2018 - 2019) -> Stade Toulousain (2019 - 2020) -> Association Sportive Béziers Hérault (2020 - 2020) -> Stade Toulousain (2021 - 2021) -> Association Sportive Béziers Hérault (2021 - 2021) -> Union Sportive Arlequins Perpignanais (2021 - 2023) -> Racing 92 (2023 - 2025) -> Union Sportive Arlequins Perpignanais (2025 - 2026),,,https://all.rugby/player/tristan-tedder,Sharks (2015 - 2016) -> Stade Toulousain (2016 - 2018) -> Aviron Bayonnais (2018 - 2019) -> Stade Toulousain (2019 - 2020) -> Association Sportive Béziers Hérault (2020 - 2020) -> Stade Toulousain (2021 - 2021) -> Association Sportive Béziers Hérault (2021 - 2021) -> Union Sportive Arlequins Perpignanais (2021 - 2023) -> Racing 92 (2023 - 2025) -> Union Sportive Arlequins Perpignanais (2025 - 2026)
Alivereti DUGUIVALU,Alivereti DUGUIVALU,CTB,ペルピニャン,180,85,1997.07.21,,,,Union Sportive Arlequins Perpignanais (2017 - 2026),A,0,https://all.rugby/player/alifereti-duguivalu,,Union Sportive Arlequins Perpignanais (2017 - 2026),,,https://all.rugby/player/alifereti-duguivalu,Union Sportive Arlequins Perpignanais (2017 - 2026)
Duncan PAIA'AUA,Duncan PAIA'AUA,CTB,ペルピニャン,183,92,1995.01.20,,,,Queensland Reds (2014 - 2019) -> Rugby Club Toulonnais (2019 - 2025) -> Union Sportive Arlequins Perpignanais (2025 - 2026),A,0,https://all.rugby/player/duncan-paia-aua,,Queensland Reds (2014 - 2019) -> Rugby Club Toulonnais (2019 - 2025) -> Union Sportive Arlequins Perpignanais (2025 - 2026),New Zealand,New Zealand,https://all.rugby/player/duncan-paia-aua,Queensland Reds (2014 - 2019) -> Rugby Club Toulonnais (2019 - 2025) -> Union Sportive Arlequins Perpignanais (2025 - 2026)
Jerónimo DE LA FUENTE,Jerónimo DE LA FUENTE,CTB,ペルピニャン,184,96,1991.02.24,,,,Jaguares (2015 - 2020) -> Union Sportive Arlequins Perpignanais (2020 - 2026),A,0,https://all.rugby/player/jeronimo-de-la-fuente,,Jaguares (2015 - 2020) -> Union Sportive Arlequins Perpignanais (2020 - 2026),Argentina,Argentina,https://all.rugby/player/jeronimo-de-la-fuente,Jaguares (2015 - 2020) -> Union Sportive Arlequins Perpignanais (2020 - 2026)
Job POULET,Job POULET,CTB,ペルピニャン,180,79,2003.04.30,,,,ES Vinassan (2008 - 2016) -> Entente Fleury Salles Coursan xv (2016 - 2018) -> Racing Club Narbonnais (2018 - 2021) -> Racing 92 (2021 - 2023) -> Union Sportive Arlequins Perpignanais (2023 - 2026),A,0,https://all.rugby/player/job-poulet,,ES Vinassan (2008 - 2016) -> Entente Fleury Salles Coursan xv (2016 - 2018) -> Racing Club Narbonnais (2018 - 2021) -> Racing 92 (2021 - 2023) -> Union Sportive Arlequins Perpignanais (2023 - 2026),,,https://all.rugby/player/job-poulet,ES Vinassan (2008 - 2016) -> Entente Fleury Salles Coursan xv (2016 - 2018) -> Racing Club Narbonnais (2018 - 2021) -> Racing 92 (2021 - 2023) -> Union Sportive Arlequins Perpignanais (2023 - 2026)
Riko BULIRUARUA,Riko BULIRUARUA,CTB,ペルピニャン,186,106,1997.01.23,,,,Marist Brothers High School (2015 - 2016) -> Rugby Club Toulonnais (2016 - 2019) -> CA Brive Corrèze Limousin (2019 - 2021) -> Stade Rochelais (2021 - 2022) -> Aviron Bayonnais (2022 - 2024) -> Union Sportive Arlequins Perpignanais (2024 - 2026),A,0,https://all.rugby/player/rico-buliruarua,,Marist Brothers High School (2015 - 2016) -> Rugby Club Toulonnais (2016 - 2019) -> CA Brive Corrèze Limousin (2019 - 2021) -> Stade Rochelais (2021 - 2022) -> Aviron Bayonnais (2022 - 2024) -> Union Sportive Arlequins Perpignanais (2024 - 2026),,,https://all.rugby/player/rico-buliruarua,Marist Brothers High School (2015 - 2016) -> Rugby Club Toulonnais (2016 - 2019) -> CA Brive Corrèze Limousin (2019 - 2021) -> Stade Rochelais (2021 - 2022) -> Aviron Bayonnais (2022 - 2024) -> Union Sportive Arlequins Perpignanais (2024 - 2026)
Jefferson-Lee JOSEPH,Jefferson-Lee JOSEPH,WTB,ペルピニャン,192,90,2002.08.28,,,,AOCC Duras XV (2010 - 2013) -> RC Bazeillais (2014 - 2015) -> CA Lormont HG (2015 - 2017) -> Sporting Union Agenais (2017 - 2024) -> Union Sportive Arlequins Perpignanais (2024 - 2026),A,0,https://all.rugby/player/jefferson-joseph,,AOCC Duras XV (2010 - 2013) -> RC Bazeillais (2014 - 2015) -> CA Lormont HG (2015 - 2017) -> Sporting Union Agenais (2017 - 2024) -> Union Sportive Arlequins Perpignanais (2024 - 2026),,,https://all.rugby/player/jefferson-joseph,AOCC Duras XV (2010 - 2013) -> RC Bazeillais (2014 - 2015) -> CA Lormont HG (2015 - 2017) -> Sporting Union Agenais (2017 - 2024) -> Union Sportive Arlequins Perpignanais (2024 - 2026)
Jordan PETAIA,Jordan PETAIA,WTB,ペルピニャン,190,102,2000.03.14,,,,Queensland Reds (2017 - 2024) -> Los Angeles Chargers (2024 - 2025) -> Union Sportive Arlequins Perpignanais (2025 - 2026),A,0,https://all.rugby/player/jordan-petaia,,Queensland Reds (2017 - 2024) -> Los Angeles Chargers (2024 - 2025) -> Union Sportive Arlequins Perpignanais (2025 - 2026),Australia,Australia,https://all.rugby/player/jordan-petaia,Queensland Reds (2017 - 2024) -> Los Angeles Chargers (2024 - 2025) -> Union Sportive Arlequins Perpignanais (2025 - 2026)
Maxim GRANELL,Maxim GRANELL,WTB,ペルピニャン,182,80,//2005,,,,Entente de la Têt (2010 - 2015) -> Union Sportive Arlequins Perpignanais (2015 - 2026),A,0,https://all.rugby/player/maxim-granell,,Entente de la Têt (2010 - 2015) -> Union Sportive Arlequins Perpignanais (2015 - 2026),,,https://all.rugby/player/maxim-granell,Entente de la Têt (2010 - 2015) -> Union Sportive Arlequins Perpignanais (2015 - 2026)
Tavite VEREDAMU,Tavite VEREDAMU,WTB,ペルピニャン,192,108,1989.09.01,,,,Rugby Club Nîmois (2010 - 2018) -> France 7 (2018 - 2020) -> ASM Clermont Auvergne (2020 - 2020) -> France 7 (2020 - 2020) -> ASM Clermont Auvergne (2021 - 2021) -> France 7 (2021 - 2021) -> Lyon Olympique Universitaire Rugby (2021 - 2023) -> Union Sportive Arlequins Perpignanais (2023 - 2026),A,0,https://all.rugby/player/tavite-veredamu,,Rugby Club Nîmois (2010 - 2018) -> France 7 (2018 - 2020) -> ASM Clermont Auvergne (2020 - 2020) -> France 7 (2020 - 2020) -> ASM Clermont Auvergne (2021 - 2021) -> France 7 (2021 - 2021) -> Lyon Olympique Universitaire Rugby (2021 - 2023) -> Union Sportive Arlequins Perpignanais (2023 - 2026),Fiji,Fiji,https://all.rugby/player/tavite-veredamu,Rugby Club Nîmois (2010 - 2018) -> France 7 (2018 - 2020) -> ASM Clermont Auvergne (2020 - 2020) -> France 7 (2020 - 2020) -> ASM Clermont Auvergne (2021 - 2021) -> France 7 (2021 - 2021) -> Lyon Olympique Universitaire Rugby (2021 - 2023) -> Union Sportive Arlequins Perpignanais (2023 - 2026)
Lucas DUBOIS,Lucas DUBOIS,FB,ペルピニャン,188,92,1998.06.09,,,,AS Bages Villeneuve (2006 - 2012) -> Union Sportive Arlequins Perpignanais (2013 - 2026),A,0,https://all.rugby/player/lucas-dubois,,AS Bages Villeneuve (2006 - 2012) -> Union Sportive Arlequins Perpignanais (2013 - 2026),,,https://all.rugby/player/lucas-dubois,AS Bages Villeneuve (2006 - 2012) -> Union Sportive Arlequins Perpignanais (2013 - 2026)
Mayron FAHY,Mayron FAHY,FB,ペルピニャン,,,//2007,,,,RC Salanque XV (2013 - 2022) -> Union Sportive Arlequins Perpignanais (2022 - 2026),A,0,https://all.rugby/player/mayron-fahy,,RC Salanque XV (2013 - 2022) -> Union Sportive Arlequins Perpignanais (2022 - 2026),,,https://all.rugby/player/mayron-fahy,RC Salanque XV (2013 - 2022) -> Union Sportive Arlequins Perpignanais (2022 - 2026)
Théo FORNER,Théo FORNER,FB,ペルピニャン,180,80,2001.10.17,,,,"Espira-de-l'Agly, Baixas et Peyrestortes (2006 - 2017) -> JO Prades Conflent Canigou (2017 - 2018) -> US Thuirnoise (2018 - 2019) -> Union Sportive Arlequins Perpignanais (2019 - 2026)",A,0,https://all.rugby/player/theo-forner,,"Espira-de-l'Agly, Baixas et Peyrestortes (2006 - 2017) -> JO Prades Conflent Canigou (2017 - 2018) -> US Thuirnoise (2018 - 2019) -> Union Sportive Arlequins Perpignanais (2019 - 2026)",,,https://all.rugby/player/theo-forner,"Espira-de-l'Agly, Baixas et Peyrestortes (2006 - 2017) -> JO Prades Conflent Canigou (2017 - 2018) -> US Thuirnoise (2018 - 2019) -> Union Sportive Arlequins Perpignanais (2019 - 2026)"
Andy BORDELAI,Andy BORDELAI,PR,バイヨンヌ,186,117,2000.03.29,,,,Rugby Créteil Choisy (2012 - 2014) -> Rugby Club Massy Essonne (2014 - 2018) -> Racing 92 (2018 - 2021) -> Rugby Club Vannes (2021 - 2024) -> Aviron Bayonnais (2024 - 2026),A,0,https://all.rugby/player/andy-bordelai,,Rugby Créteil Choisy (2012 - 2014) -> Rugby Club Massy Essonne (2014 - 2018) -> Racing 92 (2018 - 2021) -> Rugby Club Vannes (2021 - 2024) -> Aviron Bayonnais (2024 - 2026),,,https://all.rugby/player/andy-bordelai,Rugby Créteil Choisy (2012 - 2014) -> Rugby Club Massy Essonne (2014 - 2018) -> Racing 92 (2018 - 2021) -> Rugby Club Vannes (2021 - 2024) -> Aviron Bayonnais (2024 - 2026)
Emerick SETIANO,Emerick SETIANO,PR,バイヨンヌ,183,115,1996.07.19,,,,SCO RC Angers (2002 - 2011) -> Pôle Espoirs de Tours (2011 - 2014) -> Rugby Club Toulonnais (2014 - 2025) -> Aviron Bayonnais (2025 - 2026),A,0,https://all.rugby/player/emerick-setiano,,SCO RC Angers (2002 - 2011) -> Pôle Espoirs de Tours (2011 - 2014) -> Rugby Club Toulonnais (2014 - 2025) -> Aviron Bayonnais (2025 - 2026),France,France,https://all.rugby/player/emerick-setiano,SCO RC Angers (2002 - 2011) -> Pôle Espoirs de Tours (2011 - 2014) -> Rugby Club Toulonnais (2014 - 2025) -> Aviron Bayonnais (2025 - 2026)
Hugo GONZÁLEZ,Hugo GONZÁLEZ,PR,バイヨンヌ,184,119,//2005,,,,Complutense Cisneros (2023 - 2025) -> Aviron Bayonnais (2025 - 2026),A,0,https://all.rugby/player/hugo-gonzalez,,Complutense Cisneros (2023 - 2025) -> Aviron Bayonnais (2025 - 2026),Spain,Spain,https://all.rugby/player/hugo-gonzalez,Complutense Cisneros (2023 - 2025) -> Aviron Bayonnais (2025 - 2026)
Ignacio CALLES,Ignacio CALLES,PR,バイヨンヌ,187,116,1995.10.24,,,,Liceo Naval (2015 - 2016) -> Section Paloise Béarn Pyrénées (2016 - 2025) -> Aviron Bayonnais (2025 - 2026),A,0,https://all.rugby/player/ignacio-calles,,Liceo Naval (2015 - 2016) -> Section Paloise Béarn Pyrénées (2016 - 2025) -> Aviron Bayonnais (2025 - 2026),,,https://all.rugby/player/ignacio-calles,Liceo Naval (2015 - 2016) -> Section Paloise Béarn Pyrénées (2016 - 2025) -> Aviron Bayonnais (2025 - 2026)
Luke TAGI,Luke TAGI,PR,バイヨンヌ,187,130,1997.06.23,,,,Fijian Drua (2018 - 2019) -> Stade Français Paris Rugby (2019 - 2021) -> Provence Rugby (2021 - 2023) -> Aviron Bayonnais (2023 - 2026),A,0,https://all.rugby/player/luke-tagi,,Fijian Drua (2018 - 2019) -> Stade Français Paris Rugby (2019 - 2021) -> Provence Rugby (2021 - 2023) -> Aviron Bayonnais (2023 - 2026),,,https://all.rugby/player/luke-tagi,Fijian Drua (2018 - 2019) -> Stade Français Paris Rugby (2019 - 2021) -> Provence Rugby (2021 - 2023) -> Aviron Bayonnais (2023 - 2026)
Pascal COTET,Pascal COTET,PR,バイヨンヌ,184,128,1993.10.12,,,,Union Sportive Arlequins Perpignanais (2013 - 2015) -> Racing Club Narbonnais (2015 - 2016) -> Oyonnax Rugby (2016 - 2017) -> RC Aubenas Vals (2017 - 2018) -> Racing Club Narbonnais (2018 - 2022) -> Aviron Bayonnais (2022 - 2026),A,0,https://all.rugby/player/pascal-cotet,,Union Sportive Arlequins Perpignanais (2013 - 2015) -> Racing Club Narbonnais (2015 - 2016) -> Oyonnax Rugby (2016 - 2017) -> RC Aubenas Vals (2017 - 2018) -> Racing Club Narbonnais (2018 - 2022) -> Aviron Bayonnais (2022 - 2026),,,https://all.rugby/player/pascal-cotet,Union Sportive Arlequins Perpignanais (2013 - 2015) -> Racing Club Narbonnais (2015 - 2016) -> Oyonnax Rugby (2016 - 2017) -> RC Aubenas Vals (2017 - 2018) -> Racing Club Narbonnais (2018 - 2022) -> Aviron Bayonnais (2022 - 2026)
Pierre CASTILLON,Pierre CASTILLON,PR,バイヨンヌ,185,106,2003.09.20,,,,US Saint-Palais Amikuze (2009 - 2018) -> Aviron Bayonnais (2018 - 2026),A,0,https://all.rugby/player/pierre-castillon,,US Saint-Palais Amikuze (2009 - 2018) -> Aviron Bayonnais (2018 - 2026),,,https://all.rugby/player/pierre-castillon,US Saint-Palais Amikuze (2009 - 2018) -> Aviron Bayonnais (2018 - 2026)
Swan CORMENIER,Swan CORMENIER,PR,バイヨンヌ,178,120,1996.01.18,,,,CA Brive Corrèze Limousin (2014 - 2017) -> Sporting Club Albigeois (2017 - 2019) -> Aviron Bayonnais (2019 - 2026),A,0,https://all.rugby/player/swan-cormenier,,CA Brive Corrèze Limousin (2014 - 2017) -> Sporting Club Albigeois (2017 - 2019) -> Aviron Bayonnais (2019 - 2026),,,https://all.rugby/player/swan-cormenier,CA Brive Corrèze Limousin (2014 - 2017) -> Sporting Club Albigeois (2017 - 2019) -> Aviron Bayonnais (2019 - 2026)
Tevita TATAFU,Tevita TATAFU,PR,バイヨンヌ,185,140,2002.10.13,,,,Aviron Bayonnais (2019 - 2026),A,0,https://all.rugby/player/tevita-tatafu,,Aviron Bayonnais (2019 - 2026),Tonga,Tonga,https://all.rugby/player/tevita-tatafu,Aviron Bayonnais (2019 - 2026)
Facundo BOSCH,Facundo BOSCH,HO,バイヨンヌ,180,102,1991.08.08,,,,Jaguares (2015 - 2017) -> Sporting Union Agenais (2017 - 2019) -> Stade Rochelais (2019 - 2022) -> Aviron Bayonnais (2022 - 2026),A,0,https://all.rugby/player/facundo-bosch,,Jaguares (2015 - 2017) -> Sporting Union Agenais (2017 - 2019) -> Stade Rochelais (2019 - 2022) -> Aviron Bayonnais (2022 - 2026),Argentina,Argentina,https://all.rugby/player/facundo-bosch,Jaguares (2015 - 2017) -> Sporting Union Agenais (2017 - 2019) -> Stade Rochelais (2019 - 2022) -> Aviron Bayonnais (2022 - 2026)
Lucas MARTIN,Lucas MARTIN,HO,バイヨンヌ,189,105,2002.12.09,,,,Ent Rugby CL Gignac Marignane (2010 - 2014) -> Pennes-Mirabeau Cadeneaux Rugby (2014 - 2017) -> Provence Rugby (2017 - 2024) -> Aviron Bayonnais (2024 - 2026),A,0,https://all.rugby/player/lucas-martin,,Ent Rugby CL Gignac Marignane (2010 - 2014) -> Pennes-Mirabeau Cadeneaux Rugby (2014 - 2017) -> Provence Rugby (2017 - 2024) -> Aviron Bayonnais (2024 - 2026),,,https://all.rugby/player/lucas-martin,Ent Rugby CL Gignac Marignane (2010 - 2014) -> Pennes-Mirabeau Cadeneaux Rugby (2014 - 2017) -> Provence Rugby (2017 - 2024) -> Aviron Bayonnais (2024 - 2026)
Vincent GIUDICELLI,Vincent GIUDICELLI,HO,バイヨンヌ,184,104,1997.06.25,,,,Montpellier Hérault Rugby (2004 - 2016) -> Lyon Olympique Universitaire Rugby (2016 - 2017) -> Montpellier Hérault Rugby (2017 - 2023) -> Aviron Bayonnais (2023 - 2026),A,0,https://all.rugby/player/vincent-giudicelli,,Montpellier Hérault Rugby (2004 - 2016) -> Lyon Olympique Universitaire Rugby (2016 - 2017) -> Montpellier Hérault Rugby (2017 - 2023) -> Aviron Bayonnais (2023 - 2026),,,https://all.rugby/player/vincent-giudicelli,Montpellier Hérault Rugby (2004 - 2016) -> Lyon Olympique Universitaire Rugby (2016 - 2017) -> Montpellier Hérault Rugby (2017 - 2023) -> Aviron Bayonnais (2023 - 2026)
Alex MOON,Alex MOON,LO,バイヨンヌ,202,127,1996.09.06,,,,Northampton Saints (2017 - 2024) -> Aviron Bayonnais (2024 - 2026),A,0,https://all.rugby/player/alex-moon,,Northampton Saints (2017 - 2024) -> Aviron Bayonnais (2024 - 2026),,,https://all.rugby/player/alex-moon,Northampton Saints (2017 - 2024) -> Aviron Bayonnais (2024 - 2026)
Ewan JOHNSON,Ewan JOHNSON,LO,バイヨンヌ,202,120,1999.06.27,,,,Plouzané (2012 - 2017) -> Racing 92 (2017 - 2020) -> Rugby Club Vannes (2020 - 2023) -> Oyonnax Rugby (2023 - 2025) -> Aviron Bayonnais (2025 - 2026),A,0,https://all.rugby/player/ewan-johnson,,Plouzané (2012 - 2017) -> Racing 92 (2017 - 2020) -> Rugby Club Vannes (2020 - 2023) -> Oyonnax Rugby (2023 - 2025) -> Aviron Bayonnais (2025 - 2026),Scotland,Scotland,https://all.rugby/player/ewan-johnson,Plouzané (2012 - 2017) -> Racing 92 (2017 - 2020) -> Rugby Club Vannes (2020 - 2023) -> Oyonnax Rugby (2023 - 2025) -> Aviron Bayonnais (2025 - 2026)
Lucas PAULOS,Lucas PAULOS,LO,バイヨンヌ,199,123,1998.01.09,,,,Stade Montois Rugby Pro (2014 - 2017) -> Olivos RC (2017 - 2018) -> Jaguares (2018 - 2020) -> CA Brive Corrèze Limousin (2020 - 2023) -> Aviron Bayonnais (2023 - 2026),A,0,https://all.rugby/player/lucas-paulos,,Stade Montois Rugby Pro (2014 - 2017) -> Olivos RC (2017 - 2018) -> Jaguares (2018 - 2020) -> CA Brive Corrèze Limousin (2020 - 2023) -> Aviron Bayonnais (2023 - 2026),Argentina,Argentina,https://all.rugby/player/lucas-paulos,Stade Montois Rugby Pro (2014 - 2017) -> Olivos RC (2017 - 2018) -> Jaguares (2018 - 2020) -> CA Brive Corrèze Limousin (2020 - 2023) -> Aviron Bayonnais (2023 - 2026)
Alexandre FISCHER,Alexandre FISCHER,FL/NO8,バイヨンヌ,188,107,1998.01.19,,,,US Issoire (2011 - 2013) -> ASM Clermont Auvergne (2013 - 2025) -> Aviron Bayonnais (2025 - 2026),A,0,https://all.rugby/player/alexandre-fischer,,US Issoire (2011 - 2013) -> ASM Clermont Auvergne (2013 - 2025) -> Aviron Bayonnais (2025 - 2026),France,France,https://all.rugby/player/alexandre-fischer,US Issoire (2011 - 2013) -> ASM Clermont Auvergne (2013 - 2025) -> Aviron Bayonnais (2025 - 2026)
Arthur ITURRIA,Arthur ITURRIA,FL/NO8,バイヨンヌ,198,112,1994.05.13,,,,Aviron Bayonnais (2011 - 2012) -> ASM Clermont Auvergne (2012 - 2023) -> Aviron Bayonnais (2023 - 2026),A,0,https://all.rugby/player/arthur-iturria,,Aviron Bayonnais (2011 - 2012) -> ASM Clermont Auvergne (2012 - 2023) -> Aviron Bayonnais (2023 - 2026),France,France,https://all.rugby/player/arthur-iturria,Aviron Bayonnais (2011 - 2012) -> ASM Clermont Auvergne (2012 - 2023) -> Aviron Bayonnais (2023 - 2026)
Baptiste CHOUZENOUX,Baptiste CHOUZENOUX,FL/NO8,バイヨンヌ,202,107,1993.08.07,,,,Aviron Bayonnais (2009 - 2017) -> Racing 92 (2017 - 2024) -> Aviron Bayonnais (2024 - 2026),A,0,https://all.rugby/player/baptiste-chouzenoux,,Aviron Bayonnais (2009 - 2017) -> Racing 92 (2017 - 2024) -> Aviron Bayonnais (2024 - 2026),,,https://all.rugby/player/baptiste-chouzenoux,Aviron Bayonnais (2009 - 2017) -> Racing 92 (2017 - 2024) -> Aviron Bayonnais (2024 - 2026)
Baptiste HÉGUY,Baptiste HÉGUY,FL/NO8,バイヨンヌ,196,108,1998.05.11,,,,Aviron Bayonnais (2012 - 2026),A,0,https://all.rugby/player/baptiste-heguy,,Aviron Bayonnais (2012 - 2026),,,https://all.rugby/player/baptiste-heguy,Aviron Bayonnais (2012 - 2026)
Esteban CAPILLA,Esteban CAPILLA,FL/NO8,バイヨンヌ,198,100,2003.01.05,,,,AS Bayonne (2010 - 2013) -> US Mouguerre (2013 - 2015) -> AS Sain-Martin-de-Seignanx (2015 - 2016) -> Aviron Bayonnais (2016 - 2026),A,0,https://all.rugby/player/esteban-capilla,,AS Bayonne (2010 - 2013) -> US Mouguerre (2013 - 2015) -> AS Sain-Martin-de-Seignanx (2015 - 2016) -> Aviron Bayonnais (2016 - 2026),,,https://all.rugby/player/esteban-capilla,AS Bayonne (2010 - 2013) -> US Mouguerre (2013 - 2015) -> AS Sain-Martin-de-Seignanx (2015 - 2016) -> Aviron Bayonnais (2016 - 2026)
Giovanni HABEL-KUEFFNER,Giovanni HABEL-KUEFFNER,FL/NO8,バイヨンヌ,190,110,1995.01.09,,,,Section Paloise Béarn Pyrénées (2015 - 2022) -> Stade Français Paris Rugby (2022 - 2024) -> Aviron Bayonnais (2024 - 2026),A,0,https://all.rugby/player/giovanni-habel-kueffner,,Section Paloise Béarn Pyrénées (2015 - 2022) -> Stade Français Paris Rugby (2022 - 2024) -> Aviron Bayonnais (2024 - 2026),Germany,Germany,https://all.rugby/player/giovanni-habel-kueffner,Section Paloise Béarn Pyrénées (2015 - 2022) -> Stade Français Paris Rugby (2022 - 2024) -> Aviron Bayonnais (2024 - 2026)
Manex ARICETA,Manex ARICETA,FL/NO8,バイヨンヌ,194,118,//2004,,,,Stade Hendayais (2016 - 2017) -> Hernani Club Rugby Elkartea (2017 - 2020) -> Stade Hendayais (2020 - 2020) -> Hernani Club Rugby Elkartea (2021 - 2021) -> Stade Hendayais (2021 - 2021) -> Aviron Bayonnais (2021 - 2026),A,0,https://all.rugby/player/manex-ariceta,,Stade Hendayais (2016 - 2017) -> Hernani Club Rugby Elkartea (2017 - 2020) -> Stade Hendayais (2020 - 2020) -> Hernani Club Rugby Elkartea (2021 - 2021) -> Stade Hendayais (2021 - 2021) -> Aviron Bayonnais (2021 - 2026),,,https://all.rugby/player/manex-ariceta,Stade Hendayais (2016 - 2017) -> Hernani Club Rugby Elkartea (2017 - 2020) -> Stade Hendayais (2020 - 2020) -> Hernani Club Rugby Elkartea (2021 - 2021) -> Stade Hendayais (2021 - 2021) -> Aviron Bayonnais (2021 - 2026)
Rob LEOTA,Rob LEOTA,FL/NO8,バイヨンヌ,190,110,1997.03.03,,,,Melbourne Rebels (2015 - 2024) -> New South Wales Waratahs (2024 - 2025) -> Aviron Bayonnais (2025 - 2026),A,0,https://all.rugby/player/rob-leota,,Melbourne Rebels (2015 - 2024) -> New South Wales Waratahs (2024 - 2025) -> Aviron Bayonnais (2025 - 2026),,,https://all.rugby/player/rob-leota,Melbourne Rebels (2015 - 2024) -> New South Wales Waratahs (2024 - 2025) -> Aviron Bayonnais (2025 - 2026)
Rodrigo BRUNI,Rodrigo BRUNI,FL/NO8,バイヨンヌ,187,111,1993.09.03,,,,Jaguares (2018 - 2020) -> Rugby Club Vannes (2020 - 2022) -> CA Brive Corrèze Limousin (2022 - 2023) -> Aviron Bayonnais (2023 - 2026),A,0,https://all.rugby/player/rodrigo-bruni,,Jaguares (2018 - 2020) -> Rugby Club Vannes (2020 - 2022) -> CA Brive Corrèze Limousin (2022 - 2023) -> Aviron Bayonnais (2023 - 2026),Argentina,Argentina,https://all.rugby/player/rodrigo-bruni,Jaguares (2018 - 2020) -> Rugby Club Vannes (2020 - 2022) -> CA Brive Corrèze Limousin (2022 - 2023) -> Aviron Bayonnais (2023 - 2026)
Baptiste GERMAIN,Baptiste GERMAIN,SH,バイヨンヌ,174,82,2000.11.21,,,,RC Cubzaguais (2007 - 2009) -> Club Athlétique Bordeaux Bègles Gironde (2009 - 2015) -> Union Bordeaux-Bègles (2015 - 2020) -> Stade Toulousain (2020 - 2022) -> Biarritz Olympique Pays Basque (2022 - 2023) -> Stade Toulousain (2023 - 2024) -> Aviron Bayonnais (2024 - 2026),A,0,https://all.rugby/player/baptiste-germain,,RC Cubzaguais (2007 - 2009) -> Club Athlétique Bordeaux Bègles Gironde (2009 - 2015) -> Union Bordeaux-Bègles (2015 - 2020) -> Stade Toulousain (2020 - 2022) -> Biarritz Olympique Pays Basque (2022 - 2023) -> Stade Toulousain (2023 - 2024) -> Aviron Bayonnais (2024 - 2026),,,https://all.rugby/player/baptiste-germain,RC Cubzaguais (2007 - 2009) -> Club Athlétique Bordeaux Bègles Gironde (2009 - 2015) -> Union Bordeaux-Bègles (2015 - 2020) -> Stade Toulousain (2020 - 2022) -> Biarritz Olympique Pays Basque (2022 - 2023) -> Stade Toulousain (2023 - 2024) -> Aviron Bayonnais (2024 - 2026)
Baptiste TILLOLES,Baptiste TILLOLES,SH,バイヨンヌ,178,81,//2006,,,,Emak Hor Rugby (2012 - 2018) -> Aviron Bayonnais (2018 - 2026),A,0,https://all.rugby/player/baptiste-tilloles,,Emak Hor Rugby (2012 - 2018) -> Aviron Bayonnais (2018 - 2026),,,https://all.rugby/player/baptiste-tilloles,Emak Hor Rugby (2012 - 2018) -> Aviron Bayonnais (2018 - 2026)
Herschel JANTJIES,Herschel JANTJIES,SH,バイヨンヌ,167,77,1996.04.22,,,,Scarlets (2017 - 2017) -> Stormers (2017 - 2017) -> Scarlets (2018 - 2018) -> Stormers (2018 - 2025) -> Aviron Bayonnais (2025 - 2026),A,0,https://all.rugby/player/herschel-jantjies,,Scarlets (2017 - 2017) -> Stormers (2017 - 2017) -> Scarlets (2018 - 2018) -> Stormers (2018 - 2025) -> Aviron Bayonnais (2025 - 2026),South Africa,South Africa,https://all.rugby/player/herschel-jantjies,Scarlets (2017 - 2017) -> Stormers (2017 - 2017) -> Scarlets (2018 - 2018) -> Stormers (2018 - 2025) -> Aviron Bayonnais (2025 - 2026)
Maxime MACHENAUD,Maxime MACHENAUD,SH,バイヨンヌ,174,87,1988.12.30,,,,Union Bordeaux-Bègles (2003 - 2010) -> Sporting Union Agenais (2010 - 2012) -> Racing 92 (2012 - 2022) -> Aviron Bayonnais (2022 - 2026),A,0,https://all.rugby/player/maxime-machenaud,,Union Bordeaux-Bègles (2003 - 2010) -> Sporting Union Agenais (2010 - 2012) -> Racing 92 (2012 - 2022) -> Aviron Bayonnais (2022 - 2026),France,France,https://all.rugby/player/maxime-machenaud,Union Bordeaux-Bègles (2003 - 2010) -> Sporting Union Agenais (2010 - 2012) -> Racing 92 (2012 - 2022) -> Aviron Bayonnais (2022 - 2026)
Gareth ANSCOMBE,Gareth ANSCOMBE,SO,バイヨンヌ,184,96,1991.05.10,,,,Chiefs (2013 - 2014) -> Cardiff Rugby (2014 - 2019) -> Ospreys (2019 - 2023) -> sans club (2023 - 2024) -> Gloucester Rugby (2024 - 2025) -> Aviron Bayonnais (2025 - 2026),A,0,https://all.rugby/player/gareth-anscombe,,Chiefs (2013 - 2014) -> Cardiff Rugby (2014 - 2019) -> Ospreys (2019 - 2023) -> sans club (2023 - 2024) -> Gloucester Rugby (2024 - 2025) -> Aviron Bayonnais (2025 - 2026),New Zealand,New Zealand,https://all.rugby/player/gareth-anscombe,Chiefs (2013 - 2014) -> Cardiff Rugby (2014 - 2019) -> Ospreys (2019 - 2023) -> sans club (2023 - 2024) -> Gloucester Rugby (2024 - 2025) -> Aviron Bayonnais (2025 - 2026)
Joris SEGONDS,Joris SEGONDS,SO,バイヨンヌ,180,91,1997.04.06,,,,SC Decazeville (2003 - 2013) -> Stade Aurillacois Cantal Auvergne (2013 - 2019) -> Stade Français Paris Rugby (2019 - 2024) -> Aviron Bayonnais (2024 - 2026),A,0,https://all.rugby/player/joris-segonds,,SC Decazeville (2003 - 2013) -> Stade Aurillacois Cantal Auvergne (2013 - 2019) -> Stade Français Paris Rugby (2019 - 2024) -> Aviron Bayonnais (2024 - 2026),France,France,https://all.rugby/player/joris-segonds,SC Decazeville (2003 - 2013) -> Stade Aurillacois Cantal Auvergne (2013 - 2019) -> Stade Français Paris Rugby (2019 - 2024) -> Aviron Bayonnais (2024 - 2026)
Federico MORI,Federico MORI,CTB,バイヨンヌ,188,108,2000.10.13,,,,Zebre Parma (2019 - 2019) -> Rugby Calvisano (2019 - 2019) -> Zebre Parma (2020 - 2020) -> Rugby Calvisano (2020 - 2020) -> Zebre Parma (2020 - 2021) -> Union Bordeaux-Bègles (2021 - 2023) -> Aviron Bayonnais (2023 - 2026),A,0,https://all.rugby/player/federico-mori,,Zebre Parma (2019 - 2019) -> Rugby Calvisano (2019 - 2019) -> Zebre Parma (2020 - 2020) -> Rugby Calvisano (2020 - 2020) -> Zebre Parma (2020 - 2021) -> Union Bordeaux-Bègles (2021 - 2023) -> Aviron Bayonnais (2023 - 2026),Italy,Italy,https://all.rugby/player/federico-mori,Zebre Parma (2019 - 2019) -> Rugby Calvisano (2019 - 2019) -> Zebre Parma (2020 - 2020) -> Rugby Calvisano (2020 - 2020) -> Zebre Parma (2020 - 2021) -> Union Bordeaux-Bègles (2021 - 2023) -> Aviron Bayonnais (2023 - 2026)
Guillaume MARTOCQ,Guillaume MARTOCQ,CTB,バイヨンヌ,183,96,1999.08.23,,,,Union Stadiste Sauveterre (2013 - 2014) -> Rugby Club Béarnais (2014 - 2015) -> Aviron Bayonnais (2015 - 2020) -> US Carcassonne (2020 - 2022) -> Aviron Bayonnais (2022 - 2026),A,0,https://all.rugby/player/guillaume-martocq,,Union Stadiste Sauveterre (2013 - 2014) -> Rugby Club Béarnais (2014 - 2015) -> Aviron Bayonnais (2015 - 2020) -> US Carcassonne (2020 - 2022) -> Aviron Bayonnais (2022 - 2026),,,https://all.rugby/player/guillaume-martocq,Union Stadiste Sauveterre (2013 - 2014) -> Rugby Club Béarnais (2014 - 2015) -> Aviron Bayonnais (2015 - 2020) -> US Carcassonne (2020 - 2022) -> Aviron Bayonnais (2022 - 2026)
Manu TUILAGI,Manu TUILAGI,CTB,バイヨンヌ,185,111,1991.05.18,,,,Leicester Tigers (2013 - 2019) -> Sale Sharks (2019 - 2019) -> Leicester Tigers (2020 - 2020) -> Sale Sharks (2020 - 2024) -> Aviron Bayonnais (2024 - 2026),A,0,https://all.rugby/player/manu-tuilagi,,Leicester Tigers (2013 - 2019) -> Sale Sharks (2019 - 2019) -> Leicester Tigers (2020 - 2020) -> Sale Sharks (2020 - 2024) -> Aviron Bayonnais (2024 - 2026),Samoa,Samoa,https://all.rugby/player/manu-tuilagi,Leicester Tigers (2013 - 2019) -> Sale Sharks (2019 - 2019) -> Leicester Tigers (2020 - 2020) -> Sale Sharks (2020 - 2024) -> Aviron Bayonnais (2024 - 2026)
Reece HODGE,Reece HODGE,CTB,バイヨンヌ,191,94,1994.08.26,,,,Melbourne Rebels (2015 - 2023) -> Aviron Bayonnais (2023 - 2026),A,0,https://all.rugby/player/reece-hodge,,Melbourne Rebels (2015 - 2023) -> Aviron Bayonnais (2023 - 2026),Australia,Australia,https://all.rugby/player/reece-hodge,Melbourne Rebels (2015 - 2023) -> Aviron Bayonnais (2023 - 2026)
Sireli MAQALA,Sireli MAQALA,CTB,バイヨンヌ,172,88,2000.03.20,,,,FIDJI 7's (2020 - 2021) -> Aviron Bayonnais (2021 - 2026),A,0,https://all.rugby/player/sireli-maqala,,FIDJI 7's (2020 - 2021) -> Aviron Bayonnais (2021 - 2026),,,https://all.rugby/player/sireli-maqala,FIDJI 7's (2020 - 2021) -> Aviron Bayonnais (2021 - 2026)
Arnaud ERBINARTEGARAY,Arnaud ERBINARTEGARAY,WTB,バイヨンヌ,185,89,2000.09.16,,,,Avenir Barcus (2009 - 2019) -> Sport Athlétique Mauléonais (2019 - 2021) -> Aviron Bayonnais (2021 - 2026),A,0,https://all.rugby/player/arnaud-erbinartegaray,,Avenir Barcus (2009 - 2019) -> Sport Athlétique Mauléonais (2019 - 2021) -> Aviron Bayonnais (2021 - 2026),,,https://all.rugby/player/arnaud-erbinartegaray,Avenir Barcus (2009 - 2019) -> Sport Athlétique Mauléonais (2019 - 2021) -> Aviron Bayonnais (2021 - 2026)
Mateo CARRERAS,Mateo CARRERAS,WTB,バイヨンヌ,173,84,1999.12.17,,,,Jaguares XV (2018 - 2019) -> Jaguares (2019 - 2020) -> Newcastle (2020 - 2023) -> Aviron Bayonnais (2023 - 2023) -> Newcastle (2024 - 2024) -> Aviron Bayonnais (2024 - 2026),A,0,https://all.rugby/player/mateo-carreras,,Jaguares XV (2018 - 2019) -> Jaguares (2019 - 2020) -> Newcastle (2020 - 2023) -> Aviron Bayonnais (2023 - 2023) -> Newcastle (2024 - 2024) -> Aviron Bayonnais (2024 - 2026),,,https://all.rugby/player/mateo-carreras,Jaguares XV (2018 - 2019) -> Jaguares (2019 - 2020) -> Newcastle (2020 - 2023) -> Aviron Bayonnais (2023 - 2023) -> Newcastle (2024 - 2024) -> Aviron Bayonnais (2024 - 2026)
Tom LÉVÊQUE,Tom LÉVÊQUE,WTB,バイヨンヌ,184,80,//2006,,,,US Mouguerre (2012 - 2020) -> Aviron Bayonnais (2020 - 2026),A,0,https://all.rugby/player/tom-leveque,,US Mouguerre (2012 - 2020) -> Aviron Bayonnais (2020 - 2026),,,https://all.rugby/player/tom-leveque,US Mouguerre (2012 - 2020) -> Aviron Bayonnais (2020 - 2026)
Tom SPRING,Tom SPRING,WTB,バイヨンヌ,186,87,2002.09.26,,,,US Nafarroa (2008 - 2021) -> Aviron Bayonnais (2021 - 2026),A,0,https://all.rugby/player/tom-spring,,US Nafarroa (2008 - 2021) -> Aviron Bayonnais (2021 - 2026),France,France,https://all.rugby/player/tom-spring,US Nafarroa (2008 - 2021) -> Aviron Bayonnais (2021 - 2026)
Victor HANNOUN,Victor HANNOUN,WTB,バイヨンヌ,182,85,2003.08.20,,,,Anglet Olympique Rugby Club (2013 - 2018) -> Aviron Bayonnais (2018 - 2026),A,0,https://all.rugby/player/victor-hannoun,,Anglet Olympique Rugby Club (2013 - 2018) -> Aviron Bayonnais (2018 - 2026),,,https://all.rugby/player/victor-hannoun,Anglet Olympique Rugby Club (2013 - 2018) -> Aviron Bayonnais (2018 - 2026)
Cheikh TIBERGHIEN,Cheikh TIBERGHIEN,FB,バイヨンヌ,186,96,2000.01.08,,,,Aviron Bayonnais (2013 - 2019) -> ASM Clermont Auvergne (2019 - 2023) -> Aviron Bayonnais (2023 - 2026),A,0,https://all.rugby/player/cheikh-tiberghien,,Aviron Bayonnais (2013 - 2019) -> ASM Clermont Auvergne (2019 - 2023) -> Aviron Bayonnais (2023 - 2026),,,https://all.rugby/player/cheikh-tiberghien,Aviron Bayonnais (2013 - 2019) -> ASM Clermont Auvergne (2019 - 2023) -> Aviron Bayonnais (2023 - 2026)
Yohan ORABÉ,Yohan ORABÉ,FB,バイヨンヌ,187,87,2002.05.21,,,,Sport Athlétique Mauléonais (2007 - 2022) -> Aviron Bayonnais (2022 - 2026),A,0,https://all.rugby/player/yohan-orabe,,Sport Athlétique Mauléonais (2007 - 2022) -> Aviron Bayonnais (2022 - 2026),,,https://all.rugby/player/yohan-orabe,Sport Athlétique Mauléonais (2007 - 2022) -> Aviron Bayonnais (2022 - 2026)
Cristian OJOVAN,Cristian OJOVAN,PR,クレルモン,183,120,1997.01.04,,,,Section Paloise Béarn Pyrénées (2016 - 2017) -> Stade Aurillacois Cantal Auvergne (2017 - 2020) -> ASM Clermont Auvergne (2020 - 2026),A,0,https://all.rugby/player/cristian-ojovan,,Section Paloise Béarn Pyrénées (2016 - 2017) -> Stade Aurillacois Cantal Auvergne (2017 - 2020) -> ASM Clermont Auvergne (2020 - 2026),Moldova,Moldova,https://all.rugby/player/cristian-ojovan,Section Paloise Béarn Pyrénées (2016 - 2017) -> Stade Aurillacois Cantal Auvergne (2017 - 2020) -> ASM Clermont Auvergne (2020 - 2026)
Etienne FALGOUX,Etienne FALGOUX,PR,クレルモン,183,112,1993.01.19,,,,ASM Clermont Auvergne (2012 - 2026),A,0,https://all.rugby/player/etienne-falgoux,,ASM Clermont Auvergne (2012 - 2026),France,France,https://all.rugby/player/etienne-falgoux,ASM Clermont Auvergne (2012 - 2026)
Giorgi AKHALADZE,Giorgi AKHALADZE,PR,クレルモン,186,128,1999.04.13,,,,RC Aia Kutaisi (2017 - 2018) -> Rugby Club Massy Essonne (2018 - 2021) -> Association Sportive Béziers Hérault (2021 - 2024) -> ASM Clermont Auvergne (2024 - 2026),A,0,https://all.rugby/player/giorgi-akhaladze,,RC Aia Kutaisi (2017 - 2018) -> Rugby Club Massy Essonne (2018 - 2021) -> Association Sportive Béziers Hérault (2021 - 2024) -> ASM Clermont Auvergne (2024 - 2026),,,https://all.rugby/player/giorgi-akhaladze,RC Aia Kutaisi (2017 - 2018) -> Rugby Club Massy Essonne (2018 - 2021) -> Association Sportive Béziers Hérault (2021 - 2024) -> ASM Clermont Auvergne (2024 - 2026)
Giorgi DZMANASHVILI,Giorgi DZMANASHVILI,PR,クレルモン,186,122,2002.06.16,,,,RC Rustavi Kharebi (2021 - 2022) -> ASM Clermont Auvergne (2022 - 2024) -> Biarritz Olympique Pays Basque (2024 - 2025) -> ASM Clermont Auvergne (2025 - 2026),A,0,https://all.rugby/player/giorgi-dzmanashvili,,RC Rustavi Kharebi (2021 - 2022) -> ASM Clermont Auvergne (2022 - 2024) -> Biarritz Olympique Pays Basque (2024 - 2025) -> ASM Clermont Auvergne (2025 - 2026),,,https://all.rugby/player/giorgi-dzmanashvili,RC Rustavi Kharebi (2021 - 2022) -> ASM Clermont Auvergne (2022 - 2024) -> Biarritz Olympique Pays Basque (2024 - 2025) -> ASM Clermont Auvergne (2025 - 2026)
Mathéo FRISACH,Mathéo FRISACH,PR,クレルモン,191,127,//2006,,,,US Izon (2010 - 2018) -> Libourne (2018 - 2019) -> Union Bordeaux-Bègles (2019 - 2023) -> ASM Clermont Auvergne (2023 - 2026),A,0,https://all.rugby/player/matheo-frisach,,US Izon (2010 - 2018) -> Libourne (2018 - 2019) -> Union Bordeaux-Bègles (2019 - 2023) -> ASM Clermont Auvergne (2023 - 2026),,,https://all.rugby/player/matheo-frisach,US Izon (2010 - 2018) -> Libourne (2018 - 2019) -> Union Bordeaux-Bègles (2019 - 2023) -> ASM Clermont Auvergne (2023 - 2026)
Régis MONTAGNE,Régis MONTAGNE,PR,クレルモン,186,133,2000.09.30,,,,FC Grenoble Rugby (2010 - 2024) -> ASM Clermont Auvergne (2024 - 2026),A,0,https://all.rugby/player/regis-montagne,,FC Grenoble Rugby (2010 - 2024) -> ASM Clermont Auvergne (2024 - 2026),France,France,https://all.rugby/player/regis-montagne,FC Grenoble Rugby (2010 - 2024) -> ASM Clermont Auvergne (2024 - 2026)
Sacha LOTRIAN,Sacha LOTRIAN,PR,クレルモン,180,106,2000.08.13,,,,US Millas (2007 - 2009) -> Union Sportive Arlequins Perpignanais (2009 - 2024) -> ASM Clermont Auvergne (2024 - 2026),A,0,https://all.rugby/player/sacha-lotrian,,US Millas (2007 - 2009) -> Union Sportive Arlequins Perpignanais (2009 - 2024) -> ASM Clermont Auvergne (2024 - 2026),,,https://all.rugby/player/sacha-lotrian,US Millas (2007 - 2009) -> Union Sportive Arlequins Perpignanais (2009 - 2024) -> ASM Clermont Auvergne (2024 - 2026)
Barnabé MASSA,Barnabé MASSA,HO,クレルモン,180,103,//2004,,,,US Véore XV (2010 - 2018) -> Valence Romans Drôme Rugby (2018 - 2020) -> FC Grenoble Rugby (2020 - 2024) -> ASM Clermont Auvergne (2024 - 2026),A,0,https://all.rugby/player/barnabe-massa,,US Véore XV (2010 - 2018) -> Valence Romans Drôme Rugby (2018 - 2020) -> FC Grenoble Rugby (2020 - 2024) -> ASM Clermont Auvergne (2024 - 2026),,,https://all.rugby/player/barnabe-massa,US Véore XV (2010 - 2018) -> Valence Romans Drôme Rugby (2018 - 2020) -> FC Grenoble Rugby (2020 - 2024) -> ASM Clermont Auvergne (2024 - 2026)
Etienne FOURCADE,Etienne FOURCADE,HO,クレルモン,180,103,1997.04.11,,,,CS Lons Jura (2004 - 2009) -> Cercle Sportif Lédonien (2009 - 2015) -> FC Grenoble Rugby (2015 - 2020) -> ASM Clermont Auvergne (2020 - 2026),A,0,https://all.rugby/player/etienne-fourcade,,CS Lons Jura (2004 - 2009) -> Cercle Sportif Lédonien (2009 - 2015) -> FC Grenoble Rugby (2015 - 2020) -> ASM Clermont Auvergne (2020 - 2026),,,https://all.rugby/player/etienne-fourcade,CS Lons Jura (2004 - 2009) -> Cercle Sportif Lédonien (2009 - 2015) -> FC Grenoble Rugby (2015 - 2020) -> ASM Clermont Auvergne (2020 - 2026)
Seilala LAM,Seilala LAM,HO,クレルモン,183,110,1989.02.18,,,,Canberra Vikings (2014 - 2015) -> USON Nevers Rugby (2015 - 2017) -> Union Sportive Arlequins Perpignanais (2017 - 2025) -> ASM Clermont Auvergne (2025 - 2025) -> Union Sportive Arlequins Perpignanais (2026 - 2026) -> ASM Clermont Auvergne (2026 - 2026),A,0,https://all.rugby/player/seilala-lam,,Canberra Vikings (2014 - 2015) -> USON Nevers Rugby (2015 - 2017) -> Union Sportive Arlequins Perpignanais (2017 - 2025) -> ASM Clermont Auvergne (2025 - 2025) -> Union Sportive Arlequins Perpignanais (2026 - 2026) -> ASM Clermont Auvergne (2026 - 2026),Samoa,Samoa,https://all.rugby/player/seilala-lam,Canberra Vikings (2014 - 2015) -> USON Nevers Rugby (2015 - 2017) -> Union Sportive Arlequins Perpignanais (2017 - 2025) -> ASM Clermont Auvergne (2025 - 2025) -> Union Sportive Arlequins Perpignanais (2026 - 2026) -> ASM Clermont Auvergne (2026 - 2026)
Léo MICHAUX,Léo MICHAUX,LO,クレルモン,202,125,//2007,,,,ASM Clermont Auvergne (2012 - 2026),A,0,https://all.rugby/player/leo-michaux,,ASM Clermont Auvergne (2012 - 2026),,,https://all.rugby/player/leo-michaux,ASM Clermont Auvergne (2012 - 2026)
Rob SIMMONS,Rob SIMMONS,LO,クレルモン,204,115,1989.04.19,,,,Queensland Reds (2013 - 2017) -> New South Wales Waratahs (2017 - 2020) -> London Irish (2020 - 2023) -> ASM Clermont Auvergne (2023 - 2026),A,0,https://all.rugby/player/rob-simmons,,Queensland Reds (2013 - 2017) -> New South Wales Waratahs (2017 - 2020) -> London Irish (2020 - 2023) -> ASM Clermont Auvergne (2023 - 2026),Australia,Australia,https://all.rugby/player/rob-simmons,Queensland Reds (2013 - 2017) -> New South Wales Waratahs (2017 - 2020) -> London Irish (2020 - 2023) -> ASM Clermont Auvergne (2023 - 2026)
Tevita RATUVA,Tevita RATUVA,LO,クレルモン,199,124,1995.05.08,,,,Brisbane City (2017 - 2018) -> Union Bordeaux-Bègles (2018 - 2019) -> Scarlets (2019 - 2021) -> CA Brive Corrèze Limousin (2021 - 2025) -> ASM Clermont Auvergne (2025 - 2026),A,0,https://all.rugby/player/tevita-ratuva,,Brisbane City (2017 - 2018) -> Union Bordeaux-Bègles (2018 - 2019) -> Scarlets (2019 - 2021) -> CA Brive Corrèze Limousin (2021 - 2025) -> ASM Clermont Auvergne (2025 - 2026),Fiji,Fiji,https://all.rugby/player/tevita-ratuva,Brisbane City (2017 - 2018) -> Union Bordeaux-Bègles (2018 - 2019) -> Scarlets (2019 - 2021) -> CA Brive Corrèze Limousin (2021 - 2025) -> ASM Clermont Auvergne (2025 - 2026)
Thibaud LANEN,Thibaud LANEN,LO,クレルモン,198,110,1998.04.01,,,,RC Mende Lozère (2004 - 2013) -> ASM Clermont Auvergne (2013 - 2026),A,0,https://all.rugby/player/thibaud-lanen,,RC Mende Lozère (2004 - 2013) -> ASM Clermont Auvergne (2013 - 2026),,,https://all.rugby/player/thibaud-lanen,RC Mende Lozère (2004 - 2013) -> ASM Clermont Auvergne (2013 - 2026)
Thomas CEYTE,Thomas CEYTE,LO,クレルモン,198,120,1991.02.13,,,,RC Aubenas Vals (2004 - 2015) -> Association Sportive Béziers Hérault (2015 - 2015) -> US Dax Rugby Landes (2015 - 2015) -> Association Sportive Béziers Hérault (2016 - 2016) -> US Dax Rugby Landes (2016 - 2017) -> USON Nevers Rugby (2017 - 2022) -> Aviron Bayonnais (2022 - 2024) -> ASM Clermont Auvergne (2024 - 2026),A,0,https://all.rugby/player/thomas-ceyte,,RC Aubenas Vals (2004 - 2015) -> Association Sportive Béziers Hérault (2015 - 2015) -> US Dax Rugby Landes (2015 - 2015) -> Association Sportive Béziers Hérault (2016 - 2016) -> US Dax Rugby Landes (2016 - 2017) -> USON Nevers Rugby (2017 - 2022) -> Aviron Bayonnais (2022 - 2024) -> ASM Clermont Auvergne (2024 - 2026),,,https://all.rugby/player/thomas-ceyte,RC Aubenas Vals (2004 - 2015) -> Association Sportive Béziers Hérault (2015 - 2015) -> US Dax Rugby Landes (2015 - 2015) -> Association Sportive Béziers Hérault (2016 - 2016) -> US Dax Rugby Landes (2016 - 2017) -> USON Nevers Rugby (2017 - 2022) -> Aviron Bayonnais (2022 - 2024) -> ASM Clermont Auvergne (2024 - 2026)
Anthime HEMERY,Anthime HEMERY,FL/NO8,クレルモン,187,111,2001.01.09,,,,Ovale du Gy (2006 - 2016) -> Racing 92 (2016 - 2023) -> ASM Clermont Auvergne (2023 - 2023) -> Racing 92 (2024 - 2024) -> ASM Clermont Auvergne (2024 - 2026),A,0,https://all.rugby/player/anthime-hemery,,Ovale du Gy (2006 - 2016) -> Racing 92 (2016 - 2023) -> ASM Clermont Auvergne (2023 - 2023) -> Racing 92 (2024 - 2024) -> ASM Clermont Auvergne (2024 - 2026),,,https://all.rugby/player/anthime-hemery,Ovale du Gy (2006 - 2016) -> Racing 92 (2016 - 2023) -> ASM Clermont Auvergne (2023 - 2023) -> Racing 92 (2024 - 2024) -> ASM Clermont Auvergne (2024 - 2026)
Killian TIXERONT,Killian TIXERONT,FL/NO8,クレルモン,196,107,2002.01.22,,,,US Martres-de-Veyre (2009 - 2017) -> ASM Clermont Auvergne (2017 - 2026),A,0,https://all.rugby/player/killian-tixeront,,US Martres-de-Veyre (2009 - 2017) -> ASM Clermont Auvergne (2017 - 2026),France,France,https://all.rugby/player/killian-tixeront,US Martres-de-Veyre (2009 - 2017) -> ASM Clermont Auvergne (2017 - 2026)
Lucas DESSAIGNE,Lucas DESSAIGNE,FL/NO8,クレルモン,188,102,1999.02.07,,,,ASM Clermont Auvergne (2014 - 2026),A,0,https://all.rugby/player/lucas-dessaigne,,ASM Clermont Auvergne (2014 - 2026),,,https://all.rugby/player/lucas-dessaigne,ASM Clermont Auvergne (2014 - 2026)
Marcos KREMER,Marcos KREMER,FL/NO8,クレルモン,195,115,1997.07.30,,,,Jaguares (2015 - 2020) -> Stade Français Paris Rugby (2020 - 2023) -> ASM Clermont Auvergne (2023 - 2026),A,0,https://all.rugby/player/marcos-kremer,,Jaguares (2015 - 2020) -> Stade Français Paris Rugby (2020 - 2023) -> ASM Clermont Auvergne (2023 - 2026),Argentina,Argentina,https://all.rugby/player/marcos-kremer,Jaguares (2015 - 2020) -> Stade Français Paris Rugby (2020 - 2023) -> ASM Clermont Auvergne (2023 - 2026)
Pio MUARUA,Pio MUARUA,FL/NO8,クレルモン,191,125,1996.06.28,,,,Sporting Union Agenais (2015 - 2018) -> Soyaux-Angoulême XV Charente (2018 - 2019) -> Rugby Club Vannes (2019 - 2020) -> Stade Montois Rugby Pro (2020 - 2020) -> Rugby Club Vannes (2021 - 2021) -> Stade Montois Rugby Pro (2021 - 2021) -> FC Grenoble Rugby (2021 - 2025) -> ASM Clermont Auvergne (2025 - 2026),A,0,https://all.rugby/player/pio-muarua,,Sporting Union Agenais (2015 - 2018) -> Soyaux-Angoulême XV Charente (2018 - 2019) -> Rugby Club Vannes (2019 - 2020) -> Stade Montois Rugby Pro (2020 - 2020) -> Rugby Club Vannes (2021 - 2021) -> Stade Montois Rugby Pro (2021 - 2021) -> FC Grenoble Rugby (2021 - 2025) -> ASM Clermont Auvergne (2025 - 2026),,,https://all.rugby/player/pio-muarua,Sporting Union Agenais (2015 - 2018) -> Soyaux-Angoulême XV Charente (2018 - 2019) -> Rugby Club Vannes (2019 - 2020) -> Stade Montois Rugby Pro (2020 - 2020) -> Rugby Club Vannes (2021 - 2021) -> Stade Montois Rugby Pro (2021 - 2021) -> FC Grenoble Rugby (2021 - 2025) -> ASM Clermont Auvergne (2025 - 2026)
Pita-Gus SOWAKULA,Pita-Gus SOWAKULA,FL/NO8,クレルモン,195,117,1994.10.26,,,,Chiefs (2017 - 2019) -> Taranaki Bulls (2019 - 2019) -> Chiefs (2020 - 2020) -> Taranaki Bulls (2020 - 2020) -> Chiefs (2020 - 2020) -> Taranaki Bulls (2020 - 2020) -> Chiefs (2021 - 2021) -> Taranaki Bulls (2021 - 2021) -> Chiefs (2021 - 2021) -> Taranaki Bulls (2021 - 2021) -> Chiefs (2022 - 2022) -> Taranaki Bulls (2022 - 2022) -> Chiefs (2022 - 2022) -> Taranaki Bulls (2022 - 2022) -> Chiefs (2023 - 2023) -> Taranaki Bulls (2023 - 2023) -> ASM Clermont Auvergne (2023 - 2026),A,0,https://all.rugby/player/pita-gus-sowakula,,Chiefs (2017 - 2019) -> Taranaki Bulls (2019 - 2019) -> Chiefs (2020 - 2020) -> Taranaki Bulls (2020 - 2020) -> Chiefs (2020 - 2020) -> Taranaki Bulls (2020 - 2020) -> Chiefs (2021 - 2021) -> Taranaki Bulls (2021 - 2021) -> Chiefs (2021 - 2021) -> Taranaki Bulls (2021 - 2021) -> Chiefs (2022 - 2022) -> Taranaki Bulls (2022 - 2022) -> Chiefs (2022 - 2022) -> Taranaki Bulls (2022 - 2022) -> Chiefs (2023 - 2023) -> Taranaki Bulls (2023 - 2023) -> ASM Clermont Auvergne (2023 - 2026),Fiji,Fiji,https://all.rugby/player/pita-gus-sowakula,Chiefs (2017 - 2019) -> Taranaki Bulls (2019 - 2019) -> Chiefs (2020 - 2020) -> Taranaki Bulls (2020 - 2020) -> Chiefs (2020 - 2020) -> Taranaki Bulls (2020 - 2020) -> Chiefs (2021 - 2021) -> Taranaki Bulls (2021 - 2021) -> Chiefs (2021 - 2021) -> Taranaki Bulls (2021 - 2021) -> Chiefs (2022 - 2022) -> Taranaki Bulls (2022 - 2022) -> Chiefs (2022 - 2022) -> Taranaki Bulls (2022 - 2022) -> Chiefs (2023 - 2023) -> Taranaki Bulls (2023 - 2023) -> ASM Clermont Auvergne (2023 - 2026)
Selevasio TOLOFUA,Selevasio TOLOFUA,FL/NO8,クレルモン,186,116,1997.05.31,,,,Olympique Marcquois Rugby (2004 - 2007) -> Stade Toulousain (2007 - 2023) -> Rugby Club Toulonnais (2023 - 2025) -> ASM Clermont Auvergne (2025 - 2026),A,0,https://all.rugby/player/selevasio-tolofua,,Olympique Marcquois Rugby (2004 - 2007) -> Stade Toulousain (2007 - 2023) -> Rugby Club Toulonnais (2023 - 2025) -> ASM Clermont Auvergne (2025 - 2026),France,France,https://all.rugby/player/selevasio-tolofua,Olympique Marcquois Rugby (2004 - 2007) -> Stade Toulousain (2007 - 2023) -> Rugby Club Toulonnais (2023 - 2025) -> ASM Clermont Auvergne (2025 - 2026)
Baptiste JAUNEAU,Baptiste JAUNEAU,SH,クレルモン,169,82,2003.11.17,,,,AS Buzy-Ogeu Rugby (2008 - 2014) -> FC Oloron (2014 - 2018) -> Biarritz Olympique Pays Basque (2018 - 2021) -> ASM Clermont Auvergne (2021 - 2026),A,0,https://all.rugby/player/baptiste-jauneau,,AS Buzy-Ogeu Rugby (2008 - 2014) -> FC Oloron (2014 - 2018) -> Biarritz Olympique Pays Basque (2018 - 2021) -> ASM Clermont Auvergne (2021 - 2026),France,France,https://all.rugby/player/baptiste-jauneau,AS Buzy-Ogeu Rugby (2008 - 2014) -> FC Oloron (2014 - 2018) -> Biarritz Olympique Pays Basque (2018 - 2021) -> ASM Clermont Auvergne (2021 - 2026)
Lucas ZAMORA,Lucas ZAMORA,SH,クレルモン,170,80,//2004,,,,Royan Saujon Rugby (2009 - 2018) -> Stade Rochelais (2018 - 2024) -> Soyaux-Angoulême XV Charente (2024 - 2025) -> ASM Clermont Auvergne (2025 - 2026),A,0,https://all.rugby/player/lucas-zamora,,Royan Saujon Rugby (2009 - 2018) -> Stade Rochelais (2018 - 2024) -> Soyaux-Angoulême XV Charente (2024 - 2025) -> ASM Clermont Auvergne (2025 - 2026),,,https://all.rugby/player/lucas-zamora,Royan Saujon Rugby (2009 - 2018) -> Stade Rochelais (2018 - 2024) -> Soyaux-Angoulême XV Charente (2024 - 2025) -> ASM Clermont Auvergne (2025 - 2026)
Sébastien BÉZY,Sébastien BÉZY,SH,クレルモン,174,78,1991.11.22,,,,COM Bagneux (2004 - 2006) -> Stade Toulousain (2006 - 2020) -> ASM Clermont Auvergne (2020 - 2026),A,0,https://all.rugby/player/sebastien-bezy,,COM Bagneux (2004 - 2006) -> Stade Toulousain (2006 - 2020) -> ASM Clermont Auvergne (2020 - 2026),France,France,https://all.rugby/player/sebastien-bezy,COM Bagneux (2004 - 2006) -> Stade Toulousain (2006 - 2020) -> ASM Clermont Auvergne (2020 - 2026)
Juan MARTÍN MONTILLA,Juan MARTÍN MONTILLA,SO,クレルモン,,,//2007,,,,ASM Clermont Auvergne (2023 - 2026),A,0,https://all.rugby/player/-juan-segundo-martin-montilla,,ASM Clermont Auvergne (2023 - 2026),,,https://all.rugby/player/-juan-segundo-martin-montilla,ASM Clermont Auvergne (2023 - 2026)
Harry PLUMMER,Harry PLUMMER,SO,クレルモン,184,99,1998.06.19,,,,Blues (2018 - 2019) -> Auckland (2019 - 2019) -> Blues (2020 - 2020) -> Auckland (2020 - 2020) -> Blues (2020 - 2020) -> Auckland (2020 - 2020) -> Blues (2021 - 2021) -> Auckland (2021 - 2021) -> Blues (2021 - 2021) -> Auckland (2021 - 2021) -> Blues (2022 - 2022) -> Auckland (2022 - 2022) -> Blues (2022 - 2022) -> Auckland (2022 - 2022) -> Blues (2023 - 2023) -> Auckland (2023 - 2023) -> Blues (2023 - 2023) -> Auckland (2023 - 2023) -> Blues (2024 - 2024) -> Auckland (2024 - 2024) -> Blues (2024 - 2025) -> ASM Clermont Auvergne (2025 - 2026),A,0,https://all.rugby/player/harry-plummer,,Blues (2018 - 2019) -> Auckland (2019 - 2019) -> Blues (2020 - 2020) -> Auckland (2020 - 2020) -> Blues (2020 - 2020) -> Auckland (2020 - 2020) -> Blues (2021 - 2021) -> Auckland (2021 - 2021) -> Blues (2021 - 2021) -> Auckland (2021 - 2021) -> Blues (2022 - 2022) -> Auckland (2022 - 2022) -> Blues (2022 - 2022) -> Auckland (2022 - 2022) -> Blues (2023 - 2023) -> Auckland (2023 - 2023) -> Blues (2023 - 2023) -> Auckland (2023 - 2023) -> Blues (2024 - 2024) -> Auckland (2024 - 2024) -> Blues (2024 - 2025) -> ASM Clermont Auvergne (2025 - 2026),New Zealand,New Zealand,https://all.rugby/player/harry-plummer,Blues (2018 - 2019) -> Auckland (2019 - 2019) -> Blues (2020 - 2020) -> Auckland (2020 - 2020) -> Blues (2020 - 2020) -> Auckland (2020 - 2020) -> Blues (2021 - 2021) -> Auckland (2021 - 2021) -> Blues (2021 - 2021) -> Auckland (2021 - 2021) -> Blues (2022 - 2022) -> Auckland (2022 - 2022) -> Blues (2022 - 2022) -> Auckland (2022 - 2022) -> Blues (2023 - 2023) -> Auckland (2023 - 2023) -> Blues (2023 - 2023) -> Auckland (2023 - 2023) -> Blues (2024 - 2024) -> Auckland (2024 - 2024) -> Blues (2024 - 2025) -> ASM Clermont Auvergne (2025 - 2026)
Tom RAFFY,Tom RAFFY,SO,クレルモン,182,83,//2004,,,,Saint-Céré (2009 - 2018) -> CA Brive Corrèze Limousin (2018 - 2025) -> ASM Clermont Auvergne (2025 - 2026),A,0,https://all.rugby/player/tom-raffy,,Saint-Céré (2009 - 2018) -> CA Brive Corrèze Limousin (2018 - 2025) -> ASM Clermont Auvergne (2025 - 2026),,,https://all.rugby/player/tom-raffy,Saint-Céré (2009 - 2018) -> CA Brive Corrèze Limousin (2018 - 2025) -> ASM Clermont Auvergne (2025 - 2026)
Alivereti LOALOA,Alivereti LOALOA,CTB,クレルモン,182,104,2000.12.10,,,,Ratu Kadavulevu School (2018 - 2019) -> USON Nevers Rugby (2019 - 2025) -> ASM Clermont Auvergne (2025 - 2026),A,0,https://all.rugby/player/alivereti-loaloa,,Ratu Kadavulevu School (2018 - 2019) -> USON Nevers Rugby (2019 - 2025) -> ASM Clermont Auvergne (2025 - 2026),,,https://all.rugby/player/alivereti-loaloa,Ratu Kadavulevu School (2018 - 2019) -> USON Nevers Rugby (2019 - 2025) -> ASM Clermont Auvergne (2025 - 2026)
George MOALA,George MOALA,CTB,クレルモン,188,106,1990.11.05,,,,Blues (2011 - 2018) -> ASM Clermont Auvergne (2018 - 2026),A,0,https://all.rugby/player/george-moala,,Blues (2011 - 2018) -> ASM Clermont Auvergne (2018 - 2026),Tonga,Tonga,https://all.rugby/player/george-moala,Blues (2011 - 2018) -> ASM Clermont Auvergne (2018 - 2026)
Irae SIMONE,Irae SIMONE,CTB,クレルモン,193,105,1995.07.10,,,,New South Wales Waratahs (2016 - 2018) -> Brumbies (2018 - 2022) -> ASM Clermont Auvergne (2022 - 2026),A,0,https://all.rugby/player/irae-simone,,New South Wales Waratahs (2016 - 2018) -> Brumbies (2018 - 2022) -> ASM Clermont Auvergne (2022 - 2026),New Zealand,New Zealand,https://all.rugby/player/irae-simone,New South Wales Waratahs (2016 - 2018) -> Brumbies (2018 - 2022) -> ASM Clermont Auvergne (2022 - 2026)
Léon DARRICARRÈRE,Léon DARRICARRÈRE,CTB,クレルモン,182,102,//2004,,,,Stade Rochelais (2009 - 2011) -> Stade Montois Rugby Pro (2011 - 2013) -> Castres Olympique (2013 - 2016) -> Stade Montois Rugby Pro (2016 - 2021) -> ASM Clermont Auvergne (2021 - 2026),A,0,https://all.rugby/player/leon-darricarrere,,Stade Rochelais (2009 - 2011) -> Stade Montois Rugby Pro (2011 - 2013) -> Castres Olympique (2013 - 2016) -> Stade Montois Rugby Pro (2016 - 2021) -> ASM Clermont Auvergne (2021 - 2026),,,https://all.rugby/player/leon-darricarrere,Stade Rochelais (2009 - 2011) -> Stade Montois Rugby Pro (2011 - 2013) -> Castres Olympique (2013 - 2016) -> Stade Montois Rugby Pro (2016 - 2021) -> ASM Clermont Auvergne (2021 - 2026)
Pierre FOUYSSAC,Pierre FOUYSSAC,CTB,クレルモン,190,110,1995.03.17,,,,Sporting Union Agenais (2010 - 2018) -> Stade Toulousain (2018 - 2023) -> ASM Clermont Auvergne (2023 - 2026),A,0,https://all.rugby/player/pierre-fouyssac,,Sporting Union Agenais (2010 - 2018) -> Stade Toulousain (2018 - 2023) -> ASM Clermont Auvergne (2023 - 2026),,,https://all.rugby/player/pierre-fouyssac,Sporting Union Agenais (2010 - 2018) -> Stade Toulousain (2018 - 2023) -> ASM Clermont Auvergne (2023 - 2026)
Timéo FRIER,Timéo FRIER,CTB,クレルモン,188,95,//2007,,,,CS Bourgoin Jallieu Rugby (2012 - 2025) -> ASM Clermont Auvergne (2025 - 2026),A,0,https://all.rugby/player/timeo-frier,,CS Bourgoin Jallieu Rugby (2012 - 2025) -> ASM Clermont Auvergne (2025 - 2026),,,https://all.rugby/player/timeo-frier,CS Bourgoin Jallieu Rugby (2012 - 2025) -> ASM Clermont Auvergne (2025 - 2026)
Alivereti RAKA,Alivereti RAKA,WTB,クレルモン,189,105,1994.12.09,,,,ASM Clermont Auvergne (2014 - 2026),A,0,https://all.rugby/player/alivereti-raka,,ASM Clermont Auvergne (2014 - 2026),Fiji,Fiji,https://all.rugby/player/alivereti-raka,ASM Clermont Auvergne (2014 - 2026)
Bautista DELGUY,Bautista DELGUY,WTB,クレルモン,182,85,1997.04.22,,,,Jaguares (2017 - 2020) -> Union Bordeaux-Bègles (2020 - 2021) -> Union Sportive Arlequins Perpignanais (2021 - 2022) -> ASM Clermont Auvergne (2022 - 2026),A,0,https://all.rugby/player/bautista-delguy,,Jaguares (2017 - 2020) -> Union Bordeaux-Bègles (2020 - 2021) -> Union Sportive Arlequins Perpignanais (2021 - 2022) -> ASM Clermont Auvergne (2022 - 2026),Argentina,Argentina,https://all.rugby/player/bautista-delguy,Jaguares (2017 - 2020) -> Union Bordeaux-Bègles (2020 - 2021) -> Union Sportive Arlequins Perpignanais (2021 - 2022) -> ASM Clermont Auvergne (2022 - 2026)
Joris JURAND,Joris JURAND,WTB,クレルモン,188,106,1995.11.11,,,,XV Saint-Rémois (2004 - 2006) -> RC Noves-Eyragues (2006 - 2007) -> Rugby Club Châteaurenard (2007 - 2012) -> RC Noves-Eyragues (2012 - 2014) -> Rugby Club Châteaurenard (2014 - 2015) -> Provence Rugby (2015 - 2018) -> Montpellier Hérault Rugby (2018 - 2018) -> CA Brive Corrèze Limousin (2018 - 2018) -> Montpellier Hérault Rugby (2019 - 2019) -> CA Brive Corrèze Limousin (2019 - 2023) -> ASM Clermont Auvergne (2023 - 2026),A,0,https://all.rugby/player/joris-jurand,,XV Saint-Rémois (2004 - 2006) -> RC Noves-Eyragues (2006 - 2007) -> Rugby Club Châteaurenard (2007 - 2012) -> RC Noves-Eyragues (2012 - 2014) -> Rugby Club Châteaurenard (2014 - 2015) -> Provence Rugby (2015 - 2018) -> Montpellier Hérault Rugby (2018 - 2018) -> CA Brive Corrèze Limousin (2018 - 2018) -> Montpellier Hérault Rugby (2019 - 2019) -> CA Brive Corrèze Limousin (2019 - 2023) -> ASM Clermont Auvergne (2023 - 2026),,,https://all.rugby/player/joris-jurand,XV Saint-Rémois (2004 - 2006) -> RC Noves-Eyragues (2006 - 2007) -> Rugby Club Châteaurenard (2007 - 2012) -> RC Noves-Eyragues (2012 - 2014) -> Rugby Club Châteaurenard (2014 - 2015) -> Provence Rugby (2015 - 2018) -> Montpellier Hérault Rugby (2018 - 2018) -> CA Brive Corrèze Limousin (2018 - 2018) -> Montpellier Hérault Rugby (2019 - 2019) -> CA Brive Corrèze Limousin (2019 - 2023) -> ASM Clermont Auvergne (2023 - 2026)
Lucas TAUZIN,Lucas TAUZIN,WTB,クレルモン,187,98,1998.05.21,,,,S A ST Séverin (2004 - 2012) -> Stade Montois Rugby Pro (2012 - 2016) -> Stade Toulousain (2016 - 2024) -> ASM Clermont Auvergne (2024 - 2026),A,0,https://all.rugby/player/lucas-tauzin,,S A ST Séverin (2004 - 2012) -> Stade Montois Rugby Pro (2012 - 2016) -> Stade Toulousain (2016 - 2024) -> ASM Clermont Auvergne (2024 - 2026),,,https://all.rugby/player/lucas-tauzin,S A ST Séverin (2004 - 2012) -> Stade Montois Rugby Pro (2012 - 2016) -> Stade Toulousain (2016 - 2024) -> ASM Clermont Auvergne (2024 - 2026)
Yérim FALL,Yérim FALL,WTB,クレルモン,178,90,2003.06.24,,,,USO Athis-Mons (2012 - 2016) -> Rugby Club Massy Essonne (2016 - 2022) -> ASM Clermont Auvergne (2022 - 2026),A,0,https://all.rugby/player/yerim-fall,,USO Athis-Mons (2012 - 2016) -> Rugby Club Massy Essonne (2016 - 2022) -> ASM Clermont Auvergne (2022 - 2026),,,https://all.rugby/player/yerim-fall,USO Athis-Mons (2012 - 2016) -> Rugby Club Massy Essonne (2016 - 2022) -> ASM Clermont Auvergne (2022 - 2026)
Alex NEWSOME,Alex NEWSOME,FB,クレルモン,189,95,1995.01.20,,,,Western Force (2016 - 2017) -> New South Wales Waratahs (2017 - 2022) -> ASM Clermont Auvergne (2022 - 2026),A,0,https://all.rugby/player/alex-newsome,,Western Force (2016 - 2017) -> New South Wales Waratahs (2017 - 2022) -> ASM Clermont Auvergne (2022 - 2026),,,https://all.rugby/player/alex-newsome,Western Force (2016 - 2017) -> New South Wales Waratahs (2017 - 2022) -> ASM Clermont Auvergne (2022 - 2026)
Axel GUILLAUD,Axel GUILLAUD,FB,クレルモン,190,91,//2006,,,,CS Bourgoin Jallieu Rugby (2011 - 2024) -> ASM Clermont Auvergne (2024 - 2026),A,0,https://all.rugby/player/axel-guillaud,,CS Bourgoin Jallieu Rugby (2011 - 2024) -> ASM Clermont Auvergne (2024 - 2026),,,https://all.rugby/player/axel-guillaud,CS Bourgoin Jallieu Rugby (2011 - 2024) -> ASM Clermont Auvergne (2024 - 2026)
Kylan HAMDAOUI,Kylan HAMDAOUI,FB,クレルモン,182,91,1994.04.15,,,,Stade Rochelais (2005 - 2012) -> ASM Clermont Auvergne (2012 - 2014) -> Biarritz Olympique Pays Basque (2014 - 2018) -> Stade Français Paris Rugby (2018 - 2024) -> ASM Clermont Auvergne (2024 - 2026),A,0,https://all.rugby/player/kylan-hamdaoui,,Stade Rochelais (2005 - 2012) -> ASM Clermont Auvergne (2012 - 2014) -> Biarritz Olympique Pays Basque (2014 - 2018) -> Stade Français Paris Rugby (2018 - 2024) -> ASM Clermont Auvergne (2024 - 2026),,,https://all.rugby/player/kylan-hamdaoui,Stade Rochelais (2005 - 2012) -> ASM Clermont Auvergne (2012 - 2014) -> Biarritz Olympique Pays Basque (2014 - 2018) -> Stade Français Paris Rugby (2018 - 2024) -> ASM Clermont Auvergne (2024 - 2026)
Baptiste ERDOCIO,Baptiste ERDOCIO,PR,モンペリエ,175,115,2000.03.13,,,,Bidart Union Club (2005 - 2014) -> Biarritz Olympique Pays Basque (2014 - 2023) -> Montpellier Hérault Rugby (2023 - 2026),A,0,https://all.rugby/player/baptiste-erdocio,,Bidart Union Club (2005 - 2014) -> Biarritz Olympique Pays Basque (2014 - 2023) -> Montpellier Hérault Rugby (2023 - 2026),France,France,https://all.rugby/player/baptiste-erdocio,Bidart Union Club (2005 - 2014) -> Biarritz Olympique Pays Basque (2014 - 2023) -> Montpellier Hérault Rugby (2023 - 2026)
Enzo FORLETTA,Enzo FORLETTA,PR,モンペリエ,175,118,1994.06.15,,,,Étoile Sportive Catalane (2009 - 2011) -> Union Sportive Arlequins Perpignanais (2011 - 2020) -> Montpellier Hérault Rugby (2020 - 2026),A,0,https://all.rugby/player/enzo-forletta,,Étoile Sportive Catalane (2009 - 2011) -> Union Sportive Arlequins Perpignanais (2011 - 2020) -> Montpellier Hérault Rugby (2020 - 2026),France,France,https://all.rugby/player/enzo-forletta,Étoile Sportive Catalane (2009 - 2011) -> Union Sportive Arlequins Perpignanais (2011 - 2020) -> Montpellier Hérault Rugby (2020 - 2026)
Luka JAPARIDZE,Luka JAPARIDZE,PR,モンペリエ,181,126,1998.09.06,,,,Lelo Saracens Tbilissi (2017 - 2018) -> CA Brive Corrèze Limousin (2018 - 2023) -> Montpellier Hérault Rugby (2023 - 2026),A,0,https://all.rugby/player/luka-japaridze,,Lelo Saracens Tbilissi (2017 - 2018) -> CA Brive Corrèze Limousin (2018 - 2023) -> Montpellier Hérault Rugby (2023 - 2026),Georgia,Georgia,https://all.rugby/player/luka-japaridze,Lelo Saracens Tbilissi (2017 - 2018) -> CA Brive Corrèze Limousin (2018 - 2023) -> Montpellier Hérault Rugby (2023 - 2026)
Mohamed HAOUAS,Mohamed HAOUAS,PR,モンペリエ,185,127,1994.03.09,,,,Montpellier Hérault Rugby (2008 - 2023) -> Biarritz Olympique Pays Basque (2023 - 2024) -> Montpellier Hérault Rugby (2024 - 2026),A,0,https://all.rugby/player/mohammed-houas,,Montpellier Hérault Rugby (2008 - 2023) -> Biarritz Olympique Pays Basque (2023 - 2024) -> Montpellier Hérault Rugby (2024 - 2026),France,France,https://all.rugby/player/mohammed-houas,Montpellier Hérault Rugby (2008 - 2023) -> Biarritz Olympique Pays Basque (2023 - 2024) -> Montpellier Hérault Rugby (2024 - 2026)
Nika ABULADZE,Nika ABULADZE,PR,モンペリエ,187,126,1995.08.20,,,,RC Kochebi (2020 - 2021) -> Black Lion (2021 - 2022) -> Exeter Chiefs (2022 - 2022) -> Black Lion (2023 - 2023) -> Exeter Chiefs (2023 - 2024) -> Montpellier Hérault Rugby (2024 - 2026),A,0,https://all.rugby/player/nika-abuladze,,RC Kochebi (2020 - 2021) -> Black Lion (2021 - 2022) -> Exeter Chiefs (2022 - 2022) -> Black Lion (2023 - 2023) -> Exeter Chiefs (2023 - 2024) -> Montpellier Hérault Rugby (2024 - 2026),Georgia,Georgia,https://all.rugby/player/nika-abuladze,RC Kochebi (2020 - 2021) -> Black Lion (2021 - 2022) -> Exeter Chiefs (2022 - 2022) -> Black Lion (2023 - 2023) -> Exeter Chiefs (2023 - 2024) -> Montpellier Hérault Rugby (2024 - 2026)
Wilfrid HOUNKPATIN,Wilfrid HOUNKPATIN,PR,モンペリエ,192,132,1991.07.29,,,,Rugby Club Nîmois (2009 - 2010) -> Provence Rugby (2010 - 2011) -> Montpellier Hérault Rugby (2011 - 2013) -> Racing Club Narbonnais (2013 - 2014) -> Rouen Normandie Rugby (2014 - 2018) -> Castres Olympique (2018 - 2024) -> Montpellier Hérault Rugby (2024 - 2026),A,0,https://all.rugby/player/wilfrid-hounkpatin,,Rugby Club Nîmois (2009 - 2010) -> Provence Rugby (2010 - 2011) -> Montpellier Hérault Rugby (2011 - 2013) -> Racing Club Narbonnais (2013 - 2014) -> Rouen Normandie Rugby (2014 - 2018) -> Castres Olympique (2018 - 2024) -> Montpellier Hérault Rugby (2024 - 2026),,,https://all.rugby/player/wilfrid-hounkpatin,Rugby Club Nîmois (2009 - 2010) -> Provence Rugby (2010 - 2011) -> Montpellier Hérault Rugby (2011 - 2013) -> Racing Club Narbonnais (2013 - 2014) -> Rouen Normandie Rugby (2014 - 2018) -> Castres Olympique (2018 - 2024) -> Montpellier Hérault Rugby (2024 - 2026)
Christopher TOLOFUA,Christopher TOLOFUA,HO,モンペリエ,182,125,1993.12.31,,,,Stade Toulousain (2007 - 2017) -> Saracens (2017 - 2019) -> Rugby Club Toulonnais (2019 - 2023) -> Montpellier Hérault Rugby (2023 - 2023) -> Rugby Club Toulonnais (2024 - 2024) -> Montpellier Hérault Rugby (2024 - 2026),A,0,https://all.rugby/player/christopher-tolofua,,Stade Toulousain (2007 - 2017) -> Saracens (2017 - 2019) -> Rugby Club Toulonnais (2019 - 2023) -> Montpellier Hérault Rugby (2023 - 2023) -> Rugby Club Toulonnais (2024 - 2024) -> Montpellier Hérault Rugby (2024 - 2026),France,France,https://all.rugby/player/christopher-tolofua,Stade Toulousain (2007 - 2017) -> Saracens (2017 - 2019) -> Rugby Club Toulonnais (2019 - 2023) -> Montpellier Hérault Rugby (2023 - 2023) -> Rugby Club Toulonnais (2024 - 2024) -> Montpellier Hérault Rugby (2024 - 2026)
Jordan UELESE,Jordan UELESE,HO,モンペリエ,189,122,1997.01.24,,,,Melbourne Rebels (2016 - 2024) -> Montpellier Hérault Rugby (2024 - 2026),A,0,https://all.rugby/player/jordan-uelese,,Melbourne Rebels (2016 - 2024) -> Montpellier Hérault Rugby (2024 - 2026),New Zealand,New Zealand,https://all.rugby/player/jordan-uelese,Melbourne Rebels (2016 - 2024) -> Montpellier Hérault Rugby (2024 - 2026)
Lyam AKRAB,Lyam AKRAB,HO,モンペリエ,178,103,//2005,,,,Cercle sportif Grésivaudan Belledonne (2011 - 2020) -> Montpellier Hérault Rugby (2020 - 2026),A,0,https://all.rugby/player/lyam-akrab,,Cercle sportif Grésivaudan Belledonne (2011 - 2020) -> Montpellier Hérault Rugby (2020 - 2026),,,https://all.rugby/player/lyam-akrab,Cercle sportif Grésivaudan Belledonne (2011 - 2020) -> Montpellier Hérault Rugby (2020 - 2026)
Ricky RICCITELLI,Ricky RICCITELLI,HO,モンペリエ,182,110,1995.02.03,,,,Hurricanes (2015 - 2019) -> Taranaki Bulls (2019 - 2019) -> Hurricanes (2020 - 2020) -> Taranaki Bulls (2020 - 2020) -> Hurricanes (2020 - 2020) -> Taranaki Bulls (2020 - 2020) -> Hurricanes (2021 - 2021) -> Taranaki Bulls (2021 - 2021) -> Blues (2021 - 2021) -> Taranaki Bulls (2021 - 2021) -> Blues (2022 - 2022) -> Taranaki Bulls (2022 - 2022) -> Blues (2022 - 2022) -> Taranaki Bulls (2022 - 2022) -> Blues (2023 - 2023) -> Taranaki Bulls (2023 - 2023) -> Blues (2023 - 2023) -> Taranaki Bulls (2023 - 2023) -> Blues (2024 - 2024) -> Taranaki Bulls (2024 - 2024) -> Blues (2024 - 2025) -> Montpellier Hérault Rugby (2025 - 2026),A,0,https://all.rugby/player/ricky-riccitelli,,Hurricanes (2015 - 2019) -> Taranaki Bulls (2019 - 2019) -> Hurricanes (2020 - 2020) -> Taranaki Bulls (2020 - 2020) -> Hurricanes (2020 - 2020) -> Taranaki Bulls (2020 - 2020) -> Hurricanes (2021 - 2021) -> Taranaki Bulls (2021 - 2021) -> Blues (2021 - 2021) -> Taranaki Bulls (2021 - 2021) -> Blues (2022 - 2022) -> Taranaki Bulls (2022 - 2022) -> Blues (2022 - 2022) -> Taranaki Bulls (2022 - 2022) -> Blues (2023 - 2023) -> Taranaki Bulls (2023 - 2023) -> Blues (2023 - 2023) -> Taranaki Bulls (2023 - 2023) -> Blues (2024 - 2024) -> Taranaki Bulls (2024 - 2024) -> Blues (2024 - 2025) -> Montpellier Hérault Rugby (2025 - 2026),,,https://all.rugby/player/ricky-riccitelli,Hurricanes (2015 - 2019) -> Taranaki Bulls (2019 - 2019) -> Hurricanes (2020 - 2020) -> Taranaki Bulls (2020 - 2020) -> Hurricanes (2020 - 2020) -> Taranaki Bulls (2020 - 2020) -> Hurricanes (2021 - 2021) -> Taranaki Bulls (2021 - 2021) -> Blues (2021 - 2021) -> Taranaki Bulls (2021 - 2021) -> Blues (2022 - 2022) -> Taranaki Bulls (2022 - 2022) -> Blues (2022 - 2022) -> Taranaki Bulls (2022 - 2022) -> Blues (2023 - 2023) -> Taranaki Bulls (2023 - 2023) -> Blues (2023 - 2023) -> Taranaki Bulls (2023 - 2023) -> Blues (2024 - 2024) -> Taranaki Bulls (2024 - 2024) -> Blues (2024 - 2025) -> Montpellier Hérault Rugby (2025 - 2026)
Adam BEARD,Adam BEARD,LO,モンペリエ,202,121,1996.01.07,,,,Ospreys (2015 - 2025) -> Montpellier Hérault Rugby (2025 - 2026),A,0,https://all.rugby/player/adam-beard,,Ospreys (2015 - 2025) -> Montpellier Hérault Rugby (2025 - 2026),Wales,Wales,https://all.rugby/player/adam-beard,Ospreys (2015 - 2025) -> Montpellier Hérault Rugby (2025 - 2026)
Bastien CHALUREAU,Bastien CHALUREAU,LO,モンペリエ,202,118,1992.02.13,,,,RC Cantonal Fousseretois (2004 - 2007) -> Union Cazères - Fousseret (2007 - 2009) -> Stade Toulousain (2009 - 2014) -> Union Sportive Arlequins Perpignanais (2014 - 2017) -> USON Nevers Rugby (2017 - 2019) -> Stade Toulousain (2019 - 2019) -> Montpellier Hérault Rugby (2019 - 2019) -> Stade Toulousain (2020 - 2020) -> Montpellier Hérault Rugby (2020 - 2026),A,0,https://all.rugby/player/bastien-chalureau,,RC Cantonal Fousseretois (2004 - 2007) -> Union Cazères - Fousseret (2007 - 2009) -> Stade Toulousain (2009 - 2014) -> Union Sportive Arlequins Perpignanais (2014 - 2017) -> USON Nevers Rugby (2017 - 2019) -> Stade Toulousain (2019 - 2019) -> Montpellier Hérault Rugby (2019 - 2019) -> Stade Toulousain (2020 - 2020) -> Montpellier Hérault Rugby (2020 - 2026),,,https://all.rugby/player/bastien-chalureau,RC Cantonal Fousseretois (2004 - 2007) -> Union Cazères - Fousseret (2007 - 2009) -> Stade Toulousain (2009 - 2014) -> Union Sportive Arlequins Perpignanais (2014 - 2017) -> USON Nevers Rugby (2017 - 2019) -> Stade Toulousain (2019 - 2019) -> Montpellier Hérault Rugby (2019 - 2019) -> Stade Toulousain (2020 - 2020) -> Montpellier Hérault Rugby (2020 - 2026)
Florian VERHAEGHE,Florian VERHAEGHE,LO,モンペリエ,202,110,1997.04.27,,,,Union Sportive Montalbanaise (2007 - 2014) -> Stade Toulousain (2014 - 2020) -> Montpellier Hérault Rugby (2020 - 2026),A,0,https://all.rugby/player/florian-verhaeghe,,Union Sportive Montalbanaise (2007 - 2014) -> Stade Toulousain (2014 - 2020) -> Montpellier Hérault Rugby (2020 - 2026),,,https://all.rugby/player/florian-verhaeghe,Union Sportive Montalbanaise (2007 - 2014) -> Stade Toulousain (2014 - 2020) -> Montpellier Hérault Rugby (2020 - 2026)
Matthieu UHILA,Matthieu UHILA,LO,モンペリエ,200,113,2002.04.30,,,,RC du Mont-Dore (2018 - 2020) -> Montpellier Hérault Rugby (2020 - 2023) -> Rugby Club Vannes (2023 - 2025) -> Montpellier Hérault Rugby (2025 - 2026),A,0,https://all.rugby/player/matthieu-uhila,,RC du Mont-Dore (2018 - 2020) -> Montpellier Hérault Rugby (2020 - 2023) -> Rugby Club Vannes (2023 - 2025) -> Montpellier Hérault Rugby (2025 - 2026),,,https://all.rugby/player/matthieu-uhila,RC du Mont-Dore (2018 - 2020) -> Montpellier Hérault Rugby (2020 - 2023) -> Rugby Club Vannes (2023 - 2025) -> Montpellier Hérault Rugby (2025 - 2026)
Tyler DUGUID,Tyler DUGUID,LO,モンペリエ,200,124,2000.10.17,,,,Edmonton Rugby Union (2018 - 2019) -> Racing Club Narbonnais (2019 - 2020) -> Montpellier Hérault Rugby (2020 - 2026),A,0,https://all.rugby/player/tyler-duguid,,Edmonton Rugby Union (2018 - 2019) -> Racing Club Narbonnais (2019 - 2020) -> Montpellier Hérault Rugby (2020 - 2026),Canada,Canada,https://all.rugby/player/tyler-duguid,Edmonton Rugby Union (2018 - 2019) -> Racing Club Narbonnais (2019 - 2020) -> Montpellier Hérault Rugby (2020 - 2026)
Alex MASIBAKA,Alex MASIBAKA,FL/NO8,モンペリエ,186,115,2001.08.09,,,,Western Force (2021 - 2022) -> Montpellier Hérault Rugby (2022 - 2023) -> Soyaux-Angoulême XV Charente (2023 - 2025) -> Montpellier Hérault Rugby (2025 - 2026),A,0,https://all.rugby/player/alex-masibaka,,Western Force (2021 - 2022) -> Montpellier Hérault Rugby (2022 - 2023) -> Soyaux-Angoulême XV Charente (2023 - 2025) -> Montpellier Hérault Rugby (2025 - 2026),Australia,Australia,https://all.rugby/player/alex-masibaka,Western Force (2021 - 2022) -> Montpellier Hérault Rugby (2022 - 2023) -> Soyaux-Angoulême XV Charente (2023 - 2025) -> Montpellier Hérault Rugby (2025 - 2026)
Alexandre BÉCOGNÉE,Alexandre BÉCOGNÉE,FL/NO8,モンペリエ,188,108,1996.09.03,,,,Union Bordeaux-Bègles (2013 - 2014) -> Stade Montois Rugby Pro (2014 - 2020) -> Montpellier Hérault Rugby (2020 - 2026),A,0,https://all.rugby/player/alexandre-becognee,,Union Bordeaux-Bègles (2013 - 2014) -> Stade Montois Rugby Pro (2014 - 2020) -> Montpellier Hérault Rugby (2020 - 2026),,,https://all.rugby/player/alexandre-becognee,Union Bordeaux-Bègles (2013 - 2014) -> Stade Montois Rugby Pro (2014 - 2020) -> Montpellier Hérault Rugby (2020 - 2026)
Billy VUNIPOLA,Billy VUNIPOLA,FL/NO8,モンペリエ,191,134,1992.11.03,,,,Saracens (2013 - 2024) -> Montpellier Hérault Rugby (2024 - 2026),A,0,https://all.rugby/player/billy-vunipola,,Saracens (2013 - 2024) -> Montpellier Hérault Rugby (2024 - 2026),Australia,Australia,https://all.rugby/player/billy-vunipola,Saracens (2013 - 2024) -> Montpellier Hérault Rugby (2024 - 2026)
Langi GLEESON,Langi GLEESON,FL/NO8,モンペリエ,188,110,2001.07.21,,,,Manly Marlins (2020 - 2021) -> New South Wales Waratahs (2021 - 2025) -> Montpellier Hérault Rugby (2025 - 2026),A,0,https://all.rugby/player/langi-gleeson,,Manly Marlins (2020 - 2021) -> New South Wales Waratahs (2021 - 2025) -> Montpellier Hérault Rugby (2025 - 2026),,,https://all.rugby/player/langi-gleeson,Manly Marlins (2020 - 2021) -> New South Wales Waratahs (2021 - 2025) -> Montpellier Hérault Rugby (2025 - 2026)
Lenni NOUCHI,Lenni NOUCHI,FL/NO8,モンペリエ,194,108,2003.11.24,,,,Association Sportive Béziers Hérault (2009 - 2011) -> Servian-Boujan Rugby (2011 - 2014) -> Association Sportive Béziers Hérault (2014 - 2021) -> Montpellier Hérault Rugby (2021 - 2026),A,0,https://all.rugby/player/lenni-nouchi,,Association Sportive Béziers Hérault (2009 - 2011) -> Servian-Boujan Rugby (2011 - 2014) -> Association Sportive Béziers Hérault (2014 - 2021) -> Montpellier Hérault Rugby (2021 - 2026),France,France,https://all.rugby/player/lenni-nouchi,Association Sportive Béziers Hérault (2009 - 2011) -> Servian-Boujan Rugby (2011 - 2014) -> Association Sportive Béziers Hérault (2014 - 2021) -> Montpellier Hérault Rugby (2021 - 2026)
Marco TAULEIGNE,Marco TAULEIGNE,FL/NO8,モンペリエ,191,118,1993.08.30,,,,RC Teillois (2004 - 2009) -> CS Bourgoin Jallieu Rugby (2009 - 2013) -> Union Bordeaux-Bègles (2013 - 2021) -> Montpellier Hérault Rugby (2021 - 2026),A,0,https://all.rugby/player/marco-tauleigne,,RC Teillois (2004 - 2009) -> CS Bourgoin Jallieu Rugby (2009 - 2013) -> Union Bordeaux-Bègles (2013 - 2021) -> Montpellier Hérault Rugby (2021 - 2026),France,France,https://all.rugby/player/marco-tauleigne,RC Teillois (2004 - 2009) -> CS Bourgoin Jallieu Rugby (2009 - 2013) -> Union Bordeaux-Bègles (2013 - 2021) -> Montpellier Hérault Rugby (2021 - 2026)
Yacouba CAMARA,Yacouba CAMARA,FL/NO8,モンペリエ,195,112,1994.06.02,,,,AC Bobigny 93 (2006 - 2010) -> Rugby Club Massy Essonne (2010 - 2013) -> Stade Toulousain (2013 - 2017) -> Montpellier Hérault Rugby (2017 - 2026),A,0,https://all.rugby/player/yacouba-camara,,AC Bobigny 93 (2006 - 2010) -> Rugby Club Massy Essonne (2010 - 2013) -> Stade Toulousain (2013 - 2017) -> Montpellier Hérault Rugby (2017 - 2026),France,France,https://all.rugby/player/yacouba-camara,AC Bobigny 93 (2006 - 2010) -> Rugby Club Massy Essonne (2010 - 2013) -> Stade Toulousain (2013 - 2017) -> Montpellier Hérault Rugby (2017 - 2026)
Alexis BERNADET,Alexis BERNADET,SH,モンペリエ,180,79,2001.06.02,,,,Hers Lauragais XV (2006 - 2012) -> Football Club Villefranchois (2012 - 2013) -> Paris Université Club (2013 - 2017) -> Stade Français Paris Rugby (2017 - 2019) -> Avenir Castanéen Rugby XV (2019 - 2021) -> Union Sportive Montalbanaise (2021 - 2024) -> Montpellier Hérault Rugby (2024 - 2026),A,0,https://all.rugby/player/alexis-bernadet,,Hers Lauragais XV (2006 - 2012) -> Football Club Villefranchois (2012 - 2013) -> Paris Université Club (2013 - 2017) -> Stade Français Paris Rugby (2017 - 2019) -> Avenir Castanéen Rugby XV (2019 - 2021) -> Union Sportive Montalbanaise (2021 - 2024) -> Montpellier Hérault Rugby (2024 - 2026),,,https://all.rugby/player/alexis-bernadet,Hers Lauragais XV (2006 - 2012) -> Football Club Villefranchois (2012 - 2013) -> Paris Université Club (2013 - 2017) -> Stade Français Paris Rugby (2017 - 2019) -> Avenir Castanéen Rugby XV (2019 - 2021) -> Union Sportive Montalbanaise (2021 - 2024) -> Montpellier Hérault Rugby (2024 - 2026)
Ali PRICE,Ali PRICE,SH,モンペリエ,177,88,1993.05.12,,,,Glasgow Warriors (2014 - 2023) -> Edimbourg Rugby (2023 - 2023) -> Glasgow Warriors (2024 - 2024) -> Edimbourg Rugby (2024 - 2025) -> Montpellier Hérault Rugby (2025 - 2026),A,0,https://all.rugby/player/ali-price,,Glasgow Warriors (2014 - 2023) -> Edimbourg Rugby (2023 - 2023) -> Glasgow Warriors (2024 - 2024) -> Edimbourg Rugby (2024 - 2025) -> Montpellier Hérault Rugby (2025 - 2026),England,England,https://all.rugby/player/ali-price,Glasgow Warriors (2014 - 2023) -> Edimbourg Rugby (2023 - 2023) -> Glasgow Warriors (2024 - 2024) -> Edimbourg Rugby (2024 - 2025) -> Montpellier Hérault Rugby (2025 - 2026)
Léo COLY,Léo COLY,SH,モンペリエ,175,79,1999.09.09,,,,Biscarrosse Olympique Rugby (2012 - 2016) -> Stade Montois Rugby Pro (2016 - 2022) -> Montpellier Hérault Rugby (2022 - 2026),A,0,https://all.rugby/player/leo-coly,,Biscarrosse Olympique Rugby (2012 - 2016) -> Stade Montois Rugby Pro (2016 - 2022) -> Montpellier Hérault Rugby (2022 - 2026),,,https://all.rugby/player/leo-coly,Biscarrosse Olympique Rugby (2012 - 2016) -> Stade Montois Rugby Pro (2016 - 2022) -> Montpellier Hérault Rugby (2022 - 2026)
Domingo MIOTTI,Domingo MIOTTI,SO,モンペリエ,188,93,1996.05.22,,,,Jaguares (2018 - 2020) -> Western Force (2020 - 2021) -> Glasgow Warriors (2021 - 2023) -> Oyonnax Rugby (2023 - 2024) -> Montpellier Hérault Rugby (2024 - 2026),A,0,https://all.rugby/player/domingo-miotti,,Jaguares (2018 - 2020) -> Western Force (2020 - 2021) -> Glasgow Warriors (2021 - 2023) -> Oyonnax Rugby (2023 - 2024) -> Montpellier Hérault Rugby (2024 - 2026),Argentina,Argentina,https://all.rugby/player/domingo-miotti,Jaguares (2018 - 2020) -> Western Force (2020 - 2021) -> Glasgow Warriors (2021 - 2023) -> Oyonnax Rugby (2023 - 2024) -> Montpellier Hérault Rugby (2024 - 2026)
Thomas VINCENT,Thomas VINCENT,SO,モンペリエ,185,85,1999.07.21,,,,US Monflanquin (2012 - 2015) -> Sporting Union Agenais (2015 - 2020) -> Stade Aurillacois Cantal Auvergne (2020 - 2021) -> Sporting Union Agenais (2021 - 2024) -> Montpellier Hérault Rugby (2024 - 2026),A,0,https://all.rugby/player/thomas-vincent,,US Monflanquin (2012 - 2015) -> Sporting Union Agenais (2015 - 2020) -> Stade Aurillacois Cantal Auvergne (2020 - 2021) -> Sporting Union Agenais (2021 - 2024) -> Montpellier Hérault Rugby (2024 - 2026),,,https://all.rugby/player/thomas-vincent,US Monflanquin (2012 - 2015) -> Sporting Union Agenais (2015 - 2020) -> Stade Aurillacois Cantal Auvergne (2020 - 2021) -> Sporting Union Agenais (2021 - 2024) -> Montpellier Hérault Rugby (2024 - 2026)
Arthur VINCENT,Arthur VINCENT,CTB,モンペリエ,183,92,1999.09.30,,,,RC Mauguio Carnon Pays d'Or (2004 - 2013) -> Montpellier Hérault Rugby (2013 - 2026),A,0,https://all.rugby/player/arthur-vincent,,RC Mauguio Carnon Pays d'Or (2004 - 2013) -> Montpellier Hérault Rugby (2013 - 2026),France,France,https://all.rugby/player/arthur-vincent,RC Mauguio Carnon Pays d'Or (2004 - 2013) -> Montpellier Hérault Rugby (2013 - 2026)
Auguste CADOT,Auguste CADOT,CTB,モンペリエ,181,92,2001.07.28,,,,Racing Club Chagny (2007 - 2015) -> CS Beaune (2015 - 2019) -> Biarritz Olympique Pays Basque (2019 - 2023) -> Montpellier Hérault Rugby (2023 - 2026),A,0,https://all.rugby/player/auguste-cadot,,Racing Club Chagny (2007 - 2015) -> CS Beaune (2015 - 2019) -> Biarritz Olympique Pays Basque (2019 - 2023) -> Montpellier Hérault Rugby (2023 - 2026),,,https://all.rugby/player/auguste-cadot,Racing Club Chagny (2007 - 2015) -> CS Beaune (2015 - 2019) -> Biarritz Olympique Pays Basque (2019 - 2023) -> Montpellier Hérault Rugby (2023 - 2026)
Justo PICCARDO,Justo PICCARDO,CTB,モンペリエ,183,112,2002.03.25,,,,San Isidro Club (2020 - 2024) -> Pampas XV (2024 - 2025) -> Montpellier Hérault Rugby (2025 - 2026),A,0,https://all.rugby/player/justo-piccardo,,San Isidro Club (2020 - 2024) -> Pampas XV (2024 - 2025) -> Montpellier Hérault Rugby (2025 - 2026),Argentina,Argentina,https://all.rugby/player/justo-piccardo,San Isidro Club (2020 - 2024) -> Pampas XV (2024 - 2025) -> Montpellier Hérault Rugby (2025 - 2026)
Karl MARTIN,Karl MARTIN,CTB,モンペリエ,189,100,2002.02.16,,,,Leinster Rugby (2020 - 2021) -> Montpellier Hérault Rugby (2021 - 2024) -> Stade Aurillacois Cantal Auvergne (2024 - 2025) -> Montpellier Hérault Rugby (2025 - 2026),A,0,https://all.rugby/player/karl-martin,,Leinster Rugby (2020 - 2021) -> Montpellier Hérault Rugby (2021 - 2024) -> Stade Aurillacois Cantal Auvergne (2024 - 2025) -> Montpellier Hérault Rugby (2025 - 2026),,,https://all.rugby/player/karl-martin,Leinster Rugby (2020 - 2021) -> Montpellier Hérault Rugby (2021 - 2024) -> Stade Aurillacois Cantal Auvergne (2024 - 2025) -> Montpellier Hérault Rugby (2025 - 2026)
Lennox ANYANWU,Lennox ANYANWU,CTB,モンペリエ,182,102,2000.11.29,,,,Harlequins (2019 - 2022) -> London Scottish (2022 - 2022) -> Harlequins (2023 - 2023) -> London Scottish (2023 - 2023) -> Harlequins (2023 - 2025) -> Montpellier Hérault Rugby (2025 - 2026),A,0,https://all.rugby/player/lennox-anyanwu,,Harlequins (2019 - 2022) -> London Scottish (2022 - 2022) -> Harlequins (2023 - 2023) -> London Scottish (2023 - 2023) -> Harlequins (2023 - 2025) -> Montpellier Hérault Rugby (2025 - 2026),,,https://all.rugby/player/lennox-anyanwu,Harlequins (2019 - 2022) -> London Scottish (2022 - 2022) -> Harlequins (2023 - 2023) -> London Scottish (2023 - 2023) -> Harlequins (2023 - 2025) -> Montpellier Hérault Rugby (2025 - 2026)
Thomas DARMON,Thomas DARMON,CTB,モンペリエ,181,90,1998.05.12,,,,Montpellier Hérault Rugby (2004 - 2026),A,0,https://all.rugby/player/thomas-darmon,,Montpellier Hérault Rugby (2004 - 2026),,,https://all.rugby/player/thomas-darmon,Montpellier Hérault Rugby (2004 - 2026)
Donovan TAOFIFENUA,Donovan TAOFIFENUA,WTB,モンペリエ,179,84,1999.03.30,,,,US Mouguerre (2004 - 2005) -> Union Sportive Athlétique de Limoges (2005 - 2010) -> JA Isle Rugby (2010 - 2013) -> Union Sportive Athlétique de Limoges (2013 - 2014) -> ASM Clermont Auvergne (2014 - 2020) -> Racing 92 (2020 - 2025) -> Montpellier Hérault Rugby (2025 - 2026),A,0,https://all.rugby/player/donovan-taofifenua,,US Mouguerre (2004 - 2005) -> Union Sportive Athlétique de Limoges (2005 - 2010) -> JA Isle Rugby (2010 - 2013) -> Union Sportive Athlétique de Limoges (2013 - 2014) -> ASM Clermont Auvergne (2014 - 2020) -> Racing 92 (2020 - 2025) -> Montpellier Hérault Rugby (2025 - 2026),,,https://all.rugby/player/donovan-taofifenua,US Mouguerre (2004 - 2005) -> Union Sportive Athlétique de Limoges (2005 - 2010) -> JA Isle Rugby (2010 - 2013) -> Union Sportive Athlétique de Limoges (2013 - 2014) -> ASM Clermont Auvergne (2014 - 2020) -> Racing 92 (2020 - 2025) -> Montpellier Hérault Rugby (2025 - 2026)
Gabriel N'GANDEBE,Gabriel N'GANDEBE,WTB,モンペリエ,174,77,1997.03.30,,,,AC Bobigny 93 (2011 - 2013) -> Rugby Club Massy Essonne (2013 - 2017) -> Montpellier Hérault Rugby (2017 - 2026),A,0,https://all.rugby/player/gabriel-n-gandebe,,AC Bobigny 93 (2011 - 2013) -> Rugby Club Massy Essonne (2013 - 2017) -> Montpellier Hérault Rugby (2017 - 2026),France,France,https://all.rugby/player/gabriel-n-gandebe,AC Bobigny 93 (2011 - 2013) -> Rugby Club Massy Essonne (2013 - 2017) -> Montpellier Hérault Rugby (2017 - 2026)
Maël MOUSTIN,Maël MOUSTIN,WTB,モンペリエ,187,103,2003.04.22,,,,Rugby Club du Diamant Martinique (2009 - 2012) -> Saint-Jo Ovalie (2012 - 2013) -> Sporting Union Agenais (2016 - 2021) -> Union Bordeaux-Bègles (2021 - 2024) -> Montpellier Hérault Rugby (2024 - 2026),A,0,https://all.rugby/player/mael-moustin,,Rugby Club du Diamant Martinique (2009 - 2012) -> Saint-Jo Ovalie (2012 - 2013) -> Sporting Union Agenais (2016 - 2021) -> Union Bordeaux-Bègles (2021 - 2024) -> Montpellier Hérault Rugby (2024 - 2026),,,https://all.rugby/player/mael-moustin,Rugby Club du Diamant Martinique (2009 - 2012) -> Saint-Jo Ovalie (2012 - 2013) -> Sporting Union Agenais (2016 - 2021) -> Union Bordeaux-Bègles (2021 - 2024) -> Montpellier Hérault Rugby (2024 - 2026)
Melvyn RATES,Melvyn RATES,WTB,モンペリエ,180,87,//2006,,,,US Rhône XV (2010 - 2016) -> Valence Romans Drôme Rugby (2016 - 2022) -> FC Grenoble Rugby (2022 - 2025) -> Montpellier Hérault Rugby (2025 - 2026),A,0,https://all.rugby/player/melvyn-rates,,US Rhône XV (2010 - 2016) -> Valence Romans Drôme Rugby (2016 - 2022) -> FC Grenoble Rugby (2022 - 2025) -> Montpellier Hérault Rugby (2025 - 2026),,,https://all.rugby/player/melvyn-rates,US Rhône XV (2010 - 2016) -> Valence Romans Drôme Rugby (2016 - 2022) -> FC Grenoble Rugby (2022 - 2025) -> Montpellier Hérault Rugby (2025 - 2026)
Jon ECHEGARAY,Jon ECHEGARAY,FB,モンペリエ,184,90,//2005,,,,Bidart Union Club (2010 - 2019) -> Biarritz Olympique Pays Basque (2019 - 2023) -> Union Bordeaux-Bègles (2023 - 2025) -> Montpellier Hérault Rugby (2025 - 2025) -> Union Bordeaux-Bègles (2026 - 2026) -> Montpellier Hérault Rugby (2026 - 2026),A,0,https://all.rugby/player/jon-echegaray,,Bidart Union Club (2010 - 2019) -> Biarritz Olympique Pays Basque (2019 - 2023) -> Union Bordeaux-Bègles (2023 - 2025) -> Montpellier Hérault Rugby (2025 - 2025) -> Union Bordeaux-Bègles (2026 - 2026) -> Montpellier Hérault Rugby (2026 - 2026),,,https://all.rugby/player/jon-echegaray,Bidart Union Club (2010 - 2019) -> Biarritz Olympique Pays Basque (2019 - 2023) -> Union Bordeaux-Bègles (2023 - 2025) -> Montpellier Hérault Rugby (2025 - 2025) -> Union Bordeaux-Bègles (2026 - 2026) -> Montpellier Hérault Rugby (2026 - 2026)
Stuart HOGG,Stuart HOGG,FB,モンペリエ,183,93,1992.06.24,,,,Glasgow Warriors (2013 - 2019) -> Exeter Chiefs (2019 - 2023) -> sans club (2023 - 2024) -> Montpellier Hérault Rugby (2024 - 2026),A,0,https://all.rugby/player/stuart-hogg,,Glasgow Warriors (2013 - 2019) -> Exeter Chiefs (2019 - 2023) -> sans club (2023 - 2024) -> Montpellier Hérault Rugby (2024 - 2026),Scotland,Scotland,https://all.rugby/player/stuart-hogg,Glasgow Warriors (2013 - 2019) -> Exeter Chiefs (2019 - 2023) -> sans club (2023 - 2024) -> Montpellier Hérault Rugby (2024 - 2026)
Tom BANKS,Tom BANKS,FB,モンペリエ,186,93,1994.06.18,,,,Queensland Reds (2014 - 2016) -> Brumbies (2016 - 2022) -> Mie Honda Heat RFC (2022 - 2025) -> Montpellier Hérault Rugby (2025 - 2026),A,0,https://all.rugby/player/thomas-banks,,Queensland Reds (2014 - 2016) -> Brumbies (2016 - 2022) -> Mie Honda Heat RFC (2022 - 2025) -> Montpellier Hérault Rugby (2025 - 2026),Australia,Australia,https://all.rugby/player/thomas-banks,Queensland Reds (2014 - 2016) -> Brumbies (2016 - 2022) -> Mie Honda Heat RFC (2022 - 2025) -> Montpellier Hérault Rugby (2025 - 2026)
Alovisio KOLIVAÏ,Alovisio KOLIVAÏ,PR,ヴァンヌ,178,115,2004.02.23,,,,Rugby Club Vannes (2010 - 2024) -> Stade Nantais (2024 - 2024) -> Rugby Club Vannes (2025 - 2025) -> Stade Nantais (2025 - 2025) -> Rugby Club Vannes (2025 - 2025) -> Stade Nantais (2026 - 2026) -> Rugby Club Vannes (2026 - 2026),A,0,https://all.rugby/player/alovisio-kolivai,,Rugby Club Vannes (2010 - 2024) -> Stade Nantais (2024 - 2024) -> Rugby Club Vannes (2025 - 2025) -> Stade Nantais (2025 - 2025) -> Rugby Club Vannes (2025 - 2025) -> Stade Nantais (2026 - 2026) -> Rugby Club Vannes (2026 - 2026),,,https://all.rugby/player/alovisio-kolivai,Rugby Club Vannes (2010 - 2024) -> Stade Nantais (2024 - 2024) -> Rugby Club Vannes (2025 - 2025) -> Stade Nantais (2025 - 2025) -> Rugby Club Vannes (2025 - 2025) -> Stade Nantais (2026 - 2026) -> Rugby Club Vannes (2026 - 2026)
Charlesty BERGUET,Charlesty BERGUET,PR,ヴァンヌ,185,115,2000.01.13,,,,Union Sportive Arlequins Perpignanais (2017 - 2021) -> Stade Montois Rugby Pro (2021 - 2021) -> Union Sportive Arlequins Perpignanais (2022 - 2022) -> Stade Montois Rugby Pro (2022 - 2022) -> Rugby Club Vannes (2022 - 2026),A,0,https://all.rugby/player/charlesty-berguet,,Union Sportive Arlequins Perpignanais (2017 - 2021) -> Stade Montois Rugby Pro (2021 - 2021) -> Union Sportive Arlequins Perpignanais (2022 - 2022) -> Stade Montois Rugby Pro (2022 - 2022) -> Rugby Club Vannes (2022 - 2026),Belgium,Belgium,https://all.rugby/player/charlesty-berguet,Union Sportive Arlequins Perpignanais (2017 - 2021) -> Stade Montois Rugby Pro (2021 - 2021) -> Union Sportive Arlequins Perpignanais (2022 - 2022) -> Stade Montois Rugby Pro (2022 - 2022) -> Rugby Club Vannes (2022 - 2026)
Hugo DJEHI,Hugo DJEHI,PR,ヴァンヌ,183,115,1998.06.30,,,,US Colomiers (2010 - 2024) -> Rugby Club Vannes (2024 - 2026),A,0,https://all.rugby/player/hugo-djehi,,US Colomiers (2010 - 2024) -> Rugby Club Vannes (2024 - 2026),,,https://all.rugby/player/hugo-djehi,US Colomiers (2010 - 2024) -> Rugby Club Vannes (2024 - 2026)
Mako VUNIPOLA,Mako VUNIPOLA,PR,ヴァンヌ,180,130,1991.01.14,,,,Saracens (2012 - 2024) -> Rugby Club Vannes (2024 - 2026),A,0,https://all.rugby/player/mako-vunipola,,Saracens (2012 - 2024) -> Rugby Club Vannes (2024 - 2026),New Zealand,New Zealand,https://all.rugby/player/mako-vunipola,Saracens (2012 - 2024) -> Rugby Club Vannes (2024 - 2026)
Nick SCHONERT,Nick SCHONERT,PR,ヴァンヌ,189,123,1991.09.20,,,,Worcester Warriors (2015 - 2021) -> Sale Sharks (2021 - 2024) -> Mitsubishi Sagamihara Dynaboars (2024 - 2024) -> Sale Sharks (2025 - 2025) -> Mitsubishi Sagamihara Dynaboars (2025 - 2025) -> Rugby Club Vannes (2025 - 2026),A,0,https://all.rugby/player/nick-schonert,,Worcester Warriors (2015 - 2021) -> Sale Sharks (2021 - 2024) -> Mitsubishi Sagamihara Dynaboars (2024 - 2024) -> Sale Sharks (2025 - 2025) -> Mitsubishi Sagamihara Dynaboars (2025 - 2025) -> Rugby Club Vannes (2025 - 2026),,,https://all.rugby/player/nick-schonert,Worcester Warriors (2015 - 2021) -> Sale Sharks (2021 - 2024) -> Mitsubishi Sagamihara Dynaboars (2024 - 2024) -> Sale Sharks (2025 - 2025) -> Mitsubishi Sagamihara Dynaboars (2025 - 2025) -> Rugby Club Vannes (2025 - 2026)
Paga TAFILI,Paga TAFILI,PR,ヴァンヌ,182,130,1987.03.08,,,,RC du Mont-Dore (2009 - 2011) -> Malemort XV (2011 - 2013) -> SC Tulle (2013 - 2016) -> Rugby Club Vannes (2016 - 2026),A,0,https://all.rugby/player/paga-tafili,,RC du Mont-Dore (2009 - 2011) -> Malemort XV (2011 - 2013) -> SC Tulle (2013 - 2016) -> Rugby Club Vannes (2016 - 2026),,,https://all.rugby/player/paga-tafili,RC du Mont-Dore (2009 - 2011) -> Malemort XV (2011 - 2013) -> SC Tulle (2013 - 2016) -> Rugby Club Vannes (2016 - 2026)
Santiago MEDRANO,Santiago MEDRANO,PR,ヴァンヌ,185,118,1996.05.06,,,,Jaguares (2017 - 2020) -> Western Force (2020 - 2022) -> Worcester Warriors (2022 - 2022) -> Western Force (2022 - 2022) -> Worcester Warriors (2023 - 2023) -> Western Force (2023 - 2023) -> Lyon Olympique Universitaire Rugby (2023 - 2023) -> Western Force (2023 - 2023) -> Lyon Olympique Universitaire Rugby (2024 - 2024) -> Western Force (2024 - 2024) -> Rugby Club Vannes (2024 - 2026),A,0,https://all.rugby/player/santiago-medrano,,Jaguares (2017 - 2020) -> Western Force (2020 - 2022) -> Worcester Warriors (2022 - 2022) -> Western Force (2022 - 2022) -> Worcester Warriors (2023 - 2023) -> Western Force (2023 - 2023) -> Lyon Olympique Universitaire Rugby (2023 - 2023) -> Western Force (2023 - 2023) -> Lyon Olympique Universitaire Rugby (2024 - 2024) -> Western Force (2024 - 2024) -> Rugby Club Vannes (2024 - 2026),Argentina,Argentina,https://all.rugby/player/santiago-medrano,Jaguares (2017 - 2020) -> Western Force (2020 - 2022) -> Worcester Warriors (2022 - 2022) -> Western Force (2022 - 2022) -> Worcester Warriors (2023 - 2023) -> Western Force (2023 - 2023) -> Lyon Olympique Universitaire Rugby (2023 - 2023) -> Western Force (2023 - 2023) -> Lyon Olympique Universitaire Rugby (2024 - 2024) -> Western Force (2024 - 2024) -> Rugby Club Vannes (2024 - 2026)
Simon BOURGEOIS,Simon BOURGEOIS,PR,ヴァンヌ,189,122,2001.11.30,,,,Section Lexovienne Rugby (2006 - 2017) -> Rugby Club Vannes (2017 - 2026),A,0,https://all.rugby/player/simon-bourgeois,,Section Lexovienne Rugby (2006 - 2017) -> Rugby Club Vannes (2017 - 2026),,,https://all.rugby/player/simon-bourgeois,Section Lexovienne Rugby (2006 - 2017) -> Rugby Club Vannes (2017 - 2026)
Thomas DUCHÊNE,Thomas DUCHÊNE,PR,ヴァンヌ,180,125,//2004,,,,RC Saint-Gènes-Champanelle (2011 - 2018) -> ASM Clermont Auvergne (2018 - 2025) -> Rugby Club Vannes (2025 - 2026),A,0,https://all.rugby/player/thomas-duchene,,RC Saint-Gènes-Champanelle (2011 - 2018) -> ASM Clermont Auvergne (2018 - 2025) -> Rugby Club Vannes (2025 - 2026),,,https://all.rugby/player/thomas-duchene,RC Saint-Gènes-Champanelle (2011 - 2018) -> ASM Clermont Auvergne (2018 - 2025) -> Rugby Club Vannes (2025 - 2026)
Wayan DE BENEDITTIS,Wayan DE BENEDITTIS,PR,ヴァンヌ,185,115,1999.03.10,,,,FC Grenoble Rugby (2006 - 2019) -> Castres Olympique (2019 - 2024) -> Lyon Olympique Universitaire Rugby (2024 - 2024) -> Castres Olympique (2025 - 2025) -> Lyon Olympique Universitaire Rugby (2025 - 2025) -> Rugby Club Vannes (2025 - 2026),A,0,https://all.rugby/player/wayan-de-benedittis,,FC Grenoble Rugby (2006 - 2019) -> Castres Olympique (2019 - 2024) -> Lyon Olympique Universitaire Rugby (2024 - 2024) -> Castres Olympique (2025 - 2025) -> Lyon Olympique Universitaire Rugby (2025 - 2025) -> Rugby Club Vannes (2025 - 2026),,,https://all.rugby/player/wayan-de-benedittis,FC Grenoble Rugby (2006 - 2019) -> Castres Olympique (2019 - 2024) -> Lyon Olympique Universitaire Rugby (2024 - 2024) -> Castres Olympique (2025 - 2025) -> Lyon Olympique Universitaire Rugby (2025 - 2025) -> Rugby Club Vannes (2025 - 2026)
Cyril BLANCHARD,Cyril BLANCHARD,HO,ヴァンヌ,176,111,1989.07.22,,,,Club athlétique de Saint-Étienne (2009 - 2011) -> Oyonnax Rugby (2011 - 2013) -> AS Mâcon Rugby (2013 - 2015) -> Union Sportive Bressane Pays de l'Ain (2015 - 2017) -> Rugby Club Vannes (2017 - 2026),A,0,https://all.rugby/player/cyril-blanchard,,Club athlétique de Saint-Étienne (2009 - 2011) -> Oyonnax Rugby (2011 - 2013) -> AS Mâcon Rugby (2013 - 2015) -> Union Sportive Bressane Pays de l'Ain (2015 - 2017) -> Rugby Club Vannes (2017 - 2026),,,https://all.rugby/player/cyril-blanchard,Club athlétique de Saint-Étienne (2009 - 2011) -> Oyonnax Rugby (2011 - 2013) -> AS Mâcon Rugby (2013 - 2015) -> Union Sportive Bressane Pays de l'Ain (2015 - 2017) -> Rugby Club Vannes (2017 - 2026)
Dave CHERRY,Dave CHERRY,HO,ヴァンヌ,183,107,1991.01.03,,,,Edimbourg Rugby (2018 - 2025) -> Rugby Club Vannes (2025 - 2026),A,0,https://all.rugby/player/dave-cherry,,Edimbourg Rugby (2018 - 2025) -> Rugby Club Vannes (2025 - 2026),,,https://all.rugby/player/dave-cherry,Edimbourg Rugby (2018 - 2025) -> Rugby Club Vannes (2025 - 2026)
James O'REILLY,James O'REILLY,HO,ヴァンヌ,183,106,1994.11.12,,,,Hurricanes (2016 - 2018) -> Wellington Lions (2018 - 2018) -> Hurricanes (2019 - 2019) -> Wellington Lions (2019 - 2020) -> Hurricanes (2020 - 2020) -> Wellington Lions (2020 - 2020) -> Hurricanes (2021 - 2021) -> Wellington Lions (2021 - 2021) -> Hurricanes (2021 - 2021) -> Wellington Lions (2021 - 2021) -> Hurricanes (2022 - 2022) -> Wellington Lions (2022 - 2023) -> Hurricanes (2023 - 2024) -> Wellington Lions (2024 - 2025) -> Rugby Club Vannes (2025 - 2026),A,0,https://all.rugby/player/james-o-reilly,,Hurricanes (2016 - 2018) -> Wellington Lions (2018 - 2018) -> Hurricanes (2019 - 2019) -> Wellington Lions (2019 - 2020) -> Hurricanes (2020 - 2020) -> Wellington Lions (2020 - 2020) -> Hurricanes (2021 - 2021) -> Wellington Lions (2021 - 2021) -> Hurricanes (2021 - 2021) -> Wellington Lions (2021 - 2021) -> Hurricanes (2022 - 2022) -> Wellington Lions (2022 - 2023) -> Hurricanes (2023 - 2024) -> Wellington Lions (2024 - 2025) -> Rugby Club Vannes (2025 - 2026),,,https://all.rugby/player/james-o-reilly,Hurricanes (2016 - 2018) -> Wellington Lions (2018 - 2018) -> Hurricanes (2019 - 2019) -> Wellington Lions (2019 - 2020) -> Hurricanes (2020 - 2020) -> Wellington Lions (2020 - 2020) -> Hurricanes (2021 - 2021) -> Wellington Lions (2021 - 2021) -> Hurricanes (2021 - 2021) -> Wellington Lions (2021 - 2021) -> Hurricanes (2022 - 2022) -> Wellington Lions (2022 - 2023) -> Hurricanes (2023 - 2024) -> Wellington Lions (2024 - 2025) -> Rugby Club Vannes (2025 - 2026)
Théo BÉZIAT,Théo BÉZIAT,HO,ヴァンヌ,180,102,1994.05.11,,,,Racing Club Narbonnais (2004 - 2014) -> Stado Tarbes Pyrénées Rugby (2014 - 2017) -> Provence Rugby (2017 - 2020) -> Rugby Club Vannes (2020 - 2026),A,0,https://all.rugby/player/theo-beziat,,Racing Club Narbonnais (2004 - 2014) -> Stado Tarbes Pyrénées Rugby (2014 - 2017) -> Provence Rugby (2017 - 2020) -> Rugby Club Vannes (2020 - 2026),,,https://all.rugby/player/theo-beziat,Racing Club Narbonnais (2004 - 2014) -> Stado Tarbes Pyrénées Rugby (2014 - 2017) -> Provence Rugby (2017 - 2020) -> Rugby Club Vannes (2020 - 2026)
Tom SARTHOU,Tom SARTHOU,HO,ヴァンヌ,,,//2004,,,,Amicale Rugby de Marans (2011 - 2016) -> Stade Rochelais (2016 - 2024) -> Rugby Club Vannes (2024 - 2026),A,0,https://all.rugby/player/tom-sarthou,,Amicale Rugby de Marans (2011 - 2016) -> Stade Rochelais (2016 - 2024) -> Rugby Club Vannes (2024 - 2026),,,https://all.rugby/player/tom-sarthou,Amicale Rugby de Marans (2011 - 2016) -> Stade Rochelais (2016 - 2024) -> Rugby Club Vannes (2024 - 2026)
Eric MARKS,Eric MARKS,LO,ヴァンヌ,196,116,1996.12.09,,,,RC Aachen (2015 - 2016) -> Stade Rochelais (2016 - 2019) -> Rugby Club Vannes (2019 - 2026),A,0,https://all.rugby/player/eric-marks,,RC Aachen (2015 - 2016) -> Stade Rochelais (2016 - 2019) -> Rugby Club Vannes (2019 - 2026),Germany,Germany,https://all.rugby/player/eric-marks,RC Aachen (2015 - 2016) -> Stade Rochelais (2016 - 2019) -> Rugby Club Vannes (2019 - 2026)
Fabrice METZ,Fabrice METZ,LO,ヴァンヌ,198,127,1991.01.23,,,,Racing 92 (2010 - 2015) -> Oyonnax Rugby (2015 - 2016) -> Section Paloise Béarn Pyrénées (2016 - 2024) -> Rugby Club Vannes (2024 - 2026),A,0,https://all.rugby/player/fabrice-metz,,Racing 92 (2010 - 2015) -> Oyonnax Rugby (2015 - 2016) -> Section Paloise Béarn Pyrénées (2016 - 2024) -> Rugby Club Vannes (2024 - 2026),,,https://all.rugby/player/fabrice-metz,Racing 92 (2010 - 2015) -> Oyonnax Rugby (2015 - 2016) -> Section Paloise Béarn Pyrénées (2016 - 2024) -> Rugby Club Vannes (2024 - 2026)
Mattéo DESJEUX,Mattéo DESJEUX,LO,ヴァンヌ,200,120,2002.01.26,,,,Rugby Club du Pays Muzillacais (2007 - 2014) -> Rugby Club Vannes (2014 - 2026),A,0,https://all.rugby/player/matteo-desjeux,,Rugby Club du Pays Muzillacais (2007 - 2014) -> Rugby Club Vannes (2014 - 2026),,,https://all.rugby/player/matteo-desjeux,Rugby Club du Pays Muzillacais (2007 - 2014) -> Rugby Club Vannes (2014 - 2026)
Thomas GEFFRÉ,Thomas GEFFRÉ,LO,ヴァンヌ,204,112,1998.12.24,,,,Avenir Rugbystique Aytrésien (2011 - 2017) -> Niort RC (2017 - 2018) -> Sporting Union Agenais (2018 - 2019) -> Union Cognac-Saint-Jean d'Angély (2019 - 2021) -> CS Bourgoin Jallieu Rugby (2021 - 2022) -> Stade Langonnais (2022 - 2025) -> Rugby Club Vannes (2025 - 2026),A,0,https://all.rugby/player/thomas-geffre,,Avenir Rugbystique Aytrésien (2011 - 2017) -> Niort RC (2017 - 2018) -> Sporting Union Agenais (2018 - 2019) -> Union Cognac-Saint-Jean d'Angély (2019 - 2021) -> CS Bourgoin Jallieu Rugby (2021 - 2022) -> Stade Langonnais (2022 - 2025) -> Rugby Club Vannes (2025 - 2026),,,https://all.rugby/player/thomas-geffre,Avenir Rugbystique Aytrésien (2011 - 2017) -> Niort RC (2017 - 2018) -> Sporting Union Agenais (2018 - 2019) -> Union Cognac-Saint-Jean d'Angély (2019 - 2021) -> CS Bourgoin Jallieu Rugby (2021 - 2022) -> Stade Langonnais (2022 - 2025) -> Rugby Club Vannes (2025 - 2026)
Timothé MÉZOU,Timothé MÉZOU,LO,ヴァンヌ,202,120,2002.09.20,,,,Union Rugbystique de Landerneau (2016 - 2019) -> Rugby Club Vannes (2019 - 2026),A,0,https://all.rugby/player/timothe-mezou,,Union Rugbystique de Landerneau (2016 - 2019) -> Rugby Club Vannes (2019 - 2026),,,https://all.rugby/player/timothe-mezou,Union Rugbystique de Landerneau (2016 - 2019) -> Rugby Club Vannes (2019 - 2026)
Edoardo IACHIZZI,Edoardo IACHIZZI,FL/NO8,ヴァンヌ,196,112,1998.05.26,,,,Lazio (2015 - 2016) -> Union Sportive Arlequins Perpignanais (2016 - 2020) -> Rugby Club Vannes (2020 - 2023) -> Benetton Rugby Trévise (2023 - 2025) -> Rugby Club Vannes (2025 - 2026),A,0,https://all.rugby/player/edoardo-iachizzi,,Lazio (2015 - 2016) -> Union Sportive Arlequins Perpignanais (2016 - 2020) -> Rugby Club Vannes (2020 - 2023) -> Benetton Rugby Trévise (2023 - 2025) -> Rugby Club Vannes (2025 - 2026),,,https://all.rugby/player/edoardo-iachizzi,Lazio (2015 - 2016) -> Union Sportive Arlequins Perpignanais (2016 - 2020) -> Rugby Club Vannes (2020 - 2023) -> Benetton Rugby Trévise (2023 - 2025) -> Rugby Club Vannes (2025 - 2026)
Francisco GORRISSEN,Francisco GORRISSEN,FL/NO8,ヴァンヌ,191,108,1994.08.30,,,,Jaguares (2018 - 2020) -> Jaguares XV (2020 - 2020) -> Belgrano Athletic Club (2020 - 2020) -> Jaguares XV (2021 - 2021) -> Belgrano Athletic Club (2021 - 2021) -> Rugby Club Vannes (2021 - 2026),A,0,https://all.rugby/player/francisco-gorrissen,,Jaguares (2018 - 2020) -> Jaguares XV (2020 - 2020) -> Belgrano Athletic Club (2020 - 2020) -> Jaguares XV (2021 - 2021) -> Belgrano Athletic Club (2021 - 2021) -> Rugby Club Vannes (2021 - 2026),Argentina,Argentina,https://all.rugby/player/francisco-gorrissen,Jaguares (2018 - 2020) -> Jaguares XV (2020 - 2020) -> Belgrano Athletic Club (2020 - 2020) -> Jaguares XV (2021 - 2021) -> Belgrano Athletic Club (2021 - 2021) -> Rugby Club Vannes (2021 - 2026)
Joe EDWARDS,Joe EDWARDS,FL/NO8,ヴァンヌ,194,116,1993.09.21,,,,Blues (2014 - 2015) -> Auckland (2015 - 2015) -> Blues (2015 - 2015) -> Auckland (2016 - 2016) -> Blues (2016 - 2016) -> Union Bordeaux-Bègles (2016 - 2017) -> Provence Rugby (2017 - 2020) -> Rugby Club Vannes (2020 - 2026),A,0,https://all.rugby/player/joe-edwards,,Blues (2014 - 2015) -> Auckland (2015 - 2015) -> Blues (2015 - 2015) -> Auckland (2016 - 2016) -> Blues (2016 - 2016) -> Union Bordeaux-Bègles (2016 - 2017) -> Provence Rugby (2017 - 2020) -> Rugby Club Vannes (2020 - 2026),,,https://all.rugby/player/joe-edwards,Blues (2014 - 2015) -> Auckland (2015 - 2015) -> Blues (2015 - 2015) -> Auckland (2016 - 2016) -> Blues (2016 - 2016) -> Union Bordeaux-Bègles (2016 - 2017) -> Provence Rugby (2017 - 2020) -> Rugby Club Vannes (2020 - 2026)
Juan Bautista PEDEMONTE,Juan Bautista PEDEMONTE,FL/NO8,ヴァンヌ,189,107,2000.03.14,,,,Santiago Lawn Tennis Club (2018 - 2019) -> Jaguares (2019 - 2020) -> Jaguares XV (2021 - 2022) -> Rugby Club Vannes (2022 - 2026),A,0,https://all.rugby/player/juan-bautista-pedemonte,,Santiago Lawn Tennis Club (2018 - 2019) -> Jaguares (2019 - 2020) -> Jaguares XV (2021 - 2022) -> Rugby Club Vannes (2022 - 2026),,,https://all.rugby/player/juan-bautista-pedemonte,Santiago Lawn Tennis Club (2018 - 2019) -> Jaguares (2019 - 2020) -> Jaguares XV (2021 - 2022) -> Rugby Club Vannes (2022 - 2026)
Kitione KAMIKAMICA,Kitione KAMIKAMICA,FL/NO8,ヴァンヌ,188,110,1996.04.27,,,,Union Bordeaux-Bègles (2014 - 2018) -> Rugby Club Vannes (2018 - 2019) -> CA Brive Corrèze Limousin (2019 - 2022) -> Racing 92 (2022 - 2024) -> Rugby Club Vannes (2024 - 2026),A,0,https://all.rugby/player/kitione-kamikamica,,Union Bordeaux-Bègles (2014 - 2018) -> Rugby Club Vannes (2018 - 2019) -> CA Brive Corrèze Limousin (2019 - 2022) -> Racing 92 (2022 - 2024) -> Rugby Club Vannes (2024 - 2026),,,https://all.rugby/player/kitione-kamikamica,Union Bordeaux-Bègles (2014 - 2018) -> Rugby Club Vannes (2018 - 2019) -> CA Brive Corrèze Limousin (2019 - 2022) -> Racing 92 (2022 - 2024) -> Rugby Club Vannes (2024 - 2026)
Léon BOULIER,Léon BOULIER,FL/NO8,ヴァンヌ,193,109,2001.08.23,,,,Rugby Ouest Cotentin (2015 - 2017) -> Rugby Club Vannes (2017 - 2026),A,0,https://all.rugby/player/leon-boulier,,Rugby Ouest Cotentin (2015 - 2017) -> Rugby Club Vannes (2017 - 2026),,,https://all.rugby/player/leon-boulier,Rugby Ouest Cotentin (2015 - 2017) -> Rugby Club Vannes (2017 - 2026)
Simon AUGRY,Simon AUGRY,FL/NO8,ヴァンヌ,192,105,1997.08.22,,,,RC Nieuil l'Espoir (2005 - 2013) -> Stade Poitevin (2013 - 2016) -> Sporting Club Albigeois (2016 - 2017) -> Union Sportive Montalbanaise (2017 - 2022) -> Biarritz Olympique Pays Basque (2022 - 2024) -> Rugby Club Vannes (2024 - 2024) -> Biarritz Olympique Pays Basque (2025 - 2025) -> Rugby Club Vannes (2025 - 2026),A,0,https://all.rugby/player/simon-augry,,RC Nieuil l'Espoir (2005 - 2013) -> Stade Poitevin (2013 - 2016) -> Sporting Club Albigeois (2016 - 2017) -> Union Sportive Montalbanaise (2017 - 2022) -> Biarritz Olympique Pays Basque (2022 - 2024) -> Rugby Club Vannes (2024 - 2024) -> Biarritz Olympique Pays Basque (2025 - 2025) -> Rugby Club Vannes (2025 - 2026),,,https://all.rugby/player/simon-augry,RC Nieuil l'Espoir (2005 - 2013) -> Stade Poitevin (2013 - 2016) -> Sporting Club Albigeois (2016 - 2017) -> Union Sportive Montalbanaise (2017 - 2022) -> Biarritz Olympique Pays Basque (2022 - 2024) -> Rugby Club Vannes (2024 - 2024) -> Biarritz Olympique Pays Basque (2025 - 2025) -> Rugby Club Vannes (2025 - 2026)
Sione KALAMAFONI,Sione KALAMAFONI,FL/NO8,ヴァンヌ,196,120,1988.05.18,,,,Gloucester Rugby (2013 - 2017) -> Leicester Tigers (2017 - 2019) -> Scarlets (2019 - 2019) -> Leicester Tigers (2020 - 2020) -> Scarlets (2020 - 2023) -> Rugby Club Vannes (2023 - 2026),A,0,https://all.rugby/player/sione-kalafamoni,,Gloucester Rugby (2013 - 2017) -> Leicester Tigers (2017 - 2019) -> Scarlets (2019 - 2019) -> Leicester Tigers (2020 - 2020) -> Scarlets (2020 - 2023) -> Rugby Club Vannes (2023 - 2026),Tonga,Tonga,https://all.rugby/player/sione-kalafamoni,Gloucester Rugby (2013 - 2017) -> Leicester Tigers (2017 - 2019) -> Scarlets (2019 - 2019) -> Leicester Tigers (2020 - 2020) -> Scarlets (2020 - 2023) -> Rugby Club Vannes (2023 - 2026)
Steeve BLANC-MAPPAZ,Steeve BLANC-MAPPAZ,FL/NO8,ヴァンヌ,190,103,1990.07.02,,,,Stade Olympique Chambéry (2009 - 2017) -> Rugby Club Vannes (2017 - 2018) -> FC Grenoble Rugby (2018 - 2024) -> Lyon Olympique Universitaire Rugby (2024 - 2025) -> Rugby Club Vannes (2025 - 2025) -> Lyon Olympique Universitaire Rugby (2026 - 2026) -> Rugby Club Vannes (2026 - 2026),A,0,https://all.rugby/player/steeve-blanc-mappaz,,Stade Olympique Chambéry (2009 - 2017) -> Rugby Club Vannes (2017 - 2018) -> FC Grenoble Rugby (2018 - 2024) -> Lyon Olympique Universitaire Rugby (2024 - 2025) -> Rugby Club Vannes (2025 - 2025) -> Lyon Olympique Universitaire Rugby (2026 - 2026) -> Rugby Club Vannes (2026 - 2026),,,https://all.rugby/player/steeve-blanc-mappaz,Stade Olympique Chambéry (2009 - 2017) -> Rugby Club Vannes (2017 - 2018) -> FC Grenoble Rugby (2018 - 2024) -> Lyon Olympique Universitaire Rugby (2024 - 2025) -> Rugby Club Vannes (2025 - 2025) -> Lyon Olympique Universitaire Rugby (2026 - 2026) -> Rugby Club Vannes (2026 - 2026)
Jules LE BAIL,Jules LE BAIL,SH,ヴァンヌ,168,85,1992.02.09,,,,Stade Nantais (2009 - 2010) -> Stade Rochelais (2010 - 2017) -> Rugby Club Vannes (2017 - 2020) -> Stade Rochelais (2020 - 2023) -> Rugby Club Vannes (2023 - 2026),A,0,https://all.rugby/player/jules-le-bail,,Stade Nantais (2009 - 2010) -> Stade Rochelais (2010 - 2017) -> Rugby Club Vannes (2017 - 2020) -> Stade Rochelais (2020 - 2023) -> Rugby Club Vannes (2023 - 2026),,,https://all.rugby/player/jules-le-bail,Stade Nantais (2009 - 2010) -> Stade Rochelais (2010 - 2017) -> Rugby Club Vannes (2017 - 2020) -> Stade Rochelais (2020 - 2023) -> Rugby Club Vannes (2023 - 2026)
Michael RURU,Michael RURU,SH,ヴァンヌ,182,95,1990.12.03,,,,Western Force (2016 - 2017) -> Melbourne Rebels (2017 - 2019) -> Aviron Bayonnais (2019 - 2022) -> Rugby Club Vannes (2022 - 2022) -> Aviron Bayonnais (2023 - 2023) -> Rugby Club Vannes (2023 - 2026),A,0,https://all.rugby/player/michael-ruru,,Western Force (2016 - 2017) -> Melbourne Rebels (2017 - 2019) -> Aviron Bayonnais (2019 - 2022) -> Rugby Club Vannes (2022 - 2022) -> Aviron Bayonnais (2023 - 2023) -> Rugby Club Vannes (2023 - 2026),,,https://all.rugby/player/michael-ruru,Western Force (2016 - 2017) -> Melbourne Rebels (2017 - 2019) -> Aviron Bayonnais (2019 - 2022) -> Rugby Club Vannes (2022 - 2022) -> Aviron Bayonnais (2023 - 2023) -> Rugby Club Vannes (2023 - 2026)
Mikheil ALANIA,Mikheil ALANIA,SH,ヴァンヌ,180,83,2000.11.19,,,,RC Jiki Gori (2017 - 2018) -> RC Armazi (2018 - 2019) -> Stade Aurillacois Cantal Auvergne (2019 - 2025) -> Rugby Club Vannes (2025 - 2026),A,0,https://all.rugby/player/mikehil-alania,,RC Jiki Gori (2017 - 2018) -> RC Armazi (2018 - 2019) -> Stade Aurillacois Cantal Auvergne (2019 - 2025) -> Rugby Club Vannes (2025 - 2026),,,https://all.rugby/player/mikehil-alania,RC Jiki Gori (2017 - 2018) -> RC Armazi (2018 - 2019) -> Stade Aurillacois Cantal Auvergne (2019 - 2025) -> Rugby Club Vannes (2025 - 2026)
Richard JUDD,Richard JUDD,SH,ヴァンヌ,180,88,1992.05.18,,,,Hurricanes (2017 - 2018) -> Bay of Plenty Steamers (2018 - 2018) -> Hurricanes (2019 - 2019) -> Bay of Plenty Steamers (2019 - 2019) -> Tokyo Sungoliath (2019 - 2020) -> Wellington Lions (2020 - 2020) -> Tokyo Sungoliath (2021 - 2021) -> Wellington Lions (2021 - 2021) -> Hurricanes (2021 - 2021) -> Wellington Lions (2021 - 2021) -> Hurricanes (2022 - 2022) -> Wellington Lions (2022 - 2022) -> San Diego Legion (2022 - 2022) -> Bay of Plenty Steamers (2022 - 2022) -> San Diego Legion (2023 - 2023) -> Bay of Plenty Steamers (2023 - 2023) -> Hurricanes (2023 - 2024) -> San Diego Legion (2024 - 2024) -> Bay of Plenty Steamers (2024 - 2024) -> San Diego Legion (2025 - 2025) -> Bay of Plenty Steamers (2025 - 2025) -> Rugby Club Vannes (2025 - 2026),A,0,https://all.rugby/player/richard-judd,,Hurricanes (2017 - 2018) -> Bay of Plenty Steamers (2018 - 2018) -> Hurricanes (2019 - 2019) -> Bay of Plenty Steamers (2019 - 2019) -> Tokyo Sungoliath (2019 - 2020) -> Wellington Lions (2020 - 2020) -> Tokyo Sungoliath (2021 - 2021) -> Wellington Lions (2021 - 2021) -> Hurricanes (2021 - 2021) -> Wellington Lions (2021 - 2021) -> Hurricanes (2022 - 2022) -> Wellington Lions (2022 - 2022) -> San Diego Legion (2022 - 2022) -> Bay of Plenty Steamers (2022 - 2022) -> San Diego Legion (2023 - 2023) -> Bay of Plenty Steamers (2023 - 2023) -> Hurricanes (2023 - 2024) -> San Diego Legion (2024 - 2024) -> Bay of Plenty Steamers (2024 - 2024) -> San Diego Legion (2025 - 2025) -> Bay of Plenty Steamers (2025 - 2025) -> Rugby Club Vannes (2025 - 2026),,,https://all.rugby/player/richard-judd,Hurricanes (2017 - 2018) -> Bay of Plenty Steamers (2018 - 2018) -> Hurricanes (2019 - 2019) -> Bay of Plenty Steamers (2019 - 2019) -> Tokyo Sungoliath (2019 - 2020) -> Wellington Lions (2020 - 2020) -> Tokyo Sungoliath (2021 - 2021) -> Wellington Lions (2021 - 2021) -> Hurricanes (2021 - 2021) -> Wellington Lions (2021 - 2021) -> Hurricanes (2022 - 2022) -> Wellington Lions (2022 - 2022) -> San Diego Legion (2022 - 2022) -> Bay of Plenty Steamers (2022 - 2022) -> San Diego Legion (2023 - 2023) -> Bay of Plenty Steamers (2023 - 2023) -> Hurricanes (2023 - 2024) -> San Diego Legion (2024 - 2024) -> Bay of Plenty Steamers (2024 - 2024) -> San Diego Legion (2025 - 2025) -> Bay of Plenty Steamers (2025 - 2025) -> Rugby Club Vannes (2025 - 2026)
Maxime LAFAGE,Maxime LAFAGE,SO,ヴァンヌ,183,86,1994.09.01,,,,US Colomiers (2009 - 2018) -> Stade Rochelais (2018 - 2019) -> Aviron Bayonnais (2019 - 2019) -> Stade Rochelais (2020 - 2020) -> Aviron Bayonnais (2020 - 2022) -> Rugby Club Vannes (2022 - 2026),A,0,https://all.rugby/player/maxime-lafage,,US Colomiers (2009 - 2018) -> Stade Rochelais (2018 - 2019) -> Aviron Bayonnais (2019 - 2019) -> Stade Rochelais (2020 - 2020) -> Aviron Bayonnais (2020 - 2022) -> Rugby Club Vannes (2022 - 2026),,,https://all.rugby/player/maxime-lafage,US Colomiers (2009 - 2018) -> Stade Rochelais (2018 - 2019) -> Aviron Bayonnais (2019 - 2019) -> Stade Rochelais (2020 - 2020) -> Aviron Bayonnais (2020 - 2022) -> Rugby Club Vannes (2022 - 2026)
Thibault DEBAËS,Thibault DEBAËS,SO,ヴァンヌ,179,88,2001.11.30,,,,U.S. Morlaàs Rugby (2006 - 2014) -> Section Paloise Béarn Pyrénées (2014 - 2023) -> Rugby Club Vannes (2023 - 2023) -> Section Paloise Béarn Pyrénées (2024 - 2024) -> Rugby Club Vannes (2024 - 2026),A,0,https://all.rugby/player/thibault-debaes,,U.S. Morlaàs Rugby (2006 - 2014) -> Section Paloise Béarn Pyrénées (2014 - 2023) -> Rugby Club Vannes (2023 - 2023) -> Section Paloise Béarn Pyrénées (2024 - 2024) -> Rugby Club Vannes (2024 - 2026),,,https://all.rugby/player/thibault-debaes,U.S. Morlaàs Rugby (2006 - 2014) -> Section Paloise Béarn Pyrénées (2014 - 2023) -> Rugby Club Vannes (2023 - 2023) -> Section Paloise Béarn Pyrénées (2024 - 2024) -> Rugby Club Vannes (2024 - 2026)
Eliott ROUDIL,Eliott ROUDIL,CTB,ヴァンヌ,184,97,1996.10.30,,,,Stade Nantais (2004 - 2013) -> Stade Rochelais (2013 - 2020) -> Section Paloise Béarn Pyrénées (2020 - 2025) -> Rugby Club Vannes (2025 - 2026),A,0,https://all.rugby/player/elliot-roudil,,Stade Nantais (2004 - 2013) -> Stade Rochelais (2013 - 2020) -> Section Paloise Béarn Pyrénées (2020 - 2025) -> Rugby Club Vannes (2025 - 2026),,,https://all.rugby/player/elliot-roudil,Stade Nantais (2004 - 2013) -> Stade Rochelais (2013 - 2020) -> Section Paloise Béarn Pyrénées (2020 - 2025) -> Rugby Club Vannes (2025 - 2026)
Francis SAILI,Francis SAILI,CTB,ヴァンヌ,180,100,1991.02.16,,,,Blues (2011 - 2015) -> Munster Rugby (2015 - 2017) -> Harlequins (2017 - 2020) -> Biarritz Olympique Pays Basque (2020 - 2022) -> Racing 92 (2022 - 2022) -> Biarritz Olympique Pays Basque (2023 - 2023) -> Racing 92 (2023 - 2024) -> Rugby Club Vannes (2024 - 2026),A,0,https://all.rugby/player/francis-saili,,Blues (2011 - 2015) -> Munster Rugby (2015 - 2017) -> Harlequins (2017 - 2020) -> Biarritz Olympique Pays Basque (2020 - 2022) -> Racing 92 (2022 - 2022) -> Biarritz Olympique Pays Basque (2023 - 2023) -> Racing 92 (2023 - 2024) -> Rugby Club Vannes (2024 - 2026),,,https://all.rugby/player/francis-saili,Blues (2011 - 2015) -> Munster Rugby (2015 - 2017) -> Harlequins (2017 - 2020) -> Biarritz Olympique Pays Basque (2020 - 2022) -> Racing 92 (2022 - 2022) -> Biarritz Olympique Pays Basque (2023 - 2023) -> Racing 92 (2023 - 2024) -> Rugby Club Vannes (2024 - 2026)
Iñaki AYARZA,Iñaki AYARZA,CTB,ヴァンヌ,186,102,1999.09.07,,,,Aviron Bayonnais (2018 - 2021) -> Soyaux-Angoulême XV Charente (2021 - 2024) -> Rugby Club Vannes (2024 - 2026),A,0,https://all.rugby/player/inaki-ayarza,,Aviron Bayonnais (2018 - 2021) -> Soyaux-Angoulême XV Charente (2021 - 2024) -> Rugby Club Vannes (2024 - 2026),Chile,Chile,https://all.rugby/player/inaki-ayarza,Aviron Bayonnais (2018 - 2021) -> Soyaux-Angoulême XV Charente (2021 - 2024) -> Rugby Club Vannes (2024 - 2026)
Marin BOULIER,Marin BOULIER,CTB,ヴァンヌ,180,95,2003.08.21,,,,Rugby Ouest Cotentin (2008 - 2020) -> Stade Caennais RC (2020 - 2021) -> Rouen Normandie Rugby (2021 - 2025) -> Rugby Club Vannes (2025 - 2026),A,0,https://all.rugby/player/marin-boulier,,Rugby Ouest Cotentin (2008 - 2020) -> Stade Caennais RC (2020 - 2021) -> Rouen Normandie Rugby (2021 - 2025) -> Rugby Club Vannes (2025 - 2026),,,https://all.rugby/player/marin-boulier,Rugby Ouest Cotentin (2008 - 2020) -> Stade Caennais RC (2020 - 2021) -> Rouen Normandie Rugby (2021 - 2025) -> Rugby Club Vannes (2025 - 2026)
Pierre BOUDEHENT,Pierre BOUDEHENT,CTB,ヴァンヌ,196,107,1998.02.06,,,,SCO RC Angers (2009 - 2013) -> Stade Nantais (2013 - 2015) -> Stade Rochelais (2015 - 2019) -> Rugby Club Vannes (2019 - 2019) -> Stade Rochelais (2020 - 2020) -> Rugby Club Vannes (2020 - 2020) -> Stade Rochelais (2020 - 2023) -> Stade Français Paris Rugby (2023 - 2024) -> Rugby Club Vannes (2024 - 2024) -> Stade Français Paris Rugby (2025 - 2025) -> Rugby Club Vannes (2025 - 2026),A,0,https://all.rugby/player/pierre-boudehent,,SCO RC Angers (2009 - 2013) -> Stade Nantais (2013 - 2015) -> Stade Rochelais (2015 - 2019) -> Rugby Club Vannes (2019 - 2019) -> Stade Rochelais (2020 - 2020) -> Rugby Club Vannes (2020 - 2020) -> Stade Rochelais (2020 - 2023) -> Stade Français Paris Rugby (2023 - 2024) -> Rugby Club Vannes (2024 - 2024) -> Stade Français Paris Rugby (2025 - 2025) -> Rugby Club Vannes (2025 - 2026),,,https://all.rugby/player/pierre-boudehent,SCO RC Angers (2009 - 2013) -> Stade Nantais (2013 - 2015) -> Stade Rochelais (2015 - 2019) -> Rugby Club Vannes (2019 - 2019) -> Stade Rochelais (2020 - 2020) -> Rugby Club Vannes (2020 - 2020) -> Stade Rochelais (2020 - 2023) -> Stade Français Paris Rugby (2023 - 2024) -> Rugby Club Vannes (2024 - 2024) -> Stade Français Paris Rugby (2025 - 2025) -> Rugby Club Vannes (2025 - 2026)
Robin TACCOLA,Robin TACCOLA,CTB,ヴァンヌ,186,92,//2005,,,,Rueil Athlétic Club Rugby (2011 - 2014) -> RC Suresnes (2014 - 2016) -> Rugby Club Vannes (2016 - 2026),A,0,https://all.rugby/player/robin-taccola,,Rueil Athlétic Club Rugby (2011 - 2014) -> RC Suresnes (2014 - 2016) -> Rugby Club Vannes (2016 - 2026),,,https://all.rugby/player/robin-taccola,Rueil Athlétic Club Rugby (2011 - 2014) -> RC Suresnes (2014 - 2016) -> Rugby Club Vannes (2016 - 2026)
Ben STEVENSON,Ben STEVENSON,WTB,ヴァンヌ,189,99,1998.07.19,,,,Newcastle (2016 - 2025) -> Rugby Club Vannes (2025 - 2026),A,0,https://all.rugby/player/ben-stevenson,,Newcastle (2016 - 2025) -> Rugby Club Vannes (2025 - 2026),,,https://all.rugby/player/ben-stevenson,Newcastle (2016 - 2025) -> Rugby Club Vannes (2025 - 2026)
Enzo BENMEGAL,Enzo BENMEGAL,WTB,ヴァンヌ,179,81,2003.10.28,,,,Union Rugby Centre 78 (2011 - 2014) -> Racing 92 (2014 - 2023) -> Rugby Club Vannes (2023 - 2023) -> Racing 92 (2024 - 2024) -> Rugby Club Vannes (2024 - 2026),A,0,https://all.rugby/player/enzo-benmegal,,Union Rugby Centre 78 (2011 - 2014) -> Racing 92 (2014 - 2023) -> Rugby Club Vannes (2023 - 2023) -> Racing 92 (2024 - 2024) -> Rugby Club Vannes (2024 - 2026),,,https://all.rugby/player/enzo-benmegal,Union Rugby Centre 78 (2011 - 2014) -> Racing 92 (2014 - 2023) -> Rugby Club Vannes (2023 - 2023) -> Racing 92 (2024 - 2024) -> Rugby Club Vannes (2024 - 2026)
Romaric CAMOU,Romaric CAMOU,WTB,ヴァンヌ,174,84,1996.10.09,,,,Stade Rochelais (2011 - 2019) -> USON Nevers Rugby (2019 - 2022) -> Rugby Club Vannes (2022 - 2026),A,0,https://all.rugby/player/romarick-camou,,Stade Rochelais (2011 - 2019) -> USON Nevers Rugby (2019 - 2022) -> Rugby Club Vannes (2022 - 2026),,,https://all.rugby/player/romarick-camou,Stade Rochelais (2011 - 2019) -> USON Nevers Rugby (2019 - 2022) -> Rugby Club Vannes (2022 - 2026)
Anthony BOUTHIER,Anthony BOUTHIER,FB,ヴァンヌ,182,86,1992.06.19,,,,RC Pouillon (2004 - 2011) -> US Dax Rugby Landes (2011 - 2014) -> Rugby Club Vannes (2014 - 2019) -> Montpellier Hérault Rugby (2019 - 2025) -> Rugby Club Vannes (2025 - 2026),A,0,https://all.rugby/player/anthony-bouthier,,RC Pouillon (2004 - 2011) -> US Dax Rugby Landes (2011 - 2014) -> Rugby Club Vannes (2014 - 2019) -> Montpellier Hérault Rugby (2019 - 2025) -> Rugby Club Vannes (2025 - 2026),France,France,https://all.rugby/player/anthony-bouthier,RC Pouillon (2004 - 2011) -> US Dax Rugby Landes (2011 - 2014) -> Rugby Club Vannes (2014 - 2019) -> Montpellier Hérault Rugby (2019 - 2025) -> Rugby Club Vannes (2025 - 2026)
Gwenaël DUPLENNE,Gwenaël DUPLENNE,FB,ヴァンヌ,186,87,1993.08.09,,,,RC Lavallois (2004 - 2006) -> Rugby Club Vannes (2006 - 2012) -> Lyon Olympique Universitaire Rugby (2012 - 2013) -> Rugby Club Vannes (2013 - 2026),A,0,https://all.rugby/player/gwenael-duplenne,,RC Lavallois (2004 - 2006) -> Rugby Club Vannes (2006 - 2012) -> Lyon Olympique Universitaire Rugby (2012 - 2013) -> Rugby Club Vannes (2013 - 2026),,,https://all.rugby/player/gwenael-duplenne,RC Lavallois (2004 - 2006) -> Rugby Club Vannes (2006 - 2012) -> Lyon Olympique Universitaire Rugby (2012 - 2013) -> Rugby Club Vannes (2013 - 2026)
Paul SURANO,Paul SURANO,FB,ヴァンヌ,180,85,1998.08.25,,,,Hac Rugby (2005 - 2008) -> RC Port du Havre (2008 - 2016) -> Rouen Normandie Rugby (2016 - 2023) -> Rugby Club Vannes (2023 - 2026),A,0,https://all.rugby/player/paul-surano,,Hac Rugby (2005 - 2008) -> RC Port du Havre (2008 - 2016) -> Rouen Normandie Rugby (2016 - 2023) -> Rugby Club Vannes (2023 - 2026),,,https://all.rugby/player/paul-surano,Hac Rugby (2005 - 2008) -> RC Port du Havre (2008 - 2016) -> Rouen Normandie Rugby (2016 - 2023) -> Rugby Club Vannes (2023 - 2026)
