英語名,選手名,ポジション,所属チーム,身長,体重,生年月日,年齢,高校,大学,出身校・チーム歴(全文),カテゴリ,URL,キャリア遍歴,代表キャップ数,International_Caps,Scraped_Url,Full_Career
Fin RICHARDSON,Fin RICHARDSON,PR,Glasgow,183,124,1998.09.16,,,,,A,https://all.rugby/player/finlay-richardson,Exeter University RFC (2021 - 2022) -> Exeter Chiefs (2022 - 2023) -> Cornish Pirates (2023 - 2023) -> Exeter Chiefs (2024 - 2024) -> Cornish Pirates (2024 - 2024) -> Glasgow Warriors (2024 - 2026),,,https://all.rugby/player/finlay-richardson,Exeter University RFC (2021 - 2022) -> Exeter Chiefs (2022 - 2023) -> Cornish Pirates (2023 - 2023) -> Exeter Chiefs (2024 - 2024) -> Cornish Pirates (2024 - 2024) -> Glasgow Warriors (2024 - 2026)
Jamie BHATTI,Jamie BHATTI,PR,Glasgow,185,125,1993.09.08,,,,,A,https://all.rugby/player/jamie-bhatti,Glasgow Warriors (2016 - 2019) -> Edimbourg Rugby (2019 - 2020) -> Bath Rugby (2020 - 2020) -> Edimbourg Rugby (2021 - 2021) -> Bath Rugby (2021 - 2021) -> Glasgow Warriors (2021 - 2026),Scotland,Scotland,https://all.rugby/player/jamie-bhatti,Glasgow Warriors (2016 - 2019) -> Edimbourg Rugby (2019 - 2020) -> Bath Rugby (2020 - 2020) -> Edimbourg Rugby (2021 - 2021) -> Bath Rugby (2021 - 2021) -> Glasgow Warriors (2021 - 2026)
Murphy WALKER,Murphy WALKER,PR,Glasgow,185,110,1999.10.25,,,,,A,https://all.rugby/player/murphy-walker,Glasgow Warriors (2018 - 2026),,,https://all.rugby/player/murphy-walker,Glasgow Warriors (2018 - 2026)
Nathan MCBETH,Nathan MCBETH,PR,Glasgow,189,120,1998.06.08,,,,,A,https://all.rugby/player/nathan-mcbeth,Lions Rugby (2018 - 2020) -> Golden Lions (2020 - 2020) -> Lions Rugby (2021 - 2021) -> Golden Lions (2021 - 2021) -> Glasgow Warriors (2021 - 2026),,,https://all.rugby/player/nathan-mcbeth,Lions Rugby (2018 - 2020) -> Golden Lions (2020 - 2020) -> Lions Rugby (2021 - 2021) -> Golden Lions (2021 - 2021) -> Glasgow Warriors (2021 - 2026)
Patrick SCHICKERLING,Patrick SCHICKERLING,PR,Glasgow,182,120,1998.10.16,,,,,A,https://all.rugby/player/patrick-schickerling,Exeter Chiefs (2019 - 2024) -> Glasgow Warriors (2024 - 2026),,,https://all.rugby/player/patrick-schickerling,Exeter Chiefs (2019 - 2024) -> Glasgow Warriors (2024 - 2026)
Rory SUTHERLAND,Rory SUTHERLAND,PR,Glasgow,183,116,1992.08.24,,,,,A,https://all.rugby/player/rory-sutherland,Edimbourg Rugby (2014 - 2021) -> Worcester Warriors (2021 - 2022) -> Ulster Rugby (2022 - 2022) -> Worcester Warriors (2023 - 2023) -> Ulster Rugby (2023 - 2023) -> Oyonnax Rugby (2023 - 2024) -> Glasgow Warriors (2024 - 2026),Scotland,Scotland,https://all.rugby/player/rory-sutherland,Edimbourg Rugby (2014 - 2021) -> Worcester Warriors (2021 - 2022) -> Ulster Rugby (2022 - 2022) -> Worcester Warriors (2023 - 2023) -> Ulster Rugby (2023 - 2023) -> Oyonnax Rugby (2023 - 2024) -> Glasgow Warriors (2024 - 2026)
Sam TALAKAI,Sam TALAKAI,PR,Glasgow,183,122,1991.09.04,,,,,A,https://all.rugby/player/sam-talakai,Queensland Reds (2014 - 2017) -> Melbourne Rebels (2017 - 2019) -> Tokyo Sungoliath (2019 - 2022) -> Melbourne Rebels (2022 - 2024) -> Glasgow Warriors (2024 - 2026),Australia,Australia,https://all.rugby/player/sam-talakai,Queensland Reds (2014 - 2017) -> Melbourne Rebels (2017 - 2019) -> Tokyo Sungoliath (2019 - 2022) -> Melbourne Rebels (2022 - 2024) -> Glasgow Warriors (2024 - 2026)
Zander FAGERSON,Zander FAGERSON,PR,Glasgow,188,126,1996.01.19,,,,,A,https://all.rugby/player/zander-fagerson,Glasgow Warriors (2014 - 2026),Scotland,Scotland,https://all.rugby/player/zander-fagerson,Glasgow Warriors (2014 - 2026)
Angus FRASER,Angus FRASER,HO,Glasgow,181,110,1999.12.09,,,,,A,https://all.rugby/player/angus-fraser,Glasgow Warriors (2021 - 2026),,,https://all.rugby/player/angus-fraser,Glasgow Warriors (2021 - 2026)
Grant STEWART,Grant STEWART,HO,Glasgow,182,113,1995.02.28,,,,,A,https://all.rugby/player/grant-stewart,Glasgow Warriors (2017 - 2022) -> Connacht Rugby (2022 - 2023) -> Ayr RFC (2023 - 2023) -> Glasgow Warriors (2023 - 2023) -> Ayr RFC (2024 - 2024) -> Glasgow Warriors (2024 - 2026),Scotland,Scotland,https://all.rugby/player/grant-stewart,Glasgow Warriors (2017 - 2022) -> Connacht Rugby (2022 - 2023) -> Ayr RFC (2023 - 2023) -> Glasgow Warriors (2023 - 2023) -> Ayr RFC (2024 - 2024) -> Glasgow Warriors (2024 - 2026)
Gregor HIDDLESTON,Gregor HIDDLESTON,HO,Glasgow,187,120,2002.03.26,,,,,A,https://all.rugby/player/gregor-hiddleston,Glasgow Hutchesons Aloysians RFC (2021 - 2022) -> Glasgow Warriors (2022 - 2026),,,https://all.rugby/player/gregor-hiddleston,Glasgow Hutchesons Aloysians RFC (2021 - 2022) -> Glasgow Warriors (2022 - 2026)
Joe ROBERTS,Joe ROBERTS,HO,Glasgow,187,106,2006..,,,,,A,https://all.rugby/player/joe-roberts-,Robert Gordon’s College (2024 - 2025) -> Glasgow Warriors (2025 - 2026),,,https://all.rugby/player/joe-roberts-,Robert Gordon’s College (2024 - 2025) -> Glasgow Warriors (2025 - 2026)
Johnny MATTHEWS,Johnny MATTHEWS,HO,Glasgow,183,110,1993.07.05,,,,,A,https://all.rugby/player/johnny-matthews,Glasgow Warriors (2019 - 2026),,,https://all.rugby/player/johnny-matthews,Glasgow Warriors (2019 - 2026)
Tavi TUIPULOTU,Tavi TUIPULOTU,HO,Glasgow,181,110,2004.03.07,,,,,A,https://all.rugby/player/ottavio-tuipulotu,Melbourne Rebels (2023 - 2024) -> New South Wales Waratahs (2024 - 2025) -> Glasgow Warriors (2025 - 2026),,,https://all.rugby/player/ottavio-tuipulotu,Melbourne Rebels (2023 - 2024) -> New South Wales Waratahs (2024 - 2025) -> Glasgow Warriors (2025 - 2026)
Alex CRAIG,Alex CRAIG,LO,Glasgow,198,119,1997.04.26,,,,,A,https://all.rugby/player/alex-craig,Gloucester Rugby (2018 - 2023) -> Scarlets (2023 - 2025) -> Glasgow Warriors (2025 - 2026),Scotland,Scotland,https://all.rugby/player/alex-craig,Gloucester Rugby (2018 - 2023) -> Scarlets (2023 - 2025) -> Glasgow Warriors (2025 - 2026)
Alex SAMUEL,Alex SAMUEL,LO,Glasgow,206,124,2002.12.27,,,,,A,https://all.rugby/player/alex-samuel,Glasgow Warriors (2020 - 2026),Scotland,Scotland,https://all.rugby/player/alex-samuel,Glasgow Warriors (2020 - 2026)
Euan FERRIE,Euan FERRIE,LO,Glasgow,194,110,2001.07.23,,,,,A,https://all.rugby/player/euan-ferrie,Glasgow Hawks (2020 - 2021) -> Boroughmuir RFC (2021 - 2022) -> Glasgow Warriors (2022 - 2026),,,https://all.rugby/player/euan-ferrie,Glasgow Hawks (2020 - 2021) -> Boroughmuir RFC (2021 - 2022) -> Glasgow Warriors (2022 - 2026)
Gregor BROWN,Gregor BROWN,LO,Glasgow,196,109,2001.07.01,,,,,A,https://all.rugby/player/gregor-brown,Glasgow Warriors (2020 - 2026),Scotland,Scotland,https://all.rugby/player/gregor-brown,Glasgow Warriors (2020 - 2026)
Max WILLIAMSON,Max WILLIAMSON,LO,Glasgow,200,120,2002.08.05,,,,,A,https://all.rugby/player/max-williamson,Glasgow Warriors (2020 - 2022) -> Doncaster Knights (2022 - 2022) -> Glasgow Warriors (2023 - 2023) -> Doncaster Knights (2023 - 2023) -> Glasgow Warriors (2023 - 2026),Scotland,Scotland,https://all.rugby/player/max-williamson,Glasgow Warriors (2020 - 2022) -> Doncaster Knights (2022 - 2022) -> Glasgow Warriors (2023 - 2023) -> Doncaster Knights (2023 - 2023) -> Glasgow Warriors (2023 - 2026)
Olujare OGUNTIBEJU,Olujare OGUNTIBEJU,LO,Glasgow,202,123,2002.05.14,,,,,A,https://all.rugby/player/olujare-oguntibeju,Ealing Trailfinders (2020 - 2023) -> Stirling County RFC (2023 - 2024) -> Glasgow Warriors (2024 - 2026),,,https://all.rugby/player/olujare-oguntibeju,Ealing Trailfinders (2020 - 2023) -> Stirling County RFC (2023 - 2024) -> Glasgow Warriors (2024 - 2026)
Scott CUMMINGS,Scott CUMMINGS,LO,Glasgow,199,117,1996.12.03,,,,,A,https://all.rugby/player/scott-cummings,Glasgow Warriors (2015 - 2026),Scotland,Scotland,https://all.rugby/player/scott-cummings,Glasgow Warriors (2015 - 2026)
Ally MILLER,Ally MILLER,Back row,Glasgow,193,112,1996.05.10,,,,,A,https://all.rugby/player/ally-miller,Edimbourg Rugby (2017 - 2021) -> Glasgow Warriors (2021 - 2026),,,https://all.rugby/player/ally-miller,Edimbourg Rugby (2017 - 2021) -> Glasgow Warriors (2021 - 2026)
Jack DEMPSEY,Jack DEMPSEY,Back row,Glasgow,191,112,1994.04.12,,,,,A,https://all.rugby/player/jack-dempsey,New South Wales Waratahs (2014 - 2021) -> Glasgow Warriors (2021 - 2026),Australia,Australia,https://all.rugby/player/jack-dempsey,New South Wales Waratahs (2014 - 2021) -> Glasgow Warriors (2021 - 2026)
Matt FAGERSON,Matt FAGERSON,Back row,Glasgow,186,110,1998.07.16,,,,,A,https://all.rugby/player/matt-fagerson,Glasgow Warriors (2016 - 2026),Scotland,Scotland,https://all.rugby/player/matt-fagerson,Glasgow Warriors (2016 - 2026)
Rory DARGE,Rory DARGE,Back row,Glasgow,186,102,2000.02.23,,,,,A,https://all.rugby/player/rory-darge,Southern Knights (2019 - 2020) -> Edimbourg Rugby (2020 - 2020) -> Glasgow Warriors (2020 - 2020) -> Edimbourg Rugby (2021 - 2021) -> Glasgow Warriors (2021 - 2026),Scotland,Scotland,https://all.rugby/player/rory-darge,Southern Knights (2019 - 2020) -> Edimbourg Rugby (2020 - 2020) -> Glasgow Warriors (2020 - 2020) -> Edimbourg Rugby (2021 - 2021) -> Glasgow Warriors (2021 - 2026)
Sione VAILANU,Sione VAILANU,Back row,Glasgow,189,127,1995.01.27,,,,,A,https://all.rugby/player/sione-vailanu,Saracens (2017 - 2019) -> Wasps (2019 - 2021) -> Worcester Warriors (2021 - 2022) -> Glasgow Warriors (2022 - 2026),Tonga,Tonga,https://all.rugby/player/sione-vailanu,Saracens (2017 - 2019) -> Wasps (2019 - 2021) -> Worcester Warriors (2021 - 2022) -> Glasgow Warriors (2022 - 2026)
Ben AFSHAR,Ben AFSHAR,SH,Glasgow,184,81,2003.04.02,,,,,A,https://all.rugby/player/ben-afshar,Southern Knights (2021 - 2022) -> Glasgow Warriors (2022 - 2026),,,https://all.rugby/player/ben-afshar,Southern Knights (2021 - 2022) -> Glasgow Warriors (2022 - 2026)
George HORNE,George HORNE,SH,Glasgow,174,81,1995.05.12,,,,,A,https://all.rugby/player/george-horne,Glasgow Warriors (2016 - 2026),Scotland,Scotland,https://all.rugby/player/george-horne,Glasgow Warriors (2016 - 2026)
Jamie DOBIE,Jamie DOBIE,SH,Glasgow,175,81,2001.06.07,,,,,A,https://all.rugby/player/jamie-dobie,Glasgow Warriors (2019 - 2021) -> Bay of Plenty Steamers (2021 - 2021) -> Glasgow Warriors (2022 - 2022) -> Bay of Plenty Steamers (2022 - 2022) -> Glasgow Warriors (2022 - 2026),Scotland,Scotland,https://all.rugby/player/jamie-dobie,Glasgow Warriors (2019 - 2021) -> Bay of Plenty Steamers (2021 - 2021) -> Glasgow Warriors (2022 - 2022) -> Bay of Plenty Steamers (2022 - 2022) -> Glasgow Warriors (2022 - 2026)
Adam HASTINGS,Adam HASTINGS,SO,Glasgow,189,93,1996.10.05,,,,,A,https://all.rugby/player/adam-hastings,Bath Rugby (2015 - 2017) -> Glasgow Warriors (2017 - 2021) -> Gloucester Rugby (2021 - 2024) -> Glasgow Warriors (2024 - 2026),Scotland,Scotland,https://all.rugby/player/adam-hastings,Bath Rugby (2015 - 2017) -> Glasgow Warriors (2017 - 2021) -> Gloucester Rugby (2021 - 2024) -> Glasgow Warriors (2024 - 2026)
Charlie SAVALA,Charlie SAVALA,SO,Glasgow,193,102,2000.04.21,,,,,A,https://all.rugby/player/charlie-savala,Sydney Roosters (2019 - 2020) -> Edimbourg Rugby (2020 - 2023) -> Northampton Saints (2023 - 2023) -> Edimbourg Rugby (2024 - 2024) -> Northampton Saints (2024 - 2025) -> Glasgow Warriors (2025 - 2026),,,https://all.rugby/player/charlie-savala,Sydney Roosters (2019 - 2020) -> Edimbourg Rugby (2020 - 2023) -> Northampton Saints (2023 - 2023) -> Edimbourg Rugby (2024 - 2024) -> Northampton Saints (2024 - 2025) -> Glasgow Warriors (2025 - 2026)
Dan LANCASTER,Dan LANCASTER,SO,Glasgow,183,96,2001.05.23,,,,,A,https://all.rugby/player/dan-lancaster,Leeds Tykes (2020 - 2021) -> Leicester Tigers (2021 - 2022) -> Ealing Trailfinders (2022 - 2024) -> Racing 92 (2024 - 2025) -> Glasgow Warriors (2025 - 2026),,,https://all.rugby/player/dan-lancaster,Leeds Tykes (2020 - 2021) -> Leicester Tigers (2021 - 2022) -> Ealing Trailfinders (2022 - 2024) -> Racing 92 (2024 - 2025) -> Glasgow Warriors (2025 - 2026)
Duncan WEIR,Duncan WEIR,SO,Glasgow,176,91,1991.05.10,,,,,A,https://all.rugby/player/duncan-weir,Glasgow Warriors (2013 - 2016) -> Edimbourg Rugby (2016 - 2018) -> Worcester Warriors (2018 - 2021) -> Glasgow Warriors (2021 - 2026),Scotland,Scotland,https://all.rugby/player/duncan-weir,Glasgow Warriors (2013 - 2016) -> Edimbourg Rugby (2016 - 2018) -> Worcester Warriors (2018 - 2021) -> Glasgow Warriors (2021 - 2026)
Duncan MUNN,Duncan MUNN,CTB,Glasgow,191,94,2003.05.28,,,,,A,https://all.rugby/player/duncan-munn,Boroughmuir RFC (2021 - 2022) -> Glasgow Warriors (2022 - 2026),,,https://all.rugby/player/duncan-munn,Boroughmuir RFC (2021 - 2022) -> Glasgow Warriors (2022 - 2026)
Huw JONES,Huw JONES,CTB,Glasgow,186,102,1993.12.17,,,,,A,https://all.rugby/player/huw-jones,Stormers (2014 - 2016) -> Glasgow Warriors (2017 - 2021) -> Harlequins (2021 - 2022) -> Glasgow Warriors (2022 - 2026),Scotland,Scotland,https://all.rugby/player/huw-jones,Stormers (2014 - 2016) -> Glasgow Warriors (2017 - 2021) -> Harlequins (2021 - 2022) -> Glasgow Warriors (2022 - 2026)
Kyle STEYN,Kyle STEYN,CTB,Glasgow,188,102,1994.01.29,,,,,A,https://all.rugby/player/kyle-steyn,Glasgow Warriors (2018 - 2026),South Africa,South Africa,https://all.rugby/player/kyle-steyn,Glasgow Warriors (2018 - 2026)
Sione TUIPULOTU,Sione TUIPULOTU,CTB,Glasgow,178,104,1997.02.12,,,,,A,https://all.rugby/player/sione-tuipulotu,Melbourne Rebels (2015 - 2019) -> Shizuoka Blue Revs (2019 - 2021) -> Glasgow Warriors (2021 - 2026),Australia,Australia,https://all.rugby/player/sione-tuipulotu,Melbourne Rebels (2015 - 2019) -> Shizuoka Blue Revs (2019 - 2021) -> Glasgow Warriors (2021 - 2026)
Stafford MCDOWALL,Stafford MCDOWALL,CTB,Glasgow,193,103,1998.02.24,,,,,A,https://all.rugby/player/stafford-mcdowall,Glasgow Warriors (2017 - 2026),Scotland,Scotland,https://all.rugby/player/stafford-mcdowall,Glasgow Warriors (2017 - 2026)
Josh MCKAY,Josh MCKAY,FB,Glasgow,183,95,1997.10.10,,,,,A,https://all.rugby/player/josh-mckay,Highlanders (2017 - 2019) -> Canterbury (2019 - 2019) -> Highlanders (2020 - 2020) -> Canterbury (2020 - 2020) -> Crusaders (2020 - 2020) -> Canterbury (2020 - 2020) -> Crusaders (2021 - 2021) -> Canterbury (2021 - 2021) -> Glasgow Warriors (2021 - 2026),,,https://all.rugby/player/josh-mckay,Highlanders (2017 - 2019) -> Canterbury (2019 - 2019) -> Highlanders (2020 - 2020) -> Canterbury (2020 - 2020) -> Crusaders (2020 - 2020) -> Canterbury (2020 - 2020) -> Crusaders (2021 - 2021) -> Canterbury (2021 - 2021) -> Glasgow Warriors (2021 - 2026)
Kyle ROWE,Kyle ROWE,FB,Glasgow,183,88,1998.02.08,,,,,A,https://all.rugby/player/kyle-rowe,Edimbourg Rugby (2020 - 2021) -> London Irish (2021 - 2023) -> Glasgow Warriors (2023 - 2026),Scotland,Scotland,https://all.rugby/player/kyle-rowe,Edimbourg Rugby (2020 - 2021) -> London Irish (2021 - 2023) -> Glasgow Warriors (2023 - 2026)
Ollie SMITH,Ollie SMITH,FB,Glasgow,188,98,2000.08.07,,,,,A,https://all.rugby/player/ollie-smith,Glasgow Warriors (2018 - 2026),Scotland,Scotland,https://all.rugby/player/ollie-smith,Glasgow Warriors (2018 - 2026)
Jackson RENNIE,Jackson RENNIE,PR,Glasgow,188,119,2007..,,,,,A,https://all.rugby/player/jackson-rennie,Glasgow Warriors (2025 - 2026),,,https://all.rugby/player/jackson-rennie,Glasgow Warriors (2025 - 2026)
Jake SHEARER,Jake SHEARER,PR,Glasgow,185,113,2005..,,,,,A,https://all.rugby/player/jake-shearer,Cumnock RFC (2023 - 2024) -> Glasgow Warriors (2024 - 2026),,,https://all.rugby/player/jake-shearer,Cumnock RFC (2023 - 2024) -> Glasgow Warriors (2024 - 2026)
Ollie MCKENNA,Ollie MCKENNA,PR,Glasgow,182,109,2006..,,,,,A,https://all.rugby/player/ollie-mckenna,Glasgow Hutchesons Aloysians RFC (2023 - 2024) -> Glasgow Warriors (2024 - 2026),,,https://all.rugby/player/ollie-mckenna,Glasgow Hutchesons Aloysians RFC (2023 - 2024) -> Glasgow Warriors (2024 - 2026)
Seb STEPHEN,Seb STEPHEN,HO,Glasgow,189,113,2005..,,,,,A,https://all.rugby/player/seb-stephen,Glasgow Warriors (2024 - 2026),,,https://all.rugby/player/seb-stephen,Glasgow Warriors (2024 - 2026)
Dan HALKON,Dan HALKON,LO,Glasgow,200,120,2006..,,,,,A,https://all.rugby/player/dan-halkon,RGS Worcester (2023 - 2024) -> Glasgow Warriors (2024 - 2026),,,https://all.rugby/player/dan-halkon,RGS Worcester (2023 - 2024) -> Glasgow Warriors (2024 - 2026)
Dylan COCKBURN,Dylan COCKBURN,LO,Glasgow,195,112,2005..,,,,,A,https://all.rugby/player/dylan-cockburn,Melrose RFC (2023 - 2025) -> Glasgow Warriors (2025 - 2026),,,https://all.rugby/player/dylan-cockburn,Melrose RFC (2023 - 2025) -> Glasgow Warriors (2025 - 2026)
Ryan BURKE,Ryan BURKE,LO,Glasgow,200,117,2004..,,,,,A,https://all.rugby/player/ryan-burke,Glasgow Warriors (2023 - 2026),,,https://all.rugby/player/ryan-burke,Glasgow Warriors (2023 - 2026)
Archie MCMICHAEL,Archie MCMICHAEL,Back row,Glasgow,193,93,2006..,,,,,A,https://all.rugby/player/archie-mcmichael,Strathallan Rugby Academy (2023 - 2024) -> Glasgow Warriors (2024 - 2026),,,https://all.rugby/player/archie-mcmichael,Strathallan Rugby Academy (2023 - 2024) -> Glasgow Warriors (2024 - 2026)
Jonny MORRIS,Jonny MORRIS,Back row,Glasgow,192,108,2004.01.09,,,,,A,https://all.rugby/player/jonny-morris,Glasgow Hutchesons Aloysians RFC (2022 - 2023) -> Glasgow Warriors (2023 - 2026),,,https://all.rugby/player/jonny-morris,Glasgow Hutchesons Aloysians RFC (2022 - 2023) -> Glasgow Warriors (2023 - 2026)
Macenzzie DUNCAN,Macenzzie DUNCAN,Back row,Glasgow,183,106,2003.02.25,,,,,A,https://all.rugby/player/macenzzie-duncan,Bristol Bears (2021 - 2023) -> Hartpury RFC (2023 - 2023) -> Bristol Bears (2024 - 2024) -> Hartpury RFC (2024 - 2024) -> Glasgow Warriors (2024 - 2026),,,https://all.rugby/player/macenzzie-duncan,Bristol Bears (2021 - 2023) -> Hartpury RFC (2023 - 2023) -> Bristol Bears (2024 - 2024) -> Hartpury RFC (2024 - 2024) -> Glasgow Warriors (2024 - 2026)
Rory PURVIS,Rory PURVIS,Back row,Glasgow,191,106,2006..,,,,,A,https://all.rugby/player/rory-purvis,Stirling County RFC (2023 - 2024) -> Glasgow Warriors (2024 - 2026),,,https://all.rugby/player/rory-purvis,Stirling County RFC (2023 - 2024) -> Glasgow Warriors (2024 - 2026)
Brent JACKSON,Brent JACKSON,SH,Glasgow,180,84,2004..,,,,,A,https://all.rugby/player/brent-jackson,King Edward VII School (2023 - 2024) -> Glasgow Warriors (2024 - 2026),,,https://all.rugby/player/brent-jackson,King Edward VII School (2023 - 2024) -> Glasgow Warriors (2024 - 2026)
Jack OLIVER,Jack OLIVER,SH,Glasgow,174,81,2003.04.28,,,,,A,https://all.rugby/player/jack-oliver,Munster Rugby (2021 - 2025) -> Glasgow Warriors (2025 - 2026),,,https://all.rugby/player/jack-oliver,Munster Rugby (2021 - 2025) -> Glasgow Warriors (2025 - 2026)
Matthew URWIN,Matthew URWIN,SO,Glasgow,181,83,2005..,,,,,A,https://all.rugby/player/matthew-urwin,Glasgow Warriors (2023 - 2026),,,https://all.rugby/player/matthew-urwin,Glasgow Warriors (2023 - 2026)
Alex BRYDEN,Alex BRYDEN,CTB,Glasgow,193,102,2006..,,,,,A,https://all.rugby/player/alex-bryden,Dumfries Saints (2023 - 2024) -> Glasgow Warriors (2024 - 2026),,,https://all.rugby/player/alex-bryden,Dumfries Saints (2023 - 2024) -> Glasgow Warriors (2024 - 2026)
Ben SALMON,Ben SALMON,CTB,Glasgow,182,83,2003.11.13,,,,,A,https://all.rugby/player/ben-salmon,Stirling County RFC (2021 - 2022) -> Glasgow Warriors (2022 - 2026),,,https://all.rugby/player/ben-salmon,Stirling County RFC (2021 - 2022) -> Glasgow Warriors (2022 - 2026)
Johnny VENTISEI,Johnny VENTISEI,CTB,Glasgow,181,96,2005..,,,,,A,https://all.rugby/player/johnny-ventisei,Glasgow Warriors (2023 - 2026),,,https://all.rugby/player/johnny-ventisei,Glasgow Warriors (2023 - 2026)
Kerr YULE,Kerr YULE,CTB,Glasgow,189,107,2005..,,,,,A,https://all.rugby/player/kerr-yule,Glasgow Hawks (2022 - 2023) -> Glasgow Warriors (2023 - 2026),,,https://all.rugby/player/kerr-yule,Glasgow Hawks (2022 - 2023) -> Glasgow Warriors (2023 - 2026)
Cameron VAN WYK,Cameron VAN WYK,Winger,Glasgow,183,93,2005..,,,,,A,https://all.rugby/player/cameron-van-wyk,Ayr RFC (2024 - 2025) -> Glasgow Warriors (2025 - 2026),,,https://all.rugby/player/cameron-van-wyk,Ayr RFC (2024 - 2025) -> Glasgow Warriors (2025 - 2026)
Kerr JOHNSTON,Kerr JOHNSTON,Winger,Glasgow,185,103,2004..,,,,,A,https://all.rugby/player/kerr-johnston,Gala Rugby (2021 - 2022) -> Boroughmuir RFC (2022 - 2023) -> Glasgow Warriors (2023 - 2024) -> Ampthill Rugby (2024 - 2024) -> Glasgow Warriors (2025 - 2025) -> Ampthill Rugby (2025 - 2025) -> Glasgow Warriors (2025 - 2026),,,https://all.rugby/player/kerr-johnston,Gala Rugby (2021 - 2022) -> Boroughmuir RFC (2022 - 2023) -> Glasgow Warriors (2023 - 2024) -> Ampthill Rugby (2024 - 2024) -> Glasgow Warriors (2025 - 2025) -> Ampthill Rugby (2025 - 2025) -> Glasgow Warriors (2025 - 2026)
Fergus WATSON,Fergus WATSON,FB,Glasgow,192,97,2005..,,,,,A,https://all.rugby/player/fergus-watson,Glasgow Warriors (2023 - 2026),,,https://all.rugby/player/fergus-watson,Glasgow Warriors (2023 - 2026)
Harry PROVAN,Harry PROVAN,FB,Glasgow,178,96,2006..,,,,,A,https://all.rugby/player/harry-provan,Birkmyre Rugby (2023 - 2024) -> Glasgow Warriors (2024 - 2026),,,https://all.rugby/player/harry-provan,Birkmyre Rugby (2023 - 2024) -> Glasgow Warriors (2024 - 2026)
Ali VERMAAK,Ali VERMAAK,PR,Stormers,179,113,1986.04.28,,,,,A,https://all.rugby/player/alistair-vermaak,Stormers (2013 - 2026),,,https://all.rugby/player/alistair-vermaak,Stormers (2013 - 2026)
Corné WEILBACH,Corné WEILBACH,PR,Stormers,186,128,2002.02.18,,,,,A,https://all.rugby/player/corne-weilbach,Western Province (2021 - 2022) -> Blue Bulls (2022 - 2023) -> Western Province (2023 - 2024) -> Stormers (2024 - 2026),,,https://all.rugby/player/corne-weilbach,Western Province (2021 - 2022) -> Blue Bulls (2022 - 2023) -> Western Province (2023 - 2024) -> Stormers (2024 - 2026)
Frans MALHERBE,Frans MALHERBE,PR,Stormers,190,141,1991.03.14,,,,,A,https://all.rugby/player/frans-malherbe,Stormers (2011 - 2026),South Africa,South Africa,https://all.rugby/player/frans-malherbe,Stormers (2011 - 2026)
Hencus VAN WYK,Hencus VAN WYK,PR,Stormers,183,120,1992.03.02,,,,,A,https://all.rugby/player/hencus-van-wyk,Bulls (2015 - 2016) -> Lions Rugby (2016 - 2017) -> Sunwolves (2017 - 2019) -> Central Cheetahs (2019 - 2019) -> Sunwolves (2020 - 2020) -> Central Cheetahs (2020 - 2020) -> Free State Cheetahs (2020 - 2021) -> San Diego Legion (2021 - 2022) -> Central Cheetahs (2022 - 2025) -> Stormers (2025 - 2026),,,https://all.rugby/player/hencus-van-wyk,Bulls (2015 - 2016) -> Lions Rugby (2016 - 2017) -> Sunwolves (2017 - 2019) -> Central Cheetahs (2019 - 2019) -> Sunwolves (2020 - 2020) -> Central Cheetahs (2020 - 2020) -> Free State Cheetahs (2020 - 2021) -> San Diego Legion (2021 - 2022) -> Central Cheetahs (2022 - 2025) -> Stormers (2025 - 2026)
Neethling FOUCHÉ,Neethling FOUCHÉ,PR,Stormers,189,120,1993.01.10,,,,,A,https://all.rugby/player/neethling-fouche,Stormers (2017 - 2019) -> Central Cheetahs (2019 - 2020) -> Stormers (2020 - 2026),,,https://all.rugby/player/neethling-fouche,Stormers (2017 - 2019) -> Central Cheetahs (2019 - 2020) -> Stormers (2020 - 2026)
Ntuthuko MCHUNU,Ntuthuko MCHUNU,PR,Stormers,188,123,1999.04.05,,,,,A,https://all.rugby/player/ntuthuko-mchunu,Sharks (2021 - 2025) -> Stormers (2025 - 2026),South Africa,South Africa,https://all.rugby/player/ntuthuko-mchunu,Sharks (2021 - 2025) -> Stormers (2025 - 2026)
Oli KEBBLE,Oli KEBBLE,PR,Stormers,191,124,1992.06.18,,,,,A,https://all.rugby/player/oli-kebble,Stormers (2013 - 2017) -> Glasgow Warriors (2017 - 2024) -> Oyonnax Rugby (2024 - 2025) -> Stormers (2025 - 2026),South Africa,South Africa,https://all.rugby/player/oli-kebble,Stormers (2013 - 2017) -> Glasgow Warriors (2017 - 2024) -> Oyonnax Rugby (2024 - 2025) -> Stormers (2025 - 2026)
Oliver REID,Oliver REID,PR,Stormers,185,116,2006..,,,,,A,https://all.rugby/player/oliver-reid,Western Province (2024 - 2025) -> Stormers (2025 - 2026),,,https://all.rugby/player/oliver-reid,Western Province (2024 - 2025) -> Stormers (2025 - 2026)
Sazi SANDI,Sazi SANDI,PR,Stormers,181,124,1998.07.11,,,,,A,https://all.rugby/player/sazi-sandi,Western Province (2018 - 2019) -> Stormers (2019 - 2026),,,https://all.rugby/player/sazi-sandi,Western Province (2018 - 2019) -> Stormers (2019 - 2026)
Vernon MATONGO,Vernon MATONGO,PR,Stormers,179,120,2002.02.28,,,,,A,https://all.rugby/player/vernon-matongo,Western Province (2022 - 2024) -> Stormers (2024 - 2026),,,https://all.rugby/player/vernon-matongo,Western Province (2022 - 2024) -> Stormers (2024 - 2026)
Zach PORTHEN,Zach PORTHEN,PR,Stormers,189,124,2004..,,,,,A,https://all.rugby/player/zachary-porthen,Western Province (2022 - 2024) -> Stormers (2024 - 2024) -> Western Province (2025 - 2025) -> Stormers (2025 - 2026),,,https://all.rugby/player/zachary-porthen,Western Province (2022 - 2024) -> Stormers (2024 - 2024) -> Western Province (2025 - 2025) -> Stormers (2025 - 2026)
André-Hugo VENTER,André-Hugo VENTER,HO,Stormers,187,109,2001.09.10,,,,,A,https://all.rugby/player/andre-hugo-venter,Stormers (2020 - 2026),,,https://all.rugby/player/andre-hugo-venter,Stormers (2020 - 2026)
JJ KOTZÉ,JJ KOTZÉ,HO,Stormers,184,111,2000.11.06,,,,,A,https://all.rugby/player/jj-kotze,Stormers (2019 - 2026),,,https://all.rugby/player/jj-kotze,Stormers (2019 - 2026)
Lukhanyo VOKOZELA,Lukhanyo VOKOZELA,HO,Stormers,175,108,2002.02.05,,,,,A,https://all.rugby/player/lukhanyo-vokozela,Western Province (2021 - 2024) -> Stormers (2024 - 2026),,,https://all.rugby/player/lukhanyo-vokozela,Western Province (2021 - 2024) -> Stormers (2024 - 2026)
Siyabonga NTUBENI,Siyabonga NTUBENI,HO,Stormers,174,109,1991.02.18,,,,,A,https://all.rugby/player/siyabonga-ntubeni,Stormers (2013 - 2024) -> Sharks (2024 - 2024) -> Stormers (2024 - 2024) -> Sharks (2025 - 2025) -> Stormers (2025 - 2026),South Africa,South Africa,https://all.rugby/player/siyabonga-ntubeni,Stormers (2013 - 2024) -> Sharks (2024 - 2024) -> Stormers (2024 - 2024) -> Sharks (2025 - 2025) -> Stormers (2025 - 2026)
Vernon PAULO,Vernon PAULO,HO,Stormers,178,112,2001.07.16,,,,,A,https://all.rugby/player/vernon-paulo,North-West University (2022 - 2022) -> Leopards (2022 - 2022) -> North-West University (2023 - 2023) -> Leopards (2023 - 2023) -> Central Cheetahs (2023 - 2025) -> Stormers (2025 - 2025) -> Central Cheetahs (2026 - 2026) -> Stormers (2026 - 2026),,,https://all.rugby/player/vernon-paulo,North-West University (2022 - 2022) -> Leopards (2022 - 2022) -> North-West University (2023 - 2023) -> Leopards (2023 - 2023) -> Central Cheetahs (2023 - 2025) -> Stormers (2025 - 2025) -> Central Cheetahs (2026 - 2026) -> Stormers (2026 - 2026)
Adré SMITH,Adré SMITH,LO,Stormers,200,123,1997.06.04,,,,,A,https://all.rugby/player/adre-smith,Blue Bulls (2017 - 2019) -> Griquas (2019 - 2020) -> Stormers (2020 - 2020) -> Griquas (2020 - 2020) -> Stormers (2021 - 2021) -> Griquas (2021 - 2021) -> Stormers (2021 - 2024) -> Toyota Verblitz (2024 - 2024) -> Stormers (2025 - 2025) -> Toyota Verblitz (2025 - 2025) -> Stormers (2025 - 2026),,,https://all.rugby/player/adre-smith,Blue Bulls (2017 - 2019) -> Griquas (2019 - 2020) -> Stormers (2020 - 2020) -> Griquas (2020 - 2020) -> Stormers (2021 - 2021) -> Griquas (2021 - 2021) -> Stormers (2021 - 2024) -> Toyota Verblitz (2024 - 2024) -> Stormers (2025 - 2025) -> Toyota Verblitz (2025 - 2025) -> Stormers (2025 - 2026)
Alex GROVES,Alex GROVES,LO,Stormers,206,120,2001.01.05,,,,,A,https://all.rugby/player/alex-groves,Bristol Bears (2019 - 2021) -> Hartpury RFC (2021 - 2021) -> Sale Sharks (2021 - 2021) -> Bristol Bears (2022 - 2022) -> Hartpury RFC (2022 - 2022) -> Sale Sharks (2022 - 2024) -> Caldy RFC (2024 - 2024) -> Western Province (2024 - 2024) -> Sale Sharks (2025 - 2025) -> Caldy RFC (2025 - 2025) -> Western Province (2025 - 2025) -> Scarlets (2025 - 2025) -> Stormers (2025 - 2025) -> Scarlets (2026 - 2026) -> Stormers (2026 - 2026),,,https://all.rugby/player/alex-groves,Bristol Bears (2019 - 2021) -> Hartpury RFC (2021 - 2021) -> Sale Sharks (2021 - 2021) -> Bristol Bears (2022 - 2022) -> Hartpury RFC (2022 - 2022) -> Sale Sharks (2022 - 2024) -> Caldy RFC (2024 - 2024) -> Western Province (2024 - 2024) -> Sale Sharks (2025 - 2025) -> Caldy RFC (2025 - 2025) -> Western Province (2025 - 2025) -> Scarlets (2025 - 2025) -> Stormers (2025 - 2025) -> Scarlets (2026 - 2026) -> Stormers (2026 - 2026)
Ben-Jason DIXON,Ben-Jason DIXON,LO,Stormers,195,114,1998.04.29,,,,,A,https://all.rugby/player/ben-jason-dixon,Western Province (2018 - 2019) -> Stormers (2019 - 2026),,,https://all.rugby/player/ben-jason-dixon,Western Province (2018 - 2019) -> Stormers (2019 - 2026)
Connor EVANS,Connor EVANS,LO,Stormers,196,114,2002.01.24,,,,,A,https://all.rugby/player/connor-evans,Stormers (2021 - 2026),,,https://all.rugby/player/connor-evans,Stormers (2021 - 2026)
Gary PORTER,Gary PORTER,LO,Stormers,200,115,1996.07.22,,,,,A,https://all.rugby/player/gary-porter,Western Province (2017 - 2018) -> Ealing Trailfinders (2021 - 2022) -> Stormers (2022 - 2026),,,https://all.rugby/player/gary-porter,Western Province (2017 - 2018) -> Ealing Trailfinders (2021 - 2022) -> Stormers (2022 - 2026)
JD SCHICKERLING,JD SCHICKERLING,LO,Stormers,202,121,1995.05.09,,,,,A,https://all.rugby/player/jd-schickerling,Stormers (2015 - 2021) -> Kobelco Kobe Steelers (2021 - 2023) -> Kubota Spears Funabashi Tokyo-Bay (2023 - 2024) -> Stormers (2024 - 2026),,,https://all.rugby/player/jd-schickerling,Stormers (2015 - 2021) -> Kobelco Kobe Steelers (2021 - 2023) -> Kubota Spears Funabashi Tokyo-Bay (2023 - 2024) -> Stormers (2024 - 2026)
Riley NORTON,Riley NORTON,LO,Stormers,198,104,2006..,,,,,A,https://all.rugby/player/riley-norton,Western Province (2024 - 2025) -> Stormers (2025 - 2026),,,https://all.rugby/player/riley-norton,Western Province (2024 - 2025) -> Stormers (2025 - 2026)
Ruben VAN HEERDEN,Ruben VAN HEERDEN,LO,Stormers,200,121,1997.10.27,,,,,A,https://all.rugby/player/ruben-van-heerden,Bulls (2016 - 2018) -> Sharks (2018 - 2022) -> Exeter Chiefs (2022 - 2022) -> Stormers (2022 - 2022) -> Exeter Chiefs (2023 - 2023) -> Stormers (2023 - 2026),,,https://all.rugby/player/ruben-van-heerden,Bulls (2016 - 2018) -> Sharks (2018 - 2022) -> Exeter Chiefs (2022 - 2022) -> Stormers (2022 - 2022) -> Exeter Chiefs (2023 - 2023) -> Stormers (2023 - 2026)
Salmaan MOERAT,Salmaan MOERAT,LO,Stormers,200,122,1998.03.06,,,,,A,https://all.rugby/player/salmaan-moerat,Stormers (2017 - 2026),South Africa,South Africa,https://all.rugby/player/salmaan-moerat,Stormers (2017 - 2026)
Deon FOURIE,Deon FOURIE,Back row,Stormers,177,103,1986.09.25,,,,,A,https://all.rugby/player/deon-fourie,Stormers (2008 - 2014) -> Lyon Olympique Universitaire Rugby (2014 - 2019) -> FC Grenoble Rugby (2019 - 2021) -> Stormers (2021 - 2026),,,https://all.rugby/player/deon-fourie,Stormers (2008 - 2014) -> Lyon Olympique Universitaire Rugby (2014 - 2019) -> FC Grenoble Rugby (2019 - 2021) -> Stormers (2021 - 2026)
Divan FULLER,Divan FULLER,Back row,Stormers,187,100,2005..,,,,,A,https://all.rugby/player/divan-fuller,Western Province (2023 - 2025) -> Stormers (2025 - 2026),,,https://all.rugby/player/divan-fuller,Western Province (2023 - 2025) -> Stormers (2025 - 2026)
Evan ROOS,Evan ROOS,Back row,Stormers,191,109,2000.01.21,,,,,A,https://all.rugby/player/evan-roos,Sharks (2019 - 2020) -> Stormers (2020 - 2026),,,https://all.rugby/player/evan-roos,Sharks (2019 - 2020) -> Stormers (2020 - 2026)
Hacjivah DAYIMANI,Hacjivah DAYIMANI,Back row,Stormers,190,105,1997.09.23,,,,,A,https://all.rugby/player/hacjivah-dayimani,Lions Rugby (2017 - 2020) -> Western Province (2020 - 2020) -> Lions Rugby (2021 - 2021) -> Western Province (2021 - 2021) -> Stormers (2021 - 2024) -> Racing 92 (2024 - 2025) -> Stormers (2025 - 2025) -> Racing 92 (2026 - 2026) -> Stormers (2026 - 2026),,,https://all.rugby/player/hacjivah-dayimani,Lions Rugby (2017 - 2020) -> Western Province (2020 - 2020) -> Lions Rugby (2021 - 2021) -> Western Province (2021 - 2021) -> Stormers (2021 - 2024) -> Racing 92 (2024 - 2025) -> Stormers (2025 - 2025) -> Racing 92 (2026 - 2026) -> Stormers (2026 - 2026)
Keke MORABE,Keke MORABE,Back row,Stormers,188,118,2001.04.21,,,,,A,https://all.rugby/player/keke-morabe,Northern Free State Griffons (2017 - 2019) -> Western Province (2021 - 2022) -> Stormers (2022 - 2026),,,https://all.rugby/player/keke-morabe,Northern Free State Griffons (2017 - 2019) -> Western Province (2021 - 2022) -> Stormers (2022 - 2026)
Louw NEL,Louw NEL,Back row,Stormers,190,107,2002.08.09,,,,,A,https://all.rugby/player/louw-nel,Western Province (2021 - 2024) -> Stormers (2024 - 2026),,,https://all.rugby/player/louw-nel,Western Province (2021 - 2024) -> Stormers (2024 - 2026)
Marcel THEUNISSEN,Marcel THEUNISSEN,Back row,Stormers,191,103,1999.06.09,,,,,A,https://all.rugby/player/marcel-theunissen,Stormers (2019 - 2026),,,https://all.rugby/player/marcel-theunissen,Stormers (2019 - 2026)
Paul DE VILLIERS,Paul DE VILLIERS,Back row,Stormers,181,101,2003.01.13,,,,,A,https://all.rugby/player/paul-de-villiers,Western Province (2021 - 2022) -> Stormers (2022 - 2023) -> Western Province (2023 - 2024) -> Stormers (2024 - 2026),,,https://all.rugby/player/paul-de-villiers,Western Province (2021 - 2022) -> Stormers (2022 - 2023) -> Western Province (2023 - 2024) -> Stormers (2024 - 2026)
Ruan ACKERMANN,Ruan ACKERMANN,Back row,Stormers,194,115,1995.12.29,,,,,A,https://all.rugby/player/ruan-ackermann,Lions Rugby (2015 - 2017) -> Gloucester Rugby (2017 - 2025) -> Stormers (2025 - 2026),,,https://all.rugby/player/ruan-ackermann,Lions Rugby (2015 - 2017) -> Gloucester Rugby (2017 - 2025) -> Stormers (2025 - 2026)
Wandile MLABA,Wandile MLABA,Back row,Stormers,191,102,2005..,,,,,A,https://all.rugby/player/wandile-mlaba,Western Province (2024 - 2025) -> Stormers (2025 - 2026),,,https://all.rugby/player/wandile-mlaba,Western Province (2024 - 2025) -> Stormers (2025 - 2026)
Asad MOOS,Asad MOOS,SH,Stormers,173,75,2004.01.07,,,,,A,https://all.rugby/player/asad-moos,Western Province (2023 - 2025) -> Stormers (2025 - 2026),,,https://all.rugby/player/asad-moos,Western Province (2023 - 2025) -> Stormers (2025 - 2026)
Cobus REINACH,Cobus REINACH,SH,Stormers,175,85,1990.02.07,,,,,A,https://all.rugby/player/cobus-reinach,Sharks (2013 - 2017) -> Northampton Saints (2017 - 2020) -> Montpellier Hérault Rugby (2020 - 2025) -> Stormers (2025 - 2026),South Africa,South Africa,https://all.rugby/player/cobus-reinach,Sharks (2013 - 2017) -> Northampton Saints (2017 - 2020) -> Montpellier Hérault Rugby (2020 - 2025) -> Stormers (2025 - 2026)
Dewaldt DUVENAGE,Dewaldt DUVENAGE,SH,Stormers,175,82,1988.05.22,,,,,A,https://all.rugby/player/dewaldt-duvenage,Union Sportive Arlequins Perpignanais (2013 - 2016) -> Stormers (2016 - 2018) -> Benetton Rugby Trévise (2018 - 2024) -> Stormers (2024 - 2026),,,https://all.rugby/player/dewaldt-duvenage,Union Sportive Arlequins Perpignanais (2013 - 2016) -> Stormers (2016 - 2018) -> Benetton Rugby Trévise (2018 - 2024) -> Stormers (2024 - 2026)
Imad KHAN,Imad KHAN,SH,Stormers,179,84,2003.12.02,,,,,A,https://all.rugby/player/imad-khan,Western Province (2021 - 2022) -> Stormers (2022 - 2023) -> Western Province (2023 - 2024) -> Stormers (2024 - 2026),,,https://all.rugby/player/imad-khan,Western Province (2021 - 2022) -> Stormers (2022 - 2023) -> Western Province (2023 - 2024) -> Stormers (2024 - 2026)
Stefan UNGERER,Stefan UNGERER,SH,Stormers,183,93,1993.11.23,,,,,A,https://all.rugby/player/stefan-ungerer,Sharks (2013 - 2016) -> Southern Kings (2016 - 2020) -> Griquas (2020 - 2021) -> Stormers (2021 - 2021) -> Griquas (2022 - 2022) -> Stormers (2022 - 2026),,,https://all.rugby/player/stefan-ungerer,Sharks (2013 - 2016) -> Southern Kings (2016 - 2020) -> Griquas (2020 - 2021) -> Stormers (2021 - 2021) -> Griquas (2022 - 2022) -> Stormers (2022 - 2026)
Damian WILLEMSE,Damian WILLEMSE,SO,Stormers,187,100,1998.05.07,,,,,A,https://all.rugby/player/damian-willemse,Stormers (2016 - 2019) -> Saracens (2019 - 2019) -> Stormers (2019 - 2019) -> Saracens (2020 - 2020) -> Stormers (2020 - 2026),South Africa,South Africa,https://all.rugby/player/damian-willemse,Stormers (2016 - 2019) -> Saracens (2019 - 2019) -> Stormers (2019 - 2019) -> Saracens (2020 - 2020) -> Stormers (2020 - 2026)
Jean-Luc DU PLESSIS,Jean-Luc DU PLESSIS,SO,Stormers,180,95,1994.05.07,,,,,A,https://all.rugby/player/jean-luc-du-plessis,Stormers (2015 - 2020) -> Mie Honda Heat RFC (2021 - 2022) -> Stormers (2022 - 2026),,,https://all.rugby/player/jean-luc-du-plessis,Stormers (2015 - 2020) -> Mie Honda Heat RFC (2021 - 2022) -> Stormers (2022 - 2026)
Jurie MATTHEE,Jurie MATTHEE,SO,Stormers,191,92,2000.11.04,,,,,A,https://all.rugby/player/jurie-matthee,Western Province (2022 - 2023) -> Stormers (2023 - 2026),,,https://all.rugby/player/jurie-matthee,Western Province (2022 - 2023) -> Stormers (2023 - 2026)
Kyle SMITH,Kyle SMITH,SO,Stormers,188,88,2005..,,,,,A,https://all.rugby/player/kyle-smith,Western Province (2023 - 2025) -> Stormers (2025 - 2026),,,https://all.rugby/player/kyle-smith,Western Province (2023 - 2025) -> Stormers (2025 - 2026)
Sacha FEINBERG-MNGOMEZULU,Sacha FEINBERG-MNGOMEZULU,SO,Stormers,188,92,2002.02.22,,,,,A,https://all.rugby/player/sacha-mngomezulu,Western Province (2020 - 2021) -> Stormers (2021 - 2021) -> Western Province (2021 - 2021) -> Stormers (2022 - 2022) -> Western Province (2022 - 2022) -> Stormers (2022 - 2026),South Africa,South Africa,https://all.rugby/player/sacha-mngomezulu,Western Province (2020 - 2021) -> Stormers (2021 - 2021) -> Western Province (2021 - 2021) -> Stormers (2022 - 2022) -> Western Province (2022 - 2022) -> Stormers (2022 - 2026)
Clinton SWART,Clinton SWART,CTB,Stormers,185,106,1992.09.06,,,,,A,https://all.rugby/player/clinton-swart,Central Cheetahs (2016 - 2018) -> Toyota Verblitz (2018 - 2019) -> Bulls (2019 - 2019) -> Toyota Verblitz (2020 - 2020) -> Bulls (2020 - 2021) -> Shizuoka Blue Revs (2021 - 2023) -> Pumas (2023 - 2025) -> Stormers (2025 - 2026),,,https://all.rugby/player/clinton-swart,Central Cheetahs (2016 - 2018) -> Toyota Verblitz (2018 - 2019) -> Bulls (2019 - 2019) -> Toyota Verblitz (2020 - 2020) -> Bulls (2020 - 2021) -> Shizuoka Blue Revs (2021 - 2023) -> Pumas (2023 - 2025) -> Stormers (2025 - 2026)
Damian MARKUS,Damian MARKUS,CTB,Stormers,167,84,2003.07.11,,,,,A,https://all.rugby/player/damian-markus,Stellenberg High School (2020 - 2021) -> Stade Rochelais (2021 - 2022) -> Western Province (2022 - 2024) -> Shizuoka Blue Revs (2024 - 2025) -> Stormers (2025 - 2026),,,https://all.rugby/player/damian-markus,Stellenberg High School (2020 - 2021) -> Stade Rochelais (2021 - 2022) -> Western Province (2022 - 2024) -> Shizuoka Blue Revs (2024 - 2025) -> Stormers (2025 - 2026)
Dan DU PLESSIS,Dan DU PLESSIS,CTB,Stormers,190,103,1994.02.15,,,,,A,https://all.rugby/player/dan-du-plessis,Stormers (2015 - 2026),,,https://all.rugby/player/dan-du-plessis,Stormers (2015 - 2026)
Jonathan ROCHE,Jonathan ROCHE,CTB,Stormers,189,100,2003.02.01,,,,,A,https://all.rugby/player/jonathan-roche,Western Province (2022 - 2024) -> Stormers (2024 - 2026),,,https://all.rugby/player/jonathan-roche,Western Province (2022 - 2024) -> Stormers (2024 - 2026)
Luke BURGER,Luke BURGER,CTB,Stormers,188,90,2002.08.12,,,,,A,https://all.rugby/player/luke-burger,Western Province (2022 - 2024) -> Stormers (2024 - 2026),,,https://all.rugby/player/luke-burger,Western Province (2022 - 2024) -> Stormers (2024 - 2026)
Ruhan NEL,Ruhan NEL,CTB,Stormers,191,101,1991.05.17,,,,,A,https://all.rugby/player/ruhan-nel,Stormers (2018 - 2026),,,https://all.rugby/player/ruhan-nel,Stormers (2018 - 2026)
Suleiman HARTZENBERG,Suleiman HARTZENBERG,CTB,Stormers,187,97,2003.05.20,,,,,A,https://all.rugby/player/suleiman-hartzenberg,Western Province (2021 - 2022) -> Stormers (2022 - 2026),,,https://all.rugby/player/suleiman-hartzenberg,Western Province (2021 - 2022) -> Stormers (2022 - 2026)
Wandisile SIMELANE,Wandisile SIMELANE,CTB,Stormers,180,95,1998.03.21,,,,,A,https://all.rugby/player/wandisile-simelane,Lions Rugby (2018 - 2022) -> Bulls (2022 - 2023) -> Stormers (2023 - 2023) -> Bulls (2024 - 2024) -> Stormers (2024 - 2026),,,https://all.rugby/player/wandisile-simelane,Lions Rugby (2018 - 2022) -> Bulls (2022 - 2023) -> Stormers (2023 - 2023) -> Bulls (2024 - 2024) -> Stormers (2024 - 2026)
Courtnall SKOSAN,Courtnall SKOSAN,Winger,Stormers,183,96,1991.07.24,,,,,A,https://all.rugby/player/courtnall-skosan,Lions Rugby (2013 - 2021) -> Northampton Saints (2021 - 2023) -> Stormers (2023 - 2026),South Africa,South Africa,https://all.rugby/player/courtnall-skosan,Lions Rugby (2013 - 2021) -> Northampton Saints (2021 - 2023) -> Stormers (2023 - 2026)
Dylan MAART,Dylan MAART,Winger,Stormers,185,77,1996.09.03,,,,,A,https://all.rugby/player/dylan-maart,Griquas (2023 - 2025) -> Stormers (2025 - 2026),,,https://all.rugby/player/dylan-maart,Griquas (2023 - 2025) -> Stormers (2025 - 2026)
Jared AFRICA,Jared AFRICA,Winger,Stormers,175,84,2003.03.27,,,,,A,https://all.rugby/player/jared-africa,Western Province (2023 - 2025) -> Stormers (2025 - 2026),,,https://all.rugby/player/jared-africa,Western Province (2023 - 2025) -> Stormers (2025 - 2026)
Leolin ZAS,Leolin ZAS,Winger,Stormers,184,95,1995.10.20,,,,,A,https://all.rugby/player/leolin-zas,Stormers (2015 - 2016) -> Sharks (2018 - 2018) -> Natal Sharks (2018 - 2018) -> Sharks (2019 - 2019) -> Natal Sharks (2019 - 2019) -> Stormers (2019 - 2026),,,https://all.rugby/player/leolin-zas,Stormers (2015 - 2016) -> Sharks (2018 - 2018) -> Natal Sharks (2018 - 2018) -> Sharks (2019 - 2019) -> Natal Sharks (2019 - 2019) -> Stormers (2019 - 2026)
Mfundo NDHLOVU,Mfundo NDHLOVU,Winger,Stormers,178,84,1997.04.05,,,,,A,https://all.rugby/player/mfundo-ndhlovu,AF. SUD 7's (2017 - 2025) -> Stormers (2025 - 2026),,,https://all.rugby/player/mfundo-ndhlovu,AF. SUD 7's (2017 - 2025) -> Stormers (2025 - 2026)
Sako MAKATA,Sako MAKATA,Winger,Stormers,185,103,1998.09.10,,,,,A,https://all.rugby/player/sako-makata,AF. SUD 7's (2018 - 2022) -> Griquas (2022 - 2024) -> Western Province (2024 - 2025) -> Stormers (2025 - 2026),,,https://all.rugby/player/sako-makata,AF. SUD 7's (2018 - 2022) -> Griquas (2022 - 2024) -> Western Province (2024 - 2025) -> Stormers (2025 - 2026)
Seabelo SENATLA,Seabelo SENATLA,Winger,Stormers,179,93,1993.02.10,,,,,A,https://all.rugby/player/seabelo-senatla,Stormers (2013 - 2026),,,https://all.rugby/player/seabelo-senatla,Stormers (2013 - 2026)
JC MARS,JC MARS,FB,Stormers,177,83,2005..,,,,,A,https://all.rugby/player/jc-mars,Western Province (2023 - 2024) -> Stormers (2024 - 2026),,,https://all.rugby/player/jc-mars,Western Province (2023 - 2024) -> Stormers (2024 - 2026)
Warrick GELANT,Warrick GELANT,FB,Stormers,180,100,1995.05.20,,,,,A,https://all.rugby/player/warrick-gelant,Bulls (2015 - 2020) -> Stormers (2020 - 2022) -> Racing 92 (2022 - 2023) -> Stormers (2023 - 2026),South Africa,South Africa,https://all.rugby/player/warrick-gelant,Bulls (2015 - 2020) -> Stormers (2020 - 2022) -> Racing 92 (2022 - 2023) -> Stormers (2023 - 2026)
Angus BELL,Angus BELL,PR,Ulster,193,130,2000.10.04,,,,,A,https://all.rugby/player/angus-bell,New South Wales Waratahs (2018 - 2025) -> Ulster Rugby (2025 - 2026),Australia,Australia,https://all.rugby/player/angus-bell,New South Wales Waratahs (2018 - 2025) -> Ulster Rugby (2025 - 2026)
Bryan O'CONNOR,Bryan O'CONNOR,PR,Ulster,188,126,1998.10.23,,,,,A,https://all.rugby/player/bryan-o-connor,Munster Rugby (2017 - 2018) -> London Irish (2019 - 2020) -> Gloucester Rugby (2020 - 2023) -> Bedford Blues (2023 - 2024) -> Ulster Rugby (2024 - 2024) -> Bedford Blues (2025 - 2025) -> Ulster Rugby (2025 - 2026),,,https://all.rugby/player/bryan-o-connor,Munster Rugby (2017 - 2018) -> London Irish (2019 - 2020) -> Gloucester Rugby (2020 - 2023) -> Bedford Blues (2023 - 2024) -> Ulster Rugby (2024 - 2024) -> Bedford Blues (2025 - 2025) -> Ulster Rugby (2025 - 2026)
Callum REID,Callum REID,PR,Ulster,183,120,1999.01.16,,,,,A,https://all.rugby/player/callum-reid,Ulster Rugby (2019 - 2020) -> Munster Rugby (2020 - 2020) -> Ulster Rugby (2021 - 2021) -> Munster Rugby (2021 - 2021) -> Ulster Rugby (2021 - 2026),,,https://all.rugby/player/callum-reid,Ulster Rugby (2019 - 2020) -> Munster Rugby (2020 - 2020) -> Ulster Rugby (2021 - 2021) -> Munster Rugby (2021 - 2021) -> Ulster Rugby (2021 - 2026)
Eric O'SULLIVAN,Eric O'SULLIVAN,PR,Ulster,186,118,1995.11.30,,,,,A,https://all.rugby/player/eric-o-sullivan,Ulster Rugby (2018 - 2026),,,https://all.rugby/player/eric-o-sullivan,Ulster Rugby (2018 - 2026)
Rory MCGUIRE,Rory MCGUIRE,PR,Ulster,193,125,2002.08.26,,,,,A,https://all.rugby/player/rory-mcguire,Leinster Rugby (2021 - 2025) -> Ulster Rugby (2025 - 2026),,,https://all.rugby/player/rory-mcguire,Leinster Rugby (2021 - 2025) -> Ulster Rugby (2025 - 2026)
Sam CREAN,Sam CREAN,PR,Ulster,176,115,2000.06.12,,,,,A,https://all.rugby/player/sam-crean,Saracens (2019 - 2022) -> Ampthill Rugby (2022 - 2022) -> Saracens (2023 - 2023) -> Ampthill Rugby (2023 - 2023) -> Saracens (2023 - 2023) -> Ampthill Rugby (2023 - 2023) -> Saracens (2024 - 2024) -> Ampthill Rugby (2024 - 2024) -> Ulster Rugby (2024 - 2024) -> Ampthill Rugby (2024 - 2024) -> Saracens (2024 - 2024) -> Ulster Rugby (2025 - 2025) -> Ampthill Rugby (2025 - 2025) -> Saracens (2025 - 2025) -> Ulster Rugby (2025 - 2026),,,https://all.rugby/player/sam-crean,Saracens (2019 - 2022) -> Ampthill Rugby (2022 - 2022) -> Saracens (2023 - 2023) -> Ampthill Rugby (2023 - 2023) -> Saracens (2023 - 2023) -> Ampthill Rugby (2023 - 2023) -> Saracens (2024 - 2024) -> Ampthill Rugby (2024 - 2024) -> Ulster Rugby (2024 - 2024) -> Ampthill Rugby (2024 - 2024) -> Saracens (2024 - 2024) -> Ulster Rugby (2025 - 2025) -> Ampthill Rugby (2025 - 2025) -> Saracens (2025 - 2025) -> Ulster Rugby (2025 - 2026)
Scott WILSON,Scott WILSON,PR,Ulster,187,125,2002.08.06,,,,,A,https://all.rugby/player/scott-wilson-,Ulster Rugby (2021 - 2026),,,https://all.rugby/player/scott-wilson-,Ulster Rugby (2021 - 2026)
Tom O'TOOLE,Tom O'TOOLE,PR,Ulster,185,123,1998.09.23,,,,,A,https://all.rugby/player/tom-o-toole,Ulster Rugby (2017 - 2026),Ireland,Ireland,https://all.rugby/player/tom-o-toole,Ulster Rugby (2017 - 2026)
James MCCORMICK,James MCCORMICK,HO,Ulster,183,107,2002.01.08,,,,,A,https://all.rugby/player/james-mccormick,Dalriada School (2019 - 2020) -> Ulster Rugby (2020 - 2026),,,https://all.rugby/player/james-mccormick,Dalriada School (2019 - 2020) -> Ulster Rugby (2020 - 2026)
John ANDREW,John ANDREW,HO,Ulster,180,104,1993.05.26,,,,,A,https://all.rugby/player/john-andrew,Ulster Rugby (2014 - 2026),,,https://all.rugby/player/john-andrew,Ulster Rugby (2014 - 2026)
Rob HERRING,Rob HERRING,HO,Ulster,185,106,1990.04.27,,,,,A,https://all.rugby/player/rob-herring,Ulster Rugby (2013 - 2026),South Africa,South Africa,https://all.rugby/player/rob-herring,Ulster Rugby (2013 - 2026)
Tom STEWART,Tom STEWART,HO,Ulster,183,105,2001.01.11,,,,,A,https://all.rugby/player/tom-stewart,Ulster Rugby (2019 - 2026),,,https://all.rugby/player/tom-stewart,Ulster Rugby (2019 - 2026)
Charlie IRVINE,Charlie IRVINE,LO,Ulster,202,118,2003.01.28,,,,,A,https://all.rugby/player/charlie-irvine,Queen's University (2022 - 2023) -> Ulster Rugby (2023 - 2026),,,https://all.rugby/player/charlie-irvine,Queen's University (2022 - 2023) -> Ulster Rugby (2023 - 2026)
Cormac IZUCHUKWU,Cormac IZUCHUKWU,LO,Ulster,200,118,2000.01.28,,,,,A,https://all.rugby/player/cormac-izuchukwu,Old Wesley RFC (2019 - 2020) -> Ulster Rugby (2020 - 2026),,,https://all.rugby/player/cormac-izuchukwu,Old Wesley RFC (2019 - 2020) -> Ulster Rugby (2020 - 2026)
Harry SHERIDAN,Harry SHERIDAN,LO,Ulster,196,121,2001.09.21,,,,,A,https://all.rugby/player/harry-sheridan,Ulster Rugby (2020 - 2026),,,https://all.rugby/player/harry-sheridan,Ulster Rugby (2020 - 2026)
Iain HENDERSON,Iain HENDERSON,LO,Ulster,199,119,1992.02.21,,,,,A,https://all.rugby/player/iain-henderson,Ulster Rugby (2013 - 2026),Ireland,Ireland,https://all.rugby/player/iain-henderson,Ulster Rugby (2013 - 2026)
Joe HOPES,Joe HOPES,LO,Ulster,200,115,2004.03.16,,,,,A,https://all.rugby/player/joe-hopes,Ulster Rugby (2022 - 2026),,,https://all.rugby/player/joe-hopes,Ulster Rugby (2022 - 2026)
Matthew DALTON,Matthew DALTON,LO,Ulster,198,118,1998.11.16,,,,,A,https://all.rugby/player/matthew-dalton,Ulster Rugby (2017 - 2019) -> Utah Warriors (2020 - 2021) -> Newcastle (2021 - 2023) -> Soyaux-Angoulême XV Charente (2023 - 2024) -> Ulster Rugby (2024 - 2024) -> Soyaux-Angoulême XV Charente (2025 - 2025) -> Ulster Rugby (2025 - 2026),,,https://all.rugby/player/matthew-dalton,Ulster Rugby (2017 - 2019) -> Utah Warriors (2020 - 2021) -> Newcastle (2021 - 2023) -> Soyaux-Angoulême XV Charente (2023 - 2024) -> Ulster Rugby (2024 - 2024) -> Soyaux-Angoulême XV Charente (2025 - 2025) -> Ulster Rugby (2025 - 2026)
Dave MCCANN,Dave MCCANN,Back row,Ulster,193,110,2000.06.13,,,,,A,https://all.rugby/player/david-mccann,Ulster Rugby (2018 - 2026),,,https://all.rugby/player/david-mccann,Ulster Rugby (2018 - 2026)
James MCNABNEY,James MCNABNEY,Back row,Ulster,196,113,2003.02.28,,,,,A,https://all.rugby/player/james-mcnabney,Ulster Rugby (2021 - 2026),,,https://all.rugby/player/james-mcnabney,Ulster Rugby (2021 - 2026)
Juarno AUGUSTUS,Juarno AUGUSTUS,Back row,Ulster,187,119,1997.12.09,,,,,A,https://all.rugby/player/juarno-augustus,Stormers (2016 - 2021) -> Northampton Saints (2021 - 2025) -> Ulster Rugby (2025 - 2026),,,https://all.rugby/player/juarno-augustus,Stormers (2016 - 2021) -> Northampton Saints (2021 - 2025) -> Ulster Rugby (2025 - 2026)
Lorcan MCLOUGHLIN,Lorcan MCLOUGHLIN,Back row,Ulster,190,109,2002.04.03,,,,,A,https://all.rugby/player/lorcan-mcloughlin,Ulster Rugby (2021 - 2026),,,https://all.rugby/player/lorcan-mcloughlin,Ulster Rugby (2021 - 2026)
Marcus REA,Marcus REA,Back row,Ulster,189,110,1997.09.08,,,,,A,https://all.rugby/player/marcus-rea,Ulster Rugby (2018 - 2026),,,https://all.rugby/player/marcus-rea,Ulster Rugby (2018 - 2026)
Nick TIMONEY,Nick TIMONEY,Back row,Ulster,188,114,1995.08.01,,,,,A,https://all.rugby/player/nick-timoney,Ulster Rugby (2016 - 2026),Ireland,Ireland,https://all.rugby/player/nick-timoney,Ulster Rugby (2016 - 2026)
Sean REFFELL,Sean REFFELL,Back row,Ulster,180,102,1998.11.04,,,,,A,https://all.rugby/player/sean-reffell,Saracens (2017 - 2022) -> Ulster Rugby (2022 - 2026),,,https://all.rugby/player/sean-reffell,Saracens (2017 - 2022) -> Ulster Rugby (2022 - 2026)
Conor MCKEE,Conor MCKEE,SH,Ulster,183,87,2001.03.20,,,,,A,https://all.rugby/player/conor-mckee,Ulster Rugby (2020 - 2026),,,https://all.rugby/player/conor-mckee,Ulster Rugby (2020 - 2026)
Dave SHANAHAN,Dave SHANAHAN,SH,Ulster,176,80,1993.06.20,,,,,A,https://all.rugby/player/david-shanahan,Ulster Rugby (2013 - 2026),,,https://all.rugby/player/david-shanahan,Ulster Rugby (2013 - 2026)
Nathan DOAK,Nathan DOAK,SH,Ulster,185,87,2001.12.17,,,,,A,https://all.rugby/player/nathan-doak,Wallace High School (2019 - 2020) -> Ulster Rugby (2020 - 2026),,,https://all.rugby/player/nathan-doak,Wallace High School (2019 - 2020) -> Ulster Rugby (2020 - 2026)
Jack MURPHY,Jack MURPHY,SO,Ulster,178,83,2004..,,,,,A,https://all.rugby/player/jack-murphy,Clontarf Rugby (2023 - 2024) -> Ulster Rugby (2024 - 2026),,,https://all.rugby/player/jack-murphy,Clontarf Rugby (2023 - 2024) -> Ulster Rugby (2024 - 2026)
Jake FLANNERY,Jake FLANNERY,SO,Ulster,183,91,1999.06.07,,,,,A,https://all.rugby/player/jake-flannery,Munster Rugby (2018 - 2022) -> Ulster Rugby (2022 - 2026),,,https://all.rugby/player/jake-flannery,Munster Rugby (2018 - 2022) -> Ulster Rugby (2022 - 2026)
Ben CARSON,Ben CARSON,CTB,Ulster,183,101,2002.02.24,,,,,A,https://all.rugby/player/ben-carson,Wallace High School (2019 - 2020) -> Ulster Rugby (2020 - 2026),,,https://all.rugby/player/ben-carson,Wallace High School (2019 - 2020) -> Ulster Rugby (2020 - 2026)
James HUME,James HUME,CTB,Ulster,188,98,1998.09.07,,,,,A,https://all.rugby/player/james-hume,Ulster Rugby (2018 - 2026),,,https://all.rugby/player/james-hume,Ulster Rugby (2018 - 2026)
Jude POSTLETHWAITE,Jude POSTLETHWAITE,CTB,Ulster,193,106,2002.04.03,,,,,A,https://all.rugby/player/jude-postlethwaite,Ulster Rugby (2020 - 2026),,,https://all.rugby/player/jude-postlethwaite,Ulster Rugby (2020 - 2026)
Stewart MOORE,Stewart MOORE,CTB,Ulster,184,93,1999.08.08,,,,,A,https://all.rugby/player/stewart-moore,Ulster Rugby (2019 - 2025) -> Newcastle (2025 - 2025) -> Ulster Rugby (2025 - 2025) -> Newcastle (2026 - 2026) -> Ulster Rugby (2026 - 2026),,,https://all.rugby/player/stewart-moore,Ulster Rugby (2019 - 2025) -> Newcastle (2025 - 2025) -> Ulster Rugby (2025 - 2025) -> Newcastle (2026 - 2026) -> Ulster Rugby (2026 - 2026)
Stuart MCCLOSKEY,Stuart MCCLOSKEY,CTB,Ulster,193,112,1992.08.06,,,,,A,https://all.rugby/player/stuart-mccloskey,Ulster Rugby (2013 - 2026),Ireland,Ireland,https://all.rugby/player/stuart-mccloskey,Ulster Rugby (2013 - 2026)
Ben MOXHAM,Ben MOXHAM,Winger,Ulster,191,108,2001.06.09,,,,,A,https://all.rugby/player/ben-moxham,Ulster Rugby (2019 - 2026),,,https://all.rugby/player/ben-moxham,Ulster Rugby (2019 - 2026)
Jacob STOCKDALE,Jacob STOCKDALE,Winger,Ulster,191,104,1996.04.03,,,,,A,https://all.rugby/player/jacob-stockdale,Ulster Rugby (2015 - 2026),Ireland,Ireland,https://all.rugby/player/jacob-stockdale,Ulster Rugby (2015 - 2026)
Robert BALOUCOUNE,Robert BALOUCOUNE,Winger,Ulster,192,104,1997.08.19,,,,,A,https://all.rugby/player/robert-baloucoune,Ulster Rugby (2018 - 2026),Ireland,Ireland,https://all.rugby/player/robert-baloucoune,Ulster Rugby (2018 - 2026)
Werner KOK,Werner KOK,Winger,Ulster,180,96,1993.01.17,,,,,A,https://all.rugby/player/werner-kok,Western Force (2016 - 2018) -> AF. SUD 7's (2018 - 2019) -> Stade Toulousain (2019 - 2019) -> Sharks (2019 - 2019) -> Stade Toulousain (2020 - 2020) -> Sharks (2020 - 2024) -> Ulster Rugby (2024 - 2026),,,https://all.rugby/player/werner-kok,Western Force (2016 - 2018) -> AF. SUD 7's (2018 - 2019) -> Stade Toulousain (2019 - 2019) -> Sharks (2019 - 2019) -> Stade Toulousain (2020 - 2020) -> Sharks (2020 - 2024) -> Ulster Rugby (2024 - 2026)
Zac WARD,Zac WARD,Winger,Ulster,191,101,1998.12.11,,,,,A,https://all.rugby/player/zac-ward,Ulster Rugby (2024 - 2026),,,https://all.rugby/player/zac-ward,Ulster Rugby (2024 - 2026)
Bradley MCNAMARA,Bradley MCNAMARA,FB,Ulster,,,2001.02.22,,,,,A,https://all.rugby/player/bradley-mcnamara,Instonians Rugby Club (2024 - 2025) -> Ulster Rugby (2025 - 2025) -> Instonians Rugby Club (2025 - 2025) -> Ulster Rugby (2026 - 2026) -> Instonians Rugby Club (2026 - 2026),,,https://all.rugby/player/bradley-mcnamara,Instonians Rugby Club (2024 - 2025) -> Ulster Rugby (2025 - 2025) -> Instonians Rugby Club (2025 - 2025) -> Ulster Rugby (2026 - 2026) -> Instonians Rugby Club (2026 - 2026)
Ethan MCILROY,Ethan MCILROY,FB,Ulster,188,90,2000.08.10,,,,,A,https://all.rugby/player/ethan-mcilroy,Ulster Rugby (2019 - 2026),,,https://all.rugby/player/ethan-mcilroy,Ulster Rugby (2019 - 2026)
Mike LOWRY,Mike LOWRY,FB,Ulster,171,80,1998.08.20,,,,,A,https://all.rugby/player/michael-lowry,Ulster Rugby (2018 - 2026),,,https://all.rugby/player/michael-lowry,Ulster Rugby (2018 - 2026)
Flynn LONGSTAFF,Flynn LONGSTAFF,PR,Ulster,,,,,,,,A,https://all.rugby/player/flynn-longstaff,Queen's University (2024 - 2025) -> Ulster Rugby (2025 - 2026),,,https://all.rugby/player/flynn-longstaff,Queen's University (2024 - 2025) -> Ulster Rugby (2025 - 2026)
Jacob BOYD,Jacob BOYD,PR,Ulster,186,125,2004..,,,,,A,https://all.rugby/player/jacob-boyd,Ulster Rugby (2023 - 2026),,,https://all.rugby/player/jacob-boyd,Ulster Rugby (2023 - 2026)
Tom MCALLISTER,Tom MCALLISTER,PR,Ulster,,,2005..,,,,,A,https://all.rugby/player/tom-mcallister,Ballynahinch RFC (2024 - 2025) -> Ulster Rugby (2025 - 2026),,,https://all.rugby/player/tom-mcallister,Ballynahinch RFC (2024 - 2025) -> Ulster Rugby (2025 - 2026)
Connor MAGEE,Connor MAGEE,HO,Ulster,185,109,2006..,,,,,A,https://all.rugby/player/connor-magee,Banbridge RFC (2024 - 2025) -> Ulster Rugby (2025 - 2026),,,https://all.rugby/player/connor-magee,Banbridge RFC (2024 - 2025) -> Ulster Rugby (2025 - 2026)
Henry WALKER,Henry WALKER,HO,Ulster,187,100,2005..,,,,,A,https://all.rugby/player/henry-walker-,Ulster Rugby (2023 - 2026),,,https://all.rugby/player/henry-walker-,Ulster Rugby (2023 - 2026)
Bryn WARD,Bryn WARD,Back row,Ulster,,,2004..,,,,,A,https://all.rugby/player/bryn-ward,Ballynahinch RFC (2023 - 2024) -> Ulster Rugby (2024 - 2026),,,https://all.rugby/player/bryn-ward,Ballynahinch RFC (2023 - 2024) -> Ulster Rugby (2024 - 2026)
James MCKILLOP,James MCKILLOP,Back row,Ulster,,,2004..,,,,,A,https://all.rugby/player/james-mckillop,Queen's University (2023 - 2024) -> Ulster Rugby (2024 - 2026),,,https://all.rugby/player/james-mckillop,Queen's University (2023 - 2024) -> Ulster Rugby (2024 - 2026)
Josh STEVENS,Josh STEVENS,Back row,Ulster,179,105,2004..,,,,,A,https://all.rugby/player/josh-stevens,Ulster Rugby (2023 - 2026),,,https://all.rugby/player/josh-stevens,Ulster Rugby (2023 - 2026)
Tom BRIGG,Tom BRIGG,Back row,Ulster,189,104,2004..,,,,,A,https://all.rugby/player/tom-brigg,Ulster Rugby (2023 - 2026),,,https://all.rugby/player/tom-brigg,Ulster Rugby (2023 - 2026)
Clark LOGAN,Clark LOGAN,SH,Ulster,175,78,2005..,,,,,A,https://all.rugby/player/clark-logan,Ulster Rugby (2024 - 2026),,,https://all.rugby/player/clark-logan,Ulster Rugby (2024 - 2026)
James HUMPHREYS,James HUMPHREYS,SO,Ulster,185,83,2001.04.11,,,,,A,https://all.rugby/player/james-humphreys,Ulster Rugby (2020 - 2026),,,https://all.rugby/player/james-humphreys,Ulster Rugby (2020 - 2026)
Jonny SCOTT,Jonny SCOTT,CTB,Ulster,191,99,2005..,,,,,A,https://all.rugby/player/jonny-scott,Banbridge RFC (2023 - 2024) -> Ulster Rugby (2024 - 2026),,,https://all.rugby/player/jonny-scott,Banbridge RFC (2023 - 2024) -> Ulster Rugby (2024 - 2026)
Sam BERMAN,Sam BERMAN,CTB,Ulster,,,2004.01.16,,,,,A,https://all.rugby/player/sam-berman,Dublin University FC (2022 - 2023) -> Terenure College (2023 - 2024) -> Ulster Rugby (2024 - 2026),,,https://all.rugby/player/sam-berman,Dublin University FC (2022 - 2023) -> Terenure College (2023 - 2024) -> Ulster Rugby (2024 - 2026)
Wilhelm DE KLERK,Wilhelm DE KLERK,CTB,Ulster,,,2004..,,,,,A,https://all.rugby/player/wilhelm-de-klerk,University College Dublin (2023 - 2024) -> Ulster Rugby (2024 - 2026),,,https://all.rugby/player/wilhelm-de-klerk,University College Dublin (2023 - 2024) -> Ulster Rugby (2024 - 2026)
Aitzol KING,Aitzol KING,Winger,Ulster,191,99,2002.06.15,,,,,A,https://all.rugby/player/aitzol-king,Leinster Rugby (2021 - 2025) -> Ulster Rugby (2025 - 2026),,,https://all.rugby/player/aitzol-king,Leinster Rugby (2021 - 2025) -> Ulster Rugby (2025 - 2026)
Ethan GRAHAM,Ethan GRAHAM,Winger,Ulster,181,87,2004..,,,,,A,https://all.rugby/player/ethan-graham,Ulster Rugby (2023 - 2026),,,https://all.rugby/player/ethan-graham,Ulster Rugby (2023 - 2026)
Josh GIBSON,Josh GIBSON,Winger,Ulster,,,,,,,,A,https://all.rugby/player/josh-gibson,Banbridge RFC (2024 - 2025) -> Ulster Rugby (2025 - 2026),,,https://all.rugby/player/josh-gibson,Banbridge RFC (2024 - 2025) -> Ulster Rugby (2025 - 2026)
Lukas KENNY,Lukas KENNY,Winger,Ulster,185,94,2004..,,,,,A,https://all.rugby/player/lukas-kenny,Ulster Rugby (2023 - 2026),,,https://all.rugby/player/lukas-kenny,Ulster Rugby (2023 - 2026)
Daniel GREEN,Daniel GREEN,FB,Ulster,183,,2006..,,,,,A,https://all.rugby/player/daniel-green,Queen's University (2024 - 2025) -> Ulster Rugby (2025 - 2026),,,https://all.rugby/player/daniel-green,Queen's University (2024 - 2025) -> Ulster Rugby (2025 - 2026)
Alex USANOV,Alex USANOV,PR,Leinster,182,111,2005..,,,,,A,https://all.rugby/player/alex-usanov,Clontarf Rugby (2023 - 2024) -> Leinster Rugby (2024 - 2026),,,https://all.rugby/player/alex-usanov,Clontarf Rugby (2023 - 2024) -> Leinster Rugby (2024 - 2026)
Andrew PORTER,Andrew PORTER,PR,Leinster,185,125,1996.01.16,,,,,A,https://all.rugby/player/andrew-porter,Leinster Rugby (2016 - 2026),Ireland,Ireland,https://all.rugby/player/andrew-porter,Leinster Rugby (2016 - 2026)
Jack BOYLE,Jack BOYLE,PR,Leinster,185,113,2002.03.10,,,,,A,https://all.rugby/player/jack-boyle,Leinster Rugby (2020 - 2026),,,https://all.rugby/player/jack-boyle,Leinster Rugby (2020 - 2026)
Jerry CAHIR,Jerry CAHIR,PR,Leinster,188,114,2000.08.26,,,,,A,https://all.rugby/player/jerry-cahir,Old Belvedere RC (2021 - 2022) -> Dublin University FC (2022 - 2024) -> Lansdowne FC (2024 - 2025) -> Leinster Rugby (2025 - 2026),,,https://all.rugby/player/jerry-cahir,Old Belvedere RC (2021 - 2022) -> Dublin University FC (2022 - 2024) -> Lansdowne FC (2024 - 2025) -> Leinster Rugby (2025 - 2026)
Niall SMYTH,Niall SMYTH,PR,Leinster,191,118,2005..,,,,,A,https://all.rugby/player/niall-smyth,Blackrock College RFC (2023 - 2024) -> Leinster Rugby (2024 - 2026),,,https://all.rugby/player/niall-smyth,Blackrock College RFC (2023 - 2024) -> Leinster Rugby (2024 - 2026)
Paddy MCCARTHY,Paddy MCCARTHY,PR,Leinster,183,110,2003.05.28,,,,,A,https://all.rugby/player/paddy-mccarthy,Leinster Rugby (2022 - 2026),Ireland,Ireland,https://all.rugby/player/paddy-mccarthy,Leinster Rugby (2022 - 2026)
Rabah SLIMANI,Rabah SLIMANI,PR,Leinster,178,124,1989.10.18,,,,,A,https://all.rugby/player/rabah-slimani,AAS Sarcelles Rugby (2004 - 2005) -> Stade Français Paris Rugby (2005 - 2017) -> ASM Clermont Auvergne (2017 - 2024) -> Leinster Rugby (2024 - 2026),France,France,https://all.rugby/player/rabah-slimani,AAS Sarcelles Rugby (2004 - 2005) -> Stade Français Paris Rugby (2005 - 2017) -> ASM Clermont Auvergne (2017 - 2024) -> Leinster Rugby (2024 - 2026)
Tadhg FURLONG,Tadhg FURLONG,PR,Leinster,183,119,1992.11.14,,,,,A,https://all.rugby/player/tadhg-furlong,Leinster Rugby (2013 - 2026),Ireland,Ireland,https://all.rugby/player/tadhg-furlong,Leinster Rugby (2013 - 2026)
Tom CLARKSON,Tom CLARKSON,PR,Leinster,185,118,2000.02.22,,,,,A,https://all.rugby/player/tom-clarkson,Leinster Rugby (2018 - 2026),,,https://all.rugby/player/tom-clarkson,Leinster Rugby (2018 - 2026)
Bobby SHEEHAN,Bobby SHEEHAN,HO,Leinster,196,111,2000.06.23,,,,,A,https://all.rugby/player/bobby-sheehan,University College Dublin (2021 - 2025) -> Leinster Rugby (2025 - 2025) -> Lansdowne FC (2025 - 2025) -> Leinster Rugby (2026 - 2026) -> Lansdowne FC (2026 - 2026),,,https://all.rugby/player/bobby-sheehan,University College Dublin (2021 - 2025) -> Leinster Rugby (2025 - 2025) -> Lansdowne FC (2025 - 2025) -> Leinster Rugby (2026 - 2026) -> Lansdowne FC (2026 - 2026)
Dan SHEEHAN,Dan SHEEHAN,HO,Leinster,191,110,1998.09.17,,,,,A,https://all.rugby/player/dan-sheehan,Leinster Rugby (2019 - 2026),Ireland,Ireland,https://all.rugby/player/dan-sheehan,Leinster Rugby (2019 - 2026)
Gus MCCARTHY,Gus MCCARTHY,HO,Leinster,178,107,2003.07.23,,,,,A,https://all.rugby/player/gus-mccarthy,Leinster Rugby (2022 - 2026),Ireland,Ireland,https://all.rugby/player/gus-mccarthy,Leinster Rugby (2022 - 2026)
John MCKEE,John MCKEE,HO,Leinster,183,109,2000.02.15,,,,,A,https://all.rugby/player/john-mckee,Leinster Rugby (2018 - 2026),,,https://all.rugby/player/john-mckee,Leinster Rugby (2018 - 2026)
Ronan KELLEHER,Ronan KELLEHER,HO,Leinster,185,108,1998.01.24,,,,,A,https://all.rugby/player/ronan-kelleher,Leinster Rugby (2018 - 2026),Ireland,Ireland,https://all.rugby/player/ronan-kelleher,Leinster Rugby (2018 - 2026)
Brian DEENY,Brian DEENY,LO,Leinster,200,119,2000.02.03,,,,,A,https://all.rugby/player/brian-deeny,Leinster Rugby (2018 - 2026),,,https://all.rugby/player/brian-deeny,Leinster Rugby (2018 - 2026)
James RYAN,James RYAN,LO,Leinster,200,115,1996.07.24,,,,,A,https://all.rugby/player/james-ryan,Leinster Rugby (2017 - 2026),Ireland,Ireland,https://all.rugby/player/james-ryan,Leinster Rugby (2017 - 2026)
Joe MCCARTHY,Joe MCCARTHY,LO,Leinster,198,119,2001.03.26,,,,,A,https://all.rugby/player/joe-mccarthy,Leinster Rugby (2021 - 2026),,,https://all.rugby/player/joe-mccarthy,Leinster Rugby (2021 - 2026)
RG SNYMAN,RG SNYMAN,LO,Leinster,206,131,1995.01.29,,,,,A,https://all.rugby/player/rg-snyman,Bulls (2015 - 2019) -> Mie Honda Heat RFC (2019 - 2019) -> Munster Rugby (2019 - 2019) -> Mie Honda Heat RFC (2020 - 2020) -> Munster Rugby (2020 - 2024) -> Leinster Rugby (2024 - 2026),South Africa,South Africa,https://all.rugby/player/rg-snyman,Bulls (2015 - 2019) -> Mie Honda Heat RFC (2019 - 2019) -> Munster Rugby (2019 - 2019) -> Mie Honda Heat RFC (2020 - 2020) -> Munster Rugby (2020 - 2024) -> Leinster Rugby (2024 - 2026)
Ryan BAIRD,Ryan BAIRD,LO,Leinster,198,113,1999.07.26,,,,,A,https://all.rugby/player/ryan-baird,Leinster Rugby (2018 - 2026),Ireland,Ireland,https://all.rugby/player/ryan-baird,Leinster Rugby (2018 - 2026)
Alex SOROKA,Alex SOROKA,Back row,Leinster,196,107,2001.02.19,,,,,A,https://all.rugby/player/alex-soroka,Leinster Rugby (2020 - 2026),,,https://all.rugby/player/alex-soroka,Leinster Rugby (2020 - 2026)
Caelan DORIS,Caelan DORIS,Back row,Leinster,193,106,1998.04.02,,,,,A,https://all.rugby/player/caelan-doris,Leinster Rugby (2017 - 2026),Ireland,Ireland,https://all.rugby/player/caelan-doris,Leinster Rugby (2017 - 2026)
Diarmuid MANGAN,Diarmuid MANGAN,Back row,Leinster,198,109,2003.03.06,,,,,A,https://all.rugby/player/diarmuid-mangan,University College Dublin (2021 - 2022) -> Leinster Rugby (2022 - 2026),,,https://all.rugby/player/diarmuid-mangan,University College Dublin (2021 - 2022) -> Leinster Rugby (2022 - 2026)
Jack CONAN,Jack CONAN,Back row,Leinster,193,111,1992.07.29,,,,,A,https://all.rugby/player/jack-conan,Leinster Rugby (2013 - 2026),Ireland,Ireland,https://all.rugby/player/jack-conan,Leinster Rugby (2013 - 2026)
James CULHANE,James CULHANE,Back row,Leinster,193,113,2002.10.22,,,,,A,https://all.rugby/player/james-culhane,Leinster Rugby (2021 - 2026),,,https://all.rugby/player/james-culhane,Leinster Rugby (2021 - 2026)
Josh VAN DER FLIER,Josh VAN DER FLIER,Back row,Leinster,183,105,1993.04.25,,,,,A,https://all.rugby/player/josh-van-der-flier,Leinster Rugby (2014 - 2026),Ireland,Ireland,https://all.rugby/player/josh-van-der-flier,Leinster Rugby (2014 - 2026)
Max DEEGAN,Max DEEGAN,Back row,Leinster,193,110,1996.10.01,,,,,A,https://all.rugby/player/max-deegan,Leinster Rugby (2016 - 2026),Ireland,Ireland,https://all.rugby/player/max-deegan,Leinster Rugby (2016 - 2026)
Scott PENNY,Scott PENNY,Back row,Leinster,185,104,1999.09.22,,,,,A,https://all.rugby/player/scott-penny,Leinster Rugby (2018 - 2026),,,https://all.rugby/player/scott-penny,Leinster Rugby (2018 - 2026)
Will CONNORS,Will CONNORS,Back row,Leinster,196,105,1996.04.04,,,,,A,https://all.rugby/player/will-connors,Leinster Rugby (2017 - 2026),Ireland,Ireland,https://all.rugby/player/will-connors,Leinster Rugby (2017 - 2026)
Fintan GUNNE,Fintan GUNNE,SH,Leinster,175,85,2003.07.28,,,,,A,https://all.rugby/player/fintan-gunne,Leinster Rugby (2022 - 2026),,,https://all.rugby/player/fintan-gunne,Leinster Rugby (2022 - 2026)
Jamison GIBSON-PARK,Jamison GIBSON-PARK,SH,Leinster,175,83,1992.02.23,,,,,A,https://all.rugby/player/jamison-gibson-park,Blues (2013 - 2015) -> Hurricanes (2015 - 2016) -> Leinster Rugby (2016 - 2026),New Zealand,New Zealand,https://all.rugby/player/jamison-gibson-park,Blues (2013 - 2015) -> Hurricanes (2015 - 2016) -> Leinster Rugby (2016 - 2026)
Luke MCGRATH,Luke MCGRATH,SH,Leinster,175,84,1993.02.03,,,,,A,https://all.rugby/player/luke-mcgrath,Leinster Rugby (2013 - 2026),Ireland,Ireland,https://all.rugby/player/luke-mcgrath,Leinster Rugby (2013 - 2026)
Charlie TECTOR,Charlie TECTOR,SO,Leinster,188,95,2002.03.28,,,,,A,https://all.rugby/player/charlie-tector,Leinster Rugby (2021 - 2026),,,https://all.rugby/player/charlie-tector,Leinster Rugby (2021 - 2026)
Ciarán FRAWLEY,Ciarán FRAWLEY,SO,Leinster,191,98,1997.12.04,,,,,A,https://all.rugby/player/ciaran-frawley,Leinster Rugby (2017 - 2026),Ireland,Ireland,https://all.rugby/player/ciaran-frawley,Leinster Rugby (2017 - 2026)
Harry BYRNE,Harry BYRNE,SO,Leinster,191,95,1999.04.22,,,,,A,https://all.rugby/player/harry-byrne,Leinster Rugby (2018 - 2024) -> Bristol Bears (2024 - 2024) -> Leinster Rugby (2024 - 2024) -> Bristol Bears (2024 - 2025) -> Leinster Rugby (2025 - 2025) -> Bristol Bears (2025 - 2025) -> Leinster Rugby (2025 - 2026),Ireland,Ireland,https://all.rugby/player/harry-byrne,Leinster Rugby (2018 - 2024) -> Bristol Bears (2024 - 2024) -> Leinster Rugby (2024 - 2024) -> Bristol Bears (2024 - 2025) -> Leinster Rugby (2025 - 2025) -> Bristol Bears (2025 - 2025) -> Leinster Rugby (2025 - 2026)
Sam PRENDERGAST,Sam PRENDERGAST,SO,Leinster,194,91,2003.02.12,,,,,A,https://all.rugby/player/sam-prendergast,Lansdowne FC (2021 - 2022) -> Leinster Rugby (2022 - 2026),Ireland,Ireland,https://all.rugby/player/sam-prendergast,Lansdowne FC (2021 - 2022) -> Leinster Rugby (2022 - 2026)
Garry RINGROSE,Garry RINGROSE,CTB,Leinster,186,92,1995.01.26,,,,,A,https://all.rugby/player/garry-ringrose,Leinster Rugby (2015 - 2026),Ireland,Ireland,https://all.rugby/player/garry-ringrose,Leinster Rugby (2015 - 2026)
Hugh COONEY,Hugh COONEY,CTB,Leinster,182,92,2003.06.26,,,,,A,https://all.rugby/player/hugh-cooney,Leinster Rugby (2022 - 2026),,,https://all.rugby/player/hugh-cooney,Leinster Rugby (2022 - 2026)
Jamie OSBORNE,Jamie OSBORNE,CTB,Leinster,193,98,2001.11.16,,,,,A,https://all.rugby/player/jamie-osborne,Leinster Rugby (2020 - 2026),Ireland,Ireland,https://all.rugby/player/jamie-osborne,Leinster Rugby (2020 - 2026)
Rieko IOANE,Rieko IOANE,CTB,Leinster,189,103,1997.03.18,,,,,A,https://all.rugby/player/rieko-ioane,Blues (2015 - 2019) -> Auckland (2019 - 2019) -> Blues (2020 - 2020) -> Auckland (2020 - 2020) -> Blues (2020 - 2024) -> Auckland (2024 - 2024) -> Blues (2025 - 2025) -> Auckland (2025 - 2025) -> Leinster Rugby (2025 - 2026),New Zealand,New Zealand,https://all.rugby/player/rieko-ioane,Blues (2015 - 2019) -> Auckland (2019 - 2019) -> Blues (2020 - 2020) -> Auckland (2020 - 2020) -> Blues (2020 - 2024) -> Auckland (2024 - 2024) -> Blues (2025 - 2025) -> Auckland (2025 - 2025) -> Leinster Rugby (2025 - 2026)
Robbie HENSHAW,Robbie HENSHAW,CTB,Leinster,191,100,1993.06.12,,,,,A,https://all.rugby/player/robbie-henshaw,Connacht Rugby (2013 - 2016) -> Leinster Rugby (2016 - 2026),Ireland,Ireland,https://all.rugby/player/robbie-henshaw,Connacht Rugby (2013 - 2016) -> Leinster Rugby (2016 - 2026)
Tommy O'BRIEN,Tommy O'BRIEN,CTB,Leinster,183,95,1998.05.28,,,,,A,https://all.rugby/player/tommy-o-brien,Leinster Rugby (2019 - 2026),Ireland,Ireland,https://all.rugby/player/tommy-o-brien,Leinster Rugby (2019 - 2026)
Andrew OSBORNE,Andrew OSBORNE,Winger,Leinster,188,93,2003.08.16,,,,,A,https://all.rugby/player/andrew-osborne,Leinster Rugby (2022 - 2026),,,https://all.rugby/player/andrew-osborne,Leinster Rugby (2022 - 2026)
James LOWE,James LOWE,Winger,Leinster,188,105,1992.07.08,,,,,A,https://all.rugby/player/james-lowe,Chiefs (2013 - 2017) -> Leinster Rugby (2017 - 2026),New Zealand,New Zealand,https://all.rugby/player/james-lowe,Chiefs (2013 - 2017) -> Leinster Rugby (2017 - 2026)
Jordan LARMOUR,Jordan LARMOUR,Winger,Leinster,178,91,1997.06.10,,,,,A,https://all.rugby/player/jordan-larmour,Leinster Rugby (2017 - 2026),Ireland,Ireland,https://all.rugby/player/jordan-larmour,Leinster Rugby (2017 - 2026)
Joshua KENNY,Joshua KENNY,Winger,Leinster,192,100,2003.08.03,,,,,A,https://all.rugby/player/joshua-kenny,Leinster Rugby (2025 - 2026),,,https://all.rugby/player/joshua-kenny,Leinster Rugby (2025 - 2026)
Hugo KEENAN,Hugo KEENAN,FB,Leinster,185,92,1996.06.18,,,,,A,https://all.rugby/player/hugo-keenan,Leinster Rugby (2016 - 2026),Ireland,Ireland,https://all.rugby/player/hugo-keenan,Leinster Rugby (2016 - 2026)
Jimmy O'BRIEN,Jimmy O'BRIEN,FB,Leinster,183,90,1996.11.27,,,,,A,https://all.rugby/player/jimmy-o-brien,Leinster Rugby (2018 - 2026),Ireland,Ireland,https://all.rugby/player/jimmy-o-brien,Leinster Rugby (2018 - 2026)
Alex MULLAN,Alex MULLAN,PR,Leinster,,,2005..,,,,,A,https://all.rugby/player/alex-mullan,Blackrock College RFC (2023 - 2025) -> Leinster Rugby (2025 - 2026),,,https://all.rugby/player/alex-mullan,Blackrock College RFC (2023 - 2025) -> Leinster Rugby (2025 - 2026)
Andrew SPARROW,Andrew SPARROW,PR,Leinster,192,128,2004..,,,,,A,https://all.rugby/player/andrew-sparrow,University College Dublin (2023 - 2024) -> Leinster Rugby (2024 - 2026),,,https://all.rugby/player/andrew-sparrow,University College Dublin (2023 - 2024) -> Leinster Rugby (2024 - 2026)
Lee FITZPATRICK,Lee FITZPATRICK,HO,Leinster,,,2007..,,,,,A,https://all.rugby/player/lee-fitzpatrick,Newbridge College (2024 - 2025) -> Leinster Rugby (2025 - 2026),,,https://all.rugby/player/lee-fitzpatrick,Newbridge College (2024 - 2025) -> Leinster Rugby (2025 - 2026)
Stephen SMYTH,Stephen SMYTH,HO,Leinster,187,114,2004..,,,,,A,https://all.rugby/player/stephen-smyth,Old Wesley RFC (2023 - 2024) -> Leinster Rugby (2024 - 2026),,,https://all.rugby/player/stephen-smyth,Old Wesley RFC (2023 - 2024) -> Leinster Rugby (2024 - 2026)
Alan SPICER,Alan SPICER,LO,Leinster,208,138,2005..,,,,,A,https://all.rugby/player/alan-spicer,University College Dublin (2023 - 2024) -> Leinster Rugby (2024 - 2026),,,https://all.rugby/player/alan-spicer,University College Dublin (2023 - 2024) -> Leinster Rugby (2024 - 2026)
Billy CORRIGAN,Billy CORRIGAN,LO,Leinster,198,113,2005..,,,,,A,https://all.rugby/player/billy-corrigan,Old Wesley RFC (2023 - 2025) -> Leinster Rugby (2025 - 2026),,,https://all.rugby/player/billy-corrigan,Old Wesley RFC (2023 - 2025) -> Leinster Rugby (2025 - 2026)
Conor O'TIGHEARNAIGH,Conor O'TIGHEARNAIGH,LO,Leinster,200,118,2003.04.02,,,,,A,https://all.rugby/player/conor-o-tighearnaigh,Leinster Rugby (2021 - 2026),,,https://all.rugby/player/conor-o-tighearnaigh,Leinster Rugby (2021 - 2026)
Mahon RONAN,Mahon RONAN,LO,Leinster,195,114,2005..,,,,,A,https://all.rugby/player/mahon-ronan,Old Wesley RFC (2024 - 2025) -> Leinster Rugby (2025 - 2026),,,https://all.rugby/player/mahon-ronan,Old Wesley RFC (2024 - 2025) -> Leinster Rugby (2025 - 2026)
Josh ERICSON,Josh ERICSON,Back row,Leinster,,,,,,,,A,https://all.rugby/player/josh-ericson,Old Belvedere RC (2024 - 2025) -> Leinster Rugby (2025 - 2026),,,https://all.rugby/player/josh-ericson,Old Belvedere RC (2024 - 2025) -> Leinster Rugby (2025 - 2026)
Josh NEILL,Josh NEILL,Back row,Leinster,,,2007..,,,,,A,https://all.rugby/player/josh-neill,Rondebosch Boys’ High School (2024 - 2025) -> Leinster Rugby (2025 - 2026),South Africa,South Africa,https://all.rugby/player/josh-neill,Rondebosch Boys’ High School (2024 - 2025) -> Leinster Rugby (2025 - 2026)
Liam MOLONY,Liam MOLONY,Back row,Leinster,183,102,2003.11.09,,,,,A,https://all.rugby/player/liam-molony,Leinster Rugby (2022 - 2026),,,https://all.rugby/player/liam-molony,Leinster Rugby (2022 - 2026)
Oliver COFFEY,Oliver COFFEY,SH,Leinster,183,84,2004..,,,,,A,https://all.rugby/player/oliver-coffey,Blackrock College RFC (2023 - 2024) -> Leinster Rugby (2024 - 2026),,,https://all.rugby/player/oliver-coffey,Blackrock College RFC (2023 - 2024) -> Leinster Rugby (2024 - 2026)
Tadhg BROPHY,Tadhg BROPHY,SH,Leinster,173,73,2004..,,,,,A,https://all.rugby/player/tadhg-brophy,Naas RFC (2023 - 2024) -> Lansdowne FC (2024 - 2025) -> Leinster Rugby (2025 - 2026),,,https://all.rugby/player/tadhg-brophy,Naas RFC (2023 - 2024) -> Lansdowne FC (2024 - 2025) -> Leinster Rugby (2025 - 2026)
Caspar GABRIEL,Caspar GABRIEL,SO,Leinster,190,93,2005..,,,,,A,https://all.rugby/player/caspar-gabriel,Terenure College (2022 - 2024) -> Leinster Rugby (2024 - 2026),,,https://all.rugby/player/caspar-gabriel,Terenure College (2022 - 2024) -> Leinster Rugby (2024 - 2026)
Ciarán MANGAN,Ciarán MANGAN,CTB,Leinster,188,,2005..,,,,,A,https://all.rugby/player/ciaran-mangan,Blackrock College RFC (2024 - 2025) -> Leinster Rugby (2025 - 2026),,,https://all.rugby/player/ciaran-mangan,Blackrock College RFC (2024 - 2025) -> Leinster Rugby (2025 - 2026)
Connor FAHY,Connor FAHY,CTB,Leinster,185,,2005..,,,,,A,https://all.rugby/player/connor-fahy,Clontarf Rugby (2024 - 2025) -> Leinster Rugby (2025 - 2026),,,https://all.rugby/player/connor-fahy,Clontarf Rugby (2024 - 2025) -> Leinster Rugby (2025 - 2026)
Jack DEEGAN,Jack DEEGAN,CTB,Leinster,188,,,,,,,A,https://all.rugby/player/jack-deegan,Cistercian College Roscrea (2022 - 2025) -> Leinster Rugby (2025 - 2026),,,https://all.rugby/player/jack-deegan,Cistercian College Roscrea (2022 - 2025) -> Leinster Rugby (2025 - 2026)
Hugo MCLAUGHLIN,Hugo MCLAUGHLIN,Winger,Leinster,181,90,2004..,,,,,A,https://all.rugby/player/hugo-mclaughlin,Lansdowne FC (2023 - 2024) -> Leinster Rugby (2024 - 2026),,,https://all.rugby/player/hugo-mclaughlin,Lansdowne FC (2023 - 2024) -> Leinster Rugby (2024 - 2026)
Páidí FARRELL,Páidí FARRELL,Winger,Leinster,175,81,2005..,,,,,A,https://all.rugby/player/paidi-farrell,Old Wesley RFC (2024 - 2025) -> Leinster Rugby (2025 - 2026),,,https://all.rugby/player/paidi-farrell,Old Wesley RFC (2024 - 2025) -> Leinster Rugby (2025 - 2026)
Ruben MOLONEY,Ruben MOLONEY,Winger,Leinster,187,92,2004.01.16,,,,,A,https://all.rugby/player/ruben-moloney,University College Dublin (2023 - 2024) -> Leinster Rugby (2024 - 2026),,,https://all.rugby/player/ruben-moloney,University College Dublin (2023 - 2024) -> Leinster Rugby (2024 - 2026)
Todd LAWLOR,Todd LAWLOR,Winger,Leinster,,,,,,,,A,https://all.rugby/player/todd-lawlor,Newbridge College (2021 - 2024) -> Llandovery RFC (2024 - 2025) -> Leinster Rugby (2025 - 2026),,,https://all.rugby/player/todd-lawlor,Newbridge College (2021 - 2024) -> Llandovery RFC (2024 - 2025) -> Leinster Rugby (2025 - 2026)
Henry MCERLEAN,Henry MCERLEAN,FB,Leinster,183,87,2003.02.13,,,,,A,https://all.rugby/player/henry-mcerlean,Leinster Rugby (2022 - 2026),,,https://all.rugby/player/henry-mcerlean,Leinster Rugby (2022 - 2026)
Corey DOMACHOWSKI,Corey DOMACHOWSKI,PR,Cardiff,183,124,1996.09.19,,,,,A,https://all.rugby/player/corey-domachowski,Cardiff Rugby (2015 - 2026),,,https://all.rugby/player/corey-domachowski,Cardiff Rugby (2015 - 2026)
Danny SOUTHWORTH,Danny SOUTHWORTH,PR,Cardiff,183,120,1999.05.04,,,,,A,https://all.rugby/player/danny-southworth,Exeter Chiefs (2019 - 2022) -> Coventry Rugby (2022 - 2022) -> Exeter Chiefs (2022 - 2022) -> Coventry Rugby (2023 - 2023) -> Exeter Chiefs (2023 - 2023) -> Coventry Rugby (2023 - 2023) -> Exeter Chiefs (2024 - 2024) -> Coventry Rugby (2024 - 2024) -> Cardiff Rugby (2024 - 2026),,,https://all.rugby/player/danny-southworth,Exeter Chiefs (2019 - 2022) -> Coventry Rugby (2022 - 2022) -> Exeter Chiefs (2022 - 2022) -> Coventry Rugby (2023 - 2023) -> Exeter Chiefs (2023 - 2023) -> Coventry Rugby (2023 - 2023) -> Exeter Chiefs (2024 - 2024) -> Coventry Rugby (2024 - 2024) -> Cardiff Rugby (2024 - 2026)
Ed BYRNE,Ed BYRNE,PR,Cardiff,180,115,1993.09.09,,,,,A,https://all.rugby/player/ed-byrne,Leinster Rugby (2013 - 2024) -> Cardiff Rugby (2024 - 2026),Ireland,Ireland,https://all.rugby/player/ed-byrne,Leinster Rugby (2013 - 2024) -> Cardiff Rugby (2024 - 2026)
Javan SEBASTIAN,Javan SEBASTIAN,PR,Cardiff,177,125,1994.09.27,,,,,A,https://all.rugby/player/javan-sebastian,Scarlets (2017 - 2023) -> Edimbourg Rugby (2023 - 2025) -> Cardiff Rugby (2025 - 2026),Wales,Wales,https://all.rugby/player/javan-sebastian,Scarlets (2017 - 2023) -> Edimbourg Rugby (2023 - 2025) -> Cardiff Rugby (2025 - 2026)
Joe COWELL,Joe COWELL,PR,Cardiff,187,124,2002.01.06,,,,,A,https://all.rugby/player/joe-cowell,Cardiff Met RFC (2021 - 2021) -> Cardiff Rugby (2021 - 2021) -> Cardiff Met RFC (2022 - 2022) -> Cardiff Rugby (2022 - 2022) -> Cardiff Met RFC (2022 - 2024) -> Cardiff Rugby (2024 - 2025) -> Bedford Blues (2025 - 2025) -> Northampton Saints (2025 - 2025) -> Cardiff Rugby (2026 - 2026) -> Bedford Blues (2026 - 2026) -> Northampton Saints (2026 - 2026),,,https://all.rugby/player/joe-cowell,Cardiff Met RFC (2021 - 2021) -> Cardiff Rugby (2021 - 2021) -> Cardiff Met RFC (2022 - 2022) -> Cardiff Rugby (2022 - 2022) -> Cardiff Met RFC (2022 - 2024) -> Cardiff Rugby (2024 - 2025) -> Bedford Blues (2025 - 2025) -> Northampton Saints (2025 - 2025) -> Cardiff Rugby (2026 - 2026) -> Bedford Blues (2026 - 2026) -> Northampton Saints (2026 - 2026)
Keiron ASSIRATTI,Keiron ASSIRATTI,PR,Cardiff,188,120,1997.06.30,,,,,A,https://all.rugby/player/kieron-assiratti,Cardiff Rugby (2016 - 2019) -> Bristol Bears (2019 - 2019) -> Cardiff Rugby (2020 - 2020) -> Bristol Bears (2020 - 2020) -> Cardiff Rugby (2020 - 2026),Wales,Wales,https://all.rugby/player/kieron-assiratti,Cardiff Rugby (2016 - 2019) -> Bristol Bears (2019 - 2019) -> Cardiff Rugby (2020 - 2020) -> Bristol Bears (2020 - 2020) -> Cardiff Rugby (2020 - 2026)
Rhys BARRATT,Rhys BARRATT,PR,Cardiff,184,111,2002.10.27,,,,,A,https://all.rugby/player/rhys-barratt,Cardiff Rugby (2021 - 2026),,,https://all.rugby/player/rhys-barratt,Cardiff Rugby (2021 - 2026)
Sam WAINWRIGHT,Sam WAINWRIGHT,PR,Cardiff,182,119,1998.05.07,,,,,A,https://all.rugby/player/sam-wainwright,RGC 1404 (2018 - 2019) -> Saracens (2019 - 2022) -> Scarlets (2022 - 2022) -> Saracens (2023 - 2023) -> Scarlets (2023 - 2025) -> Cardiff Rugby (2025 - 2026),Wales,Wales,https://all.rugby/player/sam-wainwright,RGC 1404 (2018 - 2019) -> Saracens (2019 - 2022) -> Scarlets (2022 - 2022) -> Saracens (2023 - 2023) -> Scarlets (2023 - 2025) -> Cardiff Rugby (2025 - 2026)
Will DAVIES-KING,Will DAVIES-KING,PR,Cardiff,193,128,1998.07.28,,,,,A,https://all.rugby/player/will-davies-king,Cardiff Rugby (2019 - 2025) -> Northampton Saints (2025 - 2025) -> Cardiff Rugby (2026 - 2026) -> Northampton Saints (2026 - 2026),,,https://all.rugby/player/will-davies-king,Cardiff Rugby (2019 - 2025) -> Northampton Saints (2025 - 2025) -> Cardiff Rugby (2026 - 2026) -> Northampton Saints (2026 - 2026)
Dafydd HUGHES,Dafydd HUGHES,HO,Cardiff,179,105,1996.01.08,,,,,A,https://all.rugby/player/dafydd-hughes,Scarlets (2016 - 2023) -> Jersey Reds (2023 - 2023) -> Cardiff Rugby (2023 - 2023) -> Jersey Reds (2024 - 2024) -> Cardiff Rugby (2024 - 2026),,,https://all.rugby/player/dafydd-hughes,Scarlets (2016 - 2023) -> Jersey Reds (2023 - 2023) -> Cardiff Rugby (2023 - 2023) -> Jersey Reds (2024 - 2024) -> Cardiff Rugby (2024 - 2026)
Ethan LEWIS,Ethan LEWIS,HO,Cardiff,182,109,1994.03.28,,,,,A,https://all.rugby/player/ethan-lewis,Cardiff Rugby (2015 - 2020) -> Saracens (2020 - 2020) -> Cardiff Rugby (2021 - 2021) -> Saracens (2021 - 2023) -> Ospreys (2023 - 2025) -> Cardiff Rugby (2025 - 2025) -> Ospreys (2026 - 2026) -> Cardiff Rugby (2026 - 2026),,,https://all.rugby/player/ethan-lewis,Cardiff Rugby (2015 - 2020) -> Saracens (2020 - 2020) -> Cardiff Rugby (2021 - 2021) -> Saracens (2021 - 2023) -> Ospreys (2023 - 2025) -> Cardiff Rugby (2025 - 2025) -> Ospreys (2026 - 2026) -> Cardiff Rugby (2026 - 2026)
Evan LLOYD,Evan LLOYD,HO,Cardiff,185,115,2001.12.28,,,,,A,https://all.rugby/player/evan-lloyd-,Cardiff Rugby (2020 - 2026),Wales,Wales,https://all.rugby/player/evan-lloyd-,Cardiff Rugby (2020 - 2026)
Liam BELCHER,Liam BELCHER,HO,Cardiff,177,107,1996.04.28,,,,,A,https://all.rugby/player/liam-belcher,Cardiff Rugby (2015 - 2016) -> Dragons RFC (2017 - 2018) -> Cardiff Rugby (2018 - 2026),,,https://all.rugby/player/liam-belcher,Cardiff Rugby (2015 - 2016) -> Dragons RFC (2017 - 2018) -> Cardiff Rugby (2018 - 2026)
George NOTT,George NOTT,LO,Cardiff,198,114,1996.06.21,,,,,A,https://all.rugby/player/george-nott,Sale Sharks (2014 - 2019) -> London Irish (2019 - 2022) -> Dragons RFC (2022 - 2025) -> Cardiff Rugby (2025 - 2026),,,https://all.rugby/player/george-nott,Sale Sharks (2014 - 2019) -> London Irish (2019 - 2022) -> Dragons RFC (2022 - 2025) -> Cardiff Rugby (2025 - 2026)
Josh MCNALLY,Josh MCNALLY,LO,Cardiff,200,125,1990.08.21,,,,,A,https://all.rugby/player/josh-mcnally,London Welsh RFC (2014 - 2015) -> London Irish (2017 - 2019) -> Bath Rugby (2019 - 2024) -> Cardiff Rugby (2024 - 2026),,,https://all.rugby/player/josh-mcnally,London Welsh RFC (2014 - 2015) -> London Irish (2017 - 2019) -> Bath Rugby (2019 - 2024) -> Cardiff Rugby (2024 - 2026)
Rory THORNTON,Rory THORNTON,LO,Cardiff,200,121,1995.03.16,,,,,A,https://all.rugby/player/rory-thornton,Ospreys (2014 - 2018) -> Cardiff Rugby (2018 - 2026),Wales,Wales,https://all.rugby/player/rory-thornton,Ospreys (2014 - 2018) -> Cardiff Rugby (2018 - 2026)
Alex MANN,Alex MANN,Back row,Cardiff,191,98,2002.01.06,,,,,A,https://all.rugby/player/alex-mann,Cardiff Rugby (2020 - 2026),Wales,Wales,https://all.rugby/player/alex-mann,Cardiff Rugby (2020 - 2026)
Alun LAWRENCE,Alun LAWRENCE,Back row,Cardiff,191,112,1998.09.15,,,,,A,https://all.rugby/player/alun-lawrence,Cardiff Rugby (2017 - 2021) -> Jersey Reds (2021 - 2021) -> Cardiff Rugby (2022 - 2022) -> Jersey Reds (2022 - 2023) -> Cardiff Rugby (2023 - 2023) -> Jersey Reds (2024 - 2024) -> Cardiff Rugby (2024 - 2026),,,https://all.rugby/player/alun-lawrence,Cardiff Rugby (2017 - 2021) -> Jersey Reds (2021 - 2021) -> Cardiff Rugby (2022 - 2022) -> Jersey Reds (2022 - 2023) -> Cardiff Rugby (2023 - 2023) -> Jersey Reds (2024 - 2024) -> Cardiff Rugby (2024 - 2026)
Ben DONNELL,Ben DONNELL,Back row,Cardiff,198,118,2000.08.02,,,,,A,https://all.rugby/player/ben-donnell,London Irish (2017 - 2023) -> Gloucester Rugby (2023 - 2023) -> Cardiff Rugby (2023 - 2023) -> Gloucester Rugby (2024 - 2024) -> Cardiff Rugby (2024 - 2026),,,https://all.rugby/player/ben-donnell,London Irish (2017 - 2023) -> Gloucester Rugby (2023 - 2023) -> Cardiff Rugby (2023 - 2023) -> Gloucester Rugby (2024 - 2024) -> Cardiff Rugby (2024 - 2026)
Dan THOMAS,Dan THOMAS,Back row,Cardiff,183,101,1993.10.11,,,,,A,https://all.rugby/player/daniel-thomas,Scarlets (2013 - 2014) -> Gloucester Rugby (2014 - 2017) -> Bristol Bears (2017 - 2022) -> Scarlets (2022 - 2022) -> Bristol Bears (2022 - 2022) -> Scarlets (2023 - 2023) -> Bristol Bears (2023 - 2024) -> Cardiff Rugby (2024 - 2026),,,https://all.rugby/player/daniel-thomas,Scarlets (2013 - 2014) -> Gloucester Rugby (2014 - 2017) -> Bristol Bears (2017 - 2022) -> Scarlets (2022 - 2022) -> Bristol Bears (2022 - 2022) -> Scarlets (2023 - 2023) -> Bristol Bears (2023 - 2024) -> Cardiff Rugby (2024 - 2026)
James BOTHAM,James BOTHAM,Back row,Cardiff,191,108,1998.02.22,,,,,A,https://all.rugby/player/james-botham,Cardiff Rugby (2017 - 2026),Wales,Wales,https://all.rugby/player/james-botham,Cardiff Rugby (2017 - 2026)
Lucas DE LA RUA,Lucas DE LA RUA,Back row,Cardiff,188,104,2004..,,,,,A,https://all.rugby/player/lucas-de-la-rua,Cardiff Rugby (2022 - 2026),,,https://all.rugby/player/lucas-de-la-rua,Cardiff Rugby (2022 - 2026)
Taine BASHAM,Taine BASHAM,Back row,Cardiff,182,100,1999.11.02,,,,,A,https://all.rugby/player/taine-basham,Dragons RFC (2017 - 2025) -> Cardiff Rugby (2025 - 2026),Wales,Wales,https://all.rugby/player/taine-basham,Dragons RFC (2017 - 2025) -> Cardiff Rugby (2025 - 2026)
Teddy WILLIAMS,Teddy WILLIAMS,Back row,Cardiff,200,118,2000.10.18,,,,,A,https://all.rugby/player/teddy-williams,Cardiff Rugby (2018 - 2026),Wales,Wales,https://all.rugby/player/teddy-williams,Cardiff Rugby (2018 - 2026)
Toby FALETAU,Toby FALETAU,Back row,Cardiff,188,115,1990.11.12,,,,,A,https://all.rugby/player/toby-faletau,Dragons RFC (2013 - 2016) -> Bath Rugby (2016 - 2022) -> Cardiff Rugby (2022 - 2026),Tonga,Tonga,https://all.rugby/player/toby-faletau,Dragons RFC (2013 - 2016) -> Bath Rugby (2016 - 2022) -> Cardiff Rugby (2022 - 2026)
Aled DAVIES,Aled DAVIES,SH,Cardiff,178,88,1992.07.19,,,,,A,https://all.rugby/player/aled-davies,Scarlets (2013 - 2018) -> Ospreys (2018 - 2019) -> Saracens (2019 - 2019) -> Ospreys (2020 - 2020) -> Saracens (2020 - 2024) -> Cardiff Rugby (2024 - 2026),Wales,Wales,https://all.rugby/player/aled-davies,Scarlets (2013 - 2018) -> Ospreys (2018 - 2019) -> Saracens (2019 - 2019) -> Ospreys (2020 - 2020) -> Saracens (2020 - 2024) -> Cardiff Rugby (2024 - 2026)
Johan MULDER,Johan MULDER,SH,Cardiff,176,85,1999.08.06,,,,,A,https://all.rugby/player/johan-mulder,Lions Rugby (2023 - 2024) -> Cardiff Rugby (2024 - 2026),,,https://all.rugby/player/johan-mulder,Lions Rugby (2023 - 2024) -> Cardiff Rugby (2024 - 2026)
Ben THOMAS,Ben THOMAS,SO,Cardiff,183,93,1998.11.25,,,,,A,https://all.rugby/player/ben-thomas,Cardiff Rugby (2017 - 2026),,,https://all.rugby/player/ben-thomas,Cardiff Rugby (2017 - 2026)
Callum SHEEDY,Callum SHEEDY,SO,Cardiff,177,88,1995.10.28,,,,,A,https://all.rugby/player/callum-sheedy,Bristol Bears (2018 - 2024) -> Cardiff Rugby (2024 - 2026),Wales,Wales,https://all.rugby/player/callum-sheedy,Bristol Bears (2018 - 2024) -> Cardiff Rugby (2024 - 2026)
Harri WILDE,Harri WILDE,SO,Cardiff,180,87,2005..,,,,,A,https://all.rugby/player/harri-wilde,Cardiff Rugby (2022 - 2026),,,https://all.rugby/player/harri-wilde,Cardiff Rugby (2022 - 2026)
Ioan LLOYD,Ioan LLOYD,SO,Cardiff,179,86,2001.04.05,,,,,A,https://all.rugby/player/ioan-lloyd,Bristol Bears (2018 - 2023) -> Scarlets (2023 - 2025) -> Cardiff Rugby (2025 - 2026),Wales,Wales,https://all.rugby/player/ioan-lloyd,Bristol Bears (2018 - 2023) -> Scarlets (2023 - 2025) -> Cardiff Rugby (2025 - 2026)
Rory JENNINGS,Rory JENNINGS,SO,Cardiff,180,91,1995.12.24,,,,,A,https://all.rugby/player/rory-jennings-,Bath Rugby (2014 - 2016) -> Ealing Trailfinders (2016 - 2016) -> Bath Rugby (2016 - 2016) -> Ealing Trailfinders (2017 - 2017) -> Bath Rugby (2017 - 2017) -> Rotherham Titans (2017 - 2018) -> London Scottish (2018 - 2019) -> Coventry Rugby (2019 - 2019) -> Leicester Tigers (2019 - 2019) -> Coventry Rugby (2020 - 2020) -> Leicester Tigers (2020 - 2020) -> ASM Clermont Auvergne (2020 - 2021) -> London Irish (2021 - 2023) -> Newcastle (2023 - 2024) -> Cardiff Rugby (2024 - 2026),,,https://all.rugby/player/rory-jennings-,Bath Rugby (2014 - 2016) -> Ealing Trailfinders (2016 - 2016) -> Bath Rugby (2016 - 2016) -> Ealing Trailfinders (2017 - 2017) -> Bath Rugby (2017 - 2017) -> Rotherham Titans (2017 - 2018) -> London Scottish (2018 - 2019) -> Coventry Rugby (2019 - 2019) -> Leicester Tigers (2019 - 2019) -> Coventry Rugby (2020 - 2020) -> Leicester Tigers (2020 - 2020) -> ASM Clermont Auvergne (2020 - 2021) -> London Irish (2021 - 2023) -> Newcastle (2023 - 2024) -> Cardiff Rugby (2024 - 2026)
Cornel SMIT,Cornel SMIT,CTB,Cardiff,183,96,1997.09.10,,,,,A,https://all.rugby/player/cornel-smit,Western Province (2017 - 2019) -> Stormers (2020 - 2023) -> Bulls (2023 - 2023) -> Stormers (2024 - 2024) -> Bulls (2024 - 2025) -> Cardiff Rugby (2025 - 2026),,,https://all.rugby/player/cornel-smit,Western Province (2017 - 2019) -> Stormers (2020 - 2023) -> Bulls (2023 - 2023) -> Stormers (2024 - 2024) -> Bulls (2024 - 2025) -> Cardiff Rugby (2025 - 2026)
Harri MILLARD,Harri MILLARD,CTB,Cardiff,183,94,1996.08.17,,,,,A,https://all.rugby/player/harri-millard,Cardiff Rugby (2015 - 2026),,,https://all.rugby/player/harri-millard,Cardiff Rugby (2015 - 2026)
Mason GRADY,Mason GRADY,CTB,Cardiff,196,117,2002.03.29,,,,,A,https://all.rugby/player/mason-grady,Cardiff Rugby (2019 - 2026),Wales,Wales,https://all.rugby/player/mason-grady,Cardiff Rugby (2019 - 2026)
Steffan EMANUEL,Steffan EMANUEL,CTB,Cardiff,183,96,2006..,,,,,A,https://all.rugby/player/steffan-emanuel,Bath Rugby (2023 - 2024) -> Cardiff Rugby (2024 - 2026),,,https://all.rugby/player/steffan-emanuel,Bath Rugby (2023 - 2024) -> Cardiff Rugby (2024 - 2026)
Iwan STEPHENS,Iwan STEPHENS,Winger,Cardiff,170,83,2002.03.24,,,,,A,https://all.rugby/player/iwan-stephens,Leeds Rhinos Rugby League Club (2019 - 2020) -> Newcastle (2020 - 2024) -> Cardiff Rugby (2024 - 2026),,,https://all.rugby/player/iwan-stephens,Leeds Rhinos Rugby League Club (2019 - 2020) -> Newcastle (2020 - 2024) -> Cardiff Rugby (2024 - 2026)
Josh ADAMS,Josh ADAMS,Winger,Cardiff,186,96,1995.04.21,,,,,A,https://all.rugby/player/josh--adams-,Worcester Warriors (2016 - 2019) -> Cardiff Rugby (2019 - 2026),Wales,Wales,https://all.rugby/player/josh--adams-,Worcester Warriors (2016 - 2019) -> Cardiff Rugby (2019 - 2026)
Theo CABANGO,Theo CABANGO,Winger,Cardiff,175,87,2001.11.29,,,,,A,https://all.rugby/player/theo-cabango,Cardiff Rugby (2019 - 2026),,,https://all.rugby/player/theo-cabango,Cardiff Rugby (2019 - 2026)
Cam WINNETT,Cam WINNETT,FB,Cardiff,180,85,2003.01.07,,,,,A,https://all.rugby/player/cam-winnett,Cardiff Rugby (2021 - 2026),Wales,Wales,https://all.rugby/player/cam-winnett,Cardiff Rugby (2021 - 2026)
Jacob BEETHAM,Jacob BEETHAM,FB,Cardiff,185,100,2001.04.18,,,,,A,https://all.rugby/player/jacob-beetham,Cardiff Rugby (2019 - 2026),,,https://all.rugby/player/jacob-beetham,Cardiff Rugby (2019 - 2026)
Leigh HALFPENNY,Leigh HALFPENNY,FB,Cardiff,178,86,1988.12.22,,,,,A,https://all.rugby/player/leigh-halfpenny,Cardiff Rugby (2013 - 2014) -> Rugby Club Toulonnais (2014 - 2017) -> Scarlets (2017 - 2023) -> Crusaders (2023 - 2024) -> Harlequins (2024 - 2025) -> Cardiff Rugby (2025 - 2026),Wales,Wales,https://all.rugby/player/leigh-halfpenny,Cardiff Rugby (2013 - 2014) -> Rugby Club Toulonnais (2014 - 2017) -> Scarlets (2017 - 2023) -> Crusaders (2023 - 2024) -> Harlequins (2024 - 2025) -> Cardiff Rugby (2025 - 2026)
Tom BOWEN,Tom BOWEN,FB,Cardiff,170,75,2006..,,,,,A,https://all.rugby/player/tom-bowen,Clifton Rugby (2022 - 2024) -> Cardiff Rugby (2024 - 2026),,,https://all.rugby/player/tom-bowen,Clifton Rugby (2022 - 2024) -> Cardiff Rugby (2024 - 2026)
Ioan EMANUEL,Ioan EMANUEL,PR,Cardiff,189,123,2005..,,,,,A,https://all.rugby/player/ioan-emanuel,Bath Rugby (2023 - 2025) -> Cardiff Rugby (2025 - 2025) -> Bath Rugby (2026 - 2026) -> Cardiff Rugby (2026 - 2026),,,https://all.rugby/player/ioan-emanuel,Bath Rugby (2023 - 2025) -> Cardiff Rugby (2025 - 2025) -> Bath Rugby (2026 - 2026) -> Cardiff Rugby (2026 - 2026)
Isaac JONES,Isaac JONES,PR,Cardiff,,,,,,,,A,https://all.rugby/player/isaac-jones,Cardiff Rugby (2024 - 2026),,,https://all.rugby/player/isaac-jones,Cardiff Rugby (2024 - 2026)
Max PEARCE,Max PEARCE,HO,Cardiff,180,110,2004..,,,,,A,https://all.rugby/player/max-pearce,Bath Rugby (2023 - 2025) -> Cardiff Rugby (2025 - 2025) -> Bath Rugby (2026 - 2026) -> Cardiff Rugby (2026 - 2026),,,https://all.rugby/player/max-pearce,Bath Rugby (2023 - 2025) -> Cardiff Rugby (2025 - 2025) -> Bath Rugby (2026 - 2026) -> Cardiff Rugby (2026 - 2026)
Tom HOWE,Tom HOWE,HO,Cardiff,188,109,2007..,,,,,A,https://all.rugby/player/tom-howe-22206,Cardiff Rugby (2025 - 2026),,,https://all.rugby/player/tom-howe-22206,Cardiff Rugby (2025 - 2026)
Gabe WILLIAMS,Gabe WILLIAMS,LO,Cardiff,198,106,,,,,,A,https://all.rugby/player/gabe-williams,Cardiff Rugby (2025 - 2026),,,https://all.rugby/player/gabe-williams,Cardiff Rugby (2025 - 2026)
Harri LEWIS,Harri LEWIS,LO,Cardiff,,,,,,,,A,https://all.rugby/player/harri-lewis,Cardiff Rugby (2025 - 2026),,,https://all.rugby/player/harri-lewis,Cardiff Rugby (2025 - 2026)
Tom COTTLE,Tom COTTLE,LO,Cardiff,198,114,2006..,,,,,A,https://all.rugby/player/tom-cottle,RGC 1404 (2024 - 2025) -> Cardiff Rugby (2025 - 2026),,,https://all.rugby/player/tom-cottle,RGC 1404 (2024 - 2025) -> Cardiff Rugby (2025 - 2026)
Evan REES,Evan REES,Back row,Cardiff,190,108,2005..,,,,,A,https://all.rugby/player/evan-rees,Cardiff Rugby (2025 - 2026),,,https://all.rugby/player/evan-rees,Cardiff Rugby (2025 - 2026)
Ieuan DAVIES,Ieuan DAVIES,SH,Cardiff,175,80,2004..,,,,,A,https://all.rugby/player/ieuan-davies,Bath Rugby (2023 - 2025) -> Cardiff Rugby (2025 - 2025) -> Bath Rugby (2026 - 2026) -> Cardiff Rugby (2026 - 2026),,,https://all.rugby/player/ieuan-davies,Bath Rugby (2023 - 2025) -> Cardiff Rugby (2025 - 2025) -> Bath Rugby (2026 - 2026) -> Cardiff Rugby (2026 - 2026)
Sion DAVIES,Sion DAVIES,SH,Cardiff,185,87,2006..,,,,,A,https://all.rugby/player/sion-davies,Cardiff Rugby (2024 - 2026),,,https://all.rugby/player/sion-davies,Cardiff Rugby (2024 - 2026)
Lloyd LUCAS,Lloyd LUCAS,SO,Cardiff,170,84,2007..,,,,,A,https://all.rugby/player/lloyd-lucas,Cardiff Rugby (2024 - 2026),,,https://all.rugby/player/lloyd-lucas,Cardiff Rugby (2024 - 2026)
Bailey CUTTS,Bailey CUTTS,CTB,Cardiff,185,88,2007..,,,,,A,https://all.rugby/player/bailey-cutts,Cardiff Rugby (2025 - 2026),,,https://all.rugby/player/bailey-cutts,Cardiff Rugby (2025 - 2026)
Elijah EVANS,Elijah EVANS,CTB,Cardiff,190,94,2005..,,,,,A,https://all.rugby/player/elijah-evans,Cardiff Rugby (2023 - 2026),,,https://all.rugby/player/elijah-evans,Cardiff Rugby (2023 - 2026)
Osian DARWIN-LEWIS,Osian DARWIN-LEWIS,CTB,Cardiff,185,95,2006..,,,,,A,https://all.rugby/player/osian-darwin-lewis,Cardiff Rugby (2024 - 2026),,,https://all.rugby/player/osian-darwin-lewis,Cardiff Rugby (2024 - 2026)
Osian ROBERTS,Osian ROBERTS,CTB,Cardiff,180,89,2005..,,,,,A,https://all.rugby/player/osian-roberts,Sale Sharks (2023 - 2025) -> Cardiff Rugby (2025 - 2025) -> Caldy RFC (2025 - 2025) -> Sale Sharks (2026 - 2026) -> Cardiff Rugby (2026 - 2026) -> Caldy RFC (2026 - 2026),,,https://all.rugby/player/osian-roberts,Sale Sharks (2023 - 2025) -> Cardiff Rugby (2025 - 2025) -> Caldy RFC (2025 - 2025) -> Sale Sharks (2026 - 2026) -> Cardiff Rugby (2026 - 2026) -> Caldy RFC (2026 - 2026)
Joseff JONES,Joseff JONES,Winger,Cardiff,,,,,,,,A,https://all.rugby/player/joseff-jones,Cardiff Rugby (2024 - 2026),,,https://all.rugby/player/joseff-jones,Cardiff Rugby (2024 - 2026)
Matty YOUNG,Matty YOUNG,FB,Cardiff,183,82,2004..,,,,,A,https://all.rugby/player/matty-young,Cardiff Rugby (2023 - 2026),,,https://all.rugby/player/matty-young,Cardiff Rugby (2023 - 2026)
Rhys CUMMINGS,Rhys CUMMINGS,FB,Cardiff,183,86,2007..,,,,,A,https://all.rugby/player/rhys-cummings,Cardiff Rugby (2025 - 2026),,,https://all.rugby/player/rhys-cummings,Cardiff Rugby (2025 - 2026)
Conor BARTLEY,Conor BARTLEY,PR,Munster,182,117,1995.06.27,,,,,A,https://all.rugby/player/conor-bartley,Young Munster RFC (2021 - 2024) -> Munster Rugby (2024 - 2024) -> Young Munster RFC (2025 - 2025) -> Munster Rugby (2025 - 2026),,,https://all.rugby/player/conor-bartley,Young Munster RFC (2021 - 2024) -> Munster Rugby (2024 - 2024) -> Young Munster RFC (2025 - 2025) -> Munster Rugby (2025 - 2026)
Jeremy LOUGHMAN,Jeremy LOUGHMAN,PR,Munster,183,120,1995.07.22,,,,,A,https://all.rugby/player/jeremy-loughman,Leinster Rugby (2015 - 2017) -> Munster Rugby (2017 - 2026),Ireland,Ireland,https://all.rugby/player/jeremy-loughman,Leinster Rugby (2015 - 2017) -> Munster Rugby (2017 - 2026)
John RYAN,John RYAN,PR,Munster,185,121,1988.08.02,,,,,A,https://all.rugby/player/john-ryan,Munster Rugby (2012 - 2022) -> Wasps (2022 - 2022) -> Chiefs (2022 - 2022) -> Munster Rugby (2023 - 2023) -> Wasps (2023 - 2023) -> Chiefs (2023 - 2023) -> Munster Rugby (2023 - 2026),Ireland,Ireland,https://all.rugby/player/john-ryan,Munster Rugby (2012 - 2022) -> Wasps (2022 - 2022) -> Chiefs (2022 - 2022) -> Munster Rugby (2023 - 2023) -> Wasps (2023 - 2023) -> Chiefs (2023 - 2023) -> Munster Rugby (2023 - 2026)
Josh WYCHERLEY,Josh WYCHERLEY,PR,Munster,183,112,1999.07.22,,,,,A,https://all.rugby/player/josh-wycherley,Munster Rugby (2018 - 2026),,,https://all.rugby/player/josh-wycherley,Munster Rugby (2018 - 2026)
Kieran RYAN,Kieran RYAN,PR,Munster,183,110,2002.01.30,,,,,A,https://all.rugby/player/kieran-ryan,Munster Rugby (2021 - 2026),,,https://all.rugby/player/kieran-ryan,Munster Rugby (2021 - 2026)
Mark DONNELLY,Mark DONNELLY,PR,Munster,180,110,2001.03.14,,,,,A,https://all.rugby/player/mark-donnelly,Munster Rugby (2020 - 2025) -> Ealing Trailfinders (2025 - 2025) -> Munster Rugby (2026 - 2026) -> Ealing Trailfinders (2026 - 2026),,,https://all.rugby/player/mark-donnelly,Munster Rugby (2020 - 2025) -> Ealing Trailfinders (2025 - 2025) -> Munster Rugby (2026 - 2026) -> Ealing Trailfinders (2026 - 2026)
Michael ALAALATOA,Michael ALAALATOA,PR,Munster,191,130,1991.08.28,,,,,A,https://all.rugby/player/michael-alaalatoa,New South Wales Waratahs (2013 - 2014) -> Crusaders (2015 - 2019) -> Manawatu Turbos (2019 - 2019) -> Crusaders (2020 - 2020) -> Manawatu Turbos (2020 - 2020) -> Crusaders (2020 - 2021) -> Leinster Rugby (2021 - 2024) -> ASM Clermont Auvergne (2024 - 2025) -> Munster Rugby (2025 - 2025) -> ASM Clermont Auvergne (2026 - 2026) -> Munster Rugby (2026 - 2026),Australia,Australia,https://all.rugby/player/michael-alaalatoa,New South Wales Waratahs (2013 - 2014) -> Crusaders (2015 - 2019) -> Manawatu Turbos (2019 - 2019) -> Crusaders (2020 - 2020) -> Manawatu Turbos (2020 - 2020) -> Crusaders (2020 - 2021) -> Leinster Rugby (2021 - 2024) -> ASM Clermont Auvergne (2024 - 2025) -> Munster Rugby (2025 - 2025) -> ASM Clermont Auvergne (2026 - 2026) -> Munster Rugby (2026 - 2026)
Michael MILNE,Michael MILNE,PR,Munster,183,115,1999.02.05,,,,,A,https://all.rugby/player/michael-milne,Leinster Rugby (2018 - 2024) -> Munster Rugby (2024 - 2024) -> Leinster Rugby (2025 - 2025) -> Munster Rugby (2025 - 2026),,,https://all.rugby/player/michael-milne,Leinster Rugby (2018 - 2024) -> Munster Rugby (2024 - 2024) -> Leinster Rugby (2025 - 2025) -> Munster Rugby (2025 - 2026)
Oli JAGER,Oli JAGER,PR,Munster,192,127,1995.07.05,,,,,A,https://all.rugby/player/oli-jager,Crusaders (2016 - 2019) -> Canterbury (2019 - 2019) -> Crusaders (2020 - 2020) -> Canterbury (2020 - 2020) -> Crusaders (2020 - 2020) -> Canterbury (2020 - 2020) -> Crusaders (2021 - 2021) -> Canterbury (2021 - 2021) -> Crusaders (2021 - 2021) -> Canterbury (2021 - 2021) -> Crusaders (2022 - 2022) -> Canterbury (2022 - 2022) -> Crusaders (2022 - 2022) -> Canterbury (2022 - 2022) -> Crusaders (2023 - 2023) -> Canterbury (2023 - 2023) -> Munster Rugby (2023 - 2026),Ireland,Ireland,https://all.rugby/player/oli-jager,Crusaders (2016 - 2019) -> Canterbury (2019 - 2019) -> Crusaders (2020 - 2020) -> Canterbury (2020 - 2020) -> Crusaders (2020 - 2020) -> Canterbury (2020 - 2020) -> Crusaders (2021 - 2021) -> Canterbury (2021 - 2021) -> Crusaders (2021 - 2021) -> Canterbury (2021 - 2021) -> Crusaders (2022 - 2022) -> Canterbury (2022 - 2022) -> Crusaders (2022 - 2022) -> Canterbury (2022 - 2022) -> Crusaders (2023 - 2023) -> Canterbury (2023 - 2023) -> Munster Rugby (2023 - 2026)
Roman SALANOA,Roman SALANOA,PR,Munster,183,123,1997.10.28,,,,,A,https://all.rugby/player/roman-salanoa,Leinster Rugby (2019 - 2020) -> Munster Rugby (2020 - 2026),,,https://all.rugby/player/roman-salanoa,Leinster Rugby (2019 - 2020) -> Munster Rugby (2020 - 2026)
Diarmuid BARRON,Diarmuid BARRON,HO,Munster,184,100,1998.08.06,,,,,A,https://all.rugby/player/diarmuid-barron,Munster Rugby (2018 - 2026),,,https://all.rugby/player/diarmuid-barron,Munster Rugby (2018 - 2026)
Lee BARRON,Lee BARRON,HO,Munster,191,109,2001.02.15,,,,,A,https://all.rugby/player/lee-barron,Leinster Rugby (2021 - 2024) -> Munster Rugby (2024 - 2024) -> Leinster Rugby (2025 - 2025) -> Munster Rugby (2025 - 2026),,,https://all.rugby/player/lee-barron,Leinster Rugby (2021 - 2024) -> Munster Rugby (2024 - 2024) -> Leinster Rugby (2025 - 2025) -> Munster Rugby (2025 - 2026)
Niall SCANNELL,Niall SCANNELL,HO,Munster,185,111,1992.04.08,,,,,A,https://all.rugby/player/niall-scannell,Munster Rugby (2013 - 2026),Ireland,Ireland,https://all.rugby/player/niall-scannell,Munster Rugby (2013 - 2026)
Conor RYAN,Conor RYAN,LO,Munster,,,2003.10.04,,,,,A,https://all.rugby/player/conor-ryan,University College Cork (2024 - 2025) -> Munster Rugby (2025 - 2026),,,https://all.rugby/player/conor-ryan,University College Cork (2024 - 2025) -> Munster Rugby (2025 - 2026)
Edwin EDOGBO,Edwin EDOGBO,LO,Munster,196,127,2002.12.21,,,,,A,https://all.rugby/player/edwin-edogbo,Munster Rugby (2022 - 2026),Ireland,Ireland,https://all.rugby/player/edwin-edogbo,Munster Rugby (2022 - 2026)
Evan O'CONNELL,Evan O'CONNELL,LO,Munster,200,109,2004..,,,,,A,https://all.rugby/player/evan-o-connell,Munster Rugby (2022 - 2026),,,https://all.rugby/player/evan-o-connell,Munster Rugby (2022 - 2026)
Fineen WYCHERLEY,Fineen WYCHERLEY,LO,Munster,196,112,1997.12.11,,,,,A,https://all.rugby/player/fineen-wycherley,Munster Rugby (2016 - 2026),,,https://all.rugby/player/fineen-wycherley,Munster Rugby (2016 - 2026)
Jean KLEYN,Jean KLEYN,LO,Munster,202,123,1993.08.26,,,,,A,https://all.rugby/player/jean-kleyn,Stormers (2013 - 2016) -> Munster Rugby (2016 - 2026),South Africa,South Africa,https://all.rugby/player/jean-kleyn,Stormers (2013 - 2016) -> Munster Rugby (2016 - 2026)
Tadhg BEIRNE,Tadhg BEIRNE,LO,Munster,198,114,1992.01.08,,,,,A,https://all.rugby/player/tadhg-beirne,Leinster Rugby (2015 - 2016) -> Scarlets (2016 - 2018) -> Munster Rugby (2018 - 2026),Ireland,Ireland,https://all.rugby/player/tadhg-beirne,Leinster Rugby (2015 - 2016) -> Scarlets (2016 - 2018) -> Munster Rugby (2018 - 2026)
Tom AHERN,Tom AHERN,LO,Munster,206,117,2000.02.22,,,,,A,https://all.rugby/player/thomas-ahern,Munster Rugby (2020 - 2026),,,https://all.rugby/player/thomas-ahern,Munster Rugby (2020 - 2026)
Alex KENDELLEN,Alex KENDELLEN,Back row,Munster,188,105,2001.03.03,,,,,A,https://all.rugby/player/alex-kendellen,Munster Rugby (2020 - 2026),,,https://all.rugby/player/alex-kendellen,Munster Rugby (2020 - 2026)
Brian GLEESON,Brian GLEESON,Back row,Munster,193,116,2004.02.05,,,,,A,https://all.rugby/player/brian-gleeson,Munster Rugby (2022 - 2026),,,https://all.rugby/player/brian-gleeson,Munster Rugby (2022 - 2026)
Gavin COOMBES,Gavin COOMBES,Back row,Munster,198,110,1997.12.11,,,,,A,https://all.rugby/player/gavin-coombes,Munster Rugby (2018 - 2026),,,https://all.rugby/player/gavin-coombes,Munster Rugby (2018 - 2026)
Jack O'DONOGHUE,Jack O'DONOGHUE,Back row,Munster,191,110,1994.02.08,,,,,A,https://all.rugby/player/jack-o-donoghue,Munster Rugby (2014 - 2026),Ireland,Ireland,https://all.rugby/player/jack-o-donoghue,Munster Rugby (2014 - 2026)
John HODNETT,John HODNETT,Back row,Munster,185,105,1999.01.10,,,,,A,https://all.rugby/player/john-hodnett,Munster Rugby (2018 - 2026),,,https://all.rugby/player/john-hodnett,Munster Rugby (2018 - 2026)
Ruadhán QUINN,Ruadhán QUINN,Back row,Munster,191,113,2003.10.17,,,,,A,https://all.rugby/player/ruadhan-quinn,Munster Rugby (2022 - 2026),,,https://all.rugby/player/ruadhan-quinn,Munster Rugby (2022 - 2026)
Ben O'DONOVAN,Ben O'DONOVAN,SH,Munster,,,2004..,,,,,A,https://all.rugby/player/ben-o-donovan,Crusaders (2023 - 2024) -> Canterbury (2024 - 2025) -> Munster Rugby (2025 - 2026),,,https://all.rugby/player/ben-o-donovan,Crusaders (2023 - 2024) -> Canterbury (2024 - 2025) -> Munster Rugby (2025 - 2026)
Craig CASEY,Craig CASEY,SH,Munster,165,76,1999.04.19,,,,,A,https://all.rugby/player/craig-casey,Munster Rugby (2018 - 2026),Ireland,Ireland,https://all.rugby/player/craig-casey,Munster Rugby (2018 - 2026)
Ethan COUGHLAN,Ethan COUGHLAN,SH,Munster,175,81,2002.04.13,,,,,A,https://all.rugby/player/ethan-coughlan,Munster Rugby (2021 - 2026),,,https://all.rugby/player/ethan-coughlan,Munster Rugby (2021 - 2026)
Paddy PATTERSON,Paddy PATTERSON,SH,Munster,175,75,1998.11.30,,,,,A,https://all.rugby/player/paddy-patterson,Leinster Rugby (2018 - 2020) -> Munster Rugby (2020 - 2020) -> Leinster Rugby (2021 - 2021) -> Munster Rugby (2021 - 2026),,,https://all.rugby/player/paddy-patterson,Leinster Rugby (2018 - 2020) -> Munster Rugby (2020 - 2020) -> Leinster Rugby (2021 - 2021) -> Munster Rugby (2021 - 2026)
Jack CROWLEY,Jack CROWLEY,SO,Munster,185,90,2000.01.13,,,,,A,https://all.rugby/player/jack-crowley,Munster Rugby (2020 - 2026),Ireland,Ireland,https://all.rugby/player/jack-crowley,Munster Rugby (2020 - 2026)
JJ HANRAHAN,JJ HANRAHAN,SO,Munster,183,93,1992.07.27,,,,,A,https://all.rugby/player/jj-hanrahan,Munster Rugby (2013 - 2015) -> Northampton Saints (2015 - 2017) -> Munster Rugby (2017 - 2021) -> ASM Clermont Auvergne (2021 - 2022) -> Dragons RFC (2022 - 2023) -> Connacht Rugby (2023 - 2025) -> Munster Rugby (2025 - 2026),,,https://all.rugby/player/jj-hanrahan,Munster Rugby (2013 - 2015) -> Northampton Saints (2015 - 2017) -> Munster Rugby (2017 - 2021) -> ASM Clermont Auvergne (2021 - 2022) -> Dragons RFC (2022 - 2023) -> Connacht Rugby (2023 - 2025) -> Munster Rugby (2025 - 2026)
Tony BUTLER,Tony BUTLER,SO,Munster,178,85,2002.04.23,,,,,A,https://all.rugby/player/tony-butler,Munster Rugby (2021 - 2026),,,https://all.rugby/player/tony-butler,Munster Rugby (2021 - 2026)
Alex NANKIVELL,Alex NANKIVELL,CTB,Munster,188,98,1996.10.25,,,,,A,https://all.rugby/player/alex-nankivell,Chiefs (2016 - 2019) -> Tasman Mako (2019 - 2019) -> Chiefs (2020 - 2020) -> Tasman Mako (2020 - 2020) -> Chiefs (2020 - 2020) -> Tasman Mako (2020 - 2020) -> Chiefs (2021 - 2021) -> Tasman Mako (2021 - 2021) -> Chiefs (2021 - 2021) -> Tasman Mako (2021 - 2021) -> Chiefs (2022 - 2022) -> Tasman Mako (2022 - 2022) -> Chiefs (2022 - 2022) -> Tasman Mako (2022 - 2022) -> Chiefs (2023 - 2023) -> Tasman Mako (2023 - 2023) -> Munster Rugby (2023 - 2026),,,https://all.rugby/player/alex-nankivell,Chiefs (2016 - 2019) -> Tasman Mako (2019 - 2019) -> Chiefs (2020 - 2020) -> Tasman Mako (2020 - 2020) -> Chiefs (2020 - 2020) -> Tasman Mako (2020 - 2020) -> Chiefs (2021 - 2021) -> Tasman Mako (2021 - 2021) -> Chiefs (2021 - 2021) -> Tasman Mako (2021 - 2021) -> Chiefs (2022 - 2022) -> Tasman Mako (2022 - 2022) -> Chiefs (2022 - 2022) -> Tasman Mako (2022 - 2022) -> Chiefs (2023 - 2023) -> Tasman Mako (2023 - 2023) -> Munster Rugby (2023 - 2026)
Dan KELLY,Dan KELLY,CTB,Munster,185,100,2001.06.16,,,,,A,https://all.rugby/player/dan-kelly,Sale Sharks (2017 - 2019) -> Loughborough University (2019 - 2019) -> Leicester Tigers (2019 - 2019) -> Loughborough University (2020 - 2020) -> Leicester Tigers (2020 - 2025) -> Munster Rugby (2025 - 2026),England,England,https://all.rugby/player/dan-kelly,Sale Sharks (2017 - 2019) -> Loughborough University (2019 - 2019) -> Leicester Tigers (2019 - 2019) -> Loughborough University (2020 - 2020) -> Leicester Tigers (2020 - 2025) -> Munster Rugby (2025 - 2026)
Fionn GIBBONS,Fionn GIBBONS,CTB,Munster,193,105,2002.06.12,,,,,A,https://all.rugby/player/fionn-gibbons,Leinster Rugby (2021 - 2022) -> Munster Rugby (2022 - 2026),,,https://all.rugby/player/fionn-gibbons,Leinster Rugby (2021 - 2022) -> Munster Rugby (2022 - 2026)
Seán O'BRIEN,Seán O'BRIEN,CTB,Munster,187,101,1998.05.12,,,,,A,https://all.rugby/player/sean-o-brien-1998,Connacht Rugby (2019 - 2021) -> Exeter Chiefs (2021 - 2023) -> Munster Rugby (2023 - 2026),,,https://all.rugby/player/sean-o-brien-1998,Connacht Rugby (2019 - 2021) -> Exeter Chiefs (2021 - 2023) -> Munster Rugby (2023 - 2026)
Shane DALY,Shane DALY,CTB,Munster,191,92,1996.12.19,,,,,A,https://all.rugby/player/shane-daly,Munster Rugby (2017 - 2026),Ireland,Ireland,https://all.rugby/player/shane-daly,Munster Rugby (2017 - 2026)
Tom FARRELL,Tom FARRELL,CTB,Munster,190,107,1993.10.01,,,,,A,https://all.rugby/player/tom-farrell,Connacht Rugby (2016 - 2024) -> Munster Rugby (2024 - 2026),Ireland,Ireland,https://all.rugby/player/tom-farrell,Connacht Rugby (2016 - 2024) -> Munster Rugby (2024 - 2026)
Andrew SMITH,Andrew SMITH,Winger,Munster,183,90,2000.07.21,,,,,A,https://all.rugby/player/andrew-smith-2000,Leinster Rugby (2020 - 2022) -> Connacht Rugby (2023 - 2024) -> Munster Rugby (2024 - 2024) -> Connacht Rugby (2025 - 2025) -> Munster Rugby (2025 - 2026),,,https://all.rugby/player/andrew-smith-2000,Leinster Rugby (2020 - 2022) -> Connacht Rugby (2023 - 2024) -> Munster Rugby (2024 - 2024) -> Connacht Rugby (2025 - 2025) -> Munster Rugby (2025 - 2026)
Calvin NASH,Calvin NASH,Winger,Munster,180,90,1997.08.08,,,,,A,https://all.rugby/player/calvin-nash,Munster Rugby (2016 - 2026),Ireland,Ireland,https://all.rugby/player/calvin-nash,Munster Rugby (2016 - 2026)
Diarmuid KILGALLEN,Diarmuid KILGALLEN,Winger,Munster,193,96,2000.03.08,,,,,A,https://all.rugby/player/diarmuid-kilgallen,Connacht Rugby (2019 - 2024) -> Munster Rugby (2024 - 2026),,,https://all.rugby/player/diarmuid-kilgallen,Connacht Rugby (2019 - 2024) -> Munster Rugby (2024 - 2026)
Shay MCCARTHY,Shay MCCARTHY,Winger,Munster,188,95,2002.11.06,,,,,A,https://all.rugby/player/shay-mccarthy,Munster Rugby (2021 - 2022) -> Young Munster RFC (2022 - 2023) -> Munster Rugby (2023 - 2026),,,https://all.rugby/player/shay-mccarthy,Munster Rugby (2021 - 2022) -> Young Munster RFC (2022 - 2023) -> Munster Rugby (2023 - 2026)
Mike HALEY,Mike HALEY,FB,Munster,191,94,1994.06.28,,,,,A,https://all.rugby/player/mike-haley,Sale Sharks (2013 - 2018) -> Munster Rugby (2018 - 2026),England,England,https://all.rugby/player/mike-haley,Sale Sharks (2013 - 2018) -> Munster Rugby (2018 - 2026)
Thaakir ABRAHAMS,Thaakir ABRAHAMS,FB,Munster,175,77,1999.01.10,,,,,A,https://all.rugby/player/thaakir-abrahams,Sharks (2019 - 2023) -> Lyon Olympique Universitaire Rugby (2023 - 2024) -> Munster Rugby (2024 - 2026),,,https://all.rugby/player/thaakir-abrahams,Sharks (2019 - 2023) -> Lyon Olympique Universitaire Rugby (2023 - 2024) -> Munster Rugby (2024 - 2026)
Darragh MCSWEENEY,Darragh MCSWEENEY,PR,Munster,191,130,2002.08.19,,,,,A,https://all.rugby/player/darragh-mcsweeney,Munster Rugby (2021 - 2024) -> Cornish Pirates (2024 - 2024) -> Munster Rugby (2025 - 2025) -> Cornish Pirates (2025 - 2025) -> Munster Rugby (2025 - 2026),,,https://all.rugby/player/darragh-mcsweeney,Munster Rugby (2021 - 2024) -> Cornish Pirates (2024 - 2024) -> Munster Rugby (2025 - 2025) -> Cornish Pirates (2025 - 2025) -> Munster Rugby (2025 - 2026)
Emmett CALVEY,Emmett CALVEY,PR,Munster,,,2005..,,,,,A,https://all.rugby/player/emmett-calvey,Shannon RFC (2023 - 2025) -> Munster Rugby (2025 - 2026),,,https://all.rugby/player/emmett-calvey,Shannon RFC (2023 - 2025) -> Munster Rugby (2025 - 2026)
George HADDEN,George HADDEN,PR,Munster,185,113,2003.02.20,,,,,A,https://all.rugby/player/george-hadden,Gorey RFC (2021 - 2022) -> Clontarf Rugby (2022 - 2023) -> Munster Rugby (2023 - 2026),,,https://all.rugby/player/george-hadden,Gorey RFC (2021 - 2022) -> Clontarf Rugby (2022 - 2023) -> Munster Rugby (2023 - 2026)
Ronan FOXE,Ronan FOXE,PR,Munster,188,128,2003.02.13,,,,,A,https://all.rugby/player/ronan-foxe,Old Belvedere RC (2022 - 2023) -> Munster Rugby (2023 - 2026),,,https://all.rugby/player/ronan-foxe,Old Belvedere RC (2022 - 2023) -> Munster Rugby (2023 - 2026)
Danny SHEAHAN,Danny SHEAHAN,HO,Munster,186,105,2004..,,,,,A,https://all.rugby/player/danny-sheahan,University College Cork (2022 - 2023) -> Cork Constitution RFC (2023 - 2024) -> Munster Rugby (2024 - 2026),,,https://all.rugby/player/danny-sheahan,University College Cork (2022 - 2023) -> Cork Constitution RFC (2023 - 2024) -> Munster Rugby (2024 - 2026)
Max CLEIN,Max CLEIN,HO,Munster,183,108,2003.09.16,,,,,A,https://all.rugby/player/max-clein,Munster Rugby (2022 - 2026),,,https://all.rugby/player/max-clein,Munster Rugby (2022 - 2026)
Conor KENNELLY,Conor KENNELLY,LO,Munster,198,110,2005..,,,,,A,https://all.rugby/player/conor-kennelly,Highfield RFC (2024 - 2025) -> Munster Rugby (2025 - 2026),,,https://all.rugby/player/conor-kennelly,Highfield RFC (2024 - 2025) -> Munster Rugby (2025 - 2026)
Michael FOY,Michael FOY,LO,Munster,196,107,2005..,,,,,A,https://all.rugby/player/michael-foy,Cork Constitution RFC (2023 - 2024) -> Munster Rugby (2024 - 2026),,,https://all.rugby/player/michael-foy,Cork Constitution RFC (2023 - 2024) -> Munster Rugby (2024 - 2026)
Luke MURPHY,Luke MURPHY,Back row,Munster,,,2005..,,,,,A,https://all.rugby/player/luke-murphy,Shannon RFC (2023 - 2024) -> Munster Rugby (2024 - 2026),,,https://all.rugby/player/luke-murphy,Shannon RFC (2023 - 2024) -> Munster Rugby (2024 - 2026)
Oisin MINOGUE,Oisin MINOGUE,Back row,Munster,184,102,2005..,,,,,A,https://all.rugby/player/oisin-minogue,Shannon RFC (2024 - 2025) -> Munster Rugby (2025 - 2026),,,https://all.rugby/player/oisin-minogue,Shannon RFC (2024 - 2025) -> Munster Rugby (2025 - 2026)
Seán EDOGBO,Seán EDOGBO,Back row,Munster,188,111,2004..,,,,,A,https://all.rugby/player/sean-edogbo,University College Cork (2023 - 2024) -> Munster Rugby (2024 - 2026),,,https://all.rugby/player/sean-edogbo,University College Cork (2023 - 2024) -> Munster Rugby (2024 - 2026)
Jake O'RIORDAN,Jake O'RIORDAN,SH,Munster,170,74,2004..,,,,,A,https://all.rugby/player/jake-o-riordan,University of Limerick Bohemian RFC (2023 - 2024) -> Munster Rugby (2024 - 2026),,,https://all.rugby/player/jake-o-riordan,University of Limerick Bohemian RFC (2023 - 2024) -> Munster Rugby (2024 - 2026)
Dylan HICKS,Dylan HICKS,SO,Munster,185,88,2005..,,,,,A,https://all.rugby/player/dylan-hicks,Coláiste Pobail Bheanntraí (2022 - 2023) -> Munster Rugby (2023 - 2026),,,https://all.rugby/player/dylan-hicks,Coláiste Pobail Bheanntraí (2022 - 2023) -> Munster Rugby (2023 - 2026)
Tom WOOD,Tom WOOD,SO,Munster,188,91,2006..,,,,,A,https://all.rugby/player/tom-wood-,Garryowen FC (2024 - 2025) -> Munster Rugby (2025 - 2026),,,https://all.rugby/player/tom-wood-,Garryowen FC (2024 - 2025) -> Munster Rugby (2025 - 2026)
Eoghan SMYTH,Eoghan SMYTH,CTB,Munster,183,96,2005..,,,,,A,https://all.rugby/player/eoghan-smyth,Cork Constitution RFC (2024 - 2025) -> Munster Rugby (2025 - 2026),,,https://all.rugby/player/eoghan-smyth,Cork Constitution RFC (2024 - 2025) -> Munster Rugby (2025 - 2026)
Gene O'LEARY KAREEM,Gene O'LEARY KAREEM,CTB,Munster,179,91,2005..,,,,,A,https://all.rugby/player/gene-o-leary-kareem,Presentation Brothers Cork (2023 - 2024) -> Munster Rugby (2024 - 2026),,,https://all.rugby/player/gene-o-leary-kareem,Presentation Brothers Cork (2023 - 2024) -> Munster Rugby (2024 - 2026)
Gordon WOOD,Gordon WOOD,CTB,Munster,182,91,2004..,,,,,A,https://all.rugby/player/gordon-wood,Garryowen FC (2023 - 2024) -> Munster Rugby (2024 - 2026),,,https://all.rugby/player/gordon-wood,Garryowen FC (2023 - 2024) -> Munster Rugby (2024 - 2026)
Ben O'CONNOR,Ben O'CONNOR,FB,Munster,188,97,2004..,,,,,A,https://all.rugby/player/ben-o-connor,Presentation Brothers Cork (2022 - 2023) -> Munster Rugby (2023 - 2026),,,https://all.rugby/player/ben-o-connor,Presentation Brothers Cork (2022 - 2023) -> Munster Rugby (2023 - 2026)
Asenathi NTLABAKANYE,Asenathi NTLABAKANYE,PR,Lions,182,153,1999.04.15,,,,,A,https://all.rugby/player/asenathi-ntlabakanye,Golden Lions (2018 - 2019) -> Lions Rugby (2019 - 2026),,,https://all.rugby/player/asenathi-ntlabakanye,Golden Lions (2018 - 2019) -> Lions Rugby (2019 - 2026)
Conraad VAN VUUREN,Conraad VAN VUUREN,PR,Lions,183,115,1995.09.04,,,,,A,https://all.rugby/player/conraad-van-vuuren,Bulls (2016 - 2019) -> Sunwolves (2019 - 2020) -> Free State Cheetahs (2020 - 2022) -> Central Cheetahs (2022 - 2023) -> Lions Rugby (2023 - 2026),,,https://all.rugby/player/conraad-van-vuuren,Bulls (2016 - 2019) -> Sunwolves (2019 - 2020) -> Free State Cheetahs (2020 - 2022) -> Central Cheetahs (2022 - 2023) -> Lions Rugby (2023 - 2026)
Eddie DAVIDS,Eddie DAVIDS,PR,Lions,178,115,1998.04.02,,,,,A,https://all.rugby/player/eddie-davids,Griquas (2021 - 2025) -> Lions Rugby (2025 - 2026),,,https://all.rugby/player/eddie-davids,Griquas (2021 - 2025) -> Lions Rugby (2025 - 2026)
Heiko POHLMANN,Heiko POHLMANN,PR,Lions,185,128,2002.01.16,,,,,A,https://all.rugby/player/heiko-pohlmann,Lions Rugby (2020 - 2021) -> Golden Lions (2021 - 2024) -> Lions Rugby (2024 - 2026),,,https://all.rugby/player/heiko-pohlmann,Lions Rugby (2020 - 2021) -> Golden Lions (2021 - 2024) -> Lions Rugby (2024 - 2026)
Juan SCHOEMAN,Juan SCHOEMAN,PR,Lions,186,120,1991.09.18,,,,,A,https://all.rugby/player/juan-schoeman,Sharks (2015 - 2019) -> Southern Kings (2019 - 2019) -> Bath Rugby (2019 - 2019) -> Sharks (2020 - 2020) -> Southern Kings (2020 - 2020) -> Bath Rugby (2020 - 2024) -> Lions Rugby (2024 - 2026),,,https://all.rugby/player/juan-schoeman,Sharks (2015 - 2019) -> Southern Kings (2019 - 2019) -> Bath Rugby (2019 - 2019) -> Sharks (2020 - 2020) -> Southern Kings (2020 - 2020) -> Bath Rugby (2020 - 2024) -> Lions Rugby (2024 - 2026)
Leon LYONS,Leon LYONS,PR,Lions,187,123,1998.12.02,,,,,A,https://all.rugby/player/leon-lyons,Western Province (2018 - 2019) -> Stormers (2019 - 2025) -> Lions Rugby (2025 - 2026),,,https://all.rugby/player/leon-lyons,Western Province (2018 - 2019) -> Stormers (2019 - 2025) -> Lions Rugby (2025 - 2026)
RF SCHOEMAN,RF SCHOEMAN,PR,Lions,188,122,2003.08.14,,,,,A,https://all.rugby/player/rf-schoeman,Golden Lions (2023 - 2024) -> Lions Rugby (2024 - 2026),,,https://all.rugby/player/rf-schoeman,Golden Lions (2023 - 2024) -> Lions Rugby (2024 - 2026)
Seb LOMBARD,Seb LOMBARD,PR,Lions,190,126,2002.10.07,,,,,A,https://all.rugby/player/seb-lombard,Blue Bulls (2021 - 2022) -> Bulls (2022 - 2024) -> Golden Lions (2024 - 2024) -> Bulls (2025 - 2025) -> Golden Lions (2025 - 2025) -> Lions Rugby (2025 - 2026),,,https://all.rugby/player/seb-lombard,Blue Bulls (2021 - 2022) -> Bulls (2022 - 2024) -> Golden Lions (2024 - 2024) -> Bulls (2025 - 2025) -> Golden Lions (2025 - 2025) -> Lions Rugby (2025 - 2026)
Franco MARAIS,Franco MARAIS,HO,Lions,185,108,1992.09.23,,,,,A,https://all.rugby/player/franco-marais,Sharks (2013 - 2018) -> Gloucester Rugby (2018 - 2020) -> Red Hurricanes Osaka (2020 - 2022) -> Urayasu D-Rocks (2022 - 2024) -> Lions Rugby (2024 - 2026),,,https://all.rugby/player/franco-marais,Sharks (2013 - 2018) -> Gloucester Rugby (2018 - 2020) -> Red Hurricanes Osaka (2020 - 2022) -> Urayasu D-Rocks (2022 - 2024) -> Lions Rugby (2024 - 2026)
Morné BRANDON,Morné BRANDON,HO,Lions,184,106,2000.11.25,,,,,A,https://all.rugby/player/morne-brandon,Lions Rugby (2020 - 2026),,,https://all.rugby/player/morne-brandon,Lions Rugby (2020 - 2026)
PJ BOTHA,PJ BOTHA,HO,Lions,181,105,1998.01.20,,,,,A,https://all.rugby/player/pj-botha,Lions Rugby (2019 - 2026),,,https://all.rugby/player/pj-botha,Lions Rugby (2019 - 2026)
SJ KOTZE,SJ KOTZE,HO,Lions,186,110,2003.01.02,,,,,A,https://all.rugby/player/sj-kotze,Golden Lions (2022 - 2024) -> Lions Rugby (2024 - 2026),,,https://all.rugby/player/sj-kotze,Golden Lions (2022 - 2024) -> Lions Rugby (2024 - 2026)
Darrien LANDSBERG,Darrien LANDSBERG,LO,Lions,196,111,1998.07.26,,,,,A,https://all.rugby/player/darrien-lane-landsberg,Golden Lions (2017 - 2019) -> Pumas (2019 - 2022) -> Lions Rugby (2022 - 2026),,,https://all.rugby/player/darrien-lane-landsberg,Golden Lions (2017 - 2019) -> Pumas (2019 - 2022) -> Lions Rugby (2022 - 2026)
Dylan SJOBLOM,Dylan SJOBLOM,LO,Lions,200,115,2000.08.08,,,,,A,https://all.rugby/player/dylan-sjoblom,Griquas (2022 - 2023) -> Stormers (2023 - 2023) -> Griquas (2023 - 2023) -> Stormers (2024 - 2024) -> Griquas (2024 - 2025) -> Lions Rugby (2025 - 2026),,,https://all.rugby/player/dylan-sjoblom,Griquas (2022 - 2023) -> Stormers (2023 - 2023) -> Griquas (2023 - 2023) -> Stormers (2024 - 2024) -> Griquas (2024 - 2025) -> Lions Rugby (2025 - 2026)
Etienne OOSTHUIZEN,Etienne OOSTHUIZEN,LO,Lions,198,128,1992.12.22,,,,,A,https://all.rugby/player/etienne-oosthuizen,Lions Rugby (2011 - 2012) -> Brumbies (2012 - 2013) -> Sharks (2013 - 2017) -> Lyon Olympique Universitaire Rugby (2017 - 2021) -> sans club (2022 - 2023) -> Lions Rugby (2023 - 2026),,,https://all.rugby/player/etienne-oosthuizen,Lions Rugby (2011 - 2012) -> Brumbies (2012 - 2013) -> Sharks (2013 - 2017) -> Lyon Olympique Universitaire Rugby (2017 - 2021) -> sans club (2022 - 2023) -> Lions Rugby (2023 - 2026)
Reinhard NOTHNAGEL,Reinhard NOTHNAGEL,LO,Lions,202,117,1997.09.25,,,,,A,https://all.rugby/player/reinhard-nothnagel,Lions Rugby (2018 - 2026),,,https://all.rugby/player/reinhard-nothnagel,Lions Rugby (2018 - 2026)
Ruan VENTER,Ruan VENTER,LO,Lions,198,120,2002.11.29,,,,,A,https://all.rugby/player/ruan-venter,Lions Rugby (2021 - 2026),,,https://all.rugby/player/ruan-venter,Lions Rugby (2021 - 2026)
Ruben SCHOEMAN,Ruben SCHOEMAN,LO,Lions,199,124,1996.03.14,,,,,A,https://all.rugby/player/ruben-schoeman,Golden Lions (2018 - 2019) -> Lions Rugby (2019 - 2026),,,https://all.rugby/player/ruben-schoeman,Golden Lions (2018 - 2019) -> Lions Rugby (2019 - 2026)
Siba QOMA,Siba QOMA,LO,Lions,190,108,1997.02.17,,,,,A,https://all.rugby/player/siba-qoma,Central Cheetahs (2022 - 2024) -> Lions Rugby (2024 - 2026),,,https://all.rugby/player/siba-qoma,Central Cheetahs (2022 - 2024) -> Lions Rugby (2024 - 2026)
Batho HLEKANI,Batho HLEKANI,Back row,Lions,193,115,2005..,,,,,A,https://all.rugby/player/batho-hlekani,Natal Sharks (2023 - 2024) -> Sharks (2024 - 2025) -> Lions Rugby (2025 - 2025) -> Sharks (2026 - 2026) -> Lions Rugby (2026 - 2026),,,https://all.rugby/player/batho-hlekani,Natal Sharks (2023 - 2024) -> Sharks (2024 - 2025) -> Lions Rugby (2025 - 2025) -> Sharks (2026 - 2026) -> Lions Rugby (2026 - 2026)
Francke HORN,Francke HORN,Back row,Lions,190,106,1999.05.24,,,,,A,https://all.rugby/player/francke-horn,Lions Rugby (2019 - 2026),,,https://all.rugby/player/francke-horn,Lions Rugby (2019 - 2026)
Jarod CAIRNS,Jarod CAIRNS,Back row,Lions,188,100,2001.05.18,,,,,A,https://all.rugby/player/jarod-cairns,Lions Rugby (2021 - 2026),,,https://all.rugby/player/jarod-cairns,Lions Rugby (2021 - 2026)
JC PRETORIUS,JC PRETORIUS,Back row,Lions,186,92,1998.01.29,,,,,A,https://all.rugby/player/jc-pretorius,AF. SUD 7's (2018 - 2022) -> Lions Rugby (2022 - 2022) -> AF. SUD 7's (2023 - 2023) -> Lions Rugby (2023 - 2026),,,https://all.rugby/player/jc-pretorius,AF. SUD 7's (2018 - 2022) -> Lions Rugby (2022 - 2022) -> AF. SUD 7's (2023 - 2023) -> Lions Rugby (2023 - 2026)
Renzo DU PLESSIS,Renzo DU PLESSIS,Back row,Lions,188,108,2002.07.12,,,,,A,https://all.rugby/player/renzo-du-plessis,Golden Lions (2022 - 2023) -> Lions Rugby (2023 - 2026),,,https://all.rugby/player/renzo-du-plessis,Golden Lions (2022 - 2023) -> Lions Rugby (2023 - 2026)
Ruan DELPORT,Ruan DELPORT,Back row,Lions,200,109,2002.07.03,,,,,A,https://all.rugby/player/ruan-delport,Blue Bulls (2021 - 2022) -> Lions Rugby (2022 - 2026),,,https://all.rugby/player/ruan-delport,Blue Bulls (2021 - 2022) -> Lions Rugby (2022 - 2026)
Sibabalwe MAHASHE,Sibabalwe MAHASHE,Back row,Lions,187,93,2004..,,,,,A,https://all.rugby/player/sibabalwe-mahashe,Golden Lions (2023 - 2024) -> Lions Rugby (2025 - 2026),,,https://all.rugby/player/sibabalwe-mahashe,Golden Lions (2023 - 2024) -> Lions Rugby (2025 - 2026)
WJ STEENKAMP,WJ STEENKAMP,Back row,Lions,190,107,2000.09.28,,,,,A,https://all.rugby/player/wj-steenkamp,Blue Bulls (2020 - 2021) -> Bulls (2021 - 2024) -> Lions Rugby (2024 - 2026),,,https://all.rugby/player/wj-steenkamp,Blue Bulls (2020 - 2021) -> Bulls (2021 - 2024) -> Lions Rugby (2024 - 2026)
Hassiem PEAD,Hassiem PEAD,SH,Lions,175,77,2005..,,,,,A,https://all.rugby/player/hassiem-pead,Golden Lions (2023 - 2025) -> Lions Rugby (2025 - 2026),,,https://all.rugby/player/hassiem-pead,Golden Lions (2023 - 2025) -> Lions Rugby (2025 - 2026)
Layton HORN,Layton HORN,SH,Lions,183,82,2003.05.21,,,,,A,https://all.rugby/player/layton-horn,Golden Lions (2023 - 2024) -> Lions Rugby (2024 - 2026),,,https://all.rugby/player/layton-horn,Golden Lions (2023 - 2024) -> Lions Rugby (2024 - 2026)
Morné VAN DEN BERG,Morné VAN DEN BERG,SH,Lions,175,82,1997.10.24,,,,,A,https://all.rugby/player/morne-van-den-berg,Lions Rugby (2018 - 2026),,,https://all.rugby/player/morne-van-den-berg,Lions Rugby (2018 - 2026)
Nico STEYN,Nico STEYN,SH,Lions,177,78,2002.04.12,,,,,A,https://all.rugby/player/nico-steyn,Lions Rugby (2020 - 2022) -> Golden Lions (2022 - 2023) -> Lions Rugby (2023 - 2026),,,https://all.rugby/player/nico-steyn,Lions Rugby (2020 - 2022) -> Golden Lions (2022 - 2023) -> Lions Rugby (2023 - 2026)
Chris SMITH,Chris SMITH,SO,Lions,181,90,1994.09.09,,,,,A,https://all.rugby/player/chris-smith,Bulls (2019 - 2024) -> Oyonnax Rugby (2024 - 2025) -> Lions Rugby (2025 - 2026),,,https://all.rugby/player/chris-smith,Bulls (2019 - 2024) -> Oyonnax Rugby (2024 - 2025) -> Lions Rugby (2025 - 2026)
Gianni LOMBARD,Gianni LOMBARD,SO,Lions,178,82,1998.01.22,,,,,A,https://all.rugby/player/gianni-lombard,Lions Rugby (2018 - 2021) -> Red Hurricanes Osaka (2021 - 2022) -> Lions Rugby (2022 - 2026),,,https://all.rugby/player/gianni-lombard,Lions Rugby (2018 - 2021) -> Red Hurricanes Osaka (2021 - 2022) -> Lions Rugby (2022 - 2026)
Lubabalo DOBELA,Lubabalo DOBELA,SO,Lions,175,80,1998.05.02,,,,,A,https://all.rugby/player/lubabalo-dobela,Griquas (2022 - 2024) -> Lions Rugby (2024 - 2026),,,https://all.rugby/player/lubabalo-dobela,Griquas (2022 - 2024) -> Lions Rugby (2024 - 2026)
Sam FRANCIS,Sam FRANCIS,SO,Lions,190,100,2003.03.14,,,,,A,https://all.rugby/player/sam-francis,Golden Lions (2022 - 2024) -> Lions Rugby (2024 - 2026),,,https://all.rugby/player/sam-francis,Golden Lions (2022 - 2024) -> Lions Rugby (2024 - 2026)
Bronson MILLS,Bronson MILLS,CTB,Lions,185,95,2003.08.08,,,,,A,https://all.rugby/player/bronson-mills,Golden Lions (2022 - 2024) -> Lions Rugby (2024 - 2026),,,https://all.rugby/player/bronson-mills,Golden Lions (2022 - 2024) -> Lions Rugby (2024 - 2026)
Erich CRONJÉ,Erich CRONJÉ,CTB,Lions,184,95,1997.01.01,,,,,A,https://all.rugby/player/erich-cronje,Southern Kings (2019 - 2019) -> Pumas (2019 - 2019) -> Southern Kings (2020 - 2020) -> Pumas (2020 - 2021) -> Zebre Parma (2021 - 2023) -> Lions Rugby (2023 - 2026),,,https://all.rugby/player/erich-cronje,Southern Kings (2019 - 2019) -> Pumas (2019 - 2019) -> Southern Kings (2020 - 2020) -> Pumas (2020 - 2021) -> Zebre Parma (2021 - 2023) -> Lions Rugby (2023 - 2026)
Henco VAN WYK,Henco VAN WYK,CTB,Lions,180,92,2001.05.07,,,,,A,https://all.rugby/player/henco-van-wyk,Golden Lions (2020 - 2021) -> Lions Rugby (2021 - 2026),,,https://all.rugby/player/henco-van-wyk,Golden Lions (2020 - 2021) -> Lions Rugby (2021 - 2026)
Kelly MPEKU,Kelly MPEKU,CTB,Lions,188,88,2003.11.28,,,,,A,https://all.rugby/player/kelly-mpeku,Golden Lions (2023 - 2024) -> Lions Rugby (2024 - 2026),,,https://all.rugby/player/kelly-mpeku,Golden Lions (2023 - 2024) -> Lions Rugby (2024 - 2026)
Manuel RASS,Manuel RASS,CTB,Lions,174,88,1998.04.19,,,,,A,https://all.rugby/player/manuel-rass,Lions Rugby (2018 - 2026),,,https://all.rugby/player/manuel-rass,Lions Rugby (2018 - 2026)
Rynhardt JONKER,Rynhardt JONKER,CTB,Lions,180,90,2000.04.18,,,,,A,https://all.rugby/player/rynhardt-jonker,Sharks (2020 - 2022) -> Lions Rugby (2022 - 2026),,,https://all.rugby/player/rynhardt-jonker,Sharks (2020 - 2022) -> Lions Rugby (2022 - 2026)
Angelo DAVIDS,Angelo DAVIDS,Winger,Lions,178,94,1999.06.01,,,,,A,https://all.rugby/player/angelo-davids,Stormers (2019 - 2020) -> AF. SUD 7's (2020 - 2020) -> Stormers (2021 - 2021) -> AF. SUD 7's (2021 - 2021) -> Stormers (2021 - 2025) -> Lions Rugby (2025 - 2026),,,https://all.rugby/player/angelo-davids,Stormers (2019 - 2020) -> AF. SUD 7's (2020 - 2020) -> Stormers (2021 - 2021) -> AF. SUD 7's (2021 - 2021) -> Stormers (2021 - 2025) -> Lions Rugby (2025 - 2026)
Eduan KEYTER,Eduan KEYTER,Winger,Lions,184,101,1996.06.13,,,,,A,https://all.rugby/player/eduan-keyter,Griquas (2018 - 2021) -> Natal Sharks (2021 - 2022) -> Sharks (2022 - 2025) -> Lions Rugby (2025 - 2026),,,https://all.rugby/player/eduan-keyter,Griquas (2018 - 2021) -> Natal Sharks (2021 - 2022) -> Sharks (2022 - 2025) -> Lions Rugby (2025 - 2026)
Rabz MAXWANE,Rabz MAXWANE,Winger,Lions,181,90,1995.08.14,,,,,A,https://all.rugby/player/sibhale-maxwane,Bulls (2016 - 2017) -> Central Cheetahs (2017 - 2020) -> Lions Rugby (2020 - 2026),,,https://all.rugby/player/sibhale-maxwane,Bulls (2016 - 2017) -> Central Cheetahs (2017 - 2020) -> Lions Rugby (2020 - 2026)
Quan HORN,Quan HORN,FB,Lions,181,84,2001.06.27,,,,,A,https://all.rugby/player/quan-horn,Lions Rugby (2020 - 2026),,,https://all.rugby/player/quan-horn,Lions Rugby (2020 - 2026)
Richard KRIEL,Richard KRIEL,FB,Lions,194,95,2000.07.07,,,,,A,https://all.rugby/player/richard-kriel,Blue Bulls (2018 - 2019) -> Bulls (2019 - 2020) -> Blue Bulls (2020 - 2021) -> Bulls (2021 - 2022) -> Zebre Parma (2022 - 2023) -> Lions Rugby (2023 - 2026),,,https://all.rugby/player/richard-kriel,Blue Bulls (2018 - 2019) -> Bulls (2019 - 2020) -> Blue Bulls (2020 - 2021) -> Bulls (2021 - 2022) -> Zebre Parma (2022 - 2023) -> Lions Rugby (2023 - 2026)
Tapiwa MAFURA,Tapiwa MAFURA,FB,Lions,175,80,1996.04.11,,,,,A,https://all.rugby/player/tapiwa-mafura,Pumas (2019 - 2022) -> Central Cheetahs (2022 - 2024) -> Lions Rugby (2024 - 2026),,,https://all.rugby/player/tapiwa-mafura,Pumas (2019 - 2022) -> Central Cheetahs (2022 - 2024) -> Lions Rugby (2024 - 2026)
Alulutho TSHAKWENI,Alulutho TSHAKWENI,PR,Bulls,183,113,1998.09.26,,,,,A,https://all.rugby/player/alulutho-tshakweni,Southern Kings (2018 - 2020) -> Free State Cheetahs (2020 - 2022) -> Central Cheetahs (2022 - 2024) -> Bulls (2024 - 2026),,,https://all.rugby/player/alulutho-tshakweni,Southern Kings (2018 - 2020) -> Free State Cheetahs (2020 - 2022) -> Central Cheetahs (2022 - 2024) -> Bulls (2024 - 2026)
Etienne JANEKE,Etienne JANEKE,PR,Bulls,193,134,1998.11.17,,,,,A,https://all.rugby/player/etienne-janeke,Pumas (2020 - 2025) -> Bulls (2025 - 2026),,,https://all.rugby/player/etienne-janeke,Pumas (2020 - 2025) -> Bulls (2025 - 2026)
François KLOPPER,François KLOPPER,PR,Bulls,189,130,1999.09.07,,,,,A,https://all.rugby/player/francois-klopper,Natal Sharks (2018 - 2019) -> Blue Bulls (2020 - 2022) -> Bulls (2022 - 2026),,,https://all.rugby/player/francois-klopper,Natal Sharks (2018 - 2019) -> Blue Bulls (2020 - 2022) -> Bulls (2022 - 2026)
Gerhard STEENEKAMP,Gerhard STEENEKAMP,PR,Bulls,191,128,1997.04.09,,,,,A,https://all.rugby/player/gerhard-steenekamp,Tuks Rugby Club (2018 - 2019) -> Bulls (2019 - 2026),,,https://all.rugby/player/gerhard-steenekamp,Tuks Rugby Club (2018 - 2019) -> Bulls (2019 - 2026)
Jean ERASMUS,Jean ERASMUS,PR,Bulls,180,105,2005..,,,,,A,https://all.rugby/player/jean-erasmus,Blue Bulls (2024 - 2025) -> Bulls (2025 - 2026),,,https://all.rugby/player/jean-erasmus,Blue Bulls (2024 - 2025) -> Bulls (2025 - 2026)
Juann ELSE,Juann ELSE,PR,Bulls,182,105,2003.05.22,,,,,A,https://all.rugby/player/juann-jacques-else,Blue Bulls (2021 - 2024) -> Bulls (2024 - 2026),,,https://all.rugby/player/juann-jacques-else,Blue Bulls (2021 - 2024) -> Bulls (2024 - 2026)
Khutha MCHUNU,Khutha MCHUNU,PR,Bulls,183,120,1997.07.01,,,,,A,https://all.rugby/player/khutha-mchunu,Sharks (2018 - 2019) -> Central Cheetahs (2019 - 2019) -> Sharks (2020 - 2020) -> Central Cheetahs (2020 - 2020) -> Sharks (2020 - 2023) -> Bulls (2023 - 2024) -> Mitsubishi Sagamihara Dynaboars (2024 - 2024) -> Bulls (2025 - 2025) -> Mitsubishi Sagamihara Dynaboars (2025 - 2025) -> Bulls (2025 - 2026),,,https://all.rugby/player/khutha-mchunu,Sharks (2018 - 2019) -> Central Cheetahs (2019 - 2019) -> Sharks (2020 - 2020) -> Central Cheetahs (2020 - 2020) -> Sharks (2020 - 2023) -> Bulls (2023 - 2024) -> Mitsubishi Sagamihara Dynaboars (2024 - 2024) -> Bulls (2025 - 2025) -> Mitsubishi Sagamihara Dynaboars (2025 - 2025) -> Bulls (2025 - 2026)
Mornay SMITH,Mornay SMITH,PR,Bulls,181,119,1998.01.30,,,,,A,https://all.rugby/player/morne-smith,Bulls (2017 - 2026),,,https://all.rugby/player/morne-smith,Bulls (2017 - 2026)
Ruan SWART,Ruan SWART,PR,Bulls,180,120,2004..,,,,,A,https://all.rugby/player/ruan-swart,Blue Bulls (2023 - 2025) -> Bulls (2025 - 2026),,,https://all.rugby/player/ruan-swart,Blue Bulls (2023 - 2025) -> Bulls (2025 - 2026)
Sti SITHOLE,Sti SITHOLE,PR,Bulls,180,115,1993.03.31,,,,,A,https://all.rugby/player/sithembiso-sithole,Stormers (2013 - 2014) -> Southern Kings (2015 - 2016) -> Lions Rugby (2016 - 2023) -> Stormers (2023 - 2025) -> Bulls (2025 - 2026),,,https://all.rugby/player/sithembiso-sithole,Stormers (2013 - 2014) -> Southern Kings (2015 - 2016) -> Lions Rugby (2016 - 2023) -> Stormers (2023 - 2025) -> Bulls (2025 - 2026)
Wilco LOUW,Wilco LOUW,PR,Bulls,185,144,1994.07.20,,,,,A,https://all.rugby/player/wilco-louw,Stormers (2014 - 2019) -> Rugby Club Toulonnais (2019 - 2019) -> Harlequins (2019 - 2019) -> Stormers (2020 - 2020) -> Rugby Club Toulonnais (2020 - 2020) -> Harlequins (2020 - 2023) -> Bulls (2023 - 2026),South Africa,South Africa,https://all.rugby/player/wilco-louw,Stormers (2014 - 2019) -> Rugby Club Toulonnais (2019 - 2019) -> Harlequins (2019 - 2019) -> Stormers (2020 - 2020) -> Rugby Club Toulonnais (2020 - 2020) -> Harlequins (2020 - 2023) -> Bulls (2023 - 2026)
Akker VAN DER MERWE,Akker VAN DER MERWE,HO,Bulls,178,108,1991.06.17,,,,,A,https://all.rugby/player/armand--van-der-merwe,Lions Rugby (2013 - 2015) -> Racing 92 (2015 - 2015) -> Lions Rugby (2015 - 2015) -> Racing 92 (2016 - 2016) -> Lions Rugby (2016 - 2017) -> Sharks (2017 - 2019) -> Sale Sharks (2019 - 2023) -> Bulls (2023 - 2026),South Africa,South Africa,https://all.rugby/player/armand--van-der-merwe,Lions Rugby (2013 - 2015) -> Racing 92 (2015 - 2015) -> Lions Rugby (2015 - 2015) -> Racing 92 (2016 - 2016) -> Lions Rugby (2016 - 2017) -> Sharks (2017 - 2019) -> Sale Sharks (2019 - 2023) -> Bulls (2023 - 2026)
Jan-Hendrik WESSELS,Jan-Hendrik WESSELS,HO,Bulls,188,121,2001.05.08,,,,,A,https://all.rugby/player/jan-hendrik-wessels,Grey College (2018 - 2019) -> ASM Clermont Auvergne (2019 - 2020) -> Bulls (2020 - 2026),,,https://all.rugby/player/jan-hendrik-wessels,Grey College (2018 - 2019) -> ASM Clermont Auvergne (2019 - 2020) -> Bulls (2020 - 2026)
Johan GROBBELAAR,Johan GROBBELAAR,HO,Bulls,183,105,1997.12.30,,,,,A,https://all.rugby/player/johan-grobbelaar,Bulls (2017 - 2026),,,https://all.rugby/player/johan-grobbelaar,Bulls (2017 - 2026)
Siphosethu MNEBELELE,Siphosethu MNEBELELE,HO,Bulls,183,111,2006..,,,,,A,https://all.rugby/player/siphosethu-mnebelele,Blue Bulls (2024 - 2025) -> Bulls (2025 - 2026),,,https://all.rugby/player/siphosethu-mnebelele,Blue Bulls (2024 - 2025) -> Bulls (2025 - 2026)
Cobus WIESE,Cobus WIESE,LO,Bulls,199,125,1997.06.02,,,,,A,https://all.rugby/player/cobus-wiese,Stormers (2016 - 2019) -> Sale Sharks (2019 - 2019) -> Stormers (2020 - 2020) -> Sale Sharks (2020 - 2024) -> Bulls (2024 - 2026),,,https://all.rugby/player/cobus-wiese,Stormers (2016 - 2019) -> Sale Sharks (2019 - 2019) -> Stormers (2020 - 2020) -> Sale Sharks (2020 - 2024) -> Bulls (2024 - 2026)
JF VAN HEERDEN,JF VAN HEERDEN,LO,Bulls,200,122,2004..,,,,,A,https://all.rugby/player/jf-van-heerden,Blue Bulls (2022 - 2023) -> Bulls (2023 - 2026),,,https://all.rugby/player/jf-van-heerden,Blue Bulls (2022 - 2023) -> Bulls (2023 - 2026)
Reinhardt LUDWIG,Reinhardt LUDWIG,LO,Bulls,198,110,2002.08.27,,,,,A,https://all.rugby/player/reinhardt-ludwig,Blue Bulls (2020 - 2021) -> Bulls (2021 - 2026),,,https://all.rugby/player/reinhardt-ludwig,Blue Bulls (2020 - 2021) -> Bulls (2021 - 2026)
Ruan NORTJÉ,Ruan NORTJÉ,LO,Bulls,200,113,1998.07.25,,,,,A,https://all.rugby/player/ruan-nortje,Bulls (2017 - 2018) -> Blue Bulls (2018 - 2019) -> Bulls (2019 - 2026),South Africa,South Africa,https://all.rugby/player/ruan-nortje,Bulls (2017 - 2018) -> Blue Bulls (2018 - 2019) -> Bulls (2019 - 2026)
Ruan VERMAAK,Ruan VERMAAK,LO,Bulls,200,120,1998.05.01,,,,,A,https://all.rugby/player/ruan-vermaak,Lions Rugby (2018 - 2020) -> Red Hurricanes Osaka (2020 - 2022) -> Bulls (2022 - 2026),,,https://all.rugby/player/ruan-vermaak,Lions Rugby (2018 - 2020) -> Red Hurricanes Osaka (2020 - 2022) -> Bulls (2022 - 2026)
Sintu MANJEZI,Sintu MANJEZI,LO,Bulls,198,118,1995.04.07,,,,,A,https://all.rugby/player/sintu-manjezi,Southern Kings (2015 - 2016) -> Central Cheetahs (2018 - 2019) -> Bulls (2019 - 2019) -> Central Cheetahs (2020 - 2020) -> Bulls (2020 - 2022) -> Glasgow Warriors (2022 - 2024) -> Bulls (2024 - 2026),,,https://all.rugby/player/sintu-manjezi,Southern Kings (2015 - 2016) -> Central Cheetahs (2018 - 2019) -> Bulls (2019 - 2019) -> Central Cheetahs (2020 - 2020) -> Bulls (2020 - 2022) -> Glasgow Warriors (2022 - 2024) -> Bulls (2024 - 2026)
Cameron HANEKOM,Cameron HANEKOM,Back row,Bulls,193,110,2002.05.10,,,,,A,https://all.rugby/player/cameron-hanekom,Blue Bulls (2021 - 2022) -> Bulls (2022 - 2026),South Africa,South Africa,https://all.rugby/player/cameron-hanekom,Blue Bulls (2021 - 2022) -> Bulls (2022 - 2026)
Elrigh LOUW,Elrigh LOUW,Back row,Bulls,195,112,1999.09.20,,,,,A,https://all.rugby/player/elrigh-louw,Southern Kings (2019 - 2019) -> Bulls (2019 - 2019) -> Southern Kings (2020 - 2020) -> Bulls (2020 - 2026),South Africa,South Africa,https://all.rugby/player/elrigh-louw,Southern Kings (2019 - 2019) -> Bulls (2019 - 2019) -> Southern Kings (2020 - 2020) -> Bulls (2020 - 2026)
Jaco GROBBELAAR,Jaco GROBBELAAR,Back row,Bulls,198,109,2005..,,,,,A,https://all.rugby/player/jaco-grobbelaar,Blue Bulls (2023 - 2024) -> Bulls (2024 - 2026),,,https://all.rugby/player/jaco-grobbelaar,Blue Bulls (2023 - 2024) -> Bulls (2024 - 2026)
Jannes KIRSTEN,Jannes KIRSTEN,Back row,Bulls,197,117,1993.12.01,,,,,A,https://all.rugby/player/jannes-kirsten,Bulls (2015 - 2019) -> Exeter Chiefs (2019 - 2023) -> Bulls (2023 - 2026),,,https://all.rugby/player/jannes-kirsten,Bulls (2015 - 2019) -> Exeter Chiefs (2019 - 2023) -> Bulls (2023 - 2026)
Jeandré RUDOLPH,Jeandré RUDOLPH,Back row,Bulls,186,108,1994.05.09,,,,,A,https://all.rugby/player/jeandre-rudolph,Pumas (2018 - 2019) -> Bulls (2019 - 2019) -> Pumas (2020 - 2020) -> Bulls (2020 - 2020) -> Free State Cheetahs (2020 - 2022) -> Central Cheetahs (2022 - 2023) -> Ospreys (2023 - 2023) -> Central Cheetahs (2024 - 2024) -> Ospreys (2024 - 2024) -> Central Cheetahs (2024 - 2025) -> Bulls (2025 - 2026),,,https://all.rugby/player/jeandre-rudolph,Pumas (2018 - 2019) -> Bulls (2019 - 2019) -> Pumas (2020 - 2020) -> Bulls (2020 - 2020) -> Free State Cheetahs (2020 - 2022) -> Central Cheetahs (2022 - 2023) -> Ospreys (2023 - 2023) -> Central Cheetahs (2024 - 2024) -> Ospreys (2024 - 2024) -> Central Cheetahs (2024 - 2025) -> Bulls (2025 - 2026)
JJ THERON,JJ THERON,Back row,Bulls,198,108,2005..,,,,,A,https://all.rugby/player/jj-theron,Blue Bulls (2024 - 2025) -> Bulls (2025 - 2026),,,https://all.rugby/player/jj-theron,Blue Bulls (2024 - 2025) -> Bulls (2025 - 2026)
Marcell COETZEE,Marcell COETZEE,Back row,Bulls,191,118,1991.05.08,,,,,A,https://all.rugby/player/marcell-coetzee,Sharks (2013 - 2016) -> Ulster Rugby (2016 - 2020) -> Bulls (2020 - 2020) -> Ulster Rugby (2021 - 2021) -> Bulls (2021 - 2022) -> Kobelco Kobe Steelers (2022 - 2022) -> Bulls (2023 - 2023) -> Kobelco Kobe Steelers (2023 - 2023) -> Bulls (2023 - 2026),South Africa,South Africa,https://all.rugby/player/marcell-coetzee,Sharks (2013 - 2016) -> Ulster Rugby (2016 - 2020) -> Bulls (2020 - 2020) -> Ulster Rugby (2021 - 2021) -> Bulls (2021 - 2022) -> Kobelco Kobe Steelers (2022 - 2022) -> Bulls (2023 - 2023) -> Kobelco Kobe Steelers (2023 - 2023) -> Bulls (2023 - 2026)
Marco VAN STADEN,Marco VAN STADEN,Back row,Bulls,184,112,1995.08.25,,,,,A,https://all.rugby/player/marco-van-staden,Bulls (2017 - 2021) -> Leicester Tigers (2021 - 2022) -> Bulls (2022 - 2026),South Africa,South Africa,https://all.rugby/player/marco-van-staden,Bulls (2017 - 2021) -> Leicester Tigers (2021 - 2022) -> Bulls (2022 - 2026)
Mpilo GUMEDE,Mpilo GUMEDE,Back row,Bulls,193,110,2000.07.08,,,,,A,https://all.rugby/player/celimpilo-gumede,Sharks (2019 - 2023) -> Bulls (2023 - 2026),,,https://all.rugby/player/celimpilo-gumede,Sharks (2019 - 2023) -> Bulls (2023 - 2026)
Nama XABA,Nama XABA,Back row,Bulls,185,103,1997.07.26,,,,,A,https://all.rugby/player/nama-xaba,Stormers (2018 - 2024) -> Bulls (2024 - 2026),,,https://all.rugby/player/nama-xaba,Stormers (2018 - 2024) -> Bulls (2024 - 2026)
Nicolaas JANSE VAN RENSBURG,Nicolaas JANSE VAN RENSBURG,Back row,Bulls,200,116,1994.05.06,,,,,A,https://all.rugby/player/nicolaas-janse-van-rensburg,Bulls (2013 - 2016) -> Montpellier Hérault Rugby (2016 - 2025) -> Bulls (2025 - 2026),South Africa,South Africa,https://all.rugby/player/nicolaas-janse-van-rensburg,Bulls (2013 - 2016) -> Montpellier Hérault Rugby (2016 - 2025) -> Bulls (2025 - 2026)
Nizaam CARR,Nizaam CARR,Back row,Bulls,178,106,1991.04.04,,,,,A,https://all.rugby/player/nizaam-carr,Stormers (2013 - 2017) -> Wasps (2017 - 2017) -> Stormers (2017 - 2017) -> Wasps (2018 - 2018) -> Stormers (2018 - 2018) -> Wasps (2018 - 2019) -> Bulls (2019 - 2019) -> Wasps (2020 - 2020) -> Bulls (2020 - 2021) -> Wasps (2021 - 2022) -> Bulls (2022 - 2022) -> Wasps (2023 - 2023) -> Bulls (2023 - 2026),South Africa,South Africa,https://all.rugby/player/nizaam-carr,Stormers (2013 - 2017) -> Wasps (2017 - 2017) -> Stormers (2017 - 2017) -> Wasps (2018 - 2018) -> Stormers (2018 - 2018) -> Wasps (2018 - 2019) -> Bulls (2019 - 2019) -> Wasps (2020 - 2020) -> Bulls (2020 - 2021) -> Wasps (2021 - 2022) -> Bulls (2022 - 2022) -> Wasps (2023 - 2023) -> Bulls (2023 - 2026)
Embrose PAPIER,Embrose PAPIER,SH,Bulls,171,80,1997.04.25,,,,,A,https://all.rugby/player/embrose-papier,Bulls (2017 - 2019) -> Sale Sharks (2019 - 2019) -> Bulls (2019 - 2019) -> Sale Sharks (2020 - 2020) -> Bulls (2020 - 2026),South Africa,South Africa,https://all.rugby/player/embrose-papier,Bulls (2017 - 2019) -> Sale Sharks (2019 - 2019) -> Bulls (2019 - 2019) -> Sale Sharks (2020 - 2020) -> Bulls (2020 - 2026)
Keagan JOHANNES,Keagan JOHANNES,SH,Bulls,178,77,1999.11.27,,,,,A,https://all.rugby/player/keagan-johannes,Bulls (2019 - 2026),,,https://all.rugby/player/keagan-johannes,Bulls (2019 - 2026)
Paul DE WET,Paul DE WET,SH,Bulls,176,83,1996.03.16,,,,,A,https://all.rugby/player/albertus-de-wet,Stormers (2017 - 2025) -> Bulls (2025 - 2026),,,https://all.rugby/player/albertus-de-wet,Stormers (2017 - 2025) -> Bulls (2025 - 2026)
Steven NEL,Steven NEL,SH,Bulls,178,78,2004..,,,,,A,https://all.rugby/player/steven-nel,Blue Bulls (2024 - 2025) -> Bulls (2025 - 2026),,,https://all.rugby/player/steven-nel,Blue Bulls (2024 - 2025) -> Bulls (2025 - 2026)
Zak BURGER,Zak BURGER,SH,Bulls,174,83,1998.08.20,,,,,A,https://all.rugby/player/zak-burger,Griquas (2019 - 2020) -> Bulls (2020 - 2026),,,https://all.rugby/player/zak-burger,Griquas (2019 - 2020) -> Bulls (2020 - 2026)
Handré POLLARD,Handré POLLARD,SO,Bulls,189,98,1994.03.11,,,,,A,https://all.rugby/player/handre-pollard,Bulls (2013 - 2019) -> Montpellier Hérault Rugby (2019 - 2022) -> Leicester Tigers (2022 - 2025) -> Bulls (2025 - 2026),South Africa,South Africa,https://all.rugby/player/handre-pollard,Bulls (2013 - 2019) -> Montpellier Hérault Rugby (2019 - 2022) -> Leicester Tigers (2022 - 2025) -> Bulls (2025 - 2026)
Johan GOOSEN,Johan GOOSEN,SO,Bulls,184,89,1992.07.27,,,,,A,https://all.rugby/player/johan-goosen,Free State Cheetahs (2011 - 2013) -> Central Cheetahs (2013 - 2013) -> Free State Cheetahs (2014 - 2014) -> Central Cheetahs (2014 - 2014) -> Racing 92 (2014 - 2017) -> Central Cheetahs (2017 - 2017) -> Racing 92 (2018 - 2018) -> Central Cheetahs (2018 - 2018) -> Montpellier Hérault Rugby (2018 - 2021) -> Bulls (2021 - 2026),South Africa,South Africa,https://all.rugby/player/johan-goosen,Free State Cheetahs (2011 - 2013) -> Central Cheetahs (2013 - 2013) -> Free State Cheetahs (2014 - 2014) -> Central Cheetahs (2014 - 2014) -> Racing 92 (2014 - 2017) -> Central Cheetahs (2017 - 2017) -> Racing 92 (2018 - 2018) -> Central Cheetahs (2018 - 2018) -> Montpellier Hérault Rugby (2018 - 2021) -> Bulls (2021 - 2026)
Kade WOLHUTER,Kade WOLHUTER,SO,Bulls,182,93,2001.06.28,,,,,A,https://all.rugby/player/kade-wolhuter,Paul Roos Gymnasium (2018 - 2019) -> Montpellier Hérault Rugby (2019 - 2020) -> Stormers (2020 - 2021) -> Western Province (2021 - 2022) -> Stormers (2022 - 2023) -> Lions Rugby (2023 - 2025) -> Bulls (2025 - 2026),,,https://all.rugby/player/kade-wolhuter,Paul Roos Gymnasium (2018 - 2019) -> Montpellier Hérault Rugby (2019 - 2020) -> Stormers (2020 - 2021) -> Western Province (2021 - 2022) -> Stormers (2022 - 2023) -> Lions Rugby (2023 - 2025) -> Bulls (2025 - 2026)
Chris SMIT,Chris SMIT,CTB,Bulls,182,93,1995.08.01,,,,,A,https://all.rugby/player/chris-smit,Griquas (2018 - 2019) -> Central Cheetahs (2019 - 2020) -> Free State Cheetahs (2020 - 2022) -> Blue Bulls (2022 - 2024) -> Bulls (2024 - 2026),,,https://all.rugby/player/chris-smit,Griquas (2018 - 2019) -> Central Cheetahs (2019 - 2020) -> Free State Cheetahs (2020 - 2022) -> Blue Bulls (2022 - 2024) -> Bulls (2024 - 2026)
Harold VORSTER,Harold VORSTER,CTB,Bulls,188,101,1993.10.11,,,,,A,https://all.rugby/player/harold-vorster,Lions Rugby (2014 - 2019) -> Saitama Wild Knights (2020 - 2021) -> Bulls (2021 - 2026),,,https://all.rugby/player/harold-vorster,Lions Rugby (2014 - 2019) -> Saitama Wild Knights (2020 - 2021) -> Bulls (2021 - 2026)
Jan SERFONTEIN,Jan SERFONTEIN,CTB,Bulls,187,97,1993.04.15,,,,,A,https://all.rugby/player/jan-serfontein,Bulls (2012 - 2017) -> Montpellier Hérault Rugby (2017 - 2025) -> Bulls (2025 - 2026),South Africa,South Africa,https://all.rugby/player/jan-serfontein,Bulls (2012 - 2017) -> Montpellier Hérault Rugby (2017 - 2025) -> Bulls (2025 - 2026)
Katlego LETEBELE,Katlego LETEBELE,CTB,Bulls,187,92,2003.11.18,,,,,A,https://all.rugby/player/katlego-letebele,Blue Bulls (2021 - 2024) -> Bulls (2024 - 2026),,,https://all.rugby/player/katlego-letebele,Blue Bulls (2021 - 2024) -> Bulls (2024 - 2026)
PA VAN NIEKERK,PA VAN NIEKERK,CTB,Bulls,182,94,2004..,,,,,A,https://all.rugby/player/philip-albert-van-niekerk,Blue Bulls (2023 - 2025) -> Bulls (2025 - 2026),,,https://all.rugby/player/philip-albert-van-niekerk,Blue Bulls (2023 - 2025) -> Bulls (2025 - 2026)
Stedman GANS,Stedman GANS,CTB,Bulls,180,99,1997.03.19,,,,,A,https://all.rugby/player/stedman-gans,Bulls (2019 - 2026),,,https://all.rugby/player/stedman-gans,Bulls (2019 - 2026)
Canan MOODIE,Canan MOODIE,Winger,Bulls,191,94,2002.11.05,,,,,A,https://all.rugby/player/canan-moodie,Bulls (2021 - 2026),,,https://all.rugby/player/canan-moodie,Bulls (2021 - 2026)
Cheswill JOOSTE,Cheswill JOOSTE,Winger,Bulls,175,75,2006..,,,,,A,https://all.rugby/player/cheswill-jooste,Blue Bulls (2024 - 2025) -> Bulls (2025 - 2026),,,https://all.rugby/player/cheswill-jooste,Blue Bulls (2024 - 2025) -> Bulls (2025 - 2026)
Kurt-Lee ARENDSE,Kurt-Lee ARENDSE,Winger,Bulls,176,82,1996.06.17,,,,,A,https://all.rugby/player/kurt-lee-arendse,Bulls (2019 - 2024) -> Mitsubishi Sagamihara Dynaboars (2024 - 2024) -> Bulls (2025 - 2025) -> Mitsubishi Sagamihara Dynaboars (2025 - 2025) -> Bulls (2025 - 2026),South Africa,South Africa,https://all.rugby/player/kurt-lee-arendse,Bulls (2019 - 2024) -> Mitsubishi Sagamihara Dynaboars (2024 - 2024) -> Bulls (2025 - 2025) -> Mitsubishi Sagamihara Dynaboars (2025 - 2025) -> Bulls (2025 - 2026)
Sebastian DE KLERK,Sebastian DE KLERK,Winger,Bulls,180,91,2000.04.05,,,,,A,https://all.rugby/player/sebastian-de-klerk,Pumas (2020 - 2023) -> Bulls (2023 - 2026),,,https://all.rugby/player/sebastian-de-klerk,Pumas (2020 - 2023) -> Bulls (2023 - 2026)
Sergeal PETERSEN,Sergeal PETERSEN,Winger,Bulls,173,86,1994.08.01,,,,,A,https://all.rugby/player/sergeal-petersen,Central Cheetahs (2014 - 2018) -> Stormers (2018 - 2022) -> Shimizu Koto Blue Sharks (2022 - 2023) -> Bulls (2023 - 2026),,,https://all.rugby/player/sergeal-petersen,Central Cheetahs (2014 - 2018) -> Stormers (2018 - 2022) -> Shimizu Koto Blue Sharks (2022 - 2023) -> Bulls (2023 - 2026)
Stravino JACOBS,Stravino JACOBS,Winger,Bulls,180,103,2000.02.21,,,,,A,https://all.rugby/player/stravino-jacobs,Bulls (2020 - 2026),,,https://all.rugby/player/stravino-jacobs,Bulls (2020 - 2026)
David KRIEL,David KRIEL,FB,Bulls,195,102,1999.02.15,,,,,A,https://all.rugby/player/david-kriel,Western Province (2018 - 2019) -> Stormers (2019 - 2019) -> Bulls (2019 - 2019) -> Stormers (2020 - 2020) -> Bulls (2020 - 2026),,,https://all.rugby/player/david-kriel,Western Province (2018 - 2019) -> Stormers (2019 - 2019) -> Bulls (2019 - 2019) -> Stormers (2020 - 2020) -> Bulls (2020 - 2026)
Devon WILLIAMS,Devon WILLIAMS,FB,Bulls,175,79,1992.04.16,,,,,A,https://all.rugby/player/devon-williams,Western Province (2012 - 2013) -> Stormers (2013 - 2013) -> Western Province (2013 - 2013) -> Stormers (2014 - 2014) -> Western Province (2014 - 2015) -> Pumas (2015 - 2023) -> Bulls (2023 - 2026),,,https://all.rugby/player/devon-williams,Western Province (2012 - 2013) -> Stormers (2013 - 2013) -> Western Province (2013 - 2013) -> Stormers (2014 - 2014) -> Western Province (2014 - 2015) -> Pumas (2015 - 2023) -> Bulls (2023 - 2026)
Henry IMMELMAN,Henry IMMELMAN,FB,Bulls,190,103,1995.05.26,,,,,A,https://all.rugby/player/henry-immelman,Free State Cheetahs (2015 - 2016) -> Montpellier Hérault Rugby (2016 - 2021) -> Edimbourg Rugby (2021 - 2023) -> Bulls (2023 - 2024) -> Sharks (2024 - 2024) -> Bulls (2025 - 2025) -> Sharks (2025 - 2025) -> Bulls (2025 - 2026),,,https://all.rugby/player/henry-immelman,Free State Cheetahs (2015 - 2016) -> Montpellier Hérault Rugby (2016 - 2021) -> Edimbourg Rugby (2021 - 2023) -> Bulls (2023 - 2024) -> Sharks (2024 - 2024) -> Bulls (2025 - 2025) -> Sharks (2025 - 2025) -> Bulls (2025 - 2026)
Willie LE ROUX,Willie LE ROUX,FB,Bulls,184,92,1989.08.18,,,,,A,https://all.rugby/player/willie-le-roux,Central Cheetahs (2013 - 2015) -> Sharks (2015 - 2016) -> Wasps (2016 - 2019) -> Toyota Verblitz (2019 - 2023) -> Bulls (2023 - 2026),South Africa,South Africa,https://all.rugby/player/willie-le-roux,Central Cheetahs (2013 - 2015) -> Sharks (2015 - 2016) -> Wasps (2016 - 2019) -> Toyota Verblitz (2019 - 2023) -> Bulls (2023 - 2026)
Denis BUCKLEY,Denis BUCKLEY,PR,Connacht,177,110,1990.08.09,,,,,A,https://all.rugby/player/denis-buckley,Connacht Rugby (2013 - 2026),,,https://all.rugby/player/denis-buckley,Connacht Rugby (2013 - 2026)
Finlay BEALHAM,Finlay BEALHAM,PR,Connacht,189,123,1991.10.09,,,,,A,https://all.rugby/player/finlay-bealham,Connacht Rugby (2013 - 2026),Australia,Australia,https://all.rugby/player/finlay-bealham,Connacht Rugby (2013 - 2026)
Jack AUNGIER,Jack AUNGIER,PR,Connacht,188,120,1998.11.20,,,,,A,https://all.rugby/player/jack-aungier,Leinster Rugby (2017 - 2019) -> Connacht Rugby (2019 - 2019) -> Leinster Rugby (2020 - 2020) -> Connacht Rugby (2020 - 2026),Ireland,Ireland,https://all.rugby/player/jack-aungier,Leinster Rugby (2017 - 2019) -> Connacht Rugby (2019 - 2019) -> Leinster Rugby (2020 - 2020) -> Connacht Rugby (2020 - 2026)
Jordan DUGGAN,Jordan DUGGAN,PR,Connacht,185,114,1998.01.07,,,,,A,https://all.rugby/player/jordan-duggan,Connacht Rugby (2019 - 2026),,,https://all.rugby/player/jordan-duggan,Connacht Rugby (2019 - 2026)
Peter DOOLEY,Peter DOOLEY,PR,Connacht,183,116,1994.08.04,,,,,A,https://all.rugby/player/peter-dooley,Leinster Rugby (2014 - 2022) -> Connacht Rugby (2022 - 2026),,,https://all.rugby/player/peter-dooley,Leinster Rugby (2014 - 2022) -> Connacht Rugby (2022 - 2026)
Sam ILLO,Sam ILLO,PR,Connacht,185,121,2001.02.16,,,,,A,https://all.rugby/player/sam-illo,Leinster Rugby (2020 - 2021) -> Connacht Rugby (2021 - 2026),,,https://all.rugby/player/sam-illo,Leinster Rugby (2020 - 2021) -> Connacht Rugby (2021 - 2026)
Temi LASISI,Temi LASISI,PR,Connacht,183,125,2001.05.09,,,,,A,https://all.rugby/player/temi-lasisi,Leinster Rugby (2020 - 2024) -> Connacht Rugby (2024 - 2026),,,https://all.rugby/player/temi-lasisi,Leinster Rugby (2020 - 2024) -> Connacht Rugby (2024 - 2026)
Dave HEFFERNAN,Dave HEFFERNAN,HO,Connacht,187,111,1991.01.31,,,,,A,https://all.rugby/player/david-heffernan,Connacht Rugby (2013 - 2026),Ireland,Ireland,https://all.rugby/player/david-heffernan,Connacht Rugby (2013 - 2026)
Dylan TIERNEY-MARTIN,Dylan TIERNEY-MARTIN,HO,Connacht,182,101,1999.06.20,,,,,A,https://all.rugby/player/dylan-tierney-martin,Connacht Rugby (2020 - 2026),,,https://all.rugby/player/dylan-tierney-martin,Connacht Rugby (2020 - 2026)
Eoin DE BUITLÉAR,Eoin DE BUITLÉAR,HO,Connacht,175,104,2001.11.09,,,,,A,https://all.rugby/player/eoin-de-buitlear,Connacht Rugby (2020 - 2026),,,https://all.rugby/player/eoin-de-buitlear,Connacht Rugby (2020 - 2026)
Darragh MURRAY,Darragh MURRAY,LO,Connacht,200,115,2001.07.04,,,,,A,https://all.rugby/player/darragh-murray,Connacht Rugby (2020 - 2026),,,https://all.rugby/player/darragh-murray,Connacht Rugby (2020 - 2026)
David O'CONNOR,David O'CONNOR,LO,Connacht,193,110,1995.05.19,,,,,A,https://all.rugby/player/david-o-connor,Ulster Rugby (2019 - 2022) -> Ealing Trailfinders (2022 - 2024) -> Connacht Rugby (2024 - 2026),,,https://all.rugby/player/david-o-connor,Ulster Rugby (2019 - 2022) -> Ealing Trailfinders (2022 - 2024) -> Connacht Rugby (2024 - 2026)
Joe JOYCE,Joe JOYCE,LO,Connacht,196,119,1994.02.07,,,,,A,https://all.rugby/player/joe-joyce,Bristol Bears (2016 - 2023) -> Connacht Rugby (2023 - 2026),,,https://all.rugby/player/joe-joyce,Bristol Bears (2016 - 2023) -> Connacht Rugby (2023 - 2026)
Josh MURPHY,Josh MURPHY,LO,Connacht,198,110,1995.02.17,,,,,A,https://all.rugby/player/josh-murphy,Leinster Rugby (2017 - 2022) -> Connacht Rugby (2022 - 2023) -> sans club (2023 - 2024) -> Connacht Rugby (2024 - 2026),,,https://all.rugby/player/josh-murphy,Leinster Rugby (2017 - 2022) -> Connacht Rugby (2022 - 2023) -> sans club (2023 - 2024) -> Connacht Rugby (2024 - 2026)
Niall MURRAY,Niall MURRAY,LO,Connacht,200,111,1999.10.13,,,,,A,https://all.rugby/player/niall-murray,Connacht Rugby (2018 - 2026),,,https://all.rugby/player/niall-murray,Connacht Rugby (2018 - 2026)
Oisín DOWLING,Oisín DOWLING,LO,Connacht,196,112,1997.06.23,,,,,A,https://all.rugby/player/oisin-dowling,Leinster Rugby (2018 - 2020) -> Connacht Rugby (2020 - 2026),,,https://all.rugby/player/oisin-dowling,Leinster Rugby (2018 - 2020) -> Connacht Rugby (2020 - 2026)
Cian PRENDERGAST,Cian PRENDERGAST,Back row,Connacht,196,115,2000.02.23,,,,,A,https://all.rugby/player/cian-prendergast,Leinster Rugby (2019 - 2020) -> Connacht Rugby (2020 - 2026),Ireland,Ireland,https://all.rugby/player/cian-prendergast,Leinster Rugby (2019 - 2020) -> Connacht Rugby (2020 - 2026)
Oisín MCCORMACK,Oisín MCCORMACK,Back row,Connacht,183,102,2001.02.21,,,,,A,https://all.rugby/player/oisin-mccormack,Connacht Rugby (2020 - 2025) -> Harlequins (2025 - 2025) -> Connacht Rugby (2026 - 2026) -> Harlequins (2026 - 2026),,,https://all.rugby/player/oisin-mccormack,Connacht Rugby (2020 - 2025) -> Harlequins (2025 - 2025) -> Connacht Rugby (2026 - 2026) -> Harlequins (2026 - 2026)
Paul BOYLE,Paul BOYLE,Back row,Connacht,189,112,1997.01.14,,,,,A,https://all.rugby/player/paul-boyle,Connacht Rugby (2017 - 2026),,,https://all.rugby/player/paul-boyle,Connacht Rugby (2017 - 2026)
Seán F. O'BRIEN,Seán F. O'BRIEN,Back row,Connacht,193,105,2000.07.31,,,,,A,https://all.rugby/player/sean-o-brien-2000,Leinster Rugby (2020 - 2020) -> LA Giltinis (2020 - 2020) -> Leinster Rugby (2021 - 2021) -> LA Giltinis (2021 - 2021) -> Leinster Rugby (2021 - 2023) -> Connacht Rugby (2023 - 2026),,,https://all.rugby/player/sean-o-brien-2000,Leinster Rugby (2020 - 2020) -> LA Giltinis (2020 - 2020) -> Leinster Rugby (2021 - 2021) -> LA Giltinis (2021 - 2021) -> Leinster Rugby (2021 - 2023) -> Connacht Rugby (2023 - 2026)
Sean JANSEN,Sean JANSEN,Back row,Connacht,191,118,1999.05.10,,,,,A,https://all.rugby/player/sean-jansen,Otago (2020 - 2021) -> Leicester Tigers (2021 - 2023) -> Connacht Rugby (2023 - 2026),,,https://all.rugby/player/sean-jansen,Otago (2020 - 2021) -> Leicester Tigers (2021 - 2023) -> Connacht Rugby (2023 - 2026)
Shamus HURLEY-LANGTON,Shamus HURLEY-LANGTON,Back row,Connacht,185,108,2000.04.22,,,,,A,https://all.rugby/player/shamus-hurley-langton,Manawatu Turbos (2019 - 2022) -> Connacht Rugby (2022 - 2026),,,https://all.rugby/player/shamus-hurley-langton,Manawatu Turbos (2019 - 2022) -> Connacht Rugby (2022 - 2026)
Ben MURPHY,Ben MURPHY,SH,Connacht,173,80,2001.04.23,,,,,A,https://all.rugby/player/ben-murphy-2001,Leinster Rugby (2020 - 2020) -> Munster Rugby (2020 - 2020) -> Leinster Rugby (2021 - 2021) -> Munster Rugby (2021 - 2021) -> Leinster Rugby (2021 - 2024) -> Connacht Rugby (2024 - 2026),Ireland,Ireland,https://all.rugby/player/ben-murphy-2001,Leinster Rugby (2020 - 2020) -> Munster Rugby (2020 - 2020) -> Leinster Rugby (2021 - 2021) -> Munster Rugby (2021 - 2021) -> Leinster Rugby (2021 - 2024) -> Connacht Rugby (2024 - 2026)
Caolin BLADE,Caolin BLADE,SH,Connacht,170,81,1994.04.29,,,,,A,https://all.rugby/player/caolin-blade,Connacht Rugby (2013 - 2026),Ireland,Ireland,https://all.rugby/player/caolin-blade,Connacht Rugby (2013 - 2026)
Colm REILLY,Colm REILLY,SH,Connacht,178,78,1999.08.09,,,,,A,https://all.rugby/player/colm-reilly,Buccaneers RFC (2019 - 2020) -> Connacht Rugby (2020 - 2026),,,https://all.rugby/player/colm-reilly,Buccaneers RFC (2019 - 2020) -> Connacht Rugby (2020 - 2026)
Matt DEVINE,Matt DEVINE,SH,Connacht,180,84,2002.02.19,,,,,A,https://all.rugby/player/matt-devine,Connacht Rugby (2021 - 2026),,,https://all.rugby/player/matt-devine,Connacht Rugby (2021 - 2026)
Jack CARTY,Jack CARTY,SO,Connacht,183,92,1992.08.31,,,,,A,https://all.rugby/player/jack-carty,Connacht Rugby (2013 - 2026),Ireland,Ireland,https://all.rugby/player/jack-carty,Connacht Rugby (2013 - 2026)
Josh IOANE,Josh IOANE,SO,Connacht,180,92,1995.07.11,,,,,A,https://all.rugby/player/josh-ioane,Highlanders (2017 - 2019) -> Otago (2019 - 2019) -> Highlanders (2020 - 2020) -> Otago (2020 - 2020) -> Highlanders (2020 - 2020) -> Otago (2020 - 2020) -> Highlanders (2021 - 2021) -> Otago (2021 - 2021) -> Chiefs (2021 - 2021) -> Otago (2021 - 2021) -> Chiefs (2022 - 2022) -> Otago (2022 - 2022) -> Chiefs (2022 - 2022) -> Waikato Mooloos (2022 - 2022) -> Chiefs (2023 - 2023) -> Waikato Mooloos (2023 - 2023) -> Chiefs (2023 - 2024) -> Connacht Rugby (2024 - 2026),New Zealand,New Zealand,https://all.rugby/player/josh-ioane,Highlanders (2017 - 2019) -> Otago (2019 - 2019) -> Highlanders (2020 - 2020) -> Otago (2020 - 2020) -> Highlanders (2020 - 2020) -> Otago (2020 - 2020) -> Highlanders (2021 - 2021) -> Otago (2021 - 2021) -> Chiefs (2021 - 2021) -> Otago (2021 - 2021) -> Chiefs (2022 - 2022) -> Otago (2022 - 2022) -> Chiefs (2022 - 2022) -> Waikato Mooloos (2022 - 2022) -> Chiefs (2023 - 2023) -> Waikato Mooloos (2023 - 2023) -> Chiefs (2023 - 2024) -> Connacht Rugby (2024 - 2026)
Bundee AKI,Bundee AKI,CTB,Connacht,178,102,1990.04.07,,,,,A,https://all.rugby/player/bundee-aki,Chiefs (2013 - 2014) -> Connacht Rugby (2014 - 2026),New Zealand,New Zealand,https://all.rugby/player/bundee-aki,Chiefs (2013 - 2014) -> Connacht Rugby (2014 - 2026)
Cathal FORDE,Cathal FORDE,CTB,Connacht,188,95,2001.04.11,,,,,A,https://all.rugby/player/cathal-forde,Connacht Rugby (2020 - 2026),,,https://all.rugby/player/cathal-forde,Connacht Rugby (2020 - 2026)
David HAWKSHAW,David HAWKSHAW,CTB,Connacht,178,89,1999.07.03,,,,,A,https://all.rugby/player/david-hawkshaw,Leinster Rugby (2018 - 2022) -> Connacht Rugby (2022 - 2026),,,https://all.rugby/player/david-hawkshaw,Leinster Rugby (2018 - 2022) -> Connacht Rugby (2022 - 2026)
Hugh GAVIN,Hugh GAVIN,CTB,Connacht,192,103,2004.01.10,,,,,A,https://all.rugby/player/hugh-gavin,Connacht Rugby (2022 - 2026),,,https://all.rugby/player/hugh-gavin,Connacht Rugby (2022 - 2026)
John DEVINE,John DEVINE,CTB,Connacht,186,99,2003.12.26,,,,,A,https://all.rugby/player/john-devine,Connacht Rugby (2022 - 2026),,,https://all.rugby/player/john-devine,Connacht Rugby (2022 - 2026)
Byron RALSTON,Byron RALSTON,Winger,Connacht,184,94,2000.05.03,,,,,A,https://all.rugby/player/byron-ralston,Western Force (2019 - 2022) -> Connacht Rugby (2022 - 2026),,,https://all.rugby/player/byron-ralston,Western Force (2019 - 2022) -> Connacht Rugby (2022 - 2026)
Finn TREACY,Finn TREACY,Winger,Connacht,183,96,2004..,,,,,A,https://all.rugby/player/finn-treacy,Connacht Rugby (2023 - 2026),,,https://all.rugby/player/finn-treacy,Connacht Rugby (2023 - 2026)
Sam GILBERT,Sam GILBERT,Winger,Connacht,189,99,1999.01.21,,,,,A,https://all.rugby/player/sam-gilbert,Canterbury (2018 - 2019) -> Highlanders (2019 - 2020) -> Otago (2020 - 2020) -> Highlanders (2021 - 2021) -> Otago (2021 - 2021) -> Highlanders (2021 - 2021) -> Otago (2021 - 2021) -> Highlanders (2022 - 2022) -> Otago (2022 - 2022) -> Highlanders (2022 - 2022) -> Otago (2022 - 2022) -> Highlanders (2023 - 2023) -> Otago (2023 - 2023) -> Highlanders (2023 - 2023) -> Otago (2023 - 2023) -> Highlanders (2024 - 2024) -> Otago (2024 - 2024) -> Highlanders (2024 - 2024) -> Otago (2024 - 2024) -> Highlanders (2025 - 2025) -> Otago (2025 - 2025) -> Connacht Rugby (2025 - 2026),,,https://all.rugby/player/sam-gilbert,Canterbury (2018 - 2019) -> Highlanders (2019 - 2020) -> Otago (2020 - 2020) -> Highlanders (2021 - 2021) -> Otago (2021 - 2021) -> Highlanders (2021 - 2021) -> Otago (2021 - 2021) -> Highlanders (2022 - 2022) -> Otago (2022 - 2022) -> Highlanders (2022 - 2022) -> Otago (2022 - 2022) -> Highlanders (2023 - 2023) -> Otago (2023 - 2023) -> Highlanders (2023 - 2023) -> Otago (2023 - 2023) -> Highlanders (2024 - 2024) -> Otago (2024 - 2024) -> Highlanders (2024 - 2024) -> Otago (2024 - 2024) -> Highlanders (2025 - 2025) -> Otago (2025 - 2025) -> Connacht Rugby (2025 - 2026)
Shane JENNINGS,Shane JENNINGS,Winger,Connacht,191,96,2001.01.14,,,,,A,https://all.rugby/player/shane-jennings-,Connacht Rugby (2020 - 2026),,,https://all.rugby/player/shane-jennings-,Connacht Rugby (2020 - 2026)
Shayne BOLTON,Shayne BOLTON,Winger,Connacht,188,100,2000.06.29,,,,,A,https://all.rugby/player/shayne-bolton,University of the Free State (2020 - 2021) -> Connacht Rugby (2021 - 2026),,,https://all.rugby/player/shayne-bolton,University of the Free State (2020 - 2021) -> Connacht Rugby (2021 - 2026)
Chay MULLINS,Chay MULLINS,FB,Connacht,193,95,2002.01.23,,,,,A,https://all.rugby/player/chay-mullins,Bristol Bears (2020 - 2022) -> Connacht Rugby (2022 - 2026),,,https://all.rugby/player/chay-mullins,Bristol Bears (2020 - 2022) -> Connacht Rugby (2022 - 2026)
Harry WEST,Harry WEST,FB,Connacht,185,90,2003.04.27,,,,,A,https://all.rugby/player/harry-west,Connacht Rugby (2022 - 2026),,,https://all.rugby/player/harry-west,Connacht Rugby (2022 - 2026)
Mack HANSEN,Mack HANSEN,FB,Connacht,188,89,1998.03.27,,,,,A,https://all.rugby/player/mackenzie-hansen,Brumbies (2018 - 2021) -> Connacht Rugby (2021 - 2026),Australia,Australia,https://all.rugby/player/mackenzie-hansen,Brumbies (2018 - 2021) -> Connacht Rugby (2021 - 2026)
Billy BOHAN,Billy BOHAN,PR,Connacht,191,114,2005..,,,,,A,https://all.rugby/player/billy-bohan,Connacht Rugby (2024 - 2026),,,https://all.rugby/player/billy-bohan,Connacht Rugby (2024 - 2026)
Fiachna BARRETT,Fiachna BARRETT,PR,Connacht,193,123,2003.02.27,,,,,A,https://all.rugby/player/fiachna-barrett,Connacht Rugby (2022 - 2026),,,https://all.rugby/player/fiachna-barrett,Connacht Rugby (2022 - 2026)
Matthew VICTORY,Matthew VICTORY,HO,Connacht,177,100,2003.05.28,,,,,A,https://all.rugby/player/matthew-victory,Connacht Rugby (2023 - 2026),,,https://all.rugby/player/matthew-victory,Connacht Rugby (2023 - 2026)
Mikey YARR,Mikey YARR,HO,Connacht,,,2005..,,,,,A,https://all.rugby/player/mikey-yarr,Lansdowne FC (2023 - 2024) -> University College Dublin (2024 - 2025) -> Connacht Rugby (2025 - 2026),,,https://all.rugby/player/mikey-yarr,Lansdowne FC (2023 - 2024) -> University College Dublin (2024 - 2025) -> Connacht Rugby (2025 - 2026)
David WALSH,David WALSH,LO,Connacht,198,,2005..,,,,,A,https://all.rugby/player/david-walsh,Dublin University FC (2024 - 2025) -> Connacht Rugby (2025 - 2026),,,https://all.rugby/player/david-walsh,Dublin University FC (2024 - 2025) -> Connacht Rugby (2025 - 2026)
Aaron O'BRIEN,Aaron O'BRIEN,Back row,Connacht,,,2005..,,,,,A,https://all.rugby/player/aaron-o-brien,Connacht Rugby (2025 - 2026),,,https://all.rugby/player/aaron-o-brien,Connacht Rugby (2025 - 2026)
Bobby POWER,Bobby POWER,Back row,Connacht,192,106,2005..,,,,,A,https://all.rugby/player/bobby-power,Galwegians RFC (2024 - 2025) -> Connacht Rugby (2025 - 2026),,,https://all.rugby/player/bobby-power,Galwegians RFC (2024 - 2025) -> Connacht Rugby (2025 - 2026)
Diarmaid O'CONNELL,Diarmaid O'CONNELL,Back row,Connacht,,,2006..,,,,,A,https://all.rugby/player/diarmaid-o-connell,Connacht Rugby (2025 - 2026),,,https://all.rugby/player/diarmaid-o-connell,Connacht Rugby (2025 - 2026)
Éanna MCCARTHY,Éanna MCCARTHY,Back row,Connacht,193,112,2005..,,,,,A,https://all.rugby/player/eanna-mccarthy,Connacht Rugby (2024 - 2026),,,https://all.rugby/player/eanna-mccarthy,Connacht Rugby (2024 - 2026)
Max FLYNN,Max FLYNN,Back row,Connacht,,,2004..,,,,,A,https://all.rugby/player/max-flynn,Galway Corinthians RFC (2023 - 2024) -> Connacht Rugby (2024 - 2026),,,https://all.rugby/player/max-flynn,Galway Corinthians RFC (2023 - 2024) -> Connacht Rugby (2024 - 2026)
Albert LINDNER,Albert LINDNER,SH,Connacht,,,2006..,,,,,A,https://all.rugby/player/albert-lindner,Connacht Rugby (2025 - 2026),,,https://all.rugby/player/albert-lindner,Connacht Rugby (2025 - 2026)
Tomás FARTHING,Tomás FARTHING,SH,Connacht,,,2005..,,,,,A,https://all.rugby/player/tomas-farthing,Galway Corinthians RFC (2023 - 2024) -> Connacht Rugby (2024 - 2026),,,https://all.rugby/player/tomas-farthing,Galway Corinthians RFC (2023 - 2024) -> Connacht Rugby (2024 - 2026)
Conor O'SHAUGHNESSY,Conor O'SHAUGHNESSY,SO,Connacht,,,2006..,,,,,A,https://all.rugby/player/conor-o-shaughnessy,Connacht Rugby (2025 - 2026),,,https://all.rugby/player/conor-o-shaughnessy,Connacht Rugby (2025 - 2026)
Seán NAUGHTON,Seán NAUGHTON,SO,Connacht,182,78,2004..,,,,,A,https://all.rugby/player/sean-naughton,Connacht Rugby (2023 - 2026),,,https://all.rugby/player/sean-naughton,Connacht Rugby (2023 - 2026)
Seán WALSH,Seán WALSH,CTB,Connacht,,,2006..,,,,,A,https://all.rugby/player/sean-walsh,Connacht Rugby (2025 - 2026),,,https://all.rugby/player/sean-walsh,Connacht Rugby (2025 - 2026)
Daniel RYAN,Daniel RYAN,Winger,Connacht,,,2006..,,,,,A,https://all.rugby/player/daniel-ryan,Connacht Rugby (2025 - 2026),,,https://all.rugby/player/daniel-ryan,Connacht Rugby (2025 - 2026)
James NICHOLSON,James NICHOLSON,FB,Connacht,192,89,2003.06.09,,,,,A,https://all.rugby/player/james-nicholson,Leinster Rugby (2022 - 2023) -> Connacht Rugby (2023 - 2026),,,https://all.rugby/player/james-nicholson,Leinster Rugby (2022 - 2023) -> Connacht Rugby (2023 - 2026)
Ben WARREN,Ben WARREN,PR,Ospreys,185,122,2000.04.02,,,,,A,https://all.rugby/player/ben-warren,Cardiff Rugby (2018 - 2021) -> Ospreys (2021 - 2026),,,https://all.rugby/player/ben-warren,Cardiff Rugby (2018 - 2021) -> Ospreys (2021 - 2026)
Cameron JONES,Cameron JONES,PR,Ospreys,193,128,2001.10.04,,,,,A,https://all.rugby/player/cameron-jones,Ospreys (2020 - 2023) -> Central Cheetahs (2023 - 2023) -> Ospreys (2024 - 2024) -> Central Cheetahs (2024 - 2024) -> Dragons RFC (2024 - 2024) -> Ospreys (2024 - 2024) -> Dragons RFC (2025 - 2025) -> Ospreys (2025 - 2026),,,https://all.rugby/player/cameron-jones,Ospreys (2020 - 2023) -> Central Cheetahs (2023 - 2023) -> Ospreys (2024 - 2024) -> Central Cheetahs (2024 - 2024) -> Dragons RFC (2024 - 2024) -> Ospreys (2024 - 2024) -> Dragons RFC (2025 - 2025) -> Ospreys (2025 - 2026)
Gareth THOMAS,Gareth THOMAS,PR,Ospreys,188,120,1993.08.02,,,,,A,https://all.rugby/player/gareth-thomas-1993,Ospreys (2014 - 2026),Wales,Wales,https://all.rugby/player/gareth-thomas-1993,Ospreys (2014 - 2026)
Garyn PHILLIPS,Garyn PHILLIPS,PR,Ospreys,184,123,2001.05.14,,,,,A,https://all.rugby/player/garyn-phillips,Cardiff Rugby (2018 - 2019) -> Ospreys (2019 - 2021) -> Cornish Pirates (2021 - 2021) -> Ospreys (2021 - 2021) -> Cornish Pirates (2022 - 2022) -> Ospreys (2022 - 2026),,,https://all.rugby/player/garyn-phillips,Cardiff Rugby (2018 - 2019) -> Ospreys (2019 - 2021) -> Cornish Pirates (2021 - 2021) -> Ospreys (2021 - 2021) -> Cornish Pirates (2022 - 2022) -> Ospreys (2022 - 2026)
Math IORWERTH-SCOTT,Math IORWERTH-SCOTT,PR,Ospreys,185,125,2000.01.05,,,,,A,https://all.rugby/player/matholwch-iorwerth-scott,Cardiff Met RFC (2022 - 2023) -> Bridgend Ravens (2023 - 2024) -> Ospreys (2024 - 2026),,,https://all.rugby/player/matholwch-iorwerth-scott,Cardiff Met RFC (2022 - 2023) -> Bridgend Ravens (2023 - 2024) -> Ospreys (2024 - 2026)
Rhys HENRY,Rhys HENRY,PR,Ospreys,173,114,1998.09.08,,,,,A,https://all.rugby/player/rhys-henry,Ospreys (2018 - 2026),,,https://all.rugby/player/rhys-henry,Ospreys (2018 - 2026)
Steff THOMAS,Steff THOMAS,PR,Ospreys,185,122,1997.04.22,,,,,A,https://all.rugby/player/steff-thomas,Scarlets (2017 - 2024) -> Ospreys (2024 - 2026),,,https://all.rugby/player/steff-thomas,Scarlets (2017 - 2024) -> Ospreys (2024 - 2026)
Tom BOTHA,Tom BOTHA,PR,Ospreys,179,117,1990.08.31,,,,,A,https://all.rugby/player/tom-botha,Southern Kings (2015 - 2016) -> Central Cheetahs (2016 - 2018) -> Ospreys (2018 - 2026),,,https://all.rugby/player/tom-botha,Southern Kings (2015 - 2016) -> Central Cheetahs (2016 - 2018) -> Ospreys (2018 - 2026)
Dewi LAKE,Dewi LAKE,HO,Ospreys,185,114,1999.05.16,,,,,A,https://all.rugby/player/dewi-lake,Ospreys (2017 - 2026),,,https://all.rugby/player/dewi-lake,Ospreys (2017 - 2026)
Efan DANIEL,Efan DANIEL,HO,Ospreys,185,109,2002.12.14,,,,,A,https://all.rugby/player/efan-daniel,Cardiff Rugby (2020 - 2025) -> Ospreys (2025 - 2026),,,https://all.rugby/player/efan-daniel,Cardiff Rugby (2020 - 2025) -> Ospreys (2025 - 2026)
Lewis LLOYD,Lewis LLOYD,HO,Ospreys,180,92,2003.07.20,,,,,A,https://all.rugby/player/lewis-lloyd,Treorchy RFC (2021 - 2022) -> Ospreys (2022 - 2026),,,https://all.rugby/player/lewis-lloyd,Treorchy RFC (2021 - 2022) -> Ospreys (2022 - 2026)
Sam PARRY,Sam PARRY,HO,Ospreys,186,114,1991.12.17,,,,,A,https://all.rugby/player/sam-parry,Dragons RFC (2013 - 2014) -> Ospreys (2014 - 2018) -> Bristol Bears (2018 - 2018) -> Ospreys (2019 - 2019) -> Bristol Bears (2019 - 2019) -> Ospreys (2019 - 2026),Wales,Wales,https://all.rugby/player/sam-parry,Dragons RFC (2013 - 2014) -> Ospreys (2014 - 2018) -> Bristol Bears (2018 - 2018) -> Ospreys (2019 - 2019) -> Bristol Bears (2019 - 2019) -> Ospreys (2019 - 2026)
Ben ROBERTS,Ben ROBERTS,LO,Ospreys,,,2001.03.04,,,,,A,https://all.rugby/player/ben-roberts,Ospreys (2025 - 2026),,,https://all.rugby/player/ben-roberts,Ospreys (2025 - 2026)
Huw SUTTON,Huw SUTTON,LO,Ospreys,199,122,1999.11.17,,,,,A,https://all.rugby/player/huw-sutton,Ospreys (2021 - 2026),,,https://all.rugby/player/huw-sutton,Ospreys (2021 - 2026)
James FENDER,James FENDER,LO,Ospreys,204,125,2001.08.03,,,,,A,https://all.rugby/player/james-fender,Ospreys (2018 - 2022) -> Cornish Pirates (2022 - 2022) -> Ospreys (2023 - 2023) -> Cornish Pirates (2023 - 2023) -> Ospreys (2023 - 2026),,,https://all.rugby/player/james-fender,Ospreys (2018 - 2022) -> Cornish Pirates (2022 - 2022) -> Ospreys (2023 - 2023) -> Cornish Pirates (2023 - 2023) -> Ospreys (2023 - 2026)
James RATTI,James RATTI,LO,Ospreys,196,120,1997.10.14,,,,,A,https://all.rugby/player/james-ratti,Ospreys (2017 - 2019) -> Cardiff Rugby (2019 - 2023) -> Ospreys (2023 - 2026),Wales,Wales,https://all.rugby/player/james-ratti,Ospreys (2017 - 2019) -> Cardiff Rugby (2019 - 2023) -> Ospreys (2023 - 2026)
Rhys DAVIES,Rhys DAVIES,LO,Ospreys,197,124,1998.11.09,,,,,A,https://all.rugby/player/rhys-davies,Bath Rugby (2018 - 2020) -> Ospreys (2020 - 2026),,,https://all.rugby/player/rhys-davies,Bath Rugby (2018 - 2020) -> Ospreys (2020 - 2026)
Ryan SMITH,Ryan SMITH,LO,Ospreys,199,120,1996.09.30,,,,,A,https://all.rugby/player/ryan-smith-10493,Brisbane City (2018 - 2019) -> Queensland Reds (2019 - 2025) -> Ospreys (2025 - 2026),,,https://all.rugby/player/ryan-smith-10493,Brisbane City (2018 - 2019) -> Queensland Reds (2019 - 2025) -> Ospreys (2025 - 2026)
Will GREATBANKS,Will GREATBANKS,LO,Ospreys,198,109,2003.01.18,,,,,A,https://all.rugby/player/william-greatbanks,Club Athlétique Ribéracois (2010 - 2018) -> Union Bordeaux-Bègles (2018 - 2018) -> Soyaux-Angoulême XV Charente (2018 - 2018) -> Union Bordeaux-Bègles (2019 - 2019) -> Soyaux-Angoulême XV Charente (2019 - 2024) -> Ospreys (2024 - 2026),,,https://all.rugby/player/william-greatbanks,Club Athlétique Ribéracois (2010 - 2018) -> Union Bordeaux-Bègles (2018 - 2018) -> Soyaux-Angoulême XV Charente (2018 - 2018) -> Union Bordeaux-Bègles (2019 - 2019) -> Soyaux-Angoulême XV Charente (2019 - 2024) -> Ospreys (2024 - 2026)
Harri DEAVES-SMALL,Harri DEAVES-SMALL,Back row,Ospreys,182,96,2001.06.13,,,,,A,https://all.rugby/player/harri-deaves-small,Ospreys (2020 - 2026),,,https://all.rugby/player/harri-deaves-small,Ospreys (2020 - 2026)
Jac MORGAN,Jac MORGAN,Back row,Ospreys,182,105,2000.01.21,,,,,A,https://all.rugby/player/jac-morgan,Scarlets (2018 - 2021) -> Ospreys (2021 - 2026),,,https://all.rugby/player/jac-morgan,Scarlets (2018 - 2021) -> Ospreys (2021 - 2026)
Marco DE WITT,Marco DE WITT,Back row,Ospreys,193,101,2002.01.24,,,,,A,https://all.rugby/player/marco-de-witt,Sharks (2023 - 2023) -> Griquas (2023 - 2023) -> Sharks (2024 - 2024) -> Griquas (2024 - 2025) -> Ospreys (2025 - 2026),,,https://all.rugby/player/marco-de-witt,Sharks (2023 - 2023) -> Griquas (2023 - 2023) -> Sharks (2024 - 2024) -> Griquas (2024 - 2025) -> Ospreys (2025 - 2026)
Morgan MORRIS,Morgan MORRIS,Back row,Ospreys,183,110,1998.08.28,,,,,A,https://all.rugby/player/morgan-morris,Ospreys (2017 - 2026),,,https://all.rugby/player/morgan-morris,Ospreys (2017 - 2026)
Ross MORIARTY,Ross MORIARTY,Back row,Ospreys,188,108,1994.04.18,,,,,A,https://all.rugby/player/ross-moriarty,Gloucester Rugby (2013 - 2018) -> Dragons RFC (2018 - 2022) -> CA Brive Corrèze Limousin (2022 - 2022) -> Dragons RFC (2023 - 2023) -> CA Brive Corrèze Limousin (2023 - 2025) -> Ospreys (2025 - 2026),England,England,https://all.rugby/player/ross-moriarty,Gloucester Rugby (2013 - 2018) -> Dragons RFC (2018 - 2022) -> CA Brive Corrèze Limousin (2022 - 2022) -> Dragons RFC (2023 - 2023) -> CA Brive Corrèze Limousin (2023 - 2025) -> Ospreys (2025 - 2026)
Cormac FOLEY,Cormac FOLEY,SH,Ospreys,180,90,1999.10.24,,,,,A,https://all.rugby/player/cormac-foley,Leinster Rugby (2020 - 2025) -> Ospreys (2025 - 2025) -> Leinster Rugby (2026 - 2026) -> Ospreys (2026 - 2026),,,https://all.rugby/player/cormac-foley,Leinster Rugby (2020 - 2025) -> Ospreys (2025 - 2025) -> Leinster Rugby (2026 - 2026) -> Ospreys (2026 - 2026)
Harri WILLIAMS,Harri WILLIAMS,SH,Ospreys,173,78,2003.04.05,,,,,A,https://all.rugby/player/harri-williams,Northampton Saints (2016 - 2019) -> Scarlets (2019 - 2023) -> Ampthill Rugby (2023 - 2024) -> Tuggeranong Vikings (2024 - 2025) -> Ospreys (2025 - 2026),,,https://all.rugby/player/harri-williams,Northampton Saints (2016 - 2019) -> Scarlets (2019 - 2023) -> Ampthill Rugby (2023 - 2024) -> Tuggeranong Vikings (2024 - 2025) -> Ospreys (2025 - 2026)
Kieran HARDY,Kieran HARDY,SH,Ospreys,186,90,1995.11.30,,,,,A,https://all.rugby/player/kieran-hardy,Scarlets (2014 - 2024) -> Ospreys (2024 - 2026),Wales,Wales,https://all.rugby/player/kieran-hardy,Scarlets (2014 - 2024) -> Ospreys (2024 - 2026)
Luke DAVIES,Luke DAVIES,SH,Ospreys,175,80,2002.02.26,,,,,A,https://all.rugby/player/luke-davies,Scarlets (2021 - 2022) -> Jersey Reds (2022 - 2023) -> Ospreys (2023 - 2026),,,https://all.rugby/player/luke-davies,Scarlets (2021 - 2022) -> Jersey Reds (2022 - 2023) -> Ospreys (2023 - 2026)
Reuben MORGAN-WILLIAMS,Reuben MORGAN-WILLIAMS,SH,Ospreys,180,85,1998.02.03,,,,,A,https://all.rugby/player/reuben-morgan-williams,Ospreys (2017 - 2026),,,https://all.rugby/player/reuben-morgan-williams,Ospreys (2017 - 2026)
Scott WHITLOCK,Scott WHITLOCK,SH,Ospreys,175,72,2004..,,,,,A,https://all.rugby/player/scott-whitlock,Aberavon RFC (2023 - 2024) -> Ospreys (2024 - 2026),,,https://all.rugby/player/scott-whitlock,Aberavon RFC (2023 - 2024) -> Ospreys (2024 - 2026)
Dan EDWARDS,Dan EDWARDS,SO,Ospreys,178,83,2003.05.07,,,,,A,https://all.rugby/player/dan-edwards,Ospreys (2021 - 2026),,,https://all.rugby/player/dan-edwards,Ospreys (2021 - 2026)
Jack WALSH,Jack WALSH,SO,Ospreys,184,88,2000.01.11,,,,,A,https://all.rugby/player/jack-walsh,Manly Marlins (2018 - 2019) -> New South Wales Waratahs (2019 - 2019) -> Exeter Chiefs (2019 - 2019) -> New South Wales Waratahs (2020 - 2020) -> Exeter Chiefs (2020 - 2022) -> Ospreys (2022 - 2026),,,https://all.rugby/player/jack-walsh,Manly Marlins (2018 - 2019) -> New South Wales Waratahs (2019 - 2019) -> Exeter Chiefs (2019 - 2019) -> New South Wales Waratahs (2020 - 2020) -> Exeter Chiefs (2020 - 2022) -> Ospreys (2022 - 2026)
Luke SCULLY,Luke SCULLY,SO,Ospreys,180,86,2000.02.28,,,,,A,https://all.rugby/player/luke-scully,Worcester Warriors (2018 - 2020) -> Cardiff Rugby (2020 - 2020) -> Cornish Pirates (2020 - 2020) -> Cardiff Rugby (2021 - 2021) -> Cornish Pirates (2021 - 2021) -> Cardiff Rugby (2021 - 2022) -> Ospreys (2022 - 2026),,,https://all.rugby/player/luke-scully,Worcester Warriors (2018 - 2020) -> Cardiff Rugby (2020 - 2020) -> Cornish Pirates (2020 - 2020) -> Cardiff Rugby (2021 - 2021) -> Cornish Pirates (2021 - 2021) -> Cardiff Rugby (2021 - 2022) -> Ospreys (2022 - 2026)
Evardi BOSHOFF,Evardi BOSHOFF,CTB,Ospreys,183,92,1998.10.06,,,,,A,https://all.rugby/player/evardi-boshoff,Central Cheetahs (2022 - 2023) -> Ospreys (2023 - 2023) -> Central Cheetahs (2024 - 2024) -> Ospreys (2024 - 2026),,,https://all.rugby/player/evardi-boshoff,Central Cheetahs (2022 - 2023) -> Ospreys (2023 - 2023) -> Central Cheetahs (2024 - 2024) -> Ospreys (2024 - 2026)
Keiran WILLIAMS,Keiran WILLIAMS,CTB,Ospreys,178,90,1997.12.04,,,,,A,https://all.rugby/player/keiran-williams,Ospreys (2017 - 2026),,,https://all.rugby/player/keiran-williams,Ospreys (2017 - 2026)
Owen WATKIN,Owen WATKIN,CTB,Ospreys,188,112,1996.10.12,,,,,A,https://all.rugby/player/owen-watkin,Ospreys (2015 - 2026),Wales,Wales,https://all.rugby/player/owen-watkin,Ospreys (2015 - 2026)
Phil COKANASIGA,Phil COKANASIGA,CTB,Ospreys,183,105,2001.07.31,,,,,A,https://all.rugby/player/phil-cokanasiga,London Irish (2016 - 2022) -> Leicester Tigers (2022 - 2022) -> Nottingham Rugby (2022 - 2022) -> Leicester Tigers (2023 - 2023) -> Nottingham Rugby (2023 - 2023) -> Leicester Tigers (2023 - 2024) -> Ospreys (2024 - 2026),,,https://all.rugby/player/phil-cokanasiga,London Irish (2016 - 2022) -> Leicester Tigers (2022 - 2022) -> Nottingham Rugby (2022 - 2022) -> Leicester Tigers (2023 - 2023) -> Nottingham Rugby (2023 - 2023) -> Leicester Tigers (2023 - 2024) -> Ospreys (2024 - 2026)
Tom FLORENCE,Tom FLORENCE,CTB,Ospreys,188,96,2003.03.19,,,,,A,https://all.rugby/player/tom-florence-,Ospreys (2020 - 2026),,,https://all.rugby/player/tom-florence-,Ospreys (2020 - 2026)
Keelan GILES,Keelan GILES,Winger,Ospreys,173,80,1998.01.29,,,,,A,https://all.rugby/player/keelan-giles,Ospreys (2016 - 2026),Wales,Wales,https://all.rugby/player/keelan-giles,Ospreys (2016 - 2026)
Luke MORGAN,Luke MORGAN,Winger,Ospreys,175,81,1992.05.16,,,,,A,https://all.rugby/player/luke-morgan,Ospreys (2018 - 2026),Wales,Wales,https://all.rugby/player/luke-morgan,Ospreys (2018 - 2026)
Ryan CONBEER,Ryan CONBEER,Winger,Ospreys,177,91,1999.02.05,,,,,A,https://all.rugby/player/ryan-conbeer,Scarlets (2017 - 2024) -> Ospreys (2024 - 2026),,,https://all.rugby/player/ryan-conbeer,Scarlets (2017 - 2024) -> Ospreys (2024 - 2026)
Daniel KASENDE,Daniel KASENDE,FB,Ospreys,187,92,1995.05.09,,,,,A,https://all.rugby/player/daniel-kasende,Griquas (2019 - 2021) -> Free State Cheetahs (2021 - 2022) -> Central Cheetahs (2022 - 2023) -> Ospreys (2023 - 2023) -> Central Cheetahs (2023 - 2023) -> Ospreys (2024 - 2024) -> Central Cheetahs (2024 - 2024) -> Ospreys (2024 - 2026),,,https://all.rugby/player/daniel-kasende,Griquas (2019 - 2021) -> Free State Cheetahs (2021 - 2022) -> Central Cheetahs (2022 - 2023) -> Ospreys (2023 - 2023) -> Central Cheetahs (2023 - 2023) -> Ospreys (2024 - 2024) -> Central Cheetahs (2024 - 2024) -> Ospreys (2024 - 2026)
Iestyn HOPKINS,Iestyn HOPKINS,FB,Ospreys,175,88,2002.04.04,,,,,A,https://all.rugby/player/iestyn-hopkins,Ospreys (2021 - 2026),,,https://all.rugby/player/iestyn-hopkins,Ospreys (2021 - 2026)
Max NAGY,Max NAGY,FB,Ospreys,193,97,1999.06.13,,,,,A,https://all.rugby/player/max-nagy,Swansea RFC (2019 - 2020) -> Ospreys (2020 - 2020) -> Swansea RFC (2020 - 2020) -> Ospreys (2021 - 2021) -> Swansea RFC (2021 - 2021) -> Ospreys (2021 - 2026),,,https://all.rugby/player/max-nagy,Swansea RFC (2019 - 2020) -> Ospreys (2020 - 2020) -> Swansea RFC (2020 - 2020) -> Ospreys (2021 - 2021) -> Swansea RFC (2021 - 2021) -> Ospreys (2021 - 2026)
Dylan JAMES,Dylan JAMES,PR,Ospreys,183,114,2006..,,,,,A,https://all.rugby/player/dylan-james-,Ospreys (2025 - 2026),,,https://all.rugby/player/dylan-james-,Ospreys (2025 - 2026)
Evan HILL,Evan HILL,LO,Ospreys,199,108,2004..,,,,,A,https://all.rugby/player/evan-hill,Ospreys (2022 - 2026),,,https://all.rugby/player/evan-hill,Ospreys (2022 - 2026)
Kian HIRE,Kian HIRE,LO,Ospreys,188,122,2004..,,,,,A,https://all.rugby/player/kian-hire,Swansea RFC (2022 - 2023) -> Ospreys (2023 - 2026),,,https://all.rugby/player/kian-hire,Swansea RFC (2022 - 2023) -> Ospreys (2023 - 2026)
Liam EDWARDS,Liam EDWARDS,LO,Ospreys,200,127,2003.11.03,,,,,A,https://all.rugby/player/liam-edwards,Ospreys (2022 - 2026),,,https://all.rugby/player/liam-edwards,Ospreys (2022 - 2026)
Gwilym EVANS,Gwilym EVANS,Back row,Ospreys,183,94,2003.05.25,,,,,A,https://all.rugby/player/gwilym-evans,Cardiff Rugby (2022 - 2023) -> Cardiff University RFC (2023 - 2024) -> Aberavon RFC (2024 - 2025) -> Ospreys (2025 - 2026),,,https://all.rugby/player/gwilym-evans,Cardiff Rugby (2022 - 2023) -> Cardiff University RFC (2023 - 2024) -> Aberavon RFC (2024 - 2025) -> Ospreys (2025 - 2026)
Morgan MORSE,Morgan MORSE,Back row,Ospreys,185,106,2005..,,,,,A,https://all.rugby/player/morgan-morse,Ospreys (2021 - 2026),,,https://all.rugby/player/morgan-morse,Ospreys (2021 - 2026)
Caelan CARSON-JONES,Caelan CARSON-JONES,SH,Ospreys,,,,,,,,A,https://all.rugby/player/caelan-carson-jones,Ospreys (2024 - 2026),,,https://all.rugby/player/caelan-carson-jones,Ospreys (2024 - 2026)
Keillen CULLEN,Keillen CULLEN,SO,Ospreys,,,2003.12.25,,,,,A,https://all.rugby/player/keillen-cullen,Gloucester Rugby (2022 - 2023) -> Hartpury University (2023 - 2024) -> Hartpury RFC (2024 - 2024) -> Hartpury University (2024 - 2024) -> Hartpury RFC (2025 - 2025) -> Hartpury University (2025 - 2025) -> Ospreys (2025 - 2026),,,https://all.rugby/player/keillen-cullen,Gloucester Rugby (2022 - 2023) -> Hartpury University (2023 - 2024) -> Hartpury RFC (2024 - 2024) -> Hartpury University (2024 - 2024) -> Hartpury RFC (2025 - 2025) -> Hartpury University (2025 - 2025) -> Ospreys (2025 - 2026)
Jack HOSKINS,Jack HOSKINS,CTB,Ospreys,185,100,2007..,,,,,A,https://all.rugby/player/jack-hoskins,Ospreys (2025 - 2026),,,https://all.rugby/player/jack-hoskins,Ospreys (2025 - 2026)
Lewis EDWARDS,Lewis EDWARDS,CTB,Ospreys,195,100,2006..,,,,,A,https://all.rugby/player/lewis-edwards,Ospreys (2024 - 2026),,,https://all.rugby/player/lewis-edwards,Ospreys (2024 - 2026)
Connor MOYSE,Connor MOYSE,Winger,Ospreys,188,94,2003.03.19,,,,,A,https://all.rugby/player/connor-moyse,Ospreys (2025 - 2026),,,https://all.rugby/player/connor-moyse,Ospreys (2025 - 2026)
Harri HOUSTON,Harri HOUSTON,Winger,Ospreys,178,82,2003.11.27,,,,,A,https://all.rugby/player/harri-houston,Ospreys (2021 - 2026),,,https://all.rugby/player/harri-houston,Ospreys (2021 - 2026)
Ieuan CORNELIUS,Ieuan CORNELIUS,Winger,Ospreys,188,97,2005..,,,,,A,https://all.rugby/player/ieuan-cornelius,,Wales,Wales,https://all.rugby/player/ieuan-cornelius,
Ben EVANS,Ben EVANS,FB,Ospreys,,,2007..,,,,,A,https://all.rugby/player/ben-evans-,Ospreys (2025 - 2026),,,https://all.rugby/player/ben-evans-,Ospreys (2025 - 2026)
Cammy DAWSON,Cammy DAWSON,PR,Sharks,181,116,1999.01.06,,,,,A,https://all.rugby/player/cameron-dawson,Free State Cheetahs (2018 - 2019) -> Southern Kings (2019 - 2020) -> Central Cheetahs (2023 - 2024) -> Free State Cheetahs (2024 - 2025) -> Central Cheetahs (2025 - 2025) -> Sharks (2025 - 2025) -> Central Cheetahs (2026 - 2026) -> Sharks (2026 - 2026),,,https://all.rugby/player/cameron-dawson,Free State Cheetahs (2018 - 2019) -> Southern Kings (2019 - 2020) -> Central Cheetahs (2023 - 2024) -> Free State Cheetahs (2024 - 2025) -> Central Cheetahs (2025 - 2025) -> Sharks (2025 - 2025) -> Central Cheetahs (2026 - 2026) -> Sharks (2026 - 2026)
Cebo DLAMINI,Cebo DLAMINI,PR,Sharks,176,118,2001.11.29,,,,,A,https://all.rugby/player/cebolenkosi-dlamini,Griquas (2022 - 2025) -> Dragons RFC (2025 - 2025) -> Sharks (2025 - 2025) -> Dragons RFC (2026 - 2026) -> Sharks (2026 - 2026),,,https://all.rugby/player/cebolenkosi-dlamini,Griquas (2022 - 2025) -> Dragons RFC (2025 - 2025) -> Sharks (2025 - 2025) -> Dragons RFC (2026 - 2026) -> Sharks (2026 - 2026)
Dian HEUNIS,Dian HEUNIS,PR,Sharks,185,126,2003.05.20,,,,,A,https://all.rugby/player/dian-heunis,Natal Sharks (2022 - 2024) -> Sharks (2024 - 2026),,,https://all.rugby/player/dian-heunis,Natal Sharks (2022 - 2024) -> Sharks (2024 - 2026)
Eduan SWART,Eduan SWART,PR,Sharks,186,115,2000.10.20,,,,,A,https://all.rugby/player/eduan-swart,Pumas (2020 - 2023) -> Scarlets (2023 - 2024) -> Pumas (2024 - 2025) -> Sharks (2025 - 2026),,,https://all.rugby/player/eduan-swart,Pumas (2020 - 2023) -> Scarlets (2023 - 2024) -> Pumas (2024 - 2025) -> Sharks (2025 - 2026)
Hanro JACOBS,Hanro JACOBS,PR,Sharks,185,129,2000.03.14,,,,,A,https://all.rugby/player/hanru-jacobs,Natal Sharks (2020 - 2022) -> Sharks (2022 - 2026),,,https://all.rugby/player/hanru-jacobs,Natal Sharks (2020 - 2022) -> Sharks (2022 - 2026)
Lee-Marvin MAZIBUKO,Lee-Marvin MAZIBUKO,PR,Sharks,182,113,1997.10.12,,,,,A,https://all.rugby/player/lee-marvin-mazibuko,Stormers (2018 - 2019) -> Rugby Viadana 1970 (2019 - 2020) -> Western Province (2020 - 2021) -> Stormers (2021 - 2024) -> Racing 92 (2024 - 2024) -> Natal Sharks (2024 - 2024) -> Racing 92 (2025 - 2025) -> Natal Sharks (2025 - 2025) -> Sharks (2025 - 2026),,,https://all.rugby/player/lee-marvin-mazibuko,Stormers (2018 - 2019) -> Rugby Viadana 1970 (2019 - 2020) -> Western Province (2020 - 2021) -> Stormers (2021 - 2024) -> Racing 92 (2024 - 2024) -> Natal Sharks (2024 - 2024) -> Racing 92 (2025 - 2025) -> Natal Sharks (2025 - 2025) -> Sharks (2025 - 2026)
Mawande MDANDA,Mawande MDANDA,PR,Sharks,189,132,2003.03.09,,,,,A,https://all.rugby/player/mawande-mdanda,Blue Bulls (2022 - 2023) -> Natal Sharks (2023 - 2024) -> Sharks (2024 - 2026),,,https://all.rugby/player/mawande-mdanda,Blue Bulls (2022 - 2023) -> Natal Sharks (2023 - 2024) -> Sharks (2024 - 2026)
Ox NCHÉ,Ox NCHÉ,PR,Sharks,176,123,1995.07.23,,,,,A,https://all.rugby/player/ox-nche,Central Cheetahs (2015 - 2019) -> Sharks (2019 - 2019) -> Central Cheetahs (2020 - 2020) -> Sharks (2020 - 2026),South Africa,South Africa,https://all.rugby/player/ox-nche,Central Cheetahs (2015 - 2019) -> Sharks (2019 - 2019) -> Central Cheetahs (2020 - 2020) -> Sharks (2020 - 2026)
Phatu GANYANE,Phatu GANYANE,PR,Sharks,185,123,2003.01.17,,,,,A,https://all.rugby/player/phatu-ganyane,Natal Sharks (2022 - 2024) -> Sharks (2024 - 2026),,,https://all.rugby/player/phatu-ganyane,Natal Sharks (2022 - 2024) -> Sharks (2024 - 2026)
Ruan DREYER,Ruan DREYER,PR,Sharks,186,115,1990.09.16,,,,,A,https://all.rugby/player/ruan-dreyer,Lions Rugby (2013 - 2018) -> Gloucester Rugby (2018 - 2020) -> Lions Rugby (2020 - 2024) -> Sharks (2024 - 2026),South Africa,South Africa,https://all.rugby/player/ruan-dreyer,Lions Rugby (2013 - 2018) -> Gloucester Rugby (2018 - 2020) -> Lions Rugby (2020 - 2024) -> Sharks (2024 - 2026)
Simphiwe MATANZIMA,Simphiwe MATANZIMA,PR,Sharks,183,121,1997.08.18,,,,,A,https://all.rugby/player/simphiwe-matanzima,Bulls (2017 - 2020) -> Blue Bulls (2020 - 2021) -> Bulls (2021 - 2025) -> Sharks (2025 - 2026),,,https://all.rugby/player/simphiwe-matanzima,Bulls (2017 - 2020) -> Blue Bulls (2020 - 2021) -> Bulls (2021 - 2025) -> Sharks (2025 - 2026)
Simphiwe NGOBESE,Simphiwe NGOBESE,PR,Sharks,183,119,2005..,,,,,A,https://all.rugby/player/simphiwe-ngobese,Natal Sharks (2024 - 2025) -> Sharks (2025 - 2026),,,https://all.rugby/player/simphiwe-ngobese,Natal Sharks (2024 - 2025) -> Sharks (2025 - 2026)
Trevor NYAKANE,Trevor NYAKANE,PR,Sharks,178,122,1989.05.04,,,,,A,https://all.rugby/player/trevor-nyakane,Central Cheetahs (2013 - 2014) -> Bulls (2014 - 2021) -> Racing 92 (2021 - 2024) -> Sharks (2024 - 2026),South Africa,South Africa,https://all.rugby/player/trevor-nyakane,Central Cheetahs (2013 - 2014) -> Bulls (2014 - 2021) -> Racing 92 (2021 - 2024) -> Sharks (2024 - 2026)
Vincent KOCH,Vincent KOCH,PR,Sharks,185,118,1990.03.13,,,,,A,https://all.rugby/player/vincent-koch,Stormers (2014 - 2016) -> Saracens (2016 - 2022) -> Stade Français Paris Rugby (2022 - 2022) -> Wasps (2022 - 2022) -> Stade Français Paris Rugby (2022 - 2023) -> Wasps (2023 - 2023) -> Stade Français Paris Rugby (2023 - 2023) -> Sharks (2023 - 2026),South Africa,South Africa,https://all.rugby/player/vincent-koch,Stormers (2014 - 2016) -> Saracens (2016 - 2022) -> Stade Français Paris Rugby (2022 - 2022) -> Wasps (2022 - 2022) -> Stade Français Paris Rugby (2022 - 2023) -> Wasps (2023 - 2023) -> Stade Français Paris Rugby (2023 - 2023) -> Sharks (2023 - 2026)
Bongi MBONAMBI,Bongi MBONAMBI,HO,Sharks,175,118,1991.01.07,,,,,A,https://all.rugby/player/bongi-mbonambi,Bulls (2013 - 2014) -> Stormers (2014 - 2021) -> Sharks (2021 - 2026),South Africa,South Africa,https://all.rugby/player/bongi-mbonambi,Bulls (2013 - 2014) -> Stormers (2014 - 2021) -> Sharks (2021 - 2026)
Bryce CALVERT,Bryce CALVERT,HO,Sharks,180,107,2003.05.09,,,,,A,https://all.rugby/player/bryce-calvert,Natal Sharks (2022 - 2024) -> Sharks (2024 - 2026),,,https://all.rugby/player/bryce-calvert,Natal Sharks (2022 - 2024) -> Sharks (2024 - 2026)
Ethan BESTER,Ethan BESTER,HO,Sharks,187,112,2004..,,,,,A,https://all.rugby/player/ethan-bester,Natal Sharks (2023 - 2024) -> Sharks (2024 - 2026),,,https://all.rugby/player/ethan-bester,Natal Sharks (2023 - 2024) -> Sharks (2024 - 2026)
Fez MBATHA,Fez MBATHA,HO,Sharks,182,112,1999.08.02,,,,,A,https://all.rugby/player/fezokuhle-mbatha,Sharks (2018 - 2026),,,https://all.rugby/player/fezokuhle-mbatha,Sharks (2018 - 2026)
Willem VAN DEN HEVER,Willem VAN DEN HEVER,HO,Sharks,,,1999.01.25,,,,,A,https://all.rugby/player/willem-van-den-hever,Northern Free State Griffons (2023 - 2024) -> Natal Sharks (2024 - 2025) -> Sharks (2025 - 2026),,,https://all.rugby/player/willem-van-den-hever,Northern Free State Griffons (2023 - 2024) -> Natal Sharks (2024 - 2025) -> Sharks (2025 - 2026)
Coetzee LE ROUX,Coetzee LE ROUX,LO,Sharks,193,112,2003.01.22,,,,,A,https://all.rugby/player/coetzee-le-roux,Natal Sharks (2022 - 2024) -> Sharks (2024 - 2026),,,https://all.rugby/player/coetzee-le-roux,Natal Sharks (2022 - 2024) -> Sharks (2024 - 2026)
Corné RAHL,Corné RAHL,LO,Sharks,202,122,2002.05.27,,,,,A,https://all.rugby/player/corne-rahl,Natal Sharks (2021 - 2022) -> Sharks (2022 - 2026),,,https://all.rugby/player/corne-rahl,Natal Sharks (2021 - 2022) -> Sharks (2022 - 2026)
Deon SLABBERT,Deon SLABBERT,LO,Sharks,200,117,2000.05.04,,,,,A,https://all.rugby/player/deon-slabbert,Eagles SWD (2020 - 2021) -> Pumas (2021 - 2023) -> Bulls (2023 - 2024) -> Sharks (2024 - 2024) -> Bulls (2025 - 2025) -> Sharks (2025 - 2026),,,https://all.rugby/player/deon-slabbert,Eagles SWD (2020 - 2021) -> Pumas (2021 - 2023) -> Bulls (2023 - 2024) -> Sharks (2024 - 2024) -> Bulls (2025 - 2025) -> Sharks (2025 - 2026)
Eben ETZEBETH,Eben ETZEBETH,LO,Sharks,202,126,1991.10.29,,,,,A,https://all.rugby/player/eben-etzebeth,Stormers (2014 - 2019) -> Rugby Club Toulonnais (2019 - 2022) -> Sharks (2022 - 2026),South Africa,South Africa,https://all.rugby/player/eben-etzebeth,Stormers (2014 - 2019) -> Rugby Club Toulonnais (2019 - 2022) -> Sharks (2022 - 2026)
Emile VAN HEERDEN,Emile VAN HEERDEN,LO,Sharks,200,110,2000.08.08,,,,,A,https://all.rugby/player/emile-van-heerden,Sharks (2019 - 2021) -> Natal Sharks (2021 - 2022) -> Lions Rugby (2022 - 2022) -> Sharks (2022 - 2022) -> Lions Rugby (2023 - 2023) -> Sharks (2023 - 2026),,,https://all.rugby/player/emile-van-heerden,Sharks (2019 - 2021) -> Natal Sharks (2021 - 2022) -> Lions Rugby (2022 - 2022) -> Sharks (2022 - 2022) -> Lions Rugby (2023 - 2023) -> Sharks (2023 - 2026)
Jason JENKINS,Jason JENKINS,LO,Sharks,202,127,1995.12.02,,,,,A,https://all.rugby/player/jason-jenkins,Bulls (2015 - 2019) -> Toyota Verblitz (2019 - 2019) -> Bulls (2019 - 2019) -> Toyota Verblitz (2020 - 2020) -> Bulls (2020 - 2020) -> Toyota Verblitz (2020 - 2021) -> Munster Rugby (2021 - 2022) -> Leinster Rugby (2022 - 2024) -> Sharks (2024 - 2026),South Africa,South Africa,https://all.rugby/player/jason-jenkins,Bulls (2015 - 2019) -> Toyota Verblitz (2019 - 2019) -> Bulls (2019 - 2019) -> Toyota Verblitz (2020 - 2020) -> Bulls (2020 - 2020) -> Toyota Verblitz (2020 - 2021) -> Munster Rugby (2021 - 2022) -> Leinster Rugby (2022 - 2024) -> Sharks (2024 - 2026)
JJ SCHEEPERS,JJ SCHEEPERS,LO,Sharks,198,115,,,,,,A,https://all.rugby/player/jj-scheepers,Centurioni Rugby (2022 - 2023) -> OK Financial Group Okman (2023 - 2024) -> Pumas (2024 - 2025) -> Sharks (2025 - 2026),,,https://all.rugby/player/jj-scheepers,Centurioni Rugby (2022 - 2023) -> OK Financial Group Okman (2023 - 2024) -> Pumas (2024 - 2025) -> Sharks (2025 - 2026)
Marvin ORIE,Marvin ORIE,LO,Sharks,198,118,1993.02.15,,,,,A,https://all.rugby/player/marvin-orie,Bulls (2013 - 2016) -> Lions Rugby (2016 - 2019) -> Ospreys (2019 - 2019) -> Lions Rugby (2019 - 2019) -> Ospreys (2020 - 2020) -> Lions Rugby (2020 - 2020) -> Stormers (2020 - 2023) -> Union Sportive Arlequins Perpignanais (2023 - 2024) -> Blue Bulls (2024 - 2024) -> Union Sportive Arlequins Perpignanais (2025 - 2025) -> Blue Bulls (2025 - 2025) -> Sharks (2025 - 2026),South Africa,South Africa,https://all.rugby/player/marvin-orie,Bulls (2013 - 2016) -> Lions Rugby (2016 - 2019) -> Ospreys (2019 - 2019) -> Lions Rugby (2019 - 2019) -> Ospreys (2020 - 2020) -> Lions Rugby (2020 - 2020) -> Stormers (2020 - 2023) -> Union Sportive Arlequins Perpignanais (2023 - 2024) -> Blue Bulls (2024 - 2024) -> Union Sportive Arlequins Perpignanais (2025 - 2025) -> Blue Bulls (2025 - 2025) -> Sharks (2025 - 2026)
Thomas DYER,Thomas DYER,LO,Sharks,196,115,2004..,,,,,A,https://all.rugby/player/thomas-dyer,Sharks (2023 - 2026),,,https://all.rugby/player/thomas-dyer,Sharks (2023 - 2026)
Jannes POTGIETER,Jannes POTGIETER,Back row,Sharks,193,112,2003.05.05,,,,,A,https://all.rugby/player/jannes-potgieter,Natal Sharks (2022 - 2024) -> Sharks (2024 - 2026),,,https://all.rugby/player/jannes-potgieter,Natal Sharks (2022 - 2024) -> Sharks (2024 - 2026)
Manu TSHITUKA,Manu TSHITUKA,Back row,Sharks,193,110,2000.06.16,,,,,A,https://all.rugby/player/emmanuel-tshituka,Lions Rugby (2020 - 2024) -> Sharks (2024 - 2026),,,https://all.rugby/player/emmanuel-tshituka,Lions Rugby (2020 - 2024) -> Sharks (2024 - 2026)
Matt ROMAO,Matt ROMAO,Back row,Sharks,190,107,2005..,,,,,A,https://all.rugby/player/matt-romao,Natal Sharks (2024 - 2025) -> Sharks (2025 - 2026),,,https://all.rugby/player/matt-romao,Natal Sharks (2024 - 2025) -> Sharks (2025 - 2026)
Mèno BARNARD,Mèno BARNARD,Back row,Sharks,193,104,2003.11.14,,,,,A,https://all.rugby/player/meno-barnard,Natal Sharks (2023 - 2024) -> Sharks (2024 - 2026),,,https://all.rugby/player/meno-barnard,Natal Sharks (2023 - 2024) -> Sharks (2024 - 2026)
Nick HATTON,Nick HATTON,Back row,Sharks,191,103,2003.01.17,,,,,A,https://all.rugby/player/nick-hatton,Natal Sharks (2021 - 2023) -> Sharks (2023 - 2026),,,https://all.rugby/player/nick-hatton,Natal Sharks (2021 - 2023) -> Sharks (2023 - 2026)
Phepsi BUTHELEZI,Phepsi BUTHELEZI,Back row,Sharks,188,108,1999.05.30,,,,,A,https://all.rugby/player/phendulani-buthelezi,Sharks (2018 - 2026),,,https://all.rugby/player/phendulani-buthelezi,Sharks (2018 - 2026)
Siya KOLISI,Siya KOLISI,Back row,Sharks,189,104,1991.06.16,,,,,A,https://all.rugby/player/siya-kolisi,Stormers (2013 - 2020) -> Sharks (2020 - 2023) -> Racing 92 (2023 - 2024) -> Sharks (2024 - 2024) -> Racing 92 (2025 - 2025) -> Sharks (2025 - 2026),South Africa,South Africa,https://all.rugby/player/siya-kolisi,Stormers (2013 - 2020) -> Sharks (2020 - 2023) -> Racing 92 (2023 - 2024) -> Sharks (2024 - 2024) -> Racing 92 (2025 - 2025) -> Sharks (2025 - 2026)
Tino MAVESERE,Tino MAVESERE,Back row,Sharks,189,105,1998.10.17,,,,,A,https://all.rugby/player/tinotenda-blithe-mavesere,University of Western Cap (2020 - 2021) -> Sharks (2022 - 2026),,,https://all.rugby/player/tinotenda-blithe-mavesere,University of Western Cap (2020 - 2021) -> Sharks (2022 - 2026)
Vincent TSHITUKA,Vincent TSHITUKA,Back row,Sharks,194,110,1998.09.10,,,,,A,https://all.rugby/player/vincent-tshituka,Lions Rugby (2018 - 2022) -> Sharks (2022 - 2026),,,https://all.rugby/player/vincent-tshituka,Lions Rugby (2018 - 2022) -> Sharks (2022 - 2026)
Bradley DAVIDS,Bradley DAVIDS,SH,Sharks,176,79,2002.07.30,,,,,A,https://all.rugby/player/bradley-davids,Natal Sharks (2021 - 2022) -> Sharks (2022 - 2026),,,https://all.rugby/player/bradley-davids,Natal Sharks (2021 - 2022) -> Sharks (2022 - 2026)
Ceano EVERSON,Ceano EVERSON,SH,Sharks,169,63,2005..,,,,,A,https://all.rugby/player/ceano-everson,Natal Sharks (2024 - 2025) -> Sharks (2025 - 2026),,,https://all.rugby/player/ceano-everson,Natal Sharks (2024 - 2025) -> Sharks (2025 - 2026)
Grant WILLIAMS,Grant WILLIAMS,SH,Sharks,174,80,1996.07.22,,,,,A,https://all.rugby/player/grant-williams,Sharks (2017 - 2026),,,https://all.rugby/player/grant-williams,Sharks (2017 - 2026)
Jaden HENDRIKSE,Jaden HENDRIKSE,SH,Sharks,184,92,2000.03.23,,,,,A,https://all.rugby/player/jaden-hendrikse,Sharks (2019 - 2026),,,https://all.rugby/player/jaden-hendrikse,Sharks (2019 - 2026)
Ross BRAUDE,Ross BRAUDE,SH,Sharks,168,83,2000.01.18,,,,,A,https://all.rugby/player/ross-braude,Blue Bulls (2019 - 2020) -> Toronto Arrows (2020 - 2023) -> Pumas (2023 - 2025) -> Sharks (2025 - 2026),South Africa,South Africa,https://all.rugby/player/ross-braude,Blue Bulls (2019 - 2020) -> Toronto Arrows (2020 - 2023) -> Pumas (2023 - 2025) -> Sharks (2025 - 2026)
Tiaan FOURIE,Tiaan FOURIE,SH,Sharks,173,78,2002.04.22,,,,,A,https://all.rugby/player/tiaan-fourie,Blue Bulls (2020 - 2022) -> Natal Sharks (2022 - 2023) -> Sharks (2023 - 2026),,,https://all.rugby/player/tiaan-fourie,Blue Bulls (2020 - 2022) -> Natal Sharks (2022 - 2023) -> Sharks (2023 - 2026)
George WHITEHEAD,George WHITEHEAD,SO,Sharks,184,88,1989.03.17,,,,,A,https://all.rugby/player/george-whitehead,Central Cheetahs (2015 - 2016) -> Stormers (2017 - 2018) -> Griquas (2018 - 2019) -> Central Cheetahs (2019 - 2020) -> Griquas (2020 - 2025) -> Sharks (2025 - 2026),,,https://all.rugby/player/george-whitehead,Central Cheetahs (2015 - 2016) -> Stormers (2017 - 2018) -> Griquas (2018 - 2019) -> Central Cheetahs (2019 - 2020) -> Griquas (2020 - 2025) -> Sharks (2025 - 2026)
Jean SMITH,Jean SMITH,SO,Sharks,181,92,2003.04.01,,,,,A,https://all.rugby/player/jean-smith,Natal Sharks (2022 - 2024) -> Sharks (2024 - 2026),,,https://all.rugby/player/jean-smith,Natal Sharks (2022 - 2024) -> Sharks (2024 - 2026)
Jordan HENDRIKSE,Jordan HENDRIKSE,SO,Sharks,188,93,2001.06.28,,,,,A,https://all.rugby/player/jordan-hendrikse,Maties Rugby Club (2019 - 2020) -> Lions Rugby (2020 - 2024) -> Sharks (2024 - 2026),,,https://all.rugby/player/jordan-hendrikse,Maties Rugby Club (2019 - 2020) -> Lions Rugby (2020 - 2024) -> Sharks (2024 - 2026)
Siya MASUKU,Siya MASUKU,SO,Sharks,189,95,1996.08.01,,,,,A,https://all.rugby/player/siya-masuku,Southern Kings (2019 - 2020) -> Free State Cheetahs (2020 - 2022) -> Central Cheetahs (2022 - 2023) -> Sharks (2023 - 2026),,,https://all.rugby/player/siya-masuku,Southern Kings (2019 - 2020) -> Free State Cheetahs (2020 - 2022) -> Central Cheetahs (2022 - 2023) -> Sharks (2023 - 2026)
Vusi Simphiwe MOYO,Vusi Simphiwe MOYO,SO,Sharks,182,90,2006..,,,,,A,https://all.rugby/player/simphiwe-moyo,Natal Sharks (2024 - 2025) -> Sharks (2025 - 2026),,,https://all.rugby/player/simphiwe-moyo,Natal Sharks (2024 - 2025) -> Sharks (2025 - 2026)
Albie BESTER,Albie BESTER,CTB,Sharks,180,93,2005..,,,,,A,https://all.rugby/player/albie-bester,Natal Sharks (2024 - 2025) -> Sharks (2025 - 2026),,,https://all.rugby/player/albie-bester,Natal Sharks (2024 - 2025) -> Sharks (2025 - 2026)
André ESTERHUIZEN,André ESTERHUIZEN,CTB,Sharks,193,115,1994.03.30,,,,,A,https://all.rugby/player/andre-esterhuizen,Sharks (2013 - 2019) -> Harlequins (2019 - 2019) -> Sharks (2020 - 2020) -> Harlequins (2020 - 2024) -> Sharks (2024 - 2026),South Africa,South Africa,https://all.rugby/player/andre-esterhuizen,Sharks (2013 - 2019) -> Harlequins (2019 - 2019) -> Sharks (2020 - 2020) -> Harlequins (2020 - 2024) -> Sharks (2024 - 2026)
Diego APPOLLIS,Diego APPOLLIS,CTB,Sharks,178,94,2000.08.27,,,,,A,https://all.rugby/player/diego-appollis,Bulls (2019 - 2020) -> Pumas (2021 - 2023) -> Sharks (2023 - 2026),,,https://all.rugby/player/diego-appollis,Bulls (2019 - 2020) -> Pumas (2021 - 2023) -> Sharks (2023 - 2026)
Francois VENTER,Francois VENTER,CTB,Sharks,185,95,1991.04.19,,,,,A,https://all.rugby/player/francois-venter,Central Cheetahs (2013 - 2018) -> Worcester Warriors (2018 - 2022) -> Sharks (2022 - 2022) -> Worcester Warriors (2023 - 2023) -> Sharks (2023 - 2026),South Africa,South Africa,https://all.rugby/player/francois-venter,Central Cheetahs (2013 - 2018) -> Worcester Warriors (2018 - 2022) -> Sharks (2022 - 2022) -> Worcester Warriors (2023 - 2023) -> Sharks (2023 - 2026)
Jurenzo JULIUS,Jurenzo JULIUS,CTB,Sharks,178,96,2004..,,,,,A,https://all.rugby/player/jurenzo-julius,Natal Sharks (2022 - 2024) -> Sharks (2024 - 2026),,,https://all.rugby/player/jurenzo-julius,Natal Sharks (2022 - 2024) -> Sharks (2024 - 2026)
Le Roux MALAN,Le Roux MALAN,CTB,Sharks,191,100,1999.03.31,,,,,A,https://all.rugby/player/le-roux-malan,Natal Sharks (2018 - 2019) -> New England Free Jacks (2021 - 2023) -> Hawke's Bay Magpies (2023 - 2023) -> New England Free Jacks (2024 - 2024) -> Hawke's Bay Magpies (2024 - 2024) -> New England Free Jacks (2024 - 2024) -> Hawke's Bay Magpies (2024 - 2024) -> New England Free Jacks (2025 - 2025) -> Hawke's Bay Magpies (2025 - 2025) -> Sharks (2025 - 2026),,,https://all.rugby/player/le-roux-malan,Natal Sharks (2018 - 2019) -> New England Free Jacks (2021 - 2023) -> Hawke's Bay Magpies (2023 - 2023) -> New England Free Jacks (2024 - 2024) -> Hawke's Bay Magpies (2024 - 2024) -> New England Free Jacks (2024 - 2024) -> Hawke's Bay Magpies (2024 - 2024) -> New England Free Jacks (2025 - 2025) -> Hawke's Bay Magpies (2025 - 2025) -> Sharks (2025 - 2026)
Litelihle BESTER,Litelihle BESTER,CTB,Sharks,187,92,2004..,,,,,A,https://all.rugby/player/litelihle-bester,Natal Sharks (2022 - 2024) -> Sharks (2024 - 2026),,,https://all.rugby/player/litelihle-bester,Natal Sharks (2022 - 2024) -> Sharks (2024 - 2026)
Chijindu OKONTA,Chijindu OKONTA,Winger,Sharks,188,80,2005..,,,,,A,https://all.rugby/player/chijindu-okonta,Natal Sharks (2024 - 2025) -> Sharks (2025 - 2026),,,https://all.rugby/player/chijindu-okonta,Natal Sharks (2024 - 2025) -> Sharks (2025 - 2026)
Christie GROBBELAAR,Christie GROBBELAAR,Winger,Sharks,192,95,2000.05.25,,,,,A,https://all.rugby/player/christie-grobbelaar,AF. SUD 7's (2020 - 2024) -> Natal Sharks (2024 - 2025) -> Sharks (2025 - 2026),,,https://all.rugby/player/christie-grobbelaar,AF. SUD 7's (2020 - 2024) -> Natal Sharks (2024 - 2025) -> Sharks (2025 - 2026)
Edwill VAN DER MERWE,Edwill VAN DER MERWE,Winger,Sharks,181,90,1996.04.12,,,,,A,https://all.rugby/player/edwill-van-der-merwe,Stormers (2018 - 2021) -> Lions Rugby (2021 - 2021) -> Stormers (2022 - 2022) -> Lions Rugby (2022 - 2025) -> Sharks (2025 - 2026),,,https://all.rugby/player/edwill-van-der-merwe,Stormers (2018 - 2021) -> Lions Rugby (2021 - 2021) -> Stormers (2022 - 2022) -> Lions Rugby (2022 - 2025) -> Sharks (2025 - 2026)
Ethan HOOKER,Ethan HOOKER,Winger,Sharks,193,100,2003.01.20,,,,,A,https://all.rugby/player/ethan-hooker,Sharks (2022 - 2026),,,https://all.rugby/player/ethan-hooker,Sharks (2022 - 2026)
Makazole MAPIMPI,Makazole MAPIMPI,Winger,Sharks,184,92,1990.07.26,,,,,A,https://all.rugby/player/makazole-mapimpi,Southern Kings (2016 - 2017) -> Central Cheetahs (2017 - 2017) -> Sharks (2017 - 2017) -> Central Cheetahs (2018 - 2018) -> Sharks (2018 - 2020) -> Red Hurricanes Osaka (2020 - 2020) -> Sharks (2020 - 2020) -> Red Hurricanes Osaka (2021 - 2021) -> Sharks (2021 - 2026),South Africa,South Africa,https://all.rugby/player/makazole-mapimpi,Southern Kings (2016 - 2017) -> Central Cheetahs (2017 - 2017) -> Sharks (2017 - 2017) -> Central Cheetahs (2018 - 2018) -> Sharks (2018 - 2020) -> Red Hurricanes Osaka (2020 - 2020) -> Sharks (2020 - 2020) -> Red Hurricanes Osaka (2021 - 2021) -> Sharks (2021 - 2026)
Marnus POTGIETER,Marnus POTGIETER,Winger,Sharks,188,106,1999.06.20,,,,,A,https://all.rugby/player/marnus-potgieter,Blue Bulls (2018 - 2019) -> Bulls (2019 - 2021) -> Sharks (2021 - 2026),,,https://all.rugby/player/marnus-potgieter,Blue Bulls (2018 - 2019) -> Bulls (2019 - 2021) -> Sharks (2021 - 2026)
Phiko SOBAHLE,Phiko SOBAHLE,Winger,Sharks,191,93,1996.07.28,,,,,A,https://all.rugby/player/phiko-sobahle,Natal Sharks (2024 - 2025) -> Sharks (2025 - 2026),,,https://all.rugby/player/phiko-sobahle,Natal Sharks (2024 - 2025) -> Sharks (2025 - 2026)
Yaw PENXE,Yaw PENXE,Winger,Sharks,183,93,1997.04.03,,,,,A,https://all.rugby/player/yaw-penxe,Southern Kings (2016 - 2020) -> Sharks (2020 - 2026),,,https://all.rugby/player/yaw-penxe,Southern Kings (2016 - 2020) -> Sharks (2020 - 2026)
Aphelele FASSI,Aphelele FASSI,FB,Sharks,190,94,1998.01.23,,,,,A,https://all.rugby/player/aphelele-fassi,Sharks (2018 - 2026),,,https://all.rugby/player/aphelele-fassi,Sharks (2018 - 2026)
Hakeem KUNENE,Hakeem KUNENE,FB,Sharks,183,90,2003.02.03,,,,,A,https://all.rugby/player/hakeem-kunene,Natal Sharks (2022 - 2024) -> Sharks (2024 - 2026),,,https://all.rugby/player/hakeem-kunene,Natal Sharks (2022 - 2024) -> Sharks (2024 - 2026)
Jaco WILLIAMS,Jaco WILLIAMS,FB,Sharks,175,73,2005..,,,,,A,https://all.rugby/player/jaco-williams,Natal Sharks (2023 - 2024) -> Sharks (2024 - 2026),,,https://all.rugby/player/jaco-williams,Natal Sharks (2023 - 2024) -> Sharks (2024 - 2026)
Rambo KUBHEKA,Rambo KUBHEKA,PR,Sharks,181,125,2006..,,,,,A,https://all.rugby/player/rambo-kubheka,Natal Sharks (2024 - 2025) -> Sharks (2025 - 2026),,,https://all.rugby/player/rambo-kubheka,Natal Sharks (2024 - 2025) -> Sharks (2025 - 2026)
Angus WILLIAMS,Angus WILLIAMS,PR,Edimbourg,180,117,1993.11.11,,,,,A,https://all.rugby/player/angus-williams,Otago (2018 - 2019) -> Edimbourg Rugby (2020 - 2026),,,https://all.rugby/player/angus-williams,Otago (2018 - 2019) -> Edimbourg Rugby (2020 - 2026)
Boan VENTER,Boan VENTER,PR,Edimbourg,187,124,1997.04.12,,,,,A,https://all.rugby/player/boan-venter,Central Cheetahs (2018 - 2020) -> Edimbourg Rugby (2020 - 2026),,,https://all.rugby/player/boan-venter,Central Cheetahs (2018 - 2020) -> Edimbourg Rugby (2020 - 2026)
D'Arcy RAE,D'Arcy RAE,PR,Edimbourg,186,125,1994.12.21,,,,,A,https://all.rugby/player/d-arcy-rae,Benetton Rugby Trévise (2014 - 2014) -> Glasgow Warriors (2014 - 2014) -> Benetton Rugby Trévise (2015 - 2015) -> Glasgow Warriors (2015 - 2021) -> Bath Rugby (2021 - 2023) -> Montpellier Hérault Rugby (2023 - 2023) -> Edimbourg Rugby (2023 - 2023) -> Montpellier Hérault Rugby (2024 - 2024) -> Edimbourg Rugby (2024 - 2026),Scotland,Scotland,https://all.rugby/player/d-arcy-rae,Benetton Rugby Trévise (2014 - 2014) -> Glasgow Warriors (2014 - 2014) -> Benetton Rugby Trévise (2015 - 2015) -> Glasgow Warriors (2015 - 2021) -> Bath Rugby (2021 - 2023) -> Montpellier Hérault Rugby (2023 - 2023) -> Edimbourg Rugby (2023 - 2023) -> Montpellier Hérault Rugby (2024 - 2024) -> Edimbourg Rugby (2024 - 2026)
James WHITCOMBE,James WHITCOMBE,PR,Edimbourg,188,120,2000.11.20,,,,,A,https://all.rugby/player/james-whitcombe,Leicester Tigers (2017 - 2025) -> Edimbourg Rugby (2025 - 2026),,,https://all.rugby/player/james-whitcombe,Leicester Tigers (2017 - 2025) -> Edimbourg Rugby (2025 - 2026)
Mikey JONES,Mikey JONES,PR,Edimbourg,181,110,2002.07.08,,,,,A,https://all.rugby/player/mike-jones,Boroughmuir RFC (2020 - 2021) -> Edimbourg Rugby (2021 - 2022) -> Ampthill Rugby (2022 - 2022) -> Edimbourg Rugby (2023 - 2023) -> Ampthill Rugby (2023 - 2023) -> Edimbourg Rugby (2023 - 2026),,,https://all.rugby/player/mike-jones,Boroughmuir RFC (2020 - 2021) -> Edimbourg Rugby (2021 - 2022) -> Ampthill Rugby (2022 - 2022) -> Edimbourg Rugby (2023 - 2023) -> Ampthill Rugby (2023 - 2023) -> Edimbourg Rugby (2023 - 2026)
Paul HILL,Paul HILL,PR,Edimbourg,189,123,1995.03.02,,,,,A,https://all.rugby/player/paul-hill,Northampton Saints (2015 - 2024) -> Edimbourg Rugby (2024 - 2026),England,England,https://all.rugby/player/paul-hill,Northampton Saints (2015 - 2024) -> Edimbourg Rugby (2024 - 2026)
Pierre SCHOEMAN,Pierre SCHOEMAN,PR,Edimbourg,184,118,1994.05.07,,,,,A,https://all.rugby/player/pierre-schoeman,Bulls (2015 - 2018) -> Edimbourg Rugby (2018 - 2026),South Africa,South Africa,https://all.rugby/player/pierre-schoeman,Bulls (2015 - 2018) -> Edimbourg Rugby (2018 - 2026)
Rhys LITTERICK,Rhys LITTERICK,PR,Edimbourg,179,120,1999.03.02,,,,,A,https://all.rugby/player/rhys-litterick,Worthing RFC (2021 - 2021) -> Harlequins (2021 - 2021) -> Worthing RFC (2022 - 2022) -> Harlequins (2022 - 2022) -> London Scottish (2022 - 2022) -> Harlequins (2023 - 2023) -> London Scottish (2023 - 2023) -> Cardiff Rugby (2023 - 2025) -> Edimbourg Rugby (2025 - 2026),,,https://all.rugby/player/rhys-litterick,Worthing RFC (2021 - 2021) -> Harlequins (2021 - 2021) -> Worthing RFC (2022 - 2022) -> Harlequins (2022 - 2022) -> London Scottish (2022 - 2022) -> Harlequins (2023 - 2023) -> London Scottish (2023 - 2023) -> Cardiff Rugby (2023 - 2025) -> Edimbourg Rugby (2025 - 2026)
Ewan ASHMAN,Ewan ASHMAN,HO,Edimbourg,188,113,2000.04.03,,,,,A,https://all.rugby/player/ewan-ashman,Sale Sharks (2018 - 2021) -> Glasgow Warriors (2021 - 2021) -> Sale Sharks (2022 - 2022) -> Glasgow Warriors (2022 - 2022) -> Sale Sharks (2022 - 2023) -> Edimbourg Rugby (2023 - 2026),Canada,Canada,https://all.rugby/player/ewan-ashman,Sale Sharks (2018 - 2021) -> Glasgow Warriors (2021 - 2021) -> Sale Sharks (2022 - 2022) -> Glasgow Warriors (2022 - 2022) -> Sale Sharks (2022 - 2023) -> Edimbourg Rugby (2023 - 2026)
Patrick HARRISON,Patrick HARRISON,HO,Edimbourg,181,111,2002.06.20,,,,,A,https://all.rugby/player/patrick-harrison,Edimbourg Rugby (2020 - 2021) -> Wasps (2021 - 2021) -> Edimbourg Rugby (2022 - 2022) -> Wasps (2022 - 2022) -> London Irish (2022 - 2022) -> Edimbourg Rugby (2022 - 2022) -> London Irish (2023 - 2023) -> Edimbourg Rugby (2023 - 2026),Scotland,Scotland,https://all.rugby/player/patrick-harrison,Edimbourg Rugby (2020 - 2021) -> Wasps (2021 - 2021) -> Edimbourg Rugby (2022 - 2022) -> Wasps (2022 - 2022) -> London Irish (2022 - 2022) -> Edimbourg Rugby (2022 - 2022) -> London Irish (2023 - 2023) -> Edimbourg Rugby (2023 - 2026)
Callum HUNTER-HILL,Callum HUNTER-HILL,LO,Edimbourg,200,116,1997.02.27,,,,,A,https://all.rugby/player/callum-hunter-hill,Glasgow Warriors (2016 - 2017) -> Edimbourg Rugby (2017 - 2017) -> Newcastle (2017 - 2017) -> Edimbourg Rugby (2018 - 2018) -> Newcastle (2018 - 2018) -> Edimbourg Rugby (2018 - 2019) -> Saracens (2019 - 2024) -> Northampton Saints (2024 - 2025) -> Edimbourg Rugby (2025 - 2026),,,https://all.rugby/player/callum-hunter-hill,Glasgow Warriors (2016 - 2017) -> Edimbourg Rugby (2017 - 2017) -> Newcastle (2017 - 2017) -> Edimbourg Rugby (2018 - 2018) -> Newcastle (2018 - 2018) -> Edimbourg Rugby (2018 - 2019) -> Saracens (2019 - 2024) -> Northampton Saints (2024 - 2025) -> Edimbourg Rugby (2025 - 2026)
Glen YOUNG,Glen YOUNG,LO,Edimbourg,200,118,1994.11.04,,,,,A,https://all.rugby/player/glen-young,Newcastle (2016 - 2019) -> Harlequins (2019 - 2021) -> Edimbourg Rugby (2021 - 2026),Scotland,Scotland,https://all.rugby/player/glen-young,Newcastle (2016 - 2019) -> Harlequins (2019 - 2021) -> Edimbourg Rugby (2021 - 2026)
Grant GILCHRIST,Grant GILCHRIST,LO,Edimbourg,198,120,1990.08.09,,,,,A,https://all.rugby/player/grant-gilchrist,Edimbourg Rugby (2013 - 2026),Scotland,Scotland,https://all.rugby/player/grant-gilchrist,Edimbourg Rugby (2013 - 2026)
Marshall SYKES,Marshall SYKES,LO,Edimbourg,200,121,1999.12.29,,,,,A,https://all.rugby/player/marshall-sykes,Glasgow Warriors (2019 - 2019) -> Edimbourg Rugby (2019 - 2019) -> Glasgow Warriors (2020 - 2020) -> Edimbourg Rugby (2020 - 2026),,,https://all.rugby/player/marshall-sykes,Glasgow Warriors (2019 - 2019) -> Edimbourg Rugby (2019 - 2019) -> Glasgow Warriors (2020 - 2020) -> Edimbourg Rugby (2020 - 2026)
Rob CARMICHAEL,Rob CARMICHAEL,LO,Edimbourg,210,125,2003.04.04,,,,,A,https://all.rugby/player/rob-carmichael,Leicester Tigers (2022 - 2023) -> Edimbourg Rugby (2023 - 2023) -> Leicester Tigers (2024 - 2024) -> Edimbourg Rugby (2024 - 2026),,,https://all.rugby/player/rob-carmichael,Leicester Tigers (2022 - 2023) -> Edimbourg Rugby (2023 - 2023) -> Leicester Tigers (2024 - 2024) -> Edimbourg Rugby (2024 - 2026)
Ben MUNCASTER,Ben MUNCASTER,Back row,Edimbourg,190,110,2001.10.14,,,,,A,https://all.rugby/player/ben-muncaster,Leicester Tigers (2018 - 2020) -> Edimbourg Rugby (2020 - 2026),Scotland,Scotland,https://all.rugby/player/ben-muncaster,Leicester Tigers (2018 - 2020) -> Edimbourg Rugby (2020 - 2026)
Connor BOYLE,Connor BOYLE,Back row,Edimbourg,183,91,2000.02.19,,,,,A,https://all.rugby/player/connor-boyle,Watsonian Rugby Club (2019 - 2020) -> Edimbourg Rugby (2020 - 2026),,,https://all.rugby/player/connor-boyle,Watsonian Rugby Club (2019 - 2020) -> Edimbourg Rugby (2020 - 2026)
Dylan RICHARDSON,Dylan RICHARDSON,Back row,Edimbourg,185,110,1999.01.15,,,,,A,https://all.rugby/player/dylan-richardson,Sharks (2018 - 2025) -> Edimbourg Rugby (2025 - 2026),South Africa,South Africa,https://all.rugby/player/dylan-richardson,Sharks (2018 - 2025) -> Edimbourg Rugby (2025 - 2026)
Freddy DOUGLAS,Freddy DOUGLAS,Back row,Edimbourg,185,95,2005..,,,,,A,https://all.rugby/player/freddy-douglas,Edimbourg Rugby (2023 - 2026),Scotland,Scotland,https://all.rugby/player/freddy-douglas,Edimbourg Rugby (2023 - 2026)
Harri MORRIS,Harri MORRIS,Back row,Edimbourg,180,103,2001.10.13,,,,,A,https://all.rugby/player/harri-morris,Edimbourg Rugby (2020 - 2020) -> Southern Knights (2020 - 2020) -> Edimbourg Rugby (2021 - 2021) -> Southern Knights (2021 - 2021) -> Edimbourg Rugby (2021 - 2022) -> London Scottish (2022 - 2022) -> Edimbourg Rugby (2022 - 2022) -> London Scottish (2023 - 2023) -> Edimbourg Rugby (2023 - 2023) -> Doncaster Knights (2023 - 2024) -> Edimbourg Rugby (2024 - 2026),,,https://all.rugby/player/harri-morris,Edimbourg Rugby (2020 - 2020) -> Southern Knights (2020 - 2020) -> Edimbourg Rugby (2021 - 2021) -> Southern Knights (2021 - 2021) -> Edimbourg Rugby (2021 - 2022) -> London Scottish (2022 - 2022) -> Edimbourg Rugby (2022 - 2022) -> London Scottish (2023 - 2023) -> Edimbourg Rugby (2023 - 2023) -> Doncaster Knights (2023 - 2024) -> Edimbourg Rugby (2024 - 2026)
Liam MCCONNELL,Liam MCCONNELL,Back row,Edimbourg,194,106,2004..,,,,,A,https://all.rugby/player/liam-mcconnell,Boroughmuir RFC (2021 - 2022) -> Edimbourg Rugby (2022 - 2026),,,https://all.rugby/player/liam-mcconnell,Boroughmuir RFC (2021 - 2022) -> Edimbourg Rugby (2022 - 2026)
Luke CROSBIE,Luke CROSBIE,Back row,Edimbourg,196,112,1997.04.22,,,,,A,https://all.rugby/player/luke-crosbie,Edimbourg Rugby (2017 - 2026),Scotland,Scotland,https://all.rugby/player/luke-crosbie,Edimbourg Rugby (2017 - 2026)
Magnus BRADBURY,Magnus BRADBURY,Back row,Edimbourg,191,116,1995.08.23,,,,,A,https://all.rugby/player/magnus-bradbury,Edimbourg Rugby (2014 - 2022) -> Bristol Bears (2022 - 2024) -> Edimbourg Rugby (2024 - 2026),Scotland,Scotland,https://all.rugby/player/magnus-bradbury,Edimbourg Rugby (2014 - 2022) -> Bristol Bears (2022 - 2024) -> Edimbourg Rugby (2024 - 2026)
Sam SKINNER,Sam SKINNER,Back row,Edimbourg,196,115,1995.01.31,,,,,A,https://all.rugby/player/sam-skinner,Exeter Chiefs (2014 - 2022) -> Edimbourg Rugby (2022 - 2026),England,England,https://all.rugby/player/sam-skinner,Exeter Chiefs (2014 - 2022) -> Edimbourg Rugby (2022 - 2026)
Tom CURRIE,Tom CURRIE,Back row,Edimbourg,190,106,2004..,,,,,A,https://all.rugby/player/tom-currie,Edimbourg Rugby (2023 - 2024) -> Doncaster Knights (2024 - 2024) -> Edimbourg Rugby (2025 - 2025) -> Doncaster Knights (2025 - 2025) -> Edimbourg Rugby (2025 - 2026),,,https://all.rugby/player/tom-currie,Edimbourg Rugby (2023 - 2024) -> Doncaster Knights (2024 - 2024) -> Edimbourg Rugby (2025 - 2025) -> Doncaster Knights (2025 - 2025) -> Edimbourg Rugby (2025 - 2026)
Tom DODD,Tom DODD,Back row,Edimbourg,191,109,1997.10.28,,,,,A,https://all.rugby/player/tom-dodd,Worcester Warriors (2017 - 2022) -> Coventry Rugby (2022 - 2022) -> Worcester Warriors (2023 - 2023) -> Coventry Rugby (2023 - 2023) -> Edimbourg Rugby (2023 - 2026),,,https://all.rugby/player/tom-dodd,Worcester Warriors (2017 - 2022) -> Coventry Rugby (2022 - 2022) -> Worcester Warriors (2023 - 2023) -> Coventry Rugby (2023 - 2023) -> Edimbourg Rugby (2023 - 2026)
Ben VELLACOTT,Ben VELLACOTT,SH,Edimbourg,167,80,1995.03.28,,,,,A,https://all.rugby/player/ben-vellacott,Gloucester Rugby (2016 - 2019) -> Wasps (2019 - 2021) -> Edimbourg Rugby (2021 - 2026),England,England,https://all.rugby/player/ben-vellacott,Gloucester Rugby (2016 - 2019) -> Wasps (2019 - 2021) -> Edimbourg Rugby (2021 - 2026)
Charlie SHIEL,Charlie SHIEL,SH,Edimbourg,178,83,1997.12.03,,,,,A,https://all.rugby/player/charlie-shiel,Edimbourg Rugby (2017 - 2026),,,https://all.rugby/player/charlie-shiel,Edimbourg Rugby (2017 - 2026)
Conor MCALPINE,Conor MCALPINE,SH,Edimbourg,174,82,2004..,,,,,A,https://all.rugby/player/conor-mcalpine,Watsonian Rugby Club (2023 - 2024) -> Edimbourg Rugby (2024 - 2026),,,https://all.rugby/player/conor-mcalpine,Watsonian Rugby Club (2023 - 2024) -> Edimbourg Rugby (2024 - 2026)
Ben HEALY,Ben HEALY,SO,Edimbourg,191,100,1999.06.29,,,,,A,https://all.rugby/player/ben-healy,Munster Rugby (2019 - 2023) -> Edimbourg Rugby (2023 - 2026),Ireland,Ireland,https://all.rugby/player/ben-healy,Munster Rugby (2019 - 2023) -> Edimbourg Rugby (2023 - 2026)
Cammy SCOTT,Cammy SCOTT,SO,Edimbourg,181,83,2001.09.08,,,,,A,https://all.rugby/player/cameron-scott,Boroughmuir RFC (2020 - 2021) -> Southern Knights (2021 - 2022) -> London Scottish (2022 - 2022) -> Edimbourg Rugby (2022 - 2022) -> London Scottish (2023 - 2023) -> Edimbourg Rugby (2023 - 2026),,,https://all.rugby/player/cameron-scott,Boroughmuir RFC (2020 - 2021) -> Southern Knights (2021 - 2022) -> London Scottish (2022 - 2022) -> Edimbourg Rugby (2022 - 2022) -> London Scottish (2023 - 2023) -> Edimbourg Rugby (2023 - 2026)
James LANG,James LANG,SO,Edimbourg,183,95,1995.04.04,,,,,A,https://all.rugby/player/james-lang,Harlequins (2016 - 2021) -> Edimbourg Rugby (2021 - 2026),England,England,https://all.rugby/player/james-lang,Harlequins (2016 - 2021) -> Edimbourg Rugby (2021 - 2026)
Ross THOMPSON,Ross THOMPSON,SO,Edimbourg,183,86,1999.04.10,,,,,A,https://all.rugby/player/ross-thompson,Glasgow Warriors (2020 - 2024) -> Edimbourg Rugby (2024 - 2026),,,https://all.rugby/player/ross-thompson,Glasgow Warriors (2020 - 2024) -> Edimbourg Rugby (2024 - 2026)
Charlie MCCAIG,Charlie MCCAIG,CTB,Edimbourg,191,94,2003.01.24,,,,,A,https://all.rugby/player/charlie-mccaig,Exeter Chiefs (2022 - 2024) -> Cornish Pirates (2024 - 2024) -> Exeter Chiefs (2025 - 2025) -> Cornish Pirates (2025 - 2025) -> Edimbourg Rugby (2025 - 2026),,,https://all.rugby/player/charlie-mccaig,Exeter Chiefs (2022 - 2024) -> Cornish Pirates (2024 - 2024) -> Exeter Chiefs (2025 - 2025) -> Cornish Pirates (2025 - 2025) -> Edimbourg Rugby (2025 - 2026)
Kienan HIGGINS,Kienan HIGGINS,CTB,Edimbourg,189,97,2000.01.25,,,,,A,https://all.rugby/player/kienan-higgins,Hawke's Bay Magpies (2020 - 2025) -> Edimbourg Rugby (2025 - 2026),,,https://all.rugby/player/kienan-higgins,Hawke's Bay Magpies (2020 - 2025) -> Edimbourg Rugby (2025 - 2026)
Matt CURRIE,Matt CURRIE,CTB,Edimbourg,191,95,2001.02.22,,,,,A,https://all.rugby/player/matthew-currie,Edimbourg Rugby (2020 - 2026),Scotland,Scotland,https://all.rugby/player/matthew-currie,Edimbourg Rugby (2020 - 2026)
Mosese TUIPULOTU,Mosese TUIPULOTU,CTB,Edimbourg,182,102,2001.05.05,,,,,A,https://all.rugby/player/mosese-tuipulotu,Eastern Suburbs RFC (2020 - 2022) -> New South Wales Waratahs (2022 - 2024) -> Edimbourg Rugby (2024 - 2026),,,https://all.rugby/player/mosese-tuipulotu,Eastern Suburbs RFC (2020 - 2022) -> New South Wales Waratahs (2022 - 2024) -> Edimbourg Rugby (2024 - 2026)
Piers O'CONOR,Piers O'CONOR,CTB,Edimbourg,188,102,1995.08.28,,,,,A,https://all.rugby/player/piers-o-conor,Wasps (2016 - 2017) -> Bristol Bears (2018 - 2024) -> Connacht Rugby (2024 - 2025) -> Edimbourg Rugby (2025 - 2026),,,https://all.rugby/player/piers-o-conor,Wasps (2016 - 2017) -> Bristol Bears (2018 - 2024) -> Connacht Rugby (2024 - 2025) -> Edimbourg Rugby (2025 - 2026)
Wes GOOSEN,Wes GOOSEN,CTB,Edimbourg,180,92,1995.10.20,,,,,A,https://all.rugby/player/wes-goosen,Hurricanes (2015 - 2019) -> Wellington Lions (2019 - 2019) -> Hurricanes (2020 - 2020) -> Wellington Lions (2020 - 2020) -> Hurricanes (2020 - 2020) -> Wellington Lions (2020 - 2020) -> Hurricanes (2021 - 2021) -> Wellington Lions (2021 - 2021) -> Hurricanes (2021 - 2022) -> Edimbourg Rugby (2022 - 2026),,,https://all.rugby/player/wes-goosen,Hurricanes (2015 - 2019) -> Wellington Lions (2019 - 2019) -> Hurricanes (2020 - 2020) -> Wellington Lions (2020 - 2020) -> Hurricanes (2020 - 2020) -> Wellington Lions (2020 - 2020) -> Hurricanes (2021 - 2021) -> Wellington Lions (2021 - 2021) -> Hurricanes (2021 - 2022) -> Edimbourg Rugby (2022 - 2026)
Darcy GRAHAM,Darcy GRAHAM,Winger,Edimbourg,177,85,1997.06.21,,,,,A,https://all.rugby/player/darcy-graham,Edimbourg Rugby (2017 - 2026),Scotland,Scotland,https://all.rugby/player/darcy-graham,Edimbourg Rugby (2017 - 2026)
Duhan VAN DER MERWE,Duhan VAN DER MERWE,Winger,Edimbourg,193,106,1995.06.04,,,,,A,https://all.rugby/player/duhan-van-der-merwe,Bulls (2015 - 2016) -> Montpellier Hérault Rugby (2016 - 2017) -> Edimbourg Rugby (2017 - 2021) -> Worcester Warriors (2021 - 2022) -> Edimbourg Rugby (2022 - 2022) -> Worcester Warriors (2023 - 2023) -> Edimbourg Rugby (2023 - 2026),South Africa,South Africa,https://all.rugby/player/duhan-van-der-merwe,Bulls (2015 - 2016) -> Montpellier Hérault Rugby (2016 - 2017) -> Edimbourg Rugby (2017 - 2021) -> Worcester Warriors (2021 - 2022) -> Edimbourg Rugby (2022 - 2022) -> Worcester Warriors (2023 - 2023) -> Edimbourg Rugby (2023 - 2026)
Malelili SATALA,Malelili SATALA,Winger,Edimbourg,184,90,2004..,,,,,A,https://all.rugby/player/malelili-satala,Leicester Tigers (2023 - 2024) -> Nottingham Rugby (2024 - 2024) -> Leicester Tigers (2025 - 2025) -> Nottingham Rugby (2025 - 2025) -> Edimbourg Rugby (2025 - 2026),,,https://all.rugby/player/malelili-satala,Leicester Tigers (2023 - 2024) -> Nottingham Rugby (2024 - 2024) -> Leicester Tigers (2025 - 2025) -> Nottingham Rugby (2025 - 2025) -> Edimbourg Rugby (2025 - 2026)
Ross MCCANN,Ross MCCANN,Winger,Edimbourg,181,91,1997.10.30,,,,,A,https://all.rugby/player/ross-mccann-,Grande-Bretagne 7's (2022 - 2023) -> Edimbourg Rugby (2023 - 2023) -> Grande-Bretagne 7's (2023 - 2023) -> Edimbourg Rugby (2024 - 2024) -> Grande-Bretagne 7's (2024 - 2024) -> Edimbourg Rugby (2024 - 2026),,,https://all.rugby/player/ross-mccann-,Grande-Bretagne 7's (2022 - 2023) -> Edimbourg Rugby (2023 - 2023) -> Grande-Bretagne 7's (2023 - 2023) -> Edimbourg Rugby (2024 - 2024) -> Grande-Bretagne 7's (2024 - 2024) -> Edimbourg Rugby (2024 - 2026)
Harry PATERSON,Harry PATERSON,FB,Edimbourg,191,93,2001.06.28,,,,,A,https://all.rugby/player/harry-paterson,Edimbourg Rugby (2020 - 2026),,,https://all.rugby/player/harry-paterson,Edimbourg Rugby (2020 - 2026)
Jack BROWN,Jack BROWN,FB,Edimbourg,188,94,2005..,,,,,A,https://all.rugby/player/jack-brown,Watsonian Rugby Club (2022 - 2023) -> Edimbourg Rugby (2023 - 2026),,,https://all.rugby/player/jack-brown,Watsonian Rugby Club (2022 - 2023) -> Edimbourg Rugby (2023 - 2026)
Matt DAVIDSON,Matt DAVIDSON,FB,Edimbourg,190,87,1999.11.06,,,,,A,https://all.rugby/player/matt-davidson,Grande-Bretagne 7's (2022 - 2025) -> Edimbourg Rugby (2025 - 2026),,,https://all.rugby/player/matt-davidson,Grande-Bretagne 7's (2022 - 2025) -> Edimbourg Rugby (2025 - 2026)
Ben WHITE,Ben WHITE,PR,Edimbourg,182,110,2005..,,,,,A,https://all.rugby/player/ben-white-,Melrose RFC (2023 - 2025) -> Edimbourg Rugby (2025 - 2026),,,https://all.rugby/player/ben-white-,Melrose RFC (2023 - 2025) -> Edimbourg Rugby (2025 - 2026)
Jamie STEWART,Jamie STEWART,PR,Edimbourg,194,130,2006..,,,,,A,https://all.rugby/player/jamie-stewart,Exeter Chiefs (2023 - 2024) -> Edimbourg Rugby (2024 - 2026),,,https://all.rugby/player/jamie-stewart,Exeter Chiefs (2023 - 2024) -> Edimbourg Rugby (2024 - 2026)
Ollie BLYTH-LAFFERTY,Ollie BLYTH-LAFFERTY,PR,Edimbourg,193,136,2006..,,,,,A,https://all.rugby/player/ollie-blyth-lafferty,Boroughmuir RFC (2022 - 2023) -> Edimbourg Rugby (2023 - 2026),,,https://all.rugby/player/ollie-blyth-lafferty,Boroughmuir RFC (2022 - 2023) -> Edimbourg Rugby (2023 - 2026)
Jack UTTERSON,Jack UTTERSON,HO,Edimbourg,,,2007..,,,,,A,https://all.rugby/player/jack-utterson,Kelso RFC (2024 - 2025) -> Edimbourg Rugby (2025 - 2026),,,https://all.rugby/player/jack-utterson,Kelso RFC (2024 - 2025) -> Edimbourg Rugby (2025 - 2026)
Jerry BLYTH-LAFFERTY,Jerry BLYTH-LAFFERTY,HO,Edimbourg,178,99,2004.02.06,,,,,A,https://all.rugby/player/jerry-blyth-lafferty,Boroughmuir RFC (2022 - 2023) -> Edimbourg Rugby (2023 - 2026),,,https://all.rugby/player/jerry-blyth-lafferty,Boroughmuir RFC (2022 - 2023) -> Edimbourg Rugby (2023 - 2026)
Christian LINDSAY,Christian LINDSAY,LO,Edimbourg,200,121,2007..,,,,,A,https://all.rugby/player/christian-lindsay,Loretto High School (2023 - 2024) -> Edimbourg Rugby (2024 - 2026),,,https://all.rugby/player/christian-lindsay,Loretto High School (2023 - 2024) -> Edimbourg Rugby (2024 - 2026)
Euan MCVIE,Euan MCVIE,LO,Edimbourg,197,118,2004..,,,,,A,https://all.rugby/player/euan-mcvie,Edinburgh Accies (2022 - 2023) -> Edimbourg Rugby (2023 - 2024) -> Doncaster Knights (2024 - 2024) -> Edimbourg Rugby (2025 - 2025) -> Doncaster Knights (2025 - 2025) -> Edimbourg Rugby (2025 - 2026),,,https://all.rugby/player/euan-mcvie,Edinburgh Accies (2022 - 2023) -> Edimbourg Rugby (2023 - 2024) -> Doncaster Knights (2024 - 2024) -> Edimbourg Rugby (2025 - 2025) -> Doncaster Knights (2025 - 2025) -> Edimbourg Rugby (2025 - 2026)
Mac RUTHERFORD,Mac RUTHERFORD,LO,Edimbourg,,,,,,,,A,https://all.rugby/player/mac-rutherford,Gala Rugby (2023 - 2024) -> Edimbourg Rugby (2024 - 2026),,,https://all.rugby/player/mac-rutherford,Gala Rugby (2023 - 2024) -> Edimbourg Rugby (2024 - 2026)
Sam BYRD,Sam BYRD,LO,Edimbourg,198,113,2006..,,,,,A,https://all.rugby/player/sam-byrd,Leicester Tigers (2023 - 2025) -> Edimbourg Rugby (2025 - 2026),,,https://all.rugby/player/sam-byrd,Leicester Tigers (2023 - 2025) -> Edimbourg Rugby (2025 - 2026)
Ollie DUNCAN,Ollie DUNCAN,Back row,Edimbourg,191,106,2005..,,,,,A,https://all.rugby/player/ollie-duncan,Edimbourg Rugby (2023 - 2026),,,https://all.rugby/player/ollie-duncan,Edimbourg Rugby (2023 - 2026)
Hamish MACARTHUR,Hamish MACARTHUR,SH,Edimbourg,,,,,,,,A,https://all.rugby/player/hamish-macarthur,Merchiston Castle School (2023 - 2024) -> Edimbourg Rugby (2024 - 2026),,,https://all.rugby/player/hamish-macarthur,Merchiston Castle School (2023 - 2024) -> Edimbourg Rugby (2024 - 2026)
Hector PATTERSON,Hector PATTERSON,SH,Edimbourg,182,87,2005..,,,,,A,https://all.rugby/player/hector-patterson,Watsonian Rugby Club (2022 - 2023) -> Edimbourg Rugby (2023 - 2026),,,https://all.rugby/player/hector-patterson,Watsonian Rugby Club (2022 - 2023) -> Edimbourg Rugby (2023 - 2026)
Isaac COATES,Isaac COATES,SO,Edimbourg,175,84,2005..,,,,,A,https://all.rugby/player/isaac-coates,Edimbourg Rugby (2023 - 2026),,,https://all.rugby/player/isaac-coates,Edimbourg Rugby (2023 - 2026)
Ross WOLFENDEN,Ross WOLFENDEN,SO,Edimbourg,194,102,2006..,,,,,A,https://all.rugby/player/ross-wolfenden,Peebles RFC (2023 - 2024) -> Edimbourg Rugby (2024 - 2026),,,https://all.rugby/player/ross-wolfenden,Peebles RFC (2023 - 2024) -> Edimbourg Rugby (2024 - 2026)
Findlay THOMSON,Findlay THOMSON,CTB,Edimbourg,190,97,2004..,,,,,A,https://all.rugby/player/findlay-thomson,Watsonian Rugby Club (2022 - 2024) -> Edimbourg Rugby (2024 - 2026),,,https://all.rugby/player/findlay-thomson,Watsonian Rugby Club (2022 - 2024) -> Edimbourg Rugby (2024 - 2026)
Henry KESTERTON,Henry KESTERTON,CTB,Edimbourg,,,,,,,,A,https://all.rugby/player/henry-kesterton,Heriot's Rugby Club (2024 - 2025) -> Edimbourg Rugby (2025 - 2026),,,https://all.rugby/player/henry-kesterton,Heriot's Rugby Club (2024 - 2025) -> Edimbourg Rugby (2025 - 2026)
Sam LEWENI,Sam LEWENI,CTB,Edimbourg,,,,,,,,A,https://all.rugby/player/sam-leweni,Watsonian Rugby Club (2023 - 2024) -> Edimbourg Rugby (2024 - 2026),,,https://all.rugby/player/sam-leweni,Watsonian Rugby Club (2023 - 2024) -> Edimbourg Rugby (2024 - 2026)
Lewis WELLS,Lewis WELLS,Winger,Edimbourg,,,2002.11.20,,,,,A,https://all.rugby/player/lewis-wells,Linlithgow RFC (2023 - 2024) -> Edimbourg Rugby (2024 - 2026),,,https://all.rugby/player/lewis-wells,Linlithgow RFC (2023 - 2024) -> Edimbourg Rugby (2024 - 2026)
Nairn MONCRIEFF,Nairn MONCRIEFF,Winger,Edimbourg,178,89,2006..,,,,,A,https://all.rugby/player/nairn-moncrieff,Gala Rugby (2023 - 2024) -> Edimbourg Rugby (2024 - 2026),,,https://all.rugby/player/nairn-moncrieff,Gala Rugby (2023 - 2024) -> Edimbourg Rugby (2024 - 2026)
Ross MCKNIGHT,Ross MCKNIGHT,Winger,Edimbourg,195,108,2002.04.03,,,,,A,https://all.rugby/player/ross-mcknight,Stirling County RFC (2020 - 2021) -> Glasgow Warriors (2021 - 2023) -> Stirling Wolves (2023 - 2024) -> Stirling County RFC (2024 - 2024) -> Edimbourg Rugby (2024 - 2024) -> Stirling County RFC (2025 - 2025) -> Edimbourg Rugby (2025 - 2026),,,https://all.rugby/player/ross-mcknight,Stirling County RFC (2020 - 2021) -> Glasgow Warriors (2021 - 2023) -> Stirling Wolves (2023 - 2024) -> Stirling County RFC (2024 - 2024) -> Edimbourg Rugby (2024 - 2024) -> Stirling County RFC (2025 - 2025) -> Edimbourg Rugby (2025 - 2026)
Finlay DOYLE,Finlay DOYLE,FB,Edimbourg,191,101,2004..,,,,,A,https://all.rugby/player/finlay-doyle,Loughborough University (2023 - 2025) -> Edimbourg Rugby (2025 - 2026),,,https://all.rugby/player/finlay-doyle,Loughborough University (2023 - 2025) -> Edimbourg Rugby (2025 - 2026)
Henry WIDDOWSON,Henry WIDDOWSON,FB,Edimbourg,188,90,2007..,,,,,A,https://all.rugby/player/henry-widdowson,Merchiston Castle School (2024 - 2025) -> Edimbourg Rugby (2025 - 2026),,,https://all.rugby/player/henry-widdowson,Merchiston Castle School (2024 - 2025) -> Edimbourg Rugby (2025 - 2026)
Rory MCHAFFIE,Rory MCHAFFIE,FB,Edimbourg,185,96,2007..,,,,,A,https://all.rugby/player/rory-mchaffie,Peebles RFC (2023 - 2025) -> Edimbourg Rugby (2025 - 2026),,,https://all.rugby/player/rory-mchaffie,Peebles RFC (2023 - 2025) -> Edimbourg Rugby (2025 - 2026)
Destiny AMINU,Destiny AMINU,PR,Trévise,185,122,2003.10.19,,,,,A,https://all.rugby/player/destiny-aminu,Mogliano Veneto Rugby (2021 - 2022) -> Benetton Rugby Trévise (2022 - 2026),,,https://all.rugby/player/destiny-aminu,Mogliano Veneto Rugby (2021 - 2022) -> Benetton Rugby Trévise (2022 - 2026)
Giosué ZILOCCHI,Giosué ZILOCCHI,PR,Trévise,189,115,1997.01.15,,,,,A,https://all.rugby/player/giosue-zilocchi,Zebre Parma (2018 - 2022) -> London Irish (2022 - 2023) -> Benetton Rugby Trévise (2023 - 2026),Italy,Italy,https://all.rugby/player/giosue-zilocchi,Zebre Parma (2018 - 2022) -> London Irish (2022 - 2023) -> Benetton Rugby Trévise (2023 - 2026)
Ivan NEMER,Ivan NEMER,PR,Trévise,180,117,1998.04.22,,,,,A,https://all.rugby/player/ivan-nemer,Rugby Casale (2019 - 2019) -> Benetton Rugby Trévise (2019 - 2019) -> Rugby Casale (2020 - 2020) -> Benetton Rugby Trévise (2020 - 2026),Argentina,Argentina,https://all.rugby/player/ivan-nemer,Rugby Casale (2019 - 2019) -> Benetton Rugby Trévise (2019 - 2019) -> Rugby Casale (2020 - 2020) -> Benetton Rugby Trévise (2020 - 2026)
Marcos GALLORINI,Marcos GALLORINI,PR,Trévise,190,135,2004..,,,,,A,https://all.rugby/player/marcos-gallorini,Unione Rugby Capitolina (2022 - 2023) -> Benetton Rugby Trévise (2023 - 2025) -> Zebre Parma (2025 - 2025) -> Benetton Rugby Trévise (2026 - 2026) -> Zebre Parma (2026 - 2026),,,https://all.rugby/player/marcos-gallorini,Unione Rugby Capitolina (2022 - 2023) -> Benetton Rugby Trévise (2023 - 2025) -> Zebre Parma (2025 - 2025) -> Benetton Rugby Trévise (2026 - 2026) -> Zebre Parma (2026 - 2026)
Mirco SPAGNOLO,Mirco SPAGNOLO,PR,Trévise,186,110,2001.01.02,,,,,A,https://all.rugby/player/mirco-spagnolo,Petrarca Rugby (2022 - 2023) -> Benetton Rugby Trévise (2023 - 2026),,,https://all.rugby/player/mirco-spagnolo,Petrarca Rugby (2022 - 2023) -> Benetton Rugby Trévise (2023 - 2026)
Nahuel TETAZ CHAPARRO,Nahuel TETAZ CHAPARRO,PR,Trévise,188,121,1989.11.06,,,,,A,https://all.rugby/player/nahuel-tetaz-chaparro,Dragons RFC (2013 - 2014) -> Lyon Olympique Universitaire Rugby (2014 - 2015) -> Jaguares (2015 - 2020) -> Bristol Bears (2020 - 2021) -> Benetton Rugby Trévise (2021 - 2026),Argentina,Argentina,https://all.rugby/player/nahuel-tetaz-chaparro,Dragons RFC (2013 - 2014) -> Lyon Olympique Universitaire Rugby (2014 - 2015) -> Jaguares (2015 - 2020) -> Bristol Bears (2020 - 2021) -> Benetton Rugby Trévise (2021 - 2026)
Simone FERRARI,Simone FERRARI,PR,Trévise,186,120,1994.03.28,,,,,A,https://all.rugby/player/simone-ferrari,Mogliano Veneto Rugby (2013 - 2014) -> Benetton Rugby Trévise (2015 - 2026),Italy,Italy,https://all.rugby/player/simone-ferrari,Mogliano Veneto Rugby (2013 - 2014) -> Benetton Rugby Trévise (2015 - 2026)
Thomas GALLO,Thomas GALLO,PR,Trévise,177,107,1999.04.30,,,,,A,https://all.rugby/player/thomas-gallo,Yacare XV (2019 - 2020) -> Benetton Rugby Trévise (2020 - 2026),Argentina,Argentina,https://all.rugby/player/thomas-gallo,Yacare XV (2019 - 2020) -> Benetton Rugby Trévise (2020 - 2026)
Tiziano PASQUALI,Tiziano PASQUALI,PR,Trévise,185,118,1994.07.14,,,,,A,https://all.rugby/player/tiziano-pasquali,Leicester Tigers (2013 - 2016) -> Benetton Rugby Trévise (2016 - 2026),Italy,Italy,https://all.rugby/player/tiziano-pasquali,Leicester Tigers (2013 - 2016) -> Benetton Rugby Trévise (2016 - 2026)
Bautista BERNASCONI,Bautista BERNASCONI,HO,Trévise,175,114,2001.09.14,,,,,A,https://all.rugby/player/bautista-bernasconi,Jaguares XV (2020 - 2022) -> Benetton Rugby Trévise (2022 - 2026),Argentina,Argentina,https://all.rugby/player/bautista-bernasconi,Jaguares XV (2020 - 2022) -> Benetton Rugby Trévise (2022 - 2026)
Nicholas GASPERINI,Nicholas GASPERINI,HO,Trévise,185,120,2004.01.09,,,,,A,https://all.rugby/player/nicholas-gasperini,Stade Français Paris Rugby (2022 - 2023) -> Zebre Parma (2023 - 2024) -> Mogliano Veneto Rugby (2024 - 2025) -> Benetton Rugby Trévise (2025 - 2026),,,https://all.rugby/player/nicholas-gasperini,Stade Français Paris Rugby (2022 - 2023) -> Zebre Parma (2023 - 2024) -> Mogliano Veneto Rugby (2024 - 2025) -> Benetton Rugby Trévise (2025 - 2026)
Siua MAILE,Siua MAILE,HO,Trévise,181,113,1997.02.18,,,,,A,https://all.rugby/player/siua-maile,Manawatu Turbos (2019 - 2021) -> Hurricanes (2021 - 2021) -> Manawatu Turbos (2021 - 2021) -> Hurricanes (2022 - 2022) -> Manawatu Turbos (2022 - 2022) -> Benetton Rugby Trévise (2022 - 2026),Tonga,Tonga,https://all.rugby/player/siua-maile,Manawatu Turbos (2019 - 2021) -> Hurricanes (2021 - 2021) -> Manawatu Turbos (2021 - 2021) -> Hurricanes (2022 - 2022) -> Manawatu Turbos (2022 - 2022) -> Benetton Rugby Trévise (2022 - 2026)
Eli SNYMAN,Eli SNYMAN,LO,Trévise,200,119,1996.01.25,,,,,A,https://all.rugby/player/eli-snyman,Bulls (2018 - 2019) -> Benetton Rugby Trévise (2019 - 2021) -> Leicester Tigers (2021 - 2023) -> Benetton Rugby Trévise (2023 - 2026),,,https://all.rugby/player/eli-snyman,Bulls (2018 - 2019) -> Benetton Rugby Trévise (2019 - 2021) -> Leicester Tigers (2021 - 2023) -> Benetton Rugby Trévise (2023 - 2026)
Federico RUZZA,Federico RUZZA,LO,Trévise,198,110,1994.08.04,,,,,A,https://all.rugby/player/federico-ruzza,Zebre Parma (2014 - 2017) -> Benetton Rugby Trévise (2017 - 2026),Italy,Italy,https://all.rugby/player/federico-ruzza,Zebre Parma (2014 - 2017) -> Benetton Rugby Trévise (2017 - 2026)
Jadin KINGI,Jadin KINGI,LO,Trévise,198,108,2002.08.19,,,,,A,https://all.rugby/player/jadin-kingi,Counties Manukau Steelers (2021 - 2023) -> Mogliano Veneto Rugby (2023 - 2023) -> Counties Manukau Steelers (2023 - 2023) -> Mogliano Veneto Rugby (2024 - 2024) -> Counties Manukau Steelers (2024 - 2024) -> Benetton Rugby Trévise (2024 - 2024) -> Mogliano Veneto Rugby (2024 - 2024) -> Benetton Rugby Trévise (2025 - 2025) -> Mogliano Veneto Rugby (2025 - 2025) -> Benetton Rugby Trévise (2025 - 2026),,,https://all.rugby/player/jadin-kingi,Counties Manukau Steelers (2021 - 2023) -> Mogliano Veneto Rugby (2023 - 2023) -> Counties Manukau Steelers (2023 - 2023) -> Mogliano Veneto Rugby (2024 - 2024) -> Counties Manukau Steelers (2024 - 2024) -> Benetton Rugby Trévise (2024 - 2024) -> Mogliano Veneto Rugby (2024 - 2024) -> Benetton Rugby Trévise (2025 - 2025) -> Mogliano Veneto Rugby (2025 - 2025) -> Benetton Rugby Trévise (2025 - 2026)
Niccolò CANNONE,Niccolò CANNONE,LO,Trévise,197,121,1998.05.17,,,,,A,https://all.rugby/player/niccolo-cannone,Benetton Rugby Trévise (2018 - 2026),Italy,Italy,https://all.rugby/player/niccolo-cannone,Benetton Rugby Trévise (2018 - 2026)
Riccardo FAVRETTO,Riccardo FAVRETTO,LO,Trévise,200,108,2001.10.18,,,,,A,https://all.rugby/player/riccardo-favretto,Mogliano Veneto Rugby (2019 - 2019) -> Benetton Rugby Trévise (2019 - 2019) -> Mogliano Veneto Rugby (2020 - 2020) -> Benetton Rugby Trévise (2020 - 2026),Italy,Italy,https://all.rugby/player/riccardo-favretto,Mogliano Veneto Rugby (2019 - 2019) -> Benetton Rugby Trévise (2019 - 2019) -> Mogliano Veneto Rugby (2020 - 2020) -> Benetton Rugby Trévise (2020 - 2026)
Scott SCRAFTON,Scott SCRAFTON,LO,Trévise,200,120,1993.04.18,,,,,A,https://all.rugby/player/scott-scrafton,Blues (2015 - 2019) -> Hurricanes (2019 - 2019) -> Auckland (2019 - 2019) -> Hurricanes (2020 - 2020) -> Auckland (2020 - 2020) -> Hurricanes (2020 - 2020) -> Auckland (2020 - 2020) -> Hurricanes (2021 - 2021) -> Auckland (2021 - 2021) -> Hurricanes (2021 - 2022) -> Benetton Rugby Trévise (2022 - 2026),,,https://all.rugby/player/scott-scrafton,Blues (2015 - 2019) -> Hurricanes (2019 - 2019) -> Auckland (2019 - 2019) -> Hurricanes (2020 - 2020) -> Auckland (2020 - 2020) -> Hurricanes (2020 - 2020) -> Auckland (2020 - 2020) -> Hurricanes (2021 - 2021) -> Auckland (2021 - 2021) -> Hurricanes (2021 - 2022) -> Benetton Rugby Trévise (2022 - 2026)
Alessandro IZEKOR,Alessandro IZEKOR,Back row,Trévise,196,110,2000.03.05,,,,,A,https://all.rugby/player/alessandro-izekor,Rugby Calvisano (2019 - 2021) -> Benetton Rugby Trévise (2021 - 2021) -> Rugby Calvisano (2021 - 2021) -> Benetton Rugby Trévise (2022 - 2022) -> Rugby Calvisano (2022 - 2022) -> Benetton Rugby Trévise (2022 - 2026),,,https://all.rugby/player/alessandro-izekor,Rugby Calvisano (2019 - 2021) -> Benetton Rugby Trévise (2021 - 2021) -> Rugby Calvisano (2021 - 2021) -> Benetton Rugby Trévise (2022 - 2022) -> Rugby Calvisano (2022 - 2022) -> Benetton Rugby Trévise (2022 - 2026)
Giulio MARINI,Giulio MARINI,Back row,Trévise,195,105,2002.01.23,,,,,A,https://all.rugby/player/giulio-marini,Mogliano Veneto Rugby (2021 - 2024) -> Benetton Rugby Trévise (2024 - 2026),,,https://all.rugby/player/giulio-marini,Mogliano Veneto Rugby (2021 - 2024) -> Benetton Rugby Trévise (2024 - 2026)
Lorenzo CANNONE,Lorenzo CANNONE,Back row,Trévise,190,106,2001.01.28,,,,,A,https://all.rugby/player/lorenzo-cannone,Petrarca Rugby (2020 - 2021) -> Benetton Rugby Trévise (2021 - 2026),Italy,Italy,https://all.rugby/player/lorenzo-cannone,Petrarca Rugby (2020 - 2021) -> Benetton Rugby Trévise (2021 - 2026)
Manuel ZULIANI,Manuel ZULIANI,Back row,Trévise,188,111,2000.04.26,,,,,A,https://all.rugby/player/manuel-zuliani,Rugby Calvisano (2019 - 2019) -> Benetton Rugby Trévise (2019 - 2019) -> Rugby Calvisano (2020 - 2020) -> Benetton Rugby Trévise (2020 - 2026),Italy,Italy,https://all.rugby/player/manuel-zuliani,Rugby Calvisano (2019 - 2019) -> Benetton Rugby Trévise (2019 - 2019) -> Rugby Calvisano (2020 - 2020) -> Benetton Rugby Trévise (2020 - 2026)
Michele LAMARO,Michele LAMARO,Back row,Trévise,188,103,1998.06.03,,,,,A,https://all.rugby/player/michele-lamaro,Benetton Rugby Trévise (2018 - 2026),Italy,Italy,https://all.rugby/player/michele-lamaro,Benetton Rugby Trévise (2018 - 2026)
Seb NEGRI,Seb NEGRI,Back row,Trévise,194,111,1994.06.30,,,,,A,https://all.rugby/player/seb-negri,Benetton Rugby Trévise (2017 - 2026),Italy,Italy,https://all.rugby/player/seb-negri,Benetton Rugby Trévise (2017 - 2026)
So'otala FA'ASO'O,So'otala FA'ASO'O,Back row,Trévise,196,136,1994.10.02,,,,,A,https://all.rugby/player/so-otala-fa-aso-o,Counties Manukau Steelers (2015 - 2016) -> Racing 92 (2016 - 2018) -> CA Brive Corrèze Limousin (2018 - 2022) -> London Irish (2022 - 2023) -> Union Sportive Arlequins Perpignanais (2023 - 2025) -> Benetton Rugby Trévise (2025 - 2026),,,https://all.rugby/player/so-otala-fa-aso-o,Counties Manukau Steelers (2015 - 2016) -> Racing 92 (2016 - 2018) -> CA Brive Corrèze Limousin (2018 - 2022) -> London Irish (2022 - 2023) -> Union Sportive Arlequins Perpignanais (2023 - 2025) -> Benetton Rugby Trévise (2025 - 2026)
Alessandro GARBISI,Alessandro GARBISI,SH,Trévise,174,88,2002.04.11,,,,,A,https://all.rugby/player/alessandro-garbisi,Mogliano Veneto Rugby (2020 - 2021) -> Benetton Rugby Trévise (2021 - 2026),,,https://all.rugby/player/alessandro-garbisi,Mogliano Veneto Rugby (2020 - 2021) -> Benetton Rugby Trévise (2021 - 2026)
Andy UREN,Andy UREN,SH,Trévise,178,93,1996.02.20,,,,,A,https://all.rugby/player/andy-uren,Bristol Bears (2016 - 2023) -> Benetton Rugby Trévise (2023 - 2026),,,https://all.rugby/player/andy-uren,Bristol Bears (2016 - 2023) -> Benetton Rugby Trévise (2023 - 2026)
Cristiano TIZZANO,Cristiano TIZZANO,SH,Trévise,174,80,2003.08.07,,,,,A,https://all.rugby/player/cristiano-tizzano,Mogliano Veneto Rugby (2024 - 2025) -> Benetton Rugby Trévise (2025 - 2025) -> Mogliano Veneto Rugby (2025 - 2025) -> Benetton Rugby Trévise (2026 - 2026) -> Mogliano Veneto Rugby (2026 - 2026),,,https://all.rugby/player/cristiano-tizzano,Mogliano Veneto Rugby (2024 - 2025) -> Benetton Rugby Trévise (2025 - 2025) -> Mogliano Veneto Rugby (2025 - 2025) -> Benetton Rugby Trévise (2026 - 2026) -> Mogliano Veneto Rugby (2026 - 2026)
Jacob UMAGA,Jacob UMAGA,SO,Trévise,182,91,1998.07.08,,,,,A,https://all.rugby/player/jacob-umaga,Wasps (2017 - 2022) -> Benetton Rugby Trévise (2022 - 2022) -> Wasps (2023 - 2023) -> Benetton Rugby Trévise (2023 - 2026),,,https://all.rugby/player/jacob-umaga,Wasps (2017 - 2022) -> Benetton Rugby Trévise (2022 - 2022) -> Wasps (2023 - 2023) -> Benetton Rugby Trévise (2023 - 2026)
Leonardo MARIN,Leonardo MARIN,SO,Trévise,188,88,2002.02.23,,,,,A,https://all.rugby/player/leonardo-marin,Mogliano Veneto Rugby (2020 - 2021) -> Benetton Rugby Trévise (2021 - 2026),Italy,Italy,https://all.rugby/player/leonardo-marin,Mogliano Veneto Rugby (2020 - 2021) -> Benetton Rugby Trévise (2021 - 2026)
Nicolás ROGER FARIAS,Nicolás ROGER FARIAS,SO,Trévise,177,82,2000.01.11,,,,,A,https://all.rugby/player/nicolas-roger-farias,Cafeteros Pro (2020 - 2021) -> Club Atlético Peñarol (2021 - 2022) -> CUS Torino Rugby (2022 - 2023) -> Selknam (2023 - 2024) -> Tarucas (2024 - 2025) -> Benetton Rugby Trévise (2025 - 2026),Argentina,Argentina,https://all.rugby/player/nicolas-roger-farias,Cafeteros Pro (2020 - 2021) -> Club Atlético Peñarol (2021 - 2022) -> CUS Torino Rugby (2022 - 2023) -> Selknam (2023 - 2024) -> Tarucas (2024 - 2025) -> Benetton Rugby Trévise (2025 - 2026)
Federico ZANANDREA,Federico ZANANDREA,CTB,Trévise,190,103,2005..,,,,,A,https://all.rugby/player/federico-zanandrea,Mogliano Veneto Rugby (2023 - 2024) -> Benetton Rugby Trévise (2024 - 2024) -> Mogliano Veneto Rugby (2024 - 2024) -> Benetton Rugby Trévise (2025 - 2025) -> Mogliano Veneto Rugby (2025 - 2025) -> Benetton Rugby Trévise (2025 - 2026),,,https://all.rugby/player/federico-zanandrea,Mogliano Veneto Rugby (2023 - 2024) -> Benetton Rugby Trévise (2024 - 2024) -> Mogliano Veneto Rugby (2024 - 2024) -> Benetton Rugby Trévise (2025 - 2025) -> Mogliano Veneto Rugby (2025 - 2025) -> Benetton Rugby Trévise (2025 - 2026)
Filippo DRAGO,Filippo DRAGO,CTB,Trévise,186,96,2001.12.24,,,,,A,https://all.rugby/player/filippo-drago,Mogliano Veneto Rugby (2020 - 2021) -> Benetton Rugby Trévise (2021 - 2024) -> Zebre Parma (2024 - 2024) -> Benetton Rugby Trévise (2025 - 2025) -> Zebre Parma (2025 - 2025) -> Benetton Rugby Trévise (2025 - 2026),,,https://all.rugby/player/filippo-drago,Mogliano Veneto Rugby (2020 - 2021) -> Benetton Rugby Trévise (2021 - 2024) -> Zebre Parma (2024 - 2024) -> Benetton Rugby Trévise (2025 - 2025) -> Zebre Parma (2025 - 2025) -> Benetton Rugby Trévise (2025 - 2026)
Malakai FEKITOA,Malakai FEKITOA,CTB,Trévise,187,100,1992.05.10,,,,,A,https://all.rugby/player/malakai-fekitoa,Highlanders (2013 - 2017) -> Rugby Club Toulonnais (2017 - 2019) -> Wasps (2019 - 2022) -> Munster Rugby (2022 - 2023) -> Benetton Rugby Trévise (2023 - 2026),Tonga,Tonga,https://all.rugby/player/malakai-fekitoa,Highlanders (2013 - 2017) -> Rugby Club Toulonnais (2017 - 2019) -> Wasps (2019 - 2022) -> Munster Rugby (2022 - 2023) -> Benetton Rugby Trévise (2023 - 2026)
Tomás MEDINA,Tomás MEDINA,CTB,Trévise,176,94,2004..,,,,,A,https://all.rugby/player/tomas-medina,Cardenales RC (2023 - 2024) -> Tarucas (2024 - 2025) -> Benetton Rugby Trévise (2025 - 2026),,,https://all.rugby/player/tomas-medina,Cardenales RC (2023 - 2024) -> Tarucas (2024 - 2025) -> Benetton Rugby Trévise (2025 - 2026)
Tommaso MENONCELLO,Tommaso MENONCELLO,CTB,Trévise,187,101,2002.08.20,,,,,A,https://all.rugby/player/tommaso-menoncello,Benetton Rugby Trévise (2020 - 2026),Italy,Italy,https://all.rugby/player/tommaso-menoncello,Benetton Rugby Trévise (2020 - 2026)
Ignacio MENDY,Ignacio MENDY,Winger,Trévise,187,90,2000.06.29,,,,,A,https://all.rugby/player/ignacio-mendy,Jaguares (2018 - 2019) -> Los Tilos (2020 - 2021) -> Jaguares XV (2021 - 2021) -> Los Tilos (2021 - 2021) -> Jaguares XV (2022 - 2022) -> Los Tilos (2022 - 2022) -> Benetton Rugby Trévise (2022 - 2026),Argentina,Argentina,https://all.rugby/player/ignacio-mendy,Jaguares (2018 - 2019) -> Los Tilos (2020 - 2021) -> Jaguares XV (2021 - 2021) -> Los Tilos (2021 - 2021) -> Jaguares XV (2022 - 2022) -> Los Tilos (2022 - 2022) -> Benetton Rugby Trévise (2022 - 2026)
Louis LYNAGH,Louis LYNAGH,Winger,Trévise,187,96,2000.12.03,,,,,A,https://all.rugby/player/louis-lynagh,Harlequins (2019 - 2022) -> London Scottish (2022 - 2022) -> Harlequins (2023 - 2023) -> London Scottish (2023 - 2023) -> Harlequins (2023 - 2024) -> Benetton Rugby Trévise (2024 - 2026),Australia,Australia,https://all.rugby/player/louis-lynagh,Harlequins (2019 - 2022) -> London Scottish (2022 - 2022) -> Harlequins (2023 - 2023) -> London Scottish (2023 - 2023) -> Harlequins (2023 - 2024) -> Benetton Rugby Trévise (2024 - 2026)
Onisi RATAVE,Onisi RATAVE,Winger,Trévise,179,100,1992.06.06,,,,,A,https://all.rugby/player/onisi-ratave,Bay of Plenty Steamers (2020 - 2021) -> Fijian Drua (2021 - 2022) -> Benetton Rugby Trévise (2022 - 2026),,,https://all.rugby/player/onisi-ratave,Bay of Plenty Steamers (2020 - 2021) -> Fijian Drua (2021 - 2022) -> Benetton Rugby Trévise (2022 - 2026)
Paolo ODOGWU,Paolo ODOGWU,Winger,Trévise,175,100,1997.02.18,,,,,A,https://all.rugby/player/paulo-odogwu,Leicester Tigers (2015 - 2016) -> Sale Sharks (2016 - 2019) -> Wasps (2019 - 2022) -> Stade Français Paris Rugby (2022 - 2022) -> Wasps (2023 - 2023) -> Stade Français Paris Rugby (2023 - 2023) -> Benetton Rugby Trévise (2023 - 2026),England,England,https://all.rugby/player/paulo-odogwu,Leicester Tigers (2015 - 2016) -> Sale Sharks (2016 - 2019) -> Wasps (2019 - 2022) -> Stade Français Paris Rugby (2022 - 2022) -> Wasps (2023 - 2023) -> Stade Français Paris Rugby (2023 - 2023) -> Benetton Rugby Trévise (2023 - 2026)
Matt GALLAGHER,Matt GALLAGHER,FB,Trévise,185,96,1996.10.26,,,,,A,https://all.rugby/player/matt-gallagher,Saracens (2016 - 2019) -> Munster Rugby (2019 - 2019) -> Saracens (2020 - 2020) -> Munster Rugby (2020 - 2022) -> Bath Rugby (2022 - 2024) -> Benetton Rugby Trévise (2024 - 2026),,,https://all.rugby/player/matt-gallagher,Saracens (2016 - 2019) -> Munster Rugby (2019 - 2019) -> Saracens (2020 - 2020) -> Munster Rugby (2020 - 2022) -> Bath Rugby (2022 - 2024) -> Benetton Rugby Trévise (2024 - 2026)
Rhyno SMITH,Rhyno SMITH,FB,Trévise,173,83,1993.02.11,,,,,A,https://all.rugby/player/rhyno-smith,Sharks (2015 - 2017) -> Central Cheetahs (2018 - 2018) -> Sharks (2018 - 2018) -> Central Cheetahs (2019 - 2019) -> Sharks (2019 - 2019) -> Central Cheetahs (2019 - 2021) -> Benetton Rugby Trévise (2021 - 2026),,,https://all.rugby/player/rhyno-smith,Sharks (2015 - 2017) -> Central Cheetahs (2018 - 2018) -> Sharks (2018 - 2018) -> Central Cheetahs (2019 - 2019) -> Sharks (2019 - 2019) -> Central Cheetahs (2019 - 2021) -> Benetton Rugby Trévise (2021 - 2026)
Henry Tasesa VOLKMAN,Henry Tasesa VOLKMAN,LO,Trévise,200,125,,,,,,A,https://all.rugby/player/henry-tasesa-volkman,Canberra Royals (2024 - 2025) -> Benetton Rugby Trévise (2025 - 2026),,,https://all.rugby/player/henry-tasesa-volkman,Canberra Royals (2024 - 2025) -> Benetton Rugby Trévise (2025 - 2026)
Marco SPREAFICHI,Marco SPREAFICHI,LO,Trévise,196,102,2006..,,,,,A,https://all.rugby/player/marco-spreafichi,Benetton Rugby Trévise (2025 - 2026),,,https://all.rugby/player/marco-spreafichi,Benetton Rugby Trévise (2025 - 2026)
Nelson CASARTELLI,Nelson CASARTELLI,Back row,Trévise,182,100,2005..,,,,,A,https://all.rugby/player/nelson-casartelli,Benetton Rugby Trévise (2023 - 2024) -> Paese Rugby (2024 - 2025) -> Benetton Rugby Trévise (2025 - 2026),,,https://all.rugby/player/nelson-casartelli,Benetton Rugby Trévise (2023 - 2024) -> Paese Rugby (2024 - 2025) -> Benetton Rugby Trévise (2025 - 2026)
Roberto FASTI,Roberto FASTI,SO,Trévise,176,83,2006..,,,,,A,https://all.rugby/player/roberto-fasti,Rugby Casale (2024 - 2025) -> Benetton Rugby Trévise (2025 - 2026),,,https://all.rugby/player/roberto-fasti,Rugby Casale (2024 - 2025) -> Benetton Rugby Trévise (2025 - 2026)
Giovanni MARZOTTO,Giovanni MARZOTTO,Winger,Trévise,193,94,2007..,,,,,A,https://all.rugby/player/giovanni-marzotto,Benetton Rugby Trévise (2025 - 2026),,,https://all.rugby/player/giovanni-marzotto,Benetton Rugby Trévise (2025 - 2026)
Chris COLEMAN,Chris COLEMAN,PR,Dragons,189,130,1998.08.31,,,,,A,https://all.rugby/player/chris-coleman,Dragons RFC (2017 - 2026),,,https://all.rugby/player/chris-coleman,Dragons RFC (2017 - 2026)
Dillon LEWIS,Dillon LEWIS,PR,Dragons,185,125,1996.01.04,,,,,A,https://all.rugby/player/dillon-lewis,Cardiff Rugby (2015 - 2023) -> Harlequins (2023 - 2025) -> Dragons RFC (2025 - 2026),Wales,Wales,https://all.rugby/player/dillon-lewis,Cardiff Rugby (2015 - 2023) -> Harlequins (2023 - 2025) -> Dragons RFC (2025 - 2026)
Dylan KELLEHER-GRIFFITHS,Dylan KELLEHER-GRIFFITHS,PR,Dragons,180,116,2003.06.28,,,,,A,https://all.rugby/player/dylan-kelleher-griffiths,Dragons RFC (2022 - 2026),,,https://all.rugby/player/dylan-kelleher-griffiths,Dragons RFC (2022 - 2026)
Luke YENDLE,Luke YENDLE,PR,Dragons,185,120,2000.06.27,,,,,A,https://all.rugby/player/luke-yendle,Dragons RFC (2018 - 2021) -> Jersey Reds (2021 - 2021) -> Dragons RFC (2022 - 2022) -> Jersey Reds (2022 - 2022) -> Dragons RFC (2022 - 2023) -> Ampthill Rugby (2023 - 2023) -> Dragons RFC (2023 - 2023) -> Ampthill Rugby (2024 - 2024) -> Dragons RFC (2024 - 2025) -> Harlequins (2025 - 2025) -> Dragons RFC (2026 - 2026) -> Harlequins (2026 - 2026),,,https://all.rugby/player/luke-yendle,Dragons RFC (2018 - 2021) -> Jersey Reds (2021 - 2021) -> Dragons RFC (2022 - 2022) -> Jersey Reds (2022 - 2022) -> Dragons RFC (2022 - 2023) -> Ampthill Rugby (2023 - 2023) -> Dragons RFC (2023 - 2023) -> Ampthill Rugby (2024 - 2024) -> Dragons RFC (2024 - 2025) -> Harlequins (2025 - 2025) -> Dragons RFC (2026 - 2026) -> Harlequins (2026 - 2026)
Rhodri JONES,Rhodri JONES,PR,Dragons,191,120,1991.12.23,,,,,A,https://all.rugby/player/rhodri-jones,Scarlets (2013 - 2016) -> Ospreys (2016 - 2022) -> Dragons RFC (2022 - 2026),Wales,Wales,https://all.rugby/player/rhodri-jones,Scarlets (2013 - 2016) -> Ospreys (2016 - 2022) -> Dragons RFC (2022 - 2026)
Robert HUNT,Robert HUNT,PR,Dragons,185,124,1996.08.16,,,,,A,https://all.rugby/player/robert-hunt,Leopards (2016 - 2019) -> Bulls (2021 - 2024) -> Central Cheetahs (2024 - 2025) -> Dragons RFC (2025 - 2026),,,https://all.rugby/player/robert-hunt,Leopards (2016 - 2019) -> Bulls (2021 - 2024) -> Central Cheetahs (2024 - 2025) -> Dragons RFC (2025 - 2026)
Rodrigo MARTINEZ,Rodrigo MARTINEZ,PR,Dragons,188,120,1998.07.07,,,,,A,https://all.rugby/player/rodrigo-martinez,Dogos XV (2019 - 2020) -> Yacare XV (2020 - 2021) -> Wasps (2021 - 2023) -> Dragons RFC (2023 - 2026),,,https://all.rugby/player/rodrigo-martinez,Dogos XV (2019 - 2020) -> Yacare XV (2020 - 2021) -> Wasps (2021 - 2023) -> Dragons RFC (2023 - 2026)
Wyn JONES,Wyn JONES,PR,Dragons,184,114,1992.02.26,,,,,A,https://all.rugby/player/wyn-jones,Scarlets (2014 - 2024) -> Harlequins (2024 - 2025) -> Dragons RFC (2025 - 2026),Wales,Wales,https://all.rugby/player/wyn-jones,Scarlets (2014 - 2024) -> Harlequins (2024 - 2025) -> Dragons RFC (2025 - 2026)
Brodie COGHLAN,Brodie COGHLAN,HO,Dragons,183,112,2000.12.21,,,,,A,https://all.rugby/player/brodie-coghlan,Dragons RFC (2021 - 2026),,,https://all.rugby/player/brodie-coghlan,Dragons RFC (2021 - 2026)
Elliot DEE,Elliot DEE,HO,Dragons,186,106,1994.03.07,,,,,A,https://all.rugby/player/elliot-dee,Dragons RFC (2013 - 2026),Wales,Wales,https://all.rugby/player/elliot-dee,Dragons RFC (2013 - 2026)
George ROBERTS,George ROBERTS,HO,Dragons,183,105,1997.12.24,,,,,A,https://all.rugby/player/george-roberts,RGC 1404 (2019 - 2020) -> Doncaster Knights (2020 - 2025) -> Dragons RFC (2025 - 2025) -> Doncaster Knights (2026 - 2026) -> Dragons RFC (2026 - 2026),,,https://all.rugby/player/george-roberts,RGC 1404 (2019 - 2020) -> Doncaster Knights (2020 - 2025) -> Dragons RFC (2025 - 2025) -> Doncaster Knights (2026 - 2026) -> Dragons RFC (2026 - 2026)
James BENJAMIN,James BENJAMIN,HO,Dragons,183,100,1994.02.21,,,,,A,https://all.rugby/player/james-benjamin,Dragons RFC (2014 - 2021) -> Cornish Pirates (2021 - 2021) -> Dragons RFC (2021 - 2021) -> Cornish Pirates (2022 - 2022) -> Dragons RFC (2022 - 2022) -> Hartpury RFC (2022 - 2022) -> Dragons RFC (2023 - 2023) -> Hartpury RFC (2023 - 2023) -> Dragons RFC (2023 - 2026),,,https://all.rugby/player/james-benjamin,Dragons RFC (2014 - 2021) -> Cornish Pirates (2021 - 2021) -> Dragons RFC (2021 - 2021) -> Cornish Pirates (2022 - 2022) -> Dragons RFC (2022 - 2022) -> Hartpury RFC (2022 - 2022) -> Dragons RFC (2023 - 2023) -> Hartpury RFC (2023 - 2023) -> Dragons RFC (2023 - 2026)
Oli BURROWS,Oli BURROWS,HO,Dragons,188,110,2002.05.16,,,,,A,https://all.rugby/player/oli-burrows,Exeter Chiefs (2020 - 2023) -> Cornish Pirates (2023 - 2023) -> Exeter Chiefs (2023 - 2023) -> Cornish Pirates (2024 - 2024) -> Exeter Chiefs (2024 - 2024) -> Dragons RFC (2024 - 2026),,,https://all.rugby/player/oli-burrows,Exeter Chiefs (2020 - 2023) -> Cornish Pirates (2023 - 2023) -> Exeter Chiefs (2023 - 2023) -> Cornish Pirates (2024 - 2024) -> Exeter Chiefs (2024 - 2024) -> Dragons RFC (2024 - 2026)
Sam SCARFE,Sam SCARFE,HO,Dragons,180,101,2003.08.23,,,,,A,https://all.rugby/player/sam-scarfe,Dragons RFC (2022 - 2023) -> Gloucester Rugby (2023 - 2023) -> Dragons RFC (2023 - 2023) -> Gloucester Rugby (2024 - 2024) -> Dragons RFC (2024 - 2026),,,https://all.rugby/player/sam-scarfe,Dragons RFC (2022 - 2023) -> Gloucester Rugby (2023 - 2023) -> Dragons RFC (2023 - 2023) -> Gloucester Rugby (2024 - 2024) -> Dragons RFC (2024 - 2026)
Barny LANGTON,Barny LANGTON,LO,Dragons,195,117,2001.01.26,,,,,A,https://all.rugby/player/barny-langton,Cardiff Met RFC (2022 - 2023) -> Dragons RFC (2023 - 2025) -> Harlequins (2025 - 2025) -> Dragons RFC (2026 - 2026) -> Harlequins (2026 - 2026),,,https://all.rugby/player/barny-langton,Cardiff Met RFC (2022 - 2023) -> Dragons RFC (2023 - 2025) -> Harlequins (2025 - 2025) -> Dragons RFC (2026 - 2026) -> Harlequins (2026 - 2026)
Ben CARTER,Ben CARTER,LO,Dragons,198,122,2001.01.23,,,,,A,https://all.rugby/player/ben-carter,Dragons RFC (2018 - 2026),,,https://all.rugby/player/ben-carter,Dragons RFC (2018 - 2026)
Levi DOUGLAS,Levi DOUGLAS,LO,Dragons,196,125,1995.09.01,,,,,A,https://all.rugby/player/levi-douglas,Bath Rugby (2015 - 2019) -> Wasps (2019 - 2019) -> Bath Rugby (2020 - 2020) -> Wasps (2020 - 2020) -> Rugby Club Toulonnais (2020 - 2020) -> Wasps (2021 - 2021) -> Rugby Club Toulonnais (2021 - 2021) -> FC Grenoble Rugby (2021 - 2023) -> Urayasu D-Rocks (2023 - 2024) -> Biarritz Olympique Pays Basque (2024 - 2025) -> Dragons RFC (2025 - 2026),,,https://all.rugby/player/levi-douglas,Bath Rugby (2015 - 2019) -> Wasps (2019 - 2019) -> Bath Rugby (2020 - 2020) -> Wasps (2020 - 2020) -> Rugby Club Toulonnais (2020 - 2020) -> Wasps (2021 - 2021) -> Rugby Club Toulonnais (2021 - 2021) -> FC Grenoble Rugby (2021 - 2023) -> Urayasu D-Rocks (2023 - 2024) -> Biarritz Olympique Pays Basque (2024 - 2025) -> Dragons RFC (2025 - 2026)
Matthew SCREECH,Matthew SCREECH,LO,Dragons,196,116,1992.10.24,,,,,A,https://all.rugby/player/matthew-screech,Dragons RFC (2013 - 2021) -> Cardiff Rugby (2021 - 2022) -> Dragons RFC (2022 - 2022) -> Cardiff Rugby (2023 - 2023) -> Dragons RFC (2023 - 2026),,,https://all.rugby/player/matthew-screech,Dragons RFC (2013 - 2021) -> Cardiff Rugby (2021 - 2022) -> Dragons RFC (2022 - 2022) -> Cardiff Rugby (2023 - 2023) -> Dragons RFC (2023 - 2026)
Seb DAVIES,Seb DAVIES,LO,Dragons,202,119,1996.05.17,,,,,A,https://all.rugby/player/seb-davies,Cardiff Rugby (2016 - 2025) -> Dragons RFC (2025 - 2026),Wales,Wales,https://all.rugby/player/seb-davies,Cardiff Rugby (2016 - 2025) -> Dragons RFC (2025 - 2026)
Aaron WAINWRIGHT,Aaron WAINWRIGHT,Back row,Dragons,188,110,1997.09.25,,,,,A,https://all.rugby/player/aaron-wainwright,Dragons RFC (2017 - 2026),Wales,Wales,https://all.rugby/player/aaron-wainwright,Dragons RFC (2017 - 2026)
Harri KEDDIE,Harri KEDDIE,Back row,Dragons,188,110,1996.07.10,,,,,A,https://all.rugby/player/harrison-keddie,Dragons RFC (2015 - 2026),,,https://all.rugby/player/harrison-keddie,Dragons RFC (2015 - 2026)
Mackenzie MARTIN,Mackenzie MARTIN,Back row,Dragons,196,116,2003.10.26,,,,,A,https://all.rugby/player/mackenzie-martin,Cardiff Rugby (2021 - 2025) -> Dragons RFC (2025 - 2026),,,https://all.rugby/player/mackenzie-martin,Cardiff Rugby (2021 - 2025) -> Dragons RFC (2025 - 2026)
Ryan WOODMAN,Ryan WOODMAN,Back row,Dragons,196,107,2004.02.02,,,,,A,https://all.rugby/player/ryan-woodman,Dragons RFC (2020 - 2026),,,https://all.rugby/player/ryan-woodman,Dragons RFC (2020 - 2026)
Shane LEWIS-HUGHES,Shane LEWIS-HUGHES,Back row,Dragons,196,115,1997.09.20,,,,,A,https://all.rugby/player/shane-lewis-hughes,Cardiff Rugby (2016 - 2024) -> Dragons RFC (2024 - 2026),Wales,Wales,https://all.rugby/player/shane-lewis-hughes,Cardiff Rugby (2016 - 2024) -> Dragons RFC (2024 - 2026)
Tom YOUNG,Tom YOUNG,Back row,Dragons,181,104,1992.05.18,,,,,A,https://all.rugby/player/tom-young,Gloucester Rugby (2013 - 2013) -> Cardiff Rugby (2013 - 2013) -> Gloucester Rugby (2014 - 2014) -> Cardiff Rugby (2014 - 2014) -> Wasps (2014 - 2022) -> Cardiff Rugby (2022 - 2025) -> Dragons RFC (2025 - 2026),Wales,Wales,https://all.rugby/player/tom-young,Gloucester Rugby (2013 - 2013) -> Cardiff Rugby (2013 - 2013) -> Gloucester Rugby (2014 - 2014) -> Cardiff Rugby (2014 - 2014) -> Wasps (2014 - 2022) -> Cardiff Rugby (2022 - 2025) -> Dragons RFC (2025 - 2026)
Che HOPE,Che HOPE,SH,Dragons,178,76,2003.01.10,,,,,A,https://all.rugby/player/che-hope,Dragons RFC (2020 - 2026),,,https://all.rugby/player/che-hope,Dragons RFC (2020 - 2026)
Morgan LLOYD,Morgan LLOYD,SH,Dragons,175,84,2002.10.08,,,,,A,https://all.rugby/player/morgan-lloyd,Dragons RFC (2021 - 2022) -> Hartpury RFC (2022 - 2022) -> Dragons RFC (2023 - 2023) -> Hartpury RFC (2023 - 2023) -> Dragons RFC (2023 - 2026),,,https://all.rugby/player/morgan-lloyd,Dragons RFC (2021 - 2022) -> Hartpury RFC (2022 - 2022) -> Dragons RFC (2023 - 2023) -> Hartpury RFC (2023 - 2023) -> Dragons RFC (2023 - 2026)
Niall ARMSTRONG,Niall ARMSTRONG,SH,Dragons,182,85,1999.08.19,,,,,A,https://all.rugby/player/niall-armstrong,Exeter University RFC (2021 - 2023) -> Exeter Chiefs (2023 - 2025) -> Dragons RFC (2025 - 2026),,,https://all.rugby/player/niall-armstrong,Exeter University RFC (2021 - 2023) -> Exeter Chiefs (2023 - 2025) -> Dragons RFC (2025 - 2026)
Rhodri WILLIAMS,Rhodri WILLIAMS,SH,Dragons,179,81,1993.05.05,,,,,A,https://all.rugby/player/rhodri-williams,Scarlets (2013 - 2016) -> Bristol Bears (2016 - 2017) -> Dragons RFC (2018 - 2026),Wales,Wales,https://all.rugby/player/rhodri-williams,Scarlets (2013 - 2016) -> Bristol Bears (2016 - 2017) -> Dragons RFC (2018 - 2026)
Angus O'BRIEN,Angus O'BRIEN,SO,Dragons,180,89,1994.09.17,,,,,A,https://all.rugby/player/angus-o-brien,Dragons RFC (2014 - 2018) -> Scarlets (2018 - 2022) -> Dragons RFC (2022 - 2026),,,https://all.rugby/player/angus-o-brien,Dragons RFC (2014 - 2018) -> Scarlets (2018 - 2022) -> Dragons RFC (2022 - 2026)
Cai EVANS,Cai EVANS,SO,Dragons,185,84,1999.06.23,,,,,A,https://all.rugby/player/cai-evans,Ospreys (2017 - 2023) -> Dragons RFC (2023 - 2026),Wales,Wales,https://all.rugby/player/cai-evans,Ospreys (2017 - 2023) -> Dragons RFC (2023 - 2026)
Jac LLOYD,Jac LLOYD,SO,Dragons,174,81,2002.09.28,,,,,A,https://all.rugby/player/jac-lloyd,Bristol Bears (2019 - 2022) -> Hartpury RFC (2022 - 2022) -> Sydney University Football Club (2022 - 2022) -> Bristol Bears (2023 - 2023) -> Hartpury RFC (2023 - 2023) -> Sydney University Football Club (2023 - 2023) -> Newport RFC (2023 - 2025) -> Dragons RFC (2025 - 2026),,,https://all.rugby/player/jac-lloyd,Bristol Bears (2019 - 2022) -> Hartpury RFC (2022 - 2022) -> Sydney University Football Club (2022 - 2022) -> Bristol Bears (2023 - 2023) -> Hartpury RFC (2023 - 2023) -> Sydney University Football Club (2023 - 2023) -> Newport RFC (2023 - 2025) -> Dragons RFC (2025 - 2026)
Tinus DE BEER,Tinus DE BEER,SO,Dragons,176,90,1996.01.24,,,,,A,https://all.rugby/player/tinus-de-beer,Bulls (2016 - 2017) -> Griquas (2019 - 2021) -> Pumas (2021 - 2023) -> Cardiff Rugby (2023 - 2025) -> Dragons RFC (2025 - 2026),,,https://all.rugby/player/tinus-de-beer,Bulls (2016 - 2017) -> Griquas (2019 - 2021) -> Pumas (2021 - 2023) -> Cardiff Rugby (2023 - 2025) -> Dragons RFC (2025 - 2026)
Aneurin OWEN,Aneurin OWEN,CTB,Dragons,180,89,2000.10.19,,,,,A,https://all.rugby/player/aneurin-owen,Dragons RFC (2018 - 2026),,,https://all.rugby/player/aneurin-owen,Dragons RFC (2018 - 2026)
Fetuli PAEA,Fetuli PAEA,CTB,Dragons,190,104,1994.08.16,,,,,A,https://all.rugby/player/fetuli-moe-ata-paea,Tasman Mako (2018 - 2019) -> Crusaders (2019 - 2019) -> Tasman Mako (2019 - 2019) -> Crusaders (2020 - 2020) -> Tasman Mako (2020 - 2020) -> Highlanders (2020 - 2020) -> Tasman Mako (2020 - 2020) -> Highlanders (2021 - 2021) -> Tasman Mako (2021 - 2021) -> Highlanders (2021 - 2021) -> Tasman Mako (2021 - 2021) -> Highlanders (2022 - 2022) -> Tasman Mako (2022 - 2022) -> Highlanders (2022 - 2023) -> Zebre Parma (2023 - 2025) -> Dragons RFC (2025 - 2026),Tonga,Tonga,https://all.rugby/player/fetuli-moe-ata-paea,Tasman Mako (2018 - 2019) -> Crusaders (2019 - 2019) -> Tasman Mako (2019 - 2019) -> Crusaders (2020 - 2020) -> Tasman Mako (2020 - 2020) -> Highlanders (2020 - 2020) -> Tasman Mako (2020 - 2020) -> Highlanders (2021 - 2021) -> Tasman Mako (2021 - 2021) -> Highlanders (2021 - 2021) -> Tasman Mako (2021 - 2021) -> Highlanders (2022 - 2022) -> Tasman Mako (2022 - 2022) -> Highlanders (2022 - 2023) -> Zebre Parma (2023 - 2025) -> Dragons RFC (2025 - 2026)
Harri ACKERMAN,Harri ACKERMAN,CTB,Dragons,185,93,2004..,,,,,A,https://all.rugby/player/harri-ackerman,Dragons RFC (2022 - 2026),,,https://all.rugby/player/harri-ackerman,Dragons RFC (2022 - 2026)
Joe WESTWOOD,Joe WESTWOOD,CTB,Dragons,193,106,2003.07.10,,,,,A,https://all.rugby/player/joe-westwood,Dragons RFC (2020 - 2026),,,https://all.rugby/player/joe-westwood,Dragons RFC (2020 - 2026)
Ewan ROSSER,Ewan ROSSER,Winger,Dragons,182,88,2000.12.16,,,,,A,https://all.rugby/player/ewan-rosser,Dragons RFC (2019 - 2026),,,https://all.rugby/player/ewan-rosser,Dragons RFC (2019 - 2026)
Fine INISI,Fine INISI,Winger,Dragons,187,98,1998.05.19,,,,,A,https://all.rugby/player/fine-inisi,North Harbour (2018 - 2021) -> Moana Pasifika (2021 - 2021) -> North Harbour (2021 - 2021) -> Moana Pasifika (2022 - 2022) -> North Harbour (2022 - 2022) -> Moana Pasifika (2022 - 2023) -> North Harbour (2023 - 2023) -> Moana Pasifika (2024 - 2024) -> North Harbour (2024 - 2024) -> Moana Pasifika (2024 - 2025) -> Dragons RFC (2025 - 2026),,,https://all.rugby/player/fine-inisi,North Harbour (2018 - 2021) -> Moana Pasifika (2021 - 2021) -> North Harbour (2021 - 2021) -> Moana Pasifika (2022 - 2022) -> North Harbour (2022 - 2022) -> Moana Pasifika (2022 - 2023) -> North Harbour (2023 - 2023) -> Moana Pasifika (2024 - 2024) -> North Harbour (2024 - 2024) -> Moana Pasifika (2024 - 2025) -> Dragons RFC (2025 - 2026)
Jared ROSSER,Jared ROSSER,Winger,Dragons,183,99,1997.12.31,,,,,A,https://all.rugby/player/jared-rosser,Dragons RFC (2017 - 2026),,,https://all.rugby/player/jared-rosser,Dragons RFC (2017 - 2026)
Rio DYER,Rio DYER,Winger,Dragons,185,84,1999.12.21,,,,,A,https://all.rugby/player/rio-dyer,Dragons RFC (2017 - 2026),Wales,Wales,https://all.rugby/player/rio-dyer,Dragons RFC (2017 - 2026)
David RICHARDS,David RICHARDS,FB,Dragons,182,93,1999.07.30,,,,,A,https://all.rugby/player/david-richards,Dragons RFC (2018 - 2024) -> Newport RFC (2024 - 2025) -> Dragons RFC (2025 - 2026),,,https://all.rugby/player/david-richards,Dragons RFC (2018 - 2024) -> Newport RFC (2024 - 2025) -> Dragons RFC (2025 - 2026)
Huw ANDERSON,Huw ANDERSON,FB,Dragons,178,85,2004..,,,,,A,https://all.rugby/player/huw-anderson,Dragons RFC (2022 - 2026),,,https://all.rugby/player/huw-anderson,Dragons RFC (2022 - 2026)
Codi PURNELL,Codi PURNELL,PR,Dragons,190,140,,,,,,A,https://all.rugby/player/codi-purnell,Bath Rugby (2024 - 2025) -> Dragons RFC (2025 - 2026),,,https://all.rugby/player/codi-purnell,Bath Rugby (2024 - 2025) -> Dragons RFC (2025 - 2026)
George TUCKLEY,George TUCKLEY,PR,Dragons,183,114,2006..,,,,,A,https://all.rugby/player/george-tuckley,Dragons RFC (2023 - 2026),,,https://all.rugby/player/george-tuckley,Dragons RFC (2023 - 2026)
Jordan MORRIS,Jordan MORRIS,PR,Dragons,185,109,2004.02.22,,,,,A,https://all.rugby/player/jordan-morris,Dragons RFC (2023 - 2026),,,https://all.rugby/player/jordan-morris,Dragons RFC (2023 - 2026)
Owain JAMES,Owain JAMES,PR,Dragons,188,125,2005..,,,,,A,https://all.rugby/player/owain-james-18238,Cardiff Rugby (2023 - 2024) -> Dragons RFC (2024 - 2026),,,https://all.rugby/player/owain-james-18238,Cardiff Rugby (2023 - 2024) -> Dragons RFC (2024 - 2026)
James TALAMAI,James TALAMAI,HO,Dragons,185,108,2007..,,,,,A,https://all.rugby/player/james-talamai,Saracens (2024 - 2025) -> Dragons RFC (2025 - 2026),,,https://all.rugby/player/james-talamai,Saracens (2024 - 2025) -> Dragons RFC (2025 - 2026)
Nick THOMAS,Nick THOMAS,LO,Dragons,198,113,2005..,,,,,A,https://all.rugby/player/nick-thomas,Dragons RFC (2023 - 2026),,,https://all.rugby/player/nick-thomas,Dragons RFC (2023 - 2026)
Cerrig SMITH,Cerrig SMITH,Back row,Dragons,188,113,,,,,,A,https://all.rugby/player/cerrig-smith,Dragons RFC (2025 - 2026),,,https://all.rugby/player/cerrig-smith,Dragons RFC (2025 - 2026)
Evan MINTO,Evan MINTO,Back row,Dragons,186,102,2006..,,,,,A,https://all.rugby/player/evan-minto,Dragons RFC (2024 - 2024) -> Hartpury RFC (2024 - 2024) -> Dragons RFC (2025 - 2025) -> Hartpury RFC (2025 - 2025) -> Dragons RFC (2025 - 2026),,,https://all.rugby/player/evan-minto,Dragons RFC (2024 - 2024) -> Hartpury RFC (2024 - 2024) -> Dragons RFC (2025 - 2025) -> Hartpury RFC (2025 - 2025) -> Dragons RFC (2025 - 2026)
Harry BEDDALL,Harry BEDDALL,Back row,Dragons,178,94,2005..,,,,,A,https://all.rugby/player/harry-beddall,Leicester Tigers (2022 - 2023) -> Hartpury RFC (2023 - 2023) -> Leicester Tigers (2023 - 2023) -> Hartpury RFC (2024 - 2024) -> Leicester Tigers (2024 - 2024) -> Hartpury RFC (2024 - 2024) -> Leicester Tigers (2025 - 2025) -> Hartpury RFC (2025 - 2025) -> Dragons RFC (2025 - 2026),,,https://all.rugby/player/harry-beddall,Leicester Tigers (2022 - 2023) -> Hartpury RFC (2023 - 2023) -> Leicester Tigers (2023 - 2023) -> Hartpury RFC (2024 - 2024) -> Leicester Tigers (2024 - 2024) -> Hartpury RFC (2024 - 2024) -> Leicester Tigers (2025 - 2025) -> Hartpury RFC (2025 - 2025) -> Dragons RFC (2025 - 2026)
Luke DANIEL,Luke DANIEL,Back row,Dragons,186,88,,,,,,A,https://all.rugby/player/luke-daniel,Dragons RFC (2025 - 2026),,,https://all.rugby/player/luke-daniel,Dragons RFC (2025 - 2026)
Owen CONQUER,Owen CONQUER,Back row,Dragons,191,114,2004..,,,,,A,https://all.rugby/player/owen-conquer,Ebbw Vale RFC (2023 - 2024) -> Dragons RFC (2024 - 2026),,,https://all.rugby/player/owen-conquer,Ebbw Vale RFC (2023 - 2024) -> Dragons RFC (2024 - 2026)
Ryan JONES,Ryan JONES,Back row,Dragons,182,93,2006..,,,,,A,https://all.rugby/player/ryan-jones-2006,Dragons RFC (2024 - 2026),,,https://all.rugby/player/ryan-jones-2006,Dragons RFC (2024 - 2026)
Carter PRITCHARD,Carter PRITCHARD,SH,Dragons,173,74,2007..,,,,,A,https://all.rugby/player/carter-pritchard,Dragons RFC (2025 - 2026),,,https://all.rugby/player/carter-pritchard,Dragons RFC (2025 - 2026)
Logan FRANKLIN,Logan FRANKLIN,SH,Dragons,178,81,2005..,,,,,A,https://all.rugby/player/logan-franklin,Dragons RFC (2024 - 2026),,,https://all.rugby/player/logan-franklin,Dragons RFC (2024 - 2026)
Harri FORD,Harri FORD,SO,Dragons,180,74,2005..,,,,,A,https://all.rugby/player/harri-ford,RGC 1404 (2023 - 2024) -> Dragons RFC (2024 - 2026),,,https://all.rugby/player/harri-ford,RGC 1404 (2023 - 2024) -> Dragons RFC (2024 - 2026)
Morgan CARTER,Morgan CARTER,CTB,Dragons,,,2004.01.08,,,,,A,https://all.rugby/player/morgan-carter,Dragons RFC (2025 - 2026),,,https://all.rugby/player/morgan-carter,Dragons RFC (2025 - 2026)
Harry REES-WELDON,Harry REES-WELDON,Winger,Dragons,186,100,2005..,,,,,A,https://all.rugby/player/harry-rees-weldon,Dragons RFC (2023 - 2026),,,https://all.rugby/player/harry-rees-weldon,Dragons RFC (2023 - 2026)
Oli WOODMAN,Oli WOODMAN,FB,Dragons,188,98,2005..,,,,,A,https://all.rugby/player/oli-woodman,Dragons RFC (2023 - 2026),,,https://all.rugby/player/oli-woodman,Dragons RFC (2023 - 2026)
Alec HEPBURN,Alec HEPBURN,PR,Scarlets,186,114,1993.03.30,,,,,A,https://all.rugby/player/alec-hepburn,Exeter Chiefs (2014 - 2024) -> Scarlets (2024 - 2026),Australia,Australia,https://all.rugby/player/alec-hepburn,Exeter Chiefs (2014 - 2024) -> Scarlets (2024 - 2026)
Archer HOLZ,Archer HOLZ,PR,Scarlets,189,128,2000.03.01,,,,,A,https://all.rugby/player/archer-holz,Eastern Suburbs RFC (2019 - 2020) -> Brumbies (2020 - 2021) -> New South Wales Waratahs (2021 - 2023) -> Stade Rochelais (2023 - 2023) -> New South Wales Waratahs (2023 - 2023) -> Stade Rochelais (2024 - 2024) -> New South Wales Waratahs (2024 - 2024) -> Scarlets (2024 - 2026),,,https://all.rugby/player/archer-holz,Eastern Suburbs RFC (2019 - 2020) -> Brumbies (2020 - 2021) -> New South Wales Waratahs (2021 - 2023) -> Stade Rochelais (2023 - 2023) -> New South Wales Waratahs (2023 - 2023) -> Stade Rochelais (2024 - 2024) -> New South Wales Waratahs (2024 - 2024) -> Scarlets (2024 - 2026)
Harri O'CONNOR,Harri O'CONNOR,PR,Scarlets,182,118,2000.10.25,,,,,A,https://all.rugby/player/harri-o-connor,Bath Rugby (2018 - 2019) -> Scarlets (2019 - 2026),England,England,https://all.rugby/player/harri-o-connor,Bath Rugby (2018 - 2019) -> Scarlets (2019 - 2026)
Henry THOMAS,Henry THOMAS,PR,Scarlets,188,120,1991.10.30,,,,,A,https://all.rugby/player/henry-thomas,Sale Sharks (2013 - 2014) -> Bath Rugby (2014 - 2021) -> Montpellier Hérault Rugby (2021 - 2023) -> Castres Olympique (2023 - 2023) -> Montpellier Hérault Rugby (2024 - 2024) -> Castres Olympique (2024 - 2024) -> Scarlets (2024 - 2026),England,England,https://all.rugby/player/henry-thomas,Sale Sharks (2013 - 2014) -> Bath Rugby (2014 - 2021) -> Montpellier Hérault Rugby (2021 - 2023) -> Castres Olympique (2023 - 2023) -> Montpellier Hérault Rugby (2024 - 2024) -> Castres Olympique (2024 - 2024) -> Scarlets (2024 - 2026)
Kemsley MATHIAS,Kemsley MATHIAS,PR,Scarlets,185,121,1999.07.29,,,,,A,https://all.rugby/player/kemsley-mathias,Scarlets (2018 - 2026),Wales,Wales,https://all.rugby/player/kemsley-mathias,Scarlets (2018 - 2026)
Sam O'CONNOR,Sam O'CONNOR,PR,Scarlets,185,117,2001.12.11,,,,,A,https://all.rugby/player/sam-o-connor,Scarlets (2021 - 2026),,,https://all.rugby/player/sam-o-connor,Scarlets (2021 - 2026)
Kirby MYHILL,Kirby MYHILL,HO,Scarlets,183,108,1992.02.05,,,,,A,https://all.rugby/player/kirby-myhill,Scarlets (2013 - 2016) -> Cardiff Rugby (2016 - 2023) -> Miami Sharks (2023 - 2025) -> Scarlets (2025 - 2026),,,https://all.rugby/player/kirby-myhill,Scarlets (2013 - 2016) -> Cardiff Rugby (2016 - 2023) -> Miami Sharks (2023 - 2025) -> Scarlets (2025 - 2026)
Marnus VAN DER MERWE,Marnus VAN DER MERWE,HO,Scarlets,186,115,1997.02.17,,,,,A,https://all.rugby/player/marnus-van-der-merwe,Central Cheetahs (2018 - 2020) -> Free State Cheetahs (2020 - 2022) -> Central Cheetahs (2022 - 2023) -> Ospreys (2023 - 2023) -> Central Cheetahs (2023 - 2023) -> Ospreys (2024 - 2024) -> Central Cheetahs (2024 - 2024) -> Scarlets (2024 - 2026),,,https://all.rugby/player/marnus-van-der-merwe,Central Cheetahs (2018 - 2020) -> Free State Cheetahs (2020 - 2022) -> Central Cheetahs (2022 - 2023) -> Ospreys (2023 - 2023) -> Central Cheetahs (2023 - 2023) -> Ospreys (2024 - 2024) -> Central Cheetahs (2024 - 2024) -> Scarlets (2024 - 2026)
Ryan ELIAS,Ryan ELIAS,HO,Scarlets,188,115,1995.01.07,,,,,A,https://all.rugby/player/ryan-elias,Scarlets (2014 - 2026),Wales,Wales,https://all.rugby/player/ryan-elias,Scarlets (2014 - 2026)
Jac PRICE,Jac PRICE,LO,Scarlets,198,115,2000.08.04,,,,,A,https://all.rugby/player/jac-price-2000,Scarlets (2018 - 2026),,,https://all.rugby/player/jac-price-2000,Scarlets (2018 - 2026)
Jake BALL,Jake BALL,LO,Scarlets,200,121,1991.06.21,,,,,A,https://all.rugby/player/jake-ball,Scarlets (2013 - 2021) -> Green Rockets Tokatsu (2021 - 2025) -> Scarlets (2025 - 2026),England,England,https://all.rugby/player/jake-ball,Scarlets (2013 - 2021) -> Green Rockets Tokatsu (2021 - 2025) -> Scarlets (2025 - 2026)
Max DOUGLAS,Max DOUGLAS,LO,Scarlets,200,112,2000.01.01,,,,,A,https://all.rugby/player/max-douglas,Manly Marlins (2018 - 2019) -> New South Wales Waratahs (2019 - 2021) -> Manly Marlins (2021 - 2021) -> New South Wales Waratahs (2022 - 2022) -> Manly Marlins (2022 - 2022) -> Yokohama Canon Eagles (2022 - 2024) -> Scarlets (2024 - 2026),,,https://all.rugby/player/max-douglas,Manly Marlins (2018 - 2019) -> New South Wales Waratahs (2019 - 2021) -> Manly Marlins (2021 - 2021) -> New South Wales Waratahs (2022 - 2022) -> Manly Marlins (2022 - 2022) -> Yokohama Canon Eagles (2022 - 2024) -> Scarlets (2024 - 2026)
Sam LOUSI,Sam LOUSI,LO,Scarlets,198,121,1991.07.20,,,,,A,https://all.rugby/player/sam-lousi,New South Wales Waratahs (2014 - 2016) -> Hurricanes (2016 - 2019) -> Scarlets (2019 - 2026),New Zealand,New Zealand,https://all.rugby/player/sam-lousi,New South Wales Waratahs (2014 - 2016) -> Hurricanes (2016 - 2019) -> Scarlets (2019 - 2026)
Taine PLUMTREE,Taine PLUMTREE,LO,Scarlets,195,108,2000.03.09,,,,,A,https://all.rugby/player/taine-plumtree,Wellington Lions (2019 - 2020) -> Blues (2020 - 2020) -> Wellington Lions (2020 - 2020) -> Blues (2021 - 2021) -> Wellington Lions (2021 - 2021) -> Blues (2021 - 2021) -> Wellington Lions (2021 - 2021) -> Blues (2022 - 2022) -> Wellington Lions (2022 - 2022) -> Blues (2022 - 2023) -> Scarlets (2023 - 2026),New Zealand,New Zealand,https://all.rugby/player/taine-plumtree,Wellington Lions (2019 - 2020) -> Blues (2020 - 2020) -> Wellington Lions (2020 - 2020) -> Blues (2021 - 2021) -> Wellington Lions (2021 - 2021) -> Blues (2021 - 2021) -> Wellington Lions (2021 - 2021) -> Blues (2022 - 2022) -> Wellington Lions (2022 - 2022) -> Blues (2022 - 2023) -> Scarlets (2023 - 2026)
Ben WILLIAMS,Ben WILLIAMS,Back row,Scarlets,188,108,2002.04.23,,,,,A,https://all.rugby/player/ben-williams-14088,Aberavon RFC (2021 - 2022) -> Scarlets (2022 - 2026),,,https://all.rugby/player/ben-williams-14088,Aberavon RFC (2021 - 2022) -> Scarlets (2022 - 2026)
Dan DAVIS,Dan DAVIS,Back row,Scarlets,182,101,1998.09.17,,,,,A,https://all.rugby/player/dan-davis,Scarlets (2017 - 2026),,,https://all.rugby/player/dan-davis,Scarlets (2017 - 2026)
Fletcher ANDERSON,Fletcher ANDERSON,Back row,Scarlets,187,109,2002.12.27,,,,,A,https://all.rugby/player/fletcher-anderson,Tasman Mako (2021 - 2022) -> Crusaders (2022 - 2023) -> Tasman Mako (2023 - 2023) -> Crusaders (2024 - 2024) -> Tasman Mako (2024 - 2024) -> Crusaders (2024 - 2024) -> Tasman Mako (2024 - 2024) -> Crusaders (2025 - 2025) -> Tasman Mako (2025 - 2025) -> Scarlets (2025 - 2026),,,https://all.rugby/player/fletcher-anderson,Tasman Mako (2021 - 2022) -> Crusaders (2022 - 2023) -> Tasman Mako (2023 - 2023) -> Crusaders (2024 - 2024) -> Tasman Mako (2024 - 2024) -> Crusaders (2024 - 2024) -> Tasman Mako (2024 - 2024) -> Crusaders (2025 - 2025) -> Tasman Mako (2025 - 2025) -> Scarlets (2025 - 2026)
Jarrod TAYLOR,Jarrod TAYLOR,Back row,Scarlets,188,100,2001.02.15,,,,,A,https://all.rugby/player/jarrod-taylor,Western Province (2021 - 2023) -> Stormers (2023 - 2023) -> Scarlets (2023 - 2023) -> Stormers (2024 - 2024) -> Scarlets (2024 - 2026),,,https://all.rugby/player/jarrod-taylor,Western Province (2021 - 2023) -> Stormers (2023 - 2023) -> Scarlets (2023 - 2023) -> Stormers (2024 - 2024) -> Scarlets (2024 - 2026)
Josh MACLEOD,Josh MACLEOD,Back row,Scarlets,189,110,1996.10.27,,,,,A,https://all.rugby/player/josh-macleod,Scarlets (2016 - 2026),,,https://all.rugby/player/josh-macleod,Scarlets (2016 - 2026)
Tristan DAVIES,Tristan DAVIES,Back row,Scarlets,193,104,2001.09.30,,,,,A,https://all.rugby/player/tristan-davies,Ospreys (2020 - 2023) -> Central Cheetahs (2023 - 2023) -> Ospreys (2024 - 2024) -> Central Cheetahs (2024 - 2024) -> Ospreys (2024 - 2025) -> Scarlets (2025 - 2026),,,https://all.rugby/player/tristan-davies,Ospreys (2020 - 2023) -> Central Cheetahs (2023 - 2023) -> Ospreys (2024 - 2024) -> Central Cheetahs (2024 - 2024) -> Ospreys (2024 - 2025) -> Scarlets (2025 - 2026)
Archie HUGHES,Archie HUGHES,SH,Scarlets,173,77,2003.02.14,,,,,A,https://all.rugby/player/archie-hughes,Scarlets (2021 - 2026),,,https://all.rugby/player/archie-hughes,Scarlets (2021 - 2026)
Dane BLACKER,Dane BLACKER,SH,Scarlets,178,78,1998.07.06,,,,,A,https://all.rugby/player/dane-blacker,Dragons RFC (2017 - 2017) -> Cardiff Rugby (2017 - 2017) -> Dragons RFC (2018 - 2018) -> Cardiff Rugby (2018 - 2019) -> Scarlets (2019 - 2023) -> Dragons RFC (2023 - 2025) -> Scarlets (2025 - 2026),,,https://all.rugby/player/dane-blacker,Dragons RFC (2017 - 2017) -> Cardiff Rugby (2017 - 2017) -> Dragons RFC (2018 - 2018) -> Cardiff Rugby (2018 - 2019) -> Scarlets (2019 - 2023) -> Dragons RFC (2023 - 2025) -> Scarlets (2025 - 2026)
Gareth DAVIES,Gareth DAVIES,SH,Scarlets,178,88,1990.08.18,,,,,A,https://all.rugby/player/gareth-davies-1990,Scarlets (2013 - 2026),Wales,Wales,https://all.rugby/player/gareth-davies-1990,Scarlets (2013 - 2026)
Billy MCBRYDE,Billy MCBRYDE,SO,Scarlets,177,94,1996.10.24,,,,,A,https://all.rugby/player/billy-mcbryde,Ospreys (2015 - 2017) -> Scarlets (2017 - 2018) -> RGC 1404 (2018 - 2020) -> Doncaster Knights (2020 - 2024) -> RGC 1404 (2024 - 2025) -> Scarlets (2025 - 2025) -> RGC 1404 (2026 - 2026) -> Scarlets (2026 - 2026),,,https://all.rugby/player/billy-mcbryde,Ospreys (2015 - 2017) -> Scarlets (2017 - 2018) -> RGC 1404 (2018 - 2020) -> Doncaster Knights (2020 - 2024) -> RGC 1404 (2024 - 2025) -> Scarlets (2025 - 2025) -> RGC 1404 (2026 - 2026) -> Scarlets (2026 - 2026)
Sam COSTELOW,Sam COSTELOW,SO,Scarlets,175,84,2001.01.10,,,,,A,https://all.rugby/player/sam-costelow,Leicester Tigers (2018 - 2020) -> Scarlets (2020 - 2026),Wales,Wales,https://all.rugby/player/sam-costelow,Leicester Tigers (2018 - 2020) -> Scarlets (2020 - 2026)
Eddie JAMES,Eddie JAMES,CTB,Scarlets,193,104,2002.08.10,,,,,A,https://all.rugby/player/eddie-james,Scarlets (2020 - 2026),,,https://all.rugby/player/eddie-james,Scarlets (2020 - 2026)
Ioan NICHOLAS,Ioan NICHOLAS,CTB,Scarlets,182,92,1998.04.03,,,,,A,https://all.rugby/player/ioan-nicholas,Scarlets (2015 - 2017) -> Benetton Rugby Trévise (2017 - 2017) -> Scarlets (2018 - 2018) -> Benetton Rugby Trévise (2018 - 2018) -> Scarlets (2018 - 2026),,,https://all.rugby/player/ioan-nicholas,Scarlets (2015 - 2017) -> Benetton Rugby Trévise (2017 - 2017) -> Scarlets (2018 - 2018) -> Benetton Rugby Trévise (2018 - 2018) -> Scarlets (2018 - 2026)
Joe HAWKINS,Joe HAWKINS,CTB,Scarlets,183,99,2002.06.11,,,,,A,https://all.rugby/player/joe-hawkins,Ospreys (2019 - 2023) -> Exeter Chiefs (2023 - 2025) -> Scarlets (2025 - 2026),,,https://all.rugby/player/joe-hawkins,Ospreys (2019 - 2023) -> Exeter Chiefs (2023 - 2025) -> Scarlets (2025 - 2026)
Joe ROBERTS,Joe ROBERTS,CTB,Scarlets,182,96,2000.05.10,,,,,A,https://all.rugby/player/joe-roberts,Scarlets (2018 - 2020) -> Ampthill Rugby (2020 - 2020) -> Scarlets (2020 - 2020) -> Ampthill Rugby (2021 - 2021) -> Scarlets (2021 - 2026),Wales,Wales,https://all.rugby/player/joe-roberts,Scarlets (2018 - 2020) -> Ampthill Rugby (2020 - 2020) -> Scarlets (2020 - 2020) -> Ampthill Rugby (2021 - 2021) -> Scarlets (2021 - 2026)
Johnny WILLIAMS,Johnny WILLIAMS,CTB,Scarlets,191,105,1996.10.18,,,,,A,https://all.rugby/player/johnny-williams-1996,London Irish (2015 - 2018) -> Newcastle (2018 - 2019) -> Scarlets (2019 - 2019) -> Newcastle (2020 - 2020) -> Scarlets (2020 - 2026),England,England,https://all.rugby/player/johnny-williams-1996,London Irish (2015 - 2018) -> Newcastle (2018 - 2019) -> Scarlets (2019 - 2019) -> Newcastle (2020 - 2020) -> Scarlets (2020 - 2026)
Macs PAGE,Macs PAGE,CTB,Scarlets,176,88,2004..,,,,,A,https://all.rugby/player/macs-page,Scarlets (2022 - 2026),,,https://all.rugby/player/macs-page,Scarlets (2022 - 2026)
Ellis MEE,Ellis MEE,Winger,Scarlets,193,92,2003.10.06,,,,,A,https://all.rugby/player/ellis-mee,Nottingham Rugby (2023 - 2024) -> Scarlets (2024 - 2026),,,https://all.rugby/player/ellis-mee,Nottingham Rugby (2023 - 2024) -> Scarlets (2024 - 2026)
Tom ROGERS,Tom ROGERS,Winger,Scarlets,185,87,1998.12.17,,,,,A,https://all.rugby/player/tom-rogers,Scarlets (2017 - 2026),Wales,Wales,https://all.rugby/player/tom-rogers,Scarlets (2017 - 2026)
Blair MURRAY,Blair MURRAY,FB,Scarlets,173,83,2001.10.09,,,,,A,https://all.rugby/player/blair-murray,Canterbury (2021 - 2024) -> Scarlets (2024 - 2026),New Zealand,New Zealand,https://all.rugby/player/blair-murray,Canterbury (2021 - 2024) -> Scarlets (2024 - 2026)
Tomi LEWIS,Tomi LEWIS,FB,Scarlets,185,87,1999.01.17,,,,,A,https://all.rugby/player/tomi-lewis,Scarlets (2017 - 2019) -> Ampthill Rugby (2019 - 2020) -> Scarlets (2020 - 2022) -> Jersey Reds (2022 - 2023) -> Scarlets (2023 - 2026),,,https://all.rugby/player/tomi-lewis,Scarlets (2017 - 2019) -> Ampthill Rugby (2019 - 2020) -> Scarlets (2020 - 2022) -> Jersey Reds (2022 - 2023) -> Scarlets (2023 - 2026)
Gabe HAWLEY,Gabe HAWLEY,PR,Scarlets,190,130,,,,,,A,https://all.rugby/player/gabe-hawley,Ealing Trailfinders (2023 - 2024) -> Scarlets (2024 - 2026),,,https://all.rugby/player/gabe-hawley,Ealing Trailfinders (2023 - 2024) -> Scarlets (2024 - 2026)
Hudson NEVIN,Hudson NEVIN,PR,Scarlets,188,113,,,,,,A,https://all.rugby/player/hudson-nevin,Scarlets (2025 - 2026),,,https://all.rugby/player/hudson-nevin,Scarlets (2025 - 2026)
Jac PRITCHARD,Jac PRITCHARD,PR,Scarlets,178,120,2006..,,,,,A,https://all.rugby/player/jac-pritchard,Scarlets (2024 - 2026),,,https://all.rugby/player/jac-pritchard,Scarlets (2024 - 2026)
Josh MORSE,Josh MORSE,PR,Scarlets,180,118,2004..,,,,,A,https://all.rugby/player/josh-morse,Scarlets (2022 - 2026),,,https://all.rugby/player/josh-morse,Scarlets (2022 - 2026)
Tom PHILLIPS,Tom PHILLIPS,PR,Scarlets,,,,,,,,A,https://all.rugby/player/tom-phillips-,Scarlets (2024 - 2026),,,https://all.rugby/player/tom-phillips-,Scarlets (2024 - 2026)
Yestyn COOK,Yestyn COOK,PR,Scarlets,193,133,2006..,,,,,A,https://all.rugby/player/yestyn-cook,Scarlets (2024 - 2026),,,https://all.rugby/player/yestyn-cook,Scarlets (2024 - 2026)
Harry THOMAS,Harry THOMAS,HO,Scarlets,185,108,2005..,,,,,A,https://all.rugby/player/harry-thomas,Scarlets (2023 - 2026),,,https://all.rugby/player/harry-thomas,Scarlets (2023 - 2026)
Isaac YOUNG,Isaac YOUNG,HO,Scarlets,180,105,2004..,,,,,A,https://all.rugby/player/isaac-young,Scarlets (2022 - 2026),,,https://all.rugby/player/isaac-young,Scarlets (2022 - 2026)
Dylan ALFORD,Dylan ALFORD,LO,Scarlets,198,,,,,,,A,https://all.rugby/player/dylan-alford,Scarlets (2024 - 2026),,,https://all.rugby/player/dylan-alford,Scarlets (2024 - 2026)
Harvey CUCKSON,Harvey CUCKSON,LO,Scarlets,200,120,2004.01.16,,,,,A,https://all.rugby/player/harvey-cuckson,Worcester Warriors (2021 - 2022) -> Bath Rugby (2022 - 2022) -> Worcester Warriors (2023 - 2023) -> Bath Rugby (2023 - 2025) -> Worcester Warriors (2025 - 2025) -> Scarlets (2025 - 2025) -> Bath Rugby (2026 - 2026) -> Worcester Warriors (2026 - 2026) -> Scarlets (2026 - 2026),,,https://all.rugby/player/harvey-cuckson,Worcester Warriors (2021 - 2022) -> Bath Rugby (2022 - 2022) -> Worcester Warriors (2023 - 2023) -> Bath Rugby (2023 - 2025) -> Worcester Warriors (2025 - 2025) -> Scarlets (2025 - 2025) -> Bath Rugby (2026 - 2026) -> Worcester Warriors (2026 - 2026) -> Scarlets (2026 - 2026)
Kai JONES,Kai JONES,LO,Scarlets,,,,,,,,A,https://all.rugby/player/kai-jones,Scarlets (2025 - 2026),,,https://all.rugby/player/kai-jones,Scarlets (2025 - 2026)
Sam WILLIAMS,Sam WILLIAMS,LO,Scarlets,,,,,,,,A,https://all.rugby/player/sam-williams-21689,Scarlets (2025 - 2026),,,https://all.rugby/player/sam-williams-21689,Scarlets (2025 - 2026)
Will EVANS,Will EVANS,LO,Scarlets,198,117,,,,,,A,https://all.rugby/player/will-evans,Scarlets (2024 - 2026),,,https://all.rugby/player/will-evans,Scarlets (2024 - 2026)
Dan GEMINE,Dan GEMINE,Back row,Scarlets,189,107,2005..,,,,,A,https://all.rugby/player/dan-gemine,Ospreys (2023 - 2025) -> Llandovery RFC (2025 - 2025) -> Scarlets (2025 - 2025) -> Llandovery RFC (2026 - 2026) -> Scarlets (2026 - 2026),,,https://all.rugby/player/dan-gemine,Ospreys (2023 - 2025) -> Llandovery RFC (2025 - 2025) -> Scarlets (2025 - 2025) -> Llandovery RFC (2026 - 2026) -> Scarlets (2026 - 2026)
Dom KOSSUTH,Dom KOSSUTH,Back row,Scarlets,188,107,2007..,,,,,A,https://all.rugby/player/dom-kossuth,Scarlets (2025 - 2026),,,https://all.rugby/player/dom-kossuth,Scarlets (2025 - 2026)
Joe DENMAN,Joe DENMAN,Back row,Scarlets,183,87,2006..,,,,,A,https://all.rugby/player/joe-denman,Scarlets (2025 - 2026),,,https://all.rugby/player/joe-denman,Scarlets (2025 - 2026)
Keanu EVANS,Keanu EVANS,Back row,Scarlets,,,2006..,,,,,A,https://all.rugby/player/keanu-evans,Scarlets (2024 - 2026),,,https://all.rugby/player/keanu-evans,Scarlets (2024 - 2026)
Osian WILLIAMS,Osian WILLIAMS,Back row,Scarlets,191,106,2006..,,,,,A,https://all.rugby/player/osian-williams,Scarlets (2025 - 2026),,,https://all.rugby/player/osian-williams,Scarlets (2025 - 2026)
Tiaan SPARROW,Tiaan SPARROW,Back row,Scarlets,,,,,,,,A,https://all.rugby/player/tiaan-sparrow,Scarlets (2024 - 2026),,,https://all.rugby/player/tiaan-sparrow,Scarlets (2024 - 2026)
Rhodri LEWIS,Rhodri LEWIS,SH,Scarlets,175,80,2004..,,,,,A,https://all.rugby/player/rhodri-lewis,Ospreys (2021 - 2024) -> Scarlets (2024 - 2026),,,https://all.rugby/player/rhodri-lewis,Ospreys (2021 - 2024) -> Scarlets (2024 - 2026)
Carwyn LEGGATT-JONES,Carwyn LEGGATT-JONES,SO,Scarlets,170,84,2007..,,,,,A,https://all.rugby/player/carwyn-leggatt-jones,Scarlets (2025 - 2026),,,https://all.rugby/player/carwyn-leggatt-jones,Scarlets (2025 - 2026)
Steff Jac JONES,Steff Jac JONES,SO,Scarlets,175,83,2006..,,,,,A,https://all.rugby/player/steff-jac-jones,Scarlets (2024 - 2026),,,https://all.rugby/player/steff-jac-jones,Scarlets (2024 - 2026)
Elis PRICE,Elis PRICE,CTB,Scarlets,193,89,2005..,,,,,A,https://all.rugby/player/elis-price,Scarlets (2023 - 2026),,,https://all.rugby/player/elis-price,Scarlets (2023 - 2026)
Gabe MCDONALD,Gabe MCDONALD,CTB,Scarlets,190,93,2004..,,,,,A,https://all.rugby/player/gabe-mcdonald,Scarlets (2023 - 2026),,,https://all.rugby/player/gabe-mcdonald,Scarlets (2023 - 2026)
Gryff WATKINS,Gryff WATKINS,CTB,Scarlets,,,,,,,,A,https://all.rugby/player/gryff-watkins,Scarlets (2025 - 2026),,,https://all.rugby/player/gryff-watkins,Scarlets (2025 - 2026)
Callum WOOLLEY,Callum WOOLLEY,Winger,Scarlets,193,,,,,,,A,https://all.rugby/player/callum-woolley,Scarlets (2024 - 2026),,,https://all.rugby/player/callum-woolley,Scarlets (2024 - 2026)
Thomas WILLIAMS,Thomas WILLIAMS,Winger,Scarlets,,,,,,,,A,https://all.rugby/player/thomas-williams,Scarlets (2025 - 2026),,,https://all.rugby/player/thomas-williams,Scarlets (2025 - 2026)
Ioan JONES,Ioan JONES,FB,Scarlets,181,80,2004..,,,,,A,https://all.rugby/player/ioan-jones,Gloucester Rugby (2022 - 2023) -> Hartpury RFC (2023 - 2023) -> Gloucester Rugby (2023 - 2023) -> Hartpury RFC (2024 - 2024) -> Gloucester Rugby (2024 - 2024) -> Hartpury RFC (2024 - 2024) -> Gloucester Rugby (2025 - 2025) -> Hartpury RFC (2025 - 2025) -> Scarlets (2025 - 2026),,,https://all.rugby/player/ioan-jones,Gloucester Rugby (2022 - 2023) -> Hartpury RFC (2023 - 2023) -> Gloucester Rugby (2023 - 2023) -> Hartpury RFC (2024 - 2024) -> Gloucester Rugby (2024 - 2024) -> Hartpury RFC (2024 - 2024) -> Gloucester Rugby (2025 - 2025) -> Hartpury RFC (2025 - 2025) -> Scarlets (2025 - 2026)
Iori BADHAM,Iori BADHAM,FB,Scarlets,183,80,2005..,,,,,A,https://all.rugby/player/iori-badham,Scarlets (2023 - 2026),,,https://all.rugby/player/iori-badham,Scarlets (2023 - 2026)
Jac DAVIES,Jac DAVIES,FB,Scarlets,183,85,2003.09.11,,,,,A,https://all.rugby/player/jac-davies,Scarlets (2022 - 2026),,,https://all.rugby/player/jac-davies,Scarlets (2022 - 2026)
Sion JONES,Sion JONES,FB,Scarlets,,,,,,,,A,https://all.rugby/player/sion-jones,Scarlets (2025 - 2026),,,https://all.rugby/player/sion-jones,Scarlets (2025 - 2026)
Enrique PIERETTO HEILAND,Enrique PIERETTO HEILAND,PR,Zebre,187,122,1994.12.15,,,,,A,https://all.rugby/player/enrique-pieretto-heiland,Jaguares (2015 - 2019) -> Exeter Chiefs (2019 - 2019) -> Glasgow Warriors (2019 - 2019) -> Exeter Chiefs (2020 - 2020) -> Glasgow Warriors (2020 - 2023) -> New South Wales Waratahs (2023 - 2023) -> Glasgow Warriors (2024 - 2024) -> New South Wales Waratahs (2024 - 2024) -> Provence Rugby (2024 - 2025) -> Zebre Parma (2025 - 2026),Argentina,Argentina,https://all.rugby/player/enrique-pieretto-heiland,Jaguares (2015 - 2019) -> Exeter Chiefs (2019 - 2019) -> Glasgow Warriors (2019 - 2019) -> Exeter Chiefs (2020 - 2020) -> Glasgow Warriors (2020 - 2023) -> New South Wales Waratahs (2023 - 2023) -> Glasgow Warriors (2024 - 2024) -> New South Wales Waratahs (2024 - 2024) -> Provence Rugby (2024 - 2025) -> Zebre Parma (2025 - 2026)
Ion NECULAI,Ion NECULAI,PR,Zebre,189,135,2001.01.25,,,,,A,https://all.rugby/player/ion-neculai,I Cavalieri Prato (2020 - 2021) -> Zebre Parma (2021 - 2026),,,https://all.rugby/player/ion-neculai,I Cavalieri Prato (2020 - 2021) -> Zebre Parma (2021 - 2026)
Juan PITINARI,Juan PITINARI,PR,Zebre,187,118,1995.01.18,,,,,A,https://all.rugby/player/juan-manuel-pitinari,Rugby Noceto (2021 - 2021) -> Zebre Parma (2021 - 2021) -> Rugby Noceto (2022 - 2022) -> Zebre Parma (2022 - 2026),,,https://all.rugby/player/juan-manuel-pitinari,Rugby Noceto (2021 - 2021) -> Zebre Parma (2021 - 2021) -> Rugby Noceto (2022 - 2022) -> Zebre Parma (2022 - 2026)
Luca FRANCESCHETTO,Luca FRANCESCHETTO,PR,Zebre,193,127,1999.06.07,,,,,A,https://all.rugby/player/luca-franceschetto,Petrarca Rugby (2019 - 2022) -> Colorno (2022 - 2024) -> Zebre Parma (2024 - 2026),,,https://all.rugby/player/luca-franceschetto,Petrarca Rugby (2019 - 2022) -> Colorno (2022 - 2024) -> Zebre Parma (2024 - 2026)
Luca RIZZOLI,Luca RIZZOLI,PR,Zebre,178,109,2002.05.03,,,,,A,https://all.rugby/player/luca-rizzoli,Unione Rugby Capitolina (2021 - 2022) -> Zebre Parma (2022 - 2026),,,https://all.rugby/player/luca-rizzoli,Unione Rugby Capitolina (2021 - 2022) -> Zebre Parma (2022 - 2026)
Marcos GALLORINI,Marcos GALLORINI,PR,Zebre,190,135,2004..,,,,,A,https://all.rugby/player/marcos-gallorini,Unione Rugby Capitolina (2022 - 2023) -> Benetton Rugby Trévise (2023 - 2025) -> Zebre Parma (2025 - 2025) -> Benetton Rugby Trévise (2026 - 2026) -> Zebre Parma (2026 - 2026),,,https://all.rugby/player/marcos-gallorini,Unione Rugby Capitolina (2022 - 2023) -> Benetton Rugby Trévise (2023 - 2025) -> Zebre Parma (2025 - 2025) -> Benetton Rugby Trévise (2026 - 2026) -> Zebre Parma (2026 - 2026)
Matteo NOCERA,Matteo NOCERA,PR,Zebre,194,130,1999.01.16,,,,,A,https://all.rugby/player/matteo-nocera,Zebre Parma (2018 - 2026),,,https://all.rugby/player/matteo-nocera,Zebre Parma (2018 - 2026)
Muhamed HASA,Muhamed HASA,PR,Zebre,183,125,2001.09.10,,,,,A,https://all.rugby/player/muhamed-hasa,Petrarca Rugby (2020 - 2022) -> Zebre Parma (2022 - 2026),,,https://all.rugby/player/muhamed-hasa,Petrarca Rugby (2020 - 2022) -> Zebre Parma (2022 - 2026)
Paolo BUONFIGLIO,Paolo BUONFIGLIO,PR,Zebre,183,114,1995.01.28,,,,,A,https://all.rugby/player/paolo-buonfiglio,Zebre Parma (2019 - 2026),Italy,Italy,https://all.rugby/player/paolo-buonfiglio,Zebre Parma (2019 - 2026)
Riccardo GENOVESE,Riccardo GENOVESE,PR,Zebre,189,126,2002.04.13,,,,,A,https://all.rugby/player/riccardo-genovese,CUS Torino Rugby (2021 - 2022) -> Zebre Parma (2022 - 2024) -> Benetton Rugby Trévise (2024 - 2024) -> Rangers Rugby Vicenza (2024 - 2024) -> Benetton Rugby Trévise (2025 - 2025) -> Rangers Rugby Vicenza (2025 - 2025) -> Zebre Parma (2025 - 2025) -> Mogliano Veneto Rugby (2025 - 2025) -> Zebre Parma (2026 - 2026) -> Mogliano Veneto Rugby (2026 - 2026),,,https://all.rugby/player/riccardo-genovese,CUS Torino Rugby (2021 - 2022) -> Zebre Parma (2022 - 2024) -> Benetton Rugby Trévise (2024 - 2024) -> Rangers Rugby Vicenza (2024 - 2024) -> Benetton Rugby Trévise (2025 - 2025) -> Rangers Rugby Vicenza (2025 - 2025) -> Zebre Parma (2025 - 2025) -> Mogliano Veneto Rugby (2025 - 2025) -> Zebre Parma (2026 - 2026) -> Mogliano Veneto Rugby (2026 - 2026)
Giampietro RIBALDI,Giampietro RIBALDI,HO,Zebre,186,110,1997.03.12,,,,,A,https://all.rugby/player/giampietro-ribaldi,Rugby Viadana 1970 (2017 - 2020) -> Zebre Parma (2020 - 2020) -> Rugby Viadana 1970 (2021 - 2021) -> Zebre Parma (2021 - 2021) -> Rugby Viadana 1970 (2021 - 2021) -> Zebre Parma (2022 - 2022) -> Rugby Viadana 1970 (2022 - 2022) -> Zebre Parma (2022 - 2026),,,https://all.rugby/player/giampietro-ribaldi,Rugby Viadana 1970 (2017 - 2020) -> Zebre Parma (2020 - 2020) -> Rugby Viadana 1970 (2021 - 2021) -> Zebre Parma (2021 - 2021) -> Rugby Viadana 1970 (2021 - 2021) -> Zebre Parma (2022 - 2022) -> Rugby Viadana 1970 (2022 - 2022) -> Zebre Parma (2022 - 2026)
Giovanni QUATTRINI,Giovanni QUATTRINI,HO,Zebre,179,111,2003.09.29,,,,,A,https://all.rugby/player/giovanni-quattrini,CUS Milano Rugby (2021 - 2022) -> Zebre Parma (2022 - 2026),,,https://all.rugby/player/giovanni-quattrini,CUS Milano Rugby (2021 - 2022) -> Zebre Parma (2022 - 2026)
Shilo KLEIN,Shilo KLEIN,HO,Zebre,181,107,1999.05.05,,,,,A,https://all.rugby/player/shilo-klein,Canterbury (2018 - 2021) -> Crusaders (2021 - 2021) -> Canterbury (2021 - 2021) -> Crusaders (2022 - 2022) -> Canterbury (2022 - 2022) -> San Diego Legion (2022 - 2022) -> North Harbour (2022 - 2022) -> San Diego Legion (2023 - 2023) -> North Harbour (2023 - 2024) -> San Diego Legion (2024 - 2025) -> Zebre Parma (2025 - 2026),United-States,United-States,https://all.rugby/player/shilo-klein,Canterbury (2018 - 2021) -> Crusaders (2021 - 2021) -> Canterbury (2021 - 2021) -> Crusaders (2022 - 2022) -> Canterbury (2022 - 2022) -> San Diego Legion (2022 - 2022) -> North Harbour (2022 - 2022) -> San Diego Legion (2023 - 2023) -> North Harbour (2023 - 2024) -> San Diego Legion (2024 - 2025) -> Zebre Parma (2025 - 2026)
Tommaso DI BARTOLOMEO,Tommaso DI BARTOLOMEO,HO,Zebre,180,107,2001.01.04,,,,,A,https://all.rugby/player/tommaso-di-bartolomeo,Petrarca Rugby (2020 - 2021) -> Zebre Parma (2021 - 2021) -> Petrarca Rugby (2022 - 2022) -> Zebre Parma (2022 - 2022) -> Petrarca Rugby (2022 - 2023) -> Zebre Parma (2023 - 2026),,,https://all.rugby/player/tommaso-di-bartolomeo,Petrarca Rugby (2020 - 2021) -> Zebre Parma (2021 - 2021) -> Petrarca Rugby (2022 - 2022) -> Zebre Parma (2022 - 2022) -> Petrarca Rugby (2022 - 2023) -> Zebre Parma (2023 - 2026)
Alessandro ORTOMBINA,Alessandro ORTOMBINA,LO,Zebre,196,114,2002.10.05,,,,,A,https://all.rugby/player/alessandro-ortombina,Valorugby Emilia (2021 - 2023) -> Union Sportive Arlequins Perpignanais (2023 - 2025) -> Zebre Parma (2025 - 2026),,,https://all.rugby/player/alessandro-ortombina,Valorugby Emilia (2021 - 2023) -> Union Sportive Arlequins Perpignanais (2023 - 2025) -> Zebre Parma (2025 - 2026)
Francesco RUFFOLO,Francesco RUFFOLO,LO,Zebre,198,118,2002.10.31,,,,,A,https://all.rugby/player/francesco-ruffolo,Colorno (2021 - 2024) -> Zebre Parma (2024 - 2026),,,https://all.rugby/player/francesco-ruffolo,Colorno (2021 - 2024) -> Zebre Parma (2024 - 2026)
Franco CARRERA,Franco CARRERA,LO,Zebre,198,115,1999.06.02,,,,,A,https://all.rugby/player/franco-carrera,Pampas XV (2022 - 2023) -> Cobras Brasil XV (2023 - 2024) -> Pampas XV (2024 - 2025) -> Zebre Parma (2025 - 2026),,,https://all.rugby/player/franco-carrera,Pampas XV (2022 - 2023) -> Cobras Brasil XV (2023 - 2024) -> Pampas XV (2024 - 2025) -> Zebre Parma (2025 - 2026)
Leonard KRUMOV,Leonard KRUMOV,LO,Zebre,198,120,1996.05.01,,,,,A,https://all.rugby/player/leonard-krumov,Zebre Parma (2017 - 2026),,,https://all.rugby/player/leonard-krumov,Zebre Parma (2017 - 2026)
Matteo CANALI,Matteo CANALI,LO,Zebre,198,123,1998.09.11,,,,,A,https://all.rugby/player/matteo-canali,Rugby Rovigo Delta (2018 - 2020) -> Benetton Rugby Trévise (2020 - 2021) -> Petrarca Rugby (2021 - 2023) -> Zebre Parma (2023 - 2026),Italy,Italy,https://all.rugby/player/matteo-canali,Rugby Rovigo Delta (2018 - 2020) -> Benetton Rugby Trévise (2020 - 2021) -> Petrarca Rugby (2021 - 2023) -> Zebre Parma (2023 - 2026)
Bautista STAVILE,Bautista STAVILE,Back row,Zebre,183,100,1997.02.22,,,,,A,https://all.rugby/player/bautista-stavile,Selknam (2019 - 2021) -> Rugby Viadana 1970 (2021 - 2022) -> Rugby Rovigo Delta (2022 - 2023) -> Zebre Parma (2023 - 2026),,,https://all.rugby/player/bautista-stavile,Selknam (2019 - 2021) -> Rugby Viadana 1970 (2021 - 2022) -> Rugby Rovigo Delta (2022 - 2023) -> Zebre Parma (2023 - 2026)
David ODIASE,David ODIASE,Back row,Zebre,190,114,2003.01.19,,,,,A,https://all.rugby/player/david-odiase,Colorno (2021 - 2022) -> Oyonnax Rugby (2022 - 2025) -> Zebre Parma (2025 - 2026),Italy,Italy,https://all.rugby/player/david-odiase,Colorno (2021 - 2022) -> Oyonnax Rugby (2022 - 2025) -> Zebre Parma (2025 - 2026)
Davide RUGGERI,Davide RUGGERI,Back row,Zebre,189,109,1999.05.07,,,,,A,https://all.rugby/player/davide-ruggeri,Zebre Parma (2018 - 2019) -> Rugby Rovigo Delta (2019 - 2020) -> Benetton Rugby Trévise (2020 - 2021) -> Rugby Rovigo Delta (2021 - 2022) -> Zebre Parma (2022 - 2026),,,https://all.rugby/player/davide-ruggeri,Zebre Parma (2018 - 2019) -> Rugby Rovigo Delta (2019 - 2020) -> Benetton Rugby Trévise (2020 - 2021) -> Rugby Rovigo Delta (2021 - 2022) -> Zebre Parma (2022 - 2026)
Giacomo FERRARI,Giacomo FERRARI,Back row,Zebre,190,107,2002.01.22,,,,,A,https://all.rugby/player/giacomo-ferrari,Unione Rugby Capitolina (2021 - 2022) -> Zebre Parma (2022 - 2026),,,https://all.rugby/player/giacomo-ferrari,Unione Rugby Capitolina (2021 - 2022) -> Zebre Parma (2022 - 2026)
Giacomo MILANO,Giacomo MILANO,Back row,Zebre,192,110,2005..,,,,,A,https://all.rugby/player/giacomo-milano,Unione Rugby Capitolina (2023 - 2024) -> Zebre Parma (2024 - 2026),,,https://all.rugby/player/giacomo-milano,Unione Rugby Capitolina (2023 - 2024) -> Zebre Parma (2024 - 2026)
Giovanni LICATA,Giovanni LICATA,Back row,Zebre,193,111,1997.02.18,,,,,A,https://all.rugby/player/giovanni-licata,Zebre Parma (2017 - 2026),Italy,Italy,https://all.rugby/player/giovanni-licata,Zebre Parma (2017 - 2026)
Guido VOLPI,Guido VOLPI,Back row,Zebre,193,112,1995.08.22,,,,,A,https://all.rugby/player/guido-volpi,Old Georgian Club (2016 - 2017) -> Racing Club Narbonnais (2017 - 2018) -> Ospreys (2018 - 2019) -> Doncaster Knights (2019 - 2019) -> Ospreys (2020 - 2020) -> Doncaster Knights (2020 - 2020) -> Ospreys (2020 - 2020) -> Doncaster Knights (2020 - 2020) -> Ospreys (2021 - 2021) -> Doncaster Knights (2021 - 2022) -> Zebre Parma (2022 - 2026),,,https://all.rugby/player/guido-volpi,Old Georgian Club (2016 - 2017) -> Racing Club Narbonnais (2017 - 2018) -> Ospreys (2018 - 2019) -> Doncaster Knights (2019 - 2019) -> Ospreys (2020 - 2020) -> Doncaster Knights (2020 - 2020) -> Ospreys (2020 - 2020) -> Doncaster Knights (2020 - 2020) -> Ospreys (2021 - 2021) -> Doncaster Knights (2021 - 2022) -> Zebre Parma (2022 - 2026)
Iacopo BIANCHI,Iacopo BIANCHI,Back row,Zebre,188,108,1998.05.05,,,,,A,https://all.rugby/player/iacopo-bianchi,Zebre Parma (2018 - 2026),,,https://all.rugby/player/iacopo-bianchi,Zebre Parma (2018 - 2026)
Samuele LOCATELLI,Samuele LOCATELLI,Back row,Zebre,187,109,2001.07.30,,,,,A,https://all.rugby/player/samuele-locatelli,Rugby Viadana 1970 (2021 - 2024) -> Zebre Parma (2024 - 2024) -> Rugby Viadana 1970 (2024 - 2024) -> Zebre Parma (2025 - 2025) -> Rugby Viadana 1970 (2025 - 2025) -> Zebre Parma (2025 - 2026),,,https://all.rugby/player/samuele-locatelli,Rugby Viadana 1970 (2021 - 2024) -> Zebre Parma (2024 - 2024) -> Rugby Viadana 1970 (2024 - 2024) -> Zebre Parma (2025 - 2025) -> Rugby Viadana 1970 (2025 - 2025) -> Zebre Parma (2025 - 2026)
Alessandro FUSCO,Alessandro FUSCO,SH,Zebre,185,91,1999.10.28,,,,,A,https://all.rugby/player/alessandro-fusco,Fiamme Oro Roma (2019 - 2020) -> Zebre Parma (2020 - 2026),,,https://all.rugby/player/alessandro-fusco,Fiamme Oro Roma (2019 - 2020) -> Zebre Parma (2020 - 2026)
Gonzalo GARCIA,Gonzalo GARCIA,SH,Zebre,173,82,1999.03.05,,,,,A,https://all.rugby/player/gonzalo-garcia-1999,Natacion y Gimnasia (2017 - 2019) -> Dogos XV (2019 - 2020) -> Cafeteros Pro (2020 - 2021) -> Valorugby Emilia (2021 - 2022) -> Zebre Parma (2022 - 2026),Argentina,Argentina,https://all.rugby/player/gonzalo-garcia-1999,Natacion y Gimnasia (2017 - 2019) -> Dogos XV (2019 - 2020) -> Cafeteros Pro (2020 - 2021) -> Valorugby Emilia (2021 - 2022) -> Zebre Parma (2022 - 2026)
Thomas DOMINGUEZ,Thomas DOMINGUEZ,SH,Zebre,175,79,1999.12.18,,,,,A,https://all.rugby/player/thomas-dominguez,Club Atlético San Isidro (2018 - 2019) -> Valorugby Emilia (2021 - 2023) -> Zebre Parma (2023 - 2026),,,https://all.rugby/player/thomas-dominguez,Club Atlético San Isidro (2018 - 2019) -> Valorugby Emilia (2021 - 2023) -> Zebre Parma (2023 - 2026)
Giacomo DA RE,Giacomo DA RE,SO,Zebre,180,84,1999.03.29,,,,,A,https://all.rugby/player/giacomo-da-re,Mogliano Veneto Rugby (2017 - 2021) -> Benetton Rugby Trévise (2021 - 2024) -> Zebre Parma (2024 - 2026),,,https://all.rugby/player/giacomo-da-re,Mogliano Veneto Rugby (2017 - 2021) -> Benetton Rugby Trévise (2021 - 2024) -> Zebre Parma (2024 - 2026)
Giovanni MONTEMAURI,Giovanni MONTEMAURI,SO,Zebre,189,92,2000.10.24,,,,,A,https://all.rugby/player/giovanni-montemauri,Stade Français Paris Rugby (2019 - 2020) -> Lazio (2020 - 2022) -> Rugby Rovigo Delta (2022 - 2023) -> Zebre Parma (2023 - 2026),,,https://all.rugby/player/giovanni-montemauri,Stade Français Paris Rugby (2019 - 2020) -> Lazio (2020 - 2022) -> Rugby Rovigo Delta (2022 - 2023) -> Zebre Parma (2023 - 2026)
Martin ROGER FARIAS,Martin ROGER FARIAS,SO,Zebre,186,94,1997.10.22,,,,,A,https://all.rugby/player/martin-roger-farias,Club Atlético San Isidro (2020 - 2021) -> Rugby Viadana 1970 (2023 - 2025) -> Zebre Parma (2025 - 2026),,,https://all.rugby/player/martin-roger-farias,Club Atlético San Isidro (2020 - 2021) -> Rugby Viadana 1970 (2023 - 2025) -> Zebre Parma (2025 - 2026)
Damiano MAZZA,Damiano MAZZA,CTB,Zebre,183,99,1999.02.16,,,,,A,https://all.rugby/player/damiano-mazza,Rugby Calvisano (2018 - 2022) -> Zebre Parma (2022 - 2026),,,https://all.rugby/player/damiano-mazza,Rugby Calvisano (2018 - 2022) -> Zebre Parma (2022 - 2026)
Enrico LUCCHIN,Enrico LUCCHIN,CTB,Zebre,188,103,1995.04.04,,,,,A,https://all.rugby/player/enrico-lucchin,Zebre Parma (2019 - 2026),Italy,Italy,https://all.rugby/player/enrico-lucchin,Zebre Parma (2019 - 2026)
Giulio BERTACCINI,Giulio BERTACCINI,CTB,Zebre,184,93,2000.11.29,,,,,A,https://all.rugby/player/giulio-bertaccini,Valorugby Emilia (2019 - 2024) -> Zebre Parma (2024 - 2024) -> Valorugby Emilia (2024 - 2024) -> Zebre Parma (2025 - 2025) -> Valorugby Emilia (2025 - 2025) -> Zebre Parma (2025 - 2026),,,https://all.rugby/player/giulio-bertaccini,Valorugby Emilia (2019 - 2024) -> Zebre Parma (2024 - 2024) -> Valorugby Emilia (2024 - 2024) -> Zebre Parma (2025 - 2025) -> Valorugby Emilia (2025 - 2025) -> Zebre Parma (2025 - 2026)
Luca MORISI,Luca MORISI,CTB,Zebre,183,102,1991.02.22,,,,,A,https://all.rugby/player/luca-morisi,Benetton Rugby Trévise (2013 - 2022) -> London Irish (2022 - 2023) -> Zebre Parma (2023 - 2026),Italy,Italy,https://all.rugby/player/luca-morisi,Benetton Rugby Trévise (2013 - 2022) -> London Irish (2022 - 2023) -> Zebre Parma (2023 - 2026)
Marco ZANON,Marco ZANON,CTB,Zebre,188,104,1997.10.03,,,,,A,https://all.rugby/player/marco-zanon,Benetton Rugby Trévise (2017 - 2021) -> Section Paloise Béarn Pyrénées (2021 - 2021) -> Benetton Rugby Trévise (2022 - 2022) -> Section Paloise Béarn Pyrénées (2022 - 2022) -> Benetton Rugby Trévise (2022 - 2025) -> Zebre Parma (2025 - 2026),Italy,Italy,https://all.rugby/player/marco-zanon,Benetton Rugby Trévise (2017 - 2021) -> Section Paloise Béarn Pyrénées (2021 - 2021) -> Benetton Rugby Trévise (2022 - 2022) -> Section Paloise Béarn Pyrénées (2022 - 2022) -> Benetton Rugby Trévise (2022 - 2025) -> Zebre Parma (2025 - 2026)
Albert BATISTA,Albert BATISTA,Winger,Zebre,180,87,2000.06.10,,,,,A,https://all.rugby/player/albert-batista,Colorno (2020 - 2025) -> Zebre Parma (2025 - 2026),Dominican Republic,Dominican Republic,https://all.rugby/player/albert-batista,Colorno (2020 - 2025) -> Zebre Parma (2025 - 2026)
Jacopo TRULLA,Jacopo TRULLA,Winger,Zebre,183,88,2000.07.05,,,,,A,https://all.rugby/player/jacopo-trulla,Rugby Calvisano (2019 - 2019) -> Zebre Parma (2019 - 2019) -> Rugby Calvisano (2020 - 2020) -> Zebre Parma (2020 - 2026),Italy,Italy,https://all.rugby/player/jacopo-trulla,Rugby Calvisano (2019 - 2019) -> Zebre Parma (2019 - 2019) -> Rugby Calvisano (2020 - 2020) -> Zebre Parma (2020 - 2026)
Malik FAISSAL,Malik FAISSAL,Winger,Zebre,183,92,2006..,,,,,A,https://all.rugby/player/malik-faissal,Zebre Parma (2024 - 2026),,,https://all.rugby/player/malik-faissal,Zebre Parma (2024 - 2026)
Simone GESI,Simone GESI,Winger,Zebre,183,80,2001.05.23,,,,,A,https://all.rugby/player/simone-gesi,Colorno (2020 - 2021) -> Zebre Parma (2021 - 2021) -> Colorno (2022 - 2022) -> Zebre Parma (2022 - 2026),,,https://all.rugby/player/simone-gesi,Colorno (2020 - 2021) -> Zebre Parma (2021 - 2021) -> Colorno (2022 - 2022) -> Zebre Parma (2022 - 2026)
Lorenzo PANI,Lorenzo PANI,FB,Zebre,193,101,2002.07.04,,,,,A,https://all.rugby/player/lorenzo-pani,Benetton Rugby Trévise (2021 - 2021) -> Zebre Parma (2021 - 2021) -> Benetton Rugby Trévise (2022 - 2022) -> Zebre Parma (2022 - 2026),,,https://all.rugby/player/lorenzo-pani,Benetton Rugby Trévise (2021 - 2021) -> Zebre Parma (2021 - 2021) -> Benetton Rugby Trévise (2022 - 2022) -> Zebre Parma (2022 - 2026)
Mirko BELLONI,Mirko BELLONI,FB,Zebre,187,99,2004..,,,,,A,https://all.rugby/player/mirko-belloni,Verona Rugby (2022 - 2024) -> Rugby Rovigo Delta (2024 - 2025) -> Zebre Parma (2025 - 2026),,,https://all.rugby/player/mirko-belloni,Verona Rugby (2022 - 2024) -> Rugby Rovigo Delta (2024 - 2025) -> Zebre Parma (2025 - 2026)
Migael PRINSLOO,Migael PRINSLOO,SH,Zebre,181,82,2006..,,,,,A,https://all.rugby/player/migael-prinsloo,Benetton Rugby Trévise (2024 - 2025) -> Zebre Parma (2025 - 2026),,,https://all.rugby/player/migael-prinsloo,Benetton Rugby Trévise (2024 - 2025) -> Zebre Parma (2025 - 2026)
Nikolaj VAROTTO,Nikolaj VAROTTO,SH,Zebre,170,80,2006..,,,,,A,https://all.rugby/player/nikolaj-varotto,Zebre Parma (2025 - 2026),,,https://all.rugby/player/nikolaj-varotto,Zebre Parma (2025 - 2026)
Fin RICHARDSON,Fin RICHARDSON,PR,Glasgow,183,124,1998.09.16,,,,,A,https://all.rugby/player/finlay-richardson,Exeter University RFC (2021 - 2022) -> Exeter Chiefs (2022 - 2023) -> Cornish Pirates (2023 - 2023) -> Exeter Chiefs (2024 - 2024) -> Cornish Pirates (2024 - 2024) -> Glasgow Warriors (2024 - 2026),,,https://all.rugby/player/finlay-richardson,Exeter University RFC (2021 - 2022) -> Exeter Chiefs (2022 - 2023) -> Cornish Pirates (2023 - 2023) -> Exeter Chiefs (2024 - 2024) -> Cornish Pirates (2024 - 2024) -> Glasgow Warriors (2024 - 2026)
Jamie BHATTI,Jamie BHATTI,PR,Glasgow,185,125,1993.09.08,,,,,A,https://all.rugby/player/jamie-bhatti,Glasgow Warriors (2016 - 2019) -> Edimbourg Rugby (2019 - 2020) -> Bath Rugby (2020 - 2020) -> Edimbourg Rugby (2021 - 2021) -> Bath Rugby (2021 - 2021) -> Glasgow Warriors (2021 - 2026),Scotland,Scotland,https://all.rugby/player/jamie-bhatti,Glasgow Warriors (2016 - 2019) -> Edimbourg Rugby (2019 - 2020) -> Bath Rugby (2020 - 2020) -> Edimbourg Rugby (2021 - 2021) -> Bath Rugby (2021 - 2021) -> Glasgow Warriors (2021 - 2026)
Murphy WALKER,Murphy WALKER,PR,Glasgow,185,110,1999.10.25,,,,,A,https://all.rugby/player/murphy-walker,Glasgow Warriors (2018 - 2026),,,https://all.rugby/player/murphy-walker,Glasgow Warriors (2018 - 2026)
Nathan MCBETH,Nathan MCBETH,PR,Glasgow,189,120,1998.06.08,,,,,A,https://all.rugby/player/nathan-mcbeth,Lions Rugby (2018 - 2020) -> Golden Lions (2020 - 2020) -> Lions Rugby (2021 - 2021) -> Golden Lions (2021 - 2021) -> Glasgow Warriors (2021 - 2026),,,https://all.rugby/player/nathan-mcbeth,Lions Rugby (2018 - 2020) -> Golden Lions (2020 - 2020) -> Lions Rugby (2021 - 2021) -> Golden Lions (2021 - 2021) -> Glasgow Warriors (2021 - 2026)
Patrick SCHICKERLING,Patrick SCHICKERLING,PR,Glasgow,182,120,1998.10.16,,,,,A,https://all.rugby/player/patrick-schickerling,Exeter Chiefs (2019 - 2024) -> Glasgow Warriors (2024 - 2026),,,https://all.rugby/player/patrick-schickerling,Exeter Chiefs (2019 - 2024) -> Glasgow Warriors (2024 - 2026)
Rory SUTHERLAND,Rory SUTHERLAND,PR,Glasgow,183,116,1992.08.24,,,,,A,https://all.rugby/player/rory-sutherland,Edimbourg Rugby (2014 - 2021) -> Worcester Warriors (2021 - 2022) -> Ulster Rugby (2022 - 2022) -> Worcester Warriors (2023 - 2023) -> Ulster Rugby (2023 - 2023) -> Oyonnax Rugby (2023 - 2024) -> Glasgow Warriors (2024 - 2026),Scotland,Scotland,https://all.rugby/player/rory-sutherland,Edimbourg Rugby (2014 - 2021) -> Worcester Warriors (2021 - 2022) -> Ulster Rugby (2022 - 2022) -> Worcester Warriors (2023 - 2023) -> Ulster Rugby (2023 - 2023) -> Oyonnax Rugby (2023 - 2024) -> Glasgow Warriors (2024 - 2026)
Sam TALAKAI,Sam TALAKAI,PR,Glasgow,183,122,1991.09.04,,,,,A,https://all.rugby/player/sam-talakai,Queensland Reds (2014 - 2017) -> Melbourne Rebels (2017 - 2019) -> Tokyo Sungoliath (2019 - 2022) -> Melbourne Rebels (2022 - 2024) -> Glasgow Warriors (2024 - 2026),Australia,Australia,https://all.rugby/player/sam-talakai,Queensland Reds (2014 - 2017) -> Melbourne Rebels (2017 - 2019) -> Tokyo Sungoliath (2019 - 2022) -> Melbourne Rebels (2022 - 2024) -> Glasgow Warriors (2024 - 2026)
Zander FAGERSON,Zander FAGERSON,PR,Glasgow,188,126,1996.01.19,,,,,A,https://all.rugby/player/zander-fagerson,Glasgow Warriors (2014 - 2026),Scotland,Scotland,https://all.rugby/player/zander-fagerson,Glasgow Warriors (2014 - 2026)
Angus FRASER,Angus FRASER,HO,Glasgow,181,110,1999.12.09,,,,,A,https://all.rugby/player/angus-fraser,Glasgow Warriors (2021 - 2026),,,https://all.rugby/player/angus-fraser,Glasgow Warriors (2021 - 2026)
Grant STEWART,Grant STEWART,HO,Glasgow,182,113,1995.02.28,,,,,A,https://all.rugby/player/grant-stewart,Glasgow Warriors (2017 - 2022) -> Connacht Rugby (2022 - 2023) -> Ayr RFC (2023 - 2023) -> Glasgow Warriors (2023 - 2023) -> Ayr RFC (2024 - 2024) -> Glasgow Warriors (2024 - 2026),Scotland,Scotland,https://all.rugby/player/grant-stewart,Glasgow Warriors (2017 - 2022) -> Connacht Rugby (2022 - 2023) -> Ayr RFC (2023 - 2023) -> Glasgow Warriors (2023 - 2023) -> Ayr RFC (2024 - 2024) -> Glasgow Warriors (2024 - 2026)
Gregor HIDDLESTON,Gregor HIDDLESTON,HO,Glasgow,187,120,2002.03.26,,,,,A,https://all.rugby/player/gregor-hiddleston,Glasgow Hutchesons Aloysians RFC (2021 - 2022) -> Glasgow Warriors (2022 - 2026),,,https://all.rugby/player/gregor-hiddleston,Glasgow Hutchesons Aloysians RFC (2021 - 2022) -> Glasgow Warriors (2022 - 2026)
Joe ROBERTS,Joe ROBERTS,HO,Glasgow,187,106,2006..,,,,,A,https://all.rugby/player/joe-roberts-,Robert Gordon’s College (2024 - 2025) -> Glasgow Warriors (2025 - 2026),,,https://all.rugby/player/joe-roberts-,Robert Gordon’s College (2024 - 2025) -> Glasgow Warriors (2025 - 2026)
Johnny MATTHEWS,Johnny MATTHEWS,HO,Glasgow,183,110,1993.07.05,,,,,A,https://all.rugby/player/johnny-matthews,Glasgow Warriors (2019 - 2026),,,https://all.rugby/player/johnny-matthews,Glasgow Warriors (2019 - 2026)
Tavi TUIPULOTU,Tavi TUIPULOTU,HO,Glasgow,181,110,2004.03.07,,,,,A,https://all.rugby/player/ottavio-tuipulotu,Melbourne Rebels (2023 - 2024) -> New South Wales Waratahs (2024 - 2025) -> Glasgow Warriors (2025 - 2026),,,https://all.rugby/player/ottavio-tuipulotu,Melbourne Rebels (2023 - 2024) -> New South Wales Waratahs (2024 - 2025) -> Glasgow Warriors (2025 - 2026)
Alex CRAIG,Alex CRAIG,LO,Glasgow,198,119,1997.04.26,,,,,A,https://all.rugby/player/alex-craig,Gloucester Rugby (2018 - 2023) -> Scarlets (2023 - 2025) -> Glasgow Warriors (2025 - 2026),Scotland,Scotland,https://all.rugby/player/alex-craig,Gloucester Rugby (2018 - 2023) -> Scarlets (2023 - 2025) -> Glasgow Warriors (2025 - 2026)
Alex SAMUEL,Alex SAMUEL,LO,Glasgow,206,124,2002.12.27,,,,,A,https://all.rugby/player/alex-samuel,Glasgow Warriors (2020 - 2026),Scotland,Scotland,https://all.rugby/player/alex-samuel,Glasgow Warriors (2020 - 2026)
Euan FERRIE,Euan FERRIE,LO,Glasgow,194,110,2001.07.23,,,,,A,https://all.rugby/player/euan-ferrie,Glasgow Hawks (2020 - 2021) -> Boroughmuir RFC (2021 - 2022) -> Glasgow Warriors (2022 - 2026),,,https://all.rugby/player/euan-ferrie,Glasgow Hawks (2020 - 2021) -> Boroughmuir RFC (2021 - 2022) -> Glasgow Warriors (2022 - 2026)
Gregor BROWN,Gregor BROWN,LO,Glasgow,196,109,2001.07.01,,,,,A,https://all.rugby/player/gregor-brown,Glasgow Warriors (2020 - 2026),Scotland,Scotland,https://all.rugby/player/gregor-brown,Glasgow Warriors (2020 - 2026)
Max WILLIAMSON,Max WILLIAMSON,LO,Glasgow,200,120,2002.08.05,,,,,A,https://all.rugby/player/max-williamson,Glasgow Warriors (2020 - 2022) -> Doncaster Knights (2022 - 2022) -> Glasgow Warriors (2023 - 2023) -> Doncaster Knights (2023 - 2023) -> Glasgow Warriors (2023 - 2026),Scotland,Scotland,https://all.rugby/player/max-williamson,Glasgow Warriors (2020 - 2022) -> Doncaster Knights (2022 - 2022) -> Glasgow Warriors (2023 - 2023) -> Doncaster Knights (2023 - 2023) -> Glasgow Warriors (2023 - 2026)
Olujare OGUNTIBEJU,Olujare OGUNTIBEJU,LO,Glasgow,202,123,2002.05.14,,,,,A,https://all.rugby/player/olujare-oguntibeju,Ealing Trailfinders (2020 - 2023) -> Stirling County RFC (2023 - 2024) -> Glasgow Warriors (2024 - 2026),,,https://all.rugby/player/olujare-oguntibeju,Ealing Trailfinders (2020 - 2023) -> Stirling County RFC (2023 - 2024) -> Glasgow Warriors (2024 - 2026)
Scott CUMMINGS,Scott CUMMINGS,LO,Glasgow,199,117,1996.12.03,,,,,A,https://all.rugby/player/scott-cummings,Glasgow Warriors (2015 - 2026),Scotland,Scotland,https://all.rugby/player/scott-cummings,Glasgow Warriors (2015 - 2026)
Ally MILLER,Ally MILLER,Back row,Glasgow,193,112,1996.05.10,,,,,A,https://all.rugby/player/ally-miller,Edimbourg Rugby (2017 - 2021) -> Glasgow Warriors (2021 - 2026),,,https://all.rugby/player/ally-miller,Edimbourg Rugby (2017 - 2021) -> Glasgow Warriors (2021 - 2026)
Jack DEMPSEY,Jack DEMPSEY,Back row,Glasgow,191,112,1994.04.12,,,,,A,https://all.rugby/player/jack-dempsey,New South Wales Waratahs (2014 - 2021) -> Glasgow Warriors (2021 - 2026),Australia,Australia,https://all.rugby/player/jack-dempsey,New South Wales Waratahs (2014 - 2021) -> Glasgow Warriors (2021 - 2026)
Matt FAGERSON,Matt FAGERSON,Back row,Glasgow,186,110,1998.07.16,,,,,A,https://all.rugby/player/matt-fagerson,Glasgow Warriors (2016 - 2026),Scotland,Scotland,https://all.rugby/player/matt-fagerson,Glasgow Warriors (2016 - 2026)
Rory DARGE,Rory DARGE,Back row,Glasgow,186,102,2000.02.23,,,,,A,https://all.rugby/player/rory-darge,Southern Knights (2019 - 2020) -> Edimbourg Rugby (2020 - 2020) -> Glasgow Warriors (2020 - 2020) -> Edimbourg Rugby (2021 - 2021) -> Glasgow Warriors (2021 - 2026),Scotland,Scotland,https://all.rugby/player/rory-darge,Southern Knights (2019 - 2020) -> Edimbourg Rugby (2020 - 2020) -> Glasgow Warriors (2020 - 2020) -> Edimbourg Rugby (2021 - 2021) -> Glasgow Warriors (2021 - 2026)
Sione VAILANU,Sione VAILANU,Back row,Glasgow,189,127,1995.01.27,,,,,A,https://all.rugby/player/sione-vailanu,Saracens (2017 - 2019) -> Wasps (2019 - 2021) -> Worcester Warriors (2021 - 2022) -> Glasgow Warriors (2022 - 2026),Tonga,Tonga,https://all.rugby/player/sione-vailanu,Saracens (2017 - 2019) -> Wasps (2019 - 2021) -> Worcester Warriors (2021 - 2022) -> Glasgow Warriors (2022 - 2026)
Ben AFSHAR,Ben AFSHAR,SH,Glasgow,184,81,2003.04.02,,,,,A,https://all.rugby/player/ben-afshar,Southern Knights (2021 - 2022) -> Glasgow Warriors (2022 - 2026),,,https://all.rugby/player/ben-afshar,Southern Knights (2021 - 2022) -> Glasgow Warriors (2022 - 2026)
George HORNE,George HORNE,SH,Glasgow,174,81,1995.05.12,,,,,A,https://all.rugby/player/george-horne,Glasgow Warriors (2016 - 2026),Scotland,Scotland,https://all.rugby/player/george-horne,Glasgow Warriors (2016 - 2026)
Jamie DOBIE,Jamie DOBIE,SH,Glasgow,175,81,2001.06.07,,,,,A,https://all.rugby/player/jamie-dobie,Glasgow Warriors (2019 - 2021) -> Bay of Plenty Steamers (2021 - 2021) -> Glasgow Warriors (2022 - 2022) -> Bay of Plenty Steamers (2022 - 2022) -> Glasgow Warriors (2022 - 2026),Scotland,Scotland,https://all.rugby/player/jamie-dobie,Glasgow Warriors (2019 - 2021) -> Bay of Plenty Steamers (2021 - 2021) -> Glasgow Warriors (2022 - 2022) -> Bay of Plenty Steamers (2022 - 2022) -> Glasgow Warriors (2022 - 2026)
Adam HASTINGS,Adam HASTINGS,SO,Glasgow,189,93,1996.10.05,,,,,A,https://all.rugby/player/adam-hastings,Bath Rugby (2015 - 2017) -> Glasgow Warriors (2017 - 2021) -> Gloucester Rugby (2021 - 2024) -> Glasgow Warriors (2024 - 2026),Scotland,Scotland,https://all.rugby/player/adam-hastings,Bath Rugby (2015 - 2017) -> Glasgow Warriors (2017 - 2021) -> Gloucester Rugby (2021 - 2024) -> Glasgow Warriors (2024 - 2026)
Charlie SAVALA,Charlie SAVALA,SO,Glasgow,193,102,2000.04.21,,,,,A,https://all.rugby/player/charlie-savala,Sydney Roosters (2019 - 2020) -> Edimbourg Rugby (2020 - 2023) -> Northampton Saints (2023 - 2023) -> Edimbourg Rugby (2024 - 2024) -> Northampton Saints (2024 - 2025) -> Glasgow Warriors (2025 - 2026),,,https://all.rugby/player/charlie-savala,Sydney Roosters (2019 - 2020) -> Edimbourg Rugby (2020 - 2023) -> Northampton Saints (2023 - 2023) -> Edimbourg Rugby (2024 - 2024) -> Northampton Saints (2024 - 2025) -> Glasgow Warriors (2025 - 2026)
Dan LANCASTER,Dan LANCASTER,SO,Glasgow,183,96,2001.05.23,,,,,A,https://all.rugby/player/dan-lancaster,Leeds Tykes (2020 - 2021) -> Leicester Tigers (2021 - 2022) -> Ealing Trailfinders (2022 - 2024) -> Racing 92 (2024 - 2025) -> Glasgow Warriors (2025 - 2026),,,https://all.rugby/player/dan-lancaster,Leeds Tykes (2020 - 2021) -> Leicester Tigers (2021 - 2022) -> Ealing Trailfinders (2022 - 2024) -> Racing 92 (2024 - 2025) -> Glasgow Warriors (2025 - 2026)
Duncan WEIR,Duncan WEIR,SO,Glasgow,176,91,1991.05.10,,,,,A,https://all.rugby/player/duncan-weir,Glasgow Warriors (2013 - 2016) -> Edimbourg Rugby (2016 - 2018) -> Worcester Warriors (2018 - 2021) -> Glasgow Warriors (2021 - 2026),Scotland,Scotland,https://all.rugby/player/duncan-weir,Glasgow Warriors (2013 - 2016) -> Edimbourg Rugby (2016 - 2018) -> Worcester Warriors (2018 - 2021) -> Glasgow Warriors (2021 - 2026)
Duncan MUNN,Duncan MUNN,CTB,Glasgow,191,94,2003.05.28,,,,,A,https://all.rugby/player/duncan-munn,Boroughmuir RFC (2021 - 2022) -> Glasgow Warriors (2022 - 2026),,,https://all.rugby/player/duncan-munn,Boroughmuir RFC (2021 - 2022) -> Glasgow Warriors (2022 - 2026)
Huw JONES,Huw JONES,CTB,Glasgow,186,102,1993.12.17,,,,,A,https://all.rugby/player/huw-jones,Stormers (2014 - 2016) -> Glasgow Warriors (2017 - 2021) -> Harlequins (2021 - 2022) -> Glasgow Warriors (2022 - 2026),Scotland,Scotland,https://all.rugby/player/huw-jones,Stormers (2014 - 2016) -> Glasgow Warriors (2017 - 2021) -> Harlequins (2021 - 2022) -> Glasgow Warriors (2022 - 2026)
Kyle STEYN,Kyle STEYN,CTB,Glasgow,188,102,1994.01.29,,,,,A,https://all.rugby/player/kyle-steyn,Glasgow Warriors (2018 - 2026),South Africa,South Africa,https://all.rugby/player/kyle-steyn,Glasgow Warriors (2018 - 2026)
Sione TUIPULOTU,Sione TUIPULOTU,CTB,Glasgow,178,104,1997.02.12,,,,,A,https://all.rugby/player/sione-tuipulotu,Melbourne Rebels (2015 - 2019) -> Shizuoka Blue Revs (2019 - 2021) -> Glasgow Warriors (2021 - 2026),Australia,Australia,https://all.rugby/player/sione-tuipulotu,Melbourne Rebels (2015 - 2019) -> Shizuoka Blue Revs (2019 - 2021) -> Glasgow Warriors (2021 - 2026)
Stafford MCDOWALL,Stafford MCDOWALL,CTB,Glasgow,193,103,1998.02.24,,,,,A,https://all.rugby/player/stafford-mcdowall,Glasgow Warriors (2017 - 2026),Scotland,Scotland,https://all.rugby/player/stafford-mcdowall,Glasgow Warriors (2017 - 2026)
Josh MCKAY,Josh MCKAY,FB,Glasgow,183,95,1997.10.10,,,,,A,https://all.rugby/player/josh-mckay,Highlanders (2017 - 2019) -> Canterbury (2019 - 2019) -> Highlanders (2020 - 2020) -> Canterbury (2020 - 2020) -> Crusaders (2020 - 2020) -> Canterbury (2020 - 2020) -> Crusaders (2021 - 2021) -> Canterbury (2021 - 2021) -> Glasgow Warriors (2021 - 2026),,,https://all.rugby/player/josh-mckay,Highlanders (2017 - 2019) -> Canterbury (2019 - 2019) -> Highlanders (2020 - 2020) -> Canterbury (2020 - 2020) -> Crusaders (2020 - 2020) -> Canterbury (2020 - 2020) -> Crusaders (2021 - 2021) -> Canterbury (2021 - 2021) -> Glasgow Warriors (2021 - 2026)
Kyle ROWE,Kyle ROWE,FB,Glasgow,183,88,1998.02.08,,,,,A,https://all.rugby/player/kyle-rowe,Edimbourg Rugby (2020 - 2021) -> London Irish (2021 - 2023) -> Glasgow Warriors (2023 - 2026),Scotland,Scotland,https://all.rugby/player/kyle-rowe,Edimbourg Rugby (2020 - 2021) -> London Irish (2021 - 2023) -> Glasgow Warriors (2023 - 2026)
Ollie SMITH,Ollie SMITH,FB,Glasgow,188,98,2000.08.07,,,,,A,https://all.rugby/player/ollie-smith,Glasgow Warriors (2018 - 2026),Scotland,Scotland,https://all.rugby/player/ollie-smith,Glasgow Warriors (2018 - 2026)
Jackson RENNIE,Jackson RENNIE,PR,Glasgow,188,119,2007..,,,,,A,https://all.rugby/player/jackson-rennie,Glasgow Warriors (2025 - 2026),,,https://all.rugby/player/jackson-rennie,Glasgow Warriors (2025 - 2026)
Jake SHEARER,Jake SHEARER,PR,Glasgow,185,113,2005..,,,,,A,https://all.rugby/player/jake-shearer,Cumnock RFC (2023 - 2024) -> Glasgow Warriors (2024 - 2026),,,https://all.rugby/player/jake-shearer,Cumnock RFC (2023 - 2024) -> Glasgow Warriors (2024 - 2026)
Ollie MCKENNA,Ollie MCKENNA,PR,Glasgow,182,109,2006..,,,,,A,https://all.rugby/player/ollie-mckenna,Glasgow Hutchesons Aloysians RFC (2023 - 2024) -> Glasgow Warriors (2024 - 2026),,,https://all.rugby/player/ollie-mckenna,Glasgow Hutchesons Aloysians RFC (2023 - 2024) -> Glasgow Warriors (2024 - 2026)
Seb STEPHEN,Seb STEPHEN,HO,Glasgow,189,113,2005..,,,,,A,https://all.rugby/player/seb-stephen,Glasgow Warriors (2024 - 2026),,,https://all.rugby/player/seb-stephen,Glasgow Warriors (2024 - 2026)
Dan HALKON,Dan HALKON,LO,Glasgow,200,120,2006..,,,,,A,https://all.rugby/player/dan-halkon,RGS Worcester (2023 - 2024) -> Glasgow Warriors (2024 - 2026),,,https://all.rugby/player/dan-halkon,RGS Worcester (2023 - 2024) -> Glasgow Warriors (2024 - 2026)
Dylan COCKBURN,Dylan COCKBURN,LO,Glasgow,195,112,2005..,,,,,A,https://all.rugby/player/dylan-cockburn,Melrose RFC (2023 - 2025) -> Glasgow Warriors (2025 - 2026),,,https://all.rugby/player/dylan-cockburn,Melrose RFC (2023 - 2025) -> Glasgow Warriors (2025 - 2026)
Ryan BURKE,Ryan BURKE,LO,Glasgow,200,117,2004..,,,,,A,https://all.rugby/player/ryan-burke,Glasgow Warriors (2023 - 2026),,,https://all.rugby/player/ryan-burke,Glasgow Warriors (2023 - 2026)
Archie MCMICHAEL,Archie MCMICHAEL,Back row,Glasgow,193,93,2006..,,,,,A,https://all.rugby/player/archie-mcmichael,Strathallan Rugby Academy (2023 - 2024) -> Glasgow Warriors (2024 - 2026),,,https://all.rugby/player/archie-mcmichael,Strathallan Rugby Academy (2023 - 2024) -> Glasgow Warriors (2024 - 2026)
Jonny MORRIS,Jonny MORRIS,Back row,Glasgow,192,108,2004.01.09,,,,,A,https://all.rugby/player/jonny-morris,Glasgow Hutchesons Aloysians RFC (2022 - 2023) -> Glasgow Warriors (2023 - 2026),,,https://all.rugby/player/jonny-morris,Glasgow Hutchesons Aloysians RFC (2022 - 2023) -> Glasgow Warriors (2023 - 2026)
Macenzzie DUNCAN,Macenzzie DUNCAN,Back row,Glasgow,183,106,2003.02.25,,,,,A,https://all.rugby/player/macenzzie-duncan,Bristol Bears (2021 - 2023) -> Hartpury RFC (2023 - 2023) -> Bristol Bears (2024 - 2024) -> Hartpury RFC (2024 - 2024) -> Glasgow Warriors (2024 - 2026),,,https://all.rugby/player/macenzzie-duncan,Bristol Bears (2021 - 2023) -> Hartpury RFC (2023 - 2023) -> Bristol Bears (2024 - 2024) -> Hartpury RFC (2024 - 2024) -> Glasgow Warriors (2024 - 2026)
Rory PURVIS,Rory PURVIS,Back row,Glasgow,191,106,2006..,,,,,A,https://all.rugby/player/rory-purvis,Stirling County RFC (2023 - 2024) -> Glasgow Warriors (2024 - 2026),,,https://all.rugby/player/rory-purvis,Stirling County RFC (2023 - 2024) -> Glasgow Warriors (2024 - 2026)
Brent JACKSON,Brent JACKSON,SH,Glasgow,180,84,2004..,,,,,A,https://all.rugby/player/brent-jackson,King Edward VII School (2023 - 2024) -> Glasgow Warriors (2024 - 2026),,,https://all.rugby/player/brent-jackson,King Edward VII School (2023 - 2024) -> Glasgow Warriors (2024 - 2026)
Jack OLIVER,Jack OLIVER,SH,Glasgow,174,81,2003.04.28,,,,,A,https://all.rugby/player/jack-oliver,Munster Rugby (2021 - 2025) -> Glasgow Warriors (2025 - 2026),,,https://all.rugby/player/jack-oliver,Munster Rugby (2021 - 2025) -> Glasgow Warriors (2025 - 2026)
Matthew URWIN,Matthew URWIN,SO,Glasgow,181,83,2005..,,,,,A,https://all.rugby/player/matthew-urwin,Glasgow Warriors (2023 - 2026),,,https://all.rugby/player/matthew-urwin,Glasgow Warriors (2023 - 2026)
Alex BRYDEN,Alex BRYDEN,CTB,Glasgow,193,102,2006..,,,,,A,https://all.rugby/player/alex-bryden,Dumfries Saints (2023 - 2024) -> Glasgow Warriors (2024 - 2026),,,https://all.rugby/player/alex-bryden,Dumfries Saints (2023 - 2024) -> Glasgow Warriors (2024 - 2026)
Ben SALMON,Ben SALMON,CTB,Glasgow,182,83,2003.11.13,,,,,A,https://all.rugby/player/ben-salmon,Stirling County RFC (2021 - 2022) -> Glasgow Warriors (2022 - 2026),,,https://all.rugby/player/ben-salmon,Stirling County RFC (2021 - 2022) -> Glasgow Warriors (2022 - 2026)
Johnny VENTISEI,Johnny VENTISEI,CTB,Glasgow,181,96,2005..,,,,,A,https://all.rugby/player/johnny-ventisei,Glasgow Warriors (2023 - 2026),,,https://all.rugby/player/johnny-ventisei,Glasgow Warriors (2023 - 2026)
Kerr YULE,Kerr YULE,CTB,Glasgow,189,107,2005..,,,,,A,https://all.rugby/player/kerr-yule,Glasgow Hawks (2022 - 2023) -> Glasgow Warriors (2023 - 2026),,,https://all.rugby/player/kerr-yule,Glasgow Hawks (2022 - 2023) -> Glasgow Warriors (2023 - 2026)
Cameron VAN WYK,Cameron VAN WYK,Winger,Glasgow,183,93,2005..,,,,,A,https://all.rugby/player/cameron-van-wyk,Ayr RFC (2024 - 2025) -> Glasgow Warriors (2025 - 2026),,,https://all.rugby/player/cameron-van-wyk,Ayr RFC (2024 - 2025) -> Glasgow Warriors (2025 - 2026)
Kerr JOHNSTON,Kerr JOHNSTON,Winger,Glasgow,185,103,2004..,,,,,A,https://all.rugby/player/kerr-johnston,Gala Rugby (2021 - 2022) -> Boroughmuir RFC (2022 - 2023) -> Glasgow Warriors (2023 - 2024) -> Ampthill Rugby (2024 - 2024) -> Glasgow Warriors (2025 - 2025) -> Ampthill Rugby (2025 - 2025) -> Glasgow Warriors (2025 - 2026),,,https://all.rugby/player/kerr-johnston,Gala Rugby (2021 - 2022) -> Boroughmuir RFC (2022 - 2023) -> Glasgow Warriors (2023 - 2024) -> Ampthill Rugby (2024 - 2024) -> Glasgow Warriors (2025 - 2025) -> Ampthill Rugby (2025 - 2025) -> Glasgow Warriors (2025 - 2026)
Fergus WATSON,Fergus WATSON,FB,Glasgow,192,97,2005..,,,,,A,https://all.rugby/player/fergus-watson,Glasgow Warriors (2023 - 2026),,,https://all.rugby/player/fergus-watson,Glasgow Warriors (2023 - 2026)
Harry PROVAN,Harry PROVAN,FB,Glasgow,178,96,2006..,,,,,A,https://all.rugby/player/harry-provan,Birkmyre Rugby (2023 - 2024) -> Glasgow Warriors (2024 - 2026),,,https://all.rugby/player/harry-provan,Birkmyre Rugby (2023 - 2024) -> Glasgow Warriors (2024 - 2026)
Corey DOMACHOWSKI,Corey DOMACHOWSKI,PR,Cardiff,183,124,1996.09.19,,,,,A,https://all.rugby/player/corey-domachowski,Cardiff Rugby (2015 - 2026),,,https://all.rugby/player/corey-domachowski,Cardiff Rugby (2015 - 2026)
Danny SOUTHWORTH,Danny SOUTHWORTH,PR,Cardiff,183,120,1999.05.04,,,,,A,https://all.rugby/player/danny-southworth,Exeter Chiefs (2019 - 2022) -> Coventry Rugby (2022 - 2022) -> Exeter Chiefs (2022 - 2022) -> Coventry Rugby (2023 - 2023) -> Exeter Chiefs (2023 - 2023) -> Coventry Rugby (2023 - 2023) -> Exeter Chiefs (2024 - 2024) -> Coventry Rugby (2024 - 2024) -> Cardiff Rugby (2024 - 2026),,,https://all.rugby/player/danny-southworth,Exeter Chiefs (2019 - 2022) -> Coventry Rugby (2022 - 2022) -> Exeter Chiefs (2022 - 2022) -> Coventry Rugby (2023 - 2023) -> Exeter Chiefs (2023 - 2023) -> Coventry Rugby (2023 - 2023) -> Exeter Chiefs (2024 - 2024) -> Coventry Rugby (2024 - 2024) -> Cardiff Rugby (2024 - 2026)
Ed BYRNE,Ed BYRNE,PR,Cardiff,180,115,1993.09.09,,,,,A,https://all.rugby/player/ed-byrne,Leinster Rugby (2013 - 2024) -> Cardiff Rugby (2024 - 2026),Ireland,Ireland,https://all.rugby/player/ed-byrne,Leinster Rugby (2013 - 2024) -> Cardiff Rugby (2024 - 2026)
Javan SEBASTIAN,Javan SEBASTIAN,PR,Cardiff,177,125,1994.09.27,,,,,A,https://all.rugby/player/javan-sebastian,Scarlets (2017 - 2023) -> Edimbourg Rugby (2023 - 2025) -> Cardiff Rugby (2025 - 2026),Wales,Wales,https://all.rugby/player/javan-sebastian,Scarlets (2017 - 2023) -> Edimbourg Rugby (2023 - 2025) -> Cardiff Rugby (2025 - 2026)
Joe COWELL,Joe COWELL,PR,Cardiff,187,124,2002.01.06,,,,,A,https://all.rugby/player/joe-cowell,Cardiff Met RFC (2021 - 2021) -> Cardiff Rugby (2021 - 2021) -> Cardiff Met RFC (2022 - 2022) -> Cardiff Rugby (2022 - 2022) -> Cardiff Met RFC (2022 - 2024) -> Cardiff Rugby (2024 - 2025) -> Bedford Blues (2025 - 2025) -> Northampton Saints (2025 - 2025) -> Cardiff Rugby (2026 - 2026) -> Bedford Blues (2026 - 2026) -> Northampton Saints (2026 - 2026),,,https://all.rugby/player/joe-cowell,Cardiff Met RFC (2021 - 2021) -> Cardiff Rugby (2021 - 2021) -> Cardiff Met RFC (2022 - 2022) -> Cardiff Rugby (2022 - 2022) -> Cardiff Met RFC (2022 - 2024) -> Cardiff Rugby (2024 - 2025) -> Bedford Blues (2025 - 2025) -> Northampton Saints (2025 - 2025) -> Cardiff Rugby (2026 - 2026) -> Bedford Blues (2026 - 2026) -> Northampton Saints (2026 - 2026)
Keiron ASSIRATTI,Keiron ASSIRATTI,PR,Cardiff,188,120,1997.06.30,,,,,A,https://all.rugby/player/kieron-assiratti,Cardiff Rugby (2016 - 2019) -> Bristol Bears (2019 - 2019) -> Cardiff Rugby (2020 - 2020) -> Bristol Bears (2020 - 2020) -> Cardiff Rugby (2020 - 2026),Wales,Wales,https://all.rugby/player/kieron-assiratti,Cardiff Rugby (2016 - 2019) -> Bristol Bears (2019 - 2019) -> Cardiff Rugby (2020 - 2020) -> Bristol Bears (2020 - 2020) -> Cardiff Rugby (2020 - 2026)
Rhys BARRATT,Rhys BARRATT,PR,Cardiff,184,111,2002.10.27,,,,,A,https://all.rugby/player/rhys-barratt,Cardiff Rugby (2021 - 2026),,,https://all.rugby/player/rhys-barratt,Cardiff Rugby (2021 - 2026)
Sam WAINWRIGHT,Sam WAINWRIGHT,PR,Cardiff,182,119,1998.05.07,,,,,A,https://all.rugby/player/sam-wainwright,RGC 1404 (2018 - 2019) -> Saracens (2019 - 2022) -> Scarlets (2022 - 2022) -> Saracens (2023 - 2023) -> Scarlets (2023 - 2025) -> Cardiff Rugby (2025 - 2026),Wales,Wales,https://all.rugby/player/sam-wainwright,RGC 1404 (2018 - 2019) -> Saracens (2019 - 2022) -> Scarlets (2022 - 2022) -> Saracens (2023 - 2023) -> Scarlets (2023 - 2025) -> Cardiff Rugby (2025 - 2026)
Will DAVIES-KING,Will DAVIES-KING,PR,Cardiff,193,128,1998.07.28,,,,,A,https://all.rugby/player/will-davies-king,Cardiff Rugby (2019 - 2025) -> Northampton Saints (2025 - 2025) -> Cardiff Rugby (2026 - 2026) -> Northampton Saints (2026 - 2026),,,https://all.rugby/player/will-davies-king,Cardiff Rugby (2019 - 2025) -> Northampton Saints (2025 - 2025) -> Cardiff Rugby (2026 - 2026) -> Northampton Saints (2026 - 2026)
Dafydd HUGHES,Dafydd HUGHES,HO,Cardiff,179,105,1996.01.08,,,,,A,https://all.rugby/player/dafydd-hughes,Scarlets (2016 - 2023) -> Jersey Reds (2023 - 2023) -> Cardiff Rugby (2023 - 2023) -> Jersey Reds (2024 - 2024) -> Cardiff Rugby (2024 - 2026),,,https://all.rugby/player/dafydd-hughes,Scarlets (2016 - 2023) -> Jersey Reds (2023 - 2023) -> Cardiff Rugby (2023 - 2023) -> Jersey Reds (2024 - 2024) -> Cardiff Rugby (2024 - 2026)
Ethan LEWIS,Ethan LEWIS,HO,Cardiff,182,109,1994.03.28,,,,,A,https://all.rugby/player/ethan-lewis,Cardiff Rugby (2015 - 2020) -> Saracens (2020 - 2020) -> Cardiff Rugby (2021 - 2021) -> Saracens (2021 - 2023) -> Ospreys (2023 - 2025) -> Cardiff Rugby (2025 - 2025) -> Ospreys (2026 - 2026) -> Cardiff Rugby (2026 - 2026),,,https://all.rugby/player/ethan-lewis,Cardiff Rugby (2015 - 2020) -> Saracens (2020 - 2020) -> Cardiff Rugby (2021 - 2021) -> Saracens (2021 - 2023) -> Ospreys (2023 - 2025) -> Cardiff Rugby (2025 - 2025) -> Ospreys (2026 - 2026) -> Cardiff Rugby (2026 - 2026)
Evan LLOYD,Evan LLOYD,HO,Cardiff,185,115,2001.12.28,,,,,A,https://all.rugby/player/evan-lloyd-,Cardiff Rugby (2020 - 2026),Wales,Wales,https://all.rugby/player/evan-lloyd-,Cardiff Rugby (2020 - 2026)
Liam BELCHER,Liam BELCHER,HO,Cardiff,177,107,1996.04.28,,,,,A,https://all.rugby/player/liam-belcher,Cardiff Rugby (2015 - 2016) -> Dragons RFC (2017 - 2018) -> Cardiff Rugby (2018 - 2026),,,https://all.rugby/player/liam-belcher,Cardiff Rugby (2015 - 2016) -> Dragons RFC (2017 - 2018) -> Cardiff Rugby (2018 - 2026)
George NOTT,George NOTT,LO,Cardiff,198,114,1996.06.21,,,,,A,https://all.rugby/player/george-nott,Sale Sharks (2014 - 2019) -> London Irish (2019 - 2022) -> Dragons RFC (2022 - 2025) -> Cardiff Rugby (2025 - 2026),,,https://all.rugby/player/george-nott,Sale Sharks (2014 - 2019) -> London Irish (2019 - 2022) -> Dragons RFC (2022 - 2025) -> Cardiff Rugby (2025 - 2026)
Josh MCNALLY,Josh MCNALLY,LO,Cardiff,200,125,1990.08.21,,,,,A,https://all.rugby/player/josh-mcnally,London Welsh RFC (2014 - 2015) -> London Irish (2017 - 2019) -> Bath Rugby (2019 - 2024) -> Cardiff Rugby (2024 - 2026),,,https://all.rugby/player/josh-mcnally,London Welsh RFC (2014 - 2015) -> London Irish (2017 - 2019) -> Bath Rugby (2019 - 2024) -> Cardiff Rugby (2024 - 2026)
Rory THORNTON,Rory THORNTON,LO,Cardiff,200,121,1995.03.16,,,,,A,https://all.rugby/player/rory-thornton,Ospreys (2014 - 2018) -> Cardiff Rugby (2018 - 2026),Wales,Wales,https://all.rugby/player/rory-thornton,Ospreys (2014 - 2018) -> Cardiff Rugby (2018 - 2026)
Alex MANN,Alex MANN,Back row,Cardiff,191,98,2002.01.06,,,,,A,https://all.rugby/player/alex-mann,Cardiff Rugby (2020 - 2026),Wales,Wales,https://all.rugby/player/alex-mann,Cardiff Rugby (2020 - 2026)
Alun LAWRENCE,Alun LAWRENCE,Back row,Cardiff,191,112,1998.09.15,,,,,A,https://all.rugby/player/alun-lawrence,Cardiff Rugby (2017 - 2021) -> Jersey Reds (2021 - 2021) -> Cardiff Rugby (2022 - 2022) -> Jersey Reds (2022 - 2023) -> Cardiff Rugby (2023 - 2023) -> Jersey Reds (2024 - 2024) -> Cardiff Rugby (2024 - 2026),,,https://all.rugby/player/alun-lawrence,Cardiff Rugby (2017 - 2021) -> Jersey Reds (2021 - 2021) -> Cardiff Rugby (2022 - 2022) -> Jersey Reds (2022 - 2023) -> Cardiff Rugby (2023 - 2023) -> Jersey Reds (2024 - 2024) -> Cardiff Rugby (2024 - 2026)
Ben DONNELL,Ben DONNELL,Back row,Cardiff,198,118,2000.08.02,,,,,A,https://all.rugby/player/ben-donnell,London Irish (2017 - 2023) -> Gloucester Rugby (2023 - 2023) -> Cardiff Rugby (2023 - 2023) -> Gloucester Rugby (2024 - 2024) -> Cardiff Rugby (2024 - 2026),,,https://all.rugby/player/ben-donnell,London Irish (2017 - 2023) -> Gloucester Rugby (2023 - 2023) -> Cardiff Rugby (2023 - 2023) -> Gloucester Rugby (2024 - 2024) -> Cardiff Rugby (2024 - 2026)
Dan THOMAS,Dan THOMAS,Back row,Cardiff,183,101,1993.10.11,,,,,A,https://all.rugby/player/daniel-thomas,Scarlets (2013 - 2014) -> Gloucester Rugby (2014 - 2017) -> Bristol Bears (2017 - 2022) -> Scarlets (2022 - 2022) -> Bristol Bears (2022 - 2022) -> Scarlets (2023 - 2023) -> Bristol Bears (2023 - 2024) -> Cardiff Rugby (2024 - 2026),,,https://all.rugby/player/daniel-thomas,Scarlets (2013 - 2014) -> Gloucester Rugby (2014 - 2017) -> Bristol Bears (2017 - 2022) -> Scarlets (2022 - 2022) -> Bristol Bears (2022 - 2022) -> Scarlets (2023 - 2023) -> Bristol Bears (2023 - 2024) -> Cardiff Rugby (2024 - 2026)
James BOTHAM,James BOTHAM,Back row,Cardiff,191,108,1998.02.22,,,,,A,https://all.rugby/player/james-botham,Cardiff Rugby (2017 - 2026),Wales,Wales,https://all.rugby/player/james-botham,Cardiff Rugby (2017 - 2026)
Lucas DE LA RUA,Lucas DE LA RUA,Back row,Cardiff,188,104,2004..,,,,,A,https://all.rugby/player/lucas-de-la-rua,Cardiff Rugby (2022 - 2026),,,https://all.rugby/player/lucas-de-la-rua,Cardiff Rugby (2022 - 2026)
Taine BASHAM,Taine BASHAM,Back row,Cardiff,182,100,1999.11.02,,,,,A,https://all.rugby/player/taine-basham,Dragons RFC (2017 - 2025) -> Cardiff Rugby (2025 - 2026),Wales,Wales,https://all.rugby/player/taine-basham,Dragons RFC (2017 - 2025) -> Cardiff Rugby (2025 - 2026)
Teddy WILLIAMS,Teddy WILLIAMS,Back row,Cardiff,200,118,2000.10.18,,,,,A,https://all.rugby/player/teddy-williams,Cardiff Rugby (2018 - 2026),Wales,Wales,https://all.rugby/player/teddy-williams,Cardiff Rugby (2018 - 2026)
Toby FALETAU,Toby FALETAU,Back row,Cardiff,188,115,1990.11.12,,,,,A,https://all.rugby/player/toby-faletau,Dragons RFC (2013 - 2016) -> Bath Rugby (2016 - 2022) -> Cardiff Rugby (2022 - 2026),Tonga,Tonga,https://all.rugby/player/toby-faletau,Dragons RFC (2013 - 2016) -> Bath Rugby (2016 - 2022) -> Cardiff Rugby (2022 - 2026)
Aled DAVIES,Aled DAVIES,SH,Cardiff,178,88,1992.07.19,,,,,A,https://all.rugby/player/aled-davies,Scarlets (2013 - 2018) -> Ospreys (2018 - 2019) -> Saracens (2019 - 2019) -> Ospreys (2020 - 2020) -> Saracens (2020 - 2024) -> Cardiff Rugby (2024 - 2026),Wales,Wales,https://all.rugby/player/aled-davies,Scarlets (2013 - 2018) -> Ospreys (2018 - 2019) -> Saracens (2019 - 2019) -> Ospreys (2020 - 2020) -> Saracens (2020 - 2024) -> Cardiff Rugby (2024 - 2026)
Johan MULDER,Johan MULDER,SH,Cardiff,176,85,1999.08.06,,,,,A,https://all.rugby/player/johan-mulder,Lions Rugby (2023 - 2024) -> Cardiff Rugby (2024 - 2026),,,https://all.rugby/player/johan-mulder,Lions Rugby (2023 - 2024) -> Cardiff Rugby (2024 - 2026)
Ben THOMAS,Ben THOMAS,SO,Cardiff,183,93,1998.11.25,,,,,A,https://all.rugby/player/ben-thomas,Cardiff Rugby (2017 - 2026),,,https://all.rugby/player/ben-thomas,Cardiff Rugby (2017 - 2026)
Callum SHEEDY,Callum SHEEDY,SO,Cardiff,177,88,1995.10.28,,,,,A,https://all.rugby/player/callum-sheedy,Bristol Bears (2018 - 2024) -> Cardiff Rugby (2024 - 2026),Wales,Wales,https://all.rugby/player/callum-sheedy,Bristol Bears (2018 - 2024) -> Cardiff Rugby (2024 - 2026)
Harri WILDE,Harri WILDE,SO,Cardiff,180,87,2005..,,,,,A,https://all.rugby/player/harri-wilde,Cardiff Rugby (2022 - 2026),,,https://all.rugby/player/harri-wilde,Cardiff Rugby (2022 - 2026)
Ioan LLOYD,Ioan LLOYD,SO,Cardiff,179,86,2001.04.05,,,,,A,https://all.rugby/player/ioan-lloyd,Bristol Bears (2018 - 2023) -> Scarlets (2023 - 2025) -> Cardiff Rugby (2025 - 2026),Wales,Wales,https://all.rugby/player/ioan-lloyd,Bristol Bears (2018 - 2023) -> Scarlets (2023 - 2025) -> Cardiff Rugby (2025 - 2026)
Rory JENNINGS,Rory JENNINGS,SO,Cardiff,180,91,1995.12.24,,,,,A,https://all.rugby/player/rory-jennings-,Bath Rugby (2014 - 2016) -> Ealing Trailfinders (2016 - 2016) -> Bath Rugby (2016 - 2016) -> Ealing Trailfinders (2017 - 2017) -> Bath Rugby (2017 - 2017) -> Rotherham Titans (2017 - 2018) -> London Scottish (2018 - 2019) -> Coventry Rugby (2019 - 2019) -> Leicester Tigers (2019 - 2019) -> Coventry Rugby (2020 - 2020) -> Leicester Tigers (2020 - 2020) -> ASM Clermont Auvergne (2020 - 2021) -> London Irish (2021 - 2023) -> Newcastle (2023 - 2024) -> Cardiff Rugby (2024 - 2026),,,https://all.rugby/player/rory-jennings-,Bath Rugby (2014 - 2016) -> Ealing Trailfinders (2016 - 2016) -> Bath Rugby (2016 - 2016) -> Ealing Trailfinders (2017 - 2017) -> Bath Rugby (2017 - 2017) -> Rotherham Titans (2017 - 2018) -> London Scottish (2018 - 2019) -> Coventry Rugby (2019 - 2019) -> Leicester Tigers (2019 - 2019) -> Coventry Rugby (2020 - 2020) -> Leicester Tigers (2020 - 2020) -> ASM Clermont Auvergne (2020 - 2021) -> London Irish (2021 - 2023) -> Newcastle (2023 - 2024) -> Cardiff Rugby (2024 - 2026)
Cornel SMIT,Cornel SMIT,CTB,Cardiff,183,96,1997.09.10,,,,,A,https://all.rugby/player/cornel-smit,Western Province (2017 - 2019) -> Stormers (2020 - 2023) -> Bulls (2023 - 2023) -> Stormers (2024 - 2024) -> Bulls (2024 - 2025) -> Cardiff Rugby (2025 - 2026),,,https://all.rugby/player/cornel-smit,Western Province (2017 - 2019) -> Stormers (2020 - 2023) -> Bulls (2023 - 2023) -> Stormers (2024 - 2024) -> Bulls (2024 - 2025) -> Cardiff Rugby (2025 - 2026)
Harri MILLARD,Harri MILLARD,CTB,Cardiff,183,94,1996.08.17,,,,,A,https://all.rugby/player/harri-millard,Cardiff Rugby (2015 - 2026),,,https://all.rugby/player/harri-millard,Cardiff Rugby (2015 - 2026)
Mason GRADY,Mason GRADY,CTB,Cardiff,196,117,2002.03.29,,,,,A,https://all.rugby/player/mason-grady,Cardiff Rugby (2019 - 2026),Wales,Wales,https://all.rugby/player/mason-grady,Cardiff Rugby (2019 - 2026)
Steffan EMANUEL,Steffan EMANUEL,CTB,Cardiff,183,96,2006..,,,,,A,https://all.rugby/player/steffan-emanuel,Bath Rugby (2023 - 2024) -> Cardiff Rugby (2024 - 2026),,,https://all.rugby/player/steffan-emanuel,Bath Rugby (2023 - 2024) -> Cardiff Rugby (2024 - 2026)
Iwan STEPHENS,Iwan STEPHENS,Winger,Cardiff,170,83,2002.03.24,,,,,A,https://all.rugby/player/iwan-stephens,Leeds Rhinos Rugby League Club (2019 - 2020) -> Newcastle (2020 - 2024) -> Cardiff Rugby (2024 - 2026),,,https://all.rugby/player/iwan-stephens,Leeds Rhinos Rugby League Club (2019 - 2020) -> Newcastle (2020 - 2024) -> Cardiff Rugby (2024 - 2026)
Josh ADAMS,Josh ADAMS,Winger,Cardiff,186,96,1995.04.21,,,,,A,https://all.rugby/player/josh--adams-,Worcester Warriors (2016 - 2019) -> Cardiff Rugby (2019 - 2026),Wales,Wales,https://all.rugby/player/josh--adams-,Worcester Warriors (2016 - 2019) -> Cardiff Rugby (2019 - 2026)
Theo CABANGO,Theo CABANGO,Winger,Cardiff,175,87,2001.11.29,,,,,A,https://all.rugby/player/theo-cabango,Cardiff Rugby (2019 - 2026),,,https://all.rugby/player/theo-cabango,Cardiff Rugby (2019 - 2026)
Cam WINNETT,Cam WINNETT,FB,Cardiff,180,85,2003.01.07,,,,,A,https://all.rugby/player/cam-winnett,Cardiff Rugby (2021 - 2026),Wales,Wales,https://all.rugby/player/cam-winnett,Cardiff Rugby (2021 - 2026)
Jacob BEETHAM,Jacob BEETHAM,FB,Cardiff,185,100,2001.04.18,,,,,A,https://all.rugby/player/jacob-beetham,Cardiff Rugby (2019 - 2026),,,https://all.rugby/player/jacob-beetham,Cardiff Rugby (2019 - 2026)
Leigh HALFPENNY,Leigh HALFPENNY,FB,Cardiff,178,86,1988.12.22,,,,,A,https://all.rugby/player/leigh-halfpenny,Cardiff Rugby (2013 - 2014) -> Rugby Club Toulonnais (2014 - 2017) -> Scarlets (2017 - 2023) -> Crusaders (2023 - 2024) -> Harlequins (2024 - 2025) -> Cardiff Rugby (2025 - 2026),Wales,Wales,https://all.rugby/player/leigh-halfpenny,Cardiff Rugby (2013 - 2014) -> Rugby Club Toulonnais (2014 - 2017) -> Scarlets (2017 - 2023) -> Crusaders (2023 - 2024) -> Harlequins (2024 - 2025) -> Cardiff Rugby (2025 - 2026)
Tom BOWEN,Tom BOWEN,FB,Cardiff,170,75,2006..,,,,,A,https://all.rugby/player/tom-bowen,Clifton Rugby (2022 - 2024) -> Cardiff Rugby (2024 - 2026),,,https://all.rugby/player/tom-bowen,Clifton Rugby (2022 - 2024) -> Cardiff Rugby (2024 - 2026)
Ioan EMANUEL,Ioan EMANUEL,PR,Cardiff,189,123,2005..,,,,,A,https://all.rugby/player/ioan-emanuel,Bath Rugby (2023 - 2025) -> Cardiff Rugby (2025 - 2025) -> Bath Rugby (2026 - 2026) -> Cardiff Rugby (2026 - 2026),,,https://all.rugby/player/ioan-emanuel,Bath Rugby (2023 - 2025) -> Cardiff Rugby (2025 - 2025) -> Bath Rugby (2026 - 2026) -> Cardiff Rugby (2026 - 2026)
Isaac JONES,Isaac JONES,PR,Cardiff,,,,,,,,A,https://all.rugby/player/isaac-jones,Cardiff Rugby (2024 - 2026),,,https://all.rugby/player/isaac-jones,Cardiff Rugby (2024 - 2026)
Max PEARCE,Max PEARCE,HO,Cardiff,180,110,2004..,,,,,A,https://all.rugby/player/max-pearce,Bath Rugby (2023 - 2025) -> Cardiff Rugby (2025 - 2025) -> Bath Rugby (2026 - 2026) -> Cardiff Rugby (2026 - 2026),,,https://all.rugby/player/max-pearce,Bath Rugby (2023 - 2025) -> Cardiff Rugby (2025 - 2025) -> Bath Rugby (2026 - 2026) -> Cardiff Rugby (2026 - 2026)
Tom HOWE,Tom HOWE,HO,Cardiff,188,109,2007..,,,,,A,https://all.rugby/player/tom-howe-22206,Cardiff Rugby (2025 - 2026),,,https://all.rugby/player/tom-howe-22206,Cardiff Rugby (2025 - 2026)
Gabe WILLIAMS,Gabe WILLIAMS,LO,Cardiff,198,106,,,,,,A,https://all.rugby/player/gabe-williams,Cardiff Rugby (2025 - 2026),,,https://all.rugby/player/gabe-williams,Cardiff Rugby (2025 - 2026)
Harri LEWIS,Harri LEWIS,LO,Cardiff,,,,,,,,A,https://all.rugby/player/harri-lewis,Cardiff Rugby (2025 - 2026),,,https://all.rugby/player/harri-lewis,Cardiff Rugby (2025 - 2026)
Tom COTTLE,Tom COTTLE,LO,Cardiff,198,114,2006..,,,,,A,https://all.rugby/player/tom-cottle,RGC 1404 (2024 - 2025) -> Cardiff Rugby (2025 - 2026),,,https://all.rugby/player/tom-cottle,RGC 1404 (2024 - 2025) -> Cardiff Rugby (2025 - 2026)
Evan REES,Evan REES,Back row,Cardiff,190,108,2005..,,,,,A,https://all.rugby/player/evan-rees,Cardiff Rugby (2025 - 2026),,,https://all.rugby/player/evan-rees,Cardiff Rugby (2025 - 2026)
Ieuan DAVIES,Ieuan DAVIES,SH,Cardiff,175,80,2004..,,,,,A,https://all.rugby/player/ieuan-davies,Bath Rugby (2023 - 2025) -> Cardiff Rugby (2025 - 2025) -> Bath Rugby (2026 - 2026) -> Cardiff Rugby (2026 - 2026),,,https://all.rugby/player/ieuan-davies,Bath Rugby (2023 - 2025) -> Cardiff Rugby (2025 - 2025) -> Bath Rugby (2026 - 2026) -> Cardiff Rugby (2026 - 2026)
Sion DAVIES,Sion DAVIES,SH,Cardiff,185,87,2006..,,,,,A,https://all.rugby/player/sion-davies,Cardiff Rugby (2024 - 2026),,,https://all.rugby/player/sion-davies,Cardiff Rugby (2024 - 2026)
Lloyd LUCAS,Lloyd LUCAS,SO,Cardiff,170,84,2007..,,,,,A,https://all.rugby/player/lloyd-lucas,Cardiff Rugby (2024 - 2026),,,https://all.rugby/player/lloyd-lucas,Cardiff Rugby (2024 - 2026)
Bailey CUTTS,Bailey CUTTS,CTB,Cardiff,185,88,2007..,,,,,A,https://all.rugby/player/bailey-cutts,Cardiff Rugby (2025 - 2026),,,https://all.rugby/player/bailey-cutts,Cardiff Rugby (2025 - 2026)
Elijah EVANS,Elijah EVANS,CTB,Cardiff,190,94,2005..,,,,,A,https://all.rugby/player/elijah-evans,Cardiff Rugby (2023 - 2026),,,https://all.rugby/player/elijah-evans,Cardiff Rugby (2023 - 2026)
Osian DARWIN-LEWIS,Osian DARWIN-LEWIS,CTB,Cardiff,185,95,2006..,,,,,A,https://all.rugby/player/osian-darwin-lewis,Cardiff Rugby (2024 - 2026),,,https://all.rugby/player/osian-darwin-lewis,Cardiff Rugby (2024 - 2026)
Osian ROBERTS,Osian ROBERTS,CTB,Cardiff,180,89,2005..,,,,,A,https://all.rugby/player/osian-roberts,Sale Sharks (2023 - 2025) -> Cardiff Rugby (2025 - 2025) -> Caldy RFC (2025 - 2025) -> Sale Sharks (2026 - 2026) -> Cardiff Rugby (2026 - 2026) -> Caldy RFC (2026 - 2026),,,https://all.rugby/player/osian-roberts,Sale Sharks (2023 - 2025) -> Cardiff Rugby (2025 - 2025) -> Caldy RFC (2025 - 2025) -> Sale Sharks (2026 - 2026) -> Cardiff Rugby (2026 - 2026) -> Caldy RFC (2026 - 2026)
Joseff JONES,Joseff JONES,Winger,Cardiff,,,,,,,,A,https://all.rugby/player/joseff-jones,Cardiff Rugby (2024 - 2026),,,https://all.rugby/player/joseff-jones,Cardiff Rugby (2024 - 2026)
Matty YOUNG,Matty YOUNG,FB,Cardiff,183,82,2004..,,,,,A,https://all.rugby/player/matty-young,Cardiff Rugby (2023 - 2026),,,https://all.rugby/player/matty-young,Cardiff Rugby (2023 - 2026)
Rhys CUMMINGS,Rhys CUMMINGS,FB,Cardiff,183,86,2007..,,,,,A,https://all.rugby/player/rhys-cummings,Cardiff Rugby (2025 - 2026),,,https://all.rugby/player/rhys-cummings,Cardiff Rugby (2025 - 2026)
Alex USANOV,Alex USANOV,PR,Leinster,182,111,2005..,,,,,A,https://all.rugby/player/alex-usanov,Clontarf Rugby (2023 - 2024) -> Leinster Rugby (2024 - 2026),,,https://all.rugby/player/alex-usanov,Clontarf Rugby (2023 - 2024) -> Leinster Rugby (2024 - 2026)
Andrew PORTER,Andrew PORTER,PR,Leinster,185,125,1996.01.16,,,,,A,https://all.rugby/player/andrew-porter,Leinster Rugby (2016 - 2026),Ireland,Ireland,https://all.rugby/player/andrew-porter,Leinster Rugby (2016 - 2026)
Jack BOYLE,Jack BOYLE,PR,Leinster,185,113,2002.03.10,,,,,A,https://all.rugby/player/jack-boyle,Leinster Rugby (2020 - 2026),,,https://all.rugby/player/jack-boyle,Leinster Rugby (2020 - 2026)
Jerry CAHIR,Jerry CAHIR,PR,Leinster,188,114,2000.08.26,,,,,A,https://all.rugby/player/jerry-cahir,Old Belvedere RC (2021 - 2022) -> Dublin University FC (2022 - 2024) -> Lansdowne FC (2024 - 2025) -> Leinster Rugby (2025 - 2026),,,https://all.rugby/player/jerry-cahir,Old Belvedere RC (2021 - 2022) -> Dublin University FC (2022 - 2024) -> Lansdowne FC (2024 - 2025) -> Leinster Rugby (2025 - 2026)
Niall SMYTH,Niall SMYTH,PR,Leinster,191,118,2005..,,,,,A,https://all.rugby/player/niall-smyth,Blackrock College RFC (2023 - 2024) -> Leinster Rugby (2024 - 2026),,,https://all.rugby/player/niall-smyth,Blackrock College RFC (2023 - 2024) -> Leinster Rugby (2024 - 2026)
Paddy MCCARTHY,Paddy MCCARTHY,PR,Leinster,183,110,2003.05.28,,,,,A,https://all.rugby/player/paddy-mccarthy,Leinster Rugby (2022 - 2026),Ireland,Ireland,https://all.rugby/player/paddy-mccarthy,Leinster Rugby (2022 - 2026)
Rabah SLIMANI,Rabah SLIMANI,PR,Leinster,178,124,1989.10.18,,,,,A,https://all.rugby/player/rabah-slimani,AAS Sarcelles Rugby (2004 - 2005) -> Stade Français Paris Rugby (2005 - 2017) -> ASM Clermont Auvergne (2017 - 2024) -> Leinster Rugby (2024 - 2026),France,France,https://all.rugby/player/rabah-slimani,AAS Sarcelles Rugby (2004 - 2005) -> Stade Français Paris Rugby (2005 - 2017) -> ASM Clermont Auvergne (2017 - 2024) -> Leinster Rugby (2024 - 2026)
Tadhg FURLONG,Tadhg FURLONG,PR,Leinster,183,119,1992.11.14,,,,,A,https://all.rugby/player/tadhg-furlong,Leinster Rugby (2013 - 2026),Ireland,Ireland,https://all.rugby/player/tadhg-furlong,Leinster Rugby (2013 - 2026)
Tom CLARKSON,Tom CLARKSON,PR,Leinster,185,118,2000.02.22,,,,,A,https://all.rugby/player/tom-clarkson,Leinster Rugby (2018 - 2026),,,https://all.rugby/player/tom-clarkson,Leinster Rugby (2018 - 2026)
Bobby SHEEHAN,Bobby SHEEHAN,HO,Leinster,196,111,2000.06.23,,,,,A,https://all.rugby/player/bobby-sheehan,University College Dublin (2021 - 2025) -> Leinster Rugby (2025 - 2025) -> Lansdowne FC (2025 - 2025) -> Leinster Rugby (2026 - 2026) -> Lansdowne FC (2026 - 2026),,,https://all.rugby/player/bobby-sheehan,University College Dublin (2021 - 2025) -> Leinster Rugby (2025 - 2025) -> Lansdowne FC (2025 - 2025) -> Leinster Rugby (2026 - 2026) -> Lansdowne FC (2026 - 2026)
Dan SHEEHAN,Dan SHEEHAN,HO,Leinster,191,110,1998.09.17,,,,,A,https://all.rugby/player/dan-sheehan,Leinster Rugby (2019 - 2026),Ireland,Ireland,https://all.rugby/player/dan-sheehan,Leinster Rugby (2019 - 2026)
Gus MCCARTHY,Gus MCCARTHY,HO,Leinster,178,107,2003.07.23,,,,,A,https://all.rugby/player/gus-mccarthy,Leinster Rugby (2022 - 2026),Ireland,Ireland,https://all.rugby/player/gus-mccarthy,Leinster Rugby (2022 - 2026)
John MCKEE,John MCKEE,HO,Leinster,183,109,2000.02.15,,,,,A,https://all.rugby/player/john-mckee,Leinster Rugby (2018 - 2026),,,https://all.rugby/player/john-mckee,Leinster Rugby (2018 - 2026)
Ronan KELLEHER,Ronan KELLEHER,HO,Leinster,185,108,1998.01.24,,,,,A,https://all.rugby/player/ronan-kelleher,Leinster Rugby (2018 - 2026),Ireland,Ireland,https://all.rugby/player/ronan-kelleher,Leinster Rugby (2018 - 2026)
Brian DEENY,Brian DEENY,LO,Leinster,200,119,2000.02.03,,,,,A,https://all.rugby/player/brian-deeny,Leinster Rugby (2018 - 2026),,,https://all.rugby/player/brian-deeny,Leinster Rugby (2018 - 2026)
James RYAN,James RYAN,LO,Leinster,200,115,1996.07.24,,,,,A,https://all.rugby/player/james-ryan,Leinster Rugby (2017 - 2026),Ireland,Ireland,https://all.rugby/player/james-ryan,Leinster Rugby (2017 - 2026)
Joe MCCARTHY,Joe MCCARTHY,LO,Leinster,198,119,2001.03.26,,,,,A,https://all.rugby/player/joe-mccarthy,Leinster Rugby (2021 - 2026),,,https://all.rugby/player/joe-mccarthy,Leinster Rugby (2021 - 2026)
RG SNYMAN,RG SNYMAN,LO,Leinster,206,131,1995.01.29,,,,,A,https://all.rugby/player/rg-snyman,Bulls (2015 - 2019) -> Mie Honda Heat RFC (2019 - 2019) -> Munster Rugby (2019 - 2019) -> Mie Honda Heat RFC (2020 - 2020) -> Munster Rugby (2020 - 2024) -> Leinster Rugby (2024 - 2026),South Africa,South Africa,https://all.rugby/player/rg-snyman,Bulls (2015 - 2019) -> Mie Honda Heat RFC (2019 - 2019) -> Munster Rugby (2019 - 2019) -> Mie Honda Heat RFC (2020 - 2020) -> Munster Rugby (2020 - 2024) -> Leinster Rugby (2024 - 2026)
Ryan BAIRD,Ryan BAIRD,LO,Leinster,198,113,1999.07.26,,,,,A,https://all.rugby/player/ryan-baird,Leinster Rugby (2018 - 2026),Ireland,Ireland,https://all.rugby/player/ryan-baird,Leinster Rugby (2018 - 2026)
Alex SOROKA,Alex SOROKA,Back row,Leinster,196,107,2001.02.19,,,,,A,https://all.rugby/player/alex-soroka,Leinster Rugby (2020 - 2026),,,https://all.rugby/player/alex-soroka,Leinster Rugby (2020 - 2026)
Caelan DORIS,Caelan DORIS,Back row,Leinster,193,106,1998.04.02,,,,,A,https://all.rugby/player/caelan-doris,Leinster Rugby (2017 - 2026),Ireland,Ireland,https://all.rugby/player/caelan-doris,Leinster Rugby (2017 - 2026)
Diarmuid MANGAN,Diarmuid MANGAN,Back row,Leinster,198,109,2003.03.06,,,,,A,https://all.rugby/player/diarmuid-mangan,University College Dublin (2021 - 2022) -> Leinster Rugby (2022 - 2026),,,https://all.rugby/player/diarmuid-mangan,University College Dublin (2021 - 2022) -> Leinster Rugby (2022 - 2026)
Jack CONAN,Jack CONAN,Back row,Leinster,193,111,1992.07.29,,,,,A,https://all.rugby/player/jack-conan,Leinster Rugby (2013 - 2026),Ireland,Ireland,https://all.rugby/player/jack-conan,Leinster Rugby (2013 - 2026)
James CULHANE,James CULHANE,Back row,Leinster,193,113,2002.10.22,,,,,A,https://all.rugby/player/james-culhane,Leinster Rugby (2021 - 2026),,,https://all.rugby/player/james-culhane,Leinster Rugby (2021 - 2026)
Josh VAN DER FLIER,Josh VAN DER FLIER,Back row,Leinster,183,105,1993.04.25,,,,,A,https://all.rugby/player/josh-van-der-flier,Leinster Rugby (2014 - 2026),Ireland,Ireland,https://all.rugby/player/josh-van-der-flier,Leinster Rugby (2014 - 2026)
Max DEEGAN,Max DEEGAN,Back row,Leinster,193,110,1996.10.01,,,,,A,https://all.rugby/player/max-deegan,Leinster Rugby (2016 - 2026),Ireland,Ireland,https://all.rugby/player/max-deegan,Leinster Rugby (2016 - 2026)
Scott PENNY,Scott PENNY,Back row,Leinster,185,104,1999.09.22,,,,,A,https://all.rugby/player/scott-penny,Leinster Rugby (2018 - 2026),,,https://all.rugby/player/scott-penny,Leinster Rugby (2018 - 2026)
Will CONNORS,Will CONNORS,Back row,Leinster,196,105,1996.04.04,,,,,A,https://all.rugby/player/will-connors,Leinster Rugby (2017 - 2026),Ireland,Ireland,https://all.rugby/player/will-connors,Leinster Rugby (2017 - 2026)
Fintan GUNNE,Fintan GUNNE,SH,Leinster,175,85,2003.07.28,,,,,A,https://all.rugby/player/fintan-gunne,Leinster Rugby (2022 - 2026),,,https://all.rugby/player/fintan-gunne,Leinster Rugby (2022 - 2026)
Jamison GIBSON-PARK,Jamison GIBSON-PARK,SH,Leinster,175,83,1992.02.23,,,,,A,https://all.rugby/player/jamison-gibson-park,Blues (2013 - 2015) -> Hurricanes (2015 - 2016) -> Leinster Rugby (2016 - 2026),New Zealand,New Zealand,https://all.rugby/player/jamison-gibson-park,Blues (2013 - 2015) -> Hurricanes (2015 - 2016) -> Leinster Rugby (2016 - 2026)
Luke MCGRATH,Luke MCGRATH,SH,Leinster,175,84,1993.02.03,,,,,A,https://all.rugby/player/luke-mcgrath,Leinster Rugby (2013 - 2026),Ireland,Ireland,https://all.rugby/player/luke-mcgrath,Leinster Rugby (2013 - 2026)
Charlie TECTOR,Charlie TECTOR,SO,Leinster,188,95,2002.03.28,,,,,A,https://all.rugby/player/charlie-tector,Leinster Rugby (2021 - 2026),,,https://all.rugby/player/charlie-tector,Leinster Rugby (2021 - 2026)
Ciarán FRAWLEY,Ciarán FRAWLEY,SO,Leinster,191,98,1997.12.04,,,,,A,https://all.rugby/player/ciaran-frawley,Leinster Rugby (2017 - 2026),Ireland,Ireland,https://all.rugby/player/ciaran-frawley,Leinster Rugby (2017 - 2026)
Harry BYRNE,Harry BYRNE,SO,Leinster,191,95,1999.04.22,,,,,A,https://all.rugby/player/harry-byrne,Leinster Rugby (2018 - 2024) -> Bristol Bears (2024 - 2024) -> Leinster Rugby (2024 - 2024) -> Bristol Bears (2024 - 2025) -> Leinster Rugby (2025 - 2025) -> Bristol Bears (2025 - 2025) -> Leinster Rugby (2025 - 2026),Ireland,Ireland,https://all.rugby/player/harry-byrne,Leinster Rugby (2018 - 2024) -> Bristol Bears (2024 - 2024) -> Leinster Rugby (2024 - 2024) -> Bristol Bears (2024 - 2025) -> Leinster Rugby (2025 - 2025) -> Bristol Bears (2025 - 2025) -> Leinster Rugby (2025 - 2026)
Sam PRENDERGAST,Sam PRENDERGAST,SO,Leinster,194,91,2003.02.12,,,,,A,https://all.rugby/player/sam-prendergast,Lansdowne FC (2021 - 2022) -> Leinster Rugby (2022 - 2026),Ireland,Ireland,https://all.rugby/player/sam-prendergast,Lansdowne FC (2021 - 2022) -> Leinster Rugby (2022 - 2026)
Garry RINGROSE,Garry RINGROSE,CTB,Leinster,186,92,1995.01.26,,,,,A,https://all.rugby/player/garry-ringrose,Leinster Rugby (2015 - 2026),Ireland,Ireland,https://all.rugby/player/garry-ringrose,Leinster Rugby (2015 - 2026)
Hugh COONEY,Hugh COONEY,CTB,Leinster,182,92,2003.06.26,,,,,A,https://all.rugby/player/hugh-cooney,Leinster Rugby (2022 - 2026),,,https://all.rugby/player/hugh-cooney,Leinster Rugby (2022 - 2026)
Jamie OSBORNE,Jamie OSBORNE,CTB,Leinster,193,98,2001.11.16,,,,,A,https://all.rugby/player/jamie-osborne,Leinster Rugby (2020 - 2026),Ireland,Ireland,https://all.rugby/player/jamie-osborne,Leinster Rugby (2020 - 2026)
Rieko IOANE,Rieko IOANE,CTB,Leinster,189,103,1997.03.18,,,,,A,https://all.rugby/player/rieko-ioane,Blues (2015 - 2019) -> Auckland (2019 - 2019) -> Blues (2020 - 2020) -> Auckland (2020 - 2020) -> Blues (2020 - 2024) -> Auckland (2024 - 2024) -> Blues (2025 - 2025) -> Auckland (2025 - 2025) -> Leinster Rugby (2025 - 2026),New Zealand,New Zealand,https://all.rugby/player/rieko-ioane,Blues (2015 - 2019) -> Auckland (2019 - 2019) -> Blues (2020 - 2020) -> Auckland (2020 - 2020) -> Blues (2020 - 2024) -> Auckland (2024 - 2024) -> Blues (2025 - 2025) -> Auckland (2025 - 2025) -> Leinster Rugby (2025 - 2026)
Robbie HENSHAW,Robbie HENSHAW,CTB,Leinster,191,100,1993.06.12,,,,,A,https://all.rugby/player/robbie-henshaw,Connacht Rugby (2013 - 2016) -> Leinster Rugby (2016 - 2026),Ireland,Ireland,https://all.rugby/player/robbie-henshaw,Connacht Rugby (2013 - 2016) -> Leinster Rugby (2016 - 2026)
Tommy O'BRIEN,Tommy O'BRIEN,CTB,Leinster,183,95,1998.05.28,,,,,A,https://all.rugby/player/tommy-o-brien,Leinster Rugby (2019 - 2026),Ireland,Ireland,https://all.rugby/player/tommy-o-brien,Leinster Rugby (2019 - 2026)
Andrew OSBORNE,Andrew OSBORNE,Winger,Leinster,188,93,2003.08.16,,,,,A,https://all.rugby/player/andrew-osborne,Leinster Rugby (2022 - 2026),,,https://all.rugby/player/andrew-osborne,Leinster Rugby (2022 - 2026)
James LOWE,James LOWE,Winger,Leinster,188,105,1992.07.08,,,,,A,https://all.rugby/player/james-lowe,Chiefs (2013 - 2017) -> Leinster Rugby (2017 - 2026),New Zealand,New Zealand,https://all.rugby/player/james-lowe,Chiefs (2013 - 2017) -> Leinster Rugby (2017 - 2026)
Jordan LARMOUR,Jordan LARMOUR,Winger,Leinster,178,91,1997.06.10,,,,,A,https://all.rugby/player/jordan-larmour,Leinster Rugby (2017 - 2026),Ireland,Ireland,https://all.rugby/player/jordan-larmour,Leinster Rugby (2017 - 2026)
Joshua KENNY,Joshua KENNY,Winger,Leinster,192,100,2003.08.03,,,,,A,https://all.rugby/player/joshua-kenny,Leinster Rugby (2025 - 2026),,,https://all.rugby/player/joshua-kenny,Leinster Rugby (2025 - 2026)
Hugo KEENAN,Hugo KEENAN,FB,Leinster,185,92,1996.06.18,,,,,A,https://all.rugby/player/hugo-keenan,Leinster Rugby (2016 - 2026),Ireland,Ireland,https://all.rugby/player/hugo-keenan,Leinster Rugby (2016 - 2026)
Jimmy O'BRIEN,Jimmy O'BRIEN,FB,Leinster,183,90,1996.11.27,,,,,A,https://all.rugby/player/jimmy-o-brien,Leinster Rugby (2018 - 2026),Ireland,Ireland,https://all.rugby/player/jimmy-o-brien,Leinster Rugby (2018 - 2026)
Alex MULLAN,Alex MULLAN,PR,Leinster,,,2005..,,,,,A,https://all.rugby/player/alex-mullan,Blackrock College RFC (2023 - 2025) -> Leinster Rugby (2025 - 2026),,,https://all.rugby/player/alex-mullan,Blackrock College RFC (2023 - 2025) -> Leinster Rugby (2025 - 2026)
Andrew SPARROW,Andrew SPARROW,PR,Leinster,192,128,2004..,,,,,A,https://all.rugby/player/andrew-sparrow,University College Dublin (2023 - 2024) -> Leinster Rugby (2024 - 2026),,,https://all.rugby/player/andrew-sparrow,University College Dublin (2023 - 2024) -> Leinster Rugby (2024 - 2026)
Lee FITZPATRICK,Lee FITZPATRICK,HO,Leinster,,,2007..,,,,,A,https://all.rugby/player/lee-fitzpatrick,Newbridge College (2024 - 2025) -> Leinster Rugby (2025 - 2026),,,https://all.rugby/player/lee-fitzpatrick,Newbridge College (2024 - 2025) -> Leinster Rugby (2025 - 2026)
Stephen SMYTH,Stephen SMYTH,HO,Leinster,187,114,2004..,,,,,A,https://all.rugby/player/stephen-smyth,Old Wesley RFC (2023 - 2024) -> Leinster Rugby (2024 - 2026),,,https://all.rugby/player/stephen-smyth,Old Wesley RFC (2023 - 2024) -> Leinster Rugby (2024 - 2026)
Alan SPICER,Alan SPICER,LO,Leinster,208,138,2005..,,,,,A,https://all.rugby/player/alan-spicer,University College Dublin (2023 - 2024) -> Leinster Rugby (2024 - 2026),,,https://all.rugby/player/alan-spicer,University College Dublin (2023 - 2024) -> Leinster Rugby (2024 - 2026)
Billy CORRIGAN,Billy CORRIGAN,LO,Leinster,198,113,2005..,,,,,A,https://all.rugby/player/billy-corrigan,Old Wesley RFC (2023 - 2025) -> Leinster Rugby (2025 - 2026),,,https://all.rugby/player/billy-corrigan,Old Wesley RFC (2023 - 2025) -> Leinster Rugby (2025 - 2026)
Conor O'TIGHEARNAIGH,Conor O'TIGHEARNAIGH,LO,Leinster,200,118,2003.04.02,,,,,A,https://all.rugby/player/conor-o-tighearnaigh,Leinster Rugby (2021 - 2026),,,https://all.rugby/player/conor-o-tighearnaigh,Leinster Rugby (2021 - 2026)
Mahon RONAN,Mahon RONAN,LO,Leinster,195,114,2005..,,,,,A,https://all.rugby/player/mahon-ronan,Old Wesley RFC (2024 - 2025) -> Leinster Rugby (2025 - 2026),,,https://all.rugby/player/mahon-ronan,Old Wesley RFC (2024 - 2025) -> Leinster Rugby (2025 - 2026)
Josh ERICSON,Josh ERICSON,Back row,Leinster,,,,,,,,A,https://all.rugby/player/josh-ericson,Old Belvedere RC (2024 - 2025) -> Leinster Rugby (2025 - 2026),,,https://all.rugby/player/josh-ericson,Old Belvedere RC (2024 - 2025) -> Leinster Rugby (2025 - 2026)
Josh NEILL,Josh NEILL,Back row,Leinster,,,2007..,,,,,A,https://all.rugby/player/josh-neill,Rondebosch Boys’ High School (2024 - 2025) -> Leinster Rugby (2025 - 2026),South Africa,South Africa,https://all.rugby/player/josh-neill,Rondebosch Boys’ High School (2024 - 2025) -> Leinster Rugby (2025 - 2026)
Liam MOLONY,Liam MOLONY,Back row,Leinster,183,102,2003.11.09,,,,,A,https://all.rugby/player/liam-molony,Leinster Rugby (2022 - 2026),,,https://all.rugby/player/liam-molony,Leinster Rugby (2022 - 2026)
Oliver COFFEY,Oliver COFFEY,SH,Leinster,183,84,2004..,,,,,A,https://all.rugby/player/oliver-coffey,Blackrock College RFC (2023 - 2024) -> Leinster Rugby (2024 - 2026),,,https://all.rugby/player/oliver-coffey,Blackrock College RFC (2023 - 2024) -> Leinster Rugby (2024 - 2026)
Tadhg BROPHY,Tadhg BROPHY,SH,Leinster,173,73,2004..,,,,,A,https://all.rugby/player/tadhg-brophy,Naas RFC (2023 - 2024) -> Lansdowne FC (2024 - 2025) -> Leinster Rugby (2025 - 2026),,,https://all.rugby/player/tadhg-brophy,Naas RFC (2023 - 2024) -> Lansdowne FC (2024 - 2025) -> Leinster Rugby (2025 - 2026)
Caspar GABRIEL,Caspar GABRIEL,SO,Leinster,190,93,2005..,,,,,A,https://all.rugby/player/caspar-gabriel,Terenure College (2022 - 2024) -> Leinster Rugby (2024 - 2026),,,https://all.rugby/player/caspar-gabriel,Terenure College (2022 - 2024) -> Leinster Rugby (2024 - 2026)
Ciarán MANGAN,Ciarán MANGAN,CTB,Leinster,188,,2005..,,,,,A,https://all.rugby/player/ciaran-mangan,Blackrock College RFC (2024 - 2025) -> Leinster Rugby (2025 - 2026),,,https://all.rugby/player/ciaran-mangan,Blackrock College RFC (2024 - 2025) -> Leinster Rugby (2025 - 2026)
Connor FAHY,Connor FAHY,CTB,Leinster,185,,2005..,,,,,A,https://all.rugby/player/connor-fahy,Clontarf Rugby (2024 - 2025) -> Leinster Rugby (2025 - 2026),,,https://all.rugby/player/connor-fahy,Clontarf Rugby (2024 - 2025) -> Leinster Rugby (2025 - 2026)
Jack DEEGAN,Jack DEEGAN,CTB,Leinster,188,,,,,,,A,https://all.rugby/player/jack-deegan,Cistercian College Roscrea (2022 - 2025) -> Leinster Rugby (2025 - 2026),,,https://all.rugby/player/jack-deegan,Cistercian College Roscrea (2022 - 2025) -> Leinster Rugby (2025 - 2026)
Hugo MCLAUGHLIN,Hugo MCLAUGHLIN,Winger,Leinster,181,90,2004..,,,,,A,https://all.rugby/player/hugo-mclaughlin,Lansdowne FC (2023 - 2024) -> Leinster Rugby (2024 - 2026),,,https://all.rugby/player/hugo-mclaughlin,Lansdowne FC (2023 - 2024) -> Leinster Rugby (2024 - 2026)
Páidí FARRELL,Páidí FARRELL,Winger,Leinster,175,81,2005..,,,,,A,https://all.rugby/player/paidi-farrell,Old Wesley RFC (2024 - 2025) -> Leinster Rugby (2025 - 2026),,,https://all.rugby/player/paidi-farrell,Old Wesley RFC (2024 - 2025) -> Leinster Rugby (2025 - 2026)
Ruben MOLONEY,Ruben MOLONEY,Winger,Leinster,187,92,2004.01.16,,,,,A,https://all.rugby/player/ruben-moloney,University College Dublin (2023 - 2024) -> Leinster Rugby (2024 - 2026),,,https://all.rugby/player/ruben-moloney,University College Dublin (2023 - 2024) -> Leinster Rugby (2024 - 2026)
Todd LAWLOR,Todd LAWLOR,Winger,Leinster,,,,,,,,A,https://all.rugby/player/todd-lawlor,Newbridge College (2021 - 2024) -> Llandovery RFC (2024 - 2025) -> Leinster Rugby (2025 - 2026),,,https://all.rugby/player/todd-lawlor,Newbridge College (2021 - 2024) -> Llandovery RFC (2024 - 2025) -> Leinster Rugby (2025 - 2026)
Henry MCERLEAN,Henry MCERLEAN,FB,Leinster,183,87,2003.02.13,,,,,A,https://all.rugby/player/henry-mcerlean,Leinster Rugby (2022 - 2026),,,https://all.rugby/player/henry-mcerlean,Leinster Rugby (2022 - 2026)
Angus BELL,Angus BELL,PR,Ulster,193,130,2000.10.04,,,,,A,https://all.rugby/player/angus-bell,New South Wales Waratahs (2018 - 2025) -> Ulster Rugby (2025 - 2026),Australia,Australia,https://all.rugby/player/angus-bell,New South Wales Waratahs (2018 - 2025) -> Ulster Rugby (2025 - 2026)
Bryan O'CONNOR,Bryan O'CONNOR,PR,Ulster,188,126,1998.10.23,,,,,A,https://all.rugby/player/bryan-o-connor,Munster Rugby (2017 - 2018) -> London Irish (2019 - 2020) -> Gloucester Rugby (2020 - 2023) -> Bedford Blues (2023 - 2024) -> Ulster Rugby (2024 - 2024) -> Bedford Blues (2025 - 2025) -> Ulster Rugby (2025 - 2026),,,https://all.rugby/player/bryan-o-connor,Munster Rugby (2017 - 2018) -> London Irish (2019 - 2020) -> Gloucester Rugby (2020 - 2023) -> Bedford Blues (2023 - 2024) -> Ulster Rugby (2024 - 2024) -> Bedford Blues (2025 - 2025) -> Ulster Rugby (2025 - 2026)
Callum REID,Callum REID,PR,Ulster,183,120,1999.01.16,,,,,A,https://all.rugby/player/callum-reid,Ulster Rugby (2019 - 2020) -> Munster Rugby (2020 - 2020) -> Ulster Rugby (2021 - 2021) -> Munster Rugby (2021 - 2021) -> Ulster Rugby (2021 - 2026),,,https://all.rugby/player/callum-reid,Ulster Rugby (2019 - 2020) -> Munster Rugby (2020 - 2020) -> Ulster Rugby (2021 - 2021) -> Munster Rugby (2021 - 2021) -> Ulster Rugby (2021 - 2026)
Eric O'SULLIVAN,Eric O'SULLIVAN,PR,Ulster,186,118,1995.11.30,,,,,A,https://all.rugby/player/eric-o-sullivan,Ulster Rugby (2018 - 2026),,,https://all.rugby/player/eric-o-sullivan,Ulster Rugby (2018 - 2026)
Rory MCGUIRE,Rory MCGUIRE,PR,Ulster,193,125,2002.08.26,,,,,A,https://all.rugby/player/rory-mcguire,Leinster Rugby (2021 - 2025) -> Ulster Rugby (2025 - 2026),,,https://all.rugby/player/rory-mcguire,Leinster Rugby (2021 - 2025) -> Ulster Rugby (2025 - 2026)
Sam CREAN,Sam CREAN,PR,Ulster,176,115,2000.06.12,,,,,A,https://all.rugby/player/sam-crean,Saracens (2019 - 2022) -> Ampthill Rugby (2022 - 2022) -> Saracens (2023 - 2023) -> Ampthill Rugby (2023 - 2023) -> Saracens (2023 - 2023) -> Ampthill Rugby (2023 - 2023) -> Saracens (2024 - 2024) -> Ampthill Rugby (2024 - 2024) -> Ulster Rugby (2024 - 2024) -> Ampthill Rugby (2024 - 2024) -> Saracens (2024 - 2024) -> Ulster Rugby (2025 - 2025) -> Ampthill Rugby (2025 - 2025) -> Saracens (2025 - 2025) -> Ulster Rugby (2025 - 2026),,,https://all.rugby/player/sam-crean,Saracens (2019 - 2022) -> Ampthill Rugby (2022 - 2022) -> Saracens (2023 - 2023) -> Ampthill Rugby (2023 - 2023) -> Saracens (2023 - 2023) -> Ampthill Rugby (2023 - 2023) -> Saracens (2024 - 2024) -> Ampthill Rugby (2024 - 2024) -> Ulster Rugby (2024 - 2024) -> Ampthill Rugby (2024 - 2024) -> Saracens (2024 - 2024) -> Ulster Rugby (2025 - 2025) -> Ampthill Rugby (2025 - 2025) -> Saracens (2025 - 2025) -> Ulster Rugby (2025 - 2026)
Scott WILSON,Scott WILSON,PR,Ulster,187,125,2002.08.06,,,,,A,https://all.rugby/player/scott-wilson-,Ulster Rugby (2021 - 2026),,,https://all.rugby/player/scott-wilson-,Ulster Rugby (2021 - 2026)
Tom O'TOOLE,Tom O'TOOLE,PR,Ulster,185,123,1998.09.23,,,,,A,https://all.rugby/player/tom-o-toole,Ulster Rugby (2017 - 2026),Ireland,Ireland,https://all.rugby/player/tom-o-toole,Ulster Rugby (2017 - 2026)
James MCCORMICK,James MCCORMICK,HO,Ulster,183,107,2002.01.08,,,,,A,https://all.rugby/player/james-mccormick,Dalriada School (2019 - 2020) -> Ulster Rugby (2020 - 2026),,,https://all.rugby/player/james-mccormick,Dalriada School (2019 - 2020) -> Ulster Rugby (2020 - 2026)
John ANDREW,John ANDREW,HO,Ulster,180,104,1993.05.26,,,,,A,https://all.rugby/player/john-andrew,Ulster Rugby (2014 - 2026),,,https://all.rugby/player/john-andrew,Ulster Rugby (2014 - 2026)
Rob HERRING,Rob HERRING,HO,Ulster,185,106,1990.04.27,,,,,A,https://all.rugby/player/rob-herring,Ulster Rugby (2013 - 2026),South Africa,South Africa,https://all.rugby/player/rob-herring,Ulster Rugby (2013 - 2026)
Tom STEWART,Tom STEWART,HO,Ulster,183,105,2001.01.11,,,,,A,https://all.rugby/player/tom-stewart,Ulster Rugby (2019 - 2026),,,https://all.rugby/player/tom-stewart,Ulster Rugby (2019 - 2026)
Charlie IRVINE,Charlie IRVINE,LO,Ulster,202,118,2003.01.28,,,,,A,https://all.rugby/player/charlie-irvine,Queen's University (2022 - 2023) -> Ulster Rugby (2023 - 2026),,,https://all.rugby/player/charlie-irvine,Queen's University (2022 - 2023) -> Ulster Rugby (2023 - 2026)
Cormac IZUCHUKWU,Cormac IZUCHUKWU,LO,Ulster,200,118,2000.01.28,,,,,A,https://all.rugby/player/cormac-izuchukwu,Old Wesley RFC (2019 - 2020) -> Ulster Rugby (2020 - 2026),,,https://all.rugby/player/cormac-izuchukwu,Old Wesley RFC (2019 - 2020) -> Ulster Rugby (2020 - 2026)
Harry SHERIDAN,Harry SHERIDAN,LO,Ulster,196,121,2001.09.21,,,,,A,https://all.rugby/player/harry-sheridan,Ulster Rugby (2020 - 2026),,,https://all.rugby/player/harry-sheridan,Ulster Rugby (2020 - 2026)
Iain HENDERSON,Iain HENDERSON,LO,Ulster,199,119,1992.02.21,,,,,A,https://all.rugby/player/iain-henderson,Ulster Rugby (2013 - 2026),Ireland,Ireland,https://all.rugby/player/iain-henderson,Ulster Rugby (2013 - 2026)
Joe HOPES,Joe HOPES,LO,Ulster,200,115,2004.03.16,,,,,A,https://all.rugby/player/joe-hopes,Ulster Rugby (2022 - 2026),,,https://all.rugby/player/joe-hopes,Ulster Rugby (2022 - 2026)
Matthew DALTON,Matthew DALTON,LO,Ulster,198,118,1998.11.16,,,,,A,https://all.rugby/player/matthew-dalton,Ulster Rugby (2017 - 2019) -> Utah Warriors (2020 - 2021) -> Newcastle (2021 - 2023) -> Soyaux-Angoulême XV Charente (2023 - 2024) -> Ulster Rugby (2024 - 2024) -> Soyaux-Angoulême XV Charente (2025 - 2025) -> Ulster Rugby (2025 - 2026),,,https://all.rugby/player/matthew-dalton,Ulster Rugby (2017 - 2019) -> Utah Warriors (2020 - 2021) -> Newcastle (2021 - 2023) -> Soyaux-Angoulême XV Charente (2023 - 2024) -> Ulster Rugby (2024 - 2024) -> Soyaux-Angoulême XV Charente (2025 - 2025) -> Ulster Rugby (2025 - 2026)
Dave MCCANN,Dave MCCANN,Back row,Ulster,193,110,2000.06.13,,,,,A,https://all.rugby/player/david-mccann,Ulster Rugby (2018 - 2026),,,https://all.rugby/player/david-mccann,Ulster Rugby (2018 - 2026)
James MCNABNEY,James MCNABNEY,Back row,Ulster,196,113,2003.02.28,,,,,A,https://all.rugby/player/james-mcnabney,Ulster Rugby (2021 - 2026),,,https://all.rugby/player/james-mcnabney,Ulster Rugby (2021 - 2026)
Juarno AUGUSTUS,Juarno AUGUSTUS,Back row,Ulster,187,119,1997.12.09,,,,,A,https://all.rugby/player/juarno-augustus,Stormers (2016 - 2021) -> Northampton Saints (2021 - 2025) -> Ulster Rugby (2025 - 2026),,,https://all.rugby/player/juarno-augustus,Stormers (2016 - 2021) -> Northampton Saints (2021 - 2025) -> Ulster Rugby (2025 - 2026)
Lorcan MCLOUGHLIN,Lorcan MCLOUGHLIN,Back row,Ulster,190,109,2002.04.03,,,,,A,https://all.rugby/player/lorcan-mcloughlin,Ulster Rugby (2021 - 2026),,,https://all.rugby/player/lorcan-mcloughlin,Ulster Rugby (2021 - 2026)
Marcus REA,Marcus REA,Back row,Ulster,189,110,1997.09.08,,,,,A,https://all.rugby/player/marcus-rea,Ulster Rugby (2018 - 2026),,,https://all.rugby/player/marcus-rea,Ulster Rugby (2018 - 2026)
Nick TIMONEY,Nick TIMONEY,Back row,Ulster,188,114,1995.08.01,,,,,A,https://all.rugby/player/nick-timoney,Ulster Rugby (2016 - 2026),Ireland,Ireland,https://all.rugby/player/nick-timoney,Ulster Rugby (2016 - 2026)
Sean REFFELL,Sean REFFELL,Back row,Ulster,180,102,1998.11.04,,,,,A,https://all.rugby/player/sean-reffell,Saracens (2017 - 2022) -> Ulster Rugby (2022 - 2026),,,https://all.rugby/player/sean-reffell,Saracens (2017 - 2022) -> Ulster Rugby (2022 - 2026)
Conor MCKEE,Conor MCKEE,SH,Ulster,183,87,2001.03.20,,,,,A,https://all.rugby/player/conor-mckee,Ulster Rugby (2020 - 2026),,,https://all.rugby/player/conor-mckee,Ulster Rugby (2020 - 2026)
Dave SHANAHAN,Dave SHANAHAN,SH,Ulster,176,80,1993.06.20,,,,,A,https://all.rugby/player/david-shanahan,Ulster Rugby (2013 - 2026),,,https://all.rugby/player/david-shanahan,Ulster Rugby (2013 - 2026)
Nathan DOAK,Nathan DOAK,SH,Ulster,185,87,2001.12.17,,,,,A,https://all.rugby/player/nathan-doak,Wallace High School (2019 - 2020) -> Ulster Rugby (2020 - 2026),,,https://all.rugby/player/nathan-doak,Wallace High School (2019 - 2020) -> Ulster Rugby (2020 - 2026)
Jack MURPHY,Jack MURPHY,SO,Ulster,178,83,2004..,,,,,A,https://all.rugby/player/jack-murphy,Clontarf Rugby (2023 - 2024) -> Ulster Rugby (2024 - 2026),,,https://all.rugby/player/jack-murphy,Clontarf Rugby (2023 - 2024) -> Ulster Rugby (2024 - 2026)
Jake FLANNERY,Jake FLANNERY,SO,Ulster,183,91,1999.06.07,,,,,A,https://all.rugby/player/jake-flannery,Munster Rugby (2018 - 2022) -> Ulster Rugby (2022 - 2026),,,https://all.rugby/player/jake-flannery,Munster Rugby (2018 - 2022) -> Ulster Rugby (2022 - 2026)
Ben CARSON,Ben CARSON,CTB,Ulster,183,101,2002.02.24,,,,,A,https://all.rugby/player/ben-carson,Wallace High School (2019 - 2020) -> Ulster Rugby (2020 - 2026),,,https://all.rugby/player/ben-carson,Wallace High School (2019 - 2020) -> Ulster Rugby (2020 - 2026)
James HUME,James HUME,CTB,Ulster,188,98,1998.09.07,,,,,A,https://all.rugby/player/james-hume,Ulster Rugby (2018 - 2026),,,https://all.rugby/player/james-hume,Ulster Rugby (2018 - 2026)
Jude POSTLETHWAITE,Jude POSTLETHWAITE,CTB,Ulster,193,106,2002.04.03,,,,,A,https://all.rugby/player/jude-postlethwaite,Ulster Rugby (2020 - 2026),,,https://all.rugby/player/jude-postlethwaite,Ulster Rugby (2020 - 2026)
Stewart MOORE,Stewart MOORE,CTB,Ulster,184,93,1999.08.08,,,,,A,https://all.rugby/player/stewart-moore,Ulster Rugby (2019 - 2025) -> Newcastle (2025 - 2025) -> Ulster Rugby (2025 - 2025) -> Newcastle (2026 - 2026) -> Ulster Rugby (2026 - 2026),,,https://all.rugby/player/stewart-moore,Ulster Rugby (2019 - 2025) -> Newcastle (2025 - 2025) -> Ulster Rugby (2025 - 2025) -> Newcastle (2026 - 2026) -> Ulster Rugby (2026 - 2026)
Stuart MCCLOSKEY,Stuart MCCLOSKEY,CTB,Ulster,193,112,1992.08.06,,,,,A,https://all.rugby/player/stuart-mccloskey,Ulster Rugby (2013 - 2026),Ireland,Ireland,https://all.rugby/player/stuart-mccloskey,Ulster Rugby (2013 - 2026)
Ben MOXHAM,Ben MOXHAM,Winger,Ulster,191,108,2001.06.09,,,,,A,https://all.rugby/player/ben-moxham,Ulster Rugby (2019 - 2026),,,https://all.rugby/player/ben-moxham,Ulster Rugby (2019 - 2026)
Jacob STOCKDALE,Jacob STOCKDALE,Winger,Ulster,191,104,1996.04.03,,,,,A,https://all.rugby/player/jacob-stockdale,Ulster Rugby (2015 - 2026),Ireland,Ireland,https://all.rugby/player/jacob-stockdale,Ulster Rugby (2015 - 2026)
Robert BALOUCOUNE,Robert BALOUCOUNE,Winger,Ulster,192,104,1997.08.19,,,,,A,https://all.rugby/player/robert-baloucoune,Ulster Rugby (2018 - 2026),Ireland,Ireland,https://all.rugby/player/robert-baloucoune,Ulster Rugby (2018 - 2026)
Werner KOK,Werner KOK,Winger,Ulster,180,96,1993.01.17,,,,,A,https://all.rugby/player/werner-kok,Western Force (2016 - 2018) -> AF. SUD 7's (2018 - 2019) -> Stade Toulousain (2019 - 2019) -> Sharks (2019 - 2019) -> Stade Toulousain (2020 - 2020) -> Sharks (2020 - 2024) -> Ulster Rugby (2024 - 2026),,,https://all.rugby/player/werner-kok,Western Force (2016 - 2018) -> AF. SUD 7's (2018 - 2019) -> Stade Toulousain (2019 - 2019) -> Sharks (2019 - 2019) -> Stade Toulousain (2020 - 2020) -> Sharks (2020 - 2024) -> Ulster Rugby (2024 - 2026)
Zac WARD,Zac WARD,Winger,Ulster,191,101,1998.12.11,,,,,A,https://all.rugby/player/zac-ward,Ulster Rugby (2024 - 2026),,,https://all.rugby/player/zac-ward,Ulster Rugby (2024 - 2026)
Bradley MCNAMARA,Bradley MCNAMARA,FB,Ulster,,,2001.02.22,,,,,A,https://all.rugby/player/bradley-mcnamara,Instonians Rugby Club (2024 - 2025) -> Ulster Rugby (2025 - 2025) -> Instonians Rugby Club (2025 - 2025) -> Ulster Rugby (2026 - 2026) -> Instonians Rugby Club (2026 - 2026),,,https://all.rugby/player/bradley-mcnamara,Instonians Rugby Club (2024 - 2025) -> Ulster Rugby (2025 - 2025) -> Instonians Rugby Club (2025 - 2025) -> Ulster Rugby (2026 - 2026) -> Instonians Rugby Club (2026 - 2026)
Ethan MCILROY,Ethan MCILROY,FB,Ulster,188,90,2000.08.10,,,,,A,https://all.rugby/player/ethan-mcilroy,Ulster Rugby (2019 - 2026),,,https://all.rugby/player/ethan-mcilroy,Ulster Rugby (2019 - 2026)
Mike LOWRY,Mike LOWRY,FB,Ulster,171,80,1998.08.20,,,,,A,https://all.rugby/player/michael-lowry,Ulster Rugby (2018 - 2026),,,https://all.rugby/player/michael-lowry,Ulster Rugby (2018 - 2026)
Flynn LONGSTAFF,Flynn LONGSTAFF,PR,Ulster,,,,,,,,A,https://all.rugby/player/flynn-longstaff,Queen's University (2024 - 2025) -> Ulster Rugby (2025 - 2026),,,https://all.rugby/player/flynn-longstaff,Queen's University (2024 - 2025) -> Ulster Rugby (2025 - 2026)
Jacob BOYD,Jacob BOYD,PR,Ulster,186,125,2004..,,,,,A,https://all.rugby/player/jacob-boyd,Ulster Rugby (2023 - 2026),,,https://all.rugby/player/jacob-boyd,Ulster Rugby (2023 - 2026)
Tom MCALLISTER,Tom MCALLISTER,PR,Ulster,,,2005..,,,,,A,https://all.rugby/player/tom-mcallister,Ballynahinch RFC (2024 - 2025) -> Ulster Rugby (2025 - 2026),,,https://all.rugby/player/tom-mcallister,Ballynahinch RFC (2024 - 2025) -> Ulster Rugby (2025 - 2026)
Connor MAGEE,Connor MAGEE,HO,Ulster,185,109,2006..,,,,,A,https://all.rugby/player/connor-magee,Banbridge RFC (2024 - 2025) -> Ulster Rugby (2025 - 2026),,,https://all.rugby/player/connor-magee,Banbridge RFC (2024 - 2025) -> Ulster Rugby (2025 - 2026)
Henry WALKER,Henry WALKER,HO,Ulster,187,100,2005..,,,,,A,https://all.rugby/player/henry-walker-,Ulster Rugby (2023 - 2026),,,https://all.rugby/player/henry-walker-,Ulster Rugby (2023 - 2026)
Bryn WARD,Bryn WARD,Back row,Ulster,,,2004..,,,,,A,https://all.rugby/player/bryn-ward,Ballynahinch RFC (2023 - 2024) -> Ulster Rugby (2024 - 2026),,,https://all.rugby/player/bryn-ward,Ballynahinch RFC (2023 - 2024) -> Ulster Rugby (2024 - 2026)
James MCKILLOP,James MCKILLOP,Back row,Ulster,,,2004..,,,,,A,https://all.rugby/player/james-mckillop,Queen's University (2023 - 2024) -> Ulster Rugby (2024 - 2026),,,https://all.rugby/player/james-mckillop,Queen's University (2023 - 2024) -> Ulster Rugby (2024 - 2026)
Josh STEVENS,Josh STEVENS,Back row,Ulster,179,105,2004..,,,,,A,https://all.rugby/player/josh-stevens,Ulster Rugby (2023 - 2026),,,https://all.rugby/player/josh-stevens,Ulster Rugby (2023 - 2026)
Tom BRIGG,Tom BRIGG,Back row,Ulster,189,104,2004..,,,,,A,https://all.rugby/player/tom-brigg,Ulster Rugby (2023 - 2026),,,https://all.rugby/player/tom-brigg,Ulster Rugby (2023 - 2026)
Clark LOGAN,Clark LOGAN,SH,Ulster,175,78,2005..,,,,,A,https://all.rugby/player/clark-logan,Ulster Rugby (2024 - 2026),,,https://all.rugby/player/clark-logan,Ulster Rugby (2024 - 2026)
James HUMPHREYS,James HUMPHREYS,SO,Ulster,185,83,2001.04.11,,,,,A,https://all.rugby/player/james-humphreys,Ulster Rugby (2020 - 2026),,,https://all.rugby/player/james-humphreys,Ulster Rugby (2020 - 2026)
Jonny SCOTT,Jonny SCOTT,CTB,Ulster,191,99,2005..,,,,,A,https://all.rugby/player/jonny-scott,Banbridge RFC (2023 - 2024) -> Ulster Rugby (2024 - 2026),,,https://all.rugby/player/jonny-scott,Banbridge RFC (2023 - 2024) -> Ulster Rugby (2024 - 2026)
Sam BERMAN,Sam BERMAN,CTB,Ulster,,,2004.01.16,,,,,A,https://all.rugby/player/sam-berman,Dublin University FC (2022 - 2023) -> Terenure College (2023 - 2024) -> Ulster Rugby (2024 - 2026),,,https://all.rugby/player/sam-berman,Dublin University FC (2022 - 2023) -> Terenure College (2023 - 2024) -> Ulster Rugby (2024 - 2026)
Wilhelm DE KLERK,Wilhelm DE KLERK,CTB,Ulster,,,2004..,,,,,A,https://all.rugby/player/wilhelm-de-klerk,University College Dublin (2023 - 2024) -> Ulster Rugby (2024 - 2026),,,https://all.rugby/player/wilhelm-de-klerk,University College Dublin (2023 - 2024) -> Ulster Rugby (2024 - 2026)
Aitzol KING,Aitzol KING,Winger,Ulster,191,99,2002.06.15,,,,,A,https://all.rugby/player/aitzol-king,Leinster Rugby (2021 - 2025) -> Ulster Rugby (2025 - 2026),,,https://all.rugby/player/aitzol-king,Leinster Rugby (2021 - 2025) -> Ulster Rugby (2025 - 2026)
Ethan GRAHAM,Ethan GRAHAM,Winger,Ulster,181,87,2004..,,,,,A,https://all.rugby/player/ethan-graham,Ulster Rugby (2023 - 2026),,,https://all.rugby/player/ethan-graham,Ulster Rugby (2023 - 2026)
Josh GIBSON,Josh GIBSON,Winger,Ulster,,,,,,,,A,https://all.rugby/player/josh-gibson,Banbridge RFC (2024 - 2025) -> Ulster Rugby (2025 - 2026),,,https://all.rugby/player/josh-gibson,Banbridge RFC (2024 - 2025) -> Ulster Rugby (2025 - 2026)
Lukas KENNY,Lukas KENNY,Winger,Ulster,185,94,2004..,,,,,A,https://all.rugby/player/lukas-kenny,Ulster Rugby (2023 - 2026),,,https://all.rugby/player/lukas-kenny,Ulster Rugby (2023 - 2026)
Daniel GREEN,Daniel GREEN,FB,Ulster,183,,2006..,,,,,A,https://all.rugby/player/daniel-green,Queen's University (2024 - 2025) -> Ulster Rugby (2025 - 2026),,,https://all.rugby/player/daniel-green,Queen's University (2024 - 2025) -> Ulster Rugby (2025 - 2026)
Conor BARTLEY,Conor BARTLEY,PR,Munster,182,117,1995.06.27,,,,,A,https://all.rugby/player/conor-bartley,Young Munster RFC (2021 - 2024) -> Munster Rugby (2024 - 2024) -> Young Munster RFC (2025 - 2025) -> Munster Rugby (2025 - 2026),,,https://all.rugby/player/conor-bartley,Young Munster RFC (2021 - 2024) -> Munster Rugby (2024 - 2024) -> Young Munster RFC (2025 - 2025) -> Munster Rugby (2025 - 2026)
Jeremy LOUGHMAN,Jeremy LOUGHMAN,PR,Munster,183,120,1995.07.22,,,,,A,https://all.rugby/player/jeremy-loughman,Leinster Rugby (2015 - 2017) -> Munster Rugby (2017 - 2026),Ireland,Ireland,https://all.rugby/player/jeremy-loughman,Leinster Rugby (2015 - 2017) -> Munster Rugby (2017 - 2026)
John RYAN,John RYAN,PR,Munster,185,121,1988.08.02,,,,,A,https://all.rugby/player/john-ryan,Munster Rugby (2012 - 2022) -> Wasps (2022 - 2022) -> Chiefs (2022 - 2022) -> Munster Rugby (2023 - 2023) -> Wasps (2023 - 2023) -> Chiefs (2023 - 2023) -> Munster Rugby (2023 - 2026),Ireland,Ireland,https://all.rugby/player/john-ryan,Munster Rugby (2012 - 2022) -> Wasps (2022 - 2022) -> Chiefs (2022 - 2022) -> Munster Rugby (2023 - 2023) -> Wasps (2023 - 2023) -> Chiefs (2023 - 2023) -> Munster Rugby (2023 - 2026)
Josh WYCHERLEY,Josh WYCHERLEY,PR,Munster,183,112,1999.07.22,,,,,A,https://all.rugby/player/josh-wycherley,Munster Rugby (2018 - 2026),,,https://all.rugby/player/josh-wycherley,Munster Rugby (2018 - 2026)
Kieran RYAN,Kieran RYAN,PR,Munster,183,110,2002.01.30,,,,,A,https://all.rugby/player/kieran-ryan,Munster Rugby (2021 - 2026),,,https://all.rugby/player/kieran-ryan,Munster Rugby (2021 - 2026)
Mark DONNELLY,Mark DONNELLY,PR,Munster,180,110,2001.03.14,,,,,A,https://all.rugby/player/mark-donnelly,Munster Rugby (2020 - 2025) -> Ealing Trailfinders (2025 - 2025) -> Munster Rugby (2026 - 2026) -> Ealing Trailfinders (2026 - 2026),,,https://all.rugby/player/mark-donnelly,Munster Rugby (2020 - 2025) -> Ealing Trailfinders (2025 - 2025) -> Munster Rugby (2026 - 2026) -> Ealing Trailfinders (2026 - 2026)
Michael ALAALATOA,Michael ALAALATOA,PR,Munster,191,130,1991.08.28,,,,,A,https://all.rugby/player/michael-alaalatoa,New South Wales Waratahs (2013 - 2014) -> Crusaders (2015 - 2019) -> Manawatu Turbos (2019 - 2019) -> Crusaders (2020 - 2020) -> Manawatu Turbos (2020 - 2020) -> Crusaders (2020 - 2021) -> Leinster Rugby (2021 - 2024) -> ASM Clermont Auvergne (2024 - 2025) -> Munster Rugby (2025 - 2025) -> ASM Clermont Auvergne (2026 - 2026) -> Munster Rugby (2026 - 2026),Australia,Australia,https://all.rugby/player/michael-alaalatoa,New South Wales Waratahs (2013 - 2014) -> Crusaders (2015 - 2019) -> Manawatu Turbos (2019 - 2019) -> Crusaders (2020 - 2020) -> Manawatu Turbos (2020 - 2020) -> Crusaders (2020 - 2021) -> Leinster Rugby (2021 - 2024) -> ASM Clermont Auvergne (2024 - 2025) -> Munster Rugby (2025 - 2025) -> ASM Clermont Auvergne (2026 - 2026) -> Munster Rugby (2026 - 2026)
Michael MILNE,Michael MILNE,PR,Munster,183,115,1999.02.05,,,,,A,https://all.rugby/player/michael-milne,Leinster Rugby (2018 - 2024) -> Munster Rugby (2024 - 2024) -> Leinster Rugby (2025 - 2025) -> Munster Rugby (2025 - 2026),,,https://all.rugby/player/michael-milne,Leinster Rugby (2018 - 2024) -> Munster Rugby (2024 - 2024) -> Leinster Rugby (2025 - 2025) -> Munster Rugby (2025 - 2026)
Oli JAGER,Oli JAGER,PR,Munster,192,127,1995.07.05,,,,,A,https://all.rugby/player/oli-jager,Crusaders (2016 - 2019) -> Canterbury (2019 - 2019) -> Crusaders (2020 - 2020) -> Canterbury (2020 - 2020) -> Crusaders (2020 - 2020) -> Canterbury (2020 - 2020) -> Crusaders (2021 - 2021) -> Canterbury (2021 - 2021) -> Crusaders (2021 - 2021) -> Canterbury (2021 - 2021) -> Crusaders (2022 - 2022) -> Canterbury (2022 - 2022) -> Crusaders (2022 - 2022) -> Canterbury (2022 - 2022) -> Crusaders (2023 - 2023) -> Canterbury (2023 - 2023) -> Munster Rugby (2023 - 2026),Ireland,Ireland,https://all.rugby/player/oli-jager,Crusaders (2016 - 2019) -> Canterbury (2019 - 2019) -> Crusaders (2020 - 2020) -> Canterbury (2020 - 2020) -> Crusaders (2020 - 2020) -> Canterbury (2020 - 2020) -> Crusaders (2021 - 2021) -> Canterbury (2021 - 2021) -> Crusaders (2021 - 2021) -> Canterbury (2021 - 2021) -> Crusaders (2022 - 2022) -> Canterbury (2022 - 2022) -> Crusaders (2022 - 2022) -> Canterbury (2022 - 2022) -> Crusaders (2023 - 2023) -> Canterbury (2023 - 2023) -> Munster Rugby (2023 - 2026)
Roman SALANOA,Roman SALANOA,PR,Munster,183,123,1997.10.28,,,,,A,https://all.rugby/player/roman-salanoa,Leinster Rugby (2019 - 2020) -> Munster Rugby (2020 - 2026),,,https://all.rugby/player/roman-salanoa,Leinster Rugby (2019 - 2020) -> Munster Rugby (2020 - 2026)
Diarmuid BARRON,Diarmuid BARRON,HO,Munster,184,100,1998.08.06,,,,,A,https://all.rugby/player/diarmuid-barron,Munster Rugby (2018 - 2026),,,https://all.rugby/player/diarmuid-barron,Munster Rugby (2018 - 2026)
Lee BARRON,Lee BARRON,HO,Munster,191,109,2001.02.15,,,,,A,https://all.rugby/player/lee-barron,Leinster Rugby (2021 - 2024) -> Munster Rugby (2024 - 2024) -> Leinster Rugby (2025 - 2025) -> Munster Rugby (2025 - 2026),,,https://all.rugby/player/lee-barron,Leinster Rugby (2021 - 2024) -> Munster Rugby (2024 - 2024) -> Leinster Rugby (2025 - 2025) -> Munster Rugby (2025 - 2026)
Niall SCANNELL,Niall SCANNELL,HO,Munster,185,111,1992.04.08,,,,,A,https://all.rugby/player/niall-scannell,Munster Rugby (2013 - 2026),Ireland,Ireland,https://all.rugby/player/niall-scannell,Munster Rugby (2013 - 2026)
Conor RYAN,Conor RYAN,LO,Munster,,,2003.10.04,,,,,A,https://all.rugby/player/conor-ryan,University College Cork (2024 - 2025) -> Munster Rugby (2025 - 2026),,,https://all.rugby/player/conor-ryan,University College Cork (2024 - 2025) -> Munster Rugby (2025 - 2026)
Edwin EDOGBO,Edwin EDOGBO,LO,Munster,196,127,2002.12.21,,,,,A,https://all.rugby/player/edwin-edogbo,Munster Rugby (2022 - 2026),Ireland,Ireland,https://all.rugby/player/edwin-edogbo,Munster Rugby (2022 - 2026)
Evan O'CONNELL,Evan O'CONNELL,LO,Munster,200,109,2004..,,,,,A,https://all.rugby/player/evan-o-connell,Munster Rugby (2022 - 2026),,,https://all.rugby/player/evan-o-connell,Munster Rugby (2022 - 2026)
Fineen WYCHERLEY,Fineen WYCHERLEY,LO,Munster,196,112,1997.12.11,,,,,A,https://all.rugby/player/fineen-wycherley,Munster Rugby (2016 - 2026),,,https://all.rugby/player/fineen-wycherley,Munster Rugby (2016 - 2026)
Jean KLEYN,Jean KLEYN,LO,Munster,202,123,1993.08.26,,,,,A,https://all.rugby/player/jean-kleyn,Stormers (2013 - 2016) -> Munster Rugby (2016 - 2026),South Africa,South Africa,https://all.rugby/player/jean-kleyn,Stormers (2013 - 2016) -> Munster Rugby (2016 - 2026)
Tadhg BEIRNE,Tadhg BEIRNE,LO,Munster,198,114,1992.01.08,,,,,A,https://all.rugby/player/tadhg-beirne,Leinster Rugby (2015 - 2016) -> Scarlets (2016 - 2018) -> Munster Rugby (2018 - 2026),Ireland,Ireland,https://all.rugby/player/tadhg-beirne,Leinster Rugby (2015 - 2016) -> Scarlets (2016 - 2018) -> Munster Rugby (2018 - 2026)
Tom AHERN,Tom AHERN,LO,Munster,206,117,2000.02.22,,,,,A,https://all.rugby/player/thomas-ahern,Munster Rugby (2020 - 2026),,,https://all.rugby/player/thomas-ahern,Munster Rugby (2020 - 2026)
Alex KENDELLEN,Alex KENDELLEN,Back row,Munster,188,105,2001.03.03,,,,,A,https://all.rugby/player/alex-kendellen,Munster Rugby (2020 - 2026),,,https://all.rugby/player/alex-kendellen,Munster Rugby (2020 - 2026)
Brian GLEESON,Brian GLEESON,Back row,Munster,193,116,2004.02.05,,,,,A,https://all.rugby/player/brian-gleeson,Munster Rugby (2022 - 2026),,,https://all.rugby/player/brian-gleeson,Munster Rugby (2022 - 2026)
Gavin COOMBES,Gavin COOMBES,Back row,Munster,198,110,1997.12.11,,,,,A,https://all.rugby/player/gavin-coombes,Munster Rugby (2018 - 2026),,,https://all.rugby/player/gavin-coombes,Munster Rugby (2018 - 2026)
Jack O'DONOGHUE,Jack O'DONOGHUE,Back row,Munster,191,110,1994.02.08,,,,,A,https://all.rugby/player/jack-o-donoghue,Munster Rugby (2014 - 2026),Ireland,Ireland,https://all.rugby/player/jack-o-donoghue,Munster Rugby (2014 - 2026)
John HODNETT,John HODNETT,Back row,Munster,185,105,1999.01.10,,,,,A,https://all.rugby/player/john-hodnett,Munster Rugby (2018 - 2026),,,https://all.rugby/player/john-hodnett,Munster Rugby (2018 - 2026)
Ruadhán QUINN,Ruadhán QUINN,Back row,Munster,191,113,2003.10.17,,,,,A,https://all.rugby/player/ruadhan-quinn,Munster Rugby (2022 - 2026),,,https://all.rugby/player/ruadhan-quinn,Munster Rugby (2022 - 2026)
Ben O'DONOVAN,Ben O'DONOVAN,SH,Munster,,,2004..,,,,,A,https://all.rugby/player/ben-o-donovan,Crusaders (2023 - 2024) -> Canterbury (2024 - 2025) -> Munster Rugby (2025 - 2026),,,https://all.rugby/player/ben-o-donovan,Crusaders (2023 - 2024) -> Canterbury (2024 - 2025) -> Munster Rugby (2025 - 2026)
Craig CASEY,Craig CASEY,SH,Munster,165,76,1999.04.19,,,,,A,https://all.rugby/player/craig-casey,Munster Rugby (2018 - 2026),Ireland,Ireland,https://all.rugby/player/craig-casey,Munster Rugby (2018 - 2026)
Ethan COUGHLAN,Ethan COUGHLAN,SH,Munster,175,81,2002.04.13,,,,,A,https://all.rugby/player/ethan-coughlan,Munster Rugby (2021 - 2026),,,https://all.rugby/player/ethan-coughlan,Munster Rugby (2021 - 2026)
Paddy PATTERSON,Paddy PATTERSON,SH,Munster,175,75,1998.11.30,,,,,A,https://all.rugby/player/paddy-patterson,Leinster Rugby (2018 - 2020) -> Munster Rugby (2020 - 2020) -> Leinster Rugby (2021 - 2021) -> Munster Rugby (2021 - 2026),,,https://all.rugby/player/paddy-patterson,Leinster Rugby (2018 - 2020) -> Munster Rugby (2020 - 2020) -> Leinster Rugby (2021 - 2021) -> Munster Rugby (2021 - 2026)
Jack CROWLEY,Jack CROWLEY,SO,Munster,185,90,2000.01.13,,,,,A,https://all.rugby/player/jack-crowley,Munster Rugby (2020 - 2026),Ireland,Ireland,https://all.rugby/player/jack-crowley,Munster Rugby (2020 - 2026)
JJ HANRAHAN,JJ HANRAHAN,SO,Munster,183,93,1992.07.27,,,,,A,https://all.rugby/player/jj-hanrahan,Munster Rugby (2013 - 2015) -> Northampton Saints (2015 - 2017) -> Munster Rugby (2017 - 2021) -> ASM Clermont Auvergne (2021 - 2022) -> Dragons RFC (2022 - 2023) -> Connacht Rugby (2023 - 2025) -> Munster Rugby (2025 - 2026),,,https://all.rugby/player/jj-hanrahan,Munster Rugby (2013 - 2015) -> Northampton Saints (2015 - 2017) -> Munster Rugby (2017 - 2021) -> ASM Clermont Auvergne (2021 - 2022) -> Dragons RFC (2022 - 2023) -> Connacht Rugby (2023 - 2025) -> Munster Rugby (2025 - 2026)
Tony BUTLER,Tony BUTLER,SO,Munster,178,85,2002.04.23,,,,,A,https://all.rugby/player/tony-butler,Munster Rugby (2021 - 2026),,,https://all.rugby/player/tony-butler,Munster Rugby (2021 - 2026)
Alex NANKIVELL,Alex NANKIVELL,CTB,Munster,188,98,1996.10.25,,,,,A,https://all.rugby/player/alex-nankivell,Chiefs (2016 - 2019) -> Tasman Mako (2019 - 2019) -> Chiefs (2020 - 2020) -> Tasman Mako (2020 - 2020) -> Chiefs (2020 - 2020) -> Tasman Mako (2020 - 2020) -> Chiefs (2021 - 2021) -> Tasman Mako (2021 - 2021) -> Chiefs (2021 - 2021) -> Tasman Mako (2021 - 2021) -> Chiefs (2022 - 2022) -> Tasman Mako (2022 - 2022) -> Chiefs (2022 - 2022) -> Tasman Mako (2022 - 2022) -> Chiefs (2023 - 2023) -> Tasman Mako (2023 - 2023) -> Munster Rugby (2023 - 2026),,,https://all.rugby/player/alex-nankivell,Chiefs (2016 - 2019) -> Tasman Mako (2019 - 2019) -> Chiefs (2020 - 2020) -> Tasman Mako (2020 - 2020) -> Chiefs (2020 - 2020) -> Tasman Mako (2020 - 2020) -> Chiefs (2021 - 2021) -> Tasman Mako (2021 - 2021) -> Chiefs (2021 - 2021) -> Tasman Mako (2021 - 2021) -> Chiefs (2022 - 2022) -> Tasman Mako (2022 - 2022) -> Chiefs (2022 - 2022) -> Tasman Mako (2022 - 2022) -> Chiefs (2023 - 2023) -> Tasman Mako (2023 - 2023) -> Munster Rugby (2023 - 2026)
Dan KELLY,Dan KELLY,CTB,Munster,185,100,2001.06.16,,,,,A,https://all.rugby/player/dan-kelly,Sale Sharks (2017 - 2019) -> Loughborough University (2019 - 2019) -> Leicester Tigers (2019 - 2019) -> Loughborough University (2020 - 2020) -> Leicester Tigers (2020 - 2025) -> Munster Rugby (2025 - 2026),England,England,https://all.rugby/player/dan-kelly,Sale Sharks (2017 - 2019) -> Loughborough University (2019 - 2019) -> Leicester Tigers (2019 - 2019) -> Loughborough University (2020 - 2020) -> Leicester Tigers (2020 - 2025) -> Munster Rugby (2025 - 2026)
Fionn GIBBONS,Fionn GIBBONS,CTB,Munster,193,105,2002.06.12,,,,,A,https://all.rugby/player/fionn-gibbons,Leinster Rugby (2021 - 2022) -> Munster Rugby (2022 - 2026),,,https://all.rugby/player/fionn-gibbons,Leinster Rugby (2021 - 2022) -> Munster Rugby (2022 - 2026)
Seán O'BRIEN,Seán O'BRIEN,CTB,Munster,187,101,1998.05.12,,,,,A,https://all.rugby/player/sean-o-brien-1998,Connacht Rugby (2019 - 2021) -> Exeter Chiefs (2021 - 2023) -> Munster Rugby (2023 - 2026),,,https://all.rugby/player/sean-o-brien-1998,Connacht Rugby (2019 - 2021) -> Exeter Chiefs (2021 - 2023) -> Munster Rugby (2023 - 2026)
Shane DALY,Shane DALY,CTB,Munster,191,92,1996.12.19,,,,,A,https://all.rugby/player/shane-daly,Munster Rugby (2017 - 2026),Ireland,Ireland,https://all.rugby/player/shane-daly,Munster Rugby (2017 - 2026)
Tom FARRELL,Tom FARRELL,CTB,Munster,190,107,1993.10.01,,,,,A,https://all.rugby/player/tom-farrell,Connacht Rugby (2016 - 2024) -> Munster Rugby (2024 - 2026),Ireland,Ireland,https://all.rugby/player/tom-farrell,Connacht Rugby (2016 - 2024) -> Munster Rugby (2024 - 2026)
Andrew SMITH,Andrew SMITH,Winger,Munster,183,90,2000.07.21,,,,,A,https://all.rugby/player/andrew-smith-2000,Leinster Rugby (2020 - 2022) -> Connacht Rugby (2023 - 2024) -> Munster Rugby (2024 - 2024) -> Connacht Rugby (2025 - 2025) -> Munster Rugby (2025 - 2026),,,https://all.rugby/player/andrew-smith-2000,Leinster Rugby (2020 - 2022) -> Connacht Rugby (2023 - 2024) -> Munster Rugby (2024 - 2024) -> Connacht Rugby (2025 - 2025) -> Munster Rugby (2025 - 2026)
Calvin NASH,Calvin NASH,Winger,Munster,180,90,1997.08.08,,,,,A,https://all.rugby/player/calvin-nash,Munster Rugby (2016 - 2026),Ireland,Ireland,https://all.rugby/player/calvin-nash,Munster Rugby (2016 - 2026)
Diarmuid KILGALLEN,Diarmuid KILGALLEN,Winger,Munster,193,96,2000.03.08,,,,,A,https://all.rugby/player/diarmuid-kilgallen,Connacht Rugby (2019 - 2024) -> Munster Rugby (2024 - 2026),,,https://all.rugby/player/diarmuid-kilgallen,Connacht Rugby (2019 - 2024) -> Munster Rugby (2024 - 2026)
Shay MCCARTHY,Shay MCCARTHY,Winger,Munster,188,95,2002.11.06,,,,,A,https://all.rugby/player/shay-mccarthy,Munster Rugby (2021 - 2022) -> Young Munster RFC (2022 - 2023) -> Munster Rugby (2023 - 2026),,,https://all.rugby/player/shay-mccarthy,Munster Rugby (2021 - 2022) -> Young Munster RFC (2022 - 2023) -> Munster Rugby (2023 - 2026)
Mike HALEY,Mike HALEY,FB,Munster,191,94,1994.06.28,,,,,A,https://all.rugby/player/mike-haley,Sale Sharks (2013 - 2018) -> Munster Rugby (2018 - 2026),England,England,https://all.rugby/player/mike-haley,Sale Sharks (2013 - 2018) -> Munster Rugby (2018 - 2026)
Thaakir ABRAHAMS,Thaakir ABRAHAMS,FB,Munster,175,77,1999.01.10,,,,,A,https://all.rugby/player/thaakir-abrahams,Sharks (2019 - 2023) -> Lyon Olympique Universitaire Rugby (2023 - 2024) -> Munster Rugby (2024 - 2026),,,https://all.rugby/player/thaakir-abrahams,Sharks (2019 - 2023) -> Lyon Olympique Universitaire Rugby (2023 - 2024) -> Munster Rugby (2024 - 2026)
Darragh MCSWEENEY,Darragh MCSWEENEY,PR,Munster,191,130,2002.08.19,,,,,A,https://all.rugby/player/darragh-mcsweeney,Munster Rugby (2021 - 2024) -> Cornish Pirates (2024 - 2024) -> Munster Rugby (2025 - 2025) -> Cornish Pirates (2025 - 2025) -> Munster Rugby (2025 - 2026),,,https://all.rugby/player/darragh-mcsweeney,Munster Rugby (2021 - 2024) -> Cornish Pirates (2024 - 2024) -> Munster Rugby (2025 - 2025) -> Cornish Pirates (2025 - 2025) -> Munster Rugby (2025 - 2026)
Emmett CALVEY,Emmett CALVEY,PR,Munster,,,2005..,,,,,A,https://all.rugby/player/emmett-calvey,Shannon RFC (2023 - 2025) -> Munster Rugby (2025 - 2026),,,https://all.rugby/player/emmett-calvey,Shannon RFC (2023 - 2025) -> Munster Rugby (2025 - 2026)
George HADDEN,George HADDEN,PR,Munster,185,113,2003.02.20,,,,,A,https://all.rugby/player/george-hadden,Gorey RFC (2021 - 2022) -> Clontarf Rugby (2022 - 2023) -> Munster Rugby (2023 - 2026),,,https://all.rugby/player/george-hadden,Gorey RFC (2021 - 2022) -> Clontarf Rugby (2022 - 2023) -> Munster Rugby (2023 - 2026)
Ronan FOXE,Ronan FOXE,PR,Munster,188,128,2003.02.13,,,,,A,https://all.rugby/player/ronan-foxe,Old Belvedere RC (2022 - 2023) -> Munster Rugby (2023 - 2026),,,https://all.rugby/player/ronan-foxe,Old Belvedere RC (2022 - 2023) -> Munster Rugby (2023 - 2026)
Danny SHEAHAN,Danny SHEAHAN,HO,Munster,186,105,2004..,,,,,A,https://all.rugby/player/danny-sheahan,University College Cork (2022 - 2023) -> Cork Constitution RFC (2023 - 2024) -> Munster Rugby (2024 - 2026),,,https://all.rugby/player/danny-sheahan,University College Cork (2022 - 2023) -> Cork Constitution RFC (2023 - 2024) -> Munster Rugby (2024 - 2026)
Max CLEIN,Max CLEIN,HO,Munster,183,108,2003.09.16,,,,,A,https://all.rugby/player/max-clein,Munster Rugby (2022 - 2026),,,https://all.rugby/player/max-clein,Munster Rugby (2022 - 2026)
Conor KENNELLY,Conor KENNELLY,LO,Munster,198,110,2005..,,,,,A,https://all.rugby/player/conor-kennelly,Highfield RFC (2024 - 2025) -> Munster Rugby (2025 - 2026),,,https://all.rugby/player/conor-kennelly,Highfield RFC (2024 - 2025) -> Munster Rugby (2025 - 2026)
Michael FOY,Michael FOY,LO,Munster,196,107,2005..,,,,,A,https://all.rugby/player/michael-foy,Cork Constitution RFC (2023 - 2024) -> Munster Rugby (2024 - 2026),,,https://all.rugby/player/michael-foy,Cork Constitution RFC (2023 - 2024) -> Munster Rugby (2024 - 2026)
Luke MURPHY,Luke MURPHY,Back row,Munster,,,2005..,,,,,A,https://all.rugby/player/luke-murphy,Shannon RFC (2023 - 2024) -> Munster Rugby (2024 - 2026),,,https://all.rugby/player/luke-murphy,Shannon RFC (2023 - 2024) -> Munster Rugby (2024 - 2026)
Oisin MINOGUE,Oisin MINOGUE,Back row,Munster,184,102,2005..,,,,,A,https://all.rugby/player/oisin-minogue,Shannon RFC (2024 - 2025) -> Munster Rugby (2025 - 2026),,,https://all.rugby/player/oisin-minogue,Shannon RFC (2024 - 2025) -> Munster Rugby (2025 - 2026)
Seán EDOGBO,Seán EDOGBO,Back row,Munster,188,111,2004..,,,,,A,https://all.rugby/player/sean-edogbo,University College Cork (2023 - 2024) -> Munster Rugby (2024 - 2026),,,https://all.rugby/player/sean-edogbo,University College Cork (2023 - 2024) -> Munster Rugby (2024 - 2026)
Jake O'RIORDAN,Jake O'RIORDAN,SH,Munster,170,74,2004..,,,,,A,https://all.rugby/player/jake-o-riordan,University of Limerick Bohemian RFC (2023 - 2024) -> Munster Rugby (2024 - 2026),,,https://all.rugby/player/jake-o-riordan,University of Limerick Bohemian RFC (2023 - 2024) -> Munster Rugby (2024 - 2026)
Dylan HICKS,Dylan HICKS,SO,Munster,185,88,2005..,,,,,A,https://all.rugby/player/dylan-hicks,Coláiste Pobail Bheanntraí (2022 - 2023) -> Munster Rugby (2023 - 2026),,,https://all.rugby/player/dylan-hicks,Coláiste Pobail Bheanntraí (2022 - 2023) -> Munster Rugby (2023 - 2026)
Tom WOOD,Tom WOOD,SO,Munster,188,91,2006..,,,,,A,https://all.rugby/player/tom-wood-,Garryowen FC (2024 - 2025) -> Munster Rugby (2025 - 2026),,,https://all.rugby/player/tom-wood-,Garryowen FC (2024 - 2025) -> Munster Rugby (2025 - 2026)
Eoghan SMYTH,Eoghan SMYTH,CTB,Munster,183,96,2005..,,,,,A,https://all.rugby/player/eoghan-smyth,Cork Constitution RFC (2024 - 2025) -> Munster Rugby (2025 - 2026),,,https://all.rugby/player/eoghan-smyth,Cork Constitution RFC (2024 - 2025) -> Munster Rugby (2025 - 2026)
Gene O'LEARY KAREEM,Gene O'LEARY KAREEM,CTB,Munster,179,91,2005..,,,,,A,https://all.rugby/player/gene-o-leary-kareem,Presentation Brothers Cork (2023 - 2024) -> Munster Rugby (2024 - 2026),,,https://all.rugby/player/gene-o-leary-kareem,Presentation Brothers Cork (2023 - 2024) -> Munster Rugby (2024 - 2026)
Gordon WOOD,Gordon WOOD,CTB,Munster,182,91,2004..,,,,,A,https://all.rugby/player/gordon-wood,Garryowen FC (2023 - 2024) -> Munster Rugby (2024 - 2026),,,https://all.rugby/player/gordon-wood,Garryowen FC (2023 - 2024) -> Munster Rugby (2024 - 2026)
Ben O'CONNOR,Ben O'CONNOR,FB,Munster,188,97,2004..,,,,,A,https://all.rugby/player/ben-o-connor,Presentation Brothers Cork (2022 - 2023) -> Munster Rugby (2023 - 2026),,,https://all.rugby/player/ben-o-connor,Presentation Brothers Cork (2022 - 2023) -> Munster Rugby (2023 - 2026)
Denis BUCKLEY,Denis BUCKLEY,PR,Connacht,177,110,1990.08.09,,,,,A,https://all.rugby/player/denis-buckley,Connacht Rugby (2013 - 2026),,,https://all.rugby/player/denis-buckley,Connacht Rugby (2013 - 2026)
Finlay BEALHAM,Finlay BEALHAM,PR,Connacht,189,123,1991.10.09,,,,,A,https://all.rugby/player/finlay-bealham,Connacht Rugby (2013 - 2026),Australia,Australia,https://all.rugby/player/finlay-bealham,Connacht Rugby (2013 - 2026)
Jack AUNGIER,Jack AUNGIER,PR,Connacht,188,120,1998.11.20,,,,,A,https://all.rugby/player/jack-aungier,Leinster Rugby (2017 - 2019) -> Connacht Rugby (2019 - 2019) -> Leinster Rugby (2020 - 2020) -> Connacht Rugby (2020 - 2026),Ireland,Ireland,https://all.rugby/player/jack-aungier,Leinster Rugby (2017 - 2019) -> Connacht Rugby (2019 - 2019) -> Leinster Rugby (2020 - 2020) -> Connacht Rugby (2020 - 2026)
Jordan DUGGAN,Jordan DUGGAN,PR,Connacht,185,114,1998.01.07,,,,,A,https://all.rugby/player/jordan-duggan,Connacht Rugby (2019 - 2026),,,https://all.rugby/player/jordan-duggan,Connacht Rugby (2019 - 2026)
Peter DOOLEY,Peter DOOLEY,PR,Connacht,183,116,1994.08.04,,,,,A,https://all.rugby/player/peter-dooley,Leinster Rugby (2014 - 2022) -> Connacht Rugby (2022 - 2026),,,https://all.rugby/player/peter-dooley,Leinster Rugby (2014 - 2022) -> Connacht Rugby (2022 - 2026)
Sam ILLO,Sam ILLO,PR,Connacht,185,121,2001.02.16,,,,,A,https://all.rugby/player/sam-illo,Leinster Rugby (2020 - 2021) -> Connacht Rugby (2021 - 2026),,,https://all.rugby/player/sam-illo,Leinster Rugby (2020 - 2021) -> Connacht Rugby (2021 - 2026)
Temi LASISI,Temi LASISI,PR,Connacht,183,125,2001.05.09,,,,,A,https://all.rugby/player/temi-lasisi,Leinster Rugby (2020 - 2024) -> Connacht Rugby (2024 - 2026),,,https://all.rugby/player/temi-lasisi,Leinster Rugby (2020 - 2024) -> Connacht Rugby (2024 - 2026)
Dave HEFFERNAN,Dave HEFFERNAN,HO,Connacht,187,111,1991.01.31,,,,,A,https://all.rugby/player/david-heffernan,Connacht Rugby (2013 - 2026),Ireland,Ireland,https://all.rugby/player/david-heffernan,Connacht Rugby (2013 - 2026)
Dylan TIERNEY-MARTIN,Dylan TIERNEY-MARTIN,HO,Connacht,182,101,1999.06.20,,,,,A,https://all.rugby/player/dylan-tierney-martin,Connacht Rugby (2020 - 2026),,,https://all.rugby/player/dylan-tierney-martin,Connacht Rugby (2020 - 2026)
Eoin DE BUITLÉAR,Eoin DE BUITLÉAR,HO,Connacht,175,104,2001.11.09,,,,,A,https://all.rugby/player/eoin-de-buitlear,Connacht Rugby (2020 - 2026),,,https://all.rugby/player/eoin-de-buitlear,Connacht Rugby (2020 - 2026)
Darragh MURRAY,Darragh MURRAY,LO,Connacht,200,115,2001.07.04,,,,,A,https://all.rugby/player/darragh-murray,Connacht Rugby (2020 - 2026),,,https://all.rugby/player/darragh-murray,Connacht Rugby (2020 - 2026)
David O'CONNOR,David O'CONNOR,LO,Connacht,193,110,1995.05.19,,,,,A,https://all.rugby/player/david-o-connor,Ulster Rugby (2019 - 2022) -> Ealing Trailfinders (2022 - 2024) -> Connacht Rugby (2024 - 2026),,,https://all.rugby/player/david-o-connor,Ulster Rugby (2019 - 2022) -> Ealing Trailfinders (2022 - 2024) -> Connacht Rugby (2024 - 2026)
Joe JOYCE,Joe JOYCE,LO,Connacht,196,119,1994.02.07,,,,,A,https://all.rugby/player/joe-joyce,Bristol Bears (2016 - 2023) -> Connacht Rugby (2023 - 2026),,,https://all.rugby/player/joe-joyce,Bristol Bears (2016 - 2023) -> Connacht Rugby (2023 - 2026)
Josh MURPHY,Josh MURPHY,LO,Connacht,198,110,1995.02.17,,,,,A,https://all.rugby/player/josh-murphy,Leinster Rugby (2017 - 2022) -> Connacht Rugby (2022 - 2023) -> sans club (2023 - 2024) -> Connacht Rugby (2024 - 2026),,,https://all.rugby/player/josh-murphy,Leinster Rugby (2017 - 2022) -> Connacht Rugby (2022 - 2023) -> sans club (2023 - 2024) -> Connacht Rugby (2024 - 2026)
Niall MURRAY,Niall MURRAY,LO,Connacht,200,111,1999.10.13,,,,,A,https://all.rugby/player/niall-murray,Connacht Rugby (2018 - 2026),,,https://all.rugby/player/niall-murray,Connacht Rugby (2018 - 2026)
Oisín DOWLING,Oisín DOWLING,LO,Connacht,196,112,1997.06.23,,,,,A,https://all.rugby/player/oisin-dowling,Leinster Rugby (2018 - 2020) -> Connacht Rugby (2020 - 2026),,,https://all.rugby/player/oisin-dowling,Leinster Rugby (2018 - 2020) -> Connacht Rugby (2020 - 2026)
Cian PRENDERGAST,Cian PRENDERGAST,Back row,Connacht,196,115,2000.02.23,,,,,A,https://all.rugby/player/cian-prendergast,Leinster Rugby (2019 - 2020) -> Connacht Rugby (2020 - 2026),Ireland,Ireland,https://all.rugby/player/cian-prendergast,Leinster Rugby (2019 - 2020) -> Connacht Rugby (2020 - 2026)
Oisín MCCORMACK,Oisín MCCORMACK,Back row,Connacht,183,102,2001.02.21,,,,,A,https://all.rugby/player/oisin-mccormack,Connacht Rugby (2020 - 2025) -> Harlequins (2025 - 2025) -> Connacht Rugby (2026 - 2026) -> Harlequins (2026 - 2026),,,https://all.rugby/player/oisin-mccormack,Connacht Rugby (2020 - 2025) -> Harlequins (2025 - 2025) -> Connacht Rugby (2026 - 2026) -> Harlequins (2026 - 2026)
Paul BOYLE,Paul BOYLE,Back row,Connacht,189,112,1997.01.14,,,,,A,https://all.rugby/player/paul-boyle,Connacht Rugby (2017 - 2026),,,https://all.rugby/player/paul-boyle,Connacht Rugby (2017 - 2026)
Seán F. O'BRIEN,Seán F. O'BRIEN,Back row,Connacht,193,105,2000.07.31,,,,,A,https://all.rugby/player/sean-o-brien-2000,Leinster Rugby (2020 - 2020) -> LA Giltinis (2020 - 2020) -> Leinster Rugby (2021 - 2021) -> LA Giltinis (2021 - 2021) -> Leinster Rugby (2021 - 2023) -> Connacht Rugby (2023 - 2026),,,https://all.rugby/player/sean-o-brien-2000,Leinster Rugby (2020 - 2020) -> LA Giltinis (2020 - 2020) -> Leinster Rugby (2021 - 2021) -> LA Giltinis (2021 - 2021) -> Leinster Rugby (2021 - 2023) -> Connacht Rugby (2023 - 2026)
Sean JANSEN,Sean JANSEN,Back row,Connacht,191,118,1999.05.10,,,,,A,https://all.rugby/player/sean-jansen,Otago (2020 - 2021) -> Leicester Tigers (2021 - 2023) -> Connacht Rugby (2023 - 2026),,,https://all.rugby/player/sean-jansen,Otago (2020 - 2021) -> Leicester Tigers (2021 - 2023) -> Connacht Rugby (2023 - 2026)
Shamus HURLEY-LANGTON,Shamus HURLEY-LANGTON,Back row,Connacht,185,108,2000.04.22,,,,,A,https://all.rugby/player/shamus-hurley-langton,Manawatu Turbos (2019 - 2022) -> Connacht Rugby (2022 - 2026),,,https://all.rugby/player/shamus-hurley-langton,Manawatu Turbos (2019 - 2022) -> Connacht Rugby (2022 - 2026)
Ben MURPHY,Ben MURPHY,SH,Connacht,173,80,2001.04.23,,,,,A,https://all.rugby/player/ben-murphy-2001,Leinster Rugby (2020 - 2020) -> Munster Rugby (2020 - 2020) -> Leinster Rugby (2021 - 2021) -> Munster Rugby (2021 - 2021) -> Leinster Rugby (2021 - 2024) -> Connacht Rugby (2024 - 2026),Ireland,Ireland,https://all.rugby/player/ben-murphy-2001,Leinster Rugby (2020 - 2020) -> Munster Rugby (2020 - 2020) -> Leinster Rugby (2021 - 2021) -> Munster Rugby (2021 - 2021) -> Leinster Rugby (2021 - 2024) -> Connacht Rugby (2024 - 2026)
Caolin BLADE,Caolin BLADE,SH,Connacht,170,81,1994.04.29,,,,,A,https://all.rugby/player/caolin-blade,Connacht Rugby (2013 - 2026),Ireland,Ireland,https://all.rugby/player/caolin-blade,Connacht Rugby (2013 - 2026)
Colm REILLY,Colm REILLY,SH,Connacht,178,78,1999.08.09,,,,,A,https://all.rugby/player/colm-reilly,Buccaneers RFC (2019 - 2020) -> Connacht Rugby (2020 - 2026),,,https://all.rugby/player/colm-reilly,Buccaneers RFC (2019 - 2020) -> Connacht Rugby (2020 - 2026)
Matt DEVINE,Matt DEVINE,SH,Connacht,180,84,2002.02.19,,,,,A,https://all.rugby/player/matt-devine,Connacht Rugby (2021 - 2026),,,https://all.rugby/player/matt-devine,Connacht Rugby (2021 - 2026)
Jack CARTY,Jack CARTY,SO,Connacht,183,92,1992.08.31,,,,,A,https://all.rugby/player/jack-carty,Connacht Rugby (2013 - 2026),Ireland,Ireland,https://all.rugby/player/jack-carty,Connacht Rugby (2013 - 2026)
Josh IOANE,Josh IOANE,SO,Connacht,180,92,1995.07.11,,,,,A,https://all.rugby/player/josh-ioane,Highlanders (2017 - 2019) -> Otago (2019 - 2019) -> Highlanders (2020 - 2020) -> Otago (2020 - 2020) -> Highlanders (2020 - 2020) -> Otago (2020 - 2020) -> Highlanders (2021 - 2021) -> Otago (2021 - 2021) -> Chiefs (2021 - 2021) -> Otago (2021 - 2021) -> Chiefs (2022 - 2022) -> Otago (2022 - 2022) -> Chiefs (2022 - 2022) -> Waikato Mooloos (2022 - 2022) -> Chiefs (2023 - 2023) -> Waikato Mooloos (2023 - 2023) -> Chiefs (2023 - 2024) -> Connacht Rugby (2024 - 2026),New Zealand,New Zealand,https://all.rugby/player/josh-ioane,Highlanders (2017 - 2019) -> Otago (2019 - 2019) -> Highlanders (2020 - 2020) -> Otago (2020 - 2020) -> Highlanders (2020 - 2020) -> Otago (2020 - 2020) -> Highlanders (2021 - 2021) -> Otago (2021 - 2021) -> Chiefs (2021 - 2021) -> Otago (2021 - 2021) -> Chiefs (2022 - 2022) -> Otago (2022 - 2022) -> Chiefs (2022 - 2022) -> Waikato Mooloos (2022 - 2022) -> Chiefs (2023 - 2023) -> Waikato Mooloos (2023 - 2023) -> Chiefs (2023 - 2024) -> Connacht Rugby (2024 - 2026)
Bundee AKI,Bundee AKI,CTB,Connacht,178,102,1990.04.07,,,,,A,https://all.rugby/player/bundee-aki,Chiefs (2013 - 2014) -> Connacht Rugby (2014 - 2026),New Zealand,New Zealand,https://all.rugby/player/bundee-aki,Chiefs (2013 - 2014) -> Connacht Rugby (2014 - 2026)
Cathal FORDE,Cathal FORDE,CTB,Connacht,188,95,2001.04.11,,,,,A,https://all.rugby/player/cathal-forde,Connacht Rugby (2020 - 2026),,,https://all.rugby/player/cathal-forde,Connacht Rugby (2020 - 2026)
David HAWKSHAW,David HAWKSHAW,CTB,Connacht,178,89,1999.07.03,,,,,A,https://all.rugby/player/david-hawkshaw,Leinster Rugby (2018 - 2022) -> Connacht Rugby (2022 - 2026),,,https://all.rugby/player/david-hawkshaw,Leinster Rugby (2018 - 2022) -> Connacht Rugby (2022 - 2026)
Hugh GAVIN,Hugh GAVIN,CTB,Connacht,192,103,2004.01.10,,,,,A,https://all.rugby/player/hugh-gavin,Connacht Rugby (2022 - 2026),,,https://all.rugby/player/hugh-gavin,Connacht Rugby (2022 - 2026)
John DEVINE,John DEVINE,CTB,Connacht,186,99,2003.12.26,,,,,A,https://all.rugby/player/john-devine,Connacht Rugby (2022 - 2026),,,https://all.rugby/player/john-devine,Connacht Rugby (2022 - 2026)
Byron RALSTON,Byron RALSTON,Winger,Connacht,184,94,2000.05.03,,,,,A,https://all.rugby/player/byron-ralston,Western Force (2019 - 2022) -> Connacht Rugby (2022 - 2026),,,https://all.rugby/player/byron-ralston,Western Force (2019 - 2022) -> Connacht Rugby (2022 - 2026)
Finn TREACY,Finn TREACY,Winger,Connacht,183,96,2004..,,,,,A,https://all.rugby/player/finn-treacy,Connacht Rugby (2023 - 2026),,,https://all.rugby/player/finn-treacy,Connacht Rugby (2023 - 2026)
Sam GILBERT,Sam GILBERT,Winger,Connacht,189,99,1999.01.21,,,,,A,https://all.rugby/player/sam-gilbert,Canterbury (2018 - 2019) -> Highlanders (2019 - 2020) -> Otago (2020 - 2020) -> Highlanders (2021 - 2021) -> Otago (2021 - 2021) -> Highlanders (2021 - 2021) -> Otago (2021 - 2021) -> Highlanders (2022 - 2022) -> Otago (2022 - 2022) -> Highlanders (2022 - 2022) -> Otago (2022 - 2022) -> Highlanders (2023 - 2023) -> Otago (2023 - 2023) -> Highlanders (2023 - 2023) -> Otago (2023 - 2023) -> Highlanders (2024 - 2024) -> Otago (2024 - 2024) -> Highlanders (2024 - 2024) -> Otago (2024 - 2024) -> Highlanders (2025 - 2025) -> Otago (2025 - 2025) -> Connacht Rugby (2025 - 2026),,,https://all.rugby/player/sam-gilbert,Canterbury (2018 - 2019) -> Highlanders (2019 - 2020) -> Otago (2020 - 2020) -> Highlanders (2021 - 2021) -> Otago (2021 - 2021) -> Highlanders (2021 - 2021) -> Otago (2021 - 2021) -> Highlanders (2022 - 2022) -> Otago (2022 - 2022) -> Highlanders (2022 - 2022) -> Otago (2022 - 2022) -> Highlanders (2023 - 2023) -> Otago (2023 - 2023) -> Highlanders (2023 - 2023) -> Otago (2023 - 2023) -> Highlanders (2024 - 2024) -> Otago (2024 - 2024) -> Highlanders (2024 - 2024) -> Otago (2024 - 2024) -> Highlanders (2025 - 2025) -> Otago (2025 - 2025) -> Connacht Rugby (2025 - 2026)
Shane JENNINGS,Shane JENNINGS,Winger,Connacht,191,96,2001.01.14,,,,,A,https://all.rugby/player/shane-jennings-,Connacht Rugby (2020 - 2026),,,https://all.rugby/player/shane-jennings-,Connacht Rugby (2020 - 2026)
Shayne BOLTON,Shayne BOLTON,Winger,Connacht,188,100,2000.06.29,,,,,A,https://all.rugby/player/shayne-bolton,University of the Free State (2020 - 2021) -> Connacht Rugby (2021 - 2026),,,https://all.rugby/player/shayne-bolton,University of the Free State (2020 - 2021) -> Connacht Rugby (2021 - 2026)
Chay MULLINS,Chay MULLINS,FB,Connacht,193,95,2002.01.23,,,,,A,https://all.rugby/player/chay-mullins,Bristol Bears (2020 - 2022) -> Connacht Rugby (2022 - 2026),,,https://all.rugby/player/chay-mullins,Bristol Bears (2020 - 2022) -> Connacht Rugby (2022 - 2026)
Harry WEST,Harry WEST,FB,Connacht,185,90,2003.04.27,,,,,A,https://all.rugby/player/harry-west,Connacht Rugby (2022 - 2026),,,https://all.rugby/player/harry-west,Connacht Rugby (2022 - 2026)
Mack HANSEN,Mack HANSEN,FB,Connacht,188,89,1998.03.27,,,,,A,https://all.rugby/player/mackenzie-hansen,Brumbies (2018 - 2021) -> Connacht Rugby (2021 - 2026),Australia,Australia,https://all.rugby/player/mackenzie-hansen,Brumbies (2018 - 2021) -> Connacht Rugby (2021 - 2026)
Billy BOHAN,Billy BOHAN,PR,Connacht,191,114,2005..,,,,,A,https://all.rugby/player/billy-bohan,Connacht Rugby (2024 - 2026),,,https://all.rugby/player/billy-bohan,Connacht Rugby (2024 - 2026)
Fiachna BARRETT,Fiachna BARRETT,PR,Connacht,193,123,2003.02.27,,,,,A,https://all.rugby/player/fiachna-barrett,Connacht Rugby (2022 - 2026),,,https://all.rugby/player/fiachna-barrett,Connacht Rugby (2022 - 2026)
Matthew VICTORY,Matthew VICTORY,HO,Connacht,177,100,2003.05.28,,,,,A,https://all.rugby/player/matthew-victory,Connacht Rugby (2023 - 2026),,,https://all.rugby/player/matthew-victory,Connacht Rugby (2023 - 2026)
Mikey YARR,Mikey YARR,HO,Connacht,,,2005..,,,,,A,https://all.rugby/player/mikey-yarr,Lansdowne FC (2023 - 2024) -> University College Dublin (2024 - 2025) -> Connacht Rugby (2025 - 2026),,,https://all.rugby/player/mikey-yarr,Lansdowne FC (2023 - 2024) -> University College Dublin (2024 - 2025) -> Connacht Rugby (2025 - 2026)
David WALSH,David WALSH,LO,Connacht,198,,2005..,,,,,A,https://all.rugby/player/david-walsh,Dublin University FC (2024 - 2025) -> Connacht Rugby (2025 - 2026),,,https://all.rugby/player/david-walsh,Dublin University FC (2024 - 2025) -> Connacht Rugby (2025 - 2026)
Aaron O'BRIEN,Aaron O'BRIEN,Back row,Connacht,,,2005..,,,,,A,https://all.rugby/player/aaron-o-brien,Connacht Rugby (2025 - 2026),,,https://all.rugby/player/aaron-o-brien,Connacht Rugby (2025 - 2026)
Bobby POWER,Bobby POWER,Back row,Connacht,192,106,2005..,,,,,A,https://all.rugby/player/bobby-power,Galwegians RFC (2024 - 2025) -> Connacht Rugby (2025 - 2026),,,https://all.rugby/player/bobby-power,Galwegians RFC (2024 - 2025) -> Connacht Rugby (2025 - 2026)
Diarmaid O'CONNELL,Diarmaid O'CONNELL,Back row,Connacht,,,2006..,,,,,A,https://all.rugby/player/diarmaid-o-connell,Connacht Rugby (2025 - 2026),,,https://all.rugby/player/diarmaid-o-connell,Connacht Rugby (2025 - 2026)
Éanna MCCARTHY,Éanna MCCARTHY,Back row,Connacht,193,112,2005..,,,,,A,https://all.rugby/player/eanna-mccarthy,Connacht Rugby (2024 - 2026),,,https://all.rugby/player/eanna-mccarthy,Connacht Rugby (2024 - 2026)
Max FLYNN,Max FLYNN,Back row,Connacht,,,2004..,,,,,A,https://all.rugby/player/max-flynn,Galway Corinthians RFC (2023 - 2024) -> Connacht Rugby (2024 - 2026),,,https://all.rugby/player/max-flynn,Galway Corinthians RFC (2023 - 2024) -> Connacht Rugby (2024 - 2026)
Albert LINDNER,Albert LINDNER,SH,Connacht,,,2006..,,,,,A,https://all.rugby/player/albert-lindner,Connacht Rugby (2025 - 2026),,,https://all.rugby/player/albert-lindner,Connacht Rugby (2025 - 2026)
Tomás FARTHING,Tomás FARTHING,SH,Connacht,,,2005..,,,,,A,https://all.rugby/player/tomas-farthing,Galway Corinthians RFC (2023 - 2024) -> Connacht Rugby (2024 - 2026),,,https://all.rugby/player/tomas-farthing,Galway Corinthians RFC (2023 - 2024) -> Connacht Rugby (2024 - 2026)
Conor O'SHAUGHNESSY,Conor O'SHAUGHNESSY,SO,Connacht,,,2006..,,,,,A,https://all.rugby/player/conor-o-shaughnessy,Connacht Rugby (2025 - 2026),,,https://all.rugby/player/conor-o-shaughnessy,Connacht Rugby (2025 - 2026)
Seán NAUGHTON,Seán NAUGHTON,SO,Connacht,182,78,2004..,,,,,A,https://all.rugby/player/sean-naughton,Connacht Rugby (2023 - 2026),,,https://all.rugby/player/sean-naughton,Connacht Rugby (2023 - 2026)
Seán WALSH,Seán WALSH,CTB,Connacht,,,2006..,,,,,A,https://all.rugby/player/sean-walsh,Connacht Rugby (2025 - 2026),,,https://all.rugby/player/sean-walsh,Connacht Rugby (2025 - 2026)
Daniel RYAN,Daniel RYAN,Winger,Connacht,,,2006..,,,,,A,https://all.rugby/player/daniel-ryan,Connacht Rugby (2025 - 2026),,,https://all.rugby/player/daniel-ryan,Connacht Rugby (2025 - 2026)
James NICHOLSON,James NICHOLSON,FB,Connacht,192,89,2003.06.09,,,,,A,https://all.rugby/player/james-nicholson,Leinster Rugby (2022 - 2023) -> Connacht Rugby (2023 - 2026),,,https://all.rugby/player/james-nicholson,Leinster Rugby (2022 - 2023) -> Connacht Rugby (2023 - 2026)
Ben WARREN,Ben WARREN,PR,Ospreys,185,122,2000.04.02,,,,,A,https://all.rugby/player/ben-warren,Cardiff Rugby (2018 - 2021) -> Ospreys (2021 - 2026),,,https://all.rugby/player/ben-warren,Cardiff Rugby (2018 - 2021) -> Ospreys (2021 - 2026)
Cameron JONES,Cameron JONES,PR,Ospreys,193,128,2001.10.04,,,,,A,https://all.rugby/player/cameron-jones,Ospreys (2020 - 2023) -> Central Cheetahs (2023 - 2023) -> Ospreys (2024 - 2024) -> Central Cheetahs (2024 - 2024) -> Dragons RFC (2024 - 2024) -> Ospreys (2024 - 2024) -> Dragons RFC (2025 - 2025) -> Ospreys (2025 - 2026),,,https://all.rugby/player/cameron-jones,Ospreys (2020 - 2023) -> Central Cheetahs (2023 - 2023) -> Ospreys (2024 - 2024) -> Central Cheetahs (2024 - 2024) -> Dragons RFC (2024 - 2024) -> Ospreys (2024 - 2024) -> Dragons RFC (2025 - 2025) -> Ospreys (2025 - 2026)
Gareth THOMAS,Gareth THOMAS,PR,Ospreys,188,120,1993.08.02,,,,,A,https://all.rugby/player/gareth-thomas-1993,Ospreys (2014 - 2026),Wales,Wales,https://all.rugby/player/gareth-thomas-1993,Ospreys (2014 - 2026)
Garyn PHILLIPS,Garyn PHILLIPS,PR,Ospreys,184,123,2001.05.14,,,,,A,https://all.rugby/player/garyn-phillips,Cardiff Rugby (2018 - 2019) -> Ospreys (2019 - 2021) -> Cornish Pirates (2021 - 2021) -> Ospreys (2021 - 2021) -> Cornish Pirates (2022 - 2022) -> Ospreys (2022 - 2026),,,https://all.rugby/player/garyn-phillips,Cardiff Rugby (2018 - 2019) -> Ospreys (2019 - 2021) -> Cornish Pirates (2021 - 2021) -> Ospreys (2021 - 2021) -> Cornish Pirates (2022 - 2022) -> Ospreys (2022 - 2026)
Math IORWERTH-SCOTT,Math IORWERTH-SCOTT,PR,Ospreys,185,125,2000.01.05,,,,,A,https://all.rugby/player/matholwch-iorwerth-scott,Cardiff Met RFC (2022 - 2023) -> Bridgend Ravens (2023 - 2024) -> Ospreys (2024 - 2026),,,https://all.rugby/player/matholwch-iorwerth-scott,Cardiff Met RFC (2022 - 2023) -> Bridgend Ravens (2023 - 2024) -> Ospreys (2024 - 2026)
Rhys HENRY,Rhys HENRY,PR,Ospreys,173,114,1998.09.08,,,,,A,https://all.rugby/player/rhys-henry,Ospreys (2018 - 2026),,,https://all.rugby/player/rhys-henry,Ospreys (2018 - 2026)
Steff THOMAS,Steff THOMAS,PR,Ospreys,185,122,1997.04.22,,,,,A,https://all.rugby/player/steff-thomas,Scarlets (2017 - 2024) -> Ospreys (2024 - 2026),,,https://all.rugby/player/steff-thomas,Scarlets (2017 - 2024) -> Ospreys (2024 - 2026)
Tom BOTHA,Tom BOTHA,PR,Ospreys,179,117,1990.08.31,,,,,A,https://all.rugby/player/tom-botha,Southern Kings (2015 - 2016) -> Central Cheetahs (2016 - 2018) -> Ospreys (2018 - 2026),,,https://all.rugby/player/tom-botha,Southern Kings (2015 - 2016) -> Central Cheetahs (2016 - 2018) -> Ospreys (2018 - 2026)
Dewi LAKE,Dewi LAKE,HO,Ospreys,185,114,1999.05.16,,,,,A,https://all.rugby/player/dewi-lake,Ospreys (2017 - 2026),,,https://all.rugby/player/dewi-lake,Ospreys (2017 - 2026)
Efan DANIEL,Efan DANIEL,HO,Ospreys,185,109,2002.12.14,,,,,A,https://all.rugby/player/efan-daniel,Cardiff Rugby (2020 - 2025) -> Ospreys (2025 - 2026),,,https://all.rugby/player/efan-daniel,Cardiff Rugby (2020 - 2025) -> Ospreys (2025 - 2026)
Lewis LLOYD,Lewis LLOYD,HO,Ospreys,180,92,2003.07.20,,,,,A,https://all.rugby/player/lewis-lloyd,Treorchy RFC (2021 - 2022) -> Ospreys (2022 - 2026),,,https://all.rugby/player/lewis-lloyd,Treorchy RFC (2021 - 2022) -> Ospreys (2022 - 2026)
Sam PARRY,Sam PARRY,HO,Ospreys,186,114,1991.12.17,,,,,A,https://all.rugby/player/sam-parry,Dragons RFC (2013 - 2014) -> Ospreys (2014 - 2018) -> Bristol Bears (2018 - 2018) -> Ospreys (2019 - 2019) -> Bristol Bears (2019 - 2019) -> Ospreys (2019 - 2026),Wales,Wales,https://all.rugby/player/sam-parry,Dragons RFC (2013 - 2014) -> Ospreys (2014 - 2018) -> Bristol Bears (2018 - 2018) -> Ospreys (2019 - 2019) -> Bristol Bears (2019 - 2019) -> Ospreys (2019 - 2026)
Ben ROBERTS,Ben ROBERTS,LO,Ospreys,,,2001.03.04,,,,,A,https://all.rugby/player/ben-roberts,Ospreys (2025 - 2026),,,https://all.rugby/player/ben-roberts,Ospreys (2025 - 2026)
Huw SUTTON,Huw SUTTON,LO,Ospreys,199,122,1999.11.17,,,,,A,https://all.rugby/player/huw-sutton,Ospreys (2021 - 2026),,,https://all.rugby/player/huw-sutton,Ospreys (2021 - 2026)
James FENDER,James FENDER,LO,Ospreys,204,125,2001.08.03,,,,,A,https://all.rugby/player/james-fender,Ospreys (2018 - 2022) -> Cornish Pirates (2022 - 2022) -> Ospreys (2023 - 2023) -> Cornish Pirates (2023 - 2023) -> Ospreys (2023 - 2026),,,https://all.rugby/player/james-fender,Ospreys (2018 - 2022) -> Cornish Pirates (2022 - 2022) -> Ospreys (2023 - 2023) -> Cornish Pirates (2023 - 2023) -> Ospreys (2023 - 2026)
James RATTI,James RATTI,LO,Ospreys,196,120,1997.10.14,,,,,A,https://all.rugby/player/james-ratti,Ospreys (2017 - 2019) -> Cardiff Rugby (2019 - 2023) -> Ospreys (2023 - 2026),Wales,Wales,https://all.rugby/player/james-ratti,Ospreys (2017 - 2019) -> Cardiff Rugby (2019 - 2023) -> Ospreys (2023 - 2026)
Rhys DAVIES,Rhys DAVIES,LO,Ospreys,197,124,1998.11.09,,,,,A,https://all.rugby/player/rhys-davies,Bath Rugby (2018 - 2020) -> Ospreys (2020 - 2026),,,https://all.rugby/player/rhys-davies,Bath Rugby (2018 - 2020) -> Ospreys (2020 - 2026)
Ryan SMITH,Ryan SMITH,LO,Ospreys,199,120,1996.09.30,,,,,A,https://all.rugby/player/ryan-smith-10493,Brisbane City (2018 - 2019) -> Queensland Reds (2019 - 2025) -> Ospreys (2025 - 2026),,,https://all.rugby/player/ryan-smith-10493,Brisbane City (2018 - 2019) -> Queensland Reds (2019 - 2025) -> Ospreys (2025 - 2026)
Will GREATBANKS,Will GREATBANKS,LO,Ospreys,198,109,2003.01.18,,,,,A,https://all.rugby/player/william-greatbanks,Club Athlétique Ribéracois (2010 - 2018) -> Union Bordeaux-Bègles (2018 - 2018) -> Soyaux-Angoulême XV Charente (2018 - 2018) -> Union Bordeaux-Bègles (2019 - 2019) -> Soyaux-Angoulême XV Charente (2019 - 2024) -> Ospreys (2024 - 2026),,,https://all.rugby/player/william-greatbanks,Club Athlétique Ribéracois (2010 - 2018) -> Union Bordeaux-Bègles (2018 - 2018) -> Soyaux-Angoulême XV Charente (2018 - 2018) -> Union Bordeaux-Bègles (2019 - 2019) -> Soyaux-Angoulême XV Charente (2019 - 2024) -> Ospreys (2024 - 2026)
Harri DEAVES-SMALL,Harri DEAVES-SMALL,Back row,Ospreys,182,96,2001.06.13,,,,,A,https://all.rugby/player/harri-deaves-small,Ospreys (2020 - 2026),,,https://all.rugby/player/harri-deaves-small,Ospreys (2020 - 2026)
Jac MORGAN,Jac MORGAN,Back row,Ospreys,182,105,2000.01.21,,,,,A,https://all.rugby/player/jac-morgan,Scarlets (2018 - 2021) -> Ospreys (2021 - 2026),,,https://all.rugby/player/jac-morgan,Scarlets (2018 - 2021) -> Ospreys (2021 - 2026)
Marco DE WITT,Marco DE WITT,Back row,Ospreys,193,101,2002.01.24,,,,,A,https://all.rugby/player/marco-de-witt,Sharks (2023 - 2023) -> Griquas (2023 - 2023) -> Sharks (2024 - 2024) -> Griquas (2024 - 2025) -> Ospreys (2025 - 2026),,,https://all.rugby/player/marco-de-witt,Sharks (2023 - 2023) -> Griquas (2023 - 2023) -> Sharks (2024 - 2024) -> Griquas (2024 - 2025) -> Ospreys (2025 - 2026)
Morgan MORRIS,Morgan MORRIS,Back row,Ospreys,183,110,1998.08.28,,,,,A,https://all.rugby/player/morgan-morris,Ospreys (2017 - 2026),,,https://all.rugby/player/morgan-morris,Ospreys (2017 - 2026)
Ross MORIARTY,Ross MORIARTY,Back row,Ospreys,188,108,1994.04.18,,,,,A,https://all.rugby/player/ross-moriarty,Gloucester Rugby (2013 - 2018) -> Dragons RFC (2018 - 2022) -> CA Brive Corrèze Limousin (2022 - 2022) -> Dragons RFC (2023 - 2023) -> CA Brive Corrèze Limousin (2023 - 2025) -> Ospreys (2025 - 2026),England,England,https://all.rugby/player/ross-moriarty,Gloucester Rugby (2013 - 2018) -> Dragons RFC (2018 - 2022) -> CA Brive Corrèze Limousin (2022 - 2022) -> Dragons RFC (2023 - 2023) -> CA Brive Corrèze Limousin (2023 - 2025) -> Ospreys (2025 - 2026)
Cormac FOLEY,Cormac FOLEY,SH,Ospreys,180,90,1999.10.24,,,,,A,https://all.rugby/player/cormac-foley,Leinster Rugby (2020 - 2025) -> Ospreys (2025 - 2025) -> Leinster Rugby (2026 - 2026) -> Ospreys (2026 - 2026),,,https://all.rugby/player/cormac-foley,Leinster Rugby (2020 - 2025) -> Ospreys (2025 - 2025) -> Leinster Rugby (2026 - 2026) -> Ospreys (2026 - 2026)
Harri WILLIAMS,Harri WILLIAMS,SH,Ospreys,173,78,2003.04.05,,,,,A,https://all.rugby/player/harri-williams,Northampton Saints (2016 - 2019) -> Scarlets (2019 - 2023) -> Ampthill Rugby (2023 - 2024) -> Tuggeranong Vikings (2024 - 2025) -> Ospreys (2025 - 2026),,,https://all.rugby/player/harri-williams,Northampton Saints (2016 - 2019) -> Scarlets (2019 - 2023) -> Ampthill Rugby (2023 - 2024) -> Tuggeranong Vikings (2024 - 2025) -> Ospreys (2025 - 2026)
Kieran HARDY,Kieran HARDY,SH,Ospreys,186,90,1995.11.30,,,,,A,https://all.rugby/player/kieran-hardy,Scarlets (2014 - 2024) -> Ospreys (2024 - 2026),Wales,Wales,https://all.rugby/player/kieran-hardy,Scarlets (2014 - 2024) -> Ospreys (2024 - 2026)
Luke DAVIES,Luke DAVIES,SH,Ospreys,175,80,2002.02.26,,,,,A,https://all.rugby/player/luke-davies,Scarlets (2021 - 2022) -> Jersey Reds (2022 - 2023) -> Ospreys (2023 - 2026),,,https://all.rugby/player/luke-davies,Scarlets (2021 - 2022) -> Jersey Reds (2022 - 2023) -> Ospreys (2023 - 2026)
Reuben MORGAN-WILLIAMS,Reuben MORGAN-WILLIAMS,SH,Ospreys,180,85,1998.02.03,,,,,A,https://all.rugby/player/reuben-morgan-williams,Ospreys (2017 - 2026),,,https://all.rugby/player/reuben-morgan-williams,Ospreys (2017 - 2026)
Scott WHITLOCK,Scott WHITLOCK,SH,Ospreys,175,72,2004..,,,,,A,https://all.rugby/player/scott-whitlock,Aberavon RFC (2023 - 2024) -> Ospreys (2024 - 2026),,,https://all.rugby/player/scott-whitlock,Aberavon RFC (2023 - 2024) -> Ospreys (2024 - 2026)
Dan EDWARDS,Dan EDWARDS,SO,Ospreys,178,83,2003.05.07,,,,,A,https://all.rugby/player/dan-edwards,Ospreys (2021 - 2026),,,https://all.rugby/player/dan-edwards,Ospreys (2021 - 2026)
Jack WALSH,Jack WALSH,SO,Ospreys,184,88,2000.01.11,,,,,A,https://all.rugby/player/jack-walsh,Manly Marlins (2018 - 2019) -> New South Wales Waratahs (2019 - 2019) -> Exeter Chiefs (2019 - 2019) -> New South Wales Waratahs (2020 - 2020) -> Exeter Chiefs (2020 - 2022) -> Ospreys (2022 - 2026),,,https://all.rugby/player/jack-walsh,Manly Marlins (2018 - 2019) -> New South Wales Waratahs (2019 - 2019) -> Exeter Chiefs (2019 - 2019) -> New South Wales Waratahs (2020 - 2020) -> Exeter Chiefs (2020 - 2022) -> Ospreys (2022 - 2026)
Luke SCULLY,Luke SCULLY,SO,Ospreys,180,86,2000.02.28,,,,,A,https://all.rugby/player/luke-scully,Worcester Warriors (2018 - 2020) -> Cardiff Rugby (2020 - 2020) -> Cornish Pirates (2020 - 2020) -> Cardiff Rugby (2021 - 2021) -> Cornish Pirates (2021 - 2021) -> Cardiff Rugby (2021 - 2022) -> Ospreys (2022 - 2026),,,https://all.rugby/player/luke-scully,Worcester Warriors (2018 - 2020) -> Cardiff Rugby (2020 - 2020) -> Cornish Pirates (2020 - 2020) -> Cardiff Rugby (2021 - 2021) -> Cornish Pirates (2021 - 2021) -> Cardiff Rugby (2021 - 2022) -> Ospreys (2022 - 2026)
Evardi BOSHOFF,Evardi BOSHOFF,CTB,Ospreys,183,92,1998.10.06,,,,,A,https://all.rugby/player/evardi-boshoff,Central Cheetahs (2022 - 2023) -> Ospreys (2023 - 2023) -> Central Cheetahs (2024 - 2024) -> Ospreys (2024 - 2026),,,https://all.rugby/player/evardi-boshoff,Central Cheetahs (2022 - 2023) -> Ospreys (2023 - 2023) -> Central Cheetahs (2024 - 2024) -> Ospreys (2024 - 2026)
Keiran WILLIAMS,Keiran WILLIAMS,CTB,Ospreys,178,90,1997.12.04,,,,,A,https://all.rugby/player/keiran-williams,Ospreys (2017 - 2026),,,https://all.rugby/player/keiran-williams,Ospreys (2017 - 2026)
Owen WATKIN,Owen WATKIN,CTB,Ospreys,188,112,1996.10.12,,,,,A,https://all.rugby/player/owen-watkin,Ospreys (2015 - 2026),Wales,Wales,https://all.rugby/player/owen-watkin,Ospreys (2015 - 2026)
Phil COKANASIGA,Phil COKANASIGA,CTB,Ospreys,183,105,2001.07.31,,,,,A,https://all.rugby/player/phil-cokanasiga,London Irish (2016 - 2022) -> Leicester Tigers (2022 - 2022) -> Nottingham Rugby (2022 - 2022) -> Leicester Tigers (2023 - 2023) -> Nottingham Rugby (2023 - 2023) -> Leicester Tigers (2023 - 2024) -> Ospreys (2024 - 2026),,,https://all.rugby/player/phil-cokanasiga,London Irish (2016 - 2022) -> Leicester Tigers (2022 - 2022) -> Nottingham Rugby (2022 - 2022) -> Leicester Tigers (2023 - 2023) -> Nottingham Rugby (2023 - 2023) -> Leicester Tigers (2023 - 2024) -> Ospreys (2024 - 2026)
Tom FLORENCE,Tom FLORENCE,CTB,Ospreys,188,96,2003.03.19,,,,,A,https://all.rugby/player/tom-florence-,Ospreys (2020 - 2026),,,https://all.rugby/player/tom-florence-,Ospreys (2020 - 2026)
Keelan GILES,Keelan GILES,Winger,Ospreys,173,80,1998.01.29,,,,,A,https://all.rugby/player/keelan-giles,Ospreys (2016 - 2026),Wales,Wales,https://all.rugby/player/keelan-giles,Ospreys (2016 - 2026)
Luke MORGAN,Luke MORGAN,Winger,Ospreys,175,81,1992.05.16,,,,,A,https://all.rugby/player/luke-morgan,Ospreys (2018 - 2026),Wales,Wales,https://all.rugby/player/luke-morgan,Ospreys (2018 - 2026)
Ryan CONBEER,Ryan CONBEER,Winger,Ospreys,177,91,1999.02.05,,,,,A,https://all.rugby/player/ryan-conbeer,Scarlets (2017 - 2024) -> Ospreys (2024 - 2026),,,https://all.rugby/player/ryan-conbeer,Scarlets (2017 - 2024) -> Ospreys (2024 - 2026)
Daniel KASENDE,Daniel KASENDE,FB,Ospreys,187,92,1995.05.09,,,,,A,https://all.rugby/player/daniel-kasende,Griquas (2019 - 2021) -> Free State Cheetahs (2021 - 2022) -> Central Cheetahs (2022 - 2023) -> Ospreys (2023 - 2023) -> Central Cheetahs (2023 - 2023) -> Ospreys (2024 - 2024) -> Central Cheetahs (2024 - 2024) -> Ospreys (2024 - 2026),,,https://all.rugby/player/daniel-kasende,Griquas (2019 - 2021) -> Free State Cheetahs (2021 - 2022) -> Central Cheetahs (2022 - 2023) -> Ospreys (2023 - 2023) -> Central Cheetahs (2023 - 2023) -> Ospreys (2024 - 2024) -> Central Cheetahs (2024 - 2024) -> Ospreys (2024 - 2026)
Iestyn HOPKINS,Iestyn HOPKINS,FB,Ospreys,175,88,2002.04.04,,,,,A,https://all.rugby/player/iestyn-hopkins,Ospreys (2021 - 2026),,,https://all.rugby/player/iestyn-hopkins,Ospreys (2021 - 2026)
Max NAGY,Max NAGY,FB,Ospreys,193,97,1999.06.13,,,,,A,https://all.rugby/player/max-nagy,Swansea RFC (2019 - 2020) -> Ospreys (2020 - 2020) -> Swansea RFC (2020 - 2020) -> Ospreys (2021 - 2021) -> Swansea RFC (2021 - 2021) -> Ospreys (2021 - 2026),,,https://all.rugby/player/max-nagy,Swansea RFC (2019 - 2020) -> Ospreys (2020 - 2020) -> Swansea RFC (2020 - 2020) -> Ospreys (2021 - 2021) -> Swansea RFC (2021 - 2021) -> Ospreys (2021 - 2026)
Dylan JAMES,Dylan JAMES,PR,Ospreys,183,114,2006..,,,,,A,https://all.rugby/player/dylan-james-,Ospreys (2025 - 2026),,,https://all.rugby/player/dylan-james-,Ospreys (2025 - 2026)
Evan HILL,Evan HILL,LO,Ospreys,199,108,2004..,,,,,A,https://all.rugby/player/evan-hill,Ospreys (2022 - 2026),,,https://all.rugby/player/evan-hill,Ospreys (2022 - 2026)
Kian HIRE,Kian HIRE,LO,Ospreys,188,122,2004..,,,,,A,https://all.rugby/player/kian-hire,Swansea RFC (2022 - 2023) -> Ospreys (2023 - 2026),,,https://all.rugby/player/kian-hire,Swansea RFC (2022 - 2023) -> Ospreys (2023 - 2026)
Liam EDWARDS,Liam EDWARDS,LO,Ospreys,200,127,2003.11.03,,,,,A,https://all.rugby/player/liam-edwards,Ospreys (2022 - 2026),,,https://all.rugby/player/liam-edwards,Ospreys (2022 - 2026)
Gwilym EVANS,Gwilym EVANS,Back row,Ospreys,183,94,2003.05.25,,,,,A,https://all.rugby/player/gwilym-evans,Cardiff Rugby (2022 - 2023) -> Cardiff University RFC (2023 - 2024) -> Aberavon RFC (2024 - 2025) -> Ospreys (2025 - 2026),,,https://all.rugby/player/gwilym-evans,Cardiff Rugby (2022 - 2023) -> Cardiff University RFC (2023 - 2024) -> Aberavon RFC (2024 - 2025) -> Ospreys (2025 - 2026)
Morgan MORSE,Morgan MORSE,Back row,Ospreys,185,106,2005..,,,,,A,https://all.rugby/player/morgan-morse,Ospreys (2021 - 2026),,,https://all.rugby/player/morgan-morse,Ospreys (2021 - 2026)
Caelan CARSON-JONES,Caelan CARSON-JONES,SH,Ospreys,,,,,,,,A,https://all.rugby/player/caelan-carson-jones,Ospreys (2024 - 2026),,,https://all.rugby/player/caelan-carson-jones,Ospreys (2024 - 2026)
Keillen CULLEN,Keillen CULLEN,SO,Ospreys,,,2003.12.25,,,,,A,https://all.rugby/player/keillen-cullen,Gloucester Rugby (2022 - 2023) -> Hartpury University (2023 - 2024) -> Hartpury RFC (2024 - 2024) -> Hartpury University (2024 - 2024) -> Hartpury RFC (2025 - 2025) -> Hartpury University (2025 - 2025) -> Ospreys (2025 - 2026),,,https://all.rugby/player/keillen-cullen,Gloucester Rugby (2022 - 2023) -> Hartpury University (2023 - 2024) -> Hartpury RFC (2024 - 2024) -> Hartpury University (2024 - 2024) -> Hartpury RFC (2025 - 2025) -> Hartpury University (2025 - 2025) -> Ospreys (2025 - 2026)
Jack HOSKINS,Jack HOSKINS,CTB,Ospreys,185,100,2007..,,,,,A,https://all.rugby/player/jack-hoskins,Ospreys (2025 - 2026),,,https://all.rugby/player/jack-hoskins,Ospreys (2025 - 2026)
Lewis EDWARDS,Lewis EDWARDS,CTB,Ospreys,195,100,2006..,,,,,A,https://all.rugby/player/lewis-edwards,Ospreys (2024 - 2026),,,https://all.rugby/player/lewis-edwards,Ospreys (2024 - 2026)
Connor MOYSE,Connor MOYSE,Winger,Ospreys,188,94,2003.03.19,,,,,A,https://all.rugby/player/connor-moyse,Ospreys (2025 - 2026),,,https://all.rugby/player/connor-moyse,Ospreys (2025 - 2026)
Harri HOUSTON,Harri HOUSTON,Winger,Ospreys,178,82,2003.11.27,,,,,A,https://all.rugby/player/harri-houston,Ospreys (2021 - 2026),,,https://all.rugby/player/harri-houston,Ospreys (2021 - 2026)
Ieuan CORNELIUS,Ieuan CORNELIUS,Winger,Ospreys,188,97,2005..,,,,,A,https://all.rugby/player/ieuan-cornelius,,Wales,Wales,https://all.rugby/player/ieuan-cornelius,
Ben EVANS,Ben EVANS,FB,Ospreys,,,2007..,,,,,A,https://all.rugby/player/ben-evans-,Ospreys (2025 - 2026),,,https://all.rugby/player/ben-evans-,Ospreys (2025 - 2026)
Asenathi NTLABAKANYE,Asenathi NTLABAKANYE,PR,Lions,182,153,1999.04.15,,,,,A,https://all.rugby/player/asenathi-ntlabakanye,Golden Lions (2018 - 2019) -> Lions Rugby (2019 - 2026),,,https://all.rugby/player/asenathi-ntlabakanye,Golden Lions (2018 - 2019) -> Lions Rugby (2019 - 2026)
Conraad VAN VUUREN,Conraad VAN VUUREN,PR,Lions,183,115,1995.09.04,,,,,A,https://all.rugby/player/conraad-van-vuuren,Bulls (2016 - 2019) -> Sunwolves (2019 - 2020) -> Free State Cheetahs (2020 - 2022) -> Central Cheetahs (2022 - 2023) -> Lions Rugby (2023 - 2026),,,https://all.rugby/player/conraad-van-vuuren,Bulls (2016 - 2019) -> Sunwolves (2019 - 2020) -> Free State Cheetahs (2020 - 2022) -> Central Cheetahs (2022 - 2023) -> Lions Rugby (2023 - 2026)
Eddie DAVIDS,Eddie DAVIDS,PR,Lions,178,115,1998.04.02,,,,,A,https://all.rugby/player/eddie-davids,Griquas (2021 - 2025) -> Lions Rugby (2025 - 2026),,,https://all.rugby/player/eddie-davids,Griquas (2021 - 2025) -> Lions Rugby (2025 - 2026)
Heiko POHLMANN,Heiko POHLMANN,PR,Lions,185,128,2002.01.16,,,,,A,https://all.rugby/player/heiko-pohlmann,Lions Rugby (2020 - 2021) -> Golden Lions (2021 - 2024) -> Lions Rugby (2024 - 2026),,,https://all.rugby/player/heiko-pohlmann,Lions Rugby (2020 - 2021) -> Golden Lions (2021 - 2024) -> Lions Rugby (2024 - 2026)
Juan SCHOEMAN,Juan SCHOEMAN,PR,Lions,186,120,1991.09.18,,,,,A,https://all.rugby/player/juan-schoeman,Sharks (2015 - 2019) -> Southern Kings (2019 - 2019) -> Bath Rugby (2019 - 2019) -> Sharks (2020 - 2020) -> Southern Kings (2020 - 2020) -> Bath Rugby (2020 - 2024) -> Lions Rugby (2024 - 2026),,,https://all.rugby/player/juan-schoeman,Sharks (2015 - 2019) -> Southern Kings (2019 - 2019) -> Bath Rugby (2019 - 2019) -> Sharks (2020 - 2020) -> Southern Kings (2020 - 2020) -> Bath Rugby (2020 - 2024) -> Lions Rugby (2024 - 2026)
Leon LYONS,Leon LYONS,PR,Lions,187,123,1998.12.02,,,,,A,https://all.rugby/player/leon-lyons,Western Province (2018 - 2019) -> Stormers (2019 - 2025) -> Lions Rugby (2025 - 2026),,,https://all.rugby/player/leon-lyons,Western Province (2018 - 2019) -> Stormers (2019 - 2025) -> Lions Rugby (2025 - 2026)
RF SCHOEMAN,RF SCHOEMAN,PR,Lions,188,122,2003.08.14,,,,,A,https://all.rugby/player/rf-schoeman,Golden Lions (2023 - 2024) -> Lions Rugby (2024 - 2026),,,https://all.rugby/player/rf-schoeman,Golden Lions (2023 - 2024) -> Lions Rugby (2024 - 2026)
Seb LOMBARD,Seb LOMBARD,PR,Lions,190,126,2002.10.07,,,,,A,https://all.rugby/player/seb-lombard,Blue Bulls (2021 - 2022) -> Bulls (2022 - 2024) -> Golden Lions (2024 - 2024) -> Bulls (2025 - 2025) -> Golden Lions (2025 - 2025) -> Lions Rugby (2025 - 2026),,,https://all.rugby/player/seb-lombard,Blue Bulls (2021 - 2022) -> Bulls (2022 - 2024) -> Golden Lions (2024 - 2024) -> Bulls (2025 - 2025) -> Golden Lions (2025 - 2025) -> Lions Rugby (2025 - 2026)
Franco MARAIS,Franco MARAIS,HO,Lions,185,108,1992.09.23,,,,,A,https://all.rugby/player/franco-marais,Sharks (2013 - 2018) -> Gloucester Rugby (2018 - 2020) -> Red Hurricanes Osaka (2020 - 2022) -> Urayasu D-Rocks (2022 - 2024) -> Lions Rugby (2024 - 2026),,,https://all.rugby/player/franco-marais,Sharks (2013 - 2018) -> Gloucester Rugby (2018 - 2020) -> Red Hurricanes Osaka (2020 - 2022) -> Urayasu D-Rocks (2022 - 2024) -> Lions Rugby (2024 - 2026)
Morné BRANDON,Morné BRANDON,HO,Lions,184,106,2000.11.25,,,,,A,https://all.rugby/player/morne-brandon,Lions Rugby (2020 - 2026),,,https://all.rugby/player/morne-brandon,Lions Rugby (2020 - 2026)
PJ BOTHA,PJ BOTHA,HO,Lions,181,105,1998.01.20,,,,,A,https://all.rugby/player/pj-botha,Lions Rugby (2019 - 2026),,,https://all.rugby/player/pj-botha,Lions Rugby (2019 - 2026)
SJ KOTZE,SJ KOTZE,HO,Lions,186,110,2003.01.02,,,,,A,https://all.rugby/player/sj-kotze,Golden Lions (2022 - 2024) -> Lions Rugby (2024 - 2026),,,https://all.rugby/player/sj-kotze,Golden Lions (2022 - 2024) -> Lions Rugby (2024 - 2026)
Darrien LANDSBERG,Darrien LANDSBERG,LO,Lions,196,111,1998.07.26,,,,,A,https://all.rugby/player/darrien-lane-landsberg,Golden Lions (2017 - 2019) -> Pumas (2019 - 2022) -> Lions Rugby (2022 - 2026),,,https://all.rugby/player/darrien-lane-landsberg,Golden Lions (2017 - 2019) -> Pumas (2019 - 2022) -> Lions Rugby (2022 - 2026)
Dylan SJOBLOM,Dylan SJOBLOM,LO,Lions,200,115,2000.08.08,,,,,A,https://all.rugby/player/dylan-sjoblom,Griquas (2022 - 2023) -> Stormers (2023 - 2023) -> Griquas (2023 - 2023) -> Stormers (2024 - 2024) -> Griquas (2024 - 2025) -> Lions Rugby (2025 - 2026),,,https://all.rugby/player/dylan-sjoblom,Griquas (2022 - 2023) -> Stormers (2023 - 2023) -> Griquas (2023 - 2023) -> Stormers (2024 - 2024) -> Griquas (2024 - 2025) -> Lions Rugby (2025 - 2026)
Etienne OOSTHUIZEN,Etienne OOSTHUIZEN,LO,Lions,198,128,1992.12.22,,,,,A,https://all.rugby/player/etienne-oosthuizen,Lions Rugby (2011 - 2012) -> Brumbies (2012 - 2013) -> Sharks (2013 - 2017) -> Lyon Olympique Universitaire Rugby (2017 - 2021) -> sans club (2022 - 2023) -> Lions Rugby (2023 - 2026),,,https://all.rugby/player/etienne-oosthuizen,Lions Rugby (2011 - 2012) -> Brumbies (2012 - 2013) -> Sharks (2013 - 2017) -> Lyon Olympique Universitaire Rugby (2017 - 2021) -> sans club (2022 - 2023) -> Lions Rugby (2023 - 2026)
Reinhard NOTHNAGEL,Reinhard NOTHNAGEL,LO,Lions,202,117,1997.09.25,,,,,A,https://all.rugby/player/reinhard-nothnagel,Lions Rugby (2018 - 2026),,,https://all.rugby/player/reinhard-nothnagel,Lions Rugby (2018 - 2026)
Ruan VENTER,Ruan VENTER,LO,Lions,198,120,2002.11.29,,,,,A,https://all.rugby/player/ruan-venter,Lions Rugby (2021 - 2026),,,https://all.rugby/player/ruan-venter,Lions Rugby (2021 - 2026)
Ruben SCHOEMAN,Ruben SCHOEMAN,LO,Lions,199,124,1996.03.14,,,,,A,https://all.rugby/player/ruben-schoeman,Golden Lions (2018 - 2019) -> Lions Rugby (2019 - 2026),,,https://all.rugby/player/ruben-schoeman,Golden Lions (2018 - 2019) -> Lions Rugby (2019 - 2026)
Siba QOMA,Siba QOMA,LO,Lions,190,108,1997.02.17,,,,,A,https://all.rugby/player/siba-qoma,Central Cheetahs (2022 - 2024) -> Lions Rugby (2024 - 2026),,,https://all.rugby/player/siba-qoma,Central Cheetahs (2022 - 2024) -> Lions Rugby (2024 - 2026)
Batho HLEKANI,Batho HLEKANI,Back row,Lions,193,115,2005..,,,,,A,https://all.rugby/player/batho-hlekani,Natal Sharks (2023 - 2024) -> Sharks (2024 - 2025) -> Lions Rugby (2025 - 2025) -> Sharks (2026 - 2026) -> Lions Rugby (2026 - 2026),,,https://all.rugby/player/batho-hlekani,Natal Sharks (2023 - 2024) -> Sharks (2024 - 2025) -> Lions Rugby (2025 - 2025) -> Sharks (2026 - 2026) -> Lions Rugby (2026 - 2026)
Francke HORN,Francke HORN,Back row,Lions,190,106,1999.05.24,,,,,A,https://all.rugby/player/francke-horn,Lions Rugby (2019 - 2026),,,https://all.rugby/player/francke-horn,Lions Rugby (2019 - 2026)
Jarod CAIRNS,Jarod CAIRNS,Back row,Lions,188,100,2001.05.18,,,,,A,https://all.rugby/player/jarod-cairns,Lions Rugby (2021 - 2026),,,https://all.rugby/player/jarod-cairns,Lions Rugby (2021 - 2026)
JC PRETORIUS,JC PRETORIUS,Back row,Lions,186,92,1998.01.29,,,,,A,https://all.rugby/player/jc-pretorius,AF. SUD 7's (2018 - 2022) -> Lions Rugby (2022 - 2022) -> AF. SUD 7's (2023 - 2023) -> Lions Rugby (2023 - 2026),,,https://all.rugby/player/jc-pretorius,AF. SUD 7's (2018 - 2022) -> Lions Rugby (2022 - 2022) -> AF. SUD 7's (2023 - 2023) -> Lions Rugby (2023 - 2026)
Renzo DU PLESSIS,Renzo DU PLESSIS,Back row,Lions,188,108,2002.07.12,,,,,A,https://all.rugby/player/renzo-du-plessis,Golden Lions (2022 - 2023) -> Lions Rugby (2023 - 2026),,,https://all.rugby/player/renzo-du-plessis,Golden Lions (2022 - 2023) -> Lions Rugby (2023 - 2026)
Ruan DELPORT,Ruan DELPORT,Back row,Lions,200,109,2002.07.03,,,,,A,https://all.rugby/player/ruan-delport,Blue Bulls (2021 - 2022) -> Lions Rugby (2022 - 2026),,,https://all.rugby/player/ruan-delport,Blue Bulls (2021 - 2022) -> Lions Rugby (2022 - 2026)
Sibabalwe MAHASHE,Sibabalwe MAHASHE,Back row,Lions,187,93,2004..,,,,,A,https://all.rugby/player/sibabalwe-mahashe,Golden Lions (2023 - 2024) -> Lions Rugby (2025 - 2026),,,https://all.rugby/player/sibabalwe-mahashe,Golden Lions (2023 - 2024) -> Lions Rugby (2025 - 2026)
WJ STEENKAMP,WJ STEENKAMP,Back row,Lions,190,107,2000.09.28,,,,,A,https://all.rugby/player/wj-steenkamp,Blue Bulls (2020 - 2021) -> Bulls (2021 - 2024) -> Lions Rugby (2024 - 2026),,,https://all.rugby/player/wj-steenkamp,Blue Bulls (2020 - 2021) -> Bulls (2021 - 2024) -> Lions Rugby (2024 - 2026)
Hassiem PEAD,Hassiem PEAD,SH,Lions,175,77,2005..,,,,,A,https://all.rugby/player/hassiem-pead,Golden Lions (2023 - 2025) -> Lions Rugby (2025 - 2026),,,https://all.rugby/player/hassiem-pead,Golden Lions (2023 - 2025) -> Lions Rugby (2025 - 2026)
Layton HORN,Layton HORN,SH,Lions,183,82,2003.05.21,,,,,A,https://all.rugby/player/layton-horn,Golden Lions (2023 - 2024) -> Lions Rugby (2024 - 2026),,,https://all.rugby/player/layton-horn,Golden Lions (2023 - 2024) -> Lions Rugby (2024 - 2026)
Morné VAN DEN BERG,Morné VAN DEN BERG,SH,Lions,175,82,1997.10.24,,,,,A,https://all.rugby/player/morne-van-den-berg,Lions Rugby (2018 - 2026),,,https://all.rugby/player/morne-van-den-berg,Lions Rugby (2018 - 2026)
Nico STEYN,Nico STEYN,SH,Lions,177,78,2002.04.12,,,,,A,https://all.rugby/player/nico-steyn,Lions Rugby (2020 - 2022) -> Golden Lions (2022 - 2023) -> Lions Rugby (2023 - 2026),,,https://all.rugby/player/nico-steyn,Lions Rugby (2020 - 2022) -> Golden Lions (2022 - 2023) -> Lions Rugby (2023 - 2026)
Chris SMITH,Chris SMITH,SO,Lions,181,90,1994.09.09,,,,,A,https://all.rugby/player/chris-smith,Bulls (2019 - 2024) -> Oyonnax Rugby (2024 - 2025) -> Lions Rugby (2025 - 2026),,,https://all.rugby/player/chris-smith,Bulls (2019 - 2024) -> Oyonnax Rugby (2024 - 2025) -> Lions Rugby (2025 - 2026)
Gianni LOMBARD,Gianni LOMBARD,SO,Lions,178,82,1998.01.22,,,,,A,https://all.rugby/player/gianni-lombard,Lions Rugby (2018 - 2021) -> Red Hurricanes Osaka (2021 - 2022) -> Lions Rugby (2022 - 2026),,,https://all.rugby/player/gianni-lombard,Lions Rugby (2018 - 2021) -> Red Hurricanes Osaka (2021 - 2022) -> Lions Rugby (2022 - 2026)
Lubabalo DOBELA,Lubabalo DOBELA,SO,Lions,175,80,1998.05.02,,,,,A,https://all.rugby/player/lubabalo-dobela,Griquas (2022 - 2024) -> Lions Rugby (2024 - 2026),,,https://all.rugby/player/lubabalo-dobela,Griquas (2022 - 2024) -> Lions Rugby (2024 - 2026)
Sam FRANCIS,Sam FRANCIS,SO,Lions,190,100,2003.03.14,,,,,A,https://all.rugby/player/sam-francis,Golden Lions (2022 - 2024) -> Lions Rugby (2024 - 2026),,,https://all.rugby/player/sam-francis,Golden Lions (2022 - 2024) -> Lions Rugby (2024 - 2026)
Bronson MILLS,Bronson MILLS,CTB,Lions,185,95,2003.08.08,,,,,A,https://all.rugby/player/bronson-mills,Golden Lions (2022 - 2024) -> Lions Rugby (2024 - 2026),,,https://all.rugby/player/bronson-mills,Golden Lions (2022 - 2024) -> Lions Rugby (2024 - 2026)
Erich CRONJÉ,Erich CRONJÉ,CTB,Lions,184,95,1997.01.01,,,,,A,https://all.rugby/player/erich-cronje,Southern Kings (2019 - 2019) -> Pumas (2019 - 2019) -> Southern Kings (2020 - 2020) -> Pumas (2020 - 2021) -> Zebre Parma (2021 - 2023) -> Lions Rugby (2023 - 2026),,,https://all.rugby/player/erich-cronje,Southern Kings (2019 - 2019) -> Pumas (2019 - 2019) -> Southern Kings (2020 - 2020) -> Pumas (2020 - 2021) -> Zebre Parma (2021 - 2023) -> Lions Rugby (2023 - 2026)
Henco VAN WYK,Henco VAN WYK,CTB,Lions,180,92,2001.05.07,,,,,A,https://all.rugby/player/henco-van-wyk,Golden Lions (2020 - 2021) -> Lions Rugby (2021 - 2026),,,https://all.rugby/player/henco-van-wyk,Golden Lions (2020 - 2021) -> Lions Rugby (2021 - 2026)
Kelly MPEKU,Kelly MPEKU,CTB,Lions,188,88,2003.11.28,,,,,A,https://all.rugby/player/kelly-mpeku,Golden Lions (2023 - 2024) -> Lions Rugby (2024 - 2026),,,https://all.rugby/player/kelly-mpeku,Golden Lions (2023 - 2024) -> Lions Rugby (2024 - 2026)
Manuel RASS,Manuel RASS,CTB,Lions,174,88,1998.04.19,,,,,A,https://all.rugby/player/manuel-rass,Lions Rugby (2018 - 2026),,,https://all.rugby/player/manuel-rass,Lions Rugby (2018 - 2026)
Rynhardt JONKER,Rynhardt JONKER,CTB,Lions,180,90,2000.04.18,,,,,A,https://all.rugby/player/rynhardt-jonker,Sharks (2020 - 2022) -> Lions Rugby (2022 - 2026),,,https://all.rugby/player/rynhardt-jonker,Sharks (2020 - 2022) -> Lions Rugby (2022 - 2026)
Angelo DAVIDS,Angelo DAVIDS,Winger,Lions,178,94,1999.06.01,,,,,A,https://all.rugby/player/angelo-davids,Stormers (2019 - 2020) -> AF. SUD 7's (2020 - 2020) -> Stormers (2021 - 2021) -> AF. SUD 7's (2021 - 2021) -> Stormers (2021 - 2025) -> Lions Rugby (2025 - 2026),,,https://all.rugby/player/angelo-davids,Stormers (2019 - 2020) -> AF. SUD 7's (2020 - 2020) -> Stormers (2021 - 2021) -> AF. SUD 7's (2021 - 2021) -> Stormers (2021 - 2025) -> Lions Rugby (2025 - 2026)
Eduan KEYTER,Eduan KEYTER,Winger,Lions,184,101,1996.06.13,,,,,A,https://all.rugby/player/eduan-keyter,Griquas (2018 - 2021) -> Natal Sharks (2021 - 2022) -> Sharks (2022 - 2025) -> Lions Rugby (2025 - 2026),,,https://all.rugby/player/eduan-keyter,Griquas (2018 - 2021) -> Natal Sharks (2021 - 2022) -> Sharks (2022 - 2025) -> Lions Rugby (2025 - 2026)
Rabz MAXWANE,Rabz MAXWANE,Winger,Lions,181,90,1995.08.14,,,,,A,https://all.rugby/player/sibhale-maxwane,Bulls (2016 - 2017) -> Central Cheetahs (2017 - 2020) -> Lions Rugby (2020 - 2026),,,https://all.rugby/player/sibhale-maxwane,Bulls (2016 - 2017) -> Central Cheetahs (2017 - 2020) -> Lions Rugby (2020 - 2026)
Quan HORN,Quan HORN,FB,Lions,181,84,2001.06.27,,,,,A,https://all.rugby/player/quan-horn,Lions Rugby (2020 - 2026),,,https://all.rugby/player/quan-horn,Lions Rugby (2020 - 2026)
Richard KRIEL,Richard KRIEL,FB,Lions,194,95,2000.07.07,,,,,A,https://all.rugby/player/richard-kriel,Blue Bulls (2018 - 2019) -> Bulls (2019 - 2020) -> Blue Bulls (2020 - 2021) -> Bulls (2021 - 2022) -> Zebre Parma (2022 - 2023) -> Lions Rugby (2023 - 2026),,,https://all.rugby/player/richard-kriel,Blue Bulls (2018 - 2019) -> Bulls (2019 - 2020) -> Blue Bulls (2020 - 2021) -> Bulls (2021 - 2022) -> Zebre Parma (2022 - 2023) -> Lions Rugby (2023 - 2026)
Tapiwa MAFURA,Tapiwa MAFURA,FB,Lions,175,80,1996.04.11,,,,,A,https://all.rugby/player/tapiwa-mafura,Pumas (2019 - 2022) -> Central Cheetahs (2022 - 2024) -> Lions Rugby (2024 - 2026),,,https://all.rugby/player/tapiwa-mafura,Pumas (2019 - 2022) -> Central Cheetahs (2022 - 2024) -> Lions Rugby (2024 - 2026)
Ali VERMAAK,Ali VERMAAK,PR,Stormers,179,113,1986.04.28,,,,,A,https://all.rugby/player/alistair-vermaak,Stormers (2013 - 2026),,,https://all.rugby/player/alistair-vermaak,Stormers (2013 - 2026)
Corné WEILBACH,Corné WEILBACH,PR,Stormers,186,128,2002.02.18,,,,,A,https://all.rugby/player/corne-weilbach,Western Province (2021 - 2022) -> Blue Bulls (2022 - 2023) -> Western Province (2023 - 2024) -> Stormers (2024 - 2026),,,https://all.rugby/player/corne-weilbach,Western Province (2021 - 2022) -> Blue Bulls (2022 - 2023) -> Western Province (2023 - 2024) -> Stormers (2024 - 2026)
Frans MALHERBE,Frans MALHERBE,PR,Stormers,190,141,1991.03.14,,,,,A,https://all.rugby/player/frans-malherbe,Stormers (2011 - 2026),South Africa,South Africa,https://all.rugby/player/frans-malherbe,Stormers (2011 - 2026)
Hencus VAN WYK,Hencus VAN WYK,PR,Stormers,183,120,1992.03.02,,,,,A,https://all.rugby/player/hencus-van-wyk,Bulls (2015 - 2016) -> Lions Rugby (2016 - 2017) -> Sunwolves (2017 - 2019) -> Central Cheetahs (2019 - 2019) -> Sunwolves (2020 - 2020) -> Central Cheetahs (2020 - 2020) -> Free State Cheetahs (2020 - 2021) -> San Diego Legion (2021 - 2022) -> Central Cheetahs (2022 - 2025) -> Stormers (2025 - 2026),,,https://all.rugby/player/hencus-van-wyk,Bulls (2015 - 2016) -> Lions Rugby (2016 - 2017) -> Sunwolves (2017 - 2019) -> Central Cheetahs (2019 - 2019) -> Sunwolves (2020 - 2020) -> Central Cheetahs (2020 - 2020) -> Free State Cheetahs (2020 - 2021) -> San Diego Legion (2021 - 2022) -> Central Cheetahs (2022 - 2025) -> Stormers (2025 - 2026)
Neethling FOUCHÉ,Neethling FOUCHÉ,PR,Stormers,189,120,1993.01.10,,,,,A,https://all.rugby/player/neethling-fouche,Stormers (2017 - 2019) -> Central Cheetahs (2019 - 2020) -> Stormers (2020 - 2026),,,https://all.rugby/player/neethling-fouche,Stormers (2017 - 2019) -> Central Cheetahs (2019 - 2020) -> Stormers (2020 - 2026)
Ntuthuko MCHUNU,Ntuthuko MCHUNU,PR,Stormers,188,123,1999.04.05,,,,,A,https://all.rugby/player/ntuthuko-mchunu,Sharks (2021 - 2025) -> Stormers (2025 - 2026),South Africa,South Africa,https://all.rugby/player/ntuthuko-mchunu,Sharks (2021 - 2025) -> Stormers (2025 - 2026)
Oli KEBBLE,Oli KEBBLE,PR,Stormers,191,124,1992.06.18,,,,,A,https://all.rugby/player/oli-kebble,Stormers (2013 - 2017) -> Glasgow Warriors (2017 - 2024) -> Oyonnax Rugby (2024 - 2025) -> Stormers (2025 - 2026),South Africa,South Africa,https://all.rugby/player/oli-kebble,Stormers (2013 - 2017) -> Glasgow Warriors (2017 - 2024) -> Oyonnax Rugby (2024 - 2025) -> Stormers (2025 - 2026)
Oliver REID,Oliver REID,PR,Stormers,185,116,2006..,,,,,A,https://all.rugby/player/oliver-reid,Western Province (2024 - 2025) -> Stormers (2025 - 2026),,,https://all.rugby/player/oliver-reid,Western Province (2024 - 2025) -> Stormers (2025 - 2026)
Sazi SANDI,Sazi SANDI,PR,Stormers,181,124,1998.07.11,,,,,A,https://all.rugby/player/sazi-sandi,Western Province (2018 - 2019) -> Stormers (2019 - 2026),,,https://all.rugby/player/sazi-sandi,Western Province (2018 - 2019) -> Stormers (2019 - 2026)
Vernon MATONGO,Vernon MATONGO,PR,Stormers,179,120,2002.02.28,,,,,A,https://all.rugby/player/vernon-matongo,Western Province (2022 - 2024) -> Stormers (2024 - 2026),,,https://all.rugby/player/vernon-matongo,Western Province (2022 - 2024) -> Stormers (2024 - 2026)
Zach PORTHEN,Zach PORTHEN,PR,Stormers,189,124,2004..,,,,,A,https://all.rugby/player/zachary-porthen,Western Province (2022 - 2024) -> Stormers (2024 - 2024) -> Western Province (2025 - 2025) -> Stormers (2025 - 2026),,,https://all.rugby/player/zachary-porthen,Western Province (2022 - 2024) -> Stormers (2024 - 2024) -> Western Province (2025 - 2025) -> Stormers (2025 - 2026)
André-Hugo VENTER,André-Hugo VENTER,HO,Stormers,187,109,2001.09.10,,,,,A,https://all.rugby/player/andre-hugo-venter,Stormers (2020 - 2026),,,https://all.rugby/player/andre-hugo-venter,Stormers (2020 - 2026)
JJ KOTZÉ,JJ KOTZÉ,HO,Stormers,184,111,2000.11.06,,,,,A,https://all.rugby/player/jj-kotze,Stormers (2019 - 2026),,,https://all.rugby/player/jj-kotze,Stormers (2019 - 2026)
Lukhanyo VOKOZELA,Lukhanyo VOKOZELA,HO,Stormers,175,108,2002.02.05,,,,,A,https://all.rugby/player/lukhanyo-vokozela,Western Province (2021 - 2024) -> Stormers (2024 - 2026),,,https://all.rugby/player/lukhanyo-vokozela,Western Province (2021 - 2024) -> Stormers (2024 - 2026)
Siyabonga NTUBENI,Siyabonga NTUBENI,HO,Stormers,174,109,1991.02.18,,,,,A,https://all.rugby/player/siyabonga-ntubeni,Stormers (2013 - 2024) -> Sharks (2024 - 2024) -> Stormers (2024 - 2024) -> Sharks (2025 - 2025) -> Stormers (2025 - 2026),South Africa,South Africa,https://all.rugby/player/siyabonga-ntubeni,Stormers (2013 - 2024) -> Sharks (2024 - 2024) -> Stormers (2024 - 2024) -> Sharks (2025 - 2025) -> Stormers (2025 - 2026)
Vernon PAULO,Vernon PAULO,HO,Stormers,178,112,2001.07.16,,,,,A,https://all.rugby/player/vernon-paulo,North-West University (2022 - 2022) -> Leopards (2022 - 2022) -> North-West University (2023 - 2023) -> Leopards (2023 - 2023) -> Central Cheetahs (2023 - 2025) -> Stormers (2025 - 2025) -> Central Cheetahs (2026 - 2026) -> Stormers (2026 - 2026),,,https://all.rugby/player/vernon-paulo,North-West University (2022 - 2022) -> Leopards (2022 - 2022) -> North-West University (2023 - 2023) -> Leopards (2023 - 2023) -> Central Cheetahs (2023 - 2025) -> Stormers (2025 - 2025) -> Central Cheetahs (2026 - 2026) -> Stormers (2026 - 2026)
Adré SMITH,Adré SMITH,LO,Stormers,200,123,1997.06.04,,,,,A,https://all.rugby/player/adre-smith,Blue Bulls (2017 - 2019) -> Griquas (2019 - 2020) -> Stormers (2020 - 2020) -> Griquas (2020 - 2020) -> Stormers (2021 - 2021) -> Griquas (2021 - 2021) -> Stormers (2021 - 2024) -> Toyota Verblitz (2024 - 2024) -> Stormers (2025 - 2025) -> Toyota Verblitz (2025 - 2025) -> Stormers (2025 - 2026),,,https://all.rugby/player/adre-smith,Blue Bulls (2017 - 2019) -> Griquas (2019 - 2020) -> Stormers (2020 - 2020) -> Griquas (2020 - 2020) -> Stormers (2021 - 2021) -> Griquas (2021 - 2021) -> Stormers (2021 - 2024) -> Toyota Verblitz (2024 - 2024) -> Stormers (2025 - 2025) -> Toyota Verblitz (2025 - 2025) -> Stormers (2025 - 2026)
Alex GROVES,Alex GROVES,LO,Stormers,206,120,2001.01.05,,,,,A,https://all.rugby/player/alex-groves,Bristol Bears (2019 - 2021) -> Hartpury RFC (2021 - 2021) -> Sale Sharks (2021 - 2021) -> Bristol Bears (2022 - 2022) -> Hartpury RFC (2022 - 2022) -> Sale Sharks (2022 - 2024) -> Caldy RFC (2024 - 2024) -> Western Province (2024 - 2024) -> Sale Sharks (2025 - 2025) -> Caldy RFC (2025 - 2025) -> Western Province (2025 - 2025) -> Scarlets (2025 - 2025) -> Stormers (2025 - 2025) -> Scarlets (2026 - 2026) -> Stormers (2026 - 2026),,,https://all.rugby/player/alex-groves,Bristol Bears (2019 - 2021) -> Hartpury RFC (2021 - 2021) -> Sale Sharks (2021 - 2021) -> Bristol Bears (2022 - 2022) -> Hartpury RFC (2022 - 2022) -> Sale Sharks (2022 - 2024) -> Caldy RFC (2024 - 2024) -> Western Province (2024 - 2024) -> Sale Sharks (2025 - 2025) -> Caldy RFC (2025 - 2025) -> Western Province (2025 - 2025) -> Scarlets (2025 - 2025) -> Stormers (2025 - 2025) -> Scarlets (2026 - 2026) -> Stormers (2026 - 2026)
Ben-Jason DIXON,Ben-Jason DIXON,LO,Stormers,195,114,1998.04.29,,,,,A,https://all.rugby/player/ben-jason-dixon,Western Province (2018 - 2019) -> Stormers (2019 - 2026),,,https://all.rugby/player/ben-jason-dixon,Western Province (2018 - 2019) -> Stormers (2019 - 2026)
Connor EVANS,Connor EVANS,LO,Stormers,196,114,2002.01.24,,,,,A,https://all.rugby/player/connor-evans,Stormers (2021 - 2026),,,https://all.rugby/player/connor-evans,Stormers (2021 - 2026)
Gary PORTER,Gary PORTER,LO,Stormers,200,115,1996.07.22,,,,,A,https://all.rugby/player/gary-porter,Western Province (2017 - 2018) -> Ealing Trailfinders (2021 - 2022) -> Stormers (2022 - 2026),,,https://all.rugby/player/gary-porter,Western Province (2017 - 2018) -> Ealing Trailfinders (2021 - 2022) -> Stormers (2022 - 2026)
JD SCHICKERLING,JD SCHICKERLING,LO,Stormers,202,121,1995.05.09,,,,,A,https://all.rugby/player/jd-schickerling,Stormers (2015 - 2021) -> Kobelco Kobe Steelers (2021 - 2023) -> Kubota Spears Funabashi Tokyo-Bay (2023 - 2024) -> Stormers (2024 - 2026),,,https://all.rugby/player/jd-schickerling,Stormers (2015 - 2021) -> Kobelco Kobe Steelers (2021 - 2023) -> Kubota Spears Funabashi Tokyo-Bay (2023 - 2024) -> Stormers (2024 - 2026)
Riley NORTON,Riley NORTON,LO,Stormers,198,104,2006..,,,,,A,https://all.rugby/player/riley-norton,Western Province (2024 - 2025) -> Stormers (2025 - 2026),,,https://all.rugby/player/riley-norton,Western Province (2024 - 2025) -> Stormers (2025 - 2026)
Ruben VAN HEERDEN,Ruben VAN HEERDEN,LO,Stormers,200,121,1997.10.27,,,,,A,https://all.rugby/player/ruben-van-heerden,Bulls (2016 - 2018) -> Sharks (2018 - 2022) -> Exeter Chiefs (2022 - 2022) -> Stormers (2022 - 2022) -> Exeter Chiefs (2023 - 2023) -> Stormers (2023 - 2026),,,https://all.rugby/player/ruben-van-heerden,Bulls (2016 - 2018) -> Sharks (2018 - 2022) -> Exeter Chiefs (2022 - 2022) -> Stormers (2022 - 2022) -> Exeter Chiefs (2023 - 2023) -> Stormers (2023 - 2026)
Salmaan MOERAT,Salmaan MOERAT,LO,Stormers,200,122,1998.03.06,,,,,A,https://all.rugby/player/salmaan-moerat,Stormers (2017 - 2026),South Africa,South Africa,https://all.rugby/player/salmaan-moerat,Stormers (2017 - 2026)
Deon FOURIE,Deon FOURIE,Back row,Stormers,177,103,1986.09.25,,,,,A,https://all.rugby/player/deon-fourie,Stormers (2008 - 2014) -> Lyon Olympique Universitaire Rugby (2014 - 2019) -> FC Grenoble Rugby (2019 - 2021) -> Stormers (2021 - 2026),,,https://all.rugby/player/deon-fourie,Stormers (2008 - 2014) -> Lyon Olympique Universitaire Rugby (2014 - 2019) -> FC Grenoble Rugby (2019 - 2021) -> Stormers (2021 - 2026)
Divan FULLER,Divan FULLER,Back row,Stormers,187,100,2005..,,,,,A,https://all.rugby/player/divan-fuller,Western Province (2023 - 2025) -> Stormers (2025 - 2026),,,https://all.rugby/player/divan-fuller,Western Province (2023 - 2025) -> Stormers (2025 - 2026)
Evan ROOS,Evan ROOS,Back row,Stormers,191,109,2000.01.21,,,,,A,https://all.rugby/player/evan-roos,Sharks (2019 - 2020) -> Stormers (2020 - 2026),,,https://all.rugby/player/evan-roos,Sharks (2019 - 2020) -> Stormers (2020 - 2026)
Hacjivah DAYIMANI,Hacjivah DAYIMANI,Back row,Stormers,190,105,1997.09.23,,,,,A,https://all.rugby/player/hacjivah-dayimani,Lions Rugby (2017 - 2020) -> Western Province (2020 - 2020) -> Lions Rugby (2021 - 2021) -> Western Province (2021 - 2021) -> Stormers (2021 - 2024) -> Racing 92 (2024 - 2025) -> Stormers (2025 - 2025) -> Racing 92 (2026 - 2026) -> Stormers (2026 - 2026),,,https://all.rugby/player/hacjivah-dayimani,Lions Rugby (2017 - 2020) -> Western Province (2020 - 2020) -> Lions Rugby (2021 - 2021) -> Western Province (2021 - 2021) -> Stormers (2021 - 2024) -> Racing 92 (2024 - 2025) -> Stormers (2025 - 2025) -> Racing 92 (2026 - 2026) -> Stormers (2026 - 2026)
Keke MORABE,Keke MORABE,Back row,Stormers,188,118,2001.04.21,,,,,A,https://all.rugby/player/keke-morabe,Northern Free State Griffons (2017 - 2019) -> Western Province (2021 - 2022) -> Stormers (2022 - 2026),,,https://all.rugby/player/keke-morabe,Northern Free State Griffons (2017 - 2019) -> Western Province (2021 - 2022) -> Stormers (2022 - 2026)
Louw NEL,Louw NEL,Back row,Stormers,190,107,2002.08.09,,,,,A,https://all.rugby/player/louw-nel,Western Province (2021 - 2024) -> Stormers (2024 - 2026),,,https://all.rugby/player/louw-nel,Western Province (2021 - 2024) -> Stormers (2024 - 2026)
Marcel THEUNISSEN,Marcel THEUNISSEN,Back row,Stormers,191,103,1999.06.09,,,,,A,https://all.rugby/player/marcel-theunissen,Stormers (2019 - 2026),,,https://all.rugby/player/marcel-theunissen,Stormers (2019 - 2026)
Paul DE VILLIERS,Paul DE VILLIERS,Back row,Stormers,181,101,2003.01.13,,,,,A,https://all.rugby/player/paul-de-villiers,Western Province (2021 - 2022) -> Stormers (2022 - 2023) -> Western Province (2023 - 2024) -> Stormers (2024 - 2026),,,https://all.rugby/player/paul-de-villiers,Western Province (2021 - 2022) -> Stormers (2022 - 2023) -> Western Province (2023 - 2024) -> Stormers (2024 - 2026)
Ruan ACKERMANN,Ruan ACKERMANN,Back row,Stormers,194,115,1995.12.29,,,,,A,https://all.rugby/player/ruan-ackermann,Lions Rugby (2015 - 2017) -> Gloucester Rugby (2017 - 2025) -> Stormers (2025 - 2026),,,https://all.rugby/player/ruan-ackermann,Lions Rugby (2015 - 2017) -> Gloucester Rugby (2017 - 2025) -> Stormers (2025 - 2026)
Wandile MLABA,Wandile MLABA,Back row,Stormers,191,102,2005..,,,,,A,https://all.rugby/player/wandile-mlaba,Western Province (2024 - 2025) -> Stormers (2025 - 2026),,,https://all.rugby/player/wandile-mlaba,Western Province (2024 - 2025) -> Stormers (2025 - 2026)
Asad MOOS,Asad MOOS,SH,Stormers,173,75,2004.01.07,,,,,A,https://all.rugby/player/asad-moos,Western Province (2023 - 2025) -> Stormers (2025 - 2026),,,https://all.rugby/player/asad-moos,Western Province (2023 - 2025) -> Stormers (2025 - 2026)
Cobus REINACH,Cobus REINACH,SH,Stormers,175,85,1990.02.07,,,,,A,https://all.rugby/player/cobus-reinach,Sharks (2013 - 2017) -> Northampton Saints (2017 - 2020) -> Montpellier Hérault Rugby (2020 - 2025) -> Stormers (2025 - 2026),South Africa,South Africa,https://all.rugby/player/cobus-reinach,Sharks (2013 - 2017) -> Northampton Saints (2017 - 2020) -> Montpellier Hérault Rugby (2020 - 2025) -> Stormers (2025 - 2026)
Dewaldt DUVENAGE,Dewaldt DUVENAGE,SH,Stormers,175,82,1988.05.22,,,,,A,https://all.rugby/player/dewaldt-duvenage,Union Sportive Arlequins Perpignanais (2013 - 2016) -> Stormers (2016 - 2018) -> Benetton Rugby Trévise (2018 - 2024) -> Stormers (2024 - 2026),,,https://all.rugby/player/dewaldt-duvenage,Union Sportive Arlequins Perpignanais (2013 - 2016) -> Stormers (2016 - 2018) -> Benetton Rugby Trévise (2018 - 2024) -> Stormers (2024 - 2026)
Imad KHAN,Imad KHAN,SH,Stormers,179,84,2003.12.02,,,,,A,https://all.rugby/player/imad-khan,Western Province (2021 - 2022) -> Stormers (2022 - 2023) -> Western Province (2023 - 2024) -> Stormers (2024 - 2026),,,https://all.rugby/player/imad-khan,Western Province (2021 - 2022) -> Stormers (2022 - 2023) -> Western Province (2023 - 2024) -> Stormers (2024 - 2026)
Stefan UNGERER,Stefan UNGERER,SH,Stormers,183,93,1993.11.23,,,,,A,https://all.rugby/player/stefan-ungerer,Sharks (2013 - 2016) -> Southern Kings (2016 - 2020) -> Griquas (2020 - 2021) -> Stormers (2021 - 2021) -> Griquas (2022 - 2022) -> Stormers (2022 - 2026),,,https://all.rugby/player/stefan-ungerer,Sharks (2013 - 2016) -> Southern Kings (2016 - 2020) -> Griquas (2020 - 2021) -> Stormers (2021 - 2021) -> Griquas (2022 - 2022) -> Stormers (2022 - 2026)
Damian WILLEMSE,Damian WILLEMSE,SO,Stormers,187,100,1998.05.07,,,,,A,https://all.rugby/player/damian-willemse,Stormers (2016 - 2019) -> Saracens (2019 - 2019) -> Stormers (2019 - 2019) -> Saracens (2020 - 2020) -> Stormers (2020 - 2026),South Africa,South Africa,https://all.rugby/player/damian-willemse,Stormers (2016 - 2019) -> Saracens (2019 - 2019) -> Stormers (2019 - 2019) -> Saracens (2020 - 2020) -> Stormers (2020 - 2026)
Jean-Luc DU PLESSIS,Jean-Luc DU PLESSIS,SO,Stormers,180,95,1994.05.07,,,,,A,https://all.rugby/player/jean-luc-du-plessis,Stormers (2015 - 2020) -> Mie Honda Heat RFC (2021 - 2022) -> Stormers (2022 - 2026),,,https://all.rugby/player/jean-luc-du-plessis,Stormers (2015 - 2020) -> Mie Honda Heat RFC (2021 - 2022) -> Stormers (2022 - 2026)
Jurie MATTHEE,Jurie MATTHEE,SO,Stormers,191,92,2000.11.04,,,,,A,https://all.rugby/player/jurie-matthee,Western Province (2022 - 2023) -> Stormers (2023 - 2026),,,https://all.rugby/player/jurie-matthee,Western Province (2022 - 2023) -> Stormers (2023 - 2026)
Kyle SMITH,Kyle SMITH,SO,Stormers,188,88,2005..,,,,,A,https://all.rugby/player/kyle-smith,Western Province (2023 - 2025) -> Stormers (2025 - 2026),,,https://all.rugby/player/kyle-smith,Western Province (2023 - 2025) -> Stormers (2025 - 2026)
Sacha FEINBERG-MNGOMEZULU,Sacha FEINBERG-MNGOMEZULU,SO,Stormers,188,92,2002.02.22,,,,,A,https://all.rugby/player/sacha-mngomezulu,Western Province (2020 - 2021) -> Stormers (2021 - 2021) -> Western Province (2021 - 2021) -> Stormers (2022 - 2022) -> Western Province (2022 - 2022) -> Stormers (2022 - 2026),South Africa,South Africa,https://all.rugby/player/sacha-mngomezulu,Western Province (2020 - 2021) -> Stormers (2021 - 2021) -> Western Province (2021 - 2021) -> Stormers (2022 - 2022) -> Western Province (2022 - 2022) -> Stormers (2022 - 2026)
Clinton SWART,Clinton SWART,CTB,Stormers,185,106,1992.09.06,,,,,A,https://all.rugby/player/clinton-swart,Central Cheetahs (2016 - 2018) -> Toyota Verblitz (2018 - 2019) -> Bulls (2019 - 2019) -> Toyota Verblitz (2020 - 2020) -> Bulls (2020 - 2021) -> Shizuoka Blue Revs (2021 - 2023) -> Pumas (2023 - 2025) -> Stormers (2025 - 2026),,,https://all.rugby/player/clinton-swart,Central Cheetahs (2016 - 2018) -> Toyota Verblitz (2018 - 2019) -> Bulls (2019 - 2019) -> Toyota Verblitz (2020 - 2020) -> Bulls (2020 - 2021) -> Shizuoka Blue Revs (2021 - 2023) -> Pumas (2023 - 2025) -> Stormers (2025 - 2026)
Damian MARKUS,Damian MARKUS,CTB,Stormers,167,84,2003.07.11,,,,,A,https://all.rugby/player/damian-markus,Stellenberg High School (2020 - 2021) -> Stade Rochelais (2021 - 2022) -> Western Province (2022 - 2024) -> Shizuoka Blue Revs (2024 - 2025) -> Stormers (2025 - 2026),,,https://all.rugby/player/damian-markus,Stellenberg High School (2020 - 2021) -> Stade Rochelais (2021 - 2022) -> Western Province (2022 - 2024) -> Shizuoka Blue Revs (2024 - 2025) -> Stormers (2025 - 2026)
Dan DU PLESSIS,Dan DU PLESSIS,CTB,Stormers,190,103,1994.02.15,,,,,A,https://all.rugby/player/dan-du-plessis,Stormers (2015 - 2026),,,https://all.rugby/player/dan-du-plessis,Stormers (2015 - 2026)
Jonathan ROCHE,Jonathan ROCHE,CTB,Stormers,189,100,2003.02.01,,,,,A,https://all.rugby/player/jonathan-roche,Western Province (2022 - 2024) -> Stormers (2024 - 2026),,,https://all.rugby/player/jonathan-roche,Western Province (2022 - 2024) -> Stormers (2024 - 2026)
Luke BURGER,Luke BURGER,CTB,Stormers,188,90,2002.08.12,,,,,A,https://all.rugby/player/luke-burger,Western Province (2022 - 2024) -> Stormers (2024 - 2026),,,https://all.rugby/player/luke-burger,Western Province (2022 - 2024) -> Stormers (2024 - 2026)
Ruhan NEL,Ruhan NEL,CTB,Stormers,191,101,1991.05.17,,,,,A,https://all.rugby/player/ruhan-nel,Stormers (2018 - 2026),,,https://all.rugby/player/ruhan-nel,Stormers (2018 - 2026)
Suleiman HARTZENBERG,Suleiman HARTZENBERG,CTB,Stormers,187,97,2003.05.20,,,,,A,https://all.rugby/player/suleiman-hartzenberg,Western Province (2021 - 2022) -> Stormers (2022 - 2026),,,https://all.rugby/player/suleiman-hartzenberg,Western Province (2021 - 2022) -> Stormers (2022 - 2026)
Wandisile SIMELANE,Wandisile SIMELANE,CTB,Stormers,180,95,1998.03.21,,,,,A,https://all.rugby/player/wandisile-simelane,Lions Rugby (2018 - 2022) -> Bulls (2022 - 2023) -> Stormers (2023 - 2023) -> Bulls (2024 - 2024) -> Stormers (2024 - 2026),,,https://all.rugby/player/wandisile-simelane,Lions Rugby (2018 - 2022) -> Bulls (2022 - 2023) -> Stormers (2023 - 2023) -> Bulls (2024 - 2024) -> Stormers (2024 - 2026)
Courtnall SKOSAN,Courtnall SKOSAN,Winger,Stormers,183,96,1991.07.24,,,,,A,https://all.rugby/player/courtnall-skosan,Lions Rugby (2013 - 2021) -> Northampton Saints (2021 - 2023) -> Stormers (2023 - 2026),South Africa,South Africa,https://all.rugby/player/courtnall-skosan,Lions Rugby (2013 - 2021) -> Northampton Saints (2021 - 2023) -> Stormers (2023 - 2026)
Dylan MAART,Dylan MAART,Winger,Stormers,185,77,1996.09.03,,,,,A,https://all.rugby/player/dylan-maart,Griquas (2023 - 2025) -> Stormers (2025 - 2026),,,https://all.rugby/player/dylan-maart,Griquas (2023 - 2025) -> Stormers (2025 - 2026)
Jared AFRICA,Jared AFRICA,Winger,Stormers,175,84,2003.03.27,,,,,A,https://all.rugby/player/jared-africa,Western Province (2023 - 2025) -> Stormers (2025 - 2026),,,https://all.rugby/player/jared-africa,Western Province (2023 - 2025) -> Stormers (2025 - 2026)
Leolin ZAS,Leolin ZAS,Winger,Stormers,184,95,1995.10.20,,,,,A,https://all.rugby/player/leolin-zas,Stormers (2015 - 2016) -> Sharks (2018 - 2018) -> Natal Sharks (2018 - 2018) -> Sharks (2019 - 2019) -> Natal Sharks (2019 - 2019) -> Stormers (2019 - 2026),,,https://all.rugby/player/leolin-zas,Stormers (2015 - 2016) -> Sharks (2018 - 2018) -> Natal Sharks (2018 - 2018) -> Sharks (2019 - 2019) -> Natal Sharks (2019 - 2019) -> Stormers (2019 - 2026)
Mfundo NDHLOVU,Mfundo NDHLOVU,Winger,Stormers,178,84,1997.04.05,,,,,A,https://all.rugby/player/mfundo-ndhlovu,AF. SUD 7's (2017 - 2025) -> Stormers (2025 - 2026),,,https://all.rugby/player/mfundo-ndhlovu,AF. SUD 7's (2017 - 2025) -> Stormers (2025 - 2026)
Sako MAKATA,Sako MAKATA,Winger,Stormers,185,103,1998.09.10,,,,,A,https://all.rugby/player/sako-makata,AF. SUD 7's (2018 - 2022) -> Griquas (2022 - 2024) -> Western Province (2024 - 2025) -> Stormers (2025 - 2026),,,https://all.rugby/player/sako-makata,AF. SUD 7's (2018 - 2022) -> Griquas (2022 - 2024) -> Western Province (2024 - 2025) -> Stormers (2025 - 2026)
Seabelo SENATLA,Seabelo SENATLA,Winger,Stormers,179,93,1993.02.10,,,,,A,https://all.rugby/player/seabelo-senatla,Stormers (2013 - 2026),,,https://all.rugby/player/seabelo-senatla,Stormers (2013 - 2026)
JC MARS,JC MARS,FB,Stormers,177,83,2005..,,,,,A,https://all.rugby/player/jc-mars,Western Province (2023 - 2024) -> Stormers (2024 - 2026),,,https://all.rugby/player/jc-mars,Western Province (2023 - 2024) -> Stormers (2024 - 2026)
Warrick GELANT,Warrick GELANT,FB,Stormers,180,100,1995.05.20,,,,,A,https://all.rugby/player/warrick-gelant,Bulls (2015 - 2020) -> Stormers (2020 - 2022) -> Racing 92 (2022 - 2023) -> Stormers (2023 - 2026),South Africa,South Africa,https://all.rugby/player/warrick-gelant,Bulls (2015 - 2020) -> Stormers (2020 - 2022) -> Racing 92 (2022 - 2023) -> Stormers (2023 - 2026)
Cammy DAWSON,Cammy DAWSON,PR,Sharks,181,116,1999.01.06,,,,,A,https://all.rugby/player/cameron-dawson,Free State Cheetahs (2018 - 2019) -> Southern Kings (2019 - 2020) -> Central Cheetahs (2023 - 2024) -> Free State Cheetahs (2024 - 2025) -> Central Cheetahs (2025 - 2025) -> Sharks (2025 - 2025) -> Central Cheetahs (2026 - 2026) -> Sharks (2026 - 2026),,,https://all.rugby/player/cameron-dawson,Free State Cheetahs (2018 - 2019) -> Southern Kings (2019 - 2020) -> Central Cheetahs (2023 - 2024) -> Free State Cheetahs (2024 - 2025) -> Central Cheetahs (2025 - 2025) -> Sharks (2025 - 2025) -> Central Cheetahs (2026 - 2026) -> Sharks (2026 - 2026)
Cebo DLAMINI,Cebo DLAMINI,PR,Sharks,176,118,2001.11.29,,,,,A,https://all.rugby/player/cebolenkosi-dlamini,Griquas (2022 - 2025) -> Dragons RFC (2025 - 2025) -> Sharks (2025 - 2025) -> Dragons RFC (2026 - 2026) -> Sharks (2026 - 2026),,,https://all.rugby/player/cebolenkosi-dlamini,Griquas (2022 - 2025) -> Dragons RFC (2025 - 2025) -> Sharks (2025 - 2025) -> Dragons RFC (2026 - 2026) -> Sharks (2026 - 2026)
Dian HEUNIS,Dian HEUNIS,PR,Sharks,185,126,2003.05.20,,,,,A,https://all.rugby/player/dian-heunis,Natal Sharks (2022 - 2024) -> Sharks (2024 - 2026),,,https://all.rugby/player/dian-heunis,Natal Sharks (2022 - 2024) -> Sharks (2024 - 2026)
Eduan SWART,Eduan SWART,PR,Sharks,186,115,2000.10.20,,,,,A,https://all.rugby/player/eduan-swart,Pumas (2020 - 2023) -> Scarlets (2023 - 2024) -> Pumas (2024 - 2025) -> Sharks (2025 - 2026),,,https://all.rugby/player/eduan-swart,Pumas (2020 - 2023) -> Scarlets (2023 - 2024) -> Pumas (2024 - 2025) -> Sharks (2025 - 2026)
Hanro JACOBS,Hanro JACOBS,PR,Sharks,185,129,2000.03.14,,,,,A,https://all.rugby/player/hanru-jacobs,Natal Sharks (2020 - 2022) -> Sharks (2022 - 2026),,,https://all.rugby/player/hanru-jacobs,Natal Sharks (2020 - 2022) -> Sharks (2022 - 2026)
Lee-Marvin MAZIBUKO,Lee-Marvin MAZIBUKO,PR,Sharks,182,113,1997.10.12,,,,,A,https://all.rugby/player/lee-marvin-mazibuko,Stormers (2018 - 2019) -> Rugby Viadana 1970 (2019 - 2020) -> Western Province (2020 - 2021) -> Stormers (2021 - 2024) -> Racing 92 (2024 - 2024) -> Natal Sharks (2024 - 2024) -> Racing 92 (2025 - 2025) -> Natal Sharks (2025 - 2025) -> Sharks (2025 - 2026),,,https://all.rugby/player/lee-marvin-mazibuko,Stormers (2018 - 2019) -> Rugby Viadana 1970 (2019 - 2020) -> Western Province (2020 - 2021) -> Stormers (2021 - 2024) -> Racing 92 (2024 - 2024) -> Natal Sharks (2024 - 2024) -> Racing 92 (2025 - 2025) -> Natal Sharks (2025 - 2025) -> Sharks (2025 - 2026)
Mawande MDANDA,Mawande MDANDA,PR,Sharks,189,132,2003.03.09,,,,,A,https://all.rugby/player/mawande-mdanda,Blue Bulls (2022 - 2023) -> Natal Sharks (2023 - 2024) -> Sharks (2024 - 2026),,,https://all.rugby/player/mawande-mdanda,Blue Bulls (2022 - 2023) -> Natal Sharks (2023 - 2024) -> Sharks (2024 - 2026)
Ox NCHÉ,Ox NCHÉ,PR,Sharks,176,123,1995.07.23,,,,,A,https://all.rugby/player/ox-nche,Central Cheetahs (2015 - 2019) -> Sharks (2019 - 2019) -> Central Cheetahs (2020 - 2020) -> Sharks (2020 - 2026),South Africa,South Africa,https://all.rugby/player/ox-nche,Central Cheetahs (2015 - 2019) -> Sharks (2019 - 2019) -> Central Cheetahs (2020 - 2020) -> Sharks (2020 - 2026)
Phatu GANYANE,Phatu GANYANE,PR,Sharks,185,123,2003.01.17,,,,,A,https://all.rugby/player/phatu-ganyane,Natal Sharks (2022 - 2024) -> Sharks (2024 - 2026),,,https://all.rugby/player/phatu-ganyane,Natal Sharks (2022 - 2024) -> Sharks (2024 - 2026)
Ruan DREYER,Ruan DREYER,PR,Sharks,186,115,1990.09.16,,,,,A,https://all.rugby/player/ruan-dreyer,Lions Rugby (2013 - 2018) -> Gloucester Rugby (2018 - 2020) -> Lions Rugby (2020 - 2024) -> Sharks (2024 - 2026),South Africa,South Africa,https://all.rugby/player/ruan-dreyer,Lions Rugby (2013 - 2018) -> Gloucester Rugby (2018 - 2020) -> Lions Rugby (2020 - 2024) -> Sharks (2024 - 2026)
Simphiwe MATANZIMA,Simphiwe MATANZIMA,PR,Sharks,183,121,1997.08.18,,,,,A,https://all.rugby/player/simphiwe-matanzima,Bulls (2017 - 2020) -> Blue Bulls (2020 - 2021) -> Bulls (2021 - 2025) -> Sharks (2025 - 2026),,,https://all.rugby/player/simphiwe-matanzima,Bulls (2017 - 2020) -> Blue Bulls (2020 - 2021) -> Bulls (2021 - 2025) -> Sharks (2025 - 2026)
Simphiwe NGOBESE,Simphiwe NGOBESE,PR,Sharks,183,119,2005..,,,,,A,https://all.rugby/player/simphiwe-ngobese,Natal Sharks (2024 - 2025) -> Sharks (2025 - 2026),,,https://all.rugby/player/simphiwe-ngobese,Natal Sharks (2024 - 2025) -> Sharks (2025 - 2026)
Trevor NYAKANE,Trevor NYAKANE,PR,Sharks,178,122,1989.05.04,,,,,A,https://all.rugby/player/trevor-nyakane,Central Cheetahs (2013 - 2014) -> Bulls (2014 - 2021) -> Racing 92 (2021 - 2024) -> Sharks (2024 - 2026),South Africa,South Africa,https://all.rugby/player/trevor-nyakane,Central Cheetahs (2013 - 2014) -> Bulls (2014 - 2021) -> Racing 92 (2021 - 2024) -> Sharks (2024 - 2026)
Vincent KOCH,Vincent KOCH,PR,Sharks,185,118,1990.03.13,,,,,A,https://all.rugby/player/vincent-koch,Stormers (2014 - 2016) -> Saracens (2016 - 2022) -> Stade Français Paris Rugby (2022 - 2022) -> Wasps (2022 - 2022) -> Stade Français Paris Rugby (2022 - 2023) -> Wasps (2023 - 2023) -> Stade Français Paris Rugby (2023 - 2023) -> Sharks (2023 - 2026),South Africa,South Africa,https://all.rugby/player/vincent-koch,Stormers (2014 - 2016) -> Saracens (2016 - 2022) -> Stade Français Paris Rugby (2022 - 2022) -> Wasps (2022 - 2022) -> Stade Français Paris Rugby (2022 - 2023) -> Wasps (2023 - 2023) -> Stade Français Paris Rugby (2023 - 2023) -> Sharks (2023 - 2026)
Bongi MBONAMBI,Bongi MBONAMBI,HO,Sharks,175,118,1991.01.07,,,,,A,https://all.rugby/player/bongi-mbonambi,Bulls (2013 - 2014) -> Stormers (2014 - 2021) -> Sharks (2021 - 2026),South Africa,South Africa,https://all.rugby/player/bongi-mbonambi,Bulls (2013 - 2014) -> Stormers (2014 - 2021) -> Sharks (2021 - 2026)
Bryce CALVERT,Bryce CALVERT,HO,Sharks,180,107,2003.05.09,,,,,A,https://all.rugby/player/bryce-calvert,Natal Sharks (2022 - 2024) -> Sharks (2024 - 2026),,,https://all.rugby/player/bryce-calvert,Natal Sharks (2022 - 2024) -> Sharks (2024 - 2026)
Ethan BESTER,Ethan BESTER,HO,Sharks,187,112,2004..,,,,,A,https://all.rugby/player/ethan-bester,Natal Sharks (2023 - 2024) -> Sharks (2024 - 2026),,,https://all.rugby/player/ethan-bester,Natal Sharks (2023 - 2024) -> Sharks (2024 - 2026)
Fez MBATHA,Fez MBATHA,HO,Sharks,182,112,1999.08.02,,,,,A,https://all.rugby/player/fezokuhle-mbatha,Sharks (2018 - 2026),,,https://all.rugby/player/fezokuhle-mbatha,Sharks (2018 - 2026)
Willem VAN DEN HEVER,Willem VAN DEN HEVER,HO,Sharks,,,1999.01.25,,,,,A,https://all.rugby/player/willem-van-den-hever,Northern Free State Griffons (2023 - 2024) -> Natal Sharks (2024 - 2025) -> Sharks (2025 - 2026),,,https://all.rugby/player/willem-van-den-hever,Northern Free State Griffons (2023 - 2024) -> Natal Sharks (2024 - 2025) -> Sharks (2025 - 2026)
Coetzee LE ROUX,Coetzee LE ROUX,LO,Sharks,193,112,2003.01.22,,,,,A,https://all.rugby/player/coetzee-le-roux,Natal Sharks (2022 - 2024) -> Sharks (2024 - 2026),,,https://all.rugby/player/coetzee-le-roux,Natal Sharks (2022 - 2024) -> Sharks (2024 - 2026)
Corné RAHL,Corné RAHL,LO,Sharks,202,122,2002.05.27,,,,,A,https://all.rugby/player/corne-rahl,Natal Sharks (2021 - 2022) -> Sharks (2022 - 2026),,,https://all.rugby/player/corne-rahl,Natal Sharks (2021 - 2022) -> Sharks (2022 - 2026)
Deon SLABBERT,Deon SLABBERT,LO,Sharks,200,117,2000.05.04,,,,,A,https://all.rugby/player/deon-slabbert,Eagles SWD (2020 - 2021) -> Pumas (2021 - 2023) -> Bulls (2023 - 2024) -> Sharks (2024 - 2024) -> Bulls (2025 - 2025) -> Sharks (2025 - 2026),,,https://all.rugby/player/deon-slabbert,Eagles SWD (2020 - 2021) -> Pumas (2021 - 2023) -> Bulls (2023 - 2024) -> Sharks (2024 - 2024) -> Bulls (2025 - 2025) -> Sharks (2025 - 2026)
Eben ETZEBETH,Eben ETZEBETH,LO,Sharks,202,126,1991.10.29,,,,,A,https://all.rugby/player/eben-etzebeth,Stormers (2014 - 2019) -> Rugby Club Toulonnais (2019 - 2022) -> Sharks (2022 - 2026),South Africa,South Africa,https://all.rugby/player/eben-etzebeth,Stormers (2014 - 2019) -> Rugby Club Toulonnais (2019 - 2022) -> Sharks (2022 - 2026)
Emile VAN HEERDEN,Emile VAN HEERDEN,LO,Sharks,200,110,2000.08.08,,,,,A,https://all.rugby/player/emile-van-heerden,Sharks (2019 - 2021) -> Natal Sharks (2021 - 2022) -> Lions Rugby (2022 - 2022) -> Sharks (2022 - 2022) -> Lions Rugby (2023 - 2023) -> Sharks (2023 - 2026),,,https://all.rugby/player/emile-van-heerden,Sharks (2019 - 2021) -> Natal Sharks (2021 - 2022) -> Lions Rugby (2022 - 2022) -> Sharks (2022 - 2022) -> Lions Rugby (2023 - 2023) -> Sharks (2023 - 2026)
Jason JENKINS,Jason JENKINS,LO,Sharks,202,127,1995.12.02,,,,,A,https://all.rugby/player/jason-jenkins,Bulls (2015 - 2019) -> Toyota Verblitz (2019 - 2019) -> Bulls (2019 - 2019) -> Toyota Verblitz (2020 - 2020) -> Bulls (2020 - 2020) -> Toyota Verblitz (2020 - 2021) -> Munster Rugby (2021 - 2022) -> Leinster Rugby (2022 - 2024) -> Sharks (2024 - 2026),South Africa,South Africa,https://all.rugby/player/jason-jenkins,Bulls (2015 - 2019) -> Toyota Verblitz (2019 - 2019) -> Bulls (2019 - 2019) -> Toyota Verblitz (2020 - 2020) -> Bulls (2020 - 2020) -> Toyota Verblitz (2020 - 2021) -> Munster Rugby (2021 - 2022) -> Leinster Rugby (2022 - 2024) -> Sharks (2024 - 2026)
JJ SCHEEPERS,JJ SCHEEPERS,LO,Sharks,198,115,,,,,,A,https://all.rugby/player/jj-scheepers,Centurioni Rugby (2022 - 2023) -> OK Financial Group Okman (2023 - 2024) -> Pumas (2024 - 2025) -> Sharks (2025 - 2026),,,https://all.rugby/player/jj-scheepers,Centurioni Rugby (2022 - 2023) -> OK Financial Group Okman (2023 - 2024) -> Pumas (2024 - 2025) -> Sharks (2025 - 2026)
Marvin ORIE,Marvin ORIE,LO,Sharks,198,118,1993.02.15,,,,,A,https://all.rugby/player/marvin-orie,Bulls (2013 - 2016) -> Lions Rugby (2016 - 2019) -> Ospreys (2019 - 2019) -> Lions Rugby (2019 - 2019) -> Ospreys (2020 - 2020) -> Lions Rugby (2020 - 2020) -> Stormers (2020 - 2023) -> Union Sportive Arlequins Perpignanais (2023 - 2024) -> Blue Bulls (2024 - 2024) -> Union Sportive Arlequins Perpignanais (2025 - 2025) -> Blue Bulls (2025 - 2025) -> Sharks (2025 - 2026),South Africa,South Africa,https://all.rugby/player/marvin-orie,Bulls (2013 - 2016) -> Lions Rugby (2016 - 2019) -> Ospreys (2019 - 2019) -> Lions Rugby (2019 - 2019) -> Ospreys (2020 - 2020) -> Lions Rugby (2020 - 2020) -> Stormers (2020 - 2023) -> Union Sportive Arlequins Perpignanais (2023 - 2024) -> Blue Bulls (2024 - 2024) -> Union Sportive Arlequins Perpignanais (2025 - 2025) -> Blue Bulls (2025 - 2025) -> Sharks (2025 - 2026)
Thomas DYER,Thomas DYER,LO,Sharks,196,115,2004..,,,,,A,https://all.rugby/player/thomas-dyer,Sharks (2023 - 2026),,,https://all.rugby/player/thomas-dyer,Sharks (2023 - 2026)
Jannes POTGIETER,Jannes POTGIETER,Back row,Sharks,193,112,2003.05.05,,,,,A,https://all.rugby/player/jannes-potgieter,Natal Sharks (2022 - 2024) -> Sharks (2024 - 2026),,,https://all.rugby/player/jannes-potgieter,Natal Sharks (2022 - 2024) -> Sharks (2024 - 2026)
Manu TSHITUKA,Manu TSHITUKA,Back row,Sharks,193,110,2000.06.16,,,,,A,https://all.rugby/player/emmanuel-tshituka,Lions Rugby (2020 - 2024) -> Sharks (2024 - 2026),,,https://all.rugby/player/emmanuel-tshituka,Lions Rugby (2020 - 2024) -> Sharks (2024 - 2026)
Matt ROMAO,Matt ROMAO,Back row,Sharks,190,107,2005..,,,,,A,https://all.rugby/player/matt-romao,Natal Sharks (2024 - 2025) -> Sharks (2025 - 2026),,,https://all.rugby/player/matt-romao,Natal Sharks (2024 - 2025) -> Sharks (2025 - 2026)
Mèno BARNARD,Mèno BARNARD,Back row,Sharks,193,104,2003.11.14,,,,,A,https://all.rugby/player/meno-barnard,Natal Sharks (2023 - 2024) -> Sharks (2024 - 2026),,,https://all.rugby/player/meno-barnard,Natal Sharks (2023 - 2024) -> Sharks (2024 - 2026)
Nick HATTON,Nick HATTON,Back row,Sharks,191,103,2003.01.17,,,,,A,https://all.rugby/player/nick-hatton,Natal Sharks (2021 - 2023) -> Sharks (2023 - 2026),,,https://all.rugby/player/nick-hatton,Natal Sharks (2021 - 2023) -> Sharks (2023 - 2026)
Phepsi BUTHELEZI,Phepsi BUTHELEZI,Back row,Sharks,188,108,1999.05.30,,,,,A,https://all.rugby/player/phendulani-buthelezi,Sharks (2018 - 2026),,,https://all.rugby/player/phendulani-buthelezi,Sharks (2018 - 2026)
Siya KOLISI,Siya KOLISI,Back row,Sharks,189,104,1991.06.16,,,,,A,https://all.rugby/player/siya-kolisi,Stormers (2013 - 2020) -> Sharks (2020 - 2023) -> Racing 92 (2023 - 2024) -> Sharks (2024 - 2024) -> Racing 92 (2025 - 2025) -> Sharks (2025 - 2026),South Africa,South Africa,https://all.rugby/player/siya-kolisi,Stormers (2013 - 2020) -> Sharks (2020 - 2023) -> Racing 92 (2023 - 2024) -> Sharks (2024 - 2024) -> Racing 92 (2025 - 2025) -> Sharks (2025 - 2026)
Tino MAVESERE,Tino MAVESERE,Back row,Sharks,189,105,1998.10.17,,,,,A,https://all.rugby/player/tinotenda-blithe-mavesere,University of Western Cap (2020 - 2021) -> Sharks (2022 - 2026),,,https://all.rugby/player/tinotenda-blithe-mavesere,University of Western Cap (2020 - 2021) -> Sharks (2022 - 2026)
Vincent TSHITUKA,Vincent TSHITUKA,Back row,Sharks,194,110,1998.09.10,,,,,A,https://all.rugby/player/vincent-tshituka,Lions Rugby (2018 - 2022) -> Sharks (2022 - 2026),,,https://all.rugby/player/vincent-tshituka,Lions Rugby (2018 - 2022) -> Sharks (2022 - 2026)
Bradley DAVIDS,Bradley DAVIDS,SH,Sharks,176,79,2002.07.30,,,,,A,https://all.rugby/player/bradley-davids,Natal Sharks (2021 - 2022) -> Sharks (2022 - 2026),,,https://all.rugby/player/bradley-davids,Natal Sharks (2021 - 2022) -> Sharks (2022 - 2026)
Ceano EVERSON,Ceano EVERSON,SH,Sharks,169,63,2005..,,,,,A,https://all.rugby/player/ceano-everson,Natal Sharks (2024 - 2025) -> Sharks (2025 - 2026),,,https://all.rugby/player/ceano-everson,Natal Sharks (2024 - 2025) -> Sharks (2025 - 2026)
Grant WILLIAMS,Grant WILLIAMS,SH,Sharks,174,80,1996.07.22,,,,,A,https://all.rugby/player/grant-williams,Sharks (2017 - 2026),,,https://all.rugby/player/grant-williams,Sharks (2017 - 2026)
Jaden HENDRIKSE,Jaden HENDRIKSE,SH,Sharks,184,92,2000.03.23,,,,,A,https://all.rugby/player/jaden-hendrikse,Sharks (2019 - 2026),,,https://all.rugby/player/jaden-hendrikse,Sharks (2019 - 2026)
Ross BRAUDE,Ross BRAUDE,SH,Sharks,168,83,2000.01.18,,,,,A,https://all.rugby/player/ross-braude,Blue Bulls (2019 - 2020) -> Toronto Arrows (2020 - 2023) -> Pumas (2023 - 2025) -> Sharks (2025 - 2026),South Africa,South Africa,https://all.rugby/player/ross-braude,Blue Bulls (2019 - 2020) -> Toronto Arrows (2020 - 2023) -> Pumas (2023 - 2025) -> Sharks (2025 - 2026)
Tiaan FOURIE,Tiaan FOURIE,SH,Sharks,173,78,2002.04.22,,,,,A,https://all.rugby/player/tiaan-fourie,Blue Bulls (2020 - 2022) -> Natal Sharks (2022 - 2023) -> Sharks (2023 - 2026),,,https://all.rugby/player/tiaan-fourie,Blue Bulls (2020 - 2022) -> Natal Sharks (2022 - 2023) -> Sharks (2023 - 2026)
George WHITEHEAD,George WHITEHEAD,SO,Sharks,184,88,1989.03.17,,,,,A,https://all.rugby/player/george-whitehead,Central Cheetahs (2015 - 2016) -> Stormers (2017 - 2018) -> Griquas (2018 - 2019) -> Central Cheetahs (2019 - 2020) -> Griquas (2020 - 2025) -> Sharks (2025 - 2026),,,https://all.rugby/player/george-whitehead,Central Cheetahs (2015 - 2016) -> Stormers (2017 - 2018) -> Griquas (2018 - 2019) -> Central Cheetahs (2019 - 2020) -> Griquas (2020 - 2025) -> Sharks (2025 - 2026)
Jean SMITH,Jean SMITH,SO,Sharks,181,92,2003.04.01,,,,,A,https://all.rugby/player/jean-smith,Natal Sharks (2022 - 2024) -> Sharks (2024 - 2026),,,https://all.rugby/player/jean-smith,Natal Sharks (2022 - 2024) -> Sharks (2024 - 2026)
Jordan HENDRIKSE,Jordan HENDRIKSE,SO,Sharks,188,93,2001.06.28,,,,,A,https://all.rugby/player/jordan-hendrikse,Maties Rugby Club (2019 - 2020) -> Lions Rugby (2020 - 2024) -> Sharks (2024 - 2026),,,https://all.rugby/player/jordan-hendrikse,Maties Rugby Club (2019 - 2020) -> Lions Rugby (2020 - 2024) -> Sharks (2024 - 2026)
Siya MASUKU,Siya MASUKU,SO,Sharks,189,95,1996.08.01,,,,,A,https://all.rugby/player/siya-masuku,Southern Kings (2019 - 2020) -> Free State Cheetahs (2020 - 2022) -> Central Cheetahs (2022 - 2023) -> Sharks (2023 - 2026),,,https://all.rugby/player/siya-masuku,Southern Kings (2019 - 2020) -> Free State Cheetahs (2020 - 2022) -> Central Cheetahs (2022 - 2023) -> Sharks (2023 - 2026)
Vusi Simphiwe MOYO,Vusi Simphiwe MOYO,SO,Sharks,182,90,2006..,,,,,A,https://all.rugby/player/simphiwe-moyo,Natal Sharks (2024 - 2025) -> Sharks (2025 - 2026),,,https://all.rugby/player/simphiwe-moyo,Natal Sharks (2024 - 2025) -> Sharks (2025 - 2026)
Albie BESTER,Albie BESTER,CTB,Sharks,180,93,2005..,,,,,A,https://all.rugby/player/albie-bester,Natal Sharks (2024 - 2025) -> Sharks (2025 - 2026),,,https://all.rugby/player/albie-bester,Natal Sharks (2024 - 2025) -> Sharks (2025 - 2026)
André ESTERHUIZEN,André ESTERHUIZEN,CTB,Sharks,193,115,1994.03.30,,,,,A,https://all.rugby/player/andre-esterhuizen,Sharks (2013 - 2019) -> Harlequins (2019 - 2019) -> Sharks (2020 - 2020) -> Harlequins (2020 - 2024) -> Sharks (2024 - 2026),South Africa,South Africa,https://all.rugby/player/andre-esterhuizen,Sharks (2013 - 2019) -> Harlequins (2019 - 2019) -> Sharks (2020 - 2020) -> Harlequins (2020 - 2024) -> Sharks (2024 - 2026)
Diego APPOLLIS,Diego APPOLLIS,CTB,Sharks,178,94,2000.08.27,,,,,A,https://all.rugby/player/diego-appollis,Bulls (2019 - 2020) -> Pumas (2021 - 2023) -> Sharks (2023 - 2026),,,https://all.rugby/player/diego-appollis,Bulls (2019 - 2020) -> Pumas (2021 - 2023) -> Sharks (2023 - 2026)
Francois VENTER,Francois VENTER,CTB,Sharks,185,95,1991.04.19,,,,,A,https://all.rugby/player/francois-venter,Central Cheetahs (2013 - 2018) -> Worcester Warriors (2018 - 2022) -> Sharks (2022 - 2022) -> Worcester Warriors (2023 - 2023) -> Sharks (2023 - 2026),South Africa,South Africa,https://all.rugby/player/francois-venter,Central Cheetahs (2013 - 2018) -> Worcester Warriors (2018 - 2022) -> Sharks (2022 - 2022) -> Worcester Warriors (2023 - 2023) -> Sharks (2023 - 2026)
Jurenzo JULIUS,Jurenzo JULIUS,CTB,Sharks,178,96,2004..,,,,,A,https://all.rugby/player/jurenzo-julius,Natal Sharks (2022 - 2024) -> Sharks (2024 - 2026),,,https://all.rugby/player/jurenzo-julius,Natal Sharks (2022 - 2024) -> Sharks (2024 - 2026)
Le Roux MALAN,Le Roux MALAN,CTB,Sharks,191,100,1999.03.31,,,,,A,https://all.rugby/player/le-roux-malan,Natal Sharks (2018 - 2019) -> New England Free Jacks (2021 - 2023) -> Hawke's Bay Magpies (2023 - 2023) -> New England Free Jacks (2024 - 2024) -> Hawke's Bay Magpies (2024 - 2024) -> New England Free Jacks (2024 - 2024) -> Hawke's Bay Magpies (2024 - 2024) -> New England Free Jacks (2025 - 2025) -> Hawke's Bay Magpies (2025 - 2025) -> Sharks (2025 - 2026),,,https://all.rugby/player/le-roux-malan,Natal Sharks (2018 - 2019) -> New England Free Jacks (2021 - 2023) -> Hawke's Bay Magpies (2023 - 2023) -> New England Free Jacks (2024 - 2024) -> Hawke's Bay Magpies (2024 - 2024) -> New England Free Jacks (2024 - 2024) -> Hawke's Bay Magpies (2024 - 2024) -> New England Free Jacks (2025 - 2025) -> Hawke's Bay Magpies (2025 - 2025) -> Sharks (2025 - 2026)
Litelihle BESTER,Litelihle BESTER,CTB,Sharks,187,92,2004..,,,,,A,https://all.rugby/player/litelihle-bester,Natal Sharks (2022 - 2024) -> Sharks (2024 - 2026),,,https://all.rugby/player/litelihle-bester,Natal Sharks (2022 - 2024) -> Sharks (2024 - 2026)
Chijindu OKONTA,Chijindu OKONTA,Winger,Sharks,188,80,2005..,,,,,A,https://all.rugby/player/chijindu-okonta,Natal Sharks (2024 - 2025) -> Sharks (2025 - 2026),,,https://all.rugby/player/chijindu-okonta,Natal Sharks (2024 - 2025) -> Sharks (2025 - 2026)
Christie GROBBELAAR,Christie GROBBELAAR,Winger,Sharks,192,95,2000.05.25,,,,,A,https://all.rugby/player/christie-grobbelaar,AF. SUD 7's (2020 - 2024) -> Natal Sharks (2024 - 2025) -> Sharks (2025 - 2026),,,https://all.rugby/player/christie-grobbelaar,AF. SUD 7's (2020 - 2024) -> Natal Sharks (2024 - 2025) -> Sharks (2025 - 2026)
Edwill VAN DER MERWE,Edwill VAN DER MERWE,Winger,Sharks,181,90,1996.04.12,,,,,A,https://all.rugby/player/edwill-van-der-merwe,Stormers (2018 - 2021) -> Lions Rugby (2021 - 2021) -> Stormers (2022 - 2022) -> Lions Rugby (2022 - 2025) -> Sharks (2025 - 2026),,,https://all.rugby/player/edwill-van-der-merwe,Stormers (2018 - 2021) -> Lions Rugby (2021 - 2021) -> Stormers (2022 - 2022) -> Lions Rugby (2022 - 2025) -> Sharks (2025 - 2026)
Ethan HOOKER,Ethan HOOKER,Winger,Sharks,193,100,2003.01.20,,,,,A,https://all.rugby/player/ethan-hooker,Sharks (2022 - 2026),,,https://all.rugby/player/ethan-hooker,Sharks (2022 - 2026)
Makazole MAPIMPI,Makazole MAPIMPI,Winger,Sharks,184,92,1990.07.26,,,,,A,https://all.rugby/player/makazole-mapimpi,Southern Kings (2016 - 2017) -> Central Cheetahs (2017 - 2017) -> Sharks (2017 - 2017) -> Central Cheetahs (2018 - 2018) -> Sharks (2018 - 2020) -> Red Hurricanes Osaka (2020 - 2020) -> Sharks (2020 - 2020) -> Red Hurricanes Osaka (2021 - 2021) -> Sharks (2021 - 2026),South Africa,South Africa,https://all.rugby/player/makazole-mapimpi,Southern Kings (2016 - 2017) -> Central Cheetahs (2017 - 2017) -> Sharks (2017 - 2017) -> Central Cheetahs (2018 - 2018) -> Sharks (2018 - 2020) -> Red Hurricanes Osaka (2020 - 2020) -> Sharks (2020 - 2020) -> Red Hurricanes Osaka (2021 - 2021) -> Sharks (2021 - 2026)
Marnus POTGIETER,Marnus POTGIETER,Winger,Sharks,188,106,1999.06.20,,,,,A,https://all.rugby/player/marnus-potgieter,Blue Bulls (2018 - 2019) -> Bulls (2019 - 2021) -> Sharks (2021 - 2026),,,https://all.rugby/player/marnus-potgieter,Blue Bulls (2018 - 2019) -> Bulls (2019 - 2021) -> Sharks (2021 - 2026)
Phiko SOBAHLE,Phiko SOBAHLE,Winger,Sharks,191,93,1996.07.28,,,,,A,https://all.rugby/player/phiko-sobahle,Natal Sharks (2024 - 2025) -> Sharks (2025 - 2026),,,https://all.rugby/player/phiko-sobahle,Natal Sharks (2024 - 2025) -> Sharks (2025 - 2026)
Yaw PENXE,Yaw PENXE,Winger,Sharks,183,93,1997.04.03,,,,,A,https://all.rugby/player/yaw-penxe,Southern Kings (2016 - 2020) -> Sharks (2020 - 2026),,,https://all.rugby/player/yaw-penxe,Southern Kings (2016 - 2020) -> Sharks (2020 - 2026)
Aphelele FASSI,Aphelele FASSI,FB,Sharks,190,94,1998.01.23,,,,,A,https://all.rugby/player/aphelele-fassi,Sharks (2018 - 2026),,,https://all.rugby/player/aphelele-fassi,Sharks (2018 - 2026)
Hakeem KUNENE,Hakeem KUNENE,FB,Sharks,183,90,2003.02.03,,,,,A,https://all.rugby/player/hakeem-kunene,Natal Sharks (2022 - 2024) -> Sharks (2024 - 2026),,,https://all.rugby/player/hakeem-kunene,Natal Sharks (2022 - 2024) -> Sharks (2024 - 2026)
Jaco WILLIAMS,Jaco WILLIAMS,FB,Sharks,175,73,2005..,,,,,A,https://all.rugby/player/jaco-williams,Natal Sharks (2023 - 2024) -> Sharks (2024 - 2026),,,https://all.rugby/player/jaco-williams,Natal Sharks (2023 - 2024) -> Sharks (2024 - 2026)
Rambo KUBHEKA,Rambo KUBHEKA,PR,Sharks,181,125,2006..,,,,,A,https://all.rugby/player/rambo-kubheka,Natal Sharks (2024 - 2025) -> Sharks (2025 - 2026),,,https://all.rugby/player/rambo-kubheka,Natal Sharks (2024 - 2025) -> Sharks (2025 - 2026)
Chris COLEMAN,Chris COLEMAN,PR,Dragons,189,130,1998.08.31,,,,,A,https://all.rugby/player/chris-coleman,Dragons RFC (2017 - 2026),,,https://all.rugby/player/chris-coleman,Dragons RFC (2017 - 2026)
Dillon LEWIS,Dillon LEWIS,PR,Dragons,185,125,1996.01.04,,,,,A,https://all.rugby/player/dillon-lewis,Cardiff Rugby (2015 - 2023) -> Harlequins (2023 - 2025) -> Dragons RFC (2025 - 2026),Wales,Wales,https://all.rugby/player/dillon-lewis,Cardiff Rugby (2015 - 2023) -> Harlequins (2023 - 2025) -> Dragons RFC (2025 - 2026)
Dylan KELLEHER-GRIFFITHS,Dylan KELLEHER-GRIFFITHS,PR,Dragons,180,116,2003.06.28,,,,,A,https://all.rugby/player/dylan-kelleher-griffiths,Dragons RFC (2022 - 2026),,,https://all.rugby/player/dylan-kelleher-griffiths,Dragons RFC (2022 - 2026)
Luke YENDLE,Luke YENDLE,PR,Dragons,185,120,2000.06.27,,,,,A,https://all.rugby/player/luke-yendle,Dragons RFC (2018 - 2021) -> Jersey Reds (2021 - 2021) -> Dragons RFC (2022 - 2022) -> Jersey Reds (2022 - 2022) -> Dragons RFC (2022 - 2023) -> Ampthill Rugby (2023 - 2023) -> Dragons RFC (2023 - 2023) -> Ampthill Rugby (2024 - 2024) -> Dragons RFC (2024 - 2025) -> Harlequins (2025 - 2025) -> Dragons RFC (2026 - 2026) -> Harlequins (2026 - 2026),,,https://all.rugby/player/luke-yendle,Dragons RFC (2018 - 2021) -> Jersey Reds (2021 - 2021) -> Dragons RFC (2022 - 2022) -> Jersey Reds (2022 - 2022) -> Dragons RFC (2022 - 2023) -> Ampthill Rugby (2023 - 2023) -> Dragons RFC (2023 - 2023) -> Ampthill Rugby (2024 - 2024) -> Dragons RFC (2024 - 2025) -> Harlequins (2025 - 2025) -> Dragons RFC (2026 - 2026) -> Harlequins (2026 - 2026)
Rhodri JONES,Rhodri JONES,PR,Dragons,191,120,1991.12.23,,,,,A,https://all.rugby/player/rhodri-jones,Scarlets (2013 - 2016) -> Ospreys (2016 - 2022) -> Dragons RFC (2022 - 2026),Wales,Wales,https://all.rugby/player/rhodri-jones,Scarlets (2013 - 2016) -> Ospreys (2016 - 2022) -> Dragons RFC (2022 - 2026)
Robert HUNT,Robert HUNT,PR,Dragons,185,124,1996.08.16,,,,,A,https://all.rugby/player/robert-hunt,Leopards (2016 - 2019) -> Bulls (2021 - 2024) -> Central Cheetahs (2024 - 2025) -> Dragons RFC (2025 - 2026),,,https://all.rugby/player/robert-hunt,Leopards (2016 - 2019) -> Bulls (2021 - 2024) -> Central Cheetahs (2024 - 2025) -> Dragons RFC (2025 - 2026)
Rodrigo MARTINEZ,Rodrigo MARTINEZ,PR,Dragons,188,120,1998.07.07,,,,,A,https://all.rugby/player/rodrigo-martinez,Dogos XV (2019 - 2020) -> Yacare XV (2020 - 2021) -> Wasps (2021 - 2023) -> Dragons RFC (2023 - 2026),,,https://all.rugby/player/rodrigo-martinez,Dogos XV (2019 - 2020) -> Yacare XV (2020 - 2021) -> Wasps (2021 - 2023) -> Dragons RFC (2023 - 2026)
Wyn JONES,Wyn JONES,PR,Dragons,184,114,1992.02.26,,,,,A,https://all.rugby/player/wyn-jones,Scarlets (2014 - 2024) -> Harlequins (2024 - 2025) -> Dragons RFC (2025 - 2026),Wales,Wales,https://all.rugby/player/wyn-jones,Scarlets (2014 - 2024) -> Harlequins (2024 - 2025) -> Dragons RFC (2025 - 2026)
Brodie COGHLAN,Brodie COGHLAN,HO,Dragons,183,112,2000.12.21,,,,,A,https://all.rugby/player/brodie-coghlan,Dragons RFC (2021 - 2026),,,https://all.rugby/player/brodie-coghlan,Dragons RFC (2021 - 2026)
Elliot DEE,Elliot DEE,HO,Dragons,186,106,1994.03.07,,,,,A,https://all.rugby/player/elliot-dee,Dragons RFC (2013 - 2026),Wales,Wales,https://all.rugby/player/elliot-dee,Dragons RFC (2013 - 2026)
George ROBERTS,George ROBERTS,HO,Dragons,183,105,1997.12.24,,,,,A,https://all.rugby/player/george-roberts,RGC 1404 (2019 - 2020) -> Doncaster Knights (2020 - 2025) -> Dragons RFC (2025 - 2025) -> Doncaster Knights (2026 - 2026) -> Dragons RFC (2026 - 2026),,,https://all.rugby/player/george-roberts,RGC 1404 (2019 - 2020) -> Doncaster Knights (2020 - 2025) -> Dragons RFC (2025 - 2025) -> Doncaster Knights (2026 - 2026) -> Dragons RFC (2026 - 2026)
James BENJAMIN,James BENJAMIN,HO,Dragons,183,100,1994.02.21,,,,,A,https://all.rugby/player/james-benjamin,Dragons RFC (2014 - 2021) -> Cornish Pirates (2021 - 2021) -> Dragons RFC (2021 - 2021) -> Cornish Pirates (2022 - 2022) -> Dragons RFC (2022 - 2022) -> Hartpury RFC (2022 - 2022) -> Dragons RFC (2023 - 2023) -> Hartpury RFC (2023 - 2023) -> Dragons RFC (2023 - 2026),,,https://all.rugby/player/james-benjamin,Dragons RFC (2014 - 2021) -> Cornish Pirates (2021 - 2021) -> Dragons RFC (2021 - 2021) -> Cornish Pirates (2022 - 2022) -> Dragons RFC (2022 - 2022) -> Hartpury RFC (2022 - 2022) -> Dragons RFC (2023 - 2023) -> Hartpury RFC (2023 - 2023) -> Dragons RFC (2023 - 2026)
Oli BURROWS,Oli BURROWS,HO,Dragons,188,110,2002.05.16,,,,,A,https://all.rugby/player/oli-burrows,Exeter Chiefs (2020 - 2023) -> Cornish Pirates (2023 - 2023) -> Exeter Chiefs (2023 - 2023) -> Cornish Pirates (2024 - 2024) -> Exeter Chiefs (2024 - 2024) -> Dragons RFC (2024 - 2026),,,https://all.rugby/player/oli-burrows,Exeter Chiefs (2020 - 2023) -> Cornish Pirates (2023 - 2023) -> Exeter Chiefs (2023 - 2023) -> Cornish Pirates (2024 - 2024) -> Exeter Chiefs (2024 - 2024) -> Dragons RFC (2024 - 2026)
Sam SCARFE,Sam SCARFE,HO,Dragons,180,101,2003.08.23,,,,,A,https://all.rugby/player/sam-scarfe,Dragons RFC (2022 - 2023) -> Gloucester Rugby (2023 - 2023) -> Dragons RFC (2023 - 2023) -> Gloucester Rugby (2024 - 2024) -> Dragons RFC (2024 - 2026),,,https://all.rugby/player/sam-scarfe,Dragons RFC (2022 - 2023) -> Gloucester Rugby (2023 - 2023) -> Dragons RFC (2023 - 2023) -> Gloucester Rugby (2024 - 2024) -> Dragons RFC (2024 - 2026)
Barny LANGTON,Barny LANGTON,LO,Dragons,195,117,2001.01.26,,,,,A,https://all.rugby/player/barny-langton,Cardiff Met RFC (2022 - 2023) -> Dragons RFC (2023 - 2025) -> Harlequins (2025 - 2025) -> Dragons RFC (2026 - 2026) -> Harlequins (2026 - 2026),,,https://all.rugby/player/barny-langton,Cardiff Met RFC (2022 - 2023) -> Dragons RFC (2023 - 2025) -> Harlequins (2025 - 2025) -> Dragons RFC (2026 - 2026) -> Harlequins (2026 - 2026)
Ben CARTER,Ben CARTER,LO,Dragons,198,122,2001.01.23,,,,,A,https://all.rugby/player/ben-carter,Dragons RFC (2018 - 2026),,,https://all.rugby/player/ben-carter,Dragons RFC (2018 - 2026)
Levi DOUGLAS,Levi DOUGLAS,LO,Dragons,196,125,1995.09.01,,,,,A,https://all.rugby/player/levi-douglas,Bath Rugby (2015 - 2019) -> Wasps (2019 - 2019) -> Bath Rugby (2020 - 2020) -> Wasps (2020 - 2020) -> Rugby Club Toulonnais (2020 - 2020) -> Wasps (2021 - 2021) -> Rugby Club Toulonnais (2021 - 2021) -> FC Grenoble Rugby (2021 - 2023) -> Urayasu D-Rocks (2023 - 2024) -> Biarritz Olympique Pays Basque (2024 - 2025) -> Dragons RFC (2025 - 2026),,,https://all.rugby/player/levi-douglas,Bath Rugby (2015 - 2019) -> Wasps (2019 - 2019) -> Bath Rugby (2020 - 2020) -> Wasps (2020 - 2020) -> Rugby Club Toulonnais (2020 - 2020) -> Wasps (2021 - 2021) -> Rugby Club Toulonnais (2021 - 2021) -> FC Grenoble Rugby (2021 - 2023) -> Urayasu D-Rocks (2023 - 2024) -> Biarritz Olympique Pays Basque (2024 - 2025) -> Dragons RFC (2025 - 2026)
Matthew SCREECH,Matthew SCREECH,LO,Dragons,196,116,1992.10.24,,,,,A,https://all.rugby/player/matthew-screech,Dragons RFC (2013 - 2021) -> Cardiff Rugby (2021 - 2022) -> Dragons RFC (2022 - 2022) -> Cardiff Rugby (2023 - 2023) -> Dragons RFC (2023 - 2026),,,https://all.rugby/player/matthew-screech,Dragons RFC (2013 - 2021) -> Cardiff Rugby (2021 - 2022) -> Dragons RFC (2022 - 2022) -> Cardiff Rugby (2023 - 2023) -> Dragons RFC (2023 - 2026)
Seb DAVIES,Seb DAVIES,LO,Dragons,202,119,1996.05.17,,,,,A,https://all.rugby/player/seb-davies,Cardiff Rugby (2016 - 2025) -> Dragons RFC (2025 - 2026),Wales,Wales,https://all.rugby/player/seb-davies,Cardiff Rugby (2016 - 2025) -> Dragons RFC (2025 - 2026)
Aaron WAINWRIGHT,Aaron WAINWRIGHT,Back row,Dragons,188,110,1997.09.25,,,,,A,https://all.rugby/player/aaron-wainwright,Dragons RFC (2017 - 2026),Wales,Wales,https://all.rugby/player/aaron-wainwright,Dragons RFC (2017 - 2026)
Harri KEDDIE,Harri KEDDIE,Back row,Dragons,188,110,1996.07.10,,,,,A,https://all.rugby/player/harrison-keddie,Dragons RFC (2015 - 2026),,,https://all.rugby/player/harrison-keddie,Dragons RFC (2015 - 2026)
Mackenzie MARTIN,Mackenzie MARTIN,Back row,Dragons,196,116,2003.10.26,,,,,A,https://all.rugby/player/mackenzie-martin,Cardiff Rugby (2021 - 2025) -> Dragons RFC (2025 - 2026),,,https://all.rugby/player/mackenzie-martin,Cardiff Rugby (2021 - 2025) -> Dragons RFC (2025 - 2026)
Ryan WOODMAN,Ryan WOODMAN,Back row,Dragons,196,107,2004.02.02,,,,,A,https://all.rugby/player/ryan-woodman,Dragons RFC (2020 - 2026),,,https://all.rugby/player/ryan-woodman,Dragons RFC (2020 - 2026)
Shane LEWIS-HUGHES,Shane LEWIS-HUGHES,Back row,Dragons,196,115,1997.09.20,,,,,A,https://all.rugby/player/shane-lewis-hughes,Cardiff Rugby (2016 - 2024) -> Dragons RFC (2024 - 2026),Wales,Wales,https://all.rugby/player/shane-lewis-hughes,Cardiff Rugby (2016 - 2024) -> Dragons RFC (2024 - 2026)
Tom YOUNG,Tom YOUNG,Back row,Dragons,181,104,1992.05.18,,,,,A,https://all.rugby/player/tom-young,Gloucester Rugby (2013 - 2013) -> Cardiff Rugby (2013 - 2013) -> Gloucester Rugby (2014 - 2014) -> Cardiff Rugby (2014 - 2014) -> Wasps (2014 - 2022) -> Cardiff Rugby (2022 - 2025) -> Dragons RFC (2025 - 2026),Wales,Wales,https://all.rugby/player/tom-young,Gloucester Rugby (2013 - 2013) -> Cardiff Rugby (2013 - 2013) -> Gloucester Rugby (2014 - 2014) -> Cardiff Rugby (2014 - 2014) -> Wasps (2014 - 2022) -> Cardiff Rugby (2022 - 2025) -> Dragons RFC (2025 - 2026)
Che HOPE,Che HOPE,SH,Dragons,178,76,2003.01.10,,,,,A,https://all.rugby/player/che-hope,Dragons RFC (2020 - 2026),,,https://all.rugby/player/che-hope,Dragons RFC (2020 - 2026)
Morgan LLOYD,Morgan LLOYD,SH,Dragons,175,84,2002.10.08,,,,,A,https://all.rugby/player/morgan-lloyd,Dragons RFC (2021 - 2022) -> Hartpury RFC (2022 - 2022) -> Dragons RFC (2023 - 2023) -> Hartpury RFC (2023 - 2023) -> Dragons RFC (2023 - 2026),,,https://all.rugby/player/morgan-lloyd,Dragons RFC (2021 - 2022) -> Hartpury RFC (2022 - 2022) -> Dragons RFC (2023 - 2023) -> Hartpury RFC (2023 - 2023) -> Dragons RFC (2023 - 2026)
Niall ARMSTRONG,Niall ARMSTRONG,SH,Dragons,182,85,1999.08.19,,,,,A,https://all.rugby/player/niall-armstrong,Exeter University RFC (2021 - 2023) -> Exeter Chiefs (2023 - 2025) -> Dragons RFC (2025 - 2026),,,https://all.rugby/player/niall-armstrong,Exeter University RFC (2021 - 2023) -> Exeter Chiefs (2023 - 2025) -> Dragons RFC (2025 - 2026)
Rhodri WILLIAMS,Rhodri WILLIAMS,SH,Dragons,179,81,1993.05.05,,,,,A,https://all.rugby/player/rhodri-williams,Scarlets (2013 - 2016) -> Bristol Bears (2016 - 2017) -> Dragons RFC (2018 - 2026),Wales,Wales,https://all.rugby/player/rhodri-williams,Scarlets (2013 - 2016) -> Bristol Bears (2016 - 2017) -> Dragons RFC (2018 - 2026)
Angus O'BRIEN,Angus O'BRIEN,SO,Dragons,180,89,1994.09.17,,,,,A,https://all.rugby/player/angus-o-brien,Dragons RFC (2014 - 2018) -> Scarlets (2018 - 2022) -> Dragons RFC (2022 - 2026),,,https://all.rugby/player/angus-o-brien,Dragons RFC (2014 - 2018) -> Scarlets (2018 - 2022) -> Dragons RFC (2022 - 2026)
Cai EVANS,Cai EVANS,SO,Dragons,185,84,1999.06.23,,,,,A,https://all.rugby/player/cai-evans,Ospreys (2017 - 2023) -> Dragons RFC (2023 - 2026),Wales,Wales,https://all.rugby/player/cai-evans,Ospreys (2017 - 2023) -> Dragons RFC (2023 - 2026)
Jac LLOYD,Jac LLOYD,SO,Dragons,174,81,2002.09.28,,,,,A,https://all.rugby/player/jac-lloyd,Bristol Bears (2019 - 2022) -> Hartpury RFC (2022 - 2022) -> Sydney University Football Club (2022 - 2022) -> Bristol Bears (2023 - 2023) -> Hartpury RFC (2023 - 2023) -> Sydney University Football Club (2023 - 2023) -> Newport RFC (2023 - 2025) -> Dragons RFC (2025 - 2026),,,https://all.rugby/player/jac-lloyd,Bristol Bears (2019 - 2022) -> Hartpury RFC (2022 - 2022) -> Sydney University Football Club (2022 - 2022) -> Bristol Bears (2023 - 2023) -> Hartpury RFC (2023 - 2023) -> Sydney University Football Club (2023 - 2023) -> Newport RFC (2023 - 2025) -> Dragons RFC (2025 - 2026)
Tinus DE BEER,Tinus DE BEER,SO,Dragons,176,90,1996.01.24,,,,,A,https://all.rugby/player/tinus-de-beer,Bulls (2016 - 2017) -> Griquas (2019 - 2021) -> Pumas (2021 - 2023) -> Cardiff Rugby (2023 - 2025) -> Dragons RFC (2025 - 2026),,,https://all.rugby/player/tinus-de-beer,Bulls (2016 - 2017) -> Griquas (2019 - 2021) -> Pumas (2021 - 2023) -> Cardiff Rugby (2023 - 2025) -> Dragons RFC (2025 - 2026)
Aneurin OWEN,Aneurin OWEN,CTB,Dragons,180,89,2000.10.19,,,,,A,https://all.rugby/player/aneurin-owen,Dragons RFC (2018 - 2026),,,https://all.rugby/player/aneurin-owen,Dragons RFC (2018 - 2026)
Fetuli PAEA,Fetuli PAEA,CTB,Dragons,190,104,1994.08.16,,,,,A,https://all.rugby/player/fetuli-moe-ata-paea,Tasman Mako (2018 - 2019) -> Crusaders (2019 - 2019) -> Tasman Mako (2019 - 2019) -> Crusaders (2020 - 2020) -> Tasman Mako (2020 - 2020) -> Highlanders (2020 - 2020) -> Tasman Mako (2020 - 2020) -> Highlanders (2021 - 2021) -> Tasman Mako (2021 - 2021) -> Highlanders (2021 - 2021) -> Tasman Mako (2021 - 2021) -> Highlanders (2022 - 2022) -> Tasman Mako (2022 - 2022) -> Highlanders (2022 - 2023) -> Zebre Parma (2023 - 2025) -> Dragons RFC (2025 - 2026),Tonga,Tonga,https://all.rugby/player/fetuli-moe-ata-paea,Tasman Mako (2018 - 2019) -> Crusaders (2019 - 2019) -> Tasman Mako (2019 - 2019) -> Crusaders (2020 - 2020) -> Tasman Mako (2020 - 2020) -> Highlanders (2020 - 2020) -> Tasman Mako (2020 - 2020) -> Highlanders (2021 - 2021) -> Tasman Mako (2021 - 2021) -> Highlanders (2021 - 2021) -> Tasman Mako (2021 - 2021) -> Highlanders (2022 - 2022) -> Tasman Mako (2022 - 2022) -> Highlanders (2022 - 2023) -> Zebre Parma (2023 - 2025) -> Dragons RFC (2025 - 2026)
Harri ACKERMAN,Harri ACKERMAN,CTB,Dragons,185,93,2004..,,,,,A,https://all.rugby/player/harri-ackerman,Dragons RFC (2022 - 2026),,,https://all.rugby/player/harri-ackerman,Dragons RFC (2022 - 2026)
Joe WESTWOOD,Joe WESTWOOD,CTB,Dragons,193,106,2003.07.10,,,,,A,https://all.rugby/player/joe-westwood,Dragons RFC (2020 - 2026),,,https://all.rugby/player/joe-westwood,Dragons RFC (2020 - 2026)
Ewan ROSSER,Ewan ROSSER,Winger,Dragons,182,88,2000.12.16,,,,,A,https://all.rugby/player/ewan-rosser,Dragons RFC (2019 - 2026),,,https://all.rugby/player/ewan-rosser,Dragons RFC (2019 - 2026)
Fine INISI,Fine INISI,Winger,Dragons,187,98,1998.05.19,,,,,A,https://all.rugby/player/fine-inisi,North Harbour (2018 - 2021) -> Moana Pasifika (2021 - 2021) -> North Harbour (2021 - 2021) -> Moana Pasifika (2022 - 2022) -> North Harbour (2022 - 2022) -> Moana Pasifika (2022 - 2023) -> North Harbour (2023 - 2023) -> Moana Pasifika (2024 - 2024) -> North Harbour (2024 - 2024) -> Moana Pasifika (2024 - 2025) -> Dragons RFC (2025 - 2026),,,https://all.rugby/player/fine-inisi,North Harbour (2018 - 2021) -> Moana Pasifika (2021 - 2021) -> North Harbour (2021 - 2021) -> Moana Pasifika (2022 - 2022) -> North Harbour (2022 - 2022) -> Moana Pasifika (2022 - 2023) -> North Harbour (2023 - 2023) -> Moana Pasifika (2024 - 2024) -> North Harbour (2024 - 2024) -> Moana Pasifika (2024 - 2025) -> Dragons RFC (2025 - 2026)
Jared ROSSER,Jared ROSSER,Winger,Dragons,183,99,1997.12.31,,,,,A,https://all.rugby/player/jared-rosser,Dragons RFC (2017 - 2026),,,https://all.rugby/player/jared-rosser,Dragons RFC (2017 - 2026)
Rio DYER,Rio DYER,Winger,Dragons,185,84,1999.12.21,,,,,A,https://all.rugby/player/rio-dyer,Dragons RFC (2017 - 2026),Wales,Wales,https://all.rugby/player/rio-dyer,Dragons RFC (2017 - 2026)
David RICHARDS,David RICHARDS,FB,Dragons,182,93,1999.07.30,,,,,A,https://all.rugby/player/david-richards,Dragons RFC (2018 - 2024) -> Newport RFC (2024 - 2025) -> Dragons RFC (2025 - 2026),,,https://all.rugby/player/david-richards,Dragons RFC (2018 - 2024) -> Newport RFC (2024 - 2025) -> Dragons RFC (2025 - 2026)
Huw ANDERSON,Huw ANDERSON,FB,Dragons,178,85,2004..,,,,,A,https://all.rugby/player/huw-anderson,Dragons RFC (2022 - 2026),,,https://all.rugby/player/huw-anderson,Dragons RFC (2022 - 2026)
Codi PURNELL,Codi PURNELL,PR,Dragons,190,140,,,,,,A,https://all.rugby/player/codi-purnell,Bath Rugby (2024 - 2025) -> Dragons RFC (2025 - 2026),,,https://all.rugby/player/codi-purnell,Bath Rugby (2024 - 2025) -> Dragons RFC (2025 - 2026)
George TUCKLEY,George TUCKLEY,PR,Dragons,183,114,2006..,,,,,A,https://all.rugby/player/george-tuckley,Dragons RFC (2023 - 2026),,,https://all.rugby/player/george-tuckley,Dragons RFC (2023 - 2026)
Jordan MORRIS,Jordan MORRIS,PR,Dragons,185,109,2004.02.22,,,,,A,https://all.rugby/player/jordan-morris,Dragons RFC (2023 - 2026),,,https://all.rugby/player/jordan-morris,Dragons RFC (2023 - 2026)
Owain JAMES,Owain JAMES,PR,Dragons,188,125,2005..,,,,,A,https://all.rugby/player/owain-james-18238,Cardiff Rugby (2023 - 2024) -> Dragons RFC (2024 - 2026),,,https://all.rugby/player/owain-james-18238,Cardiff Rugby (2023 - 2024) -> Dragons RFC (2024 - 2026)
James TALAMAI,James TALAMAI,HO,Dragons,185,108,2007..,,,,,A,https://all.rugby/player/james-talamai,Saracens (2024 - 2025) -> Dragons RFC (2025 - 2026),,,https://all.rugby/player/james-talamai,Saracens (2024 - 2025) -> Dragons RFC (2025 - 2026)
Nick THOMAS,Nick THOMAS,LO,Dragons,198,113,2005..,,,,,A,https://all.rugby/player/nick-thomas,Dragons RFC (2023 - 2026),,,https://all.rugby/player/nick-thomas,Dragons RFC (2023 - 2026)
Cerrig SMITH,Cerrig SMITH,Back row,Dragons,188,113,,,,,,A,https://all.rugby/player/cerrig-smith,Dragons RFC (2025 - 2026),,,https://all.rugby/player/cerrig-smith,Dragons RFC (2025 - 2026)
Evan MINTO,Evan MINTO,Back row,Dragons,186,102,2006..,,,,,A,https://all.rugby/player/evan-minto,Dragons RFC (2024 - 2024) -> Hartpury RFC (2024 - 2024) -> Dragons RFC (2025 - 2025) -> Hartpury RFC (2025 - 2025) -> Dragons RFC (2025 - 2026),,,https://all.rugby/player/evan-minto,Dragons RFC (2024 - 2024) -> Hartpury RFC (2024 - 2024) -> Dragons RFC (2025 - 2025) -> Hartpury RFC (2025 - 2025) -> Dragons RFC (2025 - 2026)
Harry BEDDALL,Harry BEDDALL,Back row,Dragons,178,94,2005..,,,,,A,https://all.rugby/player/harry-beddall,Leicester Tigers (2022 - 2023) -> Hartpury RFC (2023 - 2023) -> Leicester Tigers (2023 - 2023) -> Hartpury RFC (2024 - 2024) -> Leicester Tigers (2024 - 2024) -> Hartpury RFC (2024 - 2024) -> Leicester Tigers (2025 - 2025) -> Hartpury RFC (2025 - 2025) -> Dragons RFC (2025 - 2026),,,https://all.rugby/player/harry-beddall,Leicester Tigers (2022 - 2023) -> Hartpury RFC (2023 - 2023) -> Leicester Tigers (2023 - 2023) -> Hartpury RFC (2024 - 2024) -> Leicester Tigers (2024 - 2024) -> Hartpury RFC (2024 - 2024) -> Leicester Tigers (2025 - 2025) -> Hartpury RFC (2025 - 2025) -> Dragons RFC (2025 - 2026)
Luke DANIEL,Luke DANIEL,Back row,Dragons,186,88,,,,,,A,https://all.rugby/player/luke-daniel,Dragons RFC (2025 - 2026),,,https://all.rugby/player/luke-daniel,Dragons RFC (2025 - 2026)
Owen CONQUER,Owen CONQUER,Back row,Dragons,191,114,2004..,,,,,A,https://all.rugby/player/owen-conquer,Ebbw Vale RFC (2023 - 2024) -> Dragons RFC (2024 - 2026),,,https://all.rugby/player/owen-conquer,Ebbw Vale RFC (2023 - 2024) -> Dragons RFC (2024 - 2026)
Ryan JONES,Ryan JONES,Back row,Dragons,182,93,2006..,,,,,A,https://all.rugby/player/ryan-jones-2006,Dragons RFC (2024 - 2026),,,https://all.rugby/player/ryan-jones-2006,Dragons RFC (2024 - 2026)
Carter PRITCHARD,Carter PRITCHARD,SH,Dragons,173,74,2007..,,,,,A,https://all.rugby/player/carter-pritchard,Dragons RFC (2025 - 2026),,,https://all.rugby/player/carter-pritchard,Dragons RFC (2025 - 2026)
Logan FRANKLIN,Logan FRANKLIN,SH,Dragons,178,81,2005..,,,,,A,https://all.rugby/player/logan-franklin,Dragons RFC (2024 - 2026),,,https://all.rugby/player/logan-franklin,Dragons RFC (2024 - 2026)
Harri FORD,Harri FORD,SO,Dragons,180,74,2005..,,,,,A,https://all.rugby/player/harri-ford,RGC 1404 (2023 - 2024) -> Dragons RFC (2024 - 2026),,,https://all.rugby/player/harri-ford,RGC 1404 (2023 - 2024) -> Dragons RFC (2024 - 2026)
Morgan CARTER,Morgan CARTER,CTB,Dragons,,,2004.01.08,,,,,A,https://all.rugby/player/morgan-carter,Dragons RFC (2025 - 2026),,,https://all.rugby/player/morgan-carter,Dragons RFC (2025 - 2026)
Harry REES-WELDON,Harry REES-WELDON,Winger,Dragons,186,100,2005..,,,,,A,https://all.rugby/player/harry-rees-weldon,Dragons RFC (2023 - 2026),,,https://all.rugby/player/harry-rees-weldon,Dragons RFC (2023 - 2026)
Oli WOODMAN,Oli WOODMAN,FB,Dragons,188,98,2005..,,,,,A,https://all.rugby/player/oli-woodman,Dragons RFC (2023 - 2026),,,https://all.rugby/player/oli-woodman,Dragons RFC (2023 - 2026)
Alulutho TSHAKWENI,Alulutho TSHAKWENI,PR,Bulls,183,113,1998.09.26,,,,,A,https://all.rugby/player/alulutho-tshakweni,Southern Kings (2018 - 2020) -> Free State Cheetahs (2020 - 2022) -> Central Cheetahs (2022 - 2024) -> Bulls (2024 - 2026),,,https://all.rugby/player/alulutho-tshakweni,Southern Kings (2018 - 2020) -> Free State Cheetahs (2020 - 2022) -> Central Cheetahs (2022 - 2024) -> Bulls (2024 - 2026)
Etienne JANEKE,Etienne JANEKE,PR,Bulls,193,134,1998.11.17,,,,,A,https://all.rugby/player/etienne-janeke,Pumas (2020 - 2025) -> Bulls (2025 - 2026),,,https://all.rugby/player/etienne-janeke,Pumas (2020 - 2025) -> Bulls (2025 - 2026)
François KLOPPER,François KLOPPER,PR,Bulls,189,130,1999.09.07,,,,,A,https://all.rugby/player/francois-klopper,Natal Sharks (2018 - 2019) -> Blue Bulls (2020 - 2022) -> Bulls (2022 - 2026),,,https://all.rugby/player/francois-klopper,Natal Sharks (2018 - 2019) -> Blue Bulls (2020 - 2022) -> Bulls (2022 - 2026)
Gerhard STEENEKAMP,Gerhard STEENEKAMP,PR,Bulls,191,128,1997.04.09,,,,,A,https://all.rugby/player/gerhard-steenekamp,Tuks Rugby Club (2018 - 2019) -> Bulls (2019 - 2026),,,https://all.rugby/player/gerhard-steenekamp,Tuks Rugby Club (2018 - 2019) -> Bulls (2019 - 2026)
Jean ERASMUS,Jean ERASMUS,PR,Bulls,180,105,2005..,,,,,A,https://all.rugby/player/jean-erasmus,Blue Bulls (2024 - 2025) -> Bulls (2025 - 2026),,,https://all.rugby/player/jean-erasmus,Blue Bulls (2024 - 2025) -> Bulls (2025 - 2026)
Juann ELSE,Juann ELSE,PR,Bulls,182,105,2003.05.22,,,,,A,https://all.rugby/player/juann-jacques-else,Blue Bulls (2021 - 2024) -> Bulls (2024 - 2026),,,https://all.rugby/player/juann-jacques-else,Blue Bulls (2021 - 2024) -> Bulls (2024 - 2026)
Khutha MCHUNU,Khutha MCHUNU,PR,Bulls,183,120,1997.07.01,,,,,A,https://all.rugby/player/khutha-mchunu,Sharks (2018 - 2019) -> Central Cheetahs (2019 - 2019) -> Sharks (2020 - 2020) -> Central Cheetahs (2020 - 2020) -> Sharks (2020 - 2023) -> Bulls (2023 - 2024) -> Mitsubishi Sagamihara Dynaboars (2024 - 2024) -> Bulls (2025 - 2025) -> Mitsubishi Sagamihara Dynaboars (2025 - 2025) -> Bulls (2025 - 2026),,,https://all.rugby/player/khutha-mchunu,Sharks (2018 - 2019) -> Central Cheetahs (2019 - 2019) -> Sharks (2020 - 2020) -> Central Cheetahs (2020 - 2020) -> Sharks (2020 - 2023) -> Bulls (2023 - 2024) -> Mitsubishi Sagamihara Dynaboars (2024 - 2024) -> Bulls (2025 - 2025) -> Mitsubishi Sagamihara Dynaboars (2025 - 2025) -> Bulls (2025 - 2026)
Mornay SMITH,Mornay SMITH,PR,Bulls,181,119,1998.01.30,,,,,A,https://all.rugby/player/morne-smith,Bulls (2017 - 2026),,,https://all.rugby/player/morne-smith,Bulls (2017 - 2026)
Ruan SWART,Ruan SWART,PR,Bulls,180,120,2004..,,,,,A,https://all.rugby/player/ruan-swart,Blue Bulls (2023 - 2025) -> Bulls (2025 - 2026),,,https://all.rugby/player/ruan-swart,Blue Bulls (2023 - 2025) -> Bulls (2025 - 2026)
Sti SITHOLE,Sti SITHOLE,PR,Bulls,180,115,1993.03.31,,,,,A,https://all.rugby/player/sithembiso-sithole,Stormers (2013 - 2014) -> Southern Kings (2015 - 2016) -> Lions Rugby (2016 - 2023) -> Stormers (2023 - 2025) -> Bulls (2025 - 2026),,,https://all.rugby/player/sithembiso-sithole,Stormers (2013 - 2014) -> Southern Kings (2015 - 2016) -> Lions Rugby (2016 - 2023) -> Stormers (2023 - 2025) -> Bulls (2025 - 2026)
Wilco LOUW,Wilco LOUW,PR,Bulls,185,144,1994.07.20,,,,,A,https://all.rugby/player/wilco-louw,Stormers (2014 - 2019) -> Rugby Club Toulonnais (2019 - 2019) -> Harlequins (2019 - 2019) -> Stormers (2020 - 2020) -> Rugby Club Toulonnais (2020 - 2020) -> Harlequins (2020 - 2023) -> Bulls (2023 - 2026),South Africa,South Africa,https://all.rugby/player/wilco-louw,Stormers (2014 - 2019) -> Rugby Club Toulonnais (2019 - 2019) -> Harlequins (2019 - 2019) -> Stormers (2020 - 2020) -> Rugby Club Toulonnais (2020 - 2020) -> Harlequins (2020 - 2023) -> Bulls (2023 - 2026)
Akker VAN DER MERWE,Akker VAN DER MERWE,HO,Bulls,178,108,1991.06.17,,,,,A,https://all.rugby/player/armand--van-der-merwe,Lions Rugby (2013 - 2015) -> Racing 92 (2015 - 2015) -> Lions Rugby (2015 - 2015) -> Racing 92 (2016 - 2016) -> Lions Rugby (2016 - 2017) -> Sharks (2017 - 2019) -> Sale Sharks (2019 - 2023) -> Bulls (2023 - 2026),South Africa,South Africa,https://all.rugby/player/armand--van-der-merwe,Lions Rugby (2013 - 2015) -> Racing 92 (2015 - 2015) -> Lions Rugby (2015 - 2015) -> Racing 92 (2016 - 2016) -> Lions Rugby (2016 - 2017) -> Sharks (2017 - 2019) -> Sale Sharks (2019 - 2023) -> Bulls (2023 - 2026)
Jan-Hendrik WESSELS,Jan-Hendrik WESSELS,HO,Bulls,188,121,2001.05.08,,,,,A,https://all.rugby/player/jan-hendrik-wessels,Grey College (2018 - 2019) -> ASM Clermont Auvergne (2019 - 2020) -> Bulls (2020 - 2026),,,https://all.rugby/player/jan-hendrik-wessels,Grey College (2018 - 2019) -> ASM Clermont Auvergne (2019 - 2020) -> Bulls (2020 - 2026)
Johan GROBBELAAR,Johan GROBBELAAR,HO,Bulls,183,105,1997.12.30,,,,,A,https://all.rugby/player/johan-grobbelaar,Bulls (2017 - 2026),,,https://all.rugby/player/johan-grobbelaar,Bulls (2017 - 2026)
Siphosethu MNEBELELE,Siphosethu MNEBELELE,HO,Bulls,183,111,2006..,,,,,A,https://all.rugby/player/siphosethu-mnebelele,Blue Bulls (2024 - 2025) -> Bulls (2025 - 2026),,,https://all.rugby/player/siphosethu-mnebelele,Blue Bulls (2024 - 2025) -> Bulls (2025 - 2026)
Cobus WIESE,Cobus WIESE,LO,Bulls,199,125,1997.06.02,,,,,A,https://all.rugby/player/cobus-wiese,Stormers (2016 - 2019) -> Sale Sharks (2019 - 2019) -> Stormers (2020 - 2020) -> Sale Sharks (2020 - 2024) -> Bulls (2024 - 2026),,,https://all.rugby/player/cobus-wiese,Stormers (2016 - 2019) -> Sale Sharks (2019 - 2019) -> Stormers (2020 - 2020) -> Sale Sharks (2020 - 2024) -> Bulls (2024 - 2026)
JF VAN HEERDEN,JF VAN HEERDEN,LO,Bulls,200,122,2004..,,,,,A,https://all.rugby/player/jf-van-heerden,Blue Bulls (2022 - 2023) -> Bulls (2023 - 2026),,,https://all.rugby/player/jf-van-heerden,Blue Bulls (2022 - 2023) -> Bulls (2023 - 2026)
Reinhardt LUDWIG,Reinhardt LUDWIG,LO,Bulls,198,110,2002.08.27,,,,,A,https://all.rugby/player/reinhardt-ludwig,Blue Bulls (2020 - 2021) -> Bulls (2021 - 2026),,,https://all.rugby/player/reinhardt-ludwig,Blue Bulls (2020 - 2021) -> Bulls (2021 - 2026)
Ruan NORTJÉ,Ruan NORTJÉ,LO,Bulls,200,113,1998.07.25,,,,,A,https://all.rugby/player/ruan-nortje,Bulls (2017 - 2018) -> Blue Bulls (2018 - 2019) -> Bulls (2019 - 2026),South Africa,South Africa,https://all.rugby/player/ruan-nortje,Bulls (2017 - 2018) -> Blue Bulls (2018 - 2019) -> Bulls (2019 - 2026)
Ruan VERMAAK,Ruan VERMAAK,LO,Bulls,200,120,1998.05.01,,,,,A,https://all.rugby/player/ruan-vermaak,Lions Rugby (2018 - 2020) -> Red Hurricanes Osaka (2020 - 2022) -> Bulls (2022 - 2026),,,https://all.rugby/player/ruan-vermaak,Lions Rugby (2018 - 2020) -> Red Hurricanes Osaka (2020 - 2022) -> Bulls (2022 - 2026)
Sintu MANJEZI,Sintu MANJEZI,LO,Bulls,198,118,1995.04.07,,,,,A,https://all.rugby/player/sintu-manjezi,Southern Kings (2015 - 2016) -> Central Cheetahs (2018 - 2019) -> Bulls (2019 - 2019) -> Central Cheetahs (2020 - 2020) -> Bulls (2020 - 2022) -> Glasgow Warriors (2022 - 2024) -> Bulls (2024 - 2026),,,https://all.rugby/player/sintu-manjezi,Southern Kings (2015 - 2016) -> Central Cheetahs (2018 - 2019) -> Bulls (2019 - 2019) -> Central Cheetahs (2020 - 2020) -> Bulls (2020 - 2022) -> Glasgow Warriors (2022 - 2024) -> Bulls (2024 - 2026)
Cameron HANEKOM,Cameron HANEKOM,Back row,Bulls,193,110,2002.05.10,,,,,A,https://all.rugby/player/cameron-hanekom,Blue Bulls (2021 - 2022) -> Bulls (2022 - 2026),South Africa,South Africa,https://all.rugby/player/cameron-hanekom,Blue Bulls (2021 - 2022) -> Bulls (2022 - 2026)
Elrigh LOUW,Elrigh LOUW,Back row,Bulls,195,112,1999.09.20,,,,,A,https://all.rugby/player/elrigh-louw,Southern Kings (2019 - 2019) -> Bulls (2019 - 2019) -> Southern Kings (2020 - 2020) -> Bulls (2020 - 2026),South Africa,South Africa,https://all.rugby/player/elrigh-louw,Southern Kings (2019 - 2019) -> Bulls (2019 - 2019) -> Southern Kings (2020 - 2020) -> Bulls (2020 - 2026)
Jaco GROBBELAAR,Jaco GROBBELAAR,Back row,Bulls,198,109,2005..,,,,,A,https://all.rugby/player/jaco-grobbelaar,Blue Bulls (2023 - 2024) -> Bulls (2024 - 2026),,,https://all.rugby/player/jaco-grobbelaar,Blue Bulls (2023 - 2024) -> Bulls (2024 - 2026)
Jannes KIRSTEN,Jannes KIRSTEN,Back row,Bulls,197,117,1993.12.01,,,,,A,https://all.rugby/player/jannes-kirsten,Bulls (2015 - 2019) -> Exeter Chiefs (2019 - 2023) -> Bulls (2023 - 2026),,,https://all.rugby/player/jannes-kirsten,Bulls (2015 - 2019) -> Exeter Chiefs (2019 - 2023) -> Bulls (2023 - 2026)
Jeandré RUDOLPH,Jeandré RUDOLPH,Back row,Bulls,186,108,1994.05.09,,,,,A,https://all.rugby/player/jeandre-rudolph,Pumas (2018 - 2019) -> Bulls (2019 - 2019) -> Pumas (2020 - 2020) -> Bulls (2020 - 2020) -> Free State Cheetahs (2020 - 2022) -> Central Cheetahs (2022 - 2023) -> Ospreys (2023 - 2023) -> Central Cheetahs (2024 - 2024) -> Ospreys (2024 - 2024) -> Central Cheetahs (2024 - 2025) -> Bulls (2025 - 2026),,,https://all.rugby/player/jeandre-rudolph,Pumas (2018 - 2019) -> Bulls (2019 - 2019) -> Pumas (2020 - 2020) -> Bulls (2020 - 2020) -> Free State Cheetahs (2020 - 2022) -> Central Cheetahs (2022 - 2023) -> Ospreys (2023 - 2023) -> Central Cheetahs (2024 - 2024) -> Ospreys (2024 - 2024) -> Central Cheetahs (2024 - 2025) -> Bulls (2025 - 2026)
JJ THERON,JJ THERON,Back row,Bulls,198,108,2005..,,,,,A,https://all.rugby/player/jj-theron,Blue Bulls (2024 - 2025) -> Bulls (2025 - 2026),,,https://all.rugby/player/jj-theron,Blue Bulls (2024 - 2025) -> Bulls (2025 - 2026)
Marcell COETZEE,Marcell COETZEE,Back row,Bulls,191,118,1991.05.08,,,,,A,https://all.rugby/player/marcell-coetzee,Sharks (2013 - 2016) -> Ulster Rugby (2016 - 2020) -> Bulls (2020 - 2020) -> Ulster Rugby (2021 - 2021) -> Bulls (2021 - 2022) -> Kobelco Kobe Steelers (2022 - 2022) -> Bulls (2023 - 2023) -> Kobelco Kobe Steelers (2023 - 2023) -> Bulls (2023 - 2026),South Africa,South Africa,https://all.rugby/player/marcell-coetzee,Sharks (2013 - 2016) -> Ulster Rugby (2016 - 2020) -> Bulls (2020 - 2020) -> Ulster Rugby (2021 - 2021) -> Bulls (2021 - 2022) -> Kobelco Kobe Steelers (2022 - 2022) -> Bulls (2023 - 2023) -> Kobelco Kobe Steelers (2023 - 2023) -> Bulls (2023 - 2026)
Marco VAN STADEN,Marco VAN STADEN,Back row,Bulls,184,112,1995.08.25,,,,,A,https://all.rugby/player/marco-van-staden,Bulls (2017 - 2021) -> Leicester Tigers (2021 - 2022) -> Bulls (2022 - 2026),South Africa,South Africa,https://all.rugby/player/marco-van-staden,Bulls (2017 - 2021) -> Leicester Tigers (2021 - 2022) -> Bulls (2022 - 2026)
Mpilo GUMEDE,Mpilo GUMEDE,Back row,Bulls,193,110,2000.07.08,,,,,A,https://all.rugby/player/celimpilo-gumede,Sharks (2019 - 2023) -> Bulls (2023 - 2026),,,https://all.rugby/player/celimpilo-gumede,Sharks (2019 - 2023) -> Bulls (2023 - 2026)
Nama XABA,Nama XABA,Back row,Bulls,185,103,1997.07.26,,,,,A,https://all.rugby/player/nama-xaba,Stormers (2018 - 2024) -> Bulls (2024 - 2026),,,https://all.rugby/player/nama-xaba,Stormers (2018 - 2024) -> Bulls (2024 - 2026)
Nicolaas JANSE VAN RENSBURG,Nicolaas JANSE VAN RENSBURG,Back row,Bulls,200,116,1994.05.06,,,,,A,https://all.rugby/player/nicolaas-janse-van-rensburg,Bulls (2013 - 2016) -> Montpellier Hérault Rugby (2016 - 2025) -> Bulls (2025 - 2026),South Africa,South Africa,https://all.rugby/player/nicolaas-janse-van-rensburg,Bulls (2013 - 2016) -> Montpellier Hérault Rugby (2016 - 2025) -> Bulls (2025 - 2026)
Nizaam CARR,Nizaam CARR,Back row,Bulls,178,106,1991.04.04,,,,,A,https://all.rugby/player/nizaam-carr,Stormers (2013 - 2017) -> Wasps (2017 - 2017) -> Stormers (2017 - 2017) -> Wasps (2018 - 2018) -> Stormers (2018 - 2018) -> Wasps (2018 - 2019) -> Bulls (2019 - 2019) -> Wasps (2020 - 2020) -> Bulls (2020 - 2021) -> Wasps (2021 - 2022) -> Bulls (2022 - 2022) -> Wasps (2023 - 2023) -> Bulls (2023 - 2026),South Africa,South Africa,https://all.rugby/player/nizaam-carr,Stormers (2013 - 2017) -> Wasps (2017 - 2017) -> Stormers (2017 - 2017) -> Wasps (2018 - 2018) -> Stormers (2018 - 2018) -> Wasps (2018 - 2019) -> Bulls (2019 - 2019) -> Wasps (2020 - 2020) -> Bulls (2020 - 2021) -> Wasps (2021 - 2022) -> Bulls (2022 - 2022) -> Wasps (2023 - 2023) -> Bulls (2023 - 2026)
Embrose PAPIER,Embrose PAPIER,SH,Bulls,171,80,1997.04.25,,,,,A,https://all.rugby/player/embrose-papier,Bulls (2017 - 2019) -> Sale Sharks (2019 - 2019) -> Bulls (2019 - 2019) -> Sale Sharks (2020 - 2020) -> Bulls (2020 - 2026),South Africa,South Africa,https://all.rugby/player/embrose-papier,Bulls (2017 - 2019) -> Sale Sharks (2019 - 2019) -> Bulls (2019 - 2019) -> Sale Sharks (2020 - 2020) -> Bulls (2020 - 2026)
Keagan JOHANNES,Keagan JOHANNES,SH,Bulls,178,77,1999.11.27,,,,,A,https://all.rugby/player/keagan-johannes,Bulls (2019 - 2026),,,https://all.rugby/player/keagan-johannes,Bulls (2019 - 2026)
Paul DE WET,Paul DE WET,SH,Bulls,176,83,1996.03.16,,,,,A,https://all.rugby/player/albertus-de-wet,Stormers (2017 - 2025) -> Bulls (2025 - 2026),,,https://all.rugby/player/albertus-de-wet,Stormers (2017 - 2025) -> Bulls (2025 - 2026)
Steven NEL,Steven NEL,SH,Bulls,178,78,2004..,,,,,A,https://all.rugby/player/steven-nel,Blue Bulls (2024 - 2025) -> Bulls (2025 - 2026),,,https://all.rugby/player/steven-nel,Blue Bulls (2024 - 2025) -> Bulls (2025 - 2026)
Zak BURGER,Zak BURGER,SH,Bulls,174,83,1998.08.20,,,,,A,https://all.rugby/player/zak-burger,Griquas (2019 - 2020) -> Bulls (2020 - 2026),,,https://all.rugby/player/zak-burger,Griquas (2019 - 2020) -> Bulls (2020 - 2026)
Handré POLLARD,Handré POLLARD,SO,Bulls,189,98,1994.03.11,,,,,A,https://all.rugby/player/handre-pollard,Bulls (2013 - 2019) -> Montpellier Hérault Rugby (2019 - 2022) -> Leicester Tigers (2022 - 2025) -> Bulls (2025 - 2026),South Africa,South Africa,https://all.rugby/player/handre-pollard,Bulls (2013 - 2019) -> Montpellier Hérault Rugby (2019 - 2022) -> Leicester Tigers (2022 - 2025) -> Bulls (2025 - 2026)
Johan GOOSEN,Johan GOOSEN,SO,Bulls,184,89,1992.07.27,,,,,A,https://all.rugby/player/johan-goosen,Free State Cheetahs (2011 - 2013) -> Central Cheetahs (2013 - 2013) -> Free State Cheetahs (2014 - 2014) -> Central Cheetahs (2014 - 2014) -> Racing 92 (2014 - 2017) -> Central Cheetahs (2017 - 2017) -> Racing 92 (2018 - 2018) -> Central Cheetahs (2018 - 2018) -> Montpellier Hérault Rugby (2018 - 2021) -> Bulls (2021 - 2026),South Africa,South Africa,https://all.rugby/player/johan-goosen,Free State Cheetahs (2011 - 2013) -> Central Cheetahs (2013 - 2013) -> Free State Cheetahs (2014 - 2014) -> Central Cheetahs (2014 - 2014) -> Racing 92 (2014 - 2017) -> Central Cheetahs (2017 - 2017) -> Racing 92 (2018 - 2018) -> Central Cheetahs (2018 - 2018) -> Montpellier Hérault Rugby (2018 - 2021) -> Bulls (2021 - 2026)
Kade WOLHUTER,Kade WOLHUTER,SO,Bulls,182,93,2001.06.28,,,,,A,https://all.rugby/player/kade-wolhuter,Paul Roos Gymnasium (2018 - 2019) -> Montpellier Hérault Rugby (2019 - 2020) -> Stormers (2020 - 2021) -> Western Province (2021 - 2022) -> Stormers (2022 - 2023) -> Lions Rugby (2023 - 2025) -> Bulls (2025 - 2026),,,https://all.rugby/player/kade-wolhuter,Paul Roos Gymnasium (2018 - 2019) -> Montpellier Hérault Rugby (2019 - 2020) -> Stormers (2020 - 2021) -> Western Province (2021 - 2022) -> Stormers (2022 - 2023) -> Lions Rugby (2023 - 2025) -> Bulls (2025 - 2026)
Chris SMIT,Chris SMIT,CTB,Bulls,182,93,1995.08.01,,,,,A,https://all.rugby/player/chris-smit,Griquas (2018 - 2019) -> Central Cheetahs (2019 - 2020) -> Free State Cheetahs (2020 - 2022) -> Blue Bulls (2022 - 2024) -> Bulls (2024 - 2026),,,https://all.rugby/player/chris-smit,Griquas (2018 - 2019) -> Central Cheetahs (2019 - 2020) -> Free State Cheetahs (2020 - 2022) -> Blue Bulls (2022 - 2024) -> Bulls (2024 - 2026)
Harold VORSTER,Harold VORSTER,CTB,Bulls,188,101,1993.10.11,,,,,A,https://all.rugby/player/harold-vorster,Lions Rugby (2014 - 2019) -> Saitama Wild Knights (2020 - 2021) -> Bulls (2021 - 2026),,,https://all.rugby/player/harold-vorster,Lions Rugby (2014 - 2019) -> Saitama Wild Knights (2020 - 2021) -> Bulls (2021 - 2026)
Jan SERFONTEIN,Jan SERFONTEIN,CTB,Bulls,187,97,1993.04.15,,,,,A,https://all.rugby/player/jan-serfontein,Bulls (2012 - 2017) -> Montpellier Hérault Rugby (2017 - 2025) -> Bulls (2025 - 2026),South Africa,South Africa,https://all.rugby/player/jan-serfontein,Bulls (2012 - 2017) -> Montpellier Hérault Rugby (2017 - 2025) -> Bulls (2025 - 2026)
Katlego LETEBELE,Katlego LETEBELE,CTB,Bulls,187,92,2003.11.18,,,,,A,https://all.rugby/player/katlego-letebele,Blue Bulls (2021 - 2024) -> Bulls (2024 - 2026),,,https://all.rugby/player/katlego-letebele,Blue Bulls (2021 - 2024) -> Bulls (2024 - 2026)
PA VAN NIEKERK,PA VAN NIEKERK,CTB,Bulls,182,94,2004..,,,,,A,https://all.rugby/player/philip-albert-van-niekerk,Blue Bulls (2023 - 2025) -> Bulls (2025 - 2026),,,https://all.rugby/player/philip-albert-van-niekerk,Blue Bulls (2023 - 2025) -> Bulls (2025 - 2026)
Stedman GANS,Stedman GANS,CTB,Bulls,180,99,1997.03.19,,,,,A,https://all.rugby/player/stedman-gans,Bulls (2019 - 2026),,,https://all.rugby/player/stedman-gans,Bulls (2019 - 2026)
Canan MOODIE,Canan MOODIE,Winger,Bulls,191,94,2002.11.05,,,,,A,https://all.rugby/player/canan-moodie,Bulls (2021 - 2026),,,https://all.rugby/player/canan-moodie,Bulls (2021 - 2026)
Cheswill JOOSTE,Cheswill JOOSTE,Winger,Bulls,175,75,2006..,,,,,A,https://all.rugby/player/cheswill-jooste,Blue Bulls (2024 - 2025) -> Bulls (2025 - 2026),,,https://all.rugby/player/cheswill-jooste,Blue Bulls (2024 - 2025) -> Bulls (2025 - 2026)
Kurt-Lee ARENDSE,Kurt-Lee ARENDSE,Winger,Bulls,176,82,1996.06.17,,,,,A,https://all.rugby/player/kurt-lee-arendse,Bulls (2019 - 2024) -> Mitsubishi Sagamihara Dynaboars (2024 - 2024) -> Bulls (2025 - 2025) -> Mitsubishi Sagamihara Dynaboars (2025 - 2025) -> Bulls (2025 - 2026),South Africa,South Africa,https://all.rugby/player/kurt-lee-arendse,Bulls (2019 - 2024) -> Mitsubishi Sagamihara Dynaboars (2024 - 2024) -> Bulls (2025 - 2025) -> Mitsubishi Sagamihara Dynaboars (2025 - 2025) -> Bulls (2025 - 2026)
Sebastian DE KLERK,Sebastian DE KLERK,Winger,Bulls,180,91,2000.04.05,,,,,A,https://all.rugby/player/sebastian-de-klerk,Pumas (2020 - 2023) -> Bulls (2023 - 2026),,,https://all.rugby/player/sebastian-de-klerk,Pumas (2020 - 2023) -> Bulls (2023 - 2026)
Sergeal PETERSEN,Sergeal PETERSEN,Winger,Bulls,173,86,1994.08.01,,,,,A,https://all.rugby/player/sergeal-petersen,Central Cheetahs (2014 - 2018) -> Stormers (2018 - 2022) -> Shimizu Koto Blue Sharks (2022 - 2023) -> Bulls (2023 - 2026),,,https://all.rugby/player/sergeal-petersen,Central Cheetahs (2014 - 2018) -> Stormers (2018 - 2022) -> Shimizu Koto Blue Sharks (2022 - 2023) -> Bulls (2023 - 2026)
Stravino JACOBS,Stravino JACOBS,Winger,Bulls,180,103,2000.02.21,,,,,A,https://all.rugby/player/stravino-jacobs,Bulls (2020 - 2026),,,https://all.rugby/player/stravino-jacobs,Bulls (2020 - 2026)
David KRIEL,David KRIEL,FB,Bulls,195,102,1999.02.15,,,,,A,https://all.rugby/player/david-kriel,Western Province (2018 - 2019) -> Stormers (2019 - 2019) -> Bulls (2019 - 2019) -> Stormers (2020 - 2020) -> Bulls (2020 - 2026),,,https://all.rugby/player/david-kriel,Western Province (2018 - 2019) -> Stormers (2019 - 2019) -> Bulls (2019 - 2019) -> Stormers (2020 - 2020) -> Bulls (2020 - 2026)
Devon WILLIAMS,Devon WILLIAMS,FB,Bulls,175,79,1992.04.16,,,,,A,https://all.rugby/player/devon-williams,Western Province (2012 - 2013) -> Stormers (2013 - 2013) -> Western Province (2013 - 2013) -> Stormers (2014 - 2014) -> Western Province (2014 - 2015) -> Pumas (2015 - 2023) -> Bulls (2023 - 2026),,,https://all.rugby/player/devon-williams,Western Province (2012 - 2013) -> Stormers (2013 - 2013) -> Western Province (2013 - 2013) -> Stormers (2014 - 2014) -> Western Province (2014 - 2015) -> Pumas (2015 - 2023) -> Bulls (2023 - 2026)
Henry IMMELMAN,Henry IMMELMAN,FB,Bulls,190,103,1995.05.26,,,,,A,https://all.rugby/player/henry-immelman,Free State Cheetahs (2015 - 2016) -> Montpellier Hérault Rugby (2016 - 2021) -> Edimbourg Rugby (2021 - 2023) -> Bulls (2023 - 2024) -> Sharks (2024 - 2024) -> Bulls (2025 - 2025) -> Sharks (2025 - 2025) -> Bulls (2025 - 2026),,,https://all.rugby/player/henry-immelman,Free State Cheetahs (2015 - 2016) -> Montpellier Hérault Rugby (2016 - 2021) -> Edimbourg Rugby (2021 - 2023) -> Bulls (2023 - 2024) -> Sharks (2024 - 2024) -> Bulls (2025 - 2025) -> Sharks (2025 - 2025) -> Bulls (2025 - 2026)
Willie LE ROUX,Willie LE ROUX,FB,Bulls,184,92,1989.08.18,,,,,A,https://all.rugby/player/willie-le-roux,Central Cheetahs (2013 - 2015) -> Sharks (2015 - 2016) -> Wasps (2016 - 2019) -> Toyota Verblitz (2019 - 2023) -> Bulls (2023 - 2026),South Africa,South Africa,https://all.rugby/player/willie-le-roux,Central Cheetahs (2013 - 2015) -> Sharks (2015 - 2016) -> Wasps (2016 - 2019) -> Toyota Verblitz (2019 - 2023) -> Bulls (2023 - 2026)
Destiny AMINU,Destiny AMINU,PR,Trévise,185,122,2003.10.19,,,,,A,https://all.rugby/player/destiny-aminu,Mogliano Veneto Rugby (2021 - 2022) -> Benetton Rugby Trévise (2022 - 2026),,,https://all.rugby/player/destiny-aminu,Mogliano Veneto Rugby (2021 - 2022) -> Benetton Rugby Trévise (2022 - 2026)
Giosué ZILOCCHI,Giosué ZILOCCHI,PR,Trévise,189,115,1997.01.15,,,,,A,https://all.rugby/player/giosue-zilocchi,Zebre Parma (2018 - 2022) -> London Irish (2022 - 2023) -> Benetton Rugby Trévise (2023 - 2026),Italy,Italy,https://all.rugby/player/giosue-zilocchi,Zebre Parma (2018 - 2022) -> London Irish (2022 - 2023) -> Benetton Rugby Trévise (2023 - 2026)
Ivan NEMER,Ivan NEMER,PR,Trévise,180,117,1998.04.22,,,,,A,https://all.rugby/player/ivan-nemer,Rugby Casale (2019 - 2019) -> Benetton Rugby Trévise (2019 - 2019) -> Rugby Casale (2020 - 2020) -> Benetton Rugby Trévise (2020 - 2026),Argentina,Argentina,https://all.rugby/player/ivan-nemer,Rugby Casale (2019 - 2019) -> Benetton Rugby Trévise (2019 - 2019) -> Rugby Casale (2020 - 2020) -> Benetton Rugby Trévise (2020 - 2026)
Marcos GALLORINI,Marcos GALLORINI,PR,Trévise,190,135,2004..,,,,,A,https://all.rugby/player/marcos-gallorini,Unione Rugby Capitolina (2022 - 2023) -> Benetton Rugby Trévise (2023 - 2025) -> Zebre Parma (2025 - 2025) -> Benetton Rugby Trévise (2026 - 2026) -> Zebre Parma (2026 - 2026),,,https://all.rugby/player/marcos-gallorini,Unione Rugby Capitolina (2022 - 2023) -> Benetton Rugby Trévise (2023 - 2025) -> Zebre Parma (2025 - 2025) -> Benetton Rugby Trévise (2026 - 2026) -> Zebre Parma (2026 - 2026)
Mirco SPAGNOLO,Mirco SPAGNOLO,PR,Trévise,186,110,2001.01.02,,,,,A,https://all.rugby/player/mirco-spagnolo,Petrarca Rugby (2022 - 2023) -> Benetton Rugby Trévise (2023 - 2026),,,https://all.rugby/player/mirco-spagnolo,Petrarca Rugby (2022 - 2023) -> Benetton Rugby Trévise (2023 - 2026)
Nahuel TETAZ CHAPARRO,Nahuel TETAZ CHAPARRO,PR,Trévise,188,121,1989.11.06,,,,,A,https://all.rugby/player/nahuel-tetaz-chaparro,Dragons RFC (2013 - 2014) -> Lyon Olympique Universitaire Rugby (2014 - 2015) -> Jaguares (2015 - 2020) -> Bristol Bears (2020 - 2021) -> Benetton Rugby Trévise (2021 - 2026),Argentina,Argentina,https://all.rugby/player/nahuel-tetaz-chaparro,Dragons RFC (2013 - 2014) -> Lyon Olympique Universitaire Rugby (2014 - 2015) -> Jaguares (2015 - 2020) -> Bristol Bears (2020 - 2021) -> Benetton Rugby Trévise (2021 - 2026)
Simone FERRARI,Simone FERRARI,PR,Trévise,186,120,1994.03.28,,,,,A,https://all.rugby/player/simone-ferrari,Mogliano Veneto Rugby (2013 - 2014) -> Benetton Rugby Trévise (2015 - 2026),Italy,Italy,https://all.rugby/player/simone-ferrari,Mogliano Veneto Rugby (2013 - 2014) -> Benetton Rugby Trévise (2015 - 2026)
Thomas GALLO,Thomas GALLO,PR,Trévise,177,107,1999.04.30,,,,,A,https://all.rugby/player/thomas-gallo,Yacare XV (2019 - 2020) -> Benetton Rugby Trévise (2020 - 2026),Argentina,Argentina,https://all.rugby/player/thomas-gallo,Yacare XV (2019 - 2020) -> Benetton Rugby Trévise (2020 - 2026)
Tiziano PASQUALI,Tiziano PASQUALI,PR,Trévise,185,118,1994.07.14,,,,,A,https://all.rugby/player/tiziano-pasquali,Leicester Tigers (2013 - 2016) -> Benetton Rugby Trévise (2016 - 2026),Italy,Italy,https://all.rugby/player/tiziano-pasquali,Leicester Tigers (2013 - 2016) -> Benetton Rugby Trévise (2016 - 2026)
Bautista BERNASCONI,Bautista BERNASCONI,HO,Trévise,175,114,2001.09.14,,,,,A,https://all.rugby/player/bautista-bernasconi,Jaguares XV (2020 - 2022) -> Benetton Rugby Trévise (2022 - 2026),Argentina,Argentina,https://all.rugby/player/bautista-bernasconi,Jaguares XV (2020 - 2022) -> Benetton Rugby Trévise (2022 - 2026)
Nicholas GASPERINI,Nicholas GASPERINI,HO,Trévise,185,120,2004.01.09,,,,,A,https://all.rugby/player/nicholas-gasperini,Stade Français Paris Rugby (2022 - 2023) -> Zebre Parma (2023 - 2024) -> Mogliano Veneto Rugby (2024 - 2025) -> Benetton Rugby Trévise (2025 - 2026),,,https://all.rugby/player/nicholas-gasperini,Stade Français Paris Rugby (2022 - 2023) -> Zebre Parma (2023 - 2024) -> Mogliano Veneto Rugby (2024 - 2025) -> Benetton Rugby Trévise (2025 - 2026)
Siua MAILE,Siua MAILE,HO,Trévise,181,113,1997.02.18,,,,,A,https://all.rugby/player/siua-maile,Manawatu Turbos (2019 - 2021) -> Hurricanes (2021 - 2021) -> Manawatu Turbos (2021 - 2021) -> Hurricanes (2022 - 2022) -> Manawatu Turbos (2022 - 2022) -> Benetton Rugby Trévise (2022 - 2026),Tonga,Tonga,https://all.rugby/player/siua-maile,Manawatu Turbos (2019 - 2021) -> Hurricanes (2021 - 2021) -> Manawatu Turbos (2021 - 2021) -> Hurricanes (2022 - 2022) -> Manawatu Turbos (2022 - 2022) -> Benetton Rugby Trévise (2022 - 2026)
Eli SNYMAN,Eli SNYMAN,LO,Trévise,200,119,1996.01.25,,,,,A,https://all.rugby/player/eli-snyman,Bulls (2018 - 2019) -> Benetton Rugby Trévise (2019 - 2021) -> Leicester Tigers (2021 - 2023) -> Benetton Rugby Trévise (2023 - 2026),,,https://all.rugby/player/eli-snyman,Bulls (2018 - 2019) -> Benetton Rugby Trévise (2019 - 2021) -> Leicester Tigers (2021 - 2023) -> Benetton Rugby Trévise (2023 - 2026)
Federico RUZZA,Federico RUZZA,LO,Trévise,198,110,1994.08.04,,,,,A,https://all.rugby/player/federico-ruzza,Zebre Parma (2014 - 2017) -> Benetton Rugby Trévise (2017 - 2026),Italy,Italy,https://all.rugby/player/federico-ruzza,Zebre Parma (2014 - 2017) -> Benetton Rugby Trévise (2017 - 2026)
Jadin KINGI,Jadin KINGI,LO,Trévise,198,108,2002.08.19,,,,,A,https://all.rugby/player/jadin-kingi,Counties Manukau Steelers (2021 - 2023) -> Mogliano Veneto Rugby (2023 - 2023) -> Counties Manukau Steelers (2023 - 2023) -> Mogliano Veneto Rugby (2024 - 2024) -> Counties Manukau Steelers (2024 - 2024) -> Benetton Rugby Trévise (2024 - 2024) -> Mogliano Veneto Rugby (2024 - 2024) -> Benetton Rugby Trévise (2025 - 2025) -> Mogliano Veneto Rugby (2025 - 2025) -> Benetton Rugby Trévise (2025 - 2026),,,https://all.rugby/player/jadin-kingi,Counties Manukau Steelers (2021 - 2023) -> Mogliano Veneto Rugby (2023 - 2023) -> Counties Manukau Steelers (2023 - 2023) -> Mogliano Veneto Rugby (2024 - 2024) -> Counties Manukau Steelers (2024 - 2024) -> Benetton Rugby Trévise (2024 - 2024) -> Mogliano Veneto Rugby (2024 - 2024) -> Benetton Rugby Trévise (2025 - 2025) -> Mogliano Veneto Rugby (2025 - 2025) -> Benetton Rugby Trévise (2025 - 2026)
Niccolò CANNONE,Niccolò CANNONE,LO,Trévise,197,121,1998.05.17,,,,,A,https://all.rugby/player/niccolo-cannone,Benetton Rugby Trévise (2018 - 2026),Italy,Italy,https://all.rugby/player/niccolo-cannone,Benetton Rugby Trévise (2018 - 2026)
Riccardo FAVRETTO,Riccardo FAVRETTO,LO,Trévise,200,108,2001.10.18,,,,,A,https://all.rugby/player/riccardo-favretto,Mogliano Veneto Rugby (2019 - 2019) -> Benetton Rugby Trévise (2019 - 2019) -> Mogliano Veneto Rugby (2020 - 2020) -> Benetton Rugby Trévise (2020 - 2026),Italy,Italy,https://all.rugby/player/riccardo-favretto,Mogliano Veneto Rugby (2019 - 2019) -> Benetton Rugby Trévise (2019 - 2019) -> Mogliano Veneto Rugby (2020 - 2020) -> Benetton Rugby Trévise (2020 - 2026)
Scott SCRAFTON,Scott SCRAFTON,LO,Trévise,200,120,1993.04.18,,,,,A,https://all.rugby/player/scott-scrafton,Blues (2015 - 2019) -> Hurricanes (2019 - 2019) -> Auckland (2019 - 2019) -> Hurricanes (2020 - 2020) -> Auckland (2020 - 2020) -> Hurricanes (2020 - 2020) -> Auckland (2020 - 2020) -> Hurricanes (2021 - 2021) -> Auckland (2021 - 2021) -> Hurricanes (2021 - 2022) -> Benetton Rugby Trévise (2022 - 2026),,,https://all.rugby/player/scott-scrafton,Blues (2015 - 2019) -> Hurricanes (2019 - 2019) -> Auckland (2019 - 2019) -> Hurricanes (2020 - 2020) -> Auckland (2020 - 2020) -> Hurricanes (2020 - 2020) -> Auckland (2020 - 2020) -> Hurricanes (2021 - 2021) -> Auckland (2021 - 2021) -> Hurricanes (2021 - 2022) -> Benetton Rugby Trévise (2022 - 2026)
Alessandro IZEKOR,Alessandro IZEKOR,Back row,Trévise,196,110,2000.03.05,,,,,A,https://all.rugby/player/alessandro-izekor,Rugby Calvisano (2019 - 2021) -> Benetton Rugby Trévise (2021 - 2021) -> Rugby Calvisano (2021 - 2021) -> Benetton Rugby Trévise (2022 - 2022) -> Rugby Calvisano (2022 - 2022) -> Benetton Rugby Trévise (2022 - 2026),,,https://all.rugby/player/alessandro-izekor,Rugby Calvisano (2019 - 2021) -> Benetton Rugby Trévise (2021 - 2021) -> Rugby Calvisano (2021 - 2021) -> Benetton Rugby Trévise (2022 - 2022) -> Rugby Calvisano (2022 - 2022) -> Benetton Rugby Trévise (2022 - 2026)
Giulio MARINI,Giulio MARINI,Back row,Trévise,195,105,2002.01.23,,,,,A,https://all.rugby/player/giulio-marini,Mogliano Veneto Rugby (2021 - 2024) -> Benetton Rugby Trévise (2024 - 2026),,,https://all.rugby/player/giulio-marini,Mogliano Veneto Rugby (2021 - 2024) -> Benetton Rugby Trévise (2024 - 2026)
Lorenzo CANNONE,Lorenzo CANNONE,Back row,Trévise,190,106,2001.01.28,,,,,A,https://all.rugby/player/lorenzo-cannone,Petrarca Rugby (2020 - 2021) -> Benetton Rugby Trévise (2021 - 2026),Italy,Italy,https://all.rugby/player/lorenzo-cannone,Petrarca Rugby (2020 - 2021) -> Benetton Rugby Trévise (2021 - 2026)
Manuel ZULIANI,Manuel ZULIANI,Back row,Trévise,188,111,2000.04.26,,,,,A,https://all.rugby/player/manuel-zuliani,Rugby Calvisano (2019 - 2019) -> Benetton Rugby Trévise (2019 - 2019) -> Rugby Calvisano (2020 - 2020) -> Benetton Rugby Trévise (2020 - 2026),Italy,Italy,https://all.rugby/player/manuel-zuliani,Rugby Calvisano (2019 - 2019) -> Benetton Rugby Trévise (2019 - 2019) -> Rugby Calvisano (2020 - 2020) -> Benetton Rugby Trévise (2020 - 2026)
Michele LAMARO,Michele LAMARO,Back row,Trévise,188,103,1998.06.03,,,,,A,https://all.rugby/player/michele-lamaro,Benetton Rugby Trévise (2018 - 2026),Italy,Italy,https://all.rugby/player/michele-lamaro,Benetton Rugby Trévise (2018 - 2026)
Seb NEGRI,Seb NEGRI,Back row,Trévise,194,111,1994.06.30,,,,,A,https://all.rugby/player/seb-negri,Benetton Rugby Trévise (2017 - 2026),Italy,Italy,https://all.rugby/player/seb-negri,Benetton Rugby Trévise (2017 - 2026)
So'otala FA'ASO'O,So'otala FA'ASO'O,Back row,Trévise,196,136,1994.10.02,,,,,A,https://all.rugby/player/so-otala-fa-aso-o,Counties Manukau Steelers (2015 - 2016) -> Racing 92 (2016 - 2018) -> CA Brive Corrèze Limousin (2018 - 2022) -> London Irish (2022 - 2023) -> Union Sportive Arlequins Perpignanais (2023 - 2025) -> Benetton Rugby Trévise (2025 - 2026),,,https://all.rugby/player/so-otala-fa-aso-o,Counties Manukau Steelers (2015 - 2016) -> Racing 92 (2016 - 2018) -> CA Brive Corrèze Limousin (2018 - 2022) -> London Irish (2022 - 2023) -> Union Sportive Arlequins Perpignanais (2023 - 2025) -> Benetton Rugby Trévise (2025 - 2026)
Alessandro GARBISI,Alessandro GARBISI,SH,Trévise,174,88,2002.04.11,,,,,A,https://all.rugby/player/alessandro-garbisi,Mogliano Veneto Rugby (2020 - 2021) -> Benetton Rugby Trévise (2021 - 2026),,,https://all.rugby/player/alessandro-garbisi,Mogliano Veneto Rugby (2020 - 2021) -> Benetton Rugby Trévise (2021 - 2026)
Andy UREN,Andy UREN,SH,Trévise,178,93,1996.02.20,,,,,A,https://all.rugby/player/andy-uren,Bristol Bears (2016 - 2023) -> Benetton Rugby Trévise (2023 - 2026),,,https://all.rugby/player/andy-uren,Bristol Bears (2016 - 2023) -> Benetton Rugby Trévise (2023 - 2026)
Cristiano TIZZANO,Cristiano TIZZANO,SH,Trévise,174,80,2003.08.07,,,,,A,https://all.rugby/player/cristiano-tizzano,Mogliano Veneto Rugby (2024 - 2025) -> Benetton Rugby Trévise (2025 - 2025) -> Mogliano Veneto Rugby (2025 - 2025) -> Benetton Rugby Trévise (2026 - 2026) -> Mogliano Veneto Rugby (2026 - 2026),,,https://all.rugby/player/cristiano-tizzano,Mogliano Veneto Rugby (2024 - 2025) -> Benetton Rugby Trévise (2025 - 2025) -> Mogliano Veneto Rugby (2025 - 2025) -> Benetton Rugby Trévise (2026 - 2026) -> Mogliano Veneto Rugby (2026 - 2026)
Jacob UMAGA,Jacob UMAGA,SO,Trévise,182,91,1998.07.08,,,,,A,https://all.rugby/player/jacob-umaga,Wasps (2017 - 2022) -> Benetton Rugby Trévise (2022 - 2022) -> Wasps (2023 - 2023) -> Benetton Rugby Trévise (2023 - 2026),,,https://all.rugby/player/jacob-umaga,Wasps (2017 - 2022) -> Benetton Rugby Trévise (2022 - 2022) -> Wasps (2023 - 2023) -> Benetton Rugby Trévise (2023 - 2026)
Leonardo MARIN,Leonardo MARIN,SO,Trévise,188,88,2002.02.23,,,,,A,https://all.rugby/player/leonardo-marin,Mogliano Veneto Rugby (2020 - 2021) -> Benetton Rugby Trévise (2021 - 2026),Italy,Italy,https://all.rugby/player/leonardo-marin,Mogliano Veneto Rugby (2020 - 2021) -> Benetton Rugby Trévise (2021 - 2026)
Nicolás ROGER FARIAS,Nicolás ROGER FARIAS,SO,Trévise,177,82,2000.01.11,,,,,A,https://all.rugby/player/nicolas-roger-farias,Cafeteros Pro (2020 - 2021) -> Club Atlético Peñarol (2021 - 2022) -> CUS Torino Rugby (2022 - 2023) -> Selknam (2023 - 2024) -> Tarucas (2024 - 2025) -> Benetton Rugby Trévise (2025 - 2026),Argentina,Argentina,https://all.rugby/player/nicolas-roger-farias,Cafeteros Pro (2020 - 2021) -> Club Atlético Peñarol (2021 - 2022) -> CUS Torino Rugby (2022 - 2023) -> Selknam (2023 - 2024) -> Tarucas (2024 - 2025) -> Benetton Rugby Trévise (2025 - 2026)
Federico ZANANDREA,Federico ZANANDREA,CTB,Trévise,190,103,2005..,,,,,A,https://all.rugby/player/federico-zanandrea,Mogliano Veneto Rugby (2023 - 2024) -> Benetton Rugby Trévise (2024 - 2024) -> Mogliano Veneto Rugby (2024 - 2024) -> Benetton Rugby Trévise (2025 - 2025) -> Mogliano Veneto Rugby (2025 - 2025) -> Benetton Rugby Trévise (2025 - 2026),,,https://all.rugby/player/federico-zanandrea,Mogliano Veneto Rugby (2023 - 2024) -> Benetton Rugby Trévise (2024 - 2024) -> Mogliano Veneto Rugby (2024 - 2024) -> Benetton Rugby Trévise (2025 - 2025) -> Mogliano Veneto Rugby (2025 - 2025) -> Benetton Rugby Trévise (2025 - 2026)
Filippo DRAGO,Filippo DRAGO,CTB,Trévise,186,96,2001.12.24,,,,,A,https://all.rugby/player/filippo-drago,Mogliano Veneto Rugby (2020 - 2021) -> Benetton Rugby Trévise (2021 - 2024) -> Zebre Parma (2024 - 2024) -> Benetton Rugby Trévise (2025 - 2025) -> Zebre Parma (2025 - 2025) -> Benetton Rugby Trévise (2025 - 2026),,,https://all.rugby/player/filippo-drago,Mogliano Veneto Rugby (2020 - 2021) -> Benetton Rugby Trévise (2021 - 2024) -> Zebre Parma (2024 - 2024) -> Benetton Rugby Trévise (2025 - 2025) -> Zebre Parma (2025 - 2025) -> Benetton Rugby Trévise (2025 - 2026)
Malakai FEKITOA,Malakai FEKITOA,CTB,Trévise,187,100,1992.05.10,,,,,A,https://all.rugby/player/malakai-fekitoa,Highlanders (2013 - 2017) -> Rugby Club Toulonnais (2017 - 2019) -> Wasps (2019 - 2022) -> Munster Rugby (2022 - 2023) -> Benetton Rugby Trévise (2023 - 2026),Tonga,Tonga,https://all.rugby/player/malakai-fekitoa,Highlanders (2013 - 2017) -> Rugby Club Toulonnais (2017 - 2019) -> Wasps (2019 - 2022) -> Munster Rugby (2022 - 2023) -> Benetton Rugby Trévise (2023 - 2026)
Tomás MEDINA,Tomás MEDINA,CTB,Trévise,176,94,2004..,,,,,A,https://all.rugby/player/tomas-medina,Cardenales RC (2023 - 2024) -> Tarucas (2024 - 2025) -> Benetton Rugby Trévise (2025 - 2026),,,https://all.rugby/player/tomas-medina,Cardenales RC (2023 - 2024) -> Tarucas (2024 - 2025) -> Benetton Rugby Trévise (2025 - 2026)
Tommaso MENONCELLO,Tommaso MENONCELLO,CTB,Trévise,187,101,2002.08.20,,,,,A,https://all.rugby/player/tommaso-menoncello,Benetton Rugby Trévise (2020 - 2026),Italy,Italy,https://all.rugby/player/tommaso-menoncello,Benetton Rugby Trévise (2020 - 2026)
Ignacio MENDY,Ignacio MENDY,Winger,Trévise,187,90,2000.06.29,,,,,A,https://all.rugby/player/ignacio-mendy,Jaguares (2018 - 2019) -> Los Tilos (2020 - 2021) -> Jaguares XV (2021 - 2021) -> Los Tilos (2021 - 2021) -> Jaguares XV (2022 - 2022) -> Los Tilos (2022 - 2022) -> Benetton Rugby Trévise (2022 - 2026),Argentina,Argentina,https://all.rugby/player/ignacio-mendy,Jaguares (2018 - 2019) -> Los Tilos (2020 - 2021) -> Jaguares XV (2021 - 2021) -> Los Tilos (2021 - 2021) -> Jaguares XV (2022 - 2022) -> Los Tilos (2022 - 2022) -> Benetton Rugby Trévise (2022 - 2026)
Louis LYNAGH,Louis LYNAGH,Winger,Trévise,187,96,2000.12.03,,,,,A,https://all.rugby/player/louis-lynagh,Harlequins (2019 - 2022) -> London Scottish (2022 - 2022) -> Harlequins (2023 - 2023) -> London Scottish (2023 - 2023) -> Harlequins (2023 - 2024) -> Benetton Rugby Trévise (2024 - 2026),Australia,Australia,https://all.rugby/player/louis-lynagh,Harlequins (2019 - 2022) -> London Scottish (2022 - 2022) -> Harlequins (2023 - 2023) -> London Scottish (2023 - 2023) -> Harlequins (2023 - 2024) -> Benetton Rugby Trévise (2024 - 2026)
Onisi RATAVE,Onisi RATAVE,Winger,Trévise,179,100,1992.06.06,,,,,A,https://all.rugby/player/onisi-ratave,Bay of Plenty Steamers (2020 - 2021) -> Fijian Drua (2021 - 2022) -> Benetton Rugby Trévise (2022 - 2026),,,https://all.rugby/player/onisi-ratave,Bay of Plenty Steamers (2020 - 2021) -> Fijian Drua (2021 - 2022) -> Benetton Rugby Trévise (2022 - 2026)
Paolo ODOGWU,Paolo ODOGWU,Winger,Trévise,175,100,1997.02.18,,,,,A,https://all.rugby/player/paulo-odogwu,Leicester Tigers (2015 - 2016) -> Sale Sharks (2016 - 2019) -> Wasps (2019 - 2022) -> Stade Français Paris Rugby (2022 - 2022) -> Wasps (2023 - 2023) -> Stade Français Paris Rugby (2023 - 2023) -> Benetton Rugby Trévise (2023 - 2026),England,England,https://all.rugby/player/paulo-odogwu,Leicester Tigers (2015 - 2016) -> Sale Sharks (2016 - 2019) -> Wasps (2019 - 2022) -> Stade Français Paris Rugby (2022 - 2022) -> Wasps (2023 - 2023) -> Stade Français Paris Rugby (2023 - 2023) -> Benetton Rugby Trévise (2023 - 2026)
Matt GALLAGHER,Matt GALLAGHER,FB,Trévise,185,96,1996.10.26,,,,,A,https://all.rugby/player/matt-gallagher,Saracens (2016 - 2019) -> Munster Rugby (2019 - 2019) -> Saracens (2020 - 2020) -> Munster Rugby (2020 - 2022) -> Bath Rugby (2022 - 2024) -> Benetton Rugby Trévise (2024 - 2026),,,https://all.rugby/player/matt-gallagher,Saracens (2016 - 2019) -> Munster Rugby (2019 - 2019) -> Saracens (2020 - 2020) -> Munster Rugby (2020 - 2022) -> Bath Rugby (2022 - 2024) -> Benetton Rugby Trévise (2024 - 2026)
Rhyno SMITH,Rhyno SMITH,FB,Trévise,173,83,1993.02.11,,,,,A,https://all.rugby/player/rhyno-smith,Sharks (2015 - 2017) -> Central Cheetahs (2018 - 2018) -> Sharks (2018 - 2018) -> Central Cheetahs (2019 - 2019) -> Sharks (2019 - 2019) -> Central Cheetahs (2019 - 2021) -> Benetton Rugby Trévise (2021 - 2026),,,https://all.rugby/player/rhyno-smith,Sharks (2015 - 2017) -> Central Cheetahs (2018 - 2018) -> Sharks (2018 - 2018) -> Central Cheetahs (2019 - 2019) -> Sharks (2019 - 2019) -> Central Cheetahs (2019 - 2021) -> Benetton Rugby Trévise (2021 - 2026)
Henry Tasesa VOLKMAN,Henry Tasesa VOLKMAN,LO,Trévise,200,125,,,,,,A,https://all.rugby/player/henry-tasesa-volkman,Canberra Royals (2024 - 2025) -> Benetton Rugby Trévise (2025 - 2026),,,https://all.rugby/player/henry-tasesa-volkman,Canberra Royals (2024 - 2025) -> Benetton Rugby Trévise (2025 - 2026)
Marco SPREAFICHI,Marco SPREAFICHI,LO,Trévise,196,102,2006..,,,,,A,https://all.rugby/player/marco-spreafichi,Benetton Rugby Trévise (2025 - 2026),,,https://all.rugby/player/marco-spreafichi,Benetton Rugby Trévise (2025 - 2026)
Nelson CASARTELLI,Nelson CASARTELLI,Back row,Trévise,182,100,2005..,,,,,A,https://all.rugby/player/nelson-casartelli,Benetton Rugby Trévise (2023 - 2024) -> Paese Rugby (2024 - 2025) -> Benetton Rugby Trévise (2025 - 2026),,,https://all.rugby/player/nelson-casartelli,Benetton Rugby Trévise (2023 - 2024) -> Paese Rugby (2024 - 2025) -> Benetton Rugby Trévise (2025 - 2026)
Roberto FASTI,Roberto FASTI,SO,Trévise,176,83,2006..,,,,,A,https://all.rugby/player/roberto-fasti,Rugby Casale (2024 - 2025) -> Benetton Rugby Trévise (2025 - 2026),,,https://all.rugby/player/roberto-fasti,Rugby Casale (2024 - 2025) -> Benetton Rugby Trévise (2025 - 2026)
Giovanni MARZOTTO,Giovanni MARZOTTO,Winger,Trévise,193,94,2007..,,,,,A,https://all.rugby/player/giovanni-marzotto,Benetton Rugby Trévise (2025 - 2026),,,https://all.rugby/player/giovanni-marzotto,Benetton Rugby Trévise (2025 - 2026)
Angus WILLIAMS,Angus WILLIAMS,PR,Edimbourg,180,117,1993.11.11,,,,,A,https://all.rugby/player/angus-williams,Otago (2018 - 2019) -> Edimbourg Rugby (2020 - 2026),,,https://all.rugby/player/angus-williams,Otago (2018 - 2019) -> Edimbourg Rugby (2020 - 2026)
Boan VENTER,Boan VENTER,PR,Edimbourg,187,124,1997.04.12,,,,,A,https://all.rugby/player/boan-venter,Central Cheetahs (2018 - 2020) -> Edimbourg Rugby (2020 - 2026),,,https://all.rugby/player/boan-venter,Central Cheetahs (2018 - 2020) -> Edimbourg Rugby (2020 - 2026)
D'Arcy RAE,D'Arcy RAE,PR,Edimbourg,186,125,1994.12.21,,,,,A,https://all.rugby/player/d-arcy-rae,Benetton Rugby Trévise (2014 - 2014) -> Glasgow Warriors (2014 - 2014) -> Benetton Rugby Trévise (2015 - 2015) -> Glasgow Warriors (2015 - 2021) -> Bath Rugby (2021 - 2023) -> Montpellier Hérault Rugby (2023 - 2023) -> Edimbourg Rugby (2023 - 2023) -> Montpellier Hérault Rugby (2024 - 2024) -> Edimbourg Rugby (2024 - 2026),Scotland,Scotland,https://all.rugby/player/d-arcy-rae,Benetton Rugby Trévise (2014 - 2014) -> Glasgow Warriors (2014 - 2014) -> Benetton Rugby Trévise (2015 - 2015) -> Glasgow Warriors (2015 - 2021) -> Bath Rugby (2021 - 2023) -> Montpellier Hérault Rugby (2023 - 2023) -> Edimbourg Rugby (2023 - 2023) -> Montpellier Hérault Rugby (2024 - 2024) -> Edimbourg Rugby (2024 - 2026)
James WHITCOMBE,James WHITCOMBE,PR,Edimbourg,188,120,2000.11.20,,,,,A,https://all.rugby/player/james-whitcombe,Leicester Tigers (2017 - 2025) -> Edimbourg Rugby (2025 - 2026),,,https://all.rugby/player/james-whitcombe,Leicester Tigers (2017 - 2025) -> Edimbourg Rugby (2025 - 2026)
Mikey JONES,Mikey JONES,PR,Edimbourg,181,110,2002.07.08,,,,,A,https://all.rugby/player/mike-jones,Boroughmuir RFC (2020 - 2021) -> Edimbourg Rugby (2021 - 2022) -> Ampthill Rugby (2022 - 2022) -> Edimbourg Rugby (2023 - 2023) -> Ampthill Rugby (2023 - 2023) -> Edimbourg Rugby (2023 - 2026),,,https://all.rugby/player/mike-jones,Boroughmuir RFC (2020 - 2021) -> Edimbourg Rugby (2021 - 2022) -> Ampthill Rugby (2022 - 2022) -> Edimbourg Rugby (2023 - 2023) -> Ampthill Rugby (2023 - 2023) -> Edimbourg Rugby (2023 - 2026)
Paul HILL,Paul HILL,PR,Edimbourg,189,123,1995.03.02,,,,,A,https://all.rugby/player/paul-hill,Northampton Saints (2015 - 2024) -> Edimbourg Rugby (2024 - 2026),England,England,https://all.rugby/player/paul-hill,Northampton Saints (2015 - 2024) -> Edimbourg Rugby (2024 - 2026)
Pierre SCHOEMAN,Pierre SCHOEMAN,PR,Edimbourg,184,118,1994.05.07,,,,,A,https://all.rugby/player/pierre-schoeman,Bulls (2015 - 2018) -> Edimbourg Rugby (2018 - 2026),South Africa,South Africa,https://all.rugby/player/pierre-schoeman,Bulls (2015 - 2018) -> Edimbourg Rugby (2018 - 2026)
Rhys LITTERICK,Rhys LITTERICK,PR,Edimbourg,179,120,1999.03.02,,,,,A,https://all.rugby/player/rhys-litterick,Worthing RFC (2021 - 2021) -> Harlequins (2021 - 2021) -> Worthing RFC (2022 - 2022) -> Harlequins (2022 - 2022) -> London Scottish (2022 - 2022) -> Harlequins (2023 - 2023) -> London Scottish (2023 - 2023) -> Cardiff Rugby (2023 - 2025) -> Edimbourg Rugby (2025 - 2026),,,https://all.rugby/player/rhys-litterick,Worthing RFC (2021 - 2021) -> Harlequins (2021 - 2021) -> Worthing RFC (2022 - 2022) -> Harlequins (2022 - 2022) -> London Scottish (2022 - 2022) -> Harlequins (2023 - 2023) -> London Scottish (2023 - 2023) -> Cardiff Rugby (2023 - 2025) -> Edimbourg Rugby (2025 - 2026)
Ewan ASHMAN,Ewan ASHMAN,HO,Edimbourg,188,113,2000.04.03,,,,,A,https://all.rugby/player/ewan-ashman,Sale Sharks (2018 - 2021) -> Glasgow Warriors (2021 - 2021) -> Sale Sharks (2022 - 2022) -> Glasgow Warriors (2022 - 2022) -> Sale Sharks (2022 - 2023) -> Edimbourg Rugby (2023 - 2026),Canada,Canada,https://all.rugby/player/ewan-ashman,Sale Sharks (2018 - 2021) -> Glasgow Warriors (2021 - 2021) -> Sale Sharks (2022 - 2022) -> Glasgow Warriors (2022 - 2022) -> Sale Sharks (2022 - 2023) -> Edimbourg Rugby (2023 - 2026)
Patrick HARRISON,Patrick HARRISON,HO,Edimbourg,181,111,2002.06.20,,,,,A,https://all.rugby/player/patrick-harrison,Edimbourg Rugby (2020 - 2021) -> Wasps (2021 - 2021) -> Edimbourg Rugby (2022 - 2022) -> Wasps (2022 - 2022) -> London Irish (2022 - 2022) -> Edimbourg Rugby (2022 - 2022) -> London Irish (2023 - 2023) -> Edimbourg Rugby (2023 - 2026),Scotland,Scotland,https://all.rugby/player/patrick-harrison,Edimbourg Rugby (2020 - 2021) -> Wasps (2021 - 2021) -> Edimbourg Rugby (2022 - 2022) -> Wasps (2022 - 2022) -> London Irish (2022 - 2022) -> Edimbourg Rugby (2022 - 2022) -> London Irish (2023 - 2023) -> Edimbourg Rugby (2023 - 2026)
Callum HUNTER-HILL,Callum HUNTER-HILL,LO,Edimbourg,200,116,1997.02.27,,,,,A,https://all.rugby/player/callum-hunter-hill,Glasgow Warriors (2016 - 2017) -> Edimbourg Rugby (2017 - 2017) -> Newcastle (2017 - 2017) -> Edimbourg Rugby (2018 - 2018) -> Newcastle (2018 - 2018) -> Edimbourg Rugby (2018 - 2019) -> Saracens (2019 - 2024) -> Northampton Saints (2024 - 2025) -> Edimbourg Rugby (2025 - 2026),,,https://all.rugby/player/callum-hunter-hill,Glasgow Warriors (2016 - 2017) -> Edimbourg Rugby (2017 - 2017) -> Newcastle (2017 - 2017) -> Edimbourg Rugby (2018 - 2018) -> Newcastle (2018 - 2018) -> Edimbourg Rugby (2018 - 2019) -> Saracens (2019 - 2024) -> Northampton Saints (2024 - 2025) -> Edimbourg Rugby (2025 - 2026)
Glen YOUNG,Glen YOUNG,LO,Edimbourg,200,118,1994.11.04,,,,,A,https://all.rugby/player/glen-young,Newcastle (2016 - 2019) -> Harlequins (2019 - 2021) -> Edimbourg Rugby (2021 - 2026),Scotland,Scotland,https://all.rugby/player/glen-young,Newcastle (2016 - 2019) -> Harlequins (2019 - 2021) -> Edimbourg Rugby (2021 - 2026)
Grant GILCHRIST,Grant GILCHRIST,LO,Edimbourg,198,120,1990.08.09,,,,,A,https://all.rugby/player/grant-gilchrist,Edimbourg Rugby (2013 - 2026),Scotland,Scotland,https://all.rugby/player/grant-gilchrist,Edimbourg Rugby (2013 - 2026)
Marshall SYKES,Marshall SYKES,LO,Edimbourg,200,121,1999.12.29,,,,,A,https://all.rugby/player/marshall-sykes,Glasgow Warriors (2019 - 2019) -> Edimbourg Rugby (2019 - 2019) -> Glasgow Warriors (2020 - 2020) -> Edimbourg Rugby (2020 - 2026),,,https://all.rugby/player/marshall-sykes,Glasgow Warriors (2019 - 2019) -> Edimbourg Rugby (2019 - 2019) -> Glasgow Warriors (2020 - 2020) -> Edimbourg Rugby (2020 - 2026)
Rob CARMICHAEL,Rob CARMICHAEL,LO,Edimbourg,210,125,2003.04.04,,,,,A,https://all.rugby/player/rob-carmichael,Leicester Tigers (2022 - 2023) -> Edimbourg Rugby (2023 - 2023) -> Leicester Tigers (2024 - 2024) -> Edimbourg Rugby (2024 - 2026),,,https://all.rugby/player/rob-carmichael,Leicester Tigers (2022 - 2023) -> Edimbourg Rugby (2023 - 2023) -> Leicester Tigers (2024 - 2024) -> Edimbourg Rugby (2024 - 2026)
Ben MUNCASTER,Ben MUNCASTER,Back row,Edimbourg,190,110,2001.10.14,,,,,A,https://all.rugby/player/ben-muncaster,Leicester Tigers (2018 - 2020) -> Edimbourg Rugby (2020 - 2026),Scotland,Scotland,https://all.rugby/player/ben-muncaster,Leicester Tigers (2018 - 2020) -> Edimbourg Rugby (2020 - 2026)
Connor BOYLE,Connor BOYLE,Back row,Edimbourg,183,91,2000.02.19,,,,,A,https://all.rugby/player/connor-boyle,Watsonian Rugby Club (2019 - 2020) -> Edimbourg Rugby (2020 - 2026),,,https://all.rugby/player/connor-boyle,Watsonian Rugby Club (2019 - 2020) -> Edimbourg Rugby (2020 - 2026)
Dylan RICHARDSON,Dylan RICHARDSON,Back row,Edimbourg,185,110,1999.01.15,,,,,A,https://all.rugby/player/dylan-richardson,Sharks (2018 - 2025) -> Edimbourg Rugby (2025 - 2026),South Africa,South Africa,https://all.rugby/player/dylan-richardson,Sharks (2018 - 2025) -> Edimbourg Rugby (2025 - 2026)
Freddy DOUGLAS,Freddy DOUGLAS,Back row,Edimbourg,185,95,2005..,,,,,A,https://all.rugby/player/freddy-douglas,Edimbourg Rugby (2023 - 2026),Scotland,Scotland,https://all.rugby/player/freddy-douglas,Edimbourg Rugby (2023 - 2026)
Harri MORRIS,Harri MORRIS,Back row,Edimbourg,180,103,2001.10.13,,,,,A,https://all.rugby/player/harri-morris,Edimbourg Rugby (2020 - 2020) -> Southern Knights (2020 - 2020) -> Edimbourg Rugby (2021 - 2021) -> Southern Knights (2021 - 2021) -> Edimbourg Rugby (2021 - 2022) -> London Scottish (2022 - 2022) -> Edimbourg Rugby (2022 - 2022) -> London Scottish (2023 - 2023) -> Edimbourg Rugby (2023 - 2023) -> Doncaster Knights (2023 - 2024) -> Edimbourg Rugby (2024 - 2026),,,https://all.rugby/player/harri-morris,Edimbourg Rugby (2020 - 2020) -> Southern Knights (2020 - 2020) -> Edimbourg Rugby (2021 - 2021) -> Southern Knights (2021 - 2021) -> Edimbourg Rugby (2021 - 2022) -> London Scottish (2022 - 2022) -> Edimbourg Rugby (2022 - 2022) -> London Scottish (2023 - 2023) -> Edimbourg Rugby (2023 - 2023) -> Doncaster Knights (2023 - 2024) -> Edimbourg Rugby (2024 - 2026)
Liam MCCONNELL,Liam MCCONNELL,Back row,Edimbourg,194,106,2004..,,,,,A,https://all.rugby/player/liam-mcconnell,Boroughmuir RFC (2021 - 2022) -> Edimbourg Rugby (2022 - 2026),,,https://all.rugby/player/liam-mcconnell,Boroughmuir RFC (2021 - 2022) -> Edimbourg Rugby (2022 - 2026)
Luke CROSBIE,Luke CROSBIE,Back row,Edimbourg,196,112,1997.04.22,,,,,A,https://all.rugby/player/luke-crosbie,Edimbourg Rugby (2017 - 2026),Scotland,Scotland,https://all.rugby/player/luke-crosbie,Edimbourg Rugby (2017 - 2026)
Magnus BRADBURY,Magnus BRADBURY,Back row,Edimbourg,191,116,1995.08.23,,,,,A,https://all.rugby/player/magnus-bradbury,Edimbourg Rugby (2014 - 2022) -> Bristol Bears (2022 - 2024) -> Edimbourg Rugby (2024 - 2026),Scotland,Scotland,https://all.rugby/player/magnus-bradbury,Edimbourg Rugby (2014 - 2022) -> Bristol Bears (2022 - 2024) -> Edimbourg Rugby (2024 - 2026)
Sam SKINNER,Sam SKINNER,Back row,Edimbourg,196,115,1995.01.31,,,,,A,https://all.rugby/player/sam-skinner,Exeter Chiefs (2014 - 2022) -> Edimbourg Rugby (2022 - 2026),England,England,https://all.rugby/player/sam-skinner,Exeter Chiefs (2014 - 2022) -> Edimbourg Rugby (2022 - 2026)
Tom CURRIE,Tom CURRIE,Back row,Edimbourg,190,106,2004..,,,,,A,https://all.rugby/player/tom-currie,Edimbourg Rugby (2023 - 2024) -> Doncaster Knights (2024 - 2024) -> Edimbourg Rugby (2025 - 2025) -> Doncaster Knights (2025 - 2025) -> Edimbourg Rugby (2025 - 2026),,,https://all.rugby/player/tom-currie,Edimbourg Rugby (2023 - 2024) -> Doncaster Knights (2024 - 2024) -> Edimbourg Rugby (2025 - 2025) -> Doncaster Knights (2025 - 2025) -> Edimbourg Rugby (2025 - 2026)
Tom DODD,Tom DODD,Back row,Edimbourg,191,109,1997.10.28,,,,,A,https://all.rugby/player/tom-dodd,Worcester Warriors (2017 - 2022) -> Coventry Rugby (2022 - 2022) -> Worcester Warriors (2023 - 2023) -> Coventry Rugby (2023 - 2023) -> Edimbourg Rugby (2023 - 2026),,,https://all.rugby/player/tom-dodd,Worcester Warriors (2017 - 2022) -> Coventry Rugby (2022 - 2022) -> Worcester Warriors (2023 - 2023) -> Coventry Rugby (2023 - 2023) -> Edimbourg Rugby (2023 - 2026)
Ben VELLACOTT,Ben VELLACOTT,SH,Edimbourg,167,80,1995.03.28,,,,,A,https://all.rugby/player/ben-vellacott,Gloucester Rugby (2016 - 2019) -> Wasps (2019 - 2021) -> Edimbourg Rugby (2021 - 2026),England,England,https://all.rugby/player/ben-vellacott,Gloucester Rugby (2016 - 2019) -> Wasps (2019 - 2021) -> Edimbourg Rugby (2021 - 2026)
Charlie SHIEL,Charlie SHIEL,SH,Edimbourg,178,83,1997.12.03,,,,,A,https://all.rugby/player/charlie-shiel,Edimbourg Rugby (2017 - 2026),,,https://all.rugby/player/charlie-shiel,Edimbourg Rugby (2017 - 2026)
Conor MCALPINE,Conor MCALPINE,SH,Edimbourg,174,82,2004..,,,,,A,https://all.rugby/player/conor-mcalpine,Watsonian Rugby Club (2023 - 2024) -> Edimbourg Rugby (2024 - 2026),,,https://all.rugby/player/conor-mcalpine,Watsonian Rugby Club (2023 - 2024) -> Edimbourg Rugby (2024 - 2026)
Ben HEALY,Ben HEALY,SO,Edimbourg,191,100,1999.06.29,,,,,A,https://all.rugby/player/ben-healy,Munster Rugby (2019 - 2023) -> Edimbourg Rugby (2023 - 2026),Ireland,Ireland,https://all.rugby/player/ben-healy,Munster Rugby (2019 - 2023) -> Edimbourg Rugby (2023 - 2026)
Cammy SCOTT,Cammy SCOTT,SO,Edimbourg,181,83,2001.09.08,,,,,A,https://all.rugby/player/cameron-scott,Boroughmuir RFC (2020 - 2021) -> Southern Knights (2021 - 2022) -> London Scottish (2022 - 2022) -> Edimbourg Rugby (2022 - 2022) -> London Scottish (2023 - 2023) -> Edimbourg Rugby (2023 - 2026),,,https://all.rugby/player/cameron-scott,Boroughmuir RFC (2020 - 2021) -> Southern Knights (2021 - 2022) -> London Scottish (2022 - 2022) -> Edimbourg Rugby (2022 - 2022) -> London Scottish (2023 - 2023) -> Edimbourg Rugby (2023 - 2026)
James LANG,James LANG,SO,Edimbourg,183,95,1995.04.04,,,,,A,https://all.rugby/player/james-lang,Harlequins (2016 - 2021) -> Edimbourg Rugby (2021 - 2026),England,England,https://all.rugby/player/james-lang,Harlequins (2016 - 2021) -> Edimbourg Rugby (2021 - 2026)
Ross THOMPSON,Ross THOMPSON,SO,Edimbourg,183,86,1999.04.10,,,,,A,https://all.rugby/player/ross-thompson,Glasgow Warriors (2020 - 2024) -> Edimbourg Rugby (2024 - 2026),,,https://all.rugby/player/ross-thompson,Glasgow Warriors (2020 - 2024) -> Edimbourg Rugby (2024 - 2026)
Charlie MCCAIG,Charlie MCCAIG,CTB,Edimbourg,191,94,2003.01.24,,,,,A,https://all.rugby/player/charlie-mccaig,Exeter Chiefs (2022 - 2024) -> Cornish Pirates (2024 - 2024) -> Exeter Chiefs (2025 - 2025) -> Cornish Pirates (2025 - 2025) -> Edimbourg Rugby (2025 - 2026),,,https://all.rugby/player/charlie-mccaig,Exeter Chiefs (2022 - 2024) -> Cornish Pirates (2024 - 2024) -> Exeter Chiefs (2025 - 2025) -> Cornish Pirates (2025 - 2025) -> Edimbourg Rugby (2025 - 2026)
Kienan HIGGINS,Kienan HIGGINS,CTB,Edimbourg,189,97,2000.01.25,,,,,A,https://all.rugby/player/kienan-higgins,Hawke's Bay Magpies (2020 - 2025) -> Edimbourg Rugby (2025 - 2026),,,https://all.rugby/player/kienan-higgins,Hawke's Bay Magpies (2020 - 2025) -> Edimbourg Rugby (2025 - 2026)
Matt CURRIE,Matt CURRIE,CTB,Edimbourg,191,95,2001.02.22,,,,,A,https://all.rugby/player/matthew-currie,Edimbourg Rugby (2020 - 2026),Scotland,Scotland,https://all.rugby/player/matthew-currie,Edimbourg Rugby (2020 - 2026)
Mosese TUIPULOTU,Mosese TUIPULOTU,CTB,Edimbourg,182,102,2001.05.05,,,,,A,https://all.rugby/player/mosese-tuipulotu,Eastern Suburbs RFC (2020 - 2022) -> New South Wales Waratahs (2022 - 2024) -> Edimbourg Rugby (2024 - 2026),,,https://all.rugby/player/mosese-tuipulotu,Eastern Suburbs RFC (2020 - 2022) -> New South Wales Waratahs (2022 - 2024) -> Edimbourg Rugby (2024 - 2026)
Piers O'CONOR,Piers O'CONOR,CTB,Edimbourg,188,102,1995.08.28,,,,,A,https://all.rugby/player/piers-o-conor,Wasps (2016 - 2017) -> Bristol Bears (2018 - 2024) -> Connacht Rugby (2024 - 2025) -> Edimbourg Rugby (2025 - 2026),,,https://all.rugby/player/piers-o-conor,Wasps (2016 - 2017) -> Bristol Bears (2018 - 2024) -> Connacht Rugby (2024 - 2025) -> Edimbourg Rugby (2025 - 2026)
Wes GOOSEN,Wes GOOSEN,CTB,Edimbourg,180,92,1995.10.20,,,,,A,https://all.rugby/player/wes-goosen,Hurricanes (2015 - 2019) -> Wellington Lions (2019 - 2019) -> Hurricanes (2020 - 2020) -> Wellington Lions (2020 - 2020) -> Hurricanes (2020 - 2020) -> Wellington Lions (2020 - 2020) -> Hurricanes (2021 - 2021) -> Wellington Lions (2021 - 2021) -> Hurricanes (2021 - 2022) -> Edimbourg Rugby (2022 - 2026),,,https://all.rugby/player/wes-goosen,Hurricanes (2015 - 2019) -> Wellington Lions (2019 - 2019) -> Hurricanes (2020 - 2020) -> Wellington Lions (2020 - 2020) -> Hurricanes (2020 - 2020) -> Wellington Lions (2020 - 2020) -> Hurricanes (2021 - 2021) -> Wellington Lions (2021 - 2021) -> Hurricanes (2021 - 2022) -> Edimbourg Rugby (2022 - 2026)
Darcy GRAHAM,Darcy GRAHAM,Winger,Edimbourg,177,85,1997.06.21,,,,,A,https://all.rugby/player/darcy-graham,Edimbourg Rugby (2017 - 2026),Scotland,Scotland,https://all.rugby/player/darcy-graham,Edimbourg Rugby (2017 - 2026)
Duhan VAN DER MERWE,Duhan VAN DER MERWE,Winger,Edimbourg,193,106,1995.06.04,,,,,A,https://all.rugby/player/duhan-van-der-merwe,Bulls (2015 - 2016) -> Montpellier Hérault Rugby (2016 - 2017) -> Edimbourg Rugby (2017 - 2021) -> Worcester Warriors (2021 - 2022) -> Edimbourg Rugby (2022 - 2022) -> Worcester Warriors (2023 - 2023) -> Edimbourg Rugby (2023 - 2026),South Africa,South Africa,https://all.rugby/player/duhan-van-der-merwe,Bulls (2015 - 2016) -> Montpellier Hérault Rugby (2016 - 2017) -> Edimbourg Rugby (2017 - 2021) -> Worcester Warriors (2021 - 2022) -> Edimbourg Rugby (2022 - 2022) -> Worcester Warriors (2023 - 2023) -> Edimbourg Rugby (2023 - 2026)
Malelili SATALA,Malelili SATALA,Winger,Edimbourg,184,90,2004..,,,,,A,https://all.rugby/player/malelili-satala,Leicester Tigers (2023 - 2024) -> Nottingham Rugby (2024 - 2024) -> Leicester Tigers (2025 - 2025) -> Nottingham Rugby (2025 - 2025) -> Edimbourg Rugby (2025 - 2026),,,https://all.rugby/player/malelili-satala,Leicester Tigers (2023 - 2024) -> Nottingham Rugby (2024 - 2024) -> Leicester Tigers (2025 - 2025) -> Nottingham Rugby (2025 - 2025) -> Edimbourg Rugby (2025 - 2026)
Ross MCCANN,Ross MCCANN,Winger,Edimbourg,181,91,1997.10.30,,,,,A,https://all.rugby/player/ross-mccann-,Grande-Bretagne 7's (2022 - 2023) -> Edimbourg Rugby (2023 - 2023) -> Grande-Bretagne 7's (2023 - 2023) -> Edimbourg Rugby (2024 - 2024) -> Grande-Bretagne 7's (2024 - 2024) -> Edimbourg Rugby (2024 - 2026),,,https://all.rugby/player/ross-mccann-,Grande-Bretagne 7's (2022 - 2023) -> Edimbourg Rugby (2023 - 2023) -> Grande-Bretagne 7's (2023 - 2023) -> Edimbourg Rugby (2024 - 2024) -> Grande-Bretagne 7's (2024 - 2024) -> Edimbourg Rugby (2024 - 2026)
Harry PATERSON,Harry PATERSON,FB,Edimbourg,191,93,2001.06.28,,,,,A,https://all.rugby/player/harry-paterson,Edimbourg Rugby (2020 - 2026),,,https://all.rugby/player/harry-paterson,Edimbourg Rugby (2020 - 2026)
Jack BROWN,Jack BROWN,FB,Edimbourg,188,94,2005..,,,,,A,https://all.rugby/player/jack-brown,Watsonian Rugby Club (2022 - 2023) -> Edimbourg Rugby (2023 - 2026),,,https://all.rugby/player/jack-brown,Watsonian Rugby Club (2022 - 2023) -> Edimbourg Rugby (2023 - 2026)
Matt DAVIDSON,Matt DAVIDSON,FB,Edimbourg,190,87,1999.11.06,,,,,A,https://all.rugby/player/matt-davidson,Grande-Bretagne 7's (2022 - 2025) -> Edimbourg Rugby (2025 - 2026),,,https://all.rugby/player/matt-davidson,Grande-Bretagne 7's (2022 - 2025) -> Edimbourg Rugby (2025 - 2026)
Ben WHITE,Ben WHITE,PR,Edimbourg,182,110,2005..,,,,,A,https://all.rugby/player/ben-white-,Melrose RFC (2023 - 2025) -> Edimbourg Rugby (2025 - 2026),,,https://all.rugby/player/ben-white-,Melrose RFC (2023 - 2025) -> Edimbourg Rugby (2025 - 2026)
Jamie STEWART,Jamie STEWART,PR,Edimbourg,194,130,2006..,,,,,A,https://all.rugby/player/jamie-stewart,Exeter Chiefs (2023 - 2024) -> Edimbourg Rugby (2024 - 2026),,,https://all.rugby/player/jamie-stewart,Exeter Chiefs (2023 - 2024) -> Edimbourg Rugby (2024 - 2026)
Ollie BLYTH-LAFFERTY,Ollie BLYTH-LAFFERTY,PR,Edimbourg,193,136,2006..,,,,,A,https://all.rugby/player/ollie-blyth-lafferty,Boroughmuir RFC (2022 - 2023) -> Edimbourg Rugby (2023 - 2026),,,https://all.rugby/player/ollie-blyth-lafferty,Boroughmuir RFC (2022 - 2023) -> Edimbourg Rugby (2023 - 2026)
Jack UTTERSON,Jack UTTERSON,HO,Edimbourg,,,2007..,,,,,A,https://all.rugby/player/jack-utterson,Kelso RFC (2024 - 2025) -> Edimbourg Rugby (2025 - 2026),,,https://all.rugby/player/jack-utterson,Kelso RFC (2024 - 2025) -> Edimbourg Rugby (2025 - 2026)
Jerry BLYTH-LAFFERTY,Jerry BLYTH-LAFFERTY,HO,Edimbourg,178,99,2004.02.06,,,,,A,https://all.rugby/player/jerry-blyth-lafferty,Boroughmuir RFC (2022 - 2023) -> Edimbourg Rugby (2023 - 2026),,,https://all.rugby/player/jerry-blyth-lafferty,Boroughmuir RFC (2022 - 2023) -> Edimbourg Rugby (2023 - 2026)
Christian LINDSAY,Christian LINDSAY,LO,Edimbourg,200,121,2007..,,,,,A,https://all.rugby/player/christian-lindsay,Loretto High School (2023 - 2024) -> Edimbourg Rugby (2024 - 2026),,,https://all.rugby/player/christian-lindsay,Loretto High School (2023 - 2024) -> Edimbourg Rugby (2024 - 2026)
Euan MCVIE,Euan MCVIE,LO,Edimbourg,197,118,2004..,,,,,A,https://all.rugby/player/euan-mcvie,Edinburgh Accies (2022 - 2023) -> Edimbourg Rugby (2023 - 2024) -> Doncaster Knights (2024 - 2024) -> Edimbourg Rugby (2025 - 2025) -> Doncaster Knights (2025 - 2025) -> Edimbourg Rugby (2025 - 2026),,,https://all.rugby/player/euan-mcvie,Edinburgh Accies (2022 - 2023) -> Edimbourg Rugby (2023 - 2024) -> Doncaster Knights (2024 - 2024) -> Edimbourg Rugby (2025 - 2025) -> Doncaster Knights (2025 - 2025) -> Edimbourg Rugby (2025 - 2026)
Mac RUTHERFORD,Mac RUTHERFORD,LO,Edimbourg,,,,,,,,A,https://all.rugby/player/mac-rutherford,Gala Rugby (2023 - 2024) -> Edimbourg Rugby (2024 - 2026),,,https://all.rugby/player/mac-rutherford,Gala Rugby (2023 - 2024) -> Edimbourg Rugby (2024 - 2026)
Sam BYRD,Sam BYRD,LO,Edimbourg,198,113,2006..,,,,,A,https://all.rugby/player/sam-byrd,Leicester Tigers (2023 - 2025) -> Edimbourg Rugby (2025 - 2026),,,https://all.rugby/player/sam-byrd,Leicester Tigers (2023 - 2025) -> Edimbourg Rugby (2025 - 2026)
Ollie DUNCAN,Ollie DUNCAN,Back row,Edimbourg,191,106,2005..,,,,,A,https://all.rugby/player/ollie-duncan,Edimbourg Rugby (2023 - 2026),,,https://all.rugby/player/ollie-duncan,Edimbourg Rugby (2023 - 2026)
Hamish MACARTHUR,Hamish MACARTHUR,SH,Edimbourg,,,,,,,,A,https://all.rugby/player/hamish-macarthur,Merchiston Castle School (2023 - 2024) -> Edimbourg Rugby (2024 - 2026),,,https://all.rugby/player/hamish-macarthur,Merchiston Castle School (2023 - 2024) -> Edimbourg Rugby (2024 - 2026)
Hector PATTERSON,Hector PATTERSON,SH,Edimbourg,182,87,2005..,,,,,A,https://all.rugby/player/hector-patterson,Watsonian Rugby Club (2022 - 2023) -> Edimbourg Rugby (2023 - 2026),,,https://all.rugby/player/hector-patterson,Watsonian Rugby Club (2022 - 2023) -> Edimbourg Rugby (2023 - 2026)
Isaac COATES,Isaac COATES,SO,Edimbourg,175,84,2005..,,,,,A,https://all.rugby/player/isaac-coates,Edimbourg Rugby (2023 - 2026),,,https://all.rugby/player/isaac-coates,Edimbourg Rugby (2023 - 2026)
Ross WOLFENDEN,Ross WOLFENDEN,SO,Edimbourg,194,102,2006..,,,,,A,https://all.rugby/player/ross-wolfenden,Peebles RFC (2023 - 2024) -> Edimbourg Rugby (2024 - 2026),,,https://all.rugby/player/ross-wolfenden,Peebles RFC (2023 - 2024) -> Edimbourg Rugby (2024 - 2026)
Findlay THOMSON,Findlay THOMSON,CTB,Edimbourg,190,97,2004..,,,,,A,https://all.rugby/player/findlay-thomson,Watsonian Rugby Club (2022 - 2024) -> Edimbourg Rugby (2024 - 2026),,,https://all.rugby/player/findlay-thomson,Watsonian Rugby Club (2022 - 2024) -> Edimbourg Rugby (2024 - 2026)
Henry KESTERTON,Henry KESTERTON,CTB,Edimbourg,,,,,,,,A,https://all.rugby/player/henry-kesterton,Heriot's Rugby Club (2024 - 2025) -> Edimbourg Rugby (2025 - 2026),,,https://all.rugby/player/henry-kesterton,Heriot's Rugby Club (2024 - 2025) -> Edimbourg Rugby (2025 - 2026)
Sam LEWENI,Sam LEWENI,CTB,Edimbourg,,,,,,,,A,https://all.rugby/player/sam-leweni,Watsonian Rugby Club (2023 - 2024) -> Edimbourg Rugby (2024 - 2026),,,https://all.rugby/player/sam-leweni,Watsonian Rugby Club (2023 - 2024) -> Edimbourg Rugby (2024 - 2026)
Lewis WELLS,Lewis WELLS,Winger,Edimbourg,,,2002.11.20,,,,,A,https://all.rugby/player/lewis-wells,Linlithgow RFC (2023 - 2024) -> Edimbourg Rugby (2024 - 2026),,,https://all.rugby/player/lewis-wells,Linlithgow RFC (2023 - 2024) -> Edimbourg Rugby (2024 - 2026)
Nairn MONCRIEFF,Nairn MONCRIEFF,Winger,Edimbourg,178,89,2006..,,,,,A,https://all.rugby/player/nairn-moncrieff,Gala Rugby (2023 - 2024) -> Edimbourg Rugby (2024 - 2026),,,https://all.rugby/player/nairn-moncrieff,Gala Rugby (2023 - 2024) -> Edimbourg Rugby (2024 - 2026)
Ross MCKNIGHT,Ross MCKNIGHT,Winger,Edimbourg,195,108,2002.04.03,,,,,A,https://all.rugby/player/ross-mcknight,Stirling County RFC (2020 - 2021) -> Glasgow Warriors (2021 - 2023) -> Stirling Wolves (2023 - 2024) -> Stirling County RFC (2024 - 2024) -> Edimbourg Rugby (2024 - 2024) -> Stirling County RFC (2025 - 2025) -> Edimbourg Rugby (2025 - 2026),,,https://all.rugby/player/ross-mcknight,Stirling County RFC (2020 - 2021) -> Glasgow Warriors (2021 - 2023) -> Stirling Wolves (2023 - 2024) -> Stirling County RFC (2024 - 2024) -> Edimbourg Rugby (2024 - 2024) -> Stirling County RFC (2025 - 2025) -> Edimbourg Rugby (2025 - 2026)
Finlay DOYLE,Finlay DOYLE,FB,Edimbourg,191,101,2004..,,,,,A,https://all.rugby/player/finlay-doyle,Loughborough University (2023 - 2025) -> Edimbourg Rugby (2025 - 2026),,,https://all.rugby/player/finlay-doyle,Loughborough University (2023 - 2025) -> Edimbourg Rugby (2025 - 2026)
Henry WIDDOWSON,Henry WIDDOWSON,FB,Edimbourg,188,90,2007..,,,,,A,https://all.rugby/player/henry-widdowson,Merchiston Castle School (2024 - 2025) -> Edimbourg Rugby (2025 - 2026),,,https://all.rugby/player/henry-widdowson,Merchiston Castle School (2024 - 2025) -> Edimbourg Rugby (2025 - 2026)
Rory MCHAFFIE,Rory MCHAFFIE,FB,Edimbourg,185,96,2007..,,,,,A,https://all.rugby/player/rory-mchaffie,Peebles RFC (2023 - 2025) -> Edimbourg Rugby (2025 - 2026),,,https://all.rugby/player/rory-mchaffie,Peebles RFC (2023 - 2025) -> Edimbourg Rugby (2025 - 2026)
Enrique PIERETTO HEILAND,Enrique PIERETTO HEILAND,PR,Zebre,187,122,1994.12.15,,,,,A,https://all.rugby/player/enrique-pieretto-heiland,Jaguares (2015 - 2019) -> Exeter Chiefs (2019 - 2019) -> Glasgow Warriors (2019 - 2019) -> Exeter Chiefs (2020 - 2020) -> Glasgow Warriors (2020 - 2023) -> New South Wales Waratahs (2023 - 2023) -> Glasgow Warriors (2024 - 2024) -> New South Wales Waratahs (2024 - 2024) -> Provence Rugby (2024 - 2025) -> Zebre Parma (2025 - 2026),Argentina,Argentina,https://all.rugby/player/enrique-pieretto-heiland,Jaguares (2015 - 2019) -> Exeter Chiefs (2019 - 2019) -> Glasgow Warriors (2019 - 2019) -> Exeter Chiefs (2020 - 2020) -> Glasgow Warriors (2020 - 2023) -> New South Wales Waratahs (2023 - 2023) -> Glasgow Warriors (2024 - 2024) -> New South Wales Waratahs (2024 - 2024) -> Provence Rugby (2024 - 2025) -> Zebre Parma (2025 - 2026)
Ion NECULAI,Ion NECULAI,PR,Zebre,189,135,2001.01.25,,,,,A,https://all.rugby/player/ion-neculai,I Cavalieri Prato (2020 - 2021) -> Zebre Parma (2021 - 2026),,,https://all.rugby/player/ion-neculai,I Cavalieri Prato (2020 - 2021) -> Zebre Parma (2021 - 2026)
Juan PITINARI,Juan PITINARI,PR,Zebre,187,118,1995.01.18,,,,,A,https://all.rugby/player/juan-manuel-pitinari,Rugby Noceto (2021 - 2021) -> Zebre Parma (2021 - 2021) -> Rugby Noceto (2022 - 2022) -> Zebre Parma (2022 - 2026),,,https://all.rugby/player/juan-manuel-pitinari,Rugby Noceto (2021 - 2021) -> Zebre Parma (2021 - 2021) -> Rugby Noceto (2022 - 2022) -> Zebre Parma (2022 - 2026)
Luca FRANCESCHETTO,Luca FRANCESCHETTO,PR,Zebre,193,127,1999.06.07,,,,,A,https://all.rugby/player/luca-franceschetto,Petrarca Rugby (2019 - 2022) -> Colorno (2022 - 2024) -> Zebre Parma (2024 - 2026),,,https://all.rugby/player/luca-franceschetto,Petrarca Rugby (2019 - 2022) -> Colorno (2022 - 2024) -> Zebre Parma (2024 - 2026)
Luca RIZZOLI,Luca RIZZOLI,PR,Zebre,178,109,2002.05.03,,,,,A,https://all.rugby/player/luca-rizzoli,Unione Rugby Capitolina (2021 - 2022) -> Zebre Parma (2022 - 2026),,,https://all.rugby/player/luca-rizzoli,Unione Rugby Capitolina (2021 - 2022) -> Zebre Parma (2022 - 2026)
Marcos GALLORINI,Marcos GALLORINI,PR,Zebre,190,135,2004..,,,,,A,https://all.rugby/player/marcos-gallorini,Unione Rugby Capitolina (2022 - 2023) -> Benetton Rugby Trévise (2023 - 2025) -> Zebre Parma (2025 - 2025) -> Benetton Rugby Trévise (2026 - 2026) -> Zebre Parma (2026 - 2026),,,https://all.rugby/player/marcos-gallorini,Unione Rugby Capitolina (2022 - 2023) -> Benetton Rugby Trévise (2023 - 2025) -> Zebre Parma (2025 - 2025) -> Benetton Rugby Trévise (2026 - 2026) -> Zebre Parma (2026 - 2026)
Matteo NOCERA,Matteo NOCERA,PR,Zebre,194,130,1999.01.16,,,,,A,https://all.rugby/player/matteo-nocera,Zebre Parma (2018 - 2026),,,https://all.rugby/player/matteo-nocera,Zebre Parma (2018 - 2026)
Muhamed HASA,Muhamed HASA,PR,Zebre,183,125,2001.09.10,,,,,A,https://all.rugby/player/muhamed-hasa,Petrarca Rugby (2020 - 2022) -> Zebre Parma (2022 - 2026),,,https://all.rugby/player/muhamed-hasa,Petrarca Rugby (2020 - 2022) -> Zebre Parma (2022 - 2026)
Paolo BUONFIGLIO,Paolo BUONFIGLIO,PR,Zebre,183,114,1995.01.28,,,,,A,https://all.rugby/player/paolo-buonfiglio,Zebre Parma (2019 - 2026),Italy,Italy,https://all.rugby/player/paolo-buonfiglio,Zebre Parma (2019 - 2026)
Riccardo GENOVESE,Riccardo GENOVESE,PR,Zebre,189,126,2002.04.13,,,,,A,https://all.rugby/player/riccardo-genovese,CUS Torino Rugby (2021 - 2022) -> Zebre Parma (2022 - 2024) -> Benetton Rugby Trévise (2024 - 2024) -> Rangers Rugby Vicenza (2024 - 2024) -> Benetton Rugby Trévise (2025 - 2025) -> Rangers Rugby Vicenza (2025 - 2025) -> Zebre Parma (2025 - 2025) -> Mogliano Veneto Rugby (2025 - 2025) -> Zebre Parma (2026 - 2026) -> Mogliano Veneto Rugby (2026 - 2026),,,https://all.rugby/player/riccardo-genovese,CUS Torino Rugby (2021 - 2022) -> Zebre Parma (2022 - 2024) -> Benetton Rugby Trévise (2024 - 2024) -> Rangers Rugby Vicenza (2024 - 2024) -> Benetton Rugby Trévise (2025 - 2025) -> Rangers Rugby Vicenza (2025 - 2025) -> Zebre Parma (2025 - 2025) -> Mogliano Veneto Rugby (2025 - 2025) -> Zebre Parma (2026 - 2026) -> Mogliano Veneto Rugby (2026 - 2026)
Giampietro RIBALDI,Giampietro RIBALDI,HO,Zebre,186,110,1997.03.12,,,,,A,https://all.rugby/player/giampietro-ribaldi,Rugby Viadana 1970 (2017 - 2020) -> Zebre Parma (2020 - 2020) -> Rugby Viadana 1970 (2021 - 2021) -> Zebre Parma (2021 - 2021) -> Rugby Viadana 1970 (2021 - 2021) -> Zebre Parma (2022 - 2022) -> Rugby Viadana 1970 (2022 - 2022) -> Zebre Parma (2022 - 2026),,,https://all.rugby/player/giampietro-ribaldi,Rugby Viadana 1970 (2017 - 2020) -> Zebre Parma (2020 - 2020) -> Rugby Viadana 1970 (2021 - 2021) -> Zebre Parma (2021 - 2021) -> Rugby Viadana 1970 (2021 - 2021) -> Zebre Parma (2022 - 2022) -> Rugby Viadana 1970 (2022 - 2022) -> Zebre Parma (2022 - 2026)
Giovanni QUATTRINI,Giovanni QUATTRINI,HO,Zebre,179,111,2003.09.29,,,,,A,https://all.rugby/player/giovanni-quattrini,CUS Milano Rugby (2021 - 2022) -> Zebre Parma (2022 - 2026),,,https://all.rugby/player/giovanni-quattrini,CUS Milano Rugby (2021 - 2022) -> Zebre Parma (2022 - 2026)
Shilo KLEIN,Shilo KLEIN,HO,Zebre,181,107,1999.05.05,,,,,A,https://all.rugby/player/shilo-klein,Canterbury (2018 - 2021) -> Crusaders (2021 - 2021) -> Canterbury (2021 - 2021) -> Crusaders (2022 - 2022) -> Canterbury (2022 - 2022) -> San Diego Legion (2022 - 2022) -> North Harbour (2022 - 2022) -> San Diego Legion (2023 - 2023) -> North Harbour (2023 - 2024) -> San Diego Legion (2024 - 2025) -> Zebre Parma (2025 - 2026),United-States,United-States,https://all.rugby/player/shilo-klein,Canterbury (2018 - 2021) -> Crusaders (2021 - 2021) -> Canterbury (2021 - 2021) -> Crusaders (2022 - 2022) -> Canterbury (2022 - 2022) -> San Diego Legion (2022 - 2022) -> North Harbour (2022 - 2022) -> San Diego Legion (2023 - 2023) -> North Harbour (2023 - 2024) -> San Diego Legion (2024 - 2025) -> Zebre Parma (2025 - 2026)
Tommaso DI BARTOLOMEO,Tommaso DI BARTOLOMEO,HO,Zebre,180,107,2001.01.04,,,,,A,https://all.rugby/player/tommaso-di-bartolomeo,Petrarca Rugby (2020 - 2021) -> Zebre Parma (2021 - 2021) -> Petrarca Rugby (2022 - 2022) -> Zebre Parma (2022 - 2022) -> Petrarca Rugby (2022 - 2023) -> Zebre Parma (2023 - 2026),,,https://all.rugby/player/tommaso-di-bartolomeo,Petrarca Rugby (2020 - 2021) -> Zebre Parma (2021 - 2021) -> Petrarca Rugby (2022 - 2022) -> Zebre Parma (2022 - 2022) -> Petrarca Rugby (2022 - 2023) -> Zebre Parma (2023 - 2026)
Alessandro ORTOMBINA,Alessandro ORTOMBINA,LO,Zebre,196,114,2002.10.05,,,,,A,https://all.rugby/player/alessandro-ortombina,Valorugby Emilia (2021 - 2023) -> Union Sportive Arlequins Perpignanais (2023 - 2025) -> Zebre Parma (2025 - 2026),,,https://all.rugby/player/alessandro-ortombina,Valorugby Emilia (2021 - 2023) -> Union Sportive Arlequins Perpignanais (2023 - 2025) -> Zebre Parma (2025 - 2026)
Francesco RUFFOLO,Francesco RUFFOLO,LO,Zebre,198,118,2002.10.31,,,,,A,https://all.rugby/player/francesco-ruffolo,Colorno (2021 - 2024) -> Zebre Parma (2024 - 2026),,,https://all.rugby/player/francesco-ruffolo,Colorno (2021 - 2024) -> Zebre Parma (2024 - 2026)
Franco CARRERA,Franco CARRERA,LO,Zebre,198,115,1999.06.02,,,,,A,https://all.rugby/player/franco-carrera,Pampas XV (2022 - 2023) -> Cobras Brasil XV (2023 - 2024) -> Pampas XV (2024 - 2025) -> Zebre Parma (2025 - 2026),,,https://all.rugby/player/franco-carrera,Pampas XV (2022 - 2023) -> Cobras Brasil XV (2023 - 2024) -> Pampas XV (2024 - 2025) -> Zebre Parma (2025 - 2026)
Leonard KRUMOV,Leonard KRUMOV,LO,Zebre,198,120,1996.05.01,,,,,A,https://all.rugby/player/leonard-krumov,Zebre Parma (2017 - 2026),,,https://all.rugby/player/leonard-krumov,Zebre Parma (2017 - 2026)
Matteo CANALI,Matteo CANALI,LO,Zebre,198,123,1998.09.11,,,,,A,https://all.rugby/player/matteo-canali,Rugby Rovigo Delta (2018 - 2020) -> Benetton Rugby Trévise (2020 - 2021) -> Petrarca Rugby (2021 - 2023) -> Zebre Parma (2023 - 2026),Italy,Italy,https://all.rugby/player/matteo-canali,Rugby Rovigo Delta (2018 - 2020) -> Benetton Rugby Trévise (2020 - 2021) -> Petrarca Rugby (2021 - 2023) -> Zebre Parma (2023 - 2026)
Bautista STAVILE,Bautista STAVILE,Back row,Zebre,183,100,1997.02.22,,,,,A,https://all.rugby/player/bautista-stavile,Selknam (2019 - 2021) -> Rugby Viadana 1970 (2021 - 2022) -> Rugby Rovigo Delta (2022 - 2023) -> Zebre Parma (2023 - 2026),,,https://all.rugby/player/bautista-stavile,Selknam (2019 - 2021) -> Rugby Viadana 1970 (2021 - 2022) -> Rugby Rovigo Delta (2022 - 2023) -> Zebre Parma (2023 - 2026)
David ODIASE,David ODIASE,Back row,Zebre,190,114,2003.01.19,,,,,A,https://all.rugby/player/david-odiase,Colorno (2021 - 2022) -> Oyonnax Rugby (2022 - 2025) -> Zebre Parma (2025 - 2026),Italy,Italy,https://all.rugby/player/david-odiase,Colorno (2021 - 2022) -> Oyonnax Rugby (2022 - 2025) -> Zebre Parma (2025 - 2026)
Davide RUGGERI,Davide RUGGERI,Back row,Zebre,189,109,1999.05.07,,,,,A,https://all.rugby/player/davide-ruggeri,Zebre Parma (2018 - 2019) -> Rugby Rovigo Delta (2019 - 2020) -> Benetton Rugby Trévise (2020 - 2021) -> Rugby Rovigo Delta (2021 - 2022) -> Zebre Parma (2022 - 2026),,,https://all.rugby/player/davide-ruggeri,Zebre Parma (2018 - 2019) -> Rugby Rovigo Delta (2019 - 2020) -> Benetton Rugby Trévise (2020 - 2021) -> Rugby Rovigo Delta (2021 - 2022) -> Zebre Parma (2022 - 2026)
Giacomo FERRARI,Giacomo FERRARI,Back row,Zebre,190,107,2002.01.22,,,,,A,https://all.rugby/player/giacomo-ferrari,Unione Rugby Capitolina (2021 - 2022) -> Zebre Parma (2022 - 2026),,,https://all.rugby/player/giacomo-ferrari,Unione Rugby Capitolina (2021 - 2022) -> Zebre Parma (2022 - 2026)
Giacomo MILANO,Giacomo MILANO,Back row,Zebre,192,110,2005..,,,,,A,https://all.rugby/player/giacomo-milano,Unione Rugby Capitolina (2023 - 2024) -> Zebre Parma (2024 - 2026),,,https://all.rugby/player/giacomo-milano,Unione Rugby Capitolina (2023 - 2024) -> Zebre Parma (2024 - 2026)
Giovanni LICATA,Giovanni LICATA,Back row,Zebre,193,111,1997.02.18,,,,,A,https://all.rugby/player/giovanni-licata,Zebre Parma (2017 - 2026),Italy,Italy,https://all.rugby/player/giovanni-licata,Zebre Parma (2017 - 2026)
Guido VOLPI,Guido VOLPI,Back row,Zebre,193,112,1995.08.22,,,,,A,https://all.rugby/player/guido-volpi,Old Georgian Club (2016 - 2017) -> Racing Club Narbonnais (2017 - 2018) -> Ospreys (2018 - 2019) -> Doncaster Knights (2019 - 2019) -> Ospreys (2020 - 2020) -> Doncaster Knights (2020 - 2020) -> Ospreys (2020 - 2020) -> Doncaster Knights (2020 - 2020) -> Ospreys (2021 - 2021) -> Doncaster Knights (2021 - 2022) -> Zebre Parma (2022 - 2026),,,https://all.rugby/player/guido-volpi,Old Georgian Club (2016 - 2017) -> Racing Club Narbonnais (2017 - 2018) -> Ospreys (2018 - 2019) -> Doncaster Knights (2019 - 2019) -> Ospreys (2020 - 2020) -> Doncaster Knights (2020 - 2020) -> Ospreys (2020 - 2020) -> Doncaster Knights (2020 - 2020) -> Ospreys (2021 - 2021) -> Doncaster Knights (2021 - 2022) -> Zebre Parma (2022 - 2026)
Iacopo BIANCHI,Iacopo BIANCHI,Back row,Zebre,188,108,1998.05.05,,,,,A,https://all.rugby/player/iacopo-bianchi,Zebre Parma (2018 - 2026),,,https://all.rugby/player/iacopo-bianchi,Zebre Parma (2018 - 2026)
Samuele LOCATELLI,Samuele LOCATELLI,Back row,Zebre,187,109,2001.07.30,,,,,A,https://all.rugby/player/samuele-locatelli,Rugby Viadana 1970 (2021 - 2024) -> Zebre Parma (2024 - 2024) -> Rugby Viadana 1970 (2024 - 2024) -> Zebre Parma (2025 - 2025) -> Rugby Viadana 1970 (2025 - 2025) -> Zebre Parma (2025 - 2026),,,https://all.rugby/player/samuele-locatelli,Rugby Viadana 1970 (2021 - 2024) -> Zebre Parma (2024 - 2024) -> Rugby Viadana 1970 (2024 - 2024) -> Zebre Parma (2025 - 2025) -> Rugby Viadana 1970 (2025 - 2025) -> Zebre Parma (2025 - 2026)
Alessandro FUSCO,Alessandro FUSCO,SH,Zebre,185,91,1999.10.28,,,,,A,https://all.rugby/player/alessandro-fusco,Fiamme Oro Roma (2019 - 2020) -> Zebre Parma (2020 - 2026),,,https://all.rugby/player/alessandro-fusco,Fiamme Oro Roma (2019 - 2020) -> Zebre Parma (2020 - 2026)
Gonzalo GARCIA,Gonzalo GARCIA,SH,Zebre,173,82,1999.03.05,,,,,A,https://all.rugby/player/gonzalo-garcia-1999,Natacion y Gimnasia (2017 - 2019) -> Dogos XV (2019 - 2020) -> Cafeteros Pro (2020 - 2021) -> Valorugby Emilia (2021 - 2022) -> Zebre Parma (2022 - 2026),Argentina,Argentina,https://all.rugby/player/gonzalo-garcia-1999,Natacion y Gimnasia (2017 - 2019) -> Dogos XV (2019 - 2020) -> Cafeteros Pro (2020 - 2021) -> Valorugby Emilia (2021 - 2022) -> Zebre Parma (2022 - 2026)
Thomas DOMINGUEZ,Thomas DOMINGUEZ,SH,Zebre,175,79,1999.12.18,,,,,A,https://all.rugby/player/thomas-dominguez,Club Atlético San Isidro (2018 - 2019) -> Valorugby Emilia (2021 - 2023) -> Zebre Parma (2023 - 2026),,,https://all.rugby/player/thomas-dominguez,Club Atlético San Isidro (2018 - 2019) -> Valorugby Emilia (2021 - 2023) -> Zebre Parma (2023 - 2026)
Giacomo DA RE,Giacomo DA RE,SO,Zebre,180,84,1999.03.29,,,,,A,https://all.rugby/player/giacomo-da-re,Mogliano Veneto Rugby (2017 - 2021) -> Benetton Rugby Trévise (2021 - 2024) -> Zebre Parma (2024 - 2026),,,https://all.rugby/player/giacomo-da-re,Mogliano Veneto Rugby (2017 - 2021) -> Benetton Rugby Trévise (2021 - 2024) -> Zebre Parma (2024 - 2026)
Giovanni MONTEMAURI,Giovanni MONTEMAURI,SO,Zebre,189,92,2000.10.24,,,,,A,https://all.rugby/player/giovanni-montemauri,Stade Français Paris Rugby (2019 - 2020) -> Lazio (2020 - 2022) -> Rugby Rovigo Delta (2022 - 2023) -> Zebre Parma (2023 - 2026),,,https://all.rugby/player/giovanni-montemauri,Stade Français Paris Rugby (2019 - 2020) -> Lazio (2020 - 2022) -> Rugby Rovigo Delta (2022 - 2023) -> Zebre Parma (2023 - 2026)
Martin ROGER FARIAS,Martin ROGER FARIAS,SO,Zebre,186,94,1997.10.22,,,,,A,https://all.rugby/player/martin-roger-farias,Club Atlético San Isidro (2020 - 2021) -> Rugby Viadana 1970 (2023 - 2025) -> Zebre Parma (2025 - 2026),,,https://all.rugby/player/martin-roger-farias,Club Atlético San Isidro (2020 - 2021) -> Rugby Viadana 1970 (2023 - 2025) -> Zebre Parma (2025 - 2026)
Damiano MAZZA,Damiano MAZZA,CTB,Zebre,183,99,1999.02.16,,,,,A,https://all.rugby/player/damiano-mazza,Rugby Calvisano (2018 - 2022) -> Zebre Parma (2022 - 2026),,,https://all.rugby/player/damiano-mazza,Rugby Calvisano (2018 - 2022) -> Zebre Parma (2022 - 2026)
Enrico LUCCHIN,Enrico LUCCHIN,CTB,Zebre,188,103,1995.04.04,,,,,A,https://all.rugby/player/enrico-lucchin,Zebre Parma (2019 - 2026),Italy,Italy,https://all.rugby/player/enrico-lucchin,Zebre Parma (2019 - 2026)
Giulio BERTACCINI,Giulio BERTACCINI,CTB,Zebre,184,93,2000.11.29,,,,,A,https://all.rugby/player/giulio-bertaccini,Valorugby Emilia (2019 - 2024) -> Zebre Parma (2024 - 2024) -> Valorugby Emilia (2024 - 2024) -> Zebre Parma (2025 - 2025) -> Valorugby Emilia (2025 - 2025) -> Zebre Parma (2025 - 2026),,,https://all.rugby/player/giulio-bertaccini,Valorugby Emilia (2019 - 2024) -> Zebre Parma (2024 - 2024) -> Valorugby Emilia (2024 - 2024) -> Zebre Parma (2025 - 2025) -> Valorugby Emilia (2025 - 2025) -> Zebre Parma (2025 - 2026)
Luca MORISI,Luca MORISI,CTB,Zebre,183,102,1991.02.22,,,,,A,https://all.rugby/player/luca-morisi,Benetton Rugby Trévise (2013 - 2022) -> London Irish (2022 - 2023) -> Zebre Parma (2023 - 2026),Italy,Italy,https://all.rugby/player/luca-morisi,Benetton Rugby Trévise (2013 - 2022) -> London Irish (2022 - 2023) -> Zebre Parma (2023 - 2026)
Marco ZANON,Marco ZANON,CTB,Zebre,188,104,1997.10.03,,,,,A,https://all.rugby/player/marco-zanon,Benetton Rugby Trévise (2017 - 2021) -> Section Paloise Béarn Pyrénées (2021 - 2021) -> Benetton Rugby Trévise (2022 - 2022) -> Section Paloise Béarn Pyrénées (2022 - 2022) -> Benetton Rugby Trévise (2022 - 2025) -> Zebre Parma (2025 - 2026),Italy,Italy,https://all.rugby/player/marco-zanon,Benetton Rugby Trévise (2017 - 2021) -> Section Paloise Béarn Pyrénées (2021 - 2021) -> Benetton Rugby Trévise (2022 - 2022) -> Section Paloise Béarn Pyrénées (2022 - 2022) -> Benetton Rugby Trévise (2022 - 2025) -> Zebre Parma (2025 - 2026)
Albert BATISTA,Albert BATISTA,Winger,Zebre,180,87,2000.06.10,,,,,A,https://all.rugby/player/albert-batista,Colorno (2020 - 2025) -> Zebre Parma (2025 - 2026),Dominican Republic,Dominican Republic,https://all.rugby/player/albert-batista,Colorno (2020 - 2025) -> Zebre Parma (2025 - 2026)
Jacopo TRULLA,Jacopo TRULLA,Winger,Zebre,183,88,2000.07.05,,,,,A,https://all.rugby/player/jacopo-trulla,Rugby Calvisano (2019 - 2019) -> Zebre Parma (2019 - 2019) -> Rugby Calvisano (2020 - 2020) -> Zebre Parma (2020 - 2026),Italy,Italy,https://all.rugby/player/jacopo-trulla,Rugby Calvisano (2019 - 2019) -> Zebre Parma (2019 - 2019) -> Rugby Calvisano (2020 - 2020) -> Zebre Parma (2020 - 2026)
Malik FAISSAL,Malik FAISSAL,Winger,Zebre,183,92,2006..,,,,,A,https://all.rugby/player/malik-faissal,Zebre Parma (2024 - 2026),,,https://all.rugby/player/malik-faissal,Zebre Parma (2024 - 2026)
Simone GESI,Simone GESI,Winger,Zebre,183,80,2001.05.23,,,,,A,https://all.rugby/player/simone-gesi,Colorno (2020 - 2021) -> Zebre Parma (2021 - 2021) -> Colorno (2022 - 2022) -> Zebre Parma (2022 - 2026),,,https://all.rugby/player/simone-gesi,Colorno (2020 - 2021) -> Zebre Parma (2021 - 2021) -> Colorno (2022 - 2022) -> Zebre Parma (2022 - 2026)
Lorenzo PANI,Lorenzo PANI,FB,Zebre,193,101,2002.07.04,,,,,A,https://all.rugby/player/lorenzo-pani,Benetton Rugby Trévise (2021 - 2021) -> Zebre Parma (2021 - 2021) -> Benetton Rugby Trévise (2022 - 2022) -> Zebre Parma (2022 - 2026),,,https://all.rugby/player/lorenzo-pani,Benetton Rugby Trévise (2021 - 2021) -> Zebre Parma (2021 - 2021) -> Benetton Rugby Trévise (2022 - 2022) -> Zebre Parma (2022 - 2026)
Mirko BELLONI,Mirko BELLONI,FB,Zebre,187,99,2004..,,,,,A,https://all.rugby/player/mirko-belloni,Verona Rugby (2022 - 2024) -> Rugby Rovigo Delta (2024 - 2025) -> Zebre Parma (2025 - 2026),,,https://all.rugby/player/mirko-belloni,Verona Rugby (2022 - 2024) -> Rugby Rovigo Delta (2024 - 2025) -> Zebre Parma (2025 - 2026)
Migael PRINSLOO,Migael PRINSLOO,SH,Zebre,181,82,2006..,,,,,A,https://all.rugby/player/migael-prinsloo,Benetton Rugby Trévise (2024 - 2025) -> Zebre Parma (2025 - 2026),,,https://all.rugby/player/migael-prinsloo,Benetton Rugby Trévise (2024 - 2025) -> Zebre Parma (2025 - 2026)
Nikolaj VAROTTO,Nikolaj VAROTTO,SH,Zebre,170,80,2006..,,,,,A,https://all.rugby/player/nikolaj-varotto,Zebre Parma (2025 - 2026),,,https://all.rugby/player/nikolaj-varotto,Zebre Parma (2025 - 2026)
Alec HEPBURN,Alec HEPBURN,PR,Scarlets,186,114,1993.03.30,,,,,A,https://all.rugby/player/alec-hepburn,Exeter Chiefs (2014 - 2024) -> Scarlets (2024 - 2026),Australia,Australia,https://all.rugby/player/alec-hepburn,Exeter Chiefs (2014 - 2024) -> Scarlets (2024 - 2026)
Archer HOLZ,Archer HOLZ,PR,Scarlets,189,128,2000.03.01,,,,,A,https://all.rugby/player/archer-holz,Eastern Suburbs RFC (2019 - 2020) -> Brumbies (2020 - 2021) -> New South Wales Waratahs (2021 - 2023) -> Stade Rochelais (2023 - 2023) -> New South Wales Waratahs (2023 - 2023) -> Stade Rochelais (2024 - 2024) -> New South Wales Waratahs (2024 - 2024) -> Scarlets (2024 - 2026),,,https://all.rugby/player/archer-holz,Eastern Suburbs RFC (2019 - 2020) -> Brumbies (2020 - 2021) -> New South Wales Waratahs (2021 - 2023) -> Stade Rochelais (2023 - 2023) -> New South Wales Waratahs (2023 - 2023) -> Stade Rochelais (2024 - 2024) -> New South Wales Waratahs (2024 - 2024) -> Scarlets (2024 - 2026)
Harri O'CONNOR,Harri O'CONNOR,PR,Scarlets,182,118,2000.10.25,,,,,A,https://all.rugby/player/harri-o-connor,Bath Rugby (2018 - 2019) -> Scarlets (2019 - 2026),England,England,https://all.rugby/player/harri-o-connor,Bath Rugby (2018 - 2019) -> Scarlets (2019 - 2026)
Henry THOMAS,Henry THOMAS,PR,Scarlets,188,120,1991.10.30,,,,,A,https://all.rugby/player/henry-thomas,Sale Sharks (2013 - 2014) -> Bath Rugby (2014 - 2021) -> Montpellier Hérault Rugby (2021 - 2023) -> Castres Olympique (2023 - 2023) -> Montpellier Hérault Rugby (2024 - 2024) -> Castres Olympique (2024 - 2024) -> Scarlets (2024 - 2026),England,England,https://all.rugby/player/henry-thomas,Sale Sharks (2013 - 2014) -> Bath Rugby (2014 - 2021) -> Montpellier Hérault Rugby (2021 - 2023) -> Castres Olympique (2023 - 2023) -> Montpellier Hérault Rugby (2024 - 2024) -> Castres Olympique (2024 - 2024) -> Scarlets (2024 - 2026)
Kemsley MATHIAS,Kemsley MATHIAS,PR,Scarlets,185,121,1999.07.29,,,,,A,https://all.rugby/player/kemsley-mathias,Scarlets (2018 - 2026),Wales,Wales,https://all.rugby/player/kemsley-mathias,Scarlets (2018 - 2026)
Sam O'CONNOR,Sam O'CONNOR,PR,Scarlets,185,117,2001.12.11,,,,,A,https://all.rugby/player/sam-o-connor,Scarlets (2021 - 2026),,,https://all.rugby/player/sam-o-connor,Scarlets (2021 - 2026)
Kirby MYHILL,Kirby MYHILL,HO,Scarlets,183,108,1992.02.05,,,,,A,https://all.rugby/player/kirby-myhill,Scarlets (2013 - 2016) -> Cardiff Rugby (2016 - 2023) -> Miami Sharks (2023 - 2025) -> Scarlets (2025 - 2026),,,https://all.rugby/player/kirby-myhill,Scarlets (2013 - 2016) -> Cardiff Rugby (2016 - 2023) -> Miami Sharks (2023 - 2025) -> Scarlets (2025 - 2026)
Marnus VAN DER MERWE,Marnus VAN DER MERWE,HO,Scarlets,186,115,1997.02.17,,,,,A,https://all.rugby/player/marnus-van-der-merwe,Central Cheetahs (2018 - 2020) -> Free State Cheetahs (2020 - 2022) -> Central Cheetahs (2022 - 2023) -> Ospreys (2023 - 2023) -> Central Cheetahs (2023 - 2023) -> Ospreys (2024 - 2024) -> Central Cheetahs (2024 - 2024) -> Scarlets (2024 - 2026),,,https://all.rugby/player/marnus-van-der-merwe,Central Cheetahs (2018 - 2020) -> Free State Cheetahs (2020 - 2022) -> Central Cheetahs (2022 - 2023) -> Ospreys (2023 - 2023) -> Central Cheetahs (2023 - 2023) -> Ospreys (2024 - 2024) -> Central Cheetahs (2024 - 2024) -> Scarlets (2024 - 2026)
Ryan ELIAS,Ryan ELIAS,HO,Scarlets,188,115,1995.01.07,,,,,A,https://all.rugby/player/ryan-elias,Scarlets (2014 - 2026),Wales,Wales,https://all.rugby/player/ryan-elias,Scarlets (2014 - 2026)
Jac PRICE,Jac PRICE,LO,Scarlets,198,115,2000.08.04,,,,,A,https://all.rugby/player/jac-price-2000,Scarlets (2018 - 2026),,,https://all.rugby/player/jac-price-2000,Scarlets (2018 - 2026)
Jake BALL,Jake BALL,LO,Scarlets,200,121,1991.06.21,,,,,A,https://all.rugby/player/jake-ball,Scarlets (2013 - 2021) -> Green Rockets Tokatsu (2021 - 2025) -> Scarlets (2025 - 2026),England,England,https://all.rugby/player/jake-ball,Scarlets (2013 - 2021) -> Green Rockets Tokatsu (2021 - 2025) -> Scarlets (2025 - 2026)
Max DOUGLAS,Max DOUGLAS,LO,Scarlets,200,112,2000.01.01,,,,,A,https://all.rugby/player/max-douglas,Manly Marlins (2018 - 2019) -> New South Wales Waratahs (2019 - 2021) -> Manly Marlins (2021 - 2021) -> New South Wales Waratahs (2022 - 2022) -> Manly Marlins (2022 - 2022) -> Yokohama Canon Eagles (2022 - 2024) -> Scarlets (2024 - 2026),,,https://all.rugby/player/max-douglas,Manly Marlins (2018 - 2019) -> New South Wales Waratahs (2019 - 2021) -> Manly Marlins (2021 - 2021) -> New South Wales Waratahs (2022 - 2022) -> Manly Marlins (2022 - 2022) -> Yokohama Canon Eagles (2022 - 2024) -> Scarlets (2024 - 2026)
Sam LOUSI,Sam LOUSI,LO,Scarlets,198,121,1991.07.20,,,,,A,https://all.rugby/player/sam-lousi,New South Wales Waratahs (2014 - 2016) -> Hurricanes (2016 - 2019) -> Scarlets (2019 - 2026),New Zealand,New Zealand,https://all.rugby/player/sam-lousi,New South Wales Waratahs (2014 - 2016) -> Hurricanes (2016 - 2019) -> Scarlets (2019 - 2026)
Taine PLUMTREE,Taine PLUMTREE,LO,Scarlets,195,108,2000.03.09,,,,,A,https://all.rugby/player/taine-plumtree,Wellington Lions (2019 - 2020) -> Blues (2020 - 2020) -> Wellington Lions (2020 - 2020) -> Blues (2021 - 2021) -> Wellington Lions (2021 - 2021) -> Blues (2021 - 2021) -> Wellington Lions (2021 - 2021) -> Blues (2022 - 2022) -> Wellington Lions (2022 - 2022) -> Blues (2022 - 2023) -> Scarlets (2023 - 2026),New Zealand,New Zealand,https://all.rugby/player/taine-plumtree,Wellington Lions (2019 - 2020) -> Blues (2020 - 2020) -> Wellington Lions (2020 - 2020) -> Blues (2021 - 2021) -> Wellington Lions (2021 - 2021) -> Blues (2021 - 2021) -> Wellington Lions (2021 - 2021) -> Blues (2022 - 2022) -> Wellington Lions (2022 - 2022) -> Blues (2022 - 2023) -> Scarlets (2023 - 2026)
Ben WILLIAMS,Ben WILLIAMS,Back row,Scarlets,188,108,2002.04.23,,,,,A,https://all.rugby/player/ben-williams-14088,Aberavon RFC (2021 - 2022) -> Scarlets (2022 - 2026),,,https://all.rugby/player/ben-williams-14088,Aberavon RFC (2021 - 2022) -> Scarlets (2022 - 2026)
Dan DAVIS,Dan DAVIS,Back row,Scarlets,182,101,1998.09.17,,,,,A,https://all.rugby/player/dan-davis,Scarlets (2017 - 2026),,,https://all.rugby/player/dan-davis,Scarlets (2017 - 2026)
Fletcher ANDERSON,Fletcher ANDERSON,Back row,Scarlets,187,109,2002.12.27,,,,,A,https://all.rugby/player/fletcher-anderson,Tasman Mako (2021 - 2022) -> Crusaders (2022 - 2023) -> Tasman Mako (2023 - 2023) -> Crusaders (2024 - 2024) -> Tasman Mako (2024 - 2024) -> Crusaders (2024 - 2024) -> Tasman Mako (2024 - 2024) -> Crusaders (2025 - 2025) -> Tasman Mako (2025 - 2025) -> Scarlets (2025 - 2026),,,https://all.rugby/player/fletcher-anderson,Tasman Mako (2021 - 2022) -> Crusaders (2022 - 2023) -> Tasman Mako (2023 - 2023) -> Crusaders (2024 - 2024) -> Tasman Mako (2024 - 2024) -> Crusaders (2024 - 2024) -> Tasman Mako (2024 - 2024) -> Crusaders (2025 - 2025) -> Tasman Mako (2025 - 2025) -> Scarlets (2025 - 2026)
Jarrod TAYLOR,Jarrod TAYLOR,Back row,Scarlets,188,100,2001.02.15,,,,,A,https://all.rugby/player/jarrod-taylor,Western Province (2021 - 2023) -> Stormers (2023 - 2023) -> Scarlets (2023 - 2023) -> Stormers (2024 - 2024) -> Scarlets (2024 - 2026),,,https://all.rugby/player/jarrod-taylor,Western Province (2021 - 2023) -> Stormers (2023 - 2023) -> Scarlets (2023 - 2023) -> Stormers (2024 - 2024) -> Scarlets (2024 - 2026)
Josh MACLEOD,Josh MACLEOD,Back row,Scarlets,189,110,1996.10.27,,,,,A,https://all.rugby/player/josh-macleod,Scarlets (2016 - 2026),,,https://all.rugby/player/josh-macleod,Scarlets (2016 - 2026)
Tristan DAVIES,Tristan DAVIES,Back row,Scarlets,193,104,2001.09.30,,,,,A,https://all.rugby/player/tristan-davies,Ospreys (2020 - 2023) -> Central Cheetahs (2023 - 2023) -> Ospreys (2024 - 2024) -> Central Cheetahs (2024 - 2024) -> Ospreys (2024 - 2025) -> Scarlets (2025 - 2026),,,https://all.rugby/player/tristan-davies,Ospreys (2020 - 2023) -> Central Cheetahs (2023 - 2023) -> Ospreys (2024 - 2024) -> Central Cheetahs (2024 - 2024) -> Ospreys (2024 - 2025) -> Scarlets (2025 - 2026)
Archie HUGHES,Archie HUGHES,SH,Scarlets,173,77,2003.02.14,,,,,A,https://all.rugby/player/archie-hughes,Scarlets (2021 - 2026),,,https://all.rugby/player/archie-hughes,Scarlets (2021 - 2026)
Dane BLACKER,Dane BLACKER,SH,Scarlets,178,78,1998.07.06,,,,,A,https://all.rugby/player/dane-blacker,Dragons RFC (2017 - 2017) -> Cardiff Rugby (2017 - 2017) -> Dragons RFC (2018 - 2018) -> Cardiff Rugby (2018 - 2019) -> Scarlets (2019 - 2023) -> Dragons RFC (2023 - 2025) -> Scarlets (2025 - 2026),,,https://all.rugby/player/dane-blacker,Dragons RFC (2017 - 2017) -> Cardiff Rugby (2017 - 2017) -> Dragons RFC (2018 - 2018) -> Cardiff Rugby (2018 - 2019) -> Scarlets (2019 - 2023) -> Dragons RFC (2023 - 2025) -> Scarlets (2025 - 2026)
Gareth DAVIES,Gareth DAVIES,SH,Scarlets,178,88,1990.08.18,,,,,A,https://all.rugby/player/gareth-davies-1990,Scarlets (2013 - 2026),Wales,Wales,https://all.rugby/player/gareth-davies-1990,Scarlets (2013 - 2026)
Billy MCBRYDE,Billy MCBRYDE,SO,Scarlets,177,94,1996.10.24,,,,,A,https://all.rugby/player/billy-mcbryde,Ospreys (2015 - 2017) -> Scarlets (2017 - 2018) -> RGC 1404 (2018 - 2020) -> Doncaster Knights (2020 - 2024) -> RGC 1404 (2024 - 2025) -> Scarlets (2025 - 2025) -> RGC 1404 (2026 - 2026) -> Scarlets (2026 - 2026),,,https://all.rugby/player/billy-mcbryde,Ospreys (2015 - 2017) -> Scarlets (2017 - 2018) -> RGC 1404 (2018 - 2020) -> Doncaster Knights (2020 - 2024) -> RGC 1404 (2024 - 2025) -> Scarlets (2025 - 2025) -> RGC 1404 (2026 - 2026) -> Scarlets (2026 - 2026)
Sam COSTELOW,Sam COSTELOW,SO,Scarlets,175,84,2001.01.10,,,,,A,https://all.rugby/player/sam-costelow,Leicester Tigers (2018 - 2020) -> Scarlets (2020 - 2026),Wales,Wales,https://all.rugby/player/sam-costelow,Leicester Tigers (2018 - 2020) -> Scarlets (2020 - 2026)
Eddie JAMES,Eddie JAMES,CTB,Scarlets,193,104,2002.08.10,,,,,A,https://all.rugby/player/eddie-james,Scarlets (2020 - 2026),,,https://all.rugby/player/eddie-james,Scarlets (2020 - 2026)
Ioan NICHOLAS,Ioan NICHOLAS,CTB,Scarlets,182,92,1998.04.03,,,,,A,https://all.rugby/player/ioan-nicholas,Scarlets (2015 - 2017) -> Benetton Rugby Trévise (2017 - 2017) -> Scarlets (2018 - 2018) -> Benetton Rugby Trévise (2018 - 2018) -> Scarlets (2018 - 2026),,,https://all.rugby/player/ioan-nicholas,Scarlets (2015 - 2017) -> Benetton Rugby Trévise (2017 - 2017) -> Scarlets (2018 - 2018) -> Benetton Rugby Trévise (2018 - 2018) -> Scarlets (2018 - 2026)
Joe HAWKINS,Joe HAWKINS,CTB,Scarlets,183,99,2002.06.11,,,,,A,https://all.rugby/player/joe-hawkins,Ospreys (2019 - 2023) -> Exeter Chiefs (2023 - 2025) -> Scarlets (2025 - 2026),,,https://all.rugby/player/joe-hawkins,Ospreys (2019 - 2023) -> Exeter Chiefs (2023 - 2025) -> Scarlets (2025 - 2026)
Joe ROBERTS,Joe ROBERTS,CTB,Scarlets,182,96,2000.05.10,,,,,A,https://all.rugby/player/joe-roberts,Scarlets (2018 - 2020) -> Ampthill Rugby (2020 - 2020) -> Scarlets (2020 - 2020) -> Ampthill Rugby (2021 - 2021) -> Scarlets (2021 - 2026),Wales,Wales,https://all.rugby/player/joe-roberts,Scarlets (2018 - 2020) -> Ampthill Rugby (2020 - 2020) -> Scarlets (2020 - 2020) -> Ampthill Rugby (2021 - 2021) -> Scarlets (2021 - 2026)
Johnny WILLIAMS,Johnny WILLIAMS,CTB,Scarlets,191,105,1996.10.18,,,,,A,https://all.rugby/player/johnny-williams-1996,London Irish (2015 - 2018) -> Newcastle (2018 - 2019) -> Scarlets (2019 - 2019) -> Newcastle (2020 - 2020) -> Scarlets (2020 - 2026),England,England,https://all.rugby/player/johnny-williams-1996,London Irish (2015 - 2018) -> Newcastle (2018 - 2019) -> Scarlets (2019 - 2019) -> Newcastle (2020 - 2020) -> Scarlets (2020 - 2026)
Macs PAGE,Macs PAGE,CTB,Scarlets,176,88,2004..,,,,,A,https://all.rugby/player/macs-page,Scarlets (2022 - 2026),,,https://all.rugby/player/macs-page,Scarlets (2022 - 2026)
Ellis MEE,Ellis MEE,Winger,Scarlets,193,92,2003.10.06,,,,,A,https://all.rugby/player/ellis-mee,Nottingham Rugby (2023 - 2024) -> Scarlets (2024 - 2026),,,https://all.rugby/player/ellis-mee,Nottingham Rugby (2023 - 2024) -> Scarlets (2024 - 2026)
Tom ROGERS,Tom ROGERS,Winger,Scarlets,185,87,1998.12.17,,,,,A,https://all.rugby/player/tom-rogers,Scarlets (2017 - 2026),Wales,Wales,https://all.rugby/player/tom-rogers,Scarlets (2017 - 2026)
Blair MURRAY,Blair MURRAY,FB,Scarlets,173,83,2001.10.09,,,,,A,https://all.rugby/player/blair-murray,Canterbury (2021 - 2024) -> Scarlets (2024 - 2026),New Zealand,New Zealand,https://all.rugby/player/blair-murray,Canterbury (2021 - 2024) -> Scarlets (2024 - 2026)
Tomi LEWIS,Tomi LEWIS,FB,Scarlets,185,87,1999.01.17,,,,,A,https://all.rugby/player/tomi-lewis,Scarlets (2017 - 2019) -> Ampthill Rugby (2019 - 2020) -> Scarlets (2020 - 2022) -> Jersey Reds (2022 - 2023) -> Scarlets (2023 - 2026),,,https://all.rugby/player/tomi-lewis,Scarlets (2017 - 2019) -> Ampthill Rugby (2019 - 2020) -> Scarlets (2020 - 2022) -> Jersey Reds (2022 - 2023) -> Scarlets (2023 - 2026)
Gabe HAWLEY,Gabe HAWLEY,PR,Scarlets,190,130,,,,,,A,https://all.rugby/player/gabe-hawley,Ealing Trailfinders (2023 - 2024) -> Scarlets (2024 - 2026),,,https://all.rugby/player/gabe-hawley,Ealing Trailfinders (2023 - 2024) -> Scarlets (2024 - 2026)
Hudson NEVIN,Hudson NEVIN,PR,Scarlets,188,113,,,,,,A,https://all.rugby/player/hudson-nevin,Scarlets (2025 - 2026),,,https://all.rugby/player/hudson-nevin,Scarlets (2025 - 2026)
Jac PRITCHARD,Jac PRITCHARD,PR,Scarlets,178,120,2006..,,,,,A,https://all.rugby/player/jac-pritchard,Scarlets (2024 - 2026),,,https://all.rugby/player/jac-pritchard,Scarlets (2024 - 2026)
Josh MORSE,Josh MORSE,PR,Scarlets,180,118,2004..,,,,,A,https://all.rugby/player/josh-morse,Scarlets (2022 - 2026),,,https://all.rugby/player/josh-morse,Scarlets (2022 - 2026)
Tom PHILLIPS,Tom PHILLIPS,PR,Scarlets,,,,,,,,A,https://all.rugby/player/tom-phillips-,Scarlets (2024 - 2026),,,https://all.rugby/player/tom-phillips-,Scarlets (2024 - 2026)
Yestyn COOK,Yestyn COOK,PR,Scarlets,193,133,2006..,,,,,A,https://all.rugby/player/yestyn-cook,Scarlets (2024 - 2026),,,https://all.rugby/player/yestyn-cook,Scarlets (2024 - 2026)
Harry THOMAS,Harry THOMAS,HO,Scarlets,185,108,2005..,,,,,A,https://all.rugby/player/harry-thomas,Scarlets (2023 - 2026),,,https://all.rugby/player/harry-thomas,Scarlets (2023 - 2026)
Isaac YOUNG,Isaac YOUNG,HO,Scarlets,180,105,2004..,,,,,A,https://all.rugby/player/isaac-young,Scarlets (2022 - 2026),,,https://all.rugby/player/isaac-young,Scarlets (2022 - 2026)
Dylan ALFORD,Dylan ALFORD,LO,Scarlets,198,,,,,,,A,https://all.rugby/player/dylan-alford,Scarlets (2024 - 2026),,,https://all.rugby/player/dylan-alford,Scarlets (2024 - 2026)
Harvey CUCKSON,Harvey CUCKSON,LO,Scarlets,200,120,2004.01.16,,,,,A,https://all.rugby/player/harvey-cuckson,Worcester Warriors (2021 - 2022) -> Bath Rugby (2022 - 2022) -> Worcester Warriors (2023 - 2023) -> Bath Rugby (2023 - 2025) -> Worcester Warriors (2025 - 2025) -> Scarlets (2025 - 2025) -> Bath Rugby (2026 - 2026) -> Worcester Warriors (2026 - 2026) -> Scarlets (2026 - 2026),,,https://all.rugby/player/harvey-cuckson,Worcester Warriors (2021 - 2022) -> Bath Rugby (2022 - 2022) -> Worcester Warriors (2023 - 2023) -> Bath Rugby (2023 - 2025) -> Worcester Warriors (2025 - 2025) -> Scarlets (2025 - 2025) -> Bath Rugby (2026 - 2026) -> Worcester Warriors (2026 - 2026) -> Scarlets (2026 - 2026)
Kai JONES,Kai JONES,LO,Scarlets,,,,,,,,A,https://all.rugby/player/kai-jones,Scarlets (2025 - 2026),,,https://all.rugby/player/kai-jones,Scarlets (2025 - 2026)
Sam WILLIAMS,Sam WILLIAMS,LO,Scarlets,,,,,,,,A,https://all.rugby/player/sam-williams-21689,Scarlets (2025 - 2026),,,https://all.rugby/player/sam-williams-21689,Scarlets (2025 - 2026)
Will EVANS,Will EVANS,LO,Scarlets,198,117,,,,,,A,https://all.rugby/player/will-evans,Scarlets (2024 - 2026),,,https://all.rugby/player/will-evans,Scarlets (2024 - 2026)
Dan GEMINE,Dan GEMINE,Back row,Scarlets,189,107,2005..,,,,,A,https://all.rugby/player/dan-gemine,Ospreys (2023 - 2025) -> Llandovery RFC (2025 - 2025) -> Scarlets (2025 - 2025) -> Llandovery RFC (2026 - 2026) -> Scarlets (2026 - 2026),,,https://all.rugby/player/dan-gemine,Ospreys (2023 - 2025) -> Llandovery RFC (2025 - 2025) -> Scarlets (2025 - 2025) -> Llandovery RFC (2026 - 2026) -> Scarlets (2026 - 2026)
Dom KOSSUTH,Dom KOSSUTH,Back row,Scarlets,188,107,2007..,,,,,A,https://all.rugby/player/dom-kossuth,Scarlets (2025 - 2026),,,https://all.rugby/player/dom-kossuth,Scarlets (2025 - 2026)
Joe DENMAN,Joe DENMAN,Back row,Scarlets,183,87,2006..,,,,,A,https://all.rugby/player/joe-denman,Scarlets (2025 - 2026),,,https://all.rugby/player/joe-denman,Scarlets (2025 - 2026)
Keanu EVANS,Keanu EVANS,Back row,Scarlets,,,2006..,,,,,A,https://all.rugby/player/keanu-evans,Scarlets (2024 - 2026),,,https://all.rugby/player/keanu-evans,Scarlets (2024 - 2026)
Osian WILLIAMS,Osian WILLIAMS,Back row,Scarlets,191,106,2006..,,,,,A,https://all.rugby/player/osian-williams,Scarlets (2025 - 2026),,,https://all.rugby/player/osian-williams,Scarlets (2025 - 2026)
Tiaan SPARROW,Tiaan SPARROW,Back row,Scarlets,,,,,,,,A,https://all.rugby/player/tiaan-sparrow,Scarlets (2024 - 2026),,,https://all.rugby/player/tiaan-sparrow,Scarlets (2024 - 2026)
Rhodri LEWIS,Rhodri LEWIS,SH,Scarlets,175,80,2004..,,,,,A,https://all.rugby/player/rhodri-lewis,Ospreys (2021 - 2024) -> Scarlets (2024 - 2026),,,https://all.rugby/player/rhodri-lewis,Ospreys (2021 - 2024) -> Scarlets (2024 - 2026)
Carwyn LEGGATT-JONES,Carwyn LEGGATT-JONES,SO,Scarlets,170,84,2007..,,,,,A,https://all.rugby/player/carwyn-leggatt-jones,Scarlets (2025 - 2026),,,https://all.rugby/player/carwyn-leggatt-jones,Scarlets (2025 - 2026)
Steff Jac JONES,Steff Jac JONES,SO,Scarlets,175,83,2006..,,,,,A,https://all.rugby/player/steff-jac-jones,Scarlets (2024 - 2026),,,https://all.rugby/player/steff-jac-jones,Scarlets (2024 - 2026)
Elis PRICE,Elis PRICE,CTB,Scarlets,193,89,2005..,,,,,A,https://all.rugby/player/elis-price,Scarlets (2023 - 2026),,,https://all.rugby/player/elis-price,Scarlets (2023 - 2026)
Gabe MCDONALD,Gabe MCDONALD,CTB,Scarlets,190,93,2004..,,,,,A,https://all.rugby/player/gabe-mcdonald,Scarlets (2023 - 2026),,,https://all.rugby/player/gabe-mcdonald,Scarlets (2023 - 2026)
Gryff WATKINS,Gryff WATKINS,CTB,Scarlets,,,,,,,,A,https://all.rugby/player/gryff-watkins,Scarlets (2025 - 2026),,,https://all.rugby/player/gryff-watkins,Scarlets (2025 - 2026)
Callum WOOLLEY,Callum WOOLLEY,Winger,Scarlets,193,,,,,,,A,https://all.rugby/player/callum-woolley,Scarlets (2024 - 2026),,,https://all.rugby/player/callum-woolley,Scarlets (2024 - 2026)
Thomas WILLIAMS,Thomas WILLIAMS,Winger,Scarlets,,,,,,,,A,https://all.rugby/player/thomas-williams,Scarlets (2025 - 2026),,,https://all.rugby/player/thomas-williams,Scarlets (2025 - 2026)
Ioan JONES,Ioan JONES,FB,Scarlets,181,80,2004..,,,,,A,https://all.rugby/player/ioan-jones,Gloucester Rugby (2022 - 2023) -> Hartpury RFC (2023 - 2023) -> Gloucester Rugby (2023 - 2023) -> Hartpury RFC (2024 - 2024) -> Gloucester Rugby (2024 - 2024) -> Hartpury RFC (2024 - 2024) -> Gloucester Rugby (2025 - 2025) -> Hartpury RFC (2025 - 2025) -> Scarlets (2025 - 2026),,,https://all.rugby/player/ioan-jones,Gloucester Rugby (2022 - 2023) -> Hartpury RFC (2023 - 2023) -> Gloucester Rugby (2023 - 2023) -> Hartpury RFC (2024 - 2024) -> Gloucester Rugby (2024 - 2024) -> Hartpury RFC (2024 - 2024) -> Gloucester Rugby (2025 - 2025) -> Hartpury RFC (2025 - 2025) -> Scarlets (2025 - 2026)
Iori BADHAM,Iori BADHAM,FB,Scarlets,183,80,2005..,,,,,A,https://all.rugby/player/iori-badham,Scarlets (2023 - 2026),,,https://all.rugby/player/iori-badham,Scarlets (2023 - 2026)
Jac DAVIES,Jac DAVIES,FB,Scarlets,183,85,2003.09.11,,,,,A,https://all.rugby/player/jac-davies,Scarlets (2022 - 2026),,,https://all.rugby/player/jac-davies,Scarlets (2022 - 2026)
Sion JONES,Sion JONES,FB,Scarlets,,,,,,,,A,https://all.rugby/player/sion-jones,Scarlets (2025 - 2026),,,https://all.rugby/player/sion-jones,Scarlets (2025 - 2026)
Ali VERMAAK,Ali VERMAAK,PR,Stormers,179,113,1986.04.28,,,,,A,https://all.rugby/player/alistair-vermaak,Stormers (2013 - 2026),,,https://all.rugby/player/alistair-vermaak,Stormers (2013 - 2026)
Corné WEILBACH,Corné WEILBACH,PR,Stormers,186,128,2002.02.18,,,,,A,https://all.rugby/player/corne-weilbach,Western Province (2021 - 2022) -> Blue Bulls (2022 - 2023) -> Western Province (2023 - 2024) -> Stormers (2024 - 2026),,,https://all.rugby/player/corne-weilbach,Western Province (2021 - 2022) -> Blue Bulls (2022 - 2023) -> Western Province (2023 - 2024) -> Stormers (2024 - 2026)
Frans MALHERBE,Frans MALHERBE,PR,Stormers,190,141,1991.03.14,,,,,A,https://all.rugby/player/frans-malherbe,Stormers (2011 - 2026),South Africa,South Africa,https://all.rugby/player/frans-malherbe,Stormers (2011 - 2026)
Hencus VAN WYK,Hencus VAN WYK,PR,Stormers,183,120,1992.03.02,,,,,A,https://all.rugby/player/hencus-van-wyk,Bulls (2015 - 2016) -> Lions Rugby (2016 - 2017) -> Sunwolves (2017 - 2019) -> Central Cheetahs (2019 - 2019) -> Sunwolves (2020 - 2020) -> Central Cheetahs (2020 - 2020) -> Free State Cheetahs (2020 - 2021) -> San Diego Legion (2021 - 2022) -> Central Cheetahs (2022 - 2025) -> Stormers (2025 - 2026),,,https://all.rugby/player/hencus-van-wyk,Bulls (2015 - 2016) -> Lions Rugby (2016 - 2017) -> Sunwolves (2017 - 2019) -> Central Cheetahs (2019 - 2019) -> Sunwolves (2020 - 2020) -> Central Cheetahs (2020 - 2020) -> Free State Cheetahs (2020 - 2021) -> San Diego Legion (2021 - 2022) -> Central Cheetahs (2022 - 2025) -> Stormers (2025 - 2026)
Neethling FOUCHÉ,Neethling FOUCHÉ,PR,Stormers,189,120,1993.01.10,,,,,A,https://all.rugby/player/neethling-fouche,Stormers (2017 - 2019) -> Central Cheetahs (2019 - 2020) -> Stormers (2020 - 2026),,,https://all.rugby/player/neethling-fouche,Stormers (2017 - 2019) -> Central Cheetahs (2019 - 2020) -> Stormers (2020 - 2026)
Ntuthuko MCHUNU,Ntuthuko MCHUNU,PR,Stormers,188,123,1999.04.05,,,,,A,https://all.rugby/player/ntuthuko-mchunu,Sharks (2021 - 2025) -> Stormers (2025 - 2026),South Africa,South Africa,https://all.rugby/player/ntuthuko-mchunu,Sharks (2021 - 2025) -> Stormers (2025 - 2026)
Oli KEBBLE,Oli KEBBLE,PR,Stormers,191,124,1992.06.18,,,,,A,https://all.rugby/player/oli-kebble,Stormers (2013 - 2017) -> Glasgow Warriors (2017 - 2024) -> Oyonnax Rugby (2024 - 2025) -> Stormers (2025 - 2026),South Africa,South Africa,https://all.rugby/player/oli-kebble,Stormers (2013 - 2017) -> Glasgow Warriors (2017 - 2024) -> Oyonnax Rugby (2024 - 2025) -> Stormers (2025 - 2026)
Oliver REID,Oliver REID,PR,Stormers,185,116,2006..,,,,,A,https://all.rugby/player/oliver-reid,Western Province (2024 - 2025) -> Stormers (2025 - 2026),,,https://all.rugby/player/oliver-reid,Western Province (2024 - 2025) -> Stormers (2025 - 2026)
Sazi SANDI,Sazi SANDI,PR,Stormers,181,124,1998.07.11,,,,,A,https://all.rugby/player/sazi-sandi,Western Province (2018 - 2019) -> Stormers (2019 - 2026),,,https://all.rugby/player/sazi-sandi,Western Province (2018 - 2019) -> Stormers (2019 - 2026)
Vernon MATONGO,Vernon MATONGO,PR,Stormers,179,120,2002.02.28,,,,,A,https://all.rugby/player/vernon-matongo,Western Province (2022 - 2024) -> Stormers (2024 - 2026),,,https://all.rugby/player/vernon-matongo,Western Province (2022 - 2024) -> Stormers (2024 - 2026)
Zach PORTHEN,Zach PORTHEN,PR,Stormers,189,124,2004..,,,,,A,https://all.rugby/player/zachary-porthen,Western Province (2022 - 2024) -> Stormers (2024 - 2024) -> Western Province (2025 - 2025) -> Stormers (2025 - 2026),,,https://all.rugby/player/zachary-porthen,Western Province (2022 - 2024) -> Stormers (2024 - 2024) -> Western Province (2025 - 2025) -> Stormers (2025 - 2026)
André-Hugo VENTER,André-Hugo VENTER,HO,Stormers,187,109,2001.09.10,,,,,A,https://all.rugby/player/andre-hugo-venter,Stormers (2020 - 2026),,,https://all.rugby/player/andre-hugo-venter,Stormers (2020 - 2026)
JJ KOTZÉ,JJ KOTZÉ,HO,Stormers,184,111,2000.11.06,,,,,A,https://all.rugby/player/jj-kotze,Stormers (2019 - 2026),,,https://all.rugby/player/jj-kotze,Stormers (2019 - 2026)
Lukhanyo VOKOZELA,Lukhanyo VOKOZELA,HO,Stormers,175,108,2002.02.05,,,,,A,https://all.rugby/player/lukhanyo-vokozela,Western Province (2021 - 2024) -> Stormers (2024 - 2026),,,https://all.rugby/player/lukhanyo-vokozela,Western Province (2021 - 2024) -> Stormers (2024 - 2026)
Siyabonga NTUBENI,Siyabonga NTUBENI,HO,Stormers,174,109,1991.02.18,,,,,A,https://all.rugby/player/siyabonga-ntubeni,Stormers (2013 - 2024) -> Sharks (2024 - 2024) -> Stormers (2024 - 2024) -> Sharks (2025 - 2025) -> Stormers (2025 - 2026),South Africa,South Africa,https://all.rugby/player/siyabonga-ntubeni,Stormers (2013 - 2024) -> Sharks (2024 - 2024) -> Stormers (2024 - 2024) -> Sharks (2025 - 2025) -> Stormers (2025 - 2026)
Vernon PAULO,Vernon PAULO,HO,Stormers,178,112,2001.07.16,,,,,A,https://all.rugby/player/vernon-paulo,North-West University (2022 - 2022) -> Leopards (2022 - 2022) -> North-West University (2023 - 2023) -> Leopards (2023 - 2023) -> Central Cheetahs (2023 - 2025) -> Stormers (2025 - 2025) -> Central Cheetahs (2026 - 2026) -> Stormers (2026 - 2026),,,https://all.rugby/player/vernon-paulo,North-West University (2022 - 2022) -> Leopards (2022 - 2022) -> North-West University (2023 - 2023) -> Leopards (2023 - 2023) -> Central Cheetahs (2023 - 2025) -> Stormers (2025 - 2025) -> Central Cheetahs (2026 - 2026) -> Stormers (2026 - 2026)
Adré SMITH,Adré SMITH,LO,Stormers,200,123,1997.06.04,,,,,A,https://all.rugby/player/adre-smith,Blue Bulls (2017 - 2019) -> Griquas (2019 - 2020) -> Stormers (2020 - 2020) -> Griquas (2020 - 2020) -> Stormers (2021 - 2021) -> Griquas (2021 - 2021) -> Stormers (2021 - 2024) -> Toyota Verblitz (2024 - 2024) -> Stormers (2025 - 2025) -> Toyota Verblitz (2025 - 2025) -> Stormers (2025 - 2026),,,https://all.rugby/player/adre-smith,Blue Bulls (2017 - 2019) -> Griquas (2019 - 2020) -> Stormers (2020 - 2020) -> Griquas (2020 - 2020) -> Stormers (2021 - 2021) -> Griquas (2021 - 2021) -> Stormers (2021 - 2024) -> Toyota Verblitz (2024 - 2024) -> Stormers (2025 - 2025) -> Toyota Verblitz (2025 - 2025) -> Stormers (2025 - 2026)
Alex GROVES,Alex GROVES,LO,Stormers,206,120,2001.01.05,,,,,A,https://all.rugby/player/alex-groves,Bristol Bears (2019 - 2021) -> Hartpury RFC (2021 - 2021) -> Sale Sharks (2021 - 2021) -> Bristol Bears (2022 - 2022) -> Hartpury RFC (2022 - 2022) -> Sale Sharks (2022 - 2024) -> Caldy RFC (2024 - 2024) -> Western Province (2024 - 2024) -> Sale Sharks (2025 - 2025) -> Caldy RFC (2025 - 2025) -> Western Province (2025 - 2025) -> Scarlets (2025 - 2025) -> Stormers (2025 - 2025) -> Scarlets (2026 - 2026) -> Stormers (2026 - 2026),,,https://all.rugby/player/alex-groves,Bristol Bears (2019 - 2021) -> Hartpury RFC (2021 - 2021) -> Sale Sharks (2021 - 2021) -> Bristol Bears (2022 - 2022) -> Hartpury RFC (2022 - 2022) -> Sale Sharks (2022 - 2024) -> Caldy RFC (2024 - 2024) -> Western Province (2024 - 2024) -> Sale Sharks (2025 - 2025) -> Caldy RFC (2025 - 2025) -> Western Province (2025 - 2025) -> Scarlets (2025 - 2025) -> Stormers (2025 - 2025) -> Scarlets (2026 - 2026) -> Stormers (2026 - 2026)
Ben-Jason DIXON,Ben-Jason DIXON,LO,Stormers,195,114,1998.04.29,,,,,A,https://all.rugby/player/ben-jason-dixon,Western Province (2018 - 2019) -> Stormers (2019 - 2026),,,https://all.rugby/player/ben-jason-dixon,Western Province (2018 - 2019) -> Stormers (2019 - 2026)
Connor EVANS,Connor EVANS,LO,Stormers,196,114,2002.01.24,,,,,A,https://all.rugby/player/connor-evans,Stormers (2021 - 2026),,,https://all.rugby/player/connor-evans,Stormers (2021 - 2026)
Gary PORTER,Gary PORTER,LO,Stormers,200,115,1996.07.22,,,,,A,https://all.rugby/player/gary-porter,Western Province (2017 - 2018) -> Ealing Trailfinders (2021 - 2022) -> Stormers (2022 - 2026),,,https://all.rugby/player/gary-porter,Western Province (2017 - 2018) -> Ealing Trailfinders (2021 - 2022) -> Stormers (2022 - 2026)
JD SCHICKERLING,JD SCHICKERLING,LO,Stormers,202,121,1995.05.09,,,,,A,https://all.rugby/player/jd-schickerling,Stormers (2015 - 2021) -> Kobelco Kobe Steelers (2021 - 2023) -> Kubota Spears Funabashi Tokyo-Bay (2023 - 2024) -> Stormers (2024 - 2026),,,https://all.rugby/player/jd-schickerling,Stormers (2015 - 2021) -> Kobelco Kobe Steelers (2021 - 2023) -> Kubota Spears Funabashi Tokyo-Bay (2023 - 2024) -> Stormers (2024 - 2026)
Riley NORTON,Riley NORTON,LO,Stormers,198,104,2006..,,,,,A,https://all.rugby/player/riley-norton,Western Province (2024 - 2025) -> Stormers (2025 - 2026),,,https://all.rugby/player/riley-norton,Western Province (2024 - 2025) -> Stormers (2025 - 2026)
Ruben VAN HEERDEN,Ruben VAN HEERDEN,LO,Stormers,200,121,1997.10.27,,,,,A,https://all.rugby/player/ruben-van-heerden,Bulls (2016 - 2018) -> Sharks (2018 - 2022) -> Exeter Chiefs (2022 - 2022) -> Stormers (2022 - 2022) -> Exeter Chiefs (2023 - 2023) -> Stormers (2023 - 2026),,,https://all.rugby/player/ruben-van-heerden,Bulls (2016 - 2018) -> Sharks (2018 - 2022) -> Exeter Chiefs (2022 - 2022) -> Stormers (2022 - 2022) -> Exeter Chiefs (2023 - 2023) -> Stormers (2023 - 2026)
Salmaan MOERAT,Salmaan MOERAT,LO,Stormers,200,122,1998.03.06,,,,,A,https://all.rugby/player/salmaan-moerat,Stormers (2017 - 2026),South Africa,South Africa,https://all.rugby/player/salmaan-moerat,Stormers (2017 - 2026)
Deon FOURIE,Deon FOURIE,Back row,Stormers,177,103,1986.09.25,,,,,A,https://all.rugby/player/deon-fourie,Stormers (2008 - 2014) -> Lyon Olympique Universitaire Rugby (2014 - 2019) -> FC Grenoble Rugby (2019 - 2021) -> Stormers (2021 - 2026),,,https://all.rugby/player/deon-fourie,Stormers (2008 - 2014) -> Lyon Olympique Universitaire Rugby (2014 - 2019) -> FC Grenoble Rugby (2019 - 2021) -> Stormers (2021 - 2026)
Divan FULLER,Divan FULLER,Back row,Stormers,187,100,2005..,,,,,A,https://all.rugby/player/divan-fuller,Western Province (2023 - 2025) -> Stormers (2025 - 2026),,,https://all.rugby/player/divan-fuller,Western Province (2023 - 2025) -> Stormers (2025 - 2026)
Evan ROOS,Evan ROOS,Back row,Stormers,191,109,2000.01.21,,,,,A,https://all.rugby/player/evan-roos,Sharks (2019 - 2020) -> Stormers (2020 - 2026),,,https://all.rugby/player/evan-roos,Sharks (2019 - 2020) -> Stormers (2020 - 2026)
Hacjivah DAYIMANI,Hacjivah DAYIMANI,Back row,Stormers,190,105,1997.09.23,,,,,A,https://all.rugby/player/hacjivah-dayimani,Lions Rugby (2017 - 2020) -> Western Province (2020 - 2020) -> Lions Rugby (2021 - 2021) -> Western Province (2021 - 2021) -> Stormers (2021 - 2024) -> Racing 92 (2024 - 2025) -> Stormers (2025 - 2025) -> Racing 92 (2026 - 2026) -> Stormers (2026 - 2026),,,https://all.rugby/player/hacjivah-dayimani,Lions Rugby (2017 - 2020) -> Western Province (2020 - 2020) -> Lions Rugby (2021 - 2021) -> Western Province (2021 - 2021) -> Stormers (2021 - 2024) -> Racing 92 (2024 - 2025) -> Stormers (2025 - 2025) -> Racing 92 (2026 - 2026) -> Stormers (2026 - 2026)
Keke MORABE,Keke MORABE,Back row,Stormers,188,118,2001.04.21,,,,,A,https://all.rugby/player/keke-morabe,Northern Free State Griffons (2017 - 2019) -> Western Province (2021 - 2022) -> Stormers (2022 - 2026),,,https://all.rugby/player/keke-morabe,Northern Free State Griffons (2017 - 2019) -> Western Province (2021 - 2022) -> Stormers (2022 - 2026)
Louw NEL,Louw NEL,Back row,Stormers,190,107,2002.08.09,,,,,A,https://all.rugby/player/louw-nel,Western Province (2021 - 2024) -> Stormers (2024 - 2026),,,https://all.rugby/player/louw-nel,Western Province (2021 - 2024) -> Stormers (2024 - 2026)
Marcel THEUNISSEN,Marcel THEUNISSEN,Back row,Stormers,191,103,1999.06.09,,,,,A,https://all.rugby/player/marcel-theunissen,Stormers (2019 - 2026),,,https://all.rugby/player/marcel-theunissen,Stormers (2019 - 2026)
Paul DE VILLIERS,Paul DE VILLIERS,Back row,Stormers,181,101,2003.01.13,,,,,A,https://all.rugby/player/paul-de-villiers,Western Province (2021 - 2022) -> Stormers (2022 - 2023) -> Western Province (2023 - 2024) -> Stormers (2024 - 2026),,,https://all.rugby/player/paul-de-villiers,Western Province (2021 - 2022) -> Stormers (2022 - 2023) -> Western Province (2023 - 2024) -> Stormers (2024 - 2026)
Ruan ACKERMANN,Ruan ACKERMANN,Back row,Stormers,194,115,1995.12.29,,,,,A,https://all.rugby/player/ruan-ackermann,Lions Rugby (2015 - 2017) -> Gloucester Rugby (2017 - 2025) -> Stormers (2025 - 2026),,,https://all.rugby/player/ruan-ackermann,Lions Rugby (2015 - 2017) -> Gloucester Rugby (2017 - 2025) -> Stormers (2025 - 2026)
Wandile MLABA,Wandile MLABA,Back row,Stormers,191,102,2005..,,,,,A,https://all.rugby/player/wandile-mlaba,Western Province (2024 - 2025) -> Stormers (2025 - 2026),,,https://all.rugby/player/wandile-mlaba,Western Province (2024 - 2025) -> Stormers (2025 - 2026)
Asad MOOS,Asad MOOS,SH,Stormers,173,75,2004.01.07,,,,,A,https://all.rugby/player/asad-moos,Western Province (2023 - 2025) -> Stormers (2025 - 2026),,,https://all.rugby/player/asad-moos,Western Province (2023 - 2025) -> Stormers (2025 - 2026)
Cobus REINACH,Cobus REINACH,SH,Stormers,175,85,1990.02.07,,,,,A,https://all.rugby/player/cobus-reinach,Sharks (2013 - 2017) -> Northampton Saints (2017 - 2020) -> Montpellier Hérault Rugby (2020 - 2025) -> Stormers (2025 - 2026),South Africa,South Africa,https://all.rugby/player/cobus-reinach,Sharks (2013 - 2017) -> Northampton Saints (2017 - 2020) -> Montpellier Hérault Rugby (2020 - 2025) -> Stormers (2025 - 2026)
Dewaldt DUVENAGE,Dewaldt DUVENAGE,SH,Stormers,175,82,1988.05.22,,,,,A,https://all.rugby/player/dewaldt-duvenage,Union Sportive Arlequins Perpignanais (2013 - 2016) -> Stormers (2016 - 2018) -> Benetton Rugby Trévise (2018 - 2024) -> Stormers (2024 - 2026),,,https://all.rugby/player/dewaldt-duvenage,Union Sportive Arlequins Perpignanais (2013 - 2016) -> Stormers (2016 - 2018) -> Benetton Rugby Trévise (2018 - 2024) -> Stormers (2024 - 2026)
Imad KHAN,Imad KHAN,SH,Stormers,179,84,2003.12.02,,,,,A,https://all.rugby/player/imad-khan,Western Province (2021 - 2022) -> Stormers (2022 - 2023) -> Western Province (2023 - 2024) -> Stormers (2024 - 2026),,,https://all.rugby/player/imad-khan,Western Province (2021 - 2022) -> Stormers (2022 - 2023) -> Western Province (2023 - 2024) -> Stormers (2024 - 2026)
Stefan UNGERER,Stefan UNGERER,SH,Stormers,183,93,1993.11.23,,,,,A,https://all.rugby/player/stefan-ungerer,Sharks (2013 - 2016) -> Southern Kings (2016 - 2020) -> Griquas (2020 - 2021) -> Stormers (2021 - 2021) -> Griquas (2022 - 2022) -> Stormers (2022 - 2026),,,https://all.rugby/player/stefan-ungerer,Sharks (2013 - 2016) -> Southern Kings (2016 - 2020) -> Griquas (2020 - 2021) -> Stormers (2021 - 2021) -> Griquas (2022 - 2022) -> Stormers (2022 - 2026)
Damian WILLEMSE,Damian WILLEMSE,SO,Stormers,187,100,1998.05.07,,,,,A,https://all.rugby/player/damian-willemse,Stormers (2016 - 2019) -> Saracens (2019 - 2019) -> Stormers (2019 - 2019) -> Saracens (2020 - 2020) -> Stormers (2020 - 2026),South Africa,South Africa,https://all.rugby/player/damian-willemse,Stormers (2016 - 2019) -> Saracens (2019 - 2019) -> Stormers (2019 - 2019) -> Saracens (2020 - 2020) -> Stormers (2020 - 2026)
Jean-Luc DU PLESSIS,Jean-Luc DU PLESSIS,SO,Stormers,180,95,1994.05.07,,,,,A,https://all.rugby/player/jean-luc-du-plessis,Stormers (2015 - 2020) -> Mie Honda Heat RFC (2021 - 2022) -> Stormers (2022 - 2026),,,https://all.rugby/player/jean-luc-du-plessis,Stormers (2015 - 2020) -> Mie Honda Heat RFC (2021 - 2022) -> Stormers (2022 - 2026)
Jurie MATTHEE,Jurie MATTHEE,SO,Stormers,191,92,2000.11.04,,,,,A,https://all.rugby/player/jurie-matthee,Western Province (2022 - 2023) -> Stormers (2023 - 2026),,,https://all.rugby/player/jurie-matthee,Western Province (2022 - 2023) -> Stormers (2023 - 2026)
Kyle SMITH,Kyle SMITH,SO,Stormers,188,88,2005..,,,,,A,https://all.rugby/player/kyle-smith,Western Province (2023 - 2025) -> Stormers (2025 - 2026),,,https://all.rugby/player/kyle-smith,Western Province (2023 - 2025) -> Stormers (2025 - 2026)
Sacha FEINBERG-MNGOMEZULU,Sacha FEINBERG-MNGOMEZULU,SO,Stormers,188,92,2002.02.22,,,,,A,https://all.rugby/player/sacha-mngomezulu,Western Province (2020 - 2021) -> Stormers (2021 - 2021) -> Western Province (2021 - 2021) -> Stormers (2022 - 2022) -> Western Province (2022 - 2022) -> Stormers (2022 - 2026),South Africa,South Africa,https://all.rugby/player/sacha-mngomezulu,Western Province (2020 - 2021) -> Stormers (2021 - 2021) -> Western Province (2021 - 2021) -> Stormers (2022 - 2022) -> Western Province (2022 - 2022) -> Stormers (2022 - 2026)
Clinton SWART,Clinton SWART,CTB,Stormers,185,106,1992.09.06,,,,,A,https://all.rugby/player/clinton-swart,Central Cheetahs (2016 - 2018) -> Toyota Verblitz (2018 - 2019) -> Bulls (2019 - 2019) -> Toyota Verblitz (2020 - 2020) -> Bulls (2020 - 2021) -> Shizuoka Blue Revs (2021 - 2023) -> Pumas (2023 - 2025) -> Stormers (2025 - 2026),,,https://all.rugby/player/clinton-swart,Central Cheetahs (2016 - 2018) -> Toyota Verblitz (2018 - 2019) -> Bulls (2019 - 2019) -> Toyota Verblitz (2020 - 2020) -> Bulls (2020 - 2021) -> Shizuoka Blue Revs (2021 - 2023) -> Pumas (2023 - 2025) -> Stormers (2025 - 2026)
Damian MARKUS,Damian MARKUS,CTB,Stormers,167,84,2003.07.11,,,,,A,https://all.rugby/player/damian-markus,Stellenberg High School (2020 - 2021) -> Stade Rochelais (2021 - 2022) -> Western Province (2022 - 2024) -> Shizuoka Blue Revs (2024 - 2025) -> Stormers (2025 - 2026),,,https://all.rugby/player/damian-markus,Stellenberg High School (2020 - 2021) -> Stade Rochelais (2021 - 2022) -> Western Province (2022 - 2024) -> Shizuoka Blue Revs (2024 - 2025) -> Stormers (2025 - 2026)
Dan DU PLESSIS,Dan DU PLESSIS,CTB,Stormers,190,103,1994.02.15,,,,,A,https://all.rugby/player/dan-du-plessis,Stormers (2015 - 2026),,,https://all.rugby/player/dan-du-plessis,Stormers (2015 - 2026)
Jonathan ROCHE,Jonathan ROCHE,CTB,Stormers,189,100,2003.02.01,,,,,A,https://all.rugby/player/jonathan-roche,Western Province (2022 - 2024) -> Stormers (2024 - 2026),,,https://all.rugby/player/jonathan-roche,Western Province (2022 - 2024) -> Stormers (2024 - 2026)
Luke BURGER,Luke BURGER,CTB,Stormers,188,90,2002.08.12,,,,,A,https://all.rugby/player/luke-burger,Western Province (2022 - 2024) -> Stormers (2024 - 2026),,,https://all.rugby/player/luke-burger,Western Province (2022 - 2024) -> Stormers (2024 - 2026)
Ruhan NEL,Ruhan NEL,CTB,Stormers,191,101,1991.05.17,,,,,A,https://all.rugby/player/ruhan-nel,Stormers (2018 - 2026),,,https://all.rugby/player/ruhan-nel,Stormers (2018 - 2026)
Suleiman HARTZENBERG,Suleiman HARTZENBERG,CTB,Stormers,187,97,2003.05.20,,,,,A,https://all.rugby/player/suleiman-hartzenberg,Western Province (2021 - 2022) -> Stormers (2022 - 2026),,,https://all.rugby/player/suleiman-hartzenberg,Western Province (2021 - 2022) -> Stormers (2022 - 2026)
Wandisile SIMELANE,Wandisile SIMELANE,CTB,Stormers,180,95,1998.03.21,,,,,A,https://all.rugby/player/wandisile-simelane,Lions Rugby (2018 - 2022) -> Bulls (2022 - 2023) -> Stormers (2023 - 2023) -> Bulls (2024 - 2024) -> Stormers (2024 - 2026),,,https://all.rugby/player/wandisile-simelane,Lions Rugby (2018 - 2022) -> Bulls (2022 - 2023) -> Stormers (2023 - 2023) -> Bulls (2024 - 2024) -> Stormers (2024 - 2026)
Courtnall SKOSAN,Courtnall SKOSAN,Winger,Stormers,183,96,1991.07.24,,,,,A,https://all.rugby/player/courtnall-skosan,Lions Rugby (2013 - 2021) -> Northampton Saints (2021 - 2023) -> Stormers (2023 - 2026),South Africa,South Africa,https://all.rugby/player/courtnall-skosan,Lions Rugby (2013 - 2021) -> Northampton Saints (2021 - 2023) -> Stormers (2023 - 2026)
Dylan MAART,Dylan MAART,Winger,Stormers,185,77,1996.09.03,,,,,A,https://all.rugby/player/dylan-maart,Griquas (2023 - 2025) -> Stormers (2025 - 2026),,,https://all.rugby/player/dylan-maart,Griquas (2023 - 2025) -> Stormers (2025 - 2026)
Jared AFRICA,Jared AFRICA,Winger,Stormers,175,84,2003.03.27,,,,,A,https://all.rugby/player/jared-africa,Western Province (2023 - 2025) -> Stormers (2025 - 2026),,,https://all.rugby/player/jared-africa,Western Province (2023 - 2025) -> Stormers (2025 - 2026)
Leolin ZAS,Leolin ZAS,Winger,Stormers,184,95,1995.10.20,,,,,A,https://all.rugby/player/leolin-zas,Stormers (2015 - 2016) -> Sharks (2018 - 2018) -> Natal Sharks (2018 - 2018) -> Sharks (2019 - 2019) -> Natal Sharks (2019 - 2019) -> Stormers (2019 - 2026),,,https://all.rugby/player/leolin-zas,Stormers (2015 - 2016) -> Sharks (2018 - 2018) -> Natal Sharks (2018 - 2018) -> Sharks (2019 - 2019) -> Natal Sharks (2019 - 2019) -> Stormers (2019 - 2026)
Mfundo NDHLOVU,Mfundo NDHLOVU,Winger,Stormers,178,84,1997.04.05,,,,,A,https://all.rugby/player/mfundo-ndhlovu,AF. SUD 7's (2017 - 2025) -> Stormers (2025 - 2026),,,https://all.rugby/player/mfundo-ndhlovu,AF. SUD 7's (2017 - 2025) -> Stormers (2025 - 2026)
Sako MAKATA,Sako MAKATA,Winger,Stormers,185,103,1998.09.10,,,,,A,https://all.rugby/player/sako-makata,AF. SUD 7's (2018 - 2022) -> Griquas (2022 - 2024) -> Western Province (2024 - 2025) -> Stormers (2025 - 2026),,,https://all.rugby/player/sako-makata,AF. SUD 7's (2018 - 2022) -> Griquas (2022 - 2024) -> Western Province (2024 - 2025) -> Stormers (2025 - 2026)
Seabelo SENATLA,Seabelo SENATLA,Winger,Stormers,179,93,1993.02.10,,,,,A,https://all.rugby/player/seabelo-senatla,Stormers (2013 - 2026),,,https://all.rugby/player/seabelo-senatla,Stormers (2013 - 2026)
JC MARS,JC MARS,FB,Stormers,177,83,2005..,,,,,A,https://all.rugby/player/jc-mars,Western Province (2023 - 2024) -> Stormers (2024 - 2026),,,https://all.rugby/player/jc-mars,Western Province (2023 - 2024) -> Stormers (2024 - 2026)
Warrick GELANT,Warrick GELANT,FB,Stormers,180,100,1995.05.20,,,,,A,https://all.rugby/player/warrick-gelant,Bulls (2015 - 2020) -> Stormers (2020 - 2022) -> Racing 92 (2022 - 2023) -> Stormers (2023 - 2026),South Africa,South Africa,https://all.rugby/player/warrick-gelant,Bulls (2015 - 2020) -> Stormers (2020 - 2022) -> Racing 92 (2022 - 2023) -> Stormers (2023 - 2026)
Angus BELL,Angus BELL,PR,Ulster,193,130,2000.10.04,,,,,A,https://all.rugby/player/angus-bell,New South Wales Waratahs (2018 - 2025) -> Ulster Rugby (2025 - 2026),Australia,Australia,https://all.rugby/player/angus-bell,New South Wales Waratahs (2018 - 2025) -> Ulster Rugby (2025 - 2026)
Bryan O'CONNOR,Bryan O'CONNOR,PR,Ulster,188,126,1998.10.23,,,,,A,https://all.rugby/player/bryan-o-connor,Munster Rugby (2017 - 2018) -> London Irish (2019 - 2020) -> Gloucester Rugby (2020 - 2023) -> Bedford Blues (2023 - 2024) -> Ulster Rugby (2024 - 2024) -> Bedford Blues (2025 - 2025) -> Ulster Rugby (2025 - 2026),,,https://all.rugby/player/bryan-o-connor,Munster Rugby (2017 - 2018) -> London Irish (2019 - 2020) -> Gloucester Rugby (2020 - 2023) -> Bedford Blues (2023 - 2024) -> Ulster Rugby (2024 - 2024) -> Bedford Blues (2025 - 2025) -> Ulster Rugby (2025 - 2026)
Callum REID,Callum REID,PR,Ulster,183,120,1999.01.16,,,,,A,https://all.rugby/player/callum-reid,Ulster Rugby (2019 - 2020) -> Munster Rugby (2020 - 2020) -> Ulster Rugby (2021 - 2021) -> Munster Rugby (2021 - 2021) -> Ulster Rugby (2021 - 2026),,,https://all.rugby/player/callum-reid,Ulster Rugby (2019 - 2020) -> Munster Rugby (2020 - 2020) -> Ulster Rugby (2021 - 2021) -> Munster Rugby (2021 - 2021) -> Ulster Rugby (2021 - 2026)
Eric O'SULLIVAN,Eric O'SULLIVAN,PR,Ulster,186,118,1995.11.30,,,,,A,https://all.rugby/player/eric-o-sullivan,Ulster Rugby (2018 - 2026),,,https://all.rugby/player/eric-o-sullivan,Ulster Rugby (2018 - 2026)
Rory MCGUIRE,Rory MCGUIRE,PR,Ulster,193,125,2002.08.26,,,,,A,https://all.rugby/player/rory-mcguire,Leinster Rugby (2021 - 2025) -> Ulster Rugby (2025 - 2026),,,https://all.rugby/player/rory-mcguire,Leinster Rugby (2021 - 2025) -> Ulster Rugby (2025 - 2026)
Sam CREAN,Sam CREAN,PR,Ulster,176,115,2000.06.12,,,,,A,https://all.rugby/player/sam-crean,Saracens (2019 - 2022) -> Ampthill Rugby (2022 - 2022) -> Saracens (2023 - 2023) -> Ampthill Rugby (2023 - 2023) -> Saracens (2023 - 2023) -> Ampthill Rugby (2023 - 2023) -> Saracens (2024 - 2024) -> Ampthill Rugby (2024 - 2024) -> Ulster Rugby (2024 - 2024) -> Ampthill Rugby (2024 - 2024) -> Saracens (2024 - 2024) -> Ulster Rugby (2025 - 2025) -> Ampthill Rugby (2025 - 2025) -> Saracens (2025 - 2025) -> Ulster Rugby (2025 - 2026),,,https://all.rugby/player/sam-crean,Saracens (2019 - 2022) -> Ampthill Rugby (2022 - 2022) -> Saracens (2023 - 2023) -> Ampthill Rugby (2023 - 2023) -> Saracens (2023 - 2023) -> Ampthill Rugby (2023 - 2023) -> Saracens (2024 - 2024) -> Ampthill Rugby (2024 - 2024) -> Ulster Rugby (2024 - 2024) -> Ampthill Rugby (2024 - 2024) -> Saracens (2024 - 2024) -> Ulster Rugby (2025 - 2025) -> Ampthill Rugby (2025 - 2025) -> Saracens (2025 - 2025) -> Ulster Rugby (2025 - 2026)
Scott WILSON,Scott WILSON,PR,Ulster,187,125,2002.08.06,,,,,A,https://all.rugby/player/scott-wilson-,Ulster Rugby (2021 - 2026),,,https://all.rugby/player/scott-wilson-,Ulster Rugby (2021 - 2026)
Tom O'TOOLE,Tom O'TOOLE,PR,Ulster,185,123,1998.09.23,,,,,A,https://all.rugby/player/tom-o-toole,Ulster Rugby (2017 - 2026),Ireland,Ireland,https://all.rugby/player/tom-o-toole,Ulster Rugby (2017 - 2026)
James MCCORMICK,James MCCORMICK,HO,Ulster,183,107,2002.01.08,,,,,A,https://all.rugby/player/james-mccormick,Dalriada School (2019 - 2020) -> Ulster Rugby (2020 - 2026),,,https://all.rugby/player/james-mccormick,Dalriada School (2019 - 2020) -> Ulster Rugby (2020 - 2026)
John ANDREW,John ANDREW,HO,Ulster,180,104,1993.05.26,,,,,A,https://all.rugby/player/john-andrew,Ulster Rugby (2014 - 2026),,,https://all.rugby/player/john-andrew,Ulster Rugby (2014 - 2026)
Rob HERRING,Rob HERRING,HO,Ulster,185,106,1990.04.27,,,,,A,https://all.rugby/player/rob-herring,Ulster Rugby (2013 - 2026),South Africa,South Africa,https://all.rugby/player/rob-herring,Ulster Rugby (2013 - 2026)
Tom STEWART,Tom STEWART,HO,Ulster,183,105,2001.01.11,,,,,A,https://all.rugby/player/tom-stewart,Ulster Rugby (2019 - 2026),,,https://all.rugby/player/tom-stewart,Ulster Rugby (2019 - 2026)
Charlie IRVINE,Charlie IRVINE,LO,Ulster,202,118,2003.01.28,,,,,A,https://all.rugby/player/charlie-irvine,Queen's University (2022 - 2023) -> Ulster Rugby (2023 - 2026),,,https://all.rugby/player/charlie-irvine,Queen's University (2022 - 2023) -> Ulster Rugby (2023 - 2026)
Cormac IZUCHUKWU,Cormac IZUCHUKWU,LO,Ulster,200,118,2000.01.28,,,,,A,https://all.rugby/player/cormac-izuchukwu,Old Wesley RFC (2019 - 2020) -> Ulster Rugby (2020 - 2026),,,https://all.rugby/player/cormac-izuchukwu,Old Wesley RFC (2019 - 2020) -> Ulster Rugby (2020 - 2026)
Harry SHERIDAN,Harry SHERIDAN,LO,Ulster,196,121,2001.09.21,,,,,A,https://all.rugby/player/harry-sheridan,Ulster Rugby (2020 - 2026),,,https://all.rugby/player/harry-sheridan,Ulster Rugby (2020 - 2026)
Iain HENDERSON,Iain HENDERSON,LO,Ulster,199,119,1992.02.21,,,,,A,https://all.rugby/player/iain-henderson,Ulster Rugby (2013 - 2026),Ireland,Ireland,https://all.rugby/player/iain-henderson,Ulster Rugby (2013 - 2026)
Joe HOPES,Joe HOPES,LO,Ulster,200,115,2004.03.16,,,,,A,https://all.rugby/player/joe-hopes,Ulster Rugby (2022 - 2026),,,https://all.rugby/player/joe-hopes,Ulster Rugby (2022 - 2026)
Matthew DALTON,Matthew DALTON,LO,Ulster,198,118,1998.11.16,,,,,A,https://all.rugby/player/matthew-dalton,Ulster Rugby (2017 - 2019) -> Utah Warriors (2020 - 2021) -> Newcastle (2021 - 2023) -> Soyaux-Angoulême XV Charente (2023 - 2024) -> Ulster Rugby (2024 - 2024) -> Soyaux-Angoulême XV Charente (2025 - 2025) -> Ulster Rugby (2025 - 2026),,,https://all.rugby/player/matthew-dalton,Ulster Rugby (2017 - 2019) -> Utah Warriors (2020 - 2021) -> Newcastle (2021 - 2023) -> Soyaux-Angoulême XV Charente (2023 - 2024) -> Ulster Rugby (2024 - 2024) -> Soyaux-Angoulême XV Charente (2025 - 2025) -> Ulster Rugby (2025 - 2026)
Dave MCCANN,Dave MCCANN,Back row,Ulster,193,110,2000.06.13,,,,,A,https://all.rugby/player/david-mccann,Ulster Rugby (2018 - 2026),,,https://all.rugby/player/david-mccann,Ulster Rugby (2018 - 2026)
James MCNABNEY,James MCNABNEY,Back row,Ulster,196,113,2003.02.28,,,,,A,https://all.rugby/player/james-mcnabney,Ulster Rugby (2021 - 2026),,,https://all.rugby/player/james-mcnabney,Ulster Rugby (2021 - 2026)
Juarno AUGUSTUS,Juarno AUGUSTUS,Back row,Ulster,187,119,1997.12.09,,,,,A,https://all.rugby/player/juarno-augustus,Stormers (2016 - 2021) -> Northampton Saints (2021 - 2025) -> Ulster Rugby (2025 - 2026),,,https://all.rugby/player/juarno-augustus,Stormers (2016 - 2021) -> Northampton Saints (2021 - 2025) -> Ulster Rugby (2025 - 2026)
Lorcan MCLOUGHLIN,Lorcan MCLOUGHLIN,Back row,Ulster,190,109,2002.04.03,,,,,A,https://all.rugby/player/lorcan-mcloughlin,Ulster Rugby (2021 - 2026),,,https://all.rugby/player/lorcan-mcloughlin,Ulster Rugby (2021 - 2026)
Marcus REA,Marcus REA,Back row,Ulster,189,110,1997.09.08,,,,,A,https://all.rugby/player/marcus-rea,Ulster Rugby (2018 - 2026),,,https://all.rugby/player/marcus-rea,Ulster Rugby (2018 - 2026)
Nick TIMONEY,Nick TIMONEY,Back row,Ulster,188,114,1995.08.01,,,,,A,https://all.rugby/player/nick-timoney,Ulster Rugby (2016 - 2026),Ireland,Ireland,https://all.rugby/player/nick-timoney,Ulster Rugby (2016 - 2026)
Sean REFFELL,Sean REFFELL,Back row,Ulster,180,102,1998.11.04,,,,,A,https://all.rugby/player/sean-reffell,Saracens (2017 - 2022) -> Ulster Rugby (2022 - 2026),,,https://all.rugby/player/sean-reffell,Saracens (2017 - 2022) -> Ulster Rugby (2022 - 2026)
Conor MCKEE,Conor MCKEE,SH,Ulster,183,87,2001.03.20,,,,,A,https://all.rugby/player/conor-mckee,Ulster Rugby (2020 - 2026),,,https://all.rugby/player/conor-mckee,Ulster Rugby (2020 - 2026)
Dave SHANAHAN,Dave SHANAHAN,SH,Ulster,176,80,1993.06.20,,,,,A,https://all.rugby/player/david-shanahan,Ulster Rugby (2013 - 2026),,,https://all.rugby/player/david-shanahan,Ulster Rugby (2013 - 2026)
Nathan DOAK,Nathan DOAK,SH,Ulster,185,87,2001.12.17,,,,,A,https://all.rugby/player/nathan-doak,Wallace High School (2019 - 2020) -> Ulster Rugby (2020 - 2026),,,https://all.rugby/player/nathan-doak,Wallace High School (2019 - 2020) -> Ulster Rugby (2020 - 2026)
Jack MURPHY,Jack MURPHY,SO,Ulster,178,83,2004..,,,,,A,https://all.rugby/player/jack-murphy,Clontarf Rugby (2023 - 2024) -> Ulster Rugby (2024 - 2026),,,https://all.rugby/player/jack-murphy,Clontarf Rugby (2023 - 2024) -> Ulster Rugby (2024 - 2026)
Jake FLANNERY,Jake FLANNERY,SO,Ulster,183,91,1999.06.07,,,,,A,https://all.rugby/player/jake-flannery,Munster Rugby (2018 - 2022) -> Ulster Rugby (2022 - 2026),,,https://all.rugby/player/jake-flannery,Munster Rugby (2018 - 2022) -> Ulster Rugby (2022 - 2026)
Ben CARSON,Ben CARSON,CTB,Ulster,183,101,2002.02.24,,,,,A,https://all.rugby/player/ben-carson,Wallace High School (2019 - 2020) -> Ulster Rugby (2020 - 2026),,,https://all.rugby/player/ben-carson,Wallace High School (2019 - 2020) -> Ulster Rugby (2020 - 2026)
James HUME,James HUME,CTB,Ulster,188,98,1998.09.07,,,,,A,https://all.rugby/player/james-hume,Ulster Rugby (2018 - 2026),,,https://all.rugby/player/james-hume,Ulster Rugby (2018 - 2026)
Jude POSTLETHWAITE,Jude POSTLETHWAITE,CTB,Ulster,193,106,2002.04.03,,,,,A,https://all.rugby/player/jude-postlethwaite,Ulster Rugby (2020 - 2026),,,https://all.rugby/player/jude-postlethwaite,Ulster Rugby (2020 - 2026)
Stewart MOORE,Stewart MOORE,CTB,Ulster,184,93,1999.08.08,,,,,A,https://all.rugby/player/stewart-moore,Ulster Rugby (2019 - 2025) -> Newcastle (2025 - 2025) -> Ulster Rugby (2025 - 2025) -> Newcastle (2026 - 2026) -> Ulster Rugby (2026 - 2026),,,https://all.rugby/player/stewart-moore,Ulster Rugby (2019 - 2025) -> Newcastle (2025 - 2025) -> Ulster Rugby (2025 - 2025) -> Newcastle (2026 - 2026) -> Ulster Rugby (2026 - 2026)
Stuart MCCLOSKEY,Stuart MCCLOSKEY,CTB,Ulster,193,112,1992.08.06,,,,,A,https://all.rugby/player/stuart-mccloskey,Ulster Rugby (2013 - 2026),Ireland,Ireland,https://all.rugby/player/stuart-mccloskey,Ulster Rugby (2013 - 2026)
Ben MOXHAM,Ben MOXHAM,Winger,Ulster,191,108,2001.06.09,,,,,A,https://all.rugby/player/ben-moxham,Ulster Rugby (2019 - 2026),,,https://all.rugby/player/ben-moxham,Ulster Rugby (2019 - 2026)
Jacob STOCKDALE,Jacob STOCKDALE,Winger,Ulster,191,104,1996.04.03,,,,,A,https://all.rugby/player/jacob-stockdale,Ulster Rugby (2015 - 2026),Ireland,Ireland,https://all.rugby/player/jacob-stockdale,Ulster Rugby (2015 - 2026)
Robert BALOUCOUNE,Robert BALOUCOUNE,Winger,Ulster,192,104,1997.08.19,,,,,A,https://all.rugby/player/robert-baloucoune,Ulster Rugby (2018 - 2026),Ireland,Ireland,https://all.rugby/player/robert-baloucoune,Ulster Rugby (2018 - 2026)
Werner KOK,Werner KOK,Winger,Ulster,180,96,1993.01.17,,,,,A,https://all.rugby/player/werner-kok,Western Force (2016 - 2018) -> AF. SUD 7's (2018 - 2019) -> Stade Toulousain (2019 - 2019) -> Sharks (2019 - 2019) -> Stade Toulousain (2020 - 2020) -> Sharks (2020 - 2024) -> Ulster Rugby (2024 - 2026),,,https://all.rugby/player/werner-kok,Western Force (2016 - 2018) -> AF. SUD 7's (2018 - 2019) -> Stade Toulousain (2019 - 2019) -> Sharks (2019 - 2019) -> Stade Toulousain (2020 - 2020) -> Sharks (2020 - 2024) -> Ulster Rugby (2024 - 2026)
Zac WARD,Zac WARD,Winger,Ulster,191,101,1998.12.11,,,,,A,https://all.rugby/player/zac-ward,Ulster Rugby (2024 - 2026),,,https://all.rugby/player/zac-ward,Ulster Rugby (2024 - 2026)
Bradley MCNAMARA,Bradley MCNAMARA,FB,Ulster,,,2001.02.22,,,,,A,https://all.rugby/player/bradley-mcnamara,Instonians Rugby Club (2024 - 2025) -> Ulster Rugby (2025 - 2025) -> Instonians Rugby Club (2025 - 2025) -> Ulster Rugby (2026 - 2026) -> Instonians Rugby Club (2026 - 2026),,,https://all.rugby/player/bradley-mcnamara,Instonians Rugby Club (2024 - 2025) -> Ulster Rugby (2025 - 2025) -> Instonians Rugby Club (2025 - 2025) -> Ulster Rugby (2026 - 2026) -> Instonians Rugby Club (2026 - 2026)
Ethan MCILROY,Ethan MCILROY,FB,Ulster,188,90,2000.08.10,,,,,A,https://all.rugby/player/ethan-mcilroy,Ulster Rugby (2019 - 2026),,,https://all.rugby/player/ethan-mcilroy,Ulster Rugby (2019 - 2026)
Mike LOWRY,Mike LOWRY,FB,Ulster,171,80,1998.08.20,,,,,A,https://all.rugby/player/michael-lowry,Ulster Rugby (2018 - 2026),,,https://all.rugby/player/michael-lowry,Ulster Rugby (2018 - 2026)
Flynn LONGSTAFF,Flynn LONGSTAFF,PR,Ulster,,,,,,,,A,https://all.rugby/player/flynn-longstaff,Queen's University (2024 - 2025) -> Ulster Rugby (2025 - 2026),,,https://all.rugby/player/flynn-longstaff,Queen's University (2024 - 2025) -> Ulster Rugby (2025 - 2026)
Jacob BOYD,Jacob BOYD,PR,Ulster,186,125,2004..,,,,,A,https://all.rugby/player/jacob-boyd,Ulster Rugby (2023 - 2026),,,https://all.rugby/player/jacob-boyd,Ulster Rugby (2023 - 2026)
Tom MCALLISTER,Tom MCALLISTER,PR,Ulster,,,2005..,,,,,A,https://all.rugby/player/tom-mcallister,Ballynahinch RFC (2024 - 2025) -> Ulster Rugby (2025 - 2026),,,https://all.rugby/player/tom-mcallister,Ballynahinch RFC (2024 - 2025) -> Ulster Rugby (2025 - 2026)
Connor MAGEE,Connor MAGEE,HO,Ulster,185,109,2006..,,,,,A,https://all.rugby/player/connor-magee,Banbridge RFC (2024 - 2025) -> Ulster Rugby (2025 - 2026),,,https://all.rugby/player/connor-magee,Banbridge RFC (2024 - 2025) -> Ulster Rugby (2025 - 2026)
Henry WALKER,Henry WALKER,HO,Ulster,187,100,2005..,,,,,A,https://all.rugby/player/henry-walker-,Ulster Rugby (2023 - 2026),,,https://all.rugby/player/henry-walker-,Ulster Rugby (2023 - 2026)
Bryn WARD,Bryn WARD,Back row,Ulster,,,2004..,,,,,A,https://all.rugby/player/bryn-ward,Ballynahinch RFC (2023 - 2024) -> Ulster Rugby (2024 - 2026),,,https://all.rugby/player/bryn-ward,Ballynahinch RFC (2023 - 2024) -> Ulster Rugby (2024 - 2026)
James MCKILLOP,James MCKILLOP,Back row,Ulster,,,2004..,,,,,A,https://all.rugby/player/james-mckillop,Queen's University (2023 - 2024) -> Ulster Rugby (2024 - 2026),,,https://all.rugby/player/james-mckillop,Queen's University (2023 - 2024) -> Ulster Rugby (2024 - 2026)
Josh STEVENS,Josh STEVENS,Back row,Ulster,179,105,2004..,,,,,A,https://all.rugby/player/josh-stevens,Ulster Rugby (2023 - 2026),,,https://all.rugby/player/josh-stevens,Ulster Rugby (2023 - 2026)
Tom BRIGG,Tom BRIGG,Back row,Ulster,189,104,2004..,,,,,A,https://all.rugby/player/tom-brigg,Ulster Rugby (2023 - 2026),,,https://all.rugby/player/tom-brigg,Ulster Rugby (2023 - 2026)
Clark LOGAN,Clark LOGAN,SH,Ulster,175,78,2005..,,,,,A,https://all.rugby/player/clark-logan,Ulster Rugby (2024 - 2026),,,https://all.rugby/player/clark-logan,Ulster Rugby (2024 - 2026)
James HUMPHREYS,James HUMPHREYS,SO,Ulster,185,83,2001.04.11,,,,,A,https://all.rugby/player/james-humphreys,Ulster Rugby (2020 - 2026),,,https://all.rugby/player/james-humphreys,Ulster Rugby (2020 - 2026)
Jonny SCOTT,Jonny SCOTT,CTB,Ulster,191,99,2005..,,,,,A,https://all.rugby/player/jonny-scott,Banbridge RFC (2023 - 2024) -> Ulster Rugby (2024 - 2026),,,https://all.rugby/player/jonny-scott,Banbridge RFC (2023 - 2024) -> Ulster Rugby (2024 - 2026)
Sam BERMAN,Sam BERMAN,CTB,Ulster,,,2004.01.16,,,,,A,https://all.rugby/player/sam-berman,Dublin University FC (2022 - 2023) -> Terenure College (2023 - 2024) -> Ulster Rugby (2024 - 2026),,,https://all.rugby/player/sam-berman,Dublin University FC (2022 - 2023) -> Terenure College (2023 - 2024) -> Ulster Rugby (2024 - 2026)
Wilhelm DE KLERK,Wilhelm DE KLERK,CTB,Ulster,,,2004..,,,,,A,https://all.rugby/player/wilhelm-de-klerk,University College Dublin (2023 - 2024) -> Ulster Rugby (2024 - 2026),,,https://all.rugby/player/wilhelm-de-klerk,University College Dublin (2023 - 2024) -> Ulster Rugby (2024 - 2026)
Aitzol KING,Aitzol KING,Winger,Ulster,191,99,2002.06.15,,,,,A,https://all.rugby/player/aitzol-king,Leinster Rugby (2021 - 2025) -> Ulster Rugby (2025 - 2026),,,https://all.rugby/player/aitzol-king,Leinster Rugby (2021 - 2025) -> Ulster Rugby (2025 - 2026)
Ethan GRAHAM,Ethan GRAHAM,Winger,Ulster,181,87,2004..,,,,,A,https://all.rugby/player/ethan-graham,Ulster Rugby (2023 - 2026),,,https://all.rugby/player/ethan-graham,Ulster Rugby (2023 - 2026)
Josh GIBSON,Josh GIBSON,Winger,Ulster,,,,,,,,A,https://all.rugby/player/josh-gibson,Banbridge RFC (2024 - 2025) -> Ulster Rugby (2025 - 2026),,,https://all.rugby/player/josh-gibson,Banbridge RFC (2024 - 2025) -> Ulster Rugby (2025 - 2026)
Lukas KENNY,Lukas KENNY,Winger,Ulster,185,94,2004..,,,,,A,https://all.rugby/player/lukas-kenny,Ulster Rugby (2023 - 2026),,,https://all.rugby/player/lukas-kenny,Ulster Rugby (2023 - 2026)
Daniel GREEN,Daniel GREEN,FB,Ulster,183,,2006..,,,,,A,https://all.rugby/player/daniel-green,Queen's University (2024 - 2025) -> Ulster Rugby (2025 - 2026),,,https://all.rugby/player/daniel-green,Queen's University (2024 - 2025) -> Ulster Rugby (2025 - 2026)
Fin RICHARDSON,Fin RICHARDSON,PR,Glasgow,183,124,1998.09.16,,,,,A,https://all.rugby/player/finlay-richardson,Exeter University RFC (2021 - 2022) -> Exeter Chiefs (2022 - 2023) -> Cornish Pirates (2023 - 2023) -> Exeter Chiefs (2024 - 2024) -> Cornish Pirates (2024 - 2024) -> Glasgow Warriors (2024 - 2026),,,https://all.rugby/player/finlay-richardson,Exeter University RFC (2021 - 2022) -> Exeter Chiefs (2022 - 2023) -> Cornish Pirates (2023 - 2023) -> Exeter Chiefs (2024 - 2024) -> Cornish Pirates (2024 - 2024) -> Glasgow Warriors (2024 - 2026)
Jamie BHATTI,Jamie BHATTI,PR,Glasgow,185,125,1993.09.08,,,,,A,https://all.rugby/player/jamie-bhatti,Glasgow Warriors (2016 - 2019) -> Edimbourg Rugby (2019 - 2020) -> Bath Rugby (2020 - 2020) -> Edimbourg Rugby (2021 - 2021) -> Bath Rugby (2021 - 2021) -> Glasgow Warriors (2021 - 2026),Scotland,Scotland,https://all.rugby/player/jamie-bhatti,Glasgow Warriors (2016 - 2019) -> Edimbourg Rugby (2019 - 2020) -> Bath Rugby (2020 - 2020) -> Edimbourg Rugby (2021 - 2021) -> Bath Rugby (2021 - 2021) -> Glasgow Warriors (2021 - 2026)
Murphy WALKER,Murphy WALKER,PR,Glasgow,185,110,1999.10.25,,,,,A,https://all.rugby/player/murphy-walker,Glasgow Warriors (2018 - 2026),,,https://all.rugby/player/murphy-walker,Glasgow Warriors (2018 - 2026)
Nathan MCBETH,Nathan MCBETH,PR,Glasgow,189,120,1998.06.08,,,,,A,https://all.rugby/player/nathan-mcbeth,Lions Rugby (2018 - 2020) -> Golden Lions (2020 - 2020) -> Lions Rugby (2021 - 2021) -> Golden Lions (2021 - 2021) -> Glasgow Warriors (2021 - 2026),,,https://all.rugby/player/nathan-mcbeth,Lions Rugby (2018 - 2020) -> Golden Lions (2020 - 2020) -> Lions Rugby (2021 - 2021) -> Golden Lions (2021 - 2021) -> Glasgow Warriors (2021 - 2026)
Patrick SCHICKERLING,Patrick SCHICKERLING,PR,Glasgow,182,120,1998.10.16,,,,,A,https://all.rugby/player/patrick-schickerling,Exeter Chiefs (2019 - 2024) -> Glasgow Warriors (2024 - 2026),,,https://all.rugby/player/patrick-schickerling,Exeter Chiefs (2019 - 2024) -> Glasgow Warriors (2024 - 2026)
Rory SUTHERLAND,Rory SUTHERLAND,PR,Glasgow,183,116,1992.08.24,,,,,A,https://all.rugby/player/rory-sutherland,Edimbourg Rugby (2014 - 2021) -> Worcester Warriors (2021 - 2022) -> Ulster Rugby (2022 - 2022) -> Worcester Warriors (2023 - 2023) -> Ulster Rugby (2023 - 2023) -> Oyonnax Rugby (2023 - 2024) -> Glasgow Warriors (2024 - 2026),Scotland,Scotland,https://all.rugby/player/rory-sutherland,Edimbourg Rugby (2014 - 2021) -> Worcester Warriors (2021 - 2022) -> Ulster Rugby (2022 - 2022) -> Worcester Warriors (2023 - 2023) -> Ulster Rugby (2023 - 2023) -> Oyonnax Rugby (2023 - 2024) -> Glasgow Warriors (2024 - 2026)
Sam TALAKAI,Sam TALAKAI,PR,Glasgow,183,122,1991.09.04,,,,,A,https://all.rugby/player/sam-talakai,Queensland Reds (2014 - 2017) -> Melbourne Rebels (2017 - 2019) -> Tokyo Sungoliath (2019 - 2022) -> Melbourne Rebels (2022 - 2024) -> Glasgow Warriors (2024 - 2026),Australia,Australia,https://all.rugby/player/sam-talakai,Queensland Reds (2014 - 2017) -> Melbourne Rebels (2017 - 2019) -> Tokyo Sungoliath (2019 - 2022) -> Melbourne Rebels (2022 - 2024) -> Glasgow Warriors (2024 - 2026)
Zander FAGERSON,Zander FAGERSON,PR,Glasgow,188,126,1996.01.19,,,,,A,https://all.rugby/player/zander-fagerson,Glasgow Warriors (2014 - 2026),Scotland,Scotland,https://all.rugby/player/zander-fagerson,Glasgow Warriors (2014 - 2026)
Angus FRASER,Angus FRASER,HO,Glasgow,181,110,1999.12.09,,,,,A,https://all.rugby/player/angus-fraser,Glasgow Warriors (2021 - 2026),,,https://all.rugby/player/angus-fraser,Glasgow Warriors (2021 - 2026)
Grant STEWART,Grant STEWART,HO,Glasgow,182,113,1995.02.28,,,,,A,https://all.rugby/player/grant-stewart,Glasgow Warriors (2017 - 2022) -> Connacht Rugby (2022 - 2023) -> Ayr RFC (2023 - 2023) -> Glasgow Warriors (2023 - 2023) -> Ayr RFC (2024 - 2024) -> Glasgow Warriors (2024 - 2026),Scotland,Scotland,https://all.rugby/player/grant-stewart,Glasgow Warriors (2017 - 2022) -> Connacht Rugby (2022 - 2023) -> Ayr RFC (2023 - 2023) -> Glasgow Warriors (2023 - 2023) -> Ayr RFC (2024 - 2024) -> Glasgow Warriors (2024 - 2026)
Gregor HIDDLESTON,Gregor HIDDLESTON,HO,Glasgow,187,120,2002.03.26,,,,,A,https://all.rugby/player/gregor-hiddleston,Glasgow Hutchesons Aloysians RFC (2021 - 2022) -> Glasgow Warriors (2022 - 2026),,,https://all.rugby/player/gregor-hiddleston,Glasgow Hutchesons Aloysians RFC (2021 - 2022) -> Glasgow Warriors (2022 - 2026)
Joe ROBERTS,Joe ROBERTS,HO,Glasgow,187,106,2006..,,,,,A,https://all.rugby/player/joe-roberts-,Robert Gordon’s College (2024 - 2025) -> Glasgow Warriors (2025 - 2026),,,https://all.rugby/player/joe-roberts-,Robert Gordon’s College (2024 - 2025) -> Glasgow Warriors (2025 - 2026)
Johnny MATTHEWS,Johnny MATTHEWS,HO,Glasgow,183,110,1993.07.05,,,,,A,https://all.rugby/player/johnny-matthews,Glasgow Warriors (2019 - 2026),,,https://all.rugby/player/johnny-matthews,Glasgow Warriors (2019 - 2026)
Tavi TUIPULOTU,Tavi TUIPULOTU,HO,Glasgow,181,110,2004.03.07,,,,,A,https://all.rugby/player/ottavio-tuipulotu,Melbourne Rebels (2023 - 2024) -> New South Wales Waratahs (2024 - 2025) -> Glasgow Warriors (2025 - 2026),,,https://all.rugby/player/ottavio-tuipulotu,Melbourne Rebels (2023 - 2024) -> New South Wales Waratahs (2024 - 2025) -> Glasgow Warriors (2025 - 2026)
Alex CRAIG,Alex CRAIG,LO,Glasgow,198,119,1997.04.26,,,,,A,https://all.rugby/player/alex-craig,Gloucester Rugby (2018 - 2023) -> Scarlets (2023 - 2025) -> Glasgow Warriors (2025 - 2026),Scotland,Scotland,https://all.rugby/player/alex-craig,Gloucester Rugby (2018 - 2023) -> Scarlets (2023 - 2025) -> Glasgow Warriors (2025 - 2026)
Alex SAMUEL,Alex SAMUEL,LO,Glasgow,206,124,2002.12.27,,,,,A,https://all.rugby/player/alex-samuel,Glasgow Warriors (2020 - 2026),Scotland,Scotland,https://all.rugby/player/alex-samuel,Glasgow Warriors (2020 - 2026)
Euan FERRIE,Euan FERRIE,LO,Glasgow,194,110,2001.07.23,,,,,A,https://all.rugby/player/euan-ferrie,Glasgow Hawks (2020 - 2021) -> Boroughmuir RFC (2021 - 2022) -> Glasgow Warriors (2022 - 2026),,,https://all.rugby/player/euan-ferrie,Glasgow Hawks (2020 - 2021) -> Boroughmuir RFC (2021 - 2022) -> Glasgow Warriors (2022 - 2026)
Gregor BROWN,Gregor BROWN,LO,Glasgow,196,109,2001.07.01,,,,,A,https://all.rugby/player/gregor-brown,Glasgow Warriors (2020 - 2026),Scotland,Scotland,https://all.rugby/player/gregor-brown,Glasgow Warriors (2020 - 2026)
Max WILLIAMSON,Max WILLIAMSON,LO,Glasgow,200,120,2002.08.05,,,,,A,https://all.rugby/player/max-williamson,Glasgow Warriors (2020 - 2022) -> Doncaster Knights (2022 - 2022) -> Glasgow Warriors (2023 - 2023) -> Doncaster Knights (2023 - 2023) -> Glasgow Warriors (2023 - 2026),Scotland,Scotland,https://all.rugby/player/max-williamson,Glasgow Warriors (2020 - 2022) -> Doncaster Knights (2022 - 2022) -> Glasgow Warriors (2023 - 2023) -> Doncaster Knights (2023 - 2023) -> Glasgow Warriors (2023 - 2026)
Olujare OGUNTIBEJU,Olujare OGUNTIBEJU,LO,Glasgow,202,123,2002.05.14,,,,,A,https://all.rugby/player/olujare-oguntibeju,Ealing Trailfinders (2020 - 2023) -> Stirling County RFC (2023 - 2024) -> Glasgow Warriors (2024 - 2026),,,https://all.rugby/player/olujare-oguntibeju,Ealing Trailfinders (2020 - 2023) -> Stirling County RFC (2023 - 2024) -> Glasgow Warriors (2024 - 2026)
Scott CUMMINGS,Scott CUMMINGS,LO,Glasgow,199,117,1996.12.03,,,,,A,https://all.rugby/player/scott-cummings,Glasgow Warriors (2015 - 2026),Scotland,Scotland,https://all.rugby/player/scott-cummings,Glasgow Warriors (2015 - 2026)
Ally MILLER,Ally MILLER,Back row,Glasgow,193,112,1996.05.10,,,,,A,https://all.rugby/player/ally-miller,Edimbourg Rugby (2017 - 2021) -> Glasgow Warriors (2021 - 2026),,,https://all.rugby/player/ally-miller,Edimbourg Rugby (2017 - 2021) -> Glasgow Warriors (2021 - 2026)
Jack DEMPSEY,Jack DEMPSEY,Back row,Glasgow,191,112,1994.04.12,,,,,A,https://all.rugby/player/jack-dempsey,New South Wales Waratahs (2014 - 2021) -> Glasgow Warriors (2021 - 2026),Australia,Australia,https://all.rugby/player/jack-dempsey,New South Wales Waratahs (2014 - 2021) -> Glasgow Warriors (2021 - 2026)
Matt FAGERSON,Matt FAGERSON,Back row,Glasgow,186,110,1998.07.16,,,,,A,https://all.rugby/player/matt-fagerson,Glasgow Warriors (2016 - 2026),Scotland,Scotland,https://all.rugby/player/matt-fagerson,Glasgow Warriors (2016 - 2026)
Rory DARGE,Rory DARGE,Back row,Glasgow,186,102,2000.02.23,,,,,A,https://all.rugby/player/rory-darge,Southern Knights (2019 - 2020) -> Edimbourg Rugby (2020 - 2020) -> Glasgow Warriors (2020 - 2020) -> Edimbourg Rugby (2021 - 2021) -> Glasgow Warriors (2021 - 2026),Scotland,Scotland,https://all.rugby/player/rory-darge,Southern Knights (2019 - 2020) -> Edimbourg Rugby (2020 - 2020) -> Glasgow Warriors (2020 - 2020) -> Edimbourg Rugby (2021 - 2021) -> Glasgow Warriors (2021 - 2026)
Sione VAILANU,Sione VAILANU,Back row,Glasgow,189,127,1995.01.27,,,,,A,https://all.rugby/player/sione-vailanu,Saracens (2017 - 2019) -> Wasps (2019 - 2021) -> Worcester Warriors (2021 - 2022) -> Glasgow Warriors (2022 - 2026),Tonga,Tonga,https://all.rugby/player/sione-vailanu,Saracens (2017 - 2019) -> Wasps (2019 - 2021) -> Worcester Warriors (2021 - 2022) -> Glasgow Warriors (2022 - 2026)
Ben AFSHAR,Ben AFSHAR,SH,Glasgow,184,81,2003.04.02,,,,,A,https://all.rugby/player/ben-afshar,Southern Knights (2021 - 2022) -> Glasgow Warriors (2022 - 2026),,,https://all.rugby/player/ben-afshar,Southern Knights (2021 - 2022) -> Glasgow Warriors (2022 - 2026)
George HORNE,George HORNE,SH,Glasgow,174,81,1995.05.12,,,,,A,https://all.rugby/player/george-horne,Glasgow Warriors (2016 - 2026),Scotland,Scotland,https://all.rugby/player/george-horne,Glasgow Warriors (2016 - 2026)
Jamie DOBIE,Jamie DOBIE,SH,Glasgow,175,81,2001.06.07,,,,,A,https://all.rugby/player/jamie-dobie,Glasgow Warriors (2019 - 2021) -> Bay of Plenty Steamers (2021 - 2021) -> Glasgow Warriors (2022 - 2022) -> Bay of Plenty Steamers (2022 - 2022) -> Glasgow Warriors (2022 - 2026),Scotland,Scotland,https://all.rugby/player/jamie-dobie,Glasgow Warriors (2019 - 2021) -> Bay of Plenty Steamers (2021 - 2021) -> Glasgow Warriors (2022 - 2022) -> Bay of Plenty Steamers (2022 - 2022) -> Glasgow Warriors (2022 - 2026)
Adam HASTINGS,Adam HASTINGS,SO,Glasgow,189,93,1996.10.05,,,,,A,https://all.rugby/player/adam-hastings,Bath Rugby (2015 - 2017) -> Glasgow Warriors (2017 - 2021) -> Gloucester Rugby (2021 - 2024) -> Glasgow Warriors (2024 - 2026),Scotland,Scotland,https://all.rugby/player/adam-hastings,Bath Rugby (2015 - 2017) -> Glasgow Warriors (2017 - 2021) -> Gloucester Rugby (2021 - 2024) -> Glasgow Warriors (2024 - 2026)
Charlie SAVALA,Charlie SAVALA,SO,Glasgow,193,102,2000.04.21,,,,,A,https://all.rugby/player/charlie-savala,Sydney Roosters (2019 - 2020) -> Edimbourg Rugby (2020 - 2023) -> Northampton Saints (2023 - 2023) -> Edimbourg Rugby (2024 - 2024) -> Northampton Saints (2024 - 2025) -> Glasgow Warriors (2025 - 2026),,,https://all.rugby/player/charlie-savala,Sydney Roosters (2019 - 2020) -> Edimbourg Rugby (2020 - 2023) -> Northampton Saints (2023 - 2023) -> Edimbourg Rugby (2024 - 2024) -> Northampton Saints (2024 - 2025) -> Glasgow Warriors (2025 - 2026)
Dan LANCASTER,Dan LANCASTER,SO,Glasgow,183,96,2001.05.23,,,,,A,https://all.rugby/player/dan-lancaster,Leeds Tykes (2020 - 2021) -> Leicester Tigers (2021 - 2022) -> Ealing Trailfinders (2022 - 2024) -> Racing 92 (2024 - 2025) -> Glasgow Warriors (2025 - 2026),,,https://all.rugby/player/dan-lancaster,Leeds Tykes (2020 - 2021) -> Leicester Tigers (2021 - 2022) -> Ealing Trailfinders (2022 - 2024) -> Racing 92 (2024 - 2025) -> Glasgow Warriors (2025 - 2026)
Duncan WEIR,Duncan WEIR,SO,Glasgow,176,91,1991.05.10,,,,,A,https://all.rugby/player/duncan-weir,Glasgow Warriors (2013 - 2016) -> Edimbourg Rugby (2016 - 2018) -> Worcester Warriors (2018 - 2021) -> Glasgow Warriors (2021 - 2026),Scotland,Scotland,https://all.rugby/player/duncan-weir,Glasgow Warriors (2013 - 2016) -> Edimbourg Rugby (2016 - 2018) -> Worcester Warriors (2018 - 2021) -> Glasgow Warriors (2021 - 2026)
Duncan MUNN,Duncan MUNN,CTB,Glasgow,191,94,2003.05.28,,,,,A,https://all.rugby/player/duncan-munn,Boroughmuir RFC (2021 - 2022) -> Glasgow Warriors (2022 - 2026),,,https://all.rugby/player/duncan-munn,Boroughmuir RFC (2021 - 2022) -> Glasgow Warriors (2022 - 2026)
Huw JONES,Huw JONES,CTB,Glasgow,186,102,1993.12.17,,,,,A,https://all.rugby/player/huw-jones,Stormers (2014 - 2016) -> Glasgow Warriors (2017 - 2021) -> Harlequins (2021 - 2022) -> Glasgow Warriors (2022 - 2026),Scotland,Scotland,https://all.rugby/player/huw-jones,Stormers (2014 - 2016) -> Glasgow Warriors (2017 - 2021) -> Harlequins (2021 - 2022) -> Glasgow Warriors (2022 - 2026)
Kyle STEYN,Kyle STEYN,CTB,Glasgow,188,102,1994.01.29,,,,,A,https://all.rugby/player/kyle-steyn,Glasgow Warriors (2018 - 2026),South Africa,South Africa,https://all.rugby/player/kyle-steyn,Glasgow Warriors (2018 - 2026)
Sione TUIPULOTU,Sione TUIPULOTU,CTB,Glasgow,178,104,1997.02.12,,,,,A,https://all.rugby/player/sione-tuipulotu,Melbourne Rebels (2015 - 2019) -> Shizuoka Blue Revs (2019 - 2021) -> Glasgow Warriors (2021 - 2026),Australia,Australia,https://all.rugby/player/sione-tuipulotu,Melbourne Rebels (2015 - 2019) -> Shizuoka Blue Revs (2019 - 2021) -> Glasgow Warriors (2021 - 2026)
Stafford MCDOWALL,Stafford MCDOWALL,CTB,Glasgow,193,103,1998.02.24,,,,,A,https://all.rugby/player/stafford-mcdowall,Glasgow Warriors (2017 - 2026),Scotland,Scotland,https://all.rugby/player/stafford-mcdowall,Glasgow Warriors (2017 - 2026)
Josh MCKAY,Josh MCKAY,FB,Glasgow,183,95,1997.10.10,,,,,A,https://all.rugby/player/josh-mckay,Highlanders (2017 - 2019) -> Canterbury (2019 - 2019) -> Highlanders (2020 - 2020) -> Canterbury (2020 - 2020) -> Crusaders (2020 - 2020) -> Canterbury (2020 - 2020) -> Crusaders (2021 - 2021) -> Canterbury (2021 - 2021) -> Glasgow Warriors (2021 - 2026),,,https://all.rugby/player/josh-mckay,Highlanders (2017 - 2019) -> Canterbury (2019 - 2019) -> Highlanders (2020 - 2020) -> Canterbury (2020 - 2020) -> Crusaders (2020 - 2020) -> Canterbury (2020 - 2020) -> Crusaders (2021 - 2021) -> Canterbury (2021 - 2021) -> Glasgow Warriors (2021 - 2026)
Kyle ROWE,Kyle ROWE,FB,Glasgow,183,88,1998.02.08,,,,,A,https://all.rugby/player/kyle-rowe,Edimbourg Rugby (2020 - 2021) -> London Irish (2021 - 2023) -> Glasgow Warriors (2023 - 2026),Scotland,Scotland,https://all.rugby/player/kyle-rowe,Edimbourg Rugby (2020 - 2021) -> London Irish (2021 - 2023) -> Glasgow Warriors (2023 - 2026)
Ollie SMITH,Ollie SMITH,FB,Glasgow,188,98,2000.08.07,,,,,A,https://all.rugby/player/ollie-smith,Glasgow Warriors (2018 - 2026),Scotland,Scotland,https://all.rugby/player/ollie-smith,Glasgow Warriors (2018 - 2026)
Jackson RENNIE,Jackson RENNIE,PR,Glasgow,188,119,2007..,,,,,A,https://all.rugby/player/jackson-rennie,Glasgow Warriors (2025 - 2026),,,https://all.rugby/player/jackson-rennie,Glasgow Warriors (2025 - 2026)
Jake SHEARER,Jake SHEARER,PR,Glasgow,185,113,2005..,,,,,A,https://all.rugby/player/jake-shearer,Cumnock RFC (2023 - 2024) -> Glasgow Warriors (2024 - 2026),,,https://all.rugby/player/jake-shearer,Cumnock RFC (2023 - 2024) -> Glasgow Warriors (2024 - 2026)
Ollie MCKENNA,Ollie MCKENNA,PR,Glasgow,182,109,2006..,,,,,A,https://all.rugby/player/ollie-mckenna,Glasgow Hutchesons Aloysians RFC (2023 - 2024) -> Glasgow Warriors (2024 - 2026),,,https://all.rugby/player/ollie-mckenna,Glasgow Hutchesons Aloysians RFC (2023 - 2024) -> Glasgow Warriors (2024 - 2026)
Seb STEPHEN,Seb STEPHEN,HO,Glasgow,189,113,2005..,,,,,A,https://all.rugby/player/seb-stephen,Glasgow Warriors (2024 - 2026),,,https://all.rugby/player/seb-stephen,Glasgow Warriors (2024 - 2026)
Dan HALKON,Dan HALKON,LO,Glasgow,200,120,2006..,,,,,A,https://all.rugby/player/dan-halkon,RGS Worcester (2023 - 2024) -> Glasgow Warriors (2024 - 2026),,,https://all.rugby/player/dan-halkon,RGS Worcester (2023 - 2024) -> Glasgow Warriors (2024 - 2026)
Dylan COCKBURN,Dylan COCKBURN,LO,Glasgow,195,112,2005..,,,,,A,https://all.rugby/player/dylan-cockburn,Melrose RFC (2023 - 2025) -> Glasgow Warriors (2025 - 2026),,,https://all.rugby/player/dylan-cockburn,Melrose RFC (2023 - 2025) -> Glasgow Warriors (2025 - 2026)
Ryan BURKE,Ryan BURKE,LO,Glasgow,200,117,2004..,,,,,A,https://all.rugby/player/ryan-burke,Glasgow Warriors (2023 - 2026),,,https://all.rugby/player/ryan-burke,Glasgow Warriors (2023 - 2026)
Archie MCMICHAEL,Archie MCMICHAEL,Back row,Glasgow,193,93,2006..,,,,,A,https://all.rugby/player/archie-mcmichael,Strathallan Rugby Academy (2023 - 2024) -> Glasgow Warriors (2024 - 2026),,,https://all.rugby/player/archie-mcmichael,Strathallan Rugby Academy (2023 - 2024) -> Glasgow Warriors (2024 - 2026)
Jonny MORRIS,Jonny MORRIS,Back row,Glasgow,192,108,2004.01.09,,,,,A,https://all.rugby/player/jonny-morris,Glasgow Hutchesons Aloysians RFC (2022 - 2023) -> Glasgow Warriors (2023 - 2026),,,https://all.rugby/player/jonny-morris,Glasgow Hutchesons Aloysians RFC (2022 - 2023) -> Glasgow Warriors (2023 - 2026)
Macenzzie DUNCAN,Macenzzie DUNCAN,Back row,Glasgow,183,106,2003.02.25,,,,,A,https://all.rugby/player/macenzzie-duncan,Bristol Bears (2021 - 2023) -> Hartpury RFC (2023 - 2023) -> Bristol Bears (2024 - 2024) -> Hartpury RFC (2024 - 2024) -> Glasgow Warriors (2024 - 2026),,,https://all.rugby/player/macenzzie-duncan,Bristol Bears (2021 - 2023) -> Hartpury RFC (2023 - 2023) -> Bristol Bears (2024 - 2024) -> Hartpury RFC (2024 - 2024) -> Glasgow Warriors (2024 - 2026)
Rory PURVIS,Rory PURVIS,Back row,Glasgow,191,106,2006..,,,,,A,https://all.rugby/player/rory-purvis,Stirling County RFC (2023 - 2024) -> Glasgow Warriors (2024 - 2026),,,https://all.rugby/player/rory-purvis,Stirling County RFC (2023 - 2024) -> Glasgow Warriors (2024 - 2026)
Brent JACKSON,Brent JACKSON,SH,Glasgow,180,84,2004..,,,,,A,https://all.rugby/player/brent-jackson,King Edward VII School (2023 - 2024) -> Glasgow Warriors (2024 - 2026),,,https://all.rugby/player/brent-jackson,King Edward VII School (2023 - 2024) -> Glasgow Warriors (2024 - 2026)
Jack OLIVER,Jack OLIVER,SH,Glasgow,174,81,2003.04.28,,,,,A,https://all.rugby/player/jack-oliver,Munster Rugby (2021 - 2025) -> Glasgow Warriors (2025 - 2026),,,https://all.rugby/player/jack-oliver,Munster Rugby (2021 - 2025) -> Glasgow Warriors (2025 - 2026)
Matthew URWIN,Matthew URWIN,SO,Glasgow,181,83,2005..,,,,,A,https://all.rugby/player/matthew-urwin,Glasgow Warriors (2023 - 2026),,,https://all.rugby/player/matthew-urwin,Glasgow Warriors (2023 - 2026)
Alex BRYDEN,Alex BRYDEN,CTB,Glasgow,193,102,2006..,,,,,A,https://all.rugby/player/alex-bryden,Dumfries Saints (2023 - 2024) -> Glasgow Warriors (2024 - 2026),,,https://all.rugby/player/alex-bryden,Dumfries Saints (2023 - 2024) -> Glasgow Warriors (2024 - 2026)
Ben SALMON,Ben SALMON,CTB,Glasgow,182,83,2003.11.13,,,,,A,https://all.rugby/player/ben-salmon,Stirling County RFC (2021 - 2022) -> Glasgow Warriors (2022 - 2026),,,https://all.rugby/player/ben-salmon,Stirling County RFC (2021 - 2022) -> Glasgow Warriors (2022 - 2026)
Johnny VENTISEI,Johnny VENTISEI,CTB,Glasgow,181,96,2005..,,,,,A,https://all.rugby/player/johnny-ventisei,Glasgow Warriors (2023 - 2026),,,https://all.rugby/player/johnny-ventisei,Glasgow Warriors (2023 - 2026)
Kerr YULE,Kerr YULE,CTB,Glasgow,189,107,2005..,,,,,A,https://all.rugby/player/kerr-yule,Glasgow Hawks (2022 - 2023) -> Glasgow Warriors (2023 - 2026),,,https://all.rugby/player/kerr-yule,Glasgow Hawks (2022 - 2023) -> Glasgow Warriors (2023 - 2026)
Cameron VAN WYK,Cameron VAN WYK,Winger,Glasgow,183,93,2005..,,,,,A,https://all.rugby/player/cameron-van-wyk,Ayr RFC (2024 - 2025) -> Glasgow Warriors (2025 - 2026),,,https://all.rugby/player/cameron-van-wyk,Ayr RFC (2024 - 2025) -> Glasgow Warriors (2025 - 2026)
Kerr JOHNSTON,Kerr JOHNSTON,Winger,Glasgow,185,103,2004..,,,,,A,https://all.rugby/player/kerr-johnston,Gala Rugby (2021 - 2022) -> Boroughmuir RFC (2022 - 2023) -> Glasgow Warriors (2023 - 2024) -> Ampthill Rugby (2024 - 2024) -> Glasgow Warriors (2025 - 2025) -> Ampthill Rugby (2025 - 2025) -> Glasgow Warriors (2025 - 2026),,,https://all.rugby/player/kerr-johnston,Gala Rugby (2021 - 2022) -> Boroughmuir RFC (2022 - 2023) -> Glasgow Warriors (2023 - 2024) -> Ampthill Rugby (2024 - 2024) -> Glasgow Warriors (2025 - 2025) -> Ampthill Rugby (2025 - 2025) -> Glasgow Warriors (2025 - 2026)
Fergus WATSON,Fergus WATSON,FB,Glasgow,192,97,2005..,,,,,A,https://all.rugby/player/fergus-watson,Glasgow Warriors (2023 - 2026),,,https://all.rugby/player/fergus-watson,Glasgow Warriors (2023 - 2026)
Harry PROVAN,Harry PROVAN,FB,Glasgow,178,96,2006..,,,,,A,https://all.rugby/player/harry-provan,Birkmyre Rugby (2023 - 2024) -> Glasgow Warriors (2024 - 2026),,,https://all.rugby/player/harry-provan,Birkmyre Rugby (2023 - 2024) -> Glasgow Warriors (2024 - 2026)
Conor BARTLEY,Conor BARTLEY,PR,Munster,182,117,1995.06.27,,,,,A,https://all.rugby/player/conor-bartley,Young Munster RFC (2021 - 2024) -> Munster Rugby (2024 - 2024) -> Young Munster RFC (2025 - 2025) -> Munster Rugby (2025 - 2026),,,https://all.rugby/player/conor-bartley,Young Munster RFC (2021 - 2024) -> Munster Rugby (2024 - 2024) -> Young Munster RFC (2025 - 2025) -> Munster Rugby (2025 - 2026)
Jeremy LOUGHMAN,Jeremy LOUGHMAN,PR,Munster,183,120,1995.07.22,,,,,A,https://all.rugby/player/jeremy-loughman,Leinster Rugby (2015 - 2017) -> Munster Rugby (2017 - 2026),Ireland,Ireland,https://all.rugby/player/jeremy-loughman,Leinster Rugby (2015 - 2017) -> Munster Rugby (2017 - 2026)
John RYAN,John RYAN,PR,Munster,185,121,1988.08.02,,,,,A,https://all.rugby/player/john-ryan,Munster Rugby (2012 - 2022) -> Wasps (2022 - 2022) -> Chiefs (2022 - 2022) -> Munster Rugby (2023 - 2023) -> Wasps (2023 - 2023) -> Chiefs (2023 - 2023) -> Munster Rugby (2023 - 2026),Ireland,Ireland,https://all.rugby/player/john-ryan,Munster Rugby (2012 - 2022) -> Wasps (2022 - 2022) -> Chiefs (2022 - 2022) -> Munster Rugby (2023 - 2023) -> Wasps (2023 - 2023) -> Chiefs (2023 - 2023) -> Munster Rugby (2023 - 2026)
Josh WYCHERLEY,Josh WYCHERLEY,PR,Munster,183,112,1999.07.22,,,,,A,https://all.rugby/player/josh-wycherley,Munster Rugby (2018 - 2026),,,https://all.rugby/player/josh-wycherley,Munster Rugby (2018 - 2026)
Kieran RYAN,Kieran RYAN,PR,Munster,183,110,2002.01.30,,,,,A,https://all.rugby/player/kieran-ryan,Munster Rugby (2021 - 2026),,,https://all.rugby/player/kieran-ryan,Munster Rugby (2021 - 2026)
Mark DONNELLY,Mark DONNELLY,PR,Munster,180,110,2001.03.14,,,,,A,https://all.rugby/player/mark-donnelly,Munster Rugby (2020 - 2025) -> Ealing Trailfinders (2025 - 2025) -> Munster Rugby (2026 - 2026) -> Ealing Trailfinders (2026 - 2026),,,https://all.rugby/player/mark-donnelly,Munster Rugby (2020 - 2025) -> Ealing Trailfinders (2025 - 2025) -> Munster Rugby (2026 - 2026) -> Ealing Trailfinders (2026 - 2026)
Michael ALAALATOA,Michael ALAALATOA,PR,Munster,191,130,1991.08.28,,,,,A,https://all.rugby/player/michael-alaalatoa,New South Wales Waratahs (2013 - 2014) -> Crusaders (2015 - 2019) -> Manawatu Turbos (2019 - 2019) -> Crusaders (2020 - 2020) -> Manawatu Turbos (2020 - 2020) -> Crusaders (2020 - 2021) -> Leinster Rugby (2021 - 2024) -> ASM Clermont Auvergne (2024 - 2025) -> Munster Rugby (2025 - 2025) -> ASM Clermont Auvergne (2026 - 2026) -> Munster Rugby (2026 - 2026),Australia,Australia,https://all.rugby/player/michael-alaalatoa,New South Wales Waratahs (2013 - 2014) -> Crusaders (2015 - 2019) -> Manawatu Turbos (2019 - 2019) -> Crusaders (2020 - 2020) -> Manawatu Turbos (2020 - 2020) -> Crusaders (2020 - 2021) -> Leinster Rugby (2021 - 2024) -> ASM Clermont Auvergne (2024 - 2025) -> Munster Rugby (2025 - 2025) -> ASM Clermont Auvergne (2026 - 2026) -> Munster Rugby (2026 - 2026)
Michael MILNE,Michael MILNE,PR,Munster,183,115,1999.02.05,,,,,A,https://all.rugby/player/michael-milne,Leinster Rugby (2018 - 2024) -> Munster Rugby (2024 - 2024) -> Leinster Rugby (2025 - 2025) -> Munster Rugby (2025 - 2026),,,https://all.rugby/player/michael-milne,Leinster Rugby (2018 - 2024) -> Munster Rugby (2024 - 2024) -> Leinster Rugby (2025 - 2025) -> Munster Rugby (2025 - 2026)
Oli JAGER,Oli JAGER,PR,Munster,192,127,1995.07.05,,,,,A,https://all.rugby/player/oli-jager,Crusaders (2016 - 2019) -> Canterbury (2019 - 2019) -> Crusaders (2020 - 2020) -> Canterbury (2020 - 2020) -> Crusaders (2020 - 2020) -> Canterbury (2020 - 2020) -> Crusaders (2021 - 2021) -> Canterbury (2021 - 2021) -> Crusaders (2021 - 2021) -> Canterbury (2021 - 2021) -> Crusaders (2022 - 2022) -> Canterbury (2022 - 2022) -> Crusaders (2022 - 2022) -> Canterbury (2022 - 2022) -> Crusaders (2023 - 2023) -> Canterbury (2023 - 2023) -> Munster Rugby (2023 - 2026),Ireland,Ireland,https://all.rugby/player/oli-jager,Crusaders (2016 - 2019) -> Canterbury (2019 - 2019) -> Crusaders (2020 - 2020) -> Canterbury (2020 - 2020) -> Crusaders (2020 - 2020) -> Canterbury (2020 - 2020) -> Crusaders (2021 - 2021) -> Canterbury (2021 - 2021) -> Crusaders (2021 - 2021) -> Canterbury (2021 - 2021) -> Crusaders (2022 - 2022) -> Canterbury (2022 - 2022) -> Crusaders (2022 - 2022) -> Canterbury (2022 - 2022) -> Crusaders (2023 - 2023) -> Canterbury (2023 - 2023) -> Munster Rugby (2023 - 2026)
Roman SALANOA,Roman SALANOA,PR,Munster,183,123,1997.10.28,,,,,A,https://all.rugby/player/roman-salanoa,Leinster Rugby (2019 - 2020) -> Munster Rugby (2020 - 2026),,,https://all.rugby/player/roman-salanoa,Leinster Rugby (2019 - 2020) -> Munster Rugby (2020 - 2026)
Diarmuid BARRON,Diarmuid BARRON,HO,Munster,184,100,1998.08.06,,,,,A,https://all.rugby/player/diarmuid-barron,Munster Rugby (2018 - 2026),,,https://all.rugby/player/diarmuid-barron,Munster Rugby (2018 - 2026)
Lee BARRON,Lee BARRON,HO,Munster,191,109,2001.02.15,,,,,A,https://all.rugby/player/lee-barron,Leinster Rugby (2021 - 2024) -> Munster Rugby (2024 - 2024) -> Leinster Rugby (2025 - 2025) -> Munster Rugby (2025 - 2026),,,https://all.rugby/player/lee-barron,Leinster Rugby (2021 - 2024) -> Munster Rugby (2024 - 2024) -> Leinster Rugby (2025 - 2025) -> Munster Rugby (2025 - 2026)
Niall SCANNELL,Niall SCANNELL,HO,Munster,185,111,1992.04.08,,,,,A,https://all.rugby/player/niall-scannell,Munster Rugby (2013 - 2026),Ireland,Ireland,https://all.rugby/player/niall-scannell,Munster Rugby (2013 - 2026)
Conor RYAN,Conor RYAN,LO,Munster,,,2003.10.04,,,,,A,https://all.rugby/player/conor-ryan,University College Cork (2024 - 2025) -> Munster Rugby (2025 - 2026),,,https://all.rugby/player/conor-ryan,University College Cork (2024 - 2025) -> Munster Rugby (2025 - 2026)
Edwin EDOGBO,Edwin EDOGBO,LO,Munster,196,127,2002.12.21,,,,,A,https://all.rugby/player/edwin-edogbo,Munster Rugby (2022 - 2026),Ireland,Ireland,https://all.rugby/player/edwin-edogbo,Munster Rugby (2022 - 2026)
Evan O'CONNELL,Evan O'CONNELL,LO,Munster,200,109,2004..,,,,,A,https://all.rugby/player/evan-o-connell,Munster Rugby (2022 - 2026),,,https://all.rugby/player/evan-o-connell,Munster Rugby (2022 - 2026)
Fineen WYCHERLEY,Fineen WYCHERLEY,LO,Munster,196,112,1997.12.11,,,,,A,https://all.rugby/player/fineen-wycherley,Munster Rugby (2016 - 2026),,,https://all.rugby/player/fineen-wycherley,Munster Rugby (2016 - 2026)
Jean KLEYN,Jean KLEYN,LO,Munster,202,123,1993.08.26,,,,,A,https://all.rugby/player/jean-kleyn,Stormers (2013 - 2016) -> Munster Rugby (2016 - 2026),South Africa,South Africa,https://all.rugby/player/jean-kleyn,Stormers (2013 - 2016) -> Munster Rugby (2016 - 2026)
Tadhg BEIRNE,Tadhg BEIRNE,LO,Munster,198,114,1992.01.08,,,,,A,https://all.rugby/player/tadhg-beirne,Leinster Rugby (2015 - 2016) -> Scarlets (2016 - 2018) -> Munster Rugby (2018 - 2026),Ireland,Ireland,https://all.rugby/player/tadhg-beirne,Leinster Rugby (2015 - 2016) -> Scarlets (2016 - 2018) -> Munster Rugby (2018 - 2026)
Tom AHERN,Tom AHERN,LO,Munster,206,117,2000.02.22,,,,,A,https://all.rugby/player/thomas-ahern,Munster Rugby (2020 - 2026),,,https://all.rugby/player/thomas-ahern,Munster Rugby (2020 - 2026)
Alex KENDELLEN,Alex KENDELLEN,Back row,Munster,188,105,2001.03.03,,,,,A,https://all.rugby/player/alex-kendellen,Munster Rugby (2020 - 2026),,,https://all.rugby/player/alex-kendellen,Munster Rugby (2020 - 2026)
Brian GLEESON,Brian GLEESON,Back row,Munster,193,116,2004.02.05,,,,,A,https://all.rugby/player/brian-gleeson,Munster Rugby (2022 - 2026),,,https://all.rugby/player/brian-gleeson,Munster Rugby (2022 - 2026)
Gavin COOMBES,Gavin COOMBES,Back row,Munster,198,110,1997.12.11,,,,,A,https://all.rugby/player/gavin-coombes,Munster Rugby (2018 - 2026),,,https://all.rugby/player/gavin-coombes,Munster Rugby (2018 - 2026)
Jack O'DONOGHUE,Jack O'DONOGHUE,Back row,Munster,191,110,1994.02.08,,,,,A,https://all.rugby/player/jack-o-donoghue,Munster Rugby (2014 - 2026),Ireland,Ireland,https://all.rugby/player/jack-o-donoghue,Munster Rugby (2014 - 2026)
John HODNETT,John HODNETT,Back row,Munster,185,105,1999.01.10,,,,,A,https://all.rugby/player/john-hodnett,Munster Rugby (2018 - 2026),,,https://all.rugby/player/john-hodnett,Munster Rugby (2018 - 2026)
Ruadhán QUINN,Ruadhán QUINN,Back row,Munster,191,113,2003.10.17,,,,,A,https://all.rugby/player/ruadhan-quinn,Munster Rugby (2022 - 2026),,,https://all.rugby/player/ruadhan-quinn,Munster Rugby (2022 - 2026)
Ben O'DONOVAN,Ben O'DONOVAN,SH,Munster,,,2004..,,,,,A,https://all.rugby/player/ben-o-donovan,Crusaders (2023 - 2024) -> Canterbury (2024 - 2025) -> Munster Rugby (2025 - 2026),,,https://all.rugby/player/ben-o-donovan,Crusaders (2023 - 2024) -> Canterbury (2024 - 2025) -> Munster Rugby (2025 - 2026)
Craig CASEY,Craig CASEY,SH,Munster,165,76,1999.04.19,,,,,A,https://all.rugby/player/craig-casey,Munster Rugby (2018 - 2026),Ireland,Ireland,https://all.rugby/player/craig-casey,Munster Rugby (2018 - 2026)
Ethan COUGHLAN,Ethan COUGHLAN,SH,Munster,175,81,2002.04.13,,,,,A,https://all.rugby/player/ethan-coughlan,Munster Rugby (2021 - 2026),,,https://all.rugby/player/ethan-coughlan,Munster Rugby (2021 - 2026)
Paddy PATTERSON,Paddy PATTERSON,SH,Munster,175,75,1998.11.30,,,,,A,https://all.rugby/player/paddy-patterson,Leinster Rugby (2018 - 2020) -> Munster Rugby (2020 - 2020) -> Leinster Rugby (2021 - 2021) -> Munster Rugby (2021 - 2026),,,https://all.rugby/player/paddy-patterson,Leinster Rugby (2018 - 2020) -> Munster Rugby (2020 - 2020) -> Leinster Rugby (2021 - 2021) -> Munster Rugby (2021 - 2026)
Jack CROWLEY,Jack CROWLEY,SO,Munster,185,90,2000.01.13,,,,,A,https://all.rugby/player/jack-crowley,Munster Rugby (2020 - 2026),Ireland,Ireland,https://all.rugby/player/jack-crowley,Munster Rugby (2020 - 2026)
JJ HANRAHAN,JJ HANRAHAN,SO,Munster,183,93,1992.07.27,,,,,A,https://all.rugby/player/jj-hanrahan,Munster Rugby (2013 - 2015) -> Northampton Saints (2015 - 2017) -> Munster Rugby (2017 - 2021) -> ASM Clermont Auvergne (2021 - 2022) -> Dragons RFC (2022 - 2023) -> Connacht Rugby (2023 - 2025) -> Munster Rugby (2025 - 2026),,,https://all.rugby/player/jj-hanrahan,Munster Rugby (2013 - 2015) -> Northampton Saints (2015 - 2017) -> Munster Rugby (2017 - 2021) -> ASM Clermont Auvergne (2021 - 2022) -> Dragons RFC (2022 - 2023) -> Connacht Rugby (2023 - 2025) -> Munster Rugby (2025 - 2026)
Tony BUTLER,Tony BUTLER,SO,Munster,178,85,2002.04.23,,,,,A,https://all.rugby/player/tony-butler,Munster Rugby (2021 - 2026),,,https://all.rugby/player/tony-butler,Munster Rugby (2021 - 2026)
Alex NANKIVELL,Alex NANKIVELL,CTB,Munster,188,98,1996.10.25,,,,,A,https://all.rugby/player/alex-nankivell,Chiefs (2016 - 2019) -> Tasman Mako (2019 - 2019) -> Chiefs (2020 - 2020) -> Tasman Mako (2020 - 2020) -> Chiefs (2020 - 2020) -> Tasman Mako (2020 - 2020) -> Chiefs (2021 - 2021) -> Tasman Mako (2021 - 2021) -> Chiefs (2021 - 2021) -> Tasman Mako (2021 - 2021) -> Chiefs (2022 - 2022) -> Tasman Mako (2022 - 2022) -> Chiefs (2022 - 2022) -> Tasman Mako (2022 - 2022) -> Chiefs (2023 - 2023) -> Tasman Mako (2023 - 2023) -> Munster Rugby (2023 - 2026),,,https://all.rugby/player/alex-nankivell,Chiefs (2016 - 2019) -> Tasman Mako (2019 - 2019) -> Chiefs (2020 - 2020) -> Tasman Mako (2020 - 2020) -> Chiefs (2020 - 2020) -> Tasman Mako (2020 - 2020) -> Chiefs (2021 - 2021) -> Tasman Mako (2021 - 2021) -> Chiefs (2021 - 2021) -> Tasman Mako (2021 - 2021) -> Chiefs (2022 - 2022) -> Tasman Mako (2022 - 2022) -> Chiefs (2022 - 2022) -> Tasman Mako (2022 - 2022) -> Chiefs (2023 - 2023) -> Tasman Mako (2023 - 2023) -> Munster Rugby (2023 - 2026)
Dan KELLY,Dan KELLY,CTB,Munster,185,100,2001.06.16,,,,,A,https://all.rugby/player/dan-kelly,Sale Sharks (2017 - 2019) -> Loughborough University (2019 - 2019) -> Leicester Tigers (2019 - 2019) -> Loughborough University (2020 - 2020) -> Leicester Tigers (2020 - 2025) -> Munster Rugby (2025 - 2026),England,England,https://all.rugby/player/dan-kelly,Sale Sharks (2017 - 2019) -> Loughborough University (2019 - 2019) -> Leicester Tigers (2019 - 2019) -> Loughborough University (2020 - 2020) -> Leicester Tigers (2020 - 2025) -> Munster Rugby (2025 - 2026)
Fionn GIBBONS,Fionn GIBBONS,CTB,Munster,193,105,2002.06.12,,,,,A,https://all.rugby/player/fionn-gibbons,Leinster Rugby (2021 - 2022) -> Munster Rugby (2022 - 2026),,,https://all.rugby/player/fionn-gibbons,Leinster Rugby (2021 - 2022) -> Munster Rugby (2022 - 2026)
Seán O'BRIEN,Seán O'BRIEN,CTB,Munster,187,101,1998.05.12,,,,,A,https://all.rugby/player/sean-o-brien-1998,Connacht Rugby (2019 - 2021) -> Exeter Chiefs (2021 - 2023) -> Munster Rugby (2023 - 2026),,,https://all.rugby/player/sean-o-brien-1998,Connacht Rugby (2019 - 2021) -> Exeter Chiefs (2021 - 2023) -> Munster Rugby (2023 - 2026)
Shane DALY,Shane DALY,CTB,Munster,191,92,1996.12.19,,,,,A,https://all.rugby/player/shane-daly,Munster Rugby (2017 - 2026),Ireland,Ireland,https://all.rugby/player/shane-daly,Munster Rugby (2017 - 2026)
Tom FARRELL,Tom FARRELL,CTB,Munster,190,107,1993.10.01,,,,,A,https://all.rugby/player/tom-farrell,Connacht Rugby (2016 - 2024) -> Munster Rugby (2024 - 2026),Ireland,Ireland,https://all.rugby/player/tom-farrell,Connacht Rugby (2016 - 2024) -> Munster Rugby (2024 - 2026)
Andrew SMITH,Andrew SMITH,Winger,Munster,183,90,2000.07.21,,,,,A,https://all.rugby/player/andrew-smith-2000,Leinster Rugby (2020 - 2022) -> Connacht Rugby (2023 - 2024) -> Munster Rugby (2024 - 2024) -> Connacht Rugby (2025 - 2025) -> Munster Rugby (2025 - 2026),,,https://all.rugby/player/andrew-smith-2000,Leinster Rugby (2020 - 2022) -> Connacht Rugby (2023 - 2024) -> Munster Rugby (2024 - 2024) -> Connacht Rugby (2025 - 2025) -> Munster Rugby (2025 - 2026)
Calvin NASH,Calvin NASH,Winger,Munster,180,90,1997.08.08,,,,,A,https://all.rugby/player/calvin-nash,Munster Rugby (2016 - 2026),Ireland,Ireland,https://all.rugby/player/calvin-nash,Munster Rugby (2016 - 2026)
Diarmuid KILGALLEN,Diarmuid KILGALLEN,Winger,Munster,193,96,2000.03.08,,,,,A,https://all.rugby/player/diarmuid-kilgallen,Connacht Rugby (2019 - 2024) -> Munster Rugby (2024 - 2026),,,https://all.rugby/player/diarmuid-kilgallen,Connacht Rugby (2019 - 2024) -> Munster Rugby (2024 - 2026)
Shay MCCARTHY,Shay MCCARTHY,Winger,Munster,188,95,2002.11.06,,,,,A,https://all.rugby/player/shay-mccarthy,Munster Rugby (2021 - 2022) -> Young Munster RFC (2022 - 2023) -> Munster Rugby (2023 - 2026),,,https://all.rugby/player/shay-mccarthy,Munster Rugby (2021 - 2022) -> Young Munster RFC (2022 - 2023) -> Munster Rugby (2023 - 2026)
Mike HALEY,Mike HALEY,FB,Munster,191,94,1994.06.28,,,,,A,https://all.rugby/player/mike-haley,Sale Sharks (2013 - 2018) -> Munster Rugby (2018 - 2026),England,England,https://all.rugby/player/mike-haley,Sale Sharks (2013 - 2018) -> Munster Rugby (2018 - 2026)
Thaakir ABRAHAMS,Thaakir ABRAHAMS,FB,Munster,175,77,1999.01.10,,,,,A,https://all.rugby/player/thaakir-abrahams,Sharks (2019 - 2023) -> Lyon Olympique Universitaire Rugby (2023 - 2024) -> Munster Rugby (2024 - 2026),,,https://all.rugby/player/thaakir-abrahams,Sharks (2019 - 2023) -> Lyon Olympique Universitaire Rugby (2023 - 2024) -> Munster Rugby (2024 - 2026)
Darragh MCSWEENEY,Darragh MCSWEENEY,PR,Munster,191,130,2002.08.19,,,,,A,https://all.rugby/player/darragh-mcsweeney,Munster Rugby (2021 - 2024) -> Cornish Pirates (2024 - 2024) -> Munster Rugby (2025 - 2025) -> Cornish Pirates (2025 - 2025) -> Munster Rugby (2025 - 2026),,,https://all.rugby/player/darragh-mcsweeney,Munster Rugby (2021 - 2024) -> Cornish Pirates (2024 - 2024) -> Munster Rugby (2025 - 2025) -> Cornish Pirates (2025 - 2025) -> Munster Rugby (2025 - 2026)
Emmett CALVEY,Emmett CALVEY,PR,Munster,,,2005..,,,,,A,https://all.rugby/player/emmett-calvey,Shannon RFC (2023 - 2025) -> Munster Rugby (2025 - 2026),,,https://all.rugby/player/emmett-calvey,Shannon RFC (2023 - 2025) -> Munster Rugby (2025 - 2026)
George HADDEN,George HADDEN,PR,Munster,185,113,2003.02.20,,,,,A,https://all.rugby/player/george-hadden,Gorey RFC (2021 - 2022) -> Clontarf Rugby (2022 - 2023) -> Munster Rugby (2023 - 2026),,,https://all.rugby/player/george-hadden,Gorey RFC (2021 - 2022) -> Clontarf Rugby (2022 - 2023) -> Munster Rugby (2023 - 2026)
Ronan FOXE,Ronan FOXE,PR,Munster,188,128,2003.02.13,,,,,A,https://all.rugby/player/ronan-foxe,Old Belvedere RC (2022 - 2023) -> Munster Rugby (2023 - 2026),,,https://all.rugby/player/ronan-foxe,Old Belvedere RC (2022 - 2023) -> Munster Rugby (2023 - 2026)
Danny SHEAHAN,Danny SHEAHAN,HO,Munster,186,105,2004..,,,,,A,https://all.rugby/player/danny-sheahan,University College Cork (2022 - 2023) -> Cork Constitution RFC (2023 - 2024) -> Munster Rugby (2024 - 2026),,,https://all.rugby/player/danny-sheahan,University College Cork (2022 - 2023) -> Cork Constitution RFC (2023 - 2024) -> Munster Rugby (2024 - 2026)
Max CLEIN,Max CLEIN,HO,Munster,183,108,2003.09.16,,,,,A,https://all.rugby/player/max-clein,Munster Rugby (2022 - 2026),,,https://all.rugby/player/max-clein,Munster Rugby (2022 - 2026)
Conor KENNELLY,Conor KENNELLY,LO,Munster,198,110,2005..,,,,,A,https://all.rugby/player/conor-kennelly,Highfield RFC (2024 - 2025) -> Munster Rugby (2025 - 2026),,,https://all.rugby/player/conor-kennelly,Highfield RFC (2024 - 2025) -> Munster Rugby (2025 - 2026)
Michael FOY,Michael FOY,LO,Munster,196,107,2005..,,,,,A,https://all.rugby/player/michael-foy,Cork Constitution RFC (2023 - 2024) -> Munster Rugby (2024 - 2026),,,https://all.rugby/player/michael-foy,Cork Constitution RFC (2023 - 2024) -> Munster Rugby (2024 - 2026)
Luke MURPHY,Luke MURPHY,Back row,Munster,,,2005..,,,,,A,https://all.rugby/player/luke-murphy,Shannon RFC (2023 - 2024) -> Munster Rugby (2024 - 2026),,,https://all.rugby/player/luke-murphy,Shannon RFC (2023 - 2024) -> Munster Rugby (2024 - 2026)
Oisin MINOGUE,Oisin MINOGUE,Back row,Munster,184,102,2005..,,,,,A,https://all.rugby/player/oisin-minogue,Shannon RFC (2024 - 2025) -> Munster Rugby (2025 - 2026),,,https://all.rugby/player/oisin-minogue,Shannon RFC (2024 - 2025) -> Munster Rugby (2025 - 2026)
Seán EDOGBO,Seán EDOGBO,Back row,Munster,188,111,2004..,,,,,A,https://all.rugby/player/sean-edogbo,University College Cork (2023 - 2024) -> Munster Rugby (2024 - 2026),,,https://all.rugby/player/sean-edogbo,University College Cork (2023 - 2024) -> Munster Rugby (2024 - 2026)
Jake O'RIORDAN,Jake O'RIORDAN,SH,Munster,170,74,2004..,,,,,A,https://all.rugby/player/jake-o-riordan,University of Limerick Bohemian RFC (2023 - 2024) -> Munster Rugby (2024 - 2026),,,https://all.rugby/player/jake-o-riordan,University of Limerick Bohemian RFC (2023 - 2024) -> Munster Rugby (2024 - 2026)
Dylan HICKS,Dylan HICKS,SO,Munster,185,88,2005..,,,,,A,https://all.rugby/player/dylan-hicks,Coláiste Pobail Bheanntraí (2022 - 2023) -> Munster Rugby (2023 - 2026),,,https://all.rugby/player/dylan-hicks,Coláiste Pobail Bheanntraí (2022 - 2023) -> Munster Rugby (2023 - 2026)
Tom WOOD,Tom WOOD,SO,Munster,188,91,2006..,,,,,A,https://all.rugby/player/tom-wood-,Garryowen FC (2024 - 2025) -> Munster Rugby (2025 - 2026),,,https://all.rugby/player/tom-wood-,Garryowen FC (2024 - 2025) -> Munster Rugby (2025 - 2026)
Eoghan SMYTH,Eoghan SMYTH,CTB,Munster,183,96,2005..,,,,,A,https://all.rugby/player/eoghan-smyth,Cork Constitution RFC (2024 - 2025) -> Munster Rugby (2025 - 2026),,,https://all.rugby/player/eoghan-smyth,Cork Constitution RFC (2024 - 2025) -> Munster Rugby (2025 - 2026)
Gene O'LEARY KAREEM,Gene O'LEARY KAREEM,CTB,Munster,179,91,2005..,,,,,A,https://all.rugby/player/gene-o-leary-kareem,Presentation Brothers Cork (2023 - 2024) -> Munster Rugby (2024 - 2026),,,https://all.rugby/player/gene-o-leary-kareem,Presentation Brothers Cork (2023 - 2024) -> Munster Rugby (2024 - 2026)
Gordon WOOD,Gordon WOOD,CTB,Munster,182,91,2004..,,,,,A,https://all.rugby/player/gordon-wood,Garryowen FC (2023 - 2024) -> Munster Rugby (2024 - 2026),,,https://all.rugby/player/gordon-wood,Garryowen FC (2023 - 2024) -> Munster Rugby (2024 - 2026)
Ben O'CONNOR,Ben O'CONNOR,FB,Munster,188,97,2004..,,,,,A,https://all.rugby/player/ben-o-connor,Presentation Brothers Cork (2022 - 2023) -> Munster Rugby (2023 - 2026),,,https://all.rugby/player/ben-o-connor,Presentation Brothers Cork (2022 - 2023) -> Munster Rugby (2023 - 2026)
Alex USANOV,Alex USANOV,PR,Leinster,182,111,2005..,,,,,A,https://all.rugby/player/alex-usanov,Clontarf Rugby (2023 - 2024) -> Leinster Rugby (2024 - 2026),,,https://all.rugby/player/alex-usanov,Clontarf Rugby (2023 - 2024) -> Leinster Rugby (2024 - 2026)
Andrew PORTER,Andrew PORTER,PR,Leinster,185,125,1996.01.16,,,,,A,https://all.rugby/player/andrew-porter,Leinster Rugby (2016 - 2026),Ireland,Ireland,https://all.rugby/player/andrew-porter,Leinster Rugby (2016 - 2026)
Jack BOYLE,Jack BOYLE,PR,Leinster,185,113,2002.03.10,,,,,A,https://all.rugby/player/jack-boyle,Leinster Rugby (2020 - 2026),,,https://all.rugby/player/jack-boyle,Leinster Rugby (2020 - 2026)
Jerry CAHIR,Jerry CAHIR,PR,Leinster,188,114,2000.08.26,,,,,A,https://all.rugby/player/jerry-cahir,Old Belvedere RC (2021 - 2022) -> Dublin University FC (2022 - 2024) -> Lansdowne FC (2024 - 2025) -> Leinster Rugby (2025 - 2026),,,https://all.rugby/player/jerry-cahir,Old Belvedere RC (2021 - 2022) -> Dublin University FC (2022 - 2024) -> Lansdowne FC (2024 - 2025) -> Leinster Rugby (2025 - 2026)
Niall SMYTH,Niall SMYTH,PR,Leinster,191,118,2005..,,,,,A,https://all.rugby/player/niall-smyth,Blackrock College RFC (2023 - 2024) -> Leinster Rugby (2024 - 2026),,,https://all.rugby/player/niall-smyth,Blackrock College RFC (2023 - 2024) -> Leinster Rugby (2024 - 2026)
Paddy MCCARTHY,Paddy MCCARTHY,PR,Leinster,183,110,2003.05.28,,,,,A,https://all.rugby/player/paddy-mccarthy,Leinster Rugby (2022 - 2026),Ireland,Ireland,https://all.rugby/player/paddy-mccarthy,Leinster Rugby (2022 - 2026)
Rabah SLIMANI,Rabah SLIMANI,PR,Leinster,178,124,1989.10.18,,,,,A,https://all.rugby/player/rabah-slimani,AAS Sarcelles Rugby (2004 - 2005) -> Stade Français Paris Rugby (2005 - 2017) -> ASM Clermont Auvergne (2017 - 2024) -> Leinster Rugby (2024 - 2026),France,France,https://all.rugby/player/rabah-slimani,AAS Sarcelles Rugby (2004 - 2005) -> Stade Français Paris Rugby (2005 - 2017) -> ASM Clermont Auvergne (2017 - 2024) -> Leinster Rugby (2024 - 2026)
Tadhg FURLONG,Tadhg FURLONG,PR,Leinster,183,119,1992.11.14,,,,,A,https://all.rugby/player/tadhg-furlong,Leinster Rugby (2013 - 2026),Ireland,Ireland,https://all.rugby/player/tadhg-furlong,Leinster Rugby (2013 - 2026)
Tom CLARKSON,Tom CLARKSON,PR,Leinster,185,118,2000.02.22,,,,,A,https://all.rugby/player/tom-clarkson,Leinster Rugby (2018 - 2026),,,https://all.rugby/player/tom-clarkson,Leinster Rugby (2018 - 2026)
Bobby SHEEHAN,Bobby SHEEHAN,HO,Leinster,196,111,2000.06.23,,,,,A,https://all.rugby/player/bobby-sheehan,University College Dublin (2021 - 2025) -> Leinster Rugby (2025 - 2025) -> Lansdowne FC (2025 - 2025) -> Leinster Rugby (2026 - 2026) -> Lansdowne FC (2026 - 2026),,,https://all.rugby/player/bobby-sheehan,University College Dublin (2021 - 2025) -> Leinster Rugby (2025 - 2025) -> Lansdowne FC (2025 - 2025) -> Leinster Rugby (2026 - 2026) -> Lansdowne FC (2026 - 2026)
Dan SHEEHAN,Dan SHEEHAN,HO,Leinster,191,110,1998.09.17,,,,,A,https://all.rugby/player/dan-sheehan,Leinster Rugby (2019 - 2026),Ireland,Ireland,https://all.rugby/player/dan-sheehan,Leinster Rugby (2019 - 2026)
Gus MCCARTHY,Gus MCCARTHY,HO,Leinster,178,107,2003.07.23,,,,,A,https://all.rugby/player/gus-mccarthy,Leinster Rugby (2022 - 2026),Ireland,Ireland,https://all.rugby/player/gus-mccarthy,Leinster Rugby (2022 - 2026)
John MCKEE,John MCKEE,HO,Leinster,183,109,2000.02.15,,,,,A,https://all.rugby/player/john-mckee,Leinster Rugby (2018 - 2026),,,https://all.rugby/player/john-mckee,Leinster Rugby (2018 - 2026)
Ronan KELLEHER,Ronan KELLEHER,HO,Leinster,185,108,1998.01.24,,,,,A,https://all.rugby/player/ronan-kelleher,Leinster Rugby (2018 - 2026),Ireland,Ireland,https://all.rugby/player/ronan-kelleher,Leinster Rugby (2018 - 2026)
Brian DEENY,Brian DEENY,LO,Leinster,200,119,2000.02.03,,,,,A,https://all.rugby/player/brian-deeny,Leinster Rugby (2018 - 2026),,,https://all.rugby/player/brian-deeny,Leinster Rugby (2018 - 2026)
James RYAN,James RYAN,LO,Leinster,200,115,1996.07.24,,,,,A,https://all.rugby/player/james-ryan,Leinster Rugby (2017 - 2026),Ireland,Ireland,https://all.rugby/player/james-ryan,Leinster Rugby (2017 - 2026)
Joe MCCARTHY,Joe MCCARTHY,LO,Leinster,198,119,2001.03.26,,,,,A,https://all.rugby/player/joe-mccarthy,Leinster Rugby (2021 - 2026),,,https://all.rugby/player/joe-mccarthy,Leinster Rugby (2021 - 2026)
RG SNYMAN,RG SNYMAN,LO,Leinster,206,131,1995.01.29,,,,,A,https://all.rugby/player/rg-snyman,Bulls (2015 - 2019) -> Mie Honda Heat RFC (2019 - 2019) -> Munster Rugby (2019 - 2019) -> Mie Honda Heat RFC (2020 - 2020) -> Munster Rugby (2020 - 2024) -> Leinster Rugby (2024 - 2026),South Africa,South Africa,https://all.rugby/player/rg-snyman,Bulls (2015 - 2019) -> Mie Honda Heat RFC (2019 - 2019) -> Munster Rugby (2019 - 2019) -> Mie Honda Heat RFC (2020 - 2020) -> Munster Rugby (2020 - 2024) -> Leinster Rugby (2024 - 2026)
Ryan BAIRD,Ryan BAIRD,LO,Leinster,198,113,1999.07.26,,,,,A,https://all.rugby/player/ryan-baird,Leinster Rugby (2018 - 2026),Ireland,Ireland,https://all.rugby/player/ryan-baird,Leinster Rugby (2018 - 2026)
Alex SOROKA,Alex SOROKA,Back row,Leinster,196,107,2001.02.19,,,,,A,https://all.rugby/player/alex-soroka,Leinster Rugby (2020 - 2026),,,https://all.rugby/player/alex-soroka,Leinster Rugby (2020 - 2026)
Caelan DORIS,Caelan DORIS,Back row,Leinster,193,106,1998.04.02,,,,,A,https://all.rugby/player/caelan-doris,Leinster Rugby (2017 - 2026),Ireland,Ireland,https://all.rugby/player/caelan-doris,Leinster Rugby (2017 - 2026)
Diarmuid MANGAN,Diarmuid MANGAN,Back row,Leinster,198,109,2003.03.06,,,,,A,https://all.rugby/player/diarmuid-mangan,University College Dublin (2021 - 2022) -> Leinster Rugby (2022 - 2026),,,https://all.rugby/player/diarmuid-mangan,University College Dublin (2021 - 2022) -> Leinster Rugby (2022 - 2026)
Jack CONAN,Jack CONAN,Back row,Leinster,193,111,1992.07.29,,,,,A,https://all.rugby/player/jack-conan,Leinster Rugby (2013 - 2026),Ireland,Ireland,https://all.rugby/player/jack-conan,Leinster Rugby (2013 - 2026)
James CULHANE,James CULHANE,Back row,Leinster,193,113,2002.10.22,,,,,A,https://all.rugby/player/james-culhane,Leinster Rugby (2021 - 2026),,,https://all.rugby/player/james-culhane,Leinster Rugby (2021 - 2026)
Josh VAN DER FLIER,Josh VAN DER FLIER,Back row,Leinster,183,105,1993.04.25,,,,,A,https://all.rugby/player/josh-van-der-flier,Leinster Rugby (2014 - 2026),Ireland,Ireland,https://all.rugby/player/josh-van-der-flier,Leinster Rugby (2014 - 2026)
Max DEEGAN,Max DEEGAN,Back row,Leinster,193,110,1996.10.01,,,,,A,https://all.rugby/player/max-deegan,Leinster Rugby (2016 - 2026),Ireland,Ireland,https://all.rugby/player/max-deegan,Leinster Rugby (2016 - 2026)
Scott PENNY,Scott PENNY,Back row,Leinster,185,104,1999.09.22,,,,,A,https://all.rugby/player/scott-penny,Leinster Rugby (2018 - 2026),,,https://all.rugby/player/scott-penny,Leinster Rugby (2018 - 2026)
Will CONNORS,Will CONNORS,Back row,Leinster,196,105,1996.04.04,,,,,A,https://all.rugby/player/will-connors,Leinster Rugby (2017 - 2026),Ireland,Ireland,https://all.rugby/player/will-connors,Leinster Rugby (2017 - 2026)
Fintan GUNNE,Fintan GUNNE,SH,Leinster,175,85,2003.07.28,,,,,A,https://all.rugby/player/fintan-gunne,Leinster Rugby (2022 - 2026),,,https://all.rugby/player/fintan-gunne,Leinster Rugby (2022 - 2026)
Jamison GIBSON-PARK,Jamison GIBSON-PARK,SH,Leinster,175,83,1992.02.23,,,,,A,https://all.rugby/player/jamison-gibson-park,Blues (2013 - 2015) -> Hurricanes (2015 - 2016) -> Leinster Rugby (2016 - 2026),New Zealand,New Zealand,https://all.rugby/player/jamison-gibson-park,Blues (2013 - 2015) -> Hurricanes (2015 - 2016) -> Leinster Rugby (2016 - 2026)
Luke MCGRATH,Luke MCGRATH,SH,Leinster,175,84,1993.02.03,,,,,A,https://all.rugby/player/luke-mcgrath,Leinster Rugby (2013 - 2026),Ireland,Ireland,https://all.rugby/player/luke-mcgrath,Leinster Rugby (2013 - 2026)
Charlie TECTOR,Charlie TECTOR,SO,Leinster,188,95,2002.03.28,,,,,A,https://all.rugby/player/charlie-tector,Leinster Rugby (2021 - 2026),,,https://all.rugby/player/charlie-tector,Leinster Rugby (2021 - 2026)
Ciarán FRAWLEY,Ciarán FRAWLEY,SO,Leinster,191,98,1997.12.04,,,,,A,https://all.rugby/player/ciaran-frawley,Leinster Rugby (2017 - 2026),Ireland,Ireland,https://all.rugby/player/ciaran-frawley,Leinster Rugby (2017 - 2026)
Harry BYRNE,Harry BYRNE,SO,Leinster,191,95,1999.04.22,,,,,A,https://all.rugby/player/harry-byrne,Leinster Rugby (2018 - 2024) -> Bristol Bears (2024 - 2024) -> Leinster Rugby (2024 - 2024) -> Bristol Bears (2024 - 2025) -> Leinster Rugby (2025 - 2025) -> Bristol Bears (2025 - 2025) -> Leinster Rugby (2025 - 2026),Ireland,Ireland,https://all.rugby/player/harry-byrne,Leinster Rugby (2018 - 2024) -> Bristol Bears (2024 - 2024) -> Leinster Rugby (2024 - 2024) -> Bristol Bears (2024 - 2025) -> Leinster Rugby (2025 - 2025) -> Bristol Bears (2025 - 2025) -> Leinster Rugby (2025 - 2026)
Sam PRENDERGAST,Sam PRENDERGAST,SO,Leinster,194,91,2003.02.12,,,,,A,https://all.rugby/player/sam-prendergast,Lansdowne FC (2021 - 2022) -> Leinster Rugby (2022 - 2026),Ireland,Ireland,https://all.rugby/player/sam-prendergast,Lansdowne FC (2021 - 2022) -> Leinster Rugby (2022 - 2026)
Garry RINGROSE,Garry RINGROSE,CTB,Leinster,186,92,1995.01.26,,,,,A,https://all.rugby/player/garry-ringrose,Leinster Rugby (2015 - 2026),Ireland,Ireland,https://all.rugby/player/garry-ringrose,Leinster Rugby (2015 - 2026)
Hugh COONEY,Hugh COONEY,CTB,Leinster,182,92,2003.06.26,,,,,A,https://all.rugby/player/hugh-cooney,Leinster Rugby (2022 - 2026),,,https://all.rugby/player/hugh-cooney,Leinster Rugby (2022 - 2026)
Jamie OSBORNE,Jamie OSBORNE,CTB,Leinster,193,98,2001.11.16,,,,,A,https://all.rugby/player/jamie-osborne,Leinster Rugby (2020 - 2026),Ireland,Ireland,https://all.rugby/player/jamie-osborne,Leinster Rugby (2020 - 2026)
Rieko IOANE,Rieko IOANE,CTB,Leinster,189,103,1997.03.18,,,,,A,https://all.rugby/player/rieko-ioane,Blues (2015 - 2019) -> Auckland (2019 - 2019) -> Blues (2020 - 2020) -> Auckland (2020 - 2020) -> Blues (2020 - 2024) -> Auckland (2024 - 2024) -> Blues (2025 - 2025) -> Auckland (2025 - 2025) -> Leinster Rugby (2025 - 2026),New Zealand,New Zealand,https://all.rugby/player/rieko-ioane,Blues (2015 - 2019) -> Auckland (2019 - 2019) -> Blues (2020 - 2020) -> Auckland (2020 - 2020) -> Blues (2020 - 2024) -> Auckland (2024 - 2024) -> Blues (2025 - 2025) -> Auckland (2025 - 2025) -> Leinster Rugby (2025 - 2026)
Robbie HENSHAW,Robbie HENSHAW,CTB,Leinster,191,100,1993.06.12,,,,,A,https://all.rugby/player/robbie-henshaw,Connacht Rugby (2013 - 2016) -> Leinster Rugby (2016 - 2026),Ireland,Ireland,https://all.rugby/player/robbie-henshaw,Connacht Rugby (2013 - 2016) -> Leinster Rugby (2016 - 2026)
Tommy O'BRIEN,Tommy O'BRIEN,CTB,Leinster,183,95,1998.05.28,,,,,A,https://all.rugby/player/tommy-o-brien,Leinster Rugby (2019 - 2026),Ireland,Ireland,https://all.rugby/player/tommy-o-brien,Leinster Rugby (2019 - 2026)
Andrew OSBORNE,Andrew OSBORNE,Winger,Leinster,188,93,2003.08.16,,,,,A,https://all.rugby/player/andrew-osborne,Leinster Rugby (2022 - 2026),,,https://all.rugby/player/andrew-osborne,Leinster Rugby (2022 - 2026)
James LOWE,James LOWE,Winger,Leinster,188,105,1992.07.08,,,,,A,https://all.rugby/player/james-lowe,Chiefs (2013 - 2017) -> Leinster Rugby (2017 - 2026),New Zealand,New Zealand,https://all.rugby/player/james-lowe,Chiefs (2013 - 2017) -> Leinster Rugby (2017 - 2026)
Jordan LARMOUR,Jordan LARMOUR,Winger,Leinster,178,91,1997.06.10,,,,,A,https://all.rugby/player/jordan-larmour,Leinster Rugby (2017 - 2026),Ireland,Ireland,https://all.rugby/player/jordan-larmour,Leinster Rugby (2017 - 2026)
Joshua KENNY,Joshua KENNY,Winger,Leinster,192,100,2003.08.03,,,,,A,https://all.rugby/player/joshua-kenny,Leinster Rugby (2025 - 2026),,,https://all.rugby/player/joshua-kenny,Leinster Rugby (2025 - 2026)
Hugo KEENAN,Hugo KEENAN,FB,Leinster,185,92,1996.06.18,,,,,A,https://all.rugby/player/hugo-keenan,Leinster Rugby (2016 - 2026),Ireland,Ireland,https://all.rugby/player/hugo-keenan,Leinster Rugby (2016 - 2026)
Jimmy O'BRIEN,Jimmy O'BRIEN,FB,Leinster,183,90,1996.11.27,,,,,A,https://all.rugby/player/jimmy-o-brien,Leinster Rugby (2018 - 2026),Ireland,Ireland,https://all.rugby/player/jimmy-o-brien,Leinster Rugby (2018 - 2026)
Alex MULLAN,Alex MULLAN,PR,Leinster,,,2005..,,,,,A,https://all.rugby/player/alex-mullan,Blackrock College RFC (2023 - 2025) -> Leinster Rugby (2025 - 2026),,,https://all.rugby/player/alex-mullan,Blackrock College RFC (2023 - 2025) -> Leinster Rugby (2025 - 2026)
Andrew SPARROW,Andrew SPARROW,PR,Leinster,192,128,2004..,,,,,A,https://all.rugby/player/andrew-sparrow,University College Dublin (2023 - 2024) -> Leinster Rugby (2024 - 2026),,,https://all.rugby/player/andrew-sparrow,University College Dublin (2023 - 2024) -> Leinster Rugby (2024 - 2026)
Lee FITZPATRICK,Lee FITZPATRICK,HO,Leinster,,,2007..,,,,,A,https://all.rugby/player/lee-fitzpatrick,Newbridge College (2024 - 2025) -> Leinster Rugby (2025 - 2026),,,https://all.rugby/player/lee-fitzpatrick,Newbridge College (2024 - 2025) -> Leinster Rugby (2025 - 2026)
Stephen SMYTH,Stephen SMYTH,HO,Leinster,187,114,2004..,,,,,A,https://all.rugby/player/stephen-smyth,Old Wesley RFC (2023 - 2024) -> Leinster Rugby (2024 - 2026),,,https://all.rugby/player/stephen-smyth,Old Wesley RFC (2023 - 2024) -> Leinster Rugby (2024 - 2026)
Alan SPICER,Alan SPICER,LO,Leinster,208,138,2005..,,,,,A,https://all.rugby/player/alan-spicer,University College Dublin (2023 - 2024) -> Leinster Rugby (2024 - 2026),,,https://all.rugby/player/alan-spicer,University College Dublin (2023 - 2024) -> Leinster Rugby (2024 - 2026)
Billy CORRIGAN,Billy CORRIGAN,LO,Leinster,198,113,2005..,,,,,A,https://all.rugby/player/billy-corrigan,Old Wesley RFC (2023 - 2025) -> Leinster Rugby (2025 - 2026),,,https://all.rugby/player/billy-corrigan,Old Wesley RFC (2023 - 2025) -> Leinster Rugby (2025 - 2026)
Conor O'TIGHEARNAIGH,Conor O'TIGHEARNAIGH,LO,Leinster,200,118,2003.04.02,,,,,A,https://all.rugby/player/conor-o-tighearnaigh,Leinster Rugby (2021 - 2026),,,https://all.rugby/player/conor-o-tighearnaigh,Leinster Rugby (2021 - 2026)
Mahon RONAN,Mahon RONAN,LO,Leinster,195,114,2005..,,,,,A,https://all.rugby/player/mahon-ronan,Old Wesley RFC (2024 - 2025) -> Leinster Rugby (2025 - 2026),,,https://all.rugby/player/mahon-ronan,Old Wesley RFC (2024 - 2025) -> Leinster Rugby (2025 - 2026)
Josh ERICSON,Josh ERICSON,Back row,Leinster,,,,,,,,A,https://all.rugby/player/josh-ericson,Old Belvedere RC (2024 - 2025) -> Leinster Rugby (2025 - 2026),,,https://all.rugby/player/josh-ericson,Old Belvedere RC (2024 - 2025) -> Leinster Rugby (2025 - 2026)
Josh NEILL,Josh NEILL,Back row,Leinster,,,2007..,,,,,A,https://all.rugby/player/josh-neill,Rondebosch Boys’ High School (2024 - 2025) -> Leinster Rugby (2025 - 2026),South Africa,South Africa,https://all.rugby/player/josh-neill,Rondebosch Boys’ High School (2024 - 2025) -> Leinster Rugby (2025 - 2026)
Liam MOLONY,Liam MOLONY,Back row,Leinster,183,102,2003.11.09,,,,,A,https://all.rugby/player/liam-molony,Leinster Rugby (2022 - 2026),,,https://all.rugby/player/liam-molony,Leinster Rugby (2022 - 2026)
Oliver COFFEY,Oliver COFFEY,SH,Leinster,183,84,2004..,,,,,A,https://all.rugby/player/oliver-coffey,Blackrock College RFC (2023 - 2024) -> Leinster Rugby (2024 - 2026),,,https://all.rugby/player/oliver-coffey,Blackrock College RFC (2023 - 2024) -> Leinster Rugby (2024 - 2026)
Tadhg BROPHY,Tadhg BROPHY,SH,Leinster,173,73,2004..,,,,,A,https://all.rugby/player/tadhg-brophy,Naas RFC (2023 - 2024) -> Lansdowne FC (2024 - 2025) -> Leinster Rugby (2025 - 2026),,,https://all.rugby/player/tadhg-brophy,Naas RFC (2023 - 2024) -> Lansdowne FC (2024 - 2025) -> Leinster Rugby (2025 - 2026)
Caspar GABRIEL,Caspar GABRIEL,SO,Leinster,190,93,2005..,,,,,A,https://all.rugby/player/caspar-gabriel,Terenure College (2022 - 2024) -> Leinster Rugby (2024 - 2026),,,https://all.rugby/player/caspar-gabriel,Terenure College (2022 - 2024) -> Leinster Rugby (2024 - 2026)
Ciarán MANGAN,Ciarán MANGAN,CTB,Leinster,188,,2005..,,,,,A,https://all.rugby/player/ciaran-mangan,Blackrock College RFC (2024 - 2025) -> Leinster Rugby (2025 - 2026),,,https://all.rugby/player/ciaran-mangan,Blackrock College RFC (2024 - 2025) -> Leinster Rugby (2025 - 2026)
Connor FAHY,Connor FAHY,CTB,Leinster,185,,2005..,,,,,A,https://all.rugby/player/connor-fahy,Clontarf Rugby (2024 - 2025) -> Leinster Rugby (2025 - 2026),,,https://all.rugby/player/connor-fahy,Clontarf Rugby (2024 - 2025) -> Leinster Rugby (2025 - 2026)
Jack DEEGAN,Jack DEEGAN,CTB,Leinster,188,,,,,,,A,https://all.rugby/player/jack-deegan,Cistercian College Roscrea (2022 - 2025) -> Leinster Rugby (2025 - 2026),,,https://all.rugby/player/jack-deegan,Cistercian College Roscrea (2022 - 2025) -> Leinster Rugby (2025 - 2026)
Hugo MCLAUGHLIN,Hugo MCLAUGHLIN,Winger,Leinster,181,90,2004..,,,,,A,https://all.rugby/player/hugo-mclaughlin,Lansdowne FC (2023 - 2024) -> Leinster Rugby (2024 - 2026),,,https://all.rugby/player/hugo-mclaughlin,Lansdowne FC (2023 - 2024) -> Leinster Rugby (2024 - 2026)
Páidí FARRELL,Páidí FARRELL,Winger,Leinster,175,81,2005..,,,,,A,https://all.rugby/player/paidi-farrell,Old Wesley RFC (2024 - 2025) -> Leinster Rugby (2025 - 2026),,,https://all.rugby/player/paidi-farrell,Old Wesley RFC (2024 - 2025) -> Leinster Rugby (2025 - 2026)
Ruben MOLONEY,Ruben MOLONEY,Winger,Leinster,187,92,2004.01.16,,,,,A,https://all.rugby/player/ruben-moloney,University College Dublin (2023 - 2024) -> Leinster Rugby (2024 - 2026),,,https://all.rugby/player/ruben-moloney,University College Dublin (2023 - 2024) -> Leinster Rugby (2024 - 2026)
Todd LAWLOR,Todd LAWLOR,Winger,Leinster,,,,,,,,A,https://all.rugby/player/todd-lawlor,Newbridge College (2021 - 2024) -> Llandovery RFC (2024 - 2025) -> Leinster Rugby (2025 - 2026),,,https://all.rugby/player/todd-lawlor,Newbridge College (2021 - 2024) -> Llandovery RFC (2024 - 2025) -> Leinster Rugby (2025 - 2026)
Henry MCERLEAN,Henry MCERLEAN,FB,Leinster,183,87,2003.02.13,,,,,A,https://all.rugby/player/henry-mcerlean,Leinster Rugby (2022 - 2026),,,https://all.rugby/player/henry-mcerlean,Leinster Rugby (2022 - 2026)
Corey DOMACHOWSKI,Corey DOMACHOWSKI,PR,Cardiff,183,124,1996.09.19,,,,,A,https://all.rugby/player/corey-domachowski,Cardiff Rugby (2015 - 2026),,,https://all.rugby/player/corey-domachowski,Cardiff Rugby (2015 - 2026)
Danny SOUTHWORTH,Danny SOUTHWORTH,PR,Cardiff,183,120,1999.05.04,,,,,A,https://all.rugby/player/danny-southworth,Exeter Chiefs (2019 - 2022) -> Coventry Rugby (2022 - 2022) -> Exeter Chiefs (2022 - 2022) -> Coventry Rugby (2023 - 2023) -> Exeter Chiefs (2023 - 2023) -> Coventry Rugby (2023 - 2023) -> Exeter Chiefs (2024 - 2024) -> Coventry Rugby (2024 - 2024) -> Cardiff Rugby (2024 - 2026),,,https://all.rugby/player/danny-southworth,Exeter Chiefs (2019 - 2022) -> Coventry Rugby (2022 - 2022) -> Exeter Chiefs (2022 - 2022) -> Coventry Rugby (2023 - 2023) -> Exeter Chiefs (2023 - 2023) -> Coventry Rugby (2023 - 2023) -> Exeter Chiefs (2024 - 2024) -> Coventry Rugby (2024 - 2024) -> Cardiff Rugby (2024 - 2026)
Ed BYRNE,Ed BYRNE,PR,Cardiff,180,115,1993.09.09,,,,,A,https://all.rugby/player/ed-byrne,Leinster Rugby (2013 - 2024) -> Cardiff Rugby (2024 - 2026),Ireland,Ireland,https://all.rugby/player/ed-byrne,Leinster Rugby (2013 - 2024) -> Cardiff Rugby (2024 - 2026)
Javan SEBASTIAN,Javan SEBASTIAN,PR,Cardiff,177,125,1994.09.27,,,,,A,https://all.rugby/player/javan-sebastian,Scarlets (2017 - 2023) -> Edimbourg Rugby (2023 - 2025) -> Cardiff Rugby (2025 - 2026),Wales,Wales,https://all.rugby/player/javan-sebastian,Scarlets (2017 - 2023) -> Edimbourg Rugby (2023 - 2025) -> Cardiff Rugby (2025 - 2026)
Joe COWELL,Joe COWELL,PR,Cardiff,187,124,2002.01.06,,,,,A,https://all.rugby/player/joe-cowell,Cardiff Met RFC (2021 - 2021) -> Cardiff Rugby (2021 - 2021) -> Cardiff Met RFC (2022 - 2022) -> Cardiff Rugby (2022 - 2022) -> Cardiff Met RFC (2022 - 2024) -> Cardiff Rugby (2024 - 2025) -> Bedford Blues (2025 - 2025) -> Northampton Saints (2025 - 2025) -> Cardiff Rugby (2026 - 2026) -> Bedford Blues (2026 - 2026) -> Northampton Saints (2026 - 2026),,,https://all.rugby/player/joe-cowell,Cardiff Met RFC (2021 - 2021) -> Cardiff Rugby (2021 - 2021) -> Cardiff Met RFC (2022 - 2022) -> Cardiff Rugby (2022 - 2022) -> Cardiff Met RFC (2022 - 2024) -> Cardiff Rugby (2024 - 2025) -> Bedford Blues (2025 - 2025) -> Northampton Saints (2025 - 2025) -> Cardiff Rugby (2026 - 2026) -> Bedford Blues (2026 - 2026) -> Northampton Saints (2026 - 2026)
Keiron ASSIRATTI,Keiron ASSIRATTI,PR,Cardiff,188,120,1997.06.30,,,,,A,https://all.rugby/player/kieron-assiratti,Cardiff Rugby (2016 - 2019) -> Bristol Bears (2019 - 2019) -> Cardiff Rugby (2020 - 2020) -> Bristol Bears (2020 - 2020) -> Cardiff Rugby (2020 - 2026),Wales,Wales,https://all.rugby/player/kieron-assiratti,Cardiff Rugby (2016 - 2019) -> Bristol Bears (2019 - 2019) -> Cardiff Rugby (2020 - 2020) -> Bristol Bears (2020 - 2020) -> Cardiff Rugby (2020 - 2026)
Rhys BARRATT,Rhys BARRATT,PR,Cardiff,184,111,2002.10.27,,,,,A,https://all.rugby/player/rhys-barratt,Cardiff Rugby (2021 - 2026),,,https://all.rugby/player/rhys-barratt,Cardiff Rugby (2021 - 2026)
Sam WAINWRIGHT,Sam WAINWRIGHT,PR,Cardiff,182,119,1998.05.07,,,,,A,https://all.rugby/player/sam-wainwright,RGC 1404 (2018 - 2019) -> Saracens (2019 - 2022) -> Scarlets (2022 - 2022) -> Saracens (2023 - 2023) -> Scarlets (2023 - 2025) -> Cardiff Rugby (2025 - 2026),Wales,Wales,https://all.rugby/player/sam-wainwright,RGC 1404 (2018 - 2019) -> Saracens (2019 - 2022) -> Scarlets (2022 - 2022) -> Saracens (2023 - 2023) -> Scarlets (2023 - 2025) -> Cardiff Rugby (2025 - 2026)
Will DAVIES-KING,Will DAVIES-KING,PR,Cardiff,193,128,1998.07.28,,,,,A,https://all.rugby/player/will-davies-king,Cardiff Rugby (2019 - 2025) -> Northampton Saints (2025 - 2025) -> Cardiff Rugby (2026 - 2026) -> Northampton Saints (2026 - 2026),,,https://all.rugby/player/will-davies-king,Cardiff Rugby (2019 - 2025) -> Northampton Saints (2025 - 2025) -> Cardiff Rugby (2026 - 2026) -> Northampton Saints (2026 - 2026)
Dafydd HUGHES,Dafydd HUGHES,HO,Cardiff,179,105,1996.01.08,,,,,A,https://all.rugby/player/dafydd-hughes,Scarlets (2016 - 2023) -> Jersey Reds (2023 - 2023) -> Cardiff Rugby (2023 - 2023) -> Jersey Reds (2024 - 2024) -> Cardiff Rugby (2024 - 2026),,,https://all.rugby/player/dafydd-hughes,Scarlets (2016 - 2023) -> Jersey Reds (2023 - 2023) -> Cardiff Rugby (2023 - 2023) -> Jersey Reds (2024 - 2024) -> Cardiff Rugby (2024 - 2026)
Ethan LEWIS,Ethan LEWIS,HO,Cardiff,182,109,1994.03.28,,,,,A,https://all.rugby/player/ethan-lewis,Cardiff Rugby (2015 - 2020) -> Saracens (2020 - 2020) -> Cardiff Rugby (2021 - 2021) -> Saracens (2021 - 2023) -> Ospreys (2023 - 2025) -> Cardiff Rugby (2025 - 2025) -> Ospreys (2026 - 2026) -> Cardiff Rugby (2026 - 2026),,,https://all.rugby/player/ethan-lewis,Cardiff Rugby (2015 - 2020) -> Saracens (2020 - 2020) -> Cardiff Rugby (2021 - 2021) -> Saracens (2021 - 2023) -> Ospreys (2023 - 2025) -> Cardiff Rugby (2025 - 2025) -> Ospreys (2026 - 2026) -> Cardiff Rugby (2026 - 2026)
Evan LLOYD,Evan LLOYD,HO,Cardiff,185,115,2001.12.28,,,,,A,https://all.rugby/player/evan-lloyd-,Cardiff Rugby (2020 - 2026),Wales,Wales,https://all.rugby/player/evan-lloyd-,Cardiff Rugby (2020 - 2026)
Liam BELCHER,Liam BELCHER,HO,Cardiff,177,107,1996.04.28,,,,,A,https://all.rugby/player/liam-belcher,Cardiff Rugby (2015 - 2016) -> Dragons RFC (2017 - 2018) -> Cardiff Rugby (2018 - 2026),,,https://all.rugby/player/liam-belcher,Cardiff Rugby (2015 - 2016) -> Dragons RFC (2017 - 2018) -> Cardiff Rugby (2018 - 2026)
George NOTT,George NOTT,LO,Cardiff,198,114,1996.06.21,,,,,A,https://all.rugby/player/george-nott,Sale Sharks (2014 - 2019) -> London Irish (2019 - 2022) -> Dragons RFC (2022 - 2025) -> Cardiff Rugby (2025 - 2026),,,https://all.rugby/player/george-nott,Sale Sharks (2014 - 2019) -> London Irish (2019 - 2022) -> Dragons RFC (2022 - 2025) -> Cardiff Rugby (2025 - 2026)
Josh MCNALLY,Josh MCNALLY,LO,Cardiff,200,125,1990.08.21,,,,,A,https://all.rugby/player/josh-mcnally,London Welsh RFC (2014 - 2015) -> London Irish (2017 - 2019) -> Bath Rugby (2019 - 2024) -> Cardiff Rugby (2024 - 2026),,,https://all.rugby/player/josh-mcnally,London Welsh RFC (2014 - 2015) -> London Irish (2017 - 2019) -> Bath Rugby (2019 - 2024) -> Cardiff Rugby (2024 - 2026)
Rory THORNTON,Rory THORNTON,LO,Cardiff,200,121,1995.03.16,,,,,A,https://all.rugby/player/rory-thornton,Ospreys (2014 - 2018) -> Cardiff Rugby (2018 - 2026),Wales,Wales,https://all.rugby/player/rory-thornton,Ospreys (2014 - 2018) -> Cardiff Rugby (2018 - 2026)
Alex MANN,Alex MANN,Back row,Cardiff,191,98,2002.01.06,,,,,A,https://all.rugby/player/alex-mann,Cardiff Rugby (2020 - 2026),Wales,Wales,https://all.rugby/player/alex-mann,Cardiff Rugby (2020 - 2026)
Alun LAWRENCE,Alun LAWRENCE,Back row,Cardiff,191,112,1998.09.15,,,,,A,https://all.rugby/player/alun-lawrence,Cardiff Rugby (2017 - 2021) -> Jersey Reds (2021 - 2021) -> Cardiff Rugby (2022 - 2022) -> Jersey Reds (2022 - 2023) -> Cardiff Rugby (2023 - 2023) -> Jersey Reds (2024 - 2024) -> Cardiff Rugby (2024 - 2026),,,https://all.rugby/player/alun-lawrence,Cardiff Rugby (2017 - 2021) -> Jersey Reds (2021 - 2021) -> Cardiff Rugby (2022 - 2022) -> Jersey Reds (2022 - 2023) -> Cardiff Rugby (2023 - 2023) -> Jersey Reds (2024 - 2024) -> Cardiff Rugby (2024 - 2026)
Ben DONNELL,Ben DONNELL,Back row,Cardiff,198,118,2000.08.02,,,,,A,https://all.rugby/player/ben-donnell,London Irish (2017 - 2023) -> Gloucester Rugby (2023 - 2023) -> Cardiff Rugby (2023 - 2023) -> Gloucester Rugby (2024 - 2024) -> Cardiff Rugby (2024 - 2026),,,https://all.rugby/player/ben-donnell,London Irish (2017 - 2023) -> Gloucester Rugby (2023 - 2023) -> Cardiff Rugby (2023 - 2023) -> Gloucester Rugby (2024 - 2024) -> Cardiff Rugby (2024 - 2026)
Dan THOMAS,Dan THOMAS,Back row,Cardiff,183,101,1993.10.11,,,,,A,https://all.rugby/player/daniel-thomas,Scarlets (2013 - 2014) -> Gloucester Rugby (2014 - 2017) -> Bristol Bears (2017 - 2022) -> Scarlets (2022 - 2022) -> Bristol Bears (2022 - 2022) -> Scarlets (2023 - 2023) -> Bristol Bears (2023 - 2024) -> Cardiff Rugby (2024 - 2026),,,https://all.rugby/player/daniel-thomas,Scarlets (2013 - 2014) -> Gloucester Rugby (2014 - 2017) -> Bristol Bears (2017 - 2022) -> Scarlets (2022 - 2022) -> Bristol Bears (2022 - 2022) -> Scarlets (2023 - 2023) -> Bristol Bears (2023 - 2024) -> Cardiff Rugby (2024 - 2026)
James BOTHAM,James BOTHAM,Back row,Cardiff,191,108,1998.02.22,,,,,A,https://all.rugby/player/james-botham,Cardiff Rugby (2017 - 2026),Wales,Wales,https://all.rugby/player/james-botham,Cardiff Rugby (2017 - 2026)
Lucas DE LA RUA,Lucas DE LA RUA,Back row,Cardiff,188,104,2004..,,,,,A,https://all.rugby/player/lucas-de-la-rua,Cardiff Rugby (2022 - 2026),,,https://all.rugby/player/lucas-de-la-rua,Cardiff Rugby (2022 - 2026)
Taine BASHAM,Taine BASHAM,Back row,Cardiff,182,100,1999.11.02,,,,,A,https://all.rugby/player/taine-basham,Dragons RFC (2017 - 2025) -> Cardiff Rugby (2025 - 2026),Wales,Wales,https://all.rugby/player/taine-basham,Dragons RFC (2017 - 2025) -> Cardiff Rugby (2025 - 2026)
Teddy WILLIAMS,Teddy WILLIAMS,Back row,Cardiff,200,118,2000.10.18,,,,,A,https://all.rugby/player/teddy-williams,Cardiff Rugby (2018 - 2026),Wales,Wales,https://all.rugby/player/teddy-williams,Cardiff Rugby (2018 - 2026)
Toby FALETAU,Toby FALETAU,Back row,Cardiff,188,115,1990.11.12,,,,,A,https://all.rugby/player/toby-faletau,Dragons RFC (2013 - 2016) -> Bath Rugby (2016 - 2022) -> Cardiff Rugby (2022 - 2026),Tonga,Tonga,https://all.rugby/player/toby-faletau,Dragons RFC (2013 - 2016) -> Bath Rugby (2016 - 2022) -> Cardiff Rugby (2022 - 2026)
Aled DAVIES,Aled DAVIES,SH,Cardiff,178,88,1992.07.19,,,,,A,https://all.rugby/player/aled-davies,Scarlets (2013 - 2018) -> Ospreys (2018 - 2019) -> Saracens (2019 - 2019) -> Ospreys (2020 - 2020) -> Saracens (2020 - 2024) -> Cardiff Rugby (2024 - 2026),Wales,Wales,https://all.rugby/player/aled-davies,Scarlets (2013 - 2018) -> Ospreys (2018 - 2019) -> Saracens (2019 - 2019) -> Ospreys (2020 - 2020) -> Saracens (2020 - 2024) -> Cardiff Rugby (2024 - 2026)
Johan MULDER,Johan MULDER,SH,Cardiff,176,85,1999.08.06,,,,,A,https://all.rugby/player/johan-mulder,Lions Rugby (2023 - 2024) -> Cardiff Rugby (2024 - 2026),,,https://all.rugby/player/johan-mulder,Lions Rugby (2023 - 2024) -> Cardiff Rugby (2024 - 2026)
Ben THOMAS,Ben THOMAS,SO,Cardiff,183,93,1998.11.25,,,,,A,https://all.rugby/player/ben-thomas,Cardiff Rugby (2017 - 2026),,,https://all.rugby/player/ben-thomas,Cardiff Rugby (2017 - 2026)
Callum SHEEDY,Callum SHEEDY,SO,Cardiff,177,88,1995.10.28,,,,,A,https://all.rugby/player/callum-sheedy,Bristol Bears (2018 - 2024) -> Cardiff Rugby (2024 - 2026),Wales,Wales,https://all.rugby/player/callum-sheedy,Bristol Bears (2018 - 2024) -> Cardiff Rugby (2024 - 2026)
Harri WILDE,Harri WILDE,SO,Cardiff,180,87,2005..,,,,,A,https://all.rugby/player/harri-wilde,Cardiff Rugby (2022 - 2026),,,https://all.rugby/player/harri-wilde,Cardiff Rugby (2022 - 2026)
Ioan LLOYD,Ioan LLOYD,SO,Cardiff,179,86,2001.04.05,,,,,A,https://all.rugby/player/ioan-lloyd,Bristol Bears (2018 - 2023) -> Scarlets (2023 - 2025) -> Cardiff Rugby (2025 - 2026),Wales,Wales,https://all.rugby/player/ioan-lloyd,Bristol Bears (2018 - 2023) -> Scarlets (2023 - 2025) -> Cardiff Rugby (2025 - 2026)
Rory JENNINGS,Rory JENNINGS,SO,Cardiff,180,91,1995.12.24,,,,,A,https://all.rugby/player/rory-jennings-,Bath Rugby (2014 - 2016) -> Ealing Trailfinders (2016 - 2016) -> Bath Rugby (2016 - 2016) -> Ealing Trailfinders (2017 - 2017) -> Bath Rugby (2017 - 2017) -> Rotherham Titans (2017 - 2018) -> London Scottish (2018 - 2019) -> Coventry Rugby (2019 - 2019) -> Leicester Tigers (2019 - 2019) -> Coventry Rugby (2020 - 2020) -> Leicester Tigers (2020 - 2020) -> ASM Clermont Auvergne (2020 - 2021) -> London Irish (2021 - 2023) -> Newcastle (2023 - 2024) -> Cardiff Rugby (2024 - 2026),,,https://all.rugby/player/rory-jennings-,Bath Rugby (2014 - 2016) -> Ealing Trailfinders (2016 - 2016) -> Bath Rugby (2016 - 2016) -> Ealing Trailfinders (2017 - 2017) -> Bath Rugby (2017 - 2017) -> Rotherham Titans (2017 - 2018) -> London Scottish (2018 - 2019) -> Coventry Rugby (2019 - 2019) -> Leicester Tigers (2019 - 2019) -> Coventry Rugby (2020 - 2020) -> Leicester Tigers (2020 - 2020) -> ASM Clermont Auvergne (2020 - 2021) -> London Irish (2021 - 2023) -> Newcastle (2023 - 2024) -> Cardiff Rugby (2024 - 2026)
Cornel SMIT,Cornel SMIT,CTB,Cardiff,183,96,1997.09.10,,,,,A,https://all.rugby/player/cornel-smit,Western Province (2017 - 2019) -> Stormers (2020 - 2023) -> Bulls (2023 - 2023) -> Stormers (2024 - 2024) -> Bulls (2024 - 2025) -> Cardiff Rugby (2025 - 2026),,,https://all.rugby/player/cornel-smit,Western Province (2017 - 2019) -> Stormers (2020 - 2023) -> Bulls (2023 - 2023) -> Stormers (2024 - 2024) -> Bulls (2024 - 2025) -> Cardiff Rugby (2025 - 2026)
Harri MILLARD,Harri MILLARD,CTB,Cardiff,183,94,1996.08.17,,,,,A,https://all.rugby/player/harri-millard,Cardiff Rugby (2015 - 2026),,,https://all.rugby/player/harri-millard,Cardiff Rugby (2015 - 2026)
Mason GRADY,Mason GRADY,CTB,Cardiff,196,117,2002.03.29,,,,,A,https://all.rugby/player/mason-grady,Cardiff Rugby (2019 - 2026),Wales,Wales,https://all.rugby/player/mason-grady,Cardiff Rugby (2019 - 2026)
Steffan EMANUEL,Steffan EMANUEL,CTB,Cardiff,183,96,2006..,,,,,A,https://all.rugby/player/steffan-emanuel,Bath Rugby (2023 - 2024) -> Cardiff Rugby (2024 - 2026),,,https://all.rugby/player/steffan-emanuel,Bath Rugby (2023 - 2024) -> Cardiff Rugby (2024 - 2026)
Iwan STEPHENS,Iwan STEPHENS,Winger,Cardiff,170,83,2002.03.24,,,,,A,https://all.rugby/player/iwan-stephens,Leeds Rhinos Rugby League Club (2019 - 2020) -> Newcastle (2020 - 2024) -> Cardiff Rugby (2024 - 2026),,,https://all.rugby/player/iwan-stephens,Leeds Rhinos Rugby League Club (2019 - 2020) -> Newcastle (2020 - 2024) -> Cardiff Rugby (2024 - 2026)
Josh ADAMS,Josh ADAMS,Winger,Cardiff,186,96,1995.04.21,,,,,A,https://all.rugby/player/josh--adams-,Worcester Warriors (2016 - 2019) -> Cardiff Rugby (2019 - 2026),Wales,Wales,https://all.rugby/player/josh--adams-,Worcester Warriors (2016 - 2019) -> Cardiff Rugby (2019 - 2026)
Theo CABANGO,Theo CABANGO,Winger,Cardiff,175,87,2001.11.29,,,,,A,https://all.rugby/player/theo-cabango,Cardiff Rugby (2019 - 2026),,,https://all.rugby/player/theo-cabango,Cardiff Rugby (2019 - 2026)
Cam WINNETT,Cam WINNETT,FB,Cardiff,180,85,2003.01.07,,,,,A,https://all.rugby/player/cam-winnett,Cardiff Rugby (2021 - 2026),Wales,Wales,https://all.rugby/player/cam-winnett,Cardiff Rugby (2021 - 2026)
Jacob BEETHAM,Jacob BEETHAM,FB,Cardiff,185,100,2001.04.18,,,,,A,https://all.rugby/player/jacob-beetham,Cardiff Rugby (2019 - 2026),,,https://all.rugby/player/jacob-beetham,Cardiff Rugby (2019 - 2026)
Leigh HALFPENNY,Leigh HALFPENNY,FB,Cardiff,178,86,1988.12.22,,,,,A,https://all.rugby/player/leigh-halfpenny,Cardiff Rugby (2013 - 2014) -> Rugby Club Toulonnais (2014 - 2017) -> Scarlets (2017 - 2023) -> Crusaders (2023 - 2024) -> Harlequins (2024 - 2025) -> Cardiff Rugby (2025 - 2026),Wales,Wales,https://all.rugby/player/leigh-halfpenny,Cardiff Rugby (2013 - 2014) -> Rugby Club Toulonnais (2014 - 2017) -> Scarlets (2017 - 2023) -> Crusaders (2023 - 2024) -> Harlequins (2024 - 2025) -> Cardiff Rugby (2025 - 2026)
Tom BOWEN,Tom BOWEN,FB,Cardiff,170,75,2006..,,,,,A,https://all.rugby/player/tom-bowen,Clifton Rugby (2022 - 2024) -> Cardiff Rugby (2024 - 2026),,,https://all.rugby/player/tom-bowen,Clifton Rugby (2022 - 2024) -> Cardiff Rugby (2024 - 2026)
Ioan EMANUEL,Ioan EMANUEL,PR,Cardiff,189,123,2005..,,,,,A,https://all.rugby/player/ioan-emanuel,Bath Rugby (2023 - 2025) -> Cardiff Rugby (2025 - 2025) -> Bath Rugby (2026 - 2026) -> Cardiff Rugby (2026 - 2026),,,https://all.rugby/player/ioan-emanuel,Bath Rugby (2023 - 2025) -> Cardiff Rugby (2025 - 2025) -> Bath Rugby (2026 - 2026) -> Cardiff Rugby (2026 - 2026)
Isaac JONES,Isaac JONES,PR,Cardiff,,,,,,,,A,https://all.rugby/player/isaac-jones,Cardiff Rugby (2024 - 2026),,,https://all.rugby/player/isaac-jones,Cardiff Rugby (2024 - 2026)
Max PEARCE,Max PEARCE,HO,Cardiff,180,110,2004..,,,,,A,https://all.rugby/player/max-pearce,Bath Rugby (2023 - 2025) -> Cardiff Rugby (2025 - 2025) -> Bath Rugby (2026 - 2026) -> Cardiff Rugby (2026 - 2026),,,https://all.rugby/player/max-pearce,Bath Rugby (2023 - 2025) -> Cardiff Rugby (2025 - 2025) -> Bath Rugby (2026 - 2026) -> Cardiff Rugby (2026 - 2026)
Tom HOWE,Tom HOWE,HO,Cardiff,188,109,2007..,,,,,A,https://all.rugby/player/tom-howe-22206,Cardiff Rugby (2025 - 2026),,,https://all.rugby/player/tom-howe-22206,Cardiff Rugby (2025 - 2026)
Gabe WILLIAMS,Gabe WILLIAMS,LO,Cardiff,198,106,,,,,,A,https://all.rugby/player/gabe-williams,Cardiff Rugby (2025 - 2026),,,https://all.rugby/player/gabe-williams,Cardiff Rugby (2025 - 2026)
Harri LEWIS,Harri LEWIS,LO,Cardiff,,,,,,,,A,https://all.rugby/player/harri-lewis,Cardiff Rugby (2025 - 2026),,,https://all.rugby/player/harri-lewis,Cardiff Rugby (2025 - 2026)
Tom COTTLE,Tom COTTLE,LO,Cardiff,198,114,2006..,,,,,A,https://all.rugby/player/tom-cottle,RGC 1404 (2024 - 2025) -> Cardiff Rugby (2025 - 2026),,,https://all.rugby/player/tom-cottle,RGC 1404 (2024 - 2025) -> Cardiff Rugby (2025 - 2026)
Evan REES,Evan REES,Back row,Cardiff,190,108,2005..,,,,,A,https://all.rugby/player/evan-rees,Cardiff Rugby (2025 - 2026),,,https://all.rugby/player/evan-rees,Cardiff Rugby (2025 - 2026)
Ieuan DAVIES,Ieuan DAVIES,SH,Cardiff,175,80,2004..,,,,,A,https://all.rugby/player/ieuan-davies,Bath Rugby (2023 - 2025) -> Cardiff Rugby (2025 - 2025) -> Bath Rugby (2026 - 2026) -> Cardiff Rugby (2026 - 2026),,,https://all.rugby/player/ieuan-davies,Bath Rugby (2023 - 2025) -> Cardiff Rugby (2025 - 2025) -> Bath Rugby (2026 - 2026) -> Cardiff Rugby (2026 - 2026)
Sion DAVIES,Sion DAVIES,SH,Cardiff,185,87,2006..,,,,,A,https://all.rugby/player/sion-davies,Cardiff Rugby (2024 - 2026),,,https://all.rugby/player/sion-davies,Cardiff Rugby (2024 - 2026)
Lloyd LUCAS,Lloyd LUCAS,SO,Cardiff,170,84,2007..,,,,,A,https://all.rugby/player/lloyd-lucas,Cardiff Rugby (2024 - 2026),,,https://all.rugby/player/lloyd-lucas,Cardiff Rugby (2024 - 2026)
Bailey CUTTS,Bailey CUTTS,CTB,Cardiff,185,88,2007..,,,,,A,https://all.rugby/player/bailey-cutts,Cardiff Rugby (2025 - 2026),,,https://all.rugby/player/bailey-cutts,Cardiff Rugby (2025 - 2026)
Elijah EVANS,Elijah EVANS,CTB,Cardiff,190,94,2005..,,,,,A,https://all.rugby/player/elijah-evans,Cardiff Rugby (2023 - 2026),,,https://all.rugby/player/elijah-evans,Cardiff Rugby (2023 - 2026)
Osian DARWIN-LEWIS,Osian DARWIN-LEWIS,CTB,Cardiff,185,95,2006..,,,,,A,https://all.rugby/player/osian-darwin-lewis,Cardiff Rugby (2024 - 2026),,,https://all.rugby/player/osian-darwin-lewis,Cardiff Rugby (2024 - 2026)
Osian ROBERTS,Osian ROBERTS,CTB,Cardiff,180,89,2005..,,,,,A,https://all.rugby/player/osian-roberts,Sale Sharks (2023 - 2025) -> Cardiff Rugby (2025 - 2025) -> Caldy RFC (2025 - 2025) -> Sale Sharks (2026 - 2026) -> Cardiff Rugby (2026 - 2026) -> Caldy RFC (2026 - 2026),,,https://all.rugby/player/osian-roberts,Sale Sharks (2023 - 2025) -> Cardiff Rugby (2025 - 2025) -> Caldy RFC (2025 - 2025) -> Sale Sharks (2026 - 2026) -> Cardiff Rugby (2026 - 2026) -> Caldy RFC (2026 - 2026)
Joseff JONES,Joseff JONES,Winger,Cardiff,,,,,,,,A,https://all.rugby/player/joseff-jones,Cardiff Rugby (2024 - 2026),,,https://all.rugby/player/joseff-jones,Cardiff Rugby (2024 - 2026)
Matty YOUNG,Matty YOUNG,FB,Cardiff,183,82,2004..,,,,,A,https://all.rugby/player/matty-young,Cardiff Rugby (2023 - 2026),,,https://all.rugby/player/matty-young,Cardiff Rugby (2023 - 2026)
Rhys CUMMINGS,Rhys CUMMINGS,FB,Cardiff,183,86,2007..,,,,,A,https://all.rugby/player/rhys-cummings,Cardiff Rugby (2025 - 2026),,,https://all.rugby/player/rhys-cummings,Cardiff Rugby (2025 - 2026)
Alulutho TSHAKWENI,Alulutho TSHAKWENI,PR,Bulls,183,113,1998.09.26,,,,,A,https://all.rugby/player/alulutho-tshakweni,Southern Kings (2018 - 2020) -> Free State Cheetahs (2020 - 2022) -> Central Cheetahs (2022 - 2024) -> Bulls (2024 - 2026),,,https://all.rugby/player/alulutho-tshakweni,Southern Kings (2018 - 2020) -> Free State Cheetahs (2020 - 2022) -> Central Cheetahs (2022 - 2024) -> Bulls (2024 - 2026)
Etienne JANEKE,Etienne JANEKE,PR,Bulls,193,134,1998.11.17,,,,,A,https://all.rugby/player/etienne-janeke,Pumas (2020 - 2025) -> Bulls (2025 - 2026),,,https://all.rugby/player/etienne-janeke,Pumas (2020 - 2025) -> Bulls (2025 - 2026)
François KLOPPER,François KLOPPER,PR,Bulls,189,130,1999.09.07,,,,,A,https://all.rugby/player/francois-klopper,Natal Sharks (2018 - 2019) -> Blue Bulls (2020 - 2022) -> Bulls (2022 - 2026),,,https://all.rugby/player/francois-klopper,Natal Sharks (2018 - 2019) -> Blue Bulls (2020 - 2022) -> Bulls (2022 - 2026)
Gerhard STEENEKAMP,Gerhard STEENEKAMP,PR,Bulls,191,128,1997.04.09,,,,,A,https://all.rugby/player/gerhard-steenekamp,Tuks Rugby Club (2018 - 2019) -> Bulls (2019 - 2026),,,https://all.rugby/player/gerhard-steenekamp,Tuks Rugby Club (2018 - 2019) -> Bulls (2019 - 2026)
Jean ERASMUS,Jean ERASMUS,PR,Bulls,180,105,2005..,,,,,A,https://all.rugby/player/jean-erasmus,Blue Bulls (2024 - 2025) -> Bulls (2025 - 2026),,,https://all.rugby/player/jean-erasmus,Blue Bulls (2024 - 2025) -> Bulls (2025 - 2026)
Juann ELSE,Juann ELSE,PR,Bulls,182,105,2003.05.22,,,,,A,https://all.rugby/player/juann-jacques-else,Blue Bulls (2021 - 2024) -> Bulls (2024 - 2026),,,https://all.rugby/player/juann-jacques-else,Blue Bulls (2021 - 2024) -> Bulls (2024 - 2026)
Khutha MCHUNU,Khutha MCHUNU,PR,Bulls,183,120,1997.07.01,,,,,A,https://all.rugby/player/khutha-mchunu,Sharks (2018 - 2019) -> Central Cheetahs (2019 - 2019) -> Sharks (2020 - 2020) -> Central Cheetahs (2020 - 2020) -> Sharks (2020 - 2023) -> Bulls (2023 - 2024) -> Mitsubishi Sagamihara Dynaboars (2024 - 2024) -> Bulls (2025 - 2025) -> Mitsubishi Sagamihara Dynaboars (2025 - 2025) -> Bulls (2025 - 2026),,,https://all.rugby/player/khutha-mchunu,Sharks (2018 - 2019) -> Central Cheetahs (2019 - 2019) -> Sharks (2020 - 2020) -> Central Cheetahs (2020 - 2020) -> Sharks (2020 - 2023) -> Bulls (2023 - 2024) -> Mitsubishi Sagamihara Dynaboars (2024 - 2024) -> Bulls (2025 - 2025) -> Mitsubishi Sagamihara Dynaboars (2025 - 2025) -> Bulls (2025 - 2026)
Mornay SMITH,Mornay SMITH,PR,Bulls,181,119,1998.01.30,,,,,A,https://all.rugby/player/morne-smith,Bulls (2017 - 2026),,,https://all.rugby/player/morne-smith,Bulls (2017 - 2026)
Ruan SWART,Ruan SWART,PR,Bulls,180,120,2004..,,,,,A,https://all.rugby/player/ruan-swart,Blue Bulls (2023 - 2025) -> Bulls (2025 - 2026),,,https://all.rugby/player/ruan-swart,Blue Bulls (2023 - 2025) -> Bulls (2025 - 2026)
Sti SITHOLE,Sti SITHOLE,PR,Bulls,180,115,1993.03.31,,,,,A,https://all.rugby/player/sithembiso-sithole,Stormers (2013 - 2014) -> Southern Kings (2015 - 2016) -> Lions Rugby (2016 - 2023) -> Stormers (2023 - 2025) -> Bulls (2025 - 2026),,,https://all.rugby/player/sithembiso-sithole,Stormers (2013 - 2014) -> Southern Kings (2015 - 2016) -> Lions Rugby (2016 - 2023) -> Stormers (2023 - 2025) -> Bulls (2025 - 2026)
Wilco LOUW,Wilco LOUW,PR,Bulls,185,144,1994.07.20,,,,,A,https://all.rugby/player/wilco-louw,Stormers (2014 - 2019) -> Rugby Club Toulonnais (2019 - 2019) -> Harlequins (2019 - 2019) -> Stormers (2020 - 2020) -> Rugby Club Toulonnais (2020 - 2020) -> Harlequins (2020 - 2023) -> Bulls (2023 - 2026),South Africa,South Africa,https://all.rugby/player/wilco-louw,Stormers (2014 - 2019) -> Rugby Club Toulonnais (2019 - 2019) -> Harlequins (2019 - 2019) -> Stormers (2020 - 2020) -> Rugby Club Toulonnais (2020 - 2020) -> Harlequins (2020 - 2023) -> Bulls (2023 - 2026)
Akker VAN DER MERWE,Akker VAN DER MERWE,HO,Bulls,178,108,1991.06.17,,,,,A,https://all.rugby/player/armand--van-der-merwe,Lions Rugby (2013 - 2015) -> Racing 92 (2015 - 2015) -> Lions Rugby (2015 - 2015) -> Racing 92 (2016 - 2016) -> Lions Rugby (2016 - 2017) -> Sharks (2017 - 2019) -> Sale Sharks (2019 - 2023) -> Bulls (2023 - 2026),South Africa,South Africa,https://all.rugby/player/armand--van-der-merwe,Lions Rugby (2013 - 2015) -> Racing 92 (2015 - 2015) -> Lions Rugby (2015 - 2015) -> Racing 92 (2016 - 2016) -> Lions Rugby (2016 - 2017) -> Sharks (2017 - 2019) -> Sale Sharks (2019 - 2023) -> Bulls (2023 - 2026)
Jan-Hendrik WESSELS,Jan-Hendrik WESSELS,HO,Bulls,188,121,2001.05.08,,,,,A,https://all.rugby/player/jan-hendrik-wessels,Grey College (2018 - 2019) -> ASM Clermont Auvergne (2019 - 2020) -> Bulls (2020 - 2026),,,https://all.rugby/player/jan-hendrik-wessels,Grey College (2018 - 2019) -> ASM Clermont Auvergne (2019 - 2020) -> Bulls (2020 - 2026)
Johan GROBBELAAR,Johan GROBBELAAR,HO,Bulls,183,105,1997.12.30,,,,,A,https://all.rugby/player/johan-grobbelaar,Bulls (2017 - 2026),,,https://all.rugby/player/johan-grobbelaar,Bulls (2017 - 2026)
Siphosethu MNEBELELE,Siphosethu MNEBELELE,HO,Bulls,183,111,2006..,,,,,A,https://all.rugby/player/siphosethu-mnebelele,Blue Bulls (2024 - 2025) -> Bulls (2025 - 2026),,,https://all.rugby/player/siphosethu-mnebelele,Blue Bulls (2024 - 2025) -> Bulls (2025 - 2026)
Cobus WIESE,Cobus WIESE,LO,Bulls,199,125,1997.06.02,,,,,A,https://all.rugby/player/cobus-wiese,Stormers (2016 - 2019) -> Sale Sharks (2019 - 2019) -> Stormers (2020 - 2020) -> Sale Sharks (2020 - 2024) -> Bulls (2024 - 2026),,,https://all.rugby/player/cobus-wiese,Stormers (2016 - 2019) -> Sale Sharks (2019 - 2019) -> Stormers (2020 - 2020) -> Sale Sharks (2020 - 2024) -> Bulls (2024 - 2026)
JF VAN HEERDEN,JF VAN HEERDEN,LO,Bulls,200,122,2004..,,,,,A,https://all.rugby/player/jf-van-heerden,Blue Bulls (2022 - 2023) -> Bulls (2023 - 2026),,,https://all.rugby/player/jf-van-heerden,Blue Bulls (2022 - 2023) -> Bulls (2023 - 2026)
Reinhardt LUDWIG,Reinhardt LUDWIG,LO,Bulls,198,110,2002.08.27,,,,,A,https://all.rugby/player/reinhardt-ludwig,Blue Bulls (2020 - 2021) -> Bulls (2021 - 2026),,,https://all.rugby/player/reinhardt-ludwig,Blue Bulls (2020 - 2021) -> Bulls (2021 - 2026)
Ruan NORTJÉ,Ruan NORTJÉ,LO,Bulls,200,113,1998.07.25,,,,,A,https://all.rugby/player/ruan-nortje,Bulls (2017 - 2018) -> Blue Bulls (2018 - 2019) -> Bulls (2019 - 2026),South Africa,South Africa,https://all.rugby/player/ruan-nortje,Bulls (2017 - 2018) -> Blue Bulls (2018 - 2019) -> Bulls (2019 - 2026)
Ruan VERMAAK,Ruan VERMAAK,LO,Bulls,200,120,1998.05.01,,,,,A,https://all.rugby/player/ruan-vermaak,Lions Rugby (2018 - 2020) -> Red Hurricanes Osaka (2020 - 2022) -> Bulls (2022 - 2026),,,https://all.rugby/player/ruan-vermaak,Lions Rugby (2018 - 2020) -> Red Hurricanes Osaka (2020 - 2022) -> Bulls (2022 - 2026)
Sintu MANJEZI,Sintu MANJEZI,LO,Bulls,198,118,1995.04.07,,,,,A,https://all.rugby/player/sintu-manjezi,Southern Kings (2015 - 2016) -> Central Cheetahs (2018 - 2019) -> Bulls (2019 - 2019) -> Central Cheetahs (2020 - 2020) -> Bulls (2020 - 2022) -> Glasgow Warriors (2022 - 2024) -> Bulls (2024 - 2026),,,https://all.rugby/player/sintu-manjezi,Southern Kings (2015 - 2016) -> Central Cheetahs (2018 - 2019) -> Bulls (2019 - 2019) -> Central Cheetahs (2020 - 2020) -> Bulls (2020 - 2022) -> Glasgow Warriors (2022 - 2024) -> Bulls (2024 - 2026)
Cameron HANEKOM,Cameron HANEKOM,Back row,Bulls,193,110,2002.05.10,,,,,A,https://all.rugby/player/cameron-hanekom,Blue Bulls (2021 - 2022) -> Bulls (2022 - 2026),South Africa,South Africa,https://all.rugby/player/cameron-hanekom,Blue Bulls (2021 - 2022) -> Bulls (2022 - 2026)
Elrigh LOUW,Elrigh LOUW,Back row,Bulls,195,112,1999.09.20,,,,,A,https://all.rugby/player/elrigh-louw,Southern Kings (2019 - 2019) -> Bulls (2019 - 2019) -> Southern Kings (2020 - 2020) -> Bulls (2020 - 2026),South Africa,South Africa,https://all.rugby/player/elrigh-louw,Southern Kings (2019 - 2019) -> Bulls (2019 - 2019) -> Southern Kings (2020 - 2020) -> Bulls (2020 - 2026)
Jaco GROBBELAAR,Jaco GROBBELAAR,Back row,Bulls,198,109,2005..,,,,,A,https://all.rugby/player/jaco-grobbelaar,Blue Bulls (2023 - 2024) -> Bulls (2024 - 2026),,,https://all.rugby/player/jaco-grobbelaar,Blue Bulls (2023 - 2024) -> Bulls (2024 - 2026)
Jannes KIRSTEN,Jannes KIRSTEN,Back row,Bulls,197,117,1993.12.01,,,,,A,https://all.rugby/player/jannes-kirsten,Bulls (2015 - 2019) -> Exeter Chiefs (2019 - 2023) -> Bulls (2023 - 2026),,,https://all.rugby/player/jannes-kirsten,Bulls (2015 - 2019) -> Exeter Chiefs (2019 - 2023) -> Bulls (2023 - 2026)
Jeandré RUDOLPH,Jeandré RUDOLPH,Back row,Bulls,186,108,1994.05.09,,,,,A,https://all.rugby/player/jeandre-rudolph,Pumas (2018 - 2019) -> Bulls (2019 - 2019) -> Pumas (2020 - 2020) -> Bulls (2020 - 2020) -> Free State Cheetahs (2020 - 2022) -> Central Cheetahs (2022 - 2023) -> Ospreys (2023 - 2023) -> Central Cheetahs (2024 - 2024) -> Ospreys (2024 - 2024) -> Central Cheetahs (2024 - 2025) -> Bulls (2025 - 2026),,,https://all.rugby/player/jeandre-rudolph,Pumas (2018 - 2019) -> Bulls (2019 - 2019) -> Pumas (2020 - 2020) -> Bulls (2020 - 2020) -> Free State Cheetahs (2020 - 2022) -> Central Cheetahs (2022 - 2023) -> Ospreys (2023 - 2023) -> Central Cheetahs (2024 - 2024) -> Ospreys (2024 - 2024) -> Central Cheetahs (2024 - 2025) -> Bulls (2025 - 2026)
JJ THERON,JJ THERON,Back row,Bulls,198,108,2005..,,,,,A,https://all.rugby/player/jj-theron,Blue Bulls (2024 - 2025) -> Bulls (2025 - 2026),,,https://all.rugby/player/jj-theron,Blue Bulls (2024 - 2025) -> Bulls (2025 - 2026)
Marcell COETZEE,Marcell COETZEE,Back row,Bulls,191,118,1991.05.08,,,,,A,https://all.rugby/player/marcell-coetzee,Sharks (2013 - 2016) -> Ulster Rugby (2016 - 2020) -> Bulls (2020 - 2020) -> Ulster Rugby (2021 - 2021) -> Bulls (2021 - 2022) -> Kobelco Kobe Steelers (2022 - 2022) -> Bulls (2023 - 2023) -> Kobelco Kobe Steelers (2023 - 2023) -> Bulls (2023 - 2026),South Africa,South Africa,https://all.rugby/player/marcell-coetzee,Sharks (2013 - 2016) -> Ulster Rugby (2016 - 2020) -> Bulls (2020 - 2020) -> Ulster Rugby (2021 - 2021) -> Bulls (2021 - 2022) -> Kobelco Kobe Steelers (2022 - 2022) -> Bulls (2023 - 2023) -> Kobelco Kobe Steelers (2023 - 2023) -> Bulls (2023 - 2026)
Marco VAN STADEN,Marco VAN STADEN,Back row,Bulls,184,112,1995.08.25,,,,,A,https://all.rugby/player/marco-van-staden,Bulls (2017 - 2021) -> Leicester Tigers (2021 - 2022) -> Bulls (2022 - 2026),South Africa,South Africa,https://all.rugby/player/marco-van-staden,Bulls (2017 - 2021) -> Leicester Tigers (2021 - 2022) -> Bulls (2022 - 2026)
Mpilo GUMEDE,Mpilo GUMEDE,Back row,Bulls,193,110,2000.07.08,,,,,A,https://all.rugby/player/celimpilo-gumede,Sharks (2019 - 2023) -> Bulls (2023 - 2026),,,https://all.rugby/player/celimpilo-gumede,Sharks (2019 - 2023) -> Bulls (2023 - 2026)
Nama XABA,Nama XABA,Back row,Bulls,185,103,1997.07.26,,,,,A,https://all.rugby/player/nama-xaba,Stormers (2018 - 2024) -> Bulls (2024 - 2026),,,https://all.rugby/player/nama-xaba,Stormers (2018 - 2024) -> Bulls (2024 - 2026)
Nicolaas JANSE VAN RENSBURG,Nicolaas JANSE VAN RENSBURG,Back row,Bulls,200,116,1994.05.06,,,,,A,https://all.rugby/player/nicolaas-janse-van-rensburg,Bulls (2013 - 2016) -> Montpellier Hérault Rugby (2016 - 2025) -> Bulls (2025 - 2026),South Africa,South Africa,https://all.rugby/player/nicolaas-janse-van-rensburg,Bulls (2013 - 2016) -> Montpellier Hérault Rugby (2016 - 2025) -> Bulls (2025 - 2026)
Nizaam CARR,Nizaam CARR,Back row,Bulls,178,106,1991.04.04,,,,,A,https://all.rugby/player/nizaam-carr,Stormers (2013 - 2017) -> Wasps (2017 - 2017) -> Stormers (2017 - 2017) -> Wasps (2018 - 2018) -> Stormers (2018 - 2018) -> Wasps (2018 - 2019) -> Bulls (2019 - 2019) -> Wasps (2020 - 2020) -> Bulls (2020 - 2021) -> Wasps (2021 - 2022) -> Bulls (2022 - 2022) -> Wasps (2023 - 2023) -> Bulls (2023 - 2026),South Africa,South Africa,https://all.rugby/player/nizaam-carr,Stormers (2013 - 2017) -> Wasps (2017 - 2017) -> Stormers (2017 - 2017) -> Wasps (2018 - 2018) -> Stormers (2018 - 2018) -> Wasps (2018 - 2019) -> Bulls (2019 - 2019) -> Wasps (2020 - 2020) -> Bulls (2020 - 2021) -> Wasps (2021 - 2022) -> Bulls (2022 - 2022) -> Wasps (2023 - 2023) -> Bulls (2023 - 2026)
Embrose PAPIER,Embrose PAPIER,SH,Bulls,171,80,1997.04.25,,,,,A,https://all.rugby/player/embrose-papier,Bulls (2017 - 2019) -> Sale Sharks (2019 - 2019) -> Bulls (2019 - 2019) -> Sale Sharks (2020 - 2020) -> Bulls (2020 - 2026),South Africa,South Africa,https://all.rugby/player/embrose-papier,Bulls (2017 - 2019) -> Sale Sharks (2019 - 2019) -> Bulls (2019 - 2019) -> Sale Sharks (2020 - 2020) -> Bulls (2020 - 2026)
Keagan JOHANNES,Keagan JOHANNES,SH,Bulls,178,77,1999.11.27,,,,,A,https://all.rugby/player/keagan-johannes,Bulls (2019 - 2026),,,https://all.rugby/player/keagan-johannes,Bulls (2019 - 2026)
Paul DE WET,Paul DE WET,SH,Bulls,176,83,1996.03.16,,,,,A,https://all.rugby/player/albertus-de-wet,Stormers (2017 - 2025) -> Bulls (2025 - 2026),,,https://all.rugby/player/albertus-de-wet,Stormers (2017 - 2025) -> Bulls (2025 - 2026)
Steven NEL,Steven NEL,SH,Bulls,178,78,2004..,,,,,A,https://all.rugby/player/steven-nel,Blue Bulls (2024 - 2025) -> Bulls (2025 - 2026),,,https://all.rugby/player/steven-nel,Blue Bulls (2024 - 2025) -> Bulls (2025 - 2026)
Zak BURGER,Zak BURGER,SH,Bulls,174,83,1998.08.20,,,,,A,https://all.rugby/player/zak-burger,Griquas (2019 - 2020) -> Bulls (2020 - 2026),,,https://all.rugby/player/zak-burger,Griquas (2019 - 2020) -> Bulls (2020 - 2026)
Handré POLLARD,Handré POLLARD,SO,Bulls,189,98,1994.03.11,,,,,A,https://all.rugby/player/handre-pollard,Bulls (2013 - 2019) -> Montpellier Hérault Rugby (2019 - 2022) -> Leicester Tigers (2022 - 2025) -> Bulls (2025 - 2026),South Africa,South Africa,https://all.rugby/player/handre-pollard,Bulls (2013 - 2019) -> Montpellier Hérault Rugby (2019 - 2022) -> Leicester Tigers (2022 - 2025) -> Bulls (2025 - 2026)
Johan GOOSEN,Johan GOOSEN,SO,Bulls,184,89,1992.07.27,,,,,A,https://all.rugby/player/johan-goosen,Free State Cheetahs (2011 - 2013) -> Central Cheetahs (2013 - 2013) -> Free State Cheetahs (2014 - 2014) -> Central Cheetahs (2014 - 2014) -> Racing 92 (2014 - 2017) -> Central Cheetahs (2017 - 2017) -> Racing 92 (2018 - 2018) -> Central Cheetahs (2018 - 2018) -> Montpellier Hérault Rugby (2018 - 2021) -> Bulls (2021 - 2026),South Africa,South Africa,https://all.rugby/player/johan-goosen,Free State Cheetahs (2011 - 2013) -> Central Cheetahs (2013 - 2013) -> Free State Cheetahs (2014 - 2014) -> Central Cheetahs (2014 - 2014) -> Racing 92 (2014 - 2017) -> Central Cheetahs (2017 - 2017) -> Racing 92 (2018 - 2018) -> Central Cheetahs (2018 - 2018) -> Montpellier Hérault Rugby (2018 - 2021) -> Bulls (2021 - 2026)
Kade WOLHUTER,Kade WOLHUTER,SO,Bulls,182,93,2001.06.28,,,,,A,https://all.rugby/player/kade-wolhuter,Paul Roos Gymnasium (2018 - 2019) -> Montpellier Hérault Rugby (2019 - 2020) -> Stormers (2020 - 2021) -> Western Province (2021 - 2022) -> Stormers (2022 - 2023) -> Lions Rugby (2023 - 2025) -> Bulls (2025 - 2026),,,https://all.rugby/player/kade-wolhuter,Paul Roos Gymnasium (2018 - 2019) -> Montpellier Hérault Rugby (2019 - 2020) -> Stormers (2020 - 2021) -> Western Province (2021 - 2022) -> Stormers (2022 - 2023) -> Lions Rugby (2023 - 2025) -> Bulls (2025 - 2026)
Chris SMIT,Chris SMIT,CTB,Bulls,182,93,1995.08.01,,,,,A,https://all.rugby/player/chris-smit,Griquas (2018 - 2019) -> Central Cheetahs (2019 - 2020) -> Free State Cheetahs (2020 - 2022) -> Blue Bulls (2022 - 2024) -> Bulls (2024 - 2026),,,https://all.rugby/player/chris-smit,Griquas (2018 - 2019) -> Central Cheetahs (2019 - 2020) -> Free State Cheetahs (2020 - 2022) -> Blue Bulls (2022 - 2024) -> Bulls (2024 - 2026)
Harold VORSTER,Harold VORSTER,CTB,Bulls,188,101,1993.10.11,,,,,A,https://all.rugby/player/harold-vorster,Lions Rugby (2014 - 2019) -> Saitama Wild Knights (2020 - 2021) -> Bulls (2021 - 2026),,,https://all.rugby/player/harold-vorster,Lions Rugby (2014 - 2019) -> Saitama Wild Knights (2020 - 2021) -> Bulls (2021 - 2026)
Jan SERFONTEIN,Jan SERFONTEIN,CTB,Bulls,187,97,1993.04.15,,,,,A,https://all.rugby/player/jan-serfontein,Bulls (2012 - 2017) -> Montpellier Hérault Rugby (2017 - 2025) -> Bulls (2025 - 2026),South Africa,South Africa,https://all.rugby/player/jan-serfontein,Bulls (2012 - 2017) -> Montpellier Hérault Rugby (2017 - 2025) -> Bulls (2025 - 2026)
Katlego LETEBELE,Katlego LETEBELE,CTB,Bulls,187,92,2003.11.18,,,,,A,https://all.rugby/player/katlego-letebele,Blue Bulls (2021 - 2024) -> Bulls (2024 - 2026),,,https://all.rugby/player/katlego-letebele,Blue Bulls (2021 - 2024) -> Bulls (2024 - 2026)
PA VAN NIEKERK,PA VAN NIEKERK,CTB,Bulls,182,94,2004..,,,,,A,https://all.rugby/player/philip-albert-van-niekerk,Blue Bulls (2023 - 2025) -> Bulls (2025 - 2026),,,https://all.rugby/player/philip-albert-van-niekerk,Blue Bulls (2023 - 2025) -> Bulls (2025 - 2026)
Stedman GANS,Stedman GANS,CTB,Bulls,180,99,1997.03.19,,,,,A,https://all.rugby/player/stedman-gans,Bulls (2019 - 2026),,,https://all.rugby/player/stedman-gans,Bulls (2019 - 2026)
Canan MOODIE,Canan MOODIE,Winger,Bulls,191,94,2002.11.05,,,,,A,https://all.rugby/player/canan-moodie,Bulls (2021 - 2026),,,https://all.rugby/player/canan-moodie,Bulls (2021 - 2026)
Cheswill JOOSTE,Cheswill JOOSTE,Winger,Bulls,175,75,2006..,,,,,A,https://all.rugby/player/cheswill-jooste,Blue Bulls (2024 - 2025) -> Bulls (2025 - 2026),,,https://all.rugby/player/cheswill-jooste,Blue Bulls (2024 - 2025) -> Bulls (2025 - 2026)
Kurt-Lee ARENDSE,Kurt-Lee ARENDSE,Winger,Bulls,176,82,1996.06.17,,,,,A,https://all.rugby/player/kurt-lee-arendse,Bulls (2019 - 2024) -> Mitsubishi Sagamihara Dynaboars (2024 - 2024) -> Bulls (2025 - 2025) -> Mitsubishi Sagamihara Dynaboars (2025 - 2025) -> Bulls (2025 - 2026),South Africa,South Africa,https://all.rugby/player/kurt-lee-arendse,Bulls (2019 - 2024) -> Mitsubishi Sagamihara Dynaboars (2024 - 2024) -> Bulls (2025 - 2025) -> Mitsubishi Sagamihara Dynaboars (2025 - 2025) -> Bulls (2025 - 2026)
Sebastian DE KLERK,Sebastian DE KLERK,Winger,Bulls,180,91,2000.04.05,,,,,A,https://all.rugby/player/sebastian-de-klerk,Pumas (2020 - 2023) -> Bulls (2023 - 2026),,,https://all.rugby/player/sebastian-de-klerk,Pumas (2020 - 2023) -> Bulls (2023 - 2026)
Sergeal PETERSEN,Sergeal PETERSEN,Winger,Bulls,173,86,1994.08.01,,,,,A,https://all.rugby/player/sergeal-petersen,Central Cheetahs (2014 - 2018) -> Stormers (2018 - 2022) -> Shimizu Koto Blue Sharks (2022 - 2023) -> Bulls (2023 - 2026),,,https://all.rugby/player/sergeal-petersen,Central Cheetahs (2014 - 2018) -> Stormers (2018 - 2022) -> Shimizu Koto Blue Sharks (2022 - 2023) -> Bulls (2023 - 2026)
Stravino JACOBS,Stravino JACOBS,Winger,Bulls,180,103,2000.02.21,,,,,A,https://all.rugby/player/stravino-jacobs,Bulls (2020 - 2026),,,https://all.rugby/player/stravino-jacobs,Bulls (2020 - 2026)
David KRIEL,David KRIEL,FB,Bulls,195,102,1999.02.15,,,,,A,https://all.rugby/player/david-kriel,Western Province (2018 - 2019) -> Stormers (2019 - 2019) -> Bulls (2019 - 2019) -> Stormers (2020 - 2020) -> Bulls (2020 - 2026),,,https://all.rugby/player/david-kriel,Western Province (2018 - 2019) -> Stormers (2019 - 2019) -> Bulls (2019 - 2019) -> Stormers (2020 - 2020) -> Bulls (2020 - 2026)
Devon WILLIAMS,Devon WILLIAMS,FB,Bulls,175,79,1992.04.16,,,,,A,https://all.rugby/player/devon-williams,Western Province (2012 - 2013) -> Stormers (2013 - 2013) -> Western Province (2013 - 2013) -> Stormers (2014 - 2014) -> Western Province (2014 - 2015) -> Pumas (2015 - 2023) -> Bulls (2023 - 2026),,,https://all.rugby/player/devon-williams,Western Province (2012 - 2013) -> Stormers (2013 - 2013) -> Western Province (2013 - 2013) -> Stormers (2014 - 2014) -> Western Province (2014 - 2015) -> Pumas (2015 - 2023) -> Bulls (2023 - 2026)
Henry IMMELMAN,Henry IMMELMAN,FB,Bulls,190,103,1995.05.26,,,,,A,https://all.rugby/player/henry-immelman,Free State Cheetahs (2015 - 2016) -> Montpellier Hérault Rugby (2016 - 2021) -> Edimbourg Rugby (2021 - 2023) -> Bulls (2023 - 2024) -> Sharks (2024 - 2024) -> Bulls (2025 - 2025) -> Sharks (2025 - 2025) -> Bulls (2025 - 2026),,,https://all.rugby/player/henry-immelman,Free State Cheetahs (2015 - 2016) -> Montpellier Hérault Rugby (2016 - 2021) -> Edimbourg Rugby (2021 - 2023) -> Bulls (2023 - 2024) -> Sharks (2024 - 2024) -> Bulls (2025 - 2025) -> Sharks (2025 - 2025) -> Bulls (2025 - 2026)
Willie LE ROUX,Willie LE ROUX,FB,Bulls,184,92,1989.08.18,,,,,A,https://all.rugby/player/willie-le-roux,Central Cheetahs (2013 - 2015) -> Sharks (2015 - 2016) -> Wasps (2016 - 2019) -> Toyota Verblitz (2019 - 2023) -> Bulls (2023 - 2026),South Africa,South Africa,https://all.rugby/player/willie-le-roux,Central Cheetahs (2013 - 2015) -> Sharks (2015 - 2016) -> Wasps (2016 - 2019) -> Toyota Verblitz (2019 - 2023) -> Bulls (2023 - 2026)
Asenathi NTLABAKANYE,Asenathi NTLABAKANYE,PR,Lions,182,153,1999.04.15,,,,,A,https://all.rugby/player/asenathi-ntlabakanye,Golden Lions (2018 - 2019) -> Lions Rugby (2019 - 2026),,,https://all.rugby/player/asenathi-ntlabakanye,Golden Lions (2018 - 2019) -> Lions Rugby (2019 - 2026)
Conraad VAN VUUREN,Conraad VAN VUUREN,PR,Lions,183,115,1995.09.04,,,,,A,https://all.rugby/player/conraad-van-vuuren,Bulls (2016 - 2019) -> Sunwolves (2019 - 2020) -> Free State Cheetahs (2020 - 2022) -> Central Cheetahs (2022 - 2023) -> Lions Rugby (2023 - 2026),,,https://all.rugby/player/conraad-van-vuuren,Bulls (2016 - 2019) -> Sunwolves (2019 - 2020) -> Free State Cheetahs (2020 - 2022) -> Central Cheetahs (2022 - 2023) -> Lions Rugby (2023 - 2026)
Eddie DAVIDS,Eddie DAVIDS,PR,Lions,178,115,1998.04.02,,,,,A,https://all.rugby/player/eddie-davids,Griquas (2021 - 2025) -> Lions Rugby (2025 - 2026),,,https://all.rugby/player/eddie-davids,Griquas (2021 - 2025) -> Lions Rugby (2025 - 2026)
Heiko POHLMANN,Heiko POHLMANN,PR,Lions,185,128,2002.01.16,,,,,A,https://all.rugby/player/heiko-pohlmann,Lions Rugby (2020 - 2021) -> Golden Lions (2021 - 2024) -> Lions Rugby (2024 - 2026),,,https://all.rugby/player/heiko-pohlmann,Lions Rugby (2020 - 2021) -> Golden Lions (2021 - 2024) -> Lions Rugby (2024 - 2026)
Juan SCHOEMAN,Juan SCHOEMAN,PR,Lions,186,120,1991.09.18,,,,,A,https://all.rugby/player/juan-schoeman,Sharks (2015 - 2019) -> Southern Kings (2019 - 2019) -> Bath Rugby (2019 - 2019) -> Sharks (2020 - 2020) -> Southern Kings (2020 - 2020) -> Bath Rugby (2020 - 2024) -> Lions Rugby (2024 - 2026),,,https://all.rugby/player/juan-schoeman,Sharks (2015 - 2019) -> Southern Kings (2019 - 2019) -> Bath Rugby (2019 - 2019) -> Sharks (2020 - 2020) -> Southern Kings (2020 - 2020) -> Bath Rugby (2020 - 2024) -> Lions Rugby (2024 - 2026)
Leon LYONS,Leon LYONS,PR,Lions,187,123,1998.12.02,,,,,A,https://all.rugby/player/leon-lyons,Western Province (2018 - 2019) -> Stormers (2019 - 2025) -> Lions Rugby (2025 - 2026),,,https://all.rugby/player/leon-lyons,Western Province (2018 - 2019) -> Stormers (2019 - 2025) -> Lions Rugby (2025 - 2026)
RF SCHOEMAN,RF SCHOEMAN,PR,Lions,188,122,2003.08.14,,,,,A,https://all.rugby/player/rf-schoeman,Golden Lions (2023 - 2024) -> Lions Rugby (2024 - 2026),,,https://all.rugby/player/rf-schoeman,Golden Lions (2023 - 2024) -> Lions Rugby (2024 - 2026)
Seb LOMBARD,Seb LOMBARD,PR,Lions,190,126,2002.10.07,,,,,A,https://all.rugby/player/seb-lombard,Blue Bulls (2021 - 2022) -> Bulls (2022 - 2024) -> Golden Lions (2024 - 2024) -> Bulls (2025 - 2025) -> Golden Lions (2025 - 2025) -> Lions Rugby (2025 - 2026),,,https://all.rugby/player/seb-lombard,Blue Bulls (2021 - 2022) -> Bulls (2022 - 2024) -> Golden Lions (2024 - 2024) -> Bulls (2025 - 2025) -> Golden Lions (2025 - 2025) -> Lions Rugby (2025 - 2026)
Franco MARAIS,Franco MARAIS,HO,Lions,185,108,1992.09.23,,,,,A,https://all.rugby/player/franco-marais,Sharks (2013 - 2018) -> Gloucester Rugby (2018 - 2020) -> Red Hurricanes Osaka (2020 - 2022) -> Urayasu D-Rocks (2022 - 2024) -> Lions Rugby (2024 - 2026),,,https://all.rugby/player/franco-marais,Sharks (2013 - 2018) -> Gloucester Rugby (2018 - 2020) -> Red Hurricanes Osaka (2020 - 2022) -> Urayasu D-Rocks (2022 - 2024) -> Lions Rugby (2024 - 2026)
Morné BRANDON,Morné BRANDON,HO,Lions,184,106,2000.11.25,,,,,A,https://all.rugby/player/morne-brandon,Lions Rugby (2020 - 2026),,,https://all.rugby/player/morne-brandon,Lions Rugby (2020 - 2026)
PJ BOTHA,PJ BOTHA,HO,Lions,181,105,1998.01.20,,,,,A,https://all.rugby/player/pj-botha,Lions Rugby (2019 - 2026),,,https://all.rugby/player/pj-botha,Lions Rugby (2019 - 2026)
SJ KOTZE,SJ KOTZE,HO,Lions,186,110,2003.01.02,,,,,A,https://all.rugby/player/sj-kotze,Golden Lions (2022 - 2024) -> Lions Rugby (2024 - 2026),,,https://all.rugby/player/sj-kotze,Golden Lions (2022 - 2024) -> Lions Rugby (2024 - 2026)
Darrien LANDSBERG,Darrien LANDSBERG,LO,Lions,196,111,1998.07.26,,,,,A,https://all.rugby/player/darrien-lane-landsberg,Golden Lions (2017 - 2019) -> Pumas (2019 - 2022) -> Lions Rugby (2022 - 2026),,,https://all.rugby/player/darrien-lane-landsberg,Golden Lions (2017 - 2019) -> Pumas (2019 - 2022) -> Lions Rugby (2022 - 2026)
Dylan SJOBLOM,Dylan SJOBLOM,LO,Lions,200,115,2000.08.08,,,,,A,https://all.rugby/player/dylan-sjoblom,Griquas (2022 - 2023) -> Stormers (2023 - 2023) -> Griquas (2023 - 2023) -> Stormers (2024 - 2024) -> Griquas (2024 - 2025) -> Lions Rugby (2025 - 2026),,,https://all.rugby/player/dylan-sjoblom,Griquas (2022 - 2023) -> Stormers (2023 - 2023) -> Griquas (2023 - 2023) -> Stormers (2024 - 2024) -> Griquas (2024 - 2025) -> Lions Rugby (2025 - 2026)
Etienne OOSTHUIZEN,Etienne OOSTHUIZEN,LO,Lions,198,128,1992.12.22,,,,,A,https://all.rugby/player/etienne-oosthuizen,Lions Rugby (2011 - 2012) -> Brumbies (2012 - 2013) -> Sharks (2013 - 2017) -> Lyon Olympique Universitaire Rugby (2017 - 2021) -> sans club (2022 - 2023) -> Lions Rugby (2023 - 2026),,,https://all.rugby/player/etienne-oosthuizen,Lions Rugby (2011 - 2012) -> Brumbies (2012 - 2013) -> Sharks (2013 - 2017) -> Lyon Olympique Universitaire Rugby (2017 - 2021) -> sans club (2022 - 2023) -> Lions Rugby (2023 - 2026)
Reinhard NOTHNAGEL,Reinhard NOTHNAGEL,LO,Lions,202,117,1997.09.25,,,,,A,https://all.rugby/player/reinhard-nothnagel,Lions Rugby (2018 - 2026),,,https://all.rugby/player/reinhard-nothnagel,Lions Rugby (2018 - 2026)
Ruan VENTER,Ruan VENTER,LO,Lions,198,120,2002.11.29,,,,,A,https://all.rugby/player/ruan-venter,Lions Rugby (2021 - 2026),,,https://all.rugby/player/ruan-venter,Lions Rugby (2021 - 2026)
Ruben SCHOEMAN,Ruben SCHOEMAN,LO,Lions,199,124,1996.03.14,,,,,A,https://all.rugby/player/ruben-schoeman,Golden Lions (2018 - 2019) -> Lions Rugby (2019 - 2026),,,https://all.rugby/player/ruben-schoeman,Golden Lions (2018 - 2019) -> Lions Rugby (2019 - 2026)
Siba QOMA,Siba QOMA,LO,Lions,190,108,1997.02.17,,,,,A,https://all.rugby/player/siba-qoma,Central Cheetahs (2022 - 2024) -> Lions Rugby (2024 - 2026),,,https://all.rugby/player/siba-qoma,Central Cheetahs (2022 - 2024) -> Lions Rugby (2024 - 2026)
Batho HLEKANI,Batho HLEKANI,Back row,Lions,193,115,2005..,,,,,A,https://all.rugby/player/batho-hlekani,Natal Sharks (2023 - 2024) -> Sharks (2024 - 2025) -> Lions Rugby (2025 - 2025) -> Sharks (2026 - 2026) -> Lions Rugby (2026 - 2026),,,https://all.rugby/player/batho-hlekani,Natal Sharks (2023 - 2024) -> Sharks (2024 - 2025) -> Lions Rugby (2025 - 2025) -> Sharks (2026 - 2026) -> Lions Rugby (2026 - 2026)
Francke HORN,Francke HORN,Back row,Lions,190,106,1999.05.24,,,,,A,https://all.rugby/player/francke-horn,Lions Rugby (2019 - 2026),,,https://all.rugby/player/francke-horn,Lions Rugby (2019 - 2026)
Jarod CAIRNS,Jarod CAIRNS,Back row,Lions,188,100,2001.05.18,,,,,A,https://all.rugby/player/jarod-cairns,Lions Rugby (2021 - 2026),,,https://all.rugby/player/jarod-cairns,Lions Rugby (2021 - 2026)
JC PRETORIUS,JC PRETORIUS,Back row,Lions,186,92,1998.01.29,,,,,A,https://all.rugby/player/jc-pretorius,AF. SUD 7's (2018 - 2022) -> Lions Rugby (2022 - 2022) -> AF. SUD 7's (2023 - 2023) -> Lions Rugby (2023 - 2026),,,https://all.rugby/player/jc-pretorius,AF. SUD 7's (2018 - 2022) -> Lions Rugby (2022 - 2022) -> AF. SUD 7's (2023 - 2023) -> Lions Rugby (2023 - 2026)
Renzo DU PLESSIS,Renzo DU PLESSIS,Back row,Lions,188,108,2002.07.12,,,,,A,https://all.rugby/player/renzo-du-plessis,Golden Lions (2022 - 2023) -> Lions Rugby (2023 - 2026),,,https://all.rugby/player/renzo-du-plessis,Golden Lions (2022 - 2023) -> Lions Rugby (2023 - 2026)
Ruan DELPORT,Ruan DELPORT,Back row,Lions,200,109,2002.07.03,,,,,A,https://all.rugby/player/ruan-delport,Blue Bulls (2021 - 2022) -> Lions Rugby (2022 - 2026),,,https://all.rugby/player/ruan-delport,Blue Bulls (2021 - 2022) -> Lions Rugby (2022 - 2026)
Sibabalwe MAHASHE,Sibabalwe MAHASHE,Back row,Lions,187,93,2004..,,,,,A,https://all.rugby/player/sibabalwe-mahashe,Golden Lions (2023 - 2024) -> Lions Rugby (2025 - 2026),,,https://all.rugby/player/sibabalwe-mahashe,Golden Lions (2023 - 2024) -> Lions Rugby (2025 - 2026)
WJ STEENKAMP,WJ STEENKAMP,Back row,Lions,190,107,2000.09.28,,,,,A,https://all.rugby/player/wj-steenkamp,Blue Bulls (2020 - 2021) -> Bulls (2021 - 2024) -> Lions Rugby (2024 - 2026),,,https://all.rugby/player/wj-steenkamp,Blue Bulls (2020 - 2021) -> Bulls (2021 - 2024) -> Lions Rugby (2024 - 2026)
Hassiem PEAD,Hassiem PEAD,SH,Lions,175,77,2005..,,,,,A,https://all.rugby/player/hassiem-pead,Golden Lions (2023 - 2025) -> Lions Rugby (2025 - 2026),,,https://all.rugby/player/hassiem-pead,Golden Lions (2023 - 2025) -> Lions Rugby (2025 - 2026)
Layton HORN,Layton HORN,SH,Lions,183,82,2003.05.21,,,,,A,https://all.rugby/player/layton-horn,Golden Lions (2023 - 2024) -> Lions Rugby (2024 - 2026),,,https://all.rugby/player/layton-horn,Golden Lions (2023 - 2024) -> Lions Rugby (2024 - 2026)
Morné VAN DEN BERG,Morné VAN DEN BERG,SH,Lions,175,82,1997.10.24,,,,,A,https://all.rugby/player/morne-van-den-berg,Lions Rugby (2018 - 2026),,,https://all.rugby/player/morne-van-den-berg,Lions Rugby (2018 - 2026)
Nico STEYN,Nico STEYN,SH,Lions,177,78,2002.04.12,,,,,A,https://all.rugby/player/nico-steyn,Lions Rugby (2020 - 2022) -> Golden Lions (2022 - 2023) -> Lions Rugby (2023 - 2026),,,https://all.rugby/player/nico-steyn,Lions Rugby (2020 - 2022) -> Golden Lions (2022 - 2023) -> Lions Rugby (2023 - 2026)
Chris SMITH,Chris SMITH,SO,Lions,181,90,1994.09.09,,,,,A,https://all.rugby/player/chris-smith,Bulls (2019 - 2024) -> Oyonnax Rugby (2024 - 2025) -> Lions Rugby (2025 - 2026),,,https://all.rugby/player/chris-smith,Bulls (2019 - 2024) -> Oyonnax Rugby (2024 - 2025) -> Lions Rugby (2025 - 2026)
Gianni LOMBARD,Gianni LOMBARD,SO,Lions,178,82,1998.01.22,,,,,A,https://all.rugby/player/gianni-lombard,Lions Rugby (2018 - 2021) -> Red Hurricanes Osaka (2021 - 2022) -> Lions Rugby (2022 - 2026),,,https://all.rugby/player/gianni-lombard,Lions Rugby (2018 - 2021) -> Red Hurricanes Osaka (2021 - 2022) -> Lions Rugby (2022 - 2026)
Lubabalo DOBELA,Lubabalo DOBELA,SO,Lions,175,80,1998.05.02,,,,,A,https://all.rugby/player/lubabalo-dobela,Griquas (2022 - 2024) -> Lions Rugby (2024 - 2026),,,https://all.rugby/player/lubabalo-dobela,Griquas (2022 - 2024) -> Lions Rugby (2024 - 2026)
Sam FRANCIS,Sam FRANCIS,SO,Lions,190,100,2003.03.14,,,,,A,https://all.rugby/player/sam-francis,Golden Lions (2022 - 2024) -> Lions Rugby (2024 - 2026),,,https://all.rugby/player/sam-francis,Golden Lions (2022 - 2024) -> Lions Rugby (2024 - 2026)
Bronson MILLS,Bronson MILLS,CTB,Lions,185,95,2003.08.08,,,,,A,https://all.rugby/player/bronson-mills,Golden Lions (2022 - 2024) -> Lions Rugby (2024 - 2026),,,https://all.rugby/player/bronson-mills,Golden Lions (2022 - 2024) -> Lions Rugby (2024 - 2026)
Erich CRONJÉ,Erich CRONJÉ,CTB,Lions,184,95,1997.01.01,,,,,A,https://all.rugby/player/erich-cronje,Southern Kings (2019 - 2019) -> Pumas (2019 - 2019) -> Southern Kings (2020 - 2020) -> Pumas (2020 - 2021) -> Zebre Parma (2021 - 2023) -> Lions Rugby (2023 - 2026),,,https://all.rugby/player/erich-cronje,Southern Kings (2019 - 2019) -> Pumas (2019 - 2019) -> Southern Kings (2020 - 2020) -> Pumas (2020 - 2021) -> Zebre Parma (2021 - 2023) -> Lions Rugby (2023 - 2026)
Henco VAN WYK,Henco VAN WYK,CTB,Lions,180,92,2001.05.07,,,,,A,https://all.rugby/player/henco-van-wyk,Golden Lions (2020 - 2021) -> Lions Rugby (2021 - 2026),,,https://all.rugby/player/henco-van-wyk,Golden Lions (2020 - 2021) -> Lions Rugby (2021 - 2026)
Kelly MPEKU,Kelly MPEKU,CTB,Lions,188,88,2003.11.28,,,,,A,https://all.rugby/player/kelly-mpeku,Golden Lions (2023 - 2024) -> Lions Rugby (2024 - 2026),,,https://all.rugby/player/kelly-mpeku,Golden Lions (2023 - 2024) -> Lions Rugby (2024 - 2026)
Manuel RASS,Manuel RASS,CTB,Lions,174,88,1998.04.19,,,,,A,https://all.rugby/player/manuel-rass,Lions Rugby (2018 - 2026),,,https://all.rugby/player/manuel-rass,Lions Rugby (2018 - 2026)
Rynhardt JONKER,Rynhardt JONKER,CTB,Lions,180,90,2000.04.18,,,,,A,https://all.rugby/player/rynhardt-jonker,Sharks (2020 - 2022) -> Lions Rugby (2022 - 2026),,,https://all.rugby/player/rynhardt-jonker,Sharks (2020 - 2022) -> Lions Rugby (2022 - 2026)
Angelo DAVIDS,Angelo DAVIDS,Winger,Lions,178,94,1999.06.01,,,,,A,https://all.rugby/player/angelo-davids,Stormers (2019 - 2020) -> AF. SUD 7's (2020 - 2020) -> Stormers (2021 - 2021) -> AF. SUD 7's (2021 - 2021) -> Stormers (2021 - 2025) -> Lions Rugby (2025 - 2026),,,https://all.rugby/player/angelo-davids,Stormers (2019 - 2020) -> AF. SUD 7's (2020 - 2020) -> Stormers (2021 - 2021) -> AF. SUD 7's (2021 - 2021) -> Stormers (2021 - 2025) -> Lions Rugby (2025 - 2026)
Eduan KEYTER,Eduan KEYTER,Winger,Lions,184,101,1996.06.13,,,,,A,https://all.rugby/player/eduan-keyter,Griquas (2018 - 2021) -> Natal Sharks (2021 - 2022) -> Sharks (2022 - 2025) -> Lions Rugby (2025 - 2026),,,https://all.rugby/player/eduan-keyter,Griquas (2018 - 2021) -> Natal Sharks (2021 - 2022) -> Sharks (2022 - 2025) -> Lions Rugby (2025 - 2026)
Rabz MAXWANE,Rabz MAXWANE,Winger,Lions,181,90,1995.08.14,,,,,A,https://all.rugby/player/sibhale-maxwane,Bulls (2016 - 2017) -> Central Cheetahs (2017 - 2020) -> Lions Rugby (2020 - 2026),,,https://all.rugby/player/sibhale-maxwane,Bulls (2016 - 2017) -> Central Cheetahs (2017 - 2020) -> Lions Rugby (2020 - 2026)
Quan HORN,Quan HORN,FB,Lions,181,84,2001.06.27,,,,,A,https://all.rugby/player/quan-horn,Lions Rugby (2020 - 2026),,,https://all.rugby/player/quan-horn,Lions Rugby (2020 - 2026)
Richard KRIEL,Richard KRIEL,FB,Lions,194,95,2000.07.07,,,,,A,https://all.rugby/player/richard-kriel,Blue Bulls (2018 - 2019) -> Bulls (2019 - 2020) -> Blue Bulls (2020 - 2021) -> Bulls (2021 - 2022) -> Zebre Parma (2022 - 2023) -> Lions Rugby (2023 - 2026),,,https://all.rugby/player/richard-kriel,Blue Bulls (2018 - 2019) -> Bulls (2019 - 2020) -> Blue Bulls (2020 - 2021) -> Bulls (2021 - 2022) -> Zebre Parma (2022 - 2023) -> Lions Rugby (2023 - 2026)
Tapiwa MAFURA,Tapiwa MAFURA,FB,Lions,175,80,1996.04.11,,,,,A,https://all.rugby/player/tapiwa-mafura,Pumas (2019 - 2022) -> Central Cheetahs (2022 - 2024) -> Lions Rugby (2024 - 2026),,,https://all.rugby/player/tapiwa-mafura,Pumas (2019 - 2022) -> Central Cheetahs (2022 - 2024) -> Lions Rugby (2024 - 2026)
Ben WARREN,Ben WARREN,PR,Ospreys,185,122,2000.04.02,,,,,A,https://all.rugby/player/ben-warren,Cardiff Rugby (2018 - 2021) -> Ospreys (2021 - 2026),,,https://all.rugby/player/ben-warren,Cardiff Rugby (2018 - 2021) -> Ospreys (2021 - 2026)
Cameron JONES,Cameron JONES,PR,Ospreys,193,128,2001.10.04,,,,,A,https://all.rugby/player/cameron-jones,Ospreys (2020 - 2023) -> Central Cheetahs (2023 - 2023) -> Ospreys (2024 - 2024) -> Central Cheetahs (2024 - 2024) -> Dragons RFC (2024 - 2024) -> Ospreys (2024 - 2024) -> Dragons RFC (2025 - 2025) -> Ospreys (2025 - 2026),,,https://all.rugby/player/cameron-jones,Ospreys (2020 - 2023) -> Central Cheetahs (2023 - 2023) -> Ospreys (2024 - 2024) -> Central Cheetahs (2024 - 2024) -> Dragons RFC (2024 - 2024) -> Ospreys (2024 - 2024) -> Dragons RFC (2025 - 2025) -> Ospreys (2025 - 2026)
Gareth THOMAS,Gareth THOMAS,PR,Ospreys,188,120,1993.08.02,,,,,A,https://all.rugby/player/gareth-thomas-1993,Ospreys (2014 - 2026),Wales,Wales,https://all.rugby/player/gareth-thomas-1993,Ospreys (2014 - 2026)
Garyn PHILLIPS,Garyn PHILLIPS,PR,Ospreys,184,123,2001.05.14,,,,,A,https://all.rugby/player/garyn-phillips,Cardiff Rugby (2018 - 2019) -> Ospreys (2019 - 2021) -> Cornish Pirates (2021 - 2021) -> Ospreys (2021 - 2021) -> Cornish Pirates (2022 - 2022) -> Ospreys (2022 - 2026),,,https://all.rugby/player/garyn-phillips,Cardiff Rugby (2018 - 2019) -> Ospreys (2019 - 2021) -> Cornish Pirates (2021 - 2021) -> Ospreys (2021 - 2021) -> Cornish Pirates (2022 - 2022) -> Ospreys (2022 - 2026)
Math IORWERTH-SCOTT,Math IORWERTH-SCOTT,PR,Ospreys,185,125,2000.01.05,,,,,A,https://all.rugby/player/matholwch-iorwerth-scott,Cardiff Met RFC (2022 - 2023) -> Bridgend Ravens (2023 - 2024) -> Ospreys (2024 - 2026),,,https://all.rugby/player/matholwch-iorwerth-scott,Cardiff Met RFC (2022 - 2023) -> Bridgend Ravens (2023 - 2024) -> Ospreys (2024 - 2026)
Rhys HENRY,Rhys HENRY,PR,Ospreys,173,114,1998.09.08,,,,,A,https://all.rugby/player/rhys-henry,Ospreys (2018 - 2026),,,https://all.rugby/player/rhys-henry,Ospreys (2018 - 2026)
Steff THOMAS,Steff THOMAS,PR,Ospreys,185,122,1997.04.22,,,,,A,https://all.rugby/player/steff-thomas,Scarlets (2017 - 2024) -> Ospreys (2024 - 2026),,,https://all.rugby/player/steff-thomas,Scarlets (2017 - 2024) -> Ospreys (2024 - 2026)
Tom BOTHA,Tom BOTHA,PR,Ospreys,179,117,1990.08.31,,,,,A,https://all.rugby/player/tom-botha,Southern Kings (2015 - 2016) -> Central Cheetahs (2016 - 2018) -> Ospreys (2018 - 2026),,,https://all.rugby/player/tom-botha,Southern Kings (2015 - 2016) -> Central Cheetahs (2016 - 2018) -> Ospreys (2018 - 2026)
Dewi LAKE,Dewi LAKE,HO,Ospreys,185,114,1999.05.16,,,,,A,https://all.rugby/player/dewi-lake,Ospreys (2017 - 2026),,,https://all.rugby/player/dewi-lake,Ospreys (2017 - 2026)
Efan DANIEL,Efan DANIEL,HO,Ospreys,185,109,2002.12.14,,,,,A,https://all.rugby/player/efan-daniel,Cardiff Rugby (2020 - 2025) -> Ospreys (2025 - 2026),,,https://all.rugby/player/efan-daniel,Cardiff Rugby (2020 - 2025) -> Ospreys (2025 - 2026)
Lewis LLOYD,Lewis LLOYD,HO,Ospreys,180,92,2003.07.20,,,,,A,https://all.rugby/player/lewis-lloyd,Treorchy RFC (2021 - 2022) -> Ospreys (2022 - 2026),,,https://all.rugby/player/lewis-lloyd,Treorchy RFC (2021 - 2022) -> Ospreys (2022 - 2026)
Sam PARRY,Sam PARRY,HO,Ospreys,186,114,1991.12.17,,,,,A,https://all.rugby/player/sam-parry,Dragons RFC (2013 - 2014) -> Ospreys (2014 - 2018) -> Bristol Bears (2018 - 2018) -> Ospreys (2019 - 2019) -> Bristol Bears (2019 - 2019) -> Ospreys (2019 - 2026),Wales,Wales,https://all.rugby/player/sam-parry,Dragons RFC (2013 - 2014) -> Ospreys (2014 - 2018) -> Bristol Bears (2018 - 2018) -> Ospreys (2019 - 2019) -> Bristol Bears (2019 - 2019) -> Ospreys (2019 - 2026)
Ben ROBERTS,Ben ROBERTS,LO,Ospreys,,,2001.03.04,,,,,A,https://all.rugby/player/ben-roberts,Ospreys (2025 - 2026),,,https://all.rugby/player/ben-roberts,Ospreys (2025 - 2026)
Huw SUTTON,Huw SUTTON,LO,Ospreys,199,122,1999.11.17,,,,,A,https://all.rugby/player/huw-sutton,Ospreys (2021 - 2026),,,https://all.rugby/player/huw-sutton,Ospreys (2021 - 2026)
James FENDER,James FENDER,LO,Ospreys,204,125,2001.08.03,,,,,A,https://all.rugby/player/james-fender,Ospreys (2018 - 2022) -> Cornish Pirates (2022 - 2022) -> Ospreys (2023 - 2023) -> Cornish Pirates (2023 - 2023) -> Ospreys (2023 - 2026),,,https://all.rugby/player/james-fender,Ospreys (2018 - 2022) -> Cornish Pirates (2022 - 2022) -> Ospreys (2023 - 2023) -> Cornish Pirates (2023 - 2023) -> Ospreys (2023 - 2026)
James RATTI,James RATTI,LO,Ospreys,196,120,1997.10.14,,,,,A,https://all.rugby/player/james-ratti,Ospreys (2017 - 2019) -> Cardiff Rugby (2019 - 2023) -> Ospreys (2023 - 2026),Wales,Wales,https://all.rugby/player/james-ratti,Ospreys (2017 - 2019) -> Cardiff Rugby (2019 - 2023) -> Ospreys (2023 - 2026)
Rhys DAVIES,Rhys DAVIES,LO,Ospreys,197,124,1998.11.09,,,,,A,https://all.rugby/player/rhys-davies,Bath Rugby (2018 - 2020) -> Ospreys (2020 - 2026),,,https://all.rugby/player/rhys-davies,Bath Rugby (2018 - 2020) -> Ospreys (2020 - 2026)
Ryan SMITH,Ryan SMITH,LO,Ospreys,199,120,1996.09.30,,,,,A,https://all.rugby/player/ryan-smith-10493,Brisbane City (2018 - 2019) -> Queensland Reds (2019 - 2025) -> Ospreys (2025 - 2026),,,https://all.rugby/player/ryan-smith-10493,Brisbane City (2018 - 2019) -> Queensland Reds (2019 - 2025) -> Ospreys (2025 - 2026)
Will GREATBANKS,Will GREATBANKS,LO,Ospreys,198,109,2003.01.18,,,,,A,https://all.rugby/player/william-greatbanks,Club Athlétique Ribéracois (2010 - 2018) -> Union Bordeaux-Bègles (2018 - 2018) -> Soyaux-Angoulême XV Charente (2018 - 2018) -> Union Bordeaux-Bègles (2019 - 2019) -> Soyaux-Angoulême XV Charente (2019 - 2024) -> Ospreys (2024 - 2026),,,https://all.rugby/player/william-greatbanks,Club Athlétique Ribéracois (2010 - 2018) -> Union Bordeaux-Bègles (2018 - 2018) -> Soyaux-Angoulême XV Charente (2018 - 2018) -> Union Bordeaux-Bègles (2019 - 2019) -> Soyaux-Angoulême XV Charente (2019 - 2024) -> Ospreys (2024 - 2026)
Harri DEAVES-SMALL,Harri DEAVES-SMALL,Back row,Ospreys,182,96,2001.06.13,,,,,A,https://all.rugby/player/harri-deaves-small,Ospreys (2020 - 2026),,,https://all.rugby/player/harri-deaves-small,Ospreys (2020 - 2026)
Jac MORGAN,Jac MORGAN,Back row,Ospreys,182,105,2000.01.21,,,,,A,https://all.rugby/player/jac-morgan,Scarlets (2018 - 2021) -> Ospreys (2021 - 2026),,,https://all.rugby/player/jac-morgan,Scarlets (2018 - 2021) -> Ospreys (2021 - 2026)
Marco DE WITT,Marco DE WITT,Back row,Ospreys,193,101,2002.01.24,,,,,A,https://all.rugby/player/marco-de-witt,Sharks (2023 - 2023) -> Griquas (2023 - 2023) -> Sharks (2024 - 2024) -> Griquas (2024 - 2025) -> Ospreys (2025 - 2026),,,https://all.rugby/player/marco-de-witt,Sharks (2023 - 2023) -> Griquas (2023 - 2023) -> Sharks (2024 - 2024) -> Griquas (2024 - 2025) -> Ospreys (2025 - 2026)
Morgan MORRIS,Morgan MORRIS,Back row,Ospreys,183,110,1998.08.28,,,,,A,https://all.rugby/player/morgan-morris,Ospreys (2017 - 2026),,,https://all.rugby/player/morgan-morris,Ospreys (2017 - 2026)
Ross MORIARTY,Ross MORIARTY,Back row,Ospreys,188,108,1994.04.18,,,,,A,https://all.rugby/player/ross-moriarty,Gloucester Rugby (2013 - 2018) -> Dragons RFC (2018 - 2022) -> CA Brive Corrèze Limousin (2022 - 2022) -> Dragons RFC (2023 - 2023) -> CA Brive Corrèze Limousin (2023 - 2025) -> Ospreys (2025 - 2026),England,England,https://all.rugby/player/ross-moriarty,Gloucester Rugby (2013 - 2018) -> Dragons RFC (2018 - 2022) -> CA Brive Corrèze Limousin (2022 - 2022) -> Dragons RFC (2023 - 2023) -> CA Brive Corrèze Limousin (2023 - 2025) -> Ospreys (2025 - 2026)
Cormac FOLEY,Cormac FOLEY,SH,Ospreys,180,90,1999.10.24,,,,,A,https://all.rugby/player/cormac-foley,Leinster Rugby (2020 - 2025) -> Ospreys (2025 - 2025) -> Leinster Rugby (2026 - 2026) -> Ospreys (2026 - 2026),,,https://all.rugby/player/cormac-foley,Leinster Rugby (2020 - 2025) -> Ospreys (2025 - 2025) -> Leinster Rugby (2026 - 2026) -> Ospreys (2026 - 2026)
Harri WILLIAMS,Harri WILLIAMS,SH,Ospreys,173,78,2003.04.05,,,,,A,https://all.rugby/player/harri-williams,Northampton Saints (2016 - 2019) -> Scarlets (2019 - 2023) -> Ampthill Rugby (2023 - 2024) -> Tuggeranong Vikings (2024 - 2025) -> Ospreys (2025 - 2026),,,https://all.rugby/player/harri-williams,Northampton Saints (2016 - 2019) -> Scarlets (2019 - 2023) -> Ampthill Rugby (2023 - 2024) -> Tuggeranong Vikings (2024 - 2025) -> Ospreys (2025 - 2026)
Kieran HARDY,Kieran HARDY,SH,Ospreys,186,90,1995.11.30,,,,,A,https://all.rugby/player/kieran-hardy,Scarlets (2014 - 2024) -> Ospreys (2024 - 2026),Wales,Wales,https://all.rugby/player/kieran-hardy,Scarlets (2014 - 2024) -> Ospreys (2024 - 2026)
Luke DAVIES,Luke DAVIES,SH,Ospreys,175,80,2002.02.26,,,,,A,https://all.rugby/player/luke-davies,Scarlets (2021 - 2022) -> Jersey Reds (2022 - 2023) -> Ospreys (2023 - 2026),,,https://all.rugby/player/luke-davies,Scarlets (2021 - 2022) -> Jersey Reds (2022 - 2023) -> Ospreys (2023 - 2026)
Reuben MORGAN-WILLIAMS,Reuben MORGAN-WILLIAMS,SH,Ospreys,180,85,1998.02.03,,,,,A,https://all.rugby/player/reuben-morgan-williams,Ospreys (2017 - 2026),,,https://all.rugby/player/reuben-morgan-williams,Ospreys (2017 - 2026)
Scott WHITLOCK,Scott WHITLOCK,SH,Ospreys,175,72,2004..,,,,,A,https://all.rugby/player/scott-whitlock,Aberavon RFC (2023 - 2024) -> Ospreys (2024 - 2026),,,https://all.rugby/player/scott-whitlock,Aberavon RFC (2023 - 2024) -> Ospreys (2024 - 2026)
Dan EDWARDS,Dan EDWARDS,SO,Ospreys,178,83,2003.05.07,,,,,A,https://all.rugby/player/dan-edwards,Ospreys (2021 - 2026),,,https://all.rugby/player/dan-edwards,Ospreys (2021 - 2026)
Jack WALSH,Jack WALSH,SO,Ospreys,184,88,2000.01.11,,,,,A,https://all.rugby/player/jack-walsh,Manly Marlins (2018 - 2019) -> New South Wales Waratahs (2019 - 2019) -> Exeter Chiefs (2019 - 2019) -> New South Wales Waratahs (2020 - 2020) -> Exeter Chiefs (2020 - 2022) -> Ospreys (2022 - 2026),,,https://all.rugby/player/jack-walsh,Manly Marlins (2018 - 2019) -> New South Wales Waratahs (2019 - 2019) -> Exeter Chiefs (2019 - 2019) -> New South Wales Waratahs (2020 - 2020) -> Exeter Chiefs (2020 - 2022) -> Ospreys (2022 - 2026)
Luke SCULLY,Luke SCULLY,SO,Ospreys,180,86,2000.02.28,,,,,A,https://all.rugby/player/luke-scully,Worcester Warriors (2018 - 2020) -> Cardiff Rugby (2020 - 2020) -> Cornish Pirates (2020 - 2020) -> Cardiff Rugby (2021 - 2021) -> Cornish Pirates (2021 - 2021) -> Cardiff Rugby (2021 - 2022) -> Ospreys (2022 - 2026),,,https://all.rugby/player/luke-scully,Worcester Warriors (2018 - 2020) -> Cardiff Rugby (2020 - 2020) -> Cornish Pirates (2020 - 2020) -> Cardiff Rugby (2021 - 2021) -> Cornish Pirates (2021 - 2021) -> Cardiff Rugby (2021 - 2022) -> Ospreys (2022 - 2026)
Evardi BOSHOFF,Evardi BOSHOFF,CTB,Ospreys,183,92,1998.10.06,,,,,A,https://all.rugby/player/evardi-boshoff,Central Cheetahs (2022 - 2023) -> Ospreys (2023 - 2023) -> Central Cheetahs (2024 - 2024) -> Ospreys (2024 - 2026),,,https://all.rugby/player/evardi-boshoff,Central Cheetahs (2022 - 2023) -> Ospreys (2023 - 2023) -> Central Cheetahs (2024 - 2024) -> Ospreys (2024 - 2026)
Keiran WILLIAMS,Keiran WILLIAMS,CTB,Ospreys,178,90,1997.12.04,,,,,A,https://all.rugby/player/keiran-williams,Ospreys (2017 - 2026),,,https://all.rugby/player/keiran-williams,Ospreys (2017 - 2026)
Owen WATKIN,Owen WATKIN,CTB,Ospreys,188,112,1996.10.12,,,,,A,https://all.rugby/player/owen-watkin,Ospreys (2015 - 2026),Wales,Wales,https://all.rugby/player/owen-watkin,Ospreys (2015 - 2026)
Phil COKANASIGA,Phil COKANASIGA,CTB,Ospreys,183,105,2001.07.31,,,,,A,https://all.rugby/player/phil-cokanasiga,London Irish (2016 - 2022) -> Leicester Tigers (2022 - 2022) -> Nottingham Rugby (2022 - 2022) -> Leicester Tigers (2023 - 2023) -> Nottingham Rugby (2023 - 2023) -> Leicester Tigers (2023 - 2024) -> Ospreys (2024 - 2026),,,https://all.rugby/player/phil-cokanasiga,London Irish (2016 - 2022) -> Leicester Tigers (2022 - 2022) -> Nottingham Rugby (2022 - 2022) -> Leicester Tigers (2023 - 2023) -> Nottingham Rugby (2023 - 2023) -> Leicester Tigers (2023 - 2024) -> Ospreys (2024 - 2026)
Tom FLORENCE,Tom FLORENCE,CTB,Ospreys,188,96,2003.03.19,,,,,A,https://all.rugby/player/tom-florence-,Ospreys (2020 - 2026),,,https://all.rugby/player/tom-florence-,Ospreys (2020 - 2026)
Keelan GILES,Keelan GILES,Winger,Ospreys,173,80,1998.01.29,,,,,A,https://all.rugby/player/keelan-giles,Ospreys (2016 - 2026),Wales,Wales,https://all.rugby/player/keelan-giles,Ospreys (2016 - 2026)
Luke MORGAN,Luke MORGAN,Winger,Ospreys,175,81,1992.05.16,,,,,A,https://all.rugby/player/luke-morgan,Ospreys (2018 - 2026),Wales,Wales,https://all.rugby/player/luke-morgan,Ospreys (2018 - 2026)
Ryan CONBEER,Ryan CONBEER,Winger,Ospreys,177,91,1999.02.05,,,,,A,https://all.rugby/player/ryan-conbeer,Scarlets (2017 - 2024) -> Ospreys (2024 - 2026),,,https://all.rugby/player/ryan-conbeer,Scarlets (2017 - 2024) -> Ospreys (2024 - 2026)
Daniel KASENDE,Daniel KASENDE,FB,Ospreys,187,92,1995.05.09,,,,,A,https://all.rugby/player/daniel-kasende,Griquas (2019 - 2021) -> Free State Cheetahs (2021 - 2022) -> Central Cheetahs (2022 - 2023) -> Ospreys (2023 - 2023) -> Central Cheetahs (2023 - 2023) -> Ospreys (2024 - 2024) -> Central Cheetahs (2024 - 2024) -> Ospreys (2024 - 2026),,,https://all.rugby/player/daniel-kasende,Griquas (2019 - 2021) -> Free State Cheetahs (2021 - 2022) -> Central Cheetahs (2022 - 2023) -> Ospreys (2023 - 2023) -> Central Cheetahs (2023 - 2023) -> Ospreys (2024 - 2024) -> Central Cheetahs (2024 - 2024) -> Ospreys (2024 - 2026)
Iestyn HOPKINS,Iestyn HOPKINS,FB,Ospreys,175,88,2002.04.04,,,,,A,https://all.rugby/player/iestyn-hopkins,Ospreys (2021 - 2026),,,https://all.rugby/player/iestyn-hopkins,Ospreys (2021 - 2026)
Max NAGY,Max NAGY,FB,Ospreys,193,97,1999.06.13,,,,,A,https://all.rugby/player/max-nagy,Swansea RFC (2019 - 2020) -> Ospreys (2020 - 2020) -> Swansea RFC (2020 - 2020) -> Ospreys (2021 - 2021) -> Swansea RFC (2021 - 2021) -> Ospreys (2021 - 2026),,,https://all.rugby/player/max-nagy,Swansea RFC (2019 - 2020) -> Ospreys (2020 - 2020) -> Swansea RFC (2020 - 2020) -> Ospreys (2021 - 2021) -> Swansea RFC (2021 - 2021) -> Ospreys (2021 - 2026)
Dylan JAMES,Dylan JAMES,PR,Ospreys,183,114,2006..,,,,,A,https://all.rugby/player/dylan-james-,Ospreys (2025 - 2026),,,https://all.rugby/player/dylan-james-,Ospreys (2025 - 2026)
Evan HILL,Evan HILL,LO,Ospreys,199,108,2004..,,,,,A,https://all.rugby/player/evan-hill,Ospreys (2022 - 2026),,,https://all.rugby/player/evan-hill,Ospreys (2022 - 2026)
Kian HIRE,Kian HIRE,LO,Ospreys,188,122,2004..,,,,,A,https://all.rugby/player/kian-hire,Swansea RFC (2022 - 2023) -> Ospreys (2023 - 2026),,,https://all.rugby/player/kian-hire,Swansea RFC (2022 - 2023) -> Ospreys (2023 - 2026)
Liam EDWARDS,Liam EDWARDS,LO,Ospreys,200,127,2003.11.03,,,,,A,https://all.rugby/player/liam-edwards,Ospreys (2022 - 2026),,,https://all.rugby/player/liam-edwards,Ospreys (2022 - 2026)
Gwilym EVANS,Gwilym EVANS,Back row,Ospreys,183,94,2003.05.25,,,,,A,https://all.rugby/player/gwilym-evans,Cardiff Rugby (2022 - 2023) -> Cardiff University RFC (2023 - 2024) -> Aberavon RFC (2024 - 2025) -> Ospreys (2025 - 2026),,,https://all.rugby/player/gwilym-evans,Cardiff Rugby (2022 - 2023) -> Cardiff University RFC (2023 - 2024) -> Aberavon RFC (2024 - 2025) -> Ospreys (2025 - 2026)
Morgan MORSE,Morgan MORSE,Back row,Ospreys,185,106,2005..,,,,,A,https://all.rugby/player/morgan-morse,Ospreys (2021 - 2026),,,https://all.rugby/player/morgan-morse,Ospreys (2021 - 2026)
Caelan CARSON-JONES,Caelan CARSON-JONES,SH,Ospreys,,,,,,,,A,https://all.rugby/player/caelan-carson-jones,Ospreys (2024 - 2026),,,https://all.rugby/player/caelan-carson-jones,Ospreys (2024 - 2026)
Keillen CULLEN,Keillen CULLEN,SO,Ospreys,,,2003.12.25,,,,,A,https://all.rugby/player/keillen-cullen,Gloucester Rugby (2022 - 2023) -> Hartpury University (2023 - 2024) -> Hartpury RFC (2024 - 2024) -> Hartpury University (2024 - 2024) -> Hartpury RFC (2025 - 2025) -> Hartpury University (2025 - 2025) -> Ospreys (2025 - 2026),,,https://all.rugby/player/keillen-cullen,Gloucester Rugby (2022 - 2023) -> Hartpury University (2023 - 2024) -> Hartpury RFC (2024 - 2024) -> Hartpury University (2024 - 2024) -> Hartpury RFC (2025 - 2025) -> Hartpury University (2025 - 2025) -> Ospreys (2025 - 2026)
Jack HOSKINS,Jack HOSKINS,CTB,Ospreys,185,100,2007..,,,,,A,https://all.rugby/player/jack-hoskins,Ospreys (2025 - 2026),,,https://all.rugby/player/jack-hoskins,Ospreys (2025 - 2026)
Lewis EDWARDS,Lewis EDWARDS,CTB,Ospreys,195,100,2006..,,,,,A,https://all.rugby/player/lewis-edwards,Ospreys (2024 - 2026),,,https://all.rugby/player/lewis-edwards,Ospreys (2024 - 2026)
Connor MOYSE,Connor MOYSE,Winger,Ospreys,188,94,2003.03.19,,,,,A,https://all.rugby/player/connor-moyse,Ospreys (2025 - 2026),,,https://all.rugby/player/connor-moyse,Ospreys (2025 - 2026)
Harri HOUSTON,Harri HOUSTON,Winger,Ospreys,178,82,2003.11.27,,,,,A,https://all.rugby/player/harri-houston,Ospreys (2021 - 2026),,,https://all.rugby/player/harri-houston,Ospreys (2021 - 2026)
Ieuan CORNELIUS,Ieuan CORNELIUS,Winger,Ospreys,188,97,2005..,,,,,A,https://all.rugby/player/ieuan-cornelius,,Wales,Wales,https://all.rugby/player/ieuan-cornelius,
Ben EVANS,Ben EVANS,FB,Ospreys,,,2007..,,,,,A,https://all.rugby/player/ben-evans-,Ospreys (2025 - 2026),,,https://all.rugby/player/ben-evans-,Ospreys (2025 - 2026)
Angus WILLIAMS,Angus WILLIAMS,PR,Edimbourg,180,117,1993.11.11,,,,,A,https://all.rugby/player/angus-williams,Otago (2018 - 2019) -> Edimbourg Rugby (2020 - 2026),,,https://all.rugby/player/angus-williams,Otago (2018 - 2019) -> Edimbourg Rugby (2020 - 2026)
Boan VENTER,Boan VENTER,PR,Edimbourg,187,124,1997.04.12,,,,,A,https://all.rugby/player/boan-venter,Central Cheetahs (2018 - 2020) -> Edimbourg Rugby (2020 - 2026),,,https://all.rugby/player/boan-venter,Central Cheetahs (2018 - 2020) -> Edimbourg Rugby (2020 - 2026)
D'Arcy RAE,D'Arcy RAE,PR,Edimbourg,186,125,1994.12.21,,,,,A,https://all.rugby/player/d-arcy-rae,Benetton Rugby Trévise (2014 - 2014) -> Glasgow Warriors (2014 - 2014) -> Benetton Rugby Trévise (2015 - 2015) -> Glasgow Warriors (2015 - 2021) -> Bath Rugby (2021 - 2023) -> Montpellier Hérault Rugby (2023 - 2023) -> Edimbourg Rugby (2023 - 2023) -> Montpellier Hérault Rugby (2024 - 2024) -> Edimbourg Rugby (2024 - 2026),Scotland,Scotland,https://all.rugby/player/d-arcy-rae,Benetton Rugby Trévise (2014 - 2014) -> Glasgow Warriors (2014 - 2014) -> Benetton Rugby Trévise (2015 - 2015) -> Glasgow Warriors (2015 - 2021) -> Bath Rugby (2021 - 2023) -> Montpellier Hérault Rugby (2023 - 2023) -> Edimbourg Rugby (2023 - 2023) -> Montpellier Hérault Rugby (2024 - 2024) -> Edimbourg Rugby (2024 - 2026)
James WHITCOMBE,James WHITCOMBE,PR,Edimbourg,188,120,2000.11.20,,,,,A,https://all.rugby/player/james-whitcombe,Leicester Tigers (2017 - 2025) -> Edimbourg Rugby (2025 - 2026),,,https://all.rugby/player/james-whitcombe,Leicester Tigers (2017 - 2025) -> Edimbourg Rugby (2025 - 2026)
Mikey JONES,Mikey JONES,PR,Edimbourg,181,110,2002.07.08,,,,,A,https://all.rugby/player/mike-jones,Boroughmuir RFC (2020 - 2021) -> Edimbourg Rugby (2021 - 2022) -> Ampthill Rugby (2022 - 2022) -> Edimbourg Rugby (2023 - 2023) -> Ampthill Rugby (2023 - 2023) -> Edimbourg Rugby (2023 - 2026),,,https://all.rugby/player/mike-jones,Boroughmuir RFC (2020 - 2021) -> Edimbourg Rugby (2021 - 2022) -> Ampthill Rugby (2022 - 2022) -> Edimbourg Rugby (2023 - 2023) -> Ampthill Rugby (2023 - 2023) -> Edimbourg Rugby (2023 - 2026)
Paul HILL,Paul HILL,PR,Edimbourg,189,123,1995.03.02,,,,,A,https://all.rugby/player/paul-hill,Northampton Saints (2015 - 2024) -> Edimbourg Rugby (2024 - 2026),England,England,https://all.rugby/player/paul-hill,Northampton Saints (2015 - 2024) -> Edimbourg Rugby (2024 - 2026)
Pierre SCHOEMAN,Pierre SCHOEMAN,PR,Edimbourg,184,118,1994.05.07,,,,,A,https://all.rugby/player/pierre-schoeman,Bulls (2015 - 2018) -> Edimbourg Rugby (2018 - 2026),South Africa,South Africa,https://all.rugby/player/pierre-schoeman,Bulls (2015 - 2018) -> Edimbourg Rugby (2018 - 2026)
Rhys LITTERICK,Rhys LITTERICK,PR,Edimbourg,179,120,1999.03.02,,,,,A,https://all.rugby/player/rhys-litterick,Worthing RFC (2021 - 2021) -> Harlequins (2021 - 2021) -> Worthing RFC (2022 - 2022) -> Harlequins (2022 - 2022) -> London Scottish (2022 - 2022) -> Harlequins (2023 - 2023) -> London Scottish (2023 - 2023) -> Cardiff Rugby (2023 - 2025) -> Edimbourg Rugby (2025 - 2026),,,https://all.rugby/player/rhys-litterick,Worthing RFC (2021 - 2021) -> Harlequins (2021 - 2021) -> Worthing RFC (2022 - 2022) -> Harlequins (2022 - 2022) -> London Scottish (2022 - 2022) -> Harlequins (2023 - 2023) -> London Scottish (2023 - 2023) -> Cardiff Rugby (2023 - 2025) -> Edimbourg Rugby (2025 - 2026)
Ewan ASHMAN,Ewan ASHMAN,HO,Edimbourg,188,113,2000.04.03,,,,,A,https://all.rugby/player/ewan-ashman,Sale Sharks (2018 - 2021) -> Glasgow Warriors (2021 - 2021) -> Sale Sharks (2022 - 2022) -> Glasgow Warriors (2022 - 2022) -> Sale Sharks (2022 - 2023) -> Edimbourg Rugby (2023 - 2026),Canada,Canada,https://all.rugby/player/ewan-ashman,Sale Sharks (2018 - 2021) -> Glasgow Warriors (2021 - 2021) -> Sale Sharks (2022 - 2022) -> Glasgow Warriors (2022 - 2022) -> Sale Sharks (2022 - 2023) -> Edimbourg Rugby (2023 - 2026)
Patrick HARRISON,Patrick HARRISON,HO,Edimbourg,181,111,2002.06.20,,,,,A,https://all.rugby/player/patrick-harrison,Edimbourg Rugby (2020 - 2021) -> Wasps (2021 - 2021) -> Edimbourg Rugby (2022 - 2022) -> Wasps (2022 - 2022) -> London Irish (2022 - 2022) -> Edimbourg Rugby (2022 - 2022) -> London Irish (2023 - 2023) -> Edimbourg Rugby (2023 - 2026),Scotland,Scotland,https://all.rugby/player/patrick-harrison,Edimbourg Rugby (2020 - 2021) -> Wasps (2021 - 2021) -> Edimbourg Rugby (2022 - 2022) -> Wasps (2022 - 2022) -> London Irish (2022 - 2022) -> Edimbourg Rugby (2022 - 2022) -> London Irish (2023 - 2023) -> Edimbourg Rugby (2023 - 2026)
Callum HUNTER-HILL,Callum HUNTER-HILL,LO,Edimbourg,200,116,1997.02.27,,,,,A,https://all.rugby/player/callum-hunter-hill,Glasgow Warriors (2016 - 2017) -> Edimbourg Rugby (2017 - 2017) -> Newcastle (2017 - 2017) -> Edimbourg Rugby (2018 - 2018) -> Newcastle (2018 - 2018) -> Edimbourg Rugby (2018 - 2019) -> Saracens (2019 - 2024) -> Northampton Saints (2024 - 2025) -> Edimbourg Rugby (2025 - 2026),,,https://all.rugby/player/callum-hunter-hill,Glasgow Warriors (2016 - 2017) -> Edimbourg Rugby (2017 - 2017) -> Newcastle (2017 - 2017) -> Edimbourg Rugby (2018 - 2018) -> Newcastle (2018 - 2018) -> Edimbourg Rugby (2018 - 2019) -> Saracens (2019 - 2024) -> Northampton Saints (2024 - 2025) -> Edimbourg Rugby (2025 - 2026)
Glen YOUNG,Glen YOUNG,LO,Edimbourg,200,118,1994.11.04,,,,,A,https://all.rugby/player/glen-young,Newcastle (2016 - 2019) -> Harlequins (2019 - 2021) -> Edimbourg Rugby (2021 - 2026),Scotland,Scotland,https://all.rugby/player/glen-young,Newcastle (2016 - 2019) -> Harlequins (2019 - 2021) -> Edimbourg Rugby (2021 - 2026)
Grant GILCHRIST,Grant GILCHRIST,LO,Edimbourg,198,120,1990.08.09,,,,,A,https://all.rugby/player/grant-gilchrist,Edimbourg Rugby (2013 - 2026),Scotland,Scotland,https://all.rugby/player/grant-gilchrist,Edimbourg Rugby (2013 - 2026)
Marshall SYKES,Marshall SYKES,LO,Edimbourg,200,121,1999.12.29,,,,,A,https://all.rugby/player/marshall-sykes,Glasgow Warriors (2019 - 2019) -> Edimbourg Rugby (2019 - 2019) -> Glasgow Warriors (2020 - 2020) -> Edimbourg Rugby (2020 - 2026),,,https://all.rugby/player/marshall-sykes,Glasgow Warriors (2019 - 2019) -> Edimbourg Rugby (2019 - 2019) -> Glasgow Warriors (2020 - 2020) -> Edimbourg Rugby (2020 - 2026)
Rob CARMICHAEL,Rob CARMICHAEL,LO,Edimbourg,210,125,2003.04.04,,,,,A,https://all.rugby/player/rob-carmichael,Leicester Tigers (2022 - 2023) -> Edimbourg Rugby (2023 - 2023) -> Leicester Tigers (2024 - 2024) -> Edimbourg Rugby (2024 - 2026),,,https://all.rugby/player/rob-carmichael,Leicester Tigers (2022 - 2023) -> Edimbourg Rugby (2023 - 2023) -> Leicester Tigers (2024 - 2024) -> Edimbourg Rugby (2024 - 2026)
Ben MUNCASTER,Ben MUNCASTER,Back row,Edimbourg,190,110,2001.10.14,,,,,A,https://all.rugby/player/ben-muncaster,Leicester Tigers (2018 - 2020) -> Edimbourg Rugby (2020 - 2026),Scotland,Scotland,https://all.rugby/player/ben-muncaster,Leicester Tigers (2018 - 2020) -> Edimbourg Rugby (2020 - 2026)
Connor BOYLE,Connor BOYLE,Back row,Edimbourg,183,91,2000.02.19,,,,,A,https://all.rugby/player/connor-boyle,Watsonian Rugby Club (2019 - 2020) -> Edimbourg Rugby (2020 - 2026),,,https://all.rugby/player/connor-boyle,Watsonian Rugby Club (2019 - 2020) -> Edimbourg Rugby (2020 - 2026)
Dylan RICHARDSON,Dylan RICHARDSON,Back row,Edimbourg,185,110,1999.01.15,,,,,A,https://all.rugby/player/dylan-richardson,Sharks (2018 - 2025) -> Edimbourg Rugby (2025 - 2026),South Africa,South Africa,https://all.rugby/player/dylan-richardson,Sharks (2018 - 2025) -> Edimbourg Rugby (2025 - 2026)
Freddy DOUGLAS,Freddy DOUGLAS,Back row,Edimbourg,185,95,2005..,,,,,A,https://all.rugby/player/freddy-douglas,Edimbourg Rugby (2023 - 2026),Scotland,Scotland,https://all.rugby/player/freddy-douglas,Edimbourg Rugby (2023 - 2026)
Harri MORRIS,Harri MORRIS,Back row,Edimbourg,180,103,2001.10.13,,,,,A,https://all.rugby/player/harri-morris,Edimbourg Rugby (2020 - 2020) -> Southern Knights (2020 - 2020) -> Edimbourg Rugby (2021 - 2021) -> Southern Knights (2021 - 2021) -> Edimbourg Rugby (2021 - 2022) -> London Scottish (2022 - 2022) -> Edimbourg Rugby (2022 - 2022) -> London Scottish (2023 - 2023) -> Edimbourg Rugby (2023 - 2023) -> Doncaster Knights (2023 - 2024) -> Edimbourg Rugby (2024 - 2026),,,https://all.rugby/player/harri-morris,Edimbourg Rugby (2020 - 2020) -> Southern Knights (2020 - 2020) -> Edimbourg Rugby (2021 - 2021) -> Southern Knights (2021 - 2021) -> Edimbourg Rugby (2021 - 2022) -> London Scottish (2022 - 2022) -> Edimbourg Rugby (2022 - 2022) -> London Scottish (2023 - 2023) -> Edimbourg Rugby (2023 - 2023) -> Doncaster Knights (2023 - 2024) -> Edimbourg Rugby (2024 - 2026)
Liam MCCONNELL,Liam MCCONNELL,Back row,Edimbourg,194,106,2004..,,,,,A,https://all.rugby/player/liam-mcconnell,Boroughmuir RFC (2021 - 2022) -> Edimbourg Rugby (2022 - 2026),,,https://all.rugby/player/liam-mcconnell,Boroughmuir RFC (2021 - 2022) -> Edimbourg Rugby (2022 - 2026)
Luke CROSBIE,Luke CROSBIE,Back row,Edimbourg,196,112,1997.04.22,,,,,A,https://all.rugby/player/luke-crosbie,Edimbourg Rugby (2017 - 2026),Scotland,Scotland,https://all.rugby/player/luke-crosbie,Edimbourg Rugby (2017 - 2026)
Magnus BRADBURY,Magnus BRADBURY,Back row,Edimbourg,191,116,1995.08.23,,,,,A,https://all.rugby/player/magnus-bradbury,Edimbourg Rugby (2014 - 2022) -> Bristol Bears (2022 - 2024) -> Edimbourg Rugby (2024 - 2026),Scotland,Scotland,https://all.rugby/player/magnus-bradbury,Edimbourg Rugby (2014 - 2022) -> Bristol Bears (2022 - 2024) -> Edimbourg Rugby (2024 - 2026)
Sam SKINNER,Sam SKINNER,Back row,Edimbourg,196,115,1995.01.31,,,,,A,https://all.rugby/player/sam-skinner,Exeter Chiefs (2014 - 2022) -> Edimbourg Rugby (2022 - 2026),England,England,https://all.rugby/player/sam-skinner,Exeter Chiefs (2014 - 2022) -> Edimbourg Rugby (2022 - 2026)
Tom CURRIE,Tom CURRIE,Back row,Edimbourg,190,106,2004..,,,,,A,https://all.rugby/player/tom-currie,Edimbourg Rugby (2023 - 2024) -> Doncaster Knights (2024 - 2024) -> Edimbourg Rugby (2025 - 2025) -> Doncaster Knights (2025 - 2025) -> Edimbourg Rugby (2025 - 2026),,,https://all.rugby/player/tom-currie,Edimbourg Rugby (2023 - 2024) -> Doncaster Knights (2024 - 2024) -> Edimbourg Rugby (2025 - 2025) -> Doncaster Knights (2025 - 2025) -> Edimbourg Rugby (2025 - 2026)
Tom DODD,Tom DODD,Back row,Edimbourg,191,109,1997.10.28,,,,,A,https://all.rugby/player/tom-dodd,Worcester Warriors (2017 - 2022) -> Coventry Rugby (2022 - 2022) -> Worcester Warriors (2023 - 2023) -> Coventry Rugby (2023 - 2023) -> Edimbourg Rugby (2023 - 2026),,,https://all.rugby/player/tom-dodd,Worcester Warriors (2017 - 2022) -> Coventry Rugby (2022 - 2022) -> Worcester Warriors (2023 - 2023) -> Coventry Rugby (2023 - 2023) -> Edimbourg Rugby (2023 - 2026)
Ben VELLACOTT,Ben VELLACOTT,SH,Edimbourg,167,80,1995.03.28,,,,,A,https://all.rugby/player/ben-vellacott,Gloucester Rugby (2016 - 2019) -> Wasps (2019 - 2021) -> Edimbourg Rugby (2021 - 2026),England,England,https://all.rugby/player/ben-vellacott,Gloucester Rugby (2016 - 2019) -> Wasps (2019 - 2021) -> Edimbourg Rugby (2021 - 2026)
Charlie SHIEL,Charlie SHIEL,SH,Edimbourg,178,83,1997.12.03,,,,,A,https://all.rugby/player/charlie-shiel,Edimbourg Rugby (2017 - 2026),,,https://all.rugby/player/charlie-shiel,Edimbourg Rugby (2017 - 2026)
Conor MCALPINE,Conor MCALPINE,SH,Edimbourg,174,82,2004..,,,,,A,https://all.rugby/player/conor-mcalpine,Watsonian Rugby Club (2023 - 2024) -> Edimbourg Rugby (2024 - 2026),,,https://all.rugby/player/conor-mcalpine,Watsonian Rugby Club (2023 - 2024) -> Edimbourg Rugby (2024 - 2026)
Ben HEALY,Ben HEALY,SO,Edimbourg,191,100,1999.06.29,,,,,A,https://all.rugby/player/ben-healy,Munster Rugby (2019 - 2023) -> Edimbourg Rugby (2023 - 2026),Ireland,Ireland,https://all.rugby/player/ben-healy,Munster Rugby (2019 - 2023) -> Edimbourg Rugby (2023 - 2026)
Cammy SCOTT,Cammy SCOTT,SO,Edimbourg,181,83,2001.09.08,,,,,A,https://all.rugby/player/cameron-scott,Boroughmuir RFC (2020 - 2021) -> Southern Knights (2021 - 2022) -> London Scottish (2022 - 2022) -> Edimbourg Rugby (2022 - 2022) -> London Scottish (2023 - 2023) -> Edimbourg Rugby (2023 - 2026),,,https://all.rugby/player/cameron-scott,Boroughmuir RFC (2020 - 2021) -> Southern Knights (2021 - 2022) -> London Scottish (2022 - 2022) -> Edimbourg Rugby (2022 - 2022) -> London Scottish (2023 - 2023) -> Edimbourg Rugby (2023 - 2026)
James LANG,James LANG,SO,Edimbourg,183,95,1995.04.04,,,,,A,https://all.rugby/player/james-lang,Harlequins (2016 - 2021) -> Edimbourg Rugby (2021 - 2026),England,England,https://all.rugby/player/james-lang,Harlequins (2016 - 2021) -> Edimbourg Rugby (2021 - 2026)
Ross THOMPSON,Ross THOMPSON,SO,Edimbourg,183,86,1999.04.10,,,,,A,https://all.rugby/player/ross-thompson,Glasgow Warriors (2020 - 2024) -> Edimbourg Rugby (2024 - 2026),,,https://all.rugby/player/ross-thompson,Glasgow Warriors (2020 - 2024) -> Edimbourg Rugby (2024 - 2026)
Charlie MCCAIG,Charlie MCCAIG,CTB,Edimbourg,191,94,2003.01.24,,,,,A,https://all.rugby/player/charlie-mccaig,Exeter Chiefs (2022 - 2024) -> Cornish Pirates (2024 - 2024) -> Exeter Chiefs (2025 - 2025) -> Cornish Pirates (2025 - 2025) -> Edimbourg Rugby (2025 - 2026),,,https://all.rugby/player/charlie-mccaig,Exeter Chiefs (2022 - 2024) -> Cornish Pirates (2024 - 2024) -> Exeter Chiefs (2025 - 2025) -> Cornish Pirates (2025 - 2025) -> Edimbourg Rugby (2025 - 2026)
Kienan HIGGINS,Kienan HIGGINS,CTB,Edimbourg,189,97,2000.01.25,,,,,A,https://all.rugby/player/kienan-higgins,Hawke's Bay Magpies (2020 - 2025) -> Edimbourg Rugby (2025 - 2026),,,https://all.rugby/player/kienan-higgins,Hawke's Bay Magpies (2020 - 2025) -> Edimbourg Rugby (2025 - 2026)
Matt CURRIE,Matt CURRIE,CTB,Edimbourg,191,95,2001.02.22,,,,,A,https://all.rugby/player/matthew-currie,Edimbourg Rugby (2020 - 2026),Scotland,Scotland,https://all.rugby/player/matthew-currie,Edimbourg Rugby (2020 - 2026)
Mosese TUIPULOTU,Mosese TUIPULOTU,CTB,Edimbourg,182,102,2001.05.05,,,,,A,https://all.rugby/player/mosese-tuipulotu,Eastern Suburbs RFC (2020 - 2022) -> New South Wales Waratahs (2022 - 2024) -> Edimbourg Rugby (2024 - 2026),,,https://all.rugby/player/mosese-tuipulotu,Eastern Suburbs RFC (2020 - 2022) -> New South Wales Waratahs (2022 - 2024) -> Edimbourg Rugby (2024 - 2026)
Piers O'CONOR,Piers O'CONOR,CTB,Edimbourg,188,102,1995.08.28,,,,,A,https://all.rugby/player/piers-o-conor,Wasps (2016 - 2017) -> Bristol Bears (2018 - 2024) -> Connacht Rugby (2024 - 2025) -> Edimbourg Rugby (2025 - 2026),,,https://all.rugby/player/piers-o-conor,Wasps (2016 - 2017) -> Bristol Bears (2018 - 2024) -> Connacht Rugby (2024 - 2025) -> Edimbourg Rugby (2025 - 2026)
Wes GOOSEN,Wes GOOSEN,CTB,Edimbourg,180,92,1995.10.20,,,,,A,https://all.rugby/player/wes-goosen,Hurricanes (2015 - 2019) -> Wellington Lions (2019 - 2019) -> Hurricanes (2020 - 2020) -> Wellington Lions (2020 - 2020) -> Hurricanes (2020 - 2020) -> Wellington Lions (2020 - 2020) -> Hurricanes (2021 - 2021) -> Wellington Lions (2021 - 2021) -> Hurricanes (2021 - 2022) -> Edimbourg Rugby (2022 - 2026),,,https://all.rugby/player/wes-goosen,Hurricanes (2015 - 2019) -> Wellington Lions (2019 - 2019) -> Hurricanes (2020 - 2020) -> Wellington Lions (2020 - 2020) -> Hurricanes (2020 - 2020) -> Wellington Lions (2020 - 2020) -> Hurricanes (2021 - 2021) -> Wellington Lions (2021 - 2021) -> Hurricanes (2021 - 2022) -> Edimbourg Rugby (2022 - 2026)
Darcy GRAHAM,Darcy GRAHAM,Winger,Edimbourg,177,85,1997.06.21,,,,,A,https://all.rugby/player/darcy-graham,Edimbourg Rugby (2017 - 2026),Scotland,Scotland,https://all.rugby/player/darcy-graham,Edimbourg Rugby (2017 - 2026)
Duhan VAN DER MERWE,Duhan VAN DER MERWE,Winger,Edimbourg,193,106,1995.06.04,,,,,A,https://all.rugby/player/duhan-van-der-merwe,Bulls (2015 - 2016) -> Montpellier Hérault Rugby (2016 - 2017) -> Edimbourg Rugby (2017 - 2021) -> Worcester Warriors (2021 - 2022) -> Edimbourg Rugby (2022 - 2022) -> Worcester Warriors (2023 - 2023) -> Edimbourg Rugby (2023 - 2026),South Africa,South Africa,https://all.rugby/player/duhan-van-der-merwe,Bulls (2015 - 2016) -> Montpellier Hérault Rugby (2016 - 2017) -> Edimbourg Rugby (2017 - 2021) -> Worcester Warriors (2021 - 2022) -> Edimbourg Rugby (2022 - 2022) -> Worcester Warriors (2023 - 2023) -> Edimbourg Rugby (2023 - 2026)
Malelili SATALA,Malelili SATALA,Winger,Edimbourg,184,90,2004..,,,,,A,https://all.rugby/player/malelili-satala,Leicester Tigers (2023 - 2024) -> Nottingham Rugby (2024 - 2024) -> Leicester Tigers (2025 - 2025) -> Nottingham Rugby (2025 - 2025) -> Edimbourg Rugby (2025 - 2026),,,https://all.rugby/player/malelili-satala,Leicester Tigers (2023 - 2024) -> Nottingham Rugby (2024 - 2024) -> Leicester Tigers (2025 - 2025) -> Nottingham Rugby (2025 - 2025) -> Edimbourg Rugby (2025 - 2026)
Ross MCCANN,Ross MCCANN,Winger,Edimbourg,181,91,1997.10.30,,,,,A,https://all.rugby/player/ross-mccann-,Grande-Bretagne 7's (2022 - 2023) -> Edimbourg Rugby (2023 - 2023) -> Grande-Bretagne 7's (2023 - 2023) -> Edimbourg Rugby (2024 - 2024) -> Grande-Bretagne 7's (2024 - 2024) -> Edimbourg Rugby (2024 - 2026),,,https://all.rugby/player/ross-mccann-,Grande-Bretagne 7's (2022 - 2023) -> Edimbourg Rugby (2023 - 2023) -> Grande-Bretagne 7's (2023 - 2023) -> Edimbourg Rugby (2024 - 2024) -> Grande-Bretagne 7's (2024 - 2024) -> Edimbourg Rugby (2024 - 2026)
Harry PATERSON,Harry PATERSON,FB,Edimbourg,191,93,2001.06.28,,,,,A,https://all.rugby/player/harry-paterson,Edimbourg Rugby (2020 - 2026),,,https://all.rugby/player/harry-paterson,Edimbourg Rugby (2020 - 2026)
Jack BROWN,Jack BROWN,FB,Edimbourg,188,94,2005..,,,,,A,https://all.rugby/player/jack-brown,Watsonian Rugby Club (2022 - 2023) -> Edimbourg Rugby (2023 - 2026),,,https://all.rugby/player/jack-brown,Watsonian Rugby Club (2022 - 2023) -> Edimbourg Rugby (2023 - 2026)
Matt DAVIDSON,Matt DAVIDSON,FB,Edimbourg,190,87,1999.11.06,,,,,A,https://all.rugby/player/matt-davidson,Grande-Bretagne 7's (2022 - 2025) -> Edimbourg Rugby (2025 - 2026),,,https://all.rugby/player/matt-davidson,Grande-Bretagne 7's (2022 - 2025) -> Edimbourg Rugby (2025 - 2026)
Ben WHITE,Ben WHITE,PR,Edimbourg,182,110,2005..,,,,,A,https://all.rugby/player/ben-white-,Melrose RFC (2023 - 2025) -> Edimbourg Rugby (2025 - 2026),,,https://all.rugby/player/ben-white-,Melrose RFC (2023 - 2025) -> Edimbourg Rugby (2025 - 2026)
Jamie STEWART,Jamie STEWART,PR,Edimbourg,194,130,2006..,,,,,A,https://all.rugby/player/jamie-stewart,Exeter Chiefs (2023 - 2024) -> Edimbourg Rugby (2024 - 2026),,,https://all.rugby/player/jamie-stewart,Exeter Chiefs (2023 - 2024) -> Edimbourg Rugby (2024 - 2026)
Ollie BLYTH-LAFFERTY,Ollie BLYTH-LAFFERTY,PR,Edimbourg,193,136,2006..,,,,,A,https://all.rugby/player/ollie-blyth-lafferty,Boroughmuir RFC (2022 - 2023) -> Edimbourg Rugby (2023 - 2026),,,https://all.rugby/player/ollie-blyth-lafferty,Boroughmuir RFC (2022 - 2023) -> Edimbourg Rugby (2023 - 2026)
Jack UTTERSON,Jack UTTERSON,HO,Edimbourg,,,2007..,,,,,A,https://all.rugby/player/jack-utterson,Kelso RFC (2024 - 2025) -> Edimbourg Rugby (2025 - 2026),,,https://all.rugby/player/jack-utterson,Kelso RFC (2024 - 2025) -> Edimbourg Rugby (2025 - 2026)
Jerry BLYTH-LAFFERTY,Jerry BLYTH-LAFFERTY,HO,Edimbourg,178,99,2004.02.06,,,,,A,https://all.rugby/player/jerry-blyth-lafferty,Boroughmuir RFC (2022 - 2023) -> Edimbourg Rugby (2023 - 2026),,,https://all.rugby/player/jerry-blyth-lafferty,Boroughmuir RFC (2022 - 2023) -> Edimbourg Rugby (2023 - 2026)
Christian LINDSAY,Christian LINDSAY,LO,Edimbourg,200,121,2007..,,,,,A,https://all.rugby/player/christian-lindsay,Loretto High School (2023 - 2024) -> Edimbourg Rugby (2024 - 2026),,,https://all.rugby/player/christian-lindsay,Loretto High School (2023 - 2024) -> Edimbourg Rugby (2024 - 2026)
Euan MCVIE,Euan MCVIE,LO,Edimbourg,197,118,2004..,,,,,A,https://all.rugby/player/euan-mcvie,Edinburgh Accies (2022 - 2023) -> Edimbourg Rugby (2023 - 2024) -> Doncaster Knights (2024 - 2024) -> Edimbourg Rugby (2025 - 2025) -> Doncaster Knights (2025 - 2025) -> Edimbourg Rugby (2025 - 2026),,,https://all.rugby/player/euan-mcvie,Edinburgh Accies (2022 - 2023) -> Edimbourg Rugby (2023 - 2024) -> Doncaster Knights (2024 - 2024) -> Edimbourg Rugby (2025 - 2025) -> Doncaster Knights (2025 - 2025) -> Edimbourg Rugby (2025 - 2026)
Mac RUTHERFORD,Mac RUTHERFORD,LO,Edimbourg,,,,,,,,A,https://all.rugby/player/mac-rutherford,Gala Rugby (2023 - 2024) -> Edimbourg Rugby (2024 - 2026),,,https://all.rugby/player/mac-rutherford,Gala Rugby (2023 - 2024) -> Edimbourg Rugby (2024 - 2026)
Sam BYRD,Sam BYRD,LO,Edimbourg,198,113,2006..,,,,,A,https://all.rugby/player/sam-byrd,Leicester Tigers (2023 - 2025) -> Edimbourg Rugby (2025 - 2026),,,https://all.rugby/player/sam-byrd,Leicester Tigers (2023 - 2025) -> Edimbourg Rugby (2025 - 2026)
Ollie DUNCAN,Ollie DUNCAN,Back row,Edimbourg,191,106,2005..,,,,,A,https://all.rugby/player/ollie-duncan,Edimbourg Rugby (2023 - 2026),,,https://all.rugby/player/ollie-duncan,Edimbourg Rugby (2023 - 2026)
Hamish MACARTHUR,Hamish MACARTHUR,SH,Edimbourg,,,,,,,,A,https://all.rugby/player/hamish-macarthur,Merchiston Castle School (2023 - 2024) -> Edimbourg Rugby (2024 - 2026),,,https://all.rugby/player/hamish-macarthur,Merchiston Castle School (2023 - 2024) -> Edimbourg Rugby (2024 - 2026)
Hector PATTERSON,Hector PATTERSON,SH,Edimbourg,182,87,2005..,,,,,A,https://all.rugby/player/hector-patterson,Watsonian Rugby Club (2022 - 2023) -> Edimbourg Rugby (2023 - 2026),,,https://all.rugby/player/hector-patterson,Watsonian Rugby Club (2022 - 2023) -> Edimbourg Rugby (2023 - 2026)
Isaac COATES,Isaac COATES,SO,Edimbourg,175,84,2005..,,,,,A,https://all.rugby/player/isaac-coates,Edimbourg Rugby (2023 - 2026),,,https://all.rugby/player/isaac-coates,Edimbourg Rugby (2023 - 2026)
Ross WOLFENDEN,Ross WOLFENDEN,SO,Edimbourg,194,102,2006..,,,,,A,https://all.rugby/player/ross-wolfenden,Peebles RFC (2023 - 2024) -> Edimbourg Rugby (2024 - 2026),,,https://all.rugby/player/ross-wolfenden,Peebles RFC (2023 - 2024) -> Edimbourg Rugby (2024 - 2026)
Findlay THOMSON,Findlay THOMSON,CTB,Edimbourg,190,97,2004..,,,,,A,https://all.rugby/player/findlay-thomson,Watsonian Rugby Club (2022 - 2024) -> Edimbourg Rugby (2024 - 2026),,,https://all.rugby/player/findlay-thomson,Watsonian Rugby Club (2022 - 2024) -> Edimbourg Rugby (2024 - 2026)
Henry KESTERTON,Henry KESTERTON,CTB,Edimbourg,,,,,,,,A,https://all.rugby/player/henry-kesterton,Heriot's Rugby Club (2024 - 2025) -> Edimbourg Rugby (2025 - 2026),,,https://all.rugby/player/henry-kesterton,Heriot's Rugby Club (2024 - 2025) -> Edimbourg Rugby (2025 - 2026)
Sam LEWENI,Sam LEWENI,CTB,Edimbourg,,,,,,,,A,https://all.rugby/player/sam-leweni,Watsonian Rugby Club (2023 - 2024) -> Edimbourg Rugby (2024 - 2026),,,https://all.rugby/player/sam-leweni,Watsonian Rugby Club (2023 - 2024) -> Edimbourg Rugby (2024 - 2026)
Lewis WELLS,Lewis WELLS,Winger,Edimbourg,,,2002.11.20,,,,,A,https://all.rugby/player/lewis-wells,Linlithgow RFC (2023 - 2024) -> Edimbourg Rugby (2024 - 2026),,,https://all.rugby/player/lewis-wells,Linlithgow RFC (2023 - 2024) -> Edimbourg Rugby (2024 - 2026)
Nairn MONCRIEFF,Nairn MONCRIEFF,Winger,Edimbourg,178,89,2006..,,,,,A,https://all.rugby/player/nairn-moncrieff,Gala Rugby (2023 - 2024) -> Edimbourg Rugby (2024 - 2026),,,https://all.rugby/player/nairn-moncrieff,Gala Rugby (2023 - 2024) -> Edimbourg Rugby (2024 - 2026)
Ross MCKNIGHT,Ross MCKNIGHT,Winger,Edimbourg,195,108,2002.04.03,,,,,A,https://all.rugby/player/ross-mcknight,Stirling County RFC (2020 - 2021) -> Glasgow Warriors (2021 - 2023) -> Stirling Wolves (2023 - 2024) -> Stirling County RFC (2024 - 2024) -> Edimbourg Rugby (2024 - 2024) -> Stirling County RFC (2025 - 2025) -> Edimbourg Rugby (2025 - 2026),,,https://all.rugby/player/ross-mcknight,Stirling County RFC (2020 - 2021) -> Glasgow Warriors (2021 - 2023) -> Stirling Wolves (2023 - 2024) -> Stirling County RFC (2024 - 2024) -> Edimbourg Rugby (2024 - 2024) -> Stirling County RFC (2025 - 2025) -> Edimbourg Rugby (2025 - 2026)
Finlay DOYLE,Finlay DOYLE,FB,Edimbourg,191,101,2004..,,,,,A,https://all.rugby/player/finlay-doyle,Loughborough University (2023 - 2025) -> Edimbourg Rugby (2025 - 2026),,,https://all.rugby/player/finlay-doyle,Loughborough University (2023 - 2025) -> Edimbourg Rugby (2025 - 2026)
Henry WIDDOWSON,Henry WIDDOWSON,FB,Edimbourg,188,90,2007..,,,,,A,https://all.rugby/player/henry-widdowson,Merchiston Castle School (2024 - 2025) -> Edimbourg Rugby (2025 - 2026),,,https://all.rugby/player/henry-widdowson,Merchiston Castle School (2024 - 2025) -> Edimbourg Rugby (2025 - 2026)
Rory MCHAFFIE,Rory MCHAFFIE,FB,Edimbourg,185,96,2007..,,,,,A,https://all.rugby/player/rory-mchaffie,Peebles RFC (2023 - 2025) -> Edimbourg Rugby (2025 - 2026),,,https://all.rugby/player/rory-mchaffie,Peebles RFC (2023 - 2025) -> Edimbourg Rugby (2025 - 2026)
Denis BUCKLEY,Denis BUCKLEY,PR,Connacht,177,110,1990.08.09,,,,,A,https://all.rugby/player/denis-buckley,Connacht Rugby (2013 - 2026),,,https://all.rugby/player/denis-buckley,Connacht Rugby (2013 - 2026)
Finlay BEALHAM,Finlay BEALHAM,PR,Connacht,189,123,1991.10.09,,,,,A,https://all.rugby/player/finlay-bealham,Connacht Rugby (2013 - 2026),Australia,Australia,https://all.rugby/player/finlay-bealham,Connacht Rugby (2013 - 2026)
Jack AUNGIER,Jack AUNGIER,PR,Connacht,188,120,1998.11.20,,,,,A,https://all.rugby/player/jack-aungier,Leinster Rugby (2017 - 2019) -> Connacht Rugby (2019 - 2019) -> Leinster Rugby (2020 - 2020) -> Connacht Rugby (2020 - 2026),Ireland,Ireland,https://all.rugby/player/jack-aungier,Leinster Rugby (2017 - 2019) -> Connacht Rugby (2019 - 2019) -> Leinster Rugby (2020 - 2020) -> Connacht Rugby (2020 - 2026)
Jordan DUGGAN,Jordan DUGGAN,PR,Connacht,185,114,1998.01.07,,,,,A,https://all.rugby/player/jordan-duggan,Connacht Rugby (2019 - 2026),,,https://all.rugby/player/jordan-duggan,Connacht Rugby (2019 - 2026)
Peter DOOLEY,Peter DOOLEY,PR,Connacht,183,116,1994.08.04,,,,,A,https://all.rugby/player/peter-dooley,Leinster Rugby (2014 - 2022) -> Connacht Rugby (2022 - 2026),,,https://all.rugby/player/peter-dooley,Leinster Rugby (2014 - 2022) -> Connacht Rugby (2022 - 2026)
Sam ILLO,Sam ILLO,PR,Connacht,185,121,2001.02.16,,,,,A,https://all.rugby/player/sam-illo,Leinster Rugby (2020 - 2021) -> Connacht Rugby (2021 - 2026),,,https://all.rugby/player/sam-illo,Leinster Rugby (2020 - 2021) -> Connacht Rugby (2021 - 2026)
Temi LASISI,Temi LASISI,PR,Connacht,183,125,2001.05.09,,,,,A,https://all.rugby/player/temi-lasisi,Leinster Rugby (2020 - 2024) -> Connacht Rugby (2024 - 2026),,,https://all.rugby/player/temi-lasisi,Leinster Rugby (2020 - 2024) -> Connacht Rugby (2024 - 2026)
Dave HEFFERNAN,Dave HEFFERNAN,HO,Connacht,187,111,1991.01.31,,,,,A,https://all.rugby/player/david-heffernan,Connacht Rugby (2013 - 2026),Ireland,Ireland,https://all.rugby/player/david-heffernan,Connacht Rugby (2013 - 2026)
Dylan TIERNEY-MARTIN,Dylan TIERNEY-MARTIN,HO,Connacht,182,101,1999.06.20,,,,,A,https://all.rugby/player/dylan-tierney-martin,Connacht Rugby (2020 - 2026),,,https://all.rugby/player/dylan-tierney-martin,Connacht Rugby (2020 - 2026)
Eoin DE BUITLÉAR,Eoin DE BUITLÉAR,HO,Connacht,175,104,2001.11.09,,,,,A,https://all.rugby/player/eoin-de-buitlear,Connacht Rugby (2020 - 2026),,,https://all.rugby/player/eoin-de-buitlear,Connacht Rugby (2020 - 2026)
Darragh MURRAY,Darragh MURRAY,LO,Connacht,200,115,2001.07.04,,,,,A,https://all.rugby/player/darragh-murray,Connacht Rugby (2020 - 2026),,,https://all.rugby/player/darragh-murray,Connacht Rugby (2020 - 2026)
David O'CONNOR,David O'CONNOR,LO,Connacht,193,110,1995.05.19,,,,,A,https://all.rugby/player/david-o-connor,Ulster Rugby (2019 - 2022) -> Ealing Trailfinders (2022 - 2024) -> Connacht Rugby (2024 - 2026),,,https://all.rugby/player/david-o-connor,Ulster Rugby (2019 - 2022) -> Ealing Trailfinders (2022 - 2024) -> Connacht Rugby (2024 - 2026)
Joe JOYCE,Joe JOYCE,LO,Connacht,196,119,1994.02.07,,,,,A,https://all.rugby/player/joe-joyce,Bristol Bears (2016 - 2023) -> Connacht Rugby (2023 - 2026),,,https://all.rugby/player/joe-joyce,Bristol Bears (2016 - 2023) -> Connacht Rugby (2023 - 2026)
Josh MURPHY,Josh MURPHY,LO,Connacht,198,110,1995.02.17,,,,,A,https://all.rugby/player/josh-murphy,Leinster Rugby (2017 - 2022) -> Connacht Rugby (2022 - 2023) -> sans club (2023 - 2024) -> Connacht Rugby (2024 - 2026),,,https://all.rugby/player/josh-murphy,Leinster Rugby (2017 - 2022) -> Connacht Rugby (2022 - 2023) -> sans club (2023 - 2024) -> Connacht Rugby (2024 - 2026)
Niall MURRAY,Niall MURRAY,LO,Connacht,200,111,1999.10.13,,,,,A,https://all.rugby/player/niall-murray,Connacht Rugby (2018 - 2026),,,https://all.rugby/player/niall-murray,Connacht Rugby (2018 - 2026)
Oisín DOWLING,Oisín DOWLING,LO,Connacht,196,112,1997.06.23,,,,,A,https://all.rugby/player/oisin-dowling,Leinster Rugby (2018 - 2020) -> Connacht Rugby (2020 - 2026),,,https://all.rugby/player/oisin-dowling,Leinster Rugby (2018 - 2020) -> Connacht Rugby (2020 - 2026)
Cian PRENDERGAST,Cian PRENDERGAST,Back row,Connacht,196,115,2000.02.23,,,,,A,https://all.rugby/player/cian-prendergast,Leinster Rugby (2019 - 2020) -> Connacht Rugby (2020 - 2026),Ireland,Ireland,https://all.rugby/player/cian-prendergast,Leinster Rugby (2019 - 2020) -> Connacht Rugby (2020 - 2026)
Oisín MCCORMACK,Oisín MCCORMACK,Back row,Connacht,183,102,2001.02.21,,,,,A,https://all.rugby/player/oisin-mccormack,Connacht Rugby (2020 - 2025) -> Harlequins (2025 - 2025) -> Connacht Rugby (2026 - 2026) -> Harlequins (2026 - 2026),,,https://all.rugby/player/oisin-mccormack,Connacht Rugby (2020 - 2025) -> Harlequins (2025 - 2025) -> Connacht Rugby (2026 - 2026) -> Harlequins (2026 - 2026)
Paul BOYLE,Paul BOYLE,Back row,Connacht,189,112,1997.01.14,,,,,A,https://all.rugby/player/paul-boyle,Connacht Rugby (2017 - 2026),,,https://all.rugby/player/paul-boyle,Connacht Rugby (2017 - 2026)
Seán F. O'BRIEN,Seán F. O'BRIEN,Back row,Connacht,193,105,2000.07.31,,,,,A,https://all.rugby/player/sean-o-brien-2000,Leinster Rugby (2020 - 2020) -> LA Giltinis (2020 - 2020) -> Leinster Rugby (2021 - 2021) -> LA Giltinis (2021 - 2021) -> Leinster Rugby (2021 - 2023) -> Connacht Rugby (2023 - 2026),,,https://all.rugby/player/sean-o-brien-2000,Leinster Rugby (2020 - 2020) -> LA Giltinis (2020 - 2020) -> Leinster Rugby (2021 - 2021) -> LA Giltinis (2021 - 2021) -> Leinster Rugby (2021 - 2023) -> Connacht Rugby (2023 - 2026)
Sean JANSEN,Sean JANSEN,Back row,Connacht,191,118,1999.05.10,,,,,A,https://all.rugby/player/sean-jansen,Otago (2020 - 2021) -> Leicester Tigers (2021 - 2023) -> Connacht Rugby (2023 - 2026),,,https://all.rugby/player/sean-jansen,Otago (2020 - 2021) -> Leicester Tigers (2021 - 2023) -> Connacht Rugby (2023 - 2026)
Shamus HURLEY-LANGTON,Shamus HURLEY-LANGTON,Back row,Connacht,185,108,2000.04.22,,,,,A,https://all.rugby/player/shamus-hurley-langton,Manawatu Turbos (2019 - 2022) -> Connacht Rugby (2022 - 2026),,,https://all.rugby/player/shamus-hurley-langton,Manawatu Turbos (2019 - 2022) -> Connacht Rugby (2022 - 2026)
Ben MURPHY,Ben MURPHY,SH,Connacht,173,80,2001.04.23,,,,,A,https://all.rugby/player/ben-murphy-2001,Leinster Rugby (2020 - 2020) -> Munster Rugby (2020 - 2020) -> Leinster Rugby (2021 - 2021) -> Munster Rugby (2021 - 2021) -> Leinster Rugby (2021 - 2024) -> Connacht Rugby (2024 - 2026),Ireland,Ireland,https://all.rugby/player/ben-murphy-2001,Leinster Rugby (2020 - 2020) -> Munster Rugby (2020 - 2020) -> Leinster Rugby (2021 - 2021) -> Munster Rugby (2021 - 2021) -> Leinster Rugby (2021 - 2024) -> Connacht Rugby (2024 - 2026)
Caolin BLADE,Caolin BLADE,SH,Connacht,170,81,1994.04.29,,,,,A,https://all.rugby/player/caolin-blade,Connacht Rugby (2013 - 2026),Ireland,Ireland,https://all.rugby/player/caolin-blade,Connacht Rugby (2013 - 2026)
Colm REILLY,Colm REILLY,SH,Connacht,178,78,1999.08.09,,,,,A,https://all.rugby/player/colm-reilly,Buccaneers RFC (2019 - 2020) -> Connacht Rugby (2020 - 2026),,,https://all.rugby/player/colm-reilly,Buccaneers RFC (2019 - 2020) -> Connacht Rugby (2020 - 2026)
Matt DEVINE,Matt DEVINE,SH,Connacht,180,84,2002.02.19,,,,,A,https://all.rugby/player/matt-devine,Connacht Rugby (2021 - 2026),,,https://all.rugby/player/matt-devine,Connacht Rugby (2021 - 2026)
Jack CARTY,Jack CARTY,SO,Connacht,183,92,1992.08.31,,,,,A,https://all.rugby/player/jack-carty,Connacht Rugby (2013 - 2026),Ireland,Ireland,https://all.rugby/player/jack-carty,Connacht Rugby (2013 - 2026)
Josh IOANE,Josh IOANE,SO,Connacht,180,92,1995.07.11,,,,,A,https://all.rugby/player/josh-ioane,Highlanders (2017 - 2019) -> Otago (2019 - 2019) -> Highlanders (2020 - 2020) -> Otago (2020 - 2020) -> Highlanders (2020 - 2020) -> Otago (2020 - 2020) -> Highlanders (2021 - 2021) -> Otago (2021 - 2021) -> Chiefs (2021 - 2021) -> Otago (2021 - 2021) -> Chiefs (2022 - 2022) -> Otago (2022 - 2022) -> Chiefs (2022 - 2022) -> Waikato Mooloos (2022 - 2022) -> Chiefs (2023 - 2023) -> Waikato Mooloos (2023 - 2023) -> Chiefs (2023 - 2024) -> Connacht Rugby (2024 - 2026),New Zealand,New Zealand,https://all.rugby/player/josh-ioane,Highlanders (2017 - 2019) -> Otago (2019 - 2019) -> Highlanders (2020 - 2020) -> Otago (2020 - 2020) -> Highlanders (2020 - 2020) -> Otago (2020 - 2020) -> Highlanders (2021 - 2021) -> Otago (2021 - 2021) -> Chiefs (2021 - 2021) -> Otago (2021 - 2021) -> Chiefs (2022 - 2022) -> Otago (2022 - 2022) -> Chiefs (2022 - 2022) -> Waikato Mooloos (2022 - 2022) -> Chiefs (2023 - 2023) -> Waikato Mooloos (2023 - 2023) -> Chiefs (2023 - 2024) -> Connacht Rugby (2024 - 2026)
Bundee AKI,Bundee AKI,CTB,Connacht,178,102,1990.04.07,,,,,A,https://all.rugby/player/bundee-aki,Chiefs (2013 - 2014) -> Connacht Rugby (2014 - 2026),New Zealand,New Zealand,https://all.rugby/player/bundee-aki,Chiefs (2013 - 2014) -> Connacht Rugby (2014 - 2026)
Cathal FORDE,Cathal FORDE,CTB,Connacht,188,95,2001.04.11,,,,,A,https://all.rugby/player/cathal-forde,Connacht Rugby (2020 - 2026),,,https://all.rugby/player/cathal-forde,Connacht Rugby (2020 - 2026)
David HAWKSHAW,David HAWKSHAW,CTB,Connacht,178,89,1999.07.03,,,,,A,https://all.rugby/player/david-hawkshaw,Leinster Rugby (2018 - 2022) -> Connacht Rugby (2022 - 2026),,,https://all.rugby/player/david-hawkshaw,Leinster Rugby (2018 - 2022) -> Connacht Rugby (2022 - 2026)
Hugh GAVIN,Hugh GAVIN,CTB,Connacht,192,103,2004.01.10,,,,,A,https://all.rugby/player/hugh-gavin,Connacht Rugby (2022 - 2026),,,https://all.rugby/player/hugh-gavin,Connacht Rugby (2022 - 2026)
John DEVINE,John DEVINE,CTB,Connacht,186,99,2003.12.26,,,,,A,https://all.rugby/player/john-devine,Connacht Rugby (2022 - 2026),,,https://all.rugby/player/john-devine,Connacht Rugby (2022 - 2026)
Byron RALSTON,Byron RALSTON,Winger,Connacht,184,94,2000.05.03,,,,,A,https://all.rugby/player/byron-ralston,Western Force (2019 - 2022) -> Connacht Rugby (2022 - 2026),,,https://all.rugby/player/byron-ralston,Western Force (2019 - 2022) -> Connacht Rugby (2022 - 2026)
Finn TREACY,Finn TREACY,Winger,Connacht,183,96,2004..,,,,,A,https://all.rugby/player/finn-treacy,Connacht Rugby (2023 - 2026),,,https://all.rugby/player/finn-treacy,Connacht Rugby (2023 - 2026)
Sam GILBERT,Sam GILBERT,Winger,Connacht,189,99,1999.01.21,,,,,A,https://all.rugby/player/sam-gilbert,Canterbury (2018 - 2019) -> Highlanders (2019 - 2020) -> Otago (2020 - 2020) -> Highlanders (2021 - 2021) -> Otago (2021 - 2021) -> Highlanders (2021 - 2021) -> Otago (2021 - 2021) -> Highlanders (2022 - 2022) -> Otago (2022 - 2022) -> Highlanders (2022 - 2022) -> Otago (2022 - 2022) -> Highlanders (2023 - 2023) -> Otago (2023 - 2023) -> Highlanders (2023 - 2023) -> Otago (2023 - 2023) -> Highlanders (2024 - 2024) -> Otago (2024 - 2024) -> Highlanders (2024 - 2024) -> Otago (2024 - 2024) -> Highlanders (2025 - 2025) -> Otago (2025 - 2025) -> Connacht Rugby (2025 - 2026),,,https://all.rugby/player/sam-gilbert,Canterbury (2018 - 2019) -> Highlanders (2019 - 2020) -> Otago (2020 - 2020) -> Highlanders (2021 - 2021) -> Otago (2021 - 2021) -> Highlanders (2021 - 2021) -> Otago (2021 - 2021) -> Highlanders (2022 - 2022) -> Otago (2022 - 2022) -> Highlanders (2022 - 2022) -> Otago (2022 - 2022) -> Highlanders (2023 - 2023) -> Otago (2023 - 2023) -> Highlanders (2023 - 2023) -> Otago (2023 - 2023) -> Highlanders (2024 - 2024) -> Otago (2024 - 2024) -> Highlanders (2024 - 2024) -> Otago (2024 - 2024) -> Highlanders (2025 - 2025) -> Otago (2025 - 2025) -> Connacht Rugby (2025 - 2026)
Shane JENNINGS,Shane JENNINGS,Winger,Connacht,191,96,2001.01.14,,,,,A,https://all.rugby/player/shane-jennings-,Connacht Rugby (2020 - 2026),,,https://all.rugby/player/shane-jennings-,Connacht Rugby (2020 - 2026)
Shayne BOLTON,Shayne BOLTON,Winger,Connacht,188,100,2000.06.29,,,,,A,https://all.rugby/player/shayne-bolton,University of the Free State (2020 - 2021) -> Connacht Rugby (2021 - 2026),,,https://all.rugby/player/shayne-bolton,University of the Free State (2020 - 2021) -> Connacht Rugby (2021 - 2026)
Chay MULLINS,Chay MULLINS,FB,Connacht,193,95,2002.01.23,,,,,A,https://all.rugby/player/chay-mullins,Bristol Bears (2020 - 2022) -> Connacht Rugby (2022 - 2026),,,https://all.rugby/player/chay-mullins,Bristol Bears (2020 - 2022) -> Connacht Rugby (2022 - 2026)
Harry WEST,Harry WEST,FB,Connacht,185,90,2003.04.27,,,,,A,https://all.rugby/player/harry-west,Connacht Rugby (2022 - 2026),,,https://all.rugby/player/harry-west,Connacht Rugby (2022 - 2026)
Mack HANSEN,Mack HANSEN,FB,Connacht,188,89,1998.03.27,,,,,A,https://all.rugby/player/mackenzie-hansen,Brumbies (2018 - 2021) -> Connacht Rugby (2021 - 2026),Australia,Australia,https://all.rugby/player/mackenzie-hansen,Brumbies (2018 - 2021) -> Connacht Rugby (2021 - 2026)
Billy BOHAN,Billy BOHAN,PR,Connacht,191,114,2005..,,,,,A,https://all.rugby/player/billy-bohan,Connacht Rugby (2024 - 2026),,,https://all.rugby/player/billy-bohan,Connacht Rugby (2024 - 2026)
Fiachna BARRETT,Fiachna BARRETT,PR,Connacht,193,123,2003.02.27,,,,,A,https://all.rugby/player/fiachna-barrett,Connacht Rugby (2022 - 2026),,,https://all.rugby/player/fiachna-barrett,Connacht Rugby (2022 - 2026)
Matthew VICTORY,Matthew VICTORY,HO,Connacht,177,100,2003.05.28,,,,,A,https://all.rugby/player/matthew-victory,Connacht Rugby (2023 - 2026),,,https://all.rugby/player/matthew-victory,Connacht Rugby (2023 - 2026)
Mikey YARR,Mikey YARR,HO,Connacht,,,2005..,,,,,A,https://all.rugby/player/mikey-yarr,Lansdowne FC (2023 - 2024) -> University College Dublin (2024 - 2025) -> Connacht Rugby (2025 - 2026),,,https://all.rugby/player/mikey-yarr,Lansdowne FC (2023 - 2024) -> University College Dublin (2024 - 2025) -> Connacht Rugby (2025 - 2026)
David WALSH,David WALSH,LO,Connacht,198,,2005..,,,,,A,https://all.rugby/player/david-walsh,Dublin University FC (2024 - 2025) -> Connacht Rugby (2025 - 2026),,,https://all.rugby/player/david-walsh,Dublin University FC (2024 - 2025) -> Connacht Rugby (2025 - 2026)
Aaron O'BRIEN,Aaron O'BRIEN,Back row,Connacht,,,2005..,,,,,A,https://all.rugby/player/aaron-o-brien,Connacht Rugby (2025 - 2026),,,https://all.rugby/player/aaron-o-brien,Connacht Rugby (2025 - 2026)
Bobby POWER,Bobby POWER,Back row,Connacht,192,106,2005..,,,,,A,https://all.rugby/player/bobby-power,Galwegians RFC (2024 - 2025) -> Connacht Rugby (2025 - 2026),,,https://all.rugby/player/bobby-power,Galwegians RFC (2024 - 2025) -> Connacht Rugby (2025 - 2026)
Diarmaid O'CONNELL,Diarmaid O'CONNELL,Back row,Connacht,,,2006..,,,,,A,https://all.rugby/player/diarmaid-o-connell,Connacht Rugby (2025 - 2026),,,https://all.rugby/player/diarmaid-o-connell,Connacht Rugby (2025 - 2026)
Éanna MCCARTHY,Éanna MCCARTHY,Back row,Connacht,193,112,2005..,,,,,A,https://all.rugby/player/eanna-mccarthy,Connacht Rugby (2024 - 2026),,,https://all.rugby/player/eanna-mccarthy,Connacht Rugby (2024 - 2026)
Max FLYNN,Max FLYNN,Back row,Connacht,,,2004..,,,,,A,https://all.rugby/player/max-flynn,Galway Corinthians RFC (2023 - 2024) -> Connacht Rugby (2024 - 2026),,,https://all.rugby/player/max-flynn,Galway Corinthians RFC (2023 - 2024) -> Connacht Rugby (2024 - 2026)
Albert LINDNER,Albert LINDNER,SH,Connacht,,,2006..,,,,,A,https://all.rugby/player/albert-lindner,Connacht Rugby (2025 - 2026),,,https://all.rugby/player/albert-lindner,Connacht Rugby (2025 - 2026)
Tomás FARTHING,Tomás FARTHING,SH,Connacht,,,2005..,,,,,A,https://all.rugby/player/tomas-farthing,Galway Corinthians RFC (2023 - 2024) -> Connacht Rugby (2024 - 2026),,,https://all.rugby/player/tomas-farthing,Galway Corinthians RFC (2023 - 2024) -> Connacht Rugby (2024 - 2026)
Conor O'SHAUGHNESSY,Conor O'SHAUGHNESSY,SO,Connacht,,,2006..,,,,,A,https://all.rugby/player/conor-o-shaughnessy,Connacht Rugby (2025 - 2026),,,https://all.rugby/player/conor-o-shaughnessy,Connacht Rugby (2025 - 2026)
Seán NAUGHTON,Seán NAUGHTON,SO,Connacht,182,78,2004..,,,,,A,https://all.rugby/player/sean-naughton,Connacht Rugby (2023 - 2026),,,https://all.rugby/player/sean-naughton,Connacht Rugby (2023 - 2026)
Seán WALSH,Seán WALSH,CTB,Connacht,,,2006..,,,,,A,https://all.rugby/player/sean-walsh,Connacht Rugby (2025 - 2026),,,https://all.rugby/player/sean-walsh,Connacht Rugby (2025 - 2026)
Daniel RYAN,Daniel RYAN,Winger,Connacht,,,2006..,,,,,A,https://all.rugby/player/daniel-ryan,Connacht Rugby (2025 - 2026),,,https://all.rugby/player/daniel-ryan,Connacht Rugby (2025 - 2026)
James NICHOLSON,James NICHOLSON,FB,Connacht,192,89,2003.06.09,,,,,A,https://all.rugby/player/james-nicholson,Leinster Rugby (2022 - 2023) -> Connacht Rugby (2023 - 2026),,,https://all.rugby/player/james-nicholson,Leinster Rugby (2022 - 2023) -> Connacht Rugby (2023 - 2026)
Alec HEPBURN,Alec HEPBURN,PR,Scarlets,186,114,1993.03.30,,,,,A,https://all.rugby/player/alec-hepburn,Exeter Chiefs (2014 - 2024) -> Scarlets (2024 - 2026),Australia,Australia,https://all.rugby/player/alec-hepburn,Exeter Chiefs (2014 - 2024) -> Scarlets (2024 - 2026)
Archer HOLZ,Archer HOLZ,PR,Scarlets,189,128,2000.03.01,,,,,A,https://all.rugby/player/archer-holz,Eastern Suburbs RFC (2019 - 2020) -> Brumbies (2020 - 2021) -> New South Wales Waratahs (2021 - 2023) -> Stade Rochelais (2023 - 2023) -> New South Wales Waratahs (2023 - 2023) -> Stade Rochelais (2024 - 2024) -> New South Wales Waratahs (2024 - 2024) -> Scarlets (2024 - 2026),,,https://all.rugby/player/archer-holz,Eastern Suburbs RFC (2019 - 2020) -> Brumbies (2020 - 2021) -> New South Wales Waratahs (2021 - 2023) -> Stade Rochelais (2023 - 2023) -> New South Wales Waratahs (2023 - 2023) -> Stade Rochelais (2024 - 2024) -> New South Wales Waratahs (2024 - 2024) -> Scarlets (2024 - 2026)
Harri O'CONNOR,Harri O'CONNOR,PR,Scarlets,182,118,2000.10.25,,,,,A,https://all.rugby/player/harri-o-connor,Bath Rugby (2018 - 2019) -> Scarlets (2019 - 2026),England,England,https://all.rugby/player/harri-o-connor,Bath Rugby (2018 - 2019) -> Scarlets (2019 - 2026)
Henry THOMAS,Henry THOMAS,PR,Scarlets,188,120,1991.10.30,,,,,A,https://all.rugby/player/henry-thomas,Sale Sharks (2013 - 2014) -> Bath Rugby (2014 - 2021) -> Montpellier Hérault Rugby (2021 - 2023) -> Castres Olympique (2023 - 2023) -> Montpellier Hérault Rugby (2024 - 2024) -> Castres Olympique (2024 - 2024) -> Scarlets (2024 - 2026),England,England,https://all.rugby/player/henry-thomas,Sale Sharks (2013 - 2014) -> Bath Rugby (2014 - 2021) -> Montpellier Hérault Rugby (2021 - 2023) -> Castres Olympique (2023 - 2023) -> Montpellier Hérault Rugby (2024 - 2024) -> Castres Olympique (2024 - 2024) -> Scarlets (2024 - 2026)
Kemsley MATHIAS,Kemsley MATHIAS,PR,Scarlets,185,121,1999.07.29,,,,,A,https://all.rugby/player/kemsley-mathias,Scarlets (2018 - 2026),Wales,Wales,https://all.rugby/player/kemsley-mathias,Scarlets (2018 - 2026)
Sam O'CONNOR,Sam O'CONNOR,PR,Scarlets,185,117,2001.12.11,,,,,A,https://all.rugby/player/sam-o-connor,Scarlets (2021 - 2026),,,https://all.rugby/player/sam-o-connor,Scarlets (2021 - 2026)
Kirby MYHILL,Kirby MYHILL,HO,Scarlets,183,108,1992.02.05,,,,,A,https://all.rugby/player/kirby-myhill,Scarlets (2013 - 2016) -> Cardiff Rugby (2016 - 2023) -> Miami Sharks (2023 - 2025) -> Scarlets (2025 - 2026),,,https://all.rugby/player/kirby-myhill,Scarlets (2013 - 2016) -> Cardiff Rugby (2016 - 2023) -> Miami Sharks (2023 - 2025) -> Scarlets (2025 - 2026)
Marnus VAN DER MERWE,Marnus VAN DER MERWE,HO,Scarlets,186,115,1997.02.17,,,,,A,https://all.rugby/player/marnus-van-der-merwe,Central Cheetahs (2018 - 2020) -> Free State Cheetahs (2020 - 2022) -> Central Cheetahs (2022 - 2023) -> Ospreys (2023 - 2023) -> Central Cheetahs (2023 - 2023) -> Ospreys (2024 - 2024) -> Central Cheetahs (2024 - 2024) -> Scarlets (2024 - 2026),,,https://all.rugby/player/marnus-van-der-merwe,Central Cheetahs (2018 - 2020) -> Free State Cheetahs (2020 - 2022) -> Central Cheetahs (2022 - 2023) -> Ospreys (2023 - 2023) -> Central Cheetahs (2023 - 2023) -> Ospreys (2024 - 2024) -> Central Cheetahs (2024 - 2024) -> Scarlets (2024 - 2026)
Ryan ELIAS,Ryan ELIAS,HO,Scarlets,188,115,1995.01.07,,,,,A,https://all.rugby/player/ryan-elias,Scarlets (2014 - 2026),Wales,Wales,https://all.rugby/player/ryan-elias,Scarlets (2014 - 2026)
Jac PRICE,Jac PRICE,LO,Scarlets,198,115,2000.08.04,,,,,A,https://all.rugby/player/jac-price-2000,Scarlets (2018 - 2026),,,https://all.rugby/player/jac-price-2000,Scarlets (2018 - 2026)
Jake BALL,Jake BALL,LO,Scarlets,200,121,1991.06.21,,,,,A,https://all.rugby/player/jake-ball,Scarlets (2013 - 2021) -> Green Rockets Tokatsu (2021 - 2025) -> Scarlets (2025 - 2026),England,England,https://all.rugby/player/jake-ball,Scarlets (2013 - 2021) -> Green Rockets Tokatsu (2021 - 2025) -> Scarlets (2025 - 2026)
Max DOUGLAS,Max DOUGLAS,LO,Scarlets,200,112,2000.01.01,,,,,A,https://all.rugby/player/max-douglas,Manly Marlins (2018 - 2019) -> New South Wales Waratahs (2019 - 2021) -> Manly Marlins (2021 - 2021) -> New South Wales Waratahs (2022 - 2022) -> Manly Marlins (2022 - 2022) -> Yokohama Canon Eagles (2022 - 2024) -> Scarlets (2024 - 2026),,,https://all.rugby/player/max-douglas,Manly Marlins (2018 - 2019) -> New South Wales Waratahs (2019 - 2021) -> Manly Marlins (2021 - 2021) -> New South Wales Waratahs (2022 - 2022) -> Manly Marlins (2022 - 2022) -> Yokohama Canon Eagles (2022 - 2024) -> Scarlets (2024 - 2026)
Sam LOUSI,Sam LOUSI,LO,Scarlets,198,121,1991.07.20,,,,,A,https://all.rugby/player/sam-lousi,New South Wales Waratahs (2014 - 2016) -> Hurricanes (2016 - 2019) -> Scarlets (2019 - 2026),New Zealand,New Zealand,https://all.rugby/player/sam-lousi,New South Wales Waratahs (2014 - 2016) -> Hurricanes (2016 - 2019) -> Scarlets (2019 - 2026)
Taine PLUMTREE,Taine PLUMTREE,LO,Scarlets,195,108,2000.03.09,,,,,A,https://all.rugby/player/taine-plumtree,Wellington Lions (2019 - 2020) -> Blues (2020 - 2020) -> Wellington Lions (2020 - 2020) -> Blues (2021 - 2021) -> Wellington Lions (2021 - 2021) -> Blues (2021 - 2021) -> Wellington Lions (2021 - 2021) -> Blues (2022 - 2022) -> Wellington Lions (2022 - 2022) -> Blues (2022 - 2023) -> Scarlets (2023 - 2026),New Zealand,New Zealand,https://all.rugby/player/taine-plumtree,Wellington Lions (2019 - 2020) -> Blues (2020 - 2020) -> Wellington Lions (2020 - 2020) -> Blues (2021 - 2021) -> Wellington Lions (2021 - 2021) -> Blues (2021 - 2021) -> Wellington Lions (2021 - 2021) -> Blues (2022 - 2022) -> Wellington Lions (2022 - 2022) -> Blues (2022 - 2023) -> Scarlets (2023 - 2026)
Ben WILLIAMS,Ben WILLIAMS,Back row,Scarlets,188,108,2002.04.23,,,,,A,https://all.rugby/player/ben-williams-14088,Aberavon RFC (2021 - 2022) -> Scarlets (2022 - 2026),,,https://all.rugby/player/ben-williams-14088,Aberavon RFC (2021 - 2022) -> Scarlets (2022 - 2026)
Dan DAVIS,Dan DAVIS,Back row,Scarlets,182,101,1998.09.17,,,,,A,https://all.rugby/player/dan-davis,Scarlets (2017 - 2026),,,https://all.rugby/player/dan-davis,Scarlets (2017 - 2026)
Fletcher ANDERSON,Fletcher ANDERSON,Back row,Scarlets,187,109,2002.12.27,,,,,A,https://all.rugby/player/fletcher-anderson,Tasman Mako (2021 - 2022) -> Crusaders (2022 - 2023) -> Tasman Mako (2023 - 2023) -> Crusaders (2024 - 2024) -> Tasman Mako (2024 - 2024) -> Crusaders (2024 - 2024) -> Tasman Mako (2024 - 2024) -> Crusaders (2025 - 2025) -> Tasman Mako (2025 - 2025) -> Scarlets (2025 - 2026),,,https://all.rugby/player/fletcher-anderson,Tasman Mako (2021 - 2022) -> Crusaders (2022 - 2023) -> Tasman Mako (2023 - 2023) -> Crusaders (2024 - 2024) -> Tasman Mako (2024 - 2024) -> Crusaders (2024 - 2024) -> Tasman Mako (2024 - 2024) -> Crusaders (2025 - 2025) -> Tasman Mako (2025 - 2025) -> Scarlets (2025 - 2026)
Jarrod TAYLOR,Jarrod TAYLOR,Back row,Scarlets,188,100,2001.02.15,,,,,A,https://all.rugby/player/jarrod-taylor,Western Province (2021 - 2023) -> Stormers (2023 - 2023) -> Scarlets (2023 - 2023) -> Stormers (2024 - 2024) -> Scarlets (2024 - 2026),,,https://all.rugby/player/jarrod-taylor,Western Province (2021 - 2023) -> Stormers (2023 - 2023) -> Scarlets (2023 - 2023) -> Stormers (2024 - 2024) -> Scarlets (2024 - 2026)
Josh MACLEOD,Josh MACLEOD,Back row,Scarlets,189,110,1996.10.27,,,,,A,https://all.rugby/player/josh-macleod,Scarlets (2016 - 2026),,,https://all.rugby/player/josh-macleod,Scarlets (2016 - 2026)
Tristan DAVIES,Tristan DAVIES,Back row,Scarlets,193,104,2001.09.30,,,,,A,https://all.rugby/player/tristan-davies,Ospreys (2020 - 2023) -> Central Cheetahs (2023 - 2023) -> Ospreys (2024 - 2024) -> Central Cheetahs (2024 - 2024) -> Ospreys (2024 - 2025) -> Scarlets (2025 - 2026),,,https://all.rugby/player/tristan-davies,Ospreys (2020 - 2023) -> Central Cheetahs (2023 - 2023) -> Ospreys (2024 - 2024) -> Central Cheetahs (2024 - 2024) -> Ospreys (2024 - 2025) -> Scarlets (2025 - 2026)
Archie HUGHES,Archie HUGHES,SH,Scarlets,173,77,2003.02.14,,,,,A,https://all.rugby/player/archie-hughes,Scarlets (2021 - 2026),,,https://all.rugby/player/archie-hughes,Scarlets (2021 - 2026)
Dane BLACKER,Dane BLACKER,SH,Scarlets,178,78,1998.07.06,,,,,A,https://all.rugby/player/dane-blacker,Dragons RFC (2017 - 2017) -> Cardiff Rugby (2017 - 2017) -> Dragons RFC (2018 - 2018) -> Cardiff Rugby (2018 - 2019) -> Scarlets (2019 - 2023) -> Dragons RFC (2023 - 2025) -> Scarlets (2025 - 2026),,,https://all.rugby/player/dane-blacker,Dragons RFC (2017 - 2017) -> Cardiff Rugby (2017 - 2017) -> Dragons RFC (2018 - 2018) -> Cardiff Rugby (2018 - 2019) -> Scarlets (2019 - 2023) -> Dragons RFC (2023 - 2025) -> Scarlets (2025 - 2026)
Gareth DAVIES,Gareth DAVIES,SH,Scarlets,178,88,1990.08.18,,,,,A,https://all.rugby/player/gareth-davies-1990,Scarlets (2013 - 2026),Wales,Wales,https://all.rugby/player/gareth-davies-1990,Scarlets (2013 - 2026)
Billy MCBRYDE,Billy MCBRYDE,SO,Scarlets,177,94,1996.10.24,,,,,A,https://all.rugby/player/billy-mcbryde,Ospreys (2015 - 2017) -> Scarlets (2017 - 2018) -> RGC 1404 (2018 - 2020) -> Doncaster Knights (2020 - 2024) -> RGC 1404 (2024 - 2025) -> Scarlets (2025 - 2025) -> RGC 1404 (2026 - 2026) -> Scarlets (2026 - 2026),,,https://all.rugby/player/billy-mcbryde,Ospreys (2015 - 2017) -> Scarlets (2017 - 2018) -> RGC 1404 (2018 - 2020) -> Doncaster Knights (2020 - 2024) -> RGC 1404 (2024 - 2025) -> Scarlets (2025 - 2025) -> RGC 1404 (2026 - 2026) -> Scarlets (2026 - 2026)
Sam COSTELOW,Sam COSTELOW,SO,Scarlets,175,84,2001.01.10,,,,,A,https://all.rugby/player/sam-costelow,Leicester Tigers (2018 - 2020) -> Scarlets (2020 - 2026),Wales,Wales,https://all.rugby/player/sam-costelow,Leicester Tigers (2018 - 2020) -> Scarlets (2020 - 2026)
Eddie JAMES,Eddie JAMES,CTB,Scarlets,193,104,2002.08.10,,,,,A,https://all.rugby/player/eddie-james,Scarlets (2020 - 2026),,,https://all.rugby/player/eddie-james,Scarlets (2020 - 2026)
Ioan NICHOLAS,Ioan NICHOLAS,CTB,Scarlets,182,92,1998.04.03,,,,,A,https://all.rugby/player/ioan-nicholas,Scarlets (2015 - 2017) -> Benetton Rugby Trévise (2017 - 2017) -> Scarlets (2018 - 2018) -> Benetton Rugby Trévise (2018 - 2018) -> Scarlets (2018 - 2026),,,https://all.rugby/player/ioan-nicholas,Scarlets (2015 - 2017) -> Benetton Rugby Trévise (2017 - 2017) -> Scarlets (2018 - 2018) -> Benetton Rugby Trévise (2018 - 2018) -> Scarlets (2018 - 2026)
Joe HAWKINS,Joe HAWKINS,CTB,Scarlets,183,99,2002.06.11,,,,,A,https://all.rugby/player/joe-hawkins,Ospreys (2019 - 2023) -> Exeter Chiefs (2023 - 2025) -> Scarlets (2025 - 2026),,,https://all.rugby/player/joe-hawkins,Ospreys (2019 - 2023) -> Exeter Chiefs (2023 - 2025) -> Scarlets (2025 - 2026)
Joe ROBERTS,Joe ROBERTS,CTB,Scarlets,182,96,2000.05.10,,,,,A,https://all.rugby/player/joe-roberts,Scarlets (2018 - 2020) -> Ampthill Rugby (2020 - 2020) -> Scarlets (2020 - 2020) -> Ampthill Rugby (2021 - 2021) -> Scarlets (2021 - 2026),Wales,Wales,https://all.rugby/player/joe-roberts,Scarlets (2018 - 2020) -> Ampthill Rugby (2020 - 2020) -> Scarlets (2020 - 2020) -> Ampthill Rugby (2021 - 2021) -> Scarlets (2021 - 2026)
Johnny WILLIAMS,Johnny WILLIAMS,CTB,Scarlets,191,105,1996.10.18,,,,,A,https://all.rugby/player/johnny-williams-1996,London Irish (2015 - 2018) -> Newcastle (2018 - 2019) -> Scarlets (2019 - 2019) -> Newcastle (2020 - 2020) -> Scarlets (2020 - 2026),England,England,https://all.rugby/player/johnny-williams-1996,London Irish (2015 - 2018) -> Newcastle (2018 - 2019) -> Scarlets (2019 - 2019) -> Newcastle (2020 - 2020) -> Scarlets (2020 - 2026)
Macs PAGE,Macs PAGE,CTB,Scarlets,176,88,2004..,,,,,A,https://all.rugby/player/macs-page,Scarlets (2022 - 2026),,,https://all.rugby/player/macs-page,Scarlets (2022 - 2026)
Ellis MEE,Ellis MEE,Winger,Scarlets,193,92,2003.10.06,,,,,A,https://all.rugby/player/ellis-mee,Nottingham Rugby (2023 - 2024) -> Scarlets (2024 - 2026),,,https://all.rugby/player/ellis-mee,Nottingham Rugby (2023 - 2024) -> Scarlets (2024 - 2026)
Tom ROGERS,Tom ROGERS,Winger,Scarlets,185,87,1998.12.17,,,,,A,https://all.rugby/player/tom-rogers,Scarlets (2017 - 2026),Wales,Wales,https://all.rugby/player/tom-rogers,Scarlets (2017 - 2026)
Blair MURRAY,Blair MURRAY,FB,Scarlets,173,83,2001.10.09,,,,,A,https://all.rugby/player/blair-murray,Canterbury (2021 - 2024) -> Scarlets (2024 - 2026),New Zealand,New Zealand,https://all.rugby/player/blair-murray,Canterbury (2021 - 2024) -> Scarlets (2024 - 2026)
Tomi LEWIS,Tomi LEWIS,FB,Scarlets,185,87,1999.01.17,,,,,A,https://all.rugby/player/tomi-lewis,Scarlets (2017 - 2019) -> Ampthill Rugby (2019 - 2020) -> Scarlets (2020 - 2022) -> Jersey Reds (2022 - 2023) -> Scarlets (2023 - 2026),,,https://all.rugby/player/tomi-lewis,Scarlets (2017 - 2019) -> Ampthill Rugby (2019 - 2020) -> Scarlets (2020 - 2022) -> Jersey Reds (2022 - 2023) -> Scarlets (2023 - 2026)
Gabe HAWLEY,Gabe HAWLEY,PR,Scarlets,190,130,,,,,,A,https://all.rugby/player/gabe-hawley,Ealing Trailfinders (2023 - 2024) -> Scarlets (2024 - 2026),,,https://all.rugby/player/gabe-hawley,Ealing Trailfinders (2023 - 2024) -> Scarlets (2024 - 2026)
Hudson NEVIN,Hudson NEVIN,PR,Scarlets,188,113,,,,,,A,https://all.rugby/player/hudson-nevin,Scarlets (2025 - 2026),,,https://all.rugby/player/hudson-nevin,Scarlets (2025 - 2026)
Jac PRITCHARD,Jac PRITCHARD,PR,Scarlets,178,120,2006..,,,,,A,https://all.rugby/player/jac-pritchard,Scarlets (2024 - 2026),,,https://all.rugby/player/jac-pritchard,Scarlets (2024 - 2026)
Josh MORSE,Josh MORSE,PR,Scarlets,180,118,2004..,,,,,A,https://all.rugby/player/josh-morse,Scarlets (2022 - 2026),,,https://all.rugby/player/josh-morse,Scarlets (2022 - 2026)
Tom PHILLIPS,Tom PHILLIPS,PR,Scarlets,,,,,,,,A,https://all.rugby/player/tom-phillips-,Scarlets (2024 - 2026),,,https://all.rugby/player/tom-phillips-,Scarlets (2024 - 2026)
Yestyn COOK,Yestyn COOK,PR,Scarlets,193,133,2006..,,,,,A,https://all.rugby/player/yestyn-cook,Scarlets (2024 - 2026),,,https://all.rugby/player/yestyn-cook,Scarlets (2024 - 2026)
Harry THOMAS,Harry THOMAS,HO,Scarlets,185,108,2005..,,,,,A,https://all.rugby/player/harry-thomas,Scarlets (2023 - 2026),,,https://all.rugby/player/harry-thomas,Scarlets (2023 - 2026)
Isaac YOUNG,Isaac YOUNG,HO,Scarlets,180,105,2004..,,,,,A,https://all.rugby/player/isaac-young,Scarlets (2022 - 2026),,,https://all.rugby/player/isaac-young,Scarlets (2022 - 2026)
Dylan ALFORD,Dylan ALFORD,LO,Scarlets,198,,,,,,,A,https://all.rugby/player/dylan-alford,Scarlets (2024 - 2026),,,https://all.rugby/player/dylan-alford,Scarlets (2024 - 2026)
Harvey CUCKSON,Harvey CUCKSON,LO,Scarlets,200,120,2004.01.16,,,,,A,https://all.rugby/player/harvey-cuckson,Worcester Warriors (2021 - 2022) -> Bath Rugby (2022 - 2022) -> Worcester Warriors (2023 - 2023) -> Bath Rugby (2023 - 2025) -> Worcester Warriors (2025 - 2025) -> Scarlets (2025 - 2025) -> Bath Rugby (2026 - 2026) -> Worcester Warriors (2026 - 2026) -> Scarlets (2026 - 2026),,,https://all.rugby/player/harvey-cuckson,Worcester Warriors (2021 - 2022) -> Bath Rugby (2022 - 2022) -> Worcester Warriors (2023 - 2023) -> Bath Rugby (2023 - 2025) -> Worcester Warriors (2025 - 2025) -> Scarlets (2025 - 2025) -> Bath Rugby (2026 - 2026) -> Worcester Warriors (2026 - 2026) -> Scarlets (2026 - 2026)
Kai JONES,Kai JONES,LO,Scarlets,,,,,,,,A,https://all.rugby/player/kai-jones,Scarlets (2025 - 2026),,,https://all.rugby/player/kai-jones,Scarlets (2025 - 2026)
Sam WILLIAMS,Sam WILLIAMS,LO,Scarlets,,,,,,,,A,https://all.rugby/player/sam-williams-21689,Scarlets (2025 - 2026),,,https://all.rugby/player/sam-williams-21689,Scarlets (2025 - 2026)
Will EVANS,Will EVANS,LO,Scarlets,198,117,,,,,,A,https://all.rugby/player/will-evans,Scarlets (2024 - 2026),,,https://all.rugby/player/will-evans,Scarlets (2024 - 2026)
Dan GEMINE,Dan GEMINE,Back row,Scarlets,189,107,2005..,,,,,A,https://all.rugby/player/dan-gemine,Ospreys (2023 - 2025) -> Llandovery RFC (2025 - 2025) -> Scarlets (2025 - 2025) -> Llandovery RFC (2026 - 2026) -> Scarlets (2026 - 2026),,,https://all.rugby/player/dan-gemine,Ospreys (2023 - 2025) -> Llandovery RFC (2025 - 2025) -> Scarlets (2025 - 2025) -> Llandovery RFC (2026 - 2026) -> Scarlets (2026 - 2026)
Dom KOSSUTH,Dom KOSSUTH,Back row,Scarlets,188,107,2007..,,,,,A,https://all.rugby/player/dom-kossuth,Scarlets (2025 - 2026),,,https://all.rugby/player/dom-kossuth,Scarlets (2025 - 2026)
Joe DENMAN,Joe DENMAN,Back row,Scarlets,183,87,2006..,,,,,A,https://all.rugby/player/joe-denman,Scarlets (2025 - 2026),,,https://all.rugby/player/joe-denman,Scarlets (2025 - 2026)
Keanu EVANS,Keanu EVANS,Back row,Scarlets,,,2006..,,,,,A,https://all.rugby/player/keanu-evans,Scarlets (2024 - 2026),,,https://all.rugby/player/keanu-evans,Scarlets (2024 - 2026)
Osian WILLIAMS,Osian WILLIAMS,Back row,Scarlets,191,106,2006..,,,,,A,https://all.rugby/player/osian-williams,Scarlets (2025 - 2026),,,https://all.rugby/player/osian-williams,Scarlets (2025 - 2026)
Tiaan SPARROW,Tiaan SPARROW,Back row,Scarlets,,,,,,,,A,https://all.rugby/player/tiaan-sparrow,Scarlets (2024 - 2026),,,https://all.rugby/player/tiaan-sparrow,Scarlets (2024 - 2026)
Rhodri LEWIS,Rhodri LEWIS,SH,Scarlets,175,80,2004..,,,,,A,https://all.rugby/player/rhodri-lewis,Ospreys (2021 - 2024) -> Scarlets (2024 - 2026),,,https://all.rugby/player/rhodri-lewis,Ospreys (2021 - 2024) -> Scarlets (2024 - 2026)
Carwyn LEGGATT-JONES,Carwyn LEGGATT-JONES,SO,Scarlets,170,84,2007..,,,,,A,https://all.rugby/player/carwyn-leggatt-jones,Scarlets (2025 - 2026),,,https://all.rugby/player/carwyn-leggatt-jones,Scarlets (2025 - 2026)
Steff Jac JONES,Steff Jac JONES,SO,Scarlets,175,83,2006..,,,,,A,https://all.rugby/player/steff-jac-jones,Scarlets (2024 - 2026),,,https://all.rugby/player/steff-jac-jones,Scarlets (2024 - 2026)
Elis PRICE,Elis PRICE,CTB,Scarlets,193,89,2005..,,,,,A,https://all.rugby/player/elis-price,Scarlets (2023 - 2026),,,https://all.rugby/player/elis-price,Scarlets (2023 - 2026)
Gabe MCDONALD,Gabe MCDONALD,CTB,Scarlets,190,93,2004..,,,,,A,https://all.rugby/player/gabe-mcdonald,Scarlets (2023 - 2026),,,https://all.rugby/player/gabe-mcdonald,Scarlets (2023 - 2026)
Gryff WATKINS,Gryff WATKINS,CTB,Scarlets,,,,,,,,A,https://all.rugby/player/gryff-watkins,Scarlets (2025 - 2026),,,https://all.rugby/player/gryff-watkins,Scarlets (2025 - 2026)
Callum WOOLLEY,Callum WOOLLEY,Winger,Scarlets,193,,,,,,,A,https://all.rugby/player/callum-woolley,Scarlets (2024 - 2026),,,https://all.rugby/player/callum-woolley,Scarlets (2024 - 2026)
Thomas WILLIAMS,Thomas WILLIAMS,Winger,Scarlets,,,,,,,,A,https://all.rugby/player/thomas-williams,Scarlets (2025 - 2026),,,https://all.rugby/player/thomas-williams,Scarlets (2025 - 2026)
Ioan JONES,Ioan JONES,FB,Scarlets,181,80,2004..,,,,,A,https://all.rugby/player/ioan-jones,Gloucester Rugby (2022 - 2023) -> Hartpury RFC (2023 - 2023) -> Gloucester Rugby (2023 - 2023) -> Hartpury RFC (2024 - 2024) -> Gloucester Rugby (2024 - 2024) -> Hartpury RFC (2024 - 2024) -> Gloucester Rugby (2025 - 2025) -> Hartpury RFC (2025 - 2025) -> Scarlets (2025 - 2026),,,https://all.rugby/player/ioan-jones,Gloucester Rugby (2022 - 2023) -> Hartpury RFC (2023 - 2023) -> Gloucester Rugby (2023 - 2023) -> Hartpury RFC (2024 - 2024) -> Gloucester Rugby (2024 - 2024) -> Hartpury RFC (2024 - 2024) -> Gloucester Rugby (2025 - 2025) -> Hartpury RFC (2025 - 2025) -> Scarlets (2025 - 2026)
Iori BADHAM,Iori BADHAM,FB,Scarlets,183,80,2005..,,,,,A,https://all.rugby/player/iori-badham,Scarlets (2023 - 2026),,,https://all.rugby/player/iori-badham,Scarlets (2023 - 2026)
Jac DAVIES,Jac DAVIES,FB,Scarlets,183,85,2003.09.11,,,,,A,https://all.rugby/player/jac-davies,Scarlets (2022 - 2026),,,https://all.rugby/player/jac-davies,Scarlets (2022 - 2026)
Sion JONES,Sion JONES,FB,Scarlets,,,,,,,,A,https://all.rugby/player/sion-jones,Scarlets (2025 - 2026),,,https://all.rugby/player/sion-jones,Scarlets (2025 - 2026)
Destiny AMINU,Destiny AMINU,PR,Trévise,185,122,2003.10.19,,,,,A,https://all.rugby/player/destiny-aminu,Mogliano Veneto Rugby (2021 - 2022) -> Benetton Rugby Trévise (2022 - 2026),,,https://all.rugby/player/destiny-aminu,Mogliano Veneto Rugby (2021 - 2022) -> Benetton Rugby Trévise (2022 - 2026)
Giosué ZILOCCHI,Giosué ZILOCCHI,PR,Trévise,189,115,1997.01.15,,,,,A,https://all.rugby/player/giosue-zilocchi,Zebre Parma (2018 - 2022) -> London Irish (2022 - 2023) -> Benetton Rugby Trévise (2023 - 2026),Italy,Italy,https://all.rugby/player/giosue-zilocchi,Zebre Parma (2018 - 2022) -> London Irish (2022 - 2023) -> Benetton Rugby Trévise (2023 - 2026)
Ivan NEMER,Ivan NEMER,PR,Trévise,180,117,1998.04.22,,,,,A,https://all.rugby/player/ivan-nemer,Rugby Casale (2019 - 2019) -> Benetton Rugby Trévise (2019 - 2019) -> Rugby Casale (2020 - 2020) -> Benetton Rugby Trévise (2020 - 2026),Argentina,Argentina,https://all.rugby/player/ivan-nemer,Rugby Casale (2019 - 2019) -> Benetton Rugby Trévise (2019 - 2019) -> Rugby Casale (2020 - 2020) -> Benetton Rugby Trévise (2020 - 2026)
Marcos GALLORINI,Marcos GALLORINI,PR,Trévise,190,135,2004..,,,,,A,https://all.rugby/player/marcos-gallorini,Unione Rugby Capitolina (2022 - 2023) -> Benetton Rugby Trévise (2023 - 2025) -> Zebre Parma (2025 - 2025) -> Benetton Rugby Trévise (2026 - 2026) -> Zebre Parma (2026 - 2026),,,https://all.rugby/player/marcos-gallorini,Unione Rugby Capitolina (2022 - 2023) -> Benetton Rugby Trévise (2023 - 2025) -> Zebre Parma (2025 - 2025) -> Benetton Rugby Trévise (2026 - 2026) -> Zebre Parma (2026 - 2026)
Mirco SPAGNOLO,Mirco SPAGNOLO,PR,Trévise,186,110,2001.01.02,,,,,A,https://all.rugby/player/mirco-spagnolo,Petrarca Rugby (2022 - 2023) -> Benetton Rugby Trévise (2023 - 2026),,,https://all.rugby/player/mirco-spagnolo,Petrarca Rugby (2022 - 2023) -> Benetton Rugby Trévise (2023 - 2026)
Nahuel TETAZ CHAPARRO,Nahuel TETAZ CHAPARRO,PR,Trévise,188,121,1989.11.06,,,,,A,https://all.rugby/player/nahuel-tetaz-chaparro,Dragons RFC (2013 - 2014) -> Lyon Olympique Universitaire Rugby (2014 - 2015) -> Jaguares (2015 - 2020) -> Bristol Bears (2020 - 2021) -> Benetton Rugby Trévise (2021 - 2026),Argentina,Argentina,https://all.rugby/player/nahuel-tetaz-chaparro,Dragons RFC (2013 - 2014) -> Lyon Olympique Universitaire Rugby (2014 - 2015) -> Jaguares (2015 - 2020) -> Bristol Bears (2020 - 2021) -> Benetton Rugby Trévise (2021 - 2026)
Simone FERRARI,Simone FERRARI,PR,Trévise,186,120,1994.03.28,,,,,A,https://all.rugby/player/simone-ferrari,Mogliano Veneto Rugby (2013 - 2014) -> Benetton Rugby Trévise (2015 - 2026),Italy,Italy,https://all.rugby/player/simone-ferrari,Mogliano Veneto Rugby (2013 - 2014) -> Benetton Rugby Trévise (2015 - 2026)
Thomas GALLO,Thomas GALLO,PR,Trévise,177,107,1999.04.30,,,,,A,https://all.rugby/player/thomas-gallo,Yacare XV (2019 - 2020) -> Benetton Rugby Trévise (2020 - 2026),Argentina,Argentina,https://all.rugby/player/thomas-gallo,Yacare XV (2019 - 2020) -> Benetton Rugby Trévise (2020 - 2026)
Tiziano PASQUALI,Tiziano PASQUALI,PR,Trévise,185,118,1994.07.14,,,,,A,https://all.rugby/player/tiziano-pasquali,Leicester Tigers (2013 - 2016) -> Benetton Rugby Trévise (2016 - 2026),Italy,Italy,https://all.rugby/player/tiziano-pasquali,Leicester Tigers (2013 - 2016) -> Benetton Rugby Trévise (2016 - 2026)
Bautista BERNASCONI,Bautista BERNASCONI,HO,Trévise,175,114,2001.09.14,,,,,A,https://all.rugby/player/bautista-bernasconi,Jaguares XV (2020 - 2022) -> Benetton Rugby Trévise (2022 - 2026),Argentina,Argentina,https://all.rugby/player/bautista-bernasconi,Jaguares XV (2020 - 2022) -> Benetton Rugby Trévise (2022 - 2026)
Nicholas GASPERINI,Nicholas GASPERINI,HO,Trévise,185,120,2004.01.09,,,,,A,https://all.rugby/player/nicholas-gasperini,Stade Français Paris Rugby (2022 - 2023) -> Zebre Parma (2023 - 2024) -> Mogliano Veneto Rugby (2024 - 2025) -> Benetton Rugby Trévise (2025 - 2026),,,https://all.rugby/player/nicholas-gasperini,Stade Français Paris Rugby (2022 - 2023) -> Zebre Parma (2023 - 2024) -> Mogliano Veneto Rugby (2024 - 2025) -> Benetton Rugby Trévise (2025 - 2026)
Siua MAILE,Siua MAILE,HO,Trévise,181,113,1997.02.18,,,,,A,https://all.rugby/player/siua-maile,Manawatu Turbos (2019 - 2021) -> Hurricanes (2021 - 2021) -> Manawatu Turbos (2021 - 2021) -> Hurricanes (2022 - 2022) -> Manawatu Turbos (2022 - 2022) -> Benetton Rugby Trévise (2022 - 2026),Tonga,Tonga,https://all.rugby/player/siua-maile,Manawatu Turbos (2019 - 2021) -> Hurricanes (2021 - 2021) -> Manawatu Turbos (2021 - 2021) -> Hurricanes (2022 - 2022) -> Manawatu Turbos (2022 - 2022) -> Benetton Rugby Trévise (2022 - 2026)
Eli SNYMAN,Eli SNYMAN,LO,Trévise,200,119,1996.01.25,,,,,A,https://all.rugby/player/eli-snyman,Bulls (2018 - 2019) -> Benetton Rugby Trévise (2019 - 2021) -> Leicester Tigers (2021 - 2023) -> Benetton Rugby Trévise (2023 - 2026),,,https://all.rugby/player/eli-snyman,Bulls (2018 - 2019) -> Benetton Rugby Trévise (2019 - 2021) -> Leicester Tigers (2021 - 2023) -> Benetton Rugby Trévise (2023 - 2026)
Federico RUZZA,Federico RUZZA,LO,Trévise,198,110,1994.08.04,,,,,A,https://all.rugby/player/federico-ruzza,Zebre Parma (2014 - 2017) -> Benetton Rugby Trévise (2017 - 2026),Italy,Italy,https://all.rugby/player/federico-ruzza,Zebre Parma (2014 - 2017) -> Benetton Rugby Trévise (2017 - 2026)
Jadin KINGI,Jadin KINGI,LO,Trévise,198,108,2002.08.19,,,,,A,https://all.rugby/player/jadin-kingi,Counties Manukau Steelers (2021 - 2023) -> Mogliano Veneto Rugby (2023 - 2023) -> Counties Manukau Steelers (2023 - 2023) -> Mogliano Veneto Rugby (2024 - 2024) -> Counties Manukau Steelers (2024 - 2024) -> Benetton Rugby Trévise (2024 - 2024) -> Mogliano Veneto Rugby (2024 - 2024) -> Benetton Rugby Trévise (2025 - 2025) -> Mogliano Veneto Rugby (2025 - 2025) -> Benetton Rugby Trévise (2025 - 2026),,,https://all.rugby/player/jadin-kingi,Counties Manukau Steelers (2021 - 2023) -> Mogliano Veneto Rugby (2023 - 2023) -> Counties Manukau Steelers (2023 - 2023) -> Mogliano Veneto Rugby (2024 - 2024) -> Counties Manukau Steelers (2024 - 2024) -> Benetton Rugby Trévise (2024 - 2024) -> Mogliano Veneto Rugby (2024 - 2024) -> Benetton Rugby Trévise (2025 - 2025) -> Mogliano Veneto Rugby (2025 - 2025) -> Benetton Rugby Trévise (2025 - 2026)
Niccolò CANNONE,Niccolò CANNONE,LO,Trévise,197,121,1998.05.17,,,,,A,https://all.rugby/player/niccolo-cannone,Benetton Rugby Trévise (2018 - 2026),Italy,Italy,https://all.rugby/player/niccolo-cannone,Benetton Rugby Trévise (2018 - 2026)
Riccardo FAVRETTO,Riccardo FAVRETTO,LO,Trévise,200,108,2001.10.18,,,,,A,https://all.rugby/player/riccardo-favretto,Mogliano Veneto Rugby (2019 - 2019) -> Benetton Rugby Trévise (2019 - 2019) -> Mogliano Veneto Rugby (2020 - 2020) -> Benetton Rugby Trévise (2020 - 2026),Italy,Italy,https://all.rugby/player/riccardo-favretto,Mogliano Veneto Rugby (2019 - 2019) -> Benetton Rugby Trévise (2019 - 2019) -> Mogliano Veneto Rugby (2020 - 2020) -> Benetton Rugby Trévise (2020 - 2026)
Scott SCRAFTON,Scott SCRAFTON,LO,Trévise,200,120,1993.04.18,,,,,A,https://all.rugby/player/scott-scrafton,Blues (2015 - 2019) -> Hurricanes (2019 - 2019) -> Auckland (2019 - 2019) -> Hurricanes (2020 - 2020) -> Auckland (2020 - 2020) -> Hurricanes (2020 - 2020) -> Auckland (2020 - 2020) -> Hurricanes (2021 - 2021) -> Auckland (2021 - 2021) -> Hurricanes (2021 - 2022) -> Benetton Rugby Trévise (2022 - 2026),,,https://all.rugby/player/scott-scrafton,Blues (2015 - 2019) -> Hurricanes (2019 - 2019) -> Auckland (2019 - 2019) -> Hurricanes (2020 - 2020) -> Auckland (2020 - 2020) -> Hurricanes (2020 - 2020) -> Auckland (2020 - 2020) -> Hurricanes (2021 - 2021) -> Auckland (2021 - 2021) -> Hurricanes (2021 - 2022) -> Benetton Rugby Trévise (2022 - 2026)
Alessandro IZEKOR,Alessandro IZEKOR,Back row,Trévise,196,110,2000.03.05,,,,,A,https://all.rugby/player/alessandro-izekor,Rugby Calvisano (2019 - 2021) -> Benetton Rugby Trévise (2021 - 2021) -> Rugby Calvisano (2021 - 2021) -> Benetton Rugby Trévise (2022 - 2022) -> Rugby Calvisano (2022 - 2022) -> Benetton Rugby Trévise (2022 - 2026),,,https://all.rugby/player/alessandro-izekor,Rugby Calvisano (2019 - 2021) -> Benetton Rugby Trévise (2021 - 2021) -> Rugby Calvisano (2021 - 2021) -> Benetton Rugby Trévise (2022 - 2022) -> Rugby Calvisano (2022 - 2022) -> Benetton Rugby Trévise (2022 - 2026)
Giulio MARINI,Giulio MARINI,Back row,Trévise,195,105,2002.01.23,,,,,A,https://all.rugby/player/giulio-marini,Mogliano Veneto Rugby (2021 - 2024) -> Benetton Rugby Trévise (2024 - 2026),,,https://all.rugby/player/giulio-marini,Mogliano Veneto Rugby (2021 - 2024) -> Benetton Rugby Trévise (2024 - 2026)
Lorenzo CANNONE,Lorenzo CANNONE,Back row,Trévise,190,106,2001.01.28,,,,,A,https://all.rugby/player/lorenzo-cannone,Petrarca Rugby (2020 - 2021) -> Benetton Rugby Trévise (2021 - 2026),Italy,Italy,https://all.rugby/player/lorenzo-cannone,Petrarca Rugby (2020 - 2021) -> Benetton Rugby Trévise (2021 - 2026)
Manuel ZULIANI,Manuel ZULIANI,Back row,Trévise,188,111,2000.04.26,,,,,A,https://all.rugby/player/manuel-zuliani,Rugby Calvisano (2019 - 2019) -> Benetton Rugby Trévise (2019 - 2019) -> Rugby Calvisano (2020 - 2020) -> Benetton Rugby Trévise (2020 - 2026),Italy,Italy,https://all.rugby/player/manuel-zuliani,Rugby Calvisano (2019 - 2019) -> Benetton Rugby Trévise (2019 - 2019) -> Rugby Calvisano (2020 - 2020) -> Benetton Rugby Trévise (2020 - 2026)
Michele LAMARO,Michele LAMARO,Back row,Trévise,188,103,1998.06.03,,,,,A,https://all.rugby/player/michele-lamaro,Benetton Rugby Trévise (2018 - 2026),Italy,Italy,https://all.rugby/player/michele-lamaro,Benetton Rugby Trévise (2018 - 2026)
Seb NEGRI,Seb NEGRI,Back row,Trévise,194,111,1994.06.30,,,,,A,https://all.rugby/player/seb-negri,Benetton Rugby Trévise (2017 - 2026),Italy,Italy,https://all.rugby/player/seb-negri,Benetton Rugby Trévise (2017 - 2026)
So'otala FA'ASO'O,So'otala FA'ASO'O,Back row,Trévise,196,136,1994.10.02,,,,,A,https://all.rugby/player/so-otala-fa-aso-o,Counties Manukau Steelers (2015 - 2016) -> Racing 92 (2016 - 2018) -> CA Brive Corrèze Limousin (2018 - 2022) -> London Irish (2022 - 2023) -> Union Sportive Arlequins Perpignanais (2023 - 2025) -> Benetton Rugby Trévise (2025 - 2026),,,https://all.rugby/player/so-otala-fa-aso-o,Counties Manukau Steelers (2015 - 2016) -> Racing 92 (2016 - 2018) -> CA Brive Corrèze Limousin (2018 - 2022) -> London Irish (2022 - 2023) -> Union Sportive Arlequins Perpignanais (2023 - 2025) -> Benetton Rugby Trévise (2025 - 2026)
Alessandro GARBISI,Alessandro GARBISI,SH,Trévise,174,88,2002.04.11,,,,,A,https://all.rugby/player/alessandro-garbisi,Mogliano Veneto Rugby (2020 - 2021) -> Benetton Rugby Trévise (2021 - 2026),,,https://all.rugby/player/alessandro-garbisi,Mogliano Veneto Rugby (2020 - 2021) -> Benetton Rugby Trévise (2021 - 2026)
Andy UREN,Andy UREN,SH,Trévise,178,93,1996.02.20,,,,,A,https://all.rugby/player/andy-uren,Bristol Bears (2016 - 2023) -> Benetton Rugby Trévise (2023 - 2026),,,https://all.rugby/player/andy-uren,Bristol Bears (2016 - 2023) -> Benetton Rugby Trévise (2023 - 2026)
Cristiano TIZZANO,Cristiano TIZZANO,SH,Trévise,174,80,2003.08.07,,,,,A,https://all.rugby/player/cristiano-tizzano,Mogliano Veneto Rugby (2024 - 2025) -> Benetton Rugby Trévise (2025 - 2025) -> Mogliano Veneto Rugby (2025 - 2025) -> Benetton Rugby Trévise (2026 - 2026) -> Mogliano Veneto Rugby (2026 - 2026),,,https://all.rugby/player/cristiano-tizzano,Mogliano Veneto Rugby (2024 - 2025) -> Benetton Rugby Trévise (2025 - 2025) -> Mogliano Veneto Rugby (2025 - 2025) -> Benetton Rugby Trévise (2026 - 2026) -> Mogliano Veneto Rugby (2026 - 2026)
Jacob UMAGA,Jacob UMAGA,SO,Trévise,182,91,1998.07.08,,,,,A,https://all.rugby/player/jacob-umaga,Wasps (2017 - 2022) -> Benetton Rugby Trévise (2022 - 2022) -> Wasps (2023 - 2023) -> Benetton Rugby Trévise (2023 - 2026),,,https://all.rugby/player/jacob-umaga,Wasps (2017 - 2022) -> Benetton Rugby Trévise (2022 - 2022) -> Wasps (2023 - 2023) -> Benetton Rugby Trévise (2023 - 2026)
Leonardo MARIN,Leonardo MARIN,SO,Trévise,188,88,2002.02.23,,,,,A,https://all.rugby/player/leonardo-marin,Mogliano Veneto Rugby (2020 - 2021) -> Benetton Rugby Trévise (2021 - 2026),Italy,Italy,https://all.rugby/player/leonardo-marin,Mogliano Veneto Rugby (2020 - 2021) -> Benetton Rugby Trévise (2021 - 2026)
Nicolás ROGER FARIAS,Nicolás ROGER FARIAS,SO,Trévise,177,82,2000.01.11,,,,,A,https://all.rugby/player/nicolas-roger-farias,Cafeteros Pro (2020 - 2021) -> Club Atlético Peñarol (2021 - 2022) -> CUS Torino Rugby (2022 - 2023) -> Selknam (2023 - 2024) -> Tarucas (2024 - 2025) -> Benetton Rugby Trévise (2025 - 2026),Argentina,Argentina,https://all.rugby/player/nicolas-roger-farias,Cafeteros Pro (2020 - 2021) -> Club Atlético Peñarol (2021 - 2022) -> CUS Torino Rugby (2022 - 2023) -> Selknam (2023 - 2024) -> Tarucas (2024 - 2025) -> Benetton Rugby Trévise (2025 - 2026)
Federico ZANANDREA,Federico ZANANDREA,CTB,Trévise,190,103,2005..,,,,,A,https://all.rugby/player/federico-zanandrea,Mogliano Veneto Rugby (2023 - 2024) -> Benetton Rugby Trévise (2024 - 2024) -> Mogliano Veneto Rugby (2024 - 2024) -> Benetton Rugby Trévise (2025 - 2025) -> Mogliano Veneto Rugby (2025 - 2025) -> Benetton Rugby Trévise (2025 - 2026),,,https://all.rugby/player/federico-zanandrea,Mogliano Veneto Rugby (2023 - 2024) -> Benetton Rugby Trévise (2024 - 2024) -> Mogliano Veneto Rugby (2024 - 2024) -> Benetton Rugby Trévise (2025 - 2025) -> Mogliano Veneto Rugby (2025 - 2025) -> Benetton Rugby Trévise (2025 - 2026)
Filippo DRAGO,Filippo DRAGO,CTB,Trévise,186,96,2001.12.24,,,,,A,https://all.rugby/player/filippo-drago,Mogliano Veneto Rugby (2020 - 2021) -> Benetton Rugby Trévise (2021 - 2024) -> Zebre Parma (2024 - 2024) -> Benetton Rugby Trévise (2025 - 2025) -> Zebre Parma (2025 - 2025) -> Benetton Rugby Trévise (2025 - 2026),,,https://all.rugby/player/filippo-drago,Mogliano Veneto Rugby (2020 - 2021) -> Benetton Rugby Trévise (2021 - 2024) -> Zebre Parma (2024 - 2024) -> Benetton Rugby Trévise (2025 - 2025) -> Zebre Parma (2025 - 2025) -> Benetton Rugby Trévise (2025 - 2026)
Malakai FEKITOA,Malakai FEKITOA,CTB,Trévise,187,100,1992.05.10,,,,,A,https://all.rugby/player/malakai-fekitoa,Highlanders (2013 - 2017) -> Rugby Club Toulonnais (2017 - 2019) -> Wasps (2019 - 2022) -> Munster Rugby (2022 - 2023) -> Benetton Rugby Trévise (2023 - 2026),Tonga,Tonga,https://all.rugby/player/malakai-fekitoa,Highlanders (2013 - 2017) -> Rugby Club Toulonnais (2017 - 2019) -> Wasps (2019 - 2022) -> Munster Rugby (2022 - 2023) -> Benetton Rugby Trévise (2023 - 2026)
Tomás MEDINA,Tomás MEDINA,CTB,Trévise,176,94,2004..,,,,,A,https://all.rugby/player/tomas-medina,Cardenales RC (2023 - 2024) -> Tarucas (2024 - 2025) -> Benetton Rugby Trévise (2025 - 2026),,,https://all.rugby/player/tomas-medina,Cardenales RC (2023 - 2024) -> Tarucas (2024 - 2025) -> Benetton Rugby Trévise (2025 - 2026)
Tommaso MENONCELLO,Tommaso MENONCELLO,CTB,Trévise,187,101,2002.08.20,,,,,A,https://all.rugby/player/tommaso-menoncello,Benetton Rugby Trévise (2020 - 2026),Italy,Italy,https://all.rugby/player/tommaso-menoncello,Benetton Rugby Trévise (2020 - 2026)
Ignacio MENDY,Ignacio MENDY,Winger,Trévise,187,90,2000.06.29,,,,,A,https://all.rugby/player/ignacio-mendy,Jaguares (2018 - 2019) -> Los Tilos (2020 - 2021) -> Jaguares XV (2021 - 2021) -> Los Tilos (2021 - 2021) -> Jaguares XV (2022 - 2022) -> Los Tilos (2022 - 2022) -> Benetton Rugby Trévise (2022 - 2026),Argentina,Argentina,https://all.rugby/player/ignacio-mendy,Jaguares (2018 - 2019) -> Los Tilos (2020 - 2021) -> Jaguares XV (2021 - 2021) -> Los Tilos (2021 - 2021) -> Jaguares XV (2022 - 2022) -> Los Tilos (2022 - 2022) -> Benetton Rugby Trévise (2022 - 2026)
Louis LYNAGH,Louis LYNAGH,Winger,Trévise,187,96,2000.12.03,,,,,A,https://all.rugby/player/louis-lynagh,Harlequins (2019 - 2022) -> London Scottish (2022 - 2022) -> Harlequins (2023 - 2023) -> London Scottish (2023 - 2023) -> Harlequins (2023 - 2024) -> Benetton Rugby Trévise (2024 - 2026),Australia,Australia,https://all.rugby/player/louis-lynagh,Harlequins (2019 - 2022) -> London Scottish (2022 - 2022) -> Harlequins (2023 - 2023) -> London Scottish (2023 - 2023) -> Harlequins (2023 - 2024) -> Benetton Rugby Trévise (2024 - 2026)
Onisi RATAVE,Onisi RATAVE,Winger,Trévise,179,100,1992.06.06,,,,,A,https://all.rugby/player/onisi-ratave,Bay of Plenty Steamers (2020 - 2021) -> Fijian Drua (2021 - 2022) -> Benetton Rugby Trévise (2022 - 2026),,,https://all.rugby/player/onisi-ratave,Bay of Plenty Steamers (2020 - 2021) -> Fijian Drua (2021 - 2022) -> Benetton Rugby Trévise (2022 - 2026)
Paolo ODOGWU,Paolo ODOGWU,Winger,Trévise,175,100,1997.02.18,,,,,A,https://all.rugby/player/paulo-odogwu,Leicester Tigers (2015 - 2016) -> Sale Sharks (2016 - 2019) -> Wasps (2019 - 2022) -> Stade Français Paris Rugby (2022 - 2022) -> Wasps (2023 - 2023) -> Stade Français Paris Rugby (2023 - 2023) -> Benetton Rugby Trévise (2023 - 2026),England,England,https://all.rugby/player/paulo-odogwu,Leicester Tigers (2015 - 2016) -> Sale Sharks (2016 - 2019) -> Wasps (2019 - 2022) -> Stade Français Paris Rugby (2022 - 2022) -> Wasps (2023 - 2023) -> Stade Français Paris Rugby (2023 - 2023) -> Benetton Rugby Trévise (2023 - 2026)
Matt GALLAGHER,Matt GALLAGHER,FB,Trévise,185,96,1996.10.26,,,,,A,https://all.rugby/player/matt-gallagher,Saracens (2016 - 2019) -> Munster Rugby (2019 - 2019) -> Saracens (2020 - 2020) -> Munster Rugby (2020 - 2022) -> Bath Rugby (2022 - 2024) -> Benetton Rugby Trévise (2024 - 2026),,,https://all.rugby/player/matt-gallagher,Saracens (2016 - 2019) -> Munster Rugby (2019 - 2019) -> Saracens (2020 - 2020) -> Munster Rugby (2020 - 2022) -> Bath Rugby (2022 - 2024) -> Benetton Rugby Trévise (2024 - 2026)
Rhyno SMITH,Rhyno SMITH,FB,Trévise,173,83,1993.02.11,,,,,A,https://all.rugby/player/rhyno-smith,Sharks (2015 - 2017) -> Central Cheetahs (2018 - 2018) -> Sharks (2018 - 2018) -> Central Cheetahs (2019 - 2019) -> Sharks (2019 - 2019) -> Central Cheetahs (2019 - 2021) -> Benetton Rugby Trévise (2021 - 2026),,,https://all.rugby/player/rhyno-smith,Sharks (2015 - 2017) -> Central Cheetahs (2018 - 2018) -> Sharks (2018 - 2018) -> Central Cheetahs (2019 - 2019) -> Sharks (2019 - 2019) -> Central Cheetahs (2019 - 2021) -> Benetton Rugby Trévise (2021 - 2026)
Henry Tasesa VOLKMAN,Henry Tasesa VOLKMAN,LO,Trévise,200,125,,,,,,A,https://all.rugby/player/henry-tasesa-volkman,Canberra Royals (2024 - 2025) -> Benetton Rugby Trévise (2025 - 2026),,,https://all.rugby/player/henry-tasesa-volkman,Canberra Royals (2024 - 2025) -> Benetton Rugby Trévise (2025 - 2026)
Marco SPREAFICHI,Marco SPREAFICHI,LO,Trévise,196,102,2006..,,,,,A,https://all.rugby/player/marco-spreafichi,Benetton Rugby Trévise (2025 - 2026),,,https://all.rugby/player/marco-spreafichi,Benetton Rugby Trévise (2025 - 2026)
Nelson CASARTELLI,Nelson CASARTELLI,Back row,Trévise,182,100,2005..,,,,,A,https://all.rugby/player/nelson-casartelli,Benetton Rugby Trévise (2023 - 2024) -> Paese Rugby (2024 - 2025) -> Benetton Rugby Trévise (2025 - 2026),,,https://all.rugby/player/nelson-casartelli,Benetton Rugby Trévise (2023 - 2024) -> Paese Rugby (2024 - 2025) -> Benetton Rugby Trévise (2025 - 2026)
Roberto FASTI,Roberto FASTI,SO,Trévise,176,83,2006..,,,,,A,https://all.rugby/player/roberto-fasti,Rugby Casale (2024 - 2025) -> Benetton Rugby Trévise (2025 - 2026),,,https://all.rugby/player/roberto-fasti,Rugby Casale (2024 - 2025) -> Benetton Rugby Trévise (2025 - 2026)
Giovanni MARZOTTO,Giovanni MARZOTTO,Winger,Trévise,193,94,2007..,,,,,A,https://all.rugby/player/giovanni-marzotto,Benetton Rugby Trévise (2025 - 2026),,,https://all.rugby/player/giovanni-marzotto,Benetton Rugby Trévise (2025 - 2026)
Cammy DAWSON,Cammy DAWSON,PR,Sharks,181,116,1999.01.06,,,,,A,https://all.rugby/player/cameron-dawson,Free State Cheetahs (2018 - 2019) -> Southern Kings (2019 - 2020) -> Central Cheetahs (2023 - 2024) -> Free State Cheetahs (2024 - 2025) -> Central Cheetahs (2025 - 2025) -> Sharks (2025 - 2025) -> Central Cheetahs (2026 - 2026) -> Sharks (2026 - 2026),,,https://all.rugby/player/cameron-dawson,Free State Cheetahs (2018 - 2019) -> Southern Kings (2019 - 2020) -> Central Cheetahs (2023 - 2024) -> Free State Cheetahs (2024 - 2025) -> Central Cheetahs (2025 - 2025) -> Sharks (2025 - 2025) -> Central Cheetahs (2026 - 2026) -> Sharks (2026 - 2026)
Cebo DLAMINI,Cebo DLAMINI,PR,Sharks,176,118,2001.11.29,,,,,A,https://all.rugby/player/cebolenkosi-dlamini,Griquas (2022 - 2025) -> Dragons RFC (2025 - 2025) -> Sharks (2025 - 2025) -> Dragons RFC (2026 - 2026) -> Sharks (2026 - 2026),,,https://all.rugby/player/cebolenkosi-dlamini,Griquas (2022 - 2025) -> Dragons RFC (2025 - 2025) -> Sharks (2025 - 2025) -> Dragons RFC (2026 - 2026) -> Sharks (2026 - 2026)
Dian HEUNIS,Dian HEUNIS,PR,Sharks,185,126,2003.05.20,,,,,A,https://all.rugby/player/dian-heunis,Natal Sharks (2022 - 2024) -> Sharks (2024 - 2026),,,https://all.rugby/player/dian-heunis,Natal Sharks (2022 - 2024) -> Sharks (2024 - 2026)
Eduan SWART,Eduan SWART,PR,Sharks,186,115,2000.10.20,,,,,A,https://all.rugby/player/eduan-swart,Pumas (2020 - 2023) -> Scarlets (2023 - 2024) -> Pumas (2024 - 2025) -> Sharks (2025 - 2026),,,https://all.rugby/player/eduan-swart,Pumas (2020 - 2023) -> Scarlets (2023 - 2024) -> Pumas (2024 - 2025) -> Sharks (2025 - 2026)
Hanro JACOBS,Hanro JACOBS,PR,Sharks,185,129,2000.03.14,,,,,A,https://all.rugby/player/hanru-jacobs,Natal Sharks (2020 - 2022) -> Sharks (2022 - 2026),,,https://all.rugby/player/hanru-jacobs,Natal Sharks (2020 - 2022) -> Sharks (2022 - 2026)
Lee-Marvin MAZIBUKO,Lee-Marvin MAZIBUKO,PR,Sharks,182,113,1997.10.12,,,,,A,https://all.rugby/player/lee-marvin-mazibuko,Stormers (2018 - 2019) -> Rugby Viadana 1970 (2019 - 2020) -> Western Province (2020 - 2021) -> Stormers (2021 - 2024) -> Racing 92 (2024 - 2024) -> Natal Sharks (2024 - 2024) -> Racing 92 (2025 - 2025) -> Natal Sharks (2025 - 2025) -> Sharks (2025 - 2026),,,https://all.rugby/player/lee-marvin-mazibuko,Stormers (2018 - 2019) -> Rugby Viadana 1970 (2019 - 2020) -> Western Province (2020 - 2021) -> Stormers (2021 - 2024) -> Racing 92 (2024 - 2024) -> Natal Sharks (2024 - 2024) -> Racing 92 (2025 - 2025) -> Natal Sharks (2025 - 2025) -> Sharks (2025 - 2026)
Mawande MDANDA,Mawande MDANDA,PR,Sharks,189,132,2003.03.09,,,,,A,https://all.rugby/player/mawande-mdanda,Blue Bulls (2022 - 2023) -> Natal Sharks (2023 - 2024) -> Sharks (2024 - 2026),,,https://all.rugby/player/mawande-mdanda,Blue Bulls (2022 - 2023) -> Natal Sharks (2023 - 2024) -> Sharks (2024 - 2026)
Ox NCHÉ,Ox NCHÉ,PR,Sharks,176,123,1995.07.23,,,,,A,https://all.rugby/player/ox-nche,Central Cheetahs (2015 - 2019) -> Sharks (2019 - 2019) -> Central Cheetahs (2020 - 2020) -> Sharks (2020 - 2026),South Africa,South Africa,https://all.rugby/player/ox-nche,Central Cheetahs (2015 - 2019) -> Sharks (2019 - 2019) -> Central Cheetahs (2020 - 2020) -> Sharks (2020 - 2026)
Phatu GANYANE,Phatu GANYANE,PR,Sharks,185,123,2003.01.17,,,,,A,https://all.rugby/player/phatu-ganyane,Natal Sharks (2022 - 2024) -> Sharks (2024 - 2026),,,https://all.rugby/player/phatu-ganyane,Natal Sharks (2022 - 2024) -> Sharks (2024 - 2026)
Ruan DREYER,Ruan DREYER,PR,Sharks,186,115,1990.09.16,,,,,A,https://all.rugby/player/ruan-dreyer,Lions Rugby (2013 - 2018) -> Gloucester Rugby (2018 - 2020) -> Lions Rugby (2020 - 2024) -> Sharks (2024 - 2026),South Africa,South Africa,https://all.rugby/player/ruan-dreyer,Lions Rugby (2013 - 2018) -> Gloucester Rugby (2018 - 2020) -> Lions Rugby (2020 - 2024) -> Sharks (2024 - 2026)
Simphiwe MATANZIMA,Simphiwe MATANZIMA,PR,Sharks,183,121,1997.08.18,,,,,A,https://all.rugby/player/simphiwe-matanzima,Bulls (2017 - 2020) -> Blue Bulls (2020 - 2021) -> Bulls (2021 - 2025) -> Sharks (2025 - 2026),,,https://all.rugby/player/simphiwe-matanzima,Bulls (2017 - 2020) -> Blue Bulls (2020 - 2021) -> Bulls (2021 - 2025) -> Sharks (2025 - 2026)
Simphiwe NGOBESE,Simphiwe NGOBESE,PR,Sharks,183,119,2005..,,,,,A,https://all.rugby/player/simphiwe-ngobese,Natal Sharks (2024 - 2025) -> Sharks (2025 - 2026),,,https://all.rugby/player/simphiwe-ngobese,Natal Sharks (2024 - 2025) -> Sharks (2025 - 2026)
Trevor NYAKANE,Trevor NYAKANE,PR,Sharks,178,122,1989.05.04,,,,,A,https://all.rugby/player/trevor-nyakane,Central Cheetahs (2013 - 2014) -> Bulls (2014 - 2021) -> Racing 92 (2021 - 2024) -> Sharks (2024 - 2026),South Africa,South Africa,https://all.rugby/player/trevor-nyakane,Central Cheetahs (2013 - 2014) -> Bulls (2014 - 2021) -> Racing 92 (2021 - 2024) -> Sharks (2024 - 2026)
Vincent KOCH,Vincent KOCH,PR,Sharks,185,118,1990.03.13,,,,,A,https://all.rugby/player/vincent-koch,Stormers (2014 - 2016) -> Saracens (2016 - 2022) -> Stade Français Paris Rugby (2022 - 2022) -> Wasps (2022 - 2022) -> Stade Français Paris Rugby (2022 - 2023) -> Wasps (2023 - 2023) -> Stade Français Paris Rugby (2023 - 2023) -> Sharks (2023 - 2026),South Africa,South Africa,https://all.rugby/player/vincent-koch,Stormers (2014 - 2016) -> Saracens (2016 - 2022) -> Stade Français Paris Rugby (2022 - 2022) -> Wasps (2022 - 2022) -> Stade Français Paris Rugby (2022 - 2023) -> Wasps (2023 - 2023) -> Stade Français Paris Rugby (2023 - 2023) -> Sharks (2023 - 2026)
Bongi MBONAMBI,Bongi MBONAMBI,HO,Sharks,175,118,1991.01.07,,,,,A,https://all.rugby/player/bongi-mbonambi,Bulls (2013 - 2014) -> Stormers (2014 - 2021) -> Sharks (2021 - 2026),South Africa,South Africa,https://all.rugby/player/bongi-mbonambi,Bulls (2013 - 2014) -> Stormers (2014 - 2021) -> Sharks (2021 - 2026)
Bryce CALVERT,Bryce CALVERT,HO,Sharks,180,107,2003.05.09,,,,,A,https://all.rugby/player/bryce-calvert,Natal Sharks (2022 - 2024) -> Sharks (2024 - 2026),,,https://all.rugby/player/bryce-calvert,Natal Sharks (2022 - 2024) -> Sharks (2024 - 2026)
Ethan BESTER,Ethan BESTER,HO,Sharks,187,112,2004..,,,,,A,https://all.rugby/player/ethan-bester,Natal Sharks (2023 - 2024) -> Sharks (2024 - 2026),,,https://all.rugby/player/ethan-bester,Natal Sharks (2023 - 2024) -> Sharks (2024 - 2026)
Fez MBATHA,Fez MBATHA,HO,Sharks,182,112,1999.08.02,,,,,A,https://all.rugby/player/fezokuhle-mbatha,Sharks (2018 - 2026),,,https://all.rugby/player/fezokuhle-mbatha,Sharks (2018 - 2026)
Willem VAN DEN HEVER,Willem VAN DEN HEVER,HO,Sharks,,,1999.01.25,,,,,A,https://all.rugby/player/willem-van-den-hever,Northern Free State Griffons (2023 - 2024) -> Natal Sharks (2024 - 2025) -> Sharks (2025 - 2026),,,https://all.rugby/player/willem-van-den-hever,Northern Free State Griffons (2023 - 2024) -> Natal Sharks (2024 - 2025) -> Sharks (2025 - 2026)
Coetzee LE ROUX,Coetzee LE ROUX,LO,Sharks,193,112,2003.01.22,,,,,A,https://all.rugby/player/coetzee-le-roux,Natal Sharks (2022 - 2024) -> Sharks (2024 - 2026),,,https://all.rugby/player/coetzee-le-roux,Natal Sharks (2022 - 2024) -> Sharks (2024 - 2026)
Corné RAHL,Corné RAHL,LO,Sharks,202,122,2002.05.27,,,,,A,https://all.rugby/player/corne-rahl,Natal Sharks (2021 - 2022) -> Sharks (2022 - 2026),,,https://all.rugby/player/corne-rahl,Natal Sharks (2021 - 2022) -> Sharks (2022 - 2026)
Deon SLABBERT,Deon SLABBERT,LO,Sharks,200,117,2000.05.04,,,,,A,https://all.rugby/player/deon-slabbert,Eagles SWD (2020 - 2021) -> Pumas (2021 - 2023) -> Bulls (2023 - 2024) -> Sharks (2024 - 2024) -> Bulls (2025 - 2025) -> Sharks (2025 - 2026),,,https://all.rugby/player/deon-slabbert,Eagles SWD (2020 - 2021) -> Pumas (2021 - 2023) -> Bulls (2023 - 2024) -> Sharks (2024 - 2024) -> Bulls (2025 - 2025) -> Sharks (2025 - 2026)
Eben ETZEBETH,Eben ETZEBETH,LO,Sharks,202,126,1991.10.29,,,,,A,https://all.rugby/player/eben-etzebeth,Stormers (2014 - 2019) -> Rugby Club Toulonnais (2019 - 2022) -> Sharks (2022 - 2026),South Africa,South Africa,https://all.rugby/player/eben-etzebeth,Stormers (2014 - 2019) -> Rugby Club Toulonnais (2019 - 2022) -> Sharks (2022 - 2026)
Emile VAN HEERDEN,Emile VAN HEERDEN,LO,Sharks,200,110,2000.08.08,,,,,A,https://all.rugby/player/emile-van-heerden,Sharks (2019 - 2021) -> Natal Sharks (2021 - 2022) -> Lions Rugby (2022 - 2022) -> Sharks (2022 - 2022) -> Lions Rugby (2023 - 2023) -> Sharks (2023 - 2026),,,https://all.rugby/player/emile-van-heerden,Sharks (2019 - 2021) -> Natal Sharks (2021 - 2022) -> Lions Rugby (2022 - 2022) -> Sharks (2022 - 2022) -> Lions Rugby (2023 - 2023) -> Sharks (2023 - 2026)
Jason JENKINS,Jason JENKINS,LO,Sharks,202,127,1995.12.02,,,,,A,https://all.rugby/player/jason-jenkins,Bulls (2015 - 2019) -> Toyota Verblitz (2019 - 2019) -> Bulls (2019 - 2019) -> Toyota Verblitz (2020 - 2020) -> Bulls (2020 - 2020) -> Toyota Verblitz (2020 - 2021) -> Munster Rugby (2021 - 2022) -> Leinster Rugby (2022 - 2024) -> Sharks (2024 - 2026),South Africa,South Africa,https://all.rugby/player/jason-jenkins,Bulls (2015 - 2019) -> Toyota Verblitz (2019 - 2019) -> Bulls (2019 - 2019) -> Toyota Verblitz (2020 - 2020) -> Bulls (2020 - 2020) -> Toyota Verblitz (2020 - 2021) -> Munster Rugby (2021 - 2022) -> Leinster Rugby (2022 - 2024) -> Sharks (2024 - 2026)
JJ SCHEEPERS,JJ SCHEEPERS,LO,Sharks,198,115,,,,,,A,https://all.rugby/player/jj-scheepers,Centurioni Rugby (2022 - 2023) -> OK Financial Group Okman (2023 - 2024) -> Pumas (2024 - 2025) -> Sharks (2025 - 2026),,,https://all.rugby/player/jj-scheepers,Centurioni Rugby (2022 - 2023) -> OK Financial Group Okman (2023 - 2024) -> Pumas (2024 - 2025) -> Sharks (2025 - 2026)
Marvin ORIE,Marvin ORIE,LO,Sharks,198,118,1993.02.15,,,,,A,https://all.rugby/player/marvin-orie,Bulls (2013 - 2016) -> Lions Rugby (2016 - 2019) -> Ospreys (2019 - 2019) -> Lions Rugby (2019 - 2019) -> Ospreys (2020 - 2020) -> Lions Rugby (2020 - 2020) -> Stormers (2020 - 2023) -> Union Sportive Arlequins Perpignanais (2023 - 2024) -> Blue Bulls (2024 - 2024) -> Union Sportive Arlequins Perpignanais (2025 - 2025) -> Blue Bulls (2025 - 2025) -> Sharks (2025 - 2026),South Africa,South Africa,https://all.rugby/player/marvin-orie,Bulls (2013 - 2016) -> Lions Rugby (2016 - 2019) -> Ospreys (2019 - 2019) -> Lions Rugby (2019 - 2019) -> Ospreys (2020 - 2020) -> Lions Rugby (2020 - 2020) -> Stormers (2020 - 2023) -> Union Sportive Arlequins Perpignanais (2023 - 2024) -> Blue Bulls (2024 - 2024) -> Union Sportive Arlequins Perpignanais (2025 - 2025) -> Blue Bulls (2025 - 2025) -> Sharks (2025 - 2026)
Thomas DYER,Thomas DYER,LO,Sharks,196,115,2004..,,,,,A,https://all.rugby/player/thomas-dyer,Sharks (2023 - 2026),,,https://all.rugby/player/thomas-dyer,Sharks (2023 - 2026)
Jannes POTGIETER,Jannes POTGIETER,Back row,Sharks,193,112,2003.05.05,,,,,A,https://all.rugby/player/jannes-potgieter,Natal Sharks (2022 - 2024) -> Sharks (2024 - 2026),,,https://all.rugby/player/jannes-potgieter,Natal Sharks (2022 - 2024) -> Sharks (2024 - 2026)
Manu TSHITUKA,Manu TSHITUKA,Back row,Sharks,193,110,2000.06.16,,,,,A,https://all.rugby/player/emmanuel-tshituka,Lions Rugby (2020 - 2024) -> Sharks (2024 - 2026),,,https://all.rugby/player/emmanuel-tshituka,Lions Rugby (2020 - 2024) -> Sharks (2024 - 2026)
Matt ROMAO,Matt ROMAO,Back row,Sharks,190,107,2005..,,,,,A,https://all.rugby/player/matt-romao,Natal Sharks (2024 - 2025) -> Sharks (2025 - 2026),,,https://all.rugby/player/matt-romao,Natal Sharks (2024 - 2025) -> Sharks (2025 - 2026)
Mèno BARNARD,Mèno BARNARD,Back row,Sharks,193,104,2003.11.14,,,,,A,https://all.rugby/player/meno-barnard,Natal Sharks (2023 - 2024) -> Sharks (2024 - 2026),,,https://all.rugby/player/meno-barnard,Natal Sharks (2023 - 2024) -> Sharks (2024 - 2026)
Nick HATTON,Nick HATTON,Back row,Sharks,191,103,2003.01.17,,,,,A,https://all.rugby/player/nick-hatton,Natal Sharks (2021 - 2023) -> Sharks (2023 - 2026),,,https://all.rugby/player/nick-hatton,Natal Sharks (2021 - 2023) -> Sharks (2023 - 2026)
Phepsi BUTHELEZI,Phepsi BUTHELEZI,Back row,Sharks,188,108,1999.05.30,,,,,A,https://all.rugby/player/phendulani-buthelezi,Sharks (2018 - 2026),,,https://all.rugby/player/phendulani-buthelezi,Sharks (2018 - 2026)
Siya KOLISI,Siya KOLISI,Back row,Sharks,189,104,1991.06.16,,,,,A,https://all.rugby/player/siya-kolisi,Stormers (2013 - 2020) -> Sharks (2020 - 2023) -> Racing 92 (2023 - 2024) -> Sharks (2024 - 2024) -> Racing 92 (2025 - 2025) -> Sharks (2025 - 2026),South Africa,South Africa,https://all.rugby/player/siya-kolisi,Stormers (2013 - 2020) -> Sharks (2020 - 2023) -> Racing 92 (2023 - 2024) -> Sharks (2024 - 2024) -> Racing 92 (2025 - 2025) -> Sharks (2025 - 2026)
Tino MAVESERE,Tino MAVESERE,Back row,Sharks,189,105,1998.10.17,,,,,A,https://all.rugby/player/tinotenda-blithe-mavesere,University of Western Cap (2020 - 2021) -> Sharks (2022 - 2026),,,https://all.rugby/player/tinotenda-blithe-mavesere,University of Western Cap (2020 - 2021) -> Sharks (2022 - 2026)
Vincent TSHITUKA,Vincent TSHITUKA,Back row,Sharks,194,110,1998.09.10,,,,,A,https://all.rugby/player/vincent-tshituka,Lions Rugby (2018 - 2022) -> Sharks (2022 - 2026),,,https://all.rugby/player/vincent-tshituka,Lions Rugby (2018 - 2022) -> Sharks (2022 - 2026)
Bradley DAVIDS,Bradley DAVIDS,SH,Sharks,176,79,2002.07.30,,,,,A,https://all.rugby/player/bradley-davids,Natal Sharks (2021 - 2022) -> Sharks (2022 - 2026),,,https://all.rugby/player/bradley-davids,Natal Sharks (2021 - 2022) -> Sharks (2022 - 2026)
Ceano EVERSON,Ceano EVERSON,SH,Sharks,169,63,2005..,,,,,A,https://all.rugby/player/ceano-everson,Natal Sharks (2024 - 2025) -> Sharks (2025 - 2026),,,https://all.rugby/player/ceano-everson,Natal Sharks (2024 - 2025) -> Sharks (2025 - 2026)
Grant WILLIAMS,Grant WILLIAMS,SH,Sharks,174,80,1996.07.22,,,,,A,https://all.rugby/player/grant-williams,Sharks (2017 - 2026),,,https://all.rugby/player/grant-williams,Sharks (2017 - 2026)
Jaden HENDRIKSE,Jaden HENDRIKSE,SH,Sharks,184,92,2000.03.23,,,,,A,https://all.rugby/player/jaden-hendrikse,Sharks (2019 - 2026),,,https://all.rugby/player/jaden-hendrikse,Sharks (2019 - 2026)
Ross BRAUDE,Ross BRAUDE,SH,Sharks,168,83,2000.01.18,,,,,A,https://all.rugby/player/ross-braude,Blue Bulls (2019 - 2020) -> Toronto Arrows (2020 - 2023) -> Pumas (2023 - 2025) -> Sharks (2025 - 2026),South Africa,South Africa,https://all.rugby/player/ross-braude,Blue Bulls (2019 - 2020) -> Toronto Arrows (2020 - 2023) -> Pumas (2023 - 2025) -> Sharks (2025 - 2026)
Tiaan FOURIE,Tiaan FOURIE,SH,Sharks,173,78,2002.04.22,,,,,A,https://all.rugby/player/tiaan-fourie,Blue Bulls (2020 - 2022) -> Natal Sharks (2022 - 2023) -> Sharks (2023 - 2026),,,https://all.rugby/player/tiaan-fourie,Blue Bulls (2020 - 2022) -> Natal Sharks (2022 - 2023) -> Sharks (2023 - 2026)
George WHITEHEAD,George WHITEHEAD,SO,Sharks,184,88,1989.03.17,,,,,A,https://all.rugby/player/george-whitehead,Central Cheetahs (2015 - 2016) -> Stormers (2017 - 2018) -> Griquas (2018 - 2019) -> Central Cheetahs (2019 - 2020) -> Griquas (2020 - 2025) -> Sharks (2025 - 2026),,,https://all.rugby/player/george-whitehead,Central Cheetahs (2015 - 2016) -> Stormers (2017 - 2018) -> Griquas (2018 - 2019) -> Central Cheetahs (2019 - 2020) -> Griquas (2020 - 2025) -> Sharks (2025 - 2026)
Jean SMITH,Jean SMITH,SO,Sharks,181,92,2003.04.01,,,,,A,https://all.rugby/player/jean-smith,Natal Sharks (2022 - 2024) -> Sharks (2024 - 2026),,,https://all.rugby/player/jean-smith,Natal Sharks (2022 - 2024) -> Sharks (2024 - 2026)
Jordan HENDRIKSE,Jordan HENDRIKSE,SO,Sharks,188,93,2001.06.28,,,,,A,https://all.rugby/player/jordan-hendrikse,Maties Rugby Club (2019 - 2020) -> Lions Rugby (2020 - 2024) -> Sharks (2024 - 2026),,,https://all.rugby/player/jordan-hendrikse,Maties Rugby Club (2019 - 2020) -> Lions Rugby (2020 - 2024) -> Sharks (2024 - 2026)
Siya MASUKU,Siya MASUKU,SO,Sharks,189,95,1996.08.01,,,,,A,https://all.rugby/player/siya-masuku,Southern Kings (2019 - 2020) -> Free State Cheetahs (2020 - 2022) -> Central Cheetahs (2022 - 2023) -> Sharks (2023 - 2026),,,https://all.rugby/player/siya-masuku,Southern Kings (2019 - 2020) -> Free State Cheetahs (2020 - 2022) -> Central Cheetahs (2022 - 2023) -> Sharks (2023 - 2026)
Vusi Simphiwe MOYO,Vusi Simphiwe MOYO,SO,Sharks,182,90,2006..,,,,,A,https://all.rugby/player/simphiwe-moyo,Natal Sharks (2024 - 2025) -> Sharks (2025 - 2026),,,https://all.rugby/player/simphiwe-moyo,Natal Sharks (2024 - 2025) -> Sharks (2025 - 2026)
Albie BESTER,Albie BESTER,CTB,Sharks,180,93,2005..,,,,,A,https://all.rugby/player/albie-bester,Natal Sharks (2024 - 2025) -> Sharks (2025 - 2026),,,https://all.rugby/player/albie-bester,Natal Sharks (2024 - 2025) -> Sharks (2025 - 2026)
André ESTERHUIZEN,André ESTERHUIZEN,CTB,Sharks,193,115,1994.03.30,,,,,A,https://all.rugby/player/andre-esterhuizen,Sharks (2013 - 2019) -> Harlequins (2019 - 2019) -> Sharks (2020 - 2020) -> Harlequins (2020 - 2024) -> Sharks (2024 - 2026),South Africa,South Africa,https://all.rugby/player/andre-esterhuizen,Sharks (2013 - 2019) -> Harlequins (2019 - 2019) -> Sharks (2020 - 2020) -> Harlequins (2020 - 2024) -> Sharks (2024 - 2026)
Diego APPOLLIS,Diego APPOLLIS,CTB,Sharks,178,94,2000.08.27,,,,,A,https://all.rugby/player/diego-appollis,Bulls (2019 - 2020) -> Pumas (2021 - 2023) -> Sharks (2023 - 2026),,,https://all.rugby/player/diego-appollis,Bulls (2019 - 2020) -> Pumas (2021 - 2023) -> Sharks (2023 - 2026)
Francois VENTER,Francois VENTER,CTB,Sharks,185,95,1991.04.19,,,,,A,https://all.rugby/player/francois-venter,Central Cheetahs (2013 - 2018) -> Worcester Warriors (2018 - 2022) -> Sharks (2022 - 2022) -> Worcester Warriors (2023 - 2023) -> Sharks (2023 - 2026),South Africa,South Africa,https://all.rugby/player/francois-venter,Central Cheetahs (2013 - 2018) -> Worcester Warriors (2018 - 2022) -> Sharks (2022 - 2022) -> Worcester Warriors (2023 - 2023) -> Sharks (2023 - 2026)
Jurenzo JULIUS,Jurenzo JULIUS,CTB,Sharks,178,96,2004..,,,,,A,https://all.rugby/player/jurenzo-julius,Natal Sharks (2022 - 2024) -> Sharks (2024 - 2026),,,https://all.rugby/player/jurenzo-julius,Natal Sharks (2022 - 2024) -> Sharks (2024 - 2026)
Le Roux MALAN,Le Roux MALAN,CTB,Sharks,191,100,1999.03.31,,,,,A,https://all.rugby/player/le-roux-malan,Natal Sharks (2018 - 2019) -> New England Free Jacks (2021 - 2023) -> Hawke's Bay Magpies (2023 - 2023) -> New England Free Jacks (2024 - 2024) -> Hawke's Bay Magpies (2024 - 2024) -> New England Free Jacks (2024 - 2024) -> Hawke's Bay Magpies (2024 - 2024) -> New England Free Jacks (2025 - 2025) -> Hawke's Bay Magpies (2025 - 2025) -> Sharks (2025 - 2026),,,https://all.rugby/player/le-roux-malan,Natal Sharks (2018 - 2019) -> New England Free Jacks (2021 - 2023) -> Hawke's Bay Magpies (2023 - 2023) -> New England Free Jacks (2024 - 2024) -> Hawke's Bay Magpies (2024 - 2024) -> New England Free Jacks (2024 - 2024) -> Hawke's Bay Magpies (2024 - 2024) -> New England Free Jacks (2025 - 2025) -> Hawke's Bay Magpies (2025 - 2025) -> Sharks (2025 - 2026)
Litelihle BESTER,Litelihle BESTER,CTB,Sharks,187,92,2004..,,,,,A,https://all.rugby/player/litelihle-bester,Natal Sharks (2022 - 2024) -> Sharks (2024 - 2026),,,https://all.rugby/player/litelihle-bester,Natal Sharks (2022 - 2024) -> Sharks (2024 - 2026)
Chijindu OKONTA,Chijindu OKONTA,Winger,Sharks,188,80,2005..,,,,,A,https://all.rugby/player/chijindu-okonta,Natal Sharks (2024 - 2025) -> Sharks (2025 - 2026),,,https://all.rugby/player/chijindu-okonta,Natal Sharks (2024 - 2025) -> Sharks (2025 - 2026)
Christie GROBBELAAR,Christie GROBBELAAR,Winger,Sharks,192,95,2000.05.25,,,,,A,https://all.rugby/player/christie-grobbelaar,AF. SUD 7's (2020 - 2024) -> Natal Sharks (2024 - 2025) -> Sharks (2025 - 2026),,,https://all.rugby/player/christie-grobbelaar,AF. SUD 7's (2020 - 2024) -> Natal Sharks (2024 - 2025) -> Sharks (2025 - 2026)
Edwill VAN DER MERWE,Edwill VAN DER MERWE,Winger,Sharks,181,90,1996.04.12,,,,,A,https://all.rugby/player/edwill-van-der-merwe,Stormers (2018 - 2021) -> Lions Rugby (2021 - 2021) -> Stormers (2022 - 2022) -> Lions Rugby (2022 - 2025) -> Sharks (2025 - 2026),,,https://all.rugby/player/edwill-van-der-merwe,Stormers (2018 - 2021) -> Lions Rugby (2021 - 2021) -> Stormers (2022 - 2022) -> Lions Rugby (2022 - 2025) -> Sharks (2025 - 2026)
Ethan HOOKER,Ethan HOOKER,Winger,Sharks,193,100,2003.01.20,,,,,A,https://all.rugby/player/ethan-hooker,Sharks (2022 - 2026),,,https://all.rugby/player/ethan-hooker,Sharks (2022 - 2026)
Makazole MAPIMPI,Makazole MAPIMPI,Winger,Sharks,184,92,1990.07.26,,,,,A,https://all.rugby/player/makazole-mapimpi,Southern Kings (2016 - 2017) -> Central Cheetahs (2017 - 2017) -> Sharks (2017 - 2017) -> Central Cheetahs (2018 - 2018) -> Sharks (2018 - 2020) -> Red Hurricanes Osaka (2020 - 2020) -> Sharks (2020 - 2020) -> Red Hurricanes Osaka (2021 - 2021) -> Sharks (2021 - 2026),South Africa,South Africa,https://all.rugby/player/makazole-mapimpi,Southern Kings (2016 - 2017) -> Central Cheetahs (2017 - 2017) -> Sharks (2017 - 2017) -> Central Cheetahs (2018 - 2018) -> Sharks (2018 - 2020) -> Red Hurricanes Osaka (2020 - 2020) -> Sharks (2020 - 2020) -> Red Hurricanes Osaka (2021 - 2021) -> Sharks (2021 - 2026)
Marnus POTGIETER,Marnus POTGIETER,Winger,Sharks,188,106,1999.06.20,,,,,A,https://all.rugby/player/marnus-potgieter,Blue Bulls (2018 - 2019) -> Bulls (2019 - 2021) -> Sharks (2021 - 2026),,,https://all.rugby/player/marnus-potgieter,Blue Bulls (2018 - 2019) -> Bulls (2019 - 2021) -> Sharks (2021 - 2026)
Phiko SOBAHLE,Phiko SOBAHLE,Winger,Sharks,191,93,1996.07.28,,,,,A,https://all.rugby/player/phiko-sobahle,Natal Sharks (2024 - 2025) -> Sharks (2025 - 2026),,,https://all.rugby/player/phiko-sobahle,Natal Sharks (2024 - 2025) -> Sharks (2025 - 2026)
Yaw PENXE,Yaw PENXE,Winger,Sharks,183,93,1997.04.03,,,,,A,https://all.rugby/player/yaw-penxe,Southern Kings (2016 - 2020) -> Sharks (2020 - 2026),,,https://all.rugby/player/yaw-penxe,Southern Kings (2016 - 2020) -> Sharks (2020 - 2026)
Aphelele FASSI,Aphelele FASSI,FB,Sharks,190,94,1998.01.23,,,,,A,https://all.rugby/player/aphelele-fassi,Sharks (2018 - 2026),,,https://all.rugby/player/aphelele-fassi,Sharks (2018 - 2026)
Hakeem KUNENE,Hakeem KUNENE,FB,Sharks,183,90,2003.02.03,,,,,A,https://all.rugby/player/hakeem-kunene,Natal Sharks (2022 - 2024) -> Sharks (2024 - 2026),,,https://all.rugby/player/hakeem-kunene,Natal Sharks (2022 - 2024) -> Sharks (2024 - 2026)
Jaco WILLIAMS,Jaco WILLIAMS,FB,Sharks,175,73,2005..,,,,,A,https://all.rugby/player/jaco-williams,Natal Sharks (2023 - 2024) -> Sharks (2024 - 2026),,,https://all.rugby/player/jaco-williams,Natal Sharks (2023 - 2024) -> Sharks (2024 - 2026)
Rambo KUBHEKA,Rambo KUBHEKA,PR,Sharks,181,125,2006..,,,,,A,https://all.rugby/player/rambo-kubheka,Natal Sharks (2024 - 2025) -> Sharks (2025 - 2026),,,https://all.rugby/player/rambo-kubheka,Natal Sharks (2024 - 2025) -> Sharks (2025 - 2026)
Chris COLEMAN,Chris COLEMAN,PR,Dragons,189,130,1998.08.31,,,,,A,https://all.rugby/player/chris-coleman,Dragons RFC (2017 - 2026),,,https://all.rugby/player/chris-coleman,Dragons RFC (2017 - 2026)
Dillon LEWIS,Dillon LEWIS,PR,Dragons,185,125,1996.01.04,,,,,A,https://all.rugby/player/dillon-lewis,Cardiff Rugby (2015 - 2023) -> Harlequins (2023 - 2025) -> Dragons RFC (2025 - 2026),Wales,Wales,https://all.rugby/player/dillon-lewis,Cardiff Rugby (2015 - 2023) -> Harlequins (2023 - 2025) -> Dragons RFC (2025 - 2026)
Dylan KELLEHER-GRIFFITHS,Dylan KELLEHER-GRIFFITHS,PR,Dragons,180,116,2003.06.28,,,,,A,https://all.rugby/player/dylan-kelleher-griffiths,Dragons RFC (2022 - 2026),,,https://all.rugby/player/dylan-kelleher-griffiths,Dragons RFC (2022 - 2026)
Luke YENDLE,Luke YENDLE,PR,Dragons,185,120,2000.06.27,,,,,A,https://all.rugby/player/luke-yendle,Dragons RFC (2018 - 2021) -> Jersey Reds (2021 - 2021) -> Dragons RFC (2022 - 2022) -> Jersey Reds (2022 - 2022) -> Dragons RFC (2022 - 2023) -> Ampthill Rugby (2023 - 2023) -> Dragons RFC (2023 - 2023) -> Ampthill Rugby (2024 - 2024) -> Dragons RFC (2024 - 2025) -> Harlequins (2025 - 2025) -> Dragons RFC (2026 - 2026) -> Harlequins (2026 - 2026),,,https://all.rugby/player/luke-yendle,Dragons RFC (2018 - 2021) -> Jersey Reds (2021 - 2021) -> Dragons RFC (2022 - 2022) -> Jersey Reds (2022 - 2022) -> Dragons RFC (2022 - 2023) -> Ampthill Rugby (2023 - 2023) -> Dragons RFC (2023 - 2023) -> Ampthill Rugby (2024 - 2024) -> Dragons RFC (2024 - 2025) -> Harlequins (2025 - 2025) -> Dragons RFC (2026 - 2026) -> Harlequins (2026 - 2026)
Rhodri JONES,Rhodri JONES,PR,Dragons,191,120,1991.12.23,,,,,A,https://all.rugby/player/rhodri-jones,Scarlets (2013 - 2016) -> Ospreys (2016 - 2022) -> Dragons RFC (2022 - 2026),Wales,Wales,https://all.rugby/player/rhodri-jones,Scarlets (2013 - 2016) -> Ospreys (2016 - 2022) -> Dragons RFC (2022 - 2026)
Robert HUNT,Robert HUNT,PR,Dragons,185,124,1996.08.16,,,,,A,https://all.rugby/player/robert-hunt,Leopards (2016 - 2019) -> Bulls (2021 - 2024) -> Central Cheetahs (2024 - 2025) -> Dragons RFC (2025 - 2026),,,https://all.rugby/player/robert-hunt,Leopards (2016 - 2019) -> Bulls (2021 - 2024) -> Central Cheetahs (2024 - 2025) -> Dragons RFC (2025 - 2026)
Rodrigo MARTINEZ,Rodrigo MARTINEZ,PR,Dragons,188,120,1998.07.07,,,,,A,https://all.rugby/player/rodrigo-martinez,Dogos XV (2019 - 2020) -> Yacare XV (2020 - 2021) -> Wasps (2021 - 2023) -> Dragons RFC (2023 - 2026),,,https://all.rugby/player/rodrigo-martinez,Dogos XV (2019 - 2020) -> Yacare XV (2020 - 2021) -> Wasps (2021 - 2023) -> Dragons RFC (2023 - 2026)
Wyn JONES,Wyn JONES,PR,Dragons,184,114,1992.02.26,,,,,A,https://all.rugby/player/wyn-jones,Scarlets (2014 - 2024) -> Harlequins (2024 - 2025) -> Dragons RFC (2025 - 2026),Wales,Wales,https://all.rugby/player/wyn-jones,Scarlets (2014 - 2024) -> Harlequins (2024 - 2025) -> Dragons RFC (2025 - 2026)
Brodie COGHLAN,Brodie COGHLAN,HO,Dragons,183,112,2000.12.21,,,,,A,https://all.rugby/player/brodie-coghlan,Dragons RFC (2021 - 2026),,,https://all.rugby/player/brodie-coghlan,Dragons RFC (2021 - 2026)
Elliot DEE,Elliot DEE,HO,Dragons,186,106,1994.03.07,,,,,A,https://all.rugby/player/elliot-dee,Dragons RFC (2013 - 2026),Wales,Wales,https://all.rugby/player/elliot-dee,Dragons RFC (2013 - 2026)
George ROBERTS,George ROBERTS,HO,Dragons,183,105,1997.12.24,,,,,A,https://all.rugby/player/george-roberts,RGC 1404 (2019 - 2020) -> Doncaster Knights (2020 - 2025) -> Dragons RFC (2025 - 2025) -> Doncaster Knights (2026 - 2026) -> Dragons RFC (2026 - 2026),,,https://all.rugby/player/george-roberts,RGC 1404 (2019 - 2020) -> Doncaster Knights (2020 - 2025) -> Dragons RFC (2025 - 2025) -> Doncaster Knights (2026 - 2026) -> Dragons RFC (2026 - 2026)
James BENJAMIN,James BENJAMIN,HO,Dragons,183,100,1994.02.21,,,,,A,https://all.rugby/player/james-benjamin,Dragons RFC (2014 - 2021) -> Cornish Pirates (2021 - 2021) -> Dragons RFC (2021 - 2021) -> Cornish Pirates (2022 - 2022) -> Dragons RFC (2022 - 2022) -> Hartpury RFC (2022 - 2022) -> Dragons RFC (2023 - 2023) -> Hartpury RFC (2023 - 2023) -> Dragons RFC (2023 - 2026),,,https://all.rugby/player/james-benjamin,Dragons RFC (2014 - 2021) -> Cornish Pirates (2021 - 2021) -> Dragons RFC (2021 - 2021) -> Cornish Pirates (2022 - 2022) -> Dragons RFC (2022 - 2022) -> Hartpury RFC (2022 - 2022) -> Dragons RFC (2023 - 2023) -> Hartpury RFC (2023 - 2023) -> Dragons RFC (2023 - 2026)
Oli BURROWS,Oli BURROWS,HO,Dragons,188,110,2002.05.16,,,,,A,https://all.rugby/player/oli-burrows,Exeter Chiefs (2020 - 2023) -> Cornish Pirates (2023 - 2023) -> Exeter Chiefs (2023 - 2023) -> Cornish Pirates (2024 - 2024) -> Exeter Chiefs (2024 - 2024) -> Dragons RFC (2024 - 2026),,,https://all.rugby/player/oli-burrows,Exeter Chiefs (2020 - 2023) -> Cornish Pirates (2023 - 2023) -> Exeter Chiefs (2023 - 2023) -> Cornish Pirates (2024 - 2024) -> Exeter Chiefs (2024 - 2024) -> Dragons RFC (2024 - 2026)
Sam SCARFE,Sam SCARFE,HO,Dragons,180,101,2003.08.23,,,,,A,https://all.rugby/player/sam-scarfe,Dragons RFC (2022 - 2023) -> Gloucester Rugby (2023 - 2023) -> Dragons RFC (2023 - 2023) -> Gloucester Rugby (2024 - 2024) -> Dragons RFC (2024 - 2026),,,https://all.rugby/player/sam-scarfe,Dragons RFC (2022 - 2023) -> Gloucester Rugby (2023 - 2023) -> Dragons RFC (2023 - 2023) -> Gloucester Rugby (2024 - 2024) -> Dragons RFC (2024 - 2026)
Barny LANGTON,Barny LANGTON,LO,Dragons,195,117,2001.01.26,,,,,A,https://all.rugby/player/barny-langton,Cardiff Met RFC (2022 - 2023) -> Dragons RFC (2023 - 2025) -> Harlequins (2025 - 2025) -> Dragons RFC (2026 - 2026) -> Harlequins (2026 - 2026),,,https://all.rugby/player/barny-langton,Cardiff Met RFC (2022 - 2023) -> Dragons RFC (2023 - 2025) -> Harlequins (2025 - 2025) -> Dragons RFC (2026 - 2026) -> Harlequins (2026 - 2026)
Ben CARTER,Ben CARTER,LO,Dragons,198,122,2001.01.23,,,,,A,https://all.rugby/player/ben-carter,Dragons RFC (2018 - 2026),,,https://all.rugby/player/ben-carter,Dragons RFC (2018 - 2026)
Levi DOUGLAS,Levi DOUGLAS,LO,Dragons,196,125,1995.09.01,,,,,A,https://all.rugby/player/levi-douglas,Bath Rugby (2015 - 2019) -> Wasps (2019 - 2019) -> Bath Rugby (2020 - 2020) -> Wasps (2020 - 2020) -> Rugby Club Toulonnais (2020 - 2020) -> Wasps (2021 - 2021) -> Rugby Club Toulonnais (2021 - 2021) -> FC Grenoble Rugby (2021 - 2023) -> Urayasu D-Rocks (2023 - 2024) -> Biarritz Olympique Pays Basque (2024 - 2025) -> Dragons RFC (2025 - 2026),,,https://all.rugby/player/levi-douglas,Bath Rugby (2015 - 2019) -> Wasps (2019 - 2019) -> Bath Rugby (2020 - 2020) -> Wasps (2020 - 2020) -> Rugby Club Toulonnais (2020 - 2020) -> Wasps (2021 - 2021) -> Rugby Club Toulonnais (2021 - 2021) -> FC Grenoble Rugby (2021 - 2023) -> Urayasu D-Rocks (2023 - 2024) -> Biarritz Olympique Pays Basque (2024 - 2025) -> Dragons RFC (2025 - 2026)
Matthew SCREECH,Matthew SCREECH,LO,Dragons,196,116,1992.10.24,,,,,A,https://all.rugby/player/matthew-screech,Dragons RFC (2013 - 2021) -> Cardiff Rugby (2021 - 2022) -> Dragons RFC (2022 - 2022) -> Cardiff Rugby (2023 - 2023) -> Dragons RFC (2023 - 2026),,,https://all.rugby/player/matthew-screech,Dragons RFC (2013 - 2021) -> Cardiff Rugby (2021 - 2022) -> Dragons RFC (2022 - 2022) -> Cardiff Rugby (2023 - 2023) -> Dragons RFC (2023 - 2026)
Seb DAVIES,Seb DAVIES,LO,Dragons,202,119,1996.05.17,,,,,A,https://all.rugby/player/seb-davies,Cardiff Rugby (2016 - 2025) -> Dragons RFC (2025 - 2026),Wales,Wales,https://all.rugby/player/seb-davies,Cardiff Rugby (2016 - 2025) -> Dragons RFC (2025 - 2026)
Aaron WAINWRIGHT,Aaron WAINWRIGHT,Back row,Dragons,188,110,1997.09.25,,,,,A,https://all.rugby/player/aaron-wainwright,Dragons RFC (2017 - 2026),Wales,Wales,https://all.rugby/player/aaron-wainwright,Dragons RFC (2017 - 2026)
Harri KEDDIE,Harri KEDDIE,Back row,Dragons,188,110,1996.07.10,,,,,A,https://all.rugby/player/harrison-keddie,Dragons RFC (2015 - 2026),,,https://all.rugby/player/harrison-keddie,Dragons RFC (2015 - 2026)
Mackenzie MARTIN,Mackenzie MARTIN,Back row,Dragons,196,116,2003.10.26,,,,,A,https://all.rugby/player/mackenzie-martin,Cardiff Rugby (2021 - 2025) -> Dragons RFC (2025 - 2026),,,https://all.rugby/player/mackenzie-martin,Cardiff Rugby (2021 - 2025) -> Dragons RFC (2025 - 2026)
Ryan WOODMAN,Ryan WOODMAN,Back row,Dragons,196,107,2004.02.02,,,,,A,https://all.rugby/player/ryan-woodman,Dragons RFC (2020 - 2026),,,https://all.rugby/player/ryan-woodman,Dragons RFC (2020 - 2026)
Shane LEWIS-HUGHES,Shane LEWIS-HUGHES,Back row,Dragons,196,115,1997.09.20,,,,,A,https://all.rugby/player/shane-lewis-hughes,Cardiff Rugby (2016 - 2024) -> Dragons RFC (2024 - 2026),Wales,Wales,https://all.rugby/player/shane-lewis-hughes,Cardiff Rugby (2016 - 2024) -> Dragons RFC (2024 - 2026)
Tom YOUNG,Tom YOUNG,Back row,Dragons,181,104,1992.05.18,,,,,A,https://all.rugby/player/tom-young,Gloucester Rugby (2013 - 2013) -> Cardiff Rugby (2013 - 2013) -> Gloucester Rugby (2014 - 2014) -> Cardiff Rugby (2014 - 2014) -> Wasps (2014 - 2022) -> Cardiff Rugby (2022 - 2025) -> Dragons RFC (2025 - 2026),Wales,Wales,https://all.rugby/player/tom-young,Gloucester Rugby (2013 - 2013) -> Cardiff Rugby (2013 - 2013) -> Gloucester Rugby (2014 - 2014) -> Cardiff Rugby (2014 - 2014) -> Wasps (2014 - 2022) -> Cardiff Rugby (2022 - 2025) -> Dragons RFC (2025 - 2026)
Che HOPE,Che HOPE,SH,Dragons,178,76,2003.01.10,,,,,A,https://all.rugby/player/che-hope,Dragons RFC (2020 - 2026),,,https://all.rugby/player/che-hope,Dragons RFC (2020 - 2026)
Morgan LLOYD,Morgan LLOYD,SH,Dragons,175,84,2002.10.08,,,,,A,https://all.rugby/player/morgan-lloyd,Dragons RFC (2021 - 2022) -> Hartpury RFC (2022 - 2022) -> Dragons RFC (2023 - 2023) -> Hartpury RFC (2023 - 2023) -> Dragons RFC (2023 - 2026),,,https://all.rugby/player/morgan-lloyd,Dragons RFC (2021 - 2022) -> Hartpury RFC (2022 - 2022) -> Dragons RFC (2023 - 2023) -> Hartpury RFC (2023 - 2023) -> Dragons RFC (2023 - 2026)
Niall ARMSTRONG,Niall ARMSTRONG,SH,Dragons,182,85,1999.08.19,,,,,A,https://all.rugby/player/niall-armstrong,Exeter University RFC (2021 - 2023) -> Exeter Chiefs (2023 - 2025) -> Dragons RFC (2025 - 2026),,,https://all.rugby/player/niall-armstrong,Exeter University RFC (2021 - 2023) -> Exeter Chiefs (2023 - 2025) -> Dragons RFC (2025 - 2026)
Rhodri WILLIAMS,Rhodri WILLIAMS,SH,Dragons,179,81,1993.05.05,,,,,A,https://all.rugby/player/rhodri-williams,Scarlets (2013 - 2016) -> Bristol Bears (2016 - 2017) -> Dragons RFC (2018 - 2026),Wales,Wales,https://all.rugby/player/rhodri-williams,Scarlets (2013 - 2016) -> Bristol Bears (2016 - 2017) -> Dragons RFC (2018 - 2026)
Angus O'BRIEN,Angus O'BRIEN,SO,Dragons,180,89,1994.09.17,,,,,A,https://all.rugby/player/angus-o-brien,Dragons RFC (2014 - 2018) -> Scarlets (2018 - 2022) -> Dragons RFC (2022 - 2026),,,https://all.rugby/player/angus-o-brien,Dragons RFC (2014 - 2018) -> Scarlets (2018 - 2022) -> Dragons RFC (2022 - 2026)
Cai EVANS,Cai EVANS,SO,Dragons,185,84,1999.06.23,,,,,A,https://all.rugby/player/cai-evans,Ospreys (2017 - 2023) -> Dragons RFC (2023 - 2026),Wales,Wales,https://all.rugby/player/cai-evans,Ospreys (2017 - 2023) -> Dragons RFC (2023 - 2026)
Jac LLOYD,Jac LLOYD,SO,Dragons,174,81,2002.09.28,,,,,A,https://all.rugby/player/jac-lloyd,Bristol Bears (2019 - 2022) -> Hartpury RFC (2022 - 2022) -> Sydney University Football Club (2022 - 2022) -> Bristol Bears (2023 - 2023) -> Hartpury RFC (2023 - 2023) -> Sydney University Football Club (2023 - 2023) -> Newport RFC (2023 - 2025) -> Dragons RFC (2025 - 2026),,,https://all.rugby/player/jac-lloyd,Bristol Bears (2019 - 2022) -> Hartpury RFC (2022 - 2022) -> Sydney University Football Club (2022 - 2022) -> Bristol Bears (2023 - 2023) -> Hartpury RFC (2023 - 2023) -> Sydney University Football Club (2023 - 2023) -> Newport RFC (2023 - 2025) -> Dragons RFC (2025 - 2026)
Tinus DE BEER,Tinus DE BEER,SO,Dragons,176,90,1996.01.24,,,,,A,https://all.rugby/player/tinus-de-beer,Bulls (2016 - 2017) -> Griquas (2019 - 2021) -> Pumas (2021 - 2023) -> Cardiff Rugby (2023 - 2025) -> Dragons RFC (2025 - 2026),,,https://all.rugby/player/tinus-de-beer,Bulls (2016 - 2017) -> Griquas (2019 - 2021) -> Pumas (2021 - 2023) -> Cardiff Rugby (2023 - 2025) -> Dragons RFC (2025 - 2026)
Aneurin OWEN,Aneurin OWEN,CTB,Dragons,180,89,2000.10.19,,,,,A,https://all.rugby/player/aneurin-owen,Dragons RFC (2018 - 2026),,,https://all.rugby/player/aneurin-owen,Dragons RFC (2018 - 2026)
Fetuli PAEA,Fetuli PAEA,CTB,Dragons,190,104,1994.08.16,,,,,A,https://all.rugby/player/fetuli-moe-ata-paea,Tasman Mako (2018 - 2019) -> Crusaders (2019 - 2019) -> Tasman Mako (2019 - 2019) -> Crusaders (2020 - 2020) -> Tasman Mako (2020 - 2020) -> Highlanders (2020 - 2020) -> Tasman Mako (2020 - 2020) -> Highlanders (2021 - 2021) -> Tasman Mako (2021 - 2021) -> Highlanders (2021 - 2021) -> Tasman Mako (2021 - 2021) -> Highlanders (2022 - 2022) -> Tasman Mako (2022 - 2022) -> Highlanders (2022 - 2023) -> Zebre Parma (2023 - 2025) -> Dragons RFC (2025 - 2026),Tonga,Tonga,https://all.rugby/player/fetuli-moe-ata-paea,Tasman Mako (2018 - 2019) -> Crusaders (2019 - 2019) -> Tasman Mako (2019 - 2019) -> Crusaders (2020 - 2020) -> Tasman Mako (2020 - 2020) -> Highlanders (2020 - 2020) -> Tasman Mako (2020 - 2020) -> Highlanders (2021 - 2021) -> Tasman Mako (2021 - 2021) -> Highlanders (2021 - 2021) -> Tasman Mako (2021 - 2021) -> Highlanders (2022 - 2022) -> Tasman Mako (2022 - 2022) -> Highlanders (2022 - 2023) -> Zebre Parma (2023 - 2025) -> Dragons RFC (2025 - 2026)
Harri ACKERMAN,Harri ACKERMAN,CTB,Dragons,185,93,2004..,,,,,A,https://all.rugby/player/harri-ackerman,Dragons RFC (2022 - 2026),,,https://all.rugby/player/harri-ackerman,Dragons RFC (2022 - 2026)
Joe WESTWOOD,Joe WESTWOOD,CTB,Dragons,193,106,2003.07.10,,,,,A,https://all.rugby/player/joe-westwood,Dragons RFC (2020 - 2026),,,https://all.rugby/player/joe-westwood,Dragons RFC (2020 - 2026)
Ewan ROSSER,Ewan ROSSER,Winger,Dragons,182,88,2000.12.16,,,,,A,https://all.rugby/player/ewan-rosser,Dragons RFC (2019 - 2026),,,https://all.rugby/player/ewan-rosser,Dragons RFC (2019 - 2026)
Fine INISI,Fine INISI,Winger,Dragons,187,98,1998.05.19,,,,,A,https://all.rugby/player/fine-inisi,North Harbour (2018 - 2021) -> Moana Pasifika (2021 - 2021) -> North Harbour (2021 - 2021) -> Moana Pasifika (2022 - 2022) -> North Harbour (2022 - 2022) -> Moana Pasifika (2022 - 2023) -> North Harbour (2023 - 2023) -> Moana Pasifika (2024 - 2024) -> North Harbour (2024 - 2024) -> Moana Pasifika (2024 - 2025) -> Dragons RFC (2025 - 2026),,,https://all.rugby/player/fine-inisi,North Harbour (2018 - 2021) -> Moana Pasifika (2021 - 2021) -> North Harbour (2021 - 2021) -> Moana Pasifika (2022 - 2022) -> North Harbour (2022 - 2022) -> Moana Pasifika (2022 - 2023) -> North Harbour (2023 - 2023) -> Moana Pasifika (2024 - 2024) -> North Harbour (2024 - 2024) -> Moana Pasifika (2024 - 2025) -> Dragons RFC (2025 - 2026)
Jared ROSSER,Jared ROSSER,Winger,Dragons,183,99,1997.12.31,,,,,A,https://all.rugby/player/jared-rosser,Dragons RFC (2017 - 2026),,,https://all.rugby/player/jared-rosser,Dragons RFC (2017 - 2026)
Rio DYER,Rio DYER,Winger,Dragons,185,84,1999.12.21,,,,,A,https://all.rugby/player/rio-dyer,Dragons RFC (2017 - 2026),Wales,Wales,https://all.rugby/player/rio-dyer,Dragons RFC (2017 - 2026)
David RICHARDS,David RICHARDS,FB,Dragons,182,93,1999.07.30,,,,,A,https://all.rugby/player/david-richards,Dragons RFC (2018 - 2024) -> Newport RFC (2024 - 2025) -> Dragons RFC (2025 - 2026),,,https://all.rugby/player/david-richards,Dragons RFC (2018 - 2024) -> Newport RFC (2024 - 2025) -> Dragons RFC (2025 - 2026)
Huw ANDERSON,Huw ANDERSON,FB,Dragons,178,85,2004..,,,,,A,https://all.rugby/player/huw-anderson,Dragons RFC (2022 - 2026),,,https://all.rugby/player/huw-anderson,Dragons RFC (2022 - 2026)
Codi PURNELL,Codi PURNELL,PR,Dragons,190,140,,,,,,A,https://all.rugby/player/codi-purnell,Bath Rugby (2024 - 2025) -> Dragons RFC (2025 - 2026),,,https://all.rugby/player/codi-purnell,Bath Rugby (2024 - 2025) -> Dragons RFC (2025 - 2026)
George TUCKLEY,George TUCKLEY,PR,Dragons,183,114,2006..,,,,,A,https://all.rugby/player/george-tuckley,Dragons RFC (2023 - 2026),,,https://all.rugby/player/george-tuckley,Dragons RFC (2023 - 2026)
Jordan MORRIS,Jordan MORRIS,PR,Dragons,185,109,2004.02.22,,,,,A,https://all.rugby/player/jordan-morris,Dragons RFC (2023 - 2026),,,https://all.rugby/player/jordan-morris,Dragons RFC (2023 - 2026)
Owain JAMES,Owain JAMES,PR,Dragons,188,125,2005..,,,,,A,https://all.rugby/player/owain-james-18238,Cardiff Rugby (2023 - 2024) -> Dragons RFC (2024 - 2026),,,https://all.rugby/player/owain-james-18238,Cardiff Rugby (2023 - 2024) -> Dragons RFC (2024 - 2026)
James TALAMAI,James TALAMAI,HO,Dragons,185,108,2007..,,,,,A,https://all.rugby/player/james-talamai,Saracens (2024 - 2025) -> Dragons RFC (2025 - 2026),,,https://all.rugby/player/james-talamai,Saracens (2024 - 2025) -> Dragons RFC (2025 - 2026)
Nick THOMAS,Nick THOMAS,LO,Dragons,198,113,2005..,,,,,A,https://all.rugby/player/nick-thomas,Dragons RFC (2023 - 2026),,,https://all.rugby/player/nick-thomas,Dragons RFC (2023 - 2026)
Cerrig SMITH,Cerrig SMITH,Back row,Dragons,188,113,,,,,,A,https://all.rugby/player/cerrig-smith,Dragons RFC (2025 - 2026),,,https://all.rugby/player/cerrig-smith,Dragons RFC (2025 - 2026)
Evan MINTO,Evan MINTO,Back row,Dragons,186,102,2006..,,,,,A,https://all.rugby/player/evan-minto,Dragons RFC (2024 - 2024) -> Hartpury RFC (2024 - 2024) -> Dragons RFC (2025 - 2025) -> Hartpury RFC (2025 - 2025) -> Dragons RFC (2025 - 2026),,,https://all.rugby/player/evan-minto,Dragons RFC (2024 - 2024) -> Hartpury RFC (2024 - 2024) -> Dragons RFC (2025 - 2025) -> Hartpury RFC (2025 - 2025) -> Dragons RFC (2025 - 2026)
Harry BEDDALL,Harry BEDDALL,Back row,Dragons,178,94,2005..,,,,,A,https://all.rugby/player/harry-beddall,Leicester Tigers (2022 - 2023) -> Hartpury RFC (2023 - 2023) -> Leicester Tigers (2023 - 2023) -> Hartpury RFC (2024 - 2024) -> Leicester Tigers (2024 - 2024) -> Hartpury RFC (2024 - 2024) -> Leicester Tigers (2025 - 2025) -> Hartpury RFC (2025 - 2025) -> Dragons RFC (2025 - 2026),,,https://all.rugby/player/harry-beddall,Leicester Tigers (2022 - 2023) -> Hartpury RFC (2023 - 2023) -> Leicester Tigers (2023 - 2023) -> Hartpury RFC (2024 - 2024) -> Leicester Tigers (2024 - 2024) -> Hartpury RFC (2024 - 2024) -> Leicester Tigers (2025 - 2025) -> Hartpury RFC (2025 - 2025) -> Dragons RFC (2025 - 2026)
Luke DANIEL,Luke DANIEL,Back row,Dragons,186,88,,,,,,A,https://all.rugby/player/luke-daniel,Dragons RFC (2025 - 2026),,,https://all.rugby/player/luke-daniel,Dragons RFC (2025 - 2026)
Owen CONQUER,Owen CONQUER,Back row,Dragons,191,114,2004..,,,,,A,https://all.rugby/player/owen-conquer,Ebbw Vale RFC (2023 - 2024) -> Dragons RFC (2024 - 2026),,,https://all.rugby/player/owen-conquer,Ebbw Vale RFC (2023 - 2024) -> Dragons RFC (2024 - 2026)
Ryan JONES,Ryan JONES,Back row,Dragons,182,93,2006..,,,,,A,https://all.rugby/player/ryan-jones-2006,Dragons RFC (2024 - 2026),,,https://all.rugby/player/ryan-jones-2006,Dragons RFC (2024 - 2026)
Carter PRITCHARD,Carter PRITCHARD,SH,Dragons,173,74,2007..,,,,,A,https://all.rugby/player/carter-pritchard,Dragons RFC (2025 - 2026),,,https://all.rugby/player/carter-pritchard,Dragons RFC (2025 - 2026)
Logan FRANKLIN,Logan FRANKLIN,SH,Dragons,178,81,2005..,,,,,A,https://all.rugby/player/logan-franklin,Dragons RFC (2024 - 2026),,,https://all.rugby/player/logan-franklin,Dragons RFC (2024 - 2026)
Harri FORD,Harri FORD,SO,Dragons,180,74,2005..,,,,,A,https://all.rugby/player/harri-ford,RGC 1404 (2023 - 2024) -> Dragons RFC (2024 - 2026),,,https://all.rugby/player/harri-ford,RGC 1404 (2023 - 2024) -> Dragons RFC (2024 - 2026)
Morgan CARTER,Morgan CARTER,CTB,Dragons,,,2004.01.08,,,,,A,https://all.rugby/player/morgan-carter,Dragons RFC (2025 - 2026),,,https://all.rugby/player/morgan-carter,Dragons RFC (2025 - 2026)
Harry REES-WELDON,Harry REES-WELDON,Winger,Dragons,186,100,2005..,,,,,A,https://all.rugby/player/harry-rees-weldon,Dragons RFC (2023 - 2026),,,https://all.rugby/player/harry-rees-weldon,Dragons RFC (2023 - 2026)
Oli WOODMAN,Oli WOODMAN,FB,Dragons,188,98,2005..,,,,,A,https://all.rugby/player/oli-woodman,Dragons RFC (2023 - 2026),,,https://all.rugby/player/oli-woodman,Dragons RFC (2023 - 2026)
Enrique PIERETTO HEILAND,Enrique PIERETTO HEILAND,PR,Zebre,187,122,1994.12.15,,,,,A,https://all.rugby/player/enrique-pieretto-heiland,Jaguares (2015 - 2019) -> Exeter Chiefs (2019 - 2019) -> Glasgow Warriors (2019 - 2019) -> Exeter Chiefs (2020 - 2020) -> Glasgow Warriors (2020 - 2023) -> New South Wales Waratahs (2023 - 2023) -> Glasgow Warriors (2024 - 2024) -> New South Wales Waratahs (2024 - 2024) -> Provence Rugby (2024 - 2025) -> Zebre Parma (2025 - 2026),Argentina,Argentina,https://all.rugby/player/enrique-pieretto-heiland,Jaguares (2015 - 2019) -> Exeter Chiefs (2019 - 2019) -> Glasgow Warriors (2019 - 2019) -> Exeter Chiefs (2020 - 2020) -> Glasgow Warriors (2020 - 2023) -> New South Wales Waratahs (2023 - 2023) -> Glasgow Warriors (2024 - 2024) -> New South Wales Waratahs (2024 - 2024) -> Provence Rugby (2024 - 2025) -> Zebre Parma (2025 - 2026)
Ion NECULAI,Ion NECULAI,PR,Zebre,189,135,2001.01.25,,,,,A,https://all.rugby/player/ion-neculai,I Cavalieri Prato (2020 - 2021) -> Zebre Parma (2021 - 2026),,,https://all.rugby/player/ion-neculai,I Cavalieri Prato (2020 - 2021) -> Zebre Parma (2021 - 2026)
Juan PITINARI,Juan PITINARI,PR,Zebre,187,118,1995.01.18,,,,,A,https://all.rugby/player/juan-manuel-pitinari,Rugby Noceto (2021 - 2021) -> Zebre Parma (2021 - 2021) -> Rugby Noceto (2022 - 2022) -> Zebre Parma (2022 - 2026),,,https://all.rugby/player/juan-manuel-pitinari,Rugby Noceto (2021 - 2021) -> Zebre Parma (2021 - 2021) -> Rugby Noceto (2022 - 2022) -> Zebre Parma (2022 - 2026)
Luca FRANCESCHETTO,Luca FRANCESCHETTO,PR,Zebre,193,127,1999.06.07,,,,,A,https://all.rugby/player/luca-franceschetto,Petrarca Rugby (2019 - 2022) -> Colorno (2022 - 2024) -> Zebre Parma (2024 - 2026),,,https://all.rugby/player/luca-franceschetto,Petrarca Rugby (2019 - 2022) -> Colorno (2022 - 2024) -> Zebre Parma (2024 - 2026)
Luca RIZZOLI,Luca RIZZOLI,PR,Zebre,178,109,2002.05.03,,,,,A,https://all.rugby/player/luca-rizzoli,Unione Rugby Capitolina (2021 - 2022) -> Zebre Parma (2022 - 2026),,,https://all.rugby/player/luca-rizzoli,Unione Rugby Capitolina (2021 - 2022) -> Zebre Parma (2022 - 2026)
Marcos GALLORINI,Marcos GALLORINI,PR,Zebre,190,135,2004..,,,,,A,https://all.rugby/player/marcos-gallorini,Unione Rugby Capitolina (2022 - 2023) -> Benetton Rugby Trévise (2023 - 2025) -> Zebre Parma (2025 - 2025) -> Benetton Rugby Trévise (2026 - 2026) -> Zebre Parma (2026 - 2026),,,https://all.rugby/player/marcos-gallorini,Unione Rugby Capitolina (2022 - 2023) -> Benetton Rugby Trévise (2023 - 2025) -> Zebre Parma (2025 - 2025) -> Benetton Rugby Trévise (2026 - 2026) -> Zebre Parma (2026 - 2026)
Matteo NOCERA,Matteo NOCERA,PR,Zebre,194,130,1999.01.16,,,,,A,https://all.rugby/player/matteo-nocera,Zebre Parma (2018 - 2026),,,https://all.rugby/player/matteo-nocera,Zebre Parma (2018 - 2026)
Muhamed HASA,Muhamed HASA,PR,Zebre,183,125,2001.09.10,,,,,A,https://all.rugby/player/muhamed-hasa,Petrarca Rugby (2020 - 2022) -> Zebre Parma (2022 - 2026),,,https://all.rugby/player/muhamed-hasa,Petrarca Rugby (2020 - 2022) -> Zebre Parma (2022 - 2026)
Paolo BUONFIGLIO,Paolo BUONFIGLIO,PR,Zebre,183,114,1995.01.28,,,,,A,https://all.rugby/player/paolo-buonfiglio,Zebre Parma (2019 - 2026),Italy,Italy,https://all.rugby/player/paolo-buonfiglio,Zebre Parma (2019 - 2026)
Riccardo GENOVESE,Riccardo GENOVESE,PR,Zebre,189,126,2002.04.13,,,,,A,https://all.rugby/player/riccardo-genovese,CUS Torino Rugby (2021 - 2022) -> Zebre Parma (2022 - 2024) -> Benetton Rugby Trévise (2024 - 2024) -> Rangers Rugby Vicenza (2024 - 2024) -> Benetton Rugby Trévise (2025 - 2025) -> Rangers Rugby Vicenza (2025 - 2025) -> Zebre Parma (2025 - 2025) -> Mogliano Veneto Rugby (2025 - 2025) -> Zebre Parma (2026 - 2026) -> Mogliano Veneto Rugby (2026 - 2026),,,https://all.rugby/player/riccardo-genovese,CUS Torino Rugby (2021 - 2022) -> Zebre Parma (2022 - 2024) -> Benetton Rugby Trévise (2024 - 2024) -> Rangers Rugby Vicenza (2024 - 2024) -> Benetton Rugby Trévise (2025 - 2025) -> Rangers Rugby Vicenza (2025 - 2025) -> Zebre Parma (2025 - 2025) -> Mogliano Veneto Rugby (2025 - 2025) -> Zebre Parma (2026 - 2026) -> Mogliano Veneto Rugby (2026 - 2026)
Giampietro RIBALDI,Giampietro RIBALDI,HO,Zebre,186,110,1997.03.12,,,,,A,https://all.rugby/player/giampietro-ribaldi,Rugby Viadana 1970 (2017 - 2020) -> Zebre Parma (2020 - 2020) -> Rugby Viadana 1970 (2021 - 2021) -> Zebre Parma (2021 - 2021) -> Rugby Viadana 1970 (2021 - 2021) -> Zebre Parma (2022 - 2022) -> Rugby Viadana 1970 (2022 - 2022) -> Zebre Parma (2022 - 2026),,,https://all.rugby/player/giampietro-ribaldi,Rugby Viadana 1970 (2017 - 2020) -> Zebre Parma (2020 - 2020) -> Rugby Viadana 1970 (2021 - 2021) -> Zebre Parma (2021 - 2021) -> Rugby Viadana 1970 (2021 - 2021) -> Zebre Parma (2022 - 2022) -> Rugby Viadana 1970 (2022 - 2022) -> Zebre Parma (2022 - 2026)
Giovanni QUATTRINI,Giovanni QUATTRINI,HO,Zebre,179,111,2003.09.29,,,,,A,https://all.rugby/player/giovanni-quattrini,CUS Milano Rugby (2021 - 2022) -> Zebre Parma (2022 - 2026),,,https://all.rugby/player/giovanni-quattrini,CUS Milano Rugby (2021 - 2022) -> Zebre Parma (2022 - 2026)
Shilo KLEIN,Shilo KLEIN,HO,Zebre,181,107,1999.05.05,,,,,A,https://all.rugby/player/shilo-klein,Canterbury (2018 - 2021) -> Crusaders (2021 - 2021) -> Canterbury (2021 - 2021) -> Crusaders (2022 - 2022) -> Canterbury (2022 - 2022) -> San Diego Legion (2022 - 2022) -> North Harbour (2022 - 2022) -> San Diego Legion (2023 - 2023) -> North Harbour (2023 - 2024) -> San Diego Legion (2024 - 2025) -> Zebre Parma (2025 - 2026),United-States,United-States,https://all.rugby/player/shilo-klein,Canterbury (2018 - 2021) -> Crusaders (2021 - 2021) -> Canterbury (2021 - 2021) -> Crusaders (2022 - 2022) -> Canterbury (2022 - 2022) -> San Diego Legion (2022 - 2022) -> North Harbour (2022 - 2022) -> San Diego Legion (2023 - 2023) -> North Harbour (2023 - 2024) -> San Diego Legion (2024 - 2025) -> Zebre Parma (2025 - 2026)
Tommaso DI BARTOLOMEO,Tommaso DI BARTOLOMEO,HO,Zebre,180,107,2001.01.04,,,,,A,https://all.rugby/player/tommaso-di-bartolomeo,Petrarca Rugby (2020 - 2021) -> Zebre Parma (2021 - 2021) -> Petrarca Rugby (2022 - 2022) -> Zebre Parma (2022 - 2022) -> Petrarca Rugby (2022 - 2023) -> Zebre Parma (2023 - 2026),,,https://all.rugby/player/tommaso-di-bartolomeo,Petrarca Rugby (2020 - 2021) -> Zebre Parma (2021 - 2021) -> Petrarca Rugby (2022 - 2022) -> Zebre Parma (2022 - 2022) -> Petrarca Rugby (2022 - 2023) -> Zebre Parma (2023 - 2026)
Alessandro ORTOMBINA,Alessandro ORTOMBINA,LO,Zebre,196,114,2002.10.05,,,,,A,https://all.rugby/player/alessandro-ortombina,Valorugby Emilia (2021 - 2023) -> Union Sportive Arlequins Perpignanais (2023 - 2025) -> Zebre Parma (2025 - 2026),,,https://all.rugby/player/alessandro-ortombina,Valorugby Emilia (2021 - 2023) -> Union Sportive Arlequins Perpignanais (2023 - 2025) -> Zebre Parma (2025 - 2026)
Francesco RUFFOLO,Francesco RUFFOLO,LO,Zebre,198,118,2002.10.31,,,,,A,https://all.rugby/player/francesco-ruffolo,Colorno (2021 - 2024) -> Zebre Parma (2024 - 2026),,,https://all.rugby/player/francesco-ruffolo,Colorno (2021 - 2024) -> Zebre Parma (2024 - 2026)
Franco CARRERA,Franco CARRERA,LO,Zebre,198,115,1999.06.02,,,,,A,https://all.rugby/player/franco-carrera,Pampas XV (2022 - 2023) -> Cobras Brasil XV (2023 - 2024) -> Pampas XV (2024 - 2025) -> Zebre Parma (2025 - 2026),,,https://all.rugby/player/franco-carrera,Pampas XV (2022 - 2023) -> Cobras Brasil XV (2023 - 2024) -> Pampas XV (2024 - 2025) -> Zebre Parma (2025 - 2026)
Leonard KRUMOV,Leonard KRUMOV,LO,Zebre,198,120,1996.05.01,,,,,A,https://all.rugby/player/leonard-krumov,Zebre Parma (2017 - 2026),,,https://all.rugby/player/leonard-krumov,Zebre Parma (2017 - 2026)
Matteo CANALI,Matteo CANALI,LO,Zebre,198,123,1998.09.11,,,,,A,https://all.rugby/player/matteo-canali,Rugby Rovigo Delta (2018 - 2020) -> Benetton Rugby Trévise (2020 - 2021) -> Petrarca Rugby (2021 - 2023) -> Zebre Parma (2023 - 2026),Italy,Italy,https://all.rugby/player/matteo-canali,Rugby Rovigo Delta (2018 - 2020) -> Benetton Rugby Trévise (2020 - 2021) -> Petrarca Rugby (2021 - 2023) -> Zebre Parma (2023 - 2026)
Bautista STAVILE,Bautista STAVILE,Back row,Zebre,183,100,1997.02.22,,,,,A,https://all.rugby/player/bautista-stavile,Selknam (2019 - 2021) -> Rugby Viadana 1970 (2021 - 2022) -> Rugby Rovigo Delta (2022 - 2023) -> Zebre Parma (2023 - 2026),,,https://all.rugby/player/bautista-stavile,Selknam (2019 - 2021) -> Rugby Viadana 1970 (2021 - 2022) -> Rugby Rovigo Delta (2022 - 2023) -> Zebre Parma (2023 - 2026)
David ODIASE,David ODIASE,Back row,Zebre,190,114,2003.01.19,,,,,A,https://all.rugby/player/david-odiase,Colorno (2021 - 2022) -> Oyonnax Rugby (2022 - 2025) -> Zebre Parma (2025 - 2026),Italy,Italy,https://all.rugby/player/david-odiase,Colorno (2021 - 2022) -> Oyonnax Rugby (2022 - 2025) -> Zebre Parma (2025 - 2026)
Davide RUGGERI,Davide RUGGERI,Back row,Zebre,189,109,1999.05.07,,,,,A,https://all.rugby/player/davide-ruggeri,Zebre Parma (2018 - 2019) -> Rugby Rovigo Delta (2019 - 2020) -> Benetton Rugby Trévise (2020 - 2021) -> Rugby Rovigo Delta (2021 - 2022) -> Zebre Parma (2022 - 2026),,,https://all.rugby/player/davide-ruggeri,Zebre Parma (2018 - 2019) -> Rugby Rovigo Delta (2019 - 2020) -> Benetton Rugby Trévise (2020 - 2021) -> Rugby Rovigo Delta (2021 - 2022) -> Zebre Parma (2022 - 2026)
Giacomo FERRARI,Giacomo FERRARI,Back row,Zebre,190,107,2002.01.22,,,,,A,https://all.rugby/player/giacomo-ferrari,Unione Rugby Capitolina (2021 - 2022) -> Zebre Parma (2022 - 2026),,,https://all.rugby/player/giacomo-ferrari,Unione Rugby Capitolina (2021 - 2022) -> Zebre Parma (2022 - 2026)
Giacomo MILANO,Giacomo MILANO,Back row,Zebre,192,110,2005..,,,,,A,https://all.rugby/player/giacomo-milano,Unione Rugby Capitolina (2023 - 2024) -> Zebre Parma (2024 - 2026),,,https://all.rugby/player/giacomo-milano,Unione Rugby Capitolina (2023 - 2024) -> Zebre Parma (2024 - 2026)
Giovanni LICATA,Giovanni LICATA,Back row,Zebre,193,111,1997.02.18,,,,,A,https://all.rugby/player/giovanni-licata,Zebre Parma (2017 - 2026),Italy,Italy,https://all.rugby/player/giovanni-licata,Zebre Parma (2017 - 2026)
Guido VOLPI,Guido VOLPI,Back row,Zebre,193,112,1995.08.22,,,,,A,https://all.rugby/player/guido-volpi,Old Georgian Club (2016 - 2017) -> Racing Club Narbonnais (2017 - 2018) -> Ospreys (2018 - 2019) -> Doncaster Knights (2019 - 2019) -> Ospreys (2020 - 2020) -> Doncaster Knights (2020 - 2020) -> Ospreys (2020 - 2020) -> Doncaster Knights (2020 - 2020) -> Ospreys (2021 - 2021) -> Doncaster Knights (2021 - 2022) -> Zebre Parma (2022 - 2026),,,https://all.rugby/player/guido-volpi,Old Georgian Club (2016 - 2017) -> Racing Club Narbonnais (2017 - 2018) -> Ospreys (2018 - 2019) -> Doncaster Knights (2019 - 2019) -> Ospreys (2020 - 2020) -> Doncaster Knights (2020 - 2020) -> Ospreys (2020 - 2020) -> Doncaster Knights (2020 - 2020) -> Ospreys (2021 - 2021) -> Doncaster Knights (2021 - 2022) -> Zebre Parma (2022 - 2026)
Iacopo BIANCHI,Iacopo BIANCHI,Back row,Zebre,188,108,1998.05.05,,,,,A,https://all.rugby/player/iacopo-bianchi,Zebre Parma (2018 - 2026),,,https://all.rugby/player/iacopo-bianchi,Zebre Parma (2018 - 2026)
Samuele LOCATELLI,Samuele LOCATELLI,Back row,Zebre,187,109,2001.07.30,,,,,A,https://all.rugby/player/samuele-locatelli,Rugby Viadana 1970 (2021 - 2024) -> Zebre Parma (2024 - 2024) -> Rugby Viadana 1970 (2024 - 2024) -> Zebre Parma (2025 - 2025) -> Rugby Viadana 1970 (2025 - 2025) -> Zebre Parma (2025 - 2026),,,https://all.rugby/player/samuele-locatelli,Rugby Viadana 1970 (2021 - 2024) -> Zebre Parma (2024 - 2024) -> Rugby Viadana 1970 (2024 - 2024) -> Zebre Parma (2025 - 2025) -> Rugby Viadana 1970 (2025 - 2025) -> Zebre Parma (2025 - 2026)
Alessandro FUSCO,Alessandro FUSCO,SH,Zebre,185,91,1999.10.28,,,,,A,https://all.rugby/player/alessandro-fusco,Fiamme Oro Roma (2019 - 2020) -> Zebre Parma (2020 - 2026),,,https://all.rugby/player/alessandro-fusco,Fiamme Oro Roma (2019 - 2020) -> Zebre Parma (2020 - 2026)
Gonzalo GARCIA,Gonzalo GARCIA,SH,Zebre,173,82,1999.03.05,,,,,A,https://all.rugby/player/gonzalo-garcia-1999,Natacion y Gimnasia (2017 - 2019) -> Dogos XV (2019 - 2020) -> Cafeteros Pro (2020 - 2021) -> Valorugby Emilia (2021 - 2022) -> Zebre Parma (2022 - 2026),Argentina,Argentina,https://all.rugby/player/gonzalo-garcia-1999,Natacion y Gimnasia (2017 - 2019) -> Dogos XV (2019 - 2020) -> Cafeteros Pro (2020 - 2021) -> Valorugby Emilia (2021 - 2022) -> Zebre Parma (2022 - 2026)
Thomas DOMINGUEZ,Thomas DOMINGUEZ,SH,Zebre,175,79,1999.12.18,,,,,A,https://all.rugby/player/thomas-dominguez,Club Atlético San Isidro (2018 - 2019) -> Valorugby Emilia (2021 - 2023) -> Zebre Parma (2023 - 2026),,,https://all.rugby/player/thomas-dominguez,Club Atlético San Isidro (2018 - 2019) -> Valorugby Emilia (2021 - 2023) -> Zebre Parma (2023 - 2026)
Giacomo DA RE,Giacomo DA RE,SO,Zebre,180,84,1999.03.29,,,,,A,https://all.rugby/player/giacomo-da-re,Mogliano Veneto Rugby (2017 - 2021) -> Benetton Rugby Trévise (2021 - 2024) -> Zebre Parma (2024 - 2026),,,https://all.rugby/player/giacomo-da-re,Mogliano Veneto Rugby (2017 - 2021) -> Benetton Rugby Trévise (2021 - 2024) -> Zebre Parma (2024 - 2026)
Giovanni MONTEMAURI,Giovanni MONTEMAURI,SO,Zebre,189,92,2000.10.24,,,,,A,https://all.rugby/player/giovanni-montemauri,Stade Français Paris Rugby (2019 - 2020) -> Lazio (2020 - 2022) -> Rugby Rovigo Delta (2022 - 2023) -> Zebre Parma (2023 - 2026),,,https://all.rugby/player/giovanni-montemauri,Stade Français Paris Rugby (2019 - 2020) -> Lazio (2020 - 2022) -> Rugby Rovigo Delta (2022 - 2023) -> Zebre Parma (2023 - 2026)
Martin ROGER FARIAS,Martin ROGER FARIAS,SO,Zebre,186,94,1997.10.22,,,,,A,https://all.rugby/player/martin-roger-farias,Club Atlético San Isidro (2020 - 2021) -> Rugby Viadana 1970 (2023 - 2025) -> Zebre Parma (2025 - 2026),,,https://all.rugby/player/martin-roger-farias,Club Atlético San Isidro (2020 - 2021) -> Rugby Viadana 1970 (2023 - 2025) -> Zebre Parma (2025 - 2026)
Damiano MAZZA,Damiano MAZZA,CTB,Zebre,183,99,1999.02.16,,,,,A,https://all.rugby/player/damiano-mazza,Rugby Calvisano (2018 - 2022) -> Zebre Parma (2022 - 2026),,,https://all.rugby/player/damiano-mazza,Rugby Calvisano (2018 - 2022) -> Zebre Parma (2022 - 2026)
Enrico LUCCHIN,Enrico LUCCHIN,CTB,Zebre,188,103,1995.04.04,,,,,A,https://all.rugby/player/enrico-lucchin,Zebre Parma (2019 - 2026),Italy,Italy,https://all.rugby/player/enrico-lucchin,Zebre Parma (2019 - 2026)
Giulio BERTACCINI,Giulio BERTACCINI,CTB,Zebre,184,93,2000.11.29,,,,,A,https://all.rugby/player/giulio-bertaccini,Valorugby Emilia (2019 - 2024) -> Zebre Parma (2024 - 2024) -> Valorugby Emilia (2024 - 2024) -> Zebre Parma (2025 - 2025) -> Valorugby Emilia (2025 - 2025) -> Zebre Parma (2025 - 2026),,,https://all.rugby/player/giulio-bertaccini,Valorugby Emilia (2019 - 2024) -> Zebre Parma (2024 - 2024) -> Valorugby Emilia (2024 - 2024) -> Zebre Parma (2025 - 2025) -> Valorugby Emilia (2025 - 2025) -> Zebre Parma (2025 - 2026)
Luca MORISI,Luca MORISI,CTB,Zebre,183,102,1991.02.22,,,,,A,https://all.rugby/player/luca-morisi,Benetton Rugby Trévise (2013 - 2022) -> London Irish (2022 - 2023) -> Zebre Parma (2023 - 2026),Italy,Italy,https://all.rugby/player/luca-morisi,Benetton Rugby Trévise (2013 - 2022) -> London Irish (2022 - 2023) -> Zebre Parma (2023 - 2026)
Marco ZANON,Marco ZANON,CTB,Zebre,188,104,1997.10.03,,,,,A,https://all.rugby/player/marco-zanon,Benetton Rugby Trévise (2017 - 2021) -> Section Paloise Béarn Pyrénées (2021 - 2021) -> Benetton Rugby Trévise (2022 - 2022) -> Section Paloise Béarn Pyrénées (2022 - 2022) -> Benetton Rugby Trévise (2022 - 2025) -> Zebre Parma (2025 - 2026),Italy,Italy,https://all.rugby/player/marco-zanon,Benetton Rugby Trévise (2017 - 2021) -> Section Paloise Béarn Pyrénées (2021 - 2021) -> Benetton Rugby Trévise (2022 - 2022) -> Section Paloise Béarn Pyrénées (2022 - 2022) -> Benetton Rugby Trévise (2022 - 2025) -> Zebre Parma (2025 - 2026)
Albert BATISTA,Albert BATISTA,Winger,Zebre,180,87,2000.06.10,,,,,A,https://all.rugby/player/albert-batista,Colorno (2020 - 2025) -> Zebre Parma (2025 - 2026),Dominican Republic,Dominican Republic,https://all.rugby/player/albert-batista,Colorno (2020 - 2025) -> Zebre Parma (2025 - 2026)
Jacopo TRULLA,Jacopo TRULLA,Winger,Zebre,183,88,2000.07.05,,,,,A,https://all.rugby/player/jacopo-trulla,Rugby Calvisano (2019 - 2019) -> Zebre Parma (2019 - 2019) -> Rugby Calvisano (2020 - 2020) -> Zebre Parma (2020 - 2026),Italy,Italy,https://all.rugby/player/jacopo-trulla,Rugby Calvisano (2019 - 2019) -> Zebre Parma (2019 - 2019) -> Rugby Calvisano (2020 - 2020) -> Zebre Parma (2020 - 2026)
Malik FAISSAL,Malik FAISSAL,Winger,Zebre,183,92,2006..,,,,,A,https://all.rugby/player/malik-faissal,Zebre Parma (2024 - 2026),,,https://all.rugby/player/malik-faissal,Zebre Parma (2024 - 2026)
Simone GESI,Simone GESI,Winger,Zebre,183,80,2001.05.23,,,,,A,https://all.rugby/player/simone-gesi,Colorno (2020 - 2021) -> Zebre Parma (2021 - 2021) -> Colorno (2022 - 2022) -> Zebre Parma (2022 - 2026),,,https://all.rugby/player/simone-gesi,Colorno (2020 - 2021) -> Zebre Parma (2021 - 2021) -> Colorno (2022 - 2022) -> Zebre Parma (2022 - 2026)
Lorenzo PANI,Lorenzo PANI,FB,Zebre,193,101,2002.07.04,,,,,A,https://all.rugby/player/lorenzo-pani,Benetton Rugby Trévise (2021 - 2021) -> Zebre Parma (2021 - 2021) -> Benetton Rugby Trévise (2022 - 2022) -> Zebre Parma (2022 - 2026),,,https://all.rugby/player/lorenzo-pani,Benetton Rugby Trévise (2021 - 2021) -> Zebre Parma (2021 - 2021) -> Benetton Rugby Trévise (2022 - 2022) -> Zebre Parma (2022 - 2026)
Mirko BELLONI,Mirko BELLONI,FB,Zebre,187,99,2004..,,,,,A,https://all.rugby/player/mirko-belloni,Verona Rugby (2022 - 2024) -> Rugby Rovigo Delta (2024 - 2025) -> Zebre Parma (2025 - 2026),,,https://all.rugby/player/mirko-belloni,Verona Rugby (2022 - 2024) -> Rugby Rovigo Delta (2024 - 2025) -> Zebre Parma (2025 - 2026)
Migael PRINSLOO,Migael PRINSLOO,SH,Zebre,181,82,2006..,,,,,A,https://all.rugby/player/migael-prinsloo,Benetton Rugby Trévise (2024 - 2025) -> Zebre Parma (2025 - 2026),,,https://all.rugby/player/migael-prinsloo,Benetton Rugby Trévise (2024 - 2025) -> Zebre Parma (2025 - 2026)
Nikolaj VAROTTO,Nikolaj VAROTTO,SH,Zebre,170,80,2006..,,,,,A,https://all.rugby/player/nikolaj-varotto,Zebre Parma (2025 - 2026),,,https://all.rugby/player/nikolaj-varotto,Zebre Parma (2025 - 2026)
