div,name,missing,file
high-school,目黒雄心,"birth_date,university,high_school,country",src/content/players/high-school/player-69035b81.md
high-school,近藤颯生,"birth_date,university,high_school,country",src/content/players/high-school/player-7c510c96.md
high-school,鎌田麗央,"birth_date,university,high_school,country",src/content/players/high-school/player-4f9c067d.md
high-school,門田龍海,"birth_date,university,high_school,country",src/content/players/high-school/player-5ec1c3e0.md
pro,A. Ainsworth-Cave,"height,weight,birth_date,age,university,high_school,country",src/content/players/pro/a.-ainsworth-cave.md
pro,A. Barbeary,"height,weight,birth_date,age,university,high_school,country",src/content/players/pro/a.-barbeary.md
pro,A. Bell,"height,weight,birth_date,age,university,high_school,country",src/content/players/pro/a.-bell.md
pro,A. Benson,"height,weight,birth_date,age,university,high_school,country",src/content/players/pro/a.-benson.md
pro,A. Boshoff,"height,weight,birth_date,age,university,high_school,country",src/content/players/pro/a.-boshoff.md
pro,A. Bradshaw,"height,weight,birth_date,age,university,high_school,country",src/content/players/pro/a.-bradshaw.md
pro,A. Brocklebank,"height,weight,birth_date,age,university,high_school,country",src/content/players/pro/a.-brocklebank.md
pro,A. Caqusau,"height,weight,birth_date,age,university,high_school,country",src/content/players/pro/a.-caqusau.md
pro,A. Clarey,"height,weight,birth_date,age,university,high_school,country",src/content/players/pro/a.-clarey.md
pro,A. Emens,"height,weight,birth_date,age,university,high_school,country",src/content/players/pro/a.-emens.md
pro,A. Evans-Fecci,"height,weight,birth_date,age,university,high_school,country",src/content/players/pro/a.-evans-fecci.md
pro,A. Fasogbon,"height,weight,birth_date,age,university,high_school,country",src/content/players/pro/a.-fasogbon.md
pro,A. Green,"height,weight,birth_date,age,university,high_school,country",src/content/players/pro/a.-green.md
pro,A. Hall,"height,weight,birth_date,age,university,high_school,country",src/content/players/pro/a.-hall.md
pro,A. Heaney,"height,weight,birth_date,age,university,high_school,country",src/content/players/pro/a.-heaney.md
pro,A. Hearle,"height,weight,birth_date,age,university,high_school,country",src/content/players/pro/a.-hearle.md
pro,A. Longstaff,"height,weight,birth_date,age,university,high_school,country",src/content/players/pro/a.-longstaff.md
pro,A. McArthur,"height,weight,birth_date,age,university,high_school,country",src/content/players/pro/a.-mcarthur.md
pro,A. McParland,"height,weight,birth_date,age,university,high_school,country",src/content/players/pro/a.-mcparland.md
pro,A. O'Driscoll,"height,weight,birth_date,age,university,high_school,country",src/content/players/pro/a.-o'driscoll.md
pro,A. Pugh,"height,weight,birth_date,age,university,high_school,country",src/content/players/pro/a.-pugh.md
pro,A. Ridgway,"height,weight,birth_date,age,university,high_school,country",src/content/players/pro/a.-ridgway.md
pro,A. Scott,"height,weight,birth_date,age,university,high_school,country",src/content/players/pro/a.-scott.md
pro,A. Scott-Young,"height,weight,birth_date,age,university,high_school,country",src/content/players/pro/a.-scott-young.md
pro,A. Wills,"height,weight,birth_date,age,university,high_school,country",src/content/players/pro/a.-wills.md
pro,A. van der Flier,"height,weight,birth_date,age,university,high_school,country",src/content/players/pro/a.-van-der-flier.md
pro,AJ LAM,"university,high_school,country",src/content/players/pro/aj-lam.md
pro,AJ MacGinty,"height,weight,university,high_school,country",src/content/players/pro/aj-macginty.md
pro,Aaron GRANDIDIER,"university,high_school,country",src/content/players/pro/aaron-grandidier.md
pro,Abraham PAPALI'I,"university,high_school",src/content/players/pro/abraham-papali-i.md
pro,Abraham POLE,"university,high_school,country",src/content/players/pro/abraham-pole.md
pro,Adam BEARD,"university,high_school",src/content/players/pro/adam-beard.md
pro,Adam COLEMAN,"university,high_school,country",src/content/players/pro/adam-coleman.md
pro,Adam LENNOX,"university,high_school,country",src/content/players/pro/adam-lennox.md
pro,Adam Radwan,"height,weight,university,high_school,country",src/content/players/pro/adam-radwan.md
pro,Adam VARGAS,"university,high_school,country",src/content/players/pro/adam-vargas.md
pro,Adrea COCAGI,"university,high_school",src/content/players/pro/adrea-cocagi.md
pro,Adrien DRAULT,"university,high_school,country",src/content/players/pro/adrien-drault.md
pro,Adrien SEGURET,"university,high_school",src/content/players/pro/adrien-seguret.md
pro,Adrien WARION,"university,high_school",src/content/players/pro/adrien-warion.md
pro,Agustin MOYANO,"university,high_school,country",src/content/players/pro/agustin-moyano.md
pro,Aidan PUGH,"height,weight,birth_date,university,high_school,country",src/content/players/pro/aidan-pugh.md
pro,Aidan ROSS,"university,high_school,country",src/content/players/pro/aidan-ross.md
pro,Aiden AINSWORTH-CAVE,"height,weight,birth_date,university,high_school,country",src/content/players/pro/aiden-ainsworth-cave.md
pro,Aisake VAKASIUOLA,"university,high_school,country",src/content/players/pro/aisake-vakasiuola.md
pro,Aisea NAWAI,"height,weight,university,high_school,country",src/content/players/pro/aisea-nawai.md
pro,Aitzol KING,"university,high_school,country",src/content/players/pro/aitzol-king.md
pro,Akato FAKATIKA,"university,high_school",src/content/players/pro/akato-fakatika.md
pro,Aki TUIVAILALA,"university,high_school,country",src/content/players/pro/aki-tuivailala.md
pro,Alan SPICER,"university,high_school,country",src/content/players/pro/alan-spicer.md
pro,Alban PORTAT,"height,weight,birth_date,university,high_school,country",src/content/players/pro/alban-portat.md
pro,Albert ALCOCK,"weight,university,high_school,country",src/content/players/pro/albert-alcock.md
pro,Albert LINDNER,"height,weight,university,high_school,country",src/content/players/pro/albert-lindner.md
pro,Albie BESTER,"university,high_school,country",src/content/players/pro/albie-bester.md
pro,Ale AHO,"university,high_school,country",src/content/players/pro/ale-aho.md
pro,Ale Loman,"height,weight,university,high_school,country",src/content/players/pro/ale-loman.md
pro,Aled DAVIES,"university,high_school,country",src/content/players/pro/aled-davies.md
pro,Aleix RIBERA,"height,weight,birth_date,age,university,high_school,country",src/content/players/pro/aleix-ribera.md
pro,Aleksandre KUNTELIA,"university,high_school",src/content/players/pro/aleksandre-kuntelia.md
pro,Alessandro FUSCO,"university,high_school,country",src/content/players/pro/alessandro-fusco.md
pro,Alessandro GARBISI,"university,high_school,country",src/content/players/pro/alessandro-garbisi.md
pro,Alessandro IZEKOR,"university,high_school,country",src/content/players/pro/alessandro-izekor.md
pro,Alex COLES,"height,weight,birth_date,university,high_school,country",src/content/players/pro/alex-coles.md
pro,Alex CRAIG,"university,high_school,country",src/content/players/pro/alex-craig.md
pro,Alex Dombrandt,"height,weight,university,high_school,country",src/content/players/pro/alex-dombrandt.md
pro,Alex HARFORD,"university,high_school,country",src/content/players/pro/alex-harford.md
pro,Alex KENDELLEN,"university,high_school,country",src/content/players/pro/alex-kendellen.md
pro,Alex Lozowski,"height,weight,university,high_school,country",src/content/players/pro/alex-lozowski.md
pro,Alex MANN,"university,high_school,country",src/content/players/pro/alex-mann.md
pro,Alex MASIBAKA,"university,high_school,country",src/content/players/pro/alex-masibaka.md
pro,Alex MITCHELL,"height,weight,birth_date,university,high_school,country",src/content/players/pro/alex-mitchell.md
pro,Alex MOON,"university,high_school,country",src/content/players/pro/alex-moon.md
pro,Alex NEWSOME,"university,high_school,country",src/content/players/pro/alex-newsome.md
pro,Alex RIDGWAY,"height,weight,birth_date,university,high_school,country",src/content/players/pro/alex-ridgway.md
pro,Alex SAMUEL,"university,high_school,country",src/content/players/pro/alex-samuel.md
pro,Alex SOROKA,"university,high_school,country",src/content/players/pro/alex-soroka.md
pro,Alexandre BECOGNEE,"university,high_school",src/content/players/pro/alexandre-becognee.md
pro,Alexandre FISCHER,"university,high_school,country",src/content/players/pro/alexandre-fischer.md
pro,Alexandre KADDOURI,"university,high_school",src/content/players/pro/alexandre-kaddouri.md
pro,Alexandre ROUMAT,"university,high_school,country",src/content/players/pro/alexandre-roumat.md
pro,Alexandre TCHAPTCHET,"university,high_school",src/content/players/pro/alexandre-tchaptchet.md
pro,Alexis BERNADET,"university,high_school",src/content/players/pro/alexis-bernadet.md
pro,Alfie BARBEARY,"height,weight,birth_date,university,high_school,country",src/content/players/pro/alfie-barbeary.md
pro,Alfie GRIFFIN,"height,weight,birth_date,age,university,high_school,country",src/content/players/pro/alfie-griffin.md
pro,Alfred PARISIEN,"university,high_school",src/content/players/pro/alfred-parisien.md
pro,Ali PRICE,"university,high_school",src/content/players/pro/ali-price.md
pro,Ali VERMAAK,"university,high_school,country",src/content/players/pro/alistair-vermaak.md
pro,Alivereti DUGUIVALU,"university,high_school",src/content/players/pro/alifereti-duguivalu.md
pro,Alivereti LOALOA,"university,high_school,country",src/content/players/pro/alivereti-loaloa.md
pro,Alivereti RAKA,"university,high_school,country",src/content/players/pro/alivereti-raka.md
pro,Allan ALAALATOA,"university,high_school,country",src/content/players/pro/allan-alaalatoa.md
pro,Allan CRAIG,"university,high_school,country",src/content/players/pro/allan-craig.md
pro,Alovisio KOLIVAI,"university,high_school",src/content/players/pro/alovisio-kolivai.md
pro,Alvaro GARCIA,"university,high_school,country",src/content/players/pro/alvaro-garcia.md
pro,Amanaki Mafi,"height,weight,university,high_school,country",src/content/players/pro/amanaki-mafi.md
pro,Amena CAQUSAU,"height,weight,birth_date,university,high_school,country",src/content/players/pro/amena-caqusau.md
pro,Andr ESTERHUIZEN,"university,high_school,country",src/content/players/pro/andre-esterhuizen.md
pro,Andrea Zambonin,"height,weight,university,high_school,country",src/content/players/pro/andrea-zambonin.md
pro,Andrew KELLAWAY,"university,high_school,country",src/content/players/pro/andrew-kellaway.md
pro,Andrew KNEWSTUBB,"university,high_school,country",src/content/players/pro/andrew-knewstubb.md
pro,Andro DVALI,"university,high_school",src/content/players/pro/andro-dvali.md
pro,Andy BORDELAI,"university,high_school,country",src/content/players/pro/andy-bordelai.md
pro,Andy MUIRHEAD,"university,high_school,country",src/content/players/pro/andy-muirhead.md
pro,Andy Onyeama-Christie,"height,weight,university,high_school,country",src/content/players/pro/andy-onyeama-christie.md
pro,Andy TIMO,"university,high_school,country",src/content/players/pro/andy-timo.md
pro,Andy UREN,"university,high_school,country",src/content/players/pro/andy-uren.md
pro,Aneurin OWEN,"university,high_school,country",src/content/players/pro/aneurin-owen.md
pro,Ange CAPUOZZO,"university,high_school,country",src/content/players/pro/ange-capuozzo.md
pro,Angelo SMITH,"university,high_school,country",src/content/players/pro/angelo-smith.md
pro,Angus BELL,"university,high_school,country",src/content/players/pro/angus-bell.md
pro,Angus BLYTH,"university,high_school,country",src/content/players/pro/angus-blyth.md
pro,Angus GROVER,"height,weight,birth_date,age,university,high_school,country",src/content/players/pro/angus-grover.md
pro,Angus SCOTT-YOUNG,"university,high_school,country",src/content/players/pro/angus-scott-young.md
pro,Angus TA'AVAO,"university,high_school,country",src/content/players/pro/angus-taavao-matau.md
pro,Angus WILLIAMS,"university,high_school,country",src/content/players/pro/angus-williams.md
pro,Anthime HEMERY,"university,high_school,country",src/content/players/pro/anthime-hemery.md
pro,Anthony BELLEAU,"height,weight,birth_date,university,high_school,country",src/content/players/pro/anthony-belleau.md
pro,Anthony BOUTHIER,"university,high_school",src/content/players/pro/anthony-bouthier.md
pro,Anthony JELONCH,"university,high_school,country",src/content/players/pro/anthony-jelonch.md
pro,Antoine AUCAGNE,"university,high_school",src/content/players/pro/antoine-aucagne.md
pro,Antoine DELIANCE,"university,high_school,country",src/content/players/pro/antoine-deliance.md
pro,Antoine DUPONT,"university,high_school,country",src/content/players/pro/antoine-dupont.md
pro,Antoine FRISCH,"university,high_school",src/content/players/pro/antoine-frisch.md
pro,Antoine GIBERT,"university,high_school,country",src/content/players/pro/antoine-gibert.md
pro,Antoine HASTOY,"university,high_school",src/content/players/pro/antoine-hastoy.md
pro,Antoine TICHIT,"university,high_school",src/content/players/pro/antoine-tichit.md
pro,Anton SEGNER,"university,high_school,country",src/content/players/pro/anton-segner.md
pro,Antonio SHALFOON,"university,high_school,country",src/content/players/pro/antonio-shalfoon.md
pro,Aphelele FASSI,"university,high_school,country",src/content/players/pro/aphelele-fassi.md
pro,Apolosi RANAWAI,"university,high_school,country",src/content/players/pro/apolosi-ranawai.md
pro,Archie APPLEBY,"height,weight,birth_date,university,high_school,country",src/content/players/pro/archie-appleby.md
pro,Archie BENSON,"height,weight,birth_date,university,high_school,country",src/content/players/pro/archie-benson.md
pro,Archie GRIFFIN,"height,weight,birth_date,university,high_school,country",src/content/players/pro/archie-griffin.md
pro,Archie HUGHES,"university,high_school,country",src/content/players/pro/archie-hughes.md
pro,Archie MCMICHAEL,"university,high_school,country",src/content/players/pro/archie-mcmichael.md
pro,Archie MCPARLAND,"height,weight,birth_date,university,high_school,country",src/content/players/pro/archie-mcparland.md
pro,Archie SAUNDERS,"university,high_school,country",src/content/players/pro/archie-saunders.md
pro,Arese POLIKO,"university,high_school,country",src/content/players/pro/arese-poliko.md
pro,Arnaud ERBINARTEGARAY,"university,high_school,country",src/content/players/pro/arnaud-erbinartegaray.md
pro,Arno BOTHA,"university,high_school",src/content/players/pro/arno-botha.md
pro,Arron Reed,"height,weight,university,high_school,country",src/content/players/pro/arron-reed.md
pro,Arthur Clark,"height,weight,university,high_school,country",src/content/players/pro/arthur-clark.md
pro,Arthur GREEN,"height,weight,birth_date,university,high_school,country",src/content/players/pro/arthur-green.md
pro,Arthur ITURRIA,"university,high_school,country",src/content/players/pro/arthur-iturria.md
pro,Arthur MATHIRON,"university,high_school",src/content/players/pro/arthur-mathiron.md
pro,Arthur RETIERE,"university,high_school,country",src/content/players/pro/arthur-retiere.md
pro,Arthur ROCHE,"university,high_school,country",src/content/players/pro/arthur-roche.md
pro,Arthur VINCENT,"university,high_school",src/content/players/pro/arthur-vincent.md
pro,Asad MOOS,"university,high_school,country",src/content/players/pro/asad-moos.md
pro,Asafo AUMUA,"university,high_school,country",src/content/players/pro/asafo-aumua.md
pro,Asenathi NTLABAKANYE,"university,high_school,country",src/content/players/pro/asenathi-ntlabakanye.md
pro,Asher Opoku-Fordjour,"height,weight,university,high_school,country",src/content/players/pro/asher-opoku-fordjour.md
pro,Atu MANU,"university,high_school",src/content/players/pro/atu-manu.md
pro,Atunaisa SOKOBALE,"university,high_school,country",src/content/players/pro/atunaisa-sokobale.md
pro,Auguste CADOT,"university,high_school",src/content/players/pro/auguste-cadot.md
pro,Augustine PULU,"university,high_school,country",src/content/players/pro/augustine-pulu.md
pro,Aurelien AZAR,"university,high_school",src/content/players/pro/aurelien-azar.md
pro,Austin ANDERSON,"university,high_school,country",src/content/players/pro/austin-anderson.md
pro,Austin DURBIDGE,"university,high_school,country",src/content/players/pro/austin-durbidge.md
pro,Austin EMENS,"height,weight,birth_date,university,high_school,country",src/content/players/pro/austin-emens.md
pro,Ave MAALO,"university,high_school,country",src/content/players/pro/ave-maalo.md
pro,Axel DESPERES,"university,high_school,country",src/content/players/pro/axel-desperes.md
pro,Axel GUILLAUD,"university,high_school,country",src/content/players/pro/axel-guillaud.md
pro,Axel MIRANDE,"height,weight,birth_date,university,high_school,country",src/content/players/pro/axel-mirande.md
pro,Aymeric LUC,"university,high_school,country",src/content/players/pro/aymeric-luc.md
pro,Azur HOT-SIMON,"height,weight,birth_date,university,high_school,country",src/content/players/pro/azur-hot-simon.md
pro,B. Alexander,"height,weight,birth_date,age,university,high_school,country",src/content/players/pro/b.-alexander.md
pro,B. Bamber,"height,weight,birth_date,age,university,high_school,country",src/content/players/pro/b.-bamber.md
pro,B. Bradley,"height,weight,birth_date,age,university,high_school,country",src/content/players/pro/b.-bradley.md
pro,B. Chamberlain,"height,weight,birth_date,age,university,high_school,country",src/content/players/pro/b.-chamberlain.md
pro,B. Coen,"height,weight,birth_date,age,university,high_school,country",src/content/players/pro/b.-coen.md
pro,B. Connon,"height,weight,birth_date,age,university,high_school,country",src/content/players/pro/b.-connon.md
pro,B. Earl,"height,weight,birth_date,age,university,high_school,country",src/content/players/pro/b.-earl.md
pro,B. Gordon,"height,weight,birth_date,age,university,high_school,country",src/content/players/pro/b.-gordon.md
pro,B. Hammersley,"height,weight,birth_date,age,university,high_school,country",src/content/players/pro/b.-hammersley.md
pro,B. Jackson,"height,weight,birth_date,age,university,high_school,country",src/content/players/pro/b.-jackson.md
pro,B. Janse van Rensburg,"height,weight,birth_date,age,university,high_school,country",src/content/players/pro/b.-janse-van-rensburg.md
pro,B. Langton-Cryer,"height,weight,birth_date,age,university,high_school,country",src/content/players/pro/b.-langton-cryer.md
pro,B. Loader,"height,weight,birth_date,age,university,high_school,country",src/content/players/pro/b.-loader.md
pro,B. Mata,"height,weight,birth_date,age,university,high_school,country",src/content/players/pro/b.-mata.md
pro,B. Morrow,"height,weight,birth_date,age,university,high_school,country",src/content/players/pro/b.-morrow.md
pro,B. Murphy,"height,weight,birth_date,age,university,high_school,country",src/content/players/pro/b.-murphy.md
pro,B. Pasco,"height,weight,birth_date,age,university,high_school,country",src/content/players/pro/b.-pasco.md
pro,B. Redshaw,"height,weight,birth_date,age,university,high_school,country",src/content/players/pro/b.-redshaw.md
pro,B. Searle,"height,weight,birth_date,age,university,high_school,country",src/content/players/pro/b.-searle.md
pro,B. Sela,"height,weight,birth_date,age,university,high_school,country",src/content/players/pro/b.-sela.md
pro,B. Waghorn,"height,weight,birth_date,age,university,high_school,country",src/content/players/pro/b.-waghorn.md
pro,B. van der Linde,"height,weight,birth_date,age,university,high_school,country",src/content/players/pro/b.-van-der-linde.md
pro,Bachuki Tchumbadze,"height,weight,university,high_school,country",src/content/players/pro/bachuki-tchumbadze.md
pro,Bailey CUTTS,"university,high_school,country",src/content/players/pro/bailey-cutts.md
pro,Bailyn SULLIVAN,"university,high_school,country",src/content/players/pro/bailyn-sullivan.md
pro,Baptiste CHOUZENOUX,"university,high_school,country",src/content/players/pro/baptiste-chouzenoux.md
pro,Baptiste COPE,"university,high_school",src/content/players/pro/baptiste-cope.md
pro,Baptiste COUILLOUD,"university,high_school",src/content/players/pro/baptiste-couilloud.md
pro,Baptiste DELAPORTE,"university,high_school",src/content/players/pro/baptiste-delaporte.md
pro,Baptiste ERDOCIO,"university,high_school",src/content/players/pro/baptiste-erdocio.md
pro,Baptiste GERMAIN,"university,high_school,country",src/content/players/pro/baptiste-germain.md
pro,Baptiste HEGUY,"university,high_school,country",src/content/players/pro/baptiste-heguy.md
pro,Baptiste JAUNEAU,"university,high_school,country",src/content/players/pro/baptiste-jauneau.md
pro,Baptiste PESENTI,"university,high_school,country",src/content/players/pro/baptiste-pesenti.md
pro,Baptiste SERIN,"university,high_school",src/content/players/pro/baptiste-serin.md
pro,Baptiste TILLOLES,"university,high_school,country",src/content/players/pro/baptiste-tilloles.md
pro,Barnabe MASSA,"university,high_school,country",src/content/players/pro/barnabe-massa.md
pro,Bastien CHALUREAU,"university,high_school",src/content/players/pro/bastien-chalureau.md
pro,Bastien CHINARRO,"university,high_school",src/content/players/pro/bastien-chinarro.md
pro,Bastien VERGNES-TAILLEFER,"university,high_school,country",src/content/players/pro/bastien-vergnes-taillefer.md
pro,Bautista BERNASCONI,"university,country",src/content/players/pro/bautista-bernasconi.md
pro,Bautista DELGUY,"university,high_school,country",src/content/players/pro/bautista-delguy.md
pro,Bayley KUENZLE,"university,high_school,country",src/content/players/pro/bayley-kuenzle.md
pro,Beauden BARRETT,"university,high_school,country",src/content/players/pro/beauden-barrett.md
pro,Beka GIGASHVILI,"university,high_school",src/content/players/pro/beka-gigashvili.md
pro,Beka GORGADZE,"university,high_school,country",src/content/players/pro/beka-gorgadze.md
pro,Beka SAGINADZE,"university,high_school",src/content/players/pro/beka-saghinadze.md
pro,Beka SHVANGIRADZE,"university,high_school",src/content/players/pro/beka-shvangiradze.md
pro,Ben AKE,"university,high_school,country",src/content/players/pro/ben-ake.md
pro,Ben ALEXANDER,"height,weight,birth_date,age,university,high_school,country",src/content/players/pro/ben-alexander-22241.md
pro,Ben Curry,"height,weight,university,high_school,country",src/content/players/pro/ben-curry.md
pro,Ben DONALDSON,"university,high_school,country",src/content/players/pro/ben-donaldson.md
pro,Ben GRANT,"university,high_school,country",src/content/players/pro/ben-grant.md
pro,Ben SPENCER,"height,weight,birth_date,university,high_school,country",src/content/players/pro/ben-spencer.md
pro,Ben STEVENSON,"university,high_school",src/content/players/pro/ben-stevenson.md
pro,Ben TAMEIFUNA,"university,high_school,country",src/content/players/pro/ben-tameifuna.md
pro,Ben VOLAVOLA,"university,high_school,country",src/content/players/pro/ben-volavola.md
pro,Ben WHITE,"university,high_school",src/content/players/pro/ben-white.md
pro,Benet KUMEROA,"university,high_school,country",src/content/players/pro/benet-kumeroa.md
pro,Benjamin BERTRAND,"university,high_school,country",src/content/players/pro/benjamin-bertrand.md
pro,Benjamin Elizalde,"height,weight,university,high_school,country",src/content/players/pro/benjamin-elizalde.md
pro,Benjamin Grondona,"height,weight,university,high_school,country",src/content/players/pro/benjamin-grondona.md
pro,Benjamin URDAPILLETA,"university,high_school",src/content/players/pro/benjamin-urdapilleta.md
pro,Beno OBANO,"height,weight,birth_date,university,high_school,country",src/content/players/pro/beno--obano-.md
pro,Bernard VAN DER LINDE,"height,weight,birth_date,university,high_school,country",src/content/players/pro/bernard-van-der-linde.md
pro,Bevan Rodd,"height,weight,university,high_school,country",src/content/players/pro/bevan-rodd.md
pro,Billy BOHAN,"university,high_school,country",src/content/players/pro/billy-bohan.md
pro,Billy PASCO,"height,weight,birth_date,university,high_school,country",src/content/players/pro/billy-pasco.md
pro,Billy POLLARD,"university,high_school,country",src/content/players/pro/billy-pollard.md
pro,Billy PROCTOR,"university,high_school,country",src/content/players/pro/billy-proctor.md
pro,Billy SELA,"height,weight,birth_date,university,high_school,country",src/content/players/pro/billy-sela.md
pro,Billy VUNIPOLA,"university,high_school",src/content/players/pro/billy-vunipola.md
pro,Blair KINGHORN,"university,high_school,country",src/content/players/pro/blair-kinghorn.md
pro,Blake SCHOUPP,"university,high_school,country",src/content/players/pro/blake-schoupp.md
pro,Boan VENTER,"university,high_school,country",src/content/players/pro/boan-venter.md
pro,Bobby BISSU,"university,high_school,country",src/content/players/pro/bobby-bissu.md
pro,Bobby BRENNAN,"height,weight,birth_date,university,high_school,country",src/content/players/pro/bobby-brennan.md
pro,Bobby SHEEHAN,"university,high_school,country",src/content/players/pro/bobby-sheehan.md
pro,Boris PALU,"university,high_school,country",src/content/players/pro/boris-palu.md
pro,Boris Wenger,"height,weight,university,high_school,country",src/content/players/pro/boris-wenger.md
pro,Boston FAKAFANUA,"university,high_school,country",src/content/players/pro/boston-fakafanua.md
pro,Brad SHIELDS,"university,high_school,country",src/content/players/pro/brad-shields.md
pro,Bradley DAVIDS,"university,high_school,country",src/content/players/pro/bradley-davids.md
pro,Bradley SLATER,"university,high_school,country",src/content/players/pro/bradley-slater.md
pro,Brandon PAENGA-AMOSA,"university,high_school,country",src/content/players/pro/brandon-paenga-amosa.md
pro,Brayden IOSE,"university,high_school,country",src/content/players/pro/brayden-iose.md
pro,Braydon ENNOR,"university,high_school,country",src/content/players/pro/braydon-ennor.md
pro,Brett CAMERON,"university,high_school,country",src/content/players/pro/brett-cameron.md
pro,Brian ALAINU'UESE,"university,high_school",src/content/players/pro/brian-alainu-uese.md
pro,Brian DEENY,"university,high_school,country",src/content/players/pro/brian-deeny.md
pro,Brian GLEESON,"university,high_school,country",src/content/players/pro/brian-gleeson.md
pro,Brodie COGHLAN,"university,high_school,country",src/content/players/pro/brodie-coghlan.md
pro,Brodie MCALISTER,"university,high_school,country",src/content/players/pro/brodie-mcalister.md
pro,Bronson MILLS,"university,high_school,country",src/content/players/pro/bronson-mills.md
pro,Bruce DEVAUX,"university,high_school",src/content/players/pro/bruce-devaux.md
pro,Bryce CALVERT,"university,high_school,country",src/content/players/pro/bryce-calvert.md
pro,Byron RALSTON,"university,high_school,country",src/content/players/pro/byron-ralston.md
pro,C. Anderson,"height,weight,birth_date,age,university,high_school,country",src/content/players/pro/c.-anderson.md
pro,C. Bell,"height,weight,birth_date,age,university,high_school,country",src/content/players/pro/c.-bell.md
pro,C. Bemand,"height,weight,birth_date,age,university,high_school,country",src/content/players/pro/c.-bemand.md
pro,C. Bracken,"height,weight,birth_date,age,university,high_school,country",src/content/players/pro/c.-bracken.md
pro,C. Braley,"height,weight,birth_date,age,university,high_school,country",src/content/players/pro/c.-braley.md
pro,C. Byrne,"height,weight,birth_date,age,university,high_school,country",src/content/players/pro/c.-byrne.md
pro,C. Chapman,"height,weight,birth_date,age,university,high_school,country",src/content/players/pro/c.-chapman.md
pro,C. Clare,"height,weight,birth_date,age,university,high_school,country",src/content/players/pro/c.-clare.md
pro,C. Cleaves,"height,weight,birth_date,age,university,high_school,country",src/content/players/pro/c.-cleaves.md
pro,C. Doak,"height,weight,birth_date,age,university,high_school,country",src/content/players/pro/c.-doak.md
pro,C. Doherty,"height,weight,birth_date,age,university,high_school,country",src/content/players/pro/c.-doherty.md
pro,C. Donoghue,"height,weight,birth_date,age,university,high_school,country",src/content/players/pro/c.-donoghue.md
pro,C. Englefield,"height,weight,birth_date,age,university,high_school,country",src/content/players/pro/c.-englefield.md
pro,C. Griffin,"height,weight,birth_date,age,university,high_school,country",src/content/players/pro/c.-griffin.md
pro,C. Hancock,"height,weight,birth_date,age,university,high_school,country",src/content/players/pro/c.-hancock.md
pro,C. Hutchison,"height,weight,birth_date,age,university,high_school,country",src/content/players/pro/c.-hutchison.md
pro,C. James,"height,weight,birth_date,age,university,high_school,country",src/content/players/pro/c.-james.md
pro,C. Jordan,"height,weight,birth_date,age,university,high_school,country",src/content/players/pro/c.-jordan.md
pro,C. Knight,"height,weight,birth_date,age,university,high_school,country",src/content/players/pro/c.-knight.md
pro,C. Miell,"height,weight,birth_date,age,university,high_school,country",src/content/players/pro/c.-miell.md
pro,C. Munga,"height,weight,birth_date,age,university,high_school,country",src/content/players/pro/c.-munga.md
pro,C. Myall,"height,weight,birth_date,age,university,high_school,country",src/content/players/pro/c.-myall.md
pro,C. Neild,"height,weight,birth_date,age,university,high_school,country",src/content/players/pro/c.-neild.md
pro,C. Powell,"height,weight,birth_date,age,university,high_school,country",src/content/players/pro/c.-powell.md
pro,C. Ridl,"height,weight,birth_date,age,university,high_school,country",src/content/players/pro/c.-ridl.md
pro,C. Slevin,"height,weight,birth_date,age,university,high_school,country",src/content/players/pro/c.-slevin.md
pro,C. Titcombe,"height,weight,birth_date,age,university,high_school,country",src/content/players/pro/c.-titcombe.md
pro,C. Treacey,"height,weight,birth_date,age,university,high_school,country",src/content/players/pro/c.-treacey.md
pro,C. Turnbull,"height,weight,birth_date,age,university,high_school,country",src/content/players/pro/c.-turnbull.md
pro,C. Ulcoq,"height,weight,birth_date,age,university,high_school,country",src/content/players/pro/c.-ulcoq.md
pro,C. West,"height,weight,birth_date,age,university,high_school,country",src/content/players/pro/c.-west.md
pro,C. Wright,"height,weight,birth_date,age,university,high_school,country",src/content/players/pro/c.-wright.md
pro,Cadan Murley,"height,weight,university,high_school,country",src/content/players/pro/cadan-murley.md
pro,Cadeyrn NEVILLE,"university,high_school,country",src/content/players/pro/cadeyrn-neville.md
pro,Cai EVANS,"university,high_school,country",src/content/players/pro/cai-evans.md
pro,Caleb CLARKE,"university,high_school,country",src/content/players/pro/caleb-clarke.md
pro,Caleb DELANY,"university,high_school,country",src/content/players/pro/caleb-delany.md
pro,Caleb TANGITAU,"university,high_school,country",src/content/players/pro/caleb-tangitau.md
pro,Callum CHICK,"height,weight,birth_date,university,high_school,country",src/content/players/pro/callum-chick.md
pro,Callum HARKIN,"university,high_school,country",src/content/players/pro/callum-harkin.md
pro,Callum HUNTER HILL,"university,high_school,country",src/content/players/pro/callum-hunter-hill.md
pro,Callum REID,"university,high_school,country",src/content/players/pro/callum-reid.md
pro,Callum WOOLLEY,"weight,birth_date,age,university,high_school,country",src/content/players/pro/callum-woolley.md
pro,Calvin NASH,"university,high_school,country",src/content/players/pro/calvin-nash.md
pro,Cam CHRISTIE,"university,high_school,country",src/content/players/pro/cameron-christie.md
pro,Cam ROIGARD,"university,high_school,country",src/content/players/pro/cameron-roigard.md
pro,Cam WINNETT,"university,high_school,country",src/content/players/pro/cam-winnett.md
pro,Cameron Henderson,"height,weight,university,high_school,country",src/content/players/pro/cameron-henderson.md
pro,Cameron MILLAR,"university,high_school,country",src/content/players/pro/cameron-millar.md
pro,Cameron REDPATH,"height,weight,birth_date,university,high_school,country",src/content/players/pro/cameron-redpath.md
pro,Cameron WOKI,"university,high_school,country",src/content/players/pro/cameron-woki.md
pro,Camille CHAT,"university,high_school",src/content/players/pro/camille-chat.md
pro,Cammy SCOTT,"university,high_school,country",src/content/players/pro/cameron-scott.md
pro,Caolin BLADE,"university,high_school,country",src/content/players/pro/caolin-blade.md
pro,Carlo TIZZANO,"university,high_school,country",src/content/players/pro/carlo-tizzano.md
pro,Carlu SADIE,"university,high_school,country",src/content/players/pro/carlu-sadie.md
pro,Carter GORDON,"university,high_school,country",src/content/players/pro/carter-gordon.md
pro,Carter PRITCHARD,"university,high_school,country",src/content/players/pro/carter-pritchard.md
pro,Carwyn LEGGATT JONES,"university,high_school,country",src/content/players/pro/carwyn-leggatt-jones.md
pro,Carwyn TUIPULOTU,"university,high_school,country",src/content/players/pro/carwyn-tuipulotu.md
pro,Caspar GABRIEL,"university,high_school,country",src/content/players/pro/caspar-gabriel.md
pro,Cathal FORDE,"university,high_school,country",src/content/players/pro/cathal-forde.md
pro,Ceano EVERSON,"university,high_school,country",src/content/players/pro/ceano-everson.md
pro,Cebo DLAMINI,"university,high_school,country",src/content/players/pro/cebolenkosi-dlamini.md
pro,Cedate GOMES SA,"university,high_school",src/content/players/pro/cedate-gomes-sa.md
pro,Celian POUZELGUES,"university,high_school,country",src/content/players/pro/celian-pouzelgues.md
pro,Cerrig スミス,"birth_date,age,university,high_school,country",src/content/players/pro/cerrig-smith.md
pro,Chandler Cunningham-South,"height,weight,university,high_school,country",src/content/players/pro/chandler-cunningham-south.md
pro,Charles KANTE-SAMBA,"university,high_school,country",src/content/players/pro/charles-kante-samba.md
pro,Charles LALOI,"university,high_school,country",src/content/players/pro/charles-laloi.md
pro,Charles OLLIVON,"university,high_school",src/content/players/pro/charles-ollivon.md
pro,Charlesty BERGUET,"university,high_school",src/content/players/pro/charlesty-berguet.md
pro,Charlie Atkinson,"height,weight,university,high_school,country",src/content/players/pro/charlie-atkinson.md
pro,Charlie CALE,"university,high_school,country",src/content/players/pro/charlie-cale.md
pro,Charlie CASSANG,"university,high_school",src/content/players/pro/charlie-cassang.md
pro,Charlie EWELS,"height,weight,birth_date,university,high_school,country",src/content/players/pro/charlie-ewels.md
pro,Charlie GAMBLE,"university,high_school,country",src/content/players/pro/charlie-gamble.md
pro,Charlie GRIFFIN,"height,weight,birth_date,university,high_school,country",src/content/players/pro/charlie-griffin.md
pro,Charlie MCCAIG,"university,high_school,country",src/content/players/pro/charlie-mccaig.md
pro,Charlie SAVALA,"university,high_school,country",src/content/players/pro/charlie-savala.md
pro,Charlie SHIEL,"university,high_school,country",src/content/players/pro/charlie-shiel.md
pro,Charlie TECTOR,"university,high_school,country",src/content/players/pro/charlie-tector.md
pro,Charlie ULCOQ,"height,weight,birth_date,university,high_school,country",src/content/players/pro/charlie-ulcoq.md
pro,Chay FIHAKI,"university,high_school,country",src/content/players/pro/chay-fihaki.md
pro,Che CLARK,"university,high_school,country",src/content/players/pro/che-clark.md
pro,Che HOPE,"university,high_school,country",src/content/players/pro/che-hope.md
pro,Cheikh TIBERGHIEN,"university,high_school,country",src/content/players/pro/cheikh-tiberghien.md
pro,Cheswill JOOSTE,"university,high_school,country",src/content/players/pro/cheswill-jooste.md
pro,Chijindu OKONTA,"university,high_school,country",src/content/players/pro/chijindu-okonta.md
pro,Chris APOUA,"university,high_school,country",src/content/players/pro/chris-apoua.md
pro,Chris HARRIS,"height,weight,birth_date,university,high_school,country",src/content/players/pro/chris-harris.md
pro,Christ Tshiunza,"height,weight,university,high_school,country",src/content/players/pro/christ-tshiunza.md
pro,Christian AMBADIANG,"university,high_school",src/content/players/pro/christian-ambadiang.md
pro,Christian EVERITT,"university,high_school,country",src/content/players/pro/christian-everitt.md
pro,Christian LINDSAY,"university,high_school,country",src/content/players/pro/christian-lindsay.md
pro,Christian LIO-WILLIE,"university,high_school,country",src/content/players/pro/christian-lio-willie.md
pro,Christian Wade,"height,weight,university,high_school,country",src/content/players/pro/christian-wade.md
pro,Christopher TOLOFUA,"university,high_school",src/content/players/pro/christopher-tolofua.md
pro,Chunya MUNGA,"height,weight,birth_date,university,high_school,country",src/content/players/pro/chunya-munga.md
pro,Ciar FRAWLEY,"university,high_school,country",src/content/players/pro/ciaran-frawley.md
pro,Ciaran DONOGHUE,"height,weight,birth_date,university,high_school,country",src/content/players/pro/ciaran-donoghue.md
pro,Clark LOGAN,"university,high_school,country",src/content/players/pro/clark-logan.md
pro,Claudius WHEELER,"height,weight,birth_date,age,university,high_school,country",src/content/players/pro/claudius-wheeler.md
pro,Clem HALAHOLO,"university,high_school,country",src/content/players/pro/clem-halaholo.md
pro,Clement LAPORTE,"university,high_school,country",src/content/players/pro/clement-laporte.md
pro,Clement MONDINAT,"university,high_school,country",src/content/players/pro/clement-mondinat.md
pro,Clement VERGE,"university,high_school,country",src/content/players/pro/clement-verge.md
pro,Cleopas KUNDIONA,"height,weight,birth_date,university,high_school,country",src/content/players/pro/cleopas-kundiona.md
pro,Clovis LE BAIL,"university,high_school",src/content/players/pro/clovis-le-bail.md
pro,Codie TAYLOR,"university,high_school,country",src/content/players/pro/codie-taylor.md
pro,Cody VAI,"university,high_school,country",src/content/players/pro/codemeru-vai.md
pro,Coetzee ル ルー,"university,high_school,country",src/content/players/pro/coetzee-le-roux.md
pro,Cole FORBES,"university,high_school,country",src/content/players/pro/cole-forbes.md
pro,Colin DUPUY,"university,high_school,country",src/content/players/pro/colin-dupuy.md
pro,Connor BOYLE,"university,high_school,country",src/content/players/pro/connor-boyle.md
pro,Connor EVANS,"university,high_school,country",src/content/players/pro/connor-evans.md
pro,Connor FAHY,"weight,university,high_school,country",src/content/players/pro/connor-fahy.md
pro,Connor MOYSE,"university,high_school,country",src/content/players/pro/connor-moyse.md
pro,Connor SA,"university,high_school,country",src/content/players/pro/connor-sa.md
pro,Connor TREACEY,"height,weight,birth_date,university,high_school,country",src/content/players/pro/connor-treacey.md
pro,Conor MCALPINE,"university,high_school,country",src/content/players/pro/conor-mcalpine.md
pro,Cooper GRANT,"height,weight,birth_date,university,high_school,country",src/content/players/pro/cooper-grant.md
pro,Corentin MEZOU,"university,high_school",src/content/players/pro/corentin-mezou.md
pro,Corey DOMACHOWSKI,"university,high_school,country",src/content/players/pro/corey-domachowski.md
pro,Corey EVANS,"university,high_school,country",src/content/players/pro/corey-evans.md
pro,Corey KELLOW,"university,high_school,country",src/content/players/pro/corey-kellow.md
pro,Corey TOOLE,"university,high_school,country",src/content/players/pro/corey-toole.md
pro,Cormac IZUCHUKWU,"university,high_school,country",src/content/players/pro/cormac-izuchukwu.md
pro,Corn WEILBACH,"university,high_school,country",src/content/players/pro/corne-weilbach.md
pro,Cornel SMIT,"university,high_school,country",src/content/players/pro/cornel-smit.md
pro,Cortez RATIMA,"university,high_school,country",src/content/players/pro/cortez-ratima.md
pro,Craig CASEY,"university,high_school,country",src/content/players/pro/craig-casey.md
pro,Craig WRIGHT,"height,weight,birth_date,university,high_school,country",src/content/players/pro/craig-wright.md
pro,Cristian OJOVAN,"university,high_school,country",src/content/players/pro/cristian-ojovan.md
pro,Cristiano TIZZANO,"university,high_school,country",src/content/players/pro/cristiano-tizzano.md
pro,Cullen GRACE,"university,high_school,country",src/content/players/pro/cullen-grace.md
pro,Curtis LANGDON,"height,weight,birth_date,university,high_school,country",src/content/players/pro/curtis-langdon.md
pro,Cyril BAILLE,"university,high_school,country",src/content/players/pro/cyril-baille.md
pro,Cyril BLANCHARD,"university,high_school",src/content/players/pro/cyril-blanchard.md
pro,Cyril CAZEAUX,"university,high_school,country",src/content/players/pro/cyril-cazeaux.md
pro,D'Arcy RAE,"university,high_school,country",src/content/players/pro/d-arcy-rae.md
pro,D. Bleuler,"height,weight,birth_date,age,university,high_school,country",src/content/players/pro/d.-bleuler.md
pro,D. Eite,"height,weight,birth_date,age,university,high_school,country",src/content/players/pro/d.-eite.md
pro,D. Frost,"height,weight,birth_date,age,university,high_school,country",src/content/players/pro/d.-frost.md
pro,D. Gwynne,"height,weight,birth_date,age,university,high_school,country",src/content/players/pro/d.-gwynne.md
pro,D. Hanson,"height,weight,birth_date,age,university,high_school,country",src/content/players/pro/d.-hanson.md
pro,D. Hodkinson,"height,weight,birth_date,age,university,high_school,country",src/content/players/pro/d.-hodkinson.md
pro,D. John,"height,weight,birth_date,age,university,high_school,country",src/content/players/pro/d.-john.md
pro,Dafydd Jenkins,"height,weight,university,high_school,country",src/content/players/pro/dafydd-jenkins.md
pro,Dallas MCLEOD,"university,high_school,country",src/content/players/pro/dallas-mcleod.md
pro,Dalton PAPALI'I,"university,high_school,country",src/content/players/pro/dalton-papali-i.md
pro,Damian MCKENZIE,"university,high_school,country",src/content/players/pro/damian-mckenzie.md
pro,Damian PENAUD,"university,high_school,country",src/content/players/pro/damian-penaud.md
pro,Dan FROST,"height,weight,birth_date,university,high_school,country",src/content/players/pro/dan-frost.md
pro,Dan LIENERT-BROWN,"university,high_school,country",src/content/players/pro/dan-lienert-brown.md
pro,Dan NELSON,"university,high_school,country",src/content/players/pro/dan-nelson.md
pro,Dan ROBSON,"university,high_school,country",src/content/players/pro/dan-robson.md
pro,Dan du Preez,"height,weight,university,high_school,country",src/content/players/pro/dan-du-preez.md
pro,Dane BLACKER,"university,high_school,country",src/content/players/pro/dane-blacker.md
pro,Daniel BIBI BIZIWU,"university,high_school,country",src/content/players/pro/daniel-bibi-biziwu.md
pro,Daniel BOTHA,"university,high_school,country",src/content/players/pro/daniel-botha.md
pro,Daniel BRENNAN,"university,high_school",src/content/players/pro/daniel-brennan.md
pro,Daniel RONA,"university,high_school,country",src/content/players/pro/daniel-rona.md
pro,Danilo FISCHETTI,"height,weight,birth_date,university,high_school,country",src/content/players/pro/danilo-fischetti.md
pro,Danny SHEAHAN,"university,high_school,country",src/content/players/pro/danny-sheahan.md
pro,Danny SOUTHWORTH,"university,high_school,country",src/content/players/pro/danny-southworth.md
pro,Dany PRISO,"university,high_school",src/content/players/pro/dany-priso.md
pro,Darby LANCASTER,"university,high_school,country",src/content/players/pro/darby-lancaster.md
pro,Darcy SWAIN,"university,high_school,country",src/content/players/pro/darcy-swain.md
pro,Darrien LANDSBERG,"university,high_school,country",src/content/players/pro/darrien-lane-landsberg.md
pro,Dave CHERRY,"university,high_school",src/content/players/pro/dave-cherry.md
pro,David AINU'U,"university,high_school,country",src/content/players/pro/david-ainu-u.md
pro,David FELIUAI,"university,high_school,country",src/content/players/pro/david-feliuai.md
pro,David HAVILI,"university,high_school,country",src/content/players/pro/david-havili.md
pro,David RIBBANS,"university,high_school",src/content/players/pro/david-ribbans.md
pro,Davide RUGGERI,"university,high_school,country",src/content/players/pro/davide-ruggeri.md
pro,Davit NINIASHVILI,"university,high_school",src/content/players/pro/davit-niniashvili.md
pro,Declan MEREDITH,"university,high_school,country",src/content/players/pro/declan-meredith.md
pro,Demba BAMBA,"university,high_school,country",src/content/players/pro/demba-bamba.md
pro,Denis BUCKLEY,"university,high_school,country",src/content/players/pro/denis-buckley.md
pro,Denzel SAMOA,"university,high_school,country",src/content/players/pro/denzel-samoa.md
pro,Deon SLABBERT,"university,high_school,country",src/content/players/pro/deon-slabbert.md
pro,Destiny AMINU,"university,high_school,country",src/content/players/pro/destiny-aminu.md
pro,Devan FLANDERS,"university,high_school,country",src/content/players/pro/devan-flanders.md
pro,Devon ウィリアムズ,"university,high_school,country",src/content/players/pro/devon-williams.md
pro,Dewaldt DUVENAGE,"university,high_school,country",src/content/players/pro/dewaldt-duvenage.md
pro,Dewi LAKE,"university,high_school,country",src/content/players/pro/dewi-lake.md
pro,Dian HEUNIS,"university,high_school,country",src/content/players/pro/dian-heunis.md
pro,Diarmaid O'CONNELL,"height,weight,university,high_school,country",src/content/players/pro/diarmaid-o-connell.md
pro,Diarmuid BARRON,"university,high_school,country",src/content/players/pro/diarmuid-barron.md
pro,Diarmuid KILGALLEN,"university,high_school,country",src/content/players/pro/diarmuid-kilgallen.md
pro,Diarmuid MANGAN,"university,high_school,country",src/content/players/pro/diarmuid-mangan.md
pro,Diego ESCOBAR,"university,high_school,country",src/content/players/pro/diego-escobar.md
pro,Diego JURD,"university,high_school,country",src/content/players/pro/diego-jurd.md
pro,Dillon LEWIS,"university,high_school,country",src/content/players/pro/dillon-lewis.md
pro,Dillyn LEYDS,"university,high_school",src/content/players/pro/dillyn-leyds.md
pro,Dimitri DELIBES,"university,high_school,country",src/content/players/pro/dimitri-delibes.md
pro,Divad PALU,"weight,university,high_school,country",src/content/players/pro/divad-palu.md
pro,Divan FULLER,"university,high_school,country",src/content/players/pro/divan-fuller.md
pro,Dom GARDINER,"university,high_school,country",src/content/players/pro/dom-gardiner.md
pro,Dom KOSSUTH,"university,high_school,country",src/content/players/pro/dom-kossuth.md
pro,Domingo MIOTTI,"university,high_school",src/content/players/pro/domingo-miotti.md
pro,Dominic ROPETI,"university,high_school,country",src/content/players/pro/dominic-ropeti.md
pro,Donovan TAOFIFENUA,"university,high_school",src/content/players/pro/donovan-taofifenua.md
pro,Dorian ALDEGHERI,"university,high_school,country",src/content/players/pro/dorian-aldegheri.md
pro,Doug PHILIPSON,"university,high_school,country",src/content/players/pro/doug-philipson.md
pro,Dre PAKEHO,"height,weight,university,high_school,country",src/content/players/pro/dre-pakeho.md
pro,Du'Plessis KIRIFI,"university,high_school,country",src/content/players/pro/du-plessis-kirifi.md
pro,Duhan ファン デル MERWE,"university,high_school,country",src/content/players/pro/duhan-van-der-merwe.md
pro,Duncan PAIA'AUA,"university,high_school",src/content/players/pro/duncan-paia-aua.md
pro,Duncan WEIR,"university,high_school,country",src/content/players/pro/duncan-weir.md
pro,Dylan ALFORD,"weight,birth_date,age,university,high_school,country",src/content/players/pro/dylan-alford.md
pro,Dylan CRETIN,"university,high_school",src/content/players/pro/dylan-cretin.md
pro,Dylan HICKS,"university,high_school,country",src/content/players/pro/dylan-hicks.md
pro,Dylan KELLEHER GRIFFITHS,"university,high_school,country",src/content/players/pro/dylan-kelleher-griffiths.md
pro,Dylan PIETSCH,"university,high_school,country",src/content/players/pro/dylan-pietsch.md
pro,Dylan PLEDGER,"university,high_school,country",src/content/players/pro/dylan-pledger.md
pro,Dylan RICHARDSON,"university,high_school,country",src/content/players/pro/dylan-richardson.md
pro,Dylan TIERNEY MARTIN,"university,high_school,country",src/content/players/pro/dylan-tierney-martin.md
pro,Dylan ジェームズ,"university,high_school,country",src/content/players/pro/dylan-james-.md
pro,E. Atuanya,"height,weight,birth_date,age,university,high_school,country",src/content/players/pro/e.-atuanya.md
pro,E. Bevan,"height,weight,birth_date,age,university,high_school,country",src/content/players/pro/e.-bevan.md
pro,E. Burger,"height,weight,birth_date,age,university,high_school,country",src/content/players/pro/e.-burger.md
pro,E. Caine,"height,weight,birth_date,age,university,high_school,country",src/content/players/pro/e.-caine.md
pro,E. Caven,"height,weight,birth_date,age,university,high_school,country",src/content/players/pro/e.-caven.md
pro,E. Clarke,"height,weight,birth_date,age,university,high_school,country",src/content/players/pro/e.-clarke.md
pro,E. Daly,"height,weight,birth_date,age,university,high_school,country",src/content/players/pro/e.-daly.md
pro,E. Grayson,"height,weight,birth_date,age,university,high_school,country",src/content/players/pro/e.-grayson.md
pro,E. Ilione,"height,weight,birth_date,age,university,high_school,country",src/content/players/pro/e.-ilione.md
pro,E. Iyogun,"height,weight,birth_date,age,university,high_school,country",src/content/players/pro/e.-iyogun.md
pro,E. Kitenge-Fuki,"height,weight,birth_date,age,university,high_school,country",src/content/players/pro/e.-kitenge-fuki.md
pro,E. Millar-Mills,"height,weight,birth_date,age,university,high_school,country",src/content/players/pro/e.-millar-mills.md
pro,E. Morris,"height,weight,birth_date,age,university,high_school,country",src/content/players/pro/e.-morris.md
pro,E. Obatoyinbo,"height,weight,birth_date,age,university,high_school,country",src/content/players/pro/e.-obatoyinbo.md
pro,E. Opoku Gyamfi,"height,weight,birth_date,age,university,high_school,country",src/content/players/pro/e.-opoku-gyamfi.md
pro,E. Painter,"height,weight,birth_date,age,university,high_school,country",src/content/players/pro/e.-painter.md
pro,E. Prowse,"height,weight,birth_date,age,university,high_school,country",src/content/players/pro/e.-prowse.md
pro,E. Richards,"height,weight,birth_date,age,university,high_school,country",src/content/players/pro/e.-richards.md
pro,E. Staddon,"height,weight,birth_date,age,university,high_school,country",src/content/players/pro/e.-staddon.md
pro,E. Surrey,"height,weight,birth_date,age,university,high_school,country",src/content/players/pro/e.-surrey.md
pro,E. Todaro,"height,weight,birth_date,age,university,high_school,country",src/content/players/pro/e.-todaro.md
pro,E. Williams,"height,weight,birth_date,age,university,high_school,country",src/content/players/pro/e.-williams.md
pro,E. van Rhyn,"height,weight,birth_date,age,university,high_school,country",src/content/players/pro/e.-van-rhyn.md
pro,Eamon DOYLE,"university,high_school,country",src/content/players/pro/eamon-doyle.md
pro,Eanna MCCARTHY,"university,high_school,country",src/content/players/pro/eanna-mccarthy.md
pro,Ed PROWSE,"height,weight,birth_date,university,high_school,country",src/content/players/pro/ed-prowse.md
pro,Eddie ジェームズ,"university,high_school,country",src/content/players/pro/eddie-james.md
pro,Edoardo IACHIZZI,"university,high_school",src/content/players/pro/edoardo-iachizzi.md
pro,Edoardo TODARO,"height,weight,birth_date,university,high_school,country",src/content/players/pro/edoardo-todaro.md
pro,Edouard-Junior JABEA NJOCKE,"university,high_school,country",src/content/players/pro/edouard-junior-jabea-njocke.md
pro,Eduan KEYTER,"university,high_school,country",src/content/players/pro/eduan-keyter.md
pro,Eduardo Bello,"height,weight,university,high_school,country",src/content/players/pro/eduardo-bello.md
pro,Edwill ファン デル MERWE,"university,high_school,country",src/content/players/pro/edwill-van-der-merwe.md
pro,Edwin EDOGBO,"university,high_school,country",src/content/players/pro/edwin-edogbo.md
pro,Efrain ELIAS,"university,high_school",src/content/players/pro/efrain-elias.md
pro,Eli LANGI,"university,high_school,country",src/content/players/pro/eli-langi.md
pro,Eli SNYMAN,"university,high_school,country",src/content/players/pro/eli-snyman.md
pro,Elia CANAKAIVATA,"university,high_school,country",src/content/players/pro/elia-canakaivata.md
pro,Elijah EVANS,"university,high_school,country",src/content/players/pro/elijah-evans.md
pro,Eliot BARRIE,"height,weight,birth_date,university,high_school,country",src/content/players/pro/eliot-barrie.md
pro,Eliott ROUDIL,"university,high_school",src/content/players/pro/elliot-roudil.md
pro,Elis PRICE,"university,high_school,country",src/content/players/pro/elis-price.md
pro,Elliot MILLAR-MILLS,"height,weight,birth_date,university,high_school,country",src/content/players/pro/elliot-millar-mills.md
pro,Ellis Genge,"height,weight,university,high_school,country",src/content/players/pro/ellis-genge.md
pro,Emeka ATUANYA,"height,weight,birth_date,university,high_school,country",src/content/players/pro/emeka-atuanya.md
pro,Emerick SETIANO,"university,high_school,country",src/content/players/pro/emerick-setiano.md
pro,Emilien GAILLETON,"university,high_school,country",src/content/players/pro/emilien-gailleton.md
pro,Emmanuel IYOGUN,"height,weight,birth_date,university,high_school,country",src/content/players/pro/emmanuel-iyogun.md
pro,Emmanuel MEAFOU,"university,high_school,country",src/content/players/pro/emmanuel-meafou.md
pro,Emoni NARAWA,"university,high_school,country",src/content/players/pro/emoni-narawa.md
pro,Emosi TUQIRI,"university,high_school,country",src/content/players/pro/emosi-tuqiri.md
pro,Enoch OPOKU-GYAMFI,"height,weight,birth_date,university,high_school,country",src/content/players/pro/enoch-opoku-gyamfi.md
pro,Enrico LUCCHIN,"university,high_school,country",src/content/players/pro/enrico-lucchin.md
pro,Enzo BENMEGAL,"university,high_school",src/content/players/pro/enzo-benmegal.md
pro,Enzo FLUXA,"height,weight,birth_date,university,high_school,country",src/content/players/pro/enzo-fluxa.md
pro,Enzo FORLETTA,"university,high_school",src/content/players/pro/enzo-forletta.md
pro,Enzo HERVE,"university,high_school",src/content/players/pro/enzo-herve.md
pro,Epeli MOMO,"university,high_school,country",src/content/players/pro/epeli-momo.md
pro,Ere ENARI,"university,high_school,country",src/content/players/pro/ereatara-enari.md
pro,Eric MARKS,"university,high_school",src/content/players/pro/eric-marks.md
pro,Eric O'SULLIVAN,"university,high_school,country",src/content/players/pro/eric-o-sullivan.md
pro,Eroni Mawi,"height,weight,university,high_school,country",src/content/players/pro/eroni-mawi.md
pro,Esteban ABADIE,"university,high_school",src/content/players/pro/esteban-abadie.md
pro,Esteban CAPILLA,"university,high_school,country",src/content/players/pro/esteban-capilla.md
pro,Esteban GONZALEZ,"university,high_school,country",src/content/players/pro/esteban-gonzalez.md
pro,Etene NANAI-SETURO,"university,high_school,country",src/content/players/pro/etene-nanai-seturo.md
pro,Ethan BESTER,"university,high_school,country",src/content/players/pro/ethan-bester.md
pro,Ethan BLACKADDER,"university,high_school,country",src/content/players/pro/ethan-blackadder.md
pro,Ethan COUGHLAN,"university,high_school,country",src/content/players/pro/ethan-coughlan.md
pro,Ethan DE GROOT,"university,high_school,country",src/content/players/pro/ethan-de-groot.md
pro,Ethan DOBBINS,"university,high_school,country",src/content/players/pro/ethan-dobbins.md
pro,Ethan DUMORTIER,"university,high_school",src/content/players/pro/ethan-dumortier.md
pro,Ethan GRAHAM,"university,high_school,country",src/content/players/pro/ethan-graham.md
pro,Ethan MCILROY,"university,high_school,country",src/content/players/pro/ethan-mcilroy.md
pro,Ethan Roots,"height,weight,university,high_school,country",src/content/players/pro/ethan-roots.md
pro,Ethan STADDON,"height,weight,birth_date,university,high_school,country",src/content/players/pro/ethan-staddon.md
pro,Ethan TIA,"height,weight,university,high_school,country",src/content/players/pro/ethan-tia.md
pro,Etienne FALGOUX,"university,high_school,country",src/content/players/pro/etienne-falgoux.md
pro,Etienne FOURCADE,"university,high_school,country",src/content/players/pro/etienne-fourcade.md
pro,Etonia WAQA,"university,high_school,country",src/content/players/pro/etonia-waqa.md
pro,Euan MCVIE,"university,high_school,country",src/content/players/pro/euan-mcvie.md
pro,Evan HILL,"university,high_school,country",src/content/players/pro/evan-hill.md
pro,Evan O'CONNELL,"university,high_school,country",src/content/players/pro/evan-o-connell.md
pro,Evan REES,"university,high_school,country",src/content/players/pro/evan-rees.md
pro,Ewan ASHMAN,"university,high_school,country",src/content/players/pro/ewan-ashman.md
pro,Ewan JOHNSON,"university,high_school,country",src/content/players/pro/ewan-johnson.md
pro,Ewan RICHARDS,"height,weight,birth_date,university,high_school,country",src/content/players/pro/ewan-richards.md
pro,F. Baker,"height,weight,birth_date,age,university,high_school,country",src/content/players/pro/f.-baker.md
pro,F. Baxter,"height,weight,birth_date,age,university,high_school,country",src/content/players/pro/f.-baxter.md
pro,F. Brown,"height,weight,birth_date,age,university,high_school,country",src/content/players/pro/f.-brown.md
pro,F. Clarke,"height,weight,birth_date,age,university,high_school,country",src/content/players/pro/f.-clarke.md
pro,F. Harding,"height,weight,birth_date,age,university,high_school,country",src/content/players/pro/f.-harding.md
pro,F. Keylock,"height,weight,birth_date,age,university,high_school,country",src/content/players/pro/f.-keylock.md
pro,F. Lee-Warner,"height,weight,birth_date,age,university,high_school,country",src/content/players/pro/f.-lee-warner.md
pro,F. Lockwood,"height,weight,birth_date,age,university,high_school,country",src/content/players/pro/f.-lockwood.md
pro,F. McMillan,"height,weight,birth_date,age,university,high_school,country",src/content/players/pro/f.-mcmillan.md
pro,F. Renwick,"height,weight,birth_date,age,university,high_school,country",src/content/players/pro/f.-renwick.md
pro,F. St John,"height,weight,birth_date,age,university,high_school,country",src/content/players/pro/f.-st-john.md
pro,F. Stevens,"height,weight,birth_date,age,university,high_school,country",src/content/players/pro/f.-stevens.md
pro,F. Theobald-Thomas,"height,weight,birth_date,age,university,high_school,country",src/content/players/pro/f.-theobald-thomas.md
pro,F. Worley-Brady,"height,weight,birth_date,age,university,high_school,country",src/content/players/pro/f.-worley-brady.md
pro,F. van Wyk,"height,weight,birth_date,age,university,high_school,country",src/content/players/pro/f.-van-wyk.md
pro,FC デュプレッシー,"university,country",src/content/players/pro/fc-du-plessis.md
pro,Fabien BRAU-BOIRIE,"university,high_school,country",src/content/players/pro/fabien-brau-boirie.md
pro,Fabien SANCONNIE,"university,high_school,country",src/content/players/pro/fabien-sanconnie.md
pro,Fabrice METZ,"university,high_school",src/content/players/pro/fabrice-metz.md
pro,Facundo BOSCH,"university,high_school,country",src/content/players/pro/facundo-bosch.md
pro,Facundo ISA,"university,high_school,country",src/content/players/pro/facundo-isa.md
pro,Faletoi PENI,"university,high_school,country",src/content/players/pro/faletoi-peni.md
pro,Feao FOTUAIKA,"university,high_school,country",src/content/players/pro/feao-fotuaika.md
pro,Federico MORI,"university,high_school,country",src/content/players/pro/federico-mori.md
pro,Federico RUZZA,"university,high_school,country",src/content/players/pro/federico-ruzza.md
pro,Federico ZANANDREA,"university,high_school,country",src/content/players/pro/federico-zanandrea.md
pro,Fehi FINEANGANOFO,"university,high_school,country",src/content/players/pro/fehi-fineanganofo.md
pro,Feibyan TUKINO,"university,high_school",src/content/players/pro/feibyan-cornell-tukino.md
pro,Feleti KAITU'U,"university,high_school,country",src/content/players/pro/feleti-kaitu-u.md
pro,Feleti SAE-TA'UFO'OU,"university,high_school,country",src/content/players/pro/feleti-sae-ta-ufo-ou.md
pro,Felix LAMBEY,"university,high_school",src/content/players/pro/felix-lambey.md
pro,Fergus Burke,"height,weight,university,high_school,country",src/content/players/pro/fergus-burke.md
pro,Fergus WATSON,"university,high_school,country",src/content/players/pro/fergus-watson.md
pro,Fez MBATHA,"university,high_school,country",src/content/players/pro/fezokuhle-mbatha.md
pro,Fiachna BARRETT,"university,high_school,country",src/content/players/pro/fiachna-barrett.md
pro,Filipo DAUGUNU,"university,high_school,country",src/content/players/pro/filipo-daugunu.md
pro,Filippo DRAGO,"university,high_school,country",src/content/players/pro/filippo-drago.md
pro,Fin SMITH,"height,weight,birth_date,university,high_school,country",src/content/players/pro/fin-smith.md
pro,Findlay THOMSON,"university,high_school,country",src/content/players/pro/findlay-thomson.md
pro,Finlay BREWIS,"university,high_school,country",src/content/players/pro/finlay-brewis.md
pro,Finlay CHRISTIE,"university,high_school,country",src/content/players/pro/finlay-christie.md
pro,Finlay DOYLE,"university,high_school,country",src/content/players/pro/finlay-doyle.md
pro,Finn HURLEY,"university,high_school,country",src/content/players/pro/finn-hurley.md
pro,Finn MACKAY,"university,high_school,country",src/content/players/pro/finn-mackay.md
pro,Finn RUSSELL,"height,weight,birth_date,university,high_school,country",src/content/players/pro/finn-russell.md
pro,Fintan GUNNE,"university,high_school,country",src/content/players/pro/fintan-gunne.md
pro,Fiti SA,"university,high_school,country",src/content/players/pro/fiti-sa.md
pro,Fletcher ANDERSON,"university,high_school,country",src/content/players/pro/fletcher-anderson.md
pro,Fletcher NEWELL,"university,high_school,country",src/content/players/pro/fletcher-newell.md
pro,Florent VANVERBERGHE,"university,high_school",src/content/players/pro/florent-vanverberghe.md
pro,Florian VERHAEGHE,"university,high_school",src/content/players/pro/florian-verhaeghe.md
pro,Flyn YATES,"university,high_school,country",src/content/players/pro/flyn-yates.md
pro,Flynn LONGSTAFF,"height,weight,birth_date,age,university,high_school,country",src/content/players/pro/flynn-longstaff.md
pro,Folau FAINGA'A,"university,high_school,country",src/content/players/pro/folau-fainga-a.md
pro,Folau FAKATAVA,"university,high_school,country",src/content/players/pro/folau-fakatava.md
pro,Francis SAILI,"university,high_school",src/content/players/pro/francis-saili.md
pro,Francisco GORRISSEN,"university,high_school",src/content/players/pro/francisco-gorrissen.md
pro,Francke HORN,"university,high_school,country",src/content/players/pro/francke-horn.md
pro,Franco MOLINA,"university,high_school,country",src/content/players/pro/franco-molina.md
pro,Francois CROS,"university,high_school,country",src/content/players/pro/francois-cros.md
pro,Francois VAN WYK,"height,weight,birth_date,university,high_school,country",src/content/players/pro/francois-van-wyk.md
pro,Frank LOMANI,"university,high_school,country",src/content/players/pro/frank-lomani.md
pro,Frankie GOLDSBROUGH,"university,high_school,country",src/content/players/pro/frankie-goldsbrough.md
pro,Fraser DINGWALL,"height,weight,birth_date,university,high_school,country",src/content/players/pro/fraser-dingwall.md
pro,Fraser MCREIGHT,"university,high_school,country",src/content/players/pro/fraser-mcreight.md
pro,Freddie ST JOHN,"height,weight,birth_date,university,high_school,country",src/content/players/pro/freddie-st-john.md
pro,Freddie Steward,"height,weight,university,high_school,country",src/content/players/pro/freddie-steward.md
pro,Freddie Thomas,"height,weight,university,high_school,country",src/content/players/pro/freddie-thomas.md
pro,Freddy DOUGLAS,"university,high_school,country",src/content/players/pro/freddy-douglas.md
pro,Fyn BROWN,"height,weight,birth_date,university,high_school,country",src/content/players/pro/fyn-brown.md
pro,G. Alexander,"height,weight,birth_date,age,university,high_school,country",src/content/players/pro/g.-alexander.md
pro,G. Barton,"height,weight,birth_date,age,university,high_school,country",src/content/players/pro/g.-barton.md
pro,G. Bolam,"height,weight,birth_date,age,university,high_school,country",src/content/players/pro/g.-bolam.md
pro,G. Dufty,"height,weight,birth_date,age,university,high_school,country",src/content/players/pro/g.-dufty.md
pro,G. Fisilau,"height,weight,birth_date,age,university,high_school,country",src/content/players/pro/g.-fisilau.md
pro,G. Hendy,"height,weight,birth_date,age,university,high_school,country",src/content/players/pro/g.-hendy.md
pro,G. Ibitoye,"height,weight,birth_date,age,university,high_school,country",src/content/players/pro/g.-ibitoye.md
pro,G. Kloska,"height,weight,birth_date,age,university,high_school,country",src/content/players/pro/g.-kloska.md
pro,G. Knowles,"height,weight,birth_date,age,university,high_school,country",src/content/players/pro/g.-knowles.md
pro,G. Marsh,"height,weight,birth_date,age,university,high_school,country",src/content/players/pro/g.-marsh.md
pro,G. McGuigan,"height,weight,birth_date,age,university,high_school,country",src/content/players/pro/g.-mcguigan.md
pro,G. Newman,"height,weight,birth_date,age,university,high_school,country",src/content/players/pro/g.-newman.md
pro,G. Pearson,"height,weight,birth_date,age,university,high_school,country",src/content/players/pro/g.-pearson.md
pro,G. Simpson,"height,weight,birth_date,age,university,high_school,country",src/content/players/pro/g.-simpson.md
pro,G. Taylor,"height,weight,birth_date,age,university,high_school,country",src/content/players/pro/g.-taylor.md
pro,G. Timmins,"height,weight,birth_date,age,university,high_school,country",src/content/players/pro/g.-timmins.md
pro,G. Wehr,"height,weight,birth_date,age,university,high_school,country",src/content/players/pro/g.-wehr.md
pro,Gabe MCDONALD,"university,high_school,country",src/content/players/pro/gabe-mcdonald.md
pro,Gabe ウィリアムズ,"birth_date,age,university,high_school,country",src/content/players/pro/gabe-williams.md
pro,Gabin KRETCHMANN,"university,high_school",src/content/players/pro/gabin-kretchmann.md
pro,Gabin LORRE,"university,high_school",src/content/players/pro/gabin-lorre.md
pro,Gabin VILLIERE,"university,high_school",src/content/players/pro/gabin-villiere.md
pro,Gabriel Hamer-Webb,"height,weight,university,high_school,country",src/content/players/pro/gabriel-hamer-webb.md
pro,Gabriel N'GANDEBE,"university,high_school,country",src/content/players/pro/gabriel-n-gandebe.md
pro,Gabriel Oghre,"height,weight,university,high_school,country",src/content/players/pro/gabriel-oghre.md
pro,Gael DREAN,"university,high_school",src/content/players/pro/gael-drean.md
pro,Gael FICKOU,"university,high_school,country",src/content/players/pro/gael-fickou.md
pro,Gael GALVAN,"university,high_school,country",src/content/players/pro/gael-galvan.md
pro,Gaetan BARLOT,"university,high_school,country",src/content/players/pro/gaetan-barlot.md
pro,Gaetan GRANIE,"height,weight,birth_date,university,high_school,country",src/content/players/pro/gaetan-granie.md
pro,Gareth ANSCOMBE,"university,high_school,country",src/content/players/pro/gareth-anscombe.md
pro,Gauthier DOUBRERE,"university,high_school,country",src/content/players/pro/gauthier-doubrere.md
pro,Gauthier MARAVAT,"university,high_school",src/content/players/pro/gauthier-maravat.md
pro,Gavin COOMBES,"university,high_school,country",src/content/players/pro/gavin-coombes.md
pro,Gela APRASIDZE,"university,high_school",src/content/players/pro/gela-aprasidze.md
pro,Geoffrey PALIS,"university,high_school",src/content/players/pro/geoffrey-palis.md
pro,George BELL,"university,high_school,country",src/content/players/pro/george-bell.md
pro,George BLAKE,"university,high_school,country",src/content/players/pro/george-blake.md
pro,George BOWER,"university,high_school,country",src/content/players/pro/george-bower.md
pro,George BRIDGE,"university,high_school,country",src/content/players/pro/george-bridge.md
pro,George DYER,"university,high_school,country",src/content/players/pro/george-dyer.md
pro,George FURBANK,"height,weight,birth_date,university,high_school,country",src/content/players/pro/george-furbank.md
pro,George Ford,"height,weight,university,high_school,country",src/content/players/pro/george-ford.md
pro,George HENDY,"height,weight,birth_date,university,high_school,country",src/content/players/pro/george-hendy.md
pro,George HORNE,"university,high_school,country",src/content/players/pro/george-horne.md
pro,George MOALA,"university,high_school,country",src/content/players/pro/george-moala.md
pro,George Martin,"height,weight,university,high_school,country",src/content/players/pro/george-martin.md
pro,George POOLMAN,"university,high_school,country",src/content/players/pro/george-poolman.md
pro,George TIMMINS,"height,weight,birth_date,university,high_school,country",src/content/players/pro/george-timmins.md
pro,George TUCKLEY,"university,high_school,country",src/content/players/pro/george-tuckley.md
pro,George Turner,"height,weight,university,high_school,country",src/content/players/pro/george-turner.md
pro,Georges-Henri COLOMBE,"university,high_school,country",src/content/players/pro/georges-henri-colombe.md
pro,Gerhard STEENEKAMP,"university,high_school,country",src/content/players/pro/gerhard-steenekamp.md
pro,Geronimo PRISCIANTELLI,"university,high_school",src/content/players/pro/geronimo-prisciantelli.md
pro,Gia KHARAISHVILI,"university,high_school",src/content/players/pro/kharaishvili-gia.md
pro,Giacomo FERRARI,"university,high_school,country",src/content/players/pro/giacomo-ferrari.md
pro,Giacomo MILANO,"university,high_school,country",src/content/players/pro/giacomo-milano.md
pro,Giacomo NICOTERA,"university,high_school,country",src/content/players/pro/giacomo-nicotera.md
pro,Gianmarco LUCCHESI,"university,high_school",src/content/players/pro/gianmarco-lucchesi.md
pro,Giorgi AKHALADZE,"university,high_school,country",src/content/players/pro/giorgi-akhaladze.md
pro,Giorgi BERIA,"university,high_school",src/content/players/pro/giorgi-beria.md
pro,Giorgi DZMANASHVILI,"university,high_school,country",src/content/players/pro/giorgi-dzmanashvili.md
pro,Giorgi JAVAKHIA,"university,high_school",src/content/players/pro/giorgi-javakhia.md
pro,Giorgi MELIKIDZE,"university,high_school",src/content/players/pro/giorgi-melikidze.md
pro,Giorgi TETRASHVILI,"university,high_school",src/content/players/pro/giorgi-tetrashvili.md
pro,Giosue ZILOCCHI,"university,high_school,country",src/content/players/pro/giosue-zilocchi.md
pro,Giovanni HABEL-KUEFFNER,"university,high_school,country",src/content/players/pro/giovanni-habel-kueffner.md
pro,Giovanni LICATA,"university,high_school,country",src/content/players/pro/giovanni-licata.md
pro,Giovanni MARZOTTO,"university,high_school,country",src/content/players/pro/giovanni-marzotto.md
pro,Giulio MARINI,"university,high_school,country",src/content/players/pro/giulio-marini.md
pro,Glen VAIHU,"university,high_school,country",src/content/players/pro/glen-vaihu.md
pro,Glen YOUNG,"university,high_school,country",src/content/players/pro/glen-young.md
pro,Greg ALLDRITT,"university,high_school,country",src/content/players/pro/greg-alldritt.md
pro,Gregoire ARFEUIL,"university,high_school,country",src/content/players/pro/gregoire-arfeuil.md
pro,Gryff WATKINS,"height,weight,birth_date,age,university,high_school,country",src/content/players/pro/gryff-watkins.md
pro,Guido Petti,"height,weight,university,high_school,country",src/content/players/pro/guido-petti.md
pro,Guillaume CRAMONT,"university,high_school,country",src/content/players/pro/guillaume-cramont.md
pro,Guillaume DUCAT,"university,high_school",src/content/players/pro/guillaume-ducat.md
pro,Guillaume MARCHAND,"university,high_school",src/content/players/pro/guillaume-marchand.md
pro,Guillaume MARTOCQ,"university,high_school,country",src/content/players/pro/guillaume-martocq.md
pro,Guillaume RAYNAUD,"height,weight,birth_date,university,high_school,country",src/content/players/pro/guillaume-raynaud.md
pro,Guram GOGICHASHVILI,"university,high_school",src/content/players/pro/guram-gogichashvili.md
pro,Guram PAPIDZE,"university,high_school,country",src/content/players/pro/guram-papidze.md
pro,Gus MCCARTHY,"university,high_school,country",src/content/players/pro/gus-mccarthy.md
pro,Gus Warr,"height,weight,university,high_school,country",src/content/players/pro/gus-warr.md
pro,Guy PEPPER,"height,weight,birth_date,university,high_school,country",src/content/players/pro/guy-pepper.md
pro,Gwenael DUPLENNE,"university,high_school",src/content/players/pro/gwenael-duplenne.md
pro,H. Andrews,"height,weight,birth_date,age,university,high_school,country",src/content/players/pro/h.-andrews.md
pro,H. Ascherl,"height,weight,birth_date,age,university,high_school,country",src/content/players/pro/h.-ascherl.md
pro,H. Beaton,"height,weight,birth_date,age,university,high_school,country",src/content/players/pro/h.-beaton.md
pro,H. Bellamy,"height,weight,birth_date,age,university,high_school,country",src/content/players/pro/h.-bellamy.md
pro,H. Bokenham,"height,weight,birth_date,age,university,high_school,country",src/content/players/pro/h.-bokenham.md
pro,H. Browne,"height,weight,birth_date,age,university,high_school,country",src/content/players/pro/h.-browne.md
pro,H. Cuckson,"height,weight,birth_date,age,university,high_school,country",src/content/players/pro/h.-cuckson.md
pro,H. Davies,"height,weight,birth_date,age,university,high_school,country",src/content/players/pro/h.-davies.md
pro,H. Faiva,"height,weight,birth_date,age,university,high_school,country",src/content/players/pro/h.-faiva.md
pro,H. Hyde,"height,weight,birth_date,age,university,high_school,country",src/content/players/pro/h.-hyde.md
pro,H. James,"height,weight,birth_date,age,university,high_school,country",src/content/players/pro/h.-james.md
pro,H. Liebenberg,"height,weight,birth_date,age,university,high_school,country",src/content/players/pro/h.-liebenberg.md
pro,H. Lumley,"height,weight,birth_date,age,university,high_school,country",src/content/players/pro/h.-lumley.md
pro,H. Obatoyinbo,"height,weight,birth_date,age,university,high_school,country",src/content/players/pro/h.-obatoyinbo.md
pro,H. Palmer,"height,weight,birth_date,age,university,high_school,country",src/content/players/pro/h.-palmer.md
pro,H. Skinner,"height,weight,birth_date,age,university,high_school,country",src/content/players/pro/h.-skinner.md
pro,H. Taylor,"height,weight,birth_date,age,university,high_school,country",src/content/players/pro/h.-taylor.md
pro,H. Thacker,"height,weight,birth_date,age,university,high_school,country",src/content/players/pro/h.-thacker.md
pro,H. Tizard,"height,weight,birth_date,age,university,high_school,country",src/content/players/pro/h.-tizard.md
pro,H. Walker,"height,weight,birth_date,age,university,high_school,country",src/content/players/pro/h.-walker.md
pro,H. Wilson,"height,weight,birth_date,age,university,high_school,country",src/content/players/pro/h.-wilson.md
pro,H. Wright,"height,weight,birth_date,age,university,high_school,country",src/content/players/pro/h.-wright.md
pro,Haereiti HETET,"university,high_school,country",src/content/players/pro/haereiti-hetet.md
pro,Hakeem KUNENE,"university,high_school,country",src/content/players/pro/hakeem-kunene.md
pro,Hamish MACARTHUR,"height,weight,birth_date,age,university,high_school,country",src/content/players/pro/hamish-macarthur.md
pro,Hamish MULLER,"height,weight,birth_date,age,university,high_school,country",src/content/players/pro/hamish-muller.md
pro,Hamish STEWART,"university,high_school,country",src/content/players/pro/hamish-stewart.md
pro,Hamish WATSON,"university,high_school,country",src/content/players/pro/hamish-watson.md
pro,Hamza KAABECHE,"university,high_school",src/content/players/pro/hamza-kaabeche.md
pro,Harri ACKERMAN,"university,high_school,country",src/content/players/pro/harri-ackerman.md
pro,Harri DEAVES SMALL,"university,high_school,country",src/content/players/pro/harri-deaves-small.md
pro,Harri HOUSTON,"university,high_school,country",src/content/players/pro/harri-houston.md
pro,Harri LEWIS,"height,weight,birth_date,age,university,high_school,country",src/content/players/pro/harri-lewis.md
pro,Harri MORRIS,"university,high_school,country",src/content/players/pro/harri-morris.md
pro,Harri WILDE,"university,high_school,country",src/content/players/pro/harri-wilde.md
pro,Harry GODFREY,"university,high_school,country",src/content/players/pro/harry-godfrey.md
pro,Harry JOHNSON-HOLMES,"university,high_school,country",src/content/players/pro/harry-johnson-holmes.md
pro,Harry MCLAUGHLIN-PHILLIPS,"university,high_school,country",src/content/players/pro/harry-mclaughlin-phillips.md
pro,Harry PATERSON,"university,high_school,country",src/content/players/pro/harry-paterson.md
pro,Harry PLUMMER,"university,high_school,country",src/content/players/pro/harry-plummer.md
pro,Harry POTTER,"university,high_school,country",src/content/players/pro/harry-potter.md
pro,Harry REES WELDON,"university,high_school,country",src/content/players/pro/harry-rees-weldon.md
pro,Harry Randall,"height,weight,university,high_school,country",src/content/players/pro/harry-randall.md
pro,Harry SHERIDAN,"university,high_school,country",src/content/players/pro/harry-sheridan.md
pro,Harry WEST,"university,high_school,country",src/content/players/pro/harry-west.md
pro,Harry WILSON,"university,high_school,country",src/content/players/pro/harry-wilson.md
pro,Harry Wells,"height,weight,university,high_school,country",src/content/players/pro/harry-wells.md
pro,Harry Williams,"height,weight,university,high_school,country",src/content/players/pro/harry-williams.md
pro,Harry トーマス,"university,high_school,country",src/content/players/pro/harry-thomas.md
pro,Harvey CORDUKES,"university,high_school,country",src/content/players/pro/harvey-cordukes.md
pro,Hassane KOLINGAR,"university,high_school,country",src/content/players/pro/hassane-kolingar.md
pro,Hector PATTERSON,"university,high_school,country",src/content/players/pro/hector-patterson.md
pro,Heinz LEMOTO,"height,weight,birth_date,university,high_school,country",src/content/players/pro/heinz-lemoto.md
pro,Henry ARUNDELL,"height,weight,birth_date,university,high_school,country",src/content/players/pro/henry-arundell.md
pro,Henry BELL,"university,high_school,country",src/content/players/pro/henry-bell.md
pro,Henry KESTERTON,"height,weight,birth_date,age,university,high_school,country",src/content/players/pro/henry-kesterton.md
pro,Henry LUMLEY,"height,weight,birth_date,university,high_school,country",src/content/players/pro/henry-lumley.md
pro,Henry MCERLEAN,"university,high_school,country",src/content/players/pro/henry-mcerlean.md
pro,Henry MOUNTFORD,"height,weight,birth_date,age,university,high_school,country",src/content/players/pro/henry-mountford.md
pro,Henry PALMER,"height,weight,university,high_school,country",src/content/players/pro/henry-palmer.md
pro,Henry POLLOCK,"height,weight,birth_date,university,high_school,country",src/content/players/pro/henry-pollock.md
pro,Henry ROBERTSON,"university,high_school,country",src/content/players/pro/henry-robertson.md
pro,Henry Slade,"height,weight,university,high_school,country",src/content/players/pro/henry-slade.md
pro,Henry Tasesa VOLKMAN,"birth_date,age,university,high_school,country",src/content/players/pro/henry-tasesa-volkman.md
pro,Henry WALKER,"height,weight,birth_date,university,high_school,country",src/content/players/pro/henry-walker.md
pro,Henry WIDDOWSON,"university,high_school,country",src/content/players/pro/henry-widdowson.md
pro,Heremaia MURRAY,"university,high_school,country",src/content/players/pro/heremaia-murray.md
pro,Herman MEKENESE,"height,weight,birth_date,university,high_school,country",src/content/players/pro/herman-mekenese.md
pro,Herschel JANTJIES,"university,high_school,country",src/content/players/pro/herschel-jantjies.md
pro,Hoani BOSMORIN,"university,high_school",src/content/players/pro/hoani-bosmorin.md
pro,Hoskins SOTUTU,"university,high_school,country",src/content/players/pro/hoskins-sotutu.md
pro,Hudson CREIGHTON,"university,high_school,country",src/content/players/pro/hudson-creighton.md
pro,Hudson NEVIN,"birth_date,age,university,high_school,country",src/content/players/pro/hudson-nevin.md
pro,Hugh COONEY,"university,high_school,country",src/content/players/pro/hugh-cooney.md
pro,Hugh GAVIN,"university,high_school,country",src/content/players/pro/hugh-gavin.md
pro,Hugh RENTON,"university,high_school,country",src/content/players/pro/hugh-renton.md
pro,Hugo AURADOU,"university,high_school,country",src/content/players/pro/hugo-auradou.md
pro,Hugo DESCUBE,"height,weight,birth_date,university,high_school,country",src/content/players/pro/hugo-descube.md
pro,Hugo DJEHI,"university,high_school",src/content/players/pro/hugo-djehi.md
pro,Hugo GONZALEZ,"university,high_school,country",src/content/players/pro/hugo-gonzalez.md
pro,Hugo IBRES,"height,weight,birth_date,university,high_school,country",src/content/players/pro/hugo-ibres.md
pro,Hugo PARROU,"university,high_school,country",src/content/players/pro/hugo-parrou.md
pro,Hugo PICHARDIE,"height,weight,birth_date,university,high_school,country",src/content/players/pro/hugo-pichardie.md
pro,Hugo PLUMMER,"university,high_school,country",src/content/players/pro/hugo-plummer.md
pro,Hugo REUS,"university,high_school",src/content/players/pro/hugo-reus.md
pro,Hugo SOUBRE,"height,weight,birth_date,university,high_school,country",src/content/players/pro/hugo-soubre.md
pro,Hunter PAISAMI,"university,high_school,country",src/content/players/pro/hunter-paisami.md
pro,Huw SUTTON,"university,high_school,country",src/content/players/pro/huw-sutton.md
pro,I. Akinrowo,"height,weight,birth_date,age,university,high_school,country",src/content/players/pro/i.-akinrowo.md
pro,I. Davies,"height,weight,birth_date,age,university,high_school,country",src/content/players/pro/i.-davies.md
pro,I. Emanuel,"height,weight,birth_date,age,university,high_school,country",src/content/players/pro/i.-emanuel.md
pro,I. Jenkins,"height,weight,birth_date,age,university,high_school,country",src/content/players/pro/i.-jenkins.md
pro,I. Mears,"height,weight,birth_date,age,university,high_school,country",src/content/players/pro/i.-mears.md
pro,Iacopo BIANCHI,"university,high_school,country",src/content/players/pro/iacopo-bianchi.md
pro,Iain HENDERSON,"university,high_school,country",src/content/players/pro/iain-henderson.md
pro,Iakopo MAPU,"university,high_school,country",src/content/players/pro/iakopo-petelo-mapu.md
pro,Ian BOUBILA,"height,weight,birth_date,university,high_school,country",src/content/players/pro/ian-boubila.md
pro,Ibrahim DIALLO,"university,high_school,country",src/content/players/pro/ibrahim-diallo.md
pro,Iestyn HOPKINS,"university,high_school,country",src/content/players/pro/iestyn-hopkins.md
pro,Ieuan CORNELIUS,"university,high_school,country",src/content/players/pro/ieuan-cornelius.md
pro,Ieuan DAVIES,"university,high_school,country",src/content/players/pro/ieuan-davies.md
pro,Ignacio BREX,"university,high_school",src/content/players/pro/ignacio-brex.md
pro,Ignacio CALLES,"university,high_school,country",src/content/players/pro/ignacio-calles.md
pro,Ignacio MENDY,"university,country",src/content/players/pro/ignacio-mendy.md
pro,Ignacio RUIZ,"university,high_school",src/content/players/pro/ignacio-ruiz.md
pro,Ihaia WEST,"university,high_school",src/content/players/pro/ihaia-west.md
pro,Ilaisa DROASESE,"university,high_school,country",src/content/players/pro/ilaisa-droasese.md
pro,Imad KHAN,"university,high_school,country",src/content/players/pro/imad-khan.md
pro,Immanuel Feyi-Waboso,"height,weight,university,high_school,country",src/content/players/pro/immanuel-feyi-waboso.md
pro,Inaki AYARZA,"university,high_school",src/content/players/pro/inaki-ayarza.md
pro,Inia TABUAVOU,"university,high_school,country",src/content/players/pro/inia-tabuavou.md
pro,Ioan EMANUEL,"university,high_school,country",src/content/players/pro/ioan-emanuel.md
pro,Ioane MOANANU,"university,high_school,country",src/content/players/pro/ioane-moananu.md
pro,Iosefo MASI,"university,high_school",src/content/players/pro/iosefo-masi.md
pro,Iosefo NAMOCE,"height,weight,birth_date,age,university,high_school,country",src/content/players/pro/iosefo-namoce.md
pro,Irae SIMONE,"university,high_school,country",src/content/players/pro/irae-simone.md
pro,Irakli APTSIAURI,"university,high_school",src/content/players/pro/irakli-aptsiauri.md
pro,Isaac AEDO KAILEA,"university,high_school,country",src/content/players/pro/isaac-aedo-kailea.md
pro,Isaac COATES,"university,high_school,country",src/content/players/pro/isaac-coates.md
pro,Isaac HENRY,"university,high_school,country",src/content/players/pro/isaac-henry.md
pro,Isaac HUTCHINSON,"university,high_school,country",src/content/players/pro/isaac-hutchinson.md
pro,Isaac JONES,"height,weight,birth_date,age,university,high_school,country",src/content/players/pro/isaac-jones.md
pro,Isaac KOFFI,"university,high_school,country",src/content/players/pro/isaac-koffi.md
pro,Isaac YOUNG,"university,high_school,country",src/content/players/pro/isaac-young.md
pro,Isaia WALKER-LEAWERE,"university,high_school,country",src/content/players/pro/isaia-walker-leawere.md
pro,Isaiah ARMSTRONG-RAVULA,"university,high_school,country",src/content/players/pro/isaiah-ravula.md
pro,Isikeli BASIYALO,"height,weight,university,high_school,country",src/content/players/pro/isikeli-basiyalo.md
pro,Isikeli RABITU,"height,weight,university,high_school,country",src/content/players/pro/isikeli-rabitu.md
pro,Isoa NASILASILA,"university,high_school,country",src/content/players/pro/isoa-nasilasila.md
pro,Isoa TUWAI,"height,weight,university,high_school,country",src/content/players/pro/isoa-tuwai.md
pro,Israel LEOTA,"university,high_school,country",src/content/players/pro/israel-leota.md
pro,Issak FINES,"university,high_school,country",src/content/players/pro/issak-fines.md
pro,Ivan NEMER,"university,high_school,country",src/content/players/pro/ivan-nemer.md
pro,Izaia Perese,"height,weight,university,high_school,country",src/content/players/pro/izaia-perese.md
pro,J. Bailey,"height,weight,birth_date,age,university,high_school,country",src/content/players/pro/j.-bailey.md
pro,J. Basham,"height,weight,birth_date,age,university,high_school,country",src/content/players/pro/j.-basham.md
pro,J. Bates,"height,weight,birth_date,age,university,high_school,country",src/content/players/pro/j.-bates.md
pro,J. Batley,"height,weight,birth_date,age,university,high_school,country",src/content/players/pro/j.-batley.md
pro,J. Bedlow,"height,weight,birth_date,age,university,high_school,country",src/content/players/pro/j.-bedlow.md
pro,J. Bellamy,"height,weight,birth_date,age,university,high_school,country",src/content/players/pro/j.-bellamy.md
pro,J. Bennett,"height,weight,birth_date,age,university,high_school,country",src/content/players/pro/j.-bennett.md
pro,J. Benson,"height,weight,birth_date,age,university,high_school,country",src/content/players/pro/j.-benson.md
pro,J. Benz-Salomon,"height,weight,birth_date,age,university,high_school,country",src/content/players/pro/j.-benz-salomon.md
pro,J. Bracken,"height,weight,birth_date,age,university,high_school,country",src/content/players/pro/j.-bracken.md
pro,J. Carpenter,"height,weight,birth_date,age,university,high_school,country",src/content/players/pro/j.-carpenter.md
pro,J. Carrington,"height,weight,birth_date,age,university,high_school,country",src/content/players/pro/j.-carrington.md
pro,J. Cherry,"height,weight,birth_date,age,university,high_school,country",src/content/players/pro/j.-cherry.md
pro,J. Clement,"height,weight,birth_date,age,university,high_school,country",src/content/players/pro/j.-clement.md
pro,J. Coetzee,"height,weight,birth_date,age,university,high_school,country",src/content/players/pro/j.-coetzee.md
pro,J. Cotgreave,"height,weight,birth_date,age,university,high_school,country",src/content/players/pro/j.-cotgreave.md
pro,J. Cowell,"height,weight,birth_date,age,university,high_school,country",src/content/players/pro/j.-cowell.md
pro,J. Davis,"height,weight,birth_date,age,university,high_school,country",src/content/players/pro/j.-davis.md
pro,J. Dickens,"height,weight,birth_date,age,university,high_school,country",src/content/players/pro/j.-dickens.md
pro,J. Doorey-Palmer,"height,weight,birth_date,age,university,high_school,country",src/content/players/pro/j.-doorey-palmer.md
pro,J. Dun,"height,weight,birth_date,age,university,high_school,country",src/content/players/pro/j.-dun.md
pro,J. Edwards,"height,weight,birth_date,age,university,high_school,country",src/content/players/pro/j.-edwards.md
pro,J. Edwards-Giraud,"height,weight,birth_date,age,university,high_school,country",src/content/players/pro/j.-edwards-giraud.md
pro,J. Elliott,"height,weight,birth_date,age,university,high_school,country",src/content/players/pro/j.-elliott.md
pro,J. Els,"height,weight,birth_date,age,university,high_school,country",src/content/players/pro/j.-els.md
pro,J. Ford-Robinson,"height,weight,birth_date,age,university,high_school,country",src/content/players/pro/j.-ford-robinson.md
pro,J. Forsythe,"height,weight,birth_date,age,university,high_school,country",src/content/players/pro/j.-forsythe.md
pro,J. George,"height,weight,birth_date,age,university,high_school,country",src/content/players/pro/j.-george.md
pro,J. Gilbert,"height,weight,birth_date,age,university,high_school,country",src/content/players/pro/j.-gilbert.md
pro,J. Gilmore,"height,weight,birth_date,age,university,high_school,country",src/content/players/pro/j.-gilmore.md
pro,J. Gonzalez,"height,weight,birth_date,age,university,high_school,country",src/content/players/pro/j.-gonzalez.md
pro,J. Gorleku,"height,weight,birth_date,age,university,high_school,country",src/content/players/pro/j.-gorleku.md
pro,J. Grayson,"height,weight,birth_date,age,university,high_school,country",src/content/players/pro/j.-grayson.md
pro,J. Green,"height,weight,birth_date,age,university,high_school,country",src/content/players/pro/j.-green.md
pro,J. Hadfield,"height,weight,birth_date,age,university,high_school,country",src/content/players/pro/j.-hadfield.md
pro,J. Halliwell,"height,weight,birth_date,age,university,high_school,country",src/content/players/pro/j.-halliwell.md
pro,J. Harper,"height,weight,birth_date,age,university,high_school,country",src/content/players/pro/j.-harper.md
pro,J. Harrison,"height,weight,birth_date,age,university,high_school,country",src/content/players/pro/j.-harrison.md
pro,J. Hawkins,"height,weight,birth_date,age,university,high_school,country",src/content/players/pro/j.-hawkins.md
pro,J. Heaven,"height,weight,birth_date,age,university,high_school,country",src/content/players/pro/j.-heaven.md
pro,J. Hodge,"height,weight,birth_date,age,university,high_school,country",src/content/players/pro/j.-hodge.md
pro,J. Innard,"height,weight,birth_date,age,university,high_school,country",src/content/players/pro/j.-innard.md
pro,J. Iosefa-Scott,"height,weight,birth_date,age,university,high_school,country",src/content/players/pro/j.-iosefa-scott.md
pro,J. Jenkins,"height,weight,birth_date,age,university,high_school,country",src/content/players/pro/j.-jenkins.md
pro,J. Jones,"height,weight,birth_date,age,university,high_school,country",src/content/players/pro/j.-jones.md
pro,J. Kenningham,"height,weight,birth_date,age,university,high_school,country",src/content/players/pro/j.-kenningham.md
pro,J. Lewis,"height,weight,birth_date,age,university,high_school,country",src/content/players/pro/j.-lewis.md
pro,J. Linegar,"height,weight,birth_date,age,university,high_school,country",src/content/players/pro/j.-linegar.md
pro,J. Maloney,"height,weight,birth_date,age,university,high_school,country",src/content/players/pro/j.-maloney.md
pro,J. Mann,"height,weight,birth_date,age,university,high_school,country",src/content/players/pro/j.-mann.md
pro,J. Manz,"height,weight,birth_date,age,university,high_school,country",src/content/players/pro/j.-manz.md
pro,J. Martin,"height,weight,birth_date,age,university,high_school,country",src/content/players/pro/j.-martin.md
pro,J. Miller,"height,weight,birth_date,age,university,high_school,country",src/content/players/pro/j.-miller.md
pro,J. Morris,"height,weight,birth_date,age,university,high_school,country",src/content/players/pro/j.-morris.md
pro,J. Murray,"height,weight,birth_date,age,university,high_school,country",src/content/players/pro/j.-murray.md
pro,J. Musk,"height,weight,birth_date,age,university,high_school,country",src/content/players/pro/j.-musk.md
pro,J. Newton,"height,weight,birth_date,age,university,high_school,country",src/content/players/pro/j.-newton.md
pro,J. Owen,"height,weight,birth_date,age,university,high_school,country",src/content/players/pro/j.-owen.md
pro,J. Pater,"height,weight,birth_date,age,university,high_school,country",src/content/players/pro/j.-pater.md
pro,J. Ramm,"height,weight,birth_date,age,university,high_school,country",src/content/players/pro/j.-ramm.md
pro,J. Roots,"height,weight,birth_date,age,university,high_school,country",src/content/players/pro/j.-roots.md
pro,J. Spandler,"height,weight,birth_date,age,university,high_school,country",src/content/players/pro/j.-spandler.md
pro,J. Staples,"height,weight,birth_date,age,university,high_school,country",src/content/players/pro/j.-staples.md
pro,J. Stewart,"height,weight,birth_date,age,university,high_school,country",src/content/players/pro/j.-stewart.md
pro,J. Thompson,"height,weight,birth_date,age,university,high_school,country",src/content/players/pro/j.-thompson.md
pro,J. Venter,"height,weight,birth_date,age,university,high_school,country",src/content/players/pro/j.-venter.md
pro,J. Vermeulen,"height,weight,birth_date,age,university,high_school,country",src/content/players/pro/j.-vermeulen.md
pro,J. Weimann,"height,weight,birth_date,age,university,high_school,country",src/content/players/pro/j.-weimann.md
pro,J. Williams,"height,weight,birth_date,age,university,high_school,country",src/content/players/pro/j.-williams.md
pro,J. Woods,"height,weight,birth_date,age,university,high_school,country",src/content/players/pro/j.-woods.md
pro,J. Woodward,"height,weight,birth_date,age,university,high_school,country",src/content/players/pro/j.-woodward.md
pro,J. Woolmore,"height,weight,birth_date,age,university,high_school,country",src/content/players/pro/j.-woolmore.md
pro,J. Yeandle,"height,weight,birth_date,age,university,high_school,country",src/content/players/pro/j.-yeandle.md
pro,J. van der Mescht,"height,weight,birth_date,age,university,high_school,country",src/content/players/pro/j.-van-der-mescht.md
pro,JC マーズ,"university,high_school,country",src/content/players/pro/jc-mars.md
pro,JC-プレトリアス,"university,high_school,country",src/content/players/pro/jc-pretorius.md
pro,JD SCHICKERLING,"university,high_school,country",src/content/players/pro/jd-schickerling.md
pro,JF-ファン ヘールデン,"university,high_school,country",src/content/players/pro/jf-van-heerden.md
pro,JJ KOTZ,"university,high_school,country",src/content/players/pro/jj-kotze.md
pro,JJ THERON,"university,high_school,country",src/content/players/pro/jj-theron.md
pro,JJ VAN DER MESCHT,"height,weight,birth_date,university,high_school,country",src/content/players/pro/jj-van-der-mescht.md
pro,JJ-シェーパーズ,"birth_date,age,university,high_school,country",src/content/players/pro/jj-scheepers.md
pro,JJ-ハンラハン,"university,high_school,country",src/content/players/pro/jj-hanrahan.md
pro,Jac DAVIES,"university,high_school,country",src/content/players/pro/jac-davies.md
pro,Jac PRICE,"university,high_school,country",src/content/players/pro/jac-price-2000.md
pro,Jac PRITCHARD,"university,high_school,country",src/content/players/pro/jac-pritchard.md
pro,Jack BARRETT,"university,high_school,country",src/content/players/pro/jack-barrett.md
pro,Jack BENNETT,"height,weight,birth_date,university,high_school,country",src/content/players/pro/jack-bennett.md
pro,Jack BOWEN,"university,high_school,country",src/content/players/pro/jack-bowen.md
pro,Jack BROWN,"university,high_school,country",src/content/players/pro/jack-brown.md
pro,Jack DALY,"university,high_school,country",src/content/players/pro/jack-daly.md
pro,Jack DEBRECZENI,"university,high_school,country",src/content/players/pro/jack-debreczeni.md
pro,Jack GOODHUE,"university,high_school",src/content/players/pro/jack-goodhue.md
pro,Jack HARRISON,"height,weight,birth_date,age,university,high_school,country",src/content/players/pro/jack-harrison.md
pro,Jack ISCARO,"university,high_school,country",src/content/players/pro/jack-iscaro.md
pro,Jack KELLEHER,"height,weight,birth_date,university,high_school,country",src/content/players/pro/jack-kelleher.md
pro,Jack LAWRENCE,"height,weight,birth_date,university,high_school,country",src/content/players/pro/jack-lawrence.md
pro,Jack LEWIS,"height,weight,birth_date,age,university,high_school,country",src/content/players/pro/jack-lewis.md
pro,Jack MADDOCKS,"university,high_school,country",src/content/players/pro/jack-maddocks.md
pro,Jack NOWELL,"university,high_school",src/content/players/pro/jack-nowell.md
pro,Jack Singleton,"height,weight,university,high_school,country",src/content/players/pro/jack-singleton.md
pro,Jack TAYLOR,"university,high_school,country",src/content/players/pro/jack-taylor.md
pro,Jack UTTERSON,"height,weight,university,high_school,country",src/content/players/pro/jack-utterson.md
pro,Jack VAS,"height,weight,birth_date,university,high_school,country",src/content/players/pro/jack-vas.md
pro,Jack WILLIS,"university,high_school,country",src/content/players/pro/jack-willis.md
pro,Jack WOODS,"height,weight,birth_date,university,high_school,country",src/content/players/pro/jack-woods.md
pro,Jack Walker,"height,weight,university,high_school,country",src/content/players/pro/jack-walker.md
pro,Jack van Poortvliet,"height,weight,university,high_school,country",src/content/players/pro/jack-van-poortvliet.md
pro,Jackson GARDEN-BACHOP,"university,high_school,country",src/content/players/pro/jackson-garden-bachop.md
pro,Jaco COETZEE,"height,weight,birth_date,university,high_school,country",src/content/players/pro/jaco-coetzee.md
pro,Jaco VAN TONDER,"university,high_school",src/content/players/pro/jaco-van-tonder.md
pro,Jaco ウィリアムズ,"university,high_school,country",src/content/players/pro/jaco-williams.md
pro,Jacob BEETHAM,"university,high_school,country",src/content/players/pro/jacob-beetham.md
pro,Jacob BOYD,"university,high_school,country",src/content/players/pro/jacob-boyd.md
pro,Jacob DEVERY,"university,high_school,country",src/content/players/pro/jacob-devery.md
pro,Jacob RATUMAITAVUKI-KNEEPKENS,"university,high_school,country",src/content/players/pro/jacob-ratumaitavuki-kneepkens.md
pro,Jacob UMAGA,"university,high_school,country",src/content/players/pro/jacob-umaga.md
pro,Jadin KINGI,"university,high_school,country",src/content/players/pro/jadin-kingi.md
pro,Jahrome BROWN,"university,high_school,country",src/content/players/pro/jahrome-brown.md
pro,Jake GORDON,"university,high_school,country",src/content/players/pro/jake-gordon.md
pro,Jake MCINTYRE,"university,high_school",src/content/players/pro/jake-mcintyre.md
pro,Jake TE HIWI,"university,high_school,country",src/content/players/pro/jake-te-hiwi.md
pro,James BENNETT,"height,weight,birth_date,university,high_school,country",src/content/players/pro/james-bennett.md
pro,James CAMERON,"university,high_school,country",src/content/players/pro/james-cameron.md
pro,James HALL,"university,high_school,country",src/content/players/pro/james-hall-1996.md
pro,James HENDREN,"university,high_school,country",src/content/players/pro/james-hendren.md
pro,James LANG,"university,country",src/content/players/pro/james-lang.md
pro,James LINEGAR,"height,weight,birth_date,age,university,high_school,country",src/content/players/pro/james-linegar.md
pro,James MALONEY,"height,weight,birth_date,age,university,high_school,country",src/content/players/pro/james-maloney.md
pro,James MARTENS,"university,high_school,country",src/content/players/pro/james-martens.md
pro,James MARTIN,"height,weight,birth_date,university,high_school,country",src/content/players/pro/james-martin.md
pro,James MULLAN,"university,high_school,country",src/content/players/pro/james-mullan.md
pro,James O'Connor,"height,weight,university,high_school,country",src/content/players/pro/james-o'connor.md
pro,James O'REILLY,"university,high_school",src/content/players/pro/james-o-reilly.md
pro,James PATER,"height,weight,birth_date,university,high_school,country",src/content/players/pro/james-pater.md
pro,James RAMM,"height,weight,birth_date,university,high_school,country",src/content/players/pro/james-ramm.md
pro,James SLIPPER,"university,high_school,country",src/content/players/pro/james-slipper.md
pro,James WHITCOMBE,"university,high_school,country",src/content/players/pro/james-whitcombe.md
pro,James WHITE,"university,high_school,country",src/content/players/pro/james-white.md
pro,Jamie ADAMSON,"university,high_school,country",src/content/players/pro/jamie-adamson.md
pro,Jamie Blamire,"height,weight,university,high_school,country",src/content/players/pro/jamie-blamire.md
pro,Jamie HANNAH,"university,high_school,country",src/content/players/pro/jamie-hannah.md
pro,Jamie Hodgson,"height,weight,university,high_school,country",src/content/players/pro/jamie-hodgson.md
pro,Jamie RITCHIE,"university,high_school",src/content/players/pro/jamie-ritchie.md
pro,Jamie STEWART,"university,high_school,country",src/content/players/pro/jamie-stewart.md
pro,Janeiro WAKEHAM,"university,high_school,country",src/content/players/pro/janeiro-wakeham.md
pro,Janick TARRIT,"university,high_school,country",src/content/players/pro/janick-tarrit.md
pro,Jannes POTGIETER,"university,high_school,country",src/content/players/pro/jannes-potgieter.md
pro,Janse ROUX,"university,high_school,country",src/content/players/pro/janse-roux.md
pro,Jared AFRICA,"university,high_school,country",src/content/players/pro/jared-africa.md
pro,Jared PROFFIT,"university,high_school,country",src/content/players/pro/jared-proffit.md
pro,Jared ROSSER,"university,high_school,country",src/content/players/pro/jared-rosser.md
pro,Jarod CAIRNS,"university,high_school,country",src/content/players/pro/jarod-cairns.md
pro,Jarrah MCLEOD,"university,high_school,country",src/content/players/pro/jarrah-mcleod.md
pro,Jarrod Evans,"height,weight,university,high_school,country",src/content/players/pro/jarrod-evans.md
pro,Jasper SPANDLER,"height,weight,birth_date,university,high_school,country",src/content/players/pro/jasper-spandler.md
pro,Jayden SA,"university,high_school,country",src/content/players/pro/jayden-sa.md
pro,Jean ERASMUS,"university,high_school,country",src/content/players/pro/jean-erasmus.md
pro,Jean Luc デュ PLESSIS,"university,high_school,country",src/content/players/pro/jean-luc-du-plessis.md
pro,Jean スミス,"university,high_school,country",src/content/players/pro/jean-smith.md
pro,Jean-Baptiste GROS,"university,high_school,country",src/content/players/pro/jean-baptiste-gros.md
pro,Jean-Charles DUPLEIX,"height,weight,birth_date,university,high_school,country",src/content/players/pro/jean-charles-dupleix.md
pro,Jean-Luc DU PREEZ,"university,high_school,country",src/content/players/pro/jean-luc-du-preez.md
pro,Jefferson POIROT,"university,high_school,country",src/content/players/pro/jefferson-poirot.md
pro,Jefferson-Lee JOSEPH,"university,high_school,country",src/content/players/pro/jefferson-joseph.md
pro,Jeffery TOOMAGA-ALLEN,"university,high_school,country",src/content/players/pro/jeffery-toomaga-allen.md
pro,Jeremy FERNANDEZ,"university,high_school",src/content/players/pro/jeremy-fernandez.md
pro,Jeremy NEMOR,"height,weight,birth_date,university,high_school,country",src/content/players/pro/jeremy-nemor.md
pro,Jeremy SINZELLE,"university,high_school",src/content/players/pro/jeremy-sinzelle.md
pro,Jeremy WARD,"university,high_school,country",src/content/players/pro/jeremy-ward.md
pro,Jeremy WILLIAMS,"university,high_school,country",src/content/players/pro/jeremy-williams.md
pro,Jermaine AINSLEY,"university,high_school",src/content/players/pro/jermaine-ainsley.md
pro,Jerome REY,"university,high_school",src/content/players/pro/jerome-rey.md
pro,Jeronimo DE LA FUENTE,"university,high_school",src/content/players/pro/jeronimo-de-la-fuente.md
pro,Jerry BLYTH LAFFERTY,"university,high_school,country",src/content/players/pro/jerry-blyth-lafferty.md
pro,Jimi MAXIMIN,"university,high_school,country",src/content/players/pro/jimi-maximin.md
pro,Jimmy O'BRIEN,"university,high_school,country",src/content/players/pro/jimmy-o-brien.md
pro,Jimmy TUPOU,"university,high_school,country",src/content/players/pro/jimmy-tupou.md
pro,Jiuta WAINIQOLO,"university,high_school",src/content/players/pro/jiuta-wainiqolo.md
pro,Joaquin Moro,"height,weight,university,high_school,country",src/content/players/pro/joaquin-moro.md
pro,Joaquin OVIEDO,"university,high_school",src/content/players/pro/joaquin-oviedo.md
pro,Job POULET,"university,high_school",src/content/players/pro/job-poulet.md
pro,Jock CAMPBELL,"university,high_school,country",src/content/players/pro/jock-campbell.md
pro,Joe BRIAL,"university,high_school,country",src/content/players/pro/joe-brial.md
pro,Joe COKANASIGA,"height,weight,birth_date,university,high_school,country",src/content/players/pro/joe-cokanasiga.md
pro,Joe DENMAN,"university,high_school,country",src/content/players/pro/joe-denman.md
pro,Joe EDWARDS,"university,high_school",src/content/players/pro/joe-edwards.md
pro,Joe HOPES,"university,high_school,country",src/content/players/pro/joe-hopes.md
pro,Joe Heyes,"height,weight,university,high_school,country",src/content/players/pro/joe-heyes.md
pro,Joe JONAS,"university,high_school,country",src/content/players/pro/joe-jonas.md
pro,Joe LAFARGE,"height,weight,birth_date,university,high_school,country",src/content/players/pro/joe-lafarge.md
pro,Joe Launchbury,"height,weight,university,high_school,country",src/content/players/pro/joe-launchbury.md
pro,Joe MARCHANT,"university,high_school,country",src/content/players/pro/joe-marchant.md
pro,Joe QUERE-KARABA,"university,high_school",src/content/players/pro/joe-quere-karaba.md
pro,Joe SIMMONDS,"university,high_school,country",src/content/players/pro/joe-simmonds.md
pro,Joe WESTWOOD,"university,high_school,country",src/content/players/pro/joe-westwood.md
pro,Joel MERKLER,"university,high_school,country",src/content/players/pro/joel-merkler.md
pro,Joel SCLAVI,"university,high_school",src/content/players/pro/joel-sclavi.md
pro,Joey CARBERY,"university,high_school,country",src/content/players/pro/joey-carbery.md
pro,Joey MANU,"university,high_school,country",src/content/players/pro/joseph-manu.md
pro,Joey WALTON,"university,high_school,country",src/content/players/pro/joey-walton.md
pro,Johan GROBBELAAR,"university,high_school,country",src/content/players/pro/johan-grobbelaar.md
pro,John BRYANT,"university,high_school,country",src/content/players/pro/john-bryant.md
pro,Johnny LEE,"height,weight,birth_date,university,high_school,country",src/content/players/pro/johnny-lee.md
pro,Johnny MCNICHOLL,"university,high_school,country",src/content/players/pro/johnny-mcnicholl.md
pro,Johnny VENTISEI,"university,high_school,country",src/content/players/pro/johnny-ventisei.md
pro,Joji NASOVA,"university,high_school,country",src/content/players/pro/joji-nasova-.md
pro,Jon ECHEGARAY,"university,high_school,country",src/content/players/pro/jon-echegaray.md
pro,Jon ZABALA,"university,high_school,country",src/content/players/pro/jon-zabala.md
pro,Jona NAREKI,"university,high_school,country",src/content/players/pro/jona-nareki.md
pro,Jonah LOWE,"university,high_school,country",src/content/players/pro/jonah-lowe.md
pro,Jonathan DANTY,"university,high_school",src/content/players/pro/jonathan-danty.md
pro,Jonathan ROCHE,"university,high_school,country",src/content/players/pro/jonathan-roche.md
pro,Jonathan TAUMATEINE,"university,high_school,country",src/content/players/pro/jonathan-taumateine.md
pro,Jone ROVA,"university,high_school,country",src/content/players/pro/jone-rova.md
pro,Jonny GRAY,"university,high_school,country",src/content/players/pro/jonny-gray.md
pro,Jonny HILL,"university,high_school,country",src/content/players/pro/jonny-hill.md
pro,Jonny WEIMANN,"height,weight,birth_date,university,high_school,country",src/content/players/pro/jonny-weimann.md
pro,Jordan JOSEPH,"university,high_school",src/content/players/pro/jordan-joseph.md
pro,Jordan LARMOUR,"university,high_school,country",src/content/players/pro/jordan-larmour.md
pro,Jordan LAY,"university,high_school,country",src/content/players/pro/jordan-lay.md
pro,Jordan MORRIS,"university,high_school,country",src/content/players/pro/jordan-morris.md
pro,Jordan PETAIA,"university,high_school",src/content/players/pro/jordan-petaia.md
pro,Jordan UELESE,"university,high_school",src/content/players/pro/jordan-uelese.md
pro,Jordi VILJOEN,"university,high_school,country",src/content/players/pro/jordi-viljoen.md
pro,Jordie BARRETT,"university,high_school,country",src/content/players/pro/jordie-barrett.md
pro,Joris JURAND,"university,high_school,country",src/content/players/pro/joris-jurand.md
pro,Joris SEGONDS,"university,high_school,country",src/content/players/pro/joris-segonds.md
pro,Joseff JONES,"height,weight,birth_date,age,university,high_school,country",src/content/players/pro/joseff-jones.md
pro,Joseph Dweba,"height,weight,university,high_school,country",src/content/players/pro/joseph-dweba.md
pro,Joseph LAHARRAGUE,"university,high_school,country",src/content/players/pro/joseph-laharrague.md
pro,Joseph SUA'ALI'I,"university,high_school,country",src/content/players/pro/joseph-sua-ali-i.md
pro,Joseva TAMANI,"university,high_school,country",src/content/players/pro/joseva-tamani.md
pro,Josh BARTLETT,"university,high_school,country",src/content/players/pro/josh-bartlett.md
pro,Josh BAYLISS,"height,weight,birth_date,university,high_school,country",src/content/players/pro/josh-bayliss.md
pro,Josh BEEHRE,"university,high_school,country",src/content/players/pro/josh-beehre.md
pro,Josh CANHAM,"university,high_school,country",src/content/players/pro/josh-canham.md
pro,Josh FLOOK,"university,high_school,country",src/content/players/pro/josh-flook.md
pro,Josh FUSITU'A,"university,high_school,country",src/content/players/pro/josh-fusitua.md
pro,Josh Hathaway,"height,weight,university,high_school,country",src/content/players/pro/josh-hathaway.md
pro,Josh JACOMB,"university,high_school,country",src/content/players/pro/josh-jacomb.md
pro,Josh KEMENY,"height,weight,birth_date,university,high_school,country",src/content/players/pro/josh-kemeny.md
pro,Josh LORD,"university,high_school,country",src/content/players/pro/josh-lord.md
pro,Josh NASSER,"university,high_school,country",src/content/players/pro/josh-nasser.md
pro,Josh SMITH,"university,high_school,country",src/content/players/pro/joshua-smith.md
pro,Josh TIMU,"university,high_school,country",src/content/players/pro/josh-timu.md
pro,Josh WHAANGA,"university,high_school,country",src/content/players/pro/josh-whaanga.md
pro,Joshua BRENNAN,"university,high_school,country",src/content/players/pro/joshua-brennan.md
pro,Joshua MOORBY,"university,high_school,country",src/content/players/pro/joshua-moorby.md
pro,Josiah MARAKU,"university,high_school",src/content/players/pro/josiah-maraku.md
pro,Josua TUISOVA,"university,high_school,country",src/content/players/pro/josua-tuisova.md
pro,Juan Bautista PEDEMONTE,"university,high_school",src/content/players/pro/juan-bautista-pedemonte.md
pro,Juan Cruz MALLIA,"university,high_school",src/content/players/pro/juan-cruz-mallia.md
pro,Juan MARTIN MONTILLA,"height,weight,university,high_school,country",src/content/players/pro/-juan-segundo-martin-montilla.md
pro,Juan Martin SCELZO,"university,high_school,country",src/content/players/pro/juan-martin-scelzo.md
pro,Juann ELSE,"university,high_school,country",src/content/players/pro/juann-jacques-else.md
pro,Juarno AUGUSTUS,"university,high_school,country",src/content/players/pro/juarno-augustus.md
pro,Jude POSTLETHWAITE,"university,high_school,country",src/content/players/pro/jude-postlethwaite.md
pro,Judicael CANCORIET,"university,high_school",src/content/players/pro/judicael-cancoriet.md
pro,Jules COULON,"university,high_school",src/content/players/pro/jules-coulon.md
pro,Jules FAVRE,"university,high_school",src/content/players/pro/jules-favre.md
pro,Jules LE BAIL,"university,high_school",src/content/players/pro/jules-le-bail.md
pro,Julian MONTOYA,"university,high_school,country",src/content/players/pro/julian-montoya.md
pro,Julian SAVEA,"university,high_school,country",src/content/players/pro/julian-savea.md
pro,Julien DELBOUIS,"university,high_school,country",src/content/players/pro/julien-delbouis.md
pro,Julien MARCHAND,"university,high_school,country",src/content/players/pro/julien-marchand.md
pro,Jurenzo JULIUS,"university,high_school,country",src/content/players/pro/jurenzo-julius.md
pro,Justo PICCARDO,"university,high_school,country",src/content/players/pro/justo-piccardo.md
pro,K. Blose,"height,weight,birth_date,age,university,high_school,country",src/content/players/pro/k.-blose.md
pro,K. Cripps,"height,weight,birth_date,age,university,high_school,country",src/content/players/pro/k.-cripps.md
pro,K. Freeman Price,"height,weight,birth_date,age,university,high_school,country",src/content/players/pro/k.-freeman-price.md
pro,K. Gentry,"height,weight,birth_date,age,university,high_school,country",src/content/players/pro/k.-gentry.md
pro,K. Hill,"height,weight,birth_date,age,university,high_school,country",src/content/players/pro/k.-hill.md
pro,K. Izu,"height,weight,birth_date,age,university,high_school,country",src/content/players/pro/k.-izu.md
pro,K. James,"height,weight,birth_date,age,university,high_school,country",src/content/players/pro/k.-james.md
pro,K. Jenkins,"height,weight,birth_date,age,university,high_school,country",src/content/players/pro/k.-jenkins.md
pro,K. Mona,"height,weight,birth_date,age,university,high_school,country",src/content/players/pro/k.-mona.md
pro,K. Pearce-Paul,"height,weight,birth_date,age,university,high_school,country",src/content/players/pro/k.-pearce-paul.md
pro,K. Sylvester-Junior,"height,weight,birth_date,age,university,high_school,country",src/content/players/pro/k.-sylvester-junior.md
pro,K. Tuipulotu,"height,weight,birth_date,age,university,high_school,country",src/content/players/pro/k.-tuipulotu.md
pro,K. Verden,"height,weight,birth_date,age,university,high_school,country",src/content/players/pro/k.-verden.md
pro,Kade BANKS,"university,high_school,country",src/content/players/pro/kade-banks.md
pro,Kadin PRITCHARD,"university,high_school,country",src/content/players/pro/kadin-pritchard.md
pro,Kai JONES,"height,weight,birth_date,age,university,high_school,country",src/content/players/pro/kai-jones.md
pro,Kalani THOMAS,"university,high_school,country",src/content/players/pro/kalani-thomas.md
pro,Kalaveti Ravouvou,"height,weight,university,high_school,country",src/content/players/pro/kalaveti-ravouvou.md
pro,Kalvin GOURGUES,"university,high_school,country",src/content/players/pro/kalvin-gourgues.md
pro,Kane DOUGLAS,"university,high_school",src/content/players/pro/kane-douglas.md
pro,Kane KOTEKA,"university,high_school,country",src/content/players/pro/kane-koteka.md
pro,Karl MARTIN,"university,high_school",src/content/players/pro/karl-martin.md
pro,Karl SORIN,"university,high_school",src/content/players/pro/karl-sorin.md
pro,Kaylum BOSHIER,"university,high_school,country",src/content/players/pro/kaylum-boshier.md
pro,Keagan JOHANNES,"university,high_school,country",src/content/players/pro/keagan-johannes.md
pro,Keanu EVANS,"height,weight,university,high_school,country",src/content/players/pro/keanu-evans.md
pro,Keiran ウィリアムズ,"university,high_school,country",src/content/players/pro/keiran-williams.md
pro,Kelly MPEKU,"university,high_school,country",src/content/players/pro/kelly-mpeku.md
pro,Kemu VALETINI,"university,high_school,country",src/content/players/pro/kemu-valetini.md
pro,Kepu TUIPULOTU,"height,weight,birth_date,university,high_school,country",src/content/players/pro/kepu-tuipulotu.md
pro,Kershawl SYKES-MARTIN,"university,high_school,country",src/content/players/pro/kershawl-sykes-martin.md
pro,Kian HIRE,"university,high_school,country",src/content/players/pro/kian-hire.md
pro,Kienan HIGGINS,"university,high_school,country",src/content/players/pro/kienan-higgins.md
pro,Kieran BROOKES,"university,high_school",src/content/players/pro/kieran-brookes.md
pro,Kieran Marmion,"height,weight,university,high_school,country",src/content/players/pro/kieran-marmion.md
pro,Kieran Treadwell,"height,weight,university,high_school,country",src/content/players/pro/kieran-treadwell.md
pro,Kieran VERDEN,"height,weight,birth_date,university,high_school,country",src/content/players/pro/kieran-verden.md
pro,Kieran ライアン,"university,high_school,country",src/content/players/pro/kieran-ryan.md
pro,Killian BONDI,"height,weight,birth_date,university,high_school,country",src/content/players/pro/killian-bondi.md
pro,Killian GERACI,"university,high_school",src/content/players/pro/killian-geraci.md
pro,Killian TIXERONT,"university,high_school,country",src/content/players/pro/killian-tixeront.md
pro,Kini NAHOLO,"university,high_school,country",src/content/players/pro/kiniviliame-naholo.md
pro,Kirill Gotovtsev,"height,weight,university,high_school,country",src/content/players/pro/kirill-gotovtsev.md
pro,Kitione KAMIKAMICA,"university,high_school",src/content/players/pro/kitione-kamikamica.md
pro,Kitione SALAWA JR,"university,high_school,country",src/content/players/pro/kitione-salawa-jr.md
pro,Klayton THORN,"university,high_school,country",src/content/players/pro/klayton-thorn.md
pro,Kleo LABARBE,"university,high_school,country",src/content/players/pro/kleo-labarbe.md
pro,Konrad TOLEAFOA,"university,high_school,country",src/content/players/pro/konrad-toleafoa.md
pro,Kurt EKLUND,"university,high_school,country",src/content/players/pro/kurt-eklund.md
pro,Kurtis MACDONALD,"height,weight,birth_date,university,high_school,country",src/content/players/pro/kurtis-macdonald.md
pro,Kurtley BEALE,"university,high_school,country",src/content/players/pro/kurtley-beale.md
pro,Kye OATES,"university,high_school,country",src/content/players/pro/kye-oates.md
pro,Kylan HAMDAOUI,"university,high_school,country",src/content/players/pro/kylan-hamdaoui.md
pro,Kyle BROWN,"university,high_school,country",src/content/players/pro/kyle-brown.md
pro,Kyle PRESTON,"university,high_school,country",src/content/players/pro/kyle-preston.md
pro,Kyle SINCKLER,"university,high_school",src/content/players/pro/kyle-sinckler.md
pro,Kyle STEYN,"university,high_school,country",src/content/players/pro/kyle-steyn.md
pro,Kylian DESTARAC,"height,weight,birth_date,university,high_school,country",src/content/players/pro/kylian-destarac.md
pro,Kyren TAUMOEFOLAU,"university,high_school,country",src/content/players/pro/kyren-taumoefolau.md
pro,L. Chawatama,"height,weight,birth_date,age,university,high_school,country",src/content/players/pro/l.-chawatama.md
pro,L. Chessum,"height,weight,birth_date,age,university,high_school,country",src/content/players/pro/l.-chessum.md
pro,L. Davidson,"height,weight,birth_date,age,university,high_school,country",src/content/players/pro/l.-davidson.md
pro,L. Friday,"height,weight,birth_date,age,university,high_school,country",src/content/players/pro/l.-friday.md
pro,L. Green,"height,weight,birth_date,age,university,high_school,country",src/content/players/pro/l.-green.md
pro,L. Gulley,"height,weight,birth_date,age,university,high_school,country",src/content/players/pro/l.-gulley.md
pro,L. James,"height,weight,birth_date,age,university,high_school,country",src/content/players/pro/l.-james.md
pro,L. Johnson,"height,weight,birth_date,age,university,high_school,country",src/content/players/pro/l.-johnson.md
pro,L. Kolade,"height,weight,birth_date,age,university,high_school,country",src/content/players/pro/l.-kolade.md
pro,L. Pearson,"height,weight,birth_date,age,university,high_school,country",src/content/players/pro/l.-pearson.md
pro,L. Schmid,"height,weight,birth_date,age,university,high_school,country",src/content/players/pro/l.-schmid.md
pro,L. Sinclair,"height,weight,birth_date,age,university,high_school,country",src/content/players/pro/l.-sinclair.md
pro,L. Trevett,"height,weight,birth_date,age,university,high_school,country",src/content/players/pro/l.-trevett.md
pro,L. Yendle,"height,weight,birth_date,age,university,high_school,country",src/content/players/pro/l.-yendle.md
pro,L. Young,"height,weight,birth_date,age,university,high_school,country",src/content/players/pro/l.-young.md
pro,L. de Bruin,"height,weight,birth_date,age,university,high_school,country",src/content/players/pro/l.-de-bruin.md
pro,Lachie ANDERSON,"university,high_school,country",src/content/players/pro/lachie-anderson.md
pro,Lachie SHAW,"university,high_school,country",src/content/players/pro/lachlan-shaw.md
pro,Lachlan HOOPER,"university,high_school,country",src/content/players/pro/lachlan-hooper.md
pro,Lachlan LONERGAN,"university,high_school,country",src/content/players/pro/lachlan-lonergan.md
pro,Lachlan SWINTON,"university,high_school,country",src/content/players/pro/lachlan-swinton.md
pro,Laghlan MCWHANNELL,"university,high_school,country",src/content/players/pro/laghlan-mcwhannell.md
pro,Lalakai FOKETI,"university,high_school,country",src/content/players/pro/lalakai-foketi.md
pro,Lalomilo LALOMILO,"university,high_school,country",src/content/players/pro/lalomilo-lalomilo.md
pro,Langi GLEESON,"university,high_school",src/content/players/pro/langi-gleeson.md
pro,Lawson CREIGHTON,"university,high_school,country",src/content/players/pro/lawson-creighton.md
pro,Layton HORN,"university,high_school,country",src/content/players/pro/layton-horn.md
pro,Leafi TALATAINA,"university,high_school,country",src/content/players/pro/leafi-talataina.md
pro,Lee Marvin MAZIBUKO,"university,high_school,country",src/content/players/pro/lee-marvin-mazibuko.md
pro,Lehopa LEOTA,"university,high_school,country",src/content/players/pro/lehopa-leota.md
pro,Leicester FAINGA'ANUKU,"university,high_school,country",src/content/players/pro/leicester-fainga-anuku.md
pro,Lekima TAGITAGIVALU,"university,high_school,country",src/content/players/pro/lekima-tagitagivalu.md
pro,Lekso KAULASHVILI,"university,high_school,country",src/content/players/pro/lekso-kaulashvili.md
pro,Len Ikitau,"height,weight,university,high_school,country",src/content/players/pro/len-ikitau.md
pro,Lenni NOUCHI,"university,high_school",src/content/players/pro/lenni-nouchi.md
pro,Lennox ANYANWU,"university,high_school",src/content/players/pro/lennox-anyanwu.md
pro,Leo AMETLLA,"university,high_school,country",src/content/players/pro/leo-ametlla.md
pro,Leo BANOS,"university,high_school,country",src/content/players/pro/leo-banos.md
pro,Leo BARRE,"university,high_school,country",src/content/players/pro/leo-barre.md
pro,Leo BERDEU,"university,high_school",src/content/players/pro/leo-berdeu.md
pro,Leo CARBONNEAU,"university,high_school,country",src/content/players/pro/leo-carbonneau.md
pro,Leo COLY,"university,high_school",src/content/players/pro/leo-coly.md
pro,Leo JAQUES,"university,high_school,country",src/content/players/pro/leo-jaques.md
pro,Leo MICHAUX,"university,high_school,country",src/content/players/pro/leo-michaux.md
pro,Leo MONIN,"university,high_school,country",src/content/players/pro/leo-monin.md
pro,Leolin ZAS,"university,high_school,country",src/content/players/pro/leolin-zas.md
pro,Leon BOULIER,"university,high_school",src/content/players/pro/leon-boulier.md
pro,Leon DARRICARRERE,"university,high_school,country",src/content/players/pro/leon-darricarrere.md
pro,Leonardo MARIN,"university,high_school,country",src/content/players/pro/leonardo-marin.md
pro,Leone NAKARAWA,"university,high_school",src/content/players/pro/leone-nakarawa.md
pro,Leonel OVIEDO,"university,high_school,country",src/content/players/pro/leonel-oviedo.md
pro,Leroy CARTER,"university,high_school,country",src/content/players/pro/leroy-carter.md
pro,Lester ETIEN,"university,high_school,country",src/content/players/pro/lester-etien.md
pro,Levan CHILACHAVA,"university,high_school",src/content/players/pro/levan-chilachava.md
pro,Levani BOTIA,"university,high_school",src/content/players/pro/levani-botia.md
pro,Lewis LLOYD,"university,high_school,country",src/content/players/pro/lewis-lloyd.md
pro,Lewis LUDLAM,"university,high_school",src/content/players/pro/lewis-ludlam.md
pro,Lewis Ludlow,"height,weight,university,high_school,country",src/content/players/pro/lewis-ludlow.md
pro,Lewis WELLS,"height,weight,university,high_school,country",src/content/players/pro/lewis-wells.md
pro,Liam ALLEN,"university,high_school",src/content/players/pro/liam-allen.md
pro,Liam BOWRON,"university,high_school,country",src/content/players/pro/liam-bowron.md
pro,Liam COOMBES-FABLING,"university,high_school,country",src/content/players/pro/liam-coombes-fabling.md
pro,Liam JACK,"height,weight,university,high_school,country",src/content/players/pro/liam-jack.md
pro,Liam MCCONNELL,"university,high_school,country",src/content/players/pro/liam-mcconnell.md
pro,Liam Williams,"height,weight,university,high_school,country",src/content/players/pro/liam-williams.md
pro,Lington IELI,"university,high_school,country",src/content/players/pro/lington-ieli.md
pro,Lino JULIEN,"university,high_school,country",src/content/players/pro/lino-julien.md
pro,Litelihle BESTER,"university,high_school,country",src/content/players/pro/litelihle-bester.md
pro,Lloyd LUCAS,"university,high_school,country",src/content/players/pro/lloyd-lucas.md
pro,Logan FRANKLIN,"university,high_school,country",src/content/players/pro/logan-franklin.md
pro,Loic CREDOZ,"university,high_school,country",src/content/players/pro/loic-credoz.md
pro,Loic VARENNES,"height,weight,birth_date,university,high_school,country",src/content/players/pro/loic-varennes.md
pro,Lois GUEROIS-GALISSON,"university,high_school",src/content/players/pro/lois-guerois-galisson.md
pro,Lolani FALEIVA,"university,high_school,country",src/content/players/pro/lolani-faleiva.md
pro,Lomig JOUANNY,"height,weight,birth_date,university,high_school,country",src/content/players/pro/lomig-jouanny.md
pro,Lopeti FAIFUA,"university,high_school,country",src/content/players/pro/lopeti-faifua.md
pro,Lorcan MCLOUGHLIN,"university,high_school,country",src/content/players/pro/lorcan-mcloughlin.md
pro,Lorenzo CANNONE,"university,high_school,country",src/content/players/pro/lorenzo-cannone.md
pro,Lorenzo FERRARI,"height,weight,birth_date,university,high_school,country",src/content/players/pro/lorenzo-ferrari.md
pro,Loris ZARANTONELLO,"university,high_school",src/content/players/pro/loris-zarantonello.md
pro,Louie CHAPMAN,"university,high_school,country",src/content/players/pro/louie-chapman.md
pro,Louie HENNESSEY,"height,weight,birth_date,university,high_school,country",src/content/players/pro/louie-hennessey.md
pro,Louis BIELLE-BIARREY,"university,high_school,country",src/content/players/pro/louis-bielle-biarrey.md
pro,Louis CARBONEL,"university,high_school,country",src/content/players/pro/louis-carbonel.md
pro,Louis COMPANYO,"height,weight,birth_date,university,high_school,country",src/content/players/pro/louis-companyo.md
pro,Louis FOURSANS-BOURDETTE,"university,high_school,country",src/content/players/pro/louis-foursans-bourdette.md
pro,Louis JACQUOT,"height,weight,birth_date,university,high_school,country",src/content/players/pro/louis-jacquot.md
pro,Louis LE BRUN,"university,high_school",src/content/players/pro/louis-le-brun.md
pro,Louis LYNAGH,"university,country",src/content/players/pro/louis-lynagh.md
pro,Louis PENVERNE,"university,high_school",src/content/players/pro/louis-penverne.md
pro,Louis RETHORE,"height,weight,birth_date,university,high_school,country",src/content/players/pro/louis-rethore.md
pro,Louis Rees-Zammit,"height,weight,university,high_school,country",src/content/players/pro/louis-rees-zammit.md
pro,Louis WERCHON,"university,high_school,country",src/content/players/pro/louis-werchon.md
pro,Louka GUILHOT,"university,high_school,country",src/content/players/pro/louka-guilhot.md
pro,Louw NEL,"university,high_school,country",src/content/players/pro/louw-nel.md
pro,Luca RIZZOLI,"university,high_school,country",src/content/players/pro/luca-rizzoli.md
pro,Lucas ANDJISSERAMATCHI,"university,high_school,country",src/content/players/pro/lucas-andjisseramatchi.md
pro,Lucas CASEY,"height,weight,university,high_school,country",src/content/players/pro/lucas-casey.md
pro,Lucas CASHMORE,"university,high_school,country",src/content/players/pro/lucas-cashmore.md
pro,Lucas DESSAIGNE,"university,high_school,country",src/content/players/pro/lucas-dessaigne.md
pro,Lucas DUBOIS,"university,high_school",src/content/players/pro/lucas-dubois.md
pro,Lucas MARTIN,"university,high_school,country",src/content/players/pro/lucas-martin.md
pro,Lucas PAULOS,"university,high_school,country",src/content/players/pro/lucas-paulos.md
pro,Lucas PEYRESBLANQUES,"university,high_school,country",src/content/players/pro/lucas-peyresblanques.md
pro,Lucas REY,"university,high_school,country",src/content/players/pro/lucas-rey.md
pro,Lucas TAUZIN,"university,high_school,country",src/content/players/pro/lucas-tauzin.md
pro,Lucas VELARTE,"university,high_school",src/content/players/pro/lucas-velarte.md
pro,Lucas VIGNERES,"height,weight,birth_date,university,high_school,country",src/content/players/pro/lucas-vigneres.md
pro,Lucas ZAMORA,"university,high_school,country",src/content/players/pro/lucas-zamora.md
pro,Lucien RICHARDIS,"height,weight,birth_date,university,high_school,country",src/content/players/pro/lucien-richardis.md
pro,Lucio Cinti,"height,weight,university,high_school,country",src/content/players/pro/lucio-cinti.md
pro,Luka Ivanishvili,"height,weight,university,high_school,country",src/content/players/pro/luka-ivanishvili.md
pro,Luka JAPARIDZE,"university,high_school",src/content/players/pro/luka-japaridze.md
pro,Lukas AMATI,"height,weight,birth_date,university,high_school,country",src/content/players/pro/lukas-amati.md
pro,Lukas KENNY,"university,high_school,country",src/content/players/pro/lukas-kenny.md
pro,Luke CROSBIE,"university,high_school,country",src/content/players/pro/luke-crosbie.md
pro,Luke Cowan-Dickie,"height,weight,university,high_school,country",src/content/players/pro/luke-cowan-dickie.md
pro,Luke GREEN,"height,weight,birth_date,university,high_school,country",src/content/players/pro/luke-green.md
pro,Luke JACOBSON,"university,high_school,country",src/content/players/pro/luke-jacobson.md
pro,Luke Northmore,"height,weight,university,high_school,country",src/content/players/pro/luke-northmore.md
pro,Luke REIMER,"university,high_school,country",src/content/players/pro/luke-reimer.md
pro,Luke TAGI,"university,high_school,country",src/content/players/pro/luke-tagi.md
pro,Luke WHITELOCK,"university,high_school,country",src/content/players/pro/luke-whitelock.md
pro,Lukhan SALAKAIA-LOTO,"university,high_school,country",src/content/players/pro/lukhan-lealaiaulolo-tui.md
pro,Lyam AKRAB,"university,high_school,country",src/content/players/pro/lyam-akrab.md
pro,M. Austin,"height,weight,birth_date,age,university,high_school,country",src/content/players/pro/m.-austin.md
pro,M. Boyle-Tiatia,"height,weight,birth_date,age,university,high_school,country",src/content/players/pro/m.-boyle-tiatia.md
pro,M. Clark,"height,weight,birth_date,age,university,high_school,country",src/content/players/pro/m.-clark.md
pro,M. Dehauteur,"height,weight,birth_date,age,university,high_school,country",src/content/players/pro/m.-dehauteur.md
pro,M. Green,"height,weight,birth_date,age,university,high_school,country",src/content/players/pro/m.-green.md
pro,M. Itoje,"height,weight,birth_date,age,university,high_school,country",src/content/players/pro/m.-itoje.md
pro,M. Knight,"height,weight,birth_date,age,university,high_school,country",src/content/players/pro/m.-knight.md
pro,M. Lahiff,"height,weight,birth_date,age,university,high_school,country",src/content/players/pro/m.-lahiff.md
pro,M. Loggenberg,"height,weight,birth_date,age,university,high_school,country",src/content/players/pro/m.-loggenberg.md
pro,M. Louw,"height,weight,birth_date,age,university,high_school,country",src/content/players/pro/m.-louw.md
pro,M. Moloney,"height,weight,birth_date,age,university,high_school,country",src/content/players/pro/m.-moloney.md
pro,M. Norey,"height,weight,birth_date,age,university,high_school,country",src/content/players/pro/m.-norey.md
pro,M. Pearce,"height,weight,birth_date,age,university,high_school,country",src/content/players/pro/m.-pearce.md
pro,M. Pepper,"height,weight,birth_date,age,university,high_school,country",src/content/players/pro/m.-pepper.md
pro,M. Protheroe,"height,weight,birth_date,age,university,high_school,country",src/content/players/pro/m.-protheroe.md
pro,M. Reid,"height,weight,birth_date,age,university,high_school,country",src/content/players/pro/m.-reid.md
pro,M. Rewcastle,"height,weight,birth_date,age,university,high_school,country",src/content/players/pro/m.-rewcastle.md
pro,M. Smith,"height,weight,birth_date,age,university,high_school,country",src/content/players/pro/m.-smith.md
pro,M. Street,"height,weight,birth_date,age,university,high_school,country",src/content/players/pro/m.-street.md
pro,M. Summerfield,"height,weight,birth_date,age,university,high_school,country",src/content/players/pro/m.-summerfield.md
pro,Ma'a NONU,"university,high_school",src/content/players/pro/ma-a-nonu.md
pro,Mac GREALY,"university,high_school,country",src/content/players/pro/mac-grealy.md
pro,Mac RUTHERFORD,"height,weight,birth_date,age,university,high_school,country",src/content/players/pro/mac-rutherford.md
pro,Macca SPRINGER,"university,high_school,country",src/content/players/pro/macca-springer.md
pro,Madosh TAMBWE,"university,high_school,country",src/content/players/pro/michael-tambwe.md
pro,Mael MOUSTIN,"university,high_school",src/content/players/pro/mael-moustin.md
pro,Magnus BRADBURY,"university,high_school,country",src/content/players/pro/magnus-bradbury.md
pro,Mahamadou DIABY,"university,high_school",src/content/players/pro/mahamadou-diaby.md
pro,Mahon ロナン,"university,high_school,country",src/content/players/pro/mahon-ronan.md
pro,Maika TUITUBOU,"university,high_school,country",src/content/players/pro/maika-tuitubou.md
pro,Mako VUNIPOLA,"university,high_school",src/content/players/pro/mako-vunipola.md
pro,Malachi HAWKES,"height,weight,birth_date,university,high_school,country",src/content/players/pro/malachi-hawkes.md
pro,Malachi WRAMPLING-ALEC,"university,high_school,country",src/content/players/pro/malachi-wrampling-alec.md
pro,Malakai FEKITOA,"university,high_school,country",src/content/players/pro/malakai-fekitoa.md
pro,Malakai HALA,"university,high_school,country",src/content/players/pro/malakai-hala.md
pro,Malelili SATALA,"university,high_school,country",src/content/players/pro/malelili-satala.md
pro,Malik FAISSAL,"university,high_school,country",src/content/players/pro/malik-faissal.md
pro,Maloni KUNAWAVE,"university,high_school,country",src/content/players/pro/maloni-kunawave.md
pro,Mamoru HARADA,"university,high_school,country",src/content/players/pro/mamoru-harada.md
pro,Manasa MATAELE,"university,high_school,country",src/content/players/pro/manasa-mataele.md
pro,Manex ARICETA,"university,high_school,country",src/content/players/pro/manex-ariceta.md
pro,Manu TUILAGI,"university,high_school,country",src/content/players/pro/manu-tuilagi.md
pro,Manuel RASS,"university,high_school,country",src/content/players/pro/manuel-rass.md
pro,Manuel ZULIANI,"university,high_school,country",src/content/players/pro/manuel-zuliani.md
pro,Manumaua LETIU,"university,high_school,country",src/content/players/pro/manumaua-letiu.md
pro,Marc-Elie KOUASSI,"height,weight,birth_date,university,high_school,country",src/content/players/pro/marc-elie-kouassi.md
pro,Marceau MARZULLO,"height,weight,birth_date,university,high_school,country",src/content/players/pro/marceau-marzullo.md
pro,Marcel RENATA,"university,high_school,country",src/content/players/pro/marcel-renata.md
pro,Marcel THEUNISSEN,"university,high_school,country",src/content/players/pro/marcel-theunissen.md
pro,Marco MANFREDI,"height,weight,birth_date,university,high_school,country",src/content/players/pro/marco-manfredi.md
pro,Marco Riccioni,"height,weight,university,high_school,country",src/content/players/pro/marco-riccioni.md
pro,Marco SPREAFICHI,"university,high_school,country",src/content/players/pro/marco-spreafichi.md
pro,Marco TAULEIGNE,"university,high_school",src/content/players/pro/marco-tauleigne.md
pro,Marcos GALLORINI,"university,high_school,country",src/content/players/pro/marcos-gallorini.md
pro,Marcos KREMER,"university,high_school,country",src/content/players/pro/marcos-kremer.md
pro,Marcus REA,"university,high_school,country",src/content/players/pro/marcus-rea.md
pro,Marin BOULIER,"university,high_school",src/content/players/pro/marin-boulier.md
pro,Marius DOMON,"university,high_school",src/content/players/pro/marius-domon.md
pro,Marko GAZZOTTI,"university,high_school,country",src/content/players/pro/marko-gazzotti.md
pro,Marley PEARCE,"university,high_school,country",src/content/players/pro/marley-pearce.md
pro,Marshall SYKES,"university,high_school,country",src/content/players/pro/marshall-sykes.md
pro,Martin LABARTHE,"height,weight,birth_date,university,high_school,country",src/content/players/pro/martin-labarthe.md
pro,Martin MELIANDE,"university,high_school",src/content/players/pro/martin-meliande.md
pro,Martin PAGE-RELO,"university,high_school,country",src/content/players/pro/martin-page-relo.md
pro,Martin ROGER FARIAS,"university,high_school,country",src/content/players/pro/martin-roger-farias.md
pro,Martin THIBAUT,"height,weight,birth_date,university,high_school,country",src/content/players/pro/martin-thibaut.md
pro,Marvin OKUYA,"university,high_school",src/content/players/pro/marvin-okuya.md
pro,Mason GRADY,"university,high_school,country",src/content/players/pro/mason-grady.md
pro,Mason TUPAEA,"weight,university,high_school,country",src/content/players/pro/mason-tupaea.md
pro,Massimo DE LUTIIS,"university,high_school,country",src/content/players/pro/massimo-de-lutiis.md
pro,Mateo CARRERAS,"university,high_school,country",src/content/players/pro/mateo-carreras.md
pro,Mateo GARCIA,"university,high_school",src/content/players/pro/mateo-garcia.md
pro,Matheo FRISACH,"university,high_school,country",src/content/players/pro/matheo-frisach.md
pro,Mathias BOUNIOL,"height,weight,birth_date,university,high_school,country",src/content/players/pro/mathias-bouniol.md
pro,Mathieu BABILLOT,"university,high_school",src/content/players/pro/mathieu-babillot.md
pro,Mathieu HIRIGOYEN,"university,high_school,country",src/content/players/pro/mathieu-hirigoyen.md
pro,Mathieu SMAILI,"university,high_school",src/content/players/pro/mathieu-smaili.md
pro,Mathieu TANGUY,"university,high_school",src/content/players/pro/mathieu-tanguy.md
pro,Mathis CAPUS,"height,weight,birth_date,university,high_school,country",src/content/players/pro/mathis-capus.md
pro,Mathis CASTRO-FERREIRA,"university,high_school,country",src/content/players/pro/mathis-castro-ferreira.md
pro,Mathis CAUBLOT,"height,weight,birth_date,university,high_school,country",src/content/players/pro/mathis-caublot.md
pro,Mathis FERTE,"university,high_school",src/content/players/pro/mathis-ferte.md
pro,Mathis GIL,"height,weight,birth_date,university,high_school,country",src/content/players/pro/mathis-gil.md
pro,Mathis IBO,"university,high_school,country",src/content/players/pro/mathis-ibo.md
pro,Mathis SARRAGALLET,"university,high_school",src/content/players/pro/mathis-sarragallet.md
pro,Mathis THOMAS,"height,weight,birth_date,university,high_school,country",src/content/players/pro/mathis-thomas.md
pro,Mathys LOTRIAN,"university,high_school",src/content/players/pro/mathys-lotrian.md
pro,Matias Alemanno,"height,weight,university,high_school,country",src/content/players/pro/matias-alemanno.md
pro,Matias Moroni,"height,weight,university,high_school,country",src/content/players/pro/matias-moroni.md
pro,Matias REMUE,"university,high_school,country",src/content/players/pro/matias-remue.md
pro,Matis PERCHAUD,"university,high_school,country",src/content/players/pro/matis-perchaud.md
pro,Matolu PETAIA,"height,weight,birth_date,age,university,high_school,country",src/content/players/pro/matolu-petaia.md
pro,Matt BERGES,"height,weight,birth_date,university,high_school,country",src/content/players/pro/matt-berges.md
pro,Matt CURRIE,"university,high_school,country",src/content/players/pro/matt-currie.md
pro,Matt DAVIDSON,"university,high_school,country",src/content/players/pro/matt-davidson.md
pro,Matt DEVINE,"university,high_school,country",src/content/players/pro/matt-devine.md
pro,Matt FAESSLER,"university,high_school,country",src/content/players/pro/matt-faessler.md
pro,Matt GALLAGHER,"university,high_school,country",src/content/players/pro/matt-gallagher.md
pro,Matt PHILIP,"university,high_school,country",src/content/players/pro/matt-philip.md
pro,Matt ROMAO,"university,high_school,country",src/content/players/pro/matt-romao.md
pro,Matteo DESJEUX,"university,high_school",src/content/players/pro/matteo-desjeux.md
pro,Matteo LE CORVEC,"university,high_school",src/content/players/pro/matteo-le-corvec.md
pro,Matteo NOCERA,"university,high_school,country",src/content/players/pro/matteo-nocera.md
pro,Matthias HADDAD,"university,high_school",src/content/players/pro/matthias-haddad.md
pro,Matthias HALAGAHU,"university,high_school",src/content/players/pro/matthias-halagahu.md
pro,Matthieu JALIBERT,"university,high_school,country",src/content/players/pro/matthieu-jalibert.md
pro,Matthieu UHILA,"university,high_school",src/content/players/pro/matthieu-uhila.md
pro,Matthis LEBEL,"university,high_school",src/content/players/pro/matthis-lebel.md
pro,Max BUREY,"university,high_school,country",src/content/players/pro/max-burey.md
pro,Max CLEIN,"university,high_school,country",src/content/players/pro/max-clein.md
pro,Max DEEGAN,"university,high_school,country",src/content/players/pro/max-deegan.md
pro,Max FLYNN,"height,weight,university,high_school,country",src/content/players/pro/max-flynn.md
pro,Max HICKS,"university,high_school",src/content/players/pro/max-hicks.md
pro,Max JORGENSEN,"university,high_school,country",src/content/players/pro/max-jorgensen.md
pro,Max Llewellyn,"height,weight,university,high_school,country",src/content/players/pro/max-llewellyn.md
pro,Max Malins,"height,weight,university,high_school,country",src/content/players/pro/max-malins.md
pro,Max NAGY,"university,high_school,country",src/content/players/pro/max-nagy.md
pro,Max OJOMOH,"height,weight,birth_date,university,high_school,country",src/content/players/pro/max-ojomoh.md
pro,Max SPRING,"university,high_school,country",src/content/players/pro/max-spring.md
pro,Maxim GRANELL,"university,high_school",src/content/players/pro/maxim-granell.md
pro,Maxime BAUDONNE,"university,high_school,country",src/content/players/pro/maxime-baudonne.md
pro,Maxime GARDELLE,"height,weight,birth_date,university,high_school,country",src/content/players/pro/maxime-gardelle.md
pro,Maxime GOUZOU,"university,high_school",src/content/players/pro/maxime-gouzou.md
pro,Maxime LAFAGE,"university,high_school",src/content/players/pro/maxime-lafage.md
pro,Maxime LAMOTHE,"university,high_school,country",src/content/players/pro/maxime-lamothe.md
pro,Maxime LUCU,"university,high_school,country",src/content/players/pro/maxime-lucu.md
pro,Maxime MACHENAUD,"university,high_school,country",src/content/players/pro/maxime-machenaud.md
pro,Mayron FAHY,"height,weight,university,high_school",src/content/players/pro/mayron-fahy.md
pro,Melani MATAVAO,"university,high_school,country",src/content/players/pro/melani-matavao.md
pro,Meli TUNI,"university,high_school,country",src/content/players/pro/meli-tuni.md
pro,Melvin WEVERS,"height,weight,birth_date,university,high_school,country",src/content/players/pro/melvin-wevers.md
pro,Melvyn JAMINET,"university,high_school",src/content/players/pro/melvyn-jaminet.md
pro,Melvyn RATES,"university,high_school,country",src/content/players/pro/melvyn-rates.md
pro,Mesake DOGE,"university,high_school,country",src/content/players/pro/mesake-doge.md
pro,Mesake VOCEVOCE,"university,high_school,country",src/content/players/pro/mesake-vocevoce.md
pro,Mesulame DOLOKOTO,"university,high_school,country",src/content/players/pro/mesulame-dolokoto.md
pro,Michael MCDONALD,"university,high_school,country",src/content/players/pro/michael-mcdonald.md
pro,Michael RURU,"university,high_school",src/content/players/pro/michael-ruru.md
pro,Michele LAMARO,"university,high_school,country",src/content/players/pro/michele-lamaro.md
pro,Mickael CAPELLI,"university,high_school,country",src/content/players/pro/mickael-capelli.md
pro,Mickael GUILLARD,"university,high_school",src/content/players/pro/mickael--guillard.md
pro,Mike LOWRY,"university,high_school,country",src/content/players/pro/michael-lowry.md
pro,Mikey JONES,"university,high_school,country",src/content/players/pro/mike-jones.md
pro,Mikey SUMMERFIELD,"height,weight,birth_date,university,high_school,country",src/content/players/pro/mikey-summerfield.md
pro,Mikey YARR,"height,weight,university,high_school,country",src/content/players/pro/mikey-yarr.md
pro,Mikheil ALANIA,"university,high_school",src/content/players/pro/mikehil-alania.md
pro,Miles AMATOSERO,"university,high_school,country",src/content/players/pro/miles-amatosero.md
pro,Miles REID,"height,weight,birth_date,university,high_school,country",src/content/players/pro/miles-reid.md
pro,Mills SANERIVI,"university,high_school,country",src/content/players/pro/mills-sanerivi.md
pro,Miracle FAI'ILAGI,"university,high_school,country",src/content/players/pro/miracle-fai-ilagi.md
pro,Mirco SPAGNOLO,"university,high_school,country",src/content/players/pro/mirco-spagnolo.md
pro,Mirko BELLONI,"university,high_school,country",src/content/players/pro/mirko-belloni.md
pro,Misinale EPENISA,"university,high_school,country",src/content/players/pro/misinale-epenisa.md
pro,Mitch DUNSHEA,"university,high_school,country",src/content/players/pro/mitchell-dunshea.md
pro,Mohamed HAOUAS,"university,high_school",src/content/players/pro/mohammed-houas.md
pro,Mohamed MEGHERBI,"height,weight,birth_date,university,high_school,country",src/content/players/pro/mohamed-megherbi.md
pro,Monty IOANE,"university,high_school",src/content/players/pro/monty-ioane.md
pro,Morgan CARTER,"height,weight,university,high_school,country",src/content/players/pro/morgan-carter.md
pro,Morgan LLOYD,"university,high_school,country",src/content/players/pro/morgan-lloyd.md
pro,Morgan MORRIS,"university,high_school,country",src/content/players/pro/morgan-morris.md
pro,Morn BRANDON,"university,high_school,country",src/content/players/pro/morne-brandon.md
pro,Morn ファン DEN BERG,"university,high_school,country",src/content/players/pro/morne-van-den-berg.md
pro,Moses ALO-EMILE,"university,high_school,country",src/content/players/pro/moses-alo-emile.md
pro,Mosese TUIPULOTU,"university,high_school,country",src/content/players/pro/mosese-tuipulotu.md
pro,Motikiai MURRAY,"university,high_school,country",src/content/players/pro/motikiai-murray.md
pro,Murphy WALKER,"university,high_school,country",src/content/players/pro/murphy-walker.md
pro,Murray McCallum,"height,weight,university,high_school,country",src/content/players/pro/murray-mccallum.md
pro,N. Allison,"height,weight,birth_date,age,university,high_school,country",src/content/players/pro/n.-allison.md
pro,N. Caluori,"height,weight,birth_date,age,university,high_school,country",src/content/players/pro/n.-caluori.md
pro,N. David,"height,weight,birth_date,age,university,high_school,country",src/content/players/pro/n.-david.md
pro,N. Fenton,"height,weight,birth_date,age,university,high_school,country",src/content/players/pro/n.-fenton.md
pro,N. Greenwood,"height,weight,birth_date,age,university,high_school,country",src/content/players/pro/n.-greenwood.md
pro,N. Heward,"height,weight,birth_date,age,university,high_school,country",src/content/players/pro/n.-heward.md
pro,N. Jibulu,"height,weight,birth_date,age,university,high_school,country",src/content/players/pro/n.-jibulu.md
pro,N. Lilley,"height,weight,birth_date,age,university,high_school,country",src/content/players/pro/n.-lilley.md
pro,N. Michelow,"height,weight,birth_date,age,university,high_school,country",src/content/players/pro/n.-michelow.md
pro,N. Thomas,"height,weight,birth_date,age,university,high_school,country",src/content/players/pro/n.-thomas.md
pro,N. le Roux,"height,weight,birth_date,age,university,high_school,country",src/content/players/pro/n.-le-roux.md
pro,Nahuel TETAZ CHAPARRO,"university,high_school,country",src/content/players/pro/nahuel-tetaz-chaparro.md
pro,Nairn MONCRIEFF,"university,high_school,country",src/content/players/pro/nairn-moncrieff.md
pro,Naitoa AH KUOI,"university,high_school,country",src/content/players/pro/naitoa-ah-kuoi.md
pro,Nama XABA,"university,high_school,country",src/content/players/pro/nama-xaba.md
pro,Naoto SAITO,"university,high_school,country",src/content/players/pro/naoto-saito.md
pro,Nathan BOLLENGIER,"university,high_school",src/content/players/pro/nathan-bollengier.md
pro,Nathan DECRON,"university,high_school,country",src/content/players/pro/nathan-decron.md
pro,Nathan HASTIE,"university,high_school,country",src/content/players/pro/nathan-hastie.md
pro,Nathan HUGHES,"university,high_school,country",src/content/players/pro/nathan-hughes.md
pro,Nathan LLAVERIA,"height,weight,birth_date,university,high_school,country",src/content/players/pro/nathan-llaveria.md
pro,Nathanael HULLEU,"university,high_school",src/content/players/pro/nathanael-hulleu.md
pro,Neethling FOUCH,"university,high_school,country",src/content/players/pro/neethling-fouche.md
pro,Neil LE ROUX,"height,weight,birth_date,university,high_school,country",src/content/players/pro/neil-le-roux.md
pro,Nelson CASARTELLI,"university,high_school,country",src/content/players/pro/nelson-casartelli.md
pro,Nelson EPEE,"university,high_school,country",src/content/players/pro/nelson-epee.md
pro,Nemo ROELOFSE,"university,high_school",src/content/players/pro/nemo-roelofse.md
pro,Nepo Laulala,"height,weight,university,high_school,country",src/content/players/pro/nepo-laulala.md
pro,Ngane PUNIVAI,"university,high_school,country",src/content/players/pro/ngane-punivai.md
pro,Ngani LAUMAPE,"university,high_school,country",src/content/players/pro/ngani-laumape.md
pro,Nic DOLLY,"university,high_school,country",src/content/players/pro/nic-dolly.md
pro,Nic LYNAGH,"birth_date,age,university,high_school,country",src/content/players/pro/nick-lynagh.md
pro,Niccolo CANNONE,"university,high_school,country",src/content/players/pro/niccolo-cannone.md
pro,Nicholas GASPERINI,"university,high_school,country",src/content/players/pro/nicholas-gasperini.md
pro,Nick BLOOMFIELD,"university,high_school,country",src/content/players/pro/nick-bloomfield.md
pro,Nick CHAMPION DE CRESPIGNY,"university,high_school,country",src/content/players/pro/nick-champion-de-crespigny.md
pro,Nick CONWAY,"university,high_school,country",src/content/players/pro/nick-conway.md
pro,Nick FROST,"university,high_school,country",src/content/players/pro/nick-frost.md
pro,Nick Isiekwe,"height,weight,university,high_school,country",src/content/players/pro/nick-isiekwe.md
pro,Nick SCHONERT,"university,high_school",src/content/players/pro/nick-schonert.md
pro,Nick Tompkins,"height,weight,university,high_school,country",src/content/players/pro/nick-tompkins.md
pro,Nick トーマス,"university,high_school,country",src/content/players/pro/nick-thomas.md
pro,Nicky Smith,"height,weight,university,high_school,country",src/content/players/pro/nicky-smith.md
pro,Nicolas CORATO,"university,high_school",src/content/players/pro/nicolas-corato.md
pro,Nicolas DEPOORTERE,"university,high_school,country",src/content/players/pro/nicolas-depoortere.md
pro,Nicolas ROGER FARIAS,"university,country",src/content/players/pro/nicolas-roger-farias.md
pro,Nika ABULADZE,"university,high_school",src/content/players/pro/nika-abuladze.md
pro,Nika SUTIDZE,"university,high_school,country",src/content/players/pro/nika-sutidze.md
pro,Niko JONES,"university,high_school,country",src/content/players/pro/niko-jones.md
pro,Nikolaj VAROTTO,"university,high_school,country",src/content/players/pro/nikolaj-varotto.md
pro,Nikora BROUGHTON,"university,high_school,country",src/content/players/pro/nikora-broughton.md
pro,Nizaam CARR,"university,high_school,country",src/content/players/pro/nizaam-carr.md
pro,Noa TINNIRELLO,"height,weight,birth_date,university,high_school,country",src/content/players/pro/noa-tinnirello.md
pro,Noa ZINZEN,"university,high_school,country",src/content/players/pro/noa-zinzen.md
pro,Noah HOTHAM,"university,high_school,country",src/content/players/pro/noah-hotham.md
pro,Noah NENE,"university,high_school,country",src/content/players/pro/noah-nene.md
pro,Noe DELLA SCHIAVA,"university,high_school",src/content/players/pro/noe-della-schiava.md
pro,Nolann DONGUY,"university,high_school,country",src/content/players/pro/nolann-donguy.md
pro,Nolann LE GARREC,"university,high_school",src/content/players/pro/nolann-le-garrec.md
pro,O. Allan,"height,weight,birth_date,age,university,high_school,country",src/content/players/pro/o.-allan.md
pro,O. Allport,"height,weight,birth_date,age,university,high_school,country",src/content/players/pro/o.-allport.md
pro,O. Bailey,"height,weight,birth_date,age,university,high_school,country",src/content/players/pro/o.-bailey.md
pro,O. Batson,"height,weight,birth_date,age,university,high_school,country",src/content/players/pro/o.-batson.md
pro,O. Beckerleg,"height,weight,birth_date,age,university,high_school,country",src/content/players/pro/o.-beckerleg.md
pro,O. Davies,"height,weight,birth_date,age,university,high_school,country",src/content/players/pro/o.-davies.md
pro,O. Ene,"height,weight,birth_date,age,university,high_school,country",src/content/players/pro/o.-ene.md
pro,O. Fletcher,"height,weight,birth_date,age,university,high_school,country",src/content/players/pro/o.-fletcher.md
pro,O. Harris,"height,weight,birth_date,age,university,high_school,country",src/content/players/pro/o.-harris.md
pro,O. Hartley,"height,weight,birth_date,age,university,high_school,country",src/content/players/pro/o.-hartley.md
pro,O. James,"height,weight,birth_date,age,university,high_school,country",src/content/players/pro/o.-james.md
pro,O. Leatherbarrow,"height,weight,birth_date,age,university,high_school,country",src/content/players/pro/o.-leatherbarrow.md
pro,O. Lennon,"height,weight,birth_date,age,university,high_school,country",src/content/players/pro/o.-lennon.md
pro,O. McCormack,"height,weight,birth_date,age,university,high_school,country",src/content/players/pro/o.-mccormack.md
pro,O. Minnis,"height,weight,birth_date,age,university,high_school,country",src/content/players/pro/o.-minnis.md
pro,O. Roberts,"height,weight,birth_date,age,university,high_school,country",src/content/players/pro/o.-roberts.md
pro,O. Scola,"height,weight,birth_date,age,university,high_school,country",src/content/players/pro/o.-scola.md
pro,O. Sodeke,"height,weight,birth_date,age,university,high_school,country",src/content/players/pro/o.-sodeke.md
pro,O. Spencer,"height,weight,birth_date,age,university,high_school,country",src/content/players/pro/o.-spencer.md
pro,O. Streeter,"height,weight,birth_date,age,university,high_school,country",src/content/players/pro/o.-streeter.md
pro,O. Thomas,"height,weight,birth_date,age,university,high_school,country",src/content/players/pro/o.-thomas.md
pro,O. Usher,"height,weight,birth_date,age,university,high_school,country",src/content/players/pro/o.-usher.md
pro,O. Woodburn,"height,weight,birth_date,age,university,high_school,country",src/content/players/pro/o.-woodburn.md
pro,Ofa TAUATEVALU,"university,high_school,country",src/content/players/pro/ofa-tauatevalu.md
pro,Ofa TU'UNGAFASI,"university,high_school,country",src/content/players/pro/ofa-tu-ungafasi.md
pro,Ola TAUELANGI,"university,high_school,country",src/content/players/pro/ola-tauelangi.md
pro,Oli KEBBLE,"university,high_school,country",src/content/players/pro/oli-kebble.md
pro,Oliver COWIE,"university,high_school",src/content/players/pro/oliver-cowie.md
pro,Oliver HAIG,"university,high_school,country",src/content/players/pro/oliver-haig.md
pro,Oliver REID,"university,high_school,country",src/content/players/pro/oliver-reid.md
pro,Olivier KLEMENCZAK,"university,high_school,country",src/content/players/pro/olivier-klemenczak.md
pro,Ollie BLYTH-LAFFERTY,"university,high_school,country",src/content/players/pro/ollie-blyth-lafferty.md
pro,Ollie Chessum,"height,weight,university,high_school,country",src/content/players/pro/ollie-chessum.md
pro,Ollie DUNCAN,"university,country",src/content/players/pro/ollie-duncan.md
pro,Ollie Hassell-Collins,"height,weight,university,high_school,country",src/content/players/pro/ollie-hassell-collins.md
pro,Ollie LAWRENCE,"height,weight,birth_date,university,high_school,country",src/content/players/pro/ollie-lawrence.md
pro,Ollie NORRIS,"university,high_school,country",src/content/players/pro/ollie-norris.md
pro,Ollie SAPSFORD,"university,high_school,country",src/content/players/pro/ollie-sapsford.md
pro,Ollie SCOLA,"height,weight,birth_date,university,high_school,country",src/content/players/pro/ollie-scola.md
pro,Ollie SLEIGHTHOLME,"height,weight,birth_date,university,high_school,country",src/content/players/pro/ollie-sleightholme.md
pro,Ollie Thorley,"height,weight,university,high_school,country",src/content/players/pro/ollie-thorley.md
pro,Olly Cracknell,"height,weight,university,high_school,country",src/content/players/pro/olly-cracknell.md
pro,Onisi RATAVE,"university,high_school,country",src/content/players/pro/onisi-ratave.md
pro,Oriol MARSINYAC,"height,weight,birth_date,university,high_school,country",src/content/players/pro/oriol-marsinyac.md
pro,Oscar Beard,"height,weight,university,high_school,country",src/content/players/pro/oscar-beard.md
pro,Oscar JEGOU,"university,high_school",src/content/players/pro/oscar-jegou.md
pro,Oscar THOMAS,"height,weight,birth_date,university,high_school,country",src/content/players/pro/oscar-thomas.md
pro,Osian DARWIN LEWIS,"university,high_school,country",src/content/players/pro/osian-darwin-lewis.md
pro,Owen Farrell,"height,weight,university,high_school,country",src/content/players/pro/owen-farrell.md
pro,P. Bell,"height,weight,birth_date,age,university,high_school,country",src/content/players/pro/p.-bell.md
pro,P. Brantingham,"height,weight,birth_date,age,university,high_school,country",src/content/players/pro/p.-brantingham.md
pro,P. Brown-Bampoe,"height,weight,birth_date,age,university,high_school,country",src/content/players/pro/p.-brown-bampoe.md
pro,P. Hogg,"height,weight,birth_date,age,university,high_school,country",src/content/players/pro/p.-hogg.md
pro,P. Paramore,"height,weight,birth_date,age,university,high_school,country",src/content/players/pro/p.-paramore.md
pro,P. Pearce,"height,weight,birth_date,age,university,high_school,country",src/content/players/pro/p.-pearce.md
pro,PA ファン NIEKERK,"university,high_school,country",src/content/players/pro/philip-albert-van-niekerk.md
pro,PJ スティーンカンプ,country,src/content/players/pro/pj-steenkamp.md
pro,PJ ボータ,"university,high_school,country",src/content/players/pro/pj-botha.md
pro,PJ ラトゥ,country,src/content/players/pro/pj-latu.md
pro,Pablo MONTERO,"height,weight,birth_date,age,university,high_school,country",src/content/players/pro/pablo-montero.md
pro,Pablo UBERTI,"university,high_school,country",src/content/players/pro/pablo-uberti.md
pro,Paddy JACKSON,"university,high_school",src/content/players/pro/paddy-jackson.md
pro,Paga TAFILI,"university,high_school",src/content/players/pro/paga-tafili.md
pro,Paolo BUONFIGLIO,"university,high_school,country",src/content/players/pro/paolo-buonfiglio.md
pro,Paolo GARBISI,"university,high_school",src/content/players/pro/paolo-garbisi.md
pro,Paolo ODOGWU,"university,high_school,country",src/content/players/pro/paolo-odogwu.md
pro,Pascal COTET,"university,high_school,country",src/content/players/pro/pascal-cotet.md
pro,Pasilio TOSI,"university,high_school,country",src/content/players/pro/pasilio-tosi.md
pro,Pat PELLEGRINI,"university,high_school,country",src/content/players/pro/patrick-pellegrini.md
pro,Patrick HARRISON,"university,high_school,country",src/content/players/pro/patrick-harrison.md
pro,Patrick SOBELA,"university,high_school",src/content/players/pro/patrick-sobela.md
pro,Patrick TUIFUA,"university,high_school",src/content/players/pro/patrick-tuifua.md
pro,Patrick TUIPULOTU,"university,high_school,country",src/content/players/pro/patrick-tuipulotu.md
pro,Paul ABADIE,"university,high_school,country",src/content/players/pro/paul-abadie.md
pro,Paul ALO-EMILE,"university,high_school,country",src/content/players/pro/paul-alo-emile.md
pro,Paul BOUDEHENT,"university,high_school",src/content/players/pro/paul-boudehent.md
pro,Paul COSTES,"university,high_school,country",src/content/players/pro/paul-costes.md
pro,Paul GABRILLAGUES,"university,high_school,country",src/content/players/pro/paul-gabrillagues.md
pro,Paul GRAOU,"university,high_school,country",src/content/players/pro/paul-graou.md
pro,Paul HILL,"university,country",src/content/players/pro/paul-hill.md
pro,Paul JEDRASIAK,"university,high_school",src/content/players/pro/paul-jedrasiak.md
pro,Paul MALLEZ,"university,high_school,country",src/content/players/pro/paul-mallez.md
pro,Paul SURANO,"university,high_school",src/content/players/pro/paul-surano.md
pro,Paula LATU,"university,high_school,country",src/content/players/pro/paula-latu.md
pro,Payton SPENCER,"height,university,high_school,country",src/content/players/pro/payton-spencer.md
pro,Peato MAUVAKA,"university,high_school,country",src/content/players/pro/peato-mauvaka.md
pro,Peceli YATO,"university,high_school",src/content/players/pro/peceli-yato.md
pro,Pedro Delgado,"height,weight,university,high_school,country",src/content/players/pro/pedro-delgado.md
pro,Pedro Rubiolo,"height,weight,university,high_school,country",src/content/players/pro/pedro-rubiolo.md
pro,Penaia CAKOBAU,"university,high_school,country",src/content/players/pro/penaia-cakobau.md
pro,Peni RAVAI,"university,high_school,country",src/content/players/pro/peni-ravai.md
pro,Peniasi DAKUWAQA,"university,high_school,country",src/content/players/pro/peniasi-dakuwaqa.md
pro,Pete SAMU,"university,high_school,country",src/content/players/pro/pete-samu.md
pro,Peter LAKAI,"university,high_school,country",src/content/players/pro/peter-lakai.md
pro,Phiko SOBAHLE,"university,high_school,country",src/content/players/pro/phiko-sobahle.md
pro,Philip BASELALA,"height,weight,university,high_school,country",src/content/players/pro/philip-baselala.md
pro,Pierre BOCHATON,"university,high_school,country",src/content/players/pro/pierre-bochaton.md
pro,Pierre BOUDEHENT,"university,high_school",src/content/players/pro/pierre-boudehent.md
pro,Pierre BOURGARIT,"university,high_school",src/content/players/pro/pierre-bourgarit.md
pro,Pierre CASTILLON,"university,high_school,country",src/content/players/pro/pierre-castillon.md
pro,Pierre COLONNA,"university,high_school",src/content/players/pro/pierre-colonna.md
pro,Pierre DAMOND,"university,high_school",src/content/players/pro/pierre-damond.md
pro,Pierre FOUYSSAC,"university,high_school,country",src/content/players/pro/pierre-fouyssac.md
pro,Pierre HUGUET,"university,high_school,country",src/content/players/pro/pierre-huguet.md
pro,Pierre POPELIN,"university,high_school",src/content/players/pro/pierre-popelin.md
pro,Pierre SCHOEMAN,"university,high_school,country",src/content/players/pro/pierre-schoeman.md
pro,Pierre-Henri AZAGOH,"university,high_school,country",src/content/players/pro/pierre-henri-azagoh.md
pro,Pierre-Louis BARASSI,"university,high_school,country",src/content/players/pro/pierre-louis-barassi.md
pro,Piers O'CONOR,"university,high_school,country",src/content/players/pro/piers-o-conor.md
pro,Pietro CECCARELLI,"university,high_school",src/content/players/pro/pietro-ceccarelli.md
pro,Pio MUARUA,"university,high_school,country",src/content/players/pro/pio-muarua.md
pro,Pita AHKI,"university,high_school,country",src/content/players/pro/pita-ahki.md
pro,Pita-Gus SOWAKULA,"university,high_school,country",src/content/players/pro/pita-gus-sowakula.md
pro,Ponipate LOGANIMASI,"university,high_school,country",src/content/players/pro/ponipate-loganimasi.md
pro,Posolo TUILAGI,"university,high_school",src/content/players/pro/posolo-tuilagi.md
pro,Pouri RAKETE-STONES,"university,high_school,country",src/content/players/pro/pouri-rakete-stones.md
pro,Quentin LESPIAUCQ,"university,high_school",src/content/players/pro/quentin-lespiaucq.md
pro,Quentin WALCKER,"university,high_school",src/content/players/pro/quentin-walcker.md
pro,Quinn ROUX,"height,weight,birth_date,university,high_school,country",src/content/players/pro/quinn-roux.md
pro,Quinn TUPAEA,"university,high_school,country",src/content/players/pro/quinn-tupaea.md
pro,R. Beeckmans,"height,weight,birth_date,age,university,high_school,country",src/content/players/pro/r.-beeckmans.md
pro,R. Birch,"height,weight,birth_date,age,university,high_school,country",src/content/players/pro/r.-birch.md
pro,R. Capstick,"height,weight,birth_date,age,university,high_school,country",src/content/players/pro/r.-capstick.md
pro,R. Carre,"height,weight,birth_date,age,university,high_school,country",src/content/players/pro/r.-carre.md
pro,R. Crowley,"height,weight,birth_date,age,university,high_school,country",src/content/players/pro/r.-crowley.md
pro,R. Davies,"height,weight,birth_date,age,university,high_school,country",src/content/players/pro/r.-davies.md
pro,R. Ebanks,"height,weight,birth_date,age,university,high_school,country",src/content/players/pro/r.-ebanks.md
pro,R. Grace,"height,weight,birth_date,age,university,high_school,country",src/content/players/pro/r.-grace.md
pro,R. Hammick,"height,weight,birth_date,age,university,high_school,country",src/content/players/pro/r.-hammick.md
pro,R. Isgro,"height,weight,birth_date,age,university,high_school,country",src/content/players/pro/r.-isgro.md
pro,R. Lane,"height,weight,birth_date,age,university,high_school,country",src/content/players/pro/r.-lane.md
pro,R. Logan,"height,weight,birth_date,age,university,high_school,country",src/content/players/pro/r.-logan.md
pro,R. Ma'asi-White,"height,weight,birth_date,age,university,high_school,country",src/content/players/pro/r.-ma'asi-white.md
pro,R. McEachran,"height,weight,birth_date,age,university,high_school,country",src/content/players/pro/r.-mceachran.md
pro,R. Molony,"height,weight,birth_date,age,university,high_school,country",src/content/players/pro/r.-molony.md
pro,R. Palframan,"height,weight,birth_date,age,university,high_school,country",src/content/players/pro/r.-palframan.md
pro,R. Parsons,"height,weight,birth_date,age,university,high_school,country",src/content/players/pro/r.-parsons.md
pro,R. Price,"height,weight,birth_date,age,university,high_school,country",src/content/players/pro/r.-price.md
pro,R. Russell,"height,weight,birth_date,age,university,high_school,country",src/content/players/pro/r.-russell.md
pro,R. Segun,"height,weight,birth_date,age,university,high_school,country",src/content/players/pro/r.-segun.md
pro,R. Tuima,"height,weight,birth_date,age,university,high_school,country",src/content/players/pro/r.-tuima.md
pro,R. Weston,"height,weight,birth_date,age,university,high_school,country",src/content/players/pro/r.-weston.md
pro,RF スホーマン,"university,high_school,country",src/content/players/pro/rf-schoeman.md
pro,RG スナイマン,"university,high_school,country",src/content/players/pro/rg-snyman.md
pro,Rafael GALLARDO,"height,weight,birth_date,university,high_school,country",src/content/players/pro/rafael-gallardo.md
pro,Raffi Quirke,"height,weight,university,high_school,country",src/content/players/pro/raffi-quirke.md
pro,Rambo KUBHEKA,"university,high_school,country",src/content/players/pro/rambo-kubheka.md
pro,Raphael PORTAT,"height,weight,birth_date,university,high_school,country",src/content/players/pro/raphael-portat.md
pro,Rayan REBBADJ,"university,high_school",src/content/players/pro/rayan-rebbadj.md
pro,Rayane BENHERROU,"height,weight,birth_date,university,high_school,country",src/content/players/pro/rayane-benherrou.md
pro,Raymond TUPUTUPU,"university,high_school,country",src/content/players/pro/raymond-tuputupu.md
pro,Reda WARDI,"university,high_school",src/content/players/pro/reda-wardi.md
pro,Reece HEWAT,"university,high_school,country",src/content/players/pro/reece-hewat.md
pro,Reece HODGE,"university,high_school,country",src/content/players/pro/reece-hodge.md
pro,Reesjan PASITOA,"university,high_school,country",src/content/players/pro/reesjan-pasitoa.md
pro,Regis MONTAGNE,"university,high_school,country",src/content/players/pro/regis-montagne.md
pro,Remi PICQUETTE,"university,high_school,country",src/content/players/pro/remi-picquette.md
pro,Remi SENECA,"university,high_school,country",src/content/players/pro/remi-seneca.md
pro,Remy BAGET,"university,high_school",src/content/players/pro/remy-baget.md
pro,Reuben O'NEILL,"university,high_school,country",src/content/players/pro/reuben-o-neill.md
pro,Rhyno SMITH,"university,high_school,country",src/content/players/pro/rhyno-smith.md
pro,Rhys CUMMINGS,"university,high_school,country",src/content/players/pro/rhys-cummings.md
pro,Rhys LITTERICK,"university,high_school,country",src/content/players/pro/rhys-litterick.md
pro,Rhys VAN NEK,"university,high_school,country",src/content/players/pro/rhys-van-nek.md
pro,Riccardo FAVRETTO,"university,high_school,country",src/content/players/pro/riccardo-favretto.md
pro,Richard JUDD,"university,high_school",src/content/players/pro/richard-judd.md
pro,Richie ASIATA,"university,high_school,country",src/content/players/pro/richie-asiata.md
pro,Ricky RICCITELLI,"university,high_school",src/content/players/pro/ricky-riccitelli.md
pro,Rico SIMPSON,"university,high_school,country",src/content/players/pro/rico-simpson.md
pro,Riko BULIRUARUA,"university,high_school",src/content/players/pro/rico-buliruarua.md
pro,Riley HIGGINS,"university,high_school,country",src/content/players/pro/riley-higgins.md
pro,Riley NORTON,"university,high_school,country",src/content/players/pro/riley-norton.md
pro,Rivez REIHANA,"university,high_school,country",src/content/players/pro/rivez-reihana.md
pro,Rob CARMICHAEL,"university,high_school,country",src/content/players/pro/rob-carmichael.md
pro,Rob HERRING,"university,high_school,country",src/content/players/pro/rob-herring.md
pro,Rob LEOTA,"university,high_school,country",src/content/players/pro/rob-leota.md
pro,Rob SIMMONS,"university,high_school,country",src/content/players/pro/rob-simmons.md
pro,Rob VALETINI,"university,high_school,country",src/content/players/pro/rob-valetini.md
pro,Robbie SMITH,"height,weight,birth_date,university,high_school,country",src/content/players/pro/robbie-smith.md
pro,Robert du Preez,"height,weight,birth_date,age,university,high_school,country",src/content/players/pro/robert-du-preez.md
pro,Roberto FASTI,"university,high_school,country",src/content/players/pro/roberto-fasti.md
pro,Robin TACCOLA,"university,high_school",src/content/players/pro/robin-taccola.md
pro,Rodrigo BRUNI,"university,high_school,country",src/content/players/pro/rodrigo-bruni.md
pro,Rodrigue NETI,"university,high_school,country",src/content/players/pro/rodrigue-neti.md
pro,Rohan JANSE VAN RENSBURG,"university,high_school,country",src/content/players/pro/rohan-janse-van-rensburg.md
pro,Rohan WINGHAM,"university,high_school,country",src/content/players/pro/rohan-wingham.md
pro,Romain BRIATTE,"university,high_school,country",src/content/players/pro/romain-briatte.md
pro,Romain BUROS,"university,high_school,country",src/content/players/pro/romain-buros.md
pro,Romain GARDRAT,"university,high_school,country",src/content/players/pro/romain-gardrat.md
pro,Romain MACURDY,"university,high_school",src/content/players/pro/romain-macurdy.md
pro,Romain NTAMACK,"university,high_school,country",src/content/players/pro/romain-ntamack.md
pro,Romain TAOFIFENUA,"university,high_school",src/content/players/pro/romain-taofifenua.md
pro,Romaric CAMOU,"university,high_school",src/content/players/pro/romarick-camou.md
pro,Romeo MARTIN-BONNARD,"university,high_school",src/content/players/pro/romeo-martin-bonnard.md
pro,Romeo MOLA,"height,weight,birth_date,university,high_school,country",src/content/players/pro/romeo-mola.md
pro,Ronan LEAHY,"university,high_school,country",src/content/players/pro/ronan-leahy.md
pro,Rory HUTCHINSON,"height,weight,birth_date,university,high_school,country",src/content/players/pro/rory-hutchinson.md
pro,Rory MCHAFFIE,"university,high_school,country",src/content/players/pro/rory-mchaffie.md
pro,Rory PURVIS,"university,high_school,country",src/content/players/pro/rory-purvis.md
pro,Rory SCOTT,"university,high_school,country",src/content/players/pro/rory-scott.md
pro,Ross Byrne,"height,weight,university,high_school,country",src/content/players/pro/ross-byrne.md
pro,Ross MCCANN,"university,high_school,country",src/content/players/pro/ross-mccann-.md
pro,Ross MOLONY,"height,weight,birth_date,university,high_school,country",src/content/players/pro/ross-molony.md
pro,Ross THOMPSON,"university,high_school,country",src/content/players/pro/ross-thompson.md
pro,Ross Vintcent,"height,weight,university,high_school,country",src/content/players/pro/ross-vintcent.md
pro,Ross WOLFENDEN,"university,high_school,country",src/content/players/pro/ross-wolfenden.md
pro,Ruben LOVE,"university,high_school,country",src/content/players/pro/ruben-love.md
pro,Ruben MOLONEY,"university,high_school,country",src/content/players/pro/ruben-moloney.md
pro,Ruhan NEL,"university,high_school,country",src/content/players/pro/ruhan-nel.md
pro,Ryan CHAPUIS,"university,high_school,country",src/content/players/pro/ryan-chapuis.md
pro,Ryan LONERGAN,"university,high_school,country",src/content/players/pro/ryan-lonergan.md
pro,S. Adejimi,"height,weight,birth_date,age,university,high_school,country",src/content/players/pro/s.-adejimi.md
pro,S. Barker,"height,weight,birth_date,age,university,high_school,country",src/content/players/pro/s.-barker.md
pro,S. Bedlow,"height,weight,birth_date,age,university,high_school,country",src/content/players/pro/s.-bedlow.md
pro,S. Benitez Cruz,"height,weight,birth_date,age,university,high_school,country",src/content/players/pro/s.-benitez-cruz.md
pro,S. Blake,"height,weight,birth_date,age,university,high_school,country",src/content/players/pro/s.-blake.md
pro,S. Bland,"height,weight,birth_date,age,university,high_school,country",src/content/players/pro/s.-bland.md
pro,S. Coetzee,"height,weight,birth_date,age,university,high_school,country",src/content/players/pro/s.-coetzee.md
pro,S. Driscoll,"height,weight,birth_date,age,university,high_school,country",src/content/players/pro/s.-driscoll.md
pro,S. Dugdale,"height,weight,birth_date,age,university,high_school,country",src/content/players/pro/s.-dugdale.md
pro,S. Graham,"height,weight,birth_date,age,university,high_school,country",src/content/players/pro/s.-graham.md
pro,S. Grahamslaw,"height,weight,birth_date,age,university,high_school,country",src/content/players/pro/s.-grahamslaw.md
pro,S. Harris,"height,weight,birth_date,age,university,high_school,country",src/content/players/pro/s.-harris.md
pro,S. Kava,"height,weight,birth_date,age,university,high_school,country",src/content/players/pro/s.-kava.md
pro,S. Kelly,"height,weight,birth_date,age,university,high_school,country",src/content/players/pro/s.-kelly.md
pro,S. Kerr,"height,weight,birth_date,age,university,high_school,country",src/content/players/pro/s.-kerr.md
pro,S. Kerrod,"height,weight,birth_date,age,university,high_school,country",src/content/players/pro/s.-kerrod.md
pro,S. Kirk,"height,weight,birth_date,age,university,high_school,country",src/content/players/pro/s.-kirk.md
pro,S. Krippner,"height,weight,birth_date,age,university,high_school,country",src/content/players/pro/s.-krippner.md
pro,S. McIntyre,"height,weight,birth_date,age,university,high_school,country",src/content/players/pro/s.-mcintyre.md
pro,S. Mercer,"height,weight,birth_date,age,university,high_school,country",src/content/players/pro/s.-mercer.md
pro,S. Moody,"height,weight,birth_date,age,university,high_school,country",src/content/players/pro/s.-moody.md
pro,S. Moore,"height,weight,birth_date,age,university,high_school,country",src/content/players/pro/s.-moore.md
pro,S. Riley,"height,weight,birth_date,age,university,high_school,country",src/content/players/pro/s.-riley.md
pro,S. Scott,"height,weight,birth_date,age,university,high_school,country",src/content/players/pro/s.-scott.md
pro,S. Spink,"height,weight,birth_date,age,university,high_school,country",src/content/players/pro/s.-spink.md
pro,S. Stuart,"height,weight,birth_date,age,university,high_school,country",src/content/players/pro/s.-stuart.md
pro,S. Tonga'uiha,"height,weight,birth_date,age,university,high_school,country",src/content/players/pro/s.-tonga'uiha.md
pro,S. Townsend,"height,weight,birth_date,age,university,high_school,country",src/content/players/pro/s.-townsend.md
pro,S. Waugh,"height,weight,birth_date,age,university,high_school,country",src/content/players/pro/s.-waugh.md
pro,S. Williams,"height,weight,birth_date,age,university,high_school,country",src/content/players/pro/s.-williams.md
pro,S. Winters,"height,weight,birth_date,age,university,high_school,country",src/content/players/pro/s.-winters.md
pro,S. Wolstenholme,"height,weight,birth_date,age,university,high_school,country",src/content/players/pro/s.-wolstenholme.md
pro,S. Worsley,"height,weight,birth_date,age,university,high_school,country",src/content/players/pro/s.-worsley.md
pro,S. de Chaves,"height,weight,birth_date,age,university,high_school,country",src/content/players/pro/s.-de-chaves.md
pro,SJ KOTZE,"university,high_school,country",src/content/players/pro/sj-kotze.md
pro,Sacha LOTRIAN,"university,high_school,country",src/content/players/pro/sacha-lotrian.md
pro,Sacha SEGARD,"height,weight,birth_date,university,high_school,country",src/content/players/pro/sacha-segard.md
pro,Sacha ZEGUEUR,"university,high_school,country",src/content/players/pro/sacha-zegueur.md
pro,Salesi RAYASI,"university,high_school,country",src/content/players/pro/salesi-rayasi.md
pro,Salmaan MOERAT,"university,high_school,country",src/content/players/pro/salmaan-moerat.md
pro,Sam BYRD,"university,high_school,country",src/content/players/pro/sam-byrd.md
pro,Sam DARRY,"university,high_school,country",src/content/players/pro/sam-darry.md
pro,Sam GRAHAM,"height,weight,birth_date,university,high_school,country",src/content/players/pro/sam-graham.md
pro,Sam HARRIS,"height,weight,birth_date,university,high_school,country",src/content/players/pro/sam-harris-.md
pro,Sam JAMES,"university,high_school,country",src/content/players/pro/sam-james.md
pro,Sam MATENGA,"university,high_school,country",src/content/players/pro/sam-matenga.md
pro,Sam MOLI,"university,high_school,country",src/content/players/pro/sam-moli.md
pro,Sam NOCK,"university,high_school,country",src/content/players/pro/sam-nock.md
pro,Sam SIMMONDS,"university,high_school",src/content/players/pro/sam-simmonds.md
pro,Sam SKINNER,"university,high_school,country",src/content/players/pro/sam-skinner.md
pro,Sam TUITUPOU,"height,weight,university,high_school,country",src/content/players/pro/sam-tuitupou-2005.md
pro,Sam UNDERHILL,"height,weight,birth_date,university,high_school,country",src/content/players/pro/sam-underhill.md
pro,Sam WINTERS,"height,weight,birth_date,age,university,high_school,country",src/content/players/pro/sam-winters.md
pro,Sama MALOLO,"university,high_school",src/content/players/pro/sama-malolo.md
pro,Samipeni FINAU,"university,high_school,country",src/content/players/pro/samipeni-finau.md
pro,Samisoni TAUKEI'AHO,"university,high_school,country",src/content/players/pro/samisoni-taukei-aho.md
pro,Sammy Arnold,"height,weight,university,high_school,country",src/content/players/pro/sammy-arnold.md
pro,Samu TAWAKE,"university,high_school,country",src/content/players/pro/samu-tawake.md
pro,Samuel EZEALA,"university,high_school,country",src/content/players/pro/samuel-ezeala.md
pro,Santiago ARATA,"university,high_school",src/content/players/pro/santiago-arata.md
pro,Santiago CARRERAS,"height,weight,birth_date,university,high_school,country",src/content/players/pro/santiago-carreras.md
pro,Santiago CHOCOBARES,"university,high_school",src/content/players/pro/santiago-chocobares.md
pro,Santiago Grondona,"height,weight,university,high_school,country",src/content/players/pro/santiago-grondona.md
pro,Santiago MEDRANO,"university,high_school",src/content/players/pro/santiago-medrano.md
pro,Saula MA'U,"university,high_school,country",src/content/players/pro/saula-ma-u.md
pro,Scott BARRETT,"university,high_school,country",src/content/players/pro/scott-barrett.md
pro,Scott KIRK,"height,weight,birth_date,university,high_school,country",src/content/players/pro/scott-kirk.md
pro,Scott SCRAFTON,"university,high_school,country",src/content/players/pro/scott-scrafton.md
pro,Scott Sio,"height,weight,university,high_school,country",src/content/players/pro/scott-sio.md
pro,Se EDOGBO,"university,high_school,country",src/content/players/pro/sean-edogbo.md
pro,Seabelo SENATLA,"university,high_school,country",src/content/players/pro/seabelo-senatla.md
pro,Sean WITHY,"university,high_school,country",src/content/players/pro/sean-withy.md
pro,Seb Atkinson,"height,weight,university,high_school,country",src/content/players/pro/seb-atkinson.md
pro,Seb CALDER,"university,high_school,country",src/content/players/pro/seb-calder.md
pro,Seb DAVIES,"university,high_school,country",src/content/players/pro/seb-davies.md
pro,Seb NEGRI,"university,country",src/content/players/pro/seb-negri.md
pro,Sebastien BEZY,"university,high_school,country",src/content/players/pro/sebastien-bezy.md
pro,Sef FA'AGASE,"university,high_school,country",src/content/players/pro/sef-fa-agase.md
pro,Sefo KAUTAI,"university,high_school,country",src/content/players/pro/sosefo-kautai.md
pro,Seilala LAM,"university,high_school,country",src/content/players/pro/seilala-lam.md
pro,Sekou MACALOU,"university,high_school,country",src/content/players/pro/sekou-macalou.md
pro,Selestino RAVUTAUMADA,"university,high_school,country",src/content/players/pro/selestino-ravutaumada.md
pro,Selevasio TOLOFUA,"university,high_school,country",src/content/players/pro/selevasio-tolofua.md
pro,Semi LAGIVALA,"university,high_school",src/content/players/pro/semi-lagivala.md
pro,Semisi PAEA,"university,high_school,country",src/content/players/pro/semisi-paea.md
pro,Semisi TUPOU TA'EILOA,"university,high_school,country",src/content/players/pro/semisi-tupou-ta-eiloa.md
pro,Sergo ABRAMISHVILI,"university,high_school,country",src/content/players/pro/sergo-abramishvili.md
pro,Seru URU,"university,high_school,country",src/content/players/pro/seru-uru.md
pro,Setareki TURAGACOKE,"university,high_school,country",src/content/players/pro/setareki-turagacoke.md
pro,Setariki TUICUVU,"university,high_school",src/content/players/pro/setariki-tuicuvu.md
pro,Sevu REECE,"university,high_school,country",src/content/players/pro/sevu-reece.md
pro,Shingi MANYARARA,"university,high_school,country",src/content/players/pro/shingirai-manyarara.md
pro,Siale LAUAKI,"university,high_school,country",src/content/players/pro/siale-lauaki.md
pro,Sialevailea TOLOFUA,"height,weight,birth_date,university,high_school,country",src/content/players/pro/sialevailea-tolofua.md
pro,Siaosi NGININGINI,"university,high_school,country",src/content/players/pro/siaosi-nginingini.md
pro,Siate TOKOLAHI,"university,high_school,country",src/content/players/pro/siate-tokolahi.md
pro,Sid HARVEY,"university,high_school,country",src/content/players/pro/sid-harvey.md
pro,Siep WALTA,"height,weight,birth_date,university,high_school,country",src/content/players/pro/siep-walta.md
pro,Sifa AMONE,"university,high_school,country",src/content/players/pro/sifa-amone.md
pro,Simeli DAUNIVUCU,"university,high_school",src/content/players/pro/simeli-daunivucu.md
pro,Simi KURUVOLI,"university,high_school,country",src/content/players/pro/simione-kuruvoli.md
pro,Simon AUGRY,"university,high_school",src/content/players/pro/simon-augry.md
pro,Simon BOURGEOIS,"university,high_school",src/content/players/pro/simon-bourgeois.md
pro,Simon DAROQUE,"height,weight,birth_date,university,high_school,country",src/content/players/pro/simon-daroque.md
pro,Simon MEKA,"university,high_school",src/content/players/pro/simon-meka.md
pro,Simon PARKER,"university,high_school,country",src/content/players/pro/simon-parker.md
pro,Simon-Peter TOLEAFOA,"university,high_school,country",src/content/players/pro/simon-peter-toleafoa.md
pro,Simone FERRARI,"university,high_school,country",src/content/players/pro/simone-ferrari.md
pro,Simphiwe NGOBESE,"university,high_school,country",src/content/players/pro/simphiwe-ngobese.md
pro,Sion JONES,"height,weight,birth_date,age,university,high_school,country",src/content/players/pro/sion-jones.md
pro,Sione AHIO,"university,high_school,country",src/content/players/pro/sione-ahio.md
pro,Sione KALAMAFONI,"university,high_school",src/content/players/pro/sione-kalafamoni.md
pro,Sione TUIPULOTU,"university,high_school,country",src/content/players/pro/sione-tuipulotu.md
pro,Sione VAILANU,"university,high_school,country",src/content/players/pro/sione-vailanu.md
pro,Siphosethu MNEBELELE,"university,high_school,country",src/content/players/pro/siphosethu-mnebelele.md
pro,Sipili FALATEA,"university,high_school,country",src/content/players/pro/sipili-falatea.md
pro,Sireli MAQALA,"university,high_school,country",src/content/players/pro/sireli-maqala.md
pro,Siua MAILE,"university,high_school,country",src/content/players/pro/siua-maile.md
pro,Siyabonga NTUBENI,"university,high_school,country",src/content/players/pro/siyabonga-ntubeni.md
pro,So'otala FA'ASO'O,"university,high_school,country",src/content/players/pro/so-otala-fa-aso-o.md
pro,Soane VIKENA,"university,high_school,country",src/content/players/pro/soane-vikena.md
pro,Solomon ALAIMALO,"university,high_school,country",src/content/players/pro/solomona-alaimalo.md
pro,Solomone Kata,"height,weight,university,high_school,country",src/content/players/pro/solomone-kata.md
pro,Sonny TONGA'UIHA,"height,weight,birth_date,university,high_school,country",src/content/players/pro/sonny-tonga-uiha.md
pro,Soumaila CAMARA,"university,high_school,country",src/content/players/pro/soumaila-camara.md
pro,Stafford MCDOWALL,"university,high_school,country",src/content/players/pro/stafford-mcdowall.md
pro,Stanley SOLOMON,"university,high_school,country",src/content/players/pro/stanley-solomon.md
pro,Steeve BLANC-MAPPAZ,"university,high_school",src/content/players/pro/steeve-blanc-mappaz.md
pro,Steff Jac JONES,"university,high_school,country",src/content/players/pro/steff-jac-jones.md
pro,Stephan Lewies,"height,weight,university,high_school,country",src/content/players/pro/stephan-lewies.md
pro,Stephen PEROFETA,"university,high_school,country",src/content/players/pro/stephen-perofeta.md
pro,Stephen Varney,"height,weight,university,high_school,country",src/content/players/pro/stephen-varney.md
pro,Steven Luatua,"height,weight,university,high_school,country",src/content/players/pro/steven-luatua.md
pro,Stewart MOORE,"university,high_school,country",src/content/players/pro/stewart-moore.md
pro,Sti SITHOLE,"university,high_school,country",src/content/players/pro/sithembiso-sithole.md
pro,Stuart HOGG,"university,high_school",src/content/players/pro/stuart-hogg.md
pro,Stuart MCCLOSKEY,"university,high_school,country",src/content/players/pro/stuart-mccloskey.md
pro,Suliasi VUNIVALU,"university,high_school",src/content/players/pro/suliasi-vunivalu.md
pro,Swan CORMENIER,"university,high_school,country",src/content/players/pro/swan-cormenier.md
pro,Swan REBBADJ,"university,high_school",src/content/players/pro/swan-rebbadj.md
pro,T. Adegbemile,"height,weight,birth_date,age,university,high_school,country",src/content/players/pro/t.-adegbemile.md
pro,T. Baker,"height,weight,birth_date,age,university,high_school,country",src/content/players/pro/t.-baker.md
pro,T. Burrow,"height,weight,birth_date,age,university,high_school,country",src/content/players/pro/t.-burrow.md
pro,T. Cairns,"height,weight,birth_date,age,university,high_school,country",src/content/players/pro/t.-cairns.md
pro,T. Cardall,"height,weight,birth_date,age,university,high_school,country",src/content/players/pro/t.-cardall.md
pro,T. Carr-Smith,"height,weight,birth_date,age,university,high_school,country",src/content/players/pro/t.-carr-smith.md
pro,T. Christie,"height,weight,birth_date,age,university,high_school,country",src/content/players/pro/t.-christie.md
pro,T. Cowan,"height,weight,birth_date,age,university,high_school,country",src/content/players/pro/t.-cowan.md
pro,T. Curtis,"height,weight,birth_date,age,university,high_school,country",src/content/players/pro/t.-curtis.md
pro,T. Elliott,"height,weight,birth_date,age,university,high_school,country",src/content/players/pro/t.-elliott.md
pro,T. Fricker,"height,weight,birth_date,age,university,high_school,country",src/content/players/pro/t.-fricker.md
pro,T. Gordon,"height,weight,birth_date,age,university,high_school,country",src/content/players/pro/t.-gordon.md
pro,T. Green,"height,weight,birth_date,age,university,high_school,country",src/content/players/pro/t.-green.md
pro,T. Gwilliam,"height,weight,birth_date,age,university,high_school,country",src/content/players/pro/t.-gwilliam.md
pro,T. Haffar,"height,weight,birth_date,age,university,high_school,country",src/content/players/pro/t.-haffar.md
pro,T. James,"height,weight,birth_date,age,university,high_school,country",src/content/players/pro/t.-james.md
pro,T. Knight,"height,weight,birth_date,age,university,high_school,country",src/content/players/pro/t.-knight.md
pro,T. Kofe,"height,weight,birth_date,age,university,high_school,country",src/content/players/pro/t.-kofe.md
pro,T. Lawday,"height,weight,birth_date,age,university,high_school,country",src/content/players/pro/t.-lawday.md
pro,T. Litchfield,"height,weight,birth_date,age,university,high_school,country",src/content/players/pro/t.-litchfield.md
pro,T. Lockett,"height,weight,birth_date,age,university,high_school,country",src/content/players/pro/t.-lockett.md
pro,T. Maka,"height,weight,birth_date,age,university,high_school,country",src/content/players/pro/t.-maka.md
pro,T. Manz,"height,weight,birth_date,age,university,high_school,country",src/content/players/pro/t.-manz.md
pro,T. Mason,"height,weight,birth_date,age,university,high_school,country",src/content/players/pro/t.-mason.md
pro,T. McElroy,"height,weight,birth_date,age,university,high_school,country",src/content/players/pro/t.-mcelroy.md
pro,T. O'Flaherty,"height,weight,birth_date,age,university,high_school,country",src/content/players/pro/t.-o'flaherty.md
pro,T. Offiah,"height,weight,birth_date,age,university,high_school,country",src/content/players/pro/t.-offiah.md
pro,T. Onasanya,"height,weight,birth_date,age,university,high_school,country",src/content/players/pro/t.-onasanya.md
pro,T. Povey,"height,weight,birth_date,age,university,high_school,country",src/content/players/pro/t.-povey.md
pro,T. Raymont,"height,weight,birth_date,age,university,high_school,country",src/content/players/pro/t.-raymont.md
pro,T. Rowe,"height,weight,birth_date,age,university,high_school,country",src/content/players/pro/t.-rowe.md
pro,T. Thame,"height,weight,birth_date,age,university,high_school,country",src/content/players/pro/t.-thame.md
pro,T. Threlfall,"height,weight,birth_date,age,university,high_school,country",src/content/players/pro/t.-threlfall.md
pro,T. Tua,"height,weight,birth_date,age,university,high_school,country",src/content/players/pro/t.-tua.md
pro,T. West,"height,weight,birth_date,age,university,high_school,country",src/content/players/pro/t.-west.md
pro,T. Whiteley,"height,weight,birth_date,age,university,high_school,country",src/content/players/pro/t.-whiteley.md
pro,T. Williams,"height,weight,birth_date,age,university,high_school,country",src/content/players/pro/t.-williams.md
pro,T. Willis,"height,weight,birth_date,age,university,high_school,country",src/content/players/pro/t.-willis.md
pro,T. Wilson,"height,weight,birth_date,age,university,high_school,country",src/content/players/pro/t.-wilson.md
pro,T. Woodman,"height,weight,birth_date,age,university,high_school,country",src/content/players/pro/t.-woodman.md
pro,T. Wyatt,"height,weight,birth_date,age,university,high_school,country",src/content/players/pro/t.-wyatt.md
pro,T. de Glanville,"height,weight,birth_date,age,university,high_school,country",src/content/players/pro/t.-de-glanville.md
pro,TJ ペレナラ,"university,country",src/content/players/pro/tj-perenara.md
pro,TK HOWDEN,"university,high_school,country",src/content/players/pro/tk-howden.md
pro,Taha KEMARA,"university,high_school,country",src/content/players/pro/taha-kemara.md
pro,Tahlor CAHILL,"university,high_school,country",src/content/players/pro/tahlor-cahill.md
pro,Tai CRIBB,"height,weight,university,high_school,country",src/content/players/pro/tai-cribb.md
pro,Taine BASHAM,"university,high_school,country",src/content/players/pro/taine-basham.md
pro,Taine KOLOSE,"university,high_school,country",src/content/players/pro/taine-kolose.md
pro,Taine ROBINSON,"university,high_school,country",src/content/players/pro/taine-robinson.md
pro,Tamaiti WILLIAMS,"university,high_school,country",src/content/players/pro/tamaiti-williams.md
pro,Tane EDMED,"university,high_school,country",src/content/players/pro/tane-edmed.md
pro,Tanginoa HALAIFONUA,"university,high_school,country",src/content/players/pro/tanginoa-halaifonua.md
pro,Tani VILI,"university,high_school,country",src/content/players/pro/tani-vili.md
pro,Taniela RAKURO,"height,weight,university,high_school,country",src/content/players/pro/taniela-rakuro.md
pro,Taniela TUPOU,"university,high_school,country",src/content/players/pro/taniela-tupou.md
pro,Tanielu TELE'A,"university,high_school,country",src/content/players/pro/tanielu-tele-a.md
pro,Tate MCDERMOTT,"university,high_school,country",src/content/players/pro/tate-mcdermott.md
pro,Taufa FUNAKI,"university,high_school,country",src/content/players/pro/taufa-funaki.md
pro,Tavite VEREDAMU,"university,high_school",src/content/players/pro/tavite-veredamu.md
pro,Tawera KERR-BARLOW,"university,high_school,country",src/content/players/pro/tawera-kerr-barlow.md
pro,Te Toiroa TAHURIORANGI,"university,high_school,country",src/content/players/pro/te-toiroa-tahuriorangi.md
pro,Ted CONDON,"height,weight,birth_date,university,high_school,country",src/content/players/pro/ted-condon.md
pro,Ted HILL,"height,weight,birth_date,university,high_school,country",src/content/players/pro/ted-hill.md
pro,Teddy BAUBIGNY,"university,high_school",src/content/players/pro/teddy-baubigny.md
pro,Teddy DURAND,"university,high_school",src/content/players/pro/teddy-durand.md
pro,Teddy THOMAS,"university,high_school,country",src/content/players/pro/teddy-thomas.md
pro,Teddy WILSON,"university,high_school,country",src/content/players/pro/teddy-wilson.md
pro,Teddy ウィリアムズ,"university,high_school,country",src/content/players/pro/teddy-williams.md
pro,Temo MATIU,"university,high_school,country",src/content/players/pro/temo-matiu.md
pro,Temo MAYANAVANUA,"university,high_school,country",src/content/players/pro/temo-mayanavanua.md
pro,Tepaea COOK-SAVAGE,"university,high_school,country",src/content/players/pro/tepaea-cook-savage.md
pro,Terrell PEITA,"university,high_school,country",src/content/players/pro/terrell-peita.md
pro,Tevita ALATINI,"university,high_school,country",src/content/players/pro/tevita-alatini.md
pro,Tevita LATU,"university,high_school,country",src/content/players/pro/tevita-latu.md
pro,Tevita MAFILEO,"university,high_school,country",src/content/players/pro/tevita-mafileo.md
pro,Tevita OFA,"university,high_school,country",src/content/players/pro/tevita-ofa.md
pro,Tevita RATUVA,"university,high_school,country",src/content/players/pro/tevita-ratuva.md
pro,Theo ATTISSOGBE,"university,high_school,country",src/content/players/pro/theo-attissogbe.md
pro,Theo BEZIAT,"university,high_school",src/content/players/pro/theo-beziat.md
pro,Theo CABANGO,"university,high_school,country",src/content/players/pro/theo-cabango.md
pro,Theo CHABOUNI,"university,high_school",src/content/players/pro/theo-chabouni.md
pro,Theo Dan,"height,weight,university,high_school,country",src/content/players/pro/theo-dan.md
pro,Theo FORNER,"university,high_school",src/content/players/pro/theo-forner.md
pro,Theo GUIRAL,"height,weight,birth_date,university,high_school,country",src/content/players/pro/theo-guiral.md
pro,Theo MILLET,"university,high_school",src/content/players/pro/theo-millet.md
pro,Theo McFarland,"height,weight,university,high_school,country",src/content/players/pro/theo-mcfarland.md
pro,Theo NTAMACK,"university,high_school,country",src/content/players/pro/theo-ntamack.md
pro,Theo WILLIAM,"university,high_school",src/content/players/pro/theo-william.md
pro,Thibaud FLAMENT,"university,high_school",src/content/players/pro/thibaud-flament.md
pro,Thibaud LANEN,"university,high_school,country",src/content/players/pro/thibaud-lanen.md
pro,Thibault DAUBAGNA,"university,high_school,country",src/content/players/pro/thibault-daubagna.md
pro,Thibault DEBAES,"university,high_school",src/content/players/pro/thibault-debaes.md
pro,Thibaut MOTASSI,"university,high_school,country",src/content/players/pro/thibaut-motassi.md
pro,Thibaut REGARD,"university,high_school",src/content/players/pro/thibaut-regard.md
pro,Thierry PAIVA,"university,high_school,country",src/content/players/pro/thierry-paiva.md
pro,Thomas ALARY,"height,weight,birth_date,university,high_school,country",src/content/players/pro/thomas-alary.md
pro,Thomas BERJON,"university,high_school",src/content/players/pro/thomas-berjon.md
pro,Thomas CAROL,"university,high_school,country",src/content/players/pro/thomas-carol.md
pro,Thomas CEYTE,"university,high_school,country",src/content/players/pro/thomas-ceyte.md
pro,Thomas DARMON,"university,high_school",src/content/players/pro/thomas-darmon.md
pro,Thomas DU TOIT,"height,weight,birth_date,university,high_school,country",src/content/players/pro/thomas-du-toit.md
pro,Thomas DUCHENE,"university,high_school",src/content/players/pro/thomas-duchene.md
pro,Thomas GEFFRE,"university,high_school",src/content/players/pro/thomas-geffre.md
pro,Thomas JOLMES,"university,high_school,country",src/content/players/pro/thomas-jolmes.md
pro,Thomas LACLAYAT,"university,high_school,country",src/content/players/pro/thomas-laclayat.md
pro,Thomas LACOMBRE,"university,high_school,country",src/content/players/pro/thomas-lacombre.md
pro,Thomas LAINAULT,"university,high_school,country",src/content/players/pro/thomas-lainaut.md
pro,Thomas LAVAULT,"university,high_school",src/content/players/pro/thomas-lavault.md
pro,Thomas MARCELINE,"university,high_school,country",src/content/players/pro/thomas-marceline.md
pro,Thomas MOUKORO,"university,high_school",src/content/players/pro/thomas-moukoro.md
pro,Thomas RAMOS,"university,high_school,country",src/content/players/pro/thomas-ramos.md
pro,Thomas SOUVERBIE,"university,high_school,country",src/content/players/pro/thomas-souverbie.md
pro,Thomas VINCENT,"university,high_school",src/content/players/pro/thomas-vincent.md
pro,Tiaan JACOBS,"university,high_school,country",src/content/players/pro/tiaan-jacobs.md
pro,Tiaan SPARROW,"height,weight,birth_date,age,university,high_school,country",src/content/players/pro/tiaan-sparrow.md
pro,Tietie Tuimauga,"height,weight,university,high_school,country",src/content/players/pro/tietie-tuimauga.md
pro,Tim RYAN,"university,high_school,country",src/content/players/pro/tim-ryan.md
pro,Timeo FRIER,"university,high_school,country",src/content/players/pro/timeo-frier.md
pro,Timoci TAVATAVANAWAI,"university,high_school,country",src/content/players/pro/timoci-tavatavanawai.md
pro,Timothe MEZOU,"university,high_school",src/content/players/pro/timothe-mezou.md
pro,Tino MAVESERE,"university,high_school,country",src/content/players/pro/tinotenda-blithe-mavesere.md
pro,Titi Lamositele,"height,weight,university,high_school,country",src/content/players/pro/titi-lamositele.md
pro,Titi NOFOAGATOTOA,"height,weight,birth_date,age,university,high_school,country",src/content/players/pro/titi-nofoagatotoa.md
pro,Tito TUIPULOTU,"height,weight,university,high_school,country",src/content/players/pro/tito-tuipulotu.md
pro,Tiziano PASQUALI,"university,high_school,country",src/content/players/pro/tiziano-pasquali.md
pro,Toby BELL,"height,weight,birth_date,age,university,high_school,country",src/content/players/pro/toby-bell.md
pro,Toby MACPHERSON,"university,high_school,country",src/content/players/pro/toby-macpherson.md
pro,Toby THAME,"height,weight,birth_date,university,high_school,country",src/content/players/pro/toby-thame.md
pro,Tolu LATU,"university,high_school",src/content/players/pro/tolu-latu.md
pro,Tom ALLEN,"university,high_school,country",src/content/players/pro/tom-allen.md
pro,Tom BANKS,"university,high_school",src/content/players/pro/thomas-banks.md
pro,Tom CARR-SMITH,"height,weight,birth_date,university,high_school,country",src/content/players/pro/tom-carr-smith.md
pro,Tom COWAN,"height,weight,birth_date,university,high_school,country",src/content/players/pro/tom-cowan.md
pro,Tom CURRIE,"university,high_school,country",src/content/players/pro/tom-currie.md
pro,Tom Curry,"height,weight,university,high_school,country",src/content/players/pro/tom-curry.md
pro,Tom DE GLANVILLE,"height,weight,birth_date,university,high_school,country",src/content/players/pro/tom-de-glanville.md
pro,Tom DODD,"university,high_school,country",src/content/players/pro/tom-dodd.md
pro,Tom DUNN,"height,weight,birth_date,university,high_school,country",src/content/players/pro/tom-dunn.md
pro,Tom ECOCHARD,"university,high_school",src/content/players/pro/tom-ecochard.md
pro,Tom Hooper,"height,weight,university,high_school,country",src/content/players/pro/tom-hooper.md
pro,Tom JAMES,"height,weight,birth_date,university,high_school,country",src/content/players/pro/tom-james-.md
pro,Tom Jordan,"height,weight,university,high_school,country",src/content/players/pro/tom-jordan.md
pro,Tom LAMBERT,"university,high_school,country",src/content/players/pro/thomas-lambert.md
pro,Tom LE HELLARD,"height,weight,birth_date,university,high_school,country",src/content/players/pro/tom-le-hellard.md
pro,Tom LEVEQUE,"university,high_school,country",src/content/players/pro/tom-leveque.md
pro,Tom LITCHFIELD,"height,weight,birth_date,university,high_school,country",src/content/players/pro/tom-litchfield.md
pro,Tom LOCKETT,"height,weight,birth_date,university,high_school,country",src/content/players/pro/tom-lockett.md
pro,Tom LYNAGH,"university,high_school,country",src/content/players/pro/tom-lynagh.md
pro,Tom PEARSON,"height,weight,birth_date,university,high_school,country",src/content/players/pro/tom-pearson.md
pro,Tom RAFFY,"university,high_school,country",src/content/players/pro/tom-raffy.md
pro,Tom ROBERTSON,"university,high_school,country",src/content/players/pro/tom-robertson.md
pro,Tom Roebuck,"height,weight,university,high_school,country",src/content/players/pro/tom-roebuck.md
pro,Tom SARTHOU,"height,weight,university,high_school",src/content/players/pro/tom-sarthou.md
pro,Tom SAVAGE,"university,high_school,country",src/content/players/pro/tom-savage.md
pro,Tom SPRING,"university,high_school,country",src/content/players/pro/tom-spring.md
pro,Tom STANIFORTH,"university,high_school",src/content/players/pro/thomas-staniforth.md
pro,Tom WEST,"height,weight,birth_date,university,high_school,country",src/content/players/pro/tom-west.md
pro,Tom WRIGHT,"university,high_school,country",src/content/players/pro/tom-wright.md
pro,Toma'Akino TAUFA,"university,high_school,country",src/content/players/pro/toma-akino-taufa.md
pro,Tomas ALBORNOZ,"university,high_school",src/content/players/pro/tomas-albornoz.md
pro,Tomas LAVANINI,"university,high_school,country",src/content/players/pro/tomas-lavanini.md
pro,Tomas MEDINA,"university,high_school,country",src/content/players/pro/tomas-medina.md
pro,Tomas MONTILLA,"university,high_school,country",src/content/players/pro/tomas-montilla.md
pro,Tomas RAPETTI,"height,weight,birth_date,university,high_school,country",src/content/players/pro/tomas-rapetti.md
pro,Tommaso ALLAN,"university,high_school",src/content/players/pro/tommy-allan.md
pro,Tommaso MENONCELLO,"university,high_school,country",src/content/players/pro/tommaso-menoncello.md
pro,Tommy FREEMAN,"height,weight,birth_date,university,high_school,country",src/content/players/pro/tommy-freeman.md
pro,Tommy Reffell,"height,weight,university,high_school,country",src/content/players/pro/tommy-reffell.md
pro,Tomos Williams,"height,weight,university,high_school,country",src/content/players/pro/tomos-williams.md
pro,Torian BARNES,"height,weight,university,high_school,country",src/content/players/pro/torian-barnes.md
pro,Trevor DAVISON,"height,weight,birth_date,university,high_school,country",src/content/players/pro/trevor-davison.md
pro,Trevor KING,"university,high_school,country",src/content/players/pro/trevor-king.md
pro,Treyvon PRITCHARD,"height,weight,birth_date,age,university,high_school,country",src/content/players/pro/treyvon-pritchard.md
pro,Tristan TEDDER,"university,high_school",src/content/players/pro/tristan-tedder.md
pro,Triston REILLY,"university,high_school,country",src/content/players/pro/triston-reilly.md
pro,Tristyn COOK,"university,high_school,country",src/content/players/pro/tristyn-cook.md
pro,Tuaina Taii TUALIMA,"university,high_school,country",src/content/players/pro/tuaina-taii-tualima.md
pro,Tuidraki SAMUSAMUVODRE,"university,high_school,country",src/content/players/pro/tuidraki-samusamuvodre.md
pro,Tumua MANU,"university,high_school,country",src/content/players/pro/tumua-manu.md
pro,Tuna TUITAMA,"university,high_school,country",src/content/players/pro/tuna-tuitama-.md
pro,Tupou MA'AFU-AFUNGIA,"university,high_school,country",src/content/players/pro/tupou-ma-afu-afungia.md
pro,Tupou VAA'I,"university,high_school,country",src/content/players/pro/tupou-va-ai.md
pro,Tyler ARDRON,"university,high_school",src/content/players/pro/tyler-ardron.md
pro,Tyler DUGUID,"university,high_school",src/content/players/pro/tyler-duguid.md
pro,Tyler MASON,"height,weight,birth_date,age,university,high_school,country",src/content/players/pro/tyler-mason.md
pro,Tyler OFFIAH,"height,weight,birth_date,university,high_school,country",src/content/players/pro/tyler-offiah.md
pro,Tyrel LOMAX,"university,high_school,country",src/content/players/pro/tyrel-lomax.md
pro,Tyrone THOMPSON,"university,high_school,country",src/content/players/pro/tyrone-thompson.md
pro,Ugo BONIFACE,"university,high_school,country",src/content/players/pro/ugo-boniface.md
pro,Ugo PACOME,"university,high_school",src/content/players/pro/ugo-pacome.md
pro,Ugo SEUNES,"university,high_school,country",src/content/players/pro/ugo-seunes.md
pro,Ultan DILLANE,"university,high_school",src/content/players/pro/ultan-dillane.md
pro,Ulupano SEUTENI,"university,high_school",src/content/players/pro/ulupano-seuteni.md
pro,V. Nairau,"height,weight,birth_date,age,university,high_school,country",src/content/players/pro/v.-nairau.md
pro,V. Rapava Ruskin,"height,weight,birth_date,age,university,high_school,country",src/content/players/pro/v.-rapava-ruskin.md
pro,V. Worsnip,"height,weight,birth_date,age,university,high_school,country",src/content/players/pro/v.-worsnip.md
pro,Vaiolini EKUASI,"height,university,high_school,country",src/content/players/pro/vaiolini-ekuasi.md
pro,Vaiuta LATU,"height,university,high_school,country",src/content/players/pro/vaiuta-latu.md
pro,Valentin DELPY,"height,weight,birth_date,university,high_school,country",src/content/players/pro/valentin-delpy.md
pro,Valentin HUTTEAU,"university,high_school,country",src/content/players/pro/valentin-hutteau.md
pro,Veikoso POLONIATI,"university,high_school,country",src/content/players/pro/veikoso-poloniati.md
pro,Veresa Tuqovu RAMOTOTABUA,"university,high_school",src/content/players/pro/veresa-tuqovu.md
pro,Vernon BASON,"university,high_school,country",src/content/players/pro/vernon-bason.md
pro,Veveni LASAQA,"university,high_school,country",src/content/players/pro/veveni-lasaqa.md
pro,Victor HANNOUN,"university,high_school,country",src/content/players/pro/victor-hannoun.md
pro,Victor MONTGAILLARD,"university,high_school",src/content/players/pro/victor-montgaillard.md
pro,Vilimoni BOTITU,"university,high_school",src/content/players/pro/vilimoni-botitu.md
pro,Vilive MIRAMIRA,"university,high_school,country",src/content/players/pro/vilive-miramira.md
pro,Vinaya HABOSI,"university,high_school,country",src/content/players/pro/vinaya-habosi.md
pro,Vincent GIUDICELLI,"university,high_school,country",src/content/players/pro/vincent-giudicelli.md
pro,Vincent RATTEZ,"university,high_school",src/content/players/pro/vincent-rattez.md
pro,Virimi VAKATAWA,"university,high_school,country",src/content/players/pro/virimi-vakatawa.md
pro,Vladi ASHVETIA,"university,high_school,country",src/content/players/pro/vladi-ashvetia.md
pro,Vuate KARAWALEVU,"university,high_school",src/content/players/pro/vuate-karawalevu.md
pro,W. Becconsall,"height,weight,birth_date,age,university,high_school,country",src/content/players/pro/w.-becconsall.md
pro,W. Butler,"height,weight,birth_date,age,university,high_school,country",src/content/players/pro/w.-butler.md
pro,W. Butt,"height,weight,birth_date,age,university,high_school,country",src/content/players/pro/w.-butt.md
pro,W. Capon,"height,weight,birth_date,age,university,high_school,country",src/content/players/pro/w.-capon.md
pro,W. Crane,"height,weight,birth_date,age,university,high_school,country",src/content/players/pro/w.-crane.md
pro,W. Evans,"height,weight,birth_date,age,university,high_school,country",src/content/players/pro/w.-evans.md
pro,W. Glister,"height,weight,birth_date,age,university,high_school,country",src/content/players/pro/w.-glister.md
pro,W. Goodrick-Clarke,"height,weight,birth_date,age,university,high_school,country",src/content/players/pro/w.-goodrick-clarke.md
pro,W. Haydon-Wood,"height,weight,birth_date,age,university,high_school,country",src/content/players/pro/w.-haydon-wood.md
pro,W. Hobson,"height,weight,birth_date,age,university,high_school,country",src/content/players/pro/w.-hobson.md
pro,W. Jeanes,"height,weight,birth_date,age,university,high_school,country",src/content/players/pro/w.-jeanes.md
pro,W. Knight,"height,weight,birth_date,age,university,high_school,country",src/content/players/pro/w.-knight.md
pro,W. McCarthy,"height,weight,birth_date,age,university,high_school,country",src/content/players/pro/w.-mccarthy.md
pro,W. Porter,"height,weight,birth_date,age,university,high_school,country",src/content/players/pro/w.-porter.md
pro,W. Ramply,"height,weight,birth_date,age,university,high_school,country",src/content/players/pro/w.-ramply.md
pro,W. Rigg,"height,weight,birth_date,age,university,high_school,country",src/content/players/pro/w.-rigg.md
pro,W. Roue,"height,weight,birth_date,age,university,high_school,country",src/content/players/pro/w.-roue.md
pro,W. Trenholm,"height,weight,birth_date,age,university,high_school,country",src/content/players/pro/w.-trenholm.md
pro,W. Wand,"height,weight,birth_date,age,university,high_school,country",src/content/players/pro/w.-wand.md
pro,W. Wootton,"height,weight,birth_date,age,university,high_school,country",src/content/players/pro/w.-wootton.md
pro,WJ ステーンカンプ,"university,high_school,country",src/content/players/pro/wj-steenkamp.md
pro,Wallace SITITI,"university,high_school,country",src/content/players/pro/wallace-sititi.md
pro,Wame NAITUVI,"university,high_school,country",src/content/players/pro/wame-naituvi.md
pro,Warner DEARNS,"university,high_school,country",src/content/players/pro/warner-dearns.md
pro,Warrick GELANT,"university,high_school,country",src/content/players/pro/warrick-gelant.md
pro,Wayan DE BENEDITTIS,"university,high_school",src/content/players/pro/wayan-de-benedittis.md
pro,Wes GOOSEN,"university,high_school,country",src/content/players/pro/wes-goosen.md
pro,Wilfrid HOUNKPATIN,"university,high_school",src/content/players/pro/wilfrid-hounkpatin.md
pro,Wilfried HULLEU,"university,high_school,country",src/content/players/pro/wilfried-hulleu.md
pro,Will BUTT,"height,weight,birth_date,university,high_school,country",src/content/players/pro/will-butt.md
pro,Will COLLIER,"university,high_school",src/content/players/pro/will-collier.md
pro,Will EVANS,"birth_date,age,university,high_school,country",src/content/players/pro/will-evans.md
pro,Will GLISTER,"height,weight,birth_date,university,high_school,country",src/content/players/pro/will-glister.md
pro,Will GODDARD,"university,high_school,country",src/content/players/pro/will-goddard.md
pro,Will HARRIS,"university,high_school,country",src/content/players/pro/will-harris.md
pro,Will Hurd,"height,weight,university,high_school,country",src/content/players/pro/will-hurd.md
pro,Will JEANES,"height,weight,birth_date,university,high_school,country",src/content/players/pro/will-jeanes.md
pro,Will JORDAN,"university,high_school,country",src/content/players/pro/will-jordan.md
pro,Will Joseph,"height,weight,birth_date,age,university,high_school,country",src/content/players/pro/will-joseph.md
pro,Will MCCULLOCH,"university,high_school,country",src/content/players/pro/will-mcculloch.md
pro,Will MUIR,"height,weight,birth_date,university,high_school,country",src/content/players/pro/will-muir.md
pro,Will ROUE,"height,weight,birth_date,age,university,high_school,country",src/content/players/pro/will-roue.md
pro,Will ROWLANDS,"university,high_school,country",src/content/players/pro/will-rowlands.md
pro,Will SKELTON,"university,high_school",src/content/players/pro/will-skelton.md
pro,Will STODART,"university,high_school,country",src/content/players/pro/will-stodart.md
pro,Will STUART,"height,weight,birth_date,university,high_school,country",src/content/players/pro/will-stuart.md
pro,Will TUCKER,"university,high_school,country",src/content/players/pro/will-tucker.md
pro,WillGriff John,"height,weight,university,high_school,country",src/content/players/pro/willgriff-john.md
pro,Willy HAVILI,"university,high_school,country",src/content/players/pro/willy-havili.md
pro,Wyn JONES,"university,high_school,country",src/content/players/pro/wyn-jones.md
pro,Xan MOUSQUES,"university,high_school,country",src/content/players/pro/xan-mousques.md
pro,Xavi TAELE,"university,high_school,country",src/content/players/pro/xavi-taele.md
pro,Xavier NUMIA,"university,high_school,country",src/content/players/pro/xavier-numia.md
pro,Xavier ROE,"university,high_school,country",src/content/players/pro/xavier-roe.md
pro,Xavier RUBENS,"university,high_school,country",src/content/players/pro/xavier-rubens.md
pro,Xavier SAIFOLOI,"university,high_school,country",src/content/players/pro/xavier-saifoloi.md
pro,Xavier TITO-HARRIS,"university,high_school,country",src/content/players/pro/xavier-tito-harris.md
pro,Yacouba CAMARA,"university,high_school",src/content/players/pro/yacouba-camara.md
pro,Yanis BASSE,"university,high_school,country",src/content/players/pro/yanis-basse.md
pro,Yanis LUX,"university,high_school,country",src/content/players/pro/yanis-lux.md
pro,Yerim FALL,"university,high_school,country",src/content/players/pro/yerim-fall.md
pro,Yoan TANGA,"university,high_school,country",src/content/players/pro/yoan-tanga.md
pro,Yohan ORABE,"university,high_school,country",src/content/players/pro/yohan-orabe.md
pro,Yoram MOEFANA,"university,high_school,country",src/content/players/pro/yoram-moefana.md
pro,Youri DELHOMMEL,"university,high_school,country",src/content/players/pro/youri-delhommel.md
pro,Z. Carr,"height,weight,birth_date,age,university,high_school,country",src/content/players/pro/z.-carr.md
pro,Z. Wimbush,"height,weight,birth_date,age,university,high_school,country",src/content/players/pro/z.-wimbush.md
pro,Zac WARD,"university,high_school,country",src/content/players/pro/zac-ward.md
pro,Zach MERCER,"university,high_school",src/content/players/pro/zach-mercer.md
pro,Zack HENRY,"university,high_school,country",src/content/players/pro/zack-henry.md
pro,Zane NONGGORR,"university,high_school,country",src/content/players/pro/zane-nonggorr.md
pro,Zarn SULLIVAN,"university,high_school,country",src/content/players/pro/zarn-sullivan.md
pro,Zenon RENDU,"height,weight,birth_date,university,high_school,country",src/content/players/pro/zenon-rendu.md
pro,Zuriel TOGIATAMA,"university,high_school,country",src/content/players/pro/zuriel-togiatama.md
pro,アイザイア マプスア,country,src/content/players/pro/isaiah-mapusua.md
pro,アイザック ルーカス,"university,country",src/content/players/pro/isaac-lucas.md
pro,アキラ イエレミア,"university,country",src/content/players/pro/akira-ieremia.md
pro,アキラ イオアネ,"university,country",src/content/players/pro/akira-ioane.md
pro,アサエリ ラウシー,country,src/content/players/pro/asaeli-lausii.md
pro,アシペリ モアラ,country,src/content/players/pro/asipeli-moala.md
pro,アセリ マシヴォウ,country,src/content/players/pro/aseri-masivou.md
pro,アタアタ モエアキオラ,country,src/content/players/pro/ataata-moeakiola.md
pro,アダム HASTINGS,"university,high_school,country",src/content/players/pro/adam-hastings.md
pro,アッカー ファン デル メルヴァ,"university,country",src/content/players/pro/armand--van-der-merwe.md
pro,アッシュ ディクソン,"university,country",src/content/players/pro/ash-dixon.md
pro,アドレ スミス,"university,high_school,country",src/content/players/pro/adre-smith.md
pro,アピサロメ ボギドラウ,country,src/content/players/pro/apisalome-bogidrau.md
pro,アフ オフィナ,country,src/content/players/pro/afu-ofeina.md
pro,アマナキ リサラ,"university,country",src/content/players/pro/amanaki-lisala.md
pro,アミニアシ ショー,country,src/content/players/pro/aminiasi-shaw.md
pro,アライアサ 空ローランド,country,src/content/players/pro/sora-roland-alaiasa.md
pro,アラン ローレンス,"university,high_school,country",src/content/players/pro/alun-lawrence.md
pro,アリー ミラー,"university,high_school,country",src/content/players/pro/ally-miller.md
pro,アルバート バティスタ,"university,country",src/content/players/pro/albert-batista.md
pro,アルルート チャクウェニ,"university,high_school,country",src/content/players/pro/alulutho-tshakweni.md
pro,アレック ヘップバーン,"university,country",src/content/players/pro/alec-hepburn.md
pro,アレックス ウサノフ,"university,high_school,country",src/content/players/pro/alex-usanov.md
pro,アレックス グローヴス,"university,high_school,country",src/content/players/pro/alex-groves.md
pro,アレックス ナンキヴィル,"university,high_school,country",src/content/players/pro/alex-nankivell.md
pro,アレックス ブライデン,"university,high_school,country",src/content/players/pro/alex-bryden.md
pro,アレックス マフィ,country,src/content/players/pro/alex-mafi.md
pro,アレックス-マラン,"height,weight,university,high_school,country",src/content/players/pro/alex-mullan.md
pro,アレッサンドロ オルトンビナ,"university,high_school,country",src/content/players/pro/alessandro-ortombina.md
pro,アンガス オブライエン,"university,high_school,country",src/content/players/pro/angus-o-brien.md
pro,アンガス フレイザー,"university,high_school,country",src/content/players/pro/angus-fraser.md
pro,アンガス フレッチャー,country,src/content/players/pro/angus-fletcher.md
pro,アンジェロ デイヴィッズ,"university,high_school,country",src/content/players/pro/angelo-davids.md
pro,アントニオ ミカエリトゥ,country,src/content/players/pro/antonio-mikaele-tuu.md
pro,アントン レイナートブラウン,country,src/content/players/pro/anton-lienert-brown.md
pro,アンドリュー OSBORNE,"university,high_school,country",src/content/players/pro/andrew-osborne.md
pro,アンドリュー PORTER,"university,high_school,country",src/content/players/pro/andrew-porter.md
pro,アンドリュー SPARROW,"university,high_school,country",src/content/players/pro/andrew-sparrow.md
pro,アンドリュー スミス,"university,high_school,country",src/content/players/pro/andrew-smith-2000.md
pro,アンドリュー デビッドソン,"university,country",src/content/players/pro/andrew-davidson.md
pro,アンドリュー マカリオ,"university,country",src/content/players/pro/andrew-makalio.md
pro,アンドレ=ユーゴー フェンター,"university,high_school,country",src/content/players/pro/andre-hugo-venter.md
pro,アーチャー ホルツ,"university,high_school,country",src/content/players/pro/archer-holz.md
pro,アーディ サベア,"university,country",src/content/players/pro/ardie-savea.md
pro,アーロン O'BRIEN,"height,weight,university,high_school,country",src/content/players/pro/aaron-o-brien.md
pro,アーロン WAINWRIGHT,"university,high_school,country",src/content/players/pro/aaron-wainwright.md
pro,アーロン キャロル,"university,country",src/content/players/pro/ivan-van-zyl.md
pro,アーロン スミス,"university,country",src/content/players/pro/aaron-smith.md
pro,イアン ネクライ,"university,high_school,country",src/content/players/pro/ion-neculai.md
pro,イェスティン クック,"university,high_school,country",src/content/players/pro/yestyn-cook.md
pro,イエレミア マタエナ,country,src/content/players/pro/ieremia-mataena.md
pro,イオアン ジョーンズ,"university,high_school,country",src/content/players/pro/ioan-jones.md
pro,イオアン-ニコラス,"university,high_school,country",src/content/players/pro/ioan-nicholas.md
pro,イオアン-ロイド,"university,high_school,country",src/content/players/pro/ioan-lloyd.md
pro,イオセファツ マレコ,country,src/content/players/pro/iosefatu-mareko.md
pro,イオリ バダム,"university,high_school,country",src/content/players/pro/iori-badham.md
pro,イカ モツラロ タカウ,country,src/content/players/pro/ika-motulalo-takau.md
pro,イザヤ プニヴァイ,country,src/content/players/pro/isaiah-punivai.md
pro,イシレリ マヌ,"university,country",src/content/players/pro/isileli-manu.md
pro,イジ— ソード,country,src/content/players/pro/izi-sword.md
pro,イズラエル フォラウ,"university,country",src/content/players/pro/israel-folau.md
pro,イノケ ブルア,country,src/content/players/pro/inoke-burua.md
pro,イワン-スティーヴンス,"university,high_school,country",src/content/players/pro/iwan-stephens.md
pro,イーサン フッカー,"university,high_school,country",src/content/players/pro/ethan-hooker.md
pro,イーサン ルイス,"university,high_school,country",src/content/players/pro/ethan-lewis.md
pro,ウィリアム トゥポウ,"university,country",src/content/players/pro/william-tupou.md
pro,ウィリー ル ルー,"university,high_school,country",src/content/players/pro/willie-le-roux.md
pro,ウィル グレートバンクス,"university,high_school,country",src/content/players/pro/william-greatbanks.md
pro,ウィル コナーズ,"university,country",src/content/players/pro/will-connors.md
pro,ウィル ハリソン,"university,country",src/content/players/pro/will-harrison.md
pro,ウィル-デイヴィス=キング,"university,country",src/content/players/pro/will-davies-king.md
pro,ウィルコ ロウ,"university,country",src/content/players/pro/wilco-louw.md
pro,ウィレム-ファン デン ヘーヴァー,"height,weight,university,high_school,country",src/content/players/pro/willem-van-den-hever.md
pro,ウォーカー アレックス拓也,country,src/content/players/pro/alex-takuya-walker.md
pro,ウサ バレイラウトカ,country,src/content/players/pro/usa-baleilautoka.md
pro,エイジェイ ウルフ,"university,country",src/content/players/pro/aj-woulf.md
pro,エイジェイ ファレアファガ,country,src/content/players/pro/ajay-faleafaga.md
pro,エイダン モーガン,"university,country",src/content/players/pro/aidan-morgan.md
pro,エイドリアン チョウト,country,src/content/players/pro/adrian-choat.md
pro,エセイ ハアンガナ,"university,country",src/content/players/pro/esei-haangana.md
pro,エッセンドン トゥイトゥポウ,"university,country",src/content/players/pro/essendon-tuitupou.md
pro,エティエンヌ イェネケ,"university,high_school,country",src/content/players/pro/etienne-janeke.md
pro,エティエンヌ オーストハイゼン,"university,high_school,country",src/content/players/pro/etienne-oosthuizen.md
pro,エディー-デイヴィッズ,"university,high_school,country",src/content/players/pro/eddie-davids.md
pro,エド バーン,"university,country",src/content/players/pro/ed-byrne.md
pro,エド ホームズ,country,src/content/players/pro/ed-holmes.md
pro,エドゥアン スウォート,"university,high_school,country",src/content/players/pro/eduan-swart.md
pro,エドワード アナンデール,"university,country",src/content/players/pro/edward-annandale.md
pro,エドワード カーク,country,src/content/players/pro/edward-quirk.md
pro,エピネリ ウルイヴァイティ,"university,country",src/content/players/pro/epineri-uluiviti.md
pro,エファン ダニエル,"university,high_school,country",src/content/players/pro/efan-daniel.md
pro,エベン-エツベス,"university,high_school,country",src/content/players/pro/eben-etzebeth.md
pro,エミール ファン ヘールデン,"university,high_school,country",src/content/players/pro/emile-van-heerden.md
pro,エメット カルヴェイ,"height,weight,university,high_school,country",src/content/players/pro/emmett-calvey.md
pro,エライジャ ウィチメ,country,src/content/players/pro/elijah-uitime.md
pro,エリオット ストーク,"university,country",src/content/players/pro/elliott-stooke.md
pro,エリオット-ディー,"university,high_school,country",src/content/players/pro/elliot-dee.md
pro,エリス ミー,"university,high_school,country",src/content/players/pro/ellis-mee.md
pro,エリッヒ クロンジェ,"university,high_school,country",src/content/players/pro/erich-cronje.md
pro,エルリッヒ-ロウ,"university,country",src/content/players/pro/elrigh-louw.md
pro,エンブロス-パピエ,"university,country",src/content/players/pro/embrose-papier.md
pro,エンリケ ピエレット エイランド,"university,country",src/content/players/pro/enrique-pieretto-heiland.md
pro,エヴァルディ ボスホフ,"university,high_school,country",src/content/players/pro/evardi-boshoff.md
pro,エヴァン ミント,"university,high_school,country",src/content/players/pro/evan-minto.md
pro,エヴァン-ルース,"university,high_school,country",src/content/players/pro/evan-roos.md
pro,エヴァン-ロイド,"university,high_school,country",src/content/players/pro/evan-lloyd.md
pro,オウェイン コンカー,"university,high_school,country",src/content/players/pro/owen-conquer.md
pro,オウェイン ジェームズ,"university,high_school,country",src/content/players/pro/owain-james-18238.md
pro,オウェイン ワトキン,"university,high_school,country",src/content/players/pro/owen-watkin.md
pro,オクス ンチェ,"university,high_school,country",src/content/players/pro/ox-nche.md
pro,オシアン ウィリアムズ,"university,high_school,country",src/content/players/pro/osian-williams.md
pro,オシアン ロバーツ,"university,high_school,country",src/content/players/pro/osian-roberts.md
pro,オシーン ダウリング,"university,high_school,country",src/content/players/pro/oisin-dowling.md
pro,オシーン マコーマック,"university,high_school,country",src/content/players/pro/oisin-mccormack.md
pro,オシーン ミノーグ,"university,high_school,country",src/content/players/pro/oisin-minogue.md
pro,オッキー バーナード,"university,country",src/content/players/pro/ockie-barnard.md
pro,オテレ ブラック,"university,country",src/content/players/pro/otere-black.md
pro,オペティ ヘル,"university,country",src/content/players/pro/opeti-helu.md
pro,オリ イェーガー,"university,country",src/content/players/pro/oli-jager.md
pro,オリ ウッドマン,"university,high_school,country",src/content/players/pro/oli-woodman.md
pro,オリ バロウズ,"university,high_school,country",src/content/players/pro/oli-burrows.md
pro,オリヴァー コフィー,"university,high_school,country",src/content/players/pro/oliver-coffey.md
pro,オリー ストーンハム,"university,country",src/content/players/pro/ollie-stonham.md
pro,オリー スミス,"university,high_school,country",src/content/players/pro/ollie-smith.md
pro,オリー マッケンナ,"university,high_school,country",src/content/players/pro/ollie-mckenna.md
pro,オルジャレ オグンティベジュ,"university,high_school,country",src/content/players/pro/olujare-oguntibeju.md
pro,オルビン レジャー,"university,country",src/content/players/pro/orbyn-leger.md
pro,オーウェン スミス,"university,high_school,country",src/content/players/pro/eoghan-smyth.md
pro,オーウェン デ BUITL AR,"university,high_school,country",src/content/players/pro/eoin-de-buitlear.md
pro,カイポウリ ヴィリアミアフ,country,src/content/players/pro/viliami-afu-kaipouli.md
pro,カイル スミス,"university,high_school,country",src/content/players/pro/kyle-smith.md
pro,カイル ロウ,"university,high_school,country",src/content/players/pro/kyle-rowe.md
pro,カウリ ティペネグレース,"university,country",src/content/players/pro/kauri-tipene-grace.md
pro,カウヴァカ カイヴェラタ,"university,country",src/content/players/pro/kauvaka-kaivelata.md
pro,カナン-ムーディ,"university,high_school,country",src/content/players/pro/canan-moodie.md
pro,カミー ドーソン,"university,high_school,country",src/content/players/pro/cameron-dawson.md
pro,カラム マクドナルド,"university,country",src/content/players/pro/callum-macdonald.md
pro,カラム-シーディー,"university,country",src/content/players/pro/callum-sheedy.md
pro,カレゴ レテベレ,"university,high_school,country",src/content/players/pro/katlego-letebele.md
pro,カヴァイア タギヴェタウア,country,src/content/players/pro/kavaia-tagivetaua.md
pro,カー ジョンストン,"university,high_school,country",src/content/players/pro/kerr-johnston.md
pro,カー ユール,"university,high_school,country",src/content/players/pro/kerr-yule.md
pro,カーティス リード,country,src/content/players/pro/curtis-reid.md
pro,カート=リー アレンゼ,"university,high_school,country",src/content/players/pro/kurt-lee-arendse.md
pro,カービー マイヒル,"university,high_school,country",src/content/players/pro/kirby-myhill.md
pro,ガリン フィリップス,"university,high_school,country",src/content/players/pro/garyn-phillips.md
pro,ガレス-デイヴィス,"university,country",src/content/players/pro/gareth-davies-1990.md
pro,ガレス-トーマス,"university,country",src/content/players/pro/gareth-thomas-1993.md
pro,キアラン マンガン,"weight,university,high_school,country",src/content/players/pro/ciaran-mangan.md
pro,キアン PRENDERGAST,"university,high_school,country",src/content/players/pro/cian-prendergast.md
pro,キム ギヒョン,country,src/content/players/pro/kim-kihyun.md
pro,キャメロン ジョーンズ,"university,high_school,country",src/content/players/pro/cameron-jones.md
pro,キャメロン ハネコム,"university,country",src/content/players/pro/cameron-hanekom.md
pro,キャメロン ファン ワイク,"university,high_school,country",src/content/players/pro/cameron-van-wyk.md
pro,キャメロン ベイリー,"university,country",src/content/players/pro/cameron-bailey.md
pro,キラン マクドナルド,"university,country",src/content/players/pro/kiran-mcdonald.md
pro,キーガン ファリア,"university,country",src/content/players/pro/keagen-faria.md
pro,キーラン ジャイルズ,"university,country",src/content/players/pro/keelan-giles.md
pro,キーラン ハーディー,"university,high_school,country",src/content/players/pro/kieran-hardy.md
pro,キーロン アシラッティ,"university,high_school,country",src/content/players/pro/keiron-assiratti.md
pro,ギディオン コーヘレンバーグ,"university,country",src/content/players/pro/gideon-koegelenberg.md
pro,ギデオン ランプリング,"university,country",src/content/players/pro/gideon-wrampling.md
pro,ギャリー-リングローズ,"university,high_school,country",src/content/players/pro/garry-ringrose.md
pro,クアン ホーン,"university,high_school,country",src/content/players/pro/quan-horn.md
pro,クイントン ニコラス,"university,country",src/content/players/pro/quinton-nicols.md
pro,クイントン マヒナ,country,src/content/players/pro/quinton-mahina.md
pro,クザ ンチュヌ,"university,high_school,country",src/content/players/pro/khutha-mchunu.md
pro,クリス COLEMAN,"university,high_school,country",src/content/players/pro/chris-coleman.md
pro,クリス スミス,"university,high_school,country",src/content/players/pro/chris-smith.md
pro,クリス スミット,"university,high_school,country",src/content/players/pro/chris-smit.md
pro,クリスチャン ラウイ,country,src/content/players/pro/christian-laui.md
pro,クリスチャン リアリーファノ,"university,country",src/content/players/pro/christian-lealiifano.md
pro,クリスティー グロブラール,"university,high_school,country",src/content/players/pro/christie-grobbelaar.md
pro,クリップス ヘイデン,country,src/content/players/pro/hayden-cripps.md
pro,クリントン スウォート,"university,high_school,country",src/content/players/pro/clinton-swart.md
pro,クレイグ ミラー,country,src/content/players/pro/craig-millar.md
pro,クワッガ スミス,"university,country",src/content/players/pro/kwagga-smith.md
pro,グアイニ 優人,country,src/content/players/pro/eugene-guaini.md
pro,グイド ヴォルピ,"university,high_school,country",src/content/players/pro/guido-volpi.md
pro,グウィリム エヴァンス,"university,high_school,country",src/content/players/pro/gwilym-evans.md
pro,グラント GILCHRIST,"university,high_school,country",src/content/players/pro/grant-gilchrist.md
pro,グラント スチュワート,"university,country",src/content/players/pro/grant-stewart.md
pro,グラント-ウィリアムズ,"university,high_school,country",src/content/players/pro/grant-williams.md
pro,グレイトリー 献人,"university,country",src/content/players/pro/kento-grateley.md
pro,グレガー ヒドルストン,"university,high_school,country",src/content/players/pro/gregor-hiddleston.md
pro,グレガー ブラウン,"university,high_school,country",src/content/players/pro/gregor-brown.md
pro,ケイド ウォルフター,"university,high_school,country",src/content/players/pro/kade-wolhuter.md
pro,ケイレブ トラスク,"university,country",src/content/players/pro/kaleb-trask.md
pro,ケイレン カレン,"height,weight,university,high_school,country",src/content/players/pro/keillen-cullen.md
pro,ケケ モラベ,"university,high_school,country",src/content/players/pro/keke-morabe.md
pro,ケムズリー マティアス,"university,high_school,country",src/content/players/pro/kemsley-mathias.md
pro,ケレビ ジョシュア,country,src/content/players/pro/josua-kerevi.md
pro,ケレブ カヴバティ,"university,country",src/content/players/pro/caleb-cavubati.md
pro,ケーラン CARSON JONES,"height,weight,birth_date,age,university,high_school,country",src/content/players/pro/caelan-carson-jones.md
pro,ケーラン ドリス,"university,high_school,country",src/content/players/pro/caelan-doris.md
pro,ゲイブ ホーリー,"birth_date,age,university,high_school,country",src/content/players/pro/gabe-hawley.md
pro,ゲイリー ポーター,"university,high_school,country",src/content/players/pro/gary-porter.md
pro,ゲラード ファンデンヒーファー,country,src/content/players/pro/gerhard-van-den-heever.md
pro,コディ パーネル,"birth_date,age,university,high_school,country",src/content/players/pro/codi-purnell.md
pro,コナー MCKEE,"university,high_school,country",src/content/players/pro/conor-mckee.md
pro,コナー O'SHAUGHNESSY,"height,weight,university,high_school,country",src/content/players/pro/conor-o-shaughnessy.md
pro,コナー O'TIGHEARNAIGH,"university,high_school,country",src/content/players/pro/conor-o-tighearnaigh.md
pro,コナー アンダーソン,"university,country",src/content/players/pro/connor-anderson.md
pro,コナー ウィホンギ,country,src/content/players/pro/wihongi-connor.md
pro,コナー ケネリー,"university,high_school,country",src/content/players/pro/conor-kennelly.md
pro,コナー セヴェ,"university,country",src/content/players/pro/connor-seve.md
pro,コナー バートリー,"university,high_school,country",src/content/players/pro/conor-bartley.md
pro,コナー マギー,"university,high_school,country",src/content/players/pro/connor-magee.md
pro,コナー ライアン,"height,weight,university,high_school,country",src/content/players/pro/conor-ryan.md
pro,コルネ ラール,"university,high_school,country",src/content/players/pro/corne-rahl.md
pro,コルビー ファインガア,"university,country",src/content/players/pro/colby-faingaa.md
pro,コルマック ダリー,country,src/content/players/pro/cormac-daly.md
pro,コルム ライリー,"university,high_school,country",src/content/players/pro/colm-reilly.md
pro,コンラッド バンワイク,country,src/content/players/pro/coenraad-vanwyk.md
pro,コンラッド ファン ビューレン,"university,high_school,country",src/content/players/pro/conraad-van-vuuren.md
pro,コートナル スコサン,"university,country",src/content/players/pro/courtnall-skosan.md
pro,コーバス レイナック,"university,high_school,country",src/content/players/pro/cobus-reinach.md
pro,コーバス ヴィーセ,"university,high_school,country",src/content/players/pro/cobus-wiese.md
pro,コーマック フォリー,"university,high_school,country",src/content/players/pro/cormac-foley.md
pro,ゴンサロ-ガルシア,"university,country",src/content/players/pro/gonzalo-garcia-1999.md
pro,ゴードン ウッド,"university,high_school,country",src/content/players/pro/gordon-wood.md
pro,サイモニ ヴニランギ,country,src/content/players/pro/saimoni-vunilagi.md
pro,サイモン ヒッキー,country,src/content/players/pro/simon-hickey.md
pro,サウマキ アマナキ,"university,country",src/content/players/pro/amanaki-saumaki.md
pro,サキ,country,src/content/players/pro/ginjiro-sakiguchi.md
pro,サコ マカタ,"university,high_school,country",src/content/players/pro/sako-makata.md
pro,サシャ ファインバーグ=ムンゴメズル,"university,country",src/content/players/pro/sacha-mngomezulu.md
pro,サジ サンディ,"university,high_school,country",src/content/players/pro/sazi-sandi.md
pro,サナイラ ワクァ,"university,country",src/content/players/pro/sanaila-waqa.md
pro,サネレ ノハンバ,"university,country",src/content/players/pro/sanele-nohamba.md
pro,サポイ ビリアミ,country,src/content/players/pro/sapoi-viliami.md
pro,サミソニ アサエリ,country,src/content/players/pro/samisoni-asaeli.md
pro,サミソニ トゥア,country,src/content/players/pro/samisoni-tua.md
pro,サミュエラ ワカヴァカ,country,src/content/players/pro/samuel-waqabaca.md
pro,サム LEWENI,"height,weight,birth_date,age,university,high_school,country",src/content/players/pro/sam-leweni.md
pro,サム イロ,"university,high_school,country",src/content/players/pro/sam-illo.md
pro,サム ウィリアムズ,"height,weight,birth_date,age,university,high_school,country",src/content/players/pro/sam-williams-21689.md
pro,サム ウェインライト,"university,country",src/content/players/pro/sam-wainwright.md
pro,サム オコナー,"university,high_school,country",src/content/players/pro/sam-o-connor.md
pro,サム ギルバート,"university,high_school,country",src/content/players/pro/sam-gilbert.md
pro,サム クリーン,"university,high_school,country",src/content/players/pro/sam-crean.md
pro,サム グリーン,"university,country",src/content/players/pro/sam-greene.md
pro,サム ケアード,country,src/content/players/pro/sam-caird.md
pro,サム ケイン,"university,country",src/content/players/pro/sam-cane.md
pro,サム ケレビ,country,src/content/players/pro/samu-kerevi.md
pro,サム コステロウ,"university,high_school,country",src/content/players/pro/sam-costelow.md
pro,サム シェパード,"university,country",src/content/players/pro/sam-sheperd.md
pro,サム ジェフリーズ,country,src/content/players/pro/sam-jeffries.md
pro,サム スカーフ,"university,high_school,country",src/content/players/pro/sam-scarfe.md
pro,サム スレイド,country,src/content/players/pro/sam-slade.md
pro,サム タラカイ,"university,country",src/content/players/pro/sam-talakai.md
pro,サム チョンキット,"university,country",src/content/players/pro/sam-chongkit.md
pro,サム バーマン,"height,weight,university,high_school,country",src/content/players/pro/sam-berman.md
pro,サム パリー,"university,high_school,country",src/content/players/pro/sam-parry.md
pro,サム フランシス,"university,high_school,country",src/content/players/pro/sam-francis.md
pro,サム プレンダーガスト,"university,high_school,country",src/content/players/pro/sam-prendergast.md
pro,サム ヘンウッド,country,src/content/players/pro/sam-henwood.md
pro,サム ルシ,"university,high_school,country",src/content/players/pro/sam-lousi.md
pro,サムエレ ロカテッリ,"university,high_school,country",src/content/players/pro/samuele-locatelli.md
pro,サーキール アブラハムズ,"university,high_school,country",src/content/players/pro/thaakir-abrahams.md
pro,サージール ピーターセン,"university,high_school,country",src/content/players/pro/sergeal-petersen.md
pro,ザック ギャラハー,"university,country",src/content/players/pro/zach-gallagher.md
pro,ザック バーガー,"university,high_school,country",src/content/players/pro/zak-burger.md
pro,ザック ポーセン,"university,high_school,country",src/content/players/pro/zachary-porthen.md
pro,ザンダー FAGERSON,"university,high_school,country",src/content/players/pro/zander-fagerson.md
pro,シアレ オトゥホウマ,country,src/content/players/pro/siale-otuhouma.md
pro,シアレ マヒナ,"university,country",src/content/players/pro/siale-mahina.md
pro,シェイ マッカーシー,"university,high_school,country",src/content/players/pro/shay-mccarthy.md
pro,シェイマス ハーリー=ラングトン,"university,high_school,country",src/content/players/pro/shamus-hurley-langton.md
pro,シェーン ゲイツ,"university,country",src/content/players/pro/shane-gates.md
pro,シェーン ジェニングス,"university,high_school,country",src/content/players/pro/shane-jennings.md
pro,シェーン デイリー,"university,country",src/content/players/pro/shane-daly.md
pro,シェーン ボルトン,"university,high_school,country",src/content/players/pro/shayne-bolton.md
pro,シェーン ルイス=ヒューズ,"university,country",src/content/players/pro/shane-lewis-hughes.md
pro,シオエリ ヴァカラヒ,country,src/content/players/pro/sioeli-vakalahi.md
pro,シオサイア フィフィタ,country,src/content/players/pro/siosaia-fifita.md
pro,シオネ アフェムイ,country,src/content/players/pro/sione-afemui.md
pro,シオネ シメ マウ,country,src/content/players/pro/sione-sime-mau.md
pro,シオネ タリトゥイ,"university,country",src/content/players/pro/sione-talitui.md
pro,シオネ ハラシリ,country,src/content/players/pro/sione-halasili.md
pro,シオネ ブナ,country,src/content/players/pro/sione-vuna.md
pro,シオネ ラベマイ,country,src/content/players/pro/sione-lavemai.md
pro,シオネ リクアタテアウパ,country,src/content/players/pro/sione-likuata-teaupa.md
pro,シオペ タヴォ,country,src/content/players/pro/siope-tavo.md
pro,シオン デイヴィス,"university,high_school,country",src/content/players/pro/sion-davies.md
pro,シタレキタウファ マキシ,country,src/content/players/pro/sitalekitaufa-makisi.md
pro,シバ コマ,"university,high_school,country",src/content/players/pro/siba-qoma.md
pro,シババルウェ マハシェ,"university,high_school,country",src/content/players/pro/sibabalwe-mahashe.md
pro,シミオネ シュミット,country,src/content/players/pro/simeone-schmidt.md
pro,シモン ミラー,"university,country",src/content/players/pro/simon-miller.md
pro,シモーネ ジェージ,"university,high_school,country",src/content/players/pro/simone-gesi.md
pro,シャノン フリゼル,"university,country",src/content/players/pro/shannon-frizell.md
pro,シヤ コリシ,"university,high_school,country",src/content/players/pro/siya-kolisi.md
pro,シヤ マスク,"university,high_school,country",src/content/players/pro/siya-masuku.md
pro,シュモック オライオン,country,src/content/players/pro/orion-schmok.md
pro,ショーン F オブライエン,"university,high_school,country",src/content/players/pro/sean-o-brien-2000.md
pro,ショーン ウォルシュ,"height,weight,university,high_school,country",src/content/players/pro/sean-walsh.md
pro,ショーン オブライエン,"university,high_school,country",src/content/players/pro/sean-o-brien-1998.md
pro,ショーン ジャンセン,"university,high_school,country",src/content/players/pro/sean-jansen.md
pro,ショーン スティーブンソン,"university,country",src/content/players/pro/shaun-stevenson.md
pro,ショーン ノートン,"university,high_school,country",src/content/players/pro/sean-naughton.md
pro,ショーン マクマーン,"university,country",src/content/players/pro/sean-mcmahon.md
pro,ショーン レッフェル,"university,high_school,country",src/content/players/pro/sean-reffell.md
pro,ショーン ロビンソン,country,src/content/players/pro/sean-robinson.md
pro,ショーン ヴェーテー,country,src/content/players/pro/sean-vete.md
pro,シルビアン マフーザ,country,src/content/players/pro/sylvian-mahuza.md
pro,シロ クライン,"university,country",src/content/players/pro/shilo-klein.md
pro,シンクル 寛造,country,src/content/players/pro/kanzo-schinckel.md
pro,シントゥ マンジェジ,"university,high_school,country",src/content/players/pro/sintu-manjezi.md
pro,シンプウェ マタンジマ,"university,high_school,country",src/content/players/pro/simphiwe-matanzima.md
pro,ジェイク オリオーダン,"university,high_school,country",src/content/players/pro/jake-o-riordan.md
pro,ジェイク シアラー,"university,high_school,country",src/content/players/pro/jake-shearer.md
pro,ジェイク-フラナリー,"university,high_school,country",src/content/players/pro/jake-flannery.md
pro,ジェイク-ボール,"university,high_school,country",src/content/players/pro/jake-ball.md
pro,ジェイコブ アベル,"university,country",src/content/players/pro/jacob-abel.md
pro,ジェイコブ ピアス,"university,country",src/content/players/pro/jacob-pierce.md
pro,ジェイコブ-ストックデイル,"university,high_school,country",src/content/players/pro/jacob-stockdale.md
pro,ジェイソン-ジェンキンス,"university,country",src/content/players/pro/jason-jenkins.md
pro,ジェイデン-ヘンドリクセ,"university,high_school,country",src/content/players/pro/jaden-hendrikse.md
pro,ジェイミソン-ギブソン=パーク,"university,high_school,country",src/content/players/pro/jamison-gibson-park.md
pro,ジェイミー-オズボーン,"university,high_school,country",src/content/players/pro/jamie-osborne.md
pro,ジェイミー-ドビー,"university,high_school,country",src/content/players/pro/jamie-dobie.md
pro,ジェイミー-バッティ,"university,high_school,country",src/content/players/pro/jamie-bhatti.md
pro,ジェシー クリエル,country,src/content/players/pro/jesse-kriel.md
pro,ジェド ブラウン,"university,country",src/content/players/pro/jed-brown.md
pro,ジェラード カウリートゥイオティ,"university,country",src/content/players/pro/gerard-cowley-tuioti.md
pro,ジェリー ケイハー,"university,high_school,country",src/content/players/pro/jerry-cahir.md
pro,ジェレミー-ラフマン,"university,high_school,country",src/content/players/pro/jeremy-loughman.md
pro,ジェーピー デュプレア,"university,country",src/content/players/pro/jp-du-preez.md
pro,ジェームス グレイソン,country,src/content/players/pro/james-grayson.md
pro,ジェームズ CULHANE,"university,high_school,country",src/content/players/pro/james-culhane.md
pro,ジェームズ HUME,"university,high_school,country",src/content/players/pro/james-hume.md
pro,ジェームズ HUMPHREYS,"university,high_school,country",src/content/players/pro/james-humphreys.md
pro,ジェームズ MCNABNEY,"university,high_school,country",src/content/players/pro/james-mcnabney.md
pro,ジェームズ ガスケル,country,src/content/players/pro/james-gaskell.md
pro,ジェームズ タラマイ,"university,high_school,country",src/content/players/pro/james-talamai.md
pro,ジェームズ ベンジャミン,"university,high_school,country",src/content/players/pro/james-benjamin.md
pro,ジェームズ マキロップ,"height,weight,university,high_school,country",src/content/players/pro/james-mckillop.md
pro,ジェームズ モレンツェ,country,src/content/players/pro/james-mollentze.md
pro,ジェームズ ライアン,"university,high_school,country",src/content/players/pro/james-ryan.md
pro,ジェームズ-ニコルソン,"university,high_school,country",src/content/players/pro/james-nicholson.md
pro,ジェームズ-フェンダー,"university,high_school,country",src/content/players/pro/james-fender.md
pro,ジェームズ-ボーサム,"university,high_school,country",src/content/players/pro/james-botham.md
pro,ジェームズ-マコーミック,"university,high_school,country",src/content/players/pro/james-mccormick.md
pro,ジェームズ-ラッティ,"university,country",src/content/players/pro/james-ratti.md
pro,ジェームズ-ロウ,"university,high_school,country",src/content/players/pro/james-lowe.md
pro,ジェーン オライリー カリーム,"university,high_school,country",src/content/players/pro/gene-o-leary-kareem.md
pro,ジニングス ツヨシ,"university,country",src/content/players/pro/jennings-tsuyoshi.md
pro,ジャクソン ピュー,"university,country",src/content/players/pro/jackson-pugh.md
pro,ジャクソン ヘモポ,"university,country",src/content/players/pro/jackson-hemopo.md
pro,ジャクソン レニー,"university,high_school,country",src/content/players/pro/jackson-rennie.md
pro,ジャコモ ダ レ,"university,high_school,country",src/content/players/pro/giacomo-da-re.md
pro,ジャスティン サングスター,"university,country",src/content/players/pro/justin-sangster.md
pro,ジャック BOYLE,"university,high_school,country",src/content/players/pro/jack-boyle.md
pro,ジャック CONAN,"university,high_school,country",src/content/players/pro/jack-conan.md
pro,ジャック CROWLEY,"university,high_school,country",src/content/players/pro/jack-crowley.md
pro,ジャック オリバー,"university,high_school,country",src/content/players/pro/jack-oliver.md
pro,ジャック オーサリバン,country,src/content/players/pro/jack-osullivan.md
pro,ジャック コーネルセン,country,src/content/players/pro/jack-cornelsen.md
pro,ジャック ストラトン,country,src/content/players/pro/jack-stratton.md
pro,ジャック ダン,country,src/content/players/pro/jack-dunne.md
pro,ジャック ティム,country,src/content/players/pro/jack-timu.md
pro,ジャック ディーガン,"weight,birth_date,age,university,high_school,country",src/content/players/pro/jack-deegan.md
pro,ジャック ホスキンス,"university,high_school,country",src/content/players/pro/jack-hoskins.md
pro,ジャック ライト,"university,country",src/content/players/pro/jack-wright.md
pro,ジャック-アンジャー,"university,country",src/content/players/pro/jack-aungier.md
pro,ジャック-ウォルシュ,"university,high_school,country",src/content/players/pro/jack-walsh.md
pro,ジャック-オドノヒュー,"university,country",src/content/players/pro/jack-o-donoghue.md
pro,ジャック-カーティー,"university,high_school,country",src/content/players/pro/jack-carty.md
pro,ジャック-デンプシー,"university,high_school,country",src/content/players/pro/jack-dempsey.md
pro,ジャック-マーフィー,"university,high_school,country",src/content/players/pro/jack-murphy.md
pro,ジャック-モーガン,"university,high_school,country",src/content/players/pro/jac-morgan.md
pro,ジャック-ロイド,"university,high_school,country",src/content/players/pro/jac-lloyd.md
pro,ジャロッド-テイラー,"university,high_school,country",src/content/players/pro/jarrod-taylor.md
pro,ジャン-クライン,"university,high_school,country",src/content/players/pro/jean-kleyn.md
pro,ジャンドレ ラブスカフニ,"university,country",src/content/players/pro/jeandre-labuschagne.md
pro,ジャンドレ-ルドルフ,"university,high_school,country",src/content/players/pro/jeandre-rudolph.md
pro,ジャンニ-ロンバード,"university,high_school,country",src/content/players/pro/gianni-lombard.md
pro,ジャンピエトロ リバルディ,"university,high_school,country",src/content/players/pro/giampietro-ribaldi.md
pro,ジャヴァン-セバスチャン,"university,high_school,country",src/content/players/pro/javan-sebastian.md
pro,ジュニア アフォコビ,"university,country",src/content/players/pro/junior-ahokovi.md
pro,ジュリオ ベルタチーニ,"university,high_school,country",src/content/players/pro/giulio-bertaccini.md
pro,ジュード ギブス,country,src/content/players/pro/jude-gibbs.md
pro,ジョアペ ナコ,country,src/content/players/pro/joape-naco.md
pro,ジョシュ MORSE,"university,high_school,country",src/content/players/pro/josh-morse.md
pro,ジョシュ STEVENS,"university,high_school,country",src/content/players/pro/josh-stevens.md
pro,ジョシュ アダムス,"university,high_school,country",src/content/players/pro/josh-adams.md
pro,ジョシュ イオアネ,"university,country",src/content/players/pro/josh-ioane.md
pro,ジョシュ ウィチャリー,"university,country",src/content/players/pro/josh-wycherley.md
pro,ジョシュ エリクソン,"height,weight,birth_date,age,university,high_school,country",src/content/players/pro/josh-ericson.md
pro,ジョシュ ギブソン,"height,weight,birth_date,age,university,high_school,country",src/content/players/pro/josh-gibson.md
pro,ジョシュ グッドヒュー,country,src/content/players/pro/josh-goodhue.md
pro,ジョシュ ディクソン,"university,country",src/content/players/pro/josh-dickson.md
pro,ジョシュ ニール,"height,weight,university,country",src/content/players/pro/josh-neill.md
pro,ジョシュ ファン デル フリヤー,"university,high_school,country",src/content/players/pro/josh-van-der-flier.md
pro,ジョシュ フェナー,"university,country",src/content/players/pro/josh-fenner.md
pro,ジョシュ マクナリー,"university,high_school,country",src/content/players/pro/josh-mcnally.md
pro,ジョシュ マクラウド,"university,high_school,country",src/content/players/pro/josh-macleod.md
pro,ジョシュ マッケイ,"university,high_school,country",src/content/players/pro/josh-mckay.md
pro,ジョシュ マーフィー,"university,high_school,country",src/content/players/pro/josh-murphy.md
pro,ジョシュア ケニー,"university,high_school,country",src/content/players/pro/joshua-kenny.md
pro,ジョシュア ノーラ,country,src/content/players/pro/joshua-nohra.md
pro,ジョニー ウィリアムズ,"university,country",src/content/players/pro/johnny-williams-1996.md
pro,ジョニー スコット,"university,high_school,country",src/content/players/pro/jonny-scott.md
pro,ジョニー ファアウリ,"university,country",src/content/players/pro/johnny-faauli.md
pro,ジョニー マシューズ,"university,high_school,country",src/content/players/pro/johnny-matthews.md
pro,ジョニー モリス,"university,high_school,country",src/content/players/pro/jonny-morris.md
pro,ジョネ ケレビ,"university,country",src/content/players/pro/jone-kerevi.md
pro,ジョネ ナイカブラ,country,src/content/players/pro/jone-naikabula.md
pro,ジョネ ナベテレヴ,country,src/content/players/pro/jone-nabetelevu.md
pro,ジョン HODNETT,"university,high_school,country",src/content/players/pro/john-hodnett.md
pro,ジョン MCKEE,"university,high_school,country",src/content/players/pro/john-mckee.md
pro,ジョン アンドリュー,"university,high_school,country",src/content/players/pro/john-andrew.md
pro,ジョン デヴァイン,"university,high_school,country",src/content/players/pro/john-devine.md
pro,ジョン ライアン,"university,high_school,country",src/content/players/pro/john-ryan.md
pro,ジョヴァンニ モンテマウリ,"university,high_school,country",src/content/players/pro/giovanni-montemauri.md
pro,ジョヴァンニ-クアトリーニ,"university,high_school,country",src/content/players/pro/giovanni-quattrini.md
pro,ジョー コーウェル,"university,high_school,country",src/content/players/pro/joe-cowell.md
pro,ジョー ジョイス,"university,high_school,country",src/content/players/pro/joe-joyce.md
pro,ジョー ホーキンス,"university,high_school,country",src/content/players/pro/joe-hawkins.md
pro,ジョー マッカーシー,"university,high_school,country",src/content/players/pro/joe-mccarthy.md
pro,ジョー ロバーツ,"university,high_school,country",src/content/players/pro/joe-roberts.md
pro,ジョージ ハデン,"university,high_school,country",src/content/players/pro/george-hadden.md
pro,ジョージ ハモンド,"university,country",src/content/players/pro/george-hammond.md
pro,ジョージ ホワイトヘッド,"university,high_school,country",src/content/players/pro/george-whitehead.md
pro,ジョージ ロバーツ,"university,high_school,country",src/content/players/pro/george-roberts.md
pro,ジョージ-ノット,"university,high_school,country",src/content/players/pro/george-nott.md
pro,ジョーダン ダガン,"university,high_school,country",src/content/players/pro/jordan-duggan.md
pro,ジョーダン ヘンドリクセ,"university,high_school,country",src/content/players/pro/jordan-hendrikse.md
pro,ジョーンズ リチャード剛,country,src/content/players/pro/richard-goh-jones.md
pro,スカルク エラスマス,"university,country",src/content/players/pro/schalk-erasmus.md
pro,スコット PENNY,"university,high_school,country",src/content/players/pro/scott-penny.md
pro,スコット WILSON,"university,high_school,country",src/content/players/pro/scott-wilson-.md
pro,スコット ウィットロック,"university,high_school,country",src/content/players/pro/scott-whitlock.md
pro,スコット カミングス,"university,high_school,country",src/content/players/pro/scott-cummings.md
pro,スティーブン カミンズ,country,src/content/players/pro/steven-cummins.md
pro,スティーヴン ネル,"university,high_school,country",src/content/players/pro/steven-nel.md
pro,ステイリン パトリック,country,src/content/players/pro/patrick-stehlin.md
pro,ステッドマン ガンズ,"university,high_school,country",src/content/players/pro/stedman-gans.md
pro,ステフ トーマス,"university,high_school,country",src/content/players/pro/steff-thomas.md
pro,ステファン ウンゲラー,"university,high_school,country",src/content/players/pro/stefan-ungerer.md
pro,ステファン エマニュエル,"university,high_school,country",src/content/players/pro/steffan-emanuel.md
pro,ステファン スミス,"university,high_school,country",src/content/players/pro/stephen-smyth.md
pro,ステファーナス ドゥトイ,country,src/content/players/pro/stephanus-du-toit.md
pro,ストラヴィーノ ジェイコブス,"university,high_school,country",src/content/players/pro/stravino-jacobs.md
pro,スペンサー ジーンズ,"university,country",src/content/players/pro/spencer-jeans.md
pro,スレイマン ハーツェンバーグ,"university,high_school,country",src/content/players/pro/suleiman-hartzenberg.md
pro,セコナイア ポレ,country,src/content/players/pro/sekonaia-pole.md
pro,セタ タマニバル,"university,country",src/content/players/pro/seta-tamanivalu.md
pro,セバスチャン シアラウ,"university,country",src/content/players/pro/sebasstian-sialau.md
pro,セバスチャン デ クラーク,"university,high_school,country",src/content/players/pro/sebastian-de-klerk.md
pro,セバスチャン ボショフ,country,src/content/players/pro/sebastian-boshoff.md
pro,セブ スティーブン,"university,high_school,country",src/content/players/pro/seb-stephen.md
pro,セブ ロンバード,"university,high_school,country",src/content/players/pro/seb-lombard.md
pro,セミ ラドラドラ,"university,country",src/content/players/pro/semi-radradra.md
pro,セミシ トゥポウ,"university,country",src/content/players/pro/semisi-tupou.md
pro,セミシ マシレワ,"university,country",src/content/players/pro/semisi-masirewa.md
pro,セル ホゼ,country,src/content/players/pro/jose-seru.md
pro,ゼイビア スタワーズ,"university,country",src/content/players/pro/xavier-stowers.md
pro,ゼイン マロルト,"university,country",src/content/players/pro/zane-marolt.md
pro,ゼファニア トゥイノナ,"university,country",src/content/players/pro/zephaniah-tuinona.md
pro,ソセフォ ファカタヴァ,country,src/content/players/pro/sosefo-fakatava.md
pro,ソロモネ フナキ,country,src/content/players/pro/solomone-funaki.md
pro,タイ ナッシュ,country,src/content/players/pro/tye-nash.md
pro,タイグ BEIRNE,"university,high_school,country",src/content/players/pro/tadhg-beirne.md
pro,タイグ FURLONG,"university,high_school,country",src/content/players/pro/tadhg-furlong.md
pro,タイグ ブロフィー,"university,high_school,country",src/content/players/pro/tadhg-brophy.md
pro,タイナス デ ビア,"university,high_school,country",src/content/players/pro/tinus-de-beer.md
pro,タイラー ポール,country,src/content/players/pro/tyler-paul.md
pro,タウファ ラトゥ,"university,country",src/content/players/pro/taufa-latu.md
pro,タウモハパイ ホネティ,country,src/content/players/pro/honeti-taumohaapai.md
pro,タタナ ダラス,country,src/content/players/pro/dallas-tatana.md
pro,タナ トゥハカライナ,"university,country",src/content/players/pro/tana-tuhakaraina.md
pro,タニエラ ヴェア,country,src/content/players/pro/taniela-vea.md
pro,タピワ マフラ,"university,high_school,country",src/content/players/pro/tapiwa-mafura.md
pro,タマ カペネ,country,src/content/players/pro/tama-kapene.md
pro,タマティ イオアネ,"university,country",src/content/players/pro/tamati-ioane.md
pro,タリ イオアサ,"university,country",src/content/players/pro/tali-ioasa.md
pro,タリフォロフォラ タンギパ,country,src/content/players/pro/talifolofola-tangipa.md
pro,タリロトゥ ファカトゥロロ,country,src/content/players/pro/talilotu-fakatulolo.md
pro,タレニ セウ,"university,country",src/content/players/pro/taleni-seu.md
pro,タヴィ ツイプロトゥ,"university,high_school,country",src/content/players/pro/ottavio-tuipulotu.md
pro,ダウリング タイ,country,src/content/players/pro/tai-dowling.md
pro,ダニエル ウェイト,"university,country",src/content/players/pro/daniel-waite.md
pro,ダニエル カセンデ,"university,high_school,country",src/content/players/pro/daniel-kasende.md
pro,ダニエル グリーン,"weight,university,high_school,country",src/content/players/pro/daniel-green.md
pro,ダニエル ペレズ,country,src/content/players/pro/daniel-perez.md
pro,ダニエル マイアヴァ,"university,country",src/content/players/pro/daniel-maiava.md
pro,ダニエル ライアン,"height,weight,university,high_school,country",src/content/players/pro/daniel-ryan.md
pro,ダフィズ ヒューズ,"university,high_school,country",src/content/players/pro/dafydd-hughes.md
pro,ダミアン MARKUS,"university,high_school,country",src/content/players/pro/damian-markus.md
pro,ダミアン デアレンデ,country,src/content/players/pro/damian-de-allende.md
pro,ダミアン-ヴィレムセ,"university,high_school,country",src/content/players/pro/damian-willemse.md
pro,ダミアーノ マッツァ,"university,high_school,country",src/content/players/pro/damiano-mazza.md
pro,ダラ MURRAY,"university,high_school,country",src/content/players/pro/darragh-murray.md
pro,ダラ マクスウィーニー,"university,high_school,country",src/content/players/pro/darragh-mcsweeney.md
pro,ダリエス トマス,"university,country",src/content/players/pro/darius-thomas.md
pro,ダン DAVIS,"university,high_school,country",src/content/players/pro/dan-davis.md
pro,ダン EDWARDS,"university,high_school,country",src/content/players/pro/dan-edwards.md
pro,ダン SHEEHAN,"university,high_school,country",src/content/players/pro/dan-sheehan.md
pro,ダン ジェミーヌ,"university,high_school,country",src/content/players/pro/dan-gemine.md
pro,ダン デュ PLESSIS,"university,high_school,country",src/content/players/pro/dan-du-plessis.md
pro,ダン トーマス,"university,high_school,country",src/content/players/pro/daniel-thomas.md
pro,ダン ハルコン,"university,high_school,country",src/content/players/pro/dan-halkon.md
pro,ダン ランカスター,"university,high_school,country",src/content/players/pro/dan-lancaster.md
pro,ダン-ケリー,"university,country",src/content/players/pro/dan-kelly.md
pro,ダンカン マン,"university,high_school,country",src/content/players/pro/duncan-munn.md
pro,ダーウィッド ケラーマン,"university,country",src/content/players/pro/dawid-kellerman.md
pro,ダーシー GRAHAM,"university,high_school,country",src/content/players/pro/darcy-graham.md
pro,チェイ マリンズ,"university,high_school,country",src/content/players/pro/chay-mullins.md
pro,チェイス ティアティア,"university,country",src/content/players/pro/chase-tiatia.md
pro,チャンス ペニ,country,src/content/players/pro/chance-peni.md
pro,チャーリー アーヴィン,"university,high_school,country",src/content/players/pro/charlie-irvine.md
pro,チャーリー ティトコム,country,src/content/players/pro/charlie-titcombe.md
pro,チャーリー ローレンス,"university,country",src/content/players/pro/charlie-lawrence.md
pro,チャーリー ワージントン,"university,country",src/content/players/pro/charlie-worthington.md
pro,チャールズ ピウタウ,"university,country",src/content/players/pro/charles-piutau.md
pro,ツイ ヘンドリック,country,src/content/players/pro/hendrik-tui.md
pro,ツポウ テビタ,country,src/content/players/pro/tevita-tupou.md
pro,テアウパ シオネ,country,src/content/players/pro/sione-teaupa.md
pro,テアレキ ベンニコラス,country,src/content/players/pro/teariki-ben-nicholas.md
pro,ティアン トーマスウィーラー,country,src/content/players/pro/tiaan-thomaswheeler.md
pro,ティアン フーリー,"university,high_school,country",src/content/players/pro/tiaan-fourie.md
pro,ティアーン ファルコン,"university,country",src/content/players/pro/tiaan-falcon.md
pro,ティエナン コストリー,country,src/content/players/pro/tiennan-costley.md
pro,ティジェイ ファイアネ,"university,country",src/content/players/pro/tj-faiane.md
pro,ティマ ファインガヌク,"university,country",src/content/players/pro/timma-fainga-anuku.md
pro,ティモ スフィア,country,src/content/players/pro/timo-sufia.md
pro,ティモテ タヴァレア,country,src/content/players/pro/timote-tavalea.md
pro,ティージェイ クラーク,"university,country",src/content/players/pro/tjay-clarke.md
pro,テイン プラムツリー,"university,country",src/content/players/pro/taine-plumtree.md
pro,テビタ イカニヴェレ,"university,country",src/content/players/pro/tevita-ikanivere.md
pro,テビタ オト,country,src/content/players/pro/tevita-oto.md
pro,テビタ タタフ,country,src/content/players/pro/tevita-tatafu.md
pro,テビタ リー,"university,country",src/content/players/pro/li-tevita.md
pro,テミ ラシシ,"university,high_school,country",src/content/players/pro/temi-lasisi.md
pro,テレンス へプテマ,"university,country",src/content/players/pro/terrence-hepetema.md
pro,テヴィン フェリス,"university,country",src/content/players/pro/tevin-ferris.md
pro,ディエゴ-アポリス,"university,high_school,country",src/content/players/pro/diego-appollis.md
pro,ディック ウィルソン,"university,country",src/content/players/pro/dick-wilson.md
pro,ディノ ラム,"university,country",src/content/players/pro/dino-lamb.md
pro,ディラン ショブロム,"university,high_school,country",src/content/players/pro/dylan-sjoblom.md
pro,ディラン ネル,"university,country",src/content/players/pro/dylan-nel.md
pro,ディラン マート,"university,high_school,country",src/content/players/pro/dylan-maart.md
pro,ディラン ライリー,"university,country",src/content/players/pro/dylan-riley.md
pro,ディラン-コクバーン,"university,high_school,country",src/content/players/pro/dylan-cockburn.md
pro,デイヴ HEFFERNAN,"university,high_school,country",src/content/players/pro/david-heffernan.md
pro,デイヴ MCCANN,"university,high_school,country",src/content/players/pro/david-mccann.md
pro,デイヴ SHANAHAN,"university,high_school,country",src/content/players/pro/david-shanahan.md
pro,デイヴィッド O'CONNOR,"university,high_school,country",src/content/players/pro/david-o-connor.md
pro,デイヴィッド ODIASE,"university,high_school,country",src/content/players/pro/david-odiase.md
pro,デイヴィッド RICHARDS,"university,high_school,country",src/content/players/pro/david-richards.md
pro,デイヴィッド WALSH,"weight,university,high_school,country",src/content/players/pro/david-walsh.md
pro,デイヴィッド クリエル,"university,high_school,country",src/content/players/pro/david-kriel.md
pro,デイヴィッド ホークショー,"university,high_school,country",src/content/players/pro/david-hawkshaw.md
pro,デオン-フーリー,"university,high_school,country",src/content/players/pro/deon-fourie.md
pro,デーモン レエスアス,country,src/content/players/pro/daymon-leasuasu.md
pro,デーヴィッド ブルブリング,country,src/content/players/pro/david-bulbring.md
pro,デーヴィッド ヴァンジーランド,country,src/content/players/pro/david-van-zeeland.md
pro,トゥパ フィナウ,"university,country",src/content/players/pro/finau-tupa.md
pro,トゥリマフア マホラ トゥポウ,country,src/content/players/pro/tulimafua-mahola-tupou.md
pro,トコキオ ソシセニ,country,src/content/players/pro/sosiceni-tokoqio.md
pro,トッド ローラー,"height,weight,birth_date,age,university,high_school,country",src/content/players/pro/todd-lawlor.md
pro,トニシオ バイフ,country,src/content/players/pro/tonishio-vaiahu.md
pro,トニー アロフィポ,country,src/content/players/pro/tony-alofipo.md
pro,トニー ハント,"university,country",src/content/players/pro/tony-hunt.md
pro,トニー バトラー,"university,high_school,country",src/content/players/pro/tony-butler.md
pro,トビー ファレタウ,"university,country",src/content/players/pro/toby-faletau.md
pro,トマ ドミンゲス,"university,high_school,country",src/content/players/pro/thomas-dominguez.md
pro,トマス ファーシング,"height,weight,university,high_school,country",src/content/players/pro/tomas-farthing.md
pro,トマソ ディ バルトロメオ,"university,high_school,country",src/content/players/pro/tommaso-di-bartolomeo.md
pro,トミ ルイス,"university,high_school,country",src/content/players/pro/tomi-lewis.md
pro,トミー オブライエン,"university,country",src/content/players/pro/tommy-o-brien.md
pro,トム BRIGG,"university,high_school,country",src/content/players/pro/tom-brigg.md
pro,トム CLARKSON,"university,high_school,country",src/content/players/pro/tom-clarkson.md
pro,トム PHILLIPS,"height,weight,birth_date,age,university,high_school,country",src/content/players/pro/tom-phillips-.md
pro,トム アハーン,"university,country",src/content/players/pro/thomas-ahern.md
pro,トム ウッド,"university,high_school,country",src/content/players/pro/tom-wood.md
pro,トム オトゥール,"university,high_school,country",src/content/players/pro/tom-o'toole.md
pro,トム コトル,"university,high_school,country",src/content/players/pro/tom-cottle.md
pro,トム スチュアート,"university,high_school,country",src/content/players/pro/tom-stewart.md
pro,トム ハウ,"university,high_school,country",src/content/players/pro/tom-howe-22206.md
pro,トム パートン,country,src/content/players/pro/tom-parton.md
pro,トム ファレル,"university,country",src/content/players/pro/tom-farrell.md
pro,トム フローレンス,"university,high_school,country",src/content/players/pro/tom-florence-.md
pro,トム ボウエン,"university,high_school,country",src/content/players/pro/tom-bowen.md
pro,トム ボータ,"university,high_school,country",src/content/players/pro/tom-botha.md
pro,トム マカリスター,"height,weight,university,high_school,country",src/content/players/pro/tom-mcallister.md
pro,トム ヤング,"university,country",src/content/players/pro/tom-young.md
pro,トム ロウ,country,src/content/players/pro/tom-rowe.md
pro,トム ロジャース,"university,high_school,country",src/content/players/pro/tom-rogers.md
pro,トリスタン デイヴィス,"university,high_school,country",src/content/players/pro/tristan-davies.md
pro,トル スリアシ,country,src/content/players/pro/suliasi-tolu.md
pro,トレヴァ ホゼア,"university,country",src/content/players/pro/trevor-hosea.md
pro,トレヴァー ニャカニ,"university,high_school,country",src/content/players/pro/trevor-nyakane.md
pro,トロイ カレンダー,"university,country",src/content/players/pro/troy-callander.md
pro,トロイ ハレット,"university,country",src/content/players/pro/troy-hallett.md
pro,トンガ モセセ,country,src/content/players/pro/mosese-tonga.md
pro,トーマス GALLO,"university,high_school,country",src/content/players/pro/thomas-gallo.md
pro,トーマス ウィリアムズ,"height,weight,birth_date,age,university,high_school,country",src/content/players/pro/thomas-williams.md
pro,トーマス ウマガ=ジェンセン,country,src/content/players/pro/thomas-umaga-jensen.md
pro,トーマス ダイアー,"university,high_school,country",src/content/players/pro/thomas-dyer.md
pro,ナイバルワガ セタ,country,src/content/players/pro/seta-naivaluwaqa.md
pro,ナイバルワガ トマシ,country,src/content/players/pro/tomasi-naibaruwaga.md
pro,ナイル SMYTH,"university,high_school,country",src/content/players/pro/niall-smyth.md
pro,ニアル アームストロング,"university,high_school,country",src/content/players/pro/niall-armstrong.md
pro,ニアル スカネル,"university,high_school,country",src/content/players/pro/niall-scannell.md
pro,ニアル マレー,"university,high_school,country",src/content/players/pro/niall-murray.md
pro,ニコ ステイン,"university,high_school,country",src/content/players/pro/nico-steyn.md
pro,ニコラス マクカラン,country,src/content/players/pro/nicholas-mccurran.md
pro,ニコラス ヤンセ ファン レンズバーグ,"university,country",src/content/players/pro/nicolaas-janse-van-rensburg.md
pro,ニック スーチョン,country,src/content/players/pro/nic-souchon.md
pro,ニック ティモニー,"university,high_school,country",src/content/players/pro/nick-timoney.md
pro,ニック ハットン,"university,high_school,country",src/content/players/pro/nick-hatton.md
pro,ニック フィップス,country,src/content/players/pro/nick-phipps.md
pro,ニック ユースト,"university,country",src/content/players/pro/nick-jooste.md
pro,ニール ハンセン,"university,country",src/content/players/pro/neil-hansen.md
pro,ネイサン ドーク,"university,high_school,country",src/content/players/pro/nathan-doak.md
pro,ネイサン マクベス,"university,high_school,country",src/content/players/pro/nathan-mcbeth.md
pro,ネスタ マヒナ,"university,country",src/content/players/pro/nesta-mahina.md
pro,ネタニ ヴァカヤリア,"university,country",src/content/players/pro/netani-vakayalia.md
pro,ノア トビオ,country,src/content/players/pro/noah-tovio.md
pro,ノア フォスター,country,src/content/players/pro/noah-foster.md
pro,ノックス クリントン,"university,country",src/content/players/pro/clynton-knox.md
pro,ハイコ ポールマン,"university,high_school,country",src/content/players/pro/heiko-pohlmann.md
pro,ハシェム ピード,"university,high_school,country",src/content/players/pro/hassiem-pead.md
pro,ハジヴァ-ダイマニ,"university,high_school,country",src/content/players/pro/hacjivah-dayimani.md
pro,ハニテリ ヴァイレア,country,src/content/players/pro/haniteli-vailea.md
pro,ハムダン トゥイプロトゥ,country,src/content/players/pro/hamdahn-tuipulotu.md
pro,ハラトア ヴァイレア,country,src/content/players/pro/halatoa-vailea.md
pro,ハラホロ トコラヒ,country,src/content/players/pro/halaholo-tokolahi.md
pro,ハリス マック,country,src/content/players/pro/mac-harris.md
pro,ハリソン ゴギン,"university,country",src/content/players/pro/harrison-goggin.md
pro,ハリソン ゴダード,"university,country",src/content/players/pro/harrison-goddard.md
pro,ハリソン フォックス,"university,country",src/content/players/pro/harrison-fox.md
pro,ハリー ウィラード,country,src/content/players/pro/harry-willard.md
pro,ハリー フォード,"university,high_school,country",src/content/players/pro/harri-ford.md
pro,ハリー プロヴァン,"university,high_school,country",src/content/players/pro/harry-provan.md
pro,ハリー ベダル,"university,high_school,country",src/content/players/pro/harry-beddall.md
pro,ハリー ホッキングス,country,src/content/players/pro/harry-hockings.md
pro,ハリー-ウィリアムズ,"university,high_school,country",src/content/players/pro/harri-williams.md
pro,ハリー-オコナー,"university,country",src/content/players/pro/harri-o-connor.md
pro,ハリー-ケディー,"university,high_school,country",src/content/players/pro/harrison-keddie.md
pro,ハリー-バーン,"university,high_school,country",src/content/players/pro/harry-byrne.md
pro,ハリー-ミラード,"university,high_school,country",src/content/players/pro/harri-millard.md
pro,ハロルド-フォースター,"university,high_school,country",src/content/players/pro/harold-vorster.md
pro,ハンドレ-ポラード,"university,high_school,country",src/content/players/pro/handre-pollard.md
pro,ハンロ-ジェイコブス,"university,high_school,country",src/content/players/pro/hanru-jacobs.md
pro,ハーヴェイ カクソン,"university,high_school,country",src/content/players/pro/harvey-cuckson.md
pro,バウティスタ スタビレ,"university,high_school,country",src/content/players/pro/bautista-stavile.md
pro,バティリアイ ツイドラキ,"university,country",src/content/players/pro/vatiliai-tuidraki.md
pro,バト レカニ,"university,high_school,country",src/content/players/pro/batho-hlekani.md
pro,バンディ AKI,"university,high_school,country",src/content/players/pro/bundee-aki.md
pro,バーガー オーデンダール,country,src/content/players/pro/burger-odendaal.md
pro,バーナード フォーリー,country,src/content/players/pro/bernard-foley.md
pro,バーニー ラングトン,"university,high_school,country",src/content/players/pro/barny-langton.md
pro,パイディ ファレル,"university,high_school,country",src/content/players/pro/paidi-farrell.md
pro,パウラ マヘ,"university,country",src/content/players/pro/paula-mahe.md
pro,パエア ミフィポセチ,country,src/content/players/pro/mifiposeti-paea.md
pro,パツ ガニャネ,"university,high_school,country",src/content/players/pro/phatu-ganyane.md
pro,パディ パターソン,"university,high_school,country",src/content/players/pro/paddy-patterson.md
pro,パディ マッカーシー,"university,country",src/content/players/pro/paddy-mccarthy.md
pro,パディー ライアン,country,src/content/players/pro/paddy-ryan.md
pro,パトリック シッカーリング,"university,high_school,country",src/content/players/pro/patrick-schickerling.md
pro,パトリック タファ,"university,country",src/content/players/pro/patrick-tafa.md
pro,パトリック マクカラン,country,src/content/players/pro/patrick-mccurran.md
pro,パトリック ヴァカタ,country,src/content/players/pro/patrick-vakata.md
pro,パパセーア マテラウ,"university,country",src/content/players/pro/papaseea-matelau.md
pro,パブロ マテーラ,"university,country",src/content/players/pro/pablo-matera.md
pro,パリパリ パーキンソン,"university,country",src/content/players/pro/pari-pari-parkinson.md
pro,パーカー アッシュ,country,src/content/players/pro/ash-paker.md
pro,ヒュー-アンダーソン,"university,high_school,country",src/content/players/pro/huw-anderson.md
pro,ヒュー-ジョーンズ,"university,high_school,country",src/content/players/pro/huw-jones.md
pro,ヒューゴ KEENAN,"university,high_school,country",src/content/players/pro/hugo-keenan.md
pro,ビリー コリガン,"university,high_school,country",src/content/players/pro/billy-corrigan.md
pro,ビリー ハーモン,"university,country",src/content/players/pro/billy-harmon.md
pro,ビリー バーンズ,country,src/content/players/pro/billy-burns.md
pro,ビリー マクブライド,"university,high_school,country",src/content/players/pro/billy-mcbryde.md
pro,ピアーズ フランシス,country,src/content/players/pro/piers-francis.md
pro,ピエリッチ シーバート,country,src/content/players/pro/pierich-siebert.md
pro,ピーター ウマガ=ジェンセン,"university,country",src/content/players/pro/peter-umaga-jensen.md
pro,ピーター ショルツ,country,src/content/players/pro/pieter-scholtz.md
pro,ピーター ドゥーリー,"university,high_school,country",src/content/players/pro/peter-dooley.md
pro,ピーター ラピース ラブスカフニ,country,src/content/players/pro/pieterlappieslabuschagne.md
pro,ピーターステフ デュトイ,"university,country",src/content/players/pro/pieter-steph-du-toit.md
pro,ファイアラガ 望サムエル,country,src/content/players/pro/samuel-nozomu-faialaga.md
pro,ファカタハ ハビリ,country,src/content/players/pro/fakataha-havili.md
pro,ファカタヴァ アマト,country,src/content/players/pro/amato-fakatava.md
pro,ファカタヴァ タラウ侍,country,src/content/players/pro/talau-samurai-fakatava.md
pro,ファフ デクラーク,"university,country",src/content/players/pro/faf-de-klerk.md
pro,フアン スホーマン,"university,high_school,country",src/content/players/pro/juan-schoeman.md
pro,フアン ピティナリ,"university,high_school,country",src/content/players/pro/juan-manuel-pitinari.md
pro,フィオン ギボンズ,"university,high_school,country",src/content/players/pro/fionn-gibbons.md
pro,フィシプナ トゥイアキ,country,src/content/players/pro/fisipuna-tuiaki.md
pro,フィナウ マカヴァハ,country,src/content/players/pro/finau-makavaha.md
pro,フィニーン ウィチャリー,"university,country",src/content/players/pro/fineen-wycherley.md
pro,フィネ-イニシ,"university,high_school,country",src/content/players/pro/fine-inisi.md
pro,フィリックス カラプ,"university,country",src/content/players/pro/felix-kalapu.md
pro,フィル コカナシガ,"university,high_school,country",src/content/players/pro/phil-cokanasiga.md
pro,フィン TREACY,"university,high_school,country",src/content/players/pro/finn-treacy.md
pro,フィン リチャードソン,"university,high_school,country",src/content/players/pro/finlay-richardson.md
pro,フィンレイ BEALHAM,"university,high_school,country",src/content/players/pro/finlay-bealham.md
pro,フェインガ ファカイ,country,src/content/players/pro/feinga-fakai.md
pro,フェトゥカモカモ ダグラス,country,src/content/players/pro/whetukamokamo-douglas.md
pro,フェトゥリ-パエア,"university,high_school,country",src/content/players/pro/fetuli-paea.md
pro,フランク ロホー,"university,country",src/content/players/pro/frank-lochore.md
pro,フランコ カレラ,"university,high_school,country",src/content/players/pro/franco-carrera.md
pro,フランコ モスタート,country,src/content/players/pro/franco-mostert.md
pro,フランコ-マレー,"university,high_school,country",src/content/players/pro/franco-marais.md
pro,フランシス スラ シアオシ,"university,country",src/content/players/pro/phransis-sula-siaosi.md
pro,フランス-マルハーバ,"university,high_school,country",src/content/players/pro/frans-malherbe.md
pro,フランソワ クロッパー,"university,high_school,country",src/content/players/pro/francois-klopper.md
pro,フランソワ-フェンター,"university,country",src/content/players/pro/francois-venter.md
pro,フランチェスコ ルッフォロ,"university,high_school,country",src/content/players/pro/francesco-ruffolo.md
pro,フリッツ ヤンケタヴァナ,"university,country",src/content/players/pro/fritz-jahnke-tavana.md
pro,フリードル オリヴィエー,country,src/content/players/pro/friedle-olivier.md
pro,フレイザー クワーク,country,src/content/players/pro/fraser-quirk.md
pro,ブライアン オコナー,"university,high_school,country",src/content/players/pro/bryan-o-connor.md
pro,ブラッド ウェバー,country,src/content/players/pro/brad-weber.md
pro,ブラッドリー マクナマラ,"height,weight,university,high_school,country",src/content/players/pro/bradley-mcnamara.md
pro,ブリン ウォード,"height,weight,university,high_school,country",src/content/players/pro/bryn-ward.md
pro,ブリン ガットランド,"university,country",src/content/players/pro/bryn-gatland.md
pro,ブリン ホール,"university,country",src/content/players/pro/bryn-hall.md
pro,ブレア MURRAY,"university,high_school,country",src/content/players/pro/blair-murray.md
pro,ブレア ライアル,"university,country",src/content/players/pro/blair-ryall.md
pro,ブレイク ギブソン,"university,country",src/content/players/pro/blake-gibson.md
pro,ブレンダン オーウェン,country,src/content/players/pro/brendan-owen.md
pro,ブレント ジャクソン,"university,high_school,country",src/content/players/pro/brent-jackson.md
pro,ブレンドン ネル,country,src/content/players/pro/brendon-nell.md
pro,ブロディ マカスケル,"university,country",src/content/players/pro/brody-macaskill.md
pro,ブロディ レタリック,"university,country",src/content/players/pro/brodie-retallick.md
pro,ヘル ウヴェ,country,src/content/players/pro/uwe-helu.md
pro,ヘルダス ファンデルヴォルト,country,src/content/players/pro/gerdus-vanderwalt.md
pro,ヘンカス-ファン ワイク,"university,high_school,country",src/content/players/pro/hencus-van-wyk.md
pro,ヘンコ-ファン ワイク,"university,high_school,country",src/content/players/pro/henco-van-wyk.md
pro,ヘンリー タエフ,"university,country",src/content/players/pro/henry-taefu.md
pro,ヘンリー-イメルマン,"university,high_school,country",src/content/players/pro/henry-immelman.md
pro,ヘンリー-トーマス,"university,high_school,country",src/content/players/pro/henry-thomas.md
pro,ベン CARSON,"university,high_school,country",src/content/players/pro/ben-carson.md
pro,ベン EVANS,"height,weight,university,high_school,country",src/content/players/pro/ben-evans-.md
pro,ベン HEALY,"university,high_school,country",src/content/players/pro/ben-healy.md
pro,ベン Jason DIXON,"university,high_school,country",src/content/players/pro/ben-jason-dixon.md
pro,ベン MOXHAM,"university,high_school,country",src/content/players/pro/ben-moxham.md
pro,ベン MUNCASTER,"university,high_school,country",src/content/players/pro/ben-muncaster.md
pro,ベン O'DONOVAN,"height,weight,university,high_school,country",src/content/players/pro/ben-o-donovan.md
pro,ベン ROBERTS,"height,weight,university,high_school,country",src/content/players/pro/ben-roberts.md
pro,ベン SALMON,"university,high_school,country",src/content/players/pro/ben-salmon.md
pro,ベン VELLACOTT,"university,high_school,country",src/content/players/pro/ben-vellacott.md
pro,ベン アフシャー,"university,high_school,country",src/content/players/pro/ben-afshar.md
pro,ベン ウィリアムズ,"university,high_school,country",src/content/players/pro/ben-williams-14088.md
pro,ベン ウォーレン,"university,high_school,country",src/content/players/pro/ben-warren.md
pro,ベン オコナー,"university,high_school,country",src/content/players/pro/ben-o-connor.md
pro,ベン カーター,"university,high_school,country",src/content/players/pro/ben-carter.md
pro,ベン ガンター,"university,country",src/content/players/pro/ben-gunter.md
pro,ベン トーマス,"university,high_school,country",src/content/players/pro/ben-thomas.md
pro,ベン ドネル,"university,high_school,country",src/content/players/pro/ben-donnell.md
pro,ベン ポルトリッジ,"university,country",src/content/players/pro/ben-paltridge.md
pro,ベン マーフィー,"university,country",src/content/players/pro/ben-murphy-2001.md
pro,ベンジャミン ニーニー,"university,country",src/content/players/pro/benjamin-nee-nee.md
pro,ペプシ ブテレジ,"university,high_school,country",src/content/players/pro/phendulani-buthelezi.md
pro,ペペサナ パタフィロ,"university,country",src/content/players/pro/pepesana-patafilo.md
pro,ボビー パワー,"university,high_school,country",src/content/players/pro/bobby-power.md
pro,ボンギ ンボナンビ,"university,high_school,country",src/content/players/pro/bongi-mbonambi.md
pro,ポール デ ヴィリアーズ,"university,high_school,country",src/content/players/pro/paul-de-villiers.md
pro,ポール デ ヴェット,"university,high_school,country",src/content/players/pro/albertus-de-wet.md
pro,ポール ボイル,"university,high_school,country",src/content/players/pro/paul-boyle.md
pro,マイク ヘイリー,"university,country",src/content/players/pro/mike-haley.md
pro,マイケル FOY,"university,high_school,country",src/content/players/pro/michael-foy.md
pro,マイケル MILNE,"university,high_school,country",src/content/players/pro/michael-milne.md
pro,マイケル アラアラトア,"university,high_school,country",src/content/players/pro/michael-alaalatoa.md
pro,マイケル アラダイス,country,src/content/players/pro/michael-allardice.md
pro,マイケル コリンズ,country,src/content/players/pro/michael-collins.md
pro,マイケル ストーバーグ,"university,country",src/content/players/pro/michael-stolberg.md
pro,マイケル リトル,"university,country",src/content/players/pro/michael-little.md
pro,マカゾレ マピンピ,"university,high_school,country",src/content/players/pro/makazole-mapimpi.md
pro,マキシ ファウルア,country,src/content/players/pro/faulua-makisi.md
pro,マクカラン ブロディ,country,src/content/players/pro/brodi-mccurran.md
pro,マケンジー ダンカン,"university,high_school,country",src/content/players/pro/macenzzie-duncan.md
pro,マケンジー マーティン,"university,high_school,country",src/content/players/pro/mackenzie-martin.md
pro,マシュー DALTON,"university,high_school,country",src/content/players/pro/matthew-dalton.md
pro,マシュー URWIN,"university,high_school,country",src/content/players/pro/matthew-urwin.md
pro,マシュー VICTORY,"university,high_school,country",src/content/players/pro/matthew-victory.md
pro,マシュー スクリーチ,"university,high_school,country",src/content/players/pro/matthew-screech.md
pro,マス イオルワース=スコット,"university,high_school,country",src/content/players/pro/matholwch-iorwerth-scott.md
pro,マタリキ チャニングス,country,src/content/players/pro/matariki-channings.md
pro,マック ハンセン,"university,high_school,country",src/content/players/pro/mack-hansen.md
pro,マックス ウィリアムソン,"university,country",src/content/players/pro/max-williamson.md
pro,マックス ダグラス,"university,high_school,country",src/content/players/pro/max-douglas.md
pro,マックス ヒューズ,country,src/content/players/pro/max-hughes.md
pro,マックス ピアース,"university,high_school,country",src/content/players/pro/max-pearce.md
pro,マックス ペイジ,"university,high_school,country",src/content/players/pro/macs-page.md
pro,マッテオ カナーリ,"university,country",src/content/players/pro/matteo-canali.md
pro,マット ファーガソン,"university,high_school,country",src/content/players/pro/matt-fagerson.md
pro,マット マッガーン,"university,country",src/content/players/pro/matt-mcgahan.md
pro,マット ヴァエガ,"university,country",src/content/players/pro/matt-vaega.md
pro,マティ ヤング,"university,high_school,country",src/content/players/pro/matty-young.md
pro,マティウス バッソン,country,src/content/players/pro/matthys-basson.md
pro,マナアキ セルビーリキット,"university,country",src/content/players/pro/manaaki-selby-rickit.md
pro,マナセ ハビリ,country,src/content/players/pro/manase-havili.md
pro,マニー リボック,country,src/content/players/pro/manie-libbok.md
pro,マヌ アカウオラ,country,src/content/players/pro/manu-akauora.md
pro,マヌ ツィツカ,"university,high_school,country",src/content/players/pro/emmanuel-tshituka.md
pro,マヌ ヴニポラ,"university,country",src/content/players/pro/manu-vunipola.md
pro,マヘ ヴァイラヌ,"university,country",src/content/players/pro/mahe-vailanu.md
pro,マリカ コロインベテ,"university,country",src/content/players/pro/marika-koroibete.md
pro,マリティノ ネマニ,"university,country",src/content/players/pro/maritino-nemani.md
pro,マリノ ミカエリトゥウ,"university,country",src/content/players/pro/marino-mikaele-tu-u.md
pro,マリー コスター,country,src/content/players/pro/murray-koster.md
pro,マリー ダグラス,country,src/content/players/pro/murray-douglas.md
pro,マルコ ザノン,"university,high_school,country",src/content/players/pro/marco-zanon.md
pro,マルコ デ ウィット,"university,high_school,country",src/content/players/pro/marco-de-witt.md
pro,マルコ ファン スターデン,"university,high_school,country",src/content/players/pro/marco-van-staden.md
pro,マルコム マークス,"university,country",src/content/players/pro/malcolm-marx.md
pro,マルジーン イラウア,country,src/content/players/pro/malgene-ilaua.md
pro,マルセル クッツェー,"university,country",src/content/players/pro/marcell-coetzee.md
pro,マルナス ファン デル メルヴァ,"university,high_school,country",src/content/players/pro/marnus-van-der-merwe.md
pro,マルナス ポトヒーター,"university,high_school,country",src/content/players/pro/marnus-potgieter.md
pro,マロ ツイタマ,"university,country",src/content/players/pro/malo-tuitama.md
pro,マワンデ ムダンダ,"university,high_school,country",src/content/players/pro/mawande-mdanda.md
pro,マーク DONNELLY,"university,high_school,country",src/content/players/pro/mark-donnelly.md
pro,マーク アボット,country,src/content/players/pro/mark-abbott.md
pro,マーク テレア,"university,country",src/content/players/pro/mark-telea.md
pro,マーヴィン オリー,"university,high_school,country",src/content/players/pro/marvin-orie.md
pro,ミッチェル ハント,"university,country",src/content/players/pro/mitchell-hunt.md
pro,ミッチェル ブラウン,"university,country",src/content/players/pro/mitchell-brown.md
pro,ミハエル プリンスルー,"university,high_school,country",src/content/players/pro/migael-prinsloo.md
pro,ムハメド ハサ,"university,high_school,country",src/content/players/pro/muhamed-hasa.md
pro,ムピロ グメデ,"university,high_school,country",src/content/players/pro/celimpilo-gumede.md
pro,ムフンド ンドロヴ,"university,high_school,country",src/content/players/pro/mfundo-ndhlovu.md
pro,メイン 平,"university,country",src/content/players/pro/taira-main.md
pro,メノ バーナード,"university,high_school,country",src/content/players/pro/meno-barnard.md
pro,メルヴェ オリヴィエ,"university,country",src/content/players/pro/merwe-olivier.md
pro,モルガン モース,"university,high_school,country",src/content/players/pro/morgan-morse.md
pro,モルネイ スミス,"university,high_school,country",src/content/players/pro/morne-smith.md
pro,モーゼス ジョーンズ,"university,country",src/content/players/pro/moses-jones.md
pro,モーリス マークス,country,src/content/players/pro/maurice-marks.md
pro,ヤウ ペンセ,"university,high_school,country",src/content/players/pro/yaw-penxe.md
pro,ヤコ グロブラール,"university,high_school,country",src/content/players/pro/jaco-grobbelaar.md
pro,ヤコポ-トゥルッラ,"university,high_school,country",src/content/players/pro/jacopo-trulla.md
pro,ヤスパー ヴィーセ,country,src/content/players/pro/jasper-wiese.md
pro,ヤネス-キルステン,"university,high_school,country",src/content/players/pro/jannes-kirsten.md
pro,ヤン-サーフォンテイン,"university,high_school,country",src/content/players/pro/jan-serfontein.md
pro,ヤン=ヘンドリック-ヴェッセルズ,"university,high_school,country",src/content/players/pro/jan-hendrik-wessels.md
pro,ヤンコ スワナポール,"university,country",src/content/players/pro/janko-swanepoel.md
pro,ユアン ウィルソン,country,src/content/players/pro/juan-wilson.md
pro,ユアン フェリー,"university,high_school,country",src/content/players/pro/euan-ferrie.md
pro,ユアン ロッサー,"university,high_school,country",src/content/players/pro/ewan-rosser.md
pro,ユーゴー-マクラフリン,"university,high_school,country",src/content/players/pro/hugo-mclaughlin.md
pro,ユーリー マティー,"university,high_school,country",src/content/players/pro/jurie-matthee.md
pro,ヨハン ゴーセン,"university,country",src/content/players/pro/johan-goosen.md
pro,ヨハン モルダー,"university,high_school,country",src/content/players/pro/johan-mulder.md
pro,ライアン BAIRD,"university,high_school,country",src/content/players/pro/ryan-baird.md
pro,ライアン CONBEER,"university,high_school,country",src/content/players/pro/ryan-conbeer.md
pro,ライアン ウッドマン,"university,high_school,country",src/content/players/pro/ryan-woodman.md
pro,ライアン エリアス,"university,high_school,country",src/content/players/pro/ryan-elias.md
pro,ライアン ジョーンズ,"university,high_school,country",src/content/players/pro/ryan-jones-2006.md
pro,ライアン スミス,"university,high_school,country",src/content/players/pro/ryan-smith-10493.md
pro,ライアン バーク,"university,high_school,country",src/content/players/pro/ryan-burke.md
pro,ライノ ピータース,"university,country",src/content/players/pro/ryno-pieterse.md
pro,ライリー ホヘパ,"university,country",src/content/players/pro/riley-hohepa.md
pro,ラインハルト ノートナゲル,"university,high_school,country",src/content/players/pro/reinhard-nothnagel.md
pro,ラインハルト ヨンカー,"university,high_school,country",src/content/players/pro/rynhardt-jonker.md
pro,ラインハルト ルートヴィヒ,"university,high_school,country",src/content/players/pro/reinhardt-ludwig.md
pro,ラクラン ボーシェー,"university,country",src/content/players/pro/lachlan-boshier.md
pro,ラズロー ソード,"university,country",src/content/players/pro/larzlo-sword.md
pro,ラタ タンギマナ,country,src/content/players/pro/lata-tangimana.md
pro,ラバ スリマニ,"university,high_school,country",src/content/players/pro/rabah-slimani.md
pro,ラファエレ ティモシー,country,src/content/players/pro/timothy-lafaele.md
pro,ラブズ マクスワネ,"university,high_school,country",src/content/players/pro/sibhale-maxwane.md
pro,ラメカ ポイヒピ,"university,country",src/content/players/pro/rameka-poihipi.md
pro,ラリー スルンガ,"university,country",src/content/players/pro/larry-sulunga.md
pro,ランダル ベイカー,"university,country",src/content/players/pro/randall-baker.md
pro,ラーボニ ウォーレンーボスアヤコ,"university,country",src/content/players/pro/rahboni-warren-vosayaco.md
pro,リアキマタギ モリ,"university,country",src/content/players/pro/liakimatagi-moli.md
pro,リアム MOLONY,"university,high_school,country",src/content/players/pro/liam-molony.md
pro,リアム エドワーズ,"university,high_school,country",src/content/players/pro/liam-edwards.md
pro,リアム ギル,"university,country",src/content/players/pro/liam-gill.md
pro,リアム ベルチャー,"university,high_school,country",src/content/players/pro/liam-belcher.md
pro,リアム ミッチェル,"university,country",src/content/players/pro/liam-mitchell.md
pro,リエキナ カウフシ,country,src/content/players/pro/liekina-kaufusi.md
pro,リオ ダイアー,"university,high_school,country",src/content/players/pro/rio-dyer.md
pro,リカス プレトリアス,"university,country",src/content/players/pro/rikus-pretorius.md
pro,リサラ シオシファ,country,src/content/players/pro/siosifa-lisala.md
pro,リサラ フィナウ,country,src/content/players/pro/lisala-finau.md
pro,リチャード クリエル,"university,high_school,country",src/content/players/pro/richard-kriel.md
pro,リッカルド ジェノヴェーゼ,"university,high_school,country",src/content/players/pro/riccardo-genovese.md
pro,リッチモンド トンガタマ,country,src/content/players/pro/richmond-tongatama.md
pro,リッチー モウンガ,country,src/content/players/pro/richie-mounga.md
pro,リー ハーフペニー,"university,high_school,country",src/content/players/pro/leigh-halfpenny.md
pro,リー バロン,"university,high_school,country",src/content/players/pro/lee-barron.md
pro,リー フィッツパトリック,"height,weight,university,high_school,country",src/content/players/pro/lee-fitzpatrick.md
pro,リーコ イオアネ,"university,high_school,country",src/content/players/pro/rieko-ioane.md
pro,リース デイヴィス,"university,high_school,country",src/content/players/pro/rhys-davies.md
pro,リース バラット,"university,country",src/content/players/pro/rhys-barratt.md
pro,リース ヘンリー,"university,country",src/content/players/pro/rhys-henry.md
pro,リース マクドナルド,"university,country",src/content/players/pro/reece-macdonald.md
pro,リーチ マイケル,country,src/content/players/pro/michael-leitch.md
pro,リーバイ アウムア,"university,country",src/content/players/pro/levi-aumua.md
pro,リーヴァイ ダグラス,"university,high_school,country",src/content/players/pro/levi-douglas.md
pro,ル ルー マラン,"university,high_school,country",src/content/players/pro/le-roux-malan.md
pro,ルアン アッカーマン,"university,high_school,country",src/content/players/pro/ruan-ackermann.md
pro,ルアン クイン,"university,country",src/content/players/pro/ruadhan-quinn.md
pro,ルアン スワート,"university,high_school,country",src/content/players/pro/ruan-swart.md
pro,ルアン デルポート,"university,high_school,country",src/content/players/pro/ruan-delport.md
pro,ルアン ドレイヤー,"university,country",src/content/players/pro/ruan-dreyer.md
pro,ルアン ノルチェ,"university,country",src/content/players/pro/ruan-nortje.md
pro,ルアン フェルマーク,"university,high_school,country",src/content/players/pro/ruan-vermaak.md
pro,ルアン ボタ,"university,country",src/content/players/pro/ruan-botha.md
pro,ルアン ヴェンター,"university,high_school,country",src/content/players/pro/ruan-venter.md
pro,ルイス エドワーズ,"university,high_school,country",src/content/players/pro/lewis-edwards.md
pro,ルカ フランチェスケット,"university,high_school,country",src/content/players/pro/luca-franceschetto.md
pro,ルカ モリシ,"university,high_school,country",src/content/players/pro/luca-morisi.md
pro,ルカス デ ラ ルーア,"university,high_school,country",src/content/players/pro/lucas-de-la-rua.md
pro,ルカニョ アム,"university,country",src/content/players/pro/lukhanyo-am.md
pro,ルカニョ ヴォコゼラ,"university,high_school,country",src/content/players/pro/lukhanyo-vokozela.md
pro,ルシアテ フィナウ,country,src/content/players/pro/rusiate-finau.md
pro,ルテル ラウララ,country,src/content/players/pro/luteru-laulala.md
pro,ルババロ ドベラ,"university,high_school,country",src/content/players/pro/lubabalo-dobela.md
pro,ルル パエア,"university,country",src/content/players/pro/lulu-paea.md
pro,ルーク BURGER,"university,high_school,country",src/content/players/pro/luke-burger.md
pro,ルーク MCGRATH,"university,high_school,country",src/content/players/pro/luke-mcgrath.md
pro,ルーク MORGAN,"university,high_school,country",src/content/players/pro/luke-morgan.md
pro,ルーク イェンドル,"university,high_school,country",src/content/players/pro/luke-yendle.md
pro,ルーク スカリー,"university,high_school,country",src/content/players/pro/luke-scully.md
pro,ルーク ダニエル,"university,high_school,country",src/content/players/pro/luke-daniel.md
pro,ルーク デイヴィス,"university,high_school,country",src/content/players/pro/luke-davies.md
pro,ルーク マーフィー,"height,weight,university,high_school,country",src/content/players/pro/luke-murphy.md
pro,ルード デヤハー,country,src/content/players/pro/lood-de-jager.md
pro,ルーベン スホーマン,"university,high_school,country",src/content/players/pro/ruben-schoeman.md
pro,ルーベン ファン ヘールデン,"university,high_school,country",src/content/players/pro/ruben-van-heerden.md
pro,ルーベン モーガン=ウィリアムズ,"university,high_school,country",src/content/players/pro/reuben-morgan-williams.md
pro,レイ タタフ,country,src/content/players/pro/ray-tatafu.md
pro,レオナルド クルモフ,"university,country",src/content/players/pro/leonard-krumov.md
pro,レオン ライアンズ,"university,high_school,country",src/content/players/pro/leon-lyons.md
pro,レキマ ナサミラ,country,src/content/players/pro/lekima-nasamila.md
pro,レメキ ロマノラヴァ,"university,country",src/content/players/pro/lemeki-lomano-lava.md
pro,レンゾ デュ プレシス,"university,high_school,country",src/content/players/pro/renzo-du-plessis.md
pro,ロス MCKNIGHT,"university,high_school,country",src/content/players/pro/ross-mcknight.md
pro,ロス ブロード,"university,country",src/content/players/pro/ross-braude.md
pro,ロス モリアーティ,"university,high_school,country",src/content/players/pro/ross-moriarty.md
pro,ロックラン オズボーン,country,src/content/players/pro/lachlan-osborne.md
pro,ロトアヘア アマナキ大洋,country,src/content/players/pro/amanaki-taiyo-lotoahea.md
pro,ロトアヘア ポヒヴァ大和,country,src/content/players/pro/pohiva-yamato-lotoahea.md
pro,ロトゥ イニシ,"university,country",src/content/players/pro/lotu-inisi.md
pro,ロドリ ウィリアムズ,"university,high_school,country",src/content/players/pro/rhodri-williams.md
pro,ロドリ ジョーンズ,"university,country",src/content/players/pro/rhodri-jones.md
pro,ロドリ ルイス,"university,high_school,country",src/content/players/pro/rhodri-lewis.md
pro,ロドリゴ マルティネス,"university,high_school,country",src/content/players/pro/rodrigo-martinez.md
pro,ロナン KELLEHER,"university,high_school,country",src/content/players/pro/ronan-kelleher.md
pro,ロナン フォックス,"university,high_school,country",src/content/players/pro/ronan-foxe.md
pro,ロバート BALOUCOUNE,"university,high_school,country",src/content/players/pro/robert-baloucoune.md
pro,ロバート ハント,"university,high_school,country",src/content/players/pro/robert-hunt.md
pro,ロビー ヘンショウ,"university,high_school,country",src/content/players/pro/robbie-henshaw.md
pro,ロブ トンプソン,"university,country",src/content/players/pro/rob-thompson.md
pro,ロマン サラノア,"university,high_school,country",src/content/players/pro/roman-salanoa.md
pro,ロリー サザーランド,"university,high_school,country",src/content/players/pro/rory-sutherland.md
pro,ロリー ジェニングス,"university,high_school,country",src/content/players/pro/rory-jennings-.md
pro,ロリー ソーントン,"university,country",src/content/players/pro/rory-thornton.md
pro,ロリー ダージ,"university,high_school,country",src/content/players/pro/rory-darge.md
pro,ロリー マグワイア,"university,high_school,country",src/content/players/pro/rory-mcguire.md
pro,ロレンツォ パーニ,"university,high_school,country",src/content/players/pro/lorenzo-pani.md
pro,ローリー アーノルド,"university,country",src/content/players/pro/rory-arnold.md
pro,ローレンス エラスマス,"university,country",src/content/players/pro/lourens-erasmus.md
pro,ワイサケ ララトゥブア,country,src/content/players/pro/waisake-raratubua.md
pro,ワイナンド グラスマン,"university,country",src/content/players/pro/wynand-grassmann.md
pro,ワイマナ カパ,"university,country",src/content/players/pro/kapa-waimana.md
pro,ワンディシレ シメラーネ,"university,high_school,country",src/content/players/pro/wandisile-simelane.md
pro,ワンディレ-ムラバ,"university,high_school,country",src/content/players/pro/wandile-mlaba.md
pro,ントゥズコ ムチュヌ,"university,country",src/content/players/pro/ntuthuko-mchunu.md
pro,ヴァル アサエリ愛,country,src/content/players/pro/asaeliai-valu.md
pro,ヴァレンス テファレ,"university,country",src/content/players/pro/valynce-te-whare.md
pro,ヴァーノン パウロ,"university,high_school,country",src/content/players/pro/vernon-paulo.md
pro,ヴァーノン マトング,"university,high_school,country",src/content/players/pro/vernon-matongo.md
pro,ヴィリアミ スワワ,country,src/content/players/pro/viliame-suwawa.md
pro,ヴィリアミ ヘル,country,src/content/players/pro/viliami-helu.md
pro,ヴィリアミ ルトゥア アホフォノ,country,src/content/players/pro/viliami-lutua-ahofono.md
pro,ヴィリアメ タカヤワ,country,src/content/players/pro/viliame-takayawa.md
pro,ヴィリアメ ツイドラキ,country,src/content/players/pro/viliame-tuidraki.md
pro,ヴィリー ポトヒエッター,"university,country",src/content/players/pro/willie-potgieter.md
pro,ヴィルヘルム-デ クラーク,"height,weight,university,high_school,country",src/content/players/pro/wilhelm-de-klerk.md
pro,ヴィンス アソ,country,src/content/players/pro/vince-aso.md
pro,ヴィンセント コッホ,"university,high_school,country",src/content/players/pro/vincent-koch.md
pro,ヴィンセント セフォ,"university,country",src/content/players/pro/vincent-sefo.md
pro,ヴィンセント ツィツカ,"university,high_school,country",src/content/players/pro/vincent-tshituka.md
pro,ヴェア タモエフォラウ,country,src/content/players/pro/vea-taumoefolau.md
pro,ヴェティ トゥポウ,country,src/content/players/pro/vueti-tupou.md
pro,ヴェルナー コク,"university,high_school,country",src/content/players/pro/werner-kok.md
pro,ヴシ-シンプウェ モヨ,"university,high_school,country",src/content/players/pro/simphiwe-moyo.md
pro,三上 正貴,country,src/content/players/pro/masataka-mikami.md
pro,三原 大河,country,src/content/players/pro/taiga-mihara.md
pro,三好 優作,country,src/content/players/pro/yusaku-miyoshi.md
pro,三宅 駿,country,src/content/players/pro/shun-miyake.md
pro,三島 琳久,country,src/content/players/pro/riku-mishima.md
pro,三木 皓正,country,src/content/players/pro/kosei-miki.md
pro,三浦 昌悟,country,src/content/players/pro/shogo-miura.md
pro,三浦 駿平,country,src/content/players/pro/shumpei-miura.md
pro,三田村 裕城,country,src/content/players/pro/yuuki-mitamura.md
pro,三竹 康太,country,src/content/players/pro/kota-mitake.md
pro,三股 久典,country,src/content/players/pro/hisanori-mimata.md
pro,上ノ坊 悠馬,country,src/content/players/pro/yuma-uenobo.md
pro,上山 黎哉,country,src/content/players/pro/reiya-ueyama.md
pro,上杉 太郎,country,src/content/players/pro/taro-uesugi.md
pro,上村 樹輝,country,src/content/players/pro/itsuki-kamimura.md
pro,上片 風馬,country,src/content/players/pro/fuma-uekata.md
pro,上田 健太,country,src/content/players/pro/kennta-ueda.md
pro,上田 聖,country,src/content/players/pro/satoshi-ueda.md
pro,上畑 大吾,country,src/content/players/pro/daigo-uehata.md
pro,上里 貴一,country,src/content/players/pro/kiichi-uezato.md
pro,上野 拳太郎,country,src/content/players/pro/kentaro-ueno.md
pro,下川 甲嗣,country,src/content/players/pro/kanji-shimokawa.md
pro,下江 康輔,country,src/content/players/pro/kosuke-shimoe.md
pro,下良 好純,country,src/content/players/pro/yoshitsumi-shimora.md
pro,下釜 優次,country,src/content/players/pro/yuji-shimogama.md
pro,中づる,country,src/content/players/pro/noriaki-nakazuru.md
pro,中尾 康太郎,country,src/content/players/pro/kotaro-nakao.md
pro,中尾 泰星,country,src/content/players/pro/taisei-nakao.md
pro,中尾 隼太,country,src/content/players/pro/hayata-nakao.md
pro,中山 律希,country,src/content/players/pro/ritsuki-nakayama.md
pro,中山 竜太朗,country,src/content/players/pro/ryutaro-nakayama.md
pro,中島 イシレリ,country,src/content/players/pro/isileli-nakajima.md
pro,中島 謙,country,src/content/players/pro/ken-nakashima.md
pro,中嶋 大希,country,src/content/players/pro/daiki-nakajima.md
pro,中川 大毅,country,src/content/players/pro/daiki-nakagawa.md
pro,中川 湧眞,country,src/content/players/pro/yuma-nakagawa.md
pro,中本 圭介,country,src/content/players/pro/keisuke-nakamoto.md
pro,中村 亮土,country,src/content/players/pro/ryoto-nakamura.md
pro,中村 公星,country,src/content/players/pro/kosei-nakamura.md
pro,中村 匡汰,country,src/content/players/pro/kota-nakamura.md
pro,中村 友哉,country,src/content/players/pro/tomoya-nakamura.md
pro,中村 大志,country,src/content/players/pro/taishi-nakamura.md
pro,中村 悠人,country,src/content/players/pro/yuto-nakamura.md
pro,中村 篤郎,country,src/content/players/pro/atsuro-nakamura.md
pro,中村 翔,country,src/content/players/pro/sho-nakamura.md
pro,中村 謙吾,country,src/content/players/pro/kengo-nakamura.md
pro,中村 駿太,country,src/content/players/pro/shunta-nakamura.md
pro,中森 樹生,country,src/content/players/pro/jui-nakamori.md
pro,中森 隆太,country,src/content/players/pro/ryuta-nakamori.md
pro,中楠 一期,country,src/content/players/pro/ichigo-nakakusu.md
pro,中洲 晴陽,country,src/content/players/pro/haruya-nakasu.md
pro,中澤 響,country,src/content/players/pro/hibiki-nakazawa.md
pro,中野 光基,country,src/content/players/pro/koki-nakano.md
pro,中野 剛通,country,src/content/players/pro/takemichi-nakano.md
pro,中野 将伍,country,src/content/players/pro/shogo-nakano.md
pro,中野 将宏,country,src/content/players/pro/masahiro-nakano.md
pro,中野 幹,country,src/content/players/pro/kan-nakano.md
pro,中野 豪,country,src/content/players/pro/go-nakano.md
pro,中鹿 駿,country,src/content/players/pro/shun-nakashika.md
pro,丸尾 祐資,country,src/content/players/pro/yusuke-maruo.md
pro,丸山 凜太朗,country,src/content/players/pro/rintaro-maruyama.md
pro,久保 克斗,country,src/content/players/pro/katsuto-kubo.md
pro,久保 太陽,country,src/content/players/pro/taiyou-kubo.md
pro,久木野 太一,country,src/content/players/pro/taichi-kugino.md
pro,乳井 大士,country,src/content/players/pro/daishi-nyui.md
pro,亀井 亮依,country,src/content/players/pro/ryoi-kamei.md
pro,亀井 康平,country,src/content/players/pro/kohei-kamei.md
pro,亀井 茜風,country,src/content/players/pro/senfu-kamei.md
pro,亀山 昇太郎,country,src/content/players/pro/shotaro-kameyama.md
pro,二村 莞司,country,src/content/players/pro/kanji-futamura.md
pro,二浦 瑞樹,country,src/content/players/pro/mizuki-niura.md
pro,二重 賢治,country,src/content/players/pro/kenji-nigara.md
pro,五十野 海大,country,src/content/players/pro/kaito-isono.md
pro,五島 源,country,src/content/players/pro/gen-goto.md
pro,井上 優士,country,src/content/players/pro/yushi-inoue.md
pro,井上 大志郎,country,src/content/players/pro/daishirou-inoue.md
pro,井上 柊人,country,src/content/players/pro/syuuto-inoue.md
pro,井上 陽公,country,src/content/players/pro/hitaka-inoue.md
pro,井之上 明,country,src/content/players/pro/akira-inoue.md
pro,井口 龍太郎,country,src/content/players/pro/ryutaro-iguchi.md
pro,井島 彰英,country,src/content/players/pro/shoei-ijima.md
pro,井手 太朗,country,src/content/players/pro/tarou-ide.md
pro,井関 信介,country,src/content/players/pro/shinsuke-iseki.md
pro,人羅 奎太郎,country,src/content/players/pro/keitaro-hitora.md
pro,仁熊 秀斗,country,src/content/players/pro/hideto-niguma.md
pro,今 大輝,country,src/content/players/pro/daiki-kon.md
pro,今村 陽良,country,src/content/players/pro/takara-imamura.md
pro,伊波 大地,country,src/content/players/pro/daichi-inami.md
pro,伊藤 光希,country,src/content/players/pro/mitsuki-ito.md
pro,伊藤 大祐,country,src/content/players/pro/daisuke-ito.md
pro,伊藤 大輝,"university,country",src/content/players/pro/taiki-ito.md
pro,伊藤 峻祐,country,src/content/players/pro/shunsuke-ito.md
pro,伊藤 平一郎,country,src/content/players/pro/heiichiro-ito.md
pro,伊藤 耕太郎,country,src/content/players/pro/kotaro-ito.md
pro,伊藤 鐘平,country,src/content/players/pro/shohei-ito.md
pro,伏見 永城,country,src/content/players/pro/eigi-fushimi.md
pro,佐々木 剛,country,src/content/players/pro/takeshi-sasaki.md
pro,佐々木 柚樹,country,src/content/players/pro/yuzuki-sasaki.md
pro,佐々木 陽有,country,src/content/players/pro/hiyu-sasaki.md
pro,佐川 奨茉,country,src/content/players/pro/shoma-sagawa.md
pro,佐藤 俊輝,country,src/content/players/pro/toshiki-sato.md
pro,佐藤 健次,country,src/content/players/pro/kenji-sato.md
pro,佐藤 大地,country,src/content/players/pro/daichi-sato.md
pro,佐藤 大朗,country,src/content/players/pro/taro-sato.md
pro,佐藤 大樹,country,src/content/players/pro/daiki-sato.md
pro,佐藤 康,country,src/content/players/pro/ko-sato.md
pro,佐藤 弘樹,country,src/content/players/pro/kohki-sato.md
pro,佐藤 慶,country,src/content/players/pro/kei-sato.md
pro,佐藤 羅雲,country,src/content/players/pro/ramo-sato.md
pro,佐藤 耀,country,src/content/players/pro/yo-sato.md
pro,何松 健太郎,country,src/content/players/pro/kentaro-nanimatsu.md
pro,作田 駿介,country,src/content/players/pro/shunsuke-sakuta.md
pro,倉橋 歓太,country,src/content/players/pro/kanta-kurahashi.md
pro,倉田 真,country,src/content/players/pro/makoto-kurata.md
pro,光長 浩悠,country,src/content/players/pro/koyo-mitsunaga.md
pro,八文字 雅和,country,src/content/players/pro/masakazu-yatsumonji.md
pro,八木澤 龍翔,country,src/content/players/pro/ryuto-yagisawa.md
pro,具 智元,country,src/content/players/pro/jiwon-gu.md
pro,内山 友貴,country,src/content/players/pro/yuuki-uchiyama.md
pro,内川 朝陽,country,src/content/players/pro/asahi-uchikawa.md
pro,冨岡 周,country,src/content/players/pro/amane-tomioka.md
pro,出渕 賢史,country,src/content/players/pro/masashi-debuchi.md
pro,前田 剛,country,src/content/players/pro/go-maeda.md
pro,前田 土芽,country,src/content/players/pro/doga-maeda.md
pro,前田 恵輔,country,src/content/players/pro/keisuke-maeda.md
pro,前田 翔,country,src/content/players/pro/sho-maeda.md
pro,加島 DJ,country,src/content/players/pro/dj-kashima.md
pro,加藤 一希,country,src/content/players/pro/kazuki-kato.md
pro,加藤 大冴,"university,country",src/content/players/pro/taiga-kato.md
pro,加藤 滉紫,country,src/content/players/pro/koshi-kato.md
pro,加藤 璃一,country,src/content/players/pro/rihito-katou.md
pro,加藤 竜聖,country,src/content/players/pro/ryusei-kato.md
pro,加藤 舜也,country,src/content/players/pro/shunya-kato.md
pro,加藤 誠央,country,src/content/players/pro/makoto-kato.md
pro,勝田 龍登,"university,country",src/content/players/pro/tatto-katsuta.md
pro,北出 卓也,country,src/content/players/pro/takuya-kitade.md
pro,北原 璃久,country,src/content/players/pro/riku-kitahara.md
pro,北山 絢大,country,src/content/players/pro/kennta-kitayama.md
pro,北島 聖也,country,src/content/players/pro/seiya-kitajima.md
pro,北島 遥生,country,src/content/players/pro/haruki-kitajima.md
pro,北川 賢吾,country,src/content/players/pro/kengo-kitagawa.md
pro,北村 将大,country,src/content/players/pro/masahiro-kitamura.md
pro,北村 瞬太郎,country,src/content/players/pro/shuntaro-kitamura.md
pro,北林 佑介,country,src/content/players/pro/yusuke-kitabayashi.md
pro,北條 拓郎,country,src/content/players/pro/takuro-hojo.md
pro,北條 耕太,country,src/content/players/pro/kota-hojo.md
pro,千葉 健,"university,country",src/content/players/pro/ken-chiba.md
pro,千葉 太一,country,src/content/players/pro/taichi-chiba.md
pro,半田 巧,country,src/content/players/pro/takumi-handa.md
pro,半田 裕己,country,src/content/players/pro/hiroki-handa.md
pro,南 友紀,country,src/content/players/pro/tomoki-minami.md
pro,南 太陽,country,src/content/players/pro/taiyou-minami.md
pro,南 昂伸,country,src/content/players/pro/takanobu-minami.md
pro,南 篤志,country,src/content/players/pro/atsushi-minami.md
pro,占部 航典,country,src/content/players/pro/kosuke-urabe.md
pro,原口 智也,country,src/content/players/pro/tomoya-haraguti.md
pro,原渕 修人,country,src/content/players/pro/shuto-harabuchi.md
pro,友田 晴,country,src/content/players/pro/haru-tomoda.md
pro,古城 隼人,country,src/content/players/pro/hayato-kojo.md
pro,古寺 直希,country,src/content/players/pro/naoki-kotera.md
pro,古屋 篤史,country,src/content/players/pro/atsushi-furuya.md
pro,古川 拓実,country,src/content/players/pro/takumi-hurukawa.md
pro,古川 聖人,country,src/content/players/pro/masato-furukawa.md
pro,古田 凌,country,src/content/players/pro/ryo-furuta.md
pro,古畑 翔,country,src/content/players/pro/sho-furuhata.md
pro,古谷 亘,country,src/content/players/pro/wataru-furuya.md
pro,古賀 由教,country,src/content/players/pro/yoshiyuki-koga.md
pro,古賀 駿汰,country,src/content/players/pro/shunta-koga.md
pro,吉岡 大貴,country,src/content/players/pro/taiki-yoshioka.md
pro,吉岡 義喜,country,src/content/players/pro/yoshiki-yoshioka.md
pro,吉川 豪人,country,src/content/players/pro/taketo-yoshikawa.md
pro,吉川 遼,country,src/content/players/pro/ryo-kikkawa.md
pro,吉本 匠,country,src/content/players/pro/takumi-yoshimoto.md
pro,吉本 匠希,country,src/content/players/pro/shoki-yoshimoto.md
pro,吉村 一将,country,src/content/players/pro/kazuma-yoshimura.md
pro,吉澤 太一,country,src/content/players/pro/taichi-yoshizawa.md
pro,吉田 敢太,country,src/content/players/pro/kanta-yoshida.md
pro,吉田 杏,country,src/content/players/pro/kyo-yoshida.md
pro,吉田 橋蔵,country,src/content/players/pro/hashizou-yoshida.md
pro,吉田 輝雅,country,src/content/players/pro/kouga-yoshida.md
pro,吉田 隼人,country,src/content/players/pro/hayato-yoshida.md
pro,呉 季依典,country,src/content/players/pro/kienori-go.md
pro,呉 嶺太,country,src/content/players/pro/ryongtee-oh.md
pro,呉 洸太,country,src/content/players/pro/gwante-o.md
pro,呉山 聖道,country,src/content/players/pro/noriyuki-kureyama.md
pro,和田 悠一郎,country,src/content/players/pro/yuichiro-wada.md
pro,喜連 航平,country,src/content/players/pro/kohei-kire.md
pro,嘉納 一千,country,src/content/players/pro/issen-kano.md
pro,園中 良寛,country,src/content/players/pro/yoshihiro-sononaka.md
pro,園木 邦弥,country,src/content/players/pro/kuniya-sonoki.md
pro,土一 海人,country,src/content/players/pro/kaito-doichi.md
pro,土井 將聖,country,src/content/players/pro/masatoshi-doi.md
pro,土居 大吾,country,src/content/players/pro/daigo-doi.md
pro,土屋 眞,country,src/content/players/pro/makoto-tsuchiya.md
pro,土橋 郁矢,country,src/content/players/pro/fumiya-dobashi.md
pro,土永 旭,country,src/content/players/pro/asahi-doei.md
pro,土永 雷,country,src/content/players/pro/azuma-doei.md
pro,土肥 恵太,country,src/content/players/pro/keita-doi.md
pro,坂 和樹,country,src/content/players/pro/kazuki-ban.md
pro,坂原 春光,country,src/content/players/pro/haruhiro-sakahara.md
pro,坂手 淳史,country,src/content/players/pro/atsushi-sakate.md
pro,坂本 侑翼,country,src/content/players/pro/yusuke-sakamoto.md
pro,坂本 洋道,country,src/content/players/pro/hiromichi-sakamoto.md
pro,坂本 駿介,country,src/content/players/pro/shunsuke-sakamoto.md
pro,垣永 真之介,country,src/content/players/pro/shinnosuke-kakinaga.md
pro,堀 日向太,country,src/content/players/pro/hinata-hori.md
pro,堀江 恭佑,country,src/content/players/pro/kyosuke-horie.md
pro,堀米 航平,country,src/content/players/pro/kohei-horigome.md
pro,堀越 康介,country,src/content/players/pro/kosuke-horikoshi.md
pro,堀部 直壮,country,src/content/players/pro/naoaki-horibe.md
pro,堤 英登,country,src/content/players/pro/eito-tsutsumi.md
pro,塚本 奨平,country,src/content/players/pro/shohei-tsukamoto.md
pro,多田 潤平,country,src/content/players/pro/jumpei-tada.md
pro,大サキ,country,src/content/players/pro/tetsunori-osaki.md
pro,大内 真,"university,country",src/content/players/pro/shin-ouchi.md
pro,大内 空,country,src/content/players/pro/sora-ouchi.md
pro,大内 錬,country,src/content/players/pro/ren-ouchi.md
pro,大和 大祐,country,src/content/players/pro/daisuke-yamato.md
pro,大和田 立,country,src/content/players/pro/tatsuru-owada.md
pro,大城 海,country,src/content/players/pro/kai-oshiro.md
pro,大塚 健太郎,country,src/content/players/pro/kentaro-otsuka.md
pro,大山 卓真,country,src/content/players/pro/takuma-oyama.md
pro,大山 祥平,country,src/content/players/pro/shohei-oyama.md
pro,大嶌 一平,country,src/content/players/pro/ippei-oshima.md
pro,大戸 裕矢,country,src/content/players/pro/yuya-odo.md
pro,大木 寿之,country,src/content/players/pro/toshiyuki-ohki.md
pro,大橋 興太郎,country,src/content/players/pro/koutarou-ohashi.md
pro,大澤 蓮,country,src/content/players/pro/ren-osawa.md
pro,大熊 克哉,country,src/content/players/pro/katsuya-okuma.md
pro,大熊 陽介,country,src/content/players/pro/yosuke-okuma.md
pro,大畑 亮太,country,src/content/players/pro/ryota-ohata.md
pro,大石 力也,country,src/content/players/pro/rikiya-oishi.md
pro,大竹 智也,country,src/content/players/pro/tomoya-otake.md
pro,大籔 洸太,country,src/content/players/pro/kouta-oyabu.md
pro,大西 将史,country,src/content/players/pro/masashi-onishi.md
pro,大西 樹,country,src/content/players/pro/itsuki-onishi.md
pro,大西 訓平,country,src/content/players/pro/kumpei-onishi.md
pro,大谷 晃生,country,src/content/players/pro/kosei-otani.md
pro,大賀 宗志,country,src/content/players/pro/soshi-oga.md
pro,大越 元気,country,src/content/players/pro/genki-okoshi.md
pro,大野 敬,country,src/content/players/pro/kei-ono.md
pro,天野 寿紀,country,src/content/players/pro/toshiki-amano.md
pro,太田 景親,country,src/content/players/pro/kagechika-ota.md
pro,奈良 真弥,country,src/content/players/pro/shinya-nara.md
pro,奈須 秀虎,country,src/content/players/pro/hidetora-nasu.md
pro,奥井 章仁,country,src/content/players/pro/akito-okui.md
pro,奥村 翔,country,src/content/players/pro/kakeru-okumura.md
pro,奥田 勇志,country,src/content/players/pro/yushi-okuda.md
pro,奥野 翔太,country,src/content/players/pro/shota-okuno.md
pro,姫野 和樹,country,src/content/players/pro/kazuki-himeno.md
pro,守 源,country,src/content/players/pro/gen-mori.md
pro,安 昌豪,country,src/content/players/pro/changho-ahn.md
pro,安井 拓馬,country,src/content/players/pro/takuma-yasui.md
pro,安井 龍太,country,src/content/players/pro/ryuta-yasui.md
pro,安居 一輝,country,src/content/players/pro/kazuki-yasui.md
pro,安恒 直人,country,src/content/players/pro/naoto-yasutsune.md
pro,安江 祥光,country,src/content/players/pro/yasue-yoshimitsu.md
pro,安田 卓平,country,src/content/players/pro/takuhei-yasuda.md
pro,安田 司,country,src/content/players/pro/tsukasa-yasuda.md
pro,安田 昂平,country,src/content/players/pro/kohei-yasuda.md
pro,安達 航洋,country,src/content/players/pro/koyo-adachi.md
pro,安部 駿亮,country,src/content/players/pro/shunsuke-abe.md
pro,宮ザキ,country,src/content/players/pro/eiya-miyazaki.md
pro,宮下 大輝,country,src/content/players/pro/taiki-miyashita.md
pro,宮内 慶大,country,src/content/players/pro/keita-miyauchi.md
pro,宮坂 航生,country,src/content/players/pro/koki-miyasaka.md
pro,宮宗 翔,country,src/content/players/pro/kakeru-miyaso.md
pro,宮尾 昌典,country,src/content/players/pro/masanori-miyao.md
pro,宮島 裕之,country,src/content/players/pro/hiroyuki-miyajima.md
pro,宮崎 達也,country,src/content/players/pro/tatsuya-miyazaki.md
pro,宮嵜 隼人,country,src/content/players/pro/hayato-miyazaki.md
pro,宮川 智海,country,src/content/players/pro/tomohito-miyakawa.md
pro,宮田 悠暉,country,src/content/players/pro/haruki-miyata.md
pro,宮田 賢斗,country,src/content/players/pro/kento-miyata.md
pro,宮里 侑樹,country,src/content/players/pro/yuki-miyazato.md
pro,家村 健太,country,src/content/players/pro/kenta-iemura.md
pro,富田 凌仁,country,src/content/players/pro/ryoto-tomita.md
pro,寺田 桂太,country,src/content/players/pro/keita-terada.md
pro,寺脇 駿,country,src/content/players/pro/shun-terawaki.md
pro,寺西 翔生,country,src/content/players/pro/syoki-teranishi.md
pro,射場 大輔,country,src/content/players/pro/daisuke-iba.md
pro,小ヤナギ,country,src/content/players/pro/tomonori-koyanagi.md
pro,小倉 順平,country,src/content/players/pro/junpei-ogura.md
pro,小原 稜生,country,src/content/players/pro/ryousei-kohara.md
pro,小寺 晴大,country,src/content/players/pro/harutomo-kodera.md
pro,小山 大輝,country,src/content/players/pro/taiki-koyama.md
pro,小山 翔也,country,src/content/players/pro/shoya-koyama.md
pro,小山内 健,country,src/content/players/pro/ken-osanai.md
pro,小島 佑太,country,src/content/players/pro/yuta-kojima.md
pro,小島 昂,country,src/content/players/pro/ko-kojima.md
pro,小島 燎成,country,src/content/players/pro/ryosei-kojima.md
pro,小嶋 大士,country,src/content/players/pro/daishi-kojima.md
pro,小川 寛大,country,src/content/players/pro/kanta-ogawa.md
pro,小川 正志,country,src/content/players/pro/masashi-ogawa.md
pro,小川 高廣,country,src/content/players/pro/takahiro-ogawa.md
pro,小幡 将己,country,src/content/players/pro/masaki-obata.md
pro,小村 健太,country,src/content/players/pro/kenta-komura.md
pro,小村 真也,country,src/content/players/pro/shinya-komura.md
pro,小林 修市,country,src/content/players/pro/shuichi-kobayashi.md
pro,小林 恵太,country,src/content/players/pro/keita-kobayasi.md
pro,小林 洋平,country,src/content/players/pro/yohei-kobayashi.md
pro,小林 航,country,src/content/players/pro/wataru-kobayashi.md
pro,小林 賢太,country,src/content/players/pro/kenta-kobayashi.md
pro,小林 龍司,country,src/content/players/pro/ryuji-kobayashi.md
pro,小池 一宏,country,src/content/players/pro/kazuhiro-koike.md
pro,小池 隆成,country,src/content/players/pro/ryusei-koike.md
pro,小泉 怜史,country,src/content/players/pro/satoshi-koizumi.md
pro,小瀧 尚弘,country,src/content/players/pro/naohiro-kotaki.md
pro,小畑 健太郎,country,src/content/players/pro/kentaro-obata.md
pro,小笠原 寛人,country,src/content/players/pro/hiroto-ogasahara.md
pro,小西 泰聖,country,src/content/players/pro/taisei-konishi.md
pro,小野 航大,country,src/content/players/pro/kodai-ono.md
pro,小野木 晃英,country,src/content/players/pro/akihide-onogi.md
pro,小鍜治 悠太,country,src/content/players/pro/yuta-kokaji.md
pro,尹 礼温,country,src/content/players/pro/rye-on-yoon.md
pro,尾ザキ,country,src/content/players/pro/tatsuhiro-ozaki.md
pro,尾又 寛汰,country,src/content/players/pro/kanta-omata.md
pro,尾崎 晟也,country,src/content/players/pro/seiya-ozaki.md
pro,尾崎 泰雅,country,src/content/players/pro/taiga-ozaki.md
pro,尾池 亨允,country,src/content/players/pro/kosuke-oike.md
pro,屋部 旺成,"university,country",src/content/players/pro/hirose-yabu.md
pro,山サキ,country,src/content/players/pro/kai-yamasaki.md
pro,山サキ,country,src/content/players/pro/yoshiki-yamazaki.md
pro,山下 憲太,country,src/content/players/pro/kenta-yamashita.md
pro,山下 楽平,country,src/content/players/pro/rakuhei-yamashita.md
pro,山下 真之介,country,src/content/players/pro/shinnosuke-yamashita.md
pro,山下 裕史,country,src/content/players/pro/hiroshi-yamashita.md
pro,山中 亮平,country,src/content/players/pro/ryohei-yamanaka.md
pro,山内 俊央,country,src/content/players/pro/toshihiro-yamanouchi.md
pro,山口 修平,country,src/content/players/pro/shuhei-yamaguchi.md
pro,山口 楓斗,country,src/content/players/pro/futo-yamaguchi.md
pro,山口 泰輝,country,src/content/players/pro/taiki-yamaguchi.md
pro,山口 泰雅,country,src/content/players/pro/taiga-yamaguchi.md
pro,山口 知貴,country,src/content/players/pro/tomoki-yamaguchi.md
pro,山口 莉輝,country,src/content/players/pro/riki-yamaguchi.md
pro,山崎 洋之,country,src/content/players/pro/hiroyuki-yamasaki.md
pro,山川 一瑳,country,src/content/players/pro/issa-yamakawa.md
pro,山川 力優,country,src/content/players/pro/rikyu-yamakawa.md
pro,山本 健人,country,src/content/players/pro/kennto-yamamoto.md
pro,山本 凱,country,src/content/players/pro/kai-yamamoto.md
pro,山本 剣士,country,src/content/players/pro/kenshi-yamamoto.md
pro,山本 嶺二郎,country,src/content/players/pro/reijiro-yamamoto.md
pro,山本 敦輝,country,src/content/players/pro/atsuki-yamamoto.md
pro,山本 泰之,country,src/content/players/pro/yasuyuki-yamamoto.md
pro,山本 浩輝,country,src/content/players/pro/hiroki-yamamoto.md
pro,山本 秀,country,src/content/players/pro/shu-yamamoto.md
pro,山本 貫太,country,src/content/players/pro/kanta-yamamoto.md
pro,山本 龍亮,country,src/content/players/pro/ryusuke-yamamoto.md
pro,山村 勝悟,country,src/content/players/pro/shogo-yamamura.md
pro,山村 知也,country,src/content/players/pro/tomoya-yamamura.md
pro,山極 大貴,country,src/content/players/pro/daiki-yamagiwa.md
pro,山沢 京平,country,src/content/players/pro/kyohei-yamasawa.md
pro,山沢 拓也,country,src/content/players/pro/takuya-yamasawa.md
pro,山添 圭祐,country,src/content/players/pro/keisuke-yamazoe.md
pro,山田 有樹,country,src/content/players/pro/yuki-yamada.md
pro,山田 歩季,country,src/content/players/pro/ayuki-yamada.md
pro,山田 生真,country,src/content/players/pro/ikuma-yamada.md
pro,山田 章仁,country,src/content/players/pro/akihito-yamada.md
pro,山田 裕介,"university,country",src/content/players/pro/yusuke-yamada.md
pro,山田 雅也,country,src/content/players/pro/masaya-yamada.md
pro,山田 響,country,src/content/players/pro/yamada-hibiki.md
pro,山田 龍之介,country,src/content/players/pro/ryunosuke-yamada.md
pro,山菅 一史,country,src/content/players/pro/kazufumi-yamasuga.md
pro,岡 大翔,country,src/content/players/pro/hiroto-oka.md
pro,岡 新之助タフォキタウ,country,src/content/players/pro/shinnosuke-tafokitau-oka.md
pro,岡崎 航大,country,src/content/players/pro/kodai-okazaki.md
pro,岡崎 颯馬,country,src/content/players/pro/soma-okazaki.md
pro,岡本 慎太郎,country,src/content/players/pro/shintaro-okamoto.md
pro,岡本 泰斉,country,src/content/players/pro/taisei-okamoto.md
pro,岡村 優太,country,src/content/players/pro/yuta-okamura.md
pro,岡村 晃司,country,src/content/players/pro/koji-okamura.md
pro,岡田 一平,country,src/content/players/pro/ippei-okada.md
pro,岡田 優輝,country,src/content/players/pro/yuki-okada.md
pro,岡部 崇人,country,src/content/players/pro/takato-okabe.md
pro,岡野 喬吾,country,src/content/players/pro/kyogo-okano.md
pro,岩上 龍,country,src/content/players/pro/ryo-iwakami.md
pro,岩下 丈一郎,country,src/content/players/pro/joichiro-iwashita.md
pro,岩井 陸,country,src/content/players/pro/riku-iwai.md
pro,岩本 圭伸,country,src/content/players/pro/keishin-iwamoto.md
pro,岩村 昂太,country,src/content/players/pro/kota-iwamura.md
pro,岩永 健太郎,country,src/content/players/pro/kentaro-iwanaga.md
pro,岩渕 誠,country,src/content/players/pro/makoto-iwafuchi.md
pro,岸 佑融,country,src/content/players/pro/yusuke-kishi.md
pro,岸岡 智樹,country,src/content/players/pro/tomoki-kishioka.md
pro,島根 一磨,country,src/content/players/pro/kazuma-shimane.md
pro,島田 久満,country,src/content/players/pro/hisamitsu-shimada.md
pro,島田 悠平,country,src/content/players/pro/yuhei-shimada.md
pro,崎野 諒太,country,src/content/players/pro/ryota-sakino.md
pro,川上 剛右,country,src/content/players/pro/gosuke-kawakami.md
pro,川崎 太雅,country,src/content/players/pro/taiga-kawasaki.md
pro,川崎 清純,country,src/content/players/pro/seijun-kawasaki.md
pro,川村 祐太,country,src/content/players/pro/yuta-kawamura.md
pro,川瀬 大輝,country,src/content/players/pro/hiroki-kawase.md
pro,川瀬 悠河,country,src/content/players/pro/yuga-kawase.md
pro,市川 敬太,country,src/content/players/pro/keita-ichikawa.md
pro,布巻 峻介,country,src/content/players/pro/shunsuke-nunomaki.md
pro,平井 半次郎,country,src/content/players/pro/hanjiro-hirai.md
pro,平井 将太郎,country,src/content/players/pro/shotaro-hirai.md
pro,平井 建多,country,src/content/players/pro/kenta-hirai.md
pro,平山 真也,country,src/content/players/pro/shinnya-hirayama.md
pro,平川 隼也,country,src/content/players/pro/toshiya-hirakawa.md
pro,平沼 泰成,country,src/content/players/pro/taisei-hiranuma.md
pro,平生 翔大,country,src/content/players/pro/shodai-hirao.md
pro,平石 颯,country,src/content/players/pro/hayate-hiraishi.md
pro,平野 叶翔,country,src/content/players/pro/kanato-hirano.md
pro,平野 叶苑,country,src/content/players/pro/kaen-hirano.md
pro,平野 翔平,country,src/content/players/pro/shohei-hirano.md
pro,広瀬 龍二,country,src/content/players/pro/ryuji-hirose.md
pro,庄司 拓馬,country,src/content/players/pro/takuma-shoji.md
pro,床田 淳貴,country,src/content/players/pro/jyunki-tokota.md
pro,床田 聖悟,country,src/content/players/pro/shogo-tokota.md
pro,庭井 祐輔,country,src/content/players/pro/yusuke-niwai.md
pro,廣瀬 雄也,country,src/content/players/pro/yuya-hirose.md
pro,延原 秀飛,country,src/content/players/pro/shuto-nobuhara.md
pro,延田 朋樹,country,src/content/players/pro/tomoki-nobeta.md
pro,彦坂 圭克,country,src/content/players/pro/yoshikatsu-hikosaka.md
pro,後藤 大,country,src/content/players/pro/dai-goto.md
pro,後藤 輝也,country,src/content/players/pro/teruya-goto.md
pro,徳永 一斗,country,src/content/players/pro/kazuto-tokunaga.md
pro,徳永 優太,country,src/content/players/pro/yuta-tokunaga.md
pro,徳永 祥尭,country,src/content/players/pro/yoshitaka-tokunaga.md
pro,徳田 健太,country,src/content/players/pro/kenta-tokuda.md
pro,徳田 悠人,country,src/content/players/pro/yuto-tokuda.md
pro,徳重 元気,country,src/content/players/pro/genki-tokushige.md
pro,志村 太基,country,src/content/players/pro/daiki-shimura.md
pro,忽那 鐘太,country,src/content/players/pro/shota-kutsuna.md
pro,成田 悠祥,country,src/content/players/pro/yusyo-narita.md
pro,戸野部 謙,country,src/content/players/pro/ken-tonobe.md
pro,才田 智,country,src/content/players/pro/satoshi-saita.md
pro,押川 敦治,country,src/content/players/pro/atsushi-oshikawa.md
pro,指田 宗孝,country,src/content/players/pro/munetaka-sashida.md
pro,文 裕徹,country,src/content/players/pro/yuchol-mun.md
pro,斉藤 大智,country,src/content/players/pro/daichi-saito.md
pro,新和田 錬,country,src/content/players/pro/ren-shinwada.md
pro,新野 翼,country,src/content/players/pro/tsubasa-shinno.md
pro,日吉 健,country,src/content/players/pro/ken-hiyoshi.md
pro,日和佐 篤,country,src/content/players/pro/atsushi-hiwasa.md
pro,日野 剛志,country,src/content/players/pro/takeshi-hino.md
pro,日野 芳輝,country,src/content/players/pro/yoshiteru-hino.md
pro,日高 駿,country,src/content/players/pro/suguru-hidaka.md
pro,早田 健二,country,src/content/players/pro/kenji-hayata.md
pro,星野 克之,country,src/content/players/pro/katsuyuki-hoshino.md
pro,普久原 琉,country,src/content/players/pro/ryu-fukuhara.md
pro,曽根 隆慎,country,src/content/players/pro/ryushin-sone.md
pro,有藤 孔次朗,country,src/content/players/pro/kojiro-arito.md
pro,服部 航大,country,src/content/players/pro/kouki-hattori.md
pro,服部 莞太,country,src/content/players/pro/kanta-hattori.md
pro,朝倉 一稀,country,src/content/players/pro/kazuki-asakura.md
pro,朝長 駿,country,src/content/players/pro/shun-tomonaga.md
pro,木付 丈博,country,src/content/players/pro/takehiro-kitsuki.md
pro,木原 三四郎,country,src/content/players/pro/sanshiro-kihara.md
pro,木原 優作,country,src/content/players/pro/yusaku-kihara.md
pro,木原 音弥,country,src/content/players/pro/otoya-kihara.md
pro,木戸 大士郎,country,src/content/players/pro/taishiro-kido.md
pro,木村 勇大,country,src/content/players/pro/takehiro-kimura.md
pro,木村 圭汰,country,src/content/players/pro/keita-kimura.md
pro,木村 星南,country,src/content/players/pro/sena-kimura.md
pro,木村 朋也,country,src/content/players/pro/tomoya-kimura.md
pro,木津 悠輔,country,src/content/players/pro/yusuke-kizu.md
pro,木田 晴斗,country,src/content/players/pro/haruto-kida.md
pro,末 拓実,country,src/content/players/pro/takumi-sue.md
pro,末永 健雄,country,src/content/players/pro/takeo-suenaga.md
pro,本堂 杏虎,country,src/content/players/pro/hondo-atora.md
pro,本山 佳龍,"university,country",src/content/players/pro/keitatsu-motoyama.md
pro,本山 峻也,country,src/content/players/pro/syunya-motoyama.md
pro,本橋 拓馬,country,src/content/players/pro/takuma-motohashi.md
pro,本田 佳人,country,src/content/players/pro/keito-honda.md
pro,杉下 暢,country,src/content/players/pro/toru-sugishita.md
pro,杉原 立樹,country,src/content/players/pro/riki-sugihara.md
pro,杉原 駿,country,src/content/players/pro/kakeru-sugihara.md
pro,杉山 優平,country,src/content/players/pro/yuhei-sugiyama.md
pro,杉山 祐太,country,src/content/players/pro/yuta-sugiyama.md
pro,杉本 崇馬,country,src/content/players/pro/soma-sugimoto.md
pro,杉本 悠馬,country,src/content/players/pro/yuma-sugimoto.md
pro,杉本 海斗,country,src/content/players/pro/kaito-sugimoto.md
pro,杉本 達郎,country,src/content/players/pro/tatsuro-sugimoto.md
pro,杉森 健太郎,country,src/content/players/pro/kentaro-sugimori.md
pro,杉浦 拓実,country,src/content/players/pro/takumi-sugiura.md
pro,李 修平,country,src/content/players/pro/soopyung-lee.md
pro,李 優河,country,src/content/players/pro/uha-lee.md
pro,李 承信,"university,country",src/content/players/pro/seungsin-lee.md
pro,李 承爀,country,src/content/players/pro/seunghyok-lee.md
pro,李 淳也,country,src/content/players/pro/junya-lee.md
pro,李 淳弘,country,src/content/players/pro/soonhong-lee.md
pro,李 錦寿,country,src/content/players/pro/kumsu-lee.md
pro,村上 翔梧,country,src/content/players/pro/shogo-murakami.md
pro,村上 陽平,country,src/content/players/pro/yohei-murakami.md
pro,村川 浩喜,country,src/content/players/pro/hiroki-murakawa.md
pro,村田 オスカロイド,country,src/content/players/pro/osukalloyd-murata.md
pro,村田 和志,country,src/content/players/pro/kazushi-murata.md
pro,村田 陣悟,country,src/content/players/pro/jingo-murata.md
pro,村田 龍寿,country,src/content/players/pro/ryuuju-murata.md
pro,東 将吾,country,src/content/players/pro/syougo-azuma.md
pro,東 海隼,country,src/content/players/pro/kaishun-azuma.md
pro,東川 寛史,country,src/content/players/pro/hirofumi-higashikawa.md
pro,東海林 拓実,country,src/content/players/pro/takumi-tokairin.md
pro,東郷 太朗丸,country,src/content/players/pro/taroma-togo.md
pro,松下 彰吾,country,src/content/players/pro/shogo-matsushita.md
pro,松下 怜央,country,src/content/players/pro/reo-matsushita.md
pro,松下 潤一郎,country,src/content/players/pro/junichiro-matsushita.md
pro,松井 千士,country,src/content/players/pro/chihito-matsui.md
pro,松土 治樹,country,src/content/players/pro/haruki-matsudo.md
pro,松尾 将太郎,country,src/content/players/pro/syoutarou-matsuo.md
pro,松尾 磨人,country,src/content/players/pro/maito-matsuo.md
pro,松山 千大,country,src/content/players/pro/chihiro-matsuyama.md
pro,松山 青,country,src/content/players/pro/sei-matsuyama.md
pro,松岡 大和,country,src/content/players/pro/yamato-matsuoka.md
pro,松岡 大河,country,src/content/players/pro/taiga-matsuoka.md
pro,松岡 将大,country,src/content/players/pro/shota-matsuoka.md
pro,松岡 祐斗,country,src/content/players/pro/yuto-matsuoka.md
pro,松岡 賢太,country,src/content/players/pro/kenta-matsuoka.md
pro,松島 幸太朗,"university,country",src/content/players/pro/kotaro-matsushima.md
pro,松島 聡,country,src/content/players/pro/so-matsushima.md
pro,松本 光貴,country,src/content/players/pro/kohki-matsumoto.md
pro,松本 壮馬,country,src/content/players/pro/soma-matsumoto.md
pro,松本 純弥,country,src/content/players/pro/junya-matsumoto.md
pro,松橋 周平,country,src/content/players/pro/shuhei-matsuhashi.md
pro,松永 壮太朗,country,src/content/players/pro/sotaro-matsunaga.md
pro,松永 拓朗,country,src/content/players/pro/takuro-matsunaga.md
pro,松永 浩平,country,src/content/players/pro/kohei-matsunaga.md
pro,松永 貫汰,country,src/content/players/pro/kanta-matsunaga.md
pro,松浦 康一,country,src/content/players/pro/koichi-matsuura.md
pro,松浦 祐太,country,src/content/players/pro/yuta-matsuura.md
pro,松澤 駿平,country,src/content/players/pro/shumpei-matsuzawa.md
pro,松田 一真,country,src/content/players/pro/kazuma-matsuda.md
pro,松田 力也,country,src/content/players/pro/rikiya-matsuda.md
pro,松田 武蔵,country,src/content/players/pro/musashi-matsuda.md
pro,松田 知恩,"university,country",src/content/players/pro/shion-matsuda.md
pro,松田 進太郎,country,src/content/players/pro/shintaro-matsuda.md
pro,林 琉輝,country,src/content/players/pro/ryuki-hayashi.md
pro,林 辰哉,country,src/content/players/pro/tatsuya-hayashi.md
pro,林 隆広,country,src/content/players/pro/takahiro-hayashi.md
pro,林田 拓朗,country,src/content/players/pro/takuro-hayashida.md
pro,柳田 翔吾,country,src/content/players/pro/shogo-yanagita.md
pro,柴田 玲,"university,country",src/content/players/pro/rei-shibata.md
pro,栗原 由太,country,src/content/players/pro/yuta-kurihara.md
pro,栗原 良多,country,src/content/players/pro/ryota-kuribara.md
pro,栗山 塁,country,src/content/players/pro/rui-kuriyama.md
pro,根塚 洸雅,country,src/content/players/pro/koga-nezuka.md
pro,根塚 聖冴,country,src/content/players/pro/shogo-nezuka.md
pro,桑山 淳生,country,src/content/players/pro/atsuki-kuwayama.md
pro,桑山 聖生,country,src/content/players/pro/toshiki-kuwayama.md
pro,桑田 宗一郎,country,src/content/players/pro/soichiro-kuwata.md
pro,桑野 詠真,country,src/content/players/pro/eishin-kuwano.md
pro,桶谷 宗汰,country,src/content/players/pro/sota-oketani.md
pro,梁 正秀,country,src/content/players/pro/jung-soo-yang.md
pro,梁 正秋,country,src/content/players/pro/jongchu-ryang.md
pro,梁川 賢吉,country,src/content/players/pro/kenkichi-yanagawa.md
pro,梁本 旺義,country,src/content/players/pro/ougi-yanamoto.md
pro,梅本 遥己,country,src/content/players/pro/haruki-umemoto.md
pro,梅村 柊羽,country,src/content/players/pro/shu-umemura.md
pro,梅田 海星,country,src/content/players/pro/kaisei-umeda.md
pro,梶原 拓人,country,src/content/players/pro/takuto-kajiwara.md
pro,梶原 瑛,country,src/content/players/pro/aki-kajihara.md
pro,梶村 祐介,country,src/content/players/pro/yusuke-kajimura.md
pro,森 勇登,country,src/content/players/pro/yuto-mori.md
pro,森 太志,country,src/content/players/pro/futoshi-mori.md
pro,森 駿太,country,src/content/players/pro/shunta-mori.md
pro,森元 一気,country,src/content/players/pro/ikki-morimoto.md
pro,森元 翔紀,country,src/content/players/pro/shoki-morimoto.md
pro,森山 皓太,country,src/content/players/pro/kota-moriyama.md
pro,森山 迅都,country,src/content/players/pro/hayato-moriyama.md
pro,森山 雄太,country,src/content/players/pro/yuta-moriyama.md
pro,森川 由起乙,country,src/content/players/pro/yukio-morikawa.md
pro,森本 潤,country,src/content/players/pro/jun-morimoto.md
pro,森田 政彰,country,src/content/players/pro/masaaki-morita.md
pro,森脇 光,country,src/content/players/pro/hikaru-moriwaki.md
pro,森谷 圭介,"university,country",src/content/players/pro/keisuke-moriya.md
pro,植村 陽彦,country,src/content/players/pro/haruhiko-uemura.md
pro,植田 和磨,country,src/content/players/pro/kazuma-ueda.md
pro,椎名 耀二,country,src/content/players/pro/yoji-shiina.md
pro,榎本 拓真,country,src/content/players/pro/takuma-enomoto.md
pro,槇 瑛人,country,src/content/players/pro/eito-maki.md
pro,横井 隼,country,src/content/players/pro/hayato-yokoi.md
pro,横尾 太一,country,src/content/players/pro/taichi-yokoo.md
pro,横山 伊織,country,src/content/players/pro/iori-yokoyama.md
pro,横山 大輔,country,src/content/players/pro/daisuke-yokoyama.md
pro,横田 大輝,country,src/content/players/pro/daiki-yokota.md
pro,橋本 吾郎,country,src/content/players/pro/goro-hashimoto.md
pro,橋本 大吾,country,src/content/players/pro/daigo-hashimoto.md
pro,橋本 法史,country,src/content/players/pro/norifumi-hashimoto.md
pro,橋本 皓,country,src/content/players/pro/hikaru-hashimoto.md
pro,檀野 友多郎,country,src/content/players/pro/yutaro-danno.md
pro,武井 日向,country,src/content/players/pro/hinata-takei.md
pro,武内 慎,country,src/content/players/pro/shin-takeuchi.md
pro,武田 知大,country,src/content/players/pro/tomohiro-takeda.md
pro,武者 大輔,country,src/content/players/pro/daisuke-musha.md
pro,武藤 ゆらぎ,country,src/content/players/pro/yuragi-muto.md
pro,殿元 政仁,country,src/content/players/pro/masahito-tonomoto.md
pro,水谷 健人,country,src/content/players/pro/kento-mizutani.md
pro,水野 陸,country,src/content/players/pro/riku-mizuno.md
pro,永富 健太郎,country,src/content/players/pro/kentaro-nagatomi.md
pro,永山 大地,country,src/content/players/pro/daichi-nagayama.md
pro,江川 剛人,country,src/content/players/pro/takehito-ekawa.md
pro,江木畠 悠加,country,src/content/players/pro/haruka-egihata.md
pro,江本 洸志,country,src/content/players/pro/koshi-emoto.md
pro,江良 颯,country,src/content/players/pro/hayate-era.md
pro,江藤 良,country,src/content/players/pro/ryo-eto.md
pro,江見 翔太,country,src/content/players/pro/shota-emi.md
pro,江里口 真弘,country,src/content/players/pro/masahiro-eriguchi.md
pro,池戸 将太郎,country,src/content/players/pro/shotaro-ikedo.md
pro,池村 冬紀,country,src/content/players/pro/kazuki-ikemura.md
pro,池永 玄太郎,country,src/content/players/pro/gentaro-ikenaga.md
pro,池澤 佑尽,country,src/content/players/pro/yujin-ikezawa.md
pro,池田 悠希,country,src/content/players/pro/yuki-ikeda.md
pro,沢村 舜,country,src/content/players/pro/shun-sawamura.md
pro,河井 優,country,src/content/players/pro/yu-kawai.md
pro,河井 祐樹,country,src/content/players/pro/yuki-kawai.md
pro,河嶋 凜太郎,country,src/content/players/pro/rintaro-kawasima.md
pro,河村 謙尚,country,src/content/players/pro/kensho-kawamura.md
pro,河瀬 諒介,country,src/content/players/pro/ryosuke-kawase.md
pro,河田 和大,country,src/content/players/pro/kazuhiro-kawata.md
pro,河野 友希,country,src/content/players/pro/yuuki-kouno.md
pro,河野 大地,country,src/content/players/pro/daichi-kono.md
pro,河野 翼,country,src/content/players/pro/tsubasa-kono.md
pro,河野 良太,country,src/content/players/pro/ryota-kono.md
pro,泉谷 尚輝,country,src/content/players/pro/naoki-izutani.md
pro,津嘉山 廉人,country,src/content/players/pro/rento-tsukayama.md
pro,津志田 卓哉,country,src/content/players/pro/takuya-tsushida.md
pro,津村 大志,country,src/content/players/pro/taishi-tsumura.md
pro,流 大,country,src/content/players/pro/yutaka-nagare.md
pro,浅井 佑輝,country,src/content/players/pro/yuki-asai.md
pro,浅見 亮太郎,country,src/content/players/pro/ryotaro-asami.md
pro,浜野 達也,country,src/content/players/pro/tatsuya-hamano.md
pro,海士 広大,country,src/content/players/pro/kota-kaishi.md
pro,深村 亮太,country,src/content/players/pro/ryota-fukamura.md
pro,深澤 翔祐,country,src/content/players/pro/shosuke-fukasawa.md
pro,深田 晋平,country,src/content/players/pro/shimpei-fukada.md
pro,淺岡 俊亮,country,src/content/players/pro/shunsuke-asaoka.md
pro,清水 岳,country,src/content/players/pro/gaku-shimizu.md
pro,清水 良太郎,country,src/content/players/pro/ryoutaro-shimizu.md
pro,渋谷 圭,country,src/content/players/pro/kei-shibuya.md
pro,渡辺 明志,country,src/content/players/pro/meishi-watanabe.md
pro,渡邉 完徒,country,src/content/players/pro/kanto-watanabe.md
pro,渡邉 弐貴,country,src/content/players/pro/soki-watanabe.md
pro,渡邉 隆之,country,src/content/players/pro/takayuki-watanabe.md
pro,渡部 雄大,country,src/content/players/pro/takehiro-watanabe.md
pro,湯本 睦,country,src/content/players/pro/atsushi-yumoto.md
pro,溝渕 元気,country,src/content/players/pro/genki-mizobuchi.md
pro,溝渕 篤司,country,src/content/players/pro/atsushi-mizofuchi.md
pro,澤田 歩武,country,src/content/players/pro/ayumu-sawada.md
pro,濱田 将暉,country,src/content/players/pro/masaki-hamada.md
pro,濱野 隼也,country,src/content/players/pro/shunya-hamano.md
pro,濱野 隼大,"university,country",src/content/players/pro/junta-hamano.md
pro,瀧澤 直,country,src/content/players/pro/sunao-takizawa.md
pro,為房 慶次朗,country,src/content/players/pro/keijiro-tamefusa.md
pro,片倉 康瑛,country,src/content/players/pro/yasuaki-katakura.md
pro,片岡 初音,"university,country",src/content/players/pro/shoon-kataoka.md
pro,片岡 涼亮,country,src/content/players/pro/ryosuke-kataoka.md
pro,牧山 遥登,"university,country",src/content/players/pro/haruto-makiyama.md
pro,牧野 真也,country,src/content/players/pro/masaya-makino.md
pro,牧野内 翔馬,country,src/content/players/pro/shoma-makinouchi.md
pro,猿渡 康雄,country,src/content/players/pro/yasuo-saruwatari.md
pro,猿田 湧,country,src/content/players/pro/yu-saruta.md
pro,玉木 皓盛,country,src/content/players/pro/kousei-tamaki.md
pro,玉永 仁一郎,country,src/content/players/pro/jinichiro-tamanaga.md
pro,玉置 将也,country,src/content/players/pro/masaya-tamaki.md
pro,王 鏡聞,country,src/content/players/pro/kyungmun-wang.md
pro,王野 尚希,country,src/content/players/pro/naoki-ouno.md
pro,田中 健太,country,src/content/players/pro/kenta-tanaka.md
pro,田中 元珠,"university,country",src/content/players/pro/motoki-tanaka.md
pro,田中 利輝,country,src/content/players/pro/riki-tanaka.md
pro,田中 創太郎,country,src/content/players/pro/sotaro-tanaka.md
pro,田中 康平,country,src/content/players/pro/kohei-tanaka.md
pro,田中 真一,country,src/content/players/pro/shinichi-tanaka.md
pro,田中 秀,country,src/content/players/pro/suguru-tanaka.md
pro,田中 雄太郎,country,src/content/players/pro/yutaro-tanaka.md
pro,田中ダウリン ジョウナス,"university,country",src/content/players/pro/jonas-tanaka-dowling.md
pro,田原 慶人,country,src/content/players/pro/keito-tahara.md
pro,田島 貫太郎,country,src/content/players/pro/kantaro-tajima.md
pro,田村 優,country,src/content/players/pro/yu-tamura.md
pro,田村 煕,country,src/content/players/pro/hikaru-tamura.md
pro,田村 魁世,country,src/content/players/pro/kaisei-tamura.md
pro,田森 海音,country,src/content/players/pro/kaito-tamori.md
pro,田畑 凌,country,src/content/players/pro/ryo-tabata.md
pro,田草川 恵,country,src/content/players/pro/kei-takusagawa.md
pro,田辺 雅文,country,src/content/players/pro/masafumi-tanabe.md
pro,甲斐 登生,country,src/content/players/pro/toui-kai.md
pro,畑田 康太朗,country,src/content/players/pro/kotaro-hatada.md
pro,畠中 豪士,country,src/content/players/pro/katsuto-hatanaka.md
pro,畠澤 諭,country,src/content/players/pro/satoshi-hatazawa.md
pro,當眞 慶,country,src/content/players/pro/kei-toma.md
pro,當眞 琢,country,src/content/players/pro/taku-toma.md
pro,當眞 蓮,country,src/content/players/pro/ren-toma.md
pro,登根 大斗,country,src/content/players/pro/daito-tone.md
pro,白井 吾士矛,country,src/content/players/pro/atomu-shirai.md
pro,白坂 佑太,country,src/content/players/pro/yuta-shirasaka.md
pro,白子 雄太郎,country,src/content/players/pro/yutaro-shirako.md
pro,白川 直人,country,src/content/players/pro/naoto-shirakawa.md
pro,白栄 拓也,country,src/content/players/pro/takuya-shirae.md
pro,白濱 弘章,country,src/content/players/pro/hiroaki-shirahama.md
pro,百地 龍之介,country,src/content/players/pro/ryunosuke-momoji.md
pro,盛田 生,country,src/content/players/pro/sho-morita.md
pro,相良 昌彦,country,src/content/players/pro/masahiko-sagara.md
pro,眞壁 照男,country,src/content/players/pro/teruo-makabe.md
pro,眞野 泰地,country,src/content/players/pro/taichi-mano.md
pro,矢富 洋則,country,src/content/players/pro/hironori-yatomi.md
pro,矢野 樹,country,src/content/players/pro/itsuki-yano.md
pro,矢野 裕二郎,country,src/content/players/pro/yujiro-yano.md
pro,知念 優来,country,src/content/players/pro/yura-chinen.md
pro,知念 雄,country,src/content/players/pro/yu-chinen.md
pro,石井 勇輝,country,src/content/players/pro/yuki-ishii.md
pro,石井 智亮,country,src/content/players/pro/tomoaki-ishii.md
pro,石井 清,country,src/content/players/pro/kiyoshi-ishii.md
pro,石井 雄大,country,src/content/players/pro/yudai-ishii.md
pro,石井 魁,country,src/content/players/pro/kai-ishii.md
pro,石垣 航平,country,src/content/players/pro/kohei-ishigaki.md
pro,石塚 勝己,country,src/content/players/pro/katsuki-ishizuka.md
pro,石岡 玲英,country,src/content/players/pro/rei-ishioka.md
pro,石川 槙人,country,src/content/players/pro/makito-ishikawa.md
pro,石本 拓巳,country,src/content/players/pro/takumi-ishimoto.md
pro,石松 大空,country,src/content/players/pro/tomotaka-ishimatsu.md
pro,石橋 尚也,country,src/content/players/pro/naoya-ishibashi.md
pro,石橋 隼,country,src/content/players/pro/hayato-ishibashi.md
pro,石浦 大貴,country,src/content/players/pro/daiki-ishiura.md
pro,石田 一貴,country,src/content/players/pro/kazuki-ishida.md
pro,石田 吉平,country,src/content/players/pro/kippei-ishida.md
pro,石田 大河,country,src/content/players/pro/taiga-ishida.md
pro,石田 楽人,country,src/content/players/pro/gakuto-ishida.md
pro,磯田 泰成,country,src/content/players/pro/yasunari-isoda.md
pro,礒田 凌平,country,src/content/players/pro/ryohei-isoda.md
pro,祝原 涼介,country,src/content/players/pro/ryosuke-iwaihara.md
pro,神座 立樹,country,src/content/players/pro/tatsuki-kanza.md
pro,神田 康生,country,src/content/players/pro/kosei-kanda.md
pro,神田 悠作,country,src/content/players/pro/yusaku-kanda.md
pro,福井 翔,country,src/content/players/pro/sho-fukui.md
pro,福井 翔大,"university,country",src/content/players/pro/shota-fukui.md
pro,福士 萌起,country,src/content/players/pro/moeki-fukushi.md
pro,福山 太陽,country,src/content/players/pro/taiyo-fukuyama.md
pro,福山 竜斗,country,src/content/players/pro/ryuto-fukuyama.md
pro,福本 颯翔,country,src/content/players/pro/hayato-fukumoto.md
pro,福江 仙太郎,country,src/content/players/pro/sentaro-fukue.md
pro,福澤 慎太郎,country,src/content/players/pro/shintaro-fukuzawa.md
pro,福田 健太,country,src/content/players/pro/kenta-fukuda.md
pro,福田 大晟,country,src/content/players/pro/taisei-fukuda.md
pro,福田 陸人,country,src/content/players/pro/rikuto-fukuda.md
pro,福西 隼杜,country,src/content/players/pro/hayato-fukunishi.md
pro,秋山 大地,country,src/content/players/pro/daichi-akiyama.md
pro,秋濱 悠太,country,src/content/players/pro/yuta-akihama.md
pro,稲垣 啓太,country,src/content/players/pro/keita-inagaki.md
pro,稲場 巧,country,src/content/players/pro/takumi-inaba.md
pro,稲葉 聖馬,country,src/content/players/pro/seima-inaba.md
pro,立川 理道,country,src/content/players/pro/harumichi-tatekawa.md
pro,立川 直道,country,src/content/players/pro/naomichi-tatekawa.md
pro,竹ノ内 駿太,country,src/content/players/pro/shunta-takenouchi.md
pro,竹下 拓己,country,src/content/players/pro/takumi-takeshita.md
pro,竹中 太一,country,src/content/players/pro/taichi-takenaka.md
pro,竹内 嘉章,country,src/content/players/pro/yoshiaki-takeuchi.md
pro,竹内 柊平,country,src/content/players/pro/shuhei-takeuchi.md
pro,竹山 晃暉,country,src/content/players/pro/koki-takeyama.md
pro,竹澤 正祥,country,src/content/players/pro/masayoshi-takezawa.md
pro,竹田 宜純,country,src/content/players/pro/yoshizumi-takeda.md
pro,竹部 力,country,src/content/players/pro/riki-takebe.md
pro,笹岡 海斗,country,src/content/players/pro/kaito-sasaoka.md
pro,笹川 大五,country,src/content/players/pro/daigo-sasagawa.md
pro,筒口 允之,country,src/content/players/pro/makoto-tsutsuguchi.md
pro,箸本 龍雅,country,src/content/players/pro/ryuga-hashimoto.md
pro,篭島 優輝,country,src/content/players/pro/yuki-kagoshima.md
pro,紙森 陽太,country,src/content/players/pro/yota-kamimori.md
pro,細元 亮,country,src/content/players/pro/ryo-hosomoto.md
pro,細木 康太郎,country,src/content/players/pro/kotaro-hosoki.md
pro,細矢 一颯,country,src/content/players/pro/issa-hosoya.md
pro,細矢 聖樹,country,src/content/players/pro/sena-hosoya.md
pro,細野 裕一朗,country,src/content/players/pro/yuichiro-hosono.md
pro,繁松 哲大,country,src/content/players/pro/tetta-shigematsu.md
pro,肘井 大輔,country,src/content/players/pro/daisuke-hijii.md
pro,肥田 晃季,country,src/content/players/pro/koki-hida.md
pro,臼井 礼二朗,country,src/content/players/pro/reijiro-usui.md
pro,臼田 湧人,country,src/content/players/pro/yuto-usuda.md
pro,舟橋 諒将,country,src/content/players/pro/ryosuke-funahashi.md
pro,船曳 涼太,country,src/content/players/pro/ryota-funabiki.md
pro,船木 頌介,country,src/content/players/pro/shosuke-funaki.md
pro,芦田 朋輝,country,src/content/players/pro/tomoki-ashida.md
pro,花田 広樹,country,src/content/players/pro/hiroki-hanada.md
pro,茂原 隆由,country,src/content/players/pro/takayoshi-mohara.md
pro,茂野 海人,country,src/content/players/pro/kaito-shigeno.md
pro,荒井 康植,country,src/content/players/pro/kouki-arai.md
pro,荒井 翼,country,src/content/players/pro/tsubasa-arai.md
pro,荒牧 佑輔,country,src/content/players/pro/yusuke-aramaki.md
pro,荻田 直弥,country,src/content/players/pro/naoya-ogita.md
pro,菅原 崇聖,country,src/content/players/pro/takatoshi-sugawara.md
pro,菅原 海人,country,src/content/players/pro/kaito-sugahara.md
pro,菅原 貴人,country,src/content/players/pro/takahito-sugahara.md
pro,菅沼 神兵,country,src/content/players/pro/shinpei-suganuma.md
pro,菊本 有真,country,src/content/players/pro/yuma-kikumoto.md
pro,菊田 圭佑,country,src/content/players/pro/keisuke-kikuta.md
pro,萩原 周,country,src/content/players/pro/shu-hagihara.md
pro,萩原 蓮,country,src/content/players/pro/ren-hagiwara.md
pro,落 和史,country,src/content/players/pro/kazushi-ochi.md
pro,葛西 翔太,country,src/content/players/pro/shota-kasai.md
pro,葛見 達哉,country,src/content/players/pro/tatsuya-kuzumi.md
pro,蔡 唯志,country,src/content/players/pro/yuji-chae.md
pro,藤井 健太郎,country,src/content/players/pro/kentarou-fujii.md
pro,藤井 大喜,country,src/content/players/pro/taiki-fujii.md
pro,藤井 慎太郎,country,src/content/players/pro/shintaro-fujii.md
pro,藤井 拓海,country,src/content/players/pro/takumi-fujii.md
pro,藤井 樹,country,src/content/players/pro/itsuki-fujii.md
pro,藤井 達哉,country,src/content/players/pro/tatsuya-fujii.md
pro,藤倉 大介,country,src/content/players/pro/daisuke-fujikura.md
pro,藤原 忍,country,src/content/players/pro/shinobu-fujiwara.md
pro,藤原 恵太,country,src/content/players/pro/keita-fujiwara.md
pro,藤原 竜之丞,country,src/content/players/pro/ryunosuke-fujiwara.md
pro,藤岡 竜也,country,src/content/players/pro/tatsuya-fujioka.md
pro,藤村 琉士,country,src/content/players/pro/ryuji-fujimura.md
pro,藤浪 輝人,country,src/content/players/pro/akito-fujinami.md
pro,藤田 幹太,country,src/content/players/pro/kanta-fujita.md
pro,藤田 達成,country,src/content/players/pro/tatsunari-fujita.md
pro,藤野 佑磨,country,src/content/players/pro/yuma-fujino.md
pro,蜂谷 元紹,country,src/content/players/pro/mototsugu-hachiya.md
pro,西 和磨,country,src/content/players/pro/kazuma-nishi.md
pro,西 浩斗,country,src/content/players/pro/hiroto-nishi.md
pro,西川 大輔,country,src/content/players/pro/daisuke-nishikawa.md
pro,西川 太郎,country,src/content/players/pro/taro-nishikawa.md
pro,西川 賢哉,country,src/content/players/pro/kenya-nishikawa.md
pro,西村 雄大,country,src/content/players/pro/takehiro-nishimura.md
pro,西村 龍馬,country,src/content/players/pro/ryoma-nishimura.md
pro,西林 勇登,country,src/content/players/pro/hayato-nishibayashi.md
pro,西浦 洋祐,country,src/content/players/pro/yosuke-nishiura.md
pro,西濱 悠太,country,src/content/players/pro/yuta-nishihama.md
pro,西端 玄汰,country,src/content/players/pro/genta-nishibata.md
pro,西野 拓真,country,src/content/players/pro/takuma-nishino.md
pro,谷 峻輔,country,src/content/players/pro/shunsuke-tani.md
pro,谷中 廉,country,src/content/players/pro/ren-taninaka.md
pro,谷中 樹平,country,src/content/players/pro/kippei-taninaka.md
pro,谷口 和洋,country,src/content/players/pro/kazuhiro-taniguchi.md
pro,谷口 宜顕,country,src/content/players/pro/yoshiaki-taniguchi.md
pro,谷口 永遠,country,src/content/players/pro/towa-taniguchi.md
pro,谷口 祐一郎,country,src/content/players/pro/yuichiro-taniguchi.md
pro,谷名 樹,country,src/content/players/pro/tatsuki-tanina.md
pro,谷山 隼大,country,src/content/players/pro/hayata-taniyama.md
pro,谷川 和,country,src/content/players/pro/yamato-tanigawa.md
pro,豊島 翔平,country,src/content/players/pro/shohei-toyoshima.md
pro,豊永 慎之佑,country,src/content/players/pro/shinnosuke-toyonaga.md
pro,赤迫 幸知,country,src/content/players/pro/yukito-akasako.md
pro,趙 誠悠,country,src/content/players/pro/songyu-cho.md
pro,足立 友哉,"university,country",src/content/players/pro/tomoya-adachi.md
pro,辻岡 優希,country,src/content/players/pro/yuki-tsujioka.md
pro,辻村 翔平,country,src/content/players/pro/shohei-tsujimura.md
pro,辻野 隼大,country,src/content/players/pro/hayata-tsujino.md
pro,近藤 翔耶,country,src/content/players/pro/towa-kondo.md
pro,遠藤 孝一,country,src/content/players/pro/koichi-endo.md
pro,郡司 健吾,country,src/content/players/pro/kengo-gunji.md
pro,郭 玟慶,country,src/content/players/pro/bunkei-kaku.md
pro,鄭 兆毅,country,src/content/players/pro/cheng-chao-yi.md
pro,酒木 凜平,country,src/content/players/pro/rinpei-sakaki.md
pro,重 一生,country,src/content/players/pro/issei-shige.md
pro,重 海人,country,src/content/players/pro/kaito-shige.md
pro,重信 滉史郎,country,src/content/players/pro/koushiro-shigenobu.md
pro,野ザキ,country,src/content/players/pro/iori-nozaki.md
pro,野中 翔平,country,src/content/players/pro/shohei-nonaka.md
pro,野口 大貴,country,src/content/players/pro/taiki-noguchi.md
pro,野口 大輔,country,src/content/players/pro/daisuke-noguchi.md
pro,野口 宜裕,country,src/content/players/pro/yoshihiro-noguchi.md
pro,野口 幹太,country,src/content/players/pro/kanta-noguchi.md
pro,野口 竜司,country,src/content/players/pro/ryuji-noguchi.md
pro,野口 順平,country,src/content/players/pro/junpei-noguchi.md
pro,野村 三四郎,country,src/content/players/pro/sanshiro-nomura.md
pro,野田 海生,country,src/content/players/pro/kaiha-noda.md
pro,野田 涼太,country,src/content/players/pro/ryota-noda.md
pro,野田 響,country,src/content/players/pro/hibiki-noda.md
pro,野田 麟太郎,country,src/content/players/pro/rintarou-noda.md
pro,金 侑悟,country,src/content/players/pro/yuo-kim.md
pro,金 勇哲,country,src/content/players/pro/yongchol-kim.md
pro,金 勇輝,country,src/content/players/pro/yonhi-kim.md
pro,金 嶺志,country,src/content/players/pro/ryong-ji-kim.md
pro,金 廉,country,src/content/players/pro/ryom-kim.md
pro,金 昂平,country,src/content/players/pro/anpyon-kim.md
pro,金 智成,country,src/content/players/pro/chisonn-kinn.md
pro,金 正奎,country,src/content/players/pro/shokei-kin.md
pro,金 秀隆,country,src/content/players/pro/kim-suryung.md
pro,金丸 勇人,country,src/content/players/pro/hayato-kanamaru.md
pro,金井 大雪,country,src/content/players/pro/taisetsu-kanai.md
pro,金堂 眞弥,country,src/content/players/pro/masaya-kanado.md
pro,金子 元紀,country,src/content/players/pro/motoki-kaneko.md
pro,金子 惠一,country,src/content/players/pro/keiichi-kaneko.md
pro,金子 琉聖,country,src/content/players/pro/ryusei-kaneko.md
pro,金山 修真,country,src/content/players/pro/shuma-kanayama.md
pro,金山 忠次,country,src/content/players/pro/tadatsugu-kanayama.md
pro,金村 拓耶,country,src/content/players/pro/takuya-kanemura.md
pro,金築 達也,country,src/content/players/pro/tatsuya-kanetsuki.md
pro,鈴木 伊織,country,src/content/players/pro/iori-suzuki.md
pro,鈴木 匠,country,src/content/players/pro/takumi-suzuki.md
pro,鈴木 雄海,country,src/content/players/pro/yuga-suzuki.md
pro,鈴木 龍,country,src/content/players/pro/ryu-suzuki.md
pro,鍋島 秀源,country,src/content/players/pro/hidetomo-nabeshima.md
pro,鎌田 慎平,country,src/content/players/pro/shimpei-kamata.md
pro,長田 将大,country,src/content/players/pro/shodai-osada.md
pro,長田 智希,country,src/content/players/pro/tomoki-osada.md
pro,長谷 銀次朗,country,src/content/players/pro/ginjiro-hase.md
pro,長谷川 寛太,country,src/content/players/pro/kanta-hasegawa.md
pro,長谷川 崚太,country,src/content/players/pro/ryota-hasegawa.md
pro,長谷川 毅,country,src/content/players/pro/tsuyoshi-hasegawa.md
pro,阿部 竜二,country,src/content/players/pro/ryuji-abe.md
pro,陣内 源斗,country,src/content/players/pro/minato-jinnouchi.md
pro,雲山 弘貴,country,src/content/players/pro/hiroki-kumoyama.md
pro,青木 恵斗,country,src/content/players/pro/keito-aoki.md
pro,青木 拓己,country,src/content/players/pro/takumi-aoki.md
pro,青木 智成,country,src/content/players/pro/tomonari-aoki.md
pro,青木 祐樹,country,src/content/players/pro/yuki-aoki.md
pro,青柳,country,src/content/players/pro/ryunosuke-aoyagi.md
pro,青柳 魁,country,src/content/players/pro/suguru-aoyagi.md
pro,須藤 元樹,country,src/content/players/pro/genki-sudou.md
pro,須藤 拓真,country,src/content/players/pro/takuma-suto.md
pro,飯沼 蓮,country,src/content/players/pro/ren-iinuma.md
pro,飯田 光紀,country,src/content/players/pro/koki-iida.md
pro,飯野 晃司,country,src/content/players/pro/koji-iino.md
pro,香川 凜人,country,src/content/players/pro/rinto-kagawa.md
pro,高,country,src/content/players/pro/kenshin-takada.md
pro,高,country,src/content/players/pro/naoki-takaya.md
pro,高,country,src/content/players/pro/fugo-takada.md
pro,高井 優志,country,src/content/players/pro/yushi-takai.md
pro,高井 翔太,country,src/content/players/pro/shota-takai.md
pro,高井 良成,country,src/content/players/pro/ryosei-takai.md
pro,高井 迪郎,country,src/content/players/pro/michiro-takai.md
pro,高城 勝一,country,src/content/players/pro/shoichi-takagi.md
pro,高城 喜一,country,src/content/players/pro/kiichi-takagi.md
pro,高尾 時流,country,src/content/players/pro/shigure-takao.md
pro,高居 海靖,country,src/content/players/pro/kaisei-takai.md
pro,高島 來亜,"university,country",src/content/players/pro/raia-takashima.md
pro,高木 一成,country,src/content/players/pro/kazunari-takagi.md
pro,高本 とむ,country,src/content/players/pro/tomu-takamoto.md
pro,高本 幹也,country,src/content/players/pro/mikiya-takamoto.md
pro,高橋 信之,"university,country",src/content/players/pro/nobuhisa-takahashi.md
pro,高橋 在人,country,src/content/players/pro/arito-takahashi.md
pro,高橋 広大,country,src/content/players/pro/kodai-takahashi.md
pro,高橋 敏也,country,src/content/players/pro/toshiya-takahashi.md
pro,高橋 昴平,country,src/content/players/pro/kohei-takahashi.md
pro,高橋 汰地,country,src/content/players/pro/taichi-takahashi.md
pro,高橋 璃玖,country,src/content/players/pro/riku-takahashi.md
pro,高橋 虎太郎,country,src/content/players/pro/kotaro-takahashi.md
pro,高橋 裕司,country,src/content/players/pro/yuji-takahashi.md
pro,高橋 陽大,"university,country",src/content/players/pro/haruto-takahashi.md
pro,高橋 香成,country,src/content/players/pro/kanaru-takahashi.md
pro,高見 修太,country,src/content/players/pro/syuuta-takami.md
pro,高野 恭二,country,src/content/players/pro/kyoji-takano.md
pro,高野 蓮,country,src/content/players/pro/ren-takano.md
pro,鳥越 空,country,src/content/players/pro/sora-torigoe.md
pro,鳥飼 誠,country,src/content/players/pro/makoto-torikai.md
pro,鵜野 凪斗,"university,country",src/content/players/pro/nagito-uno.md
pro,鶴川 達彦,country,src/content/players/pro/tatsuhiko-tsurukawa.md
pro,鶴田 馨,country,src/content/players/pro/kaoru-tsuruta.md
pro,鶴谷 昌隆,country,src/content/players/pro/masataka-tsuruya.md
pro,鷲谷 太希,country,src/content/players/pro/taiki-washiya.md
pro,鹿子島 良輔,country,src/content/players/pro/ryosuke-kagoshima.md
pro,麻生 典宏,country,src/content/players/pro/norihiro-aso.md
pro,麻生 尚宏,country,src/content/players/pro/naohiro-aso.md
pro,黄 世邏,country,src/content/players/pro/sena-hwang.md
pro,黒川 ラフィ,country,src/content/players/pro/rafi-kurokawa.md
pro,齊藤 剛希,country,src/content/players/pro/goki-saito.md
pro,齊藤 大朗,country,src/content/players/pro/hiroaki-saito.md
pro,齊藤 誉哉,country,src/content/players/pro/takaya-saito.md
pro,齊藤 遼太,country,src/content/players/pro/ryota-saito.md
pro,齊藤 遼太郎,country,src/content/players/pro/ryotaro-saito.md
pro,齋藤 史哉,country,src/content/players/pro/fumiya-saito.md
pro,齋藤 弘毅,country,src/content/players/pro/koki-saito.md
pro,齋藤 聡汰,country,src/content/players/pro/sota-saito.md
pro,齋藤 良明慈縁,country,src/content/players/pro/lamin-dieng-saito.md
pro,龍野 光太朗,country,src/content/players/pro/kotaro-tstsuno.md
top-east,ウィルタッカー,"position,high_school,country",src/content/players/top-east/player-95c42d44.md
top-east,グレンバイフ,"position,high_school,country",src/content/players/top-east/player-8aafb830.md
top-east,シオネトゥイプロトゥ,"position,high_school,country",src/content/players/top-east/player-d79e4843.md
top-east,タモウアシアレパウラ,"position,country",src/content/players/top-east/player-fec5b6ff.md
top-east,ダアンジャロアスイ,"position,high_school,country",src/content/players/top-east/player-2d95a6ad.md
top-east,テビタポレオ,"position,country",src/content/players/top-east/player-5f60b7f2.md
top-east,フレッチャースミス,"position,high_school,country",src/content/players/top-east/player-91f3970b.md
top-east,リコサイム,"position,high_school,country",src/content/players/top-east/player-45431dae.md
top-east,一歩,"position,height,weight,birth_date,age,university,high_school,country",src/content/players/top-east/player-9a6ce348.md
top-east,三宅紀仁,"position,high_school,country",src/content/players/top-east/player-300037cb.md
top-east,五十嵐優,"position,country",src/content/players/top-east/player-85ad92bf.md
top-east,亮太,"position,height,weight,birth_date,age,university,high_school,country",src/content/players/top-east/player-61b10a6d.md
top-east,倉掛湧生,"position,country",src/content/players/top-east/player-135b64c2.md
top-east,前田竜斗,"position,country",src/content/players/top-east/player-c6b9c2f7.md
top-east,勧,"position,height,weight,birth_date,age,university,high_school,country",src/content/players/top-east/player-f2f7ccc9.md
top-east,南橋直哉,"position,country",src/content/players/top-east/player-a26e04eb.md
top-east,原田光貴,"position,height,country",src/content/players/top-east/player-c251ee61.md
top-east,和田武将,"position,country",src/content/players/top-east/player-b0b95f79.md
top-east,坂井裕生,"position,country",src/content/players/top-east/player-fce61387.md
top-east,堀井雄登,"position,country",src/content/players/top-east/player-a523ee61.md
top-east,大屋凌雅,"position,country",src/content/players/top-east/player-4e704766.md
top-east,奥原岳人,"position,country",src/content/players/top-east/player-cba32dfd.md
top-east,宇山大成,"position,country",src/content/players/top-east/player-1622d10b.md
top-east,尾白大吉,"position,country",src/content/players/top-east/player-521ba8b8.md
top-east,尾関海斗,"position,country",src/content/players/top-east/player-45255934.md
top-east,川井太貴,"position,country",src/content/players/top-east/player-174e1951.md
top-east,弘史,"position,height,weight,birth_date,age,university,high_school,country",src/content/players/top-east/player-09c49dfa.md
top-east,後藤優大,"position,country",src/content/players/top-east/player-587794b2.md
top-east,拓実,"position,height,weight,birth_date,age,university,high_school,country",src/content/players/top-east/player-f5be55dc.md
top-east,斉藤仁夢,"position,country",src/content/players/top-east/player-9928ee83.md
top-east,新屋快,"position,country",src/content/players/top-east/player-18c59bf0.md
top-east,智,"position,height,weight,birth_date,age,university,high_school,country",src/content/players/top-east/player-0de5c8a5.md
top-east,智行,"position,height,weight,birth_date,age,university,high_school,country",src/content/players/top-east/player-0ac011ce.md
top-east,木津武士,"position,country",src/content/players/top-east/player-b3e2ae3e.md
top-east,東恩納寛太,"position,country",src/content/players/top-east/player-f5c4e7c6.md
top-east,松田大空,"position,country",src/content/players/top-east/player-7385ea1c.md
top-east,林俊輔,"position,country",src/content/players/top-east/player-21650a7f.md
top-east,栄弥,"position,height,weight,birth_date,age,university,high_school,country",src/content/players/top-east/player-e3a68bb2.md
top-east,武仁,"position,height,weight,birth_date,age,university,high_school,country",src/content/players/top-east/player-b7115290.md
top-east,武士,"position,height,weight,birth_date,age,university,high_school,country",src/content/players/top-east/player-13144774.md
top-east,武山達哉,"position,country",src/content/players/top-east/player-9d1d99bc.md
top-east,泰昌,"position,height,weight,birth_date,age,university,high_school,country",src/content/players/top-east/player-6d2875e1.md
top-east,浅野太一,"position,country",src/content/players/top-east/player-d2d6f2ee.md
top-east,浩二,"position,height,weight,birth_date,age,university,high_school,country",src/content/players/top-east/player-2e095e1a.md
top-east,清水麻貴,"position,country",src/content/players/top-east/player-0e75e5d2.md
top-east,田中侑輝,"position,country",src/content/players/top-east/player-e46ecef5.md
top-east,田邉淳之介,"position,country",src/content/players/top-east/player-5eed3a5c.md
top-east,當山恭右,"position,country",src/content/players/top-east/player-67c83677.md
top-east,白川総哲,"position,country",src/content/players/top-east/player-1dda3402.md
top-east,直,"position,height,weight,birth_date,age,university,high_school,country",src/content/players/top-east/player-a4a7888d.md
top-east,眞野拓也,"position,country",src/content/players/top-east/player-035126ba.md
top-east,矢島隼汰,"position,country",src/content/players/top-east/player-c9dc65d1.md
top-east,石水健太,"position,country",src/content/players/top-east/player-dac83aec.md
top-east,神田剛,"position,country",src/content/players/top-east/player-23c626af.md
top-east,福本航太,"position,country",src/content/players/top-east/player-9643d68d.md
top-east,竹下優作,"position,country",src/content/players/top-east/player-a9e77221.md
top-east,美佐,"position,height,weight,birth_date,age,university,high_school,country",src/content/players/top-east/player-5031e2b4.md
top-east,美帆,"position,height,weight,birth_date,age,university,high_school,country",src/content/players/top-east/player-f0be304a.md
top-east,美﨑正次,"position,country",src/content/players/top-east/player-7761e103.md
top-east,臼杵大佑,"position,country",src/content/players/top-east/player-81cac557.md
top-east,舞,"position,height,weight,birth_date,age,university,high_school,country",src/content/players/top-east/player-4a4d83b8.md
top-east,茂範,"position,height,weight,birth_date,age,university,high_school,country",src/content/players/top-east/player-11e7c4fe.md
top-east,荒牧太陽,"position,country",src/content/players/top-east/player-48b22cb3.md
top-east,落合知之,"position,country",src/content/players/top-east/player-4a6a7719.md
top-east,葉月,"position,height,weight,birth_date,age,university,high_school,country",src/content/players/top-east/player-863c0360.md
top-east,藤山裕太朗,"position,country",src/content/players/top-east/player-ce3dbf72.md
top-east,藤田慶和,"position,country",src/content/players/top-east/player-728de328.md
top-east,藤高将,"position,country",src/content/players/top-east/player-dfb70471.md
top-east,賢人,"position,height,weight,birth_date,age,university,high_school,country",src/content/players/top-east/player-ff269fba.md
top-east,辻時羽,"position,country",src/content/players/top-east/player-979f53f6.md
top-east,金井健雄,"position,country",src/content/players/top-east/player-e18f526a.md
top-east,釜谷慎司,"position,country",src/content/players/top-east/player-a063e184.md
top-east,鈴川琉生,"position,country",src/content/players/top-east/player-cf712e44.md
top-east,鎌田凌,"position,country",src/content/players/top-east/player-2102ceb5.md
top-east,鑓水飛暉也,"position,country",src/content/players/top-east/player-5085907f.md
top-east,隆,"position,height,weight,birth_date,age,university,high_school,country",src/content/players/top-east/player-901775dd.md
top-east,高岸尚正,"position,country",src/content/players/top-east/player-f2882afb.md
top-east,鹿尾貫太,"position,country",src/content/players/top-east/player-0ff0f2d0.md
top-kyushu,下條裕太,"birth_date,high_school,country",src/content/players/top-kyushu/下條裕太.md
top-kyushu,中井駿,"birth_date,high_school,country",src/content/players/top-kyushu/中井駿.md
top-kyushu,中尾勇太,"birth_date,high_school,country",src/content/players/top-kyushu/中尾勇太.md
top-kyushu,中島佑維人,"birth_date,high_school,country",src/content/players/top-kyushu/中島佑維人.md
top-kyushu,中川響希,"birth_date,high_school,country",src/content/players/top-kyushu/中川響希.md
top-kyushu,中村大亮,"birth_date,high_school,country",src/content/players/top-kyushu/中村大亮.md
top-kyushu,中村太一,"birth_date,high_school,country",src/content/players/top-kyushu/中村太一.md
top-kyushu,中村拓真,"birth_date,high_school,country",src/content/players/top-kyushu/中村拓真.md
top-kyushu,中村清伸,"birth_date,high_school,country",src/content/players/top-kyushu/中村清伸.md
top-kyushu,中村誠一,"birth_date,high_school,country",src/content/players/top-kyushu/中村誠一.md
top-kyushu,中野勝太,"birth_date,high_school,country",src/content/players/top-kyushu/中野勝太.md
top-kyushu,中野雅文,"birth_date,high_school,country",src/content/players/top-kyushu/中野雅文.md
top-kyushu,丸山淳平,"birth_date,high_school,country",src/content/players/top-kyushu/丸山淳平.md
top-kyushu,丹下翔太,"birth_date,high_school,country",src/content/players/top-kyushu/丹下翔太.md
top-kyushu,久保航,"birth_date,high_school,country",src/content/players/top-kyushu/久保航.md
top-kyushu,久保諒,"birth_date,high_school,country",src/content/players/top-kyushu/久保諒.md
top-kyushu,亀元貫地,"birth_date,high_school,country",src/content/players/top-kyushu/亀元貫地.md
top-kyushu,井上尚馬,"birth_date,high_school,country",src/content/players/top-kyushu/井上尚馬.md
top-kyushu,井上旭,"birth_date,high_school,country",src/content/players/top-kyushu/井上旭.md
top-kyushu,井上雄太,"birth_date,high_school,country",src/content/players/top-kyushu/井上雄太.md
top-kyushu,今住拳矢郎,"birth_date,high_school,country",src/content/players/top-kyushu/今住拳矢郎.md
top-kyushu,今川宗一郎,"birth_date,high_school,country",src/content/players/top-kyushu/今川宗一郎.md
top-kyushu,今村元気,"birth_date,high_school,country",src/content/players/top-kyushu/今村元気.md
top-kyushu,今泉仁,"birth_date,high_school,country",src/content/players/top-kyushu/今泉仁.md
top-kyushu,伊藤啓希,"birth_date,high_school,country",src/content/players/top-kyushu/伊藤啓希.md
top-kyushu,伊藤大智,"birth_date,high_school,country",src/content/players/top-kyushu/伊藤大智.md
top-kyushu,佐伯武征,"birth_date,high_school,country",src/content/players/top-kyushu/佐伯武征.md
top-kyushu,佐藤咲人,"birth_date,high_school,country",src/content/players/top-kyushu/佐藤咲人.md
top-kyushu,佐藤慶彦,"birth_date,high_school,country",src/content/players/top-kyushu/佐藤慶彦.md
top-kyushu,依藤隆史,"birth_date,high_school,country",src/content/players/top-kyushu/依藤隆史.md
top-kyushu,光本篤史,"birth_date,high_school,country",src/content/players/top-kyushu/光本篤史.md
top-kyushu,児玉和也,"birth_date,high_school,country",src/content/players/top-kyushu/児玉和也.md
top-kyushu,兒玉隆之介,"birth_date,high_school,country",src/content/players/top-kyushu/兒玉隆之介.md
top-kyushu,内城正哉,"birth_date,high_school,country",src/content/players/top-kyushu/内城正哉.md
top-kyushu,内城秀太,"birth_date,high_school,country",src/content/players/top-kyushu/内城秀太.md
top-kyushu,内山一真,"birth_date,high_school,country",src/content/players/top-kyushu/内山一真.md
top-kyushu,内田彩貴,"birth_date,high_school,country",src/content/players/top-kyushu/内田彩貴.md
top-kyushu,冨松大義,"birth_date,high_school,country",src/content/players/top-kyushu/冨松大義.md
top-kyushu,前田宗一郎,"birth_date,high_school,country",src/content/players/top-kyushu/前田宗一郎.md
top-kyushu,北島誠也,"birth_date,high_school,country",src/content/players/top-kyushu/北島誠也.md
top-kyushu,南部嵩史,"birth_date,high_school,country",src/content/players/top-kyushu/南部嵩史.md
top-kyushu,南里新,"birth_date,high_school,country",src/content/players/top-kyushu/南里新.md
top-kyushu,友枝大智,"birth_date,high_school,country",src/content/players/top-kyushu/友枝大智.md
top-kyushu,古庄俊介,"birth_date,high_school,country",src/content/players/top-kyushu/古庄俊介.md
top-kyushu,吉中悠太郎,"birth_date,high_school,country",src/content/players/top-kyushu/吉中悠太郎.md
top-kyushu,吉永健悟,"birth_date,high_school,country",src/content/players/top-kyushu/吉永健悟.md
top-kyushu,吉永昂生,"birth_date,high_school,country",src/content/players/top-kyushu/吉永昂生.md
top-kyushu,吉永純也,"birth_date,high_school,country",src/content/players/top-kyushu/吉永純也.md
top-kyushu,吉浦大貴,"birth_date,high_school,country",src/content/players/top-kyushu/吉浦大貴.md
top-kyushu,吉瀬潤,"birth_date,high_school,country",src/content/players/top-kyushu/吉瀬潤.md
top-kyushu,吉田将峰,"birth_date,high_school,country",src/content/players/top-kyushu/吉田将峰.md
top-kyushu,吉田聡,"birth_date,high_school,country",src/content/players/top-kyushu/吉田聡.md
top-kyushu,吉窪胤彦,"birth_date,high_school,country",src/content/players/top-kyushu/吉窪胤彦.md
top-kyushu,吉野航平,"birth_date,high_school,country",src/content/players/top-kyushu/吉野航平.md
top-kyushu,吉野誠二郎,"birth_date,high_school,country",src/content/players/top-kyushu/吉野誠二郎.md
top-kyushu,向井太一,"birth_date,high_school,country",src/content/players/top-kyushu/向井太一.md
top-kyushu,図師裕太郎,"birth_date,high_school,country",src/content/players/top-kyushu/図師裕太郎.md
top-kyushu,坂本公平,"birth_date,high_school,country",src/content/players/top-kyushu/坂本公平.md
top-kyushu,坂狩錬,"birth_date,high_school,country",src/content/players/top-kyushu/坂狩錬.md
top-kyushu,城間琉斗,"birth_date,high_school,country",src/content/players/top-kyushu/城間琉斗.md
top-kyushu,堀之内太陽,"birth_date,high_school,country",src/content/players/top-kyushu/堀之内太陽.md
top-kyushu,堀江健太,"birth_date,high_school,country",src/content/players/top-kyushu/堀江健太.md
top-kyushu,堀田健太郎,"birth_date,high_school,country",src/content/players/top-kyushu/堀田健太郎.md
top-kyushu,堂薗幸祐,"birth_date,high_school,country",src/content/players/top-kyushu/堂薗幸祐.md
top-kyushu,大山祐樹,"birth_date,high_school,country",src/content/players/top-kyushu/大山祐樹.md
top-kyushu,大山貴弘,"birth_date,high_school,country",src/content/players/top-kyushu/大山貴弘.md
top-kyushu,大嶋凜太郎,"birth_date,high_school,country",src/content/players/top-kyushu/大嶋凜太郎.md
top-kyushu,大川兼聖,"birth_date,high_school,country",src/content/players/top-kyushu/大川兼聖.md
top-kyushu,奥村英大,"birth_date,high_school,country",src/content/players/top-kyushu/奥村英大.md
top-kyushu,宇宿真悟,"birth_date,high_school,country",src/content/players/top-kyushu/宇宿真悟.md
top-kyushu,安田颯,"birth_date,high_school,country",src/content/players/top-kyushu/安田颯.md
top-kyushu,安藤大一斗,"birth_date,high_school,country",src/content/players/top-kyushu/安藤大一斗.md
top-kyushu,宗白十,"birth_date,high_school,country",src/content/players/top-kyushu/宗白十.md
top-kyushu,宗貞良武,"birth_date,high_school,country",src/content/players/top-kyushu/宗貞良武.md
top-kyushu,宮本郁大,"birth_date,high_school,country",src/content/players/top-kyushu/宮本郁大.md
top-kyushu,宮﨑凪,"birth_date,high_school,country",src/content/players/top-kyushu/宮﨑凪.md
top-kyushu,宮﨑大,"birth_date,high_school,country",src/content/players/top-kyushu/宮﨑大.md
top-kyushu,寺下義人,"birth_date,high_school,country",src/content/players/top-kyushu/寺下義人.md
top-kyushu,寺田哲郎,"birth_date,high_school,country",src/content/players/top-kyushu/寺田哲郎.md
top-kyushu,寺脇大晃,"birth_date,high_school,country",src/content/players/top-kyushu/寺脇大晃.md
top-kyushu,寺﨑大地,"birth_date,high_school,country",src/content/players/top-kyushu/寺﨑大地.md
top-kyushu,小川将永,"birth_date,high_school,country",src/content/players/top-kyushu/小川将永.md
top-kyushu,小材光騎,"birth_date,high_school,country",src/content/players/top-kyushu/小材光騎.md
top-kyushu,小栁和幸,"birth_date,high_school,country",src/content/players/top-kyushu/小栁和幸.md
top-kyushu,小森光太郎,"birth_date,high_school,country",src/content/players/top-kyushu/小森光太郎.md
top-kyushu,小田英明,"birth_date,high_school,country",src/content/players/top-kyushu/小田英明.md
top-kyushu,山下毅,"birth_date,high_school,country",src/content/players/top-kyushu/山下毅.md
top-kyushu,山中太輝,"birth_date,high_school,country",src/content/players/top-kyushu/山中太輝.md
top-kyushu,山口健一郎,"birth_date,high_school,country",src/content/players/top-kyushu/山口健一郎.md
top-kyushu,山口怜央,"birth_date,high_school,country",src/content/players/top-kyushu/山口怜央.md
top-kyushu,山口龍慶,"birth_date,high_school,country",src/content/players/top-kyushu/山口龍慶.md
top-kyushu,山本海斗,"birth_date,high_school,country",src/content/players/top-kyushu/山本海斗.md
top-kyushu,山根颯人,"birth_date,high_school,country",src/content/players/top-kyushu/山根颯人.md
top-kyushu,山浦魁,"birth_date,high_school,country",src/content/players/top-kyushu/山浦魁.md
top-kyushu,山田一輝,"birth_date,high_school,country",src/content/players/top-kyushu/山田一輝.md
top-kyushu,山田賢吾,"birth_date,high_school,country",src/content/players/top-kyushu/山田賢吾.md
top-kyushu,岡本雅望,"birth_date,high_school,country",src/content/players/top-kyushu/岡本雅望.md
top-kyushu,岩下直登,"birth_date,high_school,country",src/content/players/top-kyushu/岩下直登.md
top-kyushu,岩永雄大,"birth_date,high_school,country",src/content/players/top-kyushu/岩永雄大.md
top-kyushu,岩﨑亮裕,"birth_date,high_school,country",src/content/players/top-kyushu/岩﨑亮裕.md
top-kyushu,川添公康,"birth_date,high_school,country",src/content/players/top-kyushu/川添公康.md
top-kyushu,川畑堅太,"birth_date,high_school,country",src/content/players/top-kyushu/川畑堅太.md
top-kyushu,市橋輝,"birth_date,high_school,country",src/content/players/top-kyushu/市橋輝.md
top-kyushu,平井健太,"birth_date,high_school,country",src/content/players/top-kyushu/平井健太.md
top-kyushu,平坂海人,"birth_date,high_school,country",src/content/players/top-kyushu/平坂海人.md
top-kyushu,平川望,"birth_date,high_school,country",src/content/players/top-kyushu/平川望.md
top-kyushu,平田圭史朗,"birth_date,high_school,country",src/content/players/top-kyushu/平田圭史朗.md
top-kyushu,平良海斗,"birth_date,high_school,country",src/content/players/top-kyushu/平良海斗.md
top-kyushu,廣川虎太朗,"birth_date,high_school,country",src/content/players/top-kyushu/廣川虎太朗.md
top-kyushu,廣津円之丞,"birth_date,high_school,country",src/content/players/top-kyushu/廣津円之丞.md
top-kyushu,廣瀬悠二,"birth_date,high_school,country",src/content/players/top-kyushu/廣瀬悠二.md
top-kyushu,後藤海夏人,"birth_date,high_school,country",src/content/players/top-kyushu/後藤海夏人.md
top-kyushu,徳重太陽,"birth_date,high_school,country",src/content/players/top-kyushu/徳重太陽.md
top-kyushu,德田隆之介,"birth_date,high_school,country",src/content/players/top-kyushu/德田隆之介.md
top-kyushu,志氣陸王,"birth_date,high_school,country",src/content/players/top-kyushu/志氣陸王.md
top-kyushu,斉藤響,"birth_date,high_school,country",src/content/players/top-kyushu/斉藤響.md
top-kyushu,日髙亮平,"birth_date,high_school,country",src/content/players/top-kyushu/日髙亮平.md
top-kyushu,早淵右京,"birth_date,high_school,country",src/content/players/top-kyushu/早淵右京.md
top-kyushu,服部祐政,"birth_date,high_school,country",src/content/players/top-kyushu/服部祐政.md
top-kyushu,末次真南斗,"birth_date,high_school,country",src/content/players/top-kyushu/末次真南斗.md
top-kyushu,本山嵐士,"birth_date,high_school,country",src/content/players/top-kyushu/本山嵐士.md
top-kyushu,本田光,"birth_date,high_school,country",src/content/players/top-kyushu/本田光.md
top-kyushu,村尾幹太,"birth_date,high_school,country",src/content/players/top-kyushu/村尾幹太.md
top-kyushu,松下優寛,"birth_date,high_school,country",src/content/players/top-kyushu/松下優寛.md
top-kyushu,松下宇宙,"birth_date,high_school,country",src/content/players/top-kyushu/松下宇宙.md
top-kyushu,松下広暢,"birth_date,high_school,country",src/content/players/top-kyushu/松下広暢.md
top-kyushu,松尾邦俊,"birth_date,high_school,country",src/content/players/top-kyushu/松尾邦俊.md
top-kyushu,松尾雄治,"birth_date,high_school,country",src/content/players/top-kyushu/松尾雄治.md
top-kyushu,松木竜之助,"birth_date,high_school,country",src/content/players/top-kyushu/松木竜之助.md
top-kyushu,松本新大,"birth_date,high_school,country",src/content/players/top-kyushu/松本新大.md
top-kyushu,松枝歓喜,"birth_date,high_school,country",src/content/players/top-kyushu/松枝歓喜.md
top-kyushu,林弘樹,"birth_date,high_school,country",src/content/players/top-kyushu/林弘樹.md
top-kyushu,柴田壮,"birth_date,high_school,country",src/content/players/top-kyushu/柴田壮.md
top-kyushu,栗田朗英,"birth_date,high_school,country",src/content/players/top-kyushu/栗田朗英.md
top-kyushu,栢秀成,"birth_date,high_school,country",src/content/players/top-kyushu/栢秀成.md
top-kyushu,桃坂歩武,"birth_date,high_school,country",src/content/players/top-kyushu/桃坂歩武.md
top-kyushu,梶木馨太,"birth_date,high_school,country",src/content/players/top-kyushu/梶木馨太.md
top-kyushu,森太陽,"birth_date,high_school,country",src/content/players/top-kyushu/森太陽.md
top-kyushu,森山翔斗,"birth_date,high_school,country",src/content/players/top-kyushu/森山翔斗.md
top-kyushu,森田優星,"birth_date,high_school,country",src/content/players/top-kyushu/森田優星.md
top-kyushu,森田悠揮,"birth_date,high_school,country",src/content/players/top-kyushu/森田悠揮.md
top-kyushu,森祐也,"birth_date,high_school,country",src/content/players/top-kyushu/森祐也.md
top-kyushu,横溝優真,"birth_date,high_school,country",src/content/players/top-kyushu/横溝優真.md
top-kyushu,橋口航大,"birth_date,high_school,country",src/content/players/top-kyushu/橋口航大.md
top-kyushu,武谷京佑,"birth_date,high_school,country",src/content/players/top-kyushu/武谷京佑.md
top-kyushu,永住健琉,"birth_date,high_school,country",src/content/players/top-kyushu/永住健琉.md
top-kyushu,永樂史弥,"birth_date,high_school,country",src/content/players/top-kyushu/永樂史弥.md
top-kyushu,永田佑輔,"birth_date,high_school,country",src/content/players/top-kyushu/永田佑輔.md
top-kyushu,永田優大,"birth_date,high_school,country",src/content/players/top-kyushu/永田優大.md
top-kyushu,永里侑一,"birth_date,high_school,country",src/content/players/top-kyushu/永里侑一.md
top-kyushu,永野皓大,"birth_date,high_school,country",src/content/players/top-kyushu/永野皓大.md
top-kyushu,汐月佑心,"birth_date,high_school,country",src/content/players/top-kyushu/汐月佑心.md
top-kyushu,江口北斗,"birth_date,high_school,country",src/content/players/top-kyushu/江口北斗.md
top-kyushu,江口翔,"birth_date,high_school,country",src/content/players/top-kyushu/江口翔.md
top-kyushu,江島大樹,"birth_date,high_school,country",src/content/players/top-kyushu/江島大樹.md
top-kyushu,江嵜裕太,"birth_date,high_school,country",src/content/players/top-kyushu/江嵜裕太.md
top-kyushu,江藤大輝,"birth_date,high_school,country",src/content/players/top-kyushu/江藤大輝.md
top-kyushu,池田開,"birth_date,high_school,country",src/content/players/top-kyushu/池田開.md
top-kyushu,河口真翔,"birth_date,high_school,country",src/content/players/top-kyushu/河口真翔.md
top-kyushu,河島ミーシャ,"birth_date,high_school,country",src/content/players/top-kyushu/河島ミーシャ.md
top-kyushu,浦川伸太郎,"birth_date,high_school,country",src/content/players/top-kyushu/浦川伸太郎.md
top-kyushu,浦川晃樹,"birth_date,high_school,country",src/content/players/top-kyushu/浦川晃樹.md
top-kyushu,海部貴裕,"birth_date,high_school,country",src/content/players/top-kyushu/海部貴裕.md
top-kyushu,深川翔太,"birth_date,high_school,country",src/content/players/top-kyushu/深川翔太.md
top-kyushu,深田昂輝,"birth_date,high_school,country",src/content/players/top-kyushu/深田昂輝.md
top-kyushu,清原裕揮,"birth_date,high_school,country",src/content/players/top-kyushu/清原裕揮.md
top-kyushu,清水巴,"birth_date,high_school,country",src/content/players/top-kyushu/清水巴.md
top-kyushu,清田勇貴,"birth_date,high_school,country",src/content/players/top-kyushu/清田勇貴.md
top-kyushu,湯浅竣貴,"birth_date,high_school,country",src/content/players/top-kyushu/湯浅竣貴.md
top-kyushu,濱﨑文哉,"birth_date,high_school,country",src/content/players/top-kyushu/濱﨑文哉.md
top-kyushu,瀧本亮太朗,"birth_date,high_school,country",src/content/players/top-kyushu/瀧本亮太朗.md
top-kyushu,瀬尾優大,"birth_date,high_school,country",src/content/players/top-kyushu/瀬尾優大.md
top-kyushu,熊本章太,"birth_date,high_school,country",src/content/players/top-kyushu/熊本章太.md
top-kyushu,猿楽直希,"birth_date,high_school,country",src/content/players/top-kyushu/猿楽直希.md
top-kyushu,玉利友聖,"birth_date,high_school,country",src/content/players/top-kyushu/玉利友聖.md
top-kyushu,田中勘太,"birth_date,high_school,country",src/content/players/top-kyushu/田中勘太.md
top-kyushu,田中大喜,"birth_date,high_school,country",src/content/players/top-kyushu/田中大喜.md
top-kyushu,田中心大,"birth_date,high_school,country",src/content/players/top-kyushu/田中心大.md
top-kyushu,田中翔,"birth_date,high_school,country",src/content/players/top-kyushu/田中翔.md
top-kyushu,田中雄大,"birth_date,high_school,country",src/content/players/top-kyushu/田中雄大.md
top-kyushu,田代宙士,"birth_date,high_school,country",src/content/players/top-kyushu/田代宙士.md
top-kyushu,田守凌大,"birth_date,high_school,country",src/content/players/top-kyushu/田守凌大.md
top-kyushu,甲斐凌亮,"birth_date,high_school,country",src/content/players/top-kyushu/甲斐凌亮.md
top-kyushu,甲斐太健,"birth_date,high_school,country",src/content/players/top-kyushu/甲斐太健.md
top-kyushu,畠中輝,"birth_date,high_school,country",src/content/players/top-kyushu/畠中輝.md
top-kyushu,當眞寮,"birth_date,high_school,country",src/content/players/top-kyushu/當眞寮.md
top-kyushu,矢次竜介,"birth_date,high_school,country",src/content/players/top-kyushu/矢次竜介.md
top-kyushu,石倉幸斉,"birth_date,high_school,country",src/content/players/top-kyushu/石倉幸斉.md
top-kyushu,石川空悟,"birth_date,high_school,country",src/content/players/top-kyushu/石川空悟.md
top-kyushu,石川魁人,"birth_date,high_school,country",src/content/players/top-kyushu/石川魁人.md
top-kyushu,石橋俊秀,"birth_date,high_school,country",src/content/players/top-kyushu/石橋俊秀.md
top-kyushu,石橋太地,"birth_date,high_school,country",src/content/players/top-kyushu/石橋太地.md
top-kyushu,石橋海洋,"birth_date,high_school,country",src/content/players/top-kyushu/石橋海洋.md
top-kyushu,福岡隆一,"birth_date,high_school,country",src/content/players/top-kyushu/福岡隆一.md
top-kyushu,福岡龍星,"birth_date,high_school,country",src/content/players/top-kyushu/福岡龍星.md
top-kyushu,福島慧也,"birth_date,high_school,country",src/content/players/top-kyushu/福島慧也.md
top-kyushu,福島祐亮,"birth_date,high_school,country",src/content/players/top-kyushu/福島祐亮.md
top-kyushu,福田凌平,"birth_date,high_school,country",src/content/players/top-kyushu/福田凌平.md
top-kyushu,秋吉真人,"birth_date,high_school,country",src/content/players/top-kyushu/秋吉真人.md
top-kyushu,秋吉竜之介,"birth_date,high_school,country",src/content/players/top-kyushu/秋吉竜之介.md
top-kyushu,稲尾優作,"birth_date,high_school,country",src/content/players/top-kyushu/稲尾優作.md
top-kyushu,竹内広行,"birth_date,high_school,country",src/content/players/top-kyushu/竹内広行.md
top-kyushu,竹内擁騎,"birth_date,high_school,country",src/content/players/top-kyushu/竹内擁騎.md
top-kyushu,竹原慶一郎,"birth_date,high_school,country",src/content/players/top-kyushu/竹原慶一郎.md
top-kyushu,竹村草太,"birth_date,high_school,country",src/content/players/top-kyushu/竹村草太.md
top-kyushu,笠茂裕治,"birth_date,high_school,country",src/content/players/top-kyushu/笠茂裕治.md
top-kyushu,米盛寿樹,"birth_date,high_school,country",src/content/players/top-kyushu/米盛寿樹.md
top-kyushu,細田陸大,"birth_date,high_school,country",src/content/players/top-kyushu/細田陸大.md
top-kyushu,結城大介,"birth_date,high_school,country",src/content/players/top-kyushu/結城大介.md
top-kyushu,花田瑞樹,"birth_date,high_school,country",src/content/players/top-kyushu/花田瑞樹.md
top-kyushu,花田龍紀,"birth_date,high_school,country",src/content/players/top-kyushu/花田龍紀.md
top-kyushu,若松納央,"birth_date,high_school,country",src/content/players/top-kyushu/若松納央.md
top-kyushu,若林良樹,"birth_date,high_school,country",src/content/players/top-kyushu/若林良樹.md
top-kyushu,草留善昭,"birth_date,high_school,country",src/content/players/top-kyushu/草留善昭.md
top-kyushu,蒲牟田晃広,"birth_date,high_school,country",src/content/players/top-kyushu/蒲牟田晃広.md
top-kyushu,蔵元雅,"birth_date,high_school,country",src/content/players/top-kyushu/蔵元雅.md
top-kyushu,藤井廉,"birth_date,high_school,country",src/content/players/top-kyushu/藤井廉.md
top-kyushu,藤内喜市,"birth_date,high_school,country",src/content/players/top-kyushu/藤内喜市.md
top-kyushu,藤田大貴,"birth_date,high_school,country",src/content/players/top-kyushu/藤田大貴.md
top-kyushu,衞藤太晟,"birth_date,high_school,country",src/content/players/top-kyushu/衞藤太晟.md
top-kyushu,袖野太一,"birth_date,high_school,country",src/content/players/top-kyushu/袖野太一.md
top-kyushu,西井利宏,"birth_date,high_school,country",src/content/players/top-kyushu/西井利宏.md
top-kyushu,西川中,"birth_date,high_school,country",src/content/players/top-kyushu/西川中.md
top-kyushu,西川優斗,"birth_date,high_school,country",src/content/players/top-kyushu/西川優斗.md
top-kyushu,西村笙,"birth_date,high_school,country",src/content/players/top-kyushu/西村笙.md
top-kyushu,西林達哉,"birth_date,high_school,country",src/content/players/top-kyushu/西林達哉.md
top-kyushu,西田喜一,"birth_date,high_school,country",src/content/players/top-kyushu/西田喜一.md
top-kyushu,西田金正,"birth_date,high_school,country",src/content/players/top-kyushu/西田金正.md
top-kyushu,西谷光留,"birth_date,high_school,country",src/content/players/top-kyushu/西谷光留.md
top-kyushu,諏訪翼,"birth_date,high_school,country",src/content/players/top-kyushu/諏訪翼.md
top-kyushu,讃井良太,"birth_date,high_school,country",src/content/players/top-kyushu/讃井良太.md
top-kyushu,谷山泰信,"birth_date,high_school,country",src/content/players/top-kyushu/谷山泰信.md
top-kyushu,谷川真啓,"birth_date,high_school,country",src/content/players/top-kyushu/谷川真啓.md
top-kyushu,豊満秀,"birth_date,high_school,country",src/content/players/top-kyushu/豊満秀.md
top-kyushu,足立祥英,"birth_date,high_school,country",src/content/players/top-kyushu/足立祥英.md
top-kyushu,近藤拓,"birth_date,high_school,country",src/content/players/top-kyushu/近藤拓.md
top-kyushu,遠矢聖翔,"birth_date,high_school,country",src/content/players/top-kyushu/遠矢聖翔.md
top-kyushu,酒井陽向,"birth_date,high_school,country",src/content/players/top-kyushu/酒井陽向.md
top-kyushu,野口大介,"birth_date,high_school,country",src/content/players/top-kyushu/野口大介.md
top-kyushu,野田高陽,"birth_date,high_school,country",src/content/players/top-kyushu/野田高陽.md
top-kyushu,鈴木巽,"birth_date,high_school,country",src/content/players/top-kyushu/鈴木巽.md
top-kyushu,鍬取武蔵,"birth_date,high_school,country",src/content/players/top-kyushu/鍬取武蔵.md
top-kyushu,長松軒祥太,"birth_date,high_school,country",src/content/players/top-kyushu/長松軒祥太.md
top-kyushu,長谷川耀,"birth_date,high_school,country",src/content/players/top-kyushu/長谷川耀.md
top-kyushu,長野一貴,"birth_date,high_school,country",src/content/players/top-kyushu/長野一貴.md
top-kyushu,隈本浩太,"birth_date,high_school,country",src/content/players/top-kyushu/隈本浩太.md
top-kyushu,馬場大輔,"birth_date,high_school,country",src/content/players/top-kyushu/馬場大輔.md
top-kyushu,高橋鷹翼,"birth_date,high_school,country",src/content/players/top-kyushu/高橋鷹翼.md
top-kyushu,髙井勇貴,"birth_date,high_school,country",src/content/players/top-kyushu/髙井勇貴.md
top-kyushu,髙野順平,"birth_date,high_school,country",src/content/players/top-kyushu/髙野順平.md
top-kyushu,鶴岡怜志,"birth_date,high_school,country",src/content/players/top-kyushu/鶴岡怜志.md
top-kyushu,鶴田英士,"birth_date,high_school,country",src/content/players/top-kyushu/鶴田英士.md
top-kyushu,黒葛野拓夢,"birth_date,high_school,country",src/content/players/top-kyushu/黒葛野拓夢.md
top-west-a,一口 隼人,"height,weight,birth_date,age,university,high_school,country",src/content/players/top-west-a/一口-隼人.md
top-west-a,三木 陽平,"height,weight,birth_date,age,university,high_school,country",src/content/players/top-west-a/三木-陽平.md
top-west-a,三枝 優介,"height,weight,birth_date,age,university,high_school,country",src/content/players/top-west-a/三枝-優介.md
top-west-a,上辻 佑磨,"height,weight,birth_date,age,university,high_school,country",src/content/players/top-west-a/上辻-佑磨.md
top-west-a,中島 悠太,"height,weight,birth_date,age,university,high_school,country",src/content/players/top-west-a/中島-悠太.md
top-west-a,中川 将弥,"height,weight,birth_date,age,university,high_school,country",src/content/players/top-west-a/中川-将弥.md
top-west-a,中庭 由尋,"height,weight,birth_date,age,university,high_school,country",src/content/players/top-west-a/中庭-由尋.md
top-west-a,中村 海斗,"height,weight,birth_date,age,high_school,country",src/content/players/top-west-a/中村-海斗.md
top-west-a,亀井 郁弥,"height,weight,birth_date,age,university,high_school,country",src/content/players/top-west-a/亀井-郁弥.md
top-west-a,井上 正規,"height,weight,birth_date,age,high_school,country",src/content/players/top-west-a/井上-正規.md
top-west-a,人見 太基,"height,weight,birth_date,age,university,high_school,country",src/content/players/top-west-a/人見-太基.md
top-west-a,伴井 亮太,"height,weight,birth_date,age,university,high_school,country",src/content/players/top-west-a/伴井-亮太.md
top-west-a,佃 大輝,"height,weight,birth_date,age,university,high_school,country",src/content/players/top-west-a/佃-大輝.md
top-west-a,佐藤 健斗,"birth_date,age,high_school,country",src/content/players/top-west-a/佐藤-健斗.md
top-west-a,依藤 駿之介,"height,weight,birth_date,age,university,high_school,country",src/content/players/top-west-a/依藤-駿之介.md
top-west-a,六車 高寧,"height,weight,birth_date,age,university,high_school,country",src/content/players/top-west-a/六車-高寧.md
top-west-a,内田 康介,"birth_date,age,high_school,country",src/content/players/top-west-a/内田-康介.md
top-west-a,加覽 和成,"height,weight,birth_date,age,university,high_school,country",src/content/players/top-west-a/加覽-和成.md
top-west-a,勝又 佑介,"height,weight,birth_date,age,university,high_school,country",src/content/players/top-west-a/勝又-佑介.md
top-west-a,北平 陽成,"height,weight,birth_date,age,university,high_school,country",src/content/players/top-west-a/北平-陽成.md
top-west-a,半田 晃大,"height,weight,birth_date,age,university,high_school,country",src/content/players/top-west-a/半田-晃大.md
top-west-a,半田 歩夢,"height,weight,birth_date,age,university,high_school,country",src/content/players/top-west-a/半田-歩夢.md
top-west-a,南野 仁,"height,weight,birth_date,age,university,high_school,country",src/content/players/top-west-a/南野-仁.md
top-west-a,吉田 周平,"height,weight,birth_date,age,university,high_school,country",src/content/players/top-west-a/吉田-周平.md
top-west-a,土田 修也,"height,weight,birth_date,age,university,high_school,country",src/content/players/top-west-a/土田-修也.md
top-west-a,坂口 由純,"height,weight,birth_date,age,university,high_school,country",src/content/players/top-west-a/坂口-由純.md
top-west-a,坂本 匠,"height,weight,birth_date,age,university,high_school,country",src/content/players/top-west-a/坂本-匠.md
top-west-a,堀田 恒司,"height,weight,birth_date,age,university,high_school,country",src/content/players/top-west-a/堀田-恒司.md
top-west-a,外山 翔平,"height,weight,birth_date,age,university,high_school,country",src/content/players/top-west-a/外山-翔平.md
top-west-a,多賀 慈綺,"height,weight,birth_date,age,university,high_school,country",src/content/players/top-west-a/多賀-慈綺.md
top-west-a,大澤 俊介,"height,weight,birth_date,age,university,high_school,country",src/content/players/top-west-a/大澤-俊介.md
top-west-a,大鳥 勢太,"height,weight,birth_date,age,university,high_school,country",src/content/players/top-west-a/大鳥-勢太.md
top-west-a,安藤 良太,"birth_date,age,high_school,country",src/content/players/top-west-a/安藤-良太.md
top-west-a,完山 汰成,"height,weight,birth_date,age,university,high_school,country",src/content/players/top-west-a/完山-汰成.md
top-west-a,宮本 学武,"height,weight,birth_date,age,university,high_school,country",src/content/players/top-west-a/宮本-学武.md
top-west-a,宮脇 颯太,"height,weight,birth_date,age,university,high_school,country",src/content/players/top-west-a/宮脇-颯太.md
top-west-a,小松 頼斗,"height,weight,birth_date,age,university,high_school,country",src/content/players/top-west-a/小松-頼斗.md
top-west-a,小林 大介,"height,weight,birth_date,age,university,high_school,country",src/content/players/top-west-a/小林-大介.md
top-west-a,小椋 統平,"height,weight,birth_date,age,high_school,country",src/content/players/top-west-a/小椋-統平.md
top-west-a,小池 健雄,"height,weight,birth_date,age,university,high_school,country",src/content/players/top-west-a/小池-健雄.md
top-west-a,小泉 友一郎,"height,weight,birth_date,age,university,high_school,country",src/content/players/top-west-a/小泉-友一郎.md
top-west-a,小野 貴大,"height,weight,birth_date,age,university,high_school,country",src/content/players/top-west-a/小野-貴大.md
top-west-a,山下 慶輔,"height,weight,birth_date,age,university,high_school,country",src/content/players/top-west-a/山下-慶輔.md
top-west-a,山中 翔太,"height,weight,birth_date,age,university,high_school,country",src/content/players/top-west-a/山中-翔太.md
top-west-a,山内 凌雅,"height,weight,birth_date,age,university,high_school,country",src/content/players/top-west-a/山内-凌雅.md
top-west-a,山内 開斗,"height,weight,birth_date,age,university,high_school,country",src/content/players/top-west-a/山内-開斗.md
top-west-a,山口 翼,"height,weight,birth_date,age,university,high_school,country",src/content/players/top-west-a/山口-翼.md
top-west-a,山崎 来夢,"height,weight,birth_date,age,university,high_school,country",src/content/players/top-west-a/山崎-来夢.md
top-west-a,山田 裕大,"height,weight,birth_date,age,university,high_school,country",src/content/players/top-west-a/山田-裕大.md
top-west-a,岡本 流星,"height,weight,birth_date,age,university,high_school,country",src/content/players/top-west-a/岡本-流星.md
top-west-a,川島 俊亮,"height,weight,birth_date,age,university,high_school,country",src/content/players/top-west-a/川島-俊亮.md
top-west-a,平野 佑馬,"height,weight,birth_date,age,university,high_school,country",src/content/players/top-west-a/平野-佑馬.md
top-west-a,廣田 瞬,"height,weight,birth_date,age,university,high_school,country",src/content/players/top-west-a/廣田-瞬.md
top-west-a,後藤 康成,"height,weight,birth_date,age,university,high_school,country",src/content/players/top-west-a/後藤-康成.md
top-west-a,後藤 龍馬,"height,weight,birth_date,age,university,high_school,country",src/content/players/top-west-a/後藤-龍馬.md
top-west-a,志和池 豊馬,"height,weight,birth_date,age,university,high_school,country",src/content/players/top-west-a/志和池-豊馬.md
top-west-a,星野 大紀,"height,weight,birth_date,age,university,high_school,country",src/content/players/top-west-a/星野-大紀.md
top-west-a,星野 玄太,"height,weight,birth_date,age,university,high_school,country",src/content/players/top-west-a/星野-玄太.md
top-west-a,本田 飛翔,"height,weight,birth_date,age,university,high_school,country",src/content/players/top-west-a/本田-飛翔.md
top-west-a,本間 優,"height,weight,birth_date,age,university,high_school,country",src/content/players/top-west-a/本間-優.md
top-west-a,李 翔太,"height,weight,birth_date,age,university,high_school,country",src/content/players/top-west-a/李-翔太.md
top-west-a,村田 佳翼,"height,weight,birth_date,age,university,high_school,country",src/content/players/top-west-a/村田-佳翼.md
top-west-a,松山 将輝,"height,weight,birth_date,age,high_school,country",src/content/players/top-west-a/松山-将輝.md
top-west-a,松岡 航平,"height,weight,birth_date,age,university,high_school,country",src/content/players/top-west-a/松岡-航平.md
top-west-a,松田 信夫,"height,weight,birth_date,age,university,high_school,country",src/content/players/top-west-a/松田-信夫.md
top-west-a,林 哲平,"birth_date,age,high_school,country",src/content/players/top-west-a/林-哲平.md
top-west-a,栗本 勘司,"height,weight,birth_date,age,university,high_school,country",src/content/players/top-west-a/栗本-勘司.md
top-west-a,棚橋 優大,"height,weight,birth_date,age,high_school,country",src/content/players/top-west-a/棚橋-優大.md
top-west-a,森本 蒼,"height,weight,birth_date,age,university,high_school,country",src/content/players/top-west-a/森本-蒼.md
top-west-a,楠本 航己,"height,weight,birth_date,age,university,high_school,country",src/content/players/top-west-a/楠本-航己.md
top-west-a,橋詰 学,"height,weight,birth_date,age,university,high_school,country",src/content/players/top-west-a/橋詰-学.md
top-west-a,武井 陽昌,"height,weight,birth_date,age,university,high_school,country",src/content/players/top-west-a/武井-陽昌.md
top-west-a,池上 玲央,"birth_date,age,high_school,country",src/content/players/top-west-a/池上-玲央.md
top-west-a,池上 琉生,"height,weight,birth_date,age,university,high_school,country",src/content/players/top-west-a/池上-琉生.md
top-west-a,河波 風太,"height,weight,birth_date,age,university,high_school,country",src/content/players/top-west-a/河波-風太.md
top-west-a,河野 圭太朗,"height,weight,birth_date,age,university,high_school,country",src/content/players/top-west-a/河野-圭太朗.md
top-west-a,津田 貫汰,"height,weight,birth_date,age,high_school,country",src/content/players/top-west-a/津田-貫汰.md
top-west-a,澤田 壮太郎,"height,weight,birth_date,age,university,high_school,country",src/content/players/top-west-a/澤田-壮太郎.md
top-west-a,照井 悠一郎,"height,weight,birth_date,age,university,high_school,country",src/content/players/top-west-a/照井-悠一郎.md
top-west-a,片岡 祐二,"height,weight,birth_date,age,university,high_school,country",src/content/players/top-west-a/片岡-祐二.md
top-west-a,生駒 創大郎,"height,weight,birth_date,age,university,high_school,country",src/content/players/top-west-a/生駒-創大郎.md
top-west-a,田中 大喜,"height,weight,birth_date,age,university,high_school,country",src/content/players/top-west-a/田中-大喜.md
top-west-a,畑中 進吾,"height,weight,birth_date,age,university,high_school,country",src/content/players/top-west-a/畑中-進吾.md
top-west-a,白國 亮大,"height,weight,birth_date,age,university,high_school,country",src/content/players/top-west-a/白國-亮大.md
top-west-a,真山 文一,"height,weight,birth_date,age,university,high_school,country",src/content/players/top-west-a/真山-文一.md
top-west-a,神田 永遠,"height,weight,birth_date,age,high_school,country",src/content/players/top-west-a/神田-永遠.md
top-west-a,福岡 壮太郎,"height,weight,birth_date,age,university,high_school,country",src/content/players/top-west-a/福岡-壮太郎.md
top-west-a,秦 陽太,"height,weight,birth_date,age,university,high_school,country",src/content/players/top-west-a/秦-陽太.md
top-west-a,稲田 竜一,"height,weight,birth_date,age,university,high_school,country",src/content/players/top-west-a/稲田-竜一.md
top-west-a,笠原 浩史,"height,weight,birth_date,age,high_school,country",src/content/players/top-west-a/笠原-浩史.md
top-west-a,篠澤 輝,"height,weight,birth_date,age,university,high_school,country",src/content/players/top-west-a/篠澤-輝.md
top-west-a,紀伊 遼平,"height,weight,birth_date,age,university,high_school,country",src/content/players/top-west-a/紀伊-遼平.md
top-west-a,絹川 誠吾,"height,weight,birth_date,age,university,high_school,country",src/content/players/top-west-a/絹川-誠吾.md
top-west-a,羽田 匠之介,"height,weight,birth_date,age,university,high_school,country",src/content/players/top-west-a/羽田-匠之介.md
top-west-a,芦塚 仁,"birth_date,age,high_school,country",src/content/players/top-west-a/芦塚-仁.md
top-west-a,蔵守 俊介,"height,weight,birth_date,age,university,high_school,country",src/content/players/top-west-a/蔵守-俊介.md
top-west-a,藤本 凌聖,"height,weight,birth_date,age,high_school,country",src/content/players/top-west-a/藤本-凌聖.md
top-west-a,西川 敢太,"height,weight,birth_date,age,high_school,country",src/content/players/top-west-a/西川-敢太.md
top-west-a,西村 優希,"height,weight,birth_date,age,university,high_school,country",src/content/players/top-west-a/西村-優希.md
top-west-a,谷井 連太郎,"height,weight,birth_date,age,university,high_school,country",src/content/players/top-west-a/谷井-連太郎.md
top-west-a,谷川 司,"height,weight,birth_date,age,high_school,country",src/content/players/top-west-a/谷川-司.md
top-west-a,辻 龍哉,"height,weight,birth_date,age,university,high_school,country",src/content/players/top-west-a/辻-龍哉.md
top-west-a,野々山 紘旨,"height,weight,birth_date,age,high_school,country",src/content/players/top-west-a/野々山-紘旨.md
top-west-a,野崎 睦馬,"height,weight,birth_date,age,university,high_school,country",src/content/players/top-west-a/野崎-睦馬.md
top-west-a,金 成志,"height,weight,birth_date,age,university,high_school,country",src/content/players/top-west-a/金-成志.md
top-west-a,金子 隆洋,"height,weight,birth_date,age,university,high_school,country",src/content/players/top-west-a/金子-隆洋.md
top-west-a,鈴木 天良,"height,weight,birth_date,age,university,high_school,country",src/content/players/top-west-a/鈴木-天良.md
top-west-a,鈴木 将大,"height,weight,birth_date,age,university,high_school,country",src/content/players/top-west-a/鈴木-将大.md
top-west-a,鈴木 隆文,"height,weight,birth_date,age,university,high_school,country",src/content/players/top-west-a/鈴木-隆文.md
top-west-a,長江 有祐,"height,weight,birth_date,age,university,high_school,country",src/content/players/top-west-a/長江-有祐.md
top-west-a,長田 拓真,"height,weight,birth_date,age,university,high_school,country",src/content/players/top-west-a/長田-拓真.md
top-west-a,長谷川 翔舞,"height,weight,birth_date,age,university,high_school,country",src/content/players/top-west-a/長谷川-翔舞.md
top-west-a,長野 成貴,"height,weight,birth_date,age,high_school,country",src/content/players/top-west-a/長野-成貴.md
top-west-a,間森 涼太,"height,weight,birth_date,age,university,high_school,country",src/content/players/top-west-a/間森-涼太.md
top-west-a,阿部 慎太郎,"height,weight,birth_date,age,university,high_school,country",src/content/players/top-west-a/阿部-慎太郎.md
top-west-a,駒井 凌太,"height,weight,birth_date,age,university,high_school,country",src/content/players/top-west-a/駒井-凌太.md
top-west-a,高松 悠天,"height,weight,birth_date,age,university,high_school,country",src/content/players/top-west-a/高松-悠天.md
top-west-a,高橋 稔貴,"height,weight,birth_date,age,university,high_school,country",src/content/players/top-west-a/高橋-稔貴.md
top-west-a,高比良 隼輝,"height,weight,birth_date,age,high_school,country",src/content/players/top-west-a/高比良-隼輝.md
top-west-a,高部 勇,"height,weight,birth_date,age,university,high_school,country",src/content/players/top-west-a/高部-勇.md
top-west-a,鬼木 秀一,"height,weight,birth_date,age,high_school,country",src/content/players/top-west-a/鬼木-秀一.md
top-west-a,鶴田 桂樹,"height,weight,birth_date,age,high_school,country",src/content/players/top-west-a/鶴田-桂樹.md
top-west-a,齊藤 瑠海奈,"height,weight,birth_date,age,university,high_school,country",src/content/players/top-west-a/齊藤-瑠海奈.md
top-west-b,センダナキム,"position,birth_date,age,high_school,country",src/content/players/top-west-b/センダナキム.md
top-west-b,中村 優太,"height,weight,birth_date,age,university,high_school,country",src/content/players/top-west-b/中村-優太.md
top-west-b,丸山 泰史,"height,weight,birth_date,age,university,high_school,country",src/content/players/top-west-b/丸山-泰史.md
top-west-b,久保 元臣,"height,weight,birth_date,age,university,high_school,country",src/content/players/top-west-b/久保-元臣.md
top-west-b,亀田 聖,"height,weight,birth_date,age,university,high_school,country",src/content/players/top-west-b/亀田-聖.md
top-west-b,今里 慧,"height,weight,birth_date,age,university,high_school,country",src/content/players/top-west-b/今里-慧.md
top-west-b,冨山 拓朗,"height,weight,birth_date,age,university,high_school,country",src/content/players/top-west-b/冨山-拓朗.md
top-west-b,南 優多,"height,weight,birth_date,age,university,high_school,country",src/content/players/top-west-b/南-優多.md
top-west-b,古橋 啓太,"height,weight,birth_date,age,university,high_school,country",src/content/players/top-west-b/古橋-啓太.md
top-west-b,坂本 修司,"height,weight,birth_date,age,university,high_school,country",src/content/players/top-west-b/坂本-修司.md
top-west-b,垣本 大誠,"height,weight,birth_date,age,university,high_school,country",src/content/players/top-west-b/垣本-大誠.md
top-west-b,城戸 慎平,"height,weight,birth_date,age,university,high_school,country",src/content/players/top-west-b/城戸-慎平.md
top-west-b,大崎 恩慶,"height,weight,birth_date,age,university,high_school,country",src/content/players/top-west-b/大崎-恩慶.md
top-west-b,大崎 旭彦,"height,weight,birth_date,age,university,high_school,country",src/content/players/top-west-b/大崎-旭彦.md
top-west-b,大村 亮介,"position,birth_date,age,high_school,country",src/content/players/top-west-b/大村-亮介.md
top-west-b,大西 康平,"height,weight,birth_date,age,university,high_school,country",src/content/players/top-west-b/大西-康平.md
top-west-b,大野 雄太,"height,weight,birth_date,age,university,high_school,country",src/content/players/top-west-b/大野-雄太.md
top-west-b,大間 歩,"position,height,weight,birth_date,age,university,high_school,country",src/content/players/top-west-b/大間-歩.md
top-west-b,富山 尚,"height,weight,birth_date,age,university,high_school,country",src/content/players/top-west-b/富山-尚.md
top-west-b,小山 康太,"height,weight,birth_date,age,university,high_school,country",src/content/players/top-west-b/小山-康太.md
top-west-b,小嶋 遼平,"height,weight,birth_date,age,university,high_school,country",src/content/players/top-west-b/小嶋-遼平.md
top-west-b,山本 一歩,"position,birth_date,age,high_school,country",src/content/players/top-west-b/山本-一歩.md
top-west-b,山﨑 海生,"height,weight,birth_date,age,university,high_school,country",src/content/players/top-west-b/山﨑-海生.md
top-west-b,岡田 澄空,"height,weight,birth_date,age,university,high_school,country",src/content/players/top-west-b/岡田-澄空.md
top-west-b,岩井 亮介,"height,weight,birth_date,age,university,high_school,country",src/content/players/top-west-b/岩井-亮介.md
top-west-b,岩永 典晃,"height,weight,birth_date,age,university,high_school,country",src/content/players/top-west-b/岩永-典晃.md
top-west-b,島津 雄斗,"height,weight,birth_date,age,university,high_school,country",src/content/players/top-west-b/島津-雄斗.md
top-west-b,市原 淳平,"height,weight,birth_date,age,university,high_school,country",src/content/players/top-west-b/市原-淳平.md
top-west-b,成宮 銀次郎,"height,weight,birth_date,age,university,high_school,country",src/content/players/top-west-b/成宮-銀次郎.md
top-west-b,押海 雄人,"height,weight,birth_date,age,university,high_school,country",src/content/players/top-west-b/押海-雄人.md
top-west-b,木屋 暁貴,"position,birth_date,age,high_school,country",src/content/players/top-west-b/木屋-暁貴.md
top-west-b,松下 秀斗,"height,weight,birth_date,age,high_school,country",src/content/players/top-west-b/松下-秀斗.md
top-west-b,松本 将希,"height,weight,birth_date,age,university,high_school,country",src/content/players/top-west-b/松本-将希.md
top-west-b,森元 康平,"height,weight,birth_date,age,high_school,country",src/content/players/top-west-b/森元-康平.md
top-west-b,森田 圭亮,"position,birth_date,age,high_school,country",src/content/players/top-west-b/森田-圭亮.md
top-west-b,植松 海翔,"height,weight,birth_date,age,university,high_school,country",src/content/players/top-west-b/植松-海翔.md
top-west-b,横尾 瑛,"height,weight,birth_date,age,university,high_school,country",src/content/players/top-west-b/横尾-瑛.md
top-west-b,毛利 虎之介,"height,weight,birth_date,age,university,high_school,country",src/content/players/top-west-b/毛利-虎之介.md
top-west-b,水谷 哲至,"height,weight,birth_date,age,university,high_school,country",src/content/players/top-west-b/水谷-哲至.md
top-west-b,津田 剛希,"height,weight,birth_date,age,university,high_school,country",src/content/players/top-west-b/津田-剛希.md
top-west-b,清見 将之,"height,weight,birth_date,age,university,high_school,country",src/content/players/top-west-b/清見-将之.md
top-west-b,渡邊 敬太,"height,weight,birth_date,age,high_school,country",src/content/players/top-west-b/渡邊-敬太.md
top-west-b,石井 祐次郎,"height,weight,birth_date,age,university,high_school,country",src/content/players/top-west-b/石井-祐次郎.md
top-west-b,藤原 健照,"height,weight,birth_date,age,university,high_school,country",src/content/players/top-west-b/藤原-健照.md
top-west-b,谷村 竜輝,"position,birth_date,age,high_school,country",src/content/players/top-west-b/谷村-竜輝.md
top-west-b,野村 成,"height,weight,birth_date,age,university,high_school,country",src/content/players/top-west-b/野村-成.md
top-west-b,長井 一史,"position,birth_date,age,high_school,country",src/content/players/top-west-b/長井-一史.md
top-west-b,長縄 天翼,"position,birth_date,age,high_school,country",src/content/players/top-west-b/長縄-天翼.md
top-west-b,馬場 大樹,"height,weight,birth_date,age,university,high_school,country",src/content/players/top-west-b/馬場-大樹.md
top-west-b,高井 杏輔,"height,weight,birth_date,age,university,high_school,country",src/content/players/top-west-b/高井-杏輔.md
top-west-b,高田 清太郎,"height,weight,birth_date,age,university,high_school,country",src/content/players/top-west-b/高田-清太郎.md
top-west-b,髙橋 雄太郎,"height,weight,birth_date,age,university,high_school,country",src/content/players/top-west-b/髙橋-雄太郎.md
top-west-b,黒谷 淳,"height,weight,birth_date,age,university,high_school,country",src/content/players/top-west-b/黒谷-淳.md
top-west-c,中島 勇輝,"height,weight,birth_date,age,university,high_school,country",src/content/players/top-west-c/中島-勇輝.md
top-west-c,井上 拓也,"height,weight,birth_date,age,university,high_school,country",src/content/players/top-west-c/井上-拓也.md
top-west-c,村田 雄志,"height,weight,birth_date,age,university,high_school,country",src/content/players/top-west-c/村田-雄志.md
top-west-c,松本 健奨,"height,weight,birth_date,age,university,high_school,country",src/content/players/top-west-c/松本-健奨.md
top-west-c,河合 泰輝,"height,weight,birth_date,age,university,high_school,country",src/content/players/top-west-c/河合-泰輝.md
top-west-c,西原 康平,"height,weight,birth_date,age,university,high_school,country",src/content/players/top-west-c/西原-康平.md
top-west-c,高木 佳也,"height,weight,birth_date,age,university,high_school,country",src/content/players/top-west-c/高木-佳也.md
university,上野凌大,"birth_date,university,high_school,country",src/content/players/university/player-64925db9.md
university,佐々木大斗,"position,birth_date,university,high_school,country",src/content/players/university/player-12944f0b.md
university,田代大介,"birth_date,university,high_school,country",src/content/players/university/player-c50f5fd9.md
