闍ｱ隱槫錐,驕ｸ謇句錐,繝昴ず繧ｷ繝ｧ繝ｳ,謇螻槭メ繝ｼ繝,霄ｫ髟ｷ,菴馴㍾,逕溷ｹｴ譛域律,蟷ｴ鮨｢,鬮俶｡,螟ｧ蟄ｦ,蜃ｺ霄ｫ譬｡繝ｻ繝√ｼ繝豁ｴ(蜈ｨ譁),繧ｫ繝ざ繝ｪ,繝ｪ繝ｼ繧ｰ繝ｯ繝ｳ繧ｭ繝｣繝謨ｰ,URL,Text_Detail,繧ｭ繝｣繝ｪ繧｢驕肴ｭｴ,莉｣陦ｨ繧ｭ繝｣繝謨ｰ,International_Caps,Scraped_Url
Shinichi Tanaka,逕ｰ荳ｭ 逵滉ｸ,FL,荵晏ｷ樣崕蜉帙く繝･繝ｼ繝Φ繝ｴ繧ｩ繝ｫ繝け繧ｹｼ2025-26ｼ,186,98,1994.06.08,31,蝨句ｭｸ髯｢荵⒧螻ｱ鬮俶｡,譏取ｲｻ螟ｧ蟄ｦ,蝨句ｭｸ髯｢荵⒧螻ｱ 譏取ｲｻ,A,6,https://league-one.jp/player/483678,,,'12 鬮俶｡,,
Rahboni Warren-Vosayaco,繝ｩ繝ｼ繝懊ル 繝ｻ繧ｦ繧ｩ繝ｼ繝ｬ繝ｳ繝ｼ繝懊せ繧｢繝､繧ｳ,,荵晏ｷ樣崕蜉帙く繝･繝ｼ繝Φ繝ｴ繧ｩ繝ｫ繝け繧ｹｼ2025-26ｼ,188,103,1995.09.28,30,繧ｨ繝ｳ繝ヰ繝ｼ繧ｹ繝昴ｼ繝ｫ俶｡,,Endeavorsportshighschool,B,2,https://league-one.jp/player/483679,,,,,
Jude Gibbs,繧ｸ繝･繝ｼ繝 繝ｻ繧ｮ繝悶せ,SO,荵晏ｷ樣崕蜉帙く繝･繝ｼ繝Φ繝ｴ繧ｩ繝ｫ繝け繧ｹｼ2025-26ｼ,178,87,2001.07.02,24,繧ｻ繝ｳ繝医ず繝ｧ繧ｻ繝輔ｻ繧ｫ繝ｬ繝ず,UniversityofTechnologySydney螟ｧ蟄ｦ,SaintJoseph窶冱CollegeHuntersHill UniversityofTechnologySydney,B,0,https://league-one.jp/player/483680,,,,,
Pepesana Patafilo,繝壹繧ｵ繝 繝ｻ繝代ち繝輔ぅ繝ｭ,CTB,荵晏ｷ樣崕蜉帙く繝･繝ｼ繝Φ繝ｴ繧ｩ繝ｫ繝け繧ｹｼ2025-26ｼ,181,96,1996.05.29,29,繧ｦ繧ｨ繝ｪ繝ｳ繝医Φ繧ｫ繝ｬ繝ず,,繧ｦ繧ｨ繝ｪ繝ｳ繝医Φ繧ｫ繝ｬ繝ず,B,3,https://league-one.jp/player/483681,,,,,
Hiroto Nishi,隘ｿ 豬ｩ譁,WTB,荵晏ｷ樣崕蜉帙く繝･繝ｼ繝Φ繝ｴ繧ｩ繝ｫ繝け繧ｹｼ2025-26ｼ,170,75,2002.11.16,23,辭頑悽隘ｿ鬮俶｡,莠ｬ驛ｽ逕｣讌ｭ螟ｧ蟄ｦ,辭頑悽隘ｿ 莠ｬ驛ｽ逕｣讌ｭ,A,0,https://league-one.jp/player/483682,,,,,
Kouga Yoshida,蜷臥伐 霈晞寉,CTB,荵晏ｷ樣崕蜉帙く繝･繝ｼ繝Φ繝ｴ繧ｩ繝ｫ繝け繧ｹｼ2025-26ｼ,177,82,2002.11.21,23,譚ｱ豬ｷ螟ｧ逶ｸ讓｡蜴滄ｫ俶｡,譏取ｲｻ螟ｧ蟄ｦ,譚ｱ豬ｷ螟ｧ逶ｸ讓｡蜴 譏取ｲｻ,A,0,https://league-one.jp/player/483683,,,,,
Kanta Fujita,阯､逕ｰ 蟷ｹ螟ｪ,HO,荵晏ｷ樣崕蜉帙く繝･繝ｼ繝Φ繝ｴ繧ｩ繝ｫ繝け繧ｹｼ2025-26ｼ,175,96,2003.03.26,22,遲醍ｴｫ鬮俶｡,譌･譛ｬ菴楢ご螟ｧ蟄ｦ,遲醍ｴｫ 譌･譛ｬ菴楢ご,A,0,https://league-one.jp/player/483684,,,,,
Kohei Kire,蝟憺｣ 闊ｪ蟷ｳ,SO,荵晏ｷ樣崕蜉帙く繝･繝ｼ繝Φ繝ｴ繧ｩ繝ｫ繝け繧ｹｼ2025-26ｼ,176,85,1995.06.25,30,螟ｧ髦ｪ譯占発鬮俶｡,霑醍柄螟ｧ蟄ｦ,螟ｧ髦ｪ譯占発 霑醍柄,A,11,https://league-one.jp/player/483685,,,,,
Hiroki Murakawa,譚大ｷ 豬ｩ蝟,HO,荵晏ｷ樣崕蜉帙く繝･繝ｼ繝Φ繝ｴ繧ｩ繝ｫ繝け繧ｹｼ2025-26ｼ,175,98,1992.01.19,33,譚ｱ遖丞ｲ｡鬮俶｡,遲第ｳ｢螟ｧ蟄ｦ,譚ｱ遖丞ｲ｡ 遲第ｳ｢,A,32,https://league-one.jp/player/483686,,,'11 U20,,
Sione Likuata Teaupa,繧ｷ繧ｪ繝 繝ｻ繝ｪ繧ｯ繧｢繧ｿ繝い繧ｦ繝,CTB,荵晏ｷ樣崕蜉帙く繝･繝ｼ繝Φ繝ｴ繧ｩ繝ｫ繝け繧ｹｼ2025-26ｼ,180,99,1998.06.27,27,繝医ぇ繝昴え繧ｫ繝ｬ繝ず,豬夂ｵ梧ｸ亥､ｧ蟄ｦ,繝医ぇ繝昴え繧ｫ繝ｬ繝ず 豬夂ｵ梧ｸ亥､ｧ蟄ｦ,A,28,https://league-one.jp/player/483687,,,,,
Kim Kihyun,繧ｭ繝 繝ｻ繧ｮ繝偵Ι繝ｳ,FL,荵晏ｷ樣崕蜉帙く繝･繝ｼ繝Φ繝ｴ繧ｩ繝ｫ繝け繧ｹｼ2025-26ｼ,180,97,2001.02.09,24,繧ｽ繧ｦ繝ｫ螟ｧ蟄ｦ髯ｱ樣ｫ倡ｭ牙ｭｦ譬｡,豬夂ｵ梧ｸ亥､ｧ蟄ｦ,繧ｽ繧ｦ繝ｫ螟ｧ蟄ｦ髯ｱ樣ｫ倡ｭ牙ｭｦ譬｡ 豬夂ｵ梧ｸ亥､ｧ蟄ｦ,A,9,https://league-one.jp/player/483688,,,,,
Takumi Takeshita,遶ｹ荳 諡灘ｷｱ,FB,荵晏ｷ樣崕蜉帙く繝･繝ｼ繝Φ繝ｴ繧ｩ繝ｫ繝け繧ｹｼ2025-26ｼ,178,88,2000.07.17,25,譚ｱ遖丞ｲ｡鬮俶｡,莠ｬ驛ｽ逕｣讌ｭ螟ｧ蟄ｦ,譚ｱ遖丞ｲ｡ 莠ｬ驛ｽ逕｣讌ｭ,A,2,https://league-one.jp/player/483689,,,,,
Yusaku Kanda,逾樒伐 謔菴,SH,荵晏ｷ樣崕蜉帙く繝･繝ｼ繝Φ繝ｴ繧ｩ繝ｫ繝け繧ｹｼ2025-26ｼ,170,80,1999.03.08,26,譚ｱ遲鷹ｫ俶｡,譚ｱ豢句､ｧ蟄ｦ,譚ｱ遲 譚ｱ豢,A,18,https://league-one.jp/player/483690,,,,,
Keisuke Yamazoe,螻ｱ豺ｻ 蝨ｭ逾,HO,荵晏ｷ樣崕蜉帙く繝･繝ｼ繝Φ繝ｴ繧ｩ繝ｫ繝け繧ｹｼ2025-26ｼ,177,102,2000.07.01,25,髟ｷ蟠主圏髯ｽ蜿ｰ鬮俶｡,蟶昜ｺｬ螟ｧ蟄ｦ,髟ｷ蟠主圏髯ｽ蜿ｰ 蟶昜ｺｬ,A,20,https://league-one.jp/player/483691,,,'18 鬮俶｡,,
Colby Faingaa,繧ｳ繝ｫ繝薙ｼ 繝ｻ繝輔ぃ繧､繝ｳ繧ｬ繧｢,FL,荵晏ｷ樣崕蜉帙く繝･繝ｼ繝Φ繝ｴ繧ｩ繝ｫ繝け繧ｹｼ2025-26ｼ,185,102,1991.03.31,34,繧ｻ繝ｳ繝医ｻ繧ｨ繝峨繝ｳ繧ｺ繝ｻ繧ｫ繝ｬ繝ず,,繧ｻ繝ｳ繝医ｻ繧ｨ繝峨繝ｳ繧ｺ繝ｻ繧ｫ繝ｬ繝ず,B,37,https://league-one.jp/player/483692,,,,,
Akihito Yamada,螻ｱ逕ｰ 遶莉,WTB,荵晏ｷ樣崕蜉帙く繝･繝ｼ繝Φ繝ｴ繧ｩ繝ｫ繝け繧ｹｼ2025-26ｼ,180,80,1985.07.26,40,蟆丞蛾ｫ俶｡,諷ｶ諛臥ｾｩ蝪ｾ螟ｧ蟄ｦ,蟆丞 諷ｶ諛臥ｾｩ蝪ｾ,A,28,https://league-one.jp/player/483693,,,譌･譛ｬ莉｣陦ｨ25CAP,,
Samuel Nozomu Faialaga,繝輔ぃ繧､繧｢繝ｩ繧ｬ 譛帙し繝繧ｨ繝ｫ,PR,荵晏ｷ樣崕蜉帙く繝･繝ｼ繝Φ繝ｴ繧ｩ繝ｫ繝け繧ｹｼ2025-26ｼ,176,113,1998.07.03,27,蟶ｸ鄙泌ｭｦ蝨帝ｫ俶｡,蜷悟ｿ礼､ｾ螟ｧ螟ｧ蟄ｦ,蟶ｸ鄙泌ｭｦ蝨 蜷悟ｿ礼､ｾ螟ｧ,A,47,https://league-one.jp/player/483694,,,,,
Yasuo Saruwatari,迪ｿ貂｡ 蠎ｷ髮,PR,荵晏ｷ樣崕蜉帙く繝･繝ｼ繝Φ繝ｴ繧ｩ繝ｫ繝け繧ｹｼ2025-26ｼ,181,118,1990.09.28,35,闕貞ｰｾ鬮俶｡,蟶昜ｺｬ螟ｧ蟄ｦ,闕貞ｰｾ 蟶昜ｺｬ,A,39,https://league-one.jp/player/483695,,,,,
Shunta Takenouchi,遶ｹ繝主 鬧ｿ螟ｪ,SH,荵晏ｷ樣崕蜉帙く繝･繝ｼ繝Φ繝ｴ繧ｩ繝ｫ繝け繧ｹｼ2025-26ｼ,170,78,1999.12.27,26,髟ｷ蟠主漉螻ｱ鬮俶｡,譏取ｲｻ螟ｧ蟄ｦ,髟ｷ蟠主漉螻ｱ 譏取ｲｻ,A,38,https://league-one.jp/player/483696,,,,,
Ray Tatafu,繝ｬ繧､ 繝ｻ繧ｿ繧ｿ繝,LO,荵晏ｷ樣崕蜉帙く繝･繝ｼ繝Φ繝ｴ繧ｩ繝ｫ繝け繧ｹｼ2025-26ｼ,195,119,1995.02.14,30,繧ｪ繝阪ヵ繝ｳ繧ｬ繝上う繧ｹ繧ｯ繝ｼ繝ｫ鬮俶｡,繧ｪ繝ｼ繧ｯ繝ｩ繝ｳ繝牙ｷ･遘大､ｧ蟄ｦ,繧ｪ繝阪ヵ繝ｳ繧ｬ繝上う繧ｹ繧ｯ繝ｼ繝ｫ 繧ｪ繝ｼ繧ｯ繝ｩ繝ｳ繝牙ｷ･遘,A,41,https://league-one.jp/player/483697,,,,,
Hayato Yoshida,蜷臥伐 髫ｼ莠ｺ,HO,荵晏ｷ樣崕蜉帙く繝･繝ｼ繝Φ繝ｴ繧ｩ繝ｫ繝け繧ｹｼ2025-26ｼ,172,93,1997.03.05,28,髟ｷ蟠主圏髯ｽ蜿ｰ鬮俶｡,遲第ｳ｢螟ｧ蟄ｦ,髟ｷ蟠主圏髯ｽ蜿ｰ 遲第ｳ｢,A,12,https://league-one.jp/player/483698,,,,,
Yuki Yamada,螻ｱ逕ｰ 譛画ｨｹ,FL,荵晏ｷ樣崕蜉帙く繝･繝ｼ繝Φ繝ｴ繧ｩ繝ｫ繝け繧ｹｼ2025-26ｼ,180,94,1994.06.18,31,蟶ｸ鄙泌ｭｦ蝨帝ｫ俶｡,蜷悟ｿ礼､ｾ螟ｧ蟄ｦ,蟶ｸ鄙泌ｭｦ蝨 蜷悟ｿ礼､ｾ,A,33,https://league-one.jp/player/483699,,,,,
Shogo Matsushita,譚ｾ荳 蠖ｰ蜷ｾ,SO,荵晏ｷ樣崕蜉帙く繝･繝ｼ繝Φ繝ｴ繧ｩ繝ｫ繝け繧ｹｼ2025-26ｼ,177,86,1991.01.12,34,遖丞ｲ｡鬮俶｡,遲第ｳ｢螟ｧ蟄ｦ,遖丞ｲ｡ 遲第ｳ｢,A,16,https://league-one.jp/player/483700,,,,,
Keito Honda,譛ｬ逕ｰ 菴ｳ莠ｺ,FB,荵晏ｷ樣崕蜉帙く繝･繝ｼ繝Φ繝ｴ繧ｩ繝ｫ繝け繧ｹｼ2025-26ｼ,180,85,1996.11.25,29,螟ｧ蛻寇蝓主床鬮俶｡,譚ｱ豬ｷ螟ｧ蟄ｦ,螟ｧ蛻寇蝓主床 譚ｱ豬ｷ,A,10,https://league-one.jp/player/483701,,,,,
Kenji Hayata,譌ｩ逕ｰ 蛛･莠,CTB,荵晏ｷ樣崕蜉帙く繝･繝ｼ繝Φ繝ｴ繧ｩ繝ｫ繝け繧ｹｼ2025-26ｼ,175,83,1987.05.26,38,螟ｧ蛻鮓ｴ鬮俶｡,譌ｩ遞ｲ逕ｰ螟ｧ蟄ｦ,螟ｧ蛻鮓ｴ 譌ｩ遞ｲ逕ｰ,A,13,https://league-one.jp/player/483702,,,'05 鬮俶｡,,
Ren Hagiwara,關ｩ蜴 闢ｮ,WTB,荵晏ｷ樣崕蜉帙く繝･繝ｼ繝Φ繝ｴ繧ｩ繝ｫ繝け繧ｹｼ2025-26ｼ,171,85,1996.05.06,29,譚ｱ遖丞ｲ｡鬮俶｡,豕墓帆螟ｧ蟄ｦ,譚ｱ遖丞ｲ｡ 豕墓帆,A,43,https://league-one.jp/player/483703,,,,,
Noriaki Nakazuru,荳ｭ縺･繧,CTB,荵晏ｷ樣崕蜉帙く繝･繝ｼ繝Φ繝ｴ繧ｩ繝ｫ繝け繧ｹｼ2025-26ｼ,181,94,1989.05.03,36,遖丞ｲ｡鬮俶｡,遲第ｳ｢螟ｧ蟄ｦ,遖丞ｲ｡ 遲第ｳ｢,A,22,https://league-one.jp/player/483704,,,'13 U23,,
Ken Nakashima,荳ｭ蟲ｶ 隰,FL,荵晏ｷ樣崕蜉帙く繝･繝ｼ繝Φ繝ｴ繧ｩ繝ｫ繝け繧ｹｼ2025-26ｼ,183,95,1997.04.14,28,遖丞ｲ｡鬮俶｡,鮖ｿ蜈仙ｳｶ螟ｧ蟄ｦ,遖丞ｲ｡ 鮖ｿ蜈仙ｳｶ,A,18,https://league-one.jp/player/483705,,,,,
Kotaro Nakao,荳ｭ蟆ｾ 蠎ｷ螟ｪ驛,SH,荵晏ｷ樣崕蜉帙く繝･繝ｼ繝Φ繝ｴ繧ｩ繝ｫ繝け繧ｹｼ2025-26ｼ,177,78,1992.05.28,33,遖丞ｲ｡鬮俶｡,譌ｩ遞ｲ逕ｰ螟ｧ蟄ｦ,遖丞ｲ｡ 譌ｩ遞ｲ逕ｰ,A,7,https://league-one.jp/player/483706,,,,,
Kazuto Tokunaga,蠕ｳ豌ｸ 荳譁,PR,荵晏ｷ樣崕蜉帙く繝･繝ｼ繝Φ繝ｴ繧ｩ繝ｫ繝け繧ｹｼ2025-26ｼ,181,117,1993.04.08,32,菴占ｳ蟾･讌ｭ鬮俶｡,蟶昜ｺｬ螟ｧ蟄ｦ,菴占ｳ蟾･讌ｭ 蟶昜ｺｬ,A,35,https://league-one.jp/player/483707,,,,,
Naoki Takaya,鬮,WTB,荵晏ｷ樣崕蜉帙く繝･繝ｼ繝Φ繝ｴ繧ｩ繝ｫ繝け繧ｹｼ2025-26ｼ,176,80,1995.05.25,30,遖丞ｲ｡鬮俶｡,遲第ｳ｢螟ｧ蟄ｦ,遖丞ｲ｡ 遲第ｳ｢,A,18,https://league-one.jp/player/483708,,,,,
Michiro Takai,鬮倅ｺ 霑ｪ驛,FL,荵晏ｷ樣崕蜉帙く繝･繝ｼ繝Φ繝ｴ繧ｩ繝ｫ繝け繧ｹｼ2025-26ｼ,187,99,1989.12.13,36,螟ｧ蛻鮓ｴ鬮俶｡,譌･譛ｬ菴楢ご螟ｧ蟄ｦ,螟ｧ蛻鮓ｴ 譌･譛ｬ菴楢ご,A,19,https://league-one.jp/player/483709,,,'08 U20,,
Yoshihiro Sononaka,蝨剃ｸｭ 濶ｯ蟇,LO,荵晏ｷ樣崕蜉帙く繝･繝ｼ繝Φ繝ｴ繧ｩ繝ｫ繝け繧ｹｼ2025-26ｼ,190,103,1991.03.22,34,蜉豐ｻ譛ｨ鬮俶｡,遲第ｳ｢螟ｧ蟄ｦ,蜉豐ｻ譛ｨ 遲第ｳ｢,A,8,https://league-one.jp/player/483710,,,,,
Goki Saito,鮨願陸 蜑帛ｸ,WTB,荵晏ｷ樣崕蜉帙く繝･繝ｼ繝Φ繝ｴ繧ｩ繝ｫ繝け繧ｹｼ2025-26ｼ,174,85,1993.11.17,32,遲醍ｴｫ鬮俶｡,譏取ｲｻ螟ｧ蟄ｦ,遲醍ｴｫ 譏取ｲｻ,A,6,https://league-one.jp/player/483711,,,,,
Hayato Kojo,蜿､蝓 髫ｼ莠ｺ,CTB,荵晏ｷ樣崕蜉帙く繝･繝ｼ繝Φ繝ｴ繧ｩ繝ｫ繝け繧ｹｼ2025-26ｼ,175,88,1996.05.22,29,菫ｮ迪ｷ鬢ｨ鬮俶｡,蜷悟ｿ礼､ｾ螟ｧ蟄ｦ,菫ｮ迪ｷ鬢ｨ 蜷悟ｿ礼､ｾ,A,27,https://league-one.jp/player/483712,,,,,
Takehiro Kitsuki,譛ｨ莉 荳亥忽,PR,荵晏ｷ樣崕蜉帙く繝･繝ｼ繝Φ繝ｴ繧ｩ繝ｫ繝け繧ｹｼ2025-26ｼ,185,111,1994.11.15,31,闕貞ｰｾ鬮俶｡,蟶昜ｺｬ螟ｧ蟄ｦ,闕貞ｰｾ 蟶昜ｺｬ,A,0,https://league-one.jp/player/483713,,,,,
Shimpei Kamata,骼檎伐 諷主ｹｳ,PR,荵晏ｷ樣崕蜉帙く繝･繝ｼ繝Φ繝ｴ繧ｩ繝ｫ繝け繧ｹｼ2025-26ｼ,179,105,1997.09.07,28,譚ｱ遖丞ｲ｡鬮俶｡,遲第ｳ｢螟ｧ蟄ｦ,譚ｱ遖丞ｲ｡ 遲第ｳ｢,A,28,https://league-one.jp/player/483714,,,'17 U20,,
Shuma Kanayama,驥大ｱｱ 菫ｮ逵,LO,荵晏ｷ樣崕蜉帙く繝･繝ｼ繝Φ繝ｴ繧ｩ繝ｫ繝け繧ｹｼ2025-26ｼ,183,100,1994.04.17,31,豬夂ｵ梧ｸ亥､ｧ譟城ｫ俶｡,豬夂ｵ梧ｸ亥､ｧ蟄ｦ,豬∫ｵ悟､ｧ譟 豬夂ｵ梧ｸ,A,8,https://league-one.jp/player/483715,,,,,
Masaya Kanado,驥大 逵槫ｼ･,CTB,荵晏ｷ樣崕蜉帙く繝･繝ｼ繝Φ繝ｴ繧ｩ繝ｫ繝け繧ｹｼ2025-26ｼ,180,88,1998.12.13,27,諷ｶ諛臥ｾｩ蝪ｾ鬮俶｡,蝓主漉螟ｧ蟄ｦ,諷ｶ諛臥ｾｩ蝪ｾ 蝓主漉,A,6,https://league-one.jp/player/483716,,,,,
Makoto Kato,蜉阯､ 隱螟ｮ,FB,荵晏ｷ樣崕蜉帙く繝･繝ｼ繝Φ繝ｴ繧ｩ繝ｫ繝け繧ｹｼ2025-26ｼ,177,87,1990.08.01,35,關ｩ蝠ｷ･讌ｭ鬮俶｡,遖丞ｲ｡螟ｧ蟄ｦ,關ｩ蝠ｷ･ 遖丞ｲ｡,A,25,https://league-one.jp/player/483717,,,,,
Ryosuke Kagoshima,鮖ｿ蟄仙ｳｶ 濶ｯ霈,PR,荵晏ｷ樣崕蜉帙く繝･繝ｼ繝Φ繝ｴ繧ｩ繝ｫ繝け繧ｹｼ2025-26ｼ,171,101,1995.09.25,30,霈晉ｿ秘､ｨ荳ｭ遲画蕗閧ｲ鬮俶｡,豬夂ｵ梧ｸ亥､ｧ蟄ｦ,霈晉ｿ秘､ｨ荳ｭ遲画蕗閧ｲ 豬夂ｵ梧ｸ,A,13,https://league-one.jp/player/483718,,,,,
Alex Takuya Walker,繧ｦ繧ｩ繝ｼ繧ｫ繝ｼ 繧｢繝ｬ繝け繧ｹ諡謎ｹ,,荵晏ｷ樣崕蜉帙く繝･繝ｼ繝Φ繝ｴ繧ｩ繝ｫ繝け繧ｹｼ2025-26ｼ,184,103,1998.02.19,27,譚ｱ遖丞ｲ｡鬮俶｡,豕墓帆螟ｧ蟄ｦ,譚ｱ遖丞ｲ｡ 豕墓帆,A,43,https://league-one.jp/player/483719,,,,,
Kiichi Uezato,荳企㈹ 雋ｴ荳,SO,荵晏ｷ樣崕蜉帙く繝･繝ｼ繝Φ繝ｴ繧ｩ繝ｫ繝け繧ｹｼ2025-26ｼ,176,84,1997.01.25,28,蜷崎ｭｷ鬮俶｡,譛晄律螟ｧ蟄ｦ,蜷崎ｭｷ 譛晄律,A,15,https://league-one.jp/player/483720,,,,,
Yasunari Isoda,逎ｯ逕ｰ 豕ｰ謌,WTB,荵晏ｷ樣崕蜉帙く繝･繝ｼ繝Φ繝ｴ繧ｩ繝ｫ繝け繧ｹｼ2025-26ｼ,173,75,1992.11.20,33,蟒ｶ蟯｡譏滄峇鬮俶｡,蟶昜ｺｬ螟ｧ蟄ｦ,蟒ｶ蟯｡譏滄峇 蟶昜ｺｬ,A,26,https://league-one.jp/player/483721,,,,,
Tomotaka Ishimatsu,遏ｳ譚ｾ 螟ｧ遨ｺ,LO,荵晏ｷ樣崕蜉帙く繝･繝ｼ繝Φ繝ｴ繧ｩ繝ｫ繝け繧ｹｼ2025-26ｼ,193,105,1997.09.11,28,譏主埋鬮俶｡,遲第ｳ｢螟ｧ蟄ｦ,譏主埋 遲第ｳ｢,A,25,https://league-one.jp/player/483722,,,,,
Kyungmun Wang,邇 髀｡閨,HO,荵晏ｷ樣崕蜉帙く繝･繝ｼ繝Φ繝ｴ繧ｩ繝ｫ繝け繧ｹｼ2025-26ｼ,175,100,1991.09.12,34,譛晄鬮俶｡,螟ｧ髦ｪ菴楢ご螟ｧ蟄ｦ,譛晄 螟ｧ髦ｪ菴楢ご,A,35,https://league-one.jp/player/483723,,,,,
Sean Robinson,繧ｷ繝ｧ繝ｼ繝ｳ 繝ｻ繝ｭ繝薙Φ繧ｽ繝ｳ,LO,荵晏ｷ樣崕蜉帙く繝･繝ｼ繝Φ繝ｴ繧ｩ繝ｫ繝け繧ｹｼ2025-26ｼ,197,110,1991.02.08,34,繧ｭ繝ｳ繧ｰ繧ｹ繧ｹ繧ｯ繝ｼ繝ｫ繧ｦ繝ｼ繧ｹ繧ｿ繝ｼ鬮俶｡,繝繝ｩ繝螟ｧ蟄ｦ,繧ｭ繝ｳ繧ｰ繧ｹ繧ｹ繧ｯ繝ｼ繝ｫ繧ｦ繝ｼ繧ｹ繧ｿ繝ｼ 繝繝ｩ繝,B,19,https://league-one.jp/player/483724,,,,,
Aaron Carroll,繧｢繝ｼ繝ｭ繝ｳ 繝ｻ繧ｭ繝｣繝ｭ繝ｫ,LO,荵晏ｷ樣崕蜉帙く繝･繝ｼ繝Φ繝ｴ繧ｩ繝ｫ繝け繧ｹｼ2025-26ｼ,193,108,1993.10.11,32,繧ｿ繧ｦ繝ｩ繝ｳ繧ｬ繝懊ｼ繧､繧ｺ繧ｫ繝ｬ繝ず,,繧ｿ繧ｦ繝ｩ繝ｳ繧ｬ繝懊ｼ繧､繧ｺ繧ｫ繝ｬ繝ず,B,20,https://league-one.jp/player/483725,,,,,
Charlie Worthington,繝√Ε繝ｼ繝ｪ繝ｼ 繝ｻ繝ｯ繝ｼ繧ｸ繝ｳ繝医Φ,FB,荵晏ｷ樣崕蜉帙く繝･繝ｼ繝Φ繝ｴ繧ｩ繝ｫ繝け繧ｹｼ2025-26ｼ,178,88,2003.06.06,22,繧ｦ繧ｧ繝ｼ繝舌Μ繝ｼ鬮俶｡,,繧ｦ繧ｧ繝ｼ繝舌Μ繝ｼ,B,14,https://league-one.jp/player/483726,,,,,
Kosuke Oike,蟆ｾ豎 莠ｨ蜈,PR,荵晏ｷ樣崕蜉帙く繝･繝ｼ繝Φ繝ｴ繧ｩ繝ｫ繝け繧ｹｼ2025-26ｼ,183,112,1993.08.18,32,譌･蜷鷹ｫ俶｡,髢｢隘ｿ螟ｧ蟄ｦ,譌･蜷 髢｢隘ｿ,A,34,https://league-one.jp/player/483727,,,,,
Spencer Jeans,繧ｹ繝壹Φ繧ｵ繝ｼ 繝ｻ繧ｸ繝ｼ繝ｳ繧ｺ,SH,荵晏ｷ樣崕蜉帙く繝･繝ｼ繝Φ繝ｴ繧ｩ繝ｫ繝け繧ｹｼ2025-26ｼ,175,80,2000.10.19,25,TheSouthPortSchool鬮俶｡,,TheSouthPortSchool,B,13,https://league-one.jp/player/483728,,,,,
Taro Uesugi,荳頑揄 螟ｪ驛,PR,荵晏ｷ樣崕蜉帙く繝･繝ｼ繝Φ繝ｴ繧ｩ繝ｫ繝け繧ｹｼ2025-26ｼ,176,113,2001.12.30,24,辭頑悽隘ｿ鬮俶｡,蟶昜ｺｬ螟ｧ蟄ｦ,辭頑悽隘ｿ 蟶昜ｺｬ,A,12,https://league-one.jp/player/483729,,,,,
Riki Takebe,遶ｹ驛ｨ 蜉,PR,荵晏ｷ樣崕蜉帙く繝･繝ｼ繝Φ繝ｴ繧ｩ繝ｫ繝け繧ｹｼ2025-26ｼ,185,110,2002.02.09,23,螟ｧ蛻鮓ｴ鬮俶｡,豕墓帆螟ｧ蟄ｦ,螟ｧ蛻鮓ｴ 豕墓帆,A,3,https://league-one.jp/player/483730,,,,,
Shimpei Fukada,豺ｱ逕ｰ 譎句ｹｳ,CTB,荵晏ｷ樣崕蜉帙く繝･繝ｼ繝Φ繝ｴ繧ｩ繝ｫ繝け繧ｹｼ2025-26ｼ,184,92,2001.10.01,24,遖丞ｲ｡蟾･讌ｭ鬮俶｡,遖丞ｲ｡螟ｧ蟄ｦ,遖丞ｲ｡蟾･讌ｭ 遖丞ｲ｡,A,0,https://league-one.jp/player/483731,,,,,
Harrison Goddard,繝上Μ繧ｽ繝ｳ 繝ｻ繧ｴ繝繝ｼ繝,SH,貂⒧ｰｴ蟒ｺ險ｭ豎滓擲繝悶Ν繝ｼ繧ｷ繝｣繝ｼ繧ｯ繧ｹｼ2025-26ｼ,183,83,1998.04.08,27,OakhillCollege鬮俶｡,,OakhillCollege,C,1,https://league-one.jp/player/484200,,,,,
Cameron Bailey,繧ｭ繝｣繝｡繝ｭ繝ｳ 繝ｻ繝吶う繝ｪ繝ｼ,FB,貂⒧ｰｴ蟒ｺ險ｭ豎滓擲繝悶Ν繝ｼ繧ｷ繝｣繝ｼ繧ｯ繧ｹｼ2025-26ｼ,191,100,1996.02.21,29,AtAndrew窶冱College鬮俶｡,,AtAndrew窶冱College,A,33,https://league-one.jp/player/484201,,,,,
Maritino Nemani,繝槭Μ繝ぅ繝 繝ｻ繝阪繝,CTB,貂⒧ｰｴ蟒ｺ險ｭ豎滓擲繝悶Ν繝ｼ繧ｷ繝｣繝ｼ繧ｯ繧ｹｼ2025-26ｼ,181,104,1991.05.24,34,SacredHeartCollege鬮俶｡,,SacredHeartCollege,A,35,https://league-one.jp/player/484202,,,,,
Billy Burns,繝薙Μ繝ｼ 繝ｻ繝舌ｼ繝ｳ繧ｺ,SO,貂⒧ｰｴ蟒ｺ險ｭ豎滓擲繝悶Ν繝ｼ繧ｷ繝｣繝ｼ繧ｯ繧ｹｼ2025-26ｼ,183,87,1994.06.13,31,BeechenCliffSchool鬮俶｡,HartpuryCollege螟ｧ蟄ｦ,BeechenCliffSchool HartpuryCollege,C,2,https://league-one.jp/player/484203,,,,,
Ika Motulalo Takau,繧､繧ｫ 繝ｻ繝｢繝Λ繝ｭ繝ｻ繧ｿ繧ｫ繧ｦ,LO,貂⒧ｰｴ蟒ｺ險ｭ豎滓擲繝悶Ν繝ｼ繧ｷ繝｣繝ｼ繧ｯ繧ｹｼ2025-26ｼ,189,113,1995.01.09,30,TupouCollege鬮俶｡,豬夂ｵ梧ｸ亥､ｧ蟄ｦ,TupouCollege 豬夂ｵ梧ｸ亥､ｧ蟄ｦ,A,12,https://league-one.jp/player/484204,,,,,
Mahe Vailanu,繝槭 繝ｻ繝ｴ繧｡繧､繝ｩ繝,HO,貂⒧ｰｴ蟒ｺ險ｭ豎滓擲繝悶Ν繝ｼ繧ｷ繝｣繝ｼ繧ｯ繧ｹｼ2025-26ｼ,175,109,1997.01.25,28,AucklandGrammarSchool鬮俶｡,,AucklandGrammarSchool,B,1,https://league-one.jp/player/484205,,,,,
Genta Nishibata,隘ｿ遶ｯ 邇ｱｰ,FB,貂⒧ｰｴ蟒ｺ險ｭ豎滓擲繝悶Ν繝ｼ繧ｷ繝｣繝ｼ繧ｯ繧ｹｼ2025-26ｼ,176,82,2002.07.21,23,譚ｱ遖丞ｲ｡鬮俶｡,霑醍柄螟ｧ蟄ｦ,譚ｱ遖丞ｲ｡鬮俶｡ 霑醍柄螟ｧ蟄ｦ,A,3,https://league-one.jp/player/484206,,,,,
Tatsuya Fujioka,阯､蟯｡ 遶應ｹ,CTB,貂⒧ｰｴ蟒ｺ險ｭ豎滓擲繝悶Ν繝ｼ繧ｷ繝｣繝ｼ繧ｯ繧ｹｼ2025-26ｼ,183,95,2003.03.13,22,豬ｪ騾滄ｫ倡ｭ牙ｭｦ譬｡,霑醍柄螟ｧ蟄ｦ,豬ｪ騾滄ｫ倡ｭ牙ｭｦ譬｡ 霑醍柄螟ｧ蟄ｦ,A,11,https://league-one.jp/player/484207,,,,,
Daichi Sato,菴占陸 螟ｧ蝨ｰ,LO,貂⒧ｰｴ蟒ｺ險ｭ豎滓擲繝悶Ν繝ｼ繧ｷ繝｣繝ｼ繧ｯ繧ｹｼ2025-26ｼ,185,103,2003.01.26,22,蝨句ｭｸ髯｢譬惠鬮倡ｭ牙ｭｦ譬｡,譏取ｲｻ螟ｧ蟄ｦ,蝨句ｭｸ髯｢譬惠鬮倡ｭ牙ｭｦ譬｡ 譏取ｲｻ螟ｧ蟄ｦ,A,2,https://league-one.jp/player/484208,,,,,
Yongchol Kim,驥 蜍㍾憧,HO,貂⒧ｰｴ蟒ｺ險ｭ豎滓擲繝悶Ν繝ｼ繧ｷ繝｣繝ｼ繧ｯ繧ｹｼ2025-26ｼ,174,98,2002.11.12,23,螟ｧ髦ｪ譛晞ｮｮ鬮倡ｭ牙ｭｦ譬｡,譏取ｲｻ螟ｧ蟄ｦ,螟ｧ髦ｪ譛晞ｮｮ鬮倡ｭ牙ｭｦ譬｡ 譏取ｲｻ螟ｧ蟄ｦ,A,0,https://league-one.jp/player/484209,,,,,
Naohiro Aso,鮗ｻ逕 蟆壼ｮ,PR,貂⒧ｰｴ蟒ｺ險ｭ豎滓擲繝悶Ν繝ｼ繧ｷ繝｣繝ｼ繧ｯ繧ｹｼ2025-26ｼ,182,112,2002.06.10,23,譯占発蟄ｦ蝨帝ｫ倡ｭ牙ｭｦ譬｡,遲第ｳ｢螟ｧ蟄ｦ,譯占発蟄ｦ蝨帝ｫ倡ｭ牙ｭｦ譬｡ 遲第ｳ｢螟ｧ蟄ｦ,A,0,https://league-one.jp/player/484210,,,,,
Jui Nakamori,荳ｭ譽ｮ 讓ｹ逕,PR,貂⒧ｰｴ蟒ｺ險ｭ豎滓擲繝悶Ν繝ｼ繧ｷ繝｣繝ｼ繧ｯ繧ｹｼ2025-26ｼ,179,99,2002.04.14,23,蠕｡謇螳滓･ｭ鬮俶｡,遶区ｭ｣螟ｧ蟄ｦ,蠕｡謇螳滓･ｭ鬮俶｡ 遶区ｭ｣螟ｧ蟄ｦ,A,1,https://league-one.jp/player/484211,,,,,
Essendon Tuitupou,繧ｨ繝そ繝ｳ繝峨Φ 繝ｻ繝医ぇ繧､繝医ぇ繝昴え,WTB,貂⒧ｰｴ蟒ｺ險ｭ豎滓擲繝悶Ν繝ｼ繧ｷ繝｣繝ｼ繧ｯ繧ｹｼ2025-26ｼ,188,88,2003.12.14,22,KelstonBoysHighSchool鬮俶｡,,KelstonBoysHighSchool,B,16,https://league-one.jp/player/484212,,,,,
Terrence Hepetema,繝Ξ繝ｳ繧ｹ 繝ｻ縺ｸ繝励ユ繝,CTB,貂⒧ｰｴ蟒ｺ險ｭ豎滓擲繝悶Ν繝ｼ繧ｷ繝｣繝ｼ繧ｯ繧ｹｼ2025-26ｼ,183,95,1992.01.03,34,ManaCollege鬮俶｡,,ManaCollege,B,8,https://league-one.jp/player/484213,,,,,
Noah Foster,繝弱い 繝ｻ繝輔か繧ｹ繧ｿ繝ｼ,CTB,貂⒧ｰｴ蟒ｺ險ｭ豎滓擲繝悶Ν繝ｼ繧ｷ繝｣繝ｼ繧ｯ繧ｹｼ2025-26ｼ,180,95,1999.08.17,26,MountAlbertGrammarSchool鬮俶｡,AucklandUniversity螟ｧ蟄ｦ,MountAlbertGrammarSchool AucklandUniversity,B,6,https://league-one.jp/player/484214,,,,,
Hayden Cripps,繧ｯ繝ｪ繝繧ｹ 繝倥う繝Φ,SO,貂⒧ｰｴ蟒ｺ險ｭ豎滓擲繝悶Ν繝ｼ繧ｷ繝｣繝ｼ繧ｯ繧ｹｼ2025-26ｼ,177,83,1990.10.30,35,Wellingtoncollege鬮俶｡,Massey螟ｧ蟄ｦ,Wellingtoncollege Massey,A,26,https://league-one.jp/player/484215,,,,,
Sosiceni Tokoqio,繝医さ繧ｭ繧ｪ 繧ｽ繧ｷ繧ｻ繝,,貂⒧ｰｴ蟒ｺ險ｭ豎滓擲繝悶Ν繝ｼ繧ｷ繝｣繝ｼ繧ｯ繧ｹｼ2025-26ｼ,189,125,1993.02.01,32,KelstonBoysHighSchool鬮俶｡,螻ｱ譴ｨ蟄ｦ髯｢螟ｧ蟄ｦ,KelstonBoysHighSchool 螻ｱ譴ｨ蟄ｦ髯｢螟ｧ蟄ｦ,A,22,https://league-one.jp/player/484216,,,,,
Ed Holmes,繧ｨ繝 繝ｻ繝帙ｼ繝繧ｺ,LO,貂⒧ｰｴ蟒ｺ險ｭ豎滓擲繝悶Ν繝ｼ繧ｷ繝｣繝ｼ繧ｯ繧ｹｼ2025-26ｼ,198,118,1995.12.27,30,TruroCollege鬮俶｡,Plymouth螟ｧ蟄ｦ,TruroCollege Plymouth,B,12,https://league-one.jp/player/484217,,,,,
Yushi Takai,鬮倅ｺ 蜆ｪ蠢,WTB,貂⒧ｰｴ蟒ｺ險ｭ豎滓擲繝悶Ν繝ｼ繧ｷ繝｣繝ｼ繧ｯ繧ｹｼ2025-26ｼ,175,80,2001.03.26,24,蟶ｸ鄙泌ｭｦ蝨帝ｫ俶｡,豬夂ｵ梧ｸ亥､ｧ蟄ｦ,蟶ｸ鄙泌ｭｦ蝨帝ｫ俶｡ 豬夂ｵ梧ｸ亥､ｧ蟄ｦ,A,3,https://league-one.jp/player/484218,,,,,
Haruhiro Sakahara,蝮ょ次 譏･蜈,SH,貂⒧ｰｴ蟒ｺ險ｭ豎滓擲繝悶Ν繝ｼ繧ｷ繝｣繝ｼ繧ｯ繧ｹｼ2025-26ｼ,163,72,2001.02.27,24,譚ｱ豬ｷ螟ｧ莉ｰ譏滄ｫ俶｡,髢｢隘ｿ蟄ｦ髯｢螟ｧ蟄ｦ,譚ｱ豬ｷ螟ｧ莉ｰ譏滄ｫ俶｡ 髢｢隘ｿ蟄ｦ髯｢螟ｧ蟄ｦ,A,9,https://league-one.jp/player/484219,,,,,
Daisuke Yamato,螟ｧ蜥 螟ｧ逾,PR,貂⒧ｰｴ蟒ｺ險ｭ豎滓擲繝悶Ν繝ｼ繧ｷ繝｣繝ｼ繧ｯ繧ｹｼ2025-26ｼ,180,120,2000.04.28,25,譯千函隨ｬ荳鬮俶｡,遶区蕗螟ｧ蟄ｦ,譯千函隨ｬ荳鬮俶｡ 遶区蕗螟ｧ蟄ｦ,A,1,https://league-one.jp/player/484220,,,,,
Sanshiro Nomura,驥取搗 荳牙屁驛,PR,貂⒧ｰｴ蟒ｺ險ｭ豎滓擲繝悶Ν繝ｼ繧ｷ繝｣繝ｼ繧ｯ繧ｹｼ2025-26ｼ,177,110,2000.09.02,25,隘ｿ髯ｵ鬮俶｡,莠ｬ驛ｽ逕｣讌ｭ螟ｧ蟄ｦ,隘ｿ髯ｵ鬮俶｡ 莠ｬ驛ｽ逕｣讌ｭ螟ｧ蟄ｦ,A,25,https://league-one.jp/player/484221,,,,,
Uha Lee,譚 蜆ｪ豐ｳ,PR,貂⒧ｰｴ蟒ｺ險ｭ豎滓擲繝悶Ν繝ｼ繧ｷ繝｣繝ｼ繧ｯ繧ｹｼ2025-26ｼ,179,114,2001.02.28,24,螟ｧ髦ｪ譛晞ｮｮ鬮俶｡,蜷悟ｿ礼､ｾ螟ｧ蟄ｦ,螟ｧ髦ｪ譛晞ｮｮ鬮俶｡ 蜷悟ｿ礼､ｾ螟ｧ蟄ｦ,A,28,https://league-one.jp/player/484222,,,,,
Soichiro Kuwata,譯醍伐 螳嶺ｸ驛,SO,貂⒧ｰｴ蟒ｺ險ｭ豎滓擲繝悶Ν繝ｼ繧ｷ繝｣繝ｼ繧ｯ繧ｹｼ2025-26ｼ,170,74,2000.01.11,25,譯占発蟄ｦ蝨帝ｫ俶｡,髱貞ｱｱ蟄ｦ髯｢螟ｧ蟄ｦ,譯占発蟄ｦ蝨帝ｫ俶｡ 髱貞ｱｱ蟄ｦ髯｢螟ｧ蟄ｦ,A,26,https://league-one.jp/player/484223,,,,,
Tetsunori Osaki,螟ｧ繧ｵ繧ｭ,LO,貂⒧ｰｴ蟒ｺ險ｭ豎滓擲繝悶Ν繝ｼ繧ｷ繝｣繝ｼ繧ｯ繧ｹｼ2025-26ｼ,182,97,1999.04.26,26,蝗ｽ蟄ｦ髯｢荵⒧螻ｱ鬮俶｡,譌ｩ遞ｲ逕ｰ螟ｧ蟄ｦ,蝗ｽ蟄ｦ髯｢荵⒧螻ｱ鬮俶｡ 譌ｩ遞ｲ逕ｰ螟ｧ蟄ｦ,A,8,https://league-one.jp/player/484224,,,,,
Yasuyuki Yamamoto,螻ｱ譛ｬ 豕ｰ荵,HO,貂⒧ｰｴ蟒ｺ險ｭ豎滓擲繝悶Ν繝ｼ繧ｷ繝｣繝ｼ繧ｯ繧ｹｼ2025-26ｼ,170,95,2000.03.05,25,遏ｳ隕区匱鄙鬢ｨ鬮俶｡,螟ｩ逅､ｧ蟄ｦ,遏ｳ隕区匱鄙鬢ｨ鬮俶｡ 螟ｩ逅､ｧ蟄ｦ,A,9,https://league-one.jp/player/484225,,,,,
Kaito Tamori,逕ｰ譽ｮ 豬ｷ髻ｳ,HO,貂⒧ｰｴ蟒ｺ險ｭ豎滓擲繝悶Ν繝ｼ繧ｷ繝｣繝ｼ繧ｯ繧ｹｼ2025-26ｼ,180,93,1999.06.04,26,髟ｷ蟠主圏髯ｽ蜿ｰ鬮俶｡,譏取ｲｻ螟ｧ蟄ｦ,髟ｷ蟠主圏髯ｽ蜿ｰ鬮俶｡ 譏取ｲｻ螟ｧ蟄ｦ,A,33,https://league-one.jp/player/484226,,,'19 U20,,
Taketo Yoshikawa,蜷牙ｷ 雎ｪ莠ｺ,PR,貂⒧ｰｴ蟒ｺ險ｭ豎滓擲繝悶Ν繝ｼ繧ｷ繝｣繝ｼ繧ｯ繧ｹｼ2025-26ｼ,178,106,2000.01.05,26,螟ｧ髦ｪ蟄ｦ髯｢螟ｧ蟄ｦ鬮俶｡,豬夂ｵ梧ｸ亥､ｧ蟄ｦ,螟ｧ髦ｪ蟄ｦ髯｢螟ｧ蟄ｦ鬮俶｡ 豬夂ｵ梧ｸ亥､ｧ蟄ｦ,A,4,https://league-one.jp/player/484227,,,,,
Ryota Saito,鮨願陸 驕ｼ螟ｪ,PR,貂⒧ｰｴ蟒ｺ險ｭ豎滓擲繝悶Ν繝ｼ繧ｷ繝｣繝ｼ繧ｯ繧ｹｼ2025-26ｼ,182,114,1999.07.13,26,髢｢隘ｿ蟄ｦ髯｢鬮俶｡,髢｢隘ｿ蟄ｦ髯｢螟ｧ蟄ｦ,髢｢隘ｿ蟄ｦ髯｢鬮俶｡ 髢｢隘ｿ蟄ｦ髯｢螟ｧ蟄ｦ,A,29,https://league-one.jp/player/484228,,,,,
Usa Baleilautoka,繧ｦ繧ｵ 繝ｻ繝舌Ξ繧､繝ｩ繧ｦ繝医き,PR,貂⒧ｰｴ蟒ｺ險ｭ豎滓擲繝悶Ν繝ｼ繧ｷ繝｣繝ｼ繧ｯ繧ｹｼ2025-26ｼ,177,104,1996.06.27,29,KelstonBoysHighSchool鬮俶｡,遶区ｭ｣螟ｧ蟄ｦ,KelstonBoysHighSchool 遶区ｭ｣螟ｧ蟄ｦ,A,7,https://league-one.jp/player/484230,,,,,
Coenraad VanWyk,繧ｳ繝ｳ繝ｩ繝ラ 繝ｻ繝舌Φ繝ｯ繧､繧ｯ,FB,貂⒧ｰｴ蟒ｺ險ｭ豎滓擲繝悶Ν繝ｼ繧ｷ繝｣繝ｼ繧ｯ繧ｹｼ2025-26ｼ,184,93,1988.01.08,38,PaulRoosGymnasium鬮俶｡,Stellenbosch螟ｧ蟄ｦ,PaulRoosGymnasium Stellenbosch,A,46,https://league-one.jp/player/484231,,,,,
Tatsuhiro Ozaki,蟆ｾ繧ｶ繧ｭ,FB,貂⒧ｰｴ蟒ｺ險ｭ豎滓擲繝悶Ν繝ｼ繧ｷ繝｣繝ｼ繧ｯ繧ｹｼ2025-26ｼ,185,90,1995.08.13,30,譯占発蟄ｦ蝨帝ｫ俶｡,豕墓帆螟ｧ蟄ｦ,譯占発蟄ｦ蝨帝ｫ俶｡ 豕墓帆螟ｧ蟄ｦ,A,38,https://league-one.jp/player/484232,,,,,
Eiya Miyazaki,螳ｮ繧ｶ繧ｭ,WTB,貂⒧ｰｴ蟒ｺ險ｭ豎滓擲繝悶Ν繝ｼ繧ｷ繝｣繝ｼ繧ｯ繧ｹｼ2025-26ｼ,176,84,1996.06.05,29,髟ｷ蟠主圏髯ｽ蜿ｰ鬮俶｡,譏取ｲｻ螟ｧ蟄ｦ,髟ｷ蟠主圏髯ｽ蜿ｰ鬮俶｡ 譏取ｲｻ螟ｧ蟄ｦ,A,4,https://league-one.jp/player/484233,,,,,
Ryota Noda,驥守伐 豸ｼ螟ｪ,CTB,貂⒧ｰｴ蟒ｺ險ｭ豎滓擲繝悶Ν繝ｼ繧ｷ繝｣繝ｼ繧ｯ繧ｹｼ2025-26ｼ,178,86,1996.09.15,29,螟ｩ逅ｫ俶｡,螟ｩ逅､ｧ蟄ｦ,螟ｩ逅ｫ俶｡ 螟ｩ逅､ｧ蟄ｦ,A,25,https://league-one.jp/player/484234,,,,,
Takuya Kanemura,驥第搗 諡楢ｶ,CTB,貂⒧ｰｴ蟒ｺ險ｭ豎滓擲繝悶Ν繝ｼ繧ｷ繝｣繝ｼ繧ｯ繧ｹｼ2025-26ｼ,178,88,1995.09.13,30,蟶ｸ鄙泌蕪蜈牙ｭｦ蝨帝ｫ俶｡,譛晄律螟ｧ蟄ｦ,蟶ｸ鄙泌蕪蜈牙ｭｦ蝨帝ｫ俶｡ 譛晄律螟ｧ蟄ｦ,A,5,https://league-one.jp/player/484235,,,,,
Masaya Yamada,螻ｱ逕ｰ 髮⒥ｹ,SO,貂⒧ｰｴ蟒ｺ險ｭ豎滓擲繝悶Ν繝ｼ繧ｷ繝｣繝ｼ繧ｯ繧ｹｼ2025-26ｼ,171,82,1998.07.03,27,譯占発蟄ｦ蝨帝ｫ俶｡,遲第ｳ｢螟ｧ蟄ｦ,譯占発蟄ｦ蝨帝ｫ俶｡ 遲第ｳ｢螟ｧ蟄ｦ,A,5,https://league-one.jp/player/484236,,,,,
Reijiro Usui,閾ｼ莠 遉ｼ莠梧恬,SH,貂⒧ｰｴ蟒ｺ險ｭ豎滓擲繝悶Ν繝ｼ繧ｷ繝｣繝ｼ繧ｯ繧ｹｼ2025-26ｼ,171,75,1998.09.06,27,螟ｩ逅ｫ俶｡,螟ｩ逅､ｧ蟄ｦ,螟ｩ逅ｫ俶｡ 螟ｩ逅､ｧ蟄ｦ,A,29,https://league-one.jp/player/484237,,,,,
Yutaro Shirako,逋ｽ蟄 髮､ｪ驛,,貂⒧ｰｴ蟒ｺ險ｭ豎滓擲繝悶Ν繝ｼ繧ｷ繝｣繝ｼ繧ｯ繧ｹｼ2025-26ｼ,184,98,1993.01.10,32,諷ｶ諛臥ｾｩ蝪ｾ鬮俶｡,諷ｶ諛臥ｾｩ蝪ｾ螟ｧ蟄ｦ,諷ｶ諛臥ｾｩ蝪ｾ鬮俶｡ 諷ｶ諛臥ｾｩ蝪ｾ螟ｧ蟄ｦ,A,33,https://league-one.jp/player/484238,,,,,
Ginjiro Hase,髟ｷ隹ｷ 驫谺｡譛,FL,貂⒧ｰｴ蟒ｺ險ｭ豎滓擲繝悶Ν繝ｼ繧ｷ繝｣繝ｼ繧ｯ繧ｹｼ2025-26ｼ,180,95,1998.08.04,27,蠕｡謇螳滓･ｭ鬮俶｡,譌･譛ｬ螟ｧ蟄ｦ,蠕｡謇螳滓･ｭ鬮俶｡ 譌･譛ｬ螟ｧ蟄ｦ,A,23,https://league-one.jp/player/484239,,,,,
Kodai Takahashi,鬮俶ｩ 蠎､ｧ,FL,貂⒧ｰｴ蟒ｺ險ｭ豎滓擲繝悶Ν繝ｼ繧ｷ繝｣繝ｼ繧ｯ繧ｹｼ2025-26ｼ,184,102,1998.05.09,27,譯占発蟄ｦ蝨帝ｫ俶｡,譏取ｲｻ螟ｧ蟄ｦ,譯占発蟄ｦ蝨帝ｫ俶｡ 譏取ｲｻ螟ｧ蟄ｦ,A,22,https://league-one.jp/player/484240,,,,,
Haruki Matsudo,譚ｾ蝨 豐ｻ讓ｹ,FL,貂⒧ｰｴ蟒ｺ險ｭ豎滓擲繝悶Ν繝ｼ繧ｷ繝｣繝ｼ繧ｯ繧ｹｼ2025-26ｼ,180,96,1996.01.06,30,譌･蟾晞ｫ俶｡,蟆ゆｿｮ螟ｧ蟄ｦ,譌･蟾晞ｫ俶｡ 蟆ゆｿｮ螟ｧ蟄ｦ,A,24,https://league-one.jp/player/484241,,,,,
Suguru Hidaka,譌･鬮 鬧ｿ,LO,貂⒧ｰｴ蟒ｺ險ｭ豎滓擲繝悶Ν繝ｼ繧ｷ繝｣繝ｼ繧ｯ繧ｹｼ2025-26ｼ,191,108,1990.02.15,35,遲醍ｴｫ鬮俶｡,譏取ｲｻ螟ｧ蟄ｦ,遲醍ｴｫ鬮俶｡ 譏取ｲｻ螟ｧ蟄ｦ,A,24,https://league-one.jp/player/484242,,,,,
Ryota Sakino,蟠朱㍽ 隲貞､ｪ,LO,貂⒧ｰｴ蟒ｺ險ｭ豎滓擲繝悶Ν繝ｼ繧ｷ繝｣繝ｼ繧ｯ繧ｹｼ2025-26ｼ,185,103,1990.02.05,35,蟆丞蛾ｫ俶｡,遲第ｳ｢螟ｧ蟄ｦ,蟆丞蛾ｫ俶｡ 遲第ｳ｢螟ｧ蟄ｦ,A,8,https://league-one.jp/player/484243,,,,,
Riki Tanaka,逕ｰ荳ｭ 蛻ｩ霈,FL,貂⒧ｰｴ蟒ｺ險ｭ豎滓擲繝悶Ν繝ｼ繧ｷ繝｣繝ｼ繧ｯ繧ｹｼ2025-26ｼ,176,95,1998.10.18,27,譚ｱ豬ｷ螟ｧ莉ｰ譏滄ｫ俶｡,莠ｬ驛ｽ逕｣讌ｭ螟ｧ蟄ｦ,譚ｱ豬ｷ螟ｧ莉ｰ譏滄ｫ俶｡ 莠ｬ驛ｽ逕｣讌ｭ螟ｧ蟄ｦ,A,8,https://league-one.jp/player/484244,,,,,
Kumpei Onishi,螟ｧ隘ｿ 險灘ｹｳ,HO,貂⒧ｰｴ蟒ｺ險ｭ豎滓擲繝悶Ν繝ｼ繧ｷ繝｣繝ｼ繧ｯ繧ｹｼ2025-26ｼ,177,100,1996.04.26,29,蝨句ｭｸ髯｢荵⒧螻ｱ鬮俶｡,遲第ｳ｢螟ｧ蟄ｦ,蝨句ｭｸ髯｢荵⒧螻ｱ鬮俶｡ 遲第ｳ｢螟ｧ蟄ｦ,A,3,https://league-one.jp/player/484245,,,,,
Naomichi Tatekawa,遶句ｷ 逶ｴ驕,HO,貂⒧ｰｴ蟒ｺ險ｭ豎滓擲繝悶Ν繝ｼ繧ｷ繝｣繝ｼ繧ｯ繧ｹｼ2025-26ｼ,174,96,1988.10.31,37,螟ｩ逅ｫ俶｡,螟ｩ逅､ｧ蟄ｦ,螟ｩ逅ｫ俶｡ 螟ｩ逅､ｧ蟄ｦ,A,44,https://league-one.jp/player/484246,,,,,
Takatoshi Sugawara,闖⒦次 蟠㍻＊,PR,貂⒧ｰｴ蟒ｺ險ｭ豎滓擲繝悶Ν繝ｼ繧ｷ繝｣繝ｼ繧ｯ繧ｹｼ2025-26ｼ,175,105,1987.03.13,38,蜃ｽ鬢ｨ繝ｩ繝ｻ繧ｵ繝ｼ繝ｫ鬮俶｡,蜷悟ｿ礼､ｾ螟ｧ蟄ｦ,蜃ｽ鬢ｨ繝ｩ繝ｻ繧ｵ繝ｼ繝ｫ鬮俶｡ 蜷悟ｿ礼､ｾ螟ｧ蟄ｦ,A,26,https://league-one.jp/player/484247,,,,,
Daiki Shimura,蠢玲搗 螟ｪ蝓ｺ,PR,貂⒧ｰｴ蟒ｺ險ｭ豎滓擲繝悶Ν繝ｼ繧ｷ繝｣繝ｼ繧ｯ繧ｹｼ2025-26ｼ,170,100,1995.09.06,30,譯占発蟄ｦ蝨帝ｫ俶｡,謌占ｹ雁､ｧ蟄ｦ,譯占発蟄ｦ蝨帝ｫ俶｡ 謌占ｹ雁､ｧ蟄ｦ,A,16,https://league-one.jp/player/484248,,,,,
Tom Rowe,繝医Β 繝ｻ繝ｭ繧ｦ,LO,貂⒧ｰｴ蟒ｺ險ｭ豎滓擲繝悶Ν繝ｼ繧ｷ繝｣繝ｼ繧ｯ繧ｹｼ2025-26ｼ,200,110,1991.02.21,34,Otagoboyshighschool鬮俶｡,Otagouniversity螟ｧ蟄ｦ,Otagoboyshighschool Otagouniversity,A,39,https://league-one.jp/player/484249,,,,,
Shinya Nara,螂郁憶 逵溷ｼ･,PR,貂⒧ｰｴ蟒ｺ險ｭ豎滓擲繝悶Ν繝ｼ繧ｷ繝｣繝ｼ繧ｯ繧ｹｼ2025-26ｼ,180,105,2001.08.31,24,遘狗伐蟾･讌ｭ鬮俶｡,螟ｩ逅､ｧ蟄ｦ,遘狗伐蟾･讌ｭ鬮俶｡ 螟ｩ逅､ｧ蟄ｦ,A,5,https://league-one.jp/player/484250,,,,,
Koyo Adachi,螳蛾＃ 闊ｪ豢,LO,貂⒧ｰｴ蟒ｺ險ｭ豎滓擲繝悶Ν繝ｼ繧ｷ繝｣繝ｼ繧ｯ繧ｹｼ2025-26ｼ,190,107,2002.02.09,23,譯占発蟄ｦ蝨帝ｫ俶｡,譚ｱ莠ｬ蟄ｦ闃ｸ螟ｧ蟄ｦ,譯占発蟄ｦ蝨帝ｫ俶｡ 譚ｱ莠ｬ蟄ｦ闃ｸ螟ｧ蟄ｦ,A,17,https://league-one.jp/player/484251,,,,,
Tatsuya Kanetsuki,驥醍ｯ 驕比ｹ,SH,貂⒧ｰｴ蟒ｺ險ｭ豎滓擲繝悶Ν繝ｼ繧ｷ繝｣繝ｼ繧ｯ繧ｹｼ2025-26ｼ,181,80,2001.08.09,24,蝣ｱ蠕ｳ蟄ｦ蝨帝ｫ俶｡,髢｢隘ｿ蟄ｦ髯｢螟ｧ蟄ｦ,蝣ｱ蠕ｳ蟄ｦ蝨帝ｫ俶｡ 髢｢隘ｿ蟄ｦ髯｢螟ｧ蟄ｦ,A,18,https://league-one.jp/player/484252,,,,,
Maito Matsuo,譚ｾ蟆ｾ 逎ｨ莠ｺ,SH,貂⒧ｰｴ蟒ｺ險ｭ豎滓擲繝悶Ν繝ｼ繧ｷ繝｣繝ｼ繧ｯ繧ｹｼ2025-26ｼ,173,78,2001.07.02,24,TheSouthportSchool鬮俶｡,蜷悟ｿ礼､ｾ螟ｧ蟄ｦ,TheSouthportSchool 蜷悟ｿ礼､ｾ螟ｧ蟄ｦ,A,0,https://league-one.jp/player/484253,,,,,
Sione Talitui,繧ｷ繧ｪ繝 繝ｻ繧ｿ繝ｪ繝医ぇ繧､,FL,貂⒧ｰｴ蟒ｺ險ｭ豎滓擲繝悶Ν繝ｼ繧ｷ繝｣繝ｼ繧ｯ繧ｹｼ2025-26ｼ,187,110,1998.01.24,27,繧ｪ繝ｼ繧ｯ繝ｩ繝ｳ繝牙､ｧ蟄ｦ,Grammar螟ｧ蟄ｦ,Auckland Grammar School,C,1,https://league-one.jp/player/485527,,,,,
THOMAS Umaga JENSEN,繝医ｼ繝槭せ 繝ｻ繧ｦ繝槭ぎ=繧ｸ繧ｧ繝ｳ繧ｻ繝ｳ,CTB,雎顔伐閾ｪ蜍慕ｹ疲ｩ溘す繝｣繝医Ν繧ｺ諢帷衍ｼ2025-26ｼ,188,110,1997.12.31,28,繧ｹ繧ｳ繝ヤ繧ｫ繝ｬ繝ず,繧ｪ繧ｿ繧ｴ螟ｧ蟄ｦ,繧ｹ繧ｳ繝ヤ繧ｫ繝ｬ繝ず 繧ｪ繧ｿ繧ｴ螟ｧ蟄ｦ,B,2,https://league-one.jp/player/484392,,,,,
Ajay Faleafaga,繧ｨ繧､繧ｸ繧ｧ繧､ 繝ｻ繝輔ぃ繝ｬ繧｢繝輔ぃ繧ｬ,SO,雎顔伐閾ｪ蜍慕ｹ疲ｩ溘す繝｣繝医Ν繧ｺ諢帷衍ｼ2025-26ｼ,170,89,2003.02.02,22,繧ｻ繝ｳ繝医ヴ繝ｼ繧ｿ繝ｼ繧ｺ繧ｫ繝ｬ繝ず,繧ｪ繧ｿ繧ｴ螟ｧ蟄ｦ,繧ｻ繝ｳ繝医ヴ繝ｼ繧ｿ繝ｼ繧ｺ繧ｫ繝ｬ繝ず 繧ｪ繧ｿ繧ｴ螟ｧ蟄ｦ,B,0,https://league-one.jp/player/484393,,,,,
Yuta Tokunaga,蠕ｳ豌ｸ 蜆ｪ螟ｪ,UTB,雎顔伐閾ｪ蜍慕ｹ疲ｩ溘す繝｣繝医Ν繧ｺ諢帷衍ｼ2025-26ｼ,174,90,2002.12.19,23,菴占ｳ蟾･讌ｭ鬮俶｡,譌･譛ｬ螟ｧ蟄ｦ,菴占ｳ蟾･讌ｭ鬮俶｡ 譌･譛ｬ螟ｧ蟄ｦ,A,0,https://league-one.jp/player/484394,,,,,
Kei Sato,菴占陸 諷ｶ,HO,雎顔伐閾ｪ蜍慕ｹ疲ｩ溘す繝｣繝医Ν繧ｺ諢帷衍ｼ2025-26ｼ,169,100,1997.01.27,28,螟ｩ逅ｫ俶｡,螟ｩ逅､ｧ蟄ｦ,螟ｩ逅ｫ俶｡ 螟ｩ逅､ｧ蟄ｦ,A,17,https://league-one.jp/player/484395,,,'17 U23,,
Jack Dunne,繧ｸ繝｣繝け 繝ｻ繝繝ｳ,LO,雎顔伐閾ｪ蜍慕ｹ疲ｩ溘す繝｣繝医Ν繧ｺ諢帷衍ｼ2025-26ｼ,202,119,1998.11.21,27,繧ｻ繝ｳ繝医ｻ繝槭う繧ｱ繝ｫ繧ｺ繝ｻ繧ｫ繝ｬ繝ず,繝医Μ繝九ユ繧｣繝ｻ繧ｫ繝ｬ繝ず繝ｻ繝繝悶Μ繝ｳ螟ｧ蟄ｦ,繧ｻ繝ｳ繝医ｻ繝槭う繧ｱ繝ｫ繧ｺ繝ｻ繧ｫ繝ｬ繝ず 繝医Μ繝九ユ繧｣繝ｻ繧ｫ繝ｬ繝ず繝ｻ繝繝悶Μ繝ｳ,B,2,https://league-one.jp/player/484396,,,,,
Tulimafua Mahola Tupou,繝医ぇ繝ｪ繝槭ヵ繧｢ 繝ｻ繝槭繝ｩ繝ｻ繝医ぇ繝昴え,CTB,雎顔伐閾ｪ蜍慕ｹ疲ｩ溘す繝｣繝医Ν繧ｺ諢帷衍ｼ2025-26ｼ,185,105,2004.10.25,21,譌･譛ｬ闊ｪ遨ｺ遏ｳ蟾晞ｫ俶｡,螟ｩ逅､ｧ蟄ｦ,譌･譛ｬ闊ｪ遨ｺ遏ｳ蟾晞ｫ俶｡ 螟ｩ逅､ｧ蟄ｦ,A,0,https://league-one.jp/player/484397,,,,,
Lachlan Osborne,繝ｭ繝け繝ｩ繝ｳ 繝ｻ繧ｪ繧ｺ繝懊ｼ繝ｳ,LO,雎顔伐閾ｪ蜍慕ｹ疲ｩ溘す繝｣繝医Ν繧ｺ諢帷衍ｼ2025-26ｼ,194,115,1999.09.01,26,繧ｭ繝｣繝ｳ繝吶Λ繧ｰ繝ｩ繝槭ｼ繧ｹ繧ｯ繝ｼ繝ｫ鬮俶｡,繧ｭ繝｣繝ｳ繝吶Λ螟ｧ蟄ｦ,繧ｭ繝｣繝ｳ繝吶Λ繧ｰ繝ｩ繝槭ｼ繧ｹ繧ｯ繝ｼ繝ｫ 繧ｭ繝｣繝ｳ繝吶Λ螟ｧ蟄ｦ,A,10,https://league-one.jp/player/484398,,,,,
Sora Roland Alaiasa,繧｢繝ｩ繧､繧｢繧ｵ 遨ｺ繝ｭ繝ｼ繝ｩ繝ｳ繝,FB,雎顔伐閾ｪ蜍慕ｹ疲ｩ溘す繝｣繝医Ν繧ｺ諢帷衍ｼ2025-26ｼ,178,92,1995.07.10,30,繧ｱ繝ｫ繧ｹ繝医Φ繝懊ｼ繧､繧ｺ鬮俶｡,遶区ｭ｣螟ｧ蟄ｦ,繧ｱ繝ｫ繧ｹ繝医Φ繝懊ｼ繧､繧ｺ鬮俶｡ 遶区ｭ｣螟ｧ蟄ｦ,A,31,https://league-one.jp/player/484399,,,,,
Viliami Lutua Ahofono,繝ｴ繧｣繝ｪ繧｢繝 繝ｻ繝ｫ繝医ぇ繧｢繝ｻ繧｢繝帙ヵ繧ｩ繝,FL,雎顔伐閾ｪ蜍慕ｹ疲ｩ溘す繝｣繝医Ν繧ｺ諢帷衍ｼ2025-26ｼ,186,114,2000.10.08,25,繝医Φ繧ｬ繧ｫ繝ｬ繝ず,鞫ょ漉螟ｧ蟄ｦ,繝医Φ繧ｬ繧ｫ繝ｬ繝ず 鞫ょ漉螟ｧ蟄ｦ,A,23,https://league-one.jp/player/484400,,,,,
Daito Tone,逋ｻ譬ｹ 螟ｧ譁,SH,雎顔伐閾ｪ蜍慕ｹ疲ｩ溘す繝｣繝医Ν繧ｺ諢帷衍ｼ2025-26ｼ,165,72,2002.07.03,23,蠕｡謇螳滓･ｭ鬮俶｡,譏取ｲｻ螟ｧ蟄ｦ,蠕｡謇螳滓･ｭ鬮俶｡ 譏取ｲｻ螟ｧ蟄ｦ,A,0,https://league-one.jp/player/484401,,,,,
Daishi Nyui,荵ｳ莠 螟ｧ螢ｫ,PR,雎顔伐閾ｪ蜍慕ｹ疲ｩ溘す繝｣繝医Ν繧ｺ諢帷衍ｼ2025-26ｼ,168,109,2003.04.01,22,荳ｭ驛ｨ螟ｧ蟄ｦ譏･譌･荳倬ｫ俶｡,莠ｬ驛ｽ逕｣讌ｭ螟ｧ蟄ｦ,荳ｭ驛ｨ螟ｧ蟄ｦ譏･譌･荳倬ｫ俶｡ 莠ｬ驛ｽ逕｣讌ｭ螟ｧ蟄ｦ,A,0,https://league-one.jp/player/484402,,,,,
Kazushi Murata,譚醍伐 蜥悟ｿ,HO,雎顔伐閾ｪ蜍慕ｹ疲ｩ溘す繝｣繝医Ν繧ｺ諢帷衍ｼ2025-26ｼ,171,93,2002.04.22,23,莠ｬ驛ｽ謌千ｫ鬮俶｡,譚ｱ豬ｷ螟ｧ蟄ｦ,莠ｬ驛ｽ謌千ｫ鬮俶｡ 譚ｱ豬ｷ螟ｧ蟄ｦ,A,0,https://league-one.jp/player/484403,,,,,
Siale Otuhouma,繧ｷ繧｢繝ｬ 繝ｻ繧ｪ繝医ぇ繝帙え繝,PR,雎顔伐閾ｪ蜍慕ｹ疲ｩ溘す繝｣繝医Ν繧ｺ諢帷衍ｼ2025-26ｼ,178,108,2002.05.15,23,譚ｱ豬ｷ螟ｧ莉伜ｱ樒ｦ丞ｲ｡鬮俶｡,譚ｱ豬ｷ螟ｧ蟄ｦ,譚ｱ豬ｷ螟ｧ莉伜ｱ樒ｦ丞ｲ｡鬮俶｡ 譚ｱ豬ｷ螟ｧ蟄ｦ,A,3,https://league-one.jp/player/484404,,,,,
Sebastian Boshoff,繧ｻ繝舌せ繝√Ε繝ｳ 繝ｻ繝懊す繝ｧ繝,CTB,雎顔伐閾ｪ蜍慕ｹ疲ｩ溘す繝｣繝医Ν繧ｺ諢帷衍ｼ2025-26ｼ,180,88,2002.07.23,23,繝代ｼ繝ｫ繝懊ｼ繧､繧ｺ繝上う繧ｹ繧ｯ繝ｼ繝ｫ鬮俶｡,螻ｱ譴ｨ蟄ｦ髯｢螟ｧ蟄ｦ,繝代ｼ繝ｫ繝懊ｼ繧､繧ｺ繝上う繧ｹ繧ｯ繝ｼ繝ｫ 螻ｱ譴ｨ蟄ｦ髯｢螟ｧ蟄ｦ,A,0,https://league-one.jp/player/484405,,,,,
Kento Grateley,繧ｰ繝ｬ繧､繝医Μ繝ｼ 迪ｮ莠ｺ,FB,雎顔伐閾ｪ蜍慕ｹ疲ｩ溘す繝｣繝医Ν繧ｺ諢帷衍ｼ2025-26ｼ,183,82,2005.11.11,20,荳ｭ驛ｨ螟ｧ蟄ｦ譏･譌･荳倬ｫ俶｡,,荳ｭ驛ｨ螟ｧ蟄ｦ譏･譌･荳倬ｫ俶｡,A,0,https://league-one.jp/player/484406,,,,,
Tom Florence,繝医Β 繝ｻ繝輔Ο繝ｼ繝ｬ繝ｳ繧ｹ,,雎顔伐閾ｪ蜍慕ｹ疲ｩ溘す繝｣繝医Ν繧ｺ諢帷衍ｼ2025-26ｼ,190,109,1998.05.20,27,繝九Η繝ｼ繝励Μ繝槭せ繝懊ｼ繧､繧ｺ鬮俶｡,繝ｯ繧､繧ｫ繝亥､ｧ蟄ｦ,繝九Η繝ｼ繝励Μ繝槭せ繝懊ｼ繧､繧ｺ 繝ｯ繧､繧ｫ繝亥､ｧ蟄ｦ,B,1,https://league-one.jp/player/484407,,,,,
Isileli Manu,繧､繧ｷ繝ｬ繝ｪ 繝ｻ繝槭レ,,雎顔伐閾ｪ蜍慕ｹ疲ｩ溘す繝｣繝医Ν繧ｺ諢帷衍ｼ2025-26ｼ,191,120,1999.07.20,26,繝ぅ繝ｫ繝ｯ繝ｼ繧ｹ鬮俶｡,,繝ぅ繝ｫ繝ｯ繝ｼ繧ｹ鬮俶｡,A,36,https://league-one.jp/player/484408,,,,,
Fritz Jahnke-Tavana,繝輔Μ繝ヤ 繝ｻ繝､繝ｳ繧ｱ繧ｿ繝ｴ繧｡繝,LO,雎顔伐閾ｪ蜍慕ｹ疲ｩ溘す繝｣繝医Ν繧ｺ諢帷衍ｼ2025-26ｼ,201,116,2003.08.06,22,繧ｦ繧ｧ繝舌Μ繝ｼ繧ｫ繝ｬ繝ず,,繧ｦ繧ｧ繝舌Μ繝ｼ繧ｫ繝ｬ繝ず,B,3,https://league-one.jp/player/484409,,,,,
Josua Kerevi,繧ｱ繝ｬ繝 繧ｸ繝ｧ繧ｷ繝･繧｢,UTB,雎顔伐閾ｪ蜍慕ｹ疲ｩ溘す繝｣繝医Ν繧ｺ諢帷衍ｼ2025-26ｼ,190,105,1992.06.18,33,繝翫ち繝ｳ繝悶い鬮俶｡,螟ｩ逅､ｧ蟄ｦ,繝翫ち繝ｳ繝悶い鬮俶｡ 螟ｩ逅､ｧ蟄ｦ,A,39,https://league-one.jp/player/484410,,,,,
Tiaan Thomaswheeler,繝ぅ繧｢繝ｳ 繝ｻ繝医ｼ繝槭せ繧ｦ繧｣繝ｼ繝ｩ繝ｼ,CTB,雎顔伐閾ｪ蜍慕ｹ疲ｩ溘す繝｣繝医Ν繧ｺ諢帷衍ｼ2025-26ｼ,193,101,1999.11.19,26,Llangawtg鬮俶｡,NeathPortTalbotGroups螟ｧ蟄ｦ,Llangawtg NeathPortTalbotGroups,B,22,https://league-one.jp/player/484411,,,,,
Taisei Okamoto,蟯｡譛ｬ 豕ｰ譁,SH,雎顔伐閾ｪ蜍慕ｹ疲ｩ溘す繝｣繝医Ν繧ｺ諢帷衍ｼ2025-26ｼ,173,77,2001.01.30,24,荳ｭ驛ｨ螟ｧ蟄ｦ譏･譌･荳倬ｫ俶｡,蟶昜ｺｬ螟ｧ蟄ｦ,荳ｭ驛ｨ螟ｧ蟄ｦ譏･譌･荳倬ｫ俶｡ 蟶昜ｺｬ螟ｧ蟄ｦ,A,4,https://league-one.jp/player/484412,,,,,
Daigo Doi,蝨溷ｱ 螟ｧ蜷ｾ,CTB,雎顔伐閾ｪ蜍慕ｹ疲ｩ溘す繝｣繝医Ν繧ｺ諢帷衍ｼ2025-26ｼ,178,93,2000.11.23,25,豬夂ｵ梧ｸ亥､ｧ蟄ｦ莉伜ｱ樊沛鬮俶｡,豬夂ｵ梧ｸ亥､ｧ蟄ｦ,豬夂ｵ梧ｸ亥､ｧ蟄ｦ莉伜ｱ樊沛鬮俶｡ 豬夂ｵ梧ｸ亥､ｧ蟄ｦ,A,11,https://league-one.jp/player/484413,,,,,
Seta Naivaluwaqa,繝翫う繝舌Ν繝ｯ繧ｬ 繧ｻ繧ｿ,LO,雎顔伐閾ｪ蜍慕ｹ疲ｩ溘す繝｣繝医Ν繧ｺ諢帷衍ｼ2025-26ｼ,187,103,2001.01.09,24,遘狗伐蟾･讌ｭ鬮俶｡,螟ｩ逅､ｧ蟄ｦ,遘狗伐蟾･讌ｭ鬮俶｡ 螟ｩ逅､ｧ蟄ｦ,A,23,https://league-one.jp/player/484414,,,,,
Keita Ichikawa,蟶ょｷ 謨ｬ螟ｪ,CTB,雎顔伐閾ｪ蜍慕ｹ疲ｩ溘す繝｣繝医Ν繧ｺ諢帷衍ｼ2025-26ｼ,172,83,1998.10.10,27,譌･譁ｰ鬮俶｡,螟ｩ逅､ｧ蟄ｦ,譌･譁ｰ鬮俶｡ 螟ｩ逅､ｧ蟄ｦ,A,21,https://league-one.jp/player/484415,,,,,
James Mollentze,繧ｸ繧ｧ繝ｼ繝繧ｺ 繝ｻ繝｢繝ｬ繝ｳ繝ぉ,CTB,雎顔伐閾ｪ蜍慕ｹ疲ｩ溘す繝｣繝医Ν繧ｺ諢帷衍ｼ2025-26ｼ,181,91,1999.07.08,26,繧｢繧ｦ繝ル繧ｯ繧｢鬮俶｡,繝輔Μ繝ｼ繧ｹ繝ｼ繝亥､ｧ蟄ｦ,繧｢繧ｦ繝ル繧ｯ繧｢鬮俶｡ 繝輔Μ繝ｼ繧ｹ繝ｼ繝亥､ｧ蟄ｦ,B,39,https://league-one.jp/player/484416,,,,,
James Gaskell,繧ｸ繧ｧ繝ｼ繝繧ｺ 繝ｻ繧ｬ繧ｹ繧ｱ繝ｫ,LO,雎顔伐閾ｪ蜍慕ｹ疲ｩ溘す繝｣繝医Ν繧ｺ諢帷衍ｼ2025-26ｼ,201,117,1990.05.20,35,SandbachSchool鬮俶｡,Setantacollege螟ｧ蟄ｦ,SandbachSchool Setantacollege,C,35,https://league-one.jp/player/484417,,,,,
Ryota Fukamura,豺ｱ譚 莠ｮ螟ｪ,PR,雎顔伐閾ｪ蜍慕ｹ疲ｩ溘す繝｣繝医Ν繧ｺ諢帷衍ｼ2025-26ｼ,186,125,1993.07.23,32,菴占ｳ蟾･讌ｭ鬮俶｡,蟶昜ｺｬ螟ｧ蟄ｦ,菴占ｳ蟾･讌ｭ鬮俶｡ 蟶昜ｺｬ螟ｧ蟄ｦ,A,37,https://league-one.jp/player/484418,,,,,
Atsushi Yumoto,貉ｯ譛ｬ 逹ｦ,SH,雎顔伐閾ｪ蜍慕ｹ疲ｩ溘す繝｣繝医Ν繧ｺ諢帷衍ｼ2025-26ｼ,165,70,1994.05.02,31,譚ｱ豬ｷ螟ｧ蟄ｦ莉伜ｱ槫､ｧ髦ｪ莉ｰ譏滄ｫ俶｡,譚ｱ豬ｷ螟ｧ蟄ｦ,譚ｱ豬ｷ螟ｧ蟄ｦ莉伜ｱ槫､ｧ髦ｪ莉ｰ譏滄ｫ俶｡ 譚ｱ豬ｷ螟ｧ蟄ｦ,A,30,https://league-one.jp/player/484419,,,'12 鬮俶｡,,
Nagito Uno,魴憺㍽ 蜃ｪ譁,HO,雎顔伐閾ｪ蜍慕ｹ疲ｩ溘す繝｣繝医Ν繧ｺ諢帷衍ｼ2025-26ｼ,181,100,2003.07.12,22,螂郁憶逵檎ｫ句ｾ｡謇螳滓･ｭ鬮俶｡,,螂郁憶逵檎ｫ句ｾ｡謇螳滓･ｭ鬮俶｡,A,0,https://league-one.jp/player/484420,,,,,
Hiroto Ogasahara,蟆冗ｬ蜴 蟇帑ｺｺ,WTB,雎顔伐閾ｪ蜍慕ｹ疲ｩ溘す繝｣繝医Ν繧ｺ諢帷衍ｼ2025-26ｼ,184,95,1999.06.17,26,蟶らｫ句ｰｼ蟠朱ｫ俶｡,螟ｧ髦ｪ逕｣讌ｭ螟ｧ蟄ｦ,蟶らｫ句ｰｼ蟠朱ｫ俶｡ 螟ｧ髦ｪ逕｣讌ｭ螟ｧ蟄ｦ,A,7,https://league-one.jp/player/484421,,,,,
Tama Kapene,繧ｿ繝 繝ｻ繧ｫ繝壹ロ,FL,雎顔伐閾ｪ蜍慕ｹ疲ｩ溘す繝｣繝医Ν繧ｺ諢帷衍ｼ2025-26ｼ,187,110,1999.05.03,26,繧ｹ繧ｳ繝ヤ鬮俶｡,豬夂ｵ梧ｸ亥､ｧ蟄ｦ,繧ｹ繧ｳ繝ヤ鬮俶｡ 豬夂ｵ梧ｸ亥､ｧ蟄ｦ,A,28,https://league-one.jp/player/484422,,,,,
Harutomo Kodera,蟆丞ｯｺ 譎ｴ螟ｧ,PR,雎顔伐閾ｪ蜍慕ｹ疲ｩ溘す繝｣繝医Ν繧ｺ諢帷衍ｼ2025-26ｼ,184,125,1998.09.17,27,髢｢隘ｿ蟄ｦ髯｢鬮倡ｭ蛾Κ鬮俶｡,髢｢隘ｿ蟄ｦ髯｢螟ｧ蟄ｦ,髢｢隘ｿ蟄ｦ髯｢鬮倡ｭ蛾Κ 髢｢隘ｿ蟄ｦ髯｢螟ｧ蟄ｦ,A,18,https://league-one.jp/player/484423,,,,,
Akito Fujinami,阯､豬ｪ 霈昜ｺｺ,HO,雎顔伐閾ｪ蜍慕ｹ疲ｩ溘す繝｣繝医Ν繧ｺ諢帷衍ｼ2025-26ｼ,170,95,1995.08.31,30,莨剰ｦ句ｷ･讌ｭ鬮俶｡,螟ｩ逅､ｧ蟄ｦ,莨剰ｦ句ｷ･讌ｭ鬮俶｡ 螟ｩ逅､ｧ蟄ｦ,A,32,https://league-one.jp/player/484424,,,,,
Naoya Ishibashi,遏ｳ讖 蟆壻ｹ,PR,雎顔伐閾ｪ蜍慕ｹ疲ｩ溘す繝｣繝医Ν繧ｺ諢帷衍ｼ2025-26ｼ,173,103,1996.08.25,29,霑大､ｧ莉伜ｱ樣ｫ俶｡,霑醍柄螟ｧ蟄ｦ,霑大､ｧ莉伜ｱ樣ｫ俶｡ 霑醍柄螟ｧ蟄ｦ,A,3,https://league-one.jp/player/484425,,,,,
Yamato Matsuoka,譚ｾ蟯｡ 螟ｧ蜥,FL,雎顔伐閾ｪ蜍慕ｹ疲ｩ溘す繝｣繝医Ν繧ｺ諢帷衍ｼ2025-26ｼ,178,94,1998.05.31,27,逕ｲ蜊鈴ｫ俶｡,螟ｩ逅､ｧ蟄ｦ,逕ｲ蜊鈴ｫ俶｡ 螟ｩ逅､ｧ蟄ｦ,A,29,https://league-one.jp/player/484426,,,,,
Hiroaki Saito,鮨願陸 螟ｧ譛,WTB,雎顔伐閾ｪ蜍慕ｹ疲ｩ溘す繝｣繝医Ν繧ｺ諢帷衍ｼ2025-26ｼ,181,92,1999.02.05,26,譯占発蟄ｦ蝨帝ｫ俶｡,譏取ｲｻ螟ｧ蟄ｦ,譯占発蟄ｦ蝨帝ｫ俶｡ 譏取ｲｻ螟ｧ蟄ｦ,A,8,https://league-one.jp/player/484427,,,,,
Takumi Suzuki,驤ｴ譛ｨ 蛹,FB,雎顔伐閾ｪ蜍慕ｹ疲ｩ溘す繝｣繝医Ν繧ｺ諢帷衍ｼ2025-26ｼ,184,89,1998.09.02,27,譛ｭ蟷悟ｱｱ縺ｮ謇矩ｫ俶｡,螟ｧ譚ｱ譁㍾喧螟ｧ蟄ｦ,譛ｭ蟷悟ｱｱ縺ｮ謇矩ｫ俶｡ 螟ｧ譚ｱ譁㍾喧螟ｧ蟄ｦ,A,9,https://league-one.jp/player/484428,,,,,
Go Nakano,荳ｭ驥 雎ｪ,WTB,雎顔伐閾ｪ蜍慕ｹ疲ｩ溘す繝｣繝医Ν繧ｺ諢帷衍ｼ2025-26ｼ,170,85,1996.12.09,29,蟶ｸ鄙泌蕪蜈牙ｭｦ蝨帝ｫ俶｡,螟ｩ逅､ｧ蟄ｦ,蟶ｸ鄙泌蕪蜈牙ｭｦ蝨帝ｫ俶｡ 螟ｩ逅､ｧ蟄ｦ,A,34,https://league-one.jp/player/484429,,,,,
Takumi Sue,譛ｫ 諡灘ｮ,SH,雎顔伐閾ｪ蜍慕ｹ疲ｩ溘す繝｣繝医Ν繧ｺ諢帷衍ｼ2025-26ｼ,165,66,1998.03.08,27,髟ｷ蟠主圏髯ｽ蜿ｰ鬮俶｡,蟶昜ｺｬ螟ｧ蟄ｦ,髟ｷ蟠主圏髯ｽ蜿ｰ鬮俶｡ 蟶昜ｺｬ螟ｧ蟄ｦ,A,24,https://league-one.jp/player/484430,,,'17 U20縲'17 U23,,
Taishi Nakamura,荳ｭ譚 螟ｧ蠢,LO,雎顔伐閾ｪ蜍慕ｹ疲ｩ溘す繝｣繝医Ν繧ｺ諢帷衍ｼ2025-26ｼ,189,110,1995.09.05,30,螟ｧ髦ｪ譯占発鬮俶｡,遲第ｳ｢螟ｧ蟄ｦ,螟ｧ髦ｪ譯占発鬮俶｡ 遲第ｳ｢螟ｧ蟄ｦ,A,32,https://league-one.jp/player/484431,,,'13 鬮俶｡,,
Tomoki Yamaguchi,螻ｱ蜿｣ 遏･雋ｴ,PR,雎顔伐閾ｪ蜍慕ｹ疲ｩ溘す繝｣繝医Ν繧ｺ諢帷衍ｼ2025-26ｼ,174,106,1994.09.28,31,螟ｩ逅ｫ俶｡,螟ｩ逅､ｧ蟄ｦ,螟ｩ逅ｫ俶｡ 螟ｩ逅､ｧ蟄ｦ,A,39,https://league-one.jp/player/484432,,,,,
Takuya Tsushida,豢･蠢礼伐 蜊灘悼,PR,雎顔伐閾ｪ蜍慕ｹ疲ｩ溘す繝｣繝医Ν繧ｺ諢帷衍ｼ2025-26ｼ,182,110,1996.01.03,30,譌ｩ遞ｲ逕ｰ鞫る匏鬮俶｡,譚ｱ豬ｷ螟ｧ蟄ｦ,譌ｩ遞ｲ逕ｰ鞫る匏鬮俶｡ 譚ｱ豬ｷ螟ｧ蟄ｦ,A,15,https://league-one.jp/player/484433,,,,,
Nobuhisa Takahashi,鬮俶ｩ 菫｡荵,PR,雎顔伐閾ｪ蜍慕ｹ疲ｩ溘す繝｣繝医Ν繧ｺ諢帷衍ｼ2025-26ｼ,180,120,1998.09.02,27,譛晄鬮俶｡,,譛晄鬮俶｡,A,23,https://league-one.jp/player/484434,,,,,
Raia Takashima,鬮伜ｳｶ 萓ｺ,SH,雎顔伐閾ｪ蜍慕ｹ疲ｩ溘す繝｣繝医Ν繧ｺ諢帷衍ｼ2025-26ｼ,184,77,2005.03.23,20,譚ｱ豬ｷ螟ｧ蟄ｦ莉伜ｱ槫､ｧ髦ｪ莉ｰ譏滄ｫ俶｡,,譚ｱ豬ｷ螟ｧ蟄ｦ莉伜ｱ槫､ｧ髦ｪ莉ｰ譏滄ｫ俶｡,A,1,https://league-one.jp/player/484435,,,,,
Shion Matsuda,譚ｾ逕ｰ 遏･諱ｩ,SO,雎顔伐閾ｪ蜍慕ｹ疲ｩ溘す繝｣繝医Ν繧ｺ諢帷衍ｼ2025-26ｼ,178,74,2004.12.06,21,譚ｱ豬ｷ螟ｧ蟄ｦ莉伜ｱ槫､ｧ髦ｪ莉ｰ譏滄ｫ俶｡,,譚ｱ豬ｷ螟ｧ蟄ｦ莉伜ｱ槫､ｧ髦ｪ莉ｰ譏滄ｫ俶｡,A,0,https://league-one.jp/player/484436,,,,,
Ken Tonobe,謌ｸ驥朱Κ 隰,CTB,雎顔伐閾ｪ蜍慕ｹ疲ｩ溘す繝｣繝医Ν繧ｺ諢帷衍ｼ2025-26ｼ,177,92,2000.07.01,25,蟯宣蟾･讌ｭ鬮俶｡,螟ｧ譚ｱ譁㍾喧螟ｧ蟄ｦ,蟯宣蟾･讌ｭ鬮俶｡ 螟ｧ譚ｱ譁㍾喧螟ｧ蟄ｦ,A,7,https://league-one.jp/player/484437,,,,,
Viliame Suwawa,繝ｴ繧｣繝ｪ繧｢繝 繝ｻ繧ｹ繝ｯ繝ｯ,CTB,雎顔伐閾ｪ蜍慕ｹ疲ｩ溘す繝｣繝医Ν繧ｺ諢帷衍ｼ2025-26ｼ,184,103,1998.01.18,27,繧ｹ繝ｴ繧｡繧ｰ繝ｩ繝槭ｼ鬮俶｡,諡捺ｮ門､ｧ蟄ｦ,繧ｹ繝ｴ繧｡繧ｰ繝ｩ繝槭ｼ鬮俶｡ 諡捺ｮ門､ｧ蟄ｦ,A,8,https://league-one.jp/player/484438,,,,,
Taleni Seu,繧ｿ繝ｬ繝 繝ｻ繧ｻ繧ｦ,,雎顔伐閾ｪ蜍慕ｹ疲ｩ溘す繝｣繝医Ν繧ｺ諢帷衍ｼ2025-26ｼ,201,119,1993.12.26,32,繧ｪ繝阪ヵ繝ｳ繧ｬ鬮俶｡,,繧ｪ繝阪ヵ繝ｳ繧ｬ鬮俶｡,C,34,https://league-one.jp/player/484439,,,,,
Chance Peni,繝√Ε繝ｳ繧ｹ 繝ｻ繝壹ル,WTB,雎顔伐閾ｪ蜍慕ｹ疲ｩ溘す繝｣繝医Ν繧ｺ諢帷衍ｼ2025-26ｼ,191,98,1994.01.17,31,繧ｵ繧ｦ繧ｹ繝ｩ繝ｳ繝峨繝ｼ繧､繧ｺ鬮俶｡,繧｢繝ｩ繝ｳ繝｢繧｢繧ｫ繧ｽ繝ｪ繝け繧ｫ繝ｬ繝ず,繧ｵ繧ｦ繧ｹ繝ｩ繝ｳ繝峨繝ｼ繧､繧ｺ鬮俶｡ 繧｢繝ｩ繝ｳ繝｢繧｢繧ｫ繧ｽ繝ｪ繝け繧ｫ繝ｬ繝ず,A,31,https://league-one.jp/player/484440,,,,,
Takuma Oyama,螟ｧ螻ｱ 蜊鍋悄,HO,雎顔伐閾ｪ蜍慕ｹ疲ｩ溘す繝｣繝医Ν繧ｺ諢帷衍ｼ2025-26ｼ,170,93,2001.12.25,24,蝣ｱ蠕ｳ蟄ｦ蝨帝ｫ俶｡,蜷悟ｿ礼､ｾ螟ｧ蟄ｦ,蝣ｱ蠕ｳ蟄ｦ蝨 蜷悟ｿ礼､ｾ螟ｧ蟄ｦ,A,18,https://league-one.jp/player/484441,,,,,
Cheng Chao Yi,驗ｭ 蜈ｯ,FL,雎顔伐閾ｪ蜍慕ｹ疲ｩ溘す繝｣繝医Ν繧ｺ諢帷衍ｼ2025-26ｼ,185,105,1999.11.24,26,遶ｹ蝨帝ｫ俶｡,螟ｩ逅､ｧ蟄ｦ,遶ｹ蝨帝ｫ俶｡ 螟ｩ逅､ｧ蟄ｦ,A,17,https://league-one.jp/player/484442,,,,,
Taiga Matsuoka,譚ｾ蟯｡ 螟ｧ豐ｳ,WTB,雎顔伐閾ｪ蜍慕ｹ疲ｩ溘す繝｣繝医Ν繧ｺ諢帷衍ｼ2025-26ｼ,171,80,2001.09.03,24,譚ｱ遖丞ｲ｡鬮俶｡,莠ｬ驛ｽ逕｣讌ｭ螟ｧ蟄ｦ,譚ｱ遖丞ｲ｡鬮俶｡ 莠ｬ驛ｽ逕｣讌ｭ螟ｧ蟄ｦ,A,2,https://league-one.jp/player/484443,,,,,
Christian Lealiifano,繧ｯ繝ｪ繧ｹ繝√Ε繝ｳ 繝ｻ繝ｪ繧｢繝ｪ繝ｼ繝輔ぃ繝,SO,雎顔伐閾ｪ蜍慕ｹ疲ｩ溘す繝｣繝医Ν繧ｺ諢帷衍ｼ2025-26ｼ,179,92,1987.09.24,38,繝斐ｼ繧ｿ繝ｼ繝ｩ繝ｩ繝ｼ繧ｻ繧ｫ繝ｳ繝繝ｪ繝ｼ繧ｫ繝ｬ鬮俶｡,,繝斐ｼ繧ｿ繝ｼ繝ｩ繝ｩ繝ｼ繧ｻ繧ｫ繝ｳ繝繝ｪ繝ｼ繧ｫ繝ｬ,C,2,https://league-one.jp/player/486434,,,,,
Ieremia Mataena,繧､繧ｨ繝ｬ繝溘い 繝ｻ繝槭ち繧ｨ繝,PR,雎顔伐閾ｪ蜍慕ｹ疲ｩ溘す繝｣繝医Ν繧ｺ諢帷衍ｼ2025-26ｼ,180,120,1995.09.03,30,繧ｱ繝ｫ繧ｹ繝医Φ繝懊ｼ繧､繧ｺ鬮俶｡,鞫ょ漉螟ｧ蟄ｦ,繧ｱ繝ｫ繧ｹ繝医Φ繝懊ｼ繧､繧ｺ鬮俶｡ 鞫ょ漉螟ｧ蟄ｦ,A,8,https://league-one.jp/player/488119,,,,,
Liekina Kaufusi,繝ｪ繧ｨ繧ｭ繝 繝ｻ繧ｫ繧ｦ繝輔す,WTB,譌･譛ｬ陬ｽ驩∪遏ｳ繧ｷ繝ｼ繧ｦ繧ｧ繧､繝悶せｼ2025-26ｼ,182,98,1998.01.24,27,繝医Φ繧ｬ繝ｻ繧ｫ繝ｬ繝ず,譌･譛ｬ譁㍼炊螟ｧ蟄ｦ,繝医Φ繧ｬ繝ｻ繧ｫ繝ｬ繝ず 譌･譛ｬ譁㍼炊螟ｧ蟄ｦ,A,8,https://league-one.jp/player/484478,,,,,
Troy Hallett,繝医Ο繧､ 繝ｻ繝上Ξ繝ヨ,PR,譌･譛ｬ陬ｽ驩∪遏ｳ繧ｷ繝ｼ繧ｦ繧ｧ繧､繝悶せｼ2025-26ｼ,183,114,1995.09.24,30,繝ｪ繝ｳ繧ｫ繝ｳ繝ｻ繝上う繝ｻ繧ｹ繧ｯ繝ｼ繝ｫ鬮俶｡,,繝ｪ繝ｳ繧ｫ繝ｳ繝ｻ繝上う繝ｻ繧ｹ繧ｯ繝ｼ繝ｫ,B,2,https://league-one.jp/player/484479,,,,,
Lulu Paea,繝ｫ繝ｫ 繝ｻ繝代お繧｢,HO,譌･譛ｬ陬ｽ驩∪遏ｳ繧ｷ繝ｼ繧ｦ繧ｧ繧､繝悶せｼ2025-26ｼ,171,105,2003.06.03,22,繧ｻ繝ｳ繝医ｻ繧ｨ繝峨Ρ繝ｼ繧ｺ繝ｻ繧ｫ繝ｬ繝ず,,繧ｻ繝ｳ繝医ｻ繧ｨ繝峨Ρ繝ｼ繧ｺ繝ｻ繧ｫ繝ｬ繝ず,B,1,https://league-one.jp/player/484480,,,,,
Connor Seve,繧ｳ繝翫ｼ 繝ｻ繧ｻ繝ｴ繧ｧ,LO,譌･譛ｬ陬ｽ驩∪遏ｳ繧ｷ繝ｼ繧ｦ繧ｧ繧､繝悶せｼ2025-26ｼ,201,116,2002.01.07,24,繝医Μ繝九ユ繧｣繝ｻ繧ｫ繝ｬ繝ず,,繝医Μ繝九ユ繧｣繝ｻ繧ｫ繝ｬ繝ず,B,0,https://league-one.jp/player/484481,,,,,
Shinnosuke Tafokitau Oka,蟯｡ 譁ｰ荵句勧繧ｿ繝輔か繧ｭ繧ｿ繧ｦ,SH,譌･譛ｬ陬ｽ驩∪遏ｳ繧ｷ繝ｼ繧ｦ繧ｧ繧､繝悶せｼ2025-26ｼ,173,81,1994.06.11,31,繝医Φ繧ｬ繝ｻ繧ｫ繝ｬ繝ず,螟ｧ譚ｱ譁㍾喧螟ｧ蟄ｦ,繝医Φ繧ｬ繝ｻ繧ｫ繝ｬ繝ず 螟ｧ譚ｱ譁㍾喧螟ｧ蟄ｦ,A,5,https://league-one.jp/player/484482,,,,,
Paula Mahe,繝代え繝ｩ 繝ｻ繝槭,CTB,譌･譛ｬ陬ｽ驩∪遏ｳ繧ｷ繝ｼ繧ｦ繧ｧ繧､繝悶せｼ2025-26ｼ,184,103,2000.08.06,25,繧ｻ繝ｳ繝医ｻ繝斐ｼ繧ｿ繝ｼ繧ｺ繝ｻ繧ｱ繝ｳ繝悶Μ繝ず鬮俶｡,,繧ｻ繝ｳ繝医ｻ繝斐ｼ繧ｿ繝ｼ繧ｺ繝ｻ繧ｱ繝ｳ繝悶Μ繝ず,C,0,https://league-one.jp/player/484483,,,,,
Koki Saito,鮨玖陸 蠑俶ｯ,CTB,譌･譛ｬ陬ｽ驩∪遏ｳ繧ｷ繝ｼ繧ｦ繧ｧ繧､繝悶せｼ2025-26ｼ,175,90,2002.09.21,23,豬∫ｵ悟､ｧ譟城ｫ倬ｫ俶｡,譌･譛ｬ菴楢ご螟ｧ蟄ｦ,豬∫ｵ悟､ｧ譟城ｫ 譌･譛ｬ菴楢ご螟ｧ蟄ｦ,A,0,https://league-one.jp/player/484484,,,,,
Gosuke Kawakami,蟾昜ｸ 蜑帛承,WTB,譌･譛ｬ陬ｽ驩∪遏ｳ繧ｷ繝ｼ繧ｦ繧ｧ繧､繝悶せｼ2025-26ｼ,173,85,1994.04.28,31,譚ｱ遖丞ｲ｡鬮俶｡,髢｢隘ｿ蟄ｦ髯｢螟ｧ蟄ｦ,譚ｱ遖丞ｲ｡鬮俶｡ 髢｢隘ｿ蟄ｦ髯｢螟ｧ蟄ｦ,A,20,https://league-one.jp/player/484485,,,,,
Mitchell Hunt,繝溘ャ繝√ぉ繝ｫ 繝ｻ繝上Φ繝,SO,譌･譛ｬ陬ｽ驩∪遏ｳ繧ｷ繝ｼ繧ｦ繧ｧ繧､繝悶せｼ2025-26ｼ,172,83,1995.06.19,30,繝阪Ν繧ｽ繝ｳ鬮俶｡,,繝阪Ν繧ｽ繝ｳ鬮俶｡,B,34,https://league-one.jp/player/484486,,,,,
Angus Fletcher,繧｢繝ｳ繧ｬ繧ｹ 繝ｻ繝輔Ξ繝メ繝｣繝ｼ,FL,譌･譛ｬ陬ｽ驩∪遏ｳ繧ｷ繝ｼ繧ｦ繧ｧ繧､繝悶せｼ2025-26ｼ,185,105,2000.06.21,25,繝ｩ繝ｳ繧ｮ繧ｪ繝ｩ鬮俶｡,繧ｫ繝ｳ繧ｿ繝吶Μ繝ｼ螟ｧ蟄ｦ,繝ｩ繝ｳ繧ｮ繧ｪ繝ｩ鬮俶｡ 繧ｫ繝ｳ繧ｿ繝吶Μ繝ｼ螟ｧ蟄ｦ,B,5,https://league-one.jp/player/484487,,,,,
Satoshi Hatazawa,逡貔､ 隲ｭ,LO,譌･譛ｬ陬ｽ驩∪遏ｳ繧ｷ繝ｼ繧ｦ繧ｧ繧､繝悶せｼ2025-26ｼ,193,114,1998.05.27,27,髢句ｿ怜嵜髫幃ｫ俶｡,遶句多鬢ｨ螟ｧ蟄ｦ,髢句ｿ怜嵜髫幃ｫ俶｡ 遶句多鬢ｨ螟ｧ蟄ｦ,A,16,https://league-one.jp/player/484488,,,,,
Satoshi Ueda,荳顔伐 閨,PR,譌･譛ｬ陬ｽ驩∪遏ｳ繧ｷ繝ｼ繧ｦ繧ｧ繧､繝悶せｼ2025-26ｼ,181,110,1989.04.08,36,鮓ｴ譚･鬮俶｡,螟ｩ逅､ｧ蟄ｦ,鮓ｴ譚･鬮俶｡ 螟ｩ逅､ｧ蟄ｦ,A,33,https://league-one.jp/player/484489,,,,,
Kazushi Ochi,關ｽ 蜥悟彰,SO,譌･譛ｬ陬ｽ驩∪遏ｳ繧ｷ繝ｼ繧ｦ繧ｧ繧､繝悶せｼ2025-26ｼ,182,93,2001.01.05,25,遏ｳ隕区匱鄙鬢ｨ鬮俶｡,螟ｧ譚ｱ譁㍾喧螟ｧ蟄ｦ,遏ｳ隕区匱鄙鬢ｨ鬮俶｡ 螟ｧ譚ｱ譁㍾喧螟ｧ蟄ｦ,A,33,https://league-one.jp/player/484490,,,,,
Darius Thomas,繝繝ｪ繧ｨ繧ｹ 繝ｻ繝医繧ｹ,WTB,譌･譛ｬ陬ｽ驩∪遏ｳ繧ｷ繝ｼ繧ｦ繧ｧ繧､繝悶せｼ2025-26ｼ,183,83,2003.10.20,22,莉吝床閧ｲ闍ｱ鬮俶｡,,莉吝床閧ｲ闍ｱ鬮俶｡,A,4,https://league-one.jp/player/484491,,,,,
Osukalloyd Murata,譚醍伐 繧ｪ繧ｹ繧ｫ繝ｭ繧､繝,CTB,譌･譛ｬ陬ｽ驩∪遏ｳ繧ｷ繝ｼ繧ｦ繧ｧ繧､繝悶せｼ2025-26ｼ,173,84,1994.01.02,32,繝輔Ξ繝す繝･繧ｦ繧ｩ繝ｼ繧ｿ繝ｼ鬮俶｡,譚ｱ豬ｷ螟ｧ蟄ｦ,繝輔Ξ繝す繝･繧ｦ繧ｩ繝ｼ繧ｿ繝ｼ鬮俶｡ 譚ｱ豬ｷ螟ｧ蟄ｦ,A,31,https://league-one.jp/player/484492,,,,,
Kohei Ishigaki,遏ｳ蝙｣ 闊ｪ蟷ｳ,FL,譌･譛ｬ陬ｽ驩∪遏ｳ繧ｷ繝ｼ繧ｦ繧ｧ繧､繝悶せｼ2025-26ｼ,183,110,1993.06.25,32,螳ｮ蜿､鬮俶｡,蟶昜ｺｬ螟ｧ蟄ｦ,螳ｮ蜿､鬮俶｡ 蟶昜ｺｬ螟ｧ蟄ｦ,A,46,https://league-one.jp/player/484493,,,,,
Dallas Tatana,繧ｿ繧ｿ繝 繝繝ｩ繧ｹ,LO,譌･譛ｬ陬ｽ驩∪遏ｳ繧ｷ繝ｼ繧ｦ繧ｧ繧､繝悶せｼ2025-26ｼ,189,107,1991.08.27,34,譛ｭ蟷悟ｱｱ縺ｮ謇矩ｫ俶｡,譚ｱ豬ｷ螟ｧ蟄ｦ,譛ｭ蟷悟ｱｱ縺ｮ謇矩ｫ俶｡ 譚ｱ豬ｷ螟ｧ蟄ｦ,A,37,https://league-one.jp/player/484494,,,,,
Daisuke Musha,豁ｦ閠 螟ｧ霈,FL,譌･譛ｬ陬ｽ驩∪遏ｳ繧ｷ繝ｼ繧ｦ繧ｧ繧､繝悶せｼ2025-26ｼ,177,96,1990.05.18,35,莉吝床閧ｲ闍ｱ鬮俶｡,豕墓帆螟ｧ蟄ｦ,莉吝床閧ｲ闍ｱ鬮俶｡ 豕墓帆螟ｧ蟄ｦ,A,23,https://league-one.jp/player/484495,,,,,
Ryuji Abe,髦ｿ驛ｨ 遶應ｺ,WTB,譌･譛ｬ陬ｽ驩∪遏ｳ繧ｷ繝ｼ繧ｦ繧ｧ繧､繝悶せｼ2025-26ｼ,167,80,1999.09.23,26,鮟呈ｲ｢蟆ｻ蟾･讌ｭ鬮俶｡,髢｢譚ｱ蟄ｦ髯｢螟ｧ蟄ｦ,鮟呈ｲ｢蟆ｻ蟾･讌ｭ鬮俶｡ 髢｢譚ｱ蟄ｦ髯｢螟ｧ蟄ｦ,A,33,https://league-one.jp/player/484496,,,,,
Takumi Tokairin,譚ｱ豬ｷ譫 諡灘ｮ,SH,譌･譛ｬ陬ｽ驩∪遏ｳ繧ｷ繝ｼ繧ｦ繧ｧ繧､繝悶せｼ2025-26ｼ,162,71,1999.06.14,26,螻ｱ蠖｢荳ｭ螟ｮ鬮俶｡,螟ｧ譚ｱ譁㍾喧螟ｧ蟄ｦ,螻ｱ蠖｢荳ｭ螟ｮ鬮俶｡ 螟ｧ譚ｱ譁㍾喧螟ｧ蟄ｦ,A,9,https://league-one.jp/player/484497,,,,,
Taiki Noguchi,驥主哨 螟ｧ雋ｴ,PR,譌･譛ｬ陬ｽ驩∪遏ｳ繧ｷ繝ｼ繧ｦ繧ｧ繧､繝悶せｼ2025-26ｼ,183,115,1999.04.20,26,蛹玲ｵｷ驕馴□霆ｽ鬮俶｡,螟ｧ譚ｱ譁㍾喧螟ｧ蟄ｦ,蛹玲ｵｷ驕馴□霆ｽ鬮俶｡ 螟ｧ譚ｱ譁㍾喧螟ｧ蟄ｦ,A,32,https://league-one.jp/player/484498,,,,,
Ken Chiba,蜊痩 蛛･,WTB,譌･譛ｬ陬ｽ驩∪遏ｳ繧ｷ繝ｼ繧ｦ繧ｧ繧､繝悶せｼ2025-26ｼ,171,80,2002.08.30,23,髱呈｣ｮ螻ｱ逕ｰ鬮俶｡,,髱呈｣ｮ螻ｱ逕ｰ鬮俶｡,A,0,https://league-one.jp/player/484499,,,,,
Kodai Ono,蟆城㍽ 闊ｪ螟ｧ,WTB,譌･譛ｬ陬ｽ驩∪遏ｳ繧ｷ繝ｼ繧ｦ繧ｧ繧､繝悶せｼ2025-26ｼ,170,82,1991.12.15,34,逎仙沁鬮俶｡,譚ｱ豬ｷ螟ｧ蟄ｦ,逎仙沁鬮俶｡ 譚ｱ豬ｷ螟ｧ蟄ｦ,A,33,https://league-one.jp/player/484500,,,,,
Katsuto Hatanaka,逡荳ｭ 雎ｪ螢ｫ,CTB,譌･譛ｬ陬ｽ驩∪遏ｳ繧ｷ繝ｼ繧ｦ繧ｧ繧､繝悶せｼ2025-26ｼ,178,90,1996.09.25,29,蜃ｽ鬢ｨ蟾･讌ｭ鬮俶｡,螟ｧ譚ｱ譁㍾喧螟ｧ蟄ｦ,蜃ｽ鬢ｨ蟾･讌ｭ鬮俶｡ 螟ｧ譚ｱ譁㍾喧螟ｧ蟄ｦ,A,22,https://league-one.jp/player/484501,,,,,
Gerdus Vanderwalt,繝倥Ν繝繧ｹ 繝ｻ繝輔ぃ繝ｳ繝Ν繝ｴ繧ｩ繝ｫ繝,CTB,譌･譛ｬ陬ｽ驩∪遏ｳ繧ｷ繝ｼ繧ｦ繧ｧ繧､繝悶せｼ2025-26ｼ,184,102,1995.04.20,30,繝｢繝九Η繝｡繝ｳ繝磯ｫ俶｡,繝ｨ繝上ロ繧ｹ繝悶Ν繧ｰ螟ｧ蟄ｦ,繝｢繝九Η繝｡繝ｳ繝磯ｫ俶｡ 繝ｨ繝上ロ繧ｹ繝悶Ν繧ｰ螟ｧ蟄ｦ,A,30,https://league-one.jp/player/484502,,,,,
Yohei Murakami,譚台ｸ 髯ｽ蟷ｳ,SH,譌･譛ｬ陬ｽ驩∪遏ｳ繧ｷ繝ｼ繧ｦ繧ｧ繧､繝悶せｼ2025-26ｼ,168,73,1998.05.20,27,莉吝床閧ｲ闍ｱ鬮俶｡,譌･譛ｬ螟ｧ蟄ｦ,莉吝床閧ｲ闍ｱ鬮俶｡ 譌･譛ｬ螟ｧ蟄ｦ,A,49,https://league-one.jp/player/484503,,,,,
Atsushi Minami,蜊 遽､蠢,SH,譌･譛ｬ陬ｽ驩∪遏ｳ繧ｷ繝ｼ繧ｦ繧ｧ繧､繝悶せｼ2025-26ｼ,173,85,1993.08.06,32,貂⒨悄蟄ｦ蝨帝ｫ俶｡,諷ｶ諛臥ｾｩ蝪ｾ螟ｧ蟄ｦ,貂⒨悄蟄ｦ蝨帝ｫ俶｡ 諷ｶ諛臥ｾｩ蝪ｾ螟ｧ蟄ｦ,A,43,https://league-one.jp/player/484504,,,,,
Naoki Ouno,邇矩㍽ 蟆壼ｸ,HO,譌･譛ｬ陬ｽ驩∪遏ｳ繧ｷ繝ｼ繧ｦ繧ｧ繧､繝悶せｼ2025-26ｼ,176,102,1996.09.04,29,譚ｱ豬ｷ螟ｧ蟄ｦ莉伜ｱ樒嶌讓｡鬮俶｡,譚ｱ豬ｷ螟ｧ蟄ｦ,譚ｱ豬ｷ螟ｧ蟄ｦ莉伜ｱ樒嶌讓｡鬮俶｡ 譚ｱ豬ｷ螟ｧ蟄ｦ,A,30,https://league-one.jp/player/484505,,,,,
Ryota Kono,豐ｳ驥 濶ｯ螟ｪ,FL,譌･譛ｬ陬ｽ驩∪遏ｳ繧ｷ繝ｼ繧ｦ繧ｧ繧､繝悶せｼ2025-26ｼ,169,90,1995.12.07,30,荳ｭ驛ｨ螟ｧ蟄ｦ譏･譌･荳倬ｫ俶｡,螟ｧ譚ｱ譁㍾喧螟ｧ蟄ｦ,荳ｭ驛ｨ螟ｧ蟄ｦ譏･譌･荳倬ｫ俶｡ 螟ｧ譚ｱ譁㍾喧螟ｧ蟄ｦ,A,47,https://league-one.jp/player/484506,,,,,
Benjamin Nee-Nee,繝吶Φ繧ｸ繝｣繝溘Φ 繝ｻ繝九ｼ繝九ｼ,FL,譌･譛ｬ陬ｽ驩∪遏ｳ繧ｷ繝ｼ繧ｦ繧ｧ繧､繝悶せｼ2025-26ｼ,200,117,1993.05.12,32,繝懊ち繝九ｼ繝繧ｦ繝ｳ繧ｺ繝ｻ繧ｻ繧ｫ繝ｳ繝繝ｪ繝ｼ繧ｫ繝ｬ繝ず,,繝懊ち繝九ｼ繝繧ｦ繝ｳ繧ｺ繝ｻ繧ｻ繧ｫ繝ｳ繝繝ｪ繝ｼ繧ｫ繝ｬ繝ず,C,49,https://league-one.jp/player/484507,,,,,
Ryunosuke Yamada,螻ｱ逕ｰ 鮴堺ｹ倶ｻ,LO,譌･譛ｬ陬ｽ驩∪遏ｳ繧ｷ繝ｼ繧ｦ繧ｧ繧､繝悶せｼ2025-26ｼ,188,105,1991.10.12,34,螟ｧ豕蛾ｫ俶｡,遶区蕗螟ｧ蟄ｦ,螟ｧ豕蛾ｫ俶｡ 遶区蕗螟ｧ蟄ｦ,A,30,https://league-one.jp/player/484508,,,,,
Taiki Ito,莨願陸 螟ｧ霈,HO,譌･譛ｬ陬ｽ驩∪遏ｳ繧ｷ繝ｼ繧ｦ繧ｧ繧､繝悶せｼ2025-26ｼ,176,106,1994.05.17,31,闍･迢ｭ譚ｱ鬮俶｡,,闍･迢ｭ譚ｱ鬮俶｡,A,52,https://league-one.jp/player/484509,,,,,
Shodai Osada,髟ｷ逕ｰ 蟆､ｧ,PR,譌･譛ｬ陬ｽ驩∪遏ｳ繧ｷ繝ｼ繧ｦ繧ｧ繧､繝悶せｼ2025-26ｼ,180,115,1998.06.01,27,髢｢譚ｱ蟄ｦ髯｢蜈ｭ豬ｦ鬮俶｡,髢｢譚ｱ蟄ｦ髯｢螟ｧ蟄ｦ,髢｢譚ｱ蟄ｦ髯｢蜈ｭ豬ｦ鬮俶｡ 髢｢譚ｱ蟄ｦ髯｢螟ｧ蟄ｦ,A,3,https://league-one.jp/player/484510,,,,,
Yusuke Yamada,螻ｱ逕ｰ 陬穂ｻ,PR,譌･譛ｬ陬ｽ驩∪遏ｳ繧ｷ繝ｼ繧ｦ繧ｧ繧､繝悶せｼ2025-26ｼ,175,105,1998.03.11,27,蠕｡謇螳滓･ｭ鬮俶｡,,蠕｡謇螳滓･ｭ鬮俶｡,A,31,https://league-one.jp/player/484511,,,'18 U20縲'18 U23,,
Suguru Aoyagi,髱呈浹 鬲,PR,譌･譛ｬ陬ｽ驩∪遏ｳ繧ｷ繝ｼ繧ｦ繧ｧ繧､繝悶せｼ2025-26ｼ,173,106,2001.03.14,24,閨門蟄ｦ髯｢鬮倡ｭ牙ｭｦ譬｡,蜈ｫ謌ｸ蟄ｦ髯｢螟ｧ蟄ｦ,閨門蟄ｦ髯｢鬮倡ｭ牙ｭｦ譬｡ 蜈ｫ謌ｸ蟄ｦ髯｢螟ｧ蟄ｦ,A,4,https://league-one.jp/player/484512,,,,,
Taichi Takahashi,鬮俶ｩ 豕ｰ蝨ｰ,FL,譌･譛ｬ陬ｽ驩∪遏ｳ繧ｷ繝ｼ繧ｦ繧ｧ繧､繝悶せｼ2025-26ｼ,179,94,1999.12.04,26,遘狗伐蟾･讌ｭ鬮俶｡,譌･譛ｬ菴楢ご螟ｧ蟄ｦ,遘狗伐蟾･讌ｭ鬮俶｡ 譌･譛ｬ菴楢ご螟ｧ蟄ｦ,A,5,https://league-one.jp/player/484513,,,,,
Mosese Tonga,繝医Φ繧ｬ 繝｢繧ｻ繧ｻ,CTB,譌･譛ｬ陬ｽ驩∪遏ｳ繧ｷ繝ｼ繧ｦ繧ｧ繧､繝悶せｼ2025-26ｼ,173,102,1992.04.05,33,譌･譛ｬ闊ｪ遨ｺ鬮俶｡遏ｳ蟾晞ｫ俶｡,螟ｩ逅､ｧ蟄ｦ,譌･譛ｬ闊ｪ遨ｺ鬮俶｡遏ｳ蟾 螟ｩ逅､ｧ蟄ｦ,A,32,https://league-one.jp/player/484514,,,,,
Ryo Kikkawa,蜷牙ｷ 驕ｼ,FB,譌･譛ｬ陬ｽ驩∪遏ｳ繧ｷ繝ｼ繧ｦ繧ｧ繧､繝悶せｼ2025-26ｼ,178,86,1996.03.21,29,蝗ｽ蟄ｦ髯｢荵⒧螻ｱ鬮俶｡,繝ｯ繧､繧ｫ繝亥､ｧ蟄ｦ,蝗ｽ蟄ｦ髯｢荵⒧螻ｱ鬮俶｡ 繝ｯ繧､繧ｫ繝亥､ｧ蟄ｦ,A,15,https://league-one.jp/player/484515,,,,,
Sei Matsuyama,譚ｾ螻ｱ 髱,PR,譌･譛ｬ陬ｽ驩∪遏ｳ繧ｷ繝ｼ繧ｦ繧ｧ繧､繝悶せｼ2025-26ｼ,182,110,2001.11.28,24,蟯宣蟾･讌ｭ蟯宣ｫ俶｡,螟ｧ譚ｱ譁㍾喧螟ｧ蟄ｦ,蟯宣蟾･讌ｭ蟯宣ｫ俶｡ 螟ｧ譚ｱ譁㍾喧螟ｧ蟄ｦ,A,10,https://league-one.jp/player/484516,,,,,
Yuga Suzuki,驤ｴ譛ｨ 髮ｵｷ,LO,譌･譛ｬ陬ｽ驩∪遏ｳ繧ｷ繝ｼ繧ｦ繧ｧ繧､繝悶せｼ2025-26ｼ,186,100,2001.11.06,24,驥題ｶｳ霎ｲ讌ｭ鬮倡ｭ牙ｭｦ譬｡,螟ｧ譚ｱ譁㍾喧螟ｧ蟄ｦ,驥題ｶｳ霎ｲ讌ｭ鬮倡ｭ牙ｭｦ譬｡ 螟ｧ譚ｱ譁㍾喧螟ｧ蟄ｦ,A,0,https://league-one.jp/player/484517,,,,,
Kaisei Takai,鬮伜ｱ 豬ｷ髱,FB,譌･譛ｬ陬ｽ驩∪遏ｳ繧ｷ繝ｼ繧ｦ繧ｧ繧､繝悶せｼ2025-26ｼ,182,90,2001.07.06,24,蠕｡謇螳滓･ｭ鬮俶｡,蟆ゆｿｮ螟ｧ蟄ｦ,蠕｡謇螳滓･ｭ鬮俶｡ 蟆ゆｿｮ螟ｧ蟄ｦ,A,5,https://league-one.jp/player/484518,,,,,
Daiki Kon,莉 螟ｧ霈,FB,譌･譛ｬ陬ｽ驩∪遏ｳ繧ｷ繝ｼ繧ｦ繧ｧ繧､繝悶せｼ2025-26ｼ,182,82,2001.08.17,24,髱呈｣ｮ螻ｱ逕ｰ鬮俶｡,螻ｱ譴ｨ蟄ｦ髯｢螟ｧ蟄ｦ,髱呈｣ｮ螻ｱ逕ｰ鬮俶｡ 螻ｱ譴ｨ蟄ｦ髯｢螟ｧ蟄ｦ,A,1,https://league-one.jp/player/484519,,,,,
Riku Takahashi,鬮俶ｩ 迺事,PR,譌･譛ｬ陬ｽ驩∪遏ｳ繧ｷ繝ｼ繧ｦ繧ｧ繧､繝悶せｼ2025-26ｼ,176,119,2001.04.07,24,遘狗伐蟾･讌ｭ鬮俶｡,蝨句ｭｸ髯｢螟ｧ蟄ｦ,遘狗伐蟾･讌ｭ鬮俶｡ 蝨句ｭｸ髯｢螟ｧ蟄ｦ,A,9,https://league-one.jp/player/484520,,,,,
Hayato Nishibayashi,隘ｿ譫 蜍㍼匳,HO,譌･譛ｬ陬ｽ驩∪遏ｳ繧ｷ繝ｼ繧ｦ繧ｧ繧､繝悶せｼ2025-26ｼ,175,100,2001.04.29,24,蠕｡謇螳滓･ｭ鬮俶｡,螟ｧ譚ｱ譁㍾喧螟ｧ蟄ｦ,蠕｡謇螳滓･ｭ鬮俶｡ 螟ｧ譚ｱ譁㍾喧螟ｧ蟄ｦ,A,12,https://league-one.jp/player/484521,,,,,
Sam Henwood,繧ｵ繝 繝ｻ繝倥Φ繧ｦ繝ラ,,譌･譛ｬ陬ｽ驩∪遏ｳ繧ｷ繝ｼ繧ｦ繧ｧ繧､繝悶せｼ2025-26ｼ,186,107,1991.03.28,34,繧ｭ繝ｳ繧ｰ繧ｹ繧ｫ繝ｬ繝ず,繧ｭ繝ｳ繧ｰ繧ｹ螟ｧ蟄ｦ,繧ｭ繝ｳ繧ｰ繧ｹ繧ｫ繝ｬ繝ず 繧ｭ繝ｳ繧ｰ繧ｹ螟ｧ蟄ｦ,A,40,https://league-one.jp/player/488127,,,,,
Peter Umaga Jensen,繝斐ｼ繧ｿ繝ｼ 繝ｻ繧ｦ繝槭ぎ=繧ｸ繧ｧ繝ｳ繧ｻ繝ｳ,CTB,闃ｱ蝨定ｿ鷹延繝ｩ繧､繝翫ｼ繧ｺｼ2025-26ｼ,187,106,1997.12.31,28,繝ｯ繧､繝後う繧ｪ繝槭ち繝上う繧ｹ繧ｯ繝ｼ繝ｫ-繧ｹ繧ｳ繝ヤ繧ｫ繝ｬ繝ず,,繝ｯ繧､繝後う繧ｪ繝槭ち繝上う繧ｹ繧ｯ繝ｼ繝ｫ-繧ｹ繧ｳ繝ヤ繧ｫ繝ｬ繝ず,C,2,https://league-one.jp/player/484522,,,,,
Burger Odendaal,繝舌ｼ繧ｬ繝ｼ 繝ｻ繧ｪ繝ｼ繝Φ繝繝ｼ繝ｫ,CTB,闃ｱ蝨定ｿ鷹延繝ｩ繧､繝翫ｼ繧ｺｼ2025-26ｼ,187,106,1993.04.15,32,繝｢繝九Η繝｡繝ｳ繝医ワ繧､繧ｹ繧ｯ繝ｼ繝ｫ鬮俶｡,繝励Ξ繝医Μ繧｢螟ｧ蟄ｦ,繝｢繝九Η繝｡繝ｳ繝医ワ繧､繧ｹ繧ｯ繝ｼ繝ｫ 繝励Ξ繝医Μ繧｢螟ｧ蟄ｦ,B,12,https://league-one.jp/player/484523,,,,,
Ryno Pieterse,繝ｩ繧､繝 繝ｻ繝斐ｼ繧ｿ繝ｼ繧ｹ,LO,闃ｱ蝨定ｿ鷹延繝ｩ繧､繝翫ｼ繧ｺｼ2025-26ｼ,197,114,1998.08.06,27,繝帙お繝ｫ繧ｹ繧ｯ繝ｼ繝ｫ繝ｻ繧ｬ繝ｫ繧ｹ繝輔か繝ｳ繝Φ鬮俶｡,,繝帙お繝ｫ繧ｹ繧ｯ繝ｼ繝ｫ繝ｻ繧ｬ繝ｫ繧ｹ繝輔か繝ｳ繝Φ,B,2,https://league-one.jp/player/484524,,,,,
Kiran McDonald,繧ｭ繝ｩ繝ｳ 繝ｻ繝槭け繝峨リ繝ｫ繝,LO,闃ｱ蝨定ｿ鷹延繝ｩ繧､繝翫ｼ繧ｺｼ2025-26ｼ,202,115,1994.11.01,31,繝懊け繝ｬ繧｢繧｢繧ｫ繝Α繝ｼ鬮俶｡,,繝懊け繝ｬ繧｢繧｢繧ｫ繝Α繝ｼ,B,0,https://league-one.jp/player/484525,,,,,
Yuma Nakagawa,荳ｭ蟾 貉ｧ逵,WTB,闃ｱ蝨定ｿ鷹延繝ｩ繧､繝翫ｼ繧ｺｼ2025-26ｼ,169,76,2002.07.02,23,莠ｬ驛ｽ謌千ｫ鬮俶｡,譚ｱ豬ｷ螟ｧ蟄ｦ,莠ｬ驛ｽ謌千ｫ鬮俶｡ 譚ｱ豬ｷ螟ｧ蟄ｦ,A,0,https://league-one.jp/player/484526,,,,,
Keita Fujiwara,阯､蜴 諱ｵ螟ｪ,SH,闃ｱ蝨定ｿ鷹延繝ｩ繧､繝翫ｼ繧ｺｼ2025-26ｼ,174,76,1994.06.27,31,螟ｩ逅ｫ俶｡,螟ｩ逅､ｧ蟄ｦ,螟ｩ逅ｫ俶｡ 螟ｩ逅､ｧ蟄ｦ,A,39,https://league-one.jp/player/484527,,,,,
Shoma Makinouchi,迚ｧ驥主 鄙秘ｦｬ,LO,闃ｱ蝨定ｿ鷹延繝ｩ繧､繝翫ｼ繧ｺｼ2025-26ｼ,190,107,1994.11.05,31,譚ｱ遖丞ｲ｡鬮俶｡,豕墓帆螟ｧ蟄ｦ,譚ｱ遖丞ｲ｡鬮俶｡ 豕墓帆螟ｧ蟄ｦ,A,23,https://league-one.jp/player/484528,,,'12 鬮俶｡,,
Shohei Hirano,蟷ｳ驥 鄙泌ｹｳ,PR,闃ｱ蝨定ｿ鷹延繝ｩ繧､繝翫ｼ繧ｺｼ2025-26ｼ,178,123,1993.08.03,32,譚ｱ遖丞ｲ｡鬮俶｡,譚ｱ豬ｷ螟ｧ蟄ｦ,譚ｱ遖丞ｲ｡鬮俶｡ 譚ｱ豬ｷ螟ｧ蟄ｦ,A,23,https://league-one.jp/player/484529,,,'13 U23,,
Sotaro Matsunaga,譚ｾ豌ｸ 螢ｮ螟ｪ譛,FL,闃ｱ蝨定ｿ鷹延繝ｩ繧､繝翫ｼ繧ｺｼ2025-26ｼ,187,100,2002.07.04,23,莠ｬ驛ｽ蟾･蟄ｦ髯｢鬮俶｡,莠ｬ驛ｽ逕｣讌ｭ螟ｧ蟄ｦ,莠ｬ驛ｽ蟾･蟄ｦ髯｢鬮俶｡ 莠ｬ驛ｽ逕｣讌ｭ螟ｧ蟄ｦ,A,0,https://league-one.jp/player/484530,,,,,
Ryuji Kobayashi,蟆乗棊 鮴榊昇,PR,闃ｱ蝨定ｿ鷹延繝ｩ繧､繝翫ｼ繧ｺｼ2025-26ｼ,178,109,2002.10.10,23,蠕｡謇螳滓･ｭ鬮俶｡,蟶昜ｺｬ螟ｧ蟄ｦ,蠕｡謇螳滓･ｭ鬮俶｡ 蟶昜ｺｬ螟ｧ蟄ｦ,A,0,https://league-one.jp/player/484531,,,,,
Ryushin Sone,譖ｽ譬ｹ 髫,PR,闃ｱ蝨定ｿ鷹延繝ｩ繧､繝翫ｼ繧ｺｼ2025-26ｼ,174,103,2002.07.24,23,螟ｧ髦ｪ逕｣讌ｭ螟ｧ蟄ｦ髯ｱ樣ｫ俶｡,莠ｬ驛ｽ逕｣讌ｭ螟ｧ蟄ｦ,螟ｧ髦ｪ逕｣讌ｭ螟ｧ蟄ｦ髯ｱ樣ｫ俶｡ 莠ｬ驛ｽ逕｣讌ｭ螟ｧ蟄ｦ,A,0,https://league-one.jp/player/484532,,,,,
Simeone Schmidt,繧ｷ繝溘が繝 繝ｻ繧ｷ繝･繝溘ャ繝,LO,闃ｱ蝨定ｿ鷹延繝ｩ繧､繝翫ｼ繧ｺｼ2025-26ｼ,195,118,2001.04.15,24,繧ｻ繝ｳ繝医Ν繧ｰ繝翫ユ繧｣繧ｦ繧ｹ繧ｫ繝ｬ繝ず,蟶昜ｺｬ螟ｧ蟄ｦ,繧ｻ繝ｳ繝医Ν繧ｰ繝翫ユ繧｣繧ｦ繧ｹ繧ｫ繝ｬ繝ず 蟶昜ｺｬ螟ｧ蟄ｦ,A,4,https://league-one.jp/player/484533,,,,,
Hiroki Kumoyama,髮ｲ螻ｱ 蠑倩ｲｴ,FB,闃ｱ蝨定ｿ鷹延繝ｩ繧､繝翫ｼ繧ｺｼ2025-26ｼ,187,92,1999.07.18,26,蝣ｱ蠕ｳ蟄ｦ蝨帝ｫ俶｡,譏取ｲｻ螟ｧ蟄ｦ,蝣ｱ蠕ｳ蟄ｦ蝨帝ｫ俶｡ 譏取ｲｻ螟ｧ蟄ｦ,A,18,https://league-one.jp/player/484534,,,'17 鬮俶｡,,
Timo Sufia,繝ぅ繝｢ 繝ｻ繧ｹ繝輔ぅ繧｢,CTB,闃ｱ蝨定ｿ鷹延繝ｩ繧､繝翫ｼ繧ｺｼ2025-26ｼ,180,105,1996.11.07,29,繧｢繝ｭ繝輔ぅ繝ｻ繧ｪ繝ｻ繧ｿ繧ｪ繧｢鬮俶｡,譛晄律螟ｧ蟄ｦ,繧｢繝ｭ繝輔ぅ繝ｻ繧ｪ繝ｻ繧ｿ繧ｪ繧｢ 譛晄律螟ｧ蟄ｦ,A,10,https://league-one.jp/player/484535,,,,,
Rintaro Maruyama,荳ｸ螻ｱ 蜃懷､ｪ譛,SO,闃ｱ蝨定ｿ鷹延繝ｩ繧､繝翫ｼ繧ｺｼ2025-26ｼ,175,81,1999.12.17,26,譚ｱ遖丞ｲ｡鬮俶｡,譚ｱ豬ｷ螟ｧ蟄ｦ,譚ｱ遖丞ｲ｡鬮俶｡ 譚ｱ豬ｷ螟ｧ蟄ｦ,A,15,https://league-one.jp/player/484536,,,'17 鬮俶｡縲'19 U20縲'19 U23縲'20 U23,,
Will Harrison,繧ｦ繧｣繝ｫ 繝ｻ繝上Μ繧ｽ繝ｳ,SO,闃ｱ蝨定ｿ鷹延繝ｩ繧､繝翫ｼ繧ｺｼ2025-26ｼ,178,83,1999.07.30,26,繝槭ｼ繧ｵ繝ｪ繝ｳ繝ｻ繧ｫ繝ｬ繝ず繝ｻ繝ｩ繝ｳ繝峨え繧｣繝け鬮俶｡,,繝槭ｼ繧ｵ繝ｪ繝ｳ繝ｻ繧ｫ繝ｬ繝ず繝ｻ繝ｩ繝ｳ繝峨え繧｣繝け,B,9,https://league-one.jp/player/484537,,,,,
Akira Ioane,繧｢繧ｭ繝ｩ 繝ｻ繧､繧ｪ繧｢繝,,闃ｱ蝨定ｿ鷹延繝ｩ繧､繝翫ｼ繧ｺｼ2025-26ｼ,196,123,1995.06.16,30,Aucklandgrammar鬮俶｡,,Aucklandgrammar,C,13,https://league-one.jp/player/484538,,,,,
Mitchell Brown,繝溘ャ繝√ぉ繝ｫ 繝ｻ繝悶Λ繧ｦ繝ｳ,LO,闃ｱ蝨定ｿ鷹延繝ｩ繧､繝翫ｼ繧ｺｼ2025-26ｼ,194,108,1993.08.15,32,NewPlymouthBoysHighschool鬮俶｡,,NewPlymouthBoysHighschool,B,27,https://league-one.jp/player/484539,,,,,
Shintaro Okamoto,蟯｡譛ｬ 諷主､ｪ驛,PR,闃ｱ蝨定ｿ鷹延繝ｩ繧､繝翫ｼ繧ｺｼ2025-26ｼ,182,111,1996.04.12,29,莠ｬ驛ｽ謌千ｫ鬮俶｡,蟶昜ｺｬ螟ｧ蟄ｦ,莠ｬ驛ｽ謌千ｫ鬮俶｡ 蟶昜ｺｬ螟ｧ蟄ｦ,A,33,https://league-one.jp/player/484540,,,,,
Vincent sefo,繝ｴ繧｣繝ｳ繧ｻ繝ｳ繝 繝ｻ繧ｻ繝輔か,CTB,闃ｱ蝨定ｿ鷹延繝ｩ繧､繝翫ｼ繧ｺｼ2025-26ｼ,190,105,2003.06.06,22,繝悶Μ繧ｹ繝吶Φ繧ｹ繝ｼ繝医ワ繧､繧ｹ繧ｯ繝ｼ繝ｫ鬮俶｡,,繝悶Μ繧ｹ繝吶Φ繧ｹ繝ｼ繝医ワ繧､繧ｹ繧ｯ繝ｼ繝ｫ,B,5,https://league-one.jp/player/484541,,,,,
Ryo Iwakami,蟯ｩ荳 鮴,PR,闃ｱ蝨定ｿ鷹延繝ｩ繧､繝翫ｼ繧ｺｼ2025-26ｼ,178,119,2000.09.29,25,逶ｮ鮟貞ｭｦ髯｢鬮倡ｭ牙ｭｦ譬｡,譌･譛ｬ螟ｧ蟄ｦ,逶ｮ鮟貞ｭｦ髯｢鬮倡ｭ牙ｭｦ譬｡ 譌･譛ｬ螟ｧ蟄ｦ,A,6,https://league-one.jp/player/484542,,,,,
Sho Fukui,遖丈ｺ 鄙,HO,闃ｱ蝨定ｿ鷹延繝ｩ繧､繝翫ｼ繧ｺｼ2025-26ｼ,172,92,2000.05.06,25,譚ｱ遖丞ｲ｡鬮俶｡,蟶昜ｺｬ螟ｧ蟄ｦ,譚ｱ遖丞ｲ｡鬮俶｡ 蟶昜ｺｬ螟ｧ蟄ｦ,A,12,https://league-one.jp/player/484543,,,'18 鬮俶｡,,
Shu Umemura,譴⒧搗 譟顔ｾｽ,FL,闃ｱ蝨定ｿ鷹延繝ｩ繧､繝翫ｼ繧ｺｼ2025-26ｼ,183,96,2001.03.02,24,髢｢蝠ｫ倡ｭ牙ｭｦ譬｡,譚ｱ豢句､ｧ蟄ｦ,髢｢蝠ｫ倡ｭ牙ｭｦ譬｡ 譚ｱ豢句､ｧ蟄ｦ,A,6,https://league-one.jp/player/484544,,,,,
Yushi Inoue,莠穂ｸ 蜆ｪ螢ｫ,PR,闃ｱ蝨定ｿ鷹延繝ｩ繧､繝翫ｼ繧ｺｼ2025-26ｼ,183,111,2000.07.21,25,遲醍ｴｫ鬮倡ｭ牙ｭｦ譬｡,譚ｱ豬ｷ螟ｧ蟄ｦ,遲醍ｴｫ鬮倡ｭ牙ｭｦ譬｡ 譚ｱ豬ｷ螟ｧ蟄ｦ,A,21,https://league-one.jp/player/484545,,,,,
Taiki Miyashita,螳ｮ荳 螟ｧ霈,FL,闃ｱ蝨定ｿ鷹延繝ｩ繧､繝翫ｼ繧ｺｼ2025-26ｼ,181,100,1999.08.10,26,蝣ｱ蠕ｳ蟄ｦ蝨帝ｫ俶｡,遶句多鬢ｨ螟ｧ蟄ｦ,蝣ｱ蠕ｳ蟄ｦ蝨帝ｫ俶｡ 遶句多鬢ｨ螟ｧ蟄ｦ,A,28,https://league-one.jp/player/484546,,,,,
Takahiro Hayashi,譫 髫ｺ,WTB,闃ｱ蝨定ｿ鷹延繝ｩ繧､繝翫ｼ繧ｺｼ2025-26ｼ,176,86,2000.02.03,25,遏ｳ隕区匱鄙鬢ｨ鬮倡ｭ牙ｭｦ譬｡,譚ｱ豬ｷ螟ｧ蟄ｦ,遏ｳ隕区匱鄙鬢ｨ鬮倡ｭ牙ｭｦ譬｡ 譚ｱ豬ｷ螟ｧ蟄ｦ,A,13,https://league-one.jp/player/484547,,,,,
Kensho Kawamura,豐ｳ譚 隰吝ｰ,SH,闃ｱ蝨定ｿ鷹延繝ｩ繧､繝翫ｼ繧ｺｼ2025-26ｼ,171,75,1999.10.14,26,蟶ｸ鄙泌ｭｦ蝨帝ｫ俶｡,譌ｩ遞ｲ逕ｰ螟ｧ蟄ｦ,蟶ｸ鄙泌ｭｦ蝨帝ｫ俶｡ 譌ｩ遞ｲ逕ｰ螟ｧ蟄ｦ,A,17,https://league-one.jp/player/484548,,,,,
Reiya Ueyama,荳雁ｱｱ 鮟主悼,HO,闃ｱ蝨定ｿ鷹延繝ｩ繧､繝翫ｼ繧ｺｼ2025-26ｼ,175,95,1999.09.28,26,螟ｧ髦ｪ譯占発鬮俶｡,蟶昜ｺｬ螟ｧ蟄ｦ,螟ｧ髦ｪ譯占発鬮俶｡ 蟶昜ｺｬ螟ｧ蟄ｦ,A,10,https://league-one.jp/player/484549,,,,,
Lata Tangimana,繝ｩ繧ｿ 繝ｻ繧ｿ繝ｳ繧ｮ繝槭リ,PR,闃ｱ蝨定ｿ鷹延繝ｩ繧､繝翫ｼ繧ｺｼ2025-26ｼ,183,119,1998.01.23,27,繝医Φ繧ｬ繧ｫ繝ｬ繝ず,譌･譛ｬ譁㍼炊螟ｧ蟄ｦ,繝医Φ繧ｬ繧ｫ繝ｬ繝ず 譌･譛ｬ譁㍼炊螟ｧ蟄ｦ,A,43,https://league-one.jp/player/484550,,,,,
Kotaro Takahashi,鬮俶ｩ 陌主､ｪ驛,PR,闃ｱ蝨定ｿ鷹延繝ｩ繧､繝翫ｼ繧ｺｼ2025-26ｼ,177,106,2000.02.23,25,蝣ｱ蠕ｳ蟄ｦ蝨帝ｫ俶｡,螟ｩ逅､ｧ蟄ｦ,蝣ｱ蠕ｳ蟄ｦ蝨帝ｫ俶｡ 螟ｩ逅､ｧ蟄ｦ,A,6,https://league-one.jp/player/484551,,,,,
Yoshizumi Takeda,遶ｹ逕ｰ 螳懃ｴ,FB,闃ｱ蝨定ｿ鷹延繝ｩ繧､繝翫ｼ繧ｺｼ2025-26ｼ,180,93,1991.04.29,34,蠕｡謇螳滓･ｭ鬮俶｡,蟶昜ｺｬ螟ｧ蟄ｦ,蠕｡謇螳滓･ｭ鬮俶｡ 蟶昜ｺｬ螟ｧ蟄ｦ,A,17,https://league-one.jp/player/484552,,,'09 鬮俶｡縲'11 U20,,
Tomoya Kimura,譛ｨ譚 譛倶ｹ,WTB,闃ｱ蝨定ｿ鷹延繝ｩ繧､繝翫ｼ繧ｺｼ2025-26ｼ,175,79,1998.04.04,27,莨剰ｦ句ｷ･讌ｭ鬮俶｡,蟶昜ｺｬ螟ｧ蟄ｦ,莨剰ｦ句ｷ･讌ｭ鬮俶｡ 蟶昜ｺｬ螟ｧ蟄ｦ,A,32,https://league-one.jp/player/484553,,,,,
Ren Takano,鬮倬㍽ 闢ｮ,WTB,闃ｱ蝨定ｿ鷹延繝ｩ繧､繝翫ｼ繧ｺｼ2025-26ｼ,175,83,1996.07.19,29,譚ｱ遖丞ｲ｡鬮俶｡,蜷悟ｿ礼､ｾ螟ｧ蟄ｦ,譚ｱ遖丞ｲ｡鬮俶｡ 蜷悟ｿ礼､ｾ螟ｧ蟄ｦ,A,7,https://league-one.jp/player/484554,,,'16 U20,,
Koji Okamura,蟯｡譚 譎昇,CTB,闃ｱ蝨定ｿ鷹延繝ｩ繧､繝翫ｼ繧ｺｼ2025-26ｼ,170,84,1998.06.12,27,蠕｡謇螳滓･ｭ鬮俶｡,蟶昜ｺｬ螟ｧ蟄ｦ,蠕｡謇螳滓･ｭ鬮俶｡ 蟶昜ｺｬ螟ｧ蟄ｦ,A,50,https://league-one.jp/player/484555,,,,,
Ryosuke Kataoka,迚㍾ｲ｡ 豸ｼ莠ｮ,WTB,闃ｱ蝨定ｿ鷹延繝ｩ繧､繝翫ｼ繧ｺｼ2025-26ｼ,172,83,1997.10.22,28,豬夂ｵ梧ｸ亥､ｧ蟄ｦ莉伜ｱ樊沛鬮俶｡,遶句多鬢ｨ螟ｧ蟄ｦ,豬夂ｵ梧ｸ亥､ｧ蟄ｦ莉伜ｱ樊沛鬮俶｡ 遶句多鬢ｨ螟ｧ蟄ｦ,A,34,https://league-one.jp/player/484556,,,,,
Akihide Onogi,蟆城㍽譛ｨ 譎恭,CTB,闃ｱ蝨定ｿ鷹延繝ｩ繧､繝翫ｼ繧ｺｼ2025-26ｼ,171,84,1997.07.31,28,螟ｧ髦ｪ逕｣讌ｭ螟ｧ蟄ｦ莉伜ｱ樣ｫ俶｡,譚ｱ豬ｷ螟ｧ蟄ｦ,螟ｧ髦ｪ逕｣讌ｭ螟ｧ蟄ｦ莉伜ｱ樣ｫ俶｡ 譚ｱ豬ｷ螟ｧ蟄ｦ,A,9,https://league-one.jp/player/484557,,,,,
Takumi Yoshimoto,蜷画悽 蛹,CTB,闃ｱ蝨定ｿ鷹延繝ｩ繧､繝翫ｼ繧ｺｼ2025-26ｼ,171,84,1997.11.16,28,蟶ｸ鄙泌ｭｦ蝨帝ｫ俶｡,遶句多鬢ｨ螟ｧ蟄ｦ,蟶ｸ鄙泌ｭｦ蝨帝ｫ俶｡ 遶句多鬢ｨ螟ｧ蟄ｦ,A,16,https://league-one.jp/player/484558,,,,,
Patrick Stehlin,繧ｹ繝う繝ｪ繝ｳ 繝代ヨ繝ｪ繝け,CTB,闃ｱ蝨定ｿ鷹延繝ｩ繧､繝翫ｼ繧ｺｼ2025-26ｼ,178,99,1992.12.15,33,繧ｻ繝ｳ繝医ｻ繝医ｼ繝槭せ繝ｻ繧ｪ繝悶ｻ繧ｫ繝ｳ繧ｿ繝吶Μ繝ｼ繝ｻ繧ｫ繝ｬ繝ず,諡捺ｮ門､ｧ蟄ｦ,繧ｻ繝ｳ繝医ｻ繝医ｼ繝槭せ繝ｻ繧ｪ繝悶ｻ繧ｫ繝ｳ繧ｿ繝吶Μ繝ｼ繝ｻ繧ｫ繝ｬ繝ず 諡捺ｮ門､ｧ蟄ｦ,A,25,https://league-one.jp/player/484559,,,,,
Daisuke Noguchi,驥主哨 螟ｧ霈,SO,闃ｱ蝨定ｿ鷹延繝ｩ繧､繝翫ｼ繧ｺｼ2025-26ｼ,178,88,1993.06.14,32,譚ｱ豬ｷ螟ｧ蟄ｦ莉伜ｱ樔ｻｰ譏滄ｫ俶｡,譚ｱ豬ｷ螟ｧ蟄ｦ,譚ｱ豬ｷ螟ｧ蟄ｦ莉伜ｱ樔ｻｰ譏滄ｫ俶｡ 譚ｱ豬ｷ螟ｧ蟄ｦ,A,16,https://league-one.jp/player/484560,,,,,
Keitaro Hitora,莠ｺ鄒 螂主､ｪ驛,SH,闃ｱ蝨定ｿ鷹延繝ｩ繧､繝翫ｼ繧ｺｼ2025-26ｼ,165,70,1998.12.11,27,譚ｱ豬ｷ螟ｧ蟄ｦ莉伜ｱ樔ｻｰ譏滄ｫ俶｡,蜷悟ｿ礼､ｾ螟ｧ蟄ｦ,譚ｱ豬ｷ螟ｧ蟄ｦ莉伜ｱ樔ｻｰ譏滄ｫ俶｡ 蜷悟ｿ礼､ｾ螟ｧ蟄ｦ,A,41,https://league-one.jp/player/484561,,,,,
Tomoya Nakamura,荳ｭ譚 蜿句悼,SH,闃ｱ蝨定ｿ鷹延繝ｩ繧､繝翫ｼ繧ｺｼ2025-26ｼ,162,66,1998.06.25,27,莨剰ｦ句ｷ･讌ｭ鬮俶｡,譚ｱ豬ｷ螟ｧ蟄ｦ,莨剰ｦ句ｷ･讌ｭ鬮俶｡ 譚ｱ豬ｷ螟ｧ蟄ｦ,A,21,https://league-one.jp/player/484562,,,,,
Hayato Yokoi,讓ｪ莠 髫ｼ,FL,闃ｱ蝨定ｿ鷹延繝ｩ繧､繝翫ｼ繧ｺｼ2025-26ｼ,181,97,1997.07.29,28,遏ｳ隕区匱鄙鬢ｨ鬮倡ｭ牙ｭｦ譬｡,譚ｱ豬ｷ螟ｧ蟄ｦ,遏ｳ隕区匱鄙鬢ｨ鬮倡ｭ牙ｭｦ譬｡ 譚ｱ豬ｷ螟ｧ蟄ｦ,A,20,https://league-one.jp/player/484563,,,,,
Jed Brown,繧ｸ繧ｧ繝 繝ｻ繝悶Λ繧ｦ繝ｳ,FL,闃ｱ蝨定ｿ鷹延繝ｩ繧､繝翫ｼ繧ｺｼ2025-26ｼ,185,100,1991.03.12,34,繝舌ｼ繝ｳ繧ｵ繧､繝峨ワ繧､繧ｹ繧ｯ繝ｼ繝ｫ鬮俶｡,,繝舌ｼ繝ｳ繧ｵ繧､繝峨ワ繧､繧ｹ繧ｯ繝ｼ繝ｫ,A,30,https://league-one.jp/player/484564,,,,,
Takahito Sugahara,闖⒦次 雋ｴ莠ｺ,FL,闃ｱ蝨定ｿ鷹延繝ｩ繧､繝翫ｼ繧ｺｼ2025-26ｼ,185,101,1996.09.22,29,蠕｡謇螳滓･ｭ鬮俶｡,蟶昜ｺｬ螟ｧ蟄ｦ,蠕｡謇螳滓･ｭ鬮俶｡ 蟶昜ｺｬ螟ｧ蟄ｦ,A,47,https://league-one.jp/player/484565,,,,,
Shohei Nonaka,驥惹ｸｭ 鄙泌ｹｳ,FL,闃ｱ蝨定ｿ鷹延繝ｩ繧､繝翫ｼ繧ｺｼ2025-26ｼ,183,99,1995.11.17,30,譚ｱ豬ｷ螟ｧ蟄ｦ莉伜ｱ樔ｻｰ譏滄ｫ俶｡,蜷悟ｿ礼､ｾ螟ｧ蟄ｦ,譚ｱ豬ｷ螟ｧ蟄ｦ莉伜ｱ樔ｻｰ譏滄ｫ俶｡ 蜷悟ｿ礼､ｾ螟ｧ蟄ｦ,A,55,https://league-one.jp/player/484566,,,,,
Patrick Tafa,繝代ヨ繝ｪ繝け 繝ｻ繧ｿ繝輔ぃ,FL,闃ｱ蝨定ｿ鷹延繝ｩ繧､繝翫ｼ繧ｺｼ2025-26ｼ,195,122,1999.07.19,26,繝悶Μ繧ｹ繝吶Φ繧ｹ繝ｼ繝医ワ繧､繧ｹ繧ｯ繝ｼ繝ｫ鬮俶｡,,繝悶Μ繧ｹ繝吶Φ繧ｹ繝ｼ繝医ワ繧､繧ｹ繧ｯ繝ｼ繝ｫ,A,43,https://league-one.jp/player/484567,,,,,
Sanaila Waqa,繧ｵ繝翫う繝ｩ 繝ｻ繝ｯ繧ｯ繧｡,LO,闃ｱ蝨定ｿ鷹延繝ｩ繧､繝翫ｼ繧ｺｼ2025-26ｼ,202,125,1995.07.17,30,繝倥う繧ｹ繝ぅ繝ｳ繧ｰ繧ｹ繝懊ｼ繧､繧ｺ鬮倬ｫ俶｡,,繝倥う繧ｹ繝ぅ繝ｳ繧ｰ繧ｹ繝懊ｼ繧､繧ｺ鬮,A,41,https://league-one.jp/player/484568,,,譌･譛ｬ莉｣陦ｨ10CAP,,
Kazuma Matsuda,譚ｾ逕ｰ 荳逵,HO,闃ｱ蝨定ｿ鷹延繝ｩ繧､繝翫ｼ繧ｺｼ2025-26ｼ,172,94,1998.08.22,27,蟶ｸ鄙泌ｭｦ蝨帝ｫ俶｡,豬夂ｵ梧ｸ亥､ｧ蟄ｦ,蟶ｸ鄙泌ｭｦ蝨帝ｫ俶｡ 豬夂ｵ梧ｸ亥､ｧ蟄ｦ,A,32,https://league-one.jp/player/484569,,,,,
Keiichi Kaneko,驥大ｭ 諠荳,HO,闃ｱ蝨定ｿ鷹延繝ｩ繧､繝翫ｼ繧ｺｼ2025-26ｼ,177,98,1996.08.19,29,譚ｱ遖丞ｲ｡鬮俶｡,荳ｭ螟ｮ螟ｧ蟄ｦ,譚ｱ遖丞ｲ｡鬮俶｡ 荳ｭ螟ｮ螟ｧ蟄ｦ,A,46,https://league-one.jp/player/484570,,,'16 U20縲'16 U23,,
Yuchol Mun,譁 陬募ｾｹ,PR,闃ｱ蝨定ｿ鷹延繝ｩ繧､繝翫ｼ繧ｺｼ2025-26ｼ,180,110,1999.02.09,26,螟ｧ髦ｪ譛晞ｮｮ鬮倡ｴ壼ｭｦ譬｡,蜷悟ｿ礼､ｾ螟ｧ蟄ｦ,螟ｧ髦ｪ譛晞ｮｮ鬮倡ｴ壼ｭｦ譬｡ 蜷悟ｿ礼､ｾ螟ｧ蟄ｦ,A,29,https://league-one.jp/player/484571,,,,,
Kenta Tanaka,逕ｰ荳ｭ 蛛･螟ｪ,PR,闃ｱ蝨定ｿ鷹延繝ｩ繧､繝翫ｼ繧ｺｼ2025-26ｼ,177,103,1994.02.03,31,螟ｧ髦ｪ譯占発鬮俶｡,譏取ｲｻ螟ｧ蟄ｦ,螟ｧ髦ｪ譯占発鬮俶｡ 譏取ｲｻ螟ｧ蟄ｦ,A,49,https://league-one.jp/player/484572,,,,,
Daiki Ishiura,遏ｳ豬ｦ 螟ｧ雋ｴ,FL,闃ｱ蝨定ｿ鷹延繝ｩ繧､繝翫ｼ繧ｺｼ2025-26ｼ,178,95,2002.01.18,23,蝣ｱ蠕ｳ蟄ｦ蝨帝ｫ俶｡,譏取ｲｻ螟ｧ蟄ｦ,蝣ｱ蠕ｳ蟄ｦ蝨 譏取ｲｻ螟ｧ蟄ｦ,A,0,https://league-one.jp/player/484573,,,,,
Takehito Ekawa,豎溷ｷ 蜑帑ｺｺ,WTB,闃ｱ蝨定ｿ鷹延繝ｩ繧､繝翫ｼ繧ｺｼ2025-26ｼ,183,88,2000.08.19,25,譯占発蟄ｦ蝨帝ｫ俶｡,遶句多鬢ｨ螟ｧ蟄ｦ,譯占発蟄ｦ蝨 遶句多鬢ｨ螟ｧ蟄ｦ,A,8,https://league-one.jp/player/484574,,,,,
Manie Libbok,繝槭ル繝ｼ 繝ｻ繝ｪ繝懊ャ繧ｯ,SO,闃ｱ蝨定ｿ鷹延繝ｩ繧､繝翫ｼ繧ｺｼ2025-26ｼ,184,79,1997.07.15,28,繧｢繧ｦ繝ル繧ｫ繝上う繧ｹ繧ｯ繝ｼ繝ｫ鬮俶｡,TEA繧ｫ繝ｬ繝ず,繧｢繧ｦ繝ル繧ｫ繝上う繧ｹ繧ｯ繝ｼ繝ｫ TEA繧ｫ繝ｬ繝ず,C,2,https://league-one.jp/player/486517,,,,,
Riku Kitahara,蛹怜次 迺ｹ,SO,荳蛾㍾繝帙Φ繝繝偵ｼ繝茨ｼ2025-26ｼ,170,78,1999.03.30,26,蝨句ｭｸ髯｢螟ｧ蟄ｸ荵⒧螻ｱ鬮俶｡,繧ｪ繧ｿ繧ｴ螟ｧ蟄ｦ,蝨句ｭｸ髯｢螟ｧ蟄ｸ荵⒧螻ｱ鬮俶｡ 繧ｪ繧ｿ繧ｴ螟ｧ蟄ｦ,A,13,https://league-one.jp/player/484659,,,,,
Ben Paltridge,繝吶Φ 繝ｻ繝昴Ν繝医Μ繝ず,WTB,荳蛾㍾繝帙Φ繝繝偵ｼ繝茨ｼ2025-26ｼ,177,87,1992.09.21,33,繧ｪ繝ｼ繧ｯ繝ｩ繝ｳ繝牙､ｧ蟄ｦ鬮俶｡,,繧ｪ繝ｼ繧ｯ繝ｩ繝ｳ繝牙､ｧ蟄ｦ,A,22,https://league-one.jp/player/484660,,,,,
Kazuki Ban,蝮 蜥梧ｨｹ,PR,荳蛾㍾繝帙Φ繝繝偵ｼ繝茨ｼ2025-26ｼ,181,105,1997.09.22,28,譏取ｲｻ螟ｧ蟄ｦ莉伜ｱ樔ｸｭ驥主ｫ邇句ｭ宣ｫ俶｡,譏取ｲｻ螟ｧ蟄ｦ,譏取ｲｻ螟ｧ蟄ｦ莉伜ｱ樔ｸｭ驥主ｫ邇句ｭ宣ｫ俶｡ 譏取ｲｻ螟ｧ蟄ｦ,A,11,https://league-one.jp/player/484661,,,,,
Yuta Shirasaka,逋ｽ蝮 菴大､ｪ,FL,荳蛾㍾繝帙Φ繝繝偵ｼ繝茨ｼ2025-26ｼ,180,102,2002.11.29,23,荳ｭ驛ｨ螟ｧ蟄ｦ譏･譌･荳倬ｫ倡ｭ牙ｭｦ譬｡,髦ｲ陦帛､ｧ蟄ｦ譬｡螟ｧ蟄ｦ,荳ｭ驛ｨ螟ｧ蟄ｦ譏･譌･荳倬ｫ倡ｭ牙ｭｦ譬｡ 髦ｲ陦帛､ｧ蟄ｦ譬｡,A,0,https://league-one.jp/player/484662,,,,,
Manu Akauora,繝槭レ 繝ｻ繧｢繧ｫ繧ｦ繧ｪ繝ｩ,WTB,荳蛾㍾繝帙Φ繝繝偵ｼ繝茨ｼ2025-26ｼ,177,90,2001.10.27,24,繝ｭ繝医Ν繧｢繝懊ｼ繧､繧ｺ繝上う繧ｹ繧ｯ繝ｼ繝ｫ鬮俶｡,闃ｱ蝨貞､ｧ蟄ｦ,繝ｭ繝医Ν繧｢繝懊ｼ繧､繧ｺ繝上う繧ｹ繧ｯ繝ｼ繝ｫ 闃ｱ蝨貞､ｧ蟄ｦ,A,0,https://league-one.jp/player/484663,,,,,
Rakuhei Yamashita,螻ｱ荳 讌ｽ蟷ｳ,FB,荳蛾㍾繝帙Φ繝繝偵ｼ繝茨ｼ2025-26ｼ,175,85,1992.01.30,33,蟶ｸ鄙泌蕪蜈牙ｭｦ蝨帝ｫ倡ｭ牙ｭｦ譬｡,莠ｬ驛ｽ逕｣讌ｭ螟ｧ蟄ｦ,蟶ｸ鄙泌蕪蜈牙ｭｦ蝨帝ｫ倡ｭ牙ｭｦ譬｡ 莠ｬ驛ｽ逕｣讌ｭ螟ｧ蟄ｦ,A,56,https://league-one.jp/player/484664,,,,,
Aseri Masivou,繧｢繧ｻ繝ｪ 繝ｻ繝槭す繝ｴ繧ｩ繧ｦ,,荳蛾㍾繝帙Φ繝繝偵ｼ繝茨ｼ2025-26ｼ,189,113,1997.03.09,28,繧ｱ繝ｫ繧ｹ繝医Φ繝懊ｼ繧､繧ｺ鬮俶｡,諡捺ｮ門､ｧ蟄ｦ,繧ｱ繝ｫ繧ｹ繝医Φ繝懊ｼ繧､繧ｺ鬮俶｡ 諡捺ｮ門､ｧ蟄ｦ,A,55,https://league-one.jp/player/484665,,,,,
Trevor Hosea,繝医Ξ繝ｴ繧｡ 繝ｻ繝帙ぞ繧｢,LO,荳蛾㍾繝帙Φ繝繝偵ｼ繝茨ｼ2025-26ｼ,204,118,1999.11.24,26,繝悶Μ繧ｹ繝吶Φ繧ｹ繝ｼ繝磯ｫ倬ｫ俶｡,,繝悶Μ繧ｹ繝吶Φ繧ｹ繝ｼ繝磯ｫ,B,27,https://league-one.jp/player/484666,,,,,
Haruto Takahashi,鬮俶ｩ 髯ｽ螟ｧ,PR,荳蛾㍾繝帙Φ繝繝偵ｼ繝茨ｼ2025-26ｼ,185,116,2002.06.29,23,繝ｭ繝医Ν繧｢繝懊ｼ繧､繧ｺ繝上う繧ｹ繧ｯ繝ｼ繝ｫ鬮俶｡,,繝ｭ繝医Ν繧｢繝懊ｼ繧､繧ｺ繝上う繧ｹ繧ｯ繝ｼ繝ｫ,A,0,https://league-one.jp/player/484667,,,,,
Tevita Ikanivere,繝ン繧ｿ 繝ｻ繧､繧ｫ繝九Χ繧ｧ繝ｬ,HO,荳蛾㍾繝帙Φ繝繝偵ｼ繝茨ｼ2025-26ｼ,183,113,1999.09.06,26,逋ｻ骭ｲ蛹ｺ蛻ｼ壹き繝ざ繝ｪC鬮俶｡,,逋ｻ骭ｲ蛹ｺ蛻ｼ壹き繝ざ繝ｪC,C,3,https://league-one.jp/player/484668,,,,,
Ren Toma,逡ｶ逵 闢ｮ,HO,荳蛾㍾繝帙Φ繝繝偵ｼ繝茨ｼ2025-26ｼ,176,100,2002.08.01,23,豬夂ｵ梧ｸ亥､ｧ蟄ｦ莉伜ｱ樊沛鬮倡ｭ牙ｭｦ譬｡,蟶昜ｺｬ螟ｧ蟄ｦ,豬夂ｵ梧ｸ亥､ｧ蟄ｦ莉伜ｱ樊沛鬮倡ｭ牙ｭｦ譬｡ 蟶昜ｺｬ螟ｧ蟄ｦ,A,2,https://league-one.jp/player/484669,,,,,
Ryutaro Nakayama,荳ｭ螻ｱ 遶懷､ｪ譛,FL,荳蛾㍾繝帙Φ繝繝偵ｼ繝茨ｼ2025-26ｼ,185,104,2002.10.08,23,譚ｱ豬ｷ螟ｧ蟄ｦ莉伜ｱ槫､ｧ髦ｪ莉ｰ譏滄ｫ倡ｭ牙ｭｦ譬｡,譚ｱ豬ｷ螟ｧ蟄ｦ,譚ｱ豬ｷ螟ｧ蟄ｦ莉伜ｱ槫､ｧ髦ｪ莉ｰ譏滄ｫ倡ｭ牙ｭｦ譬｡ 譚ｱ豬ｷ螟ｧ蟄ｦ,A,0,https://league-one.jp/player/484670,,,,,
FC Du Plessis,FC 繝ｻ繝Η繝励Ξ繝す繝ｼ,FB,荳蛾㍾繝帙Φ繝繝偵ｼ繝茨ｼ2025-26ｼ,186,92,2001.02.07,24,繧ｰ繝ｬ繧､繧ｫ繝ｬ繝ず,,繧ｰ繝ｬ繧､繧ｫ繝ｬ繝ず,B,5,https://league-one.jp/player/484671,,,,,
Sam Sheperd,繧ｵ繝 繝ｻ繧ｷ繧ｧ繝代ｼ繝,LO,荳蛾㍾繝帙Φ繝繝偵ｼ繝茨ｼ2025-26ｼ,200,113,2001.09.12,24,繧ｭ繝ｳ繧ｰ繧ｹ鬮俶｡,,繧ｭ繝ｳ繧ｰ繧ｹ鬮俶｡,B,0,https://league-one.jp/player/484672,,,,,
Lemeki Lomano Lava,繝ｬ繝｡繧ｭ 繝ｭ繝槭ヮ繝ｩ繝ｴ繧｡,UTB,荳蛾㍾繝帙Φ繝繝偵ｼ繝茨ｼ2025-26ｼ,178,95,1989.01.20,36,繝ｪ繧ｹ繝医Φ繧ｫ繝ｬ繝ず,,繝ｪ繧ｹ繝医Φ繧ｫ繝ｬ繝ず,A,50,https://league-one.jp/player/484673,,,譌･譛ｬ莉｣陦ｨ20CAP,,
Larry Sulunga,繝ｩ繝ｪ繝ｼ 繝ｻ繧ｹ繝ｫ繝ｳ繧ｬ,WTB,荳蛾㍾繝帙Φ繝繝偵ｼ繝茨ｼ2025-26ｼ,184,109,1998.10.22,27,繝医ぇ繝昴え繧ｫ繝ｬ繝ず,,繝医ぇ繝昴え繧ｫ繝ｬ繝ず,A,45,https://league-one.jp/player/484674,,,,,
Johnny Faauli,繧ｸ繝ｧ繝九ｼ 繝ｻ繝輔ぃ繧｢繧ｦ繝ｪ,CTB,荳蛾㍾繝帙Φ繝繝偵ｼ繝茨ｼ2025-26ｼ,183,100,1995.09.13,30,繧ｻ繝ｳ繝医こ繝ｳ繝ぅ繧ｬ繝ｳ繧ｫ繝ｬ繝ず,,繧ｻ繝ｳ繝医こ繝ｳ繝ぅ繧ｬ繝ｳ繧ｫ繝ｬ繝ず,A,23,https://league-one.jp/player/484675,,,,,
Manu Vunipola,繝槭レ 繝ｻ繝ｴ繝九繝ｩ,SO,荳蛾㍾繝帙Φ繝繝偵ｼ繝茨ｼ2025-26ｼ,180,93,2000.05.04,25,繝上Ο繧ｦ鬮俶｡,,繝上Ο繧ｦ鬮俶｡,B,11,https://league-one.jp/player/484676,,,,,
Feinga Fakai,繝輔ぉ繧､繝ｳ繧ｬ 繝ｻ繝輔ぃ繧ｫ繧､,PR,荳蛾㍾繝帙Φ繝繝偵ｼ繝茨ｼ2025-26ｼ,180,116,1997.07.06,28,譌･譛ｬ闊ｪ遨ｺ遏ｳ蟾晞ｫ俶｡,莠ｬ驛ｽ逕｣讌ｭ螟ｧ蟄ｦ,譌･譛ｬ闊ｪ遨ｺ遏ｳ蟾晞ｫ俶｡ 莠ｬ驛ｽ逕｣讌ｭ螟ｧ蟄ｦ,A,27,https://league-one.jp/player/484677,,,,,
Talifolofola Tangipa,繧ｿ繝ｪ繝輔か繝ｭ繝輔か繝ｩ 繝ｻ繧ｿ繝ｳ繧ｮ繝,,荳蛾㍾繝帙Φ繝繝偵ｼ繝茨ｼ2025-26ｼ,186,117,1996.05.21,29,繧ｱ繝ｫ繧ｹ繝医Φ繝懊ｼ繧､繧ｺ鬮俶｡,鞫ょ漉螟ｧ蟄ｦ,繧ｱ繝ｫ繧ｹ繝医Φ繝懊ｼ繧､繧ｺ鬮俶｡ 鞫ょ漉螟ｧ蟄ｦ,A,45,https://league-one.jp/player/484678,,,,,
Tevita Tupou,繝繧ｦ 繝ン繧ｿ,FL,荳蛾㍾繝帙Φ繝繝偵ｼ繝茨ｼ2025-26ｼ,185,102,1991.09.26,34,譌･譛ｬ闊ｪ遨ｺ遏ｳ蟾晞ｫ俶｡,螟ｧ譚ｱ譁㍾喧螟ｧ蟄ｦ,譌･譛ｬ闊ｪ遨ｺ遏ｳ蟾 螟ｧ譚ｱ譁㍾喧螟ｧ蟄ｦ,A,27,https://league-one.jp/player/484679,,,,,
Tony Hunt,繝医ル繝ｼ 繝ｻ繝上Φ繝,FL,荳蛾㍾繝帙Φ繝繝偵ｼ繝茨ｼ2025-26ｼ,190,106,1998.02.09,27,繝翫ャ繧ｸ繝ｼ繧ｫ繝ｬ繝ず,,繝翫ャ繧ｸ繝ｼ繧ｫ繝ｬ繝ず,A,13,https://league-one.jp/player/484680,,,,,
Mark Abbott,繝槭ｼ繧ｯ 繝ｻ繧｢繝懊ャ繝,LO,荳蛾㍾繝帙Φ繝繝偵ｼ繝茨ｼ2025-26ｼ,197,112,1990.02.20,35,繧ｻ繝ｳ繝医い繝ｳ繝峨Μ繝･繝ｼ繧ｹ鬮俶｡,繧ｫ繝ｳ繧ｿ繝吶Μ繝ｼ螟ｧ蟄ｦ,繧ｻ繝ｳ繝医い繝ｳ繝峨Μ繝･繝ｼ繧ｹ鬮俶｡ 繧ｫ繝ｳ繧ｿ繝吶Μ繝ｼ螟ｧ蟄ｦ,A,52,https://league-one.jp/player/484681,,,,,
Janko Swanepoel,繝､繝ｳ繧ｳ 繝ｻ繧ｹ繝ｯ繝翫繝ｼ繝ｫ,LO,荳蛾㍾繝帙Φ繝繝偵ｼ繝茨ｼ2025-26ｼ,200,115,1999.09.08,26,繧ｹ繝Ξ繝ｳ繝舌ｼ繧ｰ鬮俶｡,,繧ｹ繝Ξ繝ｳ繝舌ｼ繧ｰ鬮俶｡,B,22,https://league-one.jp/player/484682,,,,,
Hayata Nakao,荳ｭ蟆ｾ 髫ｼ螟ｪ,SO,荳蛾㍾繝帙Φ繝繝偵ｼ繝茨ｼ2025-26ｼ,176,87,1995.01.20,30,髟ｷ蟠主圏髯ｽ蜿ｰ鬮俶｡,鮖ｿ蜈仙ｳｶ螟ｧ蟄ｦ,髟ｷ蟠主圏髯ｽ蜿ｰ鬮俶｡ 鮖ｿ蜈仙ｳｶ螟ｧ蟄ｦ,A,37,https://league-one.jp/player/484683,,,譌･譛ｬ莉｣陦ｨ1CAP,,
Ikuma Yamada,螻ｱ逕ｰ 逕溽悄,HO,荳蛾㍾繝帙Φ繝繝偵ｼ繝茨ｼ2025-26ｼ,178,100,1999.01.26,26,譚ｱ豬ｷ螟ｧ莉ｰ譏滄ｫ俶｡,譚ｱ豬ｷ螟ｧ蟄ｦ,譚ｱ豬ｷ螟ｧ莉ｰ譏滄ｫ俶｡ 譚ｱ豬ｷ螟ｧ蟄ｦ,A,20,https://league-one.jp/player/484684,,,,,
Ryoma Nishimura,隘ｿ譚 鮴埼ｦｬ,LO,荳蛾㍾繝帙Φ繝繝偵ｼ繝茨ｼ2025-26ｼ,190,111,1995.11.21,30,鬮倬豪鬮俶｡,蟆ゆｿｮ螟ｧ蟄ｦ,鬮倬豪鬮俶｡ 蟆ゆｿｮ螟ｧ蟄ｦ,A,29,https://league-one.jp/player/484685,,,,,
Kazuhiro Koike,蟆乗ｱ 荳螳,HO,荳蛾㍾繝帙Φ繝繝偵ｼ繝茨ｼ2025-26ｼ,172,98,1992.06.10,33,譏主柱逵悟､ｮ鬮俶｡,豕墓帆螟ｧ蟄ｦ,譏主柱逵悟､ｮ鬮俶｡ 豕墓帆螟ｧ蟄ｦ,A,15,https://league-one.jp/player/484686,,,,,
Haruhiko Uemura,讀肴搗 髯ｽ蠖ｦ,FB,荳蛾㍾繝帙Φ繝繝偵ｼ繝茨ｼ2025-26ｼ,177,83,2000.11.13,25,闌玲ｸ灘ｭｦ蝨帝ｫ俶｡,遲第ｳ｢螟ｧ蟄ｦ,闌玲ｸ灘ｭｦ蝨帝ｫ俶｡ 遲第ｳ｢螟ｧ蟄ｦ,A,21,https://league-one.jp/player/484687,,,,,
Kei Toma,逡ｶ逵 諷ｶ,FL,荳蛾㍾繝帙Φ繝繝偵ｼ繝茨ｼ2025-26ｼ,180,96,2000.08.07,25,豬夂ｵ梧ｸ亥､ｧ蟄ｦ譟城ｫ俶｡,蟶昜ｺｬ螟ｧ蟄ｦ,豬夂ｵ梧ｸ亥､ｧ蟄ｦ譟城ｫ俶｡ 蟶昜ｺｬ螟ｧ蟄ｦ,A,4,https://league-one.jp/player/484688,,,,,
Koki Hida,閧･逕ｰ 譎ｭ｣,HO,荳蛾㍾繝帙Φ繝繝偵ｼ繝茨ｼ2025-26ｼ,177,100,2000.09.17,25,荳ｭ驛ｨ螟ｧ譏･譌･荳倬ｫ俶｡,遲第ｳ｢螟ｧ蟄ｦ,荳ｭ驛ｨ螟ｧ譏･譌･荳倬ｫ俶｡ 遲第ｳ｢螟ｧ蟄ｦ,A,37,https://league-one.jp/player/484689,,,,,
Taichi Takenaka,遶ｹ荳ｭ 螟ｪ荳,SH,荳蛾㍾繝帙Φ繝繝偵ｼ繝茨ｼ2025-26ｼ,173,78,1995.12.25,30,遏ｳ隕区匱鄙鬢ｨ鬮俶｡,髢｢隘ｿ螟ｧ蟄ｦ,遏ｳ隕区匱鄙鬢ｨ鬮俶｡ 髢｢隘ｿ螟ｧ蟄ｦ,A,34,https://league-one.jp/player/484690,,,,,
Fraser Quirk,繝輔Ξ繧､繧ｶ繝ｼ 繝ｻ繧ｯ繝ｯ繝ｼ繧ｯ,CTB,荳蛾㍾繝帙Φ繝繝偵ｼ繝茨ｼ2025-26ｼ,187,100,1998.08.14,27,髢句ｿ怜嵜髫幃ｫ俶｡,譌･譛ｬ螟ｧ蟄ｦ,髢句ｿ怜嵜髫幃ｫ俶｡ 譌･譛ｬ螟ｧ蟄ｦ,A,29,https://league-one.jp/player/484691,,,,,
Katsuyuki Hoshino,譏滄㍽ 蜈倶ｹ,PR,荳蛾㍾繝帙Φ繝繝偵ｼ繝茨ｼ2025-26ｼ,186,120,1999.08.24,26,譬ｾｳ鬮俶｡,譚ｱ豬ｷ螟ｧ蟄ｦ,譬ｾｳ鬮俶｡ 譚ｱ豬ｷ螟ｧ蟄ｦ,A,29,https://league-one.jp/player/484692,,,,,
Kanato Hirano,蟷ｳ驥 蜿ｶ鄙,PR,荳蛾㍾繝帙Φ繝繝偵ｼ繝茨ｼ2025-26ｼ,180,109,2000.02.08,25,隘ｿ髯ｵ鬮俶｡,莠ｬ驛ｽ逕｣讌ｭ螟ｧ蟄ｦ,隘ｿ髯ｵ鬮俶｡ 莠ｬ驛ｽ逕｣讌ｭ螟ｧ蟄ｦ,A,18,https://league-one.jp/player/484693,,,,,
Yuta Matsuura,譚ｾ豬ｦ 逾仙､ｪ,FB,荳蛾㍾繝帙Φ繝繝偵ｼ繝茨ｼ2025-26ｼ,178,88,1996.12.05,29,蟆丞蛾ｫ俶｡,蟆ゆｿｮ螟ｧ蟄ｦ,蟆丞蛾ｫ俶｡ 蟆ゆｿｮ螟ｧ蟄ｦ,A,4,https://league-one.jp/player/484694,,,,,
Dawid Kellerman,繝繝ｼ繧ｦ繧｣繝ラ 繝ｻ繧ｱ繝ｩ繝ｼ繝槭Φ,CTB,荳蛾㍾繝帙Φ繝繝偵ｼ繝茨ｼ2025-26ｼ,185,97,2000.07.21,25,PaarlGimnasium鬮俶｡,,PaarlGimnasium鬮俶｡,A,41,https://league-one.jp/player/484695,,,,,
Soki Watanabe,貂｡驍 蠑占ｲｴ,CTB,荳蛾㍾繝帙Φ繝繝偵ｼ繝茨ｼ2025-26ｼ,176,88,1997.01.14,28,蝗ｽ蟄ｦ髯｢譬惠鬮俶｡,譏取ｲｻ螟ｧ蟄ｦ,蝗ｽ蟄ｦ髯｢譬惠鬮俶｡ 譏取ｲｻ螟ｧ蟄ｦ,A,34,https://league-one.jp/player/484696,,,,,
Gwante O,蜻 豢ｸ螟ｪ,SO,荳蛾㍾繝帙Φ繝繝偵ｼ繝茨ｼ2025-26ｼ,180,89,1996.11.16,29,螟ｧ髦ｪ譛晞ｮｮ鬮俶｡,豕墓帆螟ｧ蟄ｦ,螟ｧ髦ｪ譛晞ｮｮ鬮俶｡ 豕墓帆螟ｧ蟄ｦ,A,47,https://league-one.jp/player/484697,,,,,
Kengo Gunji,驛｡蜿ｸ 蛛･蜷ｾ,FB,荳蛾㍾繝帙Φ繝繝偵ｼ繝茨ｼ2025-26ｼ,184,92,1997.09.13,28,譌･蟾晞ｫ俶｡,蟆ゆｿｮ螟ｧ蟄ｦ,譌･蟾晞ｫ俶｡ 蟆ゆｿｮ螟ｧ蟄ｦ,A,6,https://league-one.jp/player/484698,,,,,
Shogo Nezuka,譬ｹ蝪 閨門☎,SH,荳蛾㍾繝帙Φ繝繝偵ｼ繝茨ｼ2025-26ｼ,163,72,1997.01.13,28,莠ｬ驛ｽ謌千ｫ鬮俶｡,豕墓帆螟ｧ蟄ｦ,莠ｬ驛ｽ謌千ｫ鬮俶｡ 豕墓帆螟ｧ蟄ｦ,A,35,https://league-one.jp/player/484699,,,,,
Ryo Furuta,蜿､逕ｰ 蜃,,荳蛾㍾繝帙Φ繝繝偵ｼ繝茨ｼ2025-26ｼ,183,98,1995.09.29,30,莠ｬ驛ｽ謌千ｫ鬮俶｡,蟶昜ｺｬ螟ｧ蟄ｦ,莠ｬ驛ｽ謌千ｫ鬮俶｡ 蟶昜ｺｬ螟ｧ蟄ｦ,A,48,https://league-one.jp/player/484700,,,,,
Franco Mostert,繝輔Λ繝ｳ繧ｳ 繝ｻ繝｢繧ｹ繧ｿ繝ｼ繝,LO,荳蛾㍾繝帙Φ繝繝偵ｼ繝茨ｼ2025-26ｼ,200,112,1990.11.27,35,繝悶Μ繝ヤ鬮倬ｫ俶｡,繝励Ξ繝医Μ繧｢螟ｧ蟄ｦ,繝悶Μ繝ヤ鬮 繝励Ξ繝医Μ繧｢螟ｧ蟄ｦ,C,60,https://league-one.jp/player/484701,,,,,
Hiroaki Shirahama,逋ｽ豼ｱ 蠑倡ｫ,HO,荳蛾㍾繝帙Φ繝繝偵ｼ繝茨ｼ2025-26ｼ,175,102,1994.10.28,31,譚ｱ遖丞ｲ｡鬮俶｡,荵晏ｷ槫ｱ遶句､ｧ蟄ｦ,譚ｱ遖丞ｲ｡鬮俶｡ 荵晏ｷ槫ｱ遶句､ｧ蟄ｦ,A,6,https://league-one.jp/player/484702,,,,,
Matthys Basson,繝槭ユ繧｣繧ｦ繧ｹ 繝ｻ繝舌ャ繧ｽ繝ｳ,PR,荳蛾㍾繝帙Φ繝繝偵ｼ繝茨ｼ2025-26ｼ,191,120,1995.06.09,30,繝懊Λ繝ｳ繝芽ｾｲ讌ｭ鬮俶｡,繝励Ξ繝医Μ繧｢螟ｧ蟄ｦ,繝懊Λ繝ｳ繝芽ｾｲ讌ｭ鬮俶｡ 繝励Ξ繝医Μ繧｢螟ｧ蟄ｦ,A,46,https://league-one.jp/player/484703,,,,,
Taiki Yoshioka,蜷牙ｲ｡ 螟ｧ雋ｴ,PR,荳蛾㍾繝帙Φ繝繝偵ｼ繝茨ｼ2025-26ｼ,183,115,1995.09.02,30,譌･蜷鷹ｫ俶｡,譏取ｲｻ螟ｧ蟄ｦ,譌･蜷鷹ｫ俶｡ 譏取ｲｻ螟ｧ蟄ｦ,A,32,https://league-one.jp/player/484704,,,,,
Tatsuhiko Tsurukawa,鮓ｴ蟾 驕泌ｽｦ,PR,荳蛾㍾繝帙Φ繝繝偵ｼ繝茨ｼ2025-26ｼ,183,115,1995.05.21,30,譯占発蟄ｦ蝨剃ｸｭ遲画蕗閧ｲ蟄ｦ譬｡,譌ｩ遞ｲ逕ｰ螟ｧ蟄ｦ,譯占発蟄ｦ蝨剃ｸｭ遲画蕗閧ｲ蟄ｦ譬｡ 譌ｩ遞ｲ逕ｰ螟ｧ蟄ｦ,A,64,https://league-one.jp/player/484705,,,'19 U23,,
Takumi Fujii,阯､莠 諡捺ｵｷ,PR,荳蛾㍾繝帙Φ繝繝偵ｼ繝茨ｼ2025-26ｼ,176,108,1995.09.02,30,譚ｱ豬ｷ螟ｧ莉ｰ譏滄ｫ俶｡,髢｢隘ｿ螟ｧ蟄ｦ,譚ｱ豬ｷ螟ｧ莉ｰ譏滄ｫ俶｡ 髢｢隘ｿ螟ｧ蟄ｦ,A,43,https://league-one.jp/player/484706,,,,,
Wihongi Connor,繧ｳ繝翫ｼ 繝ｻ繧ｦ繧｣繝帙Φ繧ｮ,LO,荳蛾㍾繝帙Φ繝繝偵ｼ繝茨ｼ2025-26ｼ,200,116,1997.08.20,28,AucklandGrammar鬮俶｡,螻ｱ譴ｨ蟄ｦ髯｢螟ｧ蟄ｦ,AucklandGrammar 螻ｱ譴ｨ蟄ｦ髯｢螟ｧ蟄ｦ,A,13,https://league-one.jp/player/484707,,,,,
Kapa Waimana,繝ｯ繧､繝槭リ 繝ｻ繧ｫ繝,FL,荳蛾㍾繝帙Φ繝繝偵ｼ繝茨ｼ2025-26ｼ,192,107,1998.09.02,27,繝槭え繝ｳ繝医い繝ｫ繝舌ｼ繝医げ繝ｩ繝槭ｼ繧ｹ繧ｯ繝ｼ繝ｫ鬮俶｡,,繝槭え繝ｳ繝医い繝ｫ繝舌ｼ繝医げ繝ｩ繝槭ｼ繧ｹ繧ｯ繝ｼ繝ｫ,A,36,https://league-one.jp/player/484708,,,,,
Li Tevita,繝ン繧ｿ 繝ｻ繝ｪ繝ｼ,WTB,荳蛾㍾繝帙Φ繝繝偵ｼ繝茨ｼ2025-26ｼ,182,95,1995.03.23,30,繝槭ャ繧ｻ繧､鬮俶｡,,繝槭ャ繧ｻ繧､鬮俶｡,B,42,https://league-one.jp/player/484709,,,,,
Azuma Doei,蝨滓ｰｸ 髮ｷ,SH,荳蛾㍾繝帙Φ繝繝偵ｼ繝茨ｼ2025-26ｼ,172,70,1998.07.24,27,蜈画ｳ蛾ｫ俶｡,蟶昜ｺｬ螟ｧ蟄ｦ,蜈画ｳ蛾ｫ俶｡ 蟶昜ｺｬ螟ｧ蟄ｦ,A,29,https://league-one.jp/player/484710,,,,,
Kenta Hirai,蟷ｳ莠 蟒ｺ螟,PR,荳蛾㍾繝帙Φ繝繝偵ｼ繝茨ｼ2025-26ｼ,186,115,2001.05.09,24,關ｩ蝠ｷ･鬮俶｡,荵晏ｷ槫ｱ遶句､ｧ蟄ｦ,關ｩ蝠ｷ･鬮俶｡ 荵晏ｷ槫ｱ遶句､ｧ蟄ｦ,A,0,https://league-one.jp/player/484711,,,,,
Takuro Hojo,蛹玲｢ 諡馴ヮ,SH,荳蛾㍾繝帙Φ繝繝偵ｼ繝茨ｼ2025-26ｼ,174,80,2001.09.18,24,螟ｩ逅ｫ俶｡,螟ｩ逅､ｧ蟄ｦ,螟ｩ逅ｫ俶｡ 螟ｩ逅､ｧ蟄ｦ,A,11,https://league-one.jp/player/484712,,,,,
koki Miyasaka,螳ｮ蝮 闊ｪ逕,SH,荳蛾㍾繝帙Φ繝繝偵ｼ繝茨ｼ2025-26ｼ,172,75,2002.03.01,23,荳ｭ驛ｨ螟ｧ蟄ｦ譏･譌･荳倬ｫ俶｡,蟆ゆｿｮ螟ｧ蟄ｦ,荳ｭ驛ｨ螟ｧ蟄ｦ譏･譌･荳倬ｫ俶｡ 蟆ゆｿｮ螟ｧ蟄ｦ,A,0,https://league-one.jp/player/484713,,,,,
Kyogo Okano,蟯｡驥 蝟ｬ蜷ｾ,CTB,荳蛾㍾繝帙Φ繝繝偵ｼ繝茨ｼ2025-26ｼ,184,100,2001.10.31,24,蟶ｸ鄙泌ｭｦ蝨帝ｫ俶｡,蜷悟ｿ礼､ｾ螟ｧ蟄ｦ,蟶ｸ鄙泌ｭｦ蝨帝ｫ俶｡ 蜷悟ｿ礼､ｾ螟ｧ蟄ｦ,A,17,https://league-one.jp/player/484714,,,,,
Pablo Matera,繝代ヶ繝ｭ 繝ｻ繝槭ユ繝ｼ繝ｩ,,荳蛾㍾繝帙Φ繝繝偵ｼ繝茨ｼ2025-26ｼ,190,111,1993.07.18,32,繧ｻ繝ｳ繝医く繝｣繧ｵ繝ｪ繝ｳ繧ｺ繝繧｢繝ｩ繝ｳ繧ｺ繧ｹ繧ｯ繝ｼ繝ｫ鬮俶｡,,繧ｻ繝ｳ繝医く繝｣繧ｵ繝ｪ繝ｳ繧ｺ繝繧｢繝ｩ繝ｳ繧ｺ繧ｹ繧ｯ繝ｼ繝ｫ,C,35,https://league-one.jp/player/484715,,,,,
Yu Kawai,豐ｳ莠 蜆ｪ,UTB,荳蛾㍾繝帙Φ繝繝偵ｼ繝茨ｼ2025-26ｼ,173,81,1999.12.01,26,譌･譛ｬ闊ｪ遨ｺ鬮倡ｭ牙ｭｦ譬｡遏ｳ蟾晞ｫ俶｡,霑醍柄螟ｧ蟄ｦ,譌･譛ｬ闊ｪ遨ｺ鬮倡ｭ牙ｭｦ譬｡遏ｳ蟾 霑醍柄螟ｧ蟄ｦ,A,0,https://league-one.jp/player/485077,,,,,
Gideon Koegelenberg,繧ｮ繝ぅ繧ｪ繝ｳ 繝ｻ繧ｳ繝ｼ繝倥Ξ繝ｳ繝舌ｼ繧ｰ,LO,荳芽廠驥榊ｷ･逶ｸ讓｡蜴溘ム繧､繝翫繧｢繝ｼ繧ｺｼ2025-26ｼ,202,122,1994.11.25,31,繝輔ご繝弱ｼ繝磯ｫ俶｡,,繝輔ご繝弱ｼ繝磯ｫ俶｡,B,0,https://league-one.jp/player/483287,,,,,
Pieter Scholtz,繝斐ｼ繧ｿ繝ｼ 繝ｻ繧ｷ繝ｧ繝ｫ繝,PR,荳芽廠驥榊ｷ･逶ｸ讓｡蜴溘ム繧､繝翫繧｢繝ｼ繧ｺｼ2025-26ｼ,187,137,1994.03.20,31,Diamantveld鬮俶｡,high螟ｧ蟄ｦ,Diamantveld high school,B,2,https://league-one.jp/player/483288,,,,,
Charlie Titcombe,繝√Ε繝ｼ繝ｪ繝ｼ 繝ｻ繝ぅ繝医さ繝,SO,荳芽廠驥榊ｷ･逶ｸ讓｡蜴溘ム繧､繝翫繧｢繝ｼ繧ｺｼ2025-26ｼ,179,86,2001.12.28,24,Oakham鬮俶｡,School螟ｧ蟄ｦ,Oakham School  Loughborough University,B,0,https://league-one.jp/player/483289,,,,,
Lukhanyo Am,繝ｫ繧ｫ繝九Ι 繝ｻ繧｢繝,CTB,荳芽廠驥榊ｷ･逶ｸ讓｡蜴溘ム繧､繝翫繧｢繝ｼ繧ｺｼ2025-26ｼ,186,97,1993.11.28,32,繝ｻ繝輔か繝ｼ繧ｹ繝ｻ繝ｩ繝槭Φ鬮俶｡,,繝ｻ繝輔か繝ｼ繧ｹ繝ｻ繝ｩ繝槭Φ鬮俶｡,C,9,https://league-one.jp/player/483290,,,,,
Hiyu Sasaki,菴舌⒧惠 髯ｽ譛,WTB,荳芽廠驥榊ｷ･逶ｸ讓｡蜴溘ム繧､繝翫繧｢繝ｼ繧ｺｼ2025-26ｼ,172,79,2004.03.14,21,繝ｩ繝ｳ繧ｮ繝医ヨ繧ｫ繝ｬ繝ず,繧ｪ繝ｼ繧ｯ繝ｩ繝ｳ繝牙､ｧ蟄ｦ,繝ｩ繝ｳ繧ｮ繝医ヨ繧ｫ繝ｬ繝ず 繧ｪ繝ｼ繧ｯ繝ｩ繝ｳ繝牙､ｧ蟄ｦ,A,0,https://league-one.jp/player/484716,,,,,
Shun Miyake,荳牙ｮ 鬧ｿ,SO,荳芽廠驥榊ｷ･逶ｸ讓｡蜴溘ム繧､繝翫繧｢繝ｼ繧ｺｼ2025-26ｼ,170,88,2001.12.28,24,繧ｯ繝ｩ繧､繧ｹ繝医ｻ繧ｫ繝ｬ繝ず,繧ｫ繝ｳ繧ｿ繝吶Μ繝ｼ螟ｧ蟄ｦ,繧ｯ繝ｩ繧､繧ｹ繝医ｻ繧ｫ繝ｬ繝ず 繧ｫ繝ｳ繧ｿ繝吶Μ繝ｼ螟ｧ蟄ｦ,A,3,https://league-one.jp/player/484717,,,,,
Shunsuke Asaoka,豺ｺ蟯｡ 菫贋ｺｮ,PR,荳芽廠驥榊ｷ･逶ｸ讓｡蜴溘ム繧､繝翫繧｢繝ｼ繧ｺｼ2025-26ｼ,187,125,1996.06.24,29,莠ｬ驛ｽ謌千ｫ鬮俶｡,蟶昜ｺｬ螟ｧ蟄ｦ,莠ｬ驛ｽ謌千ｫ鬮俶｡ 蟶昜ｺｬ螟ｧ蟄ｦ,A,56,https://league-one.jp/player/484718,,,譌･譛ｬ莉｣陦ｨ1CAP,,
Daiki Yamagiwa,螻ｱ讌ｵ 螟ｧ雋ｴ,LO,荳芽廠驥榊ｷ･逶ｸ讓｡蜴溘ム繧､繝翫繧｢繝ｼ繧ｺｼ2025-26ｼ,198,120,1997.07.24,28,菫晏埋鬮俶｡,蟆ゆｿｮ螟ｧ蟄ｦ,菫晏埋鬮俶｡ 蟆ゆｿｮ螟ｧ蟄ｦ,A,54,https://league-one.jp/player/484719,,,,,
Yoshiki Yoshioka,蜷牙ｲ｡ 鄒ｩ蝟,SH,荳芽廠驥榊ｷ･逶ｸ讓｡蜴溘ム繧､繝翫繧｢繝ｼ繧ｺｼ2025-26ｼ,167,73,2001.03.17,24,闊亥嵜鬮俶｡,譚ｱ豢句､ｧ蟄ｦ,闊亥嵜鬮俶｡ 譚ｱ豢句､ｧ蟄ｦ,A,5,https://league-one.jp/player/484720,,,,,
Jose Seru,繧ｻ繝ｫ 繝帙ぞ,,荳芽廠驥榊ｷ･逶ｸ讓｡蜴溘ム繧､繝翫繧｢繝ｼ繧ｺｼ2025-26ｼ,197,117,1991.02.09,34,繝Λ繧ｻ繝ｩ繧ｫ繝ｬ繝ず,繝槭レ繧ｫ繧ｦ蟾･遘大､ｧ蟄ｦ,繝Λ繧ｻ繝ｩ繧ｫ繝ｬ繝ず 繝槭レ繧ｫ繧ｦ蟾･遘大､ｧ蟄ｦ,A,34,https://league-one.jp/player/484721,,,,,
Naoto Yasutsune,螳画￡ 逶ｴ莠ｺ,HO,荳芽廠驥榊ｷ･逶ｸ讓｡蜴溘ム繧､繝翫繧｢繝ｼ繧ｺｼ2025-26ｼ,172,98,2003.02.05,22,遖丞ｲ｡鬮俶｡,譌ｩ遞ｲ逕ｰ螟ｧ蟄ｦ,遖丞ｲ｡鬮俶｡ 譌ｩ遞ｲ逕ｰ螟ｧ蟄ｦ,A,0,https://league-one.jp/player/484722,,,,,
HANITELI VAILEA,繝上ル繝Μ 繝ｻ繝ｴ繧｡繧､繝ｬ繧｢,CTB,荳芽廠驥榊ｷ･逶ｸ讓｡蜴溘ム繧､繝翫繧｢繝ｼ繧ｺｼ2025-26ｼ,181,98,2002.07.12,23,髱呈｣ｮ螻ｱ逕ｰ鬮俶｡,螟ｧ譚ｱ譁㍾喧螟ｧ蟄ｦ,髱呈｣ｮ螻ｱ逕ｰ鬮俶｡ 螟ｧ譚ｱ譁㍾喧螟ｧ蟄ｦ,A,13,https://league-one.jp/player/484723,,,,,
Joape Naco,繧ｸ繝ｧ繧｢繝 繝ｻ繝翫さ,CTB,荳芽廠驥榊ｷ･逶ｸ讓｡蜴溘ム繧､繝翫繧｢繝ｼ繧ｺｼ2025-26ｼ,181,98,2002.07.25,23,螟ｧ蛻擲譏朱ｫ俶｡,譌･譛ｬ螟ｧ蟄ｦ,螟ｧ蛻擲譏朱ｫ俶｡ 譌･譛ｬ螟ｧ蟄ｦ,A,9,https://league-one.jp/player/484724,,,,,
Naoki Kotera,蜿､蟇ｺ 逶ｴ蟶,HO,荳芽廠驥榊ｷ･逶ｸ讓｡蜴溘ム繧､繝翫繧｢繝ｼ繧ｺｼ2025-26ｼ,170,100,2002.12.22,23,遏ｳ隕区匱鄙鬢ｨ鬮俶｡,霑醍柄螟ｧ蟄ｦ,遏ｳ隕区匱鄙鬢ｨ鬮俶｡ 霑醍柄螟ｧ蟄ｦ,A,0,https://league-one.jp/player/484725,,,,,
Yuji Chae,阡｡ 蜚ｯ蠢,PR,荳芽廠驥榊ｷ･逶ｸ讓｡蜴溘ム繧､繝翫繧｢繝ｼ繧ｺｼ2025-26ｼ,175,105,2003.02.09,22,螟ｧ髦ｪ譛晞ｮｮ鬮倡ｴ夐ｫ倡ｭ牙ｭｦ譬｡,霑醍柄螟ｧ蟄ｦ,螟ｧ髦ｪ譛晞ｮｮ鬮倡ｴ夐ｫ倡ｭ牙ｭｦ譬｡ 霑醍柄螟ｧ蟄ｦ,A,9,https://league-one.jp/player/484726,,,'25 XV,,
Shinnosuke Yamashita,螻ｱ荳 逵滉ｹ倶ｻ,SO,荳芽廠驥榊ｷ･逶ｸ讓｡蜴溘ム繧､繝翫繧｢繝ｼ繧ｺｼ2025-26ｼ,174,83,2002.06.06,23,豬夂ｵ梧ｸ亥､ｧ蟄ｦ譟城ｫ俶｡,遶句多鬢ｨ螟ｧ蟄ｦ,豬夂ｵ梧ｸ亥､ｧ蟄ｦ譟 遶句多鬢ｨ螟ｧ蟄ｦ,A,1,https://league-one.jp/player/484727,,,,,
Charlie Lawrence,繝√Ε繝ｼ繝ｪ繝ｼ 繝ｻ繝ｭ繝ｼ繝ｬ繝ｳ繧ｹ,CTB,荳芽廠驥榊ｷ･逶ｸ讓｡蜴溘ム繧､繝翫繧｢繝ｼ繧ｺｼ2025-26ｼ,171,90,1998.05.27,27,HamiltonBoysHighSchool鬮俶｡,,HamiltonBoysHighSchool,A,55,https://league-one.jp/player/484728,,,譌･譛ｬ莉｣陦ｨ9CAP,,
Changho Ahn,螳 譏瑚ｱｪ,PR,荳芽廠驥榊ｷ･逶ｸ讓｡蜴溘ム繧､繝翫繧｢繝ｼ繧ｺｼ2025-26ｼ,178,110,1997.11.20,28,螟ｧ髦ｪ譛晞ｮｮ鬮倡ｴ壼ｭｦ譬｡,譏取ｲｻ螟ｧ蟄ｦ,螟ｧ髦ｪ譛晞ｮｮ鬮倡ｴ壼ｭｦ譬｡ 譏取ｲｻ螟ｧ蟄ｦ,A,44,https://league-one.jp/player/484729,,,'17 U20縲'17 U23,,
Seunghyok Lee,譚 謇ｿ辷,HO,荳芽廠驥榊ｷ･逶ｸ讓｡蜴溘ム繧､繝翫繧｢繝ｼ繧ｺｼ2025-26ｼ,179,103,1999.01.27,26,螟ｧ髦ｪ譛晞ｮｮ鬮倡ｴ壼ｭｦ譬｡,蟶昜ｺｬ螟ｧ蟄ｦ,螟ｧ髦ｪ譛晞ｮｮ鬮倡ｴ壼ｭｦ譬｡ 蟶昜ｺｬ螟ｧ蟄ｦ,A,57,https://league-one.jp/player/484730,,,譌･譛ｬ莉｣陦ｨ1CAP,,
Rento Tsukayama,豢･蝌牙ｱｱ 蟒我ｺｺ,PR,荳芽廠驥榊ｷ･逶ｸ讓｡蜴溘ム繧､繝翫繧｢繝ｼ繧ｺｼ2025-26ｼ,186,107,1998.09.07,27,豬夂ｵ梧ｸ亥､ｧ蟄ｦ髯ｱ樊沛鬮倡ｭ牙ｭｦ譬｡,豬夂ｵ梧ｸ亥､ｧ蟄ｦ,豬夂ｵ梧ｸ亥､ｧ蟄ｦ髯ｱ樊沛鬮倡ｭ牙ｭｦ譬｡ 豬夂ｵ梧ｸ亥､ｧ蟄ｦ,A,36,https://league-one.jp/player/484731,,,'18 U20縲'18 U23縲'19 U23,,
Riku Mishima,荳牙ｳｶ 逅ｳ荵,CTB,荳芽廠驥榊ｷ･逶ｸ讓｡蜴溘ム繧､繝翫繧｢繝ｼ繧ｺｼ2025-26ｼ,175,91,2000.09.02,25,螟ｧ髦ｪ譯占発鬮俶｡,霑醍柄螟ｧ蟄ｦ,螟ｧ髦ｪ譯占発鬮俶｡ 霑醍柄螟ｧ蟄ｦ,A,2,https://league-one.jp/player/484732,,,,,
Satoshi Koizumi,蟆乗ｳ 諤懷彰,FB,荳芽廠驥榊ｷ･逶ｸ讓｡蜴溘ム繧､繝翫繧｢繝ｼ繧ｺｼ2025-26ｼ,178,87,2000.06.22,25,譌ｩ遞ｲ逕ｰ螳滓･ｭ鬮俶｡,譌ｩ遞ｲ逕ｰ螟ｧ蟄ｦ,譌ｩ遞ｲ逕ｰ螳滓･ｭ 譌ｩ遞ｲ逕ｰ螟ｧ蟄ｦ,A,25,https://league-one.jp/player/484733,,,,,
DJ Kashima,蜉蟲ｶ DJ,WTB,荳芽廠驥榊ｷ･逶ｸ讓｡蜴溘ム繧､繝翫繧｢繝ｼ繧ｺｼ2025-26ｼ,175,89,2001.03.11,24,貉伜漉蟾･遘大､ｧ髯ｱ樣ｫ俶｡,螻ｱ譴ｨ蟄ｦ髯｢螟ｧ蟄ｦ,貉伜漉蟾･遘大､ｧ髯ｱ樣ｫ俶｡ 螻ｱ譴ｨ蟄ｦ髯｢螟ｧ蟄ｦ,A,2,https://league-one.jp/player/484734,,,,,
Ryuta Nakamori,荳ｭ譽ｮ 髫､ｪ,SH,荳芽廠驥榊ｷ･逶ｸ讓｡蜴溘ム繧､繝翫繧｢繝ｼ繧ｺｼ2025-26ｼ,175,75,2000.07.16,25,譚ｱ遖丞ｲ｡鬮俶｡,遶区ｭ｣螟ｧ蟄ｦ,譚ｱ遖丞ｲ｡鬮俶｡ 遶区ｭ｣螟ｧ蟄ｦ,A,11,https://league-one.jp/player/484735,,,,,
Kanzo Schinckel,繧ｷ繝ｳ繧ｯ繝ｫ 蟇幃,PR,荳芽廠驥榊ｷ･逶ｸ讓｡蜴溘ム繧､繝翫繧｢繝ｼ繧ｺｼ2025-26ｼ,187,115,1999.08.20,26,譛ｭ蟷悟ｱｱ縺ｮ謇矩ｫ俶｡,豬夂ｵ梧ｸ亥､ｧ蟄ｦ,譛ｭ蟷悟ｱｱ縺ｮ謇 豬夂ｵ梧ｸ亥､ｧ蟄ｦ,A,19,https://league-one.jp/player/484736,,,'18 鬮俶｡,,
Mototsugu Hachiya,陷りｰｷ 蜈ｴｹ,PR,荳芽廠驥榊ｷ･逶ｸ讓｡蜴溘ム繧､繝翫繧｢繝ｼ繧ｺｼ2025-26ｼ,180,115,1998.04.07,27,荳ｭ驛ｨ螟ｧ蟄ｦ譏･譌･荳倬ｫ俶｡,荳ｭ莠ｬ螟ｧ蟄ｦ,荳ｭ驛ｨ螟ｧ蟄ｦ譏･譌･荳倬ｫ俶｡ 荳ｭ莠ｬ螟ｧ蟄ｦ,A,25,https://league-one.jp/player/484737,,,,,
Tomoaki Ishii,遏ｳ莠 譎ｺ莠ｮ,PR,荳芽廠驥榊ｷ･逶ｸ讓｡蜴溘ム繧､繝翫繧｢繝ｼ繧ｺｼ2025-26ｼ,182,120,1995.08.23,30,逕溽伐鬮俶｡,謌占ｹ雁､ｧ蟄ｦ,逕溽伐鬮俶｡ 謌占ｹ雁､ｧ蟄ｦ,A,52,https://league-one.jp/player/484738,,,'25 XV,,
Jun Morimoto,譽ｮ譛ｬ 貎､,PR,荳芽廠驥榊ｷ･逶ｸ讓｡蜴溘ム繧､繝翫繧｢繝ｼ繧ｺｼ2025-26ｼ,175,115,1996.06.04,29,蟶ｸ鄙泌蕪蜈牙ｭｦ蝨帝ｫ俶｡,譌･譛ｬ螟ｧ蟄ｦ,蟶ｸ鄙泌蕪蜈牙ｭｦ蝨 譌･譛ｬ螟ｧ蟄ｦ,A,36,https://league-one.jp/player/484739,,,,,
Yuki Miyazato,螳ｮ驥 萓第ｨｹ,HO,荳芽廠驥榊ｷ･逶ｸ讓｡蜴溘ム繧､繝翫繧｢繝ｼ繧ｺｼ2025-26ｼ,178,105,1997.01.06,29,蜷崎ｭｷ蝠ｷ･讌ｭ鬮俶｡,譌ｩ遞ｲ逕ｰ螟ｧ蟄ｦ,蜷崎ｭｷ蝠ｷ･ 譌ｩ遞ｲ逕ｰ螟ｧ蟄ｦ,A,43,https://league-one.jp/player/484740,,,,,
Epineri Uluiviti,繧ｨ繝斐ロ繝ｪ 繝ｻ繧ｦ繝ｫ繧､繝ｴ繧｡繧､繝ぅ,LO,荳芽廠驥榊ｷ･逶ｸ讓｡蜴溘ム繧､繝翫繧｢繝ｼ繧ｺｼ2025-26ｼ,198,125,1996.07.07,29,RatuKadavulevuSchool鬮俶｡,,RatuKadavulevuSchool,A,50,https://league-one.jp/player/484741,,,譌･譛ｬ莉｣陦ｨ11CAP,,
Kohki Sato,菴占陸 蠑俶ｨｹ,FL,荳芽廠驥榊ｷ･逶ｸ讓｡蜴溘ム繧､繝翫繧｢繝ｼ繧ｺｼ2025-26ｼ,179,100,1995.07.22,30,髱呈｣ｮ蛹鈴ｫ俶｡,譛ｭ蟷悟､ｧ蟄ｦ,髱呈｣ｮ蛹鈴ｫ俶｡ 譛ｭ蟷悟､ｧ蟄ｦ,A,22,https://league-one.jp/player/484742,,,,,
Yusuke Sakamoto,蝮よ悽 萓醍ｿｼ,FL,荳芽廠驥榊ｷ･逶ｸ讓｡蜴溘ム繧､繝翫繧｢繝ｼ繧ｺｼ2025-26ｼ,176,96,1998.10.25,27,豬夂ｵ梧ｸ亥､ｧ蟄ｦ髯ｱ樊沛鬮俶｡,豬夂ｵ梧ｸ亥､ｧ蟄ｦ,豬夂ｵ梧ｸ亥､ｧ蟄ｦ髯ｱ樊沛鬮俶｡ 豬夂ｵ梧ｸ亥､ｧ蟄ｦ,A,27,https://league-one.jp/player/484743,,,,,
Masataka Tsuruya,鮓ｴ隹ｷ 譏碁嚀,FL,荳芽廠驥榊ｷ･逶ｸ讓｡蜴溘ム繧､繝翫繧｢繝ｼ繧ｺｼ2025-26ｼ,186,104,1990.10.18,35,髱呈｣ｮ蛹鈴ｫ俶｡,遲第ｳ｢螟ｧ蟄ｦ,髱呈｣ｮ蛹鈴ｫ俶｡ 遲第ｳ｢螟ｧ蟄ｦ,A,52,https://league-one.jp/player/484744,,,,,
Kota Iwamura,蟯ｩ譚 譏ょ､ｪ,SH,荳芽廠驥榊ｷ･逶ｸ讓｡蜴溘ム繧､繝翫繧｢繝ｼ繧ｺｼ2025-26ｼ,182,87,1993.12.07,32,譚ｱ遖丞ｲ｡鬮俶｡,蜷悟ｿ礼､ｾ螟ｧ蟄ｦ,譚ｱ遖丞ｲ｡鬮俶｡ 蜷悟ｿ礼､ｾ螟ｧ蟄ｦ,A,59,https://league-one.jp/player/484745,,,,,
Matt Vaega,繝槭ャ繝 繝ｻ繝ｴ繧｡繧ｨ繧ｬ,CTB,荳芽廠驥榊ｷ･逶ｸ讓｡蜴溘ム繧､繝翫繧｢繝ｼ繧ｺｼ2025-26ｼ,179,94,1994.09.07,31,KelstonBoysHighSchool鬮俶｡,,KelstonBoysHighSchool,A,50,https://league-one.jp/player/484746,,,,,
Takumi Sugiura,譚画ｵｦ 諡灘ｮ,CTB,荳芽廠驥榊ｷ･逶ｸ讓｡蜴溘ム繧､繝翫繧｢繝ｼ繧ｺｼ2025-26ｼ,175,88,1998.08.24,27,譚ｱ莠ｬ鬮俶｡,譚ｱ豬ｷ螟ｧ蟄ｦ,譚ｱ莠ｬ鬮俶｡ 譚ｱ豬ｷ螟ｧ蟄ｦ,A,4,https://league-one.jp/player/484747,,,,,
Honeti Taumohaapai,繧ｿ繧ｦ繝｢繝上ヱ繧､ 繝帙ロ繝ぅ,WTB,荳芽廠驥榊ｷ･逶ｸ讓｡蜴溘ム繧､繝翫繧｢繝ｼ繧ｺｼ2025-26ｼ,180,95,1992.10.02,33,TongaCollege鬮俶｡,闃ｱ蝨貞､ｧ蟄ｦ,TongaCollege 闃ｱ蝨貞､ｧ蟄ｦ,A,43,https://league-one.jp/player/484748,,,,,
Shunsuke Sakamoto,蝮よ悽 鬧ｿ莉,PR,荳芽廠驥榊ｷ･逶ｸ讓｡蜴溘ム繧､繝翫繧｢繝ｼ繧ｺｼ2025-26ｼ,180,110,1998.03.13,27,荳画悽譛ｨ霎ｲ讌ｭ鬮俶｡,譌･譛ｬ螟ｧ蟄ｦ,荳画悽譛ｨ霎ｲ讌ｭ鬮俶｡ 譌･譛ｬ螟ｧ蟄ｦ,A,25,https://league-one.jp/player/484749,,,,,
Songyu Cho,雜 隱謔,FL,荳芽廠驥榊ｷ･逶ｸ讓｡蜴溘ム繧､繝翫繧｢繝ｼ繧ｺｼ2025-26ｼ,185,102,1999.05.13,26,螟ｧ髦ｪ譛晞ｮｮ鬮倡ｴ壽｡鬮俶｡,譌･譛ｬ螟ｧ蟄ｦ,螟ｧ髦ｪ譛晞ｮｮ鬮倡ｴ壽｡ 譌･譛ｬ螟ｧ蟄ｦ,A,2,https://league-one.jp/player/484750,,,,,
Kouki Hattori,譛埼Κ 闊ｪ螟ｧ,FL,荳芽廠驥榊ｷ･逶ｸ讓｡蜴溘ム繧､繝翫繧｢繝ｼ繧ｺｼ2025-26ｼ,177,100,2000.01.16,25,螟ｩ逅ｫ俶｡,螟ｩ逅､ｧ蟄ｦ,螟ｩ逅ｫ俶｡ 螟ｩ逅､ｧ蟄ｦ,A,1,https://league-one.jp/player/484751,,,,,
Kyo Yoshida,蜷臥伐 譚,FL,荳芽廠驥榊ｷ･逶ｸ讓｡蜴溘ム繧､繝翫繧｢繝ｼ繧ｺｼ2025-26ｼ,188,108,1995.06.30,30,螟ｧ髦ｪ譯占発鬮俶｡,蟶昜ｺｬ螟ｧ蟄ｦ,螟ｧ髦ｪ譯占発鬮俶｡ 蟶昜ｺｬ螟ｧ蟄ｦ,A,58,https://league-one.jp/player/484752,,,'25 XV,,
Jack Stratton,繧ｸ繝｣繝け 繝ｻ繧ｹ繝医Λ繝医Φ,SH,荳芽廠驥榊ｷ･逶ｸ讓｡蜴溘ム繧､繝翫繧｢繝ｼ繧ｺｼ2025-26ｼ,185,94,1994.08.21,31,FeildingHighSchool鬮俶｡,LincolnUniversity螟ｧ蟄ｦ,FeildingHighSchool LincolnUniversity,A,43,https://league-one.jp/player/484753,,,,,
Tonishio Vaiahu,繝医ル繧ｷ繧ｪ 繝舌う繝,CTB,荳芽廠驥榊ｷ･逶ｸ讓｡蜴溘ム繧､繝翫繧｢繝ｼ繧ｺｼ2025-26ｼ,177,103,1991.02.12,34,譌･譛ｬ闊ｪ遨ｺ鬮俶｡遏ｳ蟾晞ｫ俶｡,螟ｩ逅､ｧ蟄ｦ,譌･譛ｬ闊ｪ遨ｺ鬮俶｡遏ｳ蟾 螟ｩ逅､ｧ蟄ｦ,A,21,https://league-one.jp/player/484754,,,,,
Shoki Yoshimoto,蜷画悽 蛹蟶,FB,荳芽廠驥榊ｷ･逶ｸ讓｡蜴溘ム繧､繝翫繧｢繝ｼ繧ｺｼ2025-26ｼ,182,84,2002.03.05,23,蟶ｸ鄙泌ｭｦ蝨帝ｫ俶｡,遶句多鬢ｨ螟ｧ蟄ｦ,蟶ｸ鄙泌ｭｦ蝨 遶句多鬢ｨ螟ｧ蟄ｦ,A,0,https://league-one.jp/player/484755,,,,,
Shoma Sagawa,菴仙ｷ 螂ｨ闌,HO,荳芽廠驥榊ｷ･逶ｸ讓｡蜴溘ム繧､繝翫繧｢繝ｼ繧ｺｼ2025-26ｼ,180,105,2002.01.20,23,菴宣㍽譌･譛ｬ螟ｧ蟄ｦ鬮倡ｭ牙ｭｦ譬｡,譌･譛ｬ螟ｧ蟄ｦ,菴宣㍽譌･譛ｬ螟ｧ蟄ｦ鬮倡ｭ牙ｭｦ譬｡ 譌･譛ｬ螟ｧ蟄ｦ,A,3,https://league-one.jp/player/484756,,,'25 XV,,
Kohki Matsumoto,譚ｾ譛ｬ 蜈芽ｲｴ,LO,荳芽廠驥榊ｷ･逶ｸ讓｡蜴溘ム繧､繝翫繧｢繝ｼ繧ｺｼ2025-26ｼ,190,107,2001.11.03,24,譏取ｲｻ螟ｧ蟄ｦ髯ｱ槫ｫ邇句ｭ宣ｫ俶｡,譏取ｲｻ螟ｧ蟄ｦ,譏取ｲｻ螟ｧ蟄ｦ髯ｱ槫ｫ邇句ｭ宣ｫ俶｡ 譏取ｲｻ螟ｧ蟄ｦ,A,5,https://league-one.jp/player/484757,,,,,
JAMES GRAYSON,繧ｸ繧ｧ繝ｼ繝繧ｹ 繝ｻ繧ｰ繝ｬ繧､繧ｽ繝ｳ,SO,荳芽廠驥榊ｷ･逶ｸ讓｡蜴溘ム繧､繝翫繧｢繝ｼ繧ｺｼ2025-26ｼ,187,89,1998.06.26,27,Northampton鬮俶｡,Boys螟ｧ蟄ｦ,Northampton Boys highschool,B,36,https://league-one.jp/player/485067,,,,,
Jackson Hemopo,繧ｸ繝｣繧ｯ繧ｽ繝ｳ 繝ｻ繝倥Δ繝,,荳芽廠驥榊ｷ･逶ｸ讓｡蜴溘ム繧､繝翫繧｢繝ｼ繧ｺｼ2025-26ｼ,194,113,1993.11.14,32,ｾ奇ｾ滂ｽｰｾ擾ｽｽｾｾ晢ｾ会ｽｰｽｽｾ趣ｾ橸ｽｰｽｲｽｽ鬮俶｡,,ｾ奇ｾ滂ｽｰｾ擾ｽｽｾｾ晢ｾ会ｽｰｽｽｾ趣ｾ橸ｽｰｽｲｽｽ,C,37,https://league-one.jp/player/485068,,,,,
Friedle Olivier,繝輔Μ繝ｼ繝峨Ν 繝ｻ繧ｪ繝ｪ繝ｴ繧｣繧ｨ繝ｼ,FL,荳芽廠驥榊ｷ･逶ｸ讓｡蜴溘ム繧､繝翫繧｢繝ｼ繧ｺｼ2025-26ｼ,197,126,1992.05.27,33,Dr.鬮俶｡,Johan螟ｧ蟄ｦ,Dr. Johan Jurgens High School University of South Africa,B,7,https://league-one.jp/player/485069,,,,,
MARINO MIKAELE-TU U,繝槭Μ繝 繝ｻ繝溘き繧ｨ繝ｪ繝医ぇ繧ｦ,,荳芽廠驥榊ｷ･逶ｸ讓｡蜴溘ム繧､繝翫繧｢繝ｼ繧ｺｼ2025-26ｼ,193,111,1997.11.06,28,逋ｻ骭ｲ蛹ｺ蛻ｼ壹き繝ざ繝ｪB鬮俶｡,,逋ｻ骭ｲ蛹ｺ蛻ｼ壹き繝ざ繝ｪB,B,24,https://league-one.jp/player/485070,,,,,
Tai Dowling,繝繧ｦ繝ｪ繝ｳ繧ｰ 繧ｿ繧､,SO,荳芽廠驥榊ｷ･逶ｸ讓｡蜴溘ム繧､繝翫繧｢繝ｼ繧ｺｼ2025-26ｼ,183,85,2003.07.06,22,Emmanuel鬮俶｡,college螟ｧ蟄ｦ,Emmanuel college Queensland university of techn,A,1,https://league-one.jp/player/485367,,,,,
Semisi Masirewa,繧ｻ繝溘す 繝ｻ繝槭す繝ｬ繝ｯ,WTB,荳芽廠驥榊ｷ･逶ｸ讓｡蜴溘ム繧､繝翫繧｢繝ｼ繧ｺｼ2025-26ｼ,181,95,1992.06.09,33,繝輔ぅ繝ｼ繝ｫ繝ぅ繝ｳ繧ｰ鬮俶｡,,繝輔ぅ繝ｼ繝ｫ繝ぅ繝ｳ繧ｰ鬮俶｡,A,29,https://league-one.jp/player/485477,,,譌･譛ｬ莉｣陦ｨ7CAP,,
Brad WEBER,繝悶Λ繝ラ 繝ｻ繧ｦ繧ｧ繝舌ｼ,SH,荳芽廠驥榊ｷ･逶ｸ讓｡蜴溘ム繧､繝翫繧｢繝ｼ繧ｺｼ2025-26ｼ,172,75,1991.01.17,34,Napier鬮俶｡,Boys'螟ｧ蟄ｦ,Napier Boys' High School University of Otago,C,0,https://league-one.jp/player/486457,,,,,
Nesta Mahina,繝阪せ繧ｿ 繝ｻ繝槭ヲ繝,PR,讓ｪ豬懊く繝､繝弱Φ繧､繝ｼ繧ｰ繝ｫ繧ｹｼ2025-26ｼ,171,113,2000.10.28,25,繝悶Μ繧ｹ繝吶Φ繧ｹ繝ｼ繝医ワ繧､繧ｹ繧ｯ繝ｼ繝ｫ鬮俶｡,,繝悶Μ繧ｹ繝吶Φ繧ｹ繝ｼ繝医ワ繧､繧ｹ繧ｯ繝ｼ繝ｫ,A,6,https://league-one.jp/player/484806,,,,,
Kaito Doichi,蝨滉ｸ 豬ｷ莠ｺ,HO,讓ｪ豬懊く繝､繝弱Φ繧､繝ｼ繧ｰ繝ｫ繧ｹｼ2025-26ｼ,176,100,1999.07.02,26,譚ｱ豬ｷ螟ｧ逶ｸ讓｡鬮俶｡,譚ｱ豬ｷ螟ｧ蟄ｦ,譚ｱ豬ｷ螟ｧ逶ｸ讓｡鬮俶｡ 譚ｱ豬ｷ螟ｧ蟄ｦ,A,2,https://league-one.jp/player/484807,,,'17 鬮俶｡,,
Yu Chinen,遏･蠢ｵ 髮,PR,讓ｪ豬懊く繝､繝弱Φ繧､繝ｼ繧ｰ繝ｫ繧ｹｼ2025-26ｼ,183,120,1990.11.18,35,驍｣隕㍻･ｿ鬮俶｡,鬆､ｩ蝣ょ､ｧ蟄ｦ,驍｣隕㍻･ｿ鬮俶｡ 鬆､ｩ蝣ょ､ｧ蟄ｦ,A,26,https://league-one.jp/player/484808,,,'16 U23縲∵律譛ｬ莉｣陦ｨ6CAP,,
Sam Caird,繧ｵ繝 繝ｻ繧ｱ繧｢繝ｼ繝,LO,讓ｪ豬懊く繝､繝弱Φ繧､繝ｼ繧ｰ繝ｫ繧ｹｼ2025-26ｼ,202,117,1997.03.18,28,繧ｻ繝ｳ繝医ヴ繝ｼ繧ｿ繝ｼ繧ｺ繧ｹ繧ｯ繝ｼ繝ｫ鬮俶｡,繧ｷ繝峨ル繝ｼ螟ｧ蟄ｦ,繧ｻ繝ｳ繝医ヴ繝ｼ繧ｿ繝ｼ繧ｺ繧ｹ繧ｯ繝ｼ繝ｫ 繧ｷ繝峨ル繝ｼ螟ｧ蟄ｦ,B,3,https://league-one.jp/player/484809,,,,,
Dino Lamb,繝ぅ繝 繝ｻ繝ｩ繝,LO,讓ｪ豬懊く繝､繝弱Φ繧､繝ｼ繧ｰ繝ｫ繧ｹｼ2025-26ｼ,198,119,1998.04.18,27,繧ｯ繝ｩ繝ｳ繝ｪ繝ｼ繧ｹ繧ｯ繝ｼ繝ｫ鬮俶｡,,繧ｯ繝ｩ繝ｳ繝ｪ繝ｼ繧ｹ繧ｯ繝ｼ繝ｫ,C,1,https://league-one.jp/player/484810,,,,,
Daichi Akiyama,遘句ｱｱ 螟ｧ蝨ｰ,LO,讓ｪ豬懊く繝､繝弱Φ繧､繝ｼ繧ｰ繝ｫ繧ｹｼ2025-26ｼ,192,114,1996.11.14,29,縺､繧九℃鬮俶｡,蟶昜ｺｬ螟ｧ蟄ｦ,縺､繧九℃鬮俶｡ 蟶昜ｺｬ螟ｧ蟄ｦ,A,51,https://league-one.jp/player/484811,,,'16 U20縲'16 U23縲∵律譛ｬ莉｣陦ｨ2CAP,,
Sione Lavemai,繧ｷ繧ｪ繝 繝ｻ繝ｩ繝吶繧､,FL,讓ｪ豬懊く繝､繝弱Φ繧､繝ｼ繧ｰ繝ｫ繧ｹｼ2025-26ｼ,190,120,1994.05.08,31,繧ｻ繝ｳ繝医ン繝ｼ繧ｺ繧ｫ繝ｬ繝ず,諡捺ｮ門､ｧ蟄ｦ,繧ｻ繝ｳ繝医ン繝ｼ繧ｺ繧ｫ繝ｬ繝ず 諡捺ｮ門､ｧ蟄ｦ,A,27,https://league-one.jp/player/484812,,,譌･譛ｬ莉｣陦ｨ1CAP,,
Amanaki Saumaki,繧ｵ繧ｦ繝槭く 繧｢繝槭リ繧ｭ,FL,讓ｪ豬懊く繝､繝弱Φ繧､繝ｼ繧ｰ繝ｫ繧ｹｼ2025-26ｼ,189,110,1997.03.08,28,繝医ぇ繝昴え繧ｫ繝ｬ繝ず,,繝医ぇ繝昴え繧ｫ繝ｬ繝ず,A,59,https://league-one.jp/player/484813,,,'25 XV縲∵律譛ｬ莉｣陦ｨ5CAP,,
Yuto Mori,譽ｮ 蜍㍼匳,UTB,讓ｪ豬懊く繝､繝弱Φ繧､繝ｼ繧ｰ繝ｫ繧ｹｼ2025-26ｼ,174,85,1998.11.14,27,譚ｱ遖丞ｲ｡鬮俶｡,譏取ｲｻ螟ｧ蟄ｦ,譚ｱ遖丞ｲ｡鬮俶｡ 譏取ｲｻ螟ｧ蟄ｦ,A,47,https://league-one.jp/player/484814,,,'18 U20縲'18 U23縲'25 XV,,
Levi Aumua,繝ｪ繝ｼ繝舌う 繝ｻ繧｢繧ｦ繝繧｢,CTB,讓ｪ豬懊く繝､繝弱Φ繧､繝ｼ繧ｰ繝ｫ繧ｹｼ2025-26ｼ,185,107,1994.10.09,31,繝悶Μ繧ｹ繝吶Φ繧ｰ繝ｩ繝槭ｼ繧ｹ繧ｯ繝ｼ繝ｫ鬮俶｡,,繝悶Μ繧ｹ繝吶Φ繧ｰ繝ｩ繝槭ｼ繧ｹ繧ｯ繝ｼ繝ｫ,B,0,https://league-one.jp/player/484815,,,,,
Jeandre Labuschagne,繧ｸ繝｣繝ｳ繝峨Ξ 繝ｻ繝ｩ繝悶せ繧ｫ繝輔ル,LO,讓ｪ豬懊く繝､繝弱Φ繧､繝ｼ繧ｰ繝ｫ繧ｹｼ2025-26ｼ,195,106,1999.07.17,26,MaritzburgCollege鬮俶｡,,MaritzburgCollege,B,5,https://league-one.jp/player/484816,,,,,
Asahi Doei,蝨滓ｰｸ 譌ｭ,SH,讓ｪ豬懊く繝､繝弱Φ繧､繝ｼ繧ｰ繝ｫ繧ｹｼ2025-26ｼ,171,76,2003.01.09,22,蜈画ｳ峨き繝医Μ繝け鬮俶｡,莠ｬ驛ｽ逕｣讌ｭ螟ｧ蟄ｦ,蜈画ｳ峨き繝医Μ繝け鬮俶｡ 莠ｬ驛ｽ逕｣讌ｭ螟ｧ蟄ｦ,A,3,https://league-one.jp/player/484817,,,'24 XV縲'25 XV,,
Aminiasi Shaw,繧｢繝溘ル繧｢繧ｷ 繝ｻ繧ｷ繝ｧ繝ｼ,FL,讓ｪ豬懊く繝､繝弱Φ繧､繝ｼ繧ｰ繝ｫ繧ｹｼ2025-26ｼ,185,107,2000.03.13,25,繝槭Μ繧ｹ繝医ヶ繝ｩ繧ｶ繝ｼ繧ｺ鬮倬ｫ俶｡,鞫ょ漉螟ｧ蟄ｦ,繝槭Μ繧ｹ繝医ヶ繝ｩ繧ｶ繝ｼ繧ｺ鬮 鞫ょ漉螟ｧ蟄ｦ,A,1,https://league-one.jp/player/484818,,,,,
Billy Harmon,繝薙Μ繝ｼ 繝ｻ繝上ｼ繝｢繝ｳ,FL,讓ｪ豬懊く繝､繝弱Φ繧､繝ｼ繧ｰ繝ｫ繧ｹｼ2025-26ｼ,187,104,1994.12.23,31,StBede'sCollege鬮俶｡,,StBede'sCollege,B,21,https://league-one.jp/player/484819,,,,,
Brendan Owen,繝悶Ξ繝ｳ繝繝ｳ 繝ｻ繧ｪ繝ｼ繧ｦ繧ｧ繝ｳ,UTB,讓ｪ豬懊く繝､繝弱Φ繧､繝ｼ繧ｰ繝ｫ繧ｹｼ2025-26ｼ,192,97,1996.09.23,29,StAndrewsCollege鬮俶｡,UniversityofSouthAfrica(UNISA)螟ｧ蟄ｦ,StAndrewsCollege UniversityofSouthAfrica(UNISA),B,11,https://league-one.jp/player/484820,,,,,
Tomoki Minami,蜊 蜿狗ｴ,PR,讓ｪ豬懊く繝､繝弱Φ繧､繝ｼ繧ｰ繝ｫ繧ｹｼ2025-26ｼ,172,96,1993.10.23,32,遲醍ｴｫ鬮俶｡,遶句多鬢ｨ螟ｧ蟄ｦ,遲醍ｴｫ鬮俶｡ 遶句多鬢ｨ螟ｧ蟄ｦ,A,39,https://league-one.jp/player/484821,,,,,
Masato Furukawa,蜿､蟾 閨紋ｺｺ,FL,讓ｪ豬懊く繝､繝弱Φ繧､繝ｼ繧ｰ繝ｫ繧ｹｼ2025-26ｼ,179,94,1996.12.06,29,譚ｱ遖丞ｲ｡鬮俶｡,遶句多鬢ｨ螟ｧ蟄ｦ,譚ｱ遖丞ｲ｡鬮俶｡ 遶句多鬢ｨ螟ｧ蟄ｦ,A,46,https://league-one.jp/player/484822,,,'16 U20縲'16 U23縲'25 XV縲∵律譛ｬ莉｣陦ｨ3CAP,,
Cormac Daly,繧ｳ繝ｫ繝槭ャ繧ｯ 繝ｻ繝繝ｪ繝ｼ,LO,讓ｪ豬懊く繝､繝弱Φ繧､繝ｼ繧ｰ繝ｫ繧ｹｼ2025-26ｼ,199,120,1998.05.01,27,ScoilUiRiadaGaelscoil鬮俶｡,MaynoothUniversity螟ｧ蟄ｦ,ScoilUiRiadaGaelscoil MaynoothUniversity,B,13,https://league-one.jp/player/484823,,,,,
Faf De Klerk,繝輔ぃ繝 繝ｻ繝け繝ｩ繝ｼ繧ｯ,SH,讓ｪ豬懊く繝､繝弱Φ繧､繝ｼ繧ｰ繝ｫ繧ｹｼ2025-26ｼ,172,88,1991.10.19,34,HoerskoolWaterkloof鬮俶｡,,HoerskoolWaterkloof,C,34,https://league-one.jp/player/484824,,,,,
Tatsuro Sugimoto,譚画悽 驕秘ヮ,PR,讓ｪ豬懊く繝､繝弱Φ繧､繝ｼ繧ｰ繝ｫ繧ｹｼ2025-26ｼ,175,110,1996.09.30,29,譚ｱ螟ｧ髦ｪ螟ｧ蟄ｦ譟丞次鬮俶｡,髢｢隘ｿ螟ｧ蟄ｦ,譚ｱ螟ｧ髦ｪ螟ｧ蟄ｦ譟丞次鬮俶｡ 髢｢隘ｿ螟ｧ蟄ｦ,A,60,https://league-one.jp/player/484825,,,,,
Ryo Eto,豎溯陸 濶ｯ,CTB,讓ｪ豬懊く繝､繝弱Φ繧､繝ｼ繧ｰ繝ｫ繧ｹｼ2025-26ｼ,181,94,2000.01.09,25,蝣ｱ蠕ｳ蟄ｦ蝨帝ｫ俶｡,譏取ｲｻ螟ｧ蟄ｦ,蝣ｱ蠕ｳ蟄ｦ蝨帝ｫ俶｡ 譏取ｲｻ螟ｧ蟄ｦ,A,0,https://league-one.jp/player/484826,,,,,
Sioeli Vakalahi,繧ｷ繧ｪ繧ｨ繝ｪ 繝ｻ繝ｴ繧｡繧ｫ繝ｩ繝,PR,讓ｪ豬懊く繝､繝弱Φ繧､繝ｼ繧ｰ繝ｫ繧ｹｼ2025-26ｼ,178,110,1998.05.15,27,逶ｮ鮟貞ｭｦ髯｢鬮俶｡,遖丞ｲ｡蟾･讌ｭ螟ｧ蟄ｦ,逶ｮ鮟貞ｭｦ髯｢鬮俶｡ 遖丞ｲ｡蟾･讌ｭ螟ｧ蟄ｦ,A,27,https://league-one.jp/player/484827,,,,,
Sione Halasili,繧ｷ繧ｪ繝 繝ｻ繝上Λ繧ｷ繝ｪ,,讓ｪ豬懊く繝､繝弱Φ繧､繝ｼ繧ｰ繝ｫ繧ｹｼ2025-26ｼ,180,120,1999.10.15,26,逶ｮ鮟貞ｭｦ髯｢鬮俶｡,譌･譛ｬ螟ｧ蟄ｦ,逶ｮ鮟貞ｭｦ髯｢鬮俶｡ 譌･譛ｬ螟ｧ蟄ｦ,A,46,https://league-one.jp/player/484828,,,,,
Liakimatagi Moli,繝ｪ繧｢繧ｭ繝槭ち繧ｮ 繝ｻ繝｢繝ｪ,LO,讓ｪ豬懊く繝､繝弱Φ繧､繝ｼ繧ｰ繝ｫ繧ｹｼ2025-26ｼ,197,114,1990.01.04,36,StPaul窶冱College鬮俶｡,,StPaul窶冱College,A,56,https://league-one.jp/player/484829,,,,,
Viliame Takayawa,繝ｴ繧｣繝ｪ繧｢繝｡ 繝ｻ繧ｿ繧ｫ繝､繝ｯ,CTB,讓ｪ豬懊く繝､繝弱Φ繧､繝ｼ繧ｰ繝ｫ繧ｹｼ2025-26ｼ,184,103,1997.02.21,28,KelstonBoysHighSchool鬮俶｡,豬夂ｵ梧ｸ亥､ｧ蟄ｦ,KelstonBoysHighSchool 豬夂ｵ梧ｸ亥､ｧ蟄ｦ,A,52,https://league-one.jp/player/484830,,,,,
Masayoshi Takezawa,遶ｹ貔､ 豁｣逾･,WTB,讓ｪ豬懊く繝､繝弱Φ繧､繝ｼ繧ｰ繝ｫ繧ｹｼ2025-26ｼ,176,86,1995.05.05,30,譏主柱逵悟､ｮ鬮俶｡,譌･譛ｬ螟ｧ蟄ｦ,譏主柱逵悟､ｮ鬮俶｡ 譌･譛ｬ螟ｧ蟄ｦ,A,46,https://league-one.jp/player/484831,,,'25 XV,,
Yusuke Kajimura,譴ｶ譚 逾蝉ｻ,CTB,讓ｪ豬懊く繝､繝弱Φ繧､繝ｼ繧ｰ繝ｫ繧ｹｼ2025-26ｼ,181,95,1995.09.13,30,蝣ｱ蠕ｳ蟄ｦ蝨帝ｫ俶｡,譏取ｲｻ螟ｧ蟄ｦ,蝣ｱ蠕ｳ蟄ｦ蝨帝ｫ俶｡ 譏取ｲｻ螟ｧ蟄ｦ,A,55,https://league-one.jp/player/484832,,,'15 U20縲∵律譛ｬ莉｣陦ｨ7CAP,,
Kazufumi Yamasuga,螻ｱ闖 荳蜿ｲ,SH,讓ｪ豬懊く繝､繝弱Φ繧､繝ｼ繧ｰ繝ｫ繧ｹｼ2025-26ｼ,164,78,1997.12.03,28,譚ｱ莠ｬ鬮俶｡,譚ｱ豬ｷ螟ｧ蟄ｦ,譚ｱ莠ｬ鬮俶｡ 譚ｱ豬ｷ螟ｧ蟄ｦ,A,41,https://league-one.jp/player/484833,,,'17 U20,,
Yu Saruta,迪ｿ逕ｰ 貉ｧ,FB,讓ｪ豬懊く繝､繝弱Φ繧､繝ｼ繧ｰ繝ｫ繧ｹｼ2025-26ｼ,184,88,1998.06.04,27,遘狗伐蟾･讌ｭ鬮俶｡,譏取ｲｻ螟ｧ蟄ｦ,遘狗伐蟾･讌ｭ鬮俶｡ 譏取ｲｻ螟ｧ蟄ｦ,A,0,https://league-one.jp/player/484834,,,'18 U20,,
Katsuto Kubo,荵⒥ｿ 蜈区沫,LO,讓ｪ豬懊く繝､繝弱Φ繧､繝ｼ繧ｰ繝ｫ繧ｹｼ2025-26ｼ,192,108,1998.11.07,27,蝨句ｭｸ髯｢譬惠鬮俶｡,蟶昜ｺｬ螟ｧ蟄ｦ,蝨句ｭｸ髯｢譬惠鬮俶｡ 蟶昜ｺｬ螟ｧ蟄ｦ,A,2,https://league-one.jp/player/484835,,,'18 U20縲'18 U23,,
Yusaku Miyoshi,荳牙･ｽ 蜆ｪ菴,PR,讓ｪ豬懊く繝､繝弱Φ繧､繝ｼ繧ｰ繝ｫ繧ｹｼ2025-26ｼ,174,102,1998.05.14,27,譚ｾ螻ｱ閨夜匏鬮俶｡,譏取ｲｻ螟ｧ蟄ｦ,譚ｾ螻ｱ閨夜匏鬮俶｡ 譏取ｲｻ螟ｧ蟄ｦ,A,4,https://league-one.jp/player/484836,,,,,
Chihito Matsui,譚ｾ莠 蜊｣ｫ,WTB,讓ｪ豬懊く繝､繝弱Φ繧､繝ｼ繧ｰ繝ｫ繧ｹｼ2025-26ｼ,183,88,1994.11.11,31,蟶ｸ鄙泌ｭｦ蝨帝ｫ俶｡,蜷悟ｿ礼､ｾ螟ｧ蟄ｦ,蟶ｸ鄙泌ｭｦ蝨帝ｫ俶｡ 蜷悟ｿ礼､ｾ螟ｧ蟄ｦ,A,34,https://league-one.jp/player/484837,,,'12 鬮俶｡縲∵律譛ｬ莉｣陦ｨ2CAP,,
Junpei Ogura,蟆丞 鬆ｹｳ,SO,讓ｪ豬懊く繝､繝弱Φ繧､繝ｼ繧ｰ繝ｫ繧ｹｼ2025-26ｼ,172,80,1992.07.11,33,譯占発蟄ｦ蝨帝ｫ俶｡,譌ｩ遞ｲ逕ｰ螟ｧ蟄ｦ,譯占発蟄ｦ蝨帝ｫ俶｡ 譌ｩ遞ｲ逕ｰ螟ｧ蟄ｦ,A,70,https://league-one.jp/player/484838,,,譌･譛ｬ莉｣陦ｨ4CAP,,
Ryuta Yasui,螳我ｺ 鮴榊､ｪ,LO,讓ｪ豬懊く繝､繝弱Φ繧､繝ｼ繧ｰ繝ｫ繧ｹｼ2025-26ｼ,187,105,1989.12.06,36,譚ｱ豬ｷ螟ｧ莉ｰ譏滄ｫ俶｡,譚ｱ豬ｷ螟ｧ蟄ｦ,譚ｱ豬ｷ螟ｧ莉ｰ譏滄ｫ俶｡ 譚ｱ豬ｷ螟ｧ蟄ｦ,A,5,https://league-one.jp/player/484839,,,'08 U20縲∵律譛ｬ莉｣陦ｨ2CAP,,
Kazunari Takagi,鬮俶惠 荳謌,WTB,讓ｪ豬懊く繝､繝弱Φ繧､繝ｼ繧ｰ繝ｫ繧ｹｼ2025-26ｼ,176,84,1997.06.23,28,諷ｶ諛臥ｾｩ蝪ｾ鬮俶｡,諷ｶ諛臥ｾｩ蝪ｾ螟ｧ蟄ｦ,諷ｶ諛臥ｾｩ蝪ｾ鬮俶｡ 諷ｶ諛臥ｾｩ蝪ｾ螟ｧ蟄ｦ,A,1,https://league-one.jp/player/484840,,,,,
Shota matsuoka,譚ｾ蟯｡ 蟆､ｧ,PR,讓ｪ豬懊く繝､繝弱Φ繧､繝ｼ繧ｰ繝ｫ繧ｹｼ2025-26ｼ,181,101,1997.07.31,28,霑醍柄螟ｧ蟄ｦ髯ｱ樣ｫ俶｡,霑醍柄螟ｧ蟄ｦ,霑醍柄螟ｧ蟄ｦ髯ｱ樣ｫ俶｡ 霑醍柄螟ｧ蟄ｦ,A,27,https://league-one.jp/player/484841,,,,,
Jesse Kriel,繧ｸ繧ｧ繧ｷ繝ｼ 繝ｻ繧ｯ繝ｪ繧ｨ繝ｫ,CTB,讓ｪ豬懊く繝､繝弱Φ繧､繝ｼ繧ｰ繝ｫ繧ｹｼ2025-26ｼ,185,95,1994.02.15,31,MaritzburgCollege鬮俶｡,UniversityofPretoria螟ｧ蟄ｦ,MaritzburgCollege UniversityofPretoria,C,57,https://league-one.jp/player/484842,,,,,
Yu Tamura,逕ｰ譚 蜆ｪ,SO,讓ｪ豬懊く繝､繝弱Φ繧､繝ｼ繧ｰ繝ｫ繧ｹｼ2025-26ｼ,181,92,1989.01.09,36,蝨句ｭｸ髯｢譬惠鬮俶｡,譏取ｲｻ螟ｧ蟄ｦ,蝨句ｭｸ髯｢譬惠鬮俶｡ 譏取ｲｻ螟ｧ蟄ｦ,A,64,https://league-one.jp/player/484843,,,譌･譛ｬ莉｣陦ｨ70CAP,,
Yusuke Niwai,蠎ｭ莠 逾占ｼ,HO,讓ｪ豬懊く繝､繝弱Φ繧､繝ｼ繧ｰ繝ｫ繧ｹｼ2025-26ｼ,174,95,1991.10.22,34,蝣ｱ蠕ｳ蟄ｦ蝨帝ｫ俶｡,遶句多鬢ｨ螟ｧ蟄ｦ,蝣ｱ蠕ｳ蟄ｦ蝨 遶句多鬢ｨ螟ｧ蟄ｦ,A,57,https://league-one.jp/player/484844,,,'10 U20縲'11 U20縲∵律譛ｬ莉｣陦ｨ10CAP,,
Toshiki Amano,螟ｩ驥 蟇ｿ邏,SH,讓ｪ豬懊く繝､繝弱Φ繧､繝ｼ繧ｰ繝ｫ繧ｹｼ2025-26ｼ,170,80,1990.10.27,35,蟶ｸ鄙泌ｭｦ蝨帝ｫ俶｡,蟶昜ｺｬ螟ｧ蟄ｦ,蟶ｸ鄙泌ｭｦ蝨帝ｫ俶｡ 蟶昜ｺｬ螟ｧ蟄ｦ,A,28,https://league-one.jp/player/484845,,,,,
Ryo Tabata,逕ｰ逡 蜃,CTB,讓ｪ豬懊く繝､繝弱Φ繧､繝ｼ繧ｰ繝ｫ繧ｹｼ2025-26ｼ,177,93,1996.07.05,29,蝣ｱ蠕ｳ蟄ｦ蝨帝ｫ俶｡,莠ｬ驛ｽ逕｣讌ｭ螟ｧ蟄ｦ,蝣ｱ蠕ｳ蟄ｦ蝨帝ｫ俶｡ 莠ｬ驛ｽ逕｣讌ｭ螟ｧ蟄ｦ,A,19,https://league-one.jp/player/484846,,,,,
Takato Okabe,蟯｡驛ｨ 蟠ｺｺ,PR,讓ｪ豬懊く繝､繝弱Φ繧､繝ｼ繧ｰ繝ｫ繧ｹｼ2025-26ｼ,180,105,1995.02.19,30,荳雁ｮｮ鬮俶｡,髢｢隘ｿ蟄ｦ髯｢螟ｧ蟄ｦ,荳雁ｮｮ鬮俶｡ 髢｢隘ｿ蟄ｦ髯｢螟ｧ蟄ｦ,A,69,https://league-one.jp/player/484847,,,譌･譛ｬ莉｣陦ｨ8CAP,,
Kouki Arai,闕剃ｺ 蠎ｷ讀,SH,讓ｪ豬懊く繝､繝弱Φ繧､繝ｼ繧ｰ繝ｫ繧ｹｼ2025-26ｼ,175,80,1993.05.14,32,菴占ｳ蟾･讌ｭ鬮俶｡,蟶昜ｺｬ螟ｧ蟄ｦ,菴占ｳ蟾･讌ｭ鬮俶｡ 蟶昜ｺｬ螟ｧ蟄ｦ,A,29,https://league-one.jp/player/484848,,,,,
Ryosuke Iwaihara,逾晏次 豸ｼ莉,PR,讓ｪ豬懊く繝､繝弱Φ繧､繝ｼ繧ｰ繝ｫ繧ｹｼ2025-26ｼ,184,115,1996.10.06,29,譯占発蟄ｦ蝨帝ｫ倡ｭ牙ｭｦ譬｡,譏取ｲｻ螟ｧ蟄ｦ,譯占発蟄ｦ蝨帝ｫ倡ｭ牙ｭｦ譬｡ 譏取ｲｻ螟ｧ蟄ｦ,A,52,https://league-one.jp/player/484849,,,'15 U20縲'16 U20縲'15 U23縲∵律譛ｬ莉｣陦ｨ5CAP,,
Shunta Nakamura,荳ｭ譚 鬧ｿ螟ｪ,HO,讓ｪ豬懊く繝､繝弱Φ繧､繝ｼ繧ｰ繝ｫ繧ｹｼ2025-26ｼ,176,100,1994.02.28,31,譯占発蟄ｦ蝨帝ｫ倡ｭ牙ｭｦ譬｡,譏取ｲｻ螟ｧ蟄ｦ,譯占発蟄ｦ蝨帝ｫ倡ｭ牙ｭｦ譬｡ 譏取ｲｻ螟ｧ蟄ｦ,A,66,https://league-one.jp/player/484850,,,,,
Ryu Fukuhara,譎ｮ荵⒦次 逅,FB,讓ｪ豬懊く繝､繝弱Φ繧､繝ｼ繧ｰ繝ｫ繧ｹｼ2025-26ｼ,178,85,2000.11.03,25,繧ｳ繧ｶ鬮俶｡,譌･譛ｬ螟ｧ蟄ｦ,繧ｳ繧ｶ鬮俶｡ 譌･譛ｬ螟ｧ蟄ｦ,A,7,https://league-one.jp/player/484851,,,,,
Lekima Nasamila,繝ｬ繧ｭ繝 繝ｻ繝翫し繝溘Λ,FL,讓ｪ豬懊く繝､繝弱Φ繧､繝ｼ繧ｰ繝ｫ繧ｹｼ2025-26ｼ,190,123,1998.12.27,27,Leleanmemorialschool鬮俶｡,譚ｱ豬ｷ螟ｧ蟄ｦ,Leleanmemorialschool 譚ｱ豬ｷ螟ｧ蟄ｦ,A,11,https://league-one.jp/player/484852,,,,,
Kippei Ishida,遏ｳ逕ｰ 蜷牙ｹｳ,WTB,讓ｪ豬懊く繝､繝弱Φ繧､繝ｼ繧ｰ繝ｫ繧ｹｼ2025-26ｼ,167,74,2000.04.28,25,蟶ｸ鄙泌ｭｦ蝨帝ｫ俶｡,譏取ｲｻ螟ｧ蟄ｦ,蟶ｸ鄙泌ｭｦ蝨帝ｫ俶｡ 譏取ｲｻ螟ｧ蟄ｦ,A,18,https://league-one.jp/player/484853,,,譌･譛ｬ莉｣陦ｨ9CAP,,
Yuragi Muto,豁ｦ阯､ 繧ｉ縺,SO,讓ｪ豬懊く繝､繝弱Φ繧､繝ｼ繧ｰ繝ｫ繧ｹｼ2025-26ｼ,170,77,2001.07.30,24,譚ｱ豬ｷ螟ｧ蟄ｦ莉伜ｱ槫､ｧ髦ｪ莉ｰ譏滄ｫ倡ｭ牙ｭｦ譬｡,譚ｱ豬ｷ螟ｧ蟄ｦ,譚ｱ豬ｷ螟ｧ蟄ｦ莉伜ｱ槫､ｧ髦ｪ莉ｰ譏滄ｫ倡ｭ牙ｭｦ譬｡ 譚ｱ豬ｷ螟ｧ蟄ｦ,A,9,https://league-one.jp/player/484854,,,,,
Hayate Hiraishi,蟷ｳ遏ｳ 鬚ｯ,HO,讓ｪ豬懊く繝､繝弱Φ繧､繝ｼ繧ｰ繝ｫ繧ｹｼ2025-26ｼ,179,103,2002.02.09,23,譯占発蟄ｦ蝨帝ｫ俶｡,遲第ｳ｢螟ｧ蟄ｦ,譯占発蟄ｦ蝨 遲第ｳ｢螟ｧ蟄ｦ,A,2,https://league-one.jp/player/484855,,,,,
Randall Baker,繝ｩ繝ｳ繝繝ｫ 繝ｻ繝吶う繧ｫ繝ｼ,FL,讓ｪ豬懊く繝､繝弱Φ繧､繝ｼ繧ｰ繝ｫ繧ｹｼ2025-26ｼ,191,114,2005.09.16,20,繝懊ち繝九ｼ繝ｻ繝繧ｦ繝ｳ繧ｺ繝ｻ繧ｻ繧ｫ繝ｳ繝繝ｪ鬮俶｡,,繝懊ち繝九ｼ繝ｻ繝繧ｦ繝ｳ繧ｺ繝ｻ繧ｻ繧ｫ繝ｳ繝繝ｪ,B,2,https://league-one.jp/player/485911,,,,,
Tomoya Adachi,雜ｳ遶 蜿句悼,HO,繝ｪ繧ｳ繝ｼ繝悶Λ繝け繝ｩ繝繧ｺ譚ｱ莠ｬｼ2025-26ｼ,180,115,2004.09.04,21,繧ｯ繝ｪ繝輔ヨ繝ｳ繧ｫ繝ｬ繝ず,,繧ｯ繝ｪ繝輔ヨ繝ｳ繧ｫ繝ｬ繝ず,A,0,https://league-one.jp/player/484856,,,,,
Felix Kalapu,繝輔ぅ繝ｪ繝け繧ｹ 繝ｻ繧ｫ繝ｩ繝,LO,繝ｪ繧ｳ繝ｼ繝悶Λ繝け繝ｩ繝繧ｺ譚ｱ莠ｬｼ2025-26ｼ,195,118,1999.09.27,26,繧ｪ繝ｼ繧ｯ繝ｩ繝ｳ繝峨ｻ繧ｰ繝ｩ繝槭ｼ繝ｻ繧ｹ繧ｯ繝ｼ繝ｫ鬮俶｡,,繧ｪ繝ｼ繧ｯ繝ｩ繝ｳ繝峨ｻ繧ｰ繝ｩ繝槭ｼ繝ｻ繧ｹ繧ｯ繝ｼ繝ｫ,B,2,https://league-one.jp/player/484857,,,,,
Rameka Poihipi,繝ｩ繝｡繧ｫ 繝ｻ繝昴う繝偵ヴ,CTB,繝ｪ繧ｳ繝ｼ繝悶Λ繝け繝ｩ繝繧ｺ譚ｱ莠ｬｼ2025-26ｼ,183,105,1998.10.14,27,HamiltonBoys'HighSchool鬮俶｡,,HamiltonBoys'HighSchool,B,2,https://league-one.jp/player/484858,,,,,
Yusuke Kishi,蟯ｸ 菴題檮,LO,繝ｪ繧ｳ繝ｼ繝悶Λ繝け繝ｩ繝繧ｺ譚ｱ莠ｬｼ2025-26ｼ,191,106,2002.08.02,23,邇牙ｷ晏ｭｦ蝨帝ｫ倡ｭ蛾Κ鬮俶｡,譌･譛ｬ菴楢ご螟ｧ蟄ｦ,邇牙ｷ晏ｭｦ蝨帝ｫ倡ｭ蛾Κ 譌･譛ｬ菴楢ご螟ｧ蟄ｦ,A,0,https://league-one.jp/player/484859,,,,,
Soonhong Lee,譚 豺ｳ蠑,HO,繝ｪ繧ｳ繝ｼ繝悶Λ繝け繝ｩ繝繧ｺ譚ｱ莠ｬｼ2025-26ｼ,171,100,2002.06.29,23,螟ｧ髦ｪ譛晞ｮｮ鬮倡ｴ壼ｭｦ譬｡,莠ｬ驛ｽ逕｣讌ｭ螟ｧ蟄ｦ,螟ｧ髦ｪ譛晞ｮｮ鬮倡ｴ壼ｭｦ譬｡ 莠ｬ驛ｽ逕｣讌ｭ螟ｧ蟄ｦ,A,0,https://league-one.jp/player/484860,,,'25 XV,,
Taichi Kugino,荵⒧惠驥 螟ｪ荳,CTB,繝ｪ繧ｳ繝ｼ繝悶Λ繝け繝ｩ繝繧ｺ譚ｱ莠ｬｼ2025-26ｼ,178,89,2002.10.21,23,蟆丞蛾ｫ俶｡,蟶昜ｺｬ螟ｧ蟄ｦ,蟆丞蛾ｫ俶｡ 蟶昜ｺｬ螟ｧ蟄ｦ,A,0,https://league-one.jp/player/484861,,,,,
Yuta Akihama,遘区ｿｱ 謔螟ｪ,WTB,繝ｪ繧ｳ繝ｼ繝悶Λ繝け繝ｩ繝繧ｺ譚ｱ莠ｬｼ2025-26ｼ,174,85,2002.05.16,23,譯占発蟄ｦ蝨帝ｫ俶｡,譏取ｲｻ螟ｧ蟄ｦ,譯占発蟄ｦ蝨 譏取ｲｻ螟ｧ蟄ｦ,A,0,https://league-one.jp/player/484862,,,'24 XV,,
Kota Mitake,荳臥ｫｹ 蠎ｷ螟ｪ,PR,繝ｪ繧ｳ繝ｼ繝悶Λ繝け繝ｩ繝繧ｺ譚ｱ莠ｬｼ2025-26ｼ,175,110,1996.04.28,29,螟ｧ髦ｪ譯占発鬮俶｡,遶句多鬢ｨ螟ｧ蟄ｦ,螟ｧ髦ｪ譯占発鬮俶｡ 遶句多鬢ｨ螟ｧ蟄ｦ,A,36,https://league-one.jp/player/484863,,,'16 U23,,
Michael Allardice,繝槭う繧ｱ繝ｫ 繝ｻ繧｢繝ｩ繝繧､繧ｹ,LO,繝ｪ繧ｳ繝ｼ繝悶Λ繝け繝ｩ繝繧ｺ譚ｱ莠ｬｼ2025-26ｼ,200,112,1991.10.19,34,繝代ｼ繝槭せ繝医Φ繝弱ｼ繧ｹ繝懊ｼ繧､繧ｺ鬮俶｡,繧ｫ繝ｳ繧ｿ繝吶Μ繝ｼ螟ｧ蟄ｦ,繝代ｼ繝槭せ繝医Φ繝弱ｼ繧ｹ繝懊ｼ繧､繧ｺ鬮俶｡ 繧ｫ繝ｳ繧ｿ繝吶Μ繝ｼ螟ｧ蟄ｦ,A,36,https://league-one.jp/player/484864,,,,,
TJ Perenara,TJ 繝ｻ繝壹Ξ繝翫Λ,SH,繝ｪ繧ｳ繝ｼ繝悶Λ繝け繝ｩ繝繧ｺ譚ｱ莠ｬｼ2025-26ｼ,181,92,1992.01.23,33,繝槭リ繧ｫ繝ｬ繝ず,,繝槭リ繧ｫ繝ｬ繝ず,C,21,https://league-one.jp/player/484865,,,,,
PJ Latu,PJ 繝ｻ繝ｩ繝医ぇ,CTB,繝ｪ繧ｳ繝ｼ繝悶Λ繝け繝ｩ繝繧ｺ譚ｱ莠ｬｼ2025-26ｼ,187,104,2000.10.24,25,TimaruSouthSchool鬮俶｡,螟ｧ譚ｱ譁㍾喧螟ｧ蟄ｦ,TimaruSouthSchool 螟ｧ譚ｱ譁㍾喧螟ｧ蟄ｦ,A,18,https://league-one.jp/player/484866,,,,,
Liam Gill,繝ｪ繧｢繝 繝ｻ繧ｮ繝ｫ,FL,繝ｪ繧ｳ繝ｼ繝悶Λ繝け繝ｩ繝繧ｺ譚ｱ莠ｬｼ2025-26ｼ,186,105,1992.06.08,33,繧ｻ繝ｳ繝医ず繝ｧ繧ｻ繝輔き繝ｬ繝ず繧ｰ繝ｬ繧ｴ繝ｪ繝ｼ繝Λ繧ｹ鬮俶｡,,繧ｻ繝ｳ繝医ず繝ｧ繧ｻ繝輔き繝ｬ繝ず繧ｰ繝ｬ繧ｴ繝ｪ繝ｼ繝Λ繧ｹ,C,41,https://league-one.jp/player/484867,,,,,
Paddy Ryan,繝代ョ繧｣繝ｼ 繝ｻ繝ｩ繧､繧｢繝ｳ,PR,繝ｪ繧ｳ繝ｼ繝悶Λ繝け繝ｩ繝繧ｺ譚ｱ莠ｬｼ2025-26ｼ,190,116,1988.08.09,37,繧ｻ繝ｳ繝医ず繝ｧ繧ｻ繝輔き繝ｬ繝ず,繧ｷ繝峨ル繝ｼ螟ｧ蟄ｦ,繧ｻ繝ｳ繝医ず繝ｧ繧ｻ繝輔き繝ｬ繝ず 繧ｷ繝峨ル繝ｼ螟ｧ蟄ｦ,C,45,https://league-one.jp/player/484868,,,,,
Shogo Yamamura,螻ｱ譚 蜍晄ぁ,,繝ｪ繧ｳ繝ｼ繝悶Λ繝け繝ｩ繝繧ｺ譚ｱ莠ｬｼ2025-26ｼ,178,103,2001.03.24,24,螟ｩ逅ｫ俶｡,螟ｩ逅､ｧ蟄ｦ,螟ｩ逅ｫ俶｡ 螟ｩ逅､ｧ蟄ｦ,A,0,https://league-one.jp/player/484869,,,,,
Kosei Nakamura,荳ｭ譚 蜈ｬ譏,PR,繝ｪ繧ｳ繝ｼ繝悶Λ繝け繝ｩ繝繧ｺ譚ｱ莠ｬｼ2025-26ｼ,183,111,2001.01.25,24,蝗ｽ蟄ｦ髯｢螟ｧ蟄ｦ譬惠鬮俶｡,譏取ｲｻ螟ｧ蟄ｦ,蝗ｽ蟄ｦ髯｢螟ｧ蟄ｦ譬惠鬮俶｡ 譏取ｲｻ螟ｧ蟄ｦ,A,8,https://league-one.jp/player/484870,,,,,
Ichigo Nakakusu,荳ｭ讌 荳譛,SO,繝ｪ繧ｳ繝ｼ繝悶Λ繝け繝ｩ繝繧ｺ譚ｱ莠ｬｼ2025-26ｼ,174,84,2000.06.01,25,蝗ｽ蟄ｦ髯｢荵⒧螻ｱ鬮俶｡,諷ｶ蠢懃ｾｩ蝪ｾ螟ｧ蟄ｦ,蝗ｽ蟄ｦ髯｢荵⒧螻ｱ鬮俶｡ 諷ｶ蠢懃ｾｩ蝪ｾ螟ｧ蟄ｦ,A,28,https://league-one.jp/player/484871,,,'18 鬮俶｡縲'25 XV縲∵律譛ｬ莉｣陦ｨ3CAP,,
Takumi Aoki,髱呈惠 諡灘ｷｱ,CTB,繝ｪ繧ｳ繝ｼ繝悶Λ繝け繝ｩ繝繧ｺ譚ｱ莠ｬｼ2025-26ｼ,185,90,2000.04.07,25,蠕｡謇螳滓･ｭ鬮俶｡,螟ｧ譚ｱ譁㍾喧螟ｧ蟄ｦ,蠕｡謇螳滓･ｭ鬮俶｡  螟ｧ譚ｱ譁㍾喧螟ｧ蟄ｦ,A,0,https://league-one.jp/player/484872,,,,,
Siope Tavo,繧ｷ繧ｪ繝 繝ｻ繧ｿ繝ｴ繧ｩ,CTB,繝ｪ繧ｳ繝ｼ繝悶Λ繝け繝ｩ繝繧ｺ譚ｱ莠ｬｼ2025-26ｼ,189,104,1997.06.19,28,繝ｪ繧｢繝帙リ鬮俶｡,螟ｧ譚ｱ譁㍾喧螟ｧ蟄ｦ,繝ｪ繧｢繝帙リ鬮俶｡ 螟ｧ譚ｱ譁㍾喧螟ｧ蟄ｦ,A,15,https://league-one.jp/player/484873,,,,,
Brodi Mccurran,繝槭け繧ｫ繝ｩ繝ｳ 繝悶Ο繝ぅ,FL,繝ｪ繧ｳ繝ｼ繝悶Λ繝け繝ｩ繝繧ｺ譚ｱ莠ｬｼ2025-26ｼ,193,106,1994.05.24,31,繝上Α繝ｫ繝医Φ繝懊ｼ繧､繧ｺ鬮俶｡,蟶昜ｺｬ螟ｧ蟄ｦ,繝上Α繝ｫ繝医Φ繝懊ｼ繧､繧ｺ鬮俶｡ 蟶昜ｺｬ螟ｧ蟄ｦ,A,48,https://league-one.jp/player/484874,,,,,
Josh Goodhue,繧ｸ繝ｧ繧ｷ繝･ 繝ｻ繧ｰ繝ラ繝偵Η繝ｼ,LO,繝ｪ繧ｳ繝ｼ繝悶Λ繝け繝ｩ繝繧ｺ譚ｱ莠ｬｼ2025-26ｼ,199,112,1995.06.13,30,繝槭え繝ｳ繝医い繝ｫ繝舌ｼ繝医げ繝ｩ繝槭ｼ繧ｹ繧ｯ繝ｼ繝ｫ鬮俶｡,繝ｪ繝ｳ繧ｫ繝ｼ繝ｳ螟ｧ蟄ｦ,繝槭え繝ｳ繝医い繝ｫ繝舌ｼ繝医げ繝ｩ繝槭ｼ繧ｹ繧ｯ繝ｼ繝ｫ 繝ｪ繝ｳ繧ｫ繝ｼ繝ｳ螟ｧ蟄ｦ,B,30,https://league-one.jp/player/484875,,,,,
Shohei Oyama,螟ｧ螻ｱ 逾･蟷ｳ,PR,繝ｪ繧ｳ繝ｼ繝悶Λ繝け繝ｩ繝繧ｺ譚ｱ莠ｬｼ2025-26ｼ,186,115,1998.11.15,27,諷ｶ諛臥ｾｩ蝪ｾ鬮俶｡,諷ｶ諛臥ｾｩ蝪ｾ螟ｧ蟄ｦ,諷ｶ諛臥ｾｩ蝪ｾ鬮俶｡ 諷ｶ諛臥ｾｩ蝪ｾ螟ｧ蟄ｦ,A,33,https://league-one.jp/player/484876,,,'18 U20縲'18 U23縲'25 XV,,
Ko Sato,菴占陸 蠎ｷ,HO,繝ｪ繧ｳ繝ｼ繝悶Λ繝け繝ｩ繝繧ｺ譚ｱ莠ｬｼ2025-26ｼ,170,98,1999.05.10,26,螟ｩ逅ｫ俶｡,螟ｩ逅､ｧ蟄ｦ,螟ｩ逅ｫ俶｡ 螟ｩ逅､ｧ蟄ｦ,A,25,https://league-one.jp/player/484877,,,,,
Shu Yamamoto,螻ｱ譛ｬ 遘,LO,繝ｪ繧ｳ繝ｼ繝悶Λ繝け繝ｩ繝繧ｺ譚ｱ莠ｬｼ2025-26ｼ,190,108,1999.06.01,26,莠ｬ驛ｽ謌千ｫ鬮俶｡,霑醍柄螟ｧ蟄ｦ,莠ｬ驛ｽ謌千ｫ鬮俶｡ 霑醍柄螟ｧ蟄ｦ,A,10,https://league-one.jp/player/484878,,,'17 鬮俶｡縲'19 U20縲'25 XV,,
Harrison Fox,繝上Μ繧ｽ繝ｳ 繝ｻ繝輔か繝け繧ｹ,LO,繝ｪ繧ｳ繝ｼ繝悶Λ繝け繝ｩ繝繧ｺ譚ｱ莠ｬｼ2025-26ｼ,198,118,2000.11.01,25,繝代ず繝･繧｢鬮俶｡,,繝代ず繝･繧｢鬮俶｡,A,21,https://league-one.jp/player/484879,,,,,
Yuki Ikeda,豎逕ｰ 謔蟶,CTB,繝ｪ繧ｳ繝ｼ繝悶Λ繝け繝ｩ繝繧ｺ譚ｱ莠ｬｼ2025-26ｼ,187,98,1995.05.21,30,譚ｱ豬ｷ螟ｧ莉ｰ譏滄ｫ俶｡,譚ｱ豬ｷ螟ｧ蟄ｦ,譚ｱ豬ｷ螟ｧ莉ｰ譏滄ｫ俶｡ 譚ｱ豬ｷ螟ｧ蟄ｦ,A,51,https://league-one.jp/player/484880,,,'17 U23縲∵律譛ｬ莉｣陦ｨ2CAP,,
Takanobu Minami,蜊 譏ゆｼｸ,SH,繝ｪ繧ｳ繝ｼ繝悶Λ繝け繝ｩ繝繧ｺ譚ｱ莠ｬｼ2025-26ｼ,166,72,1999.03.03,26,蠕｡謇螳滓･ｭ鬮俶｡,螟ｧ譚ｱ譁㍾喧螟ｧ蟄ｦ,蠕｡謇螳滓･ｭ鬮俶｡ 螟ｧ譚ｱ譁㍾喧螟ｧ蟄ｦ,A,30,https://league-one.jp/player/484881,,,,,
Yoshiyuki Koga,蜿､雉 逕ｱ謨,WTB,繝ｪ繧ｳ繝ｼ繝悶Λ繝け繝ｩ繝繧ｺ譚ｱ莠ｬｼ2025-26ｼ,176,82,1998.08.28,27,譚ｱ遖丞ｲ｡鬮俶｡,譌ｩ遞ｲ逕ｰ螟ｧ蟄ｦ,譚ｱ遖丞ｲ｡鬮俶｡ 譌ｩ遞ｲ逕ｰ螟ｧ蟄ｦ,A,3,https://league-one.jp/player/484882,,,'18 U20,,
Yuichiro Taniguchi,隹ｷ蜿｣ 逾蝉ｸ驛,PR,繝ｪ繧ｳ繝ｼ繝悶Λ繝け繝ｩ繝繧ｺ譚ｱ莠ｬｼ2025-26ｼ,180,108,1998.06.04,27,譚ｱ豬ｷ螟ｧ莉ｰ譏滄ｫ俶｡,螟ｩ逅､ｧ蟄ｦ,譚ｱ豬ｷ螟ｧ莉ｰ譏滄ｫ俶｡ 螟ｩ逅､ｧ蟄ｦ,A,33,https://league-one.jp/player/484883,,,'18 U20縲'18 U23縲'25 XV,,
Isaac Lucas,繧｢繧､繧ｶ繝け 繝ｻ繝ｫ繝ｼ繧ｫ繧ｹ,FB,繝ｪ繧ｳ繝ｼ繝悶Λ繝け繝ｩ繝繧ｺ譚ｱ莠ｬｼ2025-26ｼ,179,84,1999.02.11,26,繧ｻ繝ｳ繝医ず繝ｧ繧ｻ繝輔げ繝ｬ繧ｴ繝ｪ繝ｼ繝Λ繧ｹ繧ｫ繝ｬ繝ず,,繧ｻ繝ｳ繝医ず繝ｧ繧ｻ繝輔げ繝ｬ繧ｴ繝ｪ繝ｼ繝Λ繧ｹ繧ｫ繝ｬ繝ず,A,54,https://league-one.jp/player/484884,,,,,
Taira Main,繝｡繧､繝ｳ 蟷ｳ,FB,繝ｪ繧ｳ繝ｼ繝悶Λ繝け繝ｩ繝繧ｺ譚ｱ莠ｬｼ2025-26ｼ,180,90,2000.09.05,25,蠕｡謇螳滓･ｭ鬮倡ｭ牙ｭｦ譬｡,,蠕｡謇螳滓･ｭ鬮倡ｭ牙ｭｦ譬｡,A,37,https://league-one.jp/player/484885,,,'18 鬮俶｡縲'25 XV縲∵律譛ｬ莉｣陦ｨ1CAP,,
Tomoya Yamamura,螻ｱ譚 遏･荵,WTB,繝ｪ繧ｳ繝ｼ繝悶Λ繝け繝ｩ繝繧ｺ譚ｱ莠ｬｼ2025-26ｼ,174,82,1997.12.02,28,蝣ｱ蠕ｳ蟄ｦ蝨帝ｫ俶｡,譏取ｲｻ螟ｧ蟄ｦ,蝣ｱ蠕ｳ蟄ｦ蝨帝ｫ俶｡ 譏取ｲｻ螟ｧ蟄ｦ,A,8,https://league-one.jp/player/484886,,,'16 U20縲'18 U23,,
Daisuke Nishikawa,隘ｿ蟾 螟ｧ霈,CTB,繝ｪ繧ｳ繝ｼ繝悶Λ繝け繝ｩ繝繧ｺ譚ｱ莠ｬｼ2025-26ｼ,184,90,1997.08.24,28,雎頑鬮俶｡,荳ｭ莠ｬ螟ｧ蟄ｦ,雎頑鬮俶｡ 荳ｭ莠ｬ螟ｧ蟄ｦ,A,23,https://league-one.jp/player/484887,,,,,
Yuta Kurihara,譬怜次 逕ｱ螟ｪ,CTB,繝ｪ繧ｳ繝ｼ繝悶Λ繝け繝ｩ繝繧ｺ譚ｱ莠ｬｼ2025-26ｼ,179,88,1997.10.12,28,譯占発蟄ｦ蝨帝ｫ俶｡,諷ｶ蠢懃ｾｩ蝪ｾ螟ｧ蟄ｦ,譯占発蟄ｦ蝨帝ｫ俶｡ 諷ｶ蠢懃ｾｩ蝪ｾ螟ｧ蟄ｦ,A,35,https://league-one.jp/player/484888,,,,,
Hinata Takei,豁ｦ莠 譌･蜷,HO,繝ｪ繧ｳ繝ｼ繝悶Λ繝け繝ｩ繝繧ｺ譚ｱ莠ｬｼ2025-26ｼ,171,98,1997.06.17,28,蝨句ｭｸ髯｢譬惠鬮俶｡,譏取ｲｻ螟ｧ蟄ｦ,蝨句ｭｸ髯｢譬惠鬮俶｡ 譏取ｲｻ螟ｧ蟄ｦ,A,25,https://league-one.jp/player/484889,,,'17 U20縲'17 U23縲'18 U23,,
Daigo Sasagawa,隨ｹ蟾 螟ｧ莠,PR,繝ｪ繧ｳ繝ｼ繝悶Λ繝け繝ｩ繝繧ｺ譚ｱ莠ｬｼ2025-26ｼ,187,115,1997.08.03,28,譏取ｲｻ螟ｧ蟄ｦ莉伜ｱ樔ｸｭ驥朱ｫ倡ｭ牙ｭｦ譬｡,譏取ｲｻ螟ｧ蟄ｦ,譏取ｲｻ螟ｧ蟄ｦ莉伜ｱ樔ｸｭ驥朱ｫ倡ｭ牙ｭｦ譬｡ 譏取ｲｻ螟ｧ蟄ｦ,A,28,https://league-one.jp/player/484890,,,,,
Talau Samurai Fakatava,繝輔ぃ繧ｫ繧ｿ繝ｴ繧｡ 繧ｿ繝ｩ繧ｦ萓,LO,繝ｪ繧ｳ繝ｼ繝悶Λ繝け繝ｩ繝繧ｺ譚ｱ莠ｬｼ2025-26ｼ,191,112,1994.12.07,31,繝ぅ繝槭Ν繝懊ｼ繧､繧ｺ鬮俶｡,螟ｧ譚ｱ譁㍾喧螟ｧ蟄ｦ,繝ぅ繝槭Ν繝懊ｼ繧､繧ｺ鬮俶｡ 螟ｧ譚ｱ譁㍾喧螟ｧ蟄ｦ,-,14,https://league-one.jp/player/484891,,,,,
Amato Fakatava,繝輔ぃ繧ｫ繧ｿ繝ｴ繧｡ 繧｢繝槭ヨ,,繝ｪ繧ｳ繝ｼ繝悶Λ繝け繝ｩ繝繧ｺ譚ｱ莠ｬｼ2025-26ｼ,195,118,1994.12.07,31,繝ぅ繝槭Ν繝懊ｼ繧､繧ｺ鬮俶｡,螟ｧ譚ｱ譁㍾喧螟ｧ蟄ｦ,繝ぅ繝槭Ν繝懊ｼ繧､繧ｺ鬮俶｡ 螟ｧ譚ｱ譁㍾喧螟ｧ蟄ｦ,A,50,https://league-one.jp/player/484892,,,,,
Pohiva Yamato Lotoahea,繝ｭ繝医い繝倥い 繝昴ヲ繝ｴ繧｡螟ｧ蜥,LO,繝ｪ繧ｳ繝ｼ繝悶Λ繝け繝ｩ繝繧ｺ譚ｱ莠ｬｼ2025-26ｼ,192,120,1988.08.10,37,繝医ぇ繝昴え繧ｫ繝ｬ繝ず,蝓ｼ邇牙ｷ･讌ｭ螟ｧ蟄ｦ,繝医ぇ繝昴え繧ｫ繝ｬ繝ず 蝓ｼ邇牙ｷ･讌ｭ螟ｧ蟄ｦ,A,28,https://league-one.jp/player/484893,,,,,
Masashi Onishi,螟ｧ隘ｿ 蟆彰,HO,繝ｪ繧ｳ繝ｼ繝悶Λ繝け繝ｩ繝繧ｺ譚ｱ莠ｬｼ2025-26ｼ,180,110,1995.02.21,30,荳雁ｮｮ螟ｪ蟄宣ｫ俶｡,蟶昜ｺｬ螟ｧ蟄ｦ,荳雁ｮｮ螟ｪ蟄宣ｫ俶｡ 蟶昜ｺｬ螟ｧ蟄ｦ,A,36,https://league-one.jp/player/484894,,,,,
Ryohei Isoda,遉堤伐 蜃悟ｹｳ,CTB,繝ｪ繧ｳ繝ｼ繝悶Λ繝け繝ｩ繝繧ｺ譚ｱ莠ｬｼ2025-26ｼ,178,90,1996.07.22,29,莠ｬ驛ｽ謌千ｫ鬮俶｡,遶句多鬢ｨ螟ｧ蟄ｦ,莠ｬ驛ｽ謌千ｫ鬮俶｡ 遶句多鬢ｨ螟ｧ蟄ｦ,A,26,https://league-one.jp/player/484895,,,,,
Toshiya Takahashi,鬮俶ｩ 謨丈ｹ,SH,繝ｪ繧ｳ繝ｼ繝悶Λ繝け繝ｩ繝繧ｺ譚ｱ莠ｬｼ2025-26ｼ,182,83,1993.10.22,32,蝗ｽ蟄ｦ髯｢荵⒧螻ｱ鬮俶｡,髱貞ｱｱ蟄ｦ髯｢螟ｧ蟄ｦ,蝗ｽ蟄ｦ髯｢荵⒧螻ｱ鬮俶｡ 髱貞ｱｱ蟄ｦ髯｢螟ｧ蟄ｦ,A,42,https://league-one.jp/player/484896,,,,,
Taichi Chiba,蜊痩 螟ｪ荳,PR,繝ｪ繧ｳ繝ｼ繝悶Λ繝け繝ｩ繝繧ｺ譚ｱ莠ｬｼ2025-26ｼ,176,115,1994.09.22,31,譌ｩ遞ｲ逕ｰ螳滓･ｭ鬮俶｡,譌ｩ遞ｲ逕ｰ螟ｧ蟄ｦ,譌ｩ遞ｲ逕ｰ螳滓･ｭ鬮俶｡ 譌ｩ遞ｲ逕ｰ螟ｧ蟄ｦ,A,31,https://league-one.jp/player/484897,,,,,
Kohei Horigome,蝣邀ｳ 闊ｪ蟷ｳ,SO,繝ｪ繧ｳ繝ｼ繝悶Λ繝け繝ｩ繝繧ｺ譚ｱ莠ｬｼ2025-26ｼ,177,89,1995.09.18,30,豬夂ｵ梧ｸ亥､ｧ蟄ｦ譟城ｫ俶｡,譏取ｲｻ螟ｧ蟄ｦ,豬夂ｵ梧ｸ亥､ｧ蟄ｦ譟城ｫ俶｡ 譏取ｲｻ螟ｧ蟄ｦ,A,19,https://league-one.jp/player/484898,,,'13 鬮俶｡,,
Kazuma Nishi,隘ｿ 蜥檎｣ｨ,PR,繝ｪ繧ｳ繝ｼ繝悶Λ繝け繝ｩ繝繧ｺ譚ｱ莠ｬｼ2025-26ｼ,180,105,1995.08.10,30,莠ｬ驛ｽ謌千ｫ鬮俶｡,蟶昜ｺｬ螟ｧ蟄ｦ,莠ｬ驛ｽ謌千ｫ鬮俶｡ 蟶昜ｺｬ螟ｧ蟄ｦ,A,53,https://league-one.jp/player/484899,,,,,
Shuhei Matsuhashi,譚ｾ讖 蜻ｨ蟷ｳ,,繝ｪ繧ｳ繝ｼ繝悶Λ繝け繝ｩ繝繧ｺ譚ｱ莠ｬｼ2025-26ｼ,180,100,1993.11.24,32,蟶らｫ玖飴讖矩ｫ俶｡,譏取ｲｻ螟ｧ蟄ｦ,蟶らｫ玖飴讖矩ｫ俶｡ 譏取ｲｻ螟ｧ蟄ｦ,A,49,https://league-one.jp/player/484900,,,譌･譛ｬ莉｣陦ｨ8CAP,,
Otoya Kihara,譛ｨ蜴 髻ｳ蠑･,,繝ｪ繧ｳ繝ｼ繝悶Λ繝け繝ｩ繝繧ｺ譚ｱ莠ｬｼ2025-26ｼ,186,98,2000.02.27,25,譚ｱ遖丞ｲ｡鬮俶｡,蜷悟ｿ礼､ｾ螟ｧ蟄ｦ,譚ｱ遖丞ｲ｡鬮俶｡ 蜷悟ｿ礼､ｾ螟ｧ蟄ｦ,A,10,https://league-one.jp/player/484901,,,'17 鬮俶｡,,
Larzlo Sword,繝ｩ繧ｺ繝ｭ繝ｼ 繝ｻ繧ｽ繝ｼ繝,CTB,繝ｪ繧ｳ繝ｼ繝悶Λ繝け繝ｩ繝繧ｺ譚ｱ莠ｬｼ2025-26ｼ,193,105,2003.05.06,22,繧｢繝ｳ繧ｰ繝ｪ繧ｫ繝ｳ繝ｻ繝√Ε繝ｼ繝√ｻ繧ｰ繝ｩ繝槭ｼ繝ｻ繧ｹ繧ｯ繝ｼ繝ｫ鬮俶｡,,繧｢繝ｳ繧ｰ繝ｪ繧ｫ繝ｳ繝ｻ繝√Ε繝ｼ繝√ｻ繧ｰ繝ｩ繝槭ｼ繝ｻ繧ｹ繧ｯ繝ｼ繝ｫ,B,5,https://league-one.jp/player/484902,,,,,
Shin Ouchi,螟ｧ蜀 逵,HO,繝ｪ繧ｳ繝ｼ繝悶Λ繝け繝ｩ繝繧ｺ譚ｱ莠ｬｼ2025-26ｼ,183,107,1997.07.26,28,譌･蟾晞ｫ俶｡,,譌･蟾晞ｫ俶｡,A,27,https://league-one.jp/player/484903,,,,,
Kotaro Ito,莨願陸 閠募､ｪ驛,SO,繝ｪ繧ｳ繝ｼ繝悶Λ繝け繝ｩ繝繧ｺ譚ｱ莠ｬｼ2025-26ｼ,177,86,2001.11.15,24,蝨句ｭｸ髯｢譬惠鬮俶｡,譏取ｲｻ螟ｧ蟄ｦ,蝨句ｭｸ髯｢譬惠鬮俶｡ 譏取ｲｻ螟ｧ蟄ｦ,A,19,https://league-one.jp/player/484904,,,'25 XV,,
Reijiro Yamamoto,螻ｱ譛ｬ 蠍ｺ莠碁ヮ,LO,繝ｪ繧ｳ繝ｼ繝悶Λ繝け繝ｩ繝繧ｺ譚ｱ莠ｬｼ2025-26ｼ,191,110,2002.03.18,23,莠ｬ驛ｽ謌千ｫ鬮俶｡,譏取ｲｻ螟ｧ蟄ｦ,莠ｬ驛ｽ謌千ｫ鬮俶｡ 譏取ｲｻ螟ｧ蟄ｦ,A,20,https://league-one.jp/player/484905,,,,,
Tomu Takamoto,鬮俶悽 縺ｨ繧,WTB,繝ｪ繧ｳ繝ｼ繝悶Λ繝け繝ｩ繝繧ｺ譚ｱ莠ｬｼ2025-26ｼ,182,92,2001.10.10,24,譚ｱ遖丞ｲ｡鬮俶｡,蟶昜ｺｬ螟ｧ蟄ｦ,譚ｱ遖丞ｲ｡鬮俶｡ 蟶昜ｺｬ螟ｧ蟄ｦ,A,4,https://league-one.jp/player/484906,,,'25 XV,,
Taishi Tsumura,豢･譚 螟ｧ蠢,PR,繝ｪ繧ｳ繝ｼ繝悶Λ繝け繝ｩ繝繧ｺ譚ｱ莠ｬｼ2025-26ｼ,172,108,2001.04.30,24,蠕｡謇螳滓･ｭ鬮俶｡,蟶昜ｺｬ螟ｧ蟄ｦ,蠕｡謇螳滓･ｭ鬮俶｡ 蟶昜ｺｬ螟ｧ蟄ｦ,A,16,https://league-one.jp/player/484907,,,'25 XV,,
Seima Inaba,遞ｲ闡 閨夜ｦｬ,SH,繝ｪ繧ｳ繝ｼ繝悶Λ繝け繝ｩ繝繧ｺ譚ｱ莠ｬｼ2025-26ｼ,166,74,2002.01.27,23,蠕｡謇螳滓･ｭ鬮俶｡,螟ｧ譚ｱ譁㍾喧螟ｧ蟄ｦ,蠕｡謇螳滓･ｭ鬮俶｡ 螟ｧ譚ｱ譁㍾喧螟ｧ蟄ｦ,A,0,https://league-one.jp/player/484908,,,,,
Samuel Waqabaca,繧ｵ繝溘Η繧ｨ繝ｩ 繝ｻ繝ｯ繧ｫ繝ｴ繧｡繧ｫ,PR,繝ｪ繧ｳ繝ｼ繝悶Λ繝け繝ｩ繝繧ｺ譚ｱ莠ｬｼ2025-26ｼ,185,113,2001.08.19,24,繧ｻ繝ｳ繝磯ｫ俶｡,繧ｰ繝ｬ繧ｴ繝ｪ繝ｼ螟ｧ蟄ｦ,繧ｻ繝ｳ繝 繧ｰ繝ｬ繧ｴ繝ｪ繝ｼ 繧ｫ繝ｬ繝ず 譛晄律螟ｧ蟄ｦ,A,16,https://league-one.jp/player/484909,,,,,
Nic Souchon,繝九ャ繧ｯ 繝ｻ繧ｹ繝ｼ繝√Ι繝ｳ,HO,繝ｪ繧ｳ繝ｼ繝悶Λ繝け繝ｩ繝繧ｺ譚ｱ莠ｬｼ2025-26ｼ,180,110,1997.08.13,28,繝上Α繝ｫ繝医Φ繝懊ｼ繧､繧ｺ繝上う繧ｹ繧ｯ繝ｼ繝ｫ鬮俶｡,繝ｪ繝ｳ繧ｫ繝ｼ繝ｳ螟ｧ蟄ｦ,繝上Α繝ｫ繝医Φ繝懊ｼ繧､繧ｺ繝上う繧ｹ繧ｯ繝ｼ繝ｫ 繝ｪ繝ｳ繧ｫ繝ｼ繝ｳ螟ｧ蟄ｦ,B,0,https://league-one.jp/player/485147,,,,,
Frank Lochore,繝輔Λ繝ｳ繧ｯ 繝ｻ繝ｭ繝帙ｼ,LO,NEC繧ｰ繝ｪ繝ｼ繝ｳ繝ｭ繧ｱ繝ヤ譚ｱ闡幢ｼ2025-26ｼ,194,110,2001.06.07,24,NapierBoyshighschool鬮俶｡,,NapierBoyshighschool,B,2,https://league-one.jp/player/483527,,,,,
Ryuto Fukuyama,遖丞ｱｱ 遶懈沫,UTB,NEC繧ｰ繝ｪ繝ｼ繝ｳ繝ｭ繧ｱ繝ヤ譚ｱ闡幢ｼ2025-26ｼ,168,83,1999.10.06,26,螟ｩ逅ｫ俶｡,霑醍柄螟ｧ蟄ｦ,螟ｩ逅ｫ俶｡ 霑醍柄螟ｧ蟄ｦ,A,13,https://league-one.jp/player/483528,,,,,
Amanaki Taiyo Lotoahea,繝ｭ繝医い繝倥い 繧｢繝槭リ繧ｭ螟ｧ豢,CTB,NEC繧ｰ繝ｪ繝ｼ繝ｳ繝ｭ繧ｱ繝ヤ譚ｱ闡幢ｼ2025-26ｼ,191,107,1990.04.14,35,繝医ぇ繝昴え繧ｫ繝ｬ繝ず,闃ｱ蝨貞､ｧ蟄ｦ,繝医ぇ繝昴え繧ｫ繝ｬ繝ず 闃ｱ蝨貞､ｧ蟄ｦ,A,30,https://league-one.jp/player/483529,,,,,
Reece Macdonald,繝ｪ繝ｼ繧ｹ 繝ｻ繝槭け繝峨リ繝ｫ繝,SO,NEC繧ｰ繝ｪ繝ｼ繝ｳ繝ｭ繧ｱ繝ヤ譚ｱ闡幢ｼ2025-26ｼ,175,83,1997.12.10,28,TauharaCollage鬮俶｡,,TauharaCollage,B,2,https://league-one.jp/player/483530,,,,,
Riley Hohepa,繝ｩ繧､繝ｪ繝ｼ 繝ｻ繝帙繝,SO,NEC繧ｰ繝ｪ繝ｼ繝ｳ繝ｭ繧ｱ繝ヤ譚ｱ闡幢ｼ2025-26ｼ,186,93,1995.02.09,30,PukekoheHighSchool鬮俶｡,,PukekoheHighSchool,B,3,https://league-one.jp/player/483531,,,,,
Hirose Yabu,螻矩Κ 譌ｺ謌,SH,NEC繧ｰ繝ｪ繝ｼ繝ｳ繝ｭ繧ｱ繝ヤ譚ｱ闡幢ｼ2025-26ｼ,173,77,2003.02.15,22,蜷崎ｭｷ鬮俶｡,,蜷崎ｭｷ鬮俶｡,A,0,https://league-one.jp/player/483532,,,,,
Timote Tavalea,繝ぅ繝｢繝 繝ｻ繧ｿ繝ｴ繧｡繝ｬ繧｢,FL,NEC繧ｰ繝ｪ繝ｼ繝ｳ繝ｭ繧ｱ繝ヤ譚ｱ闡幢ｼ2025-26ｼ,186,105,1998.08.05,27,JohnPaulCollage鬮俶｡,螻ｱ譴ｨ蟄ｦ髯｢螟ｧ蟄ｦ,JohnPaulCollage 螻ｱ譴ｨ蟄ｦ髯｢螟ｧ蟄ｦ,A,17,https://league-one.jp/player/483533,,,,,
Dylan Nel,繝ぅ繝ｩ繝ｳ 繝ｻ繝阪Ν,,NEC繧ｰ繝ｪ繝ｼ繝ｳ繝ｭ繧ｱ繝ヤ譚ｱ闡幢ｼ2025-26ｼ,185,110,1992.11.27,33,ClifonCollage鬮俶｡,,ClifonCollage,B,14,https://league-one.jp/player/483534,,,,,
Rory Arnold,繝ｭ繝ｼ繝ｪ繝ｼ 繝ｻ繧｢繝ｼ繝弱Ν繝,LO,NEC繧ｰ繝ｪ繝ｼ繝ｳ繝ｭ繧ｱ繝ヤ譚ｱ闡幢ｼ2025-26ｼ,208,120,1990.07.01,35,Muruwillumbahhighschool鬮俶｡,,Muruwillumbahhighschool,C,21,https://league-one.jp/player/483535,,,,,
Kosuke Shimoe,荳区ｱ 蠎ｷ霈,HO,NEC繧ｰ繝ｪ繝ｼ繝ｳ繝ｭ繧ｱ繝ヤ譚ｱ闡幢ｼ2025-26ｼ,173,100,2001.05.23,24,譚ｱ遖丞ｲ｡鬮俶｡,譚ｱ豬ｷ螟ｧ蟄ｦ,譚ｱ遖丞ｲ｡鬮俶｡ 譚ｱ豬ｷ螟ｧ蟄ｦ,A,0,https://league-one.jp/player/483536,,,,,
Shunya Hamano,豼ｱ驥 髫ｼ荵,HO,NEC繧ｰ繝ｪ繝ｼ繝ｳ繝ｭ繧ｱ繝ヤ譚ｱ闡幢ｼ2025-26ｼ,182,108,1999.03.11,26,遘狗伐蟾･讌ｭ鬮俶｡,豕墓帆螟ｧ蟄ｦ,遘狗伐蟾･讌ｭ鬮俶｡ 豕墓帆螟ｧ蟄ｦ,A,10,https://league-one.jp/player/483537,,,,,
Keita Kimura,譛ｨ譚 蝨ｭ豎ｰ,PR,NEC繧ｰ繝ｪ繝ｼ繝ｳ繝ｭ繧ｱ繝ヤ譚ｱ闡幢ｼ2025-26ｼ,175,112,1999.12.12,26,遲醍ｴｫ蜿ｰ鬮俶｡,莠ｬ驛ｽ逕｣讌ｭ螟ｧ蟄ｦ,遲醍ｴｫ蜿ｰ鬮俶｡ 莠ｬ驛ｽ逕｣讌ｭ螟ｧ蟄ｦ,A,15,https://league-one.jp/player/483538,,,,,
Taiga Yamaguchi,螻ｱ蜿｣ 豕ｰ髮,PR,NEC繧ｰ繝ｪ繝ｼ繝ｳ繝ｭ繧ｱ繝ヤ譚ｱ闡幢ｼ2025-26ｼ,169,106,2000.10.27,25,逶ｮ鮟貞ｭｦ髯｢鬮俶｡,譚ｱ豢句､ｧ蟄ｦ,逶ｮ鮟貞ｭｦ髯｢鬮俶｡ 譚ｱ豢句､ｧ蟄ｦ,A,22,https://league-one.jp/player/483539,,,,,
Phransis Sula-Siaosi,繝輔Λ繝ｳ繧ｷ繧ｹ 繝ｻ繧ｹ繝ｩ繝ｻ繧ｷ繧｢繧ｪ繧ｷ,PR,NEC繧ｰ繝ｪ繝ｼ繝ｳ繝ｭ繧ｱ繝ヤ譚ｱ闡幢ｼ2025-26ｼ,173,120,2000.07.15,25,St.Joseph'sNudgeeCollege鬮俶｡,,St.Joseph'sNudgeeCollege,B,0,https://league-one.jp/player/483540,,,,,
Matariki Channings,繝槭ち繝ｪ繧ｭ 繝ｻ繝√Ε繝九Φ繧ｰ繧ｹ,LO,NEC繧ｰ繝ｪ繝ｼ繝ｳ繝ｭ繧ｱ繝ヤ譚ｱ闡幢ｼ2025-26ｼ,195,114,2002.06.11,23,TeAuteCollage/HastingBoysHighschool鬮俶｡,譚ｱ豢句､ｧ蟄ｦ,TeAuteCollage/HastingBoysHighschool 譚ｱ豢句､ｧ蟄ｦ,B,0,https://league-one.jp/player/483541,,,,,
Naoya Ogita,闕ｻ逕ｰ 逶ｴ蠑･,WTB,NEC繧ｰ繝ｪ繝ｼ繝ｳ繝ｭ繧ｱ繝ヤ譚ｱ闡幢ｼ2025-26ｼ,187,91,2002.09.20,23,蟄ｦ鄙帝劼鬮倡ｭ臥ｧ鷹ｫ俶｡,蟄ｦ鄙帝劼螟ｧ蟄ｦ,蟄ｦ鄙帝劼鬮倡ｭ臥ｧ 蟄ｦ鄙帝劼螟ｧ蟄ｦ,A,0,https://league-one.jp/player/483542,,,,,
Asahi Uchikawa,蜀⒦ｷ 譛晞區,FL,NEC繧ｰ繝ｪ繝ｼ繝ｳ繝ｭ繧ｱ繝ヤ譚ｱ闡幢ｼ2025-26ｼ,182,97,2002.04.17,23,菴占ｳ蟾･讌ｭ鬮俶｡,髢｢譚ｱ蟄ｦ髯｢螟ｧ蟄ｦ,菴占ｳ蟾･讌ｭ鬮俶｡ 髢｢譚ｱ蟄ｦ髯｢螟ｧ蟄ｦ,A,0,https://league-one.jp/player/483543,,,,,
Shotaro Kameyama,莠螻ｱ 譏㍾､ｪ驛,PR,NEC繧ｰ繝ｪ繝ｼ繝ｳ繝ｭ繧ｱ繝ヤ譚ｱ闡幢ｼ2025-26ｼ,176,115,2002.09.17,23,闌玲ｺｪ蟄ｦ蝨帝ｫ俶｡,譌ｩ遞ｲ逕ｰ螟ｧ蟄ｦ,闌玲ｺｪ蟄ｦ蝨帝ｫ俶｡ 譌ｩ遞ｲ逕ｰ螟ｧ蟄ｦ,A,6,https://league-one.jp/player/483544,,,,,
Sena Hwang,鮟 荳夜ｏ,PR,NEC繧ｰ繝ｪ繝ｼ繝ｳ繝ｭ繧ｱ繝ヤ譚ｱ闡幢ｼ2025-26ｼ,180,110,2003.02.03,22,荳ｭ驛ｨ螟ｧ蟄ｦ譏･譌･荳倬ｫ俶｡,髢｢隘ｿ蟄ｦ髯｢螟ｧ蟄ｦ,荳ｭ驛ｨ螟ｧ蟄ｦ譏･譌･荳倬ｫ俶｡ 髢｢隘ｿ蟄ｦ髯｢螟ｧ蟄ｦ,A,3,https://league-one.jp/player/483545,,,,,
Edward Annandale,繧ｨ繝峨Ρ繝ｼ繝 繝ｻ繧｢繝翫Φ繝ｼ繝ｫ,LO,NEC繧ｰ繝ｪ繝ｼ繝ｳ繝ｭ繧ｱ繝ヤ譚ｱ闡幢ｼ2025-26ｼ,200,121,2001.01.18,24,MassillonHighschool鬮俶｡,,MassillonHighschool,B,9,https://league-one.jp/player/483546,,,,,
Keagen Faria,繧ｭ繝ｼ繧ｬ繝ｳ 繝ｻ繝輔ぃ繝ｪ繧｢,WTB,NEC繧ｰ繝ｪ繝ｼ繝ｳ繝ｭ繧ｱ繝ヤ譚ｱ闡幢ｼ2025-26ｼ,185,90,1994.12.10,31,St.John窶冱Collage鬮俶｡,,St.John窶冱Collage,A,38,https://league-one.jp/player/483547,,,,,
Orbyn Leger,繧ｪ繝ｫ繝薙Φ 繝ｻ繝ｬ繧ｸ繝｣繝ｼ,CTB,NEC繧ｰ繝ｪ繝ｼ繝ｳ繝ｭ繧ｱ繝ヤ譚ｱ闡幢ｼ2025-26ｼ,184,94,1997.03.13,28,HamiltonBoysHighschol鬮俶｡,,HamiltonBoysHighschol,A,46,https://league-one.jp/player/483548,,,,,
Suliasi Tolu,繝医Ν 繧ｹ繝ｪ繧｢繧ｷ,PR,NEC繧ｰ繝ｪ繝ｼ繝ｳ繝ｭ繧ｱ繝ヤ譚ｱ闡幢ｼ2025-26ｼ,188,118,1993.10.05,32,SuvaGrammarSchool鬮俶｡,蝓ｼ邇牙ｷ･讌ｭ螟ｧ蟄ｦ,SuvaGrammarSchool 蝓ｼ邇牙ｷ･讌ｭ螟ｧ蟄ｦ,A,5,https://league-one.jp/player/483549,,,,,
Pari Pari Parkinson,繝代Μ繝代Μ 繝ｻ繝代ｼ繧ｭ繝ｳ繧ｽ繝ｳ,LO,NEC繧ｰ繝ｪ繝ｼ繝ｳ繝ｭ繧ｱ繝ヤ譚ｱ闡幢ｼ2025-26ｼ,204,135,1996.09.12,29,SaintKentigernCollage鬮俶｡,,SaintKentigernCollage,B,12,https://league-one.jp/player/483550,,,,,
Yusuke Maruo,荳ｸ蟆ｾ 逾占ｳ,SH,NEC繧ｰ繝ｪ繝ｼ繝ｳ繝ｭ繧ｱ繝ヤ譚ｱ闡幢ｼ2025-26ｼ,170,75,2000.10.25,25,蝣ｱ蠕ｳ蟄ｦ蝨帝ｫ俶｡,譏取ｲｻ螟ｧ蟄ｦ,蝣ｱ蠕ｳ蟄ｦ蝨帝ｫ俶｡ 譏取ｲｻ螟ｧ蟄ｦ,A,12,https://league-one.jp/player/483551,,,,,
Kakeru Miyaso,螳ｮ螳 鄙,WTB,NEC繧ｰ繝ｪ繝ｼ繝ｳ繝ｭ繧ｱ繝ヤ譚ｱ闡幢ｼ2025-26ｼ,182,86,1999.06.22,26,螟ｧ髦ｪ譯占発鬮俶｡,霑醍柄螟ｧ蟄ｦ,螟ｧ髦ｪ譯占発 霑醍柄螟ｧ蟄ｦ,A,2,https://league-one.jp/player/483552,,,,,
Sunao Takizawa,轢ｧ貔､ 逶ｴ,PR,NEC繧ｰ繝ｪ繝ｼ繝ｳ繝ｭ繧ｱ繝ヤ譚ｱ闡幢ｼ2025-26ｼ,175,115,1986.09.30,39,蜊ｨｮ鬮俶｡,譌ｩ遞ｲ逕ｰ螟ｧ蟄ｦ,蜊ｨｮ鬮俶｡ 譌ｩ遞ｲ逕ｰ螟ｧ蟄ｦ,A,37,https://league-one.jp/player/483553,,,,,
Taku Toma,逡ｶ逵 逅｢,PR,NEC繧ｰ繝ｪ繝ｼ繝ｳ繝ｭ繧ｱ繝ヤ譚ｱ闡幢ｼ2025-26ｼ,183,120,1996.09.21,29,繧ｳ繧ｶ鬮俶｡,蟶昜ｺｬ螟ｧ蟄ｦ,繧ｳ繧ｶ鬮俶｡ 蟶昜ｺｬ螟ｧ蟄ｦ,A,23,https://league-one.jp/player/483554,,,'16 U20縲'16 U23,,
Keisuke Kikuta,闖顔伐 蝨ｭ菴,PR,NEC繧ｰ繝ｪ繝ｼ繝ｳ繝ｭ繧ｱ繝ヤ譚ｱ闡幢ｼ2025-26ｼ,173,113,1998.06.15,27,莉吝床閧ｲ闍ｱ蟄ｦ蝨帝ｫ俶｡,豕墓帆螟ｧ蟄ｦ,莉吝床閧ｲ闍ｱ蟄ｦ蝨帝ｫ俶｡ 豕墓帆螟ｧ蟄ｦ,A,41,https://league-one.jp/player/483555,,,,,
Tatsuru Owada,螟ｧ蜥檎伐 遶,FL,NEC繧ｰ繝ｪ繝ｼ繝ｳ繝ｭ繧ｱ繝ヤ譚ｱ闡幢ｼ2025-26ｼ,178,100,1992.01.14,33,鄒主ｹ碁ｫ俶｡,蟶昜ｺｬ螟ｧ蟄ｦ,鄒主ｹ碁ｫ俶｡ 蟶昜ｺｬ螟ｧ蟄ｦ,A,21,https://league-one.jp/player/483556,,,'11 U20,,
Ryoi Kamei,莠莠 莠ｮ萓,FL,NEC繧ｰ繝ｪ繝ｼ繝ｳ繝ｭ繧ｱ繝ヤ譚ｱ闡幢ｼ2025-26ｼ,178,97,1994.10.08,31,蟶ｸ鄙泌蕪蜈牙ｭｦ蝨帝ｫ俶｡,蟶昜ｺｬ螟ｧ蟄ｦ,蟶ｸ鄙泌蕪蜈牙ｭｦ蝨帝ｫ俶｡ 蟶昜ｺｬ螟ｧ蟄ｦ,A,39,https://league-one.jp/player/483557,,,'17 U23,,
Tatsuya Fujii,阯､莠 驕泌悼,SH,NEC繧ｰ繝ｪ繝ｼ繝ｳ繝ｭ繧ｱ繝ヤ譚ｱ闡幢ｼ2025-26ｼ,164,65,2000.03.15,25,譚ｱ豬ｷ螟ｧ莉伜ｱ樒ｦ丞ｲ｡鬮俶｡,繧ｸ繝ｧ繝ｳ繝槭け繧ｬ繝ｩ繧ｷ繝｣繝ｳ螟ｧ螟ｧ蟄ｦ,譚ｱ豬ｷ螟ｧ莉伜ｱ樒ｦ丞ｲ｡鬮俶｡ 繧ｸ繝ｧ繝ｳ繝槭け繧ｬ繝ｩ繧ｷ繝｣繝ｳ螟ｧ,A,28,https://league-one.jp/player/483558,,,'22 鬮俶｡,,
Taisetsu Kanai,驥台ｺ 螟ｧ髮ｪ,SO,NEC繧ｰ繝ｪ繝ｼ繝ｳ繝ｭ繧ｱ繝ヤ譚ｱ闡幢ｼ2025-26ｼ,178,88,1997.01.29,28,豺ｱ隹ｷ鬮俶｡,豕墓帆螟ｧ蟄ｦ,豺ｱ隹ｷ鬮俶｡ 豕墓帆螟ｧ蟄ｦ,A,30,https://league-one.jp/player/483559,,,'15 U20縲'16 U20縲'15 U23縲'16 U23,,
Koichi Matsuura,譚ｾ豬ｦ 蠎ｷ荳,CTB,NEC繧ｰ繝ｪ繝ｼ繝ｳ繝ｭ繧ｱ繝ヤ譚ｱ闡幢ｼ2025-26ｼ,183,90,1993.08.03,32,菴占ｳ蟾･讌ｭ鬮俶｡,譏取ｲｻ螟ｧ蟄ｦ,菴占ｳ蟾･讌ｭ鬮俶｡ 譏取ｲｻ螟ｧ蟄ｦ,A,28,https://league-one.jp/player/483560,,,,,
Masaki Obata,蟆丞ｹ｡ 蟆ｷｱ,CTB,NEC繧ｰ繝ｪ繝ｼ繝ｳ繝ｭ繧ｱ繝ヤ譚ｱ闡幢ｼ2025-26ｼ,181,91,1998.12.25,27,遏ｳ隕区匱鄙鬢ｨ鬮俶｡,譏取ｲｻ螟ｧ蟄ｦ,遏ｳ隕区匱鄙鬢ｨ鬮俶｡ 譏取ｲｻ螟ｧ蟄ｦ,A,17,https://league-one.jp/player/483561,,,,,
Teruya Goto,蠕瑚陸 霈昜ｹ,WTB,NEC繧ｰ繝ｪ繝ｼ繝ｳ繝ｭ繧ｱ繝ヤ譚ｱ闡幢ｼ2025-26ｼ,177,82,1991.12.18,34,譯るｫ俶｡,螻ｱ譴ｨ蟄ｦ髯｢螟ｧ蟄ｦ,譯るｫ俶｡ 螻ｱ譴ｨ蟄ｦ髯｢螟ｧ蟄ｦ,A,35,https://league-one.jp/player/483562,,,,,
Hiroyuki Miyajima,螳ｮ蟲ｶ 陬穂ｹ,WTB,NEC繧ｰ繝ｪ繝ｼ繝ｳ繝ｭ繧ｱ繝ヤ譚ｱ闡幢ｼ2025-26ｼ,182,85,1992.09.23,33,鬟ｯ逕ｰ鬮俶｡,蜷悟ｿ礼､ｾ螟ｧ蟄ｦ,鬟ｯ逕ｰ鬮俶｡ 蜷悟ｿ礼､ｾ螟ｧ蟄ｦ,A,25,https://league-one.jp/player/483563,,,,,
Yuma Sugimoto,譚画悽 謔鬥ｬ,WTB,NEC繧ｰ繝ｪ繝ｼ繝ｳ繝ｭ繧ｱ繝ヤ譚ｱ闡幢ｼ2025-26ｼ,178,86,1997.12.16,28,菴宣㍽譌･螟ｧ鬮俶｡,譌･譛ｬ螟ｧ蟄ｦ,菴宣㍽譌･螟ｧ鬮俶｡ 譌･譛ｬ螟ｧ蟄ｦ,A,20,https://league-one.jp/player/483564,,,,,
Keita Kobayasi,蟆乗棊 諱ｵ螟ｪ,HO,NEC繧ｰ繝ｪ繝ｼ繝ｳ繝ｭ繧ｱ繝ヤ譚ｱ闡幢ｼ2025-26ｼ,175,106,1999.08.04,26,螳ｮ蟠手･ｿ鬮俶｡,蟶昜ｺｬ螟ｧ蟄ｦ,螳ｮ蟠手･ｿ鬮俶｡ 蟶昜ｺｬ螟ｧ蟄ｦ,A,8,https://league-one.jp/player/483565,,,,,
Ren Osawa,螟ｧ貔､ 闢ｮ,HO,NEC繧ｰ繝ｪ繝ｼ繝ｳ繝ｭ繧ｱ繝ヤ譚ｱ闡幢ｼ2025-26ｼ,180,106,1999.10.04,26,髟ｷ蟠主漉螻ｱ鬮俶｡,豕墓帆螟ｧ蟄ｦ,髟ｷ蟠主漉螻ｱ鬮俶｡ 豕墓帆螟ｧ蟄ｦ,A,25,https://league-one.jp/player/483566,,,,,
Christian Laui,繧ｯ繝ｪ繧ｹ繝√Ε繝ｳ 繝ｻ繝ｩ繧ｦ繧､,CTB,NEC繧ｰ繝ｪ繝ｼ繝ｳ繝ｭ繧ｱ繝ヤ譚ｱ闡幢ｼ2025-26ｼ,180,105,1998.09.08,27,譌･菴灘､ｧ譟城ｫ俶｡,譌･譛ｬ菴楢ご螟ｧ蟄ｦ,譌･菴灘､ｧ譟城ｫ俶｡ 譌･譛ｬ菴楢ご螟ｧ蟄ｦ,A,26,https://league-one.jp/player/483567,,,,,
Kanta Omata,蟆ｾ蜿 蟇帶ｱｰ,WTB,NEC繧ｰ繝ｪ繝ｼ繝ｳ繝ｭ繧ｱ繝ヤ譚ｱ闡幢ｼ2025-26ｼ,171,82,1994.11.02,31,蝨句ｭｸ髯｢譬惠鬮俶｡,譏取ｲｻ螟ｧ蟄ｦ,蝨句ｭｸ髯｢譬惠鬮俶｡ 譏取ｲｻ螟ｧ蟄ｦ,A,47,https://league-one.jp/player/483568,,,,,
Nick Phipps,繝九ャ繧ｯ 繝ｻ繝輔ぅ繝繧ｹ,SH,NEC繧ｰ繝ｪ繝ｼ繝ｳ繝ｭ繧ｱ繝ヤ譚ｱ闡幢ｼ2025-26ｼ,180,88,1989.01.09,36,The鬮俶｡,Kings螟ｧ蟄ｦ,"The Kings School, Parramatta SydneyUniversity",C,33,https://league-one.jp/player/483569,,,,,
Ryosei Takai,鬮倅ｺ 濶ｯ謌,CTB,NEC繧ｰ繝ｪ繝ｼ繝ｳ繝ｭ繧ｱ繝ヤ譚ｱ闡幢ｼ2025-26ｼ,177,82,2001.12.09,24,髢｢隘ｿ螟ｧ蟄ｦ蛹鈴區鬮俶｡,莠ｬ驛ｽ逕｣讌ｭ螟ｧ蟄ｦ,髢｢隘ｿ螟ｧ蟄ｦ蛹鈴區鬮俶｡ 莠ｬ驛ｽ逕｣讌ｭ螟ｧ蟄ｦ,A,1,https://league-one.jp/player/485129,,,,,
Yuta Moriyama,譽ｮ螻ｱ 髮､ｪ,FL,NEC繧ｰ繝ｪ繝ｼ繝ｳ繝ｭ繧ｱ繝ヤ譚ｱ闡幢ｼ2025-26ｼ,182,100,2001.06.12,24,譚ｱ遖丞ｲ｡鬮俶｡,譏取ｲｻ螟ｧ蟄ｦ,譚ｱ遖丞ｲ｡鬮俶｡ 譏取ｲｻ螟ｧ蟄ｦ,A,2,https://league-one.jp/player/485130,,,,,
Brendon Nell,繝悶Ξ繝ｳ繝峨Φ 繝ｻ繝阪Ν,LO,NEC繧ｰ繝ｪ繝ｼ繝ｳ繝ｭ繧ｱ繝ヤ譚ｱ闡幢ｼ2025-26ｼ,196,117,2000.08.01,25,Werda鬮俶｡,Highschool螟ｧ蟄ｦ,Werda Highschool 豬夂ｵ梧ｸ亥､ｧ蟄ｦ,A,3,https://league-one.jp/player/485131,,,,,
Manaaki Selby-Rickit,繝槭リ繧｢繧ｭ 繝ｻ繧ｻ繝ｫ繝薙ｼ繝ｪ繧ｭ繝ヨ,LO,豬ｦ螳吋-Rocksｼ2025-26ｼ,200,112,1996.06.05,29,DeLaSalleCollege鬮俶｡,,DeLaSalleCollege,B,2,https://league-one.jp/player/483474,,,,,
Tamati Ioane,繧ｿ繝槭ユ繧｣ 繝ｻ繧､繧ｪ繧｢繝,,豬ｦ螳吋-Rocksｼ2025-26ｼ,186,120,1997.04.26,28,DeLaSalleCollege鬮俶｡,,DeLaSalleCollege,B,21,https://league-one.jp/player/483475,,,,,
Genki Sudou,鬆郁陸 蜈ｨｹ,PR,豬ｦ螳吋-Rocksｼ2025-26ｼ,173,110,1994.01.28,31,蝗ｽ蟄ｦ髯｢荵⒧螻ｱ鬮俶｡,譏取ｲｻ螟ｧ蟄ｦ,蝗ｽ蟄ｦ髯｢荵⒧螻ｱ鬮俶｡ 譏取ｲｻ螟ｧ蟄ｦ,A,24,https://league-one.jp/player/483476,,,譌･譛ｬ莉｣陦ｨ2CAP,,
Ryohei Yamanaka,螻ｱ荳ｭ 莠ｮ蟷ｳ,FB,豬ｦ螳吋-Rocksｼ2025-26ｼ,188,96,1988.06.22,37,譚ｱ豬ｷ螟ｧ莉ｰ譏滄ｫ俶｡,譌ｩ遞ｲ逕ｰ螟ｧ蟄ｦ,譚ｱ豬ｷ螟ｧ莉ｰ譏滄ｫ俶｡ 譌ｩ遞ｲ逕ｰ螟ｧ蟄ｦ,A,48,https://league-one.jp/player/483477,,,'07 U20縲∵律譛ｬ莉｣陦ｨ30CAP,,
Rusiate Finau,繝ｫ繧ｷ繧｢繝 繝ｻ繝輔ぅ繝翫え,,豬ｦ螳吋-Rocksｼ2025-26ｼ,188,115,2002.07.22,23,繝槭ャ繧ｻ繝ｼ鬮俶｡,譛晄律螟ｧ蟄ｦ,繝槭ャ繧ｻ繝ｼ鬮俶｡ 譛晄律螟ｧ蟄ｦ,B,0,https://league-one.jp/player/483478,,,,,
Halaholo Tokolahi,繝上Λ繝帙Ο 繝ｻ繝医さ繝ｩ繝,PR,豬ｦ螳吋-Rocksｼ2025-26ｼ,178,115,2001.04.20,24,逶ｮ鮟貞ｭｦ髯｢鬮俶｡,遖丞ｲ｡蟾･讌ｭ螟ｧ蟄ｦ,逶ｮ鮟貞ｭｦ髯｢鬮俶｡ 遖丞ｲ｡蟾･讌ｭ螟ｧ蟄ｦ,A,0,https://league-one.jp/player/483479,,,,,
Ryota Ohata,螟ｧ逡 莠ｮ螟ｪ,WTB,豬ｦ螳吋-Rocksｼ2025-26ｼ,174,77,2002.07.02,23,譚ｱ豬ｷ螟ｧ莉ｰ譏滄ｫ俶｡,遲第ｳ｢螟ｧ蟄ｦ,譚ｱ豬ｷ螟ｧ莉ｰ譏滄ｫ俶｡ 遲第ｳ｢螟ｧ蟄ｦ,A,0,https://league-one.jp/player/483480,,,,,
Soma Matsumoto,譚ｾ譛ｬ 螢ｮ鬥ｬ,CTB,豬ｦ螳吋-Rocksｼ2025-26ｼ,172,85,2002.10.20,23,遏ｳ隕区匱鄙鬢ｨ鬮俶｡,髢｢隘ｿ蟄ｦ髯｢螟ｧ蟄ｦ,遏ｳ隕区匱鄙鬢ｨ鬮俶｡ 髢｢隘ｿ蟄ｦ髯｢螟ｧ蟄ｦ,A,13,https://league-one.jp/player/483481,,,,,
Yuo Kim,驥 萓第ぁ,SO,豬ｦ螳吋-Rocksｼ2025-26ｼ,175,83,2002.08.19,23,螟ｧ髦ｪ譛晞ｮｮ鬮倡ｴ壼ｭｦ譬｡,豕墓帆螟ｧ蟄ｦ,螟ｧ髦ｪ譛晞ｮｮ鬮倡ｴ壼ｭｦ譬｡ 豕墓帆螟ｧ蟄ｦ,A,0,https://league-one.jp/player/483482,,,,,
Yuzuki Sasaki,菴舌⒧惠 譟壽ｨｹ,LO,豬ｦ螳吋-Rocksｼ2025-26ｼ,188,103,2003.02.19,22,蜈ｫ謌ｸ蟾･讌ｭ鬮俶｡,螟ｧ譚ｱ譁㍾喧螟ｧ蟄ｦ,蜈ｫ謌ｸ蟾･讌ｭ鬮俶｡ 螟ｧ譚ｱ譁㍾喧螟ｧ蟄ｦ,A,8,https://league-one.jp/player/483483,,,,,
Kaisei Umeda,譴⒨伐 豬ｷ譏,PR,豬ｦ螳吋-Rocksｼ2025-26ｼ,176,110,2002.06.01,23,遘狗伐蟾･讌ｭ鬮俶｡,蟶昜ｺｬ螟ｧ蟄ｦ,遘狗伐蟾･讌ｭ鬮俶｡ 蟶昜ｺｬ螟ｧ蟄ｦ,A,6,https://league-one.jp/player/483484,,,,,
Norifumi Hashimoto,讖区悽 豕募彰,SH,豬ｦ螳吋-Rocksｼ2025-26ｼ,164,70,1996.01.24,29,辭頑悽隘ｿ鬮俶｡,譚ｱ豬ｷ螟ｧ蟄ｦ,辭頑悽隘ｿ鬮俶｡ 譚ｱ豬ｷ螟ｧ蟄ｦ,A,36,https://league-one.jp/player/483485,,,,,
Zephaniah Tuinona,繧ｼ繝輔ぃ繝九い 繝ｻ繝医ぇ繧､繝弱リ,LO,豬ｦ螳吋-Rocksｼ2025-26ｼ,198,112,2001.05.11,24,繝悶Μ繧ｹ繝吶Φ鬮俶｡,,繝悶Μ繧ｹ繝吶Φ鬮俶｡,A,23,https://league-one.jp/player/483486,,,,,
Jasper Wiese,繝､繧ｹ繝代ｼ 繝ｻ繝ｴ繧｣繝ｼ繧ｻ,,豬ｦ螳吋-Rocksｼ2025-26ｼ,190,120,1995.10.21,30,繧ｦ繧ｧ繝ｫ繧ｹ繧ｯ繝ｼ繝ｫ繧｢繝ヴ繝ｳ繝医Φ鬮俶｡,繝け繝弱Ο繧ｸ繝ｼ荳ｭ螟ｮ螟ｧ蟄ｦ,繧ｦ繧ｧ繝ｫ繧ｹ繧ｯ繝ｼ繝ｫ繧｢繝ヴ繝ｳ繝医Φ 繝け繝弱Ο繧ｸ繝ｼ荳ｭ螟ｮ螟ｧ蟄ｦ,C,12,https://league-one.jp/player/483487,,,,,
Uwe Helu,繝倥Ν 繧ｦ繝ｴ繧ｧ,LO,豬ｦ螳吋-Rocksｼ2025-26ｼ,193,120,1990.07.12,35,繧ｻ繝ｳ繝医ヨ繝ｼ繝槭せ繧ｫ繝ｳ繧ｿ繝吶Μ繝ｼ鬮俶｡,諡捺ｮ門､ｧ蟄ｦ,繧ｻ繝ｳ繝医ヨ繝ｼ繝槭せ繧ｫ繝ｳ繧ｿ繝吶Μ繝ｼ鬮俶｡ 諡捺ｮ門､ｧ蟄ｦ,A,42,https://league-one.jp/player/483488,,,譌･譛ｬ莉｣陦ｨ19CAP,,
Tana Tuhakaraina,繧ｿ繝 繝ｻ繝医ぇ繝上き繝ｩ繧､繝,CTB,豬ｦ螳吋-Rocksｼ2025-26ｼ,184,96,1997.07.08,28,繝槭ち繝槭ち繧ｫ繝ｬ繝ず,,繝槭ち繝槭ち繧ｫ繝ｬ繝ず,B,9,https://league-one.jp/player/483489,,,,,
Luteru Laulala,繝ｫ繝Ν 繝ｻ繝ｩ繧ｦ繝ｩ繝ｩ,UTB,豬ｦ螳吋-Rocksｼ2025-26ｼ,183,95,1995.05.30,30,繧ｦ繧ｧ繧ｹ繝ｪ繝ｼ繧ｫ繝ｬ繝ず,繧ｪ繝ｼ繧ｯ繝ｩ繝ｳ繝牙ｷ･遘大､ｧ蟄ｦ,繧ｦ繧ｧ繧ｹ繝ｪ繝ｼ繧ｫ繝ｬ繝ず 繧ｪ繝ｼ繧ｯ繝ｩ繝ｳ繝牙ｷ･遘大､ｧ蟄ｦ,A,14,https://league-one.jp/player/483490,,,,,
Hendrik Tui,繝う 繝倥Φ繝峨Μ繝け,FL,豬ｦ螳吋-Rocksｼ2025-26ｼ,188,112,1987.12.13,38,繝Λ繧ｻ繝ｩ鬮俶｡,蟶昜ｺｬ螟ｧ蟄ｦ,繝Λ繧ｻ繝ｩ鬮俶｡ 蟶昜ｺｬ螟ｧ蟄ｦ,A,48,https://league-one.jp/player/483491,,,,,
Caleb Cavubati,繧ｱ繝ｬ繝 繝ｻ繧ｫ繝ｴ繝舌ユ繧｣,WTB,豬ｦ螳吋-Rocksｼ2025-26ｼ,175,91,2000.11.12,25,螻ｱ譴ｨ蟄ｦ髯｢螟ｧ蟄ｦ鬮俶｡,,螻ｱ譴ｨ蟄ｦ髯｢螟ｧ蟄ｦ,A,14,https://league-one.jp/player/483492,,,,,
Taisei Konishi,蟆剰･ｿ 豕ｰ閨,SH,豬ｦ螳吋-Rocksｼ2025-26ｼ,166,72,2000.09.01,25,譯占発蟄ｦ蝨帝ｫ俶｡,譌ｩ遞ｲ逕ｰ螟ｧ蟄ｦ,譯占発蟄ｦ蝨帝ｫ俶｡ 譌ｩ遞ｲ逕ｰ螟ｧ蟄ｦ,A,16,https://league-one.jp/player/483493,,,'18 鬮俶｡,,
Shin Takeuchi,豁ｦ蜀 諷,LO,豬ｦ螳吋-Rocksｼ2025-26ｼ,191,110,2000.08.07,25,遏ｳ隕区匱鄙鬢ｨ鬮俶｡,譏取ｲｻ螟ｧ蟄ｦ,遏ｳ隕区匱鄙鬢ｨ鬮俶｡ 譏取ｲｻ螟ｧ蟄ｦ,A,16,https://league-one.jp/player/483494,,,'18 鬮俶｡縲'19 U20,,
Hidetomo Nabeshima,骰句ｳｶ 遘貅,PR,豬ｦ螳吋-Rocksｼ2025-26ｼ,176,115,2000.12.29,25,霈晉ｿ秘､ｨ鬮俶｡,遖丞ｲ｡蟾･讌ｭ螟ｧ蟄ｦ,霈晉ｿ秘､ｨ鬮俶｡ 遖丞ｲ｡蟾･讌ｭ螟ｧ蟄ｦ,A,29,https://league-one.jp/player/483495,,,,,
Siosifa Lisala,繝ｪ繧ｵ繝ｩ 繧ｷ繧ｪ繧ｷ繝輔ぃ,CTB,豬ｦ螳吋-Rocksｼ2025-26ｼ,180,103,1994.02.02,31,繝医Φ繧ｬ繧ｫ繝ｬ繝ず,闃ｱ蝨貞､ｧ蟄ｦ,繝医Φ繧ｬ繧ｫ繝ｬ繝ず 闃ｱ蝨貞､ｧ蟄ｦ,A,20,https://league-one.jp/player/483496,,,,,
Samisoni Tua,繧ｵ繝溘た繝 繝ｻ繝医ぇ繧｢,CTB,豬ｦ螳吋-Rocksｼ2025-26ｼ,182,108,1995.05.24,30,繝医Φ繧ｬ繧ｫ繝ｬ繝ず,鞫ょ漉螟ｧ蟄ｦ,繝医Φ繧ｬ繧ｫ繝ｬ繝ず 鞫ょ漉螟ｧ蟄ｦ,A,22,https://league-one.jp/player/483497,,,譌･譛ｬ莉｣陦ｨ3CAP,,
Tetta Shigematsu,郢∵收 蜩ｲ螟ｧ,FL,豬ｦ螳吋-Rocksｼ2025-26ｼ,178,94,1999.01.06,27,譛ｭ蟷悟ｱｱ縺ｮ謇矩ｫ俶｡,譏取ｲｻ螟ｧ蟄ｦ,譛ｭ蟷悟ｱｱ縺ｮ謇矩ｫ俶｡ 譏取ｲｻ螟ｧ蟄ｦ,A,31,https://league-one.jp/player/483498,,,,,
Yuta Kojima,蟆丞ｳｶ 菴大､ｪ,LO,豬ｦ螳吋-Rocksｼ2025-26ｼ,188,110,1996.11.08,29,豢帛圏鬮俶｡,遶句多鬢ｨ螟ｧ蟄ｦ,豢帛圏鬮俶｡ 遶句多鬢ｨ螟ｧ蟄ｦ,A,23,https://league-one.jp/player/483499,,,,,
Samisoni Asaeli,繧ｵ繝溘た繝 繝ｻ繧｢繧ｵ繧ｨ繝ｪ,HO,豬ｦ螳吋-Rocksｼ2025-26ｼ,180,108,1998.04.06,27,逶ｮ鮟貞ｭｦ髯｢鬮俶｡,譌･譛ｬ螟ｧ蟄ｦ,逶ｮ鮟貞ｭｦ髯｢鬮俶｡ 譌･譛ｬ螟ｧ蟄ｦ,A,5,https://league-one.jp/player/483500,,,,,
Ryom Kim,驥 蟒,PR,豬ｦ螳吋-Rocksｼ2025-26ｼ,182,115,1996.04.01,29,螟ｧ髦ｪ譛晞ｮｮ鬮俶｡,蟶昜ｺｬ螟ｧ蟄ｦ,螟ｧ髦ｪ譛晞ｮｮ鬮俶｡ 蟶昜ｺｬ螟ｧ蟄ｦ,A,48,https://league-one.jp/player/483501,,,,,
Jung Soo Yang,譴 豁｣遘,PR,豬ｦ螳吋-Rocksｼ2025-26ｼ,182,110,1999.07.13,26,遏ｳ隕区匱鄙鬢ｨ鬮俶｡,螟ｧ髦ｪ菴楢ご螟ｧ蟄ｦ,遏ｳ隕区匱鄙鬢ｨ鬮俶｡ 螟ｧ髦ｪ菴楢ご螟ｧ蟄ｦ,A,16,https://league-one.jp/player/483502,,,,,
Junya Matsumoto,譚ｾ譛ｬ 邏泌ｼ･,WTB,豬ｦ螳吋-Rocksｼ2025-26ｼ,171,82,2000.03.17,25,菴占ｳ蟾･讌ｭ鬮俶｡,譏取ｲｻ螟ｧ蟄ｦ,菴占ｳ蟾･讌ｭ鬮俶｡ 譏取ｲｻ螟ｧ蟄ｦ,A,4,https://league-one.jp/player/483503,,,,,
Ren Iinuma,鬟ｯ豐ｼ 闢ｮ,SH,豬ｦ螳吋-Rocksｼ2025-26ｼ,170,75,2000.02.08,25,譌･蟾晞ｫ俶｡,譏取ｲｻ螟ｧ蟄ｦ,譌･蟾晞ｫ俶｡ 譏取ｲｻ螟ｧ蟄ｦ,A,56,https://league-one.jp/player/483504,,,'17 鬮俶｡,,
Taiga Ishida,遏ｳ逕ｰ 螟ｧ豐ｳ,FB,豬ｦ螳吋-Rocksｼ2025-26ｼ,176,83,1997.10.01,28,荵晏ｷ槫ｭｦ髯｢鬮俶｡,譌･譛ｬ菴楢ご螟ｧ蟄ｦ,荵晏ｷ槫ｭｦ髯｢鬮俶｡ 譌･譛ｬ菴楢ご螟ｧ蟄ｦ,A,2,https://league-one.jp/player/483505,,,,,
Takuhei Yasuda,螳臥伐 蜊灘ｹｳ,FB,豬ｦ螳吋-Rocksｼ2025-26ｼ,177,80,1996.05.20,29,蜷悟ｿ礼､ｾ鬮俶｡,蜷悟ｿ礼､ｾ螟ｧ蟄ｦ,蜷悟ｿ礼､ｾ鬮俶｡ 蜷悟ｿ礼､ｾ螟ｧ蟄ｦ,A,58,https://league-one.jp/player/483506,,,'16 U20縲'16 U23縲'17 U23縲∵律譛ｬ莉｣陦ｨ2CAP,,
Israel Folau,繧､繧ｺ繝ｩ繧ｨ繝ｫ 繝ｻ繝輔か繝ｩ繧ｦ,FB,豬ｦ螳吋-Rocksｼ2025-26ｼ,194,103,1989.04.03,36,繝槭ｼ繧ｹ繝Φ蟾樒ｫ矩ｫ俶｡,,繝槭ｼ繧ｹ繝Φ蟾樒ｫ矩ｫ俶｡,C,32,https://league-one.jp/player/483507,,,,,
Kai Ishii,遏ｳ莠 鬲,WTB,豬ｦ螳吋-Rocksｼ2025-26ｼ,179,85,1993.08.04,32,菫晏埋鬮俶｡,譚ｱ豬ｷ螟ｧ蟄ｦ,菫晏埋鬮俶｡ 譚ｱ豬ｷ螟ｧ蟄ｦ,A,46,https://league-one.jp/player/483508,,,,,
Shane Gates,繧ｷ繧ｧ繝ｼ繝ｳ 繝ｻ繧ｲ繧､繝,CTB,豬ｦ螳吋-Rocksｼ2025-26ｼ,183,95,1992.09.27,33,繝溘Η繝ｼ繧｢繧ｫ繝ｬ繝ず繝懊ｼ繧､繧ｺ鬮俶｡,,繝溘Η繝ｼ繧｢繧ｫ繝ｬ繝ず繝懊ｼ繧､繧ｺ鬮俶｡,A,50,https://league-one.jp/player/483509,,,譌･譛ｬ莉｣陦ｨ4CAP,,
Otere Black,繧ｪ繝Ξ 繝ｻ繝悶Λ繝け,SO,豬ｦ螳吋-Rocksｼ2025-26ｼ,185,86,1995.05.04,30,繝上ｼ繝医ヱ繝ｩ繧ｪ繧ｫ繝ｬ繝ず,,繝上ｼ繝医ヱ繝ｩ繧ｪ繧ｫ繝ｬ繝ず,A,50,https://league-one.jp/player/483510,,,,,
Shokei Kin,驥 豁｣螂,HO,豬ｦ螳吋-Rocksｼ2025-26ｼ,177,95,1991.10.03,34,蟶ｸ鄙泌蕪蜈牙ｭｦ蝨帝ｫ俶｡,譌ｩ遞ｲ逕ｰ螟ｧ蟄ｦ,蟶ｸ鄙泌蕪蜈牙ｭｦ蝨帝ｫ俶｡ 譌ｩ遞ｲ逕ｰ螟ｧ蟄ｦ,A,33,https://league-one.jp/player/483511,,,'09 鬮俶｡縲'10 U20縲'11 U20縲'16 U23縲∵律譛ｬ莉｣陦ｨ7CAP,,
Daiki Sato,菴占陸 螟ｧ讓ｹ,LO,豬ｦ螳吋-Rocksｼ2025-26ｼ,190,106,1995.04.15,30,譯占発蟄ｦ蝨帝ｫ俶｡,諷ｶ諛臥ｾｩ蝪ｾ螟ｧ蟄ｦ,譯占発蟄ｦ蝨帝ｫ俶｡ 諷ｶ諛臥ｾｩ蝪ｾ螟ｧ蟄ｦ,A,2,https://league-one.jp/player/483512,,,'13 鬮俶｡,,
Ryong Ji Kim,驥 蠍ｺ蠢,LO,豬ｦ螳吋-Rocksｼ2025-26ｼ,192,107,1994.08.26,31,譚ｱ莠ｬ譛晞ｮｮ荳ｭ鬮倡ｴ壼ｭｦ譬｡,蟶昜ｺｬ螟ｧ蟄ｦ,譚ｱ莠ｬ譛晞ｮｮ荳ｭ鬮倡ｴ壼ｭｦ譬｡ 蟶昜ｺｬ螟ｧ蟄ｦ,A,23,https://league-one.jp/player/483513,,,,,
Shotaro Hirai,蟷ｳ莠 蟆､ｪ驛,PR,豬ｦ螳吋-Rocksｼ2025-26ｼ,185,122,1995.04.03,30,髟ｷ蟠主漉螻ｱ鬮俶｡,蟶昜ｺｬ螟ｧ蟄ｦ,髟ｷ蟠主漉螻ｱ鬮俶｡ 蟶昜ｺｬ螟ｧ蟄ｦ,A,3,https://league-one.jp/player/483514,,,,,
Ryuji Fujimura,阯､譚 逅牙｣ｫ,HO,豬ｦ螳吋-Rocksｼ2025-26ｼ,174,102,1998.10.03,27,莠ｬ驛ｽ謌千ｫ鬮俶｡,譌･譛ｬ螟ｧ蟄ｦ,莠ｬ驛ｽ謌千ｫ鬮俶｡ 譌･譛ｬ螟ｧ蟄ｦ,A,41,https://league-one.jp/player/483515,,,,,
Sekonaia Pole,繧ｻ繧ｳ繝翫う繧｢ 繝ｻ繝昴Ξ,PR,豬ｦ螳吋-Rocksｼ2025-26ｼ,181,112,1995.04.02,30,OtagoBoysH.S.鬮俶｡,Wesleycollege螟ｧ蟄ｦ,OtagoBoysH.S. Wesleycollege,A,26,https://league-one.jp/player/483516,,,,,
Hikaru Tamura,逕ｰ譚 辣,SO,豬ｦ螳吋-Rocksｼ2025-26ｼ,175,89,1993.09.12,32,蝨句ｭｸ髯｢譬惠鬮俶｡,譏取ｲｻ螟ｧ蟄ｦ,蝨句ｭｸ髯｢譬惠鬮俶｡ 譏取ｲｻ螟ｧ蟄ｦ,A,50,https://league-one.jp/player/483517,,,,,
Gakuto Ishida,遏ｳ逕ｰ 讌ｽ莠ｺ,PR,豬ｦ螳吋-Rocksｼ2025-26ｼ,181,113,1998.01.09,27,譯占発蟄ｦ蝨帝ｫ俶｡,蟆ゆｿｮ螟ｧ蟄ｦ,譯占発蟄ｦ蝨帝ｫ俶｡ 蟆ゆｿｮ螟ｧ蟄ｦ,A,34,https://league-one.jp/player/483518,,,'18 U20縲'18 U23,,
Samu Kerevi,繧ｵ繝 繝ｻ繧ｱ繝ｬ繝,CTB,豬ｦ螳吋-Rocksｼ2025-26ｼ,186,106,1993.09.27,32,繝悶Μ繧ｹ繝吶Φ蟾樒ｫ矩ｫ俶｡,繧ｯ繧､繝ｼ繝ｳ繧ｺ繝ｩ繝ｳ繝牙ｷ･遘大､ｧ蟄ｦ,繝悶Μ繧ｹ繝吶Φ蟾樒ｫ矩ｫ俶｡ 繧ｯ繧､繝ｼ繝ｳ繧ｺ繝ｩ繝ｳ繝牙ｷ･遘大､ｧ蟄ｦ,C,45,https://league-one.jp/player/483519,,,,,
Brody Macaskill,繝悶Ο繝ぅ 繝ｻ繝槭き繧ｹ繧ｱ繝ｫ,,豬ｦ螳吋-Rocksｼ2025-26ｼ,190,111,1999.10.27,26,繧｢繝ｩ繝ｳ繝｢繧｢繧ｫ繝医Μ繝け繧ｫ繝ｬ繝ず,,繧｢繝ｩ繝ｳ繝｢繧｢繧ｫ繝医Μ繝け繧ｫ繝ｬ繝ず,A,22,https://league-one.jp/player/483520,,,,,
Junichiro Matsushita,譚ｾ荳 貎､荳驛,HO,豬ｦ螳吋-Rocksｼ2025-26ｼ,173,99,2001.07.16,24,遲醍ｴｫ鬮俶｡,譏取ｲｻ螟ｧ蟄ｦ,遲醍ｴｫ鬮俶｡ 譏取ｲｻ螟ｧ蟄ｦ,A,12,https://league-one.jp/player/483521,,,,,
Kentaro Nanimatsu,菴墓收 蛛･螟ｪ驛,CTB,豬ｦ螳吋-Rocksｼ2025-26ｼ,177,85,2001.08.17,24,譚ｱ豬ｷ螟ｧ莉ｰ譏滄ｫ俶｡,譚ｱ豬ｷ螟ｧ蟄ｦ,譚ｱ豬ｷ螟ｧ莉ｰ譏滄ｫ俶｡ 譚ｱ豬ｷ螟ｧ蟄ｦ,A,2,https://league-one.jp/player/483522,,,,,
Shunta Mori,譽ｮ 鬧ｿ螟ｪ,SO,豬ｦ螳吋-Rocksｼ2025-26ｼ,172,85,2001.09.25,24,譚ｱ遖丞ｲ｡鬮俶｡,遶句多鬢ｨ螟ｧ蟄ｦ,譚ｱ遖丞ｲ｡鬮俶｡ 遶句多鬢ｨ螟ｧ蟄ｦ,A,0,https://league-one.jp/player/483523,,,,,
Jinichiro Tamanaga,邇画ｰｸ 莉∽ｸ驛,PR,豬ｦ螳吋-Rocksｼ2025-26ｼ,176,114,2001.10.30,24,蟶ｸ鄙泌ｭｦ蝨帝ｫ俶｡,豬夂ｵ梧ｸ亥､ｧ蟄ｦ,蟶ｸ鄙泌ｭｦ蝨帝ｫ俶｡ 豬夂ｵ梧ｸ亥､ｧ蟄ｦ,A,0,https://league-one.jp/player/483524,,,,,
Takuya Shirae,逋ｽ譬 諡謎ｹ,SH,豬ｦ螳吋-Rocksｼ2025-26ｼ,164,68,2001.06.14,24,鬮倬豪鬮俶｡,遲第ｳ｢螟ｧ蟄ｦ,鬮倬豪鬮俶｡ 遲第ｳ｢螟ｧ蟄ｦ,A,3,https://league-one.jp/player/483525,,,,,
Daishi Kojima,蟆丞ｶ 螟ｧ螢ｫ,,豬ｦ螳吋-Rocksｼ2025-26ｼ,185,105,2001.06.26,24,譌･蟾晞ｫ俶｡,螻ｱ譴ｨ蟄ｦ髯｢螟ｧ蟄ｦ,譌･蟾晞ｫ俶｡ 螻ｱ譴ｨ蟄ｦ髯｢螟ｧ蟄ｦ,A,6,https://league-one.jp/player/483526,,,,,
Steven Cummins,繧ｹ繝ぅ繝ｼ繝悶Φ 繝ｻ繧ｫ繝溘Φ繧ｺ,LO,豬ｦ螳吋-Rocksｼ2025-26ｼ,202,117,1992.03.29,33,繝偵Ν繧ｺ鬮俶｡,繧ｹ繝昴ｼ繝ｫ俶｡螟ｧ蟄ｦ,繝偵Ν繧ｺ 繧ｹ繝昴ｼ繝ｫ俶｡ 繧ｹ繧ｦ繧｣繝ｳ繝舌ｼ繝ｳ蟾･遘大､ｧ蟄ｦ,B,1,https://league-one.jp/player/485710,,,,,
Mac Harris,繝上Μ繧ｹ 繝槭ャ繧ｯ,CTB,繧ｳ繝吶Ν繧ｳ逾樊虻繧ｹ繝ぅ繝ｼ繝ｩ繝ｼ繧ｺｼ2025-26ｼ,180,100,2002.05.22,23,繝阪Ν繧ｽ繝ｳ繧ｫ繝ｬ繝ず,繧ｪ繧ｿ繧ｴ螟ｧ蟄ｦ,繝阪Ν繧ｽ繝ｳ繧ｫ繝ｬ繝ず 繧ｪ繧ｿ繧ｴ螟ｧ蟄ｦ,A,0,https://league-one.jp/player/483927,,,,,
Neil Hansen,繝九ｼ繝ｫ 繝ｻ繝上Φ繧ｻ繝ｳ,LO,繧ｳ繝吶Ν繧ｳ逾樊虻繧ｹ繝ぅ繝ｼ繝ｩ繝ｼ繧ｺｼ2025-26ｼ,197,112,2005.08.18,20,繝代ｼ繝ｫ繝懊ｼ繧､繧ｺ鬮俶｡,,繝代ｼ繝ｫ繝懊ｼ繧､繧ｺ鬮俶｡,B,0,https://league-one.jp/player/483928,,,,,
Ash Dixon,繧｢繝す繝･ 繝ｻ繝ぅ繧ｯ繧ｽ繝ｳ,HO,繧ｳ繝吶Ν繧ｳ逾樊虻繧ｹ繝ぅ繝ｼ繝ｩ繝ｼ繧ｺｼ2025-26ｼ,179,103,1988.09.01,37,繧ｯ繝ｩ繧､繧ｹ繝医メ繝｣繝ｼ繝√繝ｼ繧､繧ｹ鬮俶｡,,繧ｯ繝ｩ繧､繧ｹ繝医メ繝｣繝ｼ繝√繝ｼ繧､繧ｹ鬮俶｡,A,49,https://league-one.jp/player/483929,,,,,
Sione Sime Mau,繧ｷ繧ｪ繝 繝ｻ繧ｷ繝｡繝ｻ繝槭え,HO,繧ｳ繝吶Ν繧ｳ逾樊虻繧ｹ繝ぅ繝ｼ繝ｩ繝ｼ繧ｺｼ2025-26ｼ,180,115,2002.04.10,23,鬮倡衍荳ｭ螟ｮ鬮俶｡,螟ｧ髦ｪ菴楢ご螟ｧ蟄ｦ,鬮倡衍荳ｭ螟ｮ鬮俶｡ 螟ｧ髦ｪ菴楢ご螟ｧ蟄ｦ,A,1,https://league-one.jp/player/483930,,,,,
Solomone Funaki,繧ｽ繝ｭ繝｢繝 繝ｻ繝輔リ繧ｭ,FL,繧ｳ繝吶Ν繧ｳ逾樊虻繧ｹ繝ぅ繝ｼ繝ｩ繝ｼ繧ｺｼ2025-26ｼ,186,108,2002.04.12,23,逶ｮ鮟貞ｭｦ髯｢鬮俶｡,莠ｬ驛ｽ逕｣讌ｭ螟ｧ蟄ｦ,逶ｮ鮟貞ｭｦ髯｢鬮俶｡ 莠ｬ驛ｽ逕｣讌ｭ螟ｧ蟄ｦ,A,15,https://league-one.jp/player/483931,,,,,
Hayata Tsujino,霎ｻ驥 髫ｼ螟ｧ,UTB,繧ｳ繝吶Ν繧ｳ逾樊虻繧ｹ繝ぅ繝ｼ繝ｩ繝ｼ繧ｺｼ2025-26ｼ,178,88,2002.12.25,23,莠ｬ驛ｽ謌千ｫ鬮俶｡,莠ｬ驛ｽ逕｣讌ｭ螟ｧ蟄ｦ,莠ｬ驛ｽ謌千ｫ鬮俶｡ 莠ｬ驛ｽ逕｣讌ｭ螟ｧ蟄ｦ,A,3,https://league-one.jp/player/483932,,,,,
Kazuma Ueda,讀咲伐 蜥檎｣ｨ,WTB,繧ｳ繝吶Ν繧ｳ逾樊虻繧ｹ繝ぅ繝ｼ繝ｩ繝ｼ繧ｺｼ2025-26ｼ,177,86,2002.12.04,23,蝣ｱ蠕ｳ蟄ｦ蝨帝ｫ俶｡,霑醍柄螟ｧ蟄ｦ,蝣ｱ蠕ｳ蟄ｦ蝨帝ｫ俶｡ 霑醍柄螟ｧ蟄ｦ,A,10,https://league-one.jp/player/483933,,,'25 XV縲∵律譛ｬ莉｣陦ｨ2CAP,,
Itsuki Kamimura,荳頑搗 讓ｹ霈,SH,繧ｳ繝吶Ν繧ｳ逾樊虻繧ｹ繝ぅ繝ｼ繝ｩ繝ｼ繧ｺｼ2025-26ｼ,168,72,2002.12.13,23,莠ｬ驛ｽ蟾･蟄ｦ髯｢鬮俶｡,蟶昜ｺｬ螟ｧ蟄ｦ,莠ｬ驛ｽ蟾･蟄ｦ髯｢鬮俶｡ 蟶昜ｺｬ螟ｧ蟄ｦ,A,11,https://league-one.jp/player/483934,,,,,
Takuma Motohashi,譛ｬ讖 諡馴ｦｬ,LO,繧ｳ繝吶Ν繧ｳ逾樊虻繧ｹ繝ぅ繝ｼ繝ｩ繝ｼ繧ｺｼ2025-26ｼ,193,117,2002.04.30,23,莠ｬ驛ｽ謌千ｫ鬮俶｡,蟶昜ｺｬ螟ｧ蟄ｦ,莠ｬ驛ｽ謌千ｫ鬮俶｡ 蟶昜ｺｬ螟ｧ蟄ｦ,A,3,https://league-one.jp/player/483935,,,,,
Keita Miyauchi,螳ｮ蜀 諷ｶ螟ｧ,HO,繧ｳ繝吶Ν繧ｳ逾樊虻繧ｹ繝ぅ繝ｼ繝ｩ繝ｼ繧ｺｼ2025-26ｼ,175,103,2002.09.26,23,譚ｱ遖丞ｲ｡鬮俶｡,髢｢隘ｿ螟ｧ蟄ｦ,譚ｱ遖丞ｲ｡鬮俶｡ 髢｢隘ｿ螟ｧ蟄ｦ,A,0,https://league-one.jp/player/483936,,,,,
Kauvaka Kaivelata,繧ｫ繧ｦ繝ｴ繧｡繧ｫ 繝ｻ繧ｫ繧､繝ｴ繧ｧ繝ｩ繧ｿ,PR,繧ｳ繝吶Ν繧ｳ逾樊虻繧ｹ繝ぅ繝ｼ繝ｩ繝ｼ繧ｺｼ2025-26ｼ,187,124,2002.07.11,23,繧ｦ繧ｧ繧ｹ繝ｪ繝ｼ繧ｫ繝ｬ繝ず,,繧ｦ繧ｧ繧ｹ繝ｪ繝ｼ繧ｫ繝ｬ繝ず,B,14,https://league-one.jp/player/483937,,,,,
Tali Ioasa,繧ｿ繝ｪ 繝ｻ繧､繧ｪ繧｢繧ｵ,CTB,繧ｳ繝吶Ν繧ｳ逾樊虻繧ｹ繝ぅ繝ｼ繝ｩ繝ｼ繧ｺｼ2025-26ｼ,193,105,2005.01.25,20,繝倥う繧ｹ繝ぅ繝ｳ繧ｰ繧ｹ繝懊ｼ繧､繧ｺ鬮俶｡,,繝倥う繧ｹ繝ぅ繝ｳ繧ｰ繧ｹ繝懊ｼ繧､繧ｺ鬮俶｡,B,3,https://league-one.jp/player/483938,,,,,
Talilotu Fakatulolo,繧ｿ繝ｪ繝ｭ繝医ぇ 繝ｻ繝輔ぃ繧ｫ繝医ぇ繝ｭ繝ｭ,CTB,繧ｳ繝吶Ν繧ｳ逾樊虻繧ｹ繝ぅ繝ｼ繝ｩ繝ｼ繧ｺｼ2025-26ｼ,184,95,2001.05.20,24,繝医Φ繧ｬ繧ｫ繝ｬ繝ず,闃ｱ蝨貞､ｧ蟄ｦ,繝医Φ繧ｬ繧ｫ繝ｬ繝ず 闃ｱ蝨貞､ｧ蟄ｦ,A,3,https://league-one.jp/player/483939,,,,,
Inoke Burua,繧､繝弱こ 繝ｻ繝悶Ν繧｢,WTB,繧ｳ繝吶Ν繧ｳ逾樊虻繧ｹ繝ぅ繝ｼ繝ｩ繝ｼ繧ｺｼ2025-26ｼ,178,100,1999.05.30,26,繧ｹ繝ｴ繧｡繧ｰ繝ｩ繝槭ｼ鬮俶｡,豬夂ｵ梧ｸ亥､ｧ蟄ｦ,繧ｹ繝ｴ繧｡繧ｰ繝ｩ繝槭ｼ鬮俶｡ 豬夂ｵ梧ｸ亥､ｧ蟄ｦ,A,43,https://league-one.jp/player/483940,,,,,
Sosefo Fakatava,繧ｽ繧ｻ繝輔か 繝ｻ繝輔ぃ繧ｫ繧ｿ繝ｴ繧｡,FL,繧ｳ繝吶Ν繧ｳ逾樊虻繧ｹ繝ぅ繝ｼ繝ｩ繝ｼ繧ｺｼ2025-26ｼ,188,109,1997.10.25,28,逶ｮ鮟貞ｭｦ髯｢鬮俶｡,遖丞ｲ｡蟾･讌ｭ螟ｧ蟄ｦ,逶ｮ鮟貞ｭｦ髯｢鬮俶｡ 遖丞ｲ｡蟾･讌ｭ螟ｧ蟄ｦ,A,11,https://league-one.jp/player/483941,,,,,
Tiennan Costley,繝ぅ繧ｨ繝翫Φ 繝ｻ繧ｳ繧ｹ繝医Μ繝ｼ,,繧ｳ繝吶Ν繧ｳ逾樊虻繧ｹ繝ぅ繝ｼ繝ｩ繝ｼ繧ｺｼ2025-26ｼ,192,106,2000.06.14,25,繧ｦ繧ｨ繧ｹ繝医Ξ繧､繧ｯ繝懊ｼ繧､繧ｺ鬮俶｡,IPU迺ｰ螟ｪ蟷ｳ豢句､ｧ蟄ｦ,繧ｦ繧ｨ繧ｹ繝医Ξ繧､繧ｯ繝懊ｼ繧､繧ｺ鬮俶｡ IPU迺ｰ螟ｪ蟷ｳ豢句､ｧ蟄ｦ,A,41,https://league-one.jp/player/483942,,,譌･譛ｬ莉｣陦ｨ11CAP,,
Soma Sugimoto,譚画悽 蟠ｦｬ,WTB,繧ｳ繝吶Ν繧ｳ逾樊虻繧ｹ繝ぅ繝ｼ繝ｩ繝ｼ繧ｺｼ2025-26ｼ,181,84,2000.10.02,25,菴宣㍽譌･螟ｧ鬮俶｡,荳ｭ螟ｮ螟ｧ蟄ｦ,菴宣㍽譌･螟ｧ鬮俶｡ 荳ｭ螟ｮ螟ｧ蟄ｦ,A,0,https://league-one.jp/player/483943,,,,,
Hayato Fukunishi,遖剰･ｿ 髫ｼ譚,FL,繧ｳ繝吶Ν繧ｳ逾樊虻繧ｹ繝ぅ繝ｼ繝ｩ繝ｼ繧ｺｼ2025-26ｼ,178,96,2000.05.17,25,蝣ｱ蠕ｳ蟄ｦ蝨帝ｫ俶｡,莠ｬ驛ｽ逕｣讌ｭ螟ｧ蟄ｦ,蝣ｱ蠕ｳ蟄ｦ蝨帝ｫ俶｡ 莠ｬ驛ｽ逕｣讌ｭ螟ｧ蟄ｦ,A,1,https://league-one.jp/player/483944,,,'18 鬮俶｡縲'19 U20,,
Michael Little,繝槭う繧ｱ繝ｫ 繝ｻ繝ｪ繝医Ν,CTB,繧ｳ繝吶Ν繧ｳ逾樊虻繧ｹ繝ぅ繝ｼ繝ｩ繝ｼ繧ｺｼ2025-26ｼ,180,97,1993.03.14,32,繧ｦ繧ｨ繧ｹ繝医Ξ繧､繧ｯ繝懊ｼ繧､繧ｺ鬮俶｡,,繧ｦ繧ｨ繧ｹ繝医Ξ繧､繧ｯ繝懊ｼ繧､繧ｺ鬮俶｡,A,46,https://league-one.jp/player/483945,,,,,
Takuya Kitade,蛹怜ｺ 蜊謎ｹ,HO,繧ｳ繝吶Ν繧ｳ逾樊虻繧ｹ繝ぅ繝ｼ繝ｩ繝ｼ繧ｺｼ2025-26ｼ,180,100,1992.09.14,33,譚ｱ豬ｷ螟ｧ蟄ｦ莉伜ｱ樔ｻｰ譏滄ｫ俶｡,譚ｱ豬ｷ螟ｧ蟄ｦ,譚ｱ豬ｷ螟ｧ蟄ｦ莉伜ｱ樔ｻｰ譏滄ｫ俶｡ 譚ｱ豬ｷ螟ｧ蟄ｦ,A,37,https://league-one.jp/player/483946,,,'10 鬮俶｡縲∵律譛ｬ莉｣陦ｨ1CAP,,
Kanta Matsunaga,譚ｾ豌ｸ 雋ｫ豎ｰ,FB,繧ｳ繝吶Ν繧ｳ逾樊虻繧ｹ繝ぅ繝ｼ繝ｩ繝ｼ繧ｺｼ2025-26ｼ,167,79,1999.09.28,26,螟ｧ髦ｪ逕｣讌ｭ螟ｧ蟄ｦ髯ｱ樣ｫ俶｡,遲第ｳ｢螟ｧ蟄ｦ,螟ｧ髦ｪ逕｣讌ｭ螟ｧ蟄ｦ髯ｱ樣ｫ俶｡ 遲第ｳ｢螟ｧ蟄ｦ,A,47,https://league-one.jp/player/483947,,,,,
Sho Maeda,蜑咲伐 鄙,PR,繧ｳ繝吶Ν繧ｳ逾樊虻繧ｹ繝ぅ繝ｼ繝ｩ繝ｼ繧ｺｼ2025-26ｼ,180,110,1999.04.30,26,譚ｱ豬ｷ螟ｧ蟄ｦ莉伜ｱ樔ｻｰ譏滄ｫ俶｡,譚ｱ豬ｷ螟ｧ蟄ｦ,譚ｱ豬ｷ螟ｧ蟄ｦ莉伜ｱ樔ｻｰ譏滄ｫ俶｡ 譚ｱ豬ｷ螟ｧ蟄ｦ,A,32,https://league-one.jp/player/483948,,,'19 U20,,
Shinsuke Iseki,莠暮未 菫｡莉,FB,繧ｳ繝吶Ν繧ｳ逾樊虻繧ｹ繝ぅ繝ｼ繝ｩ繝ｼ繧ｺｼ2025-26ｼ,179,86,1995.04.24,30,螟ｩ逅ｫ俶｡,螟ｩ逅､ｧ蟄ｦ,螟ｩ逅ｫ俶｡ 螟ｩ逅､ｧ蟄ｦ,A,23,https://league-one.jp/player/483949,,,'15 U20縲'15 U23縲'17 U23,,
Ataata Moeakiola,繧｢繧ｿ繧｢繧ｿ 繝ｻ繝｢繧ｨ繧｢繧ｭ繧ｪ繝ｩ,WTB,繧ｳ繝吶Ν繧ｳ逾樊虻繧ｹ繝ぅ繝ｼ繝ｩ繝ｼ繧ｺｼ2025-26ｼ,185,107,1996.02.06,29,逶ｮ鮟貞ｭｦ髯｢鬮俶｡,譚ｱ豬ｷ螟ｧ蟄ｦ,逶ｮ鮟貞ｭｦ髯｢鬮俶｡ 譚ｱ豬ｷ螟ｧ蟄ｦ,A,40,https://league-one.jp/player/483950,,,'13 鬮俶｡縲'15 U23縲∵律譛ｬ莉｣陦ｨ4CAP,,
Junta Hamano,豼ｱ驥 髫ｼ螟ｧ,WTB,繧ｳ繝吶Ν繧ｳ逾樊虻繧ｹ繝ぅ繝ｼ繝ｩ繝ｼ繧ｺｼ2025-26ｼ,180,93,2001.05.02,24,繝ｭ繝医Ν繧｢繝懊ｼ繧､繧ｺ鬮俶｡,,繝ｭ繝医Ν繧｢繝懊ｼ繧､繧ｺ鬮俶｡,A,21,https://league-one.jp/player/483951,,,譌･譛ｬ莉｣陦ｨ2CAP,,
Timothy Lafaele,繝ｩ繝輔ぃ繧ｨ繝ｬ 繝ぅ繝｢繧ｷ繝ｼ,CTB,繧ｳ繝吶Ν繧ｳ逾樊虻繧ｹ繝ぅ繝ｼ繝ｩ繝ｼ繧ｺｼ2025-26ｼ,186,96,1991.08.19,34,繝Λ繧ｻ繝ｩ繧ｫ繝ｬ繝ず,螻ｱ譴ｨ蟄ｦ髯｢螟ｧ蟄ｦ,繝Λ繧ｻ繝ｩ繧ｫ繝ｬ繝ず 螻ｱ譴ｨ蟄ｦ髯｢螟ｧ蟄ｦ,A,55,https://league-one.jp/player/483952,,,譌･譛ｬ莉｣陦ｨ28CAP,,
Seungsin Lee,譚 謇ｿ菫｡,UTB,繧ｳ繝吶Ν繧ｳ逾樊虻繧ｹ繝ぅ繝ｼ繝ｩ繝ｼ繧ｺｼ2025-26ｼ,176,85,2001.01.13,24,螟ｧ髦ｪ譛晞ｮｮ鬮倡ｴ壼ｭｦ譬｡,,螟ｧ髦ｪ譛晞ｮｮ鬮倡ｴ壼ｭｦ譬｡,A,62,https://league-one.jp/player/483953,,,'17 鬮俶｡縲'18 鬮俶｡縲'20 U23縲∵律譛ｬ莉｣陦ｨ29CAP,,
Daiki Nakajima,荳ｭ蠍 螟ｧ蟶,SH,繧ｳ繝吶Ν繧ｳ逾樊虻繧ｹ繝ぅ繝ｼ繝ｩ繝ｼ繧ｺｼ2025-26ｼ,172,80,1996.03.25,29,豺ｱ隹ｷ鬮俶｡,豬夂ｵ梧ｸ亥､ｧ蟄ｦ,豺ｱ隹ｷ鬮俶｡ 豬夂ｵ梧ｸ亥､ｧ蟄ｦ,A,47,https://league-one.jp/player/483954,,,'13 鬮俶｡縲'15 U20縲'16 U20縲'15 U23縲'16 U23縲∵律譛ｬ莉｣陦ｨ4CAP,,
Kenta Tokuda,蠕ｳ逕ｰ 蛛･螟ｪ,SH,繧ｳ繝吶Ν繧ｳ逾樊虻繧ｹ繝ぅ繝ｼ繝ｩ繝ｼ繧ｺｼ2025-26ｼ,166,70,1993.10.07,32,髢｢隘ｿ蟄ｦ髯｢鬮俶｡,髢｢隘ｿ蟄ｦ髯｢螟ｧ蟄ｦ,髢｢隘ｿ蟄ｦ髯｢鬮俶｡ 髢｢隘ｿ蟄ｦ髯｢螟ｧ蟄ｦ,A,10,https://league-one.jp/player/483955,,,,,
Atsushi Hiwasa,譌･蜥御ｽ 遽､,SH,繧ｳ繝吶Ν繧ｳ逾樊虻繧ｹ繝ぅ繝ｼ繝ｩ繝ｼ繧ｺｼ2025-26ｼ,166,68,1987.05.22,38,蝣ｱ蠕ｳ蟄ｦ蝨帝ｫ俶｡,豕墓帆螟ｧ蟄ｦ,蝣ｱ蠕ｳ蟄ｦ蝨帝ｫ俶｡ 豕墓帆螟ｧ蟄ｦ,A,58,https://league-one.jp/player/483956,,,譌･譛ｬ莉｣陦ｨ51CAP,,
Go Maeda,蜑咲伐 蜑,FL,繧ｳ繝吶Ν繧ｳ逾樊虻繧ｹ繝ぅ繝ｼ繝ｩ繝ｼ繧ｺｼ2025-26ｼ,178,99,1996.01.19,29,蝣ｱ蠕ｳ蟄ｦ蝨帝ｫ俶｡,譏取ｲｻ螟ｧ蟄ｦ,蝣ｱ蠕ｳ蟄ｦ蝨帝ｫ俶｡ 譏取ｲｻ螟ｧ蟄ｦ,A,7,https://league-one.jp/player/483957,,,,,
Hikaru Hashimoto,讖区悽 逧,FL,繧ｳ繝吶Ν繧ｳ逾樊虻繧ｹ繝ぅ繝ｼ繝ｩ繝ｼ繧ｺｼ2025-26ｼ,182,99,1993.05.17,32,譚ｱ豬ｷ螟ｧ蟄ｦ莉伜ｱ樔ｻｰ譏滄ｫ俶｡,譚ｱ豬ｷ螟ｧ蟄ｦ,譚ｱ豬ｷ螟ｧ蟄ｦ莉伜ｱ樔ｻｰ譏滄ｫ俶｡ 譚ｱ豬ｷ螟ｧ蟄ｦ,A,30,https://league-one.jp/player/483958,,,,,
Takara Imamura,莉頑搗 髯ｽ濶ｯ,FL,繧ｳ繝吶Ν繧ｳ逾樊虻繧ｹ繝ぅ繝ｼ繝ｩ繝ｼ繧ｺｼ2025-26ｼ,188,101,1997.01.17,28,譚ｱ遖丞ｲ｡鬮俶｡,蟶昜ｺｬ螟ｧ蟄ｦ,譚ｱ遖丞ｲ｡鬮俶｡ 蟶昜ｺｬ螟ｧ蟄ｦ,A,46,https://league-one.jp/player/483959,,,'17 U23,,
Gerard Cowley-tuioti,繧ｸ繧ｧ繝ｩ繝ｼ繝 繝ｻ繧ｫ繧ｦ繝ｪ繝ｼ繝医ぇ繧､繧ｪ繝ぅ,LO,繧ｳ繝吶Ν繧ｳ逾樊虻繧ｹ繝ぅ繝ｼ繝ｩ繝ｼ繧ｺｼ2025-26ｼ,197,115,1992.06.16,33,繧ｱ繝ｫ繧ｹ繝医Φ繝懊ｼ繧､繧ｺ鬮俶｡,,繧ｱ繝ｫ繧ｹ繝医Φ繝懊ｼ繧､繧ｺ鬮俶｡,A,52,https://league-one.jp/player/483960,,,,,
Naohiro Kotaki,蟆冗ｧ 蟆壼ｼ,LO,繧ｳ繝吶Ν繧ｳ逾樊虻繧ｹ繝ぅ繝ｼ繝ｩ繝ｼ繧ｺｼ2025-26ｼ,194,111,1992.06.13,33,鮖ｿ蜈仙ｳｶ螳滓･ｭ鬮俶｡,蟶昜ｺｬ螟ｧ蟄ｦ,鮖ｿ蜈仙ｳｶ螳滓･ｭ鬮俶｡ 蟶昜ｺｬ螟ｧ蟄ｦ,A,30,https://league-one.jp/player/483961,,,'10 鬮俶｡縲'16 U23縲∵律譛ｬ莉｣陦ｨ11CAP,,
Kenta Matsuoka,譚ｾ蟯｡ 雉｢螟ｪ,HO,繧ｳ繝吶Ν繧ｳ逾樊虻繧ｹ繝ぅ繝ｼ繝ｩ繝ｼ繧ｺｼ2025-26ｼ,175,101,1997.06.06,28,莠ｬ驛ｽ謌千ｫ鬮俶｡,譏取ｲｻ螟ｧ蟄ｦ,莠ｬ驛ｽ謌千ｫ鬮俶｡ 譏取ｲｻ螟ｧ蟄ｦ,A,54,https://league-one.jp/player/483962,,,'20 U23縲∵律譛ｬ莉｣陦ｨ4CAP,,
Shigure Takao,鬮伜ｰｾ 譎よｵ,PR,繧ｳ繝吶Ν繧ｳ逾樊虻繧ｹ繝ぅ繝ｼ繝ｩ繝ｼ繧ｺｼ2025-26ｼ,177,113,1996.08.15,29,遲醍ｴｫ蜿ｰ鬮俶｡,荵晏ｷ槫ｱ遶句､ｧ蟄ｦ,遲醍ｴｫ蜿ｰ鬮俶｡ 荵晏ｷ槫ｱ遶句､ｧ蟄ｦ,A,52,https://league-one.jp/player/483963,,,,,
Jiwon Gu,蜈ｷ 譎ｺ蜈,PR,繧ｳ繝吶Ν繧ｳ逾樊虻繧ｹ繝ぅ繝ｼ繝ｩ繝ｼ繧ｺｼ2025-26ｼ,183,116,1994.07.20,31,譌･譛ｬ譁㍼炊螟ｧ蟄ｦ髯ｱ樣ｫ俶｡,諡捺ｮ門､ｧ蟄ｦ,譌･譛ｬ譁㍼炊螟ｧ蟄ｦ髯ｱ樣ｫ俶｡ 諡捺ｮ門､ｧ蟄ｦ,A,36,https://league-one.jp/player/483964,,,'12 鬮俶｡縲∵律譛ｬ莉｣陦ｨ29CAP,,
Takayuki Watanabe,貂｡驍 髫ｹ,PR,繧ｳ繝吶Ν繧ｳ逾樊虻繧ｹ繝ぅ繝ｼ繝ｩ繝ｼ繧ｺｼ2025-26ｼ,180,117,1994.05.27,31,譛ｭ蟷悟ｱｱ縺ｮ謇矩ｫ俶｡,譚ｱ豬ｷ螟ｧ蟄ｦ,譛ｭ蟷悟ｱｱ縺ｮ謇矩ｫ俶｡ 譚ｱ豬ｷ螟ｧ蟄ｦ,A,9,https://league-one.jp/player/483965,,,譌･譛ｬ莉｣陦ｨ10CAP,,
Isileli Nakajima,荳ｭ蟲ｶ 繧､繧ｷ繝ｬ繝ｪ,PR,繧ｳ繝吶Ν繧ｳ逾樊虻繧ｹ繝ぅ繝ｼ繝ｩ繝ｼ繧ｺｼ2025-26ｼ,185,120,1989.07.09,36,繝ｪ繧｢繝帙リ鬮俶｡,豬夂ｵ梧ｸ亥､ｧ蟄ｦ,繝ｪ繧｢繝帙リ鬮俶｡ 豬夂ｵ梧ｸ亥､ｧ蟄ｦ,A,41,https://league-one.jp/player/483966,,,譌･譛ｬ莉｣陦ｨ9CAP,,
Hiroshi Yamashita,螻ｱ荳 陬募彰,PR,繧ｳ繝吶Ν繧ｳ逾樊虻繧ｹ繝ぅ繝ｼ繝ｩ繝ｼ繧ｺｼ2025-26ｼ,183,120,1986.01.01,40,驛ｽ蟲ｶ蟾･讌ｭ鬮俶｡,莠ｬ驛ｽ逕｣讌ｭ螟ｧ蟄ｦ,驛ｽ蟲ｶ蟾･讌ｭ鬮俶｡ 莠ｬ驛ｽ逕｣讌ｭ螟ｧ蟄ｦ,A,57,https://league-one.jp/player/483967,,,譌･譛ｬ莉｣陦ｨ51CAP,,
Waisake Raratubua,繝ｯ繧､繧ｵ繧ｱ 繝ｻ繝ｩ繝ｩ繝医ぇ繝悶い,LO,繧ｳ繝吶Ν繧ｳ逾樊虻繧ｹ繝ぅ繝ｼ繝ｩ繝ｼ繧ｺｼ2025-26ｼ,195,120,1998.03.17,27,繝ｩ繝医ぇ繝ｻ繧ｵ繝ｼ繝ｩ繝ｩ繝ｻ繧ｹ繧ｯ繝翫Γ繝｢繝ｪ繧｢繝ｫ繧ｹ繧ｯ繝ｼ繝ｫ鬮俶｡,譚ｱ豬ｷ螟ｧ蟄ｦ,繝ｩ繝医ぇ繝ｻ繧ｵ繝ｼ繝ｩ繝ｩ繝ｻ繧ｹ繧ｯ繝翫Γ繝｢繝ｪ繧｢繝ｫ繧ｹ繧ｯ繝ｼ繝ｫ 譚ｱ豬ｷ螟ｧ蟄ｦ,A,38,https://league-one.jp/player/483968,,,譌･譛ｬ莉｣陦ｨ5CAP,,
Brodie Retallick,繝悶Ο繝ぅ 繝ｻ繝ｬ繧ｿ繝ｪ繝け,LO,繧ｳ繝吶Ν繧ｳ逾樊虻繧ｹ繝ぅ繝ｼ繝ｩ繝ｼ繧ｺｼ2025-26ｼ,204,120,1991.05.31,34,繧ｯ繝ｩ繧､繧ｹ繝医メ繝｣繝ｼ繝√繝ｼ繧､繧ｺ鬮俶｡,,繧ｯ繝ｩ繧､繧ｹ繝医メ繝｣繝ｼ繝√繝ｼ繧､繧ｺ鬮俶｡,C,37,https://league-one.jp/player/483969,,,,,
Willie Potgieter,繝ｴ繧｣繝ｪ繝ｼ 繝ｻ繝昴ヨ繝偵お繝ち繝ｼ,,繧ｳ繝吶Ν繧ｳ逾樊虻繧ｹ繝ぅ繝ｼ繝ｩ繝ｼ繧ｺｼ2025-26ｼ,190,107,2002.01.05,24,繧｢繝輔Μ繧ｫ繝ｼ繝ｳ繧ｹ繝懊ｼ繧､繧ｺ鬮俶｡,,繧｢繝輔Μ繧ｫ繝ｼ繝ｳ繧ｹ繝懊ｼ繧､繧ｺ鬮俶｡,B,20,https://league-one.jp/player/483970,,,,,
Bryn Gatland,繝悶Μ繝ｳ 繝ｻ繧ｬ繝ヨ繝ｩ繝ｳ繝,SO,繧ｳ繝吶Ν繧ｳ逾樊虻繧ｹ繝ぅ繝ｼ繝ｩ繝ｼ繧ｺｼ2025-26ｼ,179,88,1995.05.10,30,繝上Α繝ｫ繝医Φ繝懊ｼ繧､繧ｺ鬮俶｡,,繝上Α繝ｫ繝医Φ繝懊ｼ繧､繧ｺ鬮俶｡,B,36,https://league-one.jp/player/483971,,,,,
Hikaru Moriwaki,譽ｮ閼 蜈,PR,繧ｳ繝吶Ν繧ｳ逾樊虻繧ｹ繝ぅ繝ｼ繝ｩ繝ｼ繧ｺｼ2025-26ｼ,176,108,2002.02.17,23,莠ｬ驛ｽ蟾･蟄ｦ髯｢鬮俶｡,豬夂ｵ梧ｸ亥､ｧ蟄ｦ,莠ｬ驛ｽ蟾･蟄ｦ髯｢鬮俶｡ 豬夂ｵ梧ｸ亥､ｧ蟄ｦ,A,3,https://league-one.jp/player/483972,,,,,
Daisuke Ito,莨願陸 螟ｧｩ,UTB,繧ｳ繝吶Ν繧ｳ逾樊虻繧ｹ繝ぅ繝ｼ繝ｩ繝ｼ繧ｺｼ2025-26ｼ,179,85,2001.07.15,24,譯占発蟄ｦ蝨帝ｫ俶｡,譌ｩ遞ｲ逕ｰ螟ｧ蟄ｦ,譯占発蟄ｦ蝨帝ｫ俶｡ 譌ｩ遞ｲ逕ｰ螟ｧ蟄ｦ,A,1,https://league-one.jp/player/483973,,,,,
Ryota Funabiki,闊ｹ譖ｳ 豸ｼ螟ｪ,WTB,繧ｳ繝吶Ν繧ｳ逾樊虻繧ｹ繝ぅ繝ｼ繝ｩ繝ｼ繧ｺｼ2025-26ｼ,178,83,2001.09.09,24,逾樊虻蟶らｫ狗ｧ大ｭｦ謚陦馴ｫ俶｡,莠ｬ驛ｽ逕｣讌ｭ螟ｧ蟄ｦ,逾樊虻蟶らｫ狗ｧ大ｭｦ謚陦馴ｫ俶｡ 莠ｬ驛ｽ逕｣讌ｭ螟ｧ蟄ｦ,A,4,https://league-one.jp/player/483974,,,,,
Kavaia Tagivetaua,繧ｫ繝ｴ繧｡繧､繧｢ 繝ｻ繧ｿ繧ｮ繝ｴ繧ｧ繧ｿ繧ｦ繧｢,LO,繧ｳ繝吶Ν繧ｳ逾樊虻繧ｹ繝ぅ繝ｼ繝ｩ繝ｼ繧ｺｼ2025-26ｼ,194,112,1997.08.08,28,繝上Α繝ｫ繝医Φ繝懊ｼ繧､繧ｺ鬮俶｡,逋ｽ魘主､ｧ蟄ｦ,繝上Α繝ｫ繝医Φ繝懊ｼ繧､繧ｺ鬮俶｡ 逋ｽ魘主､ｧ蟄ｦ,A,33,https://league-one.jp/player/485729,,,,,
Ardie Savea,繧｢繝ｼ繝ぅ 繝ｻ繧ｵ繝吶い,,繧ｳ繝吶Ν繧ｳ逾樊虻繧ｹ繝ぅ繝ｼ繝ｩ繝ｼ繧ｺｼ2025-26ｼ,184,105,1993.10.14,32,繝ｩ繝ｳ繧ｴ繧ｿ繧､繧ｫ繝ｬ繝ず,,繝ｩ繝ｳ繧ｴ繧ｿ繧､繧ｫ繝ｬ繝ず,C,18,https://league-one.jp/player/488117,,,,,
Anton Lienert-Brown,繧｢繝ｳ繝医Φ 繝ｻ繝ｬ繧､繝翫ｼ繝医ヶ繝ｩ繧ｦ繝ｳ,CTB,繧ｳ繝吶Ν繧ｳ逾樊虻繧ｹ繝ぅ繝ｼ繝ｩ繝ｼ繧ｺｼ2025-26ｼ,185,96,1995.04.15,30,繝ｯ繧､繧ｫ繝亥､ｧ蟄ｦ鬮俶｡,繧ｯ繝ｩ繧､繧ｹ繝医メ繝｣繝ｼ繝√繝ｼ繧､繧ｺ鬮俶｡螟ｧ蟄ｦ,繝ｯ繧､繧ｫ繝亥､ｧ蟄ｦ 繧ｯ繝ｩ繧､繧ｹ繝医メ繝｣繝ｼ繝√繝ｼ繧､繧ｺ鬮俶｡,C,4,https://league-one.jp/player/488118,,,,,
Maurice Marks,繝｢繝ｼ繝ｪ繧ｹ 繝ｻ繝槭ｼ繧ｯ繧ｹ,WTB,蝓ｼ邇峨ヱ繝翫た繝九ャ繧ｯ繝ｯ繧､繝ｫ繝峨リ繧､繝ｼ2025-26ｼ,180,90,2001.04.24,24,HoerskoolNoordheuwel鬮俶｡,譚ｱ豢句､ｧ蟄ｦ,HoerskoolNoordheuwel 譚ｱ豢句､ｧ蟄ｦ,A,2,https://league-one.jp/player/484028,,,,,
Juan Wilson,繝ｦ繧｢繝ｳ 繝ｻ繧ｦ繧｣繝ｫ繧ｽ繝ｳ,FL,蝓ｼ邇峨ヱ繝翫た繝九ャ繧ｯ繝ｯ繧､繝ｫ繝峨リ繧､繝ｼ2025-26ｼ,190,108,2001.04.18,24,PaarlGymnasium鬮俶｡,遶区ｭ｣螟ｧ蟄ｦ,PaarlGymnasium 遶区ｭ｣螟ｧ蟄ｦ,A,3,https://league-one.jp/player/484029,,,,,
Makito Ishikawa,遏ｳ蟾 讒吩ｺｺ,PR,蝓ｼ邇峨ヱ繝翫た繝九ャ繧ｯ繝ｯ繧､繝ｫ繝峨リ繧､繝ｼ2025-26ｼ,184,115,2002.10.06,23,譌･譛ｬ闊ｪ遨ｺ遏ｳ蟾晞ｫ俶｡,譚ｱ豢句､ｧ蟄ｦ,譌･譛ｬ闊ｪ遨ｺ遏ｳ蟾 譚ｱ豢句､ｧ蟄ｦ,A,0,https://league-one.jp/player/484030,,,,,
Kantaro Tajima,逕ｰ蟲ｶ 雋ｫ螟ｪ驛,LO,蝓ｼ邇峨ヱ繝翫た繝九ャ繧ｯ繝ｯ繧､繝ｫ繝峨リ繧､繝ｼ2025-26ｼ,197,105,2003.02.26,22,譚ｱ遖丞ｲ｡鬮俶｡,譏取ｲｻ螟ｧ蟄ｦ,譚ｱ遖丞ｲ｡鬮俶｡ 譏取ｲｻ螟ｧ蟄ｦ,A,0,https://league-one.jp/player/484031,,,,,
Lisala Finau,繝ｪ繧ｵ繝ｩ 繝ｻ繝輔ぅ繝翫え,PR,蝓ｼ邇峨ヱ繝翫た繝九ャ繧ｯ繝ｯ繧､繝ｫ繝峨リ繧､繝ｼ2025-26ｼ,189,125,2002.06.20,23,髱呈｣ｮ螻ｱ逕ｰ鬮俶｡,螟ｧ譚ｱ譁㍾喧螟ｧ蟄ｦ,髱呈｣ｮ螻ｱ逕ｰ鬮俶｡ 螟ｧ譚ｱ譁㍾喧螟ｧ蟄ｦ,A,11,https://league-one.jp/player/484032,,,,,
Kenji Sato,菴占陸 蛛･谺｡,HO,蝓ｼ邇峨ヱ繝翫た繝九ャ繧ｯ繝ｯ繧､繝ｫ繝峨リ繧､繝ｼ2025-26ｼ,177,105,2003.01.04,23,譯占発蟄ｦ蝨帝ｫ俶｡,譌ｩ遞ｲ逕ｰ螟ｧ蟄ｦ,譯占発蟄ｦ蝨帝ｫ俶｡ 譌ｩ遞ｲ逕ｰ螟ｧ蟄ｦ,A,16,https://league-one.jp/player/484033,,,'24 XV縲'25 XV縲∵律譛ｬ莉｣陦ｨ9CAP,,
Kumsu Lee,譚 骭ｦ蟇ｿ,SH,蝓ｼ邇峨ヱ繝翫た繝九ャ繧ｯ繝ｯ繧､繝ｫ繝峨リ繧､繝ｼ2025-26ｼ,175,82,2002.09.05,23,螟ｧ髦ｪ譛晞ｮｮ鬮倡ｴ壼ｭｦ譬｡,蟶昜ｺｬ螟ｧ蟄ｦ,螟ｧ髦ｪ譛晞ｮｮ鬮倡ｴ壼ｭｦ譬｡ 蟶昜ｺｬ螟ｧ蟄ｦ,A,2,https://league-one.jp/player/484034,,,,,
Tom Parton,繝医Β 繝ｻ繝代ｼ繝医Φ,UTB,蝓ｼ邇峨ヱ繝翫た繝九ャ繧ｯ繝ｯ繧､繝ｫ繝峨リ繧､繝ｼ2025-26ｼ,178,90,1998.02.02,27,繧ｦ繧ｧ繝ｪ繝ｳ繧ｰ繝医Φ鬮俶｡,繧ｦ繧ｧ繝ｪ繝ｳ繝医Φ繧ｫ繝ｬ繝ず,繧ｦ繧ｧ繝ｪ繝ｳ繧ｰ繝医Φ鬮俶｡ 繧ｦ繧ｧ繝ｪ繝ｳ繝医Φ繧ｫ繝ｬ繝ず,B,10,https://league-one.jp/player/484035,,,,,
Viliami Afu Kaipouli,繧ｫ繧､繝昴え繝ｪ 繝ｴ繧｣繝ｪ繧｢繝溘い繝,,蝓ｼ邇峨ヱ繝翫た繝九ャ繧ｯ繝ｯ繧､繝ｫ繝峨リ繧､繝ｼ2025-26ｼ,189,115,1997.09.28,28,繝倥う繧ｹ繝ぅ繝ｳ繧ｰ繧ｹ繝懊ｼ繧､繧ｺ鬮俶｡,譌･譛ｬ譁㍼炊螟ｧ蟄ｦ,繝倥う繧ｹ繝ぅ繝ｳ繧ｰ繧ｹ繝懊ｼ繧､繧ｺ鬮俶｡ 譌･譛ｬ譁㍼炊螟ｧ蟄ｦ,A,21,https://league-one.jp/player/484036,,,,,
Joshua Nohra,繧ｸ繝ｧ繧ｷ繝･繧｢ 繝ｻ繝弱ｼ繝ｩ,WTB,蝓ｼ邇峨ヱ繝翫た繝九ャ繧ｯ繝ｯ繧､繝ｫ繝峨リ繧､繝ｼ2025-26ｼ,180,88,1996.06.11,29,StPatrickCollege鬮俶｡,WesternSydney螟ｧ蟄ｦ,StPatrickCollege WesternSydney,A,36,https://league-one.jp/player/484037,,,,,
Takaya Saito,鮨願陸 隱牙悼,CTB,蝓ｼ邇峨ヱ繝翫た繝九ャ繧ｯ繝ｯ繧､繝ｫ繝峨リ繧､繝ｼ2025-26ｼ,181,93,2001.01.02,25,譯千函隨ｬ荳鬮俶｡,譏取ｲｻ螟ｧ蟄ｦ,譯千函隨ｬ荳鬮俶｡ 譏取ｲｻ螟ｧ蟄ｦ,A,7,https://league-one.jp/player/484038,,,,,
Yusaku Kihara,譛ｨ蜴 蜆ｪ菴,PR,蝓ｼ邇峨ヱ繝翫た繝九ャ繧ｯ繝ｯ繧､繝ｫ繝峨リ繧､繝ｼ2025-26ｼ,176,106,2000.12.11,25,譚ｱ遖丞ｲ｡鬮俶｡,遲第ｳ｢螟ｧ蟄ｦ,譚ｱ遖丞ｲ｡鬮俶｡ 遲第ｳ｢螟ｧ蟄ｦ,A,3,https://league-one.jp/player/484039,,,'18 鬮俶｡縲'20 U23,,
Lood de Jager,繝ｫ繝ｼ繝 繝ｻ繝Ζ繝上ｼ,LO,蝓ｼ邇峨ヱ繝翫た繝九ャ繧ｯ繝ｯ繧､繝ｫ繝峨リ繧､繝ｼ2025-26ｼ,206,125,1992.12.17,33,HuyenoteSpringHighSchool鬮俶｡,North-WestUniversity螟ｧ蟄ｦ,HuyenoteSpringHighSchool North-WestUniversity,C,40,https://league-one.jp/player/484040,,,,,
Damian de Allende,繝繝溘い繝ｳ 繝ｻ繝い繝ｬ繝ｳ繝,CTB,蝓ｼ邇峨ヱ繝翫た繝九ャ繧ｯ繝ｯ繧､繝ｫ繝峨リ繧､繝ｼ2025-26ｼ,190,105,1991.11.25,34,繝溘Ν繝翫ｼ繝医Φ鬮俶｡,繧ｱ繝ｼ繝励ち繧ｦ繝ｳ螟ｧ蟄ｦ,繝溘Ν繝翫ｼ繝医Φ鬮俶｡ 繧ｱ繝ｼ繝励ち繧ｦ繝ｳ螟ｧ蟄ｦ,C,46,https://league-one.jp/player/484041,,,,,
Liam Mitchell,繝ｪ繧｢繝 繝ｻ繝溘ャ繝√ぉ繝ｫ,LO,蝓ｼ邇峨ヱ繝翫た繝九ャ繧ｯ繝ｯ繧､繝ｫ繝峨リ繧､繝ｼ2025-26ｼ,197,117,1995.10.10,30,PalmerstonNorthBoys鬮俶｡,,PalmerstonNorthBoys,B,47,https://league-one.jp/player/484042,,,,,
Daniel Perez,繝繝九お繝ｫ 繝ｻ繝壹Ξ繧ｺ,PR,蝓ｼ邇峨ヱ繝翫た繝九ャ繧ｯ繝ｯ繧､繝ｫ繝峨リ繧､繝ｼ2025-26ｼ,185,108,1997.04.22,28,繧ｻ繝ｳ繝医ヴ繝ｼ繧ｿ繝ｼ繧ｺ鬮俶｡,逋ｽ魘主､ｧ蟄ｦ,繧ｻ繝ｳ繝医ヴ繝ｼ繧ｿ繝ｼ繧ｺ鬮俶｡ 逋ｽ魘主､ｧ蟄ｦ,A,23,https://league-one.jp/player/484043,,,,,
Seijun Kawasaki,蟾晏ｴ 貂⒨ｴ,WTB,蝓ｼ邇峨ヱ繝翫た繝九ャ繧ｯ繝ｯ繧､繝ｫ繝峨リ繧､繝ｼ2025-26ｼ,191,100,1999.06.17,26,逶帛ｲ｡蟾･鬮俶｡,髢｢譚ｱ蟄ｦ髯｢螟ｧ螟ｧ蟄ｦ,逶帛ｲ｡蟾･鬮俶｡ 髢｢譚ｱ蟄ｦ髯｢螟ｧ,A,3,https://league-one.jp/player/484044,,,,,
Tomoki Osada,髟ｷ逕ｰ 譎ｺ蟶,CTB,蝓ｼ邇峨ヱ繝翫た繝九ャ繧ｯ繝ｯ繧､繝ｫ繝峨リ繧､繝ｼ2025-26ｼ,179,90,1999.11.25,26,譚ｱ豬ｷ螟ｧ莉ｰ譏滄ｫ俶｡,譌ｩ遞ｲ逕ｰ螟ｧ蟄ｦ,譚ｱ豬ｷ螟ｧ莉ｰ譏滄ｫ俶｡ 譌ｩ遞ｲ逕ｰ螟ｧ蟄ｦ,A,52,https://league-one.jp/player/484045,,,'17 鬮俶｡縲'19 U20縲'19 U23縲∵律譛ｬ莉｣陦ｨ26CAP,,
Goro Hashimoto,讖区悽 蜷ｾ驛,LO,蝓ｼ邇峨ヱ繝翫た繝九ャ繧ｯ繝ｯ繧､繝ｫ繝峨リ繧､繝ｼ2025-26ｼ,191,101,1999.07.23,26,豺ｱ隹ｷ鬮俶｡,荳ｭ螟ｮ螟ｧ蟄ｦ,豺ｱ隹ｷ鬮俶｡ 荳ｭ螟ｮ螟ｧ蟄ｦ,A,0,https://league-one.jp/player/484046,,,,,
Marika Koroibete,繝槭Μ繧ｫ 繝ｻ繧ｳ繝ｭ繧､繝ｳ繝吶ユ,WTB,蝓ｼ邇峨ヱ繝翫た繝九ャ繧ｯ繝ｯ繧､繝ｫ繝峨リ繧､繝ｼ2025-26ｼ,182,96,1992.07.26,33,繝翫せ繧､繝碁ｫ俶｡,,繝翫せ繧､繝碁ｫ俶｡,C,56,https://league-one.jp/player/484047,,,,,
Vince Aso,繝ｴ繧｣繝ｳ繧ｹ 繝ｻ繧｢繧ｽ,CTB,蝓ｼ邇峨ヱ繝翫た繝九ャ繧ｯ繝ｯ繧､繝ｫ繝峨リ繧､繝ｼ2025-26ｼ,185,90,1995.01.05,31,繧ｻ繝ｳ繝医ヴ繝ｼ繧ｿ繝ｼ繧ｺ鬮俶｡,繝薙け繝医Μ繧｢螟ｧ蟄ｦ,繧ｻ繝ｳ繝医ヴ繝ｼ繧ｿ繝ｼ繧ｺ鬮俶｡ 繝薙け繝医Μ繧｢螟ｧ蟄ｦ,A,54,https://league-one.jp/player/484048,,,,,
Lachlan Boshier,繝ｩ繧ｯ繝ｩ繝ｳ 繝ｻ繝懊ｼ繧ｷ繧ｧ繝ｼ,FL,蝓ｼ邇峨ヱ繝翫た繝九ャ繧ｯ繝ｯ繧､繝ｫ繝峨リ繧､繝ｼ2025-26ｼ,191,104,1994.11.16,31,繝九Η繝ｼ繝励Μ繝槭せ繝懊ｼ繧､繧ｺ繝上う繧ｹ繧ｯ繝ｼ繝ｫ鬮俶｡,,繝九Η繝ｼ繝励Μ繝槭せ繝懊ｼ繧､繧ｺ繝上う繧ｹ繧ｯ繝ｼ繝ｫ,A,62,https://league-one.jp/player/484049,,,,,
Hondo Atora,譛ｬ蝣 譚剰剋,SH,蝓ｼ邇峨ヱ繝翫た繝九ャ繧ｯ繝ｯ繧､繝ｫ繝峨リ繧､繝ｼ2025-26ｼ,169,85,1998.11.09,27,蝨句ｭｸ髯｢螟ｧ蟄ｸ譬惠鬮俶｡,譌･譛ｬ菴楢ご螟ｧ蟄ｦ,蝨句ｭｸ髯｢螟ｧ蟄ｸ譬惠鬮俶｡ 譌･譛ｬ菴楢ご螟ｧ蟄ｦ,A,1,https://league-one.jp/player/484050,,,'18 U20縲'18 U23,,
Kyohei Yamasawa,螻ｱ豐｢ 莠ｬ蟷ｳ,SO,蝓ｼ邇峨ヱ繝翫た繝九ャ繧ｯ繝ｯ繧､繝ｫ繝峨リ繧､繝ｼ2025-26ｼ,176,85,1998.08.17,27,豺ｱ隹ｷ鬮俶｡,譏取ｲｻ螟ｧ蟄ｦ,豺ｱ隹ｷ鬮俶｡ 譏取ｲｻ螟ｧ蟄ｦ,A,34,https://league-one.jp/player/484051,,,'17 U20縲'18 U20,,
Shota Fukui,遖丈ｺ 鄙泌､ｧ,FL,蝓ｼ邇峨ヱ繝翫た繝九ャ繧ｯ繝ｯ繧､繝ｫ繝峨リ繧､繝ｼ2025-26ｼ,186,101,1999.09.28,26,譚ｱ遖丞ｲ｡鬮俶｡,,譚ｱ遖丞ｲ｡鬮俶｡,A,51,https://league-one.jp/player/484052,,,'17 鬮俶｡縲'17 U20縲'18 U20縲'19 U20縲'19 U23縲∵律譛ｬ莉｣陦ｨ3CAP,,
Esei Haangana,繧ｨ繧ｻ繧､ 繝ｻ繝上い繝ｳ繧ｬ繝,LO,蝓ｼ邇峨ヱ繝翫た繝九ャ繧ｯ繝ｯ繧､繝ｫ繝峨リ繧､繝ｼ2025-26ｼ,198,120,1999.04.21,26,繧ｻ繝ｳ繝医繝ｼ繝ｫ繧ｺ繧ｫ繝医Μ繝け繧ｫ繝ｬ繝ず,,繧ｻ繝ｳ繝医繝ｼ繝ｫ繧ｺ繧ｫ繝医Μ繝け繧ｫ繝ｬ繝ず,A,46,https://league-one.jp/player/484053,,,,,
Taiki Fujii,阯､莠 螟ｧ蝟,PR,蝓ｼ邇峨ヱ繝翫た繝九ャ繧ｯ繝ｯ繧､繝ｫ繝峨リ繧､繝ｼ2025-26ｼ,183,114,1998.01.04,28,鮟呈ｲ｢蟆ｻ蟾･鬮俶｡,螟ｧ譚ｱ譁㍾喧螟ｧ蟄ｦ,鮟呈ｲ｢蟆ｻ蟾･鬮俶｡ 螟ｧ譚ｱ譁㍾喧螟ｧ蟄ｦ,A,45,https://league-one.jp/player/484054,,,'17 U20縲'17 U23,,
Ben Gunter,繝吶Φ 繝ｻ繧ｬ繝ｳ繧ｿ繝ｼ,FL,蝓ｼ邇峨ヱ繝翫た繝九ャ繧ｯ繝ｯ繧､繝ｫ繝峨リ繧､繝ｼ2025-26ｼ,195,120,1997.10.24,28,繝悶Μ繧ｹ繝吶Φ繝懊ｼ繧､繧ｺ繧ｫ繝ｬ繝ず,,繝悶Μ繧ｹ繝吶Φ繝懊ｼ繧､繧ｺ繧ｫ繝ｬ繝ず,A,43,https://league-one.jp/player/484055,,,譌･譛ｬ莉｣陦ｨ17CAP,,
Tsubasa Arai,譁ｰ莠 鄙ｼ,WTB,蝓ｼ邇峨ヱ繝翫た繝九ャ繧ｯ繝ｯ繧､繝ｫ繝峨リ繧､繝ｼ2025-26ｼ,175,88,1997.07.14,28,豬∫ｵ悟､ｧ譟城ｫ俶｡,蟶昜ｺｬ螟ｧ蟄ｦ,豬∫ｵ悟､ｧ譟城ｫ俶｡ 蟶昜ｺｬ螟ｧ蟄ｦ,A,0,https://league-one.jp/player/484056,,,,,
Dylan Riley,繝ぅ繝ｩ繝ｳ 繝ｻ繝ｩ繧､繝ｪ繝ｼ,CTB,蝓ｼ邇峨ヱ繝翫た繝九ャ繧ｯ繝ｯ繧､繝ｫ繝峨リ繧､繝ｼ2025-26ｼ,187,102,1997.05.02,28,TheSouthportSchoolｼ医し繧ｦ繧ｹ繝昴ｼ繝磯ｫ俶｡ｼ蛾ｫ俶｡,,TheSouthportSchoolｼ医し繧ｦ繧ｹ繝昴ｼ繝磯ｫ俶｡ｼ,A,62,https://league-one.jp/player/484057,,,譌･譛ｬ莉｣陦ｨ38CAP,,
Sho Furuhata,蜿､逡 鄙,PR,蝓ｼ邇峨ヱ繝翫た繝九ャ繧ｯ繝ｯ繧､繝ｫ繝峨リ繧､繝ｼ2025-26ｼ,185,118,1996.12.10,29,螟ｧ髦ｪ譯占発鬮俶｡,螟ｧ譚ｱ譁㍾喧螟ｧ蟄ｦ,螟ｧ髦ｪ譯占発鬮俶｡ 螟ｧ譚ｱ譁㍾喧螟ｧ蟄ｦ,A,5,https://league-one.jp/player/484058,,,'25 XV縲∵律譛ｬ莉｣陦ｨ1CAP,,
Kazuma Shimane,蟲ｶ譬ｹ 荳逎ｨ,HO,蝓ｼ邇峨ヱ繝翫た繝九ャ繧ｯ繝ｯ繧､繝ｫ繝峨リ繧､繝ｼ2025-26ｼ,175,103,1996.11.30,29,螟ｩ逅ｫ俶｡,螟ｩ逅､ｧ蟄ｦ,螟ｩ逅ｫ俶｡ 螟ｩ逅､ｧ蟄ｦ,A,10,https://league-one.jp/player/484059,,,'19 U23,,
Koki Takeyama,遶ｹ螻ｱ 譎嚔,WTB,蝓ｼ邇峨ヱ繝翫た繝九ャ繧ｯ繝ｯ繧､繝ｫ繝峨リ繧､繝ｼ2025-26ｼ,175,84,1996.09.25,29,蠕｡謇螳滓･ｭ鬮俶｡,蟶昜ｺｬ螟ｧ蟄ｦ,蠕｡謇螳滓･ｭ鬮俶｡ 蟶昜ｺｬ螟ｧ蟄ｦ,A,56,https://league-one.jp/player/484060,,,'16 U23縲'17 U23縲∵律譛ｬ莉｣陦ｨ1CAP,,
Itsuki Onishi,螟ｧ隘ｿ 讓ｹ,FL,蝓ｼ邇峨ヱ繝翫た繝九ャ繧ｯ繝ｯ繧､繝ｫ繝峨リ繧､繝ｼ2025-26ｼ,185,102,1995.12.09,30,譌ｭ蟾晏ｷ･鬮俶｡,豬∫ｵ悟､ｧ蟄ｦ,譌ｭ蟾晏ｷ･鬮俶｡ 豬∫ｵ悟､ｧ蟄ｦ,A,47,https://league-one.jp/player/484061,,,,,
Ryuji Noguchi,驥主哨 遶懷昇,FB,蝓ｼ邇峨ヱ繝翫た繝九ャ繧ｯ繝ｯ繧､繝ｫ繝峨リ繧､繝ｼ2025-26ｼ,177,83,1995.07.15,30,譚ｱ豬ｷ螟ｧ莉ｰ譏滄ｫ俶｡,譚ｱ豬ｷ螟ｧ蟄ｦ,譚ｱ豬ｷ螟ｧ莉ｰ譏滄ｫ俶｡ 譚ｱ豬ｷ螟ｧ蟄ｦ,A,58,https://league-one.jp/player/484062,,,'12 鬮俶｡縲'15 U20縲'15 U23縲'17 U23縲∵律譛ｬ莉｣陦ｨ14CAP,,
Taiki Koyama,蟆丞ｱｱ 螟ｧ霈,SH,蝓ｼ邇峨ヱ繝翫た繝九ャ繧ｯ繝ｯ繧､繝ｫ繝峨リ繧､繝ｼ2025-26ｼ,171,74,1994.10.31,31,闃ｦ蛻･鬮俶｡,螟ｧ譚ｱ譁㍾喧螟ｧ蟄ｦ,闃ｦ蛻･鬮俶｡ 螟ｧ譚ｱ譁㍾喧螟ｧ蟄ｦ,A,68,https://league-one.jp/player/484063,,,'12 鬮俶｡縲∵律譛ｬ莉｣陦ｨ7CAP,,
Takuya Yamasawa,螻ｱ豐｢ 諡謎ｹ,SO,蝓ｼ邇峨ヱ繝翫た繝九ャ繧ｯ繝ｯ繧､繝ｫ繝峨リ繧､繝ｼ2025-26ｼ,176,84,1994.09.21,31,豺ｱ隹ｷ鬮俶｡,遲第ｳ｢螟ｧ蟄ｦ,豺ｱ隹ｷ鬮俶｡ 遲第ｳ｢螟ｧ蟄ｦ,A,46,https://league-one.jp/player/484064,,,'13 U23縲∵律譛ｬ莉｣陦ｨ10CAP,,
Tomohito Miyakawa,螳ｮ蟾 譎ｺ豬ｷ,LO,蝓ｼ邇峨ヱ繝翫た繝九ャ繧ｯ繝ｯ繧､繝ｫ繝峨リ繧､繝ｼ2025-26ｼ,191,106,1994.09.06,31,遘狗伐蟾･鬮俶｡,髢｢譚ｱ蟄ｦ髯｢螟ｧ蟄ｦ,遘狗伐蟾･鬮俶｡ 髢｢譚ｱ蟄ｦ髯｢螟ｧ蟄ｦ,A,2,https://league-one.jp/player/484065,,,'12 鬮俶｡,,
Atsushi Sakate,蝮よ焔 豺ｳ蜿ｲ,HO,蝓ｼ邇峨ヱ繝翫た繝九ャ繧ｯ繝ｯ繧､繝ｫ繝峨リ繧､繝ｼ2025-26ｼ,180,104,1993.06.21,32,莠ｬ驛ｽ謌千ｫ鬮俶｡,蟶昜ｺｬ螟ｧ蟄ｦ,莠ｬ驛ｽ謌千ｫ鬮俶｡ 蟶昜ｺｬ螟ｧ蟄ｦ,A,68,https://league-one.jp/player/484066,,,'13 U23縲∵律譛ｬ莉｣陦ｨ47CAP,,
Ryota Hasegawa,髟ｷ隹ｷ蟾 蟠壼､ｪ,FL,蝓ｼ邇峨ヱ繝翫た繝九ャ繧ｯ繝ｯ繧､繝ｫ繝峨リ繧､繝ｼ2025-26ｼ,188,100,1993.05.12,32,譌･譛ｬ闊ｪ遨ｺ鬮俶｡,螟ｧ譚ｱ譁㍾喧螟ｧ蟄ｦ,譌･譛ｬ闊ｪ遨ｺ鬮俶｡ 螟ｧ譚ｱ譁㍾喧螟ｧ蟄ｦ,A,36,https://league-one.jp/player/484067,,,,,
Shunsuke Nunomaki,蟶ｷｻ 蟲ｻ莉,FL,蝓ｼ邇峨ヱ繝翫た繝九ャ繧ｯ繝ｯ繧､繝ｫ繝峨リ繧､繝ｼ2025-26ｼ,178,98,1992.07.13,33,譚ｱ遖丞ｲ｡鬮俶｡,譌ｩ遞ｲ逕ｰ螟ｧ蟄ｦ,譚ｱ遖丞ｲ｡鬮俶｡ 譌ｩ遞ｲ逕ｰ螟ｧ蟄ｦ,A,16,https://league-one.jp/player/484068,,,'10 鬮俶｡縲'11 U20縲∵律譛ｬ莉｣陦ｨ7CAP,,
Yuji Shimogama,荳矩∪ 蜆ｪ谺｡,HO,蝓ｼ邇峨ヱ繝翫た繝九ャ繧ｯ繝ｯ繧､繝ｫ繝峨リ繧､繝ｼ2025-26ｼ,178,102,1992.01.25,33,鮖ｿ蜈仙ｳｶ邇蛾ｾ埼ｫ俶｡,遲第ｳ｢螟ｧ蟄ｦ,鮖ｿ蜈仙ｳｶ邇蛾ｾ埼ｫ俶｡ 遲第ｳ｢螟ｧ蟄ｦ,A,2,https://league-one.jp/player/484069,,,,,
Craig Millar,繧ｯ繝ｬ繧､繧ｰ 繝ｻ繝溘Λ繝ｼ,PR,蝓ｼ邇峨ヱ繝翫た繝九ャ繧ｯ繝ｯ繧､繝ｫ繝峨リ繧､繝ｼ2025-26ｼ,186,116,1990.10.29,35,繧ｪ繧ｿ繧ｴ繝懊ｼ繧､繧ｺ繝上う繧ｹ繧ｯ繝ｼ繝ｫ鬮俶｡,繧ｪ繧ｿ繧ｴ螟ｧ蟄ｦ,繧ｪ繧ｿ繧ｴ繝懊ｼ繧､繧ｺ繝上う繧ｹ繧ｯ繝ｼ繝ｫ 繧ｪ繧ｿ繧ｴ螟ｧ蟄ｦ,A,67,https://league-one.jp/player/484070,,,譌･譛ｬ莉｣陦ｨ17CAP,,
Keita Inagaki,遞ｲ蝙｣ 蝠灘､ｪ,PR,蝓ｼ邇峨ヱ繝翫た繝九ャ繧ｯ繝ｯ繧､繝ｫ繝峨リ繧､繝ｼ2025-26ｼ,186,116,1990.06.02,35,譁ｰ貎溷ｷ･讌ｭ鬮俶｡,髢｢譚ｱ蟄ｦ髯｢螟ｧ蟄ｦ,譁ｰ貎溷ｷ･讌ｭ鬮俶｡ 髢｢譚ｱ蟄ｦ髯｢螟ｧ蟄ｦ,A,50,https://league-one.jp/player/484071,,,'08 U20縲∵律譛ｬ莉｣陦ｨ53CAP,,
AsaeliAi Valu,繝ｴ繧｡繝ｫ 繧｢繧ｵ繧ｨ繝ｪ諢,PR,蝓ｼ邇峨ヱ繝翫た繝九ャ繧ｯ繝ｯ繧､繝ｫ繝峨リ繧､繝ｼ2025-26ｼ,187,115,1989.05.07,36,豁｣譎ｺ豺ｱ隹ｷ鬮俶｡,蝓ｼ邇牙ｷ･讌ｭ螟ｧ蟄ｦ,豁｣譎ｺ豺ｱ隹ｷ鬮俶｡ 蝓ｼ邇牙ｷ･讌ｭ螟ｧ蟄ｦ,A,65,https://league-one.jp/player/484072,,,譌･譛ｬ莉｣陦ｨ30CAP,,
Ockie Barnard,繧ｪ繝く繝ｼ 繝ｻ繝舌ｼ繝翫ｼ繝,LO,蝓ｼ邇峨ヱ繝翫た繝九ャ繧ｯ繝ｯ繧､繝ｫ繝峨リ繧､繝ｼ2025-26ｼ,200,113,2001.04.20,24,繧ｦ繧ｧ繧ｹ繝医ン繝ｫ繝懊ｼ繧､繧ｺ鬮俶｡,,繧ｦ繧ｧ繧ｹ繝医ン繝ｫ繝懊ｼ繧､繧ｺ鬮俶｡,B,7,https://league-one.jp/player/484073,,,,,
Xavier Stowers,繧ｼ繧､繝薙い 繝ｻ繧ｹ繧ｿ繝ｯ繝ｼ繧ｺ,FL,蝓ｼ邇峨ヱ繝翫た繝九ャ繧ｯ繝ｯ繧､繝ｫ繝峨リ繧､繝ｼ2025-26ｼ,196,114,2003.07.28,22,IpswichGrammarSchool鬮俶｡,,IpswichGrammarSchool,B,4,https://league-one.jp/player/484074,,,,,
Taniela Vea,繧ｿ繝九お繝ｩ 繝ｻ繝ｴ繧ｧ繧｢,PR,蝓ｼ邇峨ヱ繝翫た繝九ャ繧ｯ繝ｯ繧､繝ｫ繝峨リ繧､繝ｼ2025-26ｼ,184,125,2000.04.24,25,逶ｮ鮟貞ｭｦ髯｢鬮俶｡,譚ｱ豢句､ｧ蟄ｦ,逶ｮ鮟貞ｭｦ髯｢ 譚ｱ豢句､ｧ蟄ｦ,A,2,https://league-one.jp/player/484075,,,,,
Orion Schmok,繧ｷ繝･繝｢繝け 繧ｪ繝ｩ繧､繧ｪ繝ｳ,LO,蝓ｼ邇峨ヱ繝翫た繝九ャ繧ｯ繝ｯ繧､繝ｫ繝峨リ繧､繝ｼ2025-26ｼ,181,100,2001.08.01,24,繝槭え繝ｳ繝医い繝ｫ繝舌ｼ繝医げ繝ｩ繝槭ｼ繧ｹ繧ｯ繝ｼ繝ｫ鬮俶｡,諷ｶ諛臥ｾｩ蝪ｾ螟ｧ蟄ｦ,繝槭え繝ｳ繝医い繝ｫ繝舌ｼ繝医げ繝ｩ繝槭ｼ繧ｹ繧ｯ繝ｼ繝ｫ 諷ｶ諛臥ｾｩ蝪ｾ螟ｧ蟄ｦ,A,0,https://league-one.jp/player/484076,,,,,
Shuto Nobuhara,蟒ｶ蜴 遘鬟,,蝓ｼ邇峨ヱ繝翫た繝九ャ繧ｯ繝ｯ繧､繝ｫ繝峨リ繧､繝ｼ2025-26ｼ,182,103,2001.12.06,24,莠ｬ驛ｽ謌千ｫ鬮俶｡,蟶昜ｺｬ螟ｧ蟄ｦ,莠ｬ驛ｽ謌千ｫ鬮俶｡ 蟶昜ｺｬ螟ｧ蟄ｦ,A,0,https://league-one.jp/player/484077,,,,,
Hayata Taniyama,隹ｷ螻ｱ 髫ｼ螟ｧ,,蝓ｼ邇峨ヱ繝翫た繝九ャ繧ｯ繝ｯ繧､繝ｫ繝峨リ繧､繝ｼ2025-26ｼ,184,95,2001.12.10,24,遖丞ｲ｡鬮俶｡,遲第ｳ｢螟ｧ蟄ｦ,遖丞ｲ｡鬮俶｡ 遲第ｳ｢螟ｧ蟄ｦ,A,4,https://league-one.jp/player/484078,,,,,
Shu Hagihara,關ｩ蜴 蜻ｨ,SH,蝓ｼ邇峨ヱ繝翫た繝九ャ繧ｯ繝ｯ繧､繝ｫ繝峨リ繧､繝ｼ2025-26ｼ,173,77,2001.07.13,24,螟ｧ髦ｪ譯占発鬮俶｡,譏取ｲｻ螟ｧ蟄ｦ,螟ｧ髦ｪ譯占発鬮俶｡ 譏取ｲｻ螟ｧ蟄ｦ,A,5,https://league-one.jp/player/484079,,,,,
Yoshiaki Taniguchi,隹ｷ蜿｣ 螳憺｡,FB,蝓ｼ邇峨ヱ繝翫た繝九ャ繧ｯ繝ｯ繧､繝ｫ繝峨リ繧､繝ｼ2025-26ｼ,172,80,2001.11.20,24,譚ｱ豬ｷ螟ｧ螟ｧ髦ｪ莉ｰ譏滄ｫ俶｡,譚ｱ豬ｷ螟ｧ蟄ｦ,譚ｱ豬ｷ螟ｧ螟ｧ髦ｪ莉ｰ譏滄ｫ俶｡ 譚ｱ豬ｷ螟ｧ蟄ｦ,A,0,https://league-one.jp/player/484080,,,,,
Jack Cornelsen,繧ｸ繝｣繝け 繝ｻ繧ｳ繝ｼ繝阪Ν繧ｻ繝ｳ,LO,蝓ｼ邇峨ヱ繝翫た繝九ャ繧ｯ繝ｯ繧､繝ｫ繝峨リ繧､繝ｼ2025-26ｼ,195,110,1994.10.13,31,繝悶Μ繧ｹ繝吶Φ繧ｰ繝ｩ繝槭ｼ繧ｹ繧ｯ繝ｼ繝ｫ鬮俶｡,University螟ｧ蟄ｦ,繝悶Μ繧ｹ繝吶Φ繧ｰ繝ｩ繝槭ｼ繧ｹ繧ｯ繝ｼ繝ｫ University of Queensland,A,69,https://league-one.jp/player/485708,,,譌･譛ｬ莉｣陦ｨ29CAP,,
Tjay Clarke,繝ぅ繝ｼ繧ｸ繧ｧ繧､ 繝ｻ繧ｯ繝ｩ繝ｼ繧ｯ,WTB,譚ｱ闃昴ヶ繝ｬ繧､繝悶Ν繝ｼ繝代せ譚ｱ莠ｬｼ2025-26ｼ,181,91,2002.08.20,23,StPatrick'sCollege鬮俶｡,,StPatrick'sCollege,B,3,https://league-one.jp/player/484341,,,,,
Netani Vakayalia,繝阪ち繝 繝ｻ繝ｴ繧｡繧ｫ繝､繝ｪ繧｢,WTB,譚ｱ闃昴ヶ繝ｬ繧､繝悶Ν繝ｼ繝代せ譚ｱ莠ｬｼ2025-26ｼ,181,94,1998.02.25,27,LeleanMemorialSchool鬮俶｡,,LeleanMemorialSchool,A,43,https://league-one.jp/player/484342,,,,,
Callum MacDonald,繧ｫ繝ｩ繝 繝ｻ繝槭け繝峨リ繝ｫ繝,LO,譚ｱ闃昴ヶ繝ｬ繧､繝悶Ν繝ｼ繝代せ譚ｱ莠ｬｼ2025-26ｼ,204,123,2000.03.06,25,IonaCollege鬮俶｡,,IonaCollege,A,5,https://league-one.jp/player/484343,,,,,
Michael Stolberg,繝槭う繧ｱ繝ｫ 繝ｻ繧ｹ繝医ｼ繝舌ｼ繧ｰ,LO,譚ｱ闃昴ヶ繝ｬ繧､繝悶Ν繝ｼ繝代せ譚ｱ莠ｬｼ2025-26ｼ,202,116,1992.03.27,33,AnglicanChurchGrammarSchool鬮俶｡,,AnglicanChurchGrammarSchool,A,54,https://league-one.jp/player/484344,,,,,
Andrew Makalio,繧｢繝ｳ繝峨Μ繝･繝ｼ 繝ｻ繝槭き繝ｪ繧ｪ,HO,譚ｱ闃昴ヶ繝ｬ繧､繝悶Ν繝ｼ繝代せ譚ｱ莠ｬｼ2025-26ｼ,185,129,1992.01.22,33,OnehungaHighSchool鬮俶｡,,OnehungaHighSchool,B,10,https://league-one.jp/player/484345,,,,,
Taishiro Kido,譛ｨ謌ｸ 螟ｧ螢ｫ驛,FL,譚ｱ闃昴ヶ繝ｬ繧､繝悶Ν繝ｼ繝代せ譚ｱ莠ｬｼ2025-26ｼ,186,104,2002.07.26,23,蟶ｸ鄙泌ｭｦ蝨帝ｫ俶｡,譏取ｲｻ螟ｧ蟄ｦ,蟶ｸ鄙泌ｭｦ蝨帝ｫ俶｡ 譏取ｲｻ螟ｧ蟄ｦ,A,2,https://league-one.jp/player/484346,,,'25 XV,,
Yuta Okamura,蟯｡譚 蜆ｪ螟ｪ,WTB,譚ｱ闃昴ヶ繝ｬ繧､繝悶Ν繝ｼ繝代せ譚ｱ莠ｬｼ2025-26ｼ,176,83,2002.08.26,23,譚ｱ豬ｷ螟ｧ蟄ｦ莉伜ｱ槫､ｧ髦ｪ莉ｰ譏滄ｫ俶｡,譚ｱ豬ｷ螟ｧ蟄ｦ,譚ｱ豬ｷ螟ｧ蟄ｦ莉伜ｱ槫､ｧ髦ｪ莉ｰ譏滄ｫ俶｡ 譚ｱ豬ｷ螟ｧ蟄ｦ,A,0,https://league-one.jp/player/484347,,,,,
Yohei Kobayashi,蟆乗棊 豢句ｹｳ,PR,譚ｱ闃昴ヶ繝ｬ繧､繝悶Ν繝ｼ繝代せ譚ｱ莠ｬｼ2025-26ｼ,177,108,2003.03.27,22,譚ｱ遖丞ｲ｡鬮俶｡,蟆ゆｿｮ螟ｧ蟄ｦ,譚ｱ遖丞ｲ｡鬮俶｡ 蟆ゆｿｮ螟ｧ蟄ｦ,A,0,https://league-one.jp/player/484348,,,,,
Ken Hiyoshi,譌･蜷 蛛･,HO,譚ｱ闃昴ヶ繝ｬ繧､繝悶Ν繝ｼ繝代せ譚ｱ莠ｬｼ2025-26ｼ,180,105,2002.08.29,23,螟ｧ髦ｪ逕｣讌ｭ螟ｧ蟄ｦ髯ｱ樣ｫ俶｡,莠ｬ驛ｽ逕｣讌ｭ螟ｧ蟄ｦ,螟ｧ髦ｪ逕｣讌ｭ螟ｧ蟄ｦ髯ｱ樣ｫ俶｡ 莠ｬ驛ｽ逕｣讌ｭ螟ｧ蟄ｦ,A,2,https://league-one.jp/player/484349,,,,,
Kim Suryung,驥 遘髫,WTB,譚ｱ闃昴ヶ繝ｬ繧､繝悶Ν繝ｼ繝代せ譚ｱ莠ｬｼ2025-26ｼ,186,85,1998.01.16,27,螟ｧ髦ｪ譛晞ｮｮ鬮俶｡,譛晞ｮｮ螟ｧ蟄ｦ譬｡螟ｧ蟄ｦ,螟ｧ髦ｪ譛晞ｮｮ鬮俶｡ 譛晞ｮｮ螟ｧ蟄ｦ譬｡,A,27,https://league-one.jp/player/484350,,,,,
Rinpei Sakaki,驟呈惠 蜃懷ｹｳ,HO,譚ｱ闃昴ヶ繝ｬ繧､繝悶Ν繝ｼ繝代せ譚ｱ莠ｬｼ2025-26ｼ,178,104,1999.11.12,26,蠕｡謇螳滓･ｭ鬮俶｡,螟ｧ譚ｱ譁㍾喧螟ｧ蟄ｦ,蠕｡謇螳滓･ｭ鬮俶｡ 螟ｧ譚ｱ譁㍾喧螟ｧ蟄ｦ,A,10,https://league-one.jp/player/484351,,,,,
Gentaro Ikenaga,豎豌ｸ 邇､ｪ驛,CTB,譚ｱ闃昴ヶ繝ｬ繧､繝悶Ν繝ｼ繝代せ譚ｱ莠ｬｼ2025-26ｼ,182,100,1997.01.27,28,荳雁ｮｮ螟ｪ蟄宣ｫ俶｡,螟ｩ逅､ｧ蟄ｦ,荳雁ｮｮ螟ｪ蟄宣ｫ俶｡ 螟ｩ逅､ｧ蟄ｦ,A,5,https://league-one.jp/player/484352,,,,,
Asaeli Lausii,繧｢繧ｵ繧ｨ繝ｪ 繝ｻ繝ｩ繧ｦ繧ｷ繝ｼ,LO,譚ｱ闃昴ヶ繝ｬ繧､繝悶Ν繝ｼ繝代せ譚ｱ莠ｬｼ2025-26ｼ,190,113,2000.01.26,25,譌･譛ｬ闊ｪ遨ｺ鬮倡ｭ牙ｭｦ譬｡,莠ｬ驛ｽ逕｣讌ｭ螟ｧ蟄ｦ,譌･譛ｬ闊ｪ遨ｺ鬮倡ｭ牙ｭｦ譬｡ 莠ｬ驛ｽ逕｣讌ｭ螟ｧ蟄ｦ,A,6,https://league-one.jp/player/484353,,,,,
Rikyu Yamakawa,螻ｱ蟾 蜉帛━,PR,譚ｱ闃昴ヶ繝ｬ繧､繝悶Ν繝ｼ繝代せ譚ｱ莠ｬｼ2025-26ｼ,175,113,1997.05.04,28,螟ｩ逅ｫ俶｡,螟ｩ逅､ｧ蟄ｦ,螟ｩ逅ｫ俶｡ 螟ｩ逅､ｧ蟄ｦ,A,3,https://league-one.jp/player/484354,,,,,
Sena Kimura,譛ｨ譚 譏溷漉,PR,譚ｱ闃昴ヶ繝ｬ繧､繝悶Ν繝ｼ繝代せ譚ｱ莠ｬｼ2025-26ｼ,176,108,1999.06.24,26,螟ｧ髦ｪ逕｣讌ｭ螟ｧ蟄ｦ髯ｱ樣ｫ俶｡,譚ｱ豬ｷ螟ｧ蟄ｦ,螟ｧ髦ｪ逕｣讌ｭ螟ｧ蟄ｦ髯ｱ樣ｫ俶｡ 譚ｱ豬ｷ螟ｧ蟄ｦ,A,51,https://league-one.jp/player/484355,,,'25 XV縲∵律譛ｬ莉｣陦ｨ3CAP,,
Jone Naikabula,繧ｸ繝ｧ繝 繝ｻ繝翫う繧ｫ繝悶Λ,WTB,譚ｱ闃昴ヶ繝ｬ繧､繝悶Ν繝ｼ繝代せ譚ｱ莠ｬｼ2025-26ｼ,177,95,1994.04.12,31,繧ｱ繝ｫ繧ｹ繝医Φ繝懊ｼ繧､繧ｺ鬮俶｡,鞫ょ漉螟ｧ蟄ｦ,繧ｱ繝ｫ繧ｹ繝医Φ繝懊ｼ繧､繧ｺ 鞫ょ漉螟ｧ蟄ｦ,A,52,https://league-one.jp/player/484356,,,譌･譛ｬ莉｣陦ｨ17CAP,,
Seta Tamanivalu,繧ｻ繧ｿ 繝ｻ繧ｿ繝槭ル繝舌Ν,CTB,譚ｱ闃昴ヶ繝ｬ繧､繝悶Ν繝ｼ繝代せ譚ｱ莠ｬｼ2025-26ｼ,189,104,1992.01.23,33,SaintKentigernCollegeｼ医そ繝ｳ繝医こ繝ｳ繝ぅ繧ｬ繝ｳ繧ｫ繝ｬ繝ずｼ蛾ｫ俶｡,,SaintKentigernCollegeｼ医そ繝ｳ繝医こ繝ｳ繝ぅ繧ｬ繝ｳ繧ｫ繝ｬ繝ずｼ,C,60,https://league-one.jp/player/484357,,,,,
Michael Leitch,繝ｪ繝ｼ繝 繝槭う繧ｱ繝ｫ,,譚ｱ闃昴ヶ繝ｬ繧､繝悶Ν繝ｼ繝代せ譚ｱ莠ｬｼ2025-26ｼ,189,113,1988.10.07,37,譛ｭ蟷悟ｱｱ縺ｮ謇矩ｫ俶｡,譚ｱ豬ｷ螟ｧ蟄ｦ,譛ｭ蟷悟ｱｱ縺ｮ謇矩ｫ俶｡ 譚ｱ豬ｷ螟ｧ蟄ｦ,A,61,https://league-one.jp/player/484358,,,譌･譛ｬ莉｣陦ｨ92CAP,,
Jacob Pierce,繧ｸ繧ｧ繧､繧ｳ繝 繝ｻ繝斐い繧ｹ,LO,譚ｱ闃昴ヶ繝ｬ繧､繝悶Ν繝ｼ繝代せ譚ｱ莠ｬｼ2025-26ｼ,201,106,1997.09.10,28,繝ｭ繧ｺ繝溘ル繧ｫ繝ｬ繝ず鬮俶｡,,繝ｭ繧ｺ繝溘ル繧ｫ繝ｬ繝ず鬮俶｡,A,60,https://league-one.jp/player/484359,,,,,
Toshiki Kuwayama,譯大ｱｱ 閨也函,FB,譚ｱ闃昴ヶ繝ｬ繧､繝悶Ν繝ｼ繝代せ譚ｱ莠ｬｼ2025-26ｼ,184,95,1996.06.06,29,鮖ｿ蜈仙ｳｶ螳滓･ｭ鬮俶｡,譌ｩ遞ｲ逕ｰ螟ｧ蟄ｦ,鮖ｿ蜈仙ｳｶ螳滓･ｭ鬮俶｡ 譌ｩ遞ｲ逕ｰ螟ｧ蟄ｦ,A,19,https://league-one.jp/player/484360,,,'15 U20縲'15 U23,,
Shohei Toyoshima,雎雁ｳｶ 鄙泌ｹｳ,FB,譚ｱ闃昴ヶ繝ｬ繧､繝悶Ν繝ｼ繝代せ譚ｱ莠ｬｼ2025-26ｼ,175,87,1989.01.09,36,譚ｱ豬ｷ螟ｧ逶ｸ讓｡鬮俶｡,譚ｱ豬ｷ螟ｧ蟄ｦ,譚ｱ豬ｷ螟ｧ逶ｸ讓｡鬮俶｡ 譚ｱ豬ｷ螟ｧ蟄ｦ,A,31,https://league-one.jp/player/484361,,,,,
Atsuki Kuwayama,譯大ｱｱ 豺ｳ逕,WTB,譚ｱ闃昴ヶ繝ｬ繧､繝悶Ν繝ｼ繝代せ譚ｱ莠ｬｼ2025-26ｼ,183,90,1997.11.15,28,鮖ｿ蜈仙ｳｶ螳滓･ｭ鬮俶｡,譌ｩ遞ｲ逕ｰ螟ｧ蟄ｦ,鮖ｿ蜈仙ｳｶ螳滓･ｭ鬮俶｡ 譌ｩ遞ｲ逕ｰ螟ｧ蟄ｦ,A,27,https://league-one.jp/player/484362,,,,,
Masaki Hamada,豼ｱ逕ｰ 蟆嚔,WTB,譚ｱ闃昴ヶ繝ｬ繧､繝悶Ν繝ｼ繝代せ譚ｱ莠ｬｼ2025-26ｼ,174,80,1996.07.13,29,莠ｬ驛ｽ謌千ｫ鬮俶｡,莠ｬ驛ｽ逕｣讌ｭ螟ｧ蟄ｦ,莠ｬ驛ｽ謌千ｫ鬮俶｡ 莠ｬ驛ｽ逕｣讌ｭ螟ｧ蟄ｦ,A,25,https://league-one.jp/player/484363,,,,,
Taichi Mano,逵樣㍽ 豕ｰ蝨ｰ,CTB,譚ｱ闃昴ヶ繝ｬ繧､繝悶Ν繝ｼ繝代せ譚ｱ莠ｬｼ2025-26ｼ,173,90,1997.06.01,28,譚ｱ豬ｷ螟ｧ蟄ｦ莉伜ｱ槫､ｧ髦ｪ莉ｰ譏滄ｫ倡ｭ牙ｭｦ譬｡,譚ｱ豬ｷ螟ｧ蟄ｦ,譚ｱ豬ｷ螟ｧ蟄ｦ莉伜ｱ槫､ｧ髦ｪ莉ｰ譏滄ｫ倡ｭ牙ｭｦ譬｡ 譚ｱ豬ｷ螟ｧ蟄ｦ,A,39,https://league-one.jp/player/484364,,,'16 U20縲'17 U20縲'17 U23縲'18 U23,,
Takuro Matsunaga,譚ｾ豌ｸ 諡捺恬,SO,譚ｱ闃昴ヶ繝ｬ繧､繝悶Ν繝ｼ繝代せ譚ｱ莠ｬｼ2025-26ｼ,172,81,1998.08.13,27,螟ｧ髦ｪ逕｣讌ｭ螟ｧ蟄ｦ髯ｱ樣ｫ俶｡,螟ｩ逅､ｧ蟄ｦ,螟ｧ髦ｪ逕｣讌ｭ螟ｧ蟄ｦ髯ｱ樣ｫ俶｡ 螟ｩ逅､ｧ蟄ｦ,A,68,https://league-one.jp/player/484365,,,'25 XV,,
Yuhei Sugiyama,譚牙ｱｱ 蜆ｪ蟷ｳ,SH,譚ｱ闃昴ヶ繝ｬ繧､繝悶Ν繝ｼ繝代せ譚ｱ莠ｬｼ2025-26ｼ,169,76,1997.06.05,28,螟ｧ髦ｪ譯占発鬮俶｡,遲第ｳ｢螟ｧ蟄ｦ,螟ｧ髦ｪ譯占発鬮俶｡ 遲第ｳ｢螟ｧ蟄ｦ,A,49,https://league-one.jp/player/484366,,,,,
Kohei Takahashi,鬮俶ｩ 譏ｴ蟷ｳ,SH,譚ｱ闃昴ヶ繝ｬ繧､繝悶Ν繝ｼ繝代せ譚ｱ莠ｬｼ2025-26ｼ,167,79,1996.04.12,29,髟ｷ蟠主漉螻ｱ鬮俶｡,蟆ゆｿｮ螟ｧ蟄ｦ,髟ｷ蟠主漉螻ｱ鬮俶｡ 蟆ゆｿｮ螟ｧ蟄ｦ,A,20,https://league-one.jp/player/484367,,,,,
Takahiro Ogawa,蟆丞ｷ 鬮伜ｻ｣,SH,譚ｱ闃昴ヶ繝ｬ繧､繝悶Ν繝ｼ繝代せ譚ｱ莠ｬｼ2025-26ｼ,170,77,1991.03.18,34,譚ｱ遖丞ｲ｡鬮俶｡,譌･譛ｬ螟ｧ蟄ｦ,譚ｱ遖丞ｲ｡鬮俶｡ 譌･譛ｬ螟ｧ蟄ｦ,A,46,https://league-one.jp/player/484368,,,'13 U23縲∵律譛ｬ莉｣陦ｨ3CAP,,
Yoshitaka Tokunaga,蠕ｳ豌ｸ 逾･蟆ｭ,,譚ｱ闃昴ヶ繝ｬ繧､繝悶Ν繝ｼ繝代せ譚ｱ莠ｬｼ2025-26ｼ,186,105,1992.04.10,33,髢｢隘ｿ蟄ｦ髯｢鬮倡ｭ蛾Κ鬮俶｡,髢｢隘ｿ蟄ｦ髯｢螟ｧ蟄ｦ,髢｢隘ｿ蟄ｦ髯｢鬮倡ｭ蛾Κ 髢｢隘ｿ蟄ｦ髯｢螟ｧ蟄ｦ,A,49,https://league-one.jp/player/484369,,,'13 U23縲∵律譛ｬ莉｣陦ｨ15CAP,,
Takeshi Sasaki,菴舌⒧惠 蜑,FL,譚ｱ闃昴ヶ繝ｬ繧､繝悶Ν繝ｼ繝代せ譚ｱ莠ｬｼ2025-26ｼ,180,101,1997.04.17,28,髱呈｣ｮ逵檎ｫ句ｫ謌ｸ隘ｿ鬮倡ｭ牙ｭｦ譬｡,螟ｧ譚ｱ譁㍾喧螟ｧ蟄ｦ,髱呈｣ｮ逵檎ｫ句ｫ謌ｸ隘ｿ鬮倡ｭ牙ｭｦ譬｡ 螟ｧ譚ｱ譁㍾喧螟ｧ蟄ｦ,A,54,https://league-one.jp/player/484370,,,,,
Hiroki Yamamoto,螻ｱ譛ｬ 豬ｩ霈,FL,譚ｱ闃昴ヶ繝ｬ繧､繝悶Ν繝ｼ繝代せ譚ｱ莠ｬｼ2025-26ｼ,187,95,1992.11.17,33,遏ｳ隕区匱鄙鬢ｨ鬮俶｡,遲第ｳ｢螟ｧ蟄ｦ,遏ｳ隕区匱鄙鬢ｨ鬮俶｡ 遲第ｳ｢螟ｧ蟄ｦ,A,25,https://league-one.jp/player/484371,,,'13 U23縲∵律譛ｬ莉｣陦ｨ6CAP,,
Shoichi Takagi,鬮伜沁 蜍昜ｸ,LO,譚ｱ闃昴ヶ繝ｬ繧､繝悶Ν繝ｼ繝代せ譚ｱ莠ｬｼ2025-26ｼ,197,112,1998.06.29,27,豎取鬮俶｡,鞫ょ漉螟ｧ蟄ｦ,豎取鬮俶｡ 鞫ょ漉螟ｧ蟄ｦ,A,0,https://league-one.jp/player/484372,,,,,
Daigo Hashimoto,讖区悽 螟ｧ蜷ｾ,HO,譚ｱ闃昴ヶ繝ｬ繧､繝悶Ν繝ｼ繝代せ譚ｱ莠ｬｼ2025-26ｼ,174,103,1994.01.28,31,豺ｱ隹ｷ鬮俶｡,遲第ｳ｢螟ｧ蟄ｦ,豺ｱ隹ｷ鬮俶｡ 遲第ｳ｢螟ｧ蟄ｦ,A,65,https://league-one.jp/player/484373,,,'16 U23縲∵律譛ｬ莉｣陦ｨ3CAP,,
Futoshi Mori,譽ｮ 螟ｪ蠢,HO,譚ｱ闃昴ヶ繝ｬ繧､繝悶Ν繝ｼ繝代せ譚ｱ莠ｬｼ2025-26ｼ,174,103,1988.04.25,37,莉吝床閧ｲ闍ｱ蟄ｦ蝨帝ｫ俶｡,蟶昜ｺｬ螟ｧ蟄ｦ,莉吝床閧ｲ闍ｱ蟄ｦ蝨帝ｫ俶｡ 蟶昜ｺｬ螟ｧ蟄ｦ,A,13,https://league-one.jp/player/484374,,,譌･譛ｬ莉｣陦ｨ2CAP,,
Yuta Kokaji,蟆城骨豐ｻ 謔螟ｪ,PR,譚ｱ闃昴ヶ繝ｬ繧､繝悶Ν繝ｼ繝代せ譚ｱ莠ｬｼ2025-26ｼ,176,109,1998.07.08,27,螟ｧ髦ｪ逕｣讌ｭ螟ｧ蟄ｦ髯ｱ樣ｫ俶｡,螟ｩ逅､ｧ蟄ｦ,螟ｧ髦ｪ逕｣讌ｭ螟ｧ蟄ｦ髯ｱ樣ｫ俶｡ 螟ｩ逅､ｧ蟄ｦ,A,63,https://league-one.jp/player/484375,,,'25 XV,,
Teruo Makabe,逵槫｣ 辣ｧ逕ｷ,PR,譚ｱ闃昴ヶ繝ｬ繧､繝悶Ν繝ｼ繝代せ譚ｱ莠ｬｼ2025-26ｼ,172,110,1996.05.04,29,譯占発蟄ｦ蝨帝ｫ俶｡,遶区蕗螟ｧ蟄ｦ,譯占発蟄ｦ蝨帝ｫ俶｡ 遶区蕗螟ｧ蟄ｦ,A,41,https://league-one.jp/player/484376,,,,,
Masataka Mikami,荳我ｸ 豁｣雋ｴ,PR,譚ｱ闃昴ヶ繝ｬ繧､繝悶Ν繝ｼ繝代せ譚ｱ莠ｬｼ2025-26ｼ,178,111,1988.06.04,37,髱呈｣ｮ蟾･讌ｭ鬮俶｡,譚ｱ豬ｷ螟ｧ蟄ｦ,髱呈｣ｮ蟾･讌ｭ鬮俶｡ 譚ｱ豬ｷ螟ｧ蟄ｦ,A,55,https://league-one.jp/player/484377,,,'07 U20縲∵律譛ｬ莉｣陦ｨ35CAP,,
Motoki Tanaka,逕ｰ荳ｭ 蜈匠,SH,譚ｱ闃昴ヶ繝ｬ繧､繝悶Ν繝ｼ繝代せ譚ｱ莠ｬｼ2025-26ｼ,180,83,2001.04.18,24,繧ｪ繧ｿ繧ｴ繝懊ｼ繧､繧ｺ繝上う繧ｹ繧ｯ繝ｼ繝ｫ鬮俶｡,,繧ｪ繧ｿ繧ｴ繝懊ｼ繧､繧ｺ繝上う繧ｹ繧ｯ繝ｼ繝ｫ,A,4,https://league-one.jp/player/484378,,,,,
Rob Thompson,繝ｭ繝 繝ｻ繝医Φ繝励た繝ｳ,CTB,譚ｱ闃昴ヶ繝ｬ繧､繝悶Ν繝ｼ繝代せ譚ｱ莠ｬｼ2025-26ｼ,184,103,1991.08.29,34,繝代ｼ繝槭せ繝医Φ繝弱ｼ繧ｹ繝懊ｼ繧､繧ｺ繝上う繧ｹ繧ｯ繝ｼ繝ｫ鬮俶｡,,繝代ｼ繝槭せ繝医Φ繝弱ｼ繧ｹ繝懊ｼ繧､繧ｺ繝上う繧ｹ繧ｯ繝ｼ繝ｫ,A,51,https://league-one.jp/player/484379,,,,,
Makoto Iwafuchi,蟯ｩ貂 隱,WTB,譚ｱ闃昴ヶ繝ｬ繧､繝悶Ν繝ｼ繝代せ譚ｱ莠ｬｼ2025-26ｼ,182,90,2000.04.20,25,譁ｰ貎滄ｫ俶｡,髦ｲ陦帛､ｧ蟄ｦ譬｡螟ｧ蟄ｦ,譁ｰ貎滄ｫ俶｡ 髦ｲ陦帛､ｧ蟄ｦ譬｡,A,0,https://league-one.jp/player/484380,,,,,
Michael Collins,繝槭う繧ｱ繝ｫ 繝ｻ繧ｳ繝ｪ繝ｳ繧ｺ,UTB,譚ｱ闃昴ヶ繝ｬ繧､繝悶Ν繝ｼ繝代せ譚ｱ莠ｬｼ2025-26ｼ,187,94,1993.06.03,32,繧ｪ繧ｿ繧ｴ繝懊ｼ繧､繧ｺ繝上う繧ｹ繧ｯ繝ｼ繝ｫ鬮俶｡,繧ｪ繧ｿ繧ｴ螟ｧ蟄ｦ,繧ｪ繧ｿ繧ｴ繝懊ｼ繧､繧ｺ繝上う繧ｹ繧ｯ繝ｼ繝ｫ 繧ｪ繧ｿ繧ｴ螟ｧ蟄ｦ,B,27,https://league-one.jp/player/484381,,,,,
Richie Mounga,繝ｪ繝メ繝ｼ 繝ｻ繝｢繧ｦ繝ｳ繧ｬ,SO,譚ｱ闃昴ヶ繝ｬ繧､繝悶Ν繝ｼ繝代せ譚ｱ莠ｬｼ2025-26ｼ,176,83,1994.05.25,31,RiccartonHighSchool鬮俶｡,St.Andrew'sCollege螟ｧ蟄ｦ,RiccartonHighSchool St.Andrew'sCollege,C,36,https://league-one.jp/player/484382,,,,,
Shannon Frizell,繧ｷ繝｣繝弱Φ 繝ｻ繝輔Μ繧ｼ繝ｫ,FL,譚ｱ闃昴ヶ繝ｬ繧､繝悶Ν繝ｼ繝代せ譚ｱ莠ｬｼ2025-26ｼ,195,114,1994.02.11,31,'Apifo'ouCollege鬮俶｡,,'Apifo'ouCollege,C,36,https://league-one.jp/player/484383,,,,,
Shuto Harabuchi,蜴滓ｸ 菫ｮ莠ｺ,PR,譚ｱ闃昴ヶ繝ｬ繧､繝悶Ν繝ｼ繝代せ譚ｱ莠ｬｼ2025-26ｼ,177,108,2002.03.07,23,螟ｧ髦ｪ蠎懃ｫ区曹豢･鬮俶｡,鞫ょ漉螟ｧ蟄ｦ,螟ｧ髦ｪ蠎懃ｫ区曹豢･鬮俶｡ 鞫ょ漉螟ｧ蟄ｦ,A,0,https://league-one.jp/player/484384,,,,,
Vea Taumoefolau,繝ｴ繧ｧ繧｢ 繝ｻ繧ｿ繝｢繧ｨ繝輔か繝ｩ繧ｦ,PR,譚ｱ闃昴ヶ繝ｬ繧､繝悶Ν繝ｼ繝代せ譚ｱ莠ｬｼ2025-26ｼ,186,123,2001.11.05,24,譛ｭ蟷悟ｱｱ縺ｮ謇矩ｫ俶｡,莠ｬ驛ｽ逕｣讌ｭ螟ｧ蟄ｦ,譛ｭ蟷悟ｱｱ縺ｮ謇矩ｫ俶｡ 莠ｬ驛ｽ逕｣讌ｭ螟ｧ蟄ｦ,A,3,https://league-one.jp/player/484385,,,,,
Senfu Kamei,莠莠 闌憺｢ｨ,LO,譚ｱ闃昴ヶ繝ｬ繧､繝悶Ν繝ｼ繝代せ譚ｱ莠ｬｼ2025-26ｼ,193,110,2001.06.12,24,髟ｷ蟠守恁遶矩聞蟠主圏髯ｽ蜿ｰ鬮倡ｭ牙ｭｦ譬｡,譏取ｲｻ螟ｧ蟄ｦ,髟ｷ蟠守恁遶矩聞蟠主圏髯ｽ蜿ｰ鬮倡ｭ牙ｭｦ譬｡ 譏取ｲｻ螟ｧ蟄ｦ,A,0,https://league-one.jp/player/484386,,,,,
Rye On Yoon,蟆ｹ 遉ｼ貂ｩ,FL,譚ｱ闃昴ヶ繝ｬ繧､繝悶Ν繝ｼ繝代せ譚ｱ莠ｬｼ2025-26ｼ,184,104,2001.06.30,24,螟ｧ髦ｪ譛晞ｮｮ鬮俶｡,蟶昜ｺｬ螟ｧ蟄ｦ,螟ｧ髦ｪ譛晞ｮｮ鬮俶｡ 蟶昜ｺｬ螟ｧ蟄ｦ,A,0,https://league-one.jp/player/484387,,,,,
Afu Ofeina,繧｢繝 繝ｻ繧ｪ繝輔ぅ繝,FL,譚ｱ闃昴ヶ繝ｬ繧､繝悶Ν繝ｼ繝代せ譚ｱ莠ｬｼ2025-26ｼ,187,113,2000.06.18,25,譚ｱ豬ｷ螟ｧ蟄ｦ莉伜ｱ樒ｦ丞ｲ｡鬮倡ｭ牙ｭｦ譬｡,譚ｱ豬ｷ螟ｧ蟄ｦ,譚ｱ豬ｷ螟ｧ蟄ｦ莉伜ｱ樒ｦ丞ｲ｡鬮倡ｭ牙ｭｦ譬｡ 譚ｱ豬ｷ螟ｧ蟄ｦ,A,3,https://league-one.jp/player/484388,,,,,
Shotaro Ikedo,豎謌ｸ 蟆､ｪ驛,SH,譚ｱ闃昴ヶ繝ｬ繧､繝悶Ν繝ｼ繝代せ譚ｱ莠ｬｼ2025-26ｼ,180,90,2001.06.03,24,譚ｱ豬ｷ螟ｧ蟄ｦ莉伜ｱ樒嶌讓｡鬮倡ｭ牙ｭｦ譬｡,譏取ｲｻ螟ｧ蟄ｦ,譚ｱ豬ｷ螟ｧ蟄ｦ莉伜ｱ樒嶌讓｡鬮倡ｭ牙ｭｦ譬｡ 譏取ｲｻ螟ｧ蟄ｦ,A,4,https://league-one.jp/player/484389,,,,,
Rei Ishioka,遏ｳ蟯｡ 邇ｲ闍ｱ,WTB,譚ｱ闃昴ヶ繝ｬ繧､繝悶Ν繝ｼ繝代せ譚ｱ莠ｬｼ2025-26ｼ,177,85,2001.09.22,24,螂郁憶逵檎ｫ句ｾ｡謇螳滓･ｭ鬮倡ｭ牙ｭｦ譬｡,豕墓帆螟ｧ蟄ｦ,螂郁憶逵檎ｫ句ｾ｡謇螳滓･ｭ鬮倡ｭ牙ｭｦ譬｡ 豕墓帆螟ｧ蟄ｦ,A,1,https://league-one.jp/player/484390,,,,,
Stephanus Du Toit,繧ｹ繝ヵ繧｡繝ｼ繝翫せ 繝ｻ繝峨ぇ繝医う,UTB,譚ｱ闃昴ヶ繝ｬ繧､繝悶Ν繝ｼ繝代せ譚ｱ莠ｬｼ2025-26ｼ,185,96,2001.03.23,24,PaarlGimnasiumHighSchool鬮俶｡,豬夂ｵ梧ｸ亥､ｧ蟄ｦ,PaarlGimnasiumHighSchool 豬夂ｵ梧ｸ亥､ｧ蟄ｦ,A,0,https://league-one.jp/player/484391,,,,,
Shohei Ito,莨願陸 髏伜ｹｳ,LO,譚ｱ闃昴ヶ繝ｬ繧､繝悶Ν繝ｼ繝代せ譚ｱ莠ｬｼ2025-26ｼ,190,108,1997.05.01,28,譛ｭ蟷悟ｱｱ縺ｮ謇矩ｫ俶｡,莠ｬ驛ｽ逕｣讌ｭ螟ｧ蟄ｦ,譛ｭ蟷悟ｱｱ縺ｮ謇矩ｫ俶｡ 莠ｬ驛ｽ逕｣讌ｭ螟ｧ蟄ｦ,A,56,https://league-one.jp/player/485501,,,'17 U20縲'25 XV,,
Mark Telea,繝槭ｼ繧ｯ 繝ｻ繝Ξ繧｢,WTB,繝医Κ繧ｿ繝ｴ繧ｧ繝ｫ繝悶Μ繝ヤｼ2025-26ｼ,186,94,1996.12.06,29,繝槭ャ繧ｻ繝ｼ繝上う繧ｹ繧ｯ繝ｼ繝ｫ鬮俶｡,,繝槭ャ繧ｻ繝ｼ繝上う繧ｹ繧ｯ繝ｼ繝ｫ,C,3,https://league-one.jp/player/484444,,,,,
Hamdahn Tuipulotu,繝上Β繝繝ｳ 繝ｻ繝医ぇ繧､繝励Ο繝医ぇ,PR,繝医Κ繧ｿ繝ｴ繧ｧ繝ｫ繝悶Μ繝ヤｼ2025-26ｼ,182,125,2000.03.21,25,繧ｻ繝ｳ繝医ｻ繝斐ｼ繧ｿ繝ｼ繧ｺ鬮俶｡,繧ｫ繝ｬ繝ず,繧ｻ繝ｳ繝医ｻ繝斐ｼ繧ｿ繝ｼ繧ｺ 繧ｫ繝ｬ繝ず,B,2,https://league-one.jp/player/484445,,,,,
Harrison Goggin,繝上Μ繧ｽ繝ｳ 繝ｻ繧ｴ繧ｮ繝ｳ,LO,繝医Κ繧ｿ繝ｴ繧ｧ繝ｫ繝悶Μ繝ヤｼ2025-26ｼ,206,126,2001.05.22,24,繧ｻ繝ｳ繝医ず繝ｧ繧ｻ繝輔ぜ繝翫ず繝ｼ繧ｫ繝ｬ繝ず,,繧ｻ繝ｳ繝医ず繝ｧ繧ｻ繝輔ぜ繝翫ず繝ｼ繧ｫ繝ｬ繝ず,B,1,https://league-one.jp/player/484446,,,,,
Schalk Erasmus,繧ｹ繧ｫ繝ｫ繧ｯ 繝ｻ繧ｨ繝ｩ繧ｹ繝槭せ,HO,繝医Κ繧ｿ繝ｴ繧ｧ繝ｫ繝悶Μ繝ヤｼ2025-26ｼ,184,109,1998.04.16,27,繧ｹ繝Ξ繝ｳ繝懊ャ繧ｷ繝･繧ｫ繝ｬ繝ず,,繧ｹ繝Ξ繝ｳ繝懊ャ繧ｷ繝･繧ｫ繝ｬ繝ず,B,16,https://league-one.jp/player/484447,,,,,
Jone Kerevi,繧ｸ繝ｧ繝 繝ｻ繧ｱ繝ｬ繝,HO,繝医Κ繧ｿ繝ｴ繧ｧ繝ｫ繝悶Μ繝ヤｼ2025-26ｼ,184,108,1998.08.22,27,螟ｩ逅､ｧ蟄ｦ鬮俶｡,,螟ｩ逅､ｧ蟄ｦ,A,9,https://league-one.jp/player/484448,,,,,
Aidan Morgan,繧ｨ繧､繝繝ｳ 繝ｻ繝｢繝ｼ繧ｬ繝ｳ,SO,繝医Κ繧ｿ繝ｴ繧ｧ繝ｫ繝悶Μ繝ヤｼ2025-26ｼ,172,81,2001.06.07,24,繧ｭ繝ｳ繧ｰ繧ｹ繧ｫ繝ｬ繝ず,,繧ｭ繝ｳ繧ｰ繧ｹ繧ｫ繝ｬ繝ず,B,0,https://league-one.jp/player/484449,,,,,
Semisi Tupou,繧ｻ繝溘す 繝ｻ繝医ぇ繝昴え,WTB,繝医Κ繧ｿ繝ｴ繧ｧ繝ｫ繝悶Μ繝ヤｼ2025-26ｼ,190,94,1999.06.29,26,繧ｻ繝ｳ繝医ず繝ｧ繧ｻ繝輔リ繝ず繝ｼ鬮俶｡,,繧ｻ繝ｳ繝医ず繝ｧ繧ｻ繝輔リ繝ず繝ｼ,A,34,https://league-one.jp/player/484450,,,,,
Keito Aoki,髱呈惠 諱ｵ譁,FL,繝医Κ繧ｿ繝ｴ繧ｧ繝ｫ繝悶Μ繝ヤｼ2025-26ｼ,187,110,2002.06.14,23,譯占発蟄ｦ蝨帝ｫ俶｡,蟶昜ｺｬ螟ｧ蟄ｦ,譯占発蟄ｦ蝨 蟶昜ｺｬ,A,11,https://league-one.jp/player/484451,,,'24 XV縲'25 XV,,
Hanjiro Hirai,蟷ｳ莠 蜊頑ｬ｡驛,PR,繝医Κ繧ｿ繝ｴ繧ｧ繝ｫ繝悶Μ繝ヤｼ2025-26ｼ,180,108,2002.12.13,23,蠕｡謇螳滓･ｭ鬮俶｡,蟶昜ｺｬ螟ｧ蟄ｦ,蠕｡謇螳滓･ｭ 蟶昜ｺｬ,A,0,https://league-one.jp/player/484452,,,,,
Nicholas McCurran,繝九さ繝ｩ繧ｹ 繝ｻ繝槭け繧ｫ繝ｩ繝ｳ,CTB,繝医Κ繧ｿ繝ｴ繧ｧ繝ｫ繝悶Μ繝ヤｼ2025-26ｼ,189,94,1996.06.13,29,繝上Α繝ｫ繝医Φ繝懊ｼ繧､繧ｺ鬮俶｡,蟶昜ｺｬ螟ｧ蟄ｦ,繝上Α繝ｫ繝医Φ繝懊ｼ繧､繧ｺ 蟶昜ｺｬ,A,53,https://league-one.jp/player/484453,,,譌･譛ｬ莉｣陦ｨ7CAP,,
Rikiya Matsuda,譚ｾ逕ｰ 蜉帑ｹ,SO,繝医Κ繧ｿ繝ｴ繧ｧ繝ｫ繝悶Μ繝ヤｼ2025-26ｼ,181,92,1994.05.03,31,莨剰ｦ句ｷ･讌ｭ鬮俶｡,蟶昜ｺｬ螟ｧ蟄ｦ,莨剰ｦ句ｷ･讌ｭ 蟶昜ｺｬ,A,59,https://league-one.jp/player/484454,,,'13 U23縲∵律譛ｬ莉｣陦ｨ39CAP,,
Issa Yamakawa,螻ｱ蟾 荳迹ｳ,LO,繝医Κ繧ｿ繝ｴ繧ｧ繝ｫ繝悶Μ繝ヤｼ2025-26ｼ,190,103,2000.07.05,25,蟶ｸ鄙泌ｭｦ蝨帝ｫ俶｡,蟶昜ｺｬ螟ｧ蟄ｦ,蟶ｸ鄙泌ｭｦ蝨 蟶昜ｺｬ,A,2,https://league-one.jp/player/484455,,,'20 U23,,
Dick Wilson,繝ぅ繝け 繝ｻ繧ｦ繧｣繝ｫ繧ｽ繝ｳ,CTB,繝医Κ繧ｿ繝ｴ繧ｧ繝ｫ繝悶Μ繝ヤｼ2025-26ｼ,180,96,1996.09.02,29,繧｢繧ｪ繝ｬ繝ｬ鬮俶｡,,繧｢繧ｪ繝ｬ繝ｬ,A,33,https://league-one.jp/player/484456,,,,,
Kaisei Tamura,逕ｰ譚 鬲∽ｸ,SH,繝医Κ繧ｿ繝ｴ繧ｧ繝ｫ繝悶Μ繝ヤｼ2025-26ｼ,171,80,1999.12.15,26,譯占発蟄ｦ蝨帝ｫ俶｡,蜷悟ｿ礼､ｾ螟ｧ蟄ｦ,譯占発蟄ｦ蝨 蜷悟ｿ礼､ｾ,A,5,https://league-one.jp/player/484457,,,'17 鬮俶｡縲'19 U20縲'19 U23,,
Ryusei Koike,蟆乗ｱ 髫,FL,繝医Κ繧ｿ繝ｴ繧ｧ繝ｫ繝悶Μ繝ヤｼ2025-26ｼ,188,106,1999.11.18,26,譚ｱ莠ｬ鬮俶｡,譚ｱ豬ｷ螟ｧ蟄ｦ,譚ｱ莠ｬ 譚ｱ豬ｷ,A,19,https://league-one.jp/player/484458,,,'19 U20縲'19 U23縲'20 U23,,
Ryunosuke Momoji,逋ｾ蝨ｰ 鮴堺ｹ倶ｻ,PR,繝医Κ繧ｿ繝ｴ繧ｧ繝ｫ繝悶Μ繝ヤｼ2025-26ｼ,175,108,1999.09.03,26,譚ｱ豬ｷ螟ｧ螟ｧ髦ｪ莉ｰ譏滄ｫ俶｡,遶句多鬢ｨ螟ｧ蟄ｦ,譚ｱ豬ｷ螟ｧ莉ｰ譏 遶句多鬢ｨ,A,17,https://league-one.jp/player/484459,,,'17 鬮俶｡縲'18 U20縲'19 U20縲'19 U23,,
Taichi Takahashi,鬮俶ｩ 豎ｰ蝨ｰ,WTB,繝医Κ繧ｿ繝ｴ繧ｧ繝ｫ繝悶Μ繝ヤｼ2025-26ｼ,180,91,1996.06.24,29,蟶ｸ鄙泌ｭｦ蝨帝ｫ俶｡,譏取ｲｻ螟ｧ蟄ｦ,蟶ｸ鄙泌ｭｦ蝨 譏取ｲｻ,A,55,https://league-one.jp/player/484460,,,譌･譛ｬ莉｣陦ｨ2CAP,,
Yuki Okada,蟯｡逕ｰ 蜆ｪ霈,CTB,繝医Κ繧ｿ繝ｴ繧ｧ繝ｫ繝悶Μ繝ヤｼ2025-26ｼ,181,92,1995.07.13,30,螟ｧ髦ｪ譯占発鬮俶｡,蟶昜ｺｬ螟ｧ蟄ｦ,螟ｧ髦ｪ譯占発 蟶昜ｺｬ,A,33,https://league-one.jp/player/484461,,,'15 U20縲'15 U23,,
Masahiro Kitamura,蛹玲搗 蟆､ｧ,SO,繝医Κ繧ｿ繝ｴ繧ｧ繝ｫ繝悶Μ繝ヤｼ2025-26ｼ,171,80,1998.08.29,27,蠕｡謇螳滓･ｭ鬮俶｡,蟶昜ｺｬ螟ｧ蟄ｦ,蠕｡謇螳滓･ｭ 蟶昜ｺｬ,A,3,https://league-one.jp/player/484462,,,,,
Tiaan Falcon,繝ぅ繧｢繝ｼ繝ｳ 繝ｻ繝輔ぃ繝ｫ繧ｳ繝ｳ,FB,繝医Κ繧ｿ繝ｴ繧ｧ繝ｫ繝悶Μ繝ヤｼ2025-26ｼ,181,90,1997.06.19,28,繝ｪ繝ｳ繝ぅ繧ｹ繝輔ぃ繝ｼ繝ｳ繧ｫ繝ｬ繝ず,,繝ｪ繝ｳ繝ぅ繧ｹ繝輔ぃ繝ｼ繝ｳ繧ｫ繝ｬ繝ず,A,40,https://league-one.jp/player/484463,,,,,
Jongchu Ryang,譴 豁｣遘,SH,繝医Κ繧ｿ繝ｴ繧ｧ繝ｫ繝悶Μ繝ヤｼ2025-26ｼ,171,76,1992.12.14,33,螟ｧ髦ｪ譛晞ｮｮ鬮俶｡,莠ｬ驛ｽ逕｣讌ｭ螟ｧ蟄ｦ,螟ｧ髦ｪ譛晞ｮｮ 莠ｬ驛ｽ逕｣讌ｭ,A,6,https://league-one.jp/player/484464,,,,,
Kaito Shigeno,闌る㍽ 豬ｷ莠ｺ,SH,繝医Κ繧ｿ繝ｴ繧ｧ繝ｫ繝悶Μ繝ヤｼ2025-26ｼ,170,78,1990.11.21,35,豎溘ｮ蟾晞ｫ俶｡,螟ｧ譚ｱ譁㍾喧螟ｧ蟄ｦ,豎溘ｮ蟾 螟ｧ譚ｱ譁㍾喧,A,44,https://league-one.jp/player/484465,,,譌･譛ｬ莉｣陦ｨ16CAP,,
Kazuki Himeno,蟋ｫ驥 蜥梧ｨｹ,FL,繝医Κ繧ｿ繝ｴ繧ｧ繝ｫ繝悶Μ繝ヤｼ2025-26ｼ,187,109,1994.07.27,31,譏･譌･荳倬ｫ俶｡,蟶昜ｺｬ螟ｧ蟄ｦ,譏･譌･荳 蟶昜ｺｬ,A,52,https://league-one.jp/player/484466,,,'12 鬮俶｡縲'13 U23縲∵律譛ｬ莉｣陦ｨ36CAP,,
Ryusei Kato,蜉阯､ 遶懆＊,HO,繝医Κ繧ｿ繝ｴ繧ｧ繝ｫ繝悶Μ繝ヤｼ2025-26ｼ,178,101,1997.01.14,28,遏ｳ隕区匱鄙鬢ｨ鬮俶｡,譚ｱ豬ｷ螟ｧ蟄ｦ,遏ｳ隕区匱鄙鬢ｨ 譚ｱ豬ｷ,A,46,https://league-one.jp/player/484467,,,,,
Yoshikatsu Hikosaka,蠖ｦ蝮 蝨ｭ蜈,HO,繝医Κ繧ｿ繝ｴ繧ｧ繝ｫ繝悶Μ繝ヤｼ2025-26ｼ,178,105,1991.01.18,34,譏･譌･荳倬ｫ俶｡,遲第ｳ｢螟ｧ蟄ｦ,譏･譌･荳 遲第ｳ｢,A,58,https://league-one.jp/player/484468,,,'11 U20,,
Gaku Shimizu,貂⒧ｰｴ 蟯ｳ,PR,繝医Κ繧ｿ繝ｴ繧ｧ繝ｫ繝悶Μ繝ヤｼ2025-26ｼ,174,107,1998.11.22,27,螟ｧ髦ｪ譯占発鬮俶｡,蟶昜ｺｬ螟ｧ蟄ｦ,螟ｧ髦ｪ譯占発 蟶昜ｺｬ,A,28,https://league-one.jp/player/484469,,,,,
Yusuke Kizu,譛ｨ豢･ 謔霈,PR,繝医Κ繧ｿ繝ｴ繧ｧ繝ｫ繝悶Μ繝ヤｼ2025-26ｼ,178,115,1995.12.02,30,逕ｱ蟶ｫ俶｡,螟ｩ逅ｫ俶｡,逕ｱ蟶 螟ｩ逅,A,41,https://league-one.jp/player/484470,,,'17 U23縲∵律譛ｬ莉｣陦ｨ6CAP,,
Shogo Miura,荳画ｵｦ 譏梧ぁ,PR,繝医Κ繧ｿ繝ｴ繧ｧ繝ｫ繝悶Μ繝ヤｼ2025-26ｼ,180,115,1995.06.08,30,遘狗伐蟾･讌ｭ鬮俶｡,譚ｱ豬ｷ螟ｧ蟄ｦ,遘狗伐蟾･讌ｭ 譚ｱ豬ｷ,A,65,https://league-one.jp/player/484471,,,'15 U20縲'15 U23縲'17 U23縲∵律譛ｬ莉｣陦ｨ14CAP,,
Josh Dickson,繧ｸ繝ｧ繧ｷ繝･ 繝ｻ繝ぅ繧ｯ繧ｽ繝ｳ,LO,繝医Κ繧ｿ繝ｴ繧ｧ繝ｫ繝悶Μ繝ヤｼ2025-26ｼ,200,117,1994.11.02,31,繧ｪ繧ｿ繧ｴ繝懊ｼ繧､繧ｺ鬮俶｡,,繧ｪ繧ｿ繧ｴ繝懊ｼ繧､繧ｺ,B,33,https://league-one.jp/player/484472,,,,,
Kosei Miki,荳画惠 逧捺ｭ｣,FL,繝医Κ繧ｿ繝ｴ繧ｧ繝ｫ繝悶Μ繝ヤｼ2025-26ｼ,174,95,2002.01.22,23,莠ｬ驛ｽ謌千ｫ鬮俶｡,莠ｬ驛ｽ逕｣讌ｭ螟ｧ蟄ｦ,莠ｬ驛ｽ謌千ｫ 莠ｬ驛ｽ逕｣讌ｭ,A,12,https://league-one.jp/player/484473,,,,,
Takuma Nishino,隘ｿ驥 諡鍋悄,PR,繝医Κ繧ｿ繝ｴ繧ｧ繝ｫ繝悶Μ繝ヤｼ2025-26ｼ,186,113,2001.11.19,24,莠ｬ驛ｽ謌千ｫ鬮俶｡,蟶昜ｺｬ螟ｧ蟄ｦ,莠ｬ驛ｽ謌千ｫ 蟶昜ｺｬ,A,0,https://league-one.jp/player/484474,,,,,
Jingo Murata,譚醍伐 髯｣謔,FL,繝医Κ繧ｿ繝ｴ繧ｧ繝ｫ繝悶Μ繝ヤｼ2025-26ｼ,185,102,2002.02.22,23,莠ｬ驛ｽ謌千ｫ鬮俶｡,譌ｩ遞ｲ逕ｰ螟ｧ蟄ｦ,莠ｬ驛ｽ謌千ｫ 譌ｩ遞ｲ逕ｰ,A,0,https://league-one.jp/player/484475,,,,,
Taiga Kawasaki,蟾晏ｴ 螟ｪ髮,PR,繝医Κ繧ｿ繝ｴ繧ｧ繝ｫ繝悶Μ繝ヤｼ2025-26ｼ,171,106,2001.05.10,24,譚ｱ遖丞ｲ｡鬮俶｡,譌ｩ遞ｲ逕ｰ螟ｧ蟄ｦ,譚ｱ遖丞ｲ｡ 譌ｩ遞ｲ逕ｰ,A,5,https://league-one.jp/player/484476,,,,,
Shintaro Fukuzawa,遖乗ｾ､ 諷主､ｪ驛,HO,繝医Κ繧ｿ繝ｴ繧ｧ繝ｫ繝悶Μ繝ヤｼ2025-26ｼ,168,99,2001.09.20,24,譛ｬ驛ｷ鬮俶｡,諷ｶ諛臥ｾｩ蝪ｾ螟ｧ蟄ｦ,譛ｬ驛ｷ 諷ｶ諛臥ｾｩ蝪ｾ,A,0,https://league-one.jp/player/484477,,,,,
Aaron Smith,繧｢繝ｼ繝ｭ繝ｳ 繝ｻ繧ｹ繝溘せ,SH,繝医Κ繧ｿ繝ｴ繧ｧ繝ｫ繝悶Μ繝ヤｼ2025-26ｼ,171,83,1988.11.21,37,繝輔ぅ繝ｼ繝ｫ繝ぅ繝ｳ繧ｰ鬮俶｡,,繝輔ぅ繝ｼ繝ｫ繝ぅ繝ｳ繧ｰ,C,35,https://league-one.jp/player/485368,,,,,
Jone Nabetelevu,繧ｸ繝ｧ繝 繝ｻ繝翫繝Ξ繝ｴ,WTB,繝医Κ繧ｿ繝ｴ繧ｧ繝ｫ繝悶Μ繝ヤｼ2025-26ｼ,185,95,1999.02.22,26,繝翫す繝後そ繝ｳ繧ｫ繝ｳ繝繝ｪ繝ｼ繧ｹ繧ｯ繝ｼ繝ｫ鬮俶｡,繧ｨ繝ｬ繧ｹ繝｡繧｢繧ｫ繝ｬ繝ず,繝翫す繝後そ繝ｳ繧ｫ繝ｳ繝繝ｪ繝ｼ繧ｹ繧ｯ繝ｼ繝ｫ 繧ｨ繝ｬ繧ｹ繝｡繧｢繧ｫ繝ｬ繝ず,A,15,https://league-one.jp/player/485369,,,,,
Akito Okui,螂･莠 遶莉,FL,繝医Κ繧ｿ繝ｴ繧ｧ繝ｫ繝悶Μ繝ヤｼ2025-26ｼ,177,103,2001.09.17,24,螟ｧ髦ｪ譯占発鬮俶｡,蟶昜ｺｬ螟ｧ蟄ｦ,螟ｧ髦ｪ譯占発 蟶昜ｺｬ,A,10,https://league-one.jp/player/485370,,,'25 XV縲∵律譛ｬ莉｣陦ｨ2CAP,,
Jonas Tanaka Dowling,逕ｰ荳ｭ繝繧ｦ繝ｪ繝ｳ 繧ｸ繝ｧ繧ｦ繝翫せ,HO,繝医Κ繧ｿ繝ｴ繧ｧ繝ｫ繝悶Μ繝ヤｼ2025-26ｼ,176,102,2005.12.29,20,繧ｦ繧ｧ繧､繝ｴ繧｡繝ｪ繝ｼ鬮俶｡,,繧ｦ繧ｧ繧､繝ｴ繧｡繝ｪ繝ｼ,A,0,https://league-one.jp/player/485498,,,,,
Zach Gallagher,繧ｶ繝け 繝ｻ繧ｮ繝｣繝ｩ繝上ｼ,LO,繝医Κ繧ｿ繝ｴ繧ｧ繝ｫ繝悶Μ繝ヤｼ2025-26ｼ,198,116,2001.09.04,24,繧ｫ繝ｳ繧ｿ繝吶Μ繝ｼ繧ｫ繝ｬ繝ず,,繧ｫ繝ｳ繧ｿ繝吶Μ繝ｼ繧ｫ繝ｬ繝ず,B,0,https://league-one.jp/player/485502,,,,,
Lourens Erasmus,繝ｭ繝ｼ繝ｬ繝ｳ繧ｹ 繝ｻ繧ｨ繝ｩ繧ｹ繝槭せ,LO,繝医Κ繧ｿ繝ｴ繧ｧ繝ｫ繝悶Μ繝ヤｼ2025-26ｼ,200,115,1993.06.14,32,繝ｨ繝上ロ繧ｹ繝悶Ν繧ｯ繧ｫ繝ｬ繝ず,,繝ｨ繝上ロ繧ｹ繝悶Ν繧ｯ繧ｫ繝ｬ繝ず,A,24,https://league-one.jp/player/485503,,,,,
Keisuke Moriya,譽ｮ隹ｷ 蝨ｭ莉,CTB,繝医Κ繧ｿ繝ｴ繧ｧ繝ｫ繝悶Μ繝ヤｼ2025-26ｼ,185,93,1994.03.04,31,蟶昜ｺｬ螟ｧ蟄ｦ鬮俶｡,,蟶昜ｺｬ螟ｧ蟄ｦ,A,25,https://league-one.jp/player/485504,,,,,
Taufa Latu,繧ｿ繧ｦ繝輔ぃ 繝ｻ繝ｩ繝医ぇ,PR,繝医Κ繧ｿ繝ｴ繧ｧ繝ｫ繝悶Μ繝ヤｼ2025-26ｼ,183,120,1998.04.05,27,逋ｽ魘主､ｧ蟄ｦ鬮俶｡,,逋ｽ魘主､ｧ蟄ｦ,A,42,https://league-one.jp/player/485505,,,,,
Blair Ryall,繝悶Ξ繧｢ 繝ｻ繝ｩ繧､繧｢繝ｫ,FL,繝医Κ繧ｿ繝ｴ繧ｧ繝ｫ繝悶Μ繝ヤｼ2025-26ｼ,194,110,2001.10.26,24,繝ｪ繝ｳ繧ｫ繝ｼ繝ｳ鬮俶｡,,繝ｪ繝ｳ繧ｫ繝ｼ繝ｳ,B,3,https://league-one.jp/player/485506,,,,,
Matt McGahan,繝槭ャ繝 繝ｻ繝槭ャ繧ｬ繝ｼ繝ｳ,SO,繝医Κ繧ｿ繝ｴ繧ｧ繝ｫ繝悶Μ繝ヤｼ2025-26ｼ,185,89,1993.04.21,32,繝槭え繝ｳ繝医ｻ繧｢繝ｫ繝舌ｼ繝医ｻ繧ｰ繝ｩ繝槭ｼ鬮俶｡,,繝槭え繝ｳ繝医ｻ繧｢繝ｫ繝舌ｼ繝医ｻ繧ｰ繝ｩ繝槭ｼ,A,59,https://league-one.jp/player/485507,,,,,
Isaiah Mapusua,繧｢繧､繧ｶ繧､繧｢ 繝ｻ繝槭繧ｹ繧｢,FL,繝医Κ繧ｿ繝ｴ繧ｧ繝ｫ繝悶Μ繝ヤｼ2025-26ｼ,191,112,2000.12.21,25,繧ｭ繝ｳ繧ｰ繧ｹ繧ｫ繝ｬ繝ず,諷ｶ諛臥ｾｩ蝪ｾ螟ｧ蟄ｦ,繧ｭ繝ｳ繧ｰ繧ｹ繧ｫ繝ｬ繝ず 諷ｶ諛臥ｾｩ蝪ｾ,A,33,https://league-one.jp/player/485508,,,譌･譛ｬ莉｣陦ｨ5CAP,,
Kippei Taninaka,隹ｷ荳ｭ 讓ｹ蟷ｳ,SH,繝医Κ繧ｿ繝ｴ繧ｧ繝ｫ繝悶Μ繝ヤｼ2025-26ｼ,177,80,2000.06.04,25,蠕｡謇螳滓･ｭ鬮俶｡,蟶昜ｺｬ螟ｧ蟄ｦ,蠕｡謇螳滓･ｭ 蟶昜ｺｬ,A,0,https://league-one.jp/player/485509,,,,,
Kouta Oyabu,螟ｧ邀 豢ｸ螟ｪ,WTB,繝医Κ繧ｿ繝ｴ繧ｧ繝ｫ繝悶Μ繝ヤｼ2025-26ｼ,181,90,2001.03.05,24,譏･譌･荳倬ｫ俶｡,蟶昜ｺｬ螟ｧ蟄ｦ,譏･譌･荳 蟶昜ｺｬ,A,0,https://league-one.jp/player/485510,,,,,
Chihiro Matsuyama,譚ｾ螻ｱ 蜊､ｧ,CTB,繝医Κ繧ｿ繝ｴ繧ｧ繝ｫ繝悶Μ繝ヤｼ2025-26ｼ,173,88,2001.01.05,25,螟ｧ髦ｪ譯占発鬮俶｡,蟶昜ｺｬ螟ｧ蟄ｦ,螟ｧ髦ｪ譯占発 蟶昜ｺｬ,A,0,https://league-one.jp/player/485511,,,'18 鬮俶｡,,
Yuichiro Wada,蜥檎伐 謔荳驛,WTB,繝医Κ繧ｿ繝ｴ繧ｧ繝ｫ繝悶Μ繝ヤｼ2025-26ｼ,178,88,1999.08.30,26,譚ｱ豬ｷ螟ｧ螟ｧ髦ｪ莉ｰ譏滄ｫ俶｡,蜷悟ｿ礼､ｾ螟ｧ蟄ｦ,譚ｱ豬ｷ螟ｧ莉ｰ譏 蜷悟ｿ礼､ｾ,A,12,https://league-one.jp/player/485512,,,'19 U20,,
Viliame Tuidraki,繝ｴ繧｣繝ｪ繧｢繝｡ 繝ｻ繝う繝峨Λ繧ｭ,WTB,繝医Κ繧ｿ繝ｴ繧ｧ繝ｫ繝悶Μ繝ヤｼ2025-26ｼ,184,97,1997.01.09,28,繝ｩ繝医ぇ繝翫Χ繝ｩ繧ｫ繝ｬ繝ず,鞫ょ漉螟ｧ蟄ｦ,繝ｩ繝医ぇ繝翫Χ繝ｩ繧ｫ繝ｬ繝ず 鞫ょ漉,A,42,https://league-one.jp/player/485513,,,,,
Takemichi Nakano,荳ｭ驥 蜑幃,FB,繝医Κ繧ｿ繝ｴ繧ｧ繝ｫ繝悶Μ繝ヤｼ2025-26ｼ,186,96,1996.12.18,29,螟ｩ逅ｫ俶｡,譌･譛ｬ菴楢ご螟ｧ蟄ｦ,螟ｩ逅 譌･譛ｬ菴楢ご,A,0,https://league-one.jp/player/485514,,,,,
William Tupou,繧ｦ繧｣繝ｪ繧｢繝 繝ｻ繝医ぇ繝昴え,FL,繝医Κ繧ｿ繝ｴ繧ｧ繝ｫ繝悶Μ繝ヤｼ2025-26ｼ,188,101,1990.07.20,35,繝悶Μ繧ｹ繝吶Φ繧ｹ繝ｼ繝磯ｫ俶｡,,繝悶Μ繧ｹ繝吶Φ繧ｹ繝ｼ繝,A,44,https://league-one.jp/player/485515,,,譌･譛ｬ莉｣陦ｨ12CAP,,
Shuhei Yamaguchi,螻ｱ蜿｣ 菫ｮ蟷ｳ,CTB,繝医Κ繧ｿ繝ｴ繧ｧ繝ｫ繝悶Μ繝ヤｼ2025-26ｼ,183,100,1996.07.21,29,蜷悟ｿ礼､ｾ鬥咎㈹鬮俶｡,蜷悟ｿ礼､ｾ螟ｧ蟄ｦ,蜷悟ｿ礼､ｾ鬥咎㈹ 蜷悟ｿ礼､ｾ,A,23,https://league-one.jp/player/485516,,,'11 U20,,
Vatiliai Tuidraki,繝舌ユ繧｣繝ｪ繧｢繧､ 繝ｻ繝う繝峨Λ繧ｭ,CTB,繝医Κ繧ｿ繝ｴ繧ｧ繝ｫ繝悶Μ繝ヤｼ2025-26ｼ,182,98,1995.01.04,31,繝ｯ繝ｳ繝医ぇ繝ｪ繝ｼ繝偵Ν鬮俶｡,,繝ｯ繝ｳ繝医ぇ繝ｪ繝ｼ繝偵Ν,A,9,https://league-one.jp/player/485517,,,,,
Shinya Komura,蟆乗搗 逵滉ｹ,UTB,繝医Κ繧ｿ繝ｴ繧ｧ繝ｫ繝悶Μ繝ヤｼ2025-26ｼ,180,92,2002.05.28,23,繝上Α繝ｫ繝医Φ繝懊ｼ繧､繧ｺ鬮俶｡,蟶昜ｺｬ螟ｧ蟄ｦ,繝上Α繝ｫ繝医Φ繝懊ｼ繧､繧ｺ 蟶昜ｺｬ,A,12,https://league-one.jp/player/486439,,,'25 XV縲∵律譛ｬ莉｣陦ｨ3CAP,,
Pieter Steph Du Toit,繝斐ｼ繧ｿ繝ｼ繧ｹ繝ヵ 繝ｻ繝Η繝医う,FL,繝医Κ繧ｿ繝ｴ繧ｧ繝ｫ繝悶Μ繝ヤｼ2025-26ｼ,200,112,1992.08.20,33,繝帙お繝ｫ繧ｹ繧ｯ繝ｼ繝ｫ繝ｻ繧ｹ繝ｯ窶斐ヨ繝ｩ繝ｳ繝蛾ｫ俶｡,,繝帙お繝ｫ繧ｹ繧ｯ繝ｼ繝ｫ繝ｻ繧ｹ繝ｯ窶斐ヨ繝ｩ繝ｳ繝,C,38,https://league-one.jp/player/488137,,,,,
Siosaia Fifita,繧ｷ繧ｪ繧ｵ繧､繧｢ 繝ｻ繝輔ぅ繝輔ぅ繧ｿ,CTB,繝医Κ繧ｿ繝ｴ繧ｧ繝ｫ繝悶Μ繝ヤｼ2025-26ｼ,187,105,1998.12.20,27,譌･譛ｬ闊ｪ遨ｺ遏ｳ蟾晞ｫ俶｡,螟ｩ逅ｫ俶｡,譌･譛ｬ闊ｪ遨ｺ遏ｳ蟾 螟ｩ逅,A,59,https://league-one.jp/player/488138,,,譌･譛ｬ莉｣陦ｨ16CAP,,
Keishin Iwamoto,蟯ｩ譛ｬ 蝨ｭ莨ｸ,FL,繝槭ヤ繝繧ｹ繧ｫ繧､繧｢繧ｯ繝ぅ繝悶ぜ蠎ｳｶｼ2025-26ｼ,180,93,2003.01.08,23,蟶ｸ鄙泌ｭｦ蝨帝ｫ俶｡,霑醍柄螟ｧ蟄ｦ,蟶ｸ鄙泌ｭｦ蝨帝ｫ俶｡ 霑醍柄螟ｧ蟄ｦ,A,2,https://league-one.jp/player/484610,,,,,
Kanto Watanabe,貂｡驍 螳悟ｾ,FL,繝槭ヤ繝繧ｹ繧ｫ繧､繧｢繧ｯ繝ぅ繝悶ぜ蠎ｳｶｼ2025-26ｼ,182,100,2002.07.23,23,譏主柱逵悟､ｮ鬮俶｡,螟ｩ逅､ｧ蟄ｦ,譏主柱逵悟､ｮ鬮俶｡ 螟ｩ逅､ｧ蟄ｦ,A,0,https://league-one.jp/player/484611,,,,,
Takehiro Watanabe,貂｡驛ｨ 髮､ｧ,CTB,繝槭ヤ繝繧ｹ繧ｫ繧､繧｢繧ｯ繝ぅ繝悶ぜ蠎ｳｶｼ2025-26ｼ,170,90,2002.09.04,23,譁ｰ逕ｰ鬮俶｡,譛晄律螟ｧ蟄ｦ,譁ｰ逕ｰ鬮俶｡ 譛晄律螟ｧ蟄ｦ,A,2,https://league-one.jp/player/484612,,,,,
Shumpei Matsuzawa,譚ｾ貔､ 鬧ｿ蟷ｳ,CTB,繝槭ヤ繝繧ｹ繧ｫ繧､繧｢繧ｯ繝ぅ繝悶ぜ蠎ｳｶｼ2025-26ｼ,178,88,2002.09.25,23,莠ｬ驛ｽ謌千ｫ鬮俶｡,蟶昜ｺｬ螟ｧ蟄ｦ,莠ｬ驛ｽ謌千ｫ鬮俶｡ 蟶昜ｺｬ螟ｧ蟄ｦ,A,2,https://league-one.jp/player/484613,,,,,
Eugene Guaini,繧ｰ繧｢繧､繝 蜆ｪ莠ｺ,FL,繝槭ヤ繝繧ｹ繧ｫ繧､繧｢繧ｯ繝ぅ繝悶ぜ蠎ｳｶｼ2025-26ｼ,177,96,2002.09.12,23,遏ｳ隕区匱鄙鬢ｨ鬮俶｡,蟶昜ｺｬ螟ｧ蟄ｦ,遏ｳ隕区匱鄙鬢ｨ鬮俶｡ 蟶昜ｺｬ螟ｧ蟄ｦ,A,0,https://league-one.jp/player/484614,,,,,
Clynton Knox,繝弱ャ繧ｯ繧ｹ 繧ｯ繝ｪ繝ｳ繝医Φ,CTB,繝槭ヤ繝繧ｹ繧ｫ繧､繧｢繧ｯ繝ぅ繝悶ぜ蠎ｳｶｼ2025-26ｼ,182,98,1992.12.27,33,繧ｳ繝ｼ繝代せ繧ｯ繝ｪ繧ｹ繝ぅ鬮俶｡,,繧ｳ繝ｼ繝代せ繧ｯ繝ｪ繧ｹ繝ぅ鬮俶｡,A,42,https://league-one.jp/player/484615,,,,,
Andrew Davidson,繧｢繝ｳ繝峨Μ繝･繝ｼ 繝ｻ繝ン繝ラ繧ｽ繝ｳ,LO,繝槭ヤ繝繧ｹ繧ｫ繧､繧｢繧ｯ繝ぅ繝悶ぜ蠎ｳｶｼ2025-26ｼ,202,113,1996.11.07,29,繧ｱ繝ｫ繝薙Φ繧ｵ繧､繝峨い繧ｫ繝Α繝ｼ鬮俶｡,,繧ｱ繝ｫ繝薙Φ繧ｵ繧､繝峨い繧ｫ繝Α繝ｼ,B,17,https://league-one.jp/player/484616,,,,,
Sam Chongkit,繧ｵ繝 繝ｻ繝√Ι繝ｳ繧ｭ繝ヨ,LO,繝槭ヤ繝繧ｹ繧ｫ繧､繧｢繧ｯ繝ぅ繝悶ぜ蠎ｳｶｼ2025-26ｼ,198,107,1995.03.02,30,繝上Α繝ｫ繝医Φ繝懊ｼ繧､繧ｺ鬮俶｡,,繝上Α繝ｫ繝医Φ繝懊ｼ繧､繧ｺ鬮俶｡,A,32,https://league-one.jp/player/484617,,,,,
Issen Kano,蝌臥ｴ 荳蜊,SO,繝槭ヤ繝繧ｹ繧ｫ繧､繧｢繧ｯ繝ぅ繝悶ぜ蠎ｳｶｼ2025-26ｼ,177,84,2002.01.12,23,螟ｧ髦ｪ譯占発鬮俶｡,蜷悟ｿ礼､ｾ螟ｧ蟄ｦ,螟ｧ髦ｪ譯占発鬮俶｡ 蜷悟ｿ礼､ｾ螟ｧ蟄ｦ,A,17,https://league-one.jp/player/484618,,,,,
Hitaka Inoue,莠穂ｸ 髯ｽ蜈ｬ,SO,繝槭ヤ繝繧ｹ繧ｫ繧､繧｢繧ｯ繝ぅ繝悶ぜ蠎ｳｶｼ2025-26ｼ,175,79,2001.10.27,24,莠ｬ驛ｽ蟾･蟄ｦ髯｢鬮俶｡,蟶昜ｺｬ螟ｧ蟄ｦ,莠ｬ驛ｽ蟾･蟄ｦ髯｢鬮俶｡ 蟶昜ｺｬ螟ｧ蟄ｦ,A,12,https://league-one.jp/player/484619,,,,,
Taiyo Fukuyama,遖丞ｱｱ 螟ｪ髯ｽ,SH,繝槭ヤ繝繧ｹ繧ｫ繧､繧｢繧ｯ繝ぅ繝悶ぜ蠎ｳｶｼ2025-26ｼ,175,78,2001.11.28,24,貊玖ｳ蟄ｦ蝨帝ｫ俶｡,霑醍柄螟ｧ蟄ｦ,貊玖ｳ蟄ｦ蝨帝ｫ俶｡ 霑醍柄螟ｧ蟄ｦ,A,16,https://league-one.jp/player/484620,,,,,
Taisei Hiranuma,蟷ｳ豐ｼ 豕ｰ謌,HO,繝槭ヤ繝繧ｹ繧ｫ繧､繧｢繧ｯ繝ぅ繝悶ぜ蠎ｳｶｼ2025-26ｼ,170,96,2002.03.18,23,荳ｭ驛ｨ螟ｧ蟄ｦ譏･譌･荳倬ｫ俶｡,霑醍柄螟ｧ蟄ｦ,荳ｭ驛ｨ螟ｧ蟄ｦ譏･譌･荳倬ｫ俶｡ 霑醍柄螟ｧ蟄ｦ,A,0,https://league-one.jp/player/484621,,,,,
Ryoto Tomita,蟇檎伐 蜃御ｻ,PR,繝槭ヤ繝繧ｹ繧ｫ繧､繧｢繧ｯ繝ぅ繝悶ぜ蠎ｳｶｼ2025-26ｼ,170,105,2001.12.20,24,闍･迢ｭ譚ｱ鬮俶｡,螟ｩ逅､ｧ蟄ｦ,闍･迢ｭ譚ｱ鬮俶｡ 螟ｩ逅､ｧ蟄ｦ,A,6,https://league-one.jp/player/484622,,,,,
Shota Kasai,闡幄･ｿ 鄙泌､ｪ,PR,繝槭ヤ繝繧ｹ繧ｫ繧､繧｢繧ｯ繝ぅ繝悶ぜ蠎ｳｶｼ2025-26ｼ,173,115,2001.10.21,24,遲醍ｴｫ鬮俶｡,荵晏ｷ槫ｱ遶句､ｧ蟄ｦ,遲醍ｴｫ鬮俶｡ 荵晏ｷ槫ｱ遶句､ｧ蟄ｦ,A,3,https://league-one.jp/player/484623,,,,,
Kohei Tanaka,逕ｰ荳ｭ 蠎ｷ蟷ｳ,FB,繝槭ヤ繝繧ｹ繧ｫ繧､繧｢繧ｯ繝ぅ繝悶ぜ蠎ｳｶｼ2025-26ｼ,183,88,2000.12.19,25,蝨滉ｽ仙｡ｾ鬮俶｡,譚ｱ豢句､ｧ蟄ｦ,蝨滉ｽ仙｡ｾ鬮俶｡ 譚ｱ豢句､ｧ蟄ｦ,A,4,https://league-one.jp/player/484624,,,,,
Haruki Umemoto,譴⒧悽 驕･蟾ｱ,PR,繝槭ヤ繝繧ｹ繧ｫ繧､繧｢繧ｯ繝ぅ繝悶ぜ蠎ｳｶｼ2025-26ｼ,175,100,2000.05.22,25,遶句多鬢ｨ諷ｶ逾･鬮倡ｭ牙ｭｦ譬｡,遶句多鬢ｨ螟ｧ蟄ｦ,遶句多鬢ｨ諷ｶ逾･鬮倡ｭ牙ｭｦ譬｡ 遶句多鬢ｨ螟ｧ蟄ｦ,A,16,https://league-one.jp/player/484625,,,,,
Syunya Motoyama,譛ｬ螻ｱ 蟲ｻ荵,CTB,繝槭ヤ繝繧ｹ繧ｫ繧､繧｢繧ｯ繝ぅ繝悶ぜ蠎ｳｶｼ2025-26ｼ,173,83,2000.10.01,25,髢｢隘ｿ蟄ｦ髯｢鬮倡ｭ牙ｭｦ驛ｨ鬮俶｡,髢｢隘ｿ蟄ｦ髯｢螟ｧ蟄ｦ,髢｢隘ｿ蟄ｦ髯｢鬮倡ｭ牙ｭｦ驛ｨ 髢｢隘ｿ蟄ｦ髯｢螟ｧ蟄ｦ,A,10,https://league-one.jp/player/484626,,,,,
Tadatsugu Kanayama,驥大ｱｱ 蠢谺｡,PR,繝槭ヤ繝繧ｹ繧ｫ繧､繧｢繧ｯ繝ぅ繝悶ぜ蠎ｳｶｼ2025-26ｼ,179,110,2000.09.08,25,螟ｩ逅ｫ俶｡,螟ｩ逅､ｧ蟄ｦ,螟ｩ逅ｫ俶｡ 螟ｩ逅､ｧ蟄ｦ,A,22,https://league-one.jp/player/484627,,,,,
JACOB ABEL,繧ｸ繧ｧ繧､繧ｳ繝 繝ｻ繧｢繝吶Ν,SH,繝槭ヤ繝繧ｹ繧ｫ繧､繧｢繧ｯ繝ぅ繝悶ぜ蠎ｳｶｼ2025-26ｼ,174,92,1997.10.30,28,繧ｻ繧､繝ｳ繝医お繝峨繝ｳ繧ｺ繧ｫ繝ｬ繝ず,,繧ｻ繧､繝ｳ繝医お繝峨繝ｳ繧ｺ繧ｫ繝ｬ繝ず,B,35,https://league-one.jp/player/484628,,,,,
Taichi Yokoo,讓ｪ蟆ｾ 螟ｪ荳,HO,繝槭ヤ繝繧ｹ繧ｫ繧､繧｢繧ｯ繝ぅ繝悶ぜ蠎ｳｶｼ2025-26ｼ,172,95,1999.11.12,26,譚ｱ豬ｷ螟ｧ莉ｰ譏滄ｫ俶｡,遶句多鬢ｨ螟ｧ蟄ｦ,譚ｱ豬ｷ螟ｧ莉ｰ譏滄ｫ俶｡ 遶句多鬢ｨ螟ｧ蟄ｦ,A,21,https://league-one.jp/player/484629,,,,,
Ren Ouchi,螟ｧ蜀 骭ｬ,FB,繝槭ヤ繝繧ｹ繧ｫ繧､繧｢繧ｯ繝ぅ繝悶ぜ蠎ｳｶｼ2025-26ｼ,183,88,1999.01.22,26,菴宣㍽譌･譛ｬ螟ｧ蟄ｦ鬮倡ｭ牙ｭｦ譬｡,譚ｱ豢句､ｧ蟄ｦ,菴宣㍽譌･譛ｬ螟ｧ蟄ｦ鬮倡ｭ牙ｭｦ譬｡ 譚ｱ豢句､ｧ蟄ｦ,A,11,https://league-one.jp/player/484630,,,,,
Kaiha Noda,驥守伐 豬ｷ逕,LO,繝槭ヤ繝繧ｹ繧ｫ繧､繧｢繧ｯ繝ぅ繝悶ぜ蠎ｳｶｼ2025-26ｼ,187,110,1999.10.28,26,蟶らｫ句ｰｼ蟠朱ｫ俶｡,螟ｩ逅､ｧ蟄ｦ,蟶らｫ句ｰｼ蟠朱ｫ俶｡ 螟ｩ逅､ｧ蟄ｦ,A,15,https://league-one.jp/player/484631,,,,,
Koki Nakano,荳ｭ驥 蜈牙渕,HO,繝槭ヤ繝繧ｹ繧ｫ繧､繧｢繧ｯ繝ぅ繝悶ぜ蠎ｳｶｼ2025-26ｼ,180,105,2000.03.10,25,螟ｧ髦ｪ譯占発鬮俶｡,蟶昜ｺｬ螟ｧ蟄ｦ,螟ｧ髦ｪ譯占発鬮俶｡ 蟶昜ｺｬ螟ｧ蟄ｦ,A,15,https://league-one.jp/player/484632,,,,,
Kaito Sasaoka,隨ｹ蟯｡ 豬ｷ譁,CTB,繝槭ヤ繝繧ｹ繧ｫ繧､繧｢繧ｯ繝ぅ繝悶ぜ蠎ｳｶｼ2025-26ｼ,174,85,1999.07.15,26,莠ｬ驛ｽ謌千ｫ鬮俶｡,莠ｬ驛ｽ逕｣讌ｭ螟ｧ蟄ｦ,莠ｬ驛ｽ謌千ｫ鬮俶｡ 莠ｬ驛ｽ逕｣讌ｭ螟ｧ蟄ｦ,A,29,https://league-one.jp/player/484633,,,,,
TEVIN FERRIS,繝Χ繧｣繝ｳ 繝ｻ繝輔ぉ繝ｪ繧ｹ,FL,繝槭ヤ繝繧ｹ繧ｫ繧､繧｢繧ｯ繝ぅ繝悶ぜ蠎ｳｶｼ2025-26ｼ,187,113,1996.07.24,29,繝槭Φ繧ｸ繝･繝ｩ繝舌繝ぅ繧ｹ繝医き繝ｬ繝ず,,繝槭Φ繧ｸ繝･繝ｩ繝舌繝ぅ繧ｹ繝医き繝ｬ繝ず,A,51,https://league-one.jp/player/484634,,,,,
Kotaro Tstsuno,鮴埼㍽ 蜈牙､ｪ譛,SH,繝槭ヤ繝繧ｹ繧ｫ繧､繧｢繧ｯ繝ぅ繝悶ぜ蠎ｳｶｼ2025-26ｼ,170,80,1998.05.17,27,菴占ｳ蟾･讌ｭ鬮俶｡,蟶昜ｺｬ螟ｧ蟄ｦ,菴占ｳ蟾･讌ｭ 蟶昜ｺｬ螟ｧ蟄ｦ,A,24,https://league-one.jp/player/484635,,,,,
Ginjiro Sakiguchi,繧ｵ繧ｭ,FB,繝槭ヤ繝繧ｹ繧ｫ繧､繧｢繧ｯ繝ぅ繝悶ぜ蠎ｳｶｼ2025-26ｼ,175,75,1994.11.25,31,螟ｧ髦ｪ譯占発鬮俶｡,蜷悟ｿ礼､ｾ螟ｧ蟄ｦ,螟ｧ髦ｪ譯占発鬮俶｡ 蜷悟ｿ礼､ｾ螟ｧ蟄ｦ,A,45,https://league-one.jp/player/484636,,,,,
Keisuke Nakamoto,荳ｭ譛ｬ 蝨ｭ莉,FB,繝槭ヤ繝繧ｹ繧ｫ繧､繧｢繧ｯ繝ぅ繝悶ぜ蠎ｳｶｼ2025-26ｼ,180,83,1992.12.01,33,豬夂ｵ梧ｸ亥､ｧ蟄ｦ莉伜ｱ樊沛鬮俶｡,遶句多鬢ｨ螟ｧ蟄ｦ,豬夂ｵ梧ｸ亥､ｧ蟄ｦ莉伜ｱ樊沛鬮俶｡ 遶句多鬢ｨ螟ｧ蟄ｦ,A,6,https://league-one.jp/player/484637,,,,,
Haruki Kitajima,蛹怜ｳｶ 驕･逕,WTB,繝槭ヤ繝繧ｹ繧ｫ繧､繧｢繧ｯ繝ぅ繝悶ぜ蠎ｳｶｼ2025-26ｼ,172,85,1995.04.16,30,蟶ｸ鄙泌ｭｦ蝨帝ｫ俶｡,豕墓帆螟ｧ蟄ｦ,蟶ｸ鄙泌ｭｦ蝨 豕墓帆螟ｧ蟄ｦ,A,29,https://league-one.jp/player/484638,,,,,
Yuto Nakamura,荳ｭ譚 謔莠ｺ,WTB,繝槭ヤ繝繧ｹ繧ｫ繧､繧｢繧ｯ繝ぅ繝悶ぜ蠎ｳｶｼ2025-26ｼ,177,90,1998.03.02,27,譚ｱ豬ｷ螟ｧ蟄ｦ莉伜ｱ樒ｦ丞ｲ｡鬮俶｡,莠ｬ驛ｽ逕｣讌ｭ螟ｧ蟄ｦ,譚ｱ豬ｷ螟ｧ蟄ｦ莉伜ｱ樒ｦ丞ｲ｡鬮俶｡ 莠ｬ驛ｽ逕｣讌ｭ螟ｧ蟄ｦ,A,47,https://league-one.jp/player/484639,,,,,
Kohei Kamei,莠莠 蠎ｷ蟷ｳ,CTB,繝槭ヤ繝繧ｹ繧ｫ繧､繧｢繧ｯ繝ぅ繝悶ぜ蠎ｳｶｼ2025-26ｼ,174,75,1997.06.27,28,鞫よｴ･鬮俶｡,蟶昜ｺｬ螟ｧ蟄ｦ,鞫よｴ･鬮俶｡ 蟶昜ｺｬ螟ｧ蟄ｦ,A,30,https://league-one.jp/player/484640,,,,,
Hayato Kanamaru,驥台ｸｸ 蜍ｺｺ,CTB,繝槭ヤ繝繧ｹ繧ｫ繧､繧｢繧ｯ繝ぅ繝悶ぜ蠎ｳｶｼ2025-26ｼ,175,76,1994.02.28,31,螟ｩ逅ｫ俶｡?U驛ｨ鬮俶｡,螟ｩ逅､ｧ蟄ｦ,螟ｩ逅ｫ俶｡?U驛ｨ 螟ｩ逅､ｧ蟄ｦ,A,15,https://league-one.jp/player/484641,,,,,
Ryotaro Saito,鮨願陸 驕ｼ螟ｪ驛,SO,繝槭ヤ繝繧ｹ繧ｫ繧､繧｢繧ｯ繝ぅ繝悶ぜ蠎ｳｶｼ2025-26ｼ,174,80,1992.12.04,33,譚ｱ豬ｷ螟ｧ莉ｰ譏滄ｫ俶｡,螟ｩ逅､ｧ蟄ｦ,譚ｱ豬ｷ螟ｧ莉ｰ譏滄ｫ俶｡ 螟ｩ逅､ｧ蟄ｦ,A,26,https://league-one.jp/player/484642,,,,,
Tsubasa Kono,豐ｳ驥 鄙ｼ,SH,繝槭ヤ繝繧ｹ繧ｫ繧､繧｢繧ｯ繝ぅ繝悶ぜ蠎ｳｶｼ2025-26ｼ,163,70,1995.07.03,30,譚ｱ豬ｷ螟ｧ莉ｰ譏滄ｫ俶｡,莠ｬ驛ｽ逕｣讌ｭ螟ｧ蟄ｦ,譚ｱ豬ｷ螟ｧ莉ｰ譏滄ｫ俶｡ 莠ｬ驛ｽ逕｣讌ｭ螟ｧ蟄ｦ,A,21,https://league-one.jp/player/484643,,,,,
Dai Goto,蠕瑚陸 螟ｧ,SH,繝槭ヤ繝繧ｹ繧ｫ繧､繧｢繧ｯ繝ぅ繝悶ぜ蠎ｳｶｼ2025-26ｼ,166,73,1992.12.27,33,譚ｱ遖丞ｲ｡鬮俶｡,遶句多鬢ｨ螟ｧ蟄ｦ,譚ｱ遖丞ｲ｡鬮俶｡ 遶句多鬢ｨ螟ｧ蟄ｦ,A,26,https://league-one.jp/player/484644,,,,,
Tomoki Ashida,闃ｦ逕ｰ 譛玖ｼ,FL,繝槭ヤ繝繧ｹ繧ｫ繧､繧｢繧ｯ繝ぅ繝悶ぜ蠎ｳｶｼ2025-26ｼ,183,105,1995.03.24,30,蜷榊漉蟾･讌ｭ鬮俶｡,諢帷衍蟾･讌ｭ螟ｧ蟄ｦ,蜷榊漉蟾･讌ｭ鬮俶｡ 諢帷衍蟾･讌ｭ螟ｧ蟄ｦ,A,47,https://league-one.jp/player/484645,,,,,
Iori Suzuki,驤ｴ譛ｨ 莨顔ｹ,,繝槭ヤ繝繧ｹ繧ｫ繧､繧｢繧ｯ繝ぅ繝悶ぜ蠎ｳｶｼ2025-26ｼ,180,100,1997.10.20,28,髢｢譚ｱ蟄ｦ髯｢蜈ｭ豬ｦ鬮倡ｭ牙ｭｦ譬｡,髢｢譚ｱ蟄ｦ髯｢螟ｧ蟄ｦ,髢｢譚ｱ蟄ｦ髯｢蜈ｭ豬ｦ鬮倡ｭ牙ｭｦ譬｡ 髢｢譚ｱ蟄ｦ髯｢螟ｧ蟄ｦ,A,45,https://league-one.jp/player/484646,,,,,
Tomohiro Takeda,豁ｦ逕ｰ 遏･螟ｧ,HO,繝槭ヤ繝繧ｹ繧ｫ繧､繧｢繧ｯ繝ぅ繝悶ぜ蠎ｳｶｼ2025-26ｼ,175,90,1996.09.11,29,蟆ｾ驕馴ｫ俶｡,莠ｬ驛ｽ逕｣讌ｭ螟ｧ蟄ｦ,蟆ｾ驕馴ｫ俶｡ 莠ｬ驛ｽ逕｣讌ｭ螟ｧ蟄ｦ,A,46,https://league-one.jp/player/484647,,,,,
Yutaro Tanaka,逕ｰ荳ｭ 髮､ｪ驛,LO,繝槭ヤ繝繧ｹ繧ｫ繧､繧｢繧ｯ繝ぅ繝悶ぜ蠎ｳｶｼ2025-26ｼ,185,105,1998.04.05,27,遶句多鬢ｨ螳㍽ｲｻ鬮俶｡,遶句多鬢ｨ螟ｧ蟄ｦ,遶句多鬢ｨ螳㍽ｲｻ鬮俶｡ 遶句多鬢ｨ螟ｧ蟄ｦ,A,48,https://league-one.jp/player/484648,,,,,
Ramo Sato,菴占陸 鄒⒪峇,LO,繝槭ヤ繝繧ｹ繧ｫ繧､繧｢繧ｯ繝ぅ繝悶ぜ蠎ｳｶｼ2025-26ｼ,185,99,1997.04.08,28,蠕ｳ蟲ｶ逵檎ｫ九▽繧九℃鬮倡ｭ牙ｭｦ譬｡,蟶昜ｺｬ螟ｧ蟄ｦ,蠕ｳ蟲ｶ逵檎ｫ九▽繧九℃鬮倡ｭ牙ｭｦ譬｡ 蟶昜ｺｬ螟ｧ蟄ｦ,A,31,https://league-one.jp/player/484649,,,,,
Yusuke Kitabayashi,蛹玲棊 菴台ｻ,HO,繝槭ヤ繝繧ｹ繧ｫ繧､繧｢繧ｯ繝ぅ繝悶ぜ蠎ｳｶｼ2025-26ｼ,172,104,1995.08.12,30,譚ｱ豬ｷ螟ｧ莉ｰ譏滄ｫ俶｡,蟶昜ｺｬ螟ｧ蟄ｦ,譚ｱ豬ｷ螟ｧ莉ｰ譏滄ｫ俶｡ 蟶昜ｺｬ螟ｧ蟄ｦ,A,22,https://league-one.jp/player/484650,,,'13 鬮俶｡,,
Yuji Takahashi,鬮俶ｩ 陬募昇,PR,繝槭ヤ繝繧ｹ繧ｫ繧､繧｢繧ｯ繝ぅ繝悶ぜ蠎ｳｶｼ2025-26ｼ,170,100,1997.09.30,28,譌･譛ｬ譁㍼炊螟ｧ蟄ｦ髯ｱ樣ｫ倡ｭ牙ｭｦ譬｡,譌･譛ｬ譁㍼炊螟ｧ蟄ｦ,譌･譛ｬ譁㍼炊螟ｧ蟄ｦ髯ｱ樣ｫ倡ｭ牙ｭｦ譬｡ 譌･譛ｬ譁㍼炊螟ｧ蟄ｦ,A,12,https://league-one.jp/player/484651,,,,,
Koshi Kato,蜉阯､ 貊臥ｴｫ,PR,繝槭ヤ繝繧ｹ繧ｫ繧､繧｢繧ｯ繝ぅ繝悶ぜ蠎ｳｶｼ2025-26ｼ,172,90,1996.06.02,29,蟆ゆｿｮ螟ｧ蟄ｦ譚ｾ謌ｸ鬮俶｡,螟ｩ逅､ｧ蟄ｦ,蟆ゆｿｮ螟ｧ蟄ｦ譚ｾ謌ｸ鬮俶｡ 螟ｩ逅､ｧ蟄ｦ,A,41,https://league-one.jp/player/484652,,,,,
Koushiro Shigenobu,驥堺ｿ｡ 貊牙彰驛,PR,繝槭ヤ繝繧ｹ繧ｫ繧､繧｢繧ｯ繝ぅ繝悶ぜ蠎ｳｶｼ2025-26ｼ,175,100,1995.09.28,30,鬮倬豪鬮俶｡,譛晄律螟ｧ蟄ｦ,鬮倬豪鬮俶｡ 譛晄律螟ｧ蟄ｦ,A,19,https://league-one.jp/player/484653,,,,,
Tomoya Otake,螟ｧ遶ｹ 譎ｺ荵,PR,繝槭ヤ繝繧ｹ繧ｫ繧､繧｢繧ｯ繝ぅ繝悶ぜ蠎ｳｶｼ2025-26ｼ,180,104,1993.04.02,32,蠎ｳｶ蟾･讌ｭ鬮俶｡,螟ｩ逅､ｧ蟄ｦ,蠎ｳｶ蟾･讌ｭ鬮俶｡ 螟ｩ逅､ｧ蟄ｦ,A,38,https://league-one.jp/player/484654,,,,,
Tomonori Koyanagi,蟆上Ζ繝翫ぐ,PR,繝槭ヤ繝繧ｹ繧ｫ繧､繧｢繧ｯ繝ぅ繝悶ぜ蠎ｳｶｼ2025-26ｼ,177,120,1992.01.06,34,蝣ｱ蠕ｳ蟄ｦ蝨帝ｫ俶｡,譚ｱ豬ｷ螟ｧ蟄ｦ,蝣ｱ蠕ｳ蟄ｦ蝨 譚ｱ豬ｷ螟ｧ蟄ｦ,A,39,https://league-one.jp/player/484655,,,,,
TYE NASH,繧ｿ繧､ 繝ｻ繝翫ャ繧ｷ繝･,LO,繝槭ヤ繝繧ｹ繧ｫ繧､繧｢繧ｯ繝ぅ繝悶ぜ蠎ｳｶｼ2025-26ｼ,196,114,1996.05.17,29,FaserCoastAnglican鬮俶｡,遶区ｭ｣螟ｧ蟄ｦ,FaserCoastAnglican 遶区ｭ｣螟ｧ蟄ｦ,A,29,https://league-one.jp/player/484656,,,,,
Jackson Pugh,繧ｸ繝｣繧ｯ繧ｽ繝ｳ 繝ｻ繝斐Η繝ｼ,FL,繝槭ヤ繝繧ｹ繧ｫ繧､繧｢繧ｯ繝ぅ繝悶ぜ蠎ｳｶｼ2025-26ｼ,197,110,2000.02.03,25,AranmoreCatholicCollege鬮俶｡,,AranmoreCatholicCollege,C,24,https://league-one.jp/player/484658,,,,,
Soopyung Lee,譚 菫ｮ蟷ｳ,CTB,繝槭ヤ繝繧ｹ繧ｫ繧､繧｢繧ｯ繝ぅ繝悶ぜ蠎ｳｶｼ2025-26ｼ,179,80,1989.08.09,36,螟ｧ髦ｪ譌･譁ｰ鬮俶｡,螟ｧ髦ｪ菴楢ご螟ｧ蟄ｦ,螟ｧ髦ｪ譌･譁ｰ鬮俶｡ 螟ｧ髦ｪ菴楢ご螟ｧ蟄ｦ,A,35,https://league-one.jp/player/485711,,,,,
Zane Marolt,繧ｼ繧､繝ｳ 繝ｻ繝槭Ο繝ｫ繝,LO,繝､繧ｯ繝ｫ繝医Ξ繝薙Φ繧ｺ謌ｸ逕ｰｼ2025-26ｼ,203,110,2000.03.01,25,繧ｻ繝ｳ繝医お繝峨繝ｳ繧ｺ繧ｫ繝ｬ繝ず,,繧ｻ繝ｳ繝医お繝峨繝ｳ繧ｺ繧ｫ繝ｬ繝ず,B,2,https://league-one.jp/player/484758,,,,,
Ryuki Hayashi,譫 逅芽ｼ,HO,繝､繧ｯ繝ｫ繝医Ξ繝薙Φ繧ｺ謌ｸ逕ｰｼ2025-26ｼ,171,97,2000.09.29,25,譌･譛ｬ螟ｧ蟄ｦ鬮倡ｭ牙ｭｦ譬｡,譌･譛ｬ螟ｧ蟄ｦ,譌･譛ｬ螟ｧ蟄ｦ鬮倡ｭ牙ｭｦ譬｡ 譌･譛ｬ螟ｧ蟄ｦ,A,2,https://league-one.jp/player/484759,,,,,
Apisalome Bogidrau,繧｢繝斐し繝ｭ繝｡ 繝ｻ繝懊ぐ繝峨Λ繧ｦ,PR,繝､繧ｯ繝ｫ繝医Ξ繝薙Φ繧ｺ謌ｸ逕ｰｼ2025-26ｼ,190,120,1998.01.10,27,繝ｩ繝医ぇ繧ｫ繝ｳ繝繝悶Ξ繝悶せ繧ｯ繝ｼ繝ｫ鬮俶｡,豬夂ｵ梧ｸ亥､ｧ蟄ｦ,繝ｩ繝医ぇ繧ｫ繝ｳ繝繝悶Ξ繝悶せ繧ｯ繝ｼ繝ｫ 豬夂ｵ梧ｸ亥､ｧ蟄ｦ,A,9,https://league-one.jp/player/484760,,,,,
Ryotaro Asami,豬⒩ｦ 莠ｮ螟ｪ驛,CTB,繝､繧ｯ繝ｫ繝医Ξ繝薙Φ繧ｺ謌ｸ逕ｰｼ2025-26ｼ,178,90,2002.12.14,23,豬夂ｵ梧ｸ亥､ｧ蟄ｦ莉伜ｱ樊沛鬮俶｡,遲第ｳ｢螟ｧ蟄ｦ,豬夂ｵ梧ｸ亥､ｧ蟄ｦ莉伜ｱ樊沛 遲第ｳ｢螟ｧ蟄ｦ,A,0,https://league-one.jp/player/484761,,,,,
Tsubasa Shinno,譁ｰ驥 鄙ｼ,WTB,繝､繧ｯ繝ｫ繝医Ξ繝薙Φ繧ｺ謌ｸ逕ｰｼ2025-26ｼ,172,82,2002.05.26,23,遏ｳ隕区匱鄙鬢ｨ鬮俶｡,蟆ゆｿｮ螟ｧ蟄ｦ,遏ｳ隕区匱鄙鬢ｨ鬮俶｡ 蟆ゆｿｮ螟ｧ蟄ｦ,A,1,https://league-one.jp/player/484762,,,,,
Eigi Fushimi,莨剰ｦ 豌ｸ蝓,SH,繝､繧ｯ繝ｫ繝医Ξ繝薙Φ繧ｺ謌ｸ逕ｰｼ2025-26ｼ,165,70,2002.06.11,23,逕ｲ蠎懷ｷ･讌ｭ鬮俶｡,譌･譛ｬ菴楢ご螟ｧ蟄ｦ,逕ｲ蠎懷ｷ･讌ｭ鬮俶｡ 譌･譛ｬ菴楢ご螟ｧ蟄ｦ,A,0,https://league-one.jp/player/484763,,,,,
Yamato Tanigawa,隹ｷ蟾 蜥,SO,繝､繧ｯ繝ｫ繝医Ξ繝薙Φ繧ｺ謌ｸ逕ｰｼ2025-26ｼ,175,78,2003.02.05,22,螟ｧ髦ｪ譯占発鬮俶｡,鮴崎ｰｷ螟ｧ蟄ｦ,螟ｧ髦ｪ譯占発鬮俶｡ 鮴崎ｰｷ螟ｧ蟄ｦ,A,0,https://league-one.jp/player/484764,,,,,
Kei Ono,螟ｧ驥 謨ｬ,FL,繝､繧ｯ繝ｫ繝医Ξ繝薙Φ繧ｺ謌ｸ逕ｰｼ2025-26ｼ,173,90,2002.04.11,23,鮖ｿ蜈仙ｳｶ螳滓･ｭ鬮俶｡,譌･譛ｬ螟ｧ蟄ｦ,鮖ｿ蜈仙ｳｶ螳滓･ｭ鬮俶｡ 譌･譛ｬ螟ｧ蟄ｦ,A,0,https://league-one.jp/player/484765,,,,,
Meishi Watanabe,貂｡霎ｺ 譏主ｿ,PR,繝､繧ｯ繝ｫ繝医Ξ繝薙Φ繧ｺ謌ｸ逕ｰｼ2025-26ｼ,172,110,2002.04.26,23,菴占ｳ蟾･讌ｭ鬮俶｡,豕墓帆螟ｧ蟄ｦ,菴占ｳ蟾･讌ｭ鬮俶｡ 豕墓帆螟ｧ蟄ｦ,A,0,https://league-one.jp/player/484766,,,,,
Haruka Egihata,豎滓惠逡 謔蜉,PR,繝､繧ｯ繝ｫ繝医Ξ繝薙Φ繧ｺ謌ｸ逕ｰｼ2025-26ｼ,176,100,2002.12.14,23,螟ｧ蛻鮓ｴ鬮俶｡,遶句多鬢ｨ螟ｧ蟄ｦ,螟ｧ蛻鮓ｴ鬮俶｡ 遶句多鬢ｨ螟ｧ蟄ｦ,A,0,https://league-one.jp/player/484767,,,,,
Mitsuki Ito,莨願陸 蜈牙ｸ,SH,繝､繧ｯ繝ｫ繝医Ξ繝薙Φ繧ｺ謌ｸ逕ｰｼ2025-26ｼ,165,71,2002.05.09,23,譯占発蟄ｦ蝨帝ｫ俶｡,遶区蕗螟ｧ蟄ｦ,譯占発蟄ｦ蝨帝ｫ俶｡ 遶区蕗螟ｧ蟄ｦ,A,0,https://league-one.jp/player/484768,,,,,
Ryunosuke Aoyagi,髱呈浹,CTB,繝､繧ｯ繝ｫ繝医Ξ繝薙Φ繧ｺ謌ｸ逕ｰｼ2025-26ｼ,176,87,2002.08.10,23,蝨句ｭｸ髯｢譬惠鬮俶｡,蟶昜ｺｬ螟ｧ蟄ｦ,蝨句ｭｸ髯｢譬惠鬮俶｡ 蟶昜ｺｬ螟ｧ蟄ｦ,A,0,https://league-one.jp/player/484769,,,,,
Antonio Mikaele-Tuu,繧｢繝ｳ繝医ル繧ｪ 繝ｻ繝溘き繧ｨ繝ｪ繝医ぇ,CTB,繝､繧ｯ繝ｫ繝医Ξ繝薙Φ繧ｺ謌ｸ逕ｰｼ2025-26ｼ,185,100,1997.11.06,28,縺ｸ繧ｹ繝ぅ繝ｳ繧ｰ繝懊ｼ繧､繧ｺ鬮倬ｫ俶｡,繝槭ャ繧ｻ繧､螟ｧ蟄ｦ,縺ｸ繧ｹ繝ぅ繝ｳ繧ｰ繝懊ｼ繧､繧ｺ鬮 繝槭ャ繧ｻ繧､螟ｧ蟄ｦ,B,36,https://league-one.jp/player/484770,,,,,
Moses Jones,繝｢繝ｼ繧ｼ繧ｹ 繝ｻ繧ｸ繝ｧ繝ｼ繝ｳ繧ｺ,SO,繝､繧ｯ繝ｫ繝医Ξ繝薙Φ繧ｺ謌ｸ逕ｰｼ2025-26ｼ,190,90,2002.06.18,23,繝悶Μ繧ｹ繝吶Φ鬮倬ｫ俶｡,,繝悶Μ繧ｹ繝吶Φ鬮,B,0,https://league-one.jp/player/484771,,,,,
Jumpei Tada,螟夂伐 貎､蟷ｳ,SH,繝､繧ｯ繝ｫ繝医Ξ繝薙Φ繧ｺ謌ｸ逕ｰｼ2025-26ｼ,165,76,1990.09.05,35,鬮倬豪鬮俶｡,譏取ｲｻ螟ｧ蟄ｦ,鬮倬豪鬮俶｡ 譏取ｲｻ螟ｧ蟄ｦ,A,17,https://league-one.jp/player/484772,,,,,
Ryu Suzuki,驤ｴ譛ｨ 鮴,WTB,繝､繧ｯ繝ｫ繝医Ξ繝薙Φ繧ｺ謌ｸ逕ｰｼ2025-26ｼ,183,84,2000.12.01,25,譏悟ｹｳ鬮俶｡,荳ｭ螟ｮ螟ｧ蟄ｦ,譏悟ｹｳ鬮俶｡ 荳ｭ螟ｮ螟ｧ蟄ｦ,A,0,https://league-one.jp/player/484773,,,,,
Mizuki Niura,莠梧ｵｦ 迹樊ｨｹ,SO,繝､繧ｯ繝ｫ繝医Ξ繝薙Φ繧ｺ謌ｸ逕ｰｼ2025-26ｼ,167,76,1997.05.20,28,譏主､ｧ荳ｭ驥朱ｫ俶｡,譏取ｲｻ螟ｧ蟄ｦ,譏主､ｧ荳ｭ驥朱ｫ俶｡ 譏取ｲｻ螟ｧ蟄ｦ,A,0,https://league-one.jp/player/484774,,,,,
Ren Taninaka,隹ｷ荳ｭ 蟒,CTB,繝､繧ｯ繝ｫ繝医Ξ繝薙Φ繧ｺ謌ｸ逕ｰｼ2025-26ｼ,171,83,2002.03.11,23,蠕｡謇螳滓･ｭ鬮俶｡,荳ｭ莠ｬ螟ｧ蟄ｦ,蠕｡謇螳滓･ｭ鬮俶｡ 荳ｭ莠ｬ螟ｧ蟄ｦ,A,3,https://league-one.jp/player/484775,,,,,
Kiyoshi Ishii,遏ｳ莠 貂,PR,繝､繧ｯ繝ｫ繝医Ξ繝薙Φ繧ｺ謌ｸ逕ｰｼ2025-26ｼ,171,102,1992.06.04,33,莠ｬ驛ｽ螟門､ｧ隘ｿ鬮俶｡,鮴崎ｰｷ螟ｧ蟄ｦ,莠ｬ驛ｽ螟門､ｧ隘ｿ鬮俶｡ 鮴崎ｰｷ螟ｧ蟄ｦ,A,4,https://league-one.jp/player/484776,,,,,
Rikiya Oishi,螟ｧ遏ｳ 蜉帑ｹ,FL,繝､繧ｯ繝ｫ繝医Ξ繝薙Φ繧ｺ謌ｸ逕ｰｼ2025-26ｼ,190,95,1993.01.29,32,蟯｡隹ｷ蟾･讌ｭ鬮倡ｭ牙ｭｦ譬｡,螻ｱ譴ｨ蟄ｦ髯｢螟ｧ蟄ｦ,蟯｡隹ｷ蟾･讌ｭ鬮倡ｭ牙ｭｦ譬｡ 螻ｱ譴ｨ蟄ｦ髯｢螟ｧ蟄ｦ,A,11,https://league-one.jp/player/484777,,,,,
Takumi Hurukawa,蜿､蟾 諡灘ｮ,CTB,繝､繧ｯ繝ｫ繝医Ξ繝薙Φ繧ｺ謌ｸ逕ｰｼ2025-26ｼ,168,83,1995.07.03,30,逶ｮ鮟貞ｭｦ髯｢鬮倡ｭ牙ｭｦ譬｡,譚ｱ豢句､ｧ蟄ｦ,逶ｮ鮟貞ｭｦ髯｢鬮倡ｭ牙ｭｦ譬｡ 譚ｱ豢句､ｧ蟄ｦ,A,15,https://league-one.jp/player/484778,,,,,
Atsushi Furuya,蜿､螻 遽､蜿ｲ,PR,繝､繧ｯ繝ｫ繝医Ξ繝薙Φ繧ｺ謌ｸ逕ｰｼ2025-26ｼ,175,112,1994.06.13,31,譌･蟾晞ｫ俶｡,蟆ゆｿｮ螟ｧ蟄ｦ,譌･蟾晞ｫ俶｡ 蟆ゆｿｮ螟ｧ蟄ｦ,A,17,https://league-one.jp/player/484779,,,,,
Daichi Saito,譁芽陸 螟ｧ譎ｺ,WTB,繝､繧ｯ繝ｫ繝医Ξ繝薙Φ繧ｺ謌ｸ逕ｰｼ2025-26ｼ,174,83,1998.09.12,27,鮟呈ｲ｢蟆ｻ鬮倡ｭ牙ｭｦ譬｡,豕墓帆螟ｧ蟄ｦ,鮟呈ｲ｢蟆ｻ鬮倡ｭ牙ｭｦ譬｡ 豕墓帆螟ｧ蟄ｦ,A,0,https://league-one.jp/player/484780,,,,,
Masashi Ogawa,蟆丞ｷ 豁｣蠢,LO,繝､繧ｯ繝ｫ繝医Ξ繝薙Φ繧ｺ謌ｸ逕ｰｼ2025-26ｼ,185,100,1996.01.18,29,髟ｷ蟠主圏髯ｽ蜿ｰ鬮俶｡,蟶昜ｺｬ螟ｧ蟄ｦ,髟ｷ蟠主圏髯ｽ蜿ｰ鬮俶｡ 蟶昜ｺｬ螟ｧ蟄ｦ,A,12,https://league-one.jp/player/484781,,,,,
Iori Nozaki,驥弱じ繧ｭ,PR,繝､繧ｯ繝ｫ繝医Ξ繝薙Φ繧ｺ謌ｸ逕ｰｼ2025-26ｼ,180,106,1994.02.23,31,蝗ｽ蟄ｦ髯｢譬惠鬮俶｡,譚ｱ豢句､ｧ蟄ｦ,蝗ｽ蟄ｦ髯｢譬惠鬮俶｡ 譚ｱ豢句､ｧ蟄ｦ,A,15,https://league-one.jp/player/484782,,,,,
Takumi Handa,蜊顔伐 蟾ｧ,HO,繝､繧ｯ繝ｫ繝医Ξ繝薙Φ繧ｺ謌ｸ逕ｰｼ2025-26ｼ,176,98,1998.01.17,27,遏ｳ隕区匱鄙鬢ｨ鬮俶｡,螟ｧ髦ｪ逕｣讌ｭ螟ｧ蟄ｦ,遏ｳ隕区匱鄙鬢ｨ鬮俶｡ 螟ｧ髦ｪ逕｣讌ｭ螟ｧ蟄ｦ,A,6,https://league-one.jp/player/484783,,,,,
Kai Oshiro,螟ｧ蝓 豬ｷ,FB,繝､繧ｯ繝ｫ繝医Ξ繝薙Φ繧ｺ謌ｸ逕ｰｼ2025-26ｼ,176,80,1994.03.20,31,譚ｱ遖丞ｲ｡鬮俶｡,遶句多鬢ｨ螟ｧ蟄ｦ,譚ｱ遖丞ｲ｡鬮俶｡ 遶句多鬢ｨ螟ｧ蟄ｦ,A,2,https://league-one.jp/player/484784,,,,,
Kosuke Urabe,蜊驛ｨ 闊ｪ蜈ｸ,FL,繝､繧ｯ繝ｫ繝医Ξ繝薙Φ繧ｺ謌ｸ逕ｰｼ2025-26ｼ,178,97,1995.07.07,30,譚ｱ遖丞ｲ｡鬮俶｡,遲第ｳ｢螟ｧ蟄ｦ,譚ｱ遖丞ｲ｡鬮俶｡ 遲第ｳ｢螟ｧ蟄ｦ,A,16,https://league-one.jp/player/484785,,,'15 U20縲'15 U23,,
Daichi Kono,豐ｳ驥 螟ｧ蝨ｰ,PR,繝､繧ｯ繝ｫ繝医Ξ繝薙Φ繧ｺ謌ｸ逕ｰｼ2025-26ｼ,174,105,1997.05.06,28,譚ｱ豬ｷ螟ｧ莉ｰ譏滄ｫ俶｡,譚ｱ豬ｷ螟ｧ蟄ｦ,譚ｱ豬ｷ螟ｧ莉ｰ譏滄ｫ俶｡ 譚ｱ豬ｷ螟ｧ蟄ｦ,A,15,https://league-one.jp/player/484786,,,,,
Fuma Uekata,荳顔援 鬚ｨ鬥ｬ,HO,繝､繧ｯ繝ｫ繝医Ξ繝薙Φ繧ｺ謌ｸ逕ｰｼ2025-26ｼ,176,102,1999.03.29,26,髟ｷ蟠主圏髯ｽ蜿ｰ鬮俶｡,蟶昜ｺｬ螟ｧ蟄ｦ,髟ｷ蟠主圏髯ｽ蜿ｰ鬮俶｡ 蟶昜ｺｬ螟ｧ蟄ｦ,A,6,https://league-one.jp/player/484787,,,,,
Takuma Suto,鬆郁陸 諡鍋悄,FL,繝､繧ｯ繝ｫ繝医Ξ繝薙Φ繧ｺ謌ｸ逕ｰｼ2025-26ｼ,172,96,1996.09.22,29,譏主柱逵悟､ｮ鬮俶｡,譌･譛ｬ螟ｧ蟄ｦ,譏主柱逵悟､ｮ鬮俶｡ 譌･譛ｬ螟ｧ蟄ｦ,A,5,https://league-one.jp/player/484788,,,,,
Ippei Oshima,螟ｧ蠍 荳蟷ｳ,SH,繝､繧ｯ繝ｫ繝医Ξ繝薙Φ繧ｺ謌ｸ逕ｰｼ2025-26ｼ,175,80,1995.08.22,30,蟶ｸ鄙泌ｭｦ蝨帝ｫ俶｡,蜷榊沁螟ｧ蟄ｦ,蟶ｸ鄙泌ｭｦ蝨 蜷榊沁螟ｧ蟄ｦ,A,19,https://league-one.jp/player/484789,,,,,
Masaya Makino,迚ｧ驥 逵滉ｹ,LO,繝､繧ｯ繝ｫ繝医Ξ繝薙Φ繧ｺ謌ｸ逕ｰｼ2025-26ｼ,187,98,1996.01.07,30,貂⒧蕗蟄ｦ蝨帝ｫ俶｡,荳ｭ螟ｮ螟ｧ蟄ｦ,貂⒧蕗蟄ｦ蝨帝ｫ俶｡ 荳ｭ螟ｮ螟ｧ蟄ｦ,A,10,https://league-one.jp/player/484790,,,,,
Shunsuke Tani,隹ｷ 蟲ｻ霈,HO,繝､繧ｯ繝ｫ繝医Ξ繝薙Φ繧ｺ謌ｸ逕ｰｼ2025-26ｼ,180,110,1994.12.02,31,螟ｧ髦ｪ譯占発鬮俶｡,螟ｧ髦ｪ菴楢ご螟ｧ蟄ｦ,螟ｧ髦ｪ譯占発鬮俶｡ 螟ｧ髦ｪ菴楢ご螟ｧ蟄ｦ,A,14,https://league-one.jp/player/484791,,,,,
Koichi Endo,驕阯､ 蟄昜ｸ,PR,繝､繧ｯ繝ｫ繝医Ξ繝薙Φ繧ｺ謌ｸ逕ｰｼ2025-26ｼ,182,114,1999.01.02,27,蝗ｽ蟄ｦ髯｢譬惠鬮俶｡,譏取ｲｻ螟ｧ蟄ｦ,蝗ｽ蟄ｦ髯｢譬惠鬮俶｡ 譏取ｲｻ螟ｧ蟄ｦ,A,0,https://league-one.jp/player/484792,,,,,
Naoki Izutani,豕芽ｰｷ 蟆夊ｼ,SO,繝､繧ｯ繝ｫ繝医Ξ繝薙Φ繧ｺ謌ｸ逕ｰｼ2025-26ｼ,178,83,2001.11.22,24,譚ｱ豬ｷ螟ｧ莉ｰ譏滄ｫ俶｡,髢｢隘ｿ蟄ｦ髯｢螟ｧ蟄ｦ,譚ｱ豬ｷ螟ｧ莉ｰ譏滄ｫ俶｡ 髢｢隘ｿ蟄ｦ髯｢螟ｧ蟄ｦ,A,0,https://league-one.jp/player/484793,,,,,
Shun Sawamura,豐｢譚 闊,WTB,繝､繧ｯ繝ｫ繝医Ξ繝薙Φ繧ｺ謌ｸ逕ｰｼ2025-26ｼ,172,82,1998.04.26,27,鮓ｴ譚･鬮俶｡,譌･譛ｬ菴楢ご螟ｧ蟄ｦ,鮓ｴ譚･鬮俶｡ 譌･譛ｬ菴楢ご螟ｧ蟄ｦ,A,15,https://league-one.jp/player/484794,,,,,
Genki Tokushige,蠕ｳ驥 蜈ｰ,PR,繝､繧ｯ繝ｫ繝医Ξ繝薙Φ繧ｺ謌ｸ逕ｰｼ2025-26ｼ,182,120,1990.08.27,35,鮖ｿ蜈仙ｳｶ螳滓･ｭ鬮俶｡,荵晏ｷ槫ｱ遶句､ｧ蟄ｦ,鮖ｿ蜈仙ｳｶ螳滓･ｭ鬮俶｡ 荵晏ｷ槫ｱ遶句､ｧ蟄ｦ,A,14,https://league-one.jp/player/484795,,,,,
Kenshin Takada,鬮,FB,繝､繧ｯ繝ｫ繝医Ξ繝薙Φ繧ｺ謌ｸ逕ｰｼ2025-26ｼ,173,82,2001.06.29,24,豬ｦ蜥碁ｫ俶｡,遲第ｳ｢螟ｧ蟄ｦ,豬ｦ蜥碁ｫ俶｡ 遲第ｳ｢螟ｧ蟄ｦ,A,0,https://league-one.jp/player/484805,,,,,
Daisuke Yokoyama,讓ｪ螻ｱ 螟ｧ霈,,繝､繧ｯ繝ｫ繝医Ξ繝薙Φ繧ｺ謌ｸ逕ｰｼ2025-26ｼ,184,100,1993.12.25,32,RangioraHighSchool鬮俶｡,遲第ｳ｢螟ｧ蟄ｦ,RangioraHighSchool 遲第ｳ｢螟ｧ蟄ｦ,A,14,https://league-one.jp/player/484797,,,,,
Kagechika Ota,螟ｪ逕ｰ 譎ｯ隕ｪ,WTB,繝､繧ｯ繝ｫ繝医Ξ繝薙Φ繧ｺ謌ｸ逕ｰｼ2025-26ｼ,177,80,1999.12.25,26,髟ｷ蟠主漉螻ｱ鬮俶｡,荳ｭ莠ｬ螟ｧ蟄ｦ,髟ｷ蟠主漉螻ｱ鬮俶｡ 荳ｭ莠ｬ螟ｧ蟄ｦ,A,14,https://league-one.jp/player/484798,,,,,
Yuto Usuda,閾ｼ逕ｰ 貉ｧ莠ｺ,LO,繝､繧ｯ繝ｫ繝医Ξ繝薙Φ繧ｺ謌ｸ逕ｰｼ2025-26ｼ,182,100,1999.06.12,26,蝗ｽ蟄ｦ髯｢荵⒧螻ｱ鬮俶｡,譏取ｲｻ螟ｧ蟄ｦ,蝗ｽ蟄ｦ髯｢荵⒧螻ｱ鬮俶｡ 譏取ｲｻ螟ｧ蟄ｦ,A,17,https://league-one.jp/player/484799,,,,,
Hiroto Oka,蟯｡ 螟ｧ鄙,LO,繝､繧ｯ繝ｫ繝医Ξ繝薙Φ繧ｺ謌ｸ逕ｰｼ2025-26ｼ,190,110,2002.02.05,23,莠ｬ驛ｽ謌千ｫ鬮俶｡,蟶昜ｺｬ螟ｧ蟄ｦ,莠ｬ驛ｽ謌千ｫ鬮俶｡ 蟶昜ｺｬ螟ｧ蟄ｦ,A,0,https://league-one.jp/player/484800,,,,,
Atomu Shirai,逋ｽ莠 蜷ｾ螢ｫ遏,CTB,繝､繧ｯ繝ｫ繝医Ξ繝薙Φ繧ｺ謌ｸ逕ｰｼ2025-26ｼ,174,96,1995.11.01,30,譯占発蟄ｦ蝨帝ｫ倡ｭ牙ｭｦ譬｡,荳ｭ螟ｮ螟ｧ蟄ｦ,譯占発蟄ｦ蝨帝ｫ倡ｭ牙ｭｦ譬｡ 荳ｭ螟ｮ螟ｧ蟄ｦ,A,15,https://league-one.jp/player/484801,,,,,
Sota Saito,鮨玖陸 閨｡豎ｰ,SO,繝､繧ｯ繝ｫ繝医Ξ繝薙Φ繧ｺ謌ｸ逕ｰｼ2025-26ｼ,178,84,2000.12.15,25,蠕｡謇螳滓･ｭ鬮俶｡,螻ｱ譴ｨ蟄ｦ髯｢螟ｧ蟄ｦ,蠕｡謇螳滓･ｭ鬮俶｡ 螻ｱ譴ｨ蟄ｦ髯｢螟ｧ蟄ｦ,A,0,https://league-one.jp/player/484802,,,,,
Gen Mori,螳 貅,LO,繝､繧ｯ繝ｫ繝医Ξ繝薙Φ繧ｺ謌ｸ逕ｰｼ2025-26ｼ,184,100,2000.07.19,25,遶区蕗譁ｰ蠎ｧ鬮俶｡,遶区蕗螟ｧ蟄ｦ,遶区蕗譁ｰ蠎ｧ鬮俶｡ 遶区蕗螟ｧ蟄ｦ,A,2,https://league-one.jp/player/484803,,,,,
Masatoshi Doi,蝨滉ｺ 蟆㍻＊,WTB,繝､繧ｯ繝ｫ繝医Ξ繝薙Φ繧ｺ謌ｸ逕ｰｼ2025-26ｼ,173,80,1997.09.26,28,蟶ｸ鄙泌蕪蜈牙ｭｦ蝨帝ｫ俶｡,遶区ｭ｣螟ｧ蟄ｦ,蟶ｸ鄙泌蕪蜈牙ｭｦ蝨帝ｫ俶｡ 遶区ｭ｣螟ｧ蟄ｦ,A,17,https://league-one.jp/player/484804,,,,,
Patrick McCurran,繝代ヨ繝ｪ繝け 繝ｻ繝槭け繧ｫ繝ｩ繝ｳ,FL,繝､繧ｯ繝ｫ繝医Ξ繝薙Φ繧ｺ謌ｸ逕ｰｼ2025-26ｼ,191,98,1998.06.05,27,繝上Α繝ｫ繝医Φ繝懊ｼ繧､繧ｺ鬮倬ｫ俶｡,繧ｪ繧ｿ繧ｴ螟ｧ螟ｧ蟄ｦ,繝上Α繝ｫ繝医Φ繝懊ｼ繧､繧ｺ鬮 繧ｪ繧ｿ繧ｴ螟ｧ,B,0,https://league-one.jp/player/485478,,,,,
Kazuki Yasui,螳牙ｱ 荳霈,HO,繝ｫ繝ｪ繝ｼ繝ｭ遖丞ｲ｡ｼ2025-26ｼ,170,95,2000.03.14,25,荳雁ｮｮ螟ｪ蟄宣ｫ俶｡,霑醍柄螟ｧ蟄ｦ,荳雁ｮｮ螟ｪ蟄宣ｫ俶｡ 霑醍柄螟ｧ蟄ｦ,A,0,https://league-one.jp/player/484911,,,,,
Shunya Kato,蜉阯､ 闊應ｹ,FL,繝ｫ繝ｪ繝ｼ繝ｭ遖丞ｲ｡ｼ2025-26ｼ,164,85,1999.10.12,26,豁｣蟷ｳ鬮俶｡,譚ｱ豬ｷ螟ｧ蟄ｦ,豁｣蟷ｳ鬮俶｡ 譚ｱ豬ｷ螟ｧ蟄ｦ,A,0,https://league-one.jp/player/484912,,,,,
Yusuke Aramaki,闕堤鴬 菴題ｼ,FB,繝ｫ繝ｪ繝ｼ繝ｭ遖丞ｲ｡ｼ2025-26ｼ,178,83,1988.12.01,37,蟆丞蛾ｫ俶｡,髢｢譚ｱ蟄ｦ髯｢螟ｧ蟄ｦ,蟆丞蛾ｫ俶｡ 髢｢譚ｱ蟄ｦ髯｢螟ｧ蟄ｦ,A,15,https://league-one.jp/player/484913,,,,,
KENTARO OBATA,蟆冗舞 蛛･螟ｪ驛,SH,繝ｫ繝ｪ繝ｼ繝ｭ遖丞ｲ｡ｼ2025-26ｼ,172,73,1996.12.03,29,莨剰ｦ句ｷ･讌ｭ鬮俶｡,蟶昜ｺｬ螟ｧ蟄ｦ,莨剰ｦ句ｷ･讌ｭ鬮俶｡ 蟶昜ｺｬ螟ｧ蟄ｦ,A,14,https://league-one.jp/player/484914,,,,,
SITALEKITAUFA MAKISI,繧ｷ繧ｿ繝ｬ繧ｭ繧ｿ繧ｦ繝輔ぃ 繝ｻ繝槭く繧ｷ,CTB,繝ｫ繝ｪ繝ｼ繝ｭ遖丞ｲ｡ｼ2025-26ｼ,187,104,1997.06.26,28,TongaCollegeAtele鬮俶｡,闃ｱ蝨貞､ｧ蟄ｦ,TongaCollegeAtele 闃ｱ蝨貞､ｧ蟄ｦ,A,0,https://league-one.jp/player/484915,,,,,
Shoon Kataoka,迚㍾ｲ｡ 蛻晞浹,WTB,繝ｫ繝ｪ繝ｼ繝ｭ遖丞ｲ｡ｼ2025-26ｼ,178,82,1998.04.28,27,繝悶Μ繧ｹ繝吶Φ繧ｹ繝う繝医ワ繧､繧ｹ繧ｯ繝ｼ繝ｫ鬮俶｡,,繝悶Μ繧ｹ繝吶Φ繧ｹ繝う繝医ワ繧､繧ｹ繧ｯ繝ｼ繝ｫ,A,0,https://league-one.jp/player/484916,,,,,
KAITO SHIGE,驥 豬ｷ莠ｺ,SH,繝ｫ繝ｪ繝ｼ繝ｭ遖丞ｲ｡ｼ2025-26ｼ,165,63,1998.05.20,27,鮖ｿ蜈仙ｳｶ蟾･讌ｭ鬮俶｡,蟶昜ｺｬ螟ｧ蟄ｦ,鮖ｿ蜈仙ｳｶ蟾･讌ｭ鬮俶｡ 蟶昜ｺｬ螟ｧ蟄ｦ,A,0,https://league-one.jp/player/484917,,,,,
SHO MORITA,逶帷伐 逕,SH,繝ｫ繝ｪ繝ｼ繝ｭ遖丞ｲ｡ｼ2025-26ｼ,176,85,1999.09.08,26,譛晄鬮俶｡,螟ｩ逅､ｧ蟄ｦ,譛晄鬮俶｡ 螟ｩ逅､ｧ蟄ｦ,A,0,https://league-one.jp/player/484918,,,,,
MASAHIRO ERIGUCHI,豎滄㈹蜿｣ 逵溷ｼ,LO,繝ｫ繝ｪ繝ｼ繝ｭ遖丞ｲ｡ｼ2025-26ｼ,186,105,2000.05.05,25,螟ｧ蛻擲譏朱ｫ俶｡,蟶昜ｺｬ螟ｧ蟄ｦ,螟ｧ蛻擲譏朱ｫ俶｡ 蟶昜ｺｬ螟ｧ蟄ｦ,A,21,https://league-one.jp/player/484919,,,,,
Haru Tomoda,蜿狗伐 譎ｴ,HO,繝ｫ繝ｪ繝ｼ繝ｭ遖丞ｲ｡ｼ2025-26ｼ,170,100,2001.05.25,24,蟶ｸ邱丞ｭｦ髯｢鬮俶｡,譚ｱ蛹礼ｦ冗･牙､ｧ蟄ｦ,蟶ｸ邱丞ｭｦ髯｢鬮俶｡ 譚ｱ蛹礼ｦ冗･牙､ｧ蟄ｦ,A,0,https://league-one.jp/player/484920,,,,,
YUUKI MITAMURA,荳臥伐譚 陬募沁,SH,繝ｫ繝ｪ繝ｼ繝ｭ遖丞ｲ｡ｼ2025-26ｼ,172,78,2001.06.05,24,遏ｳ隕区匱鄙鬢ｨ鬮俶｡,鞫ょ漉螟ｧ蟄ｦ,遏ｳ隕区匱鄙鬢ｨ鬮俶｡ 鞫ょ漉螟ｧ蟄ｦ,A,0,https://league-one.jp/player/484921,,,,,
Elijah Uitime,繧ｨ繝ｩ繧､繧ｸ繝｣ 繝ｻ繧ｦ繧｣繝√Γ,,繝ｫ繝ｪ繝ｼ繝ｭ遖丞ｲ｡ｼ2025-26ｼ,185,117,2000.08.02,25,繧ｿ繝ｯ繧ｫ繝ｬ繝ず,繧ｪ繝ｼ繧ｯ繝ｩ繝ｳ繝牙､ｧ蟄ｦ,繧ｿ繝ｯ繧ｫ繝ｬ繝ず 繧ｪ繝ｼ繧ｯ繝ｩ繝ｳ繝牙､ｧ蟄ｦ,B,0,https://league-one.jp/player/484922,,,,,
DAISUKE FUJIKURA,阯､蛟 螟ｧ莉,PR,繝ｫ繝ｪ繝ｼ繝ｭ遖丞ｲ｡ｼ2025-26ｼ,180,123,2001.05.20,24,蝨句ｭｸ髯｢譬惠鬮俶｡,螟ｧ譚ｱ譁㍾喧螟ｧ蟄ｦ,蝨句ｭｸ髯｢譬惠鬮俶｡ 螟ｧ譚ｱ譁㍾喧螟ｧ蟄ｦ,A,2,https://league-one.jp/player/484923,,,,,
Fakataha Havili,繝輔ぃ繧ｫ繧ｿ繝 繝ｻ繝上ン繝ｪ,CTB,繝ｫ繝ｪ繝ｼ繝ｭ遖丞ｲ｡ｼ2025-26ｼ,178,94,2002.07.01,23,鬮倡衍荳ｭ鬮俶｡,莠ｬ驛ｽ逕｣讌ｭ螟ｧ蟄ｦ,鬮倡衍荳ｭ鬮俶｡ 莠ｬ驛ｽ逕｣讌ｭ螟ｧ蟄ｦ,A,0,https://league-one.jp/player/484924,,,,,
Yoshiteru Hino,譌･驥 闃ｳ霈,FB,繝ｫ繝ｪ繝ｼ繝ｭ遖丞ｲ｡ｼ2025-26ｼ,172,80,2003.03.17,22,蠕｡謇螳滓･ｭ鬮俶｡,荵晏ｷ槫ｱ遶句､ｧ蟄ｦ,蠕｡謇螳滓･ｭ鬮俶｡ 荵晏ｷ槫ｱ遶句､ｧ蟄ｦ,A,0,https://league-one.jp/player/484925,,,,,
Kennto Yamamoto,螻ｱ譛ｬ 蛛･莠ｺ,PR,繝ｫ繝ｪ繝ｼ繝ｭ遖丞ｲ｡ｼ2025-26ｼ,178,104,2002.11.15,23,蝮ょｺ隨ｬ荳鬮俶｡,蜷榊商螻句ｭｦ髯｢螟ｧ蟄ｦ,蝮ょｺ隨ｬ荳鬮俶｡ 蜷榊商螻句ｭｦ髯｢螟ｧ蟄ｦ,A,0,https://league-one.jp/player/484926,,,,,
Rihito Katou,蜉阯､ 迺ｸ,FL,繝ｫ繝ｪ繝ｼ繝ｭ遖丞ｲ｡ｼ2025-26ｼ,172,88,2002.10.27,23,譬ｾｳ鬮俶｡,蜷榊商螻句ｭｦ髯｢螟ｧ蟄ｦ,譬ｾｳ鬮俶｡ 蜷榊商螻句ｭｦ髯｢螟ｧ蟄ｦ,A,0,https://league-one.jp/player/484927,,,,,
Koutarou Ohashi,螟ｧ讖 闊亥､ｪ驛,LO,繝ｫ繝ｪ繝ｼ繝ｭ遖丞ｲ｡ｼ2025-26ｼ,190,100,2002.09.20,23,荵晏ｷ槫嵜髫帛､ｧ蟄ｦ髯ｱ樣ｫ倡ｭ牙ｭｦ譬｡,譌･譛ｬ菴楢ご螟ｧ蟄ｦ,荵晏ｷ槫嵜髫帛､ｧ蟄ｦ髯ｱ樣ｫ倡ｭ牙ｭｦ譬｡ 譌･譛ｬ菴楢ご螟ｧ蟄ｦ,A,0,https://league-one.jp/player/484928,,,,,
Daigo Uehata,荳顔舞 螟ｧ蜷ｾ,FB,繝ｫ繝ｪ繝ｼ繝ｭ遖丞ｲ｡ｼ2025-26ｼ,178,83,2003.03.20,22,鮖ｿ蜈仙ｳｶ蟾･讌ｭ鬮俶｡,遖丞ｲ｡蟾･讌ｭ螟ｧ蟄ｦ,鮖ｿ蜈仙ｳｶ蟾･讌ｭ鬮俶｡ 遖丞ｲ｡蟾･讌ｭ螟ｧ蟄ｦ,A,0,https://league-one.jp/player/484929,,,,,
Tsubasa Arai,闕剃ｺ 鄙ｼ,PR,繝ｫ繝ｪ繝ｼ繝ｭ遖丞ｲ｡ｼ2025-26ｼ,172,106,2003.01.17,22,蟷ｳ蝪壼ｷ･遘鷹ｫ俶｡,逋ｽ魘主､ｧ蟄ｦ,蟷ｳ蝪壼ｷ･遘鷹ｫ俶｡ 逋ｽ魘主､ｧ蟄ｦ,A,0,https://league-one.jp/player/484930,,,,,
Chisonn Kinn,驥 譎ｺ謌,FL,繝ｫ繝ｪ繝ｼ繝ｭ遖丞ｲ｡ｼ2025-26ｼ,174,93,2003.02.22,22,螟ｧ髦ｪ譛晞ｮｮ鬮倡ｴ壼ｭｦ譬｡,譛晞ｮｮ螟ｧ蟄ｦ譬｡螟ｧ蟄ｦ,螟ｧ髦ｪ譛晞ｮｮ鬮倡ｴ壼ｭｦ譬｡ 譛晞ｮｮ螟ｧ蟄ｦ譬｡,A,2,https://league-one.jp/player/484931,,,,,
Wataru Furuya,蜿､隹ｷ 莠,PR,繝ｫ繝ｪ繝ｼ繝ｭ遖丞ｲ｡ｼ2025-26ｼ,168,98,1995.12.30,30,菴宣㍽譌･螟ｧ鬮俶｡,譌･譛ｬ螟ｧ蟄ｦ,菴宣㍽譌･螟ｧ鬮俶｡ 譌･譛ｬ螟ｧ蟄ｦ,A,7,https://league-one.jp/player/484932,,,,,
KOYO MITSUNAGA,蜈蛾聞 豬ｩ謔,WTB,繝ｫ繝ｪ繝ｼ繝ｭ遖丞ｲ｡ｼ2025-26ｼ,165,66,1999.12.25,26,荳企㍽荳倬ｫ倡ｭ牙ｭｦ譬｡,髢｢隘ｿ蟄ｦ髯｢螟ｧ蟄ｦ,荳企㍽荳倬ｫ倡ｭ牙ｭｦ譬｡ 髢｢隘ｿ蟄ｦ髯｢螟ｧ蟄ｦ,A,0,https://league-one.jp/player/484933,,,,,
SHUN TERAWAKI,蟇ｺ閼 鬧ｿ,PR,繝ｫ繝ｪ繝ｼ繝ｭ遖丞ｲ｡ｼ2025-26ｼ,177,120,1998.03.26,27,譌･譛ｬ闊ｪ遨ｺ遏ｳ蟾晞ｫ俶｡,莠ｬ驛ｽ逕｣讌ｭ螟ｧ蟄ｦ,譌･譛ｬ闊ｪ遨ｺ遏ｳ蟾晞ｫ俶｡ 莠ｬ驛ｽ逕｣讌ｭ螟ｧ蟄ｦ,A,25,https://league-one.jp/player/484934,,,,,
MASAKAZU YATSUMONJI,蜈ｫ譁㍾ｭ 髮⒦柱,FB,繝ｫ繝ｪ繝ｼ繝ｭ遖丞ｲ｡ｼ2025-26ｼ,180,88,1993.07.14,32,鬮倬豪鬮俶｡,豬夂ｵ梧ｸ亥､ｧ蟄ｦ,鬮倬豪鬮俶｡ 豬夂ｵ梧ｸ亥､ｧ蟄ｦ,A,25,https://league-one.jp/player/484935,,,,,
HIBIKI NAKAZAWA,荳ｭ貔､ 髻ｿ,FB,繝ｫ繝ｪ繝ｼ繝ｭ遖丞ｲ｡ｼ2025-26ｼ,171,83,1998.12.01,27,譚ｱ莠ｬ霎ｲ讌ｭ螟ｧ蟄ｦ隨ｬ莠碁ｫ俶｡,豬夂ｵ梧ｸ亥､ｧ蟄ｦ,譚ｱ莠ｬ霎ｲ讌ｭ螟ｧ蟄ｦ隨ｬ莠碁ｫ俶｡ 豬夂ｵ梧ｸ亥､ｧ蟄ｦ,A,8,https://league-one.jp/player/484936,,,,,
YUUKI KOUNO,豐ｳ驥 蜿句ｸ,FB,繝ｫ繝ｪ繝ｼ繝ｭ遖丞ｲ｡ｼ2025-26ｼ,177,85,1996.05.01,29,豬夂ｵ梧ｸ亥､ｧ譟城ｫ俶｡,遲第ｳ｢螟ｧ蟄ｦ,豬∫ｵ悟､ｧ譟 遲第ｳ｢螟ｧ蟄ｦ,A,7,https://league-one.jp/player/484937,,,,,
TATTO KATSUTA,蜍晉伐 鮴咲匳,FB,繝ｫ繝ｪ繝ｼ繝ｭ遖丞ｲ｡ｼ2025-26ｼ,170,80,2002.02.19,23,RangitotoCollege鬮俶｡,,RangitotoCollege,A,0,https://league-one.jp/player/484938,,,,,
HARUTO MAKIYAMA,迚ｧ螻ｱ 驕･逋ｻ,WTB,繝ｫ繝ｪ繝ｼ繝ｭ遖丞ｲ｡ｼ2025-26ｼ,165,70,2005.06.29,20,遏ｳ隕区匱鄙鬢ｨ鬮俶｡,,遏ｳ隕区匱鄙鬢ｨ鬮俶｡,A,0,https://league-one.jp/player/484939,,,,,
TSUYOSHI HASEGAWA,髟ｷ隹ｷ蟾 豈,WTB,繝ｫ繝ｪ繝ｼ繝ｭ遖丞ｲ｡ｼ2025-26ｼ,176,83,2000.09.05,25,遲醍ｴｫ荳倬ｫ俶｡,蟶昜ｺｬ螟ｧ蟄ｦ,遲醍ｴｫ荳倬ｫ俶｡ 蟶昜ｺｬ螟ｧ蟄ｦ,A,3,https://league-one.jp/player/484940,,,,,
DAICHI NAGAYAMA,豌ｸ螻ｱ 螟ｧ蝨ｰ,WTB,繝ｫ繝ｪ繝ｼ繝ｭ遖丞ｲ｡ｼ2025-26ｼ,176,88,2000.10.15,25,豬夂ｵ梧ｸ亥､ｧ蟄ｦ莉伜ｱ樊沛鬮俶｡,豬夂ｵ梧ｸ亥､ｧ蟄ｦ,豬夂ｵ梧ｸ亥､ｧ蟄ｦ莉伜ｱ樊沛鬮俶｡ 豬夂ｵ梧ｸ亥､ｧ蟄ｦ,A,3,https://league-one.jp/player/484941,,,,,
YOSHITSUMI SHIMORA,荳玖憶 螂ｽ邏,WTB,繝ｫ繝ｪ繝ｼ繝ｭ遖丞ｲ｡ｼ2025-26ｼ,176,91,1993.11.12,32,譚ｱ豬ｷ螟ｧ螟ｧ髦ｪ莉ｰ譏滄ｫ俶｡,莠ｬ驛ｽ逕｣讌ｭ螟ｧ蟄ｦ,譚ｱ豬ｷ螟ｧ莉ｰ譏 莠ｬ驛ｽ逕｣讌ｭ螟ｧ蟄ｦ,A,1,https://league-one.jp/player/484942,,,,,
RAFI KUROKAWA,鮟貞ｷ 繝ｩ繝輔ぅ,WTB,繝ｫ繝ｪ繝ｼ繝ｭ遖丞ｲ｡ｼ2025-26ｼ,178,79,1994.11.09,31,遲鷹區蟄ｦ蝨帝ｫ俶｡,蟆ゆｿｮ螟ｧ蟄ｦ,遲鷹區蟄ｦ蝨 蟆ゆｿｮ螟ｧ蟄ｦ,A,0,https://league-one.jp/player/484943,,,,,
TAKUTO KAJIWARA,譴ｶ蜴 諡謎ｺｺ,WTB,繝ｫ繝ｪ繝ｼ繝ｭ遖丞ｲ｡ｼ2025-26ｼ,181,84,1998.12.18,27,莠ｬ驛ｽ蠎懃ｫ句圏遞憺ｫ倡ｭ牙ｭｦ譬｡,髢｢隘ｿ螟門嵜隱槫､ｧ蟄ｦ,莠ｬ驛ｽ蠎懃ｫ句圏遞憺ｫ倡ｭ牙ｭｦ譬｡ 髢｢隘ｿ螟門嵜隱槫､ｧ蟄ｦ,A,0,https://league-one.jp/player/484944,,,,,
SYUUTO INOUE,莠穂ｸ 譟贋ｺｺ,WTB,繝ｫ繝ｪ繝ｼ繝ｭ遖丞ｲ｡ｼ2025-26ｼ,173,80,1999.11.24,26,譚ｱ豬ｷ螟ｧ蟄ｦ髯ｱ樒ｦ丞ｲ｡鬮俶｡,遖丞ｲ｡蟾･讌ｭ螟ｧ蟄ｦ,譚ｱ豬ｷ螟ｧ蟄ｦ髯ｱ樒ｦ丞ｲ｡鬮俶｡ 遖丞ｲ｡蟾･讌ｭ螟ｧ蟄ｦ,A,0,https://league-one.jp/player/484945,,,,,
TAROU IDE,莠墓焔 螟ｪ譛,WTB,繝ｫ繝ｪ繝ｼ繝ｭ遖丞ｲ｡ｼ2025-26ｼ,172,77,2000.11.15,25,譚ｱ遖丞ｲ｡鬮俶｡,遖丞ｲ｡螟ｧ蟄ｦ,譚ｱ遖丞ｲ｡ 遖丞ｲ｡螟ｧ蟄ｦ,A,4,https://league-one.jp/player/484946,,,,,
DOGA MAEDA,蜑咲伐 蝨溯歓,FB,繝ｫ繝ｪ繝ｼ繝ｭ遖丞ｲ｡ｼ2025-26ｼ,179,90,1996.11.30,29,豬ｷ譏滄ｫ俶｡,遲第ｳ｢螟ｧ蟄ｦ,豬ｷ譏滄ｫ俶｡ 遲第ｳ｢螟ｧ蟄ｦ,A,28,https://league-one.jp/player/484947,,,'13 鬮俶｡縲'16 U20縲'16 U23縲∵律譛ｬ莉｣陦ｨ4CAP,,
REI SHIBATA,譟ｴ逕ｰ 邇ｲ,CTB,繝ｫ繝ｪ繝ｼ繝ｭ遖丞ｲ｡ｼ2025-26ｼ,177,86,2005.04.10,20,譚ｱ豬ｷ螟ｧ蟄ｦ莉伜ｱ樒譛ｬ譏溽ｿ秘ｫ俶｡,,譚ｱ豬ｷ螟ｧ蟄ｦ莉伜ｱ樒譛ｬ譏溽ｿ秘ｫ俶｡,A,0,https://league-one.jp/player/484948,,,,,
ISSEI SHIGE,驥 荳逕,CTB,繝ｫ繝ｪ繝ｼ繝ｭ遖丞ｲ｡ｼ2025-26ｼ,171,84,1994.12.05,31,蟶ｸ鄙泌ｭｦ蝨帝ｫ俶｡,蟶昜ｺｬ螟ｧ蟄ｦ,蟶ｸ鄙泌ｭｦ蝨 蟶昜ｺｬ螟ｧ蟄ｦ,A,19,https://league-one.jp/player/484949,,,'13 U23,,
RINTO KAGAWA,鬥吝ｷ 蜃應ｺｺ,CTB,繝ｫ繝ｪ繝ｼ繝ｭ遖丞ｲ｡ｼ2025-26ｼ,175,85,1997.03.18,28,譚ｱ豬ｷ螟ｧ莉ｰ譏滄ｫ俶｡,髢｢隘ｿ蟄ｦ髯｢螟ｧ蟄ｦ,譚ｱ豬ｷ螟ｧ莉ｰ譏滄ｫ俶｡ 髢｢隘ｿ蟄ｦ髯｢螟ｧ蟄ｦ,A,15,https://league-one.jp/player/484950,,,,,
SYOUTAROU MATSUO,譚ｾ蟆ｾ 蟆､ｪ驛,SO,繝ｫ繝ｪ繝ｼ繝ｭ遖丞ｲ｡ｼ2025-26ｼ,170,82,1996.10.19,29,譚ｱ遖丞ｲ｡鬮俶｡,譏取ｲｻ螟ｧ蟄ｦ,譚ｱ遖丞ｲ｡鬮俶｡ 譏取ｲｻ螟ｧ蟄ｦ,A,17,https://league-one.jp/player/484951,,,'16 U20,,
DAISUKE HIJII,閧倅ｺ 螟ｧ霈,SO,繝ｫ繝ｪ繝ｼ繝ｭ遖丞ｲ｡ｼ2025-26ｼ,171,82,1998.02.23,27,荵晏ｷ槫嵜髫帛､ｧ蟄ｦ髯ｱ樣ｫ倡ｭ牙ｭｦ譬｡,荵晏ｷ槫ｱ遶句､ｧ蟄ｦ,荵晏ｷ槫嵜髫帛､ｧ蟄ｦ髯ｱ樣ｫ倡ｭ牙ｭｦ譬｡ 荵晏ｷ槫ｱ遶句､ｧ蟄ｦ,A,0,https://league-one.jp/player/484952,,,,,
KENTARO NAGATOMI,豌ｸ蟇 蛛･螟ｪ驛,SO,繝ｫ繝ｪ繝ｼ繝ｭ遖丞ｲ｡ｼ2025-26ｼ,183,83,1994.04.02,31,菫ｮ迪ｷ鬢ｨ鬮俶｡,蜷悟ｿ礼､ｾ螟ｧ蟄ｦ,菫ｮ迪ｷ鬢ｨ鬮俶｡ 蜷悟ｿ礼､ｾ螟ｧ蟄ｦ,A,2,https://league-one.jp/player/484953,,,,,
HISANORI MIMATA,荳芽ぃ 荵⒦ⅵ,SH,繝ｫ繝ｪ繝ｼ繝ｭ遖丞ｲ｡ｼ2025-26ｼ,167,72,1995.09.07,30,菴占ｳ蟾･讌ｭ鬮倡ｭ牙ｭｦ譬｡,譏取ｲｻ螟ｧ蟄ｦ,菴占ｳ蟾･讌ｭ鬮倡ｭ牙ｭｦ譬｡ 譏取ｲｻ螟ｧ蟄ｦ,A,23,https://league-one.jp/player/484954,,,,,
TAIGA MIHARA,荳牙次 螟ｧ豐ｳ,SH,繝ｫ繝ｪ繝ｼ繝ｭ遖丞ｲ｡ｼ2025-26ｼ,168,68,2001.09.25,24,譚ｱ遖丞ｲ｡鬮俶｡,遶区ｭ｣螟ｧ蟄ｦ,譚ｱ遖丞ｲ｡鬮俶｡ 遶区ｭ｣螟ｧ蟄ｦ,A,0,https://league-one.jp/player/484955,,,,,
MASAFUMI TANABE,逕ｰ霎ｺ 髮⒧枚,SH,繝ｫ繝ｪ繝ｼ繝ｭ遖丞ｲ｡ｼ2025-26ｼ,171,80,1994.05.02,31,髟ｷ蟠主圏髯ｽ蜿ｰ鬮倡ｭ牙ｭｦ譬｡,蟆ゆｿｮ螟ｧ蟄ｦ,髟ｷ蟠主圏髯ｽ蜿ｰ鬮倡ｭ牙ｭｦ譬｡ 蟆ゆｿｮ螟ｧ蟄ｦ,A,8,https://league-one.jp/player/484956,,,,,
FUMIYA SAITO,鮨玖陸 蜿ｲ蜩,SH,繝ｫ繝ｪ繝ｼ繝ｭ遖丞ｲ｡ｼ2025-26ｼ,168,73,2001.08.26,24,菴占ｳ蟾･讌ｭ鬮俶｡,譌･譛ｬ螟ｧ蟄ｦ,菴占ｳ蟾･讌ｭ鬮俶｡ 譌･譛ｬ螟ｧ蟄ｦ,A,0,https://league-one.jp/player/484957,,,,,
MASAHITO TONOMOTO,谿ｿ蜈 謾ｿ莉,FL,繝ｫ繝ｪ繝ｼ繝ｭ遖丞ｲ｡ｼ2025-26ｼ,179,94,1996.09.02,29,譚ｱ遖丞ｲ｡鬮俶｡,蟆ゆｿｮ螟ｧ蟄ｦ,譚ｱ遖丞ｲ｡鬮俶｡ 蟆ゆｿｮ螟ｧ蟄ｦ,A,10,https://league-one.jp/player/484958,,,,,
RYOUSEI KOHARA,蟆丞次 遞懃函,FL,繝ｫ繝ｪ繝ｼ繝ｭ遖丞ｲ｡ｼ2025-26ｼ,180,95,1993.10.05,32,莠ｬ驛ｽ謌千ｫ鬮俶｡,遶句多鬢ｨ螟ｧ蟄ｦ,莠ｬ驛ｽ謌千ｫ 遶句多鬢ｨ螟ｧ蟄ｦ,A,16,https://league-one.jp/player/484959,,,,,
DAISHIROU INOUE,莠穂ｸ 螟ｧ蠢鈴ヮ,FL,繝ｫ繝ｪ繝ｼ繝ｭ遖丞ｲ｡ｼ2025-26ｼ,170,87,2001.09.27,24,豬ｮ鄒ｽ遨ｶ逵滄､ｨ鬮俶｡,遖丞ｲ｡螟ｧ蟄ｦ,豬ｮ鄒ｽ遨ｶ逵滄､ｨ鬮俶｡ 遖丞ｲ｡螟ｧ蟄ｦ,A,7,https://league-one.jp/player/484960,,,,,
IOSEFATU MAREKO,繧､繧ｪ繧ｻ繝輔ぃ繝 繝ｻ繝槭Ξ繧ｳ,PR,繝ｫ繝ｪ繝ｼ繝ｭ遖丞ｲ｡ｼ2025-26ｼ,189,115,1998.04.30,27,LeulumoegaFoucollege鬮俶｡,譌･譛ｬ螟ｧ蟄ｦ,LeulumoegaFoucollege 譌･譛ｬ螟ｧ蟄ｦ,A,9,https://league-one.jp/player/484961,,,,,
KEITA TERADA,蟇ｺ逕ｰ 譯ょ､ｪ,LO,繝ｫ繝ｪ繝ｼ繝ｭ遖丞ｲ｡ｼ2025-26ｼ,198,113,1995.02.01,30,莨剰ｦ句ｷ･讌ｭ鬮俶｡,蟶昜ｺｬ螟ｧ蟄ｦ,莨剰ｦ句ｷ･讌ｭ鬮俶｡ 蟶昜ｺｬ螟ｧ蟄ｦ,A,17,https://league-one.jp/player/484962,,,,,
SYUUTA TAKAMI,鬮倩ｦ 菫ｮ螟ｪ,LO,繝ｫ繝ｪ繝ｼ繝ｭ遖丞ｲ｡ｼ2025-26ｼ,180,95,2000.08.16,25,譬ｾｳ鬮俶｡,荳ｭ驛ｨ螟ｧ蟄ｦ,譬ｾｳ鬮俶｡ 荳ｭ驛ｨ螟ｧ蟄ｦ,A,7,https://league-one.jp/player/484963,,,,,
TATSUYA KUZUMI,闡幄ｦ 驕泌悼,LO,繝ｫ繝ｪ繝ｼ繝ｭ遖丞ｲ｡ｼ2025-26ｼ,192,110,1997.12.17,28,蜊痩邨梧ｸ亥､ｧ蟄ｦ髯ｱ樣ｫ倡ｭ牙ｭｦ譬｡,譚ｱ豢句､ｧ蟄ｦ,蜊痩邨梧ｸ亥､ｧ蟄ｦ髯ｱ樣ｫ倡ｭ牙ｭｦ譬｡ 譚ｱ豢句､ｧ蟄ｦ,A,0,https://league-one.jp/player/484964,,,,,
KENNTA UEDA,荳顔伐 蛛･螟ｪ,LO,繝ｫ繝ｪ繝ｼ繝ｭ遖丞ｲ｡ｼ2025-26ｼ,183,98,2001.12.28,24,蛹苓ｶ企ｫ俶｡,豬夂ｵ梧ｸ亥､ｧ蟄ｦ,蛹苓ｶ企ｫ俶｡ 豬夂ｵ梧ｸ亥､ｧ蟄ｦ,A,12,https://league-one.jp/player/484965,,,,,
TAIYOU MINAMI,蜊 螟ｪ髯ｽ,HO,繝ｫ繝ｪ繝ｼ繝ｭ遖丞ｲ｡ｼ2025-26ｼ,173,95,2000.08.06,25,螟ｧ髦ｪ逕｣讌ｭ螟ｧ蟄ｦ髯ｱ樣ｫ倡ｭ牙ｭｦ譬｡,豬夂ｵ梧ｸ亥､ｧ蟄ｦ,螟ｧ髦ｪ逕｣讌ｭ螟ｧ蟄ｦ髯ｱ樣ｫ倡ｭ牙ｭｦ譬｡ 豬夂ｵ梧ｸ亥､ｧ蟄ｦ,A,16,https://league-one.jp/player/484966,,,,,
ATSURO NAKAMURA,荳ｭ譚 遽､驛,HO,繝ｫ繝ｪ繝ｼ繝ｭ遖丞ｲ｡ｼ2025-26ｼ,174,97,1994.04.11,31,辭頑悽隘ｿ鬮俶｡,豬夂ｵ梧ｸ亥､ｧ蟄ｦ,辭頑悽隘ｿ鬮俶｡ 豬夂ｵ梧ｸ亥､ｧ蟄ｦ,A,9,https://league-one.jp/player/484967,,,,,
YOSHIAKI TAKEUCHI,遶ｹ蜀 蝌臥ｫ,HO,繝ｫ繝ｪ繝ｼ繝ｭ遖丞ｲ｡ｼ2025-26ｼ,170,100,1996.09.24,29,譚ｱ遖丞ｲ｡鬮俶｡,霑醍柄螟ｧ蟄ｦ,譚ｱ遖丞ｲ｡鬮俶｡ 霑醍柄螟ｧ蟄ｦ,A,7,https://league-one.jp/player/484968,,,'16 U20縲'16 U23,,
YUUKI UCHIYAMA,蜀⒦ｱｱ 蜿玖ｲｴ,HO,繝ｫ繝ｪ繝ｼ繝ｭ遖丞ｲ｡ｼ2025-26ｼ,169,98,1996.09.07,29,遏ｳ隕区匱鄙鬢ｨ鬮俶｡,螟ｩ逅､ｧ蟄ｦ,遏ｳ隕区匱鄙鬢ｨ鬮俶｡ 螟ｩ逅､ｧ蟄ｦ,A,0,https://league-one.jp/player/484969,,,,,
RYUUJU MURATA,譚醍伐 鮴榊ｯｿ,PR,繝ｫ繝ｪ繝ｼ繝ｭ遖丞ｲ｡ｼ2025-26ｼ,175,105,2000.12.13,25,霑醍柄螟ｧ蟄ｦ髯ｱ樣ｫ俶｡,霑醍柄螟ｧ蟄ｦ,霑醍柄螟ｧ蟄ｦ髯ｱ樣ｫ俶｡ 霑醍柄螟ｧ蟄ｦ,A,0,https://league-one.jp/player/484970,,,,,
KANTA HASEGAWA,髟ｷ隹ｷ蟾 蟇帛､ｪ,PR,繝ｫ繝ｪ繝ｼ繝ｭ遖丞ｲ｡ｼ2025-26ｼ,179,108,1996.04.23,29,髟ｷ蟠主圏髯ｽ蜿ｰ鬮俶｡,蟶昜ｺｬ螟ｧ蟄ｦ,髟ｷ蟠主圏髯ｽ蜿ｰ鬮俶｡ 蟶昜ｺｬ螟ｧ蟄ｦ,A,5,https://league-one.jp/player/484971,,,,,
TOMOKI NOBETA,蟒ｶ逕ｰ 譛区ｨｹ,PR,繝ｫ繝ｪ繝ｼ繝ｭ遖丞ｲ｡ｼ2025-26ｼ,170,100,1996.10.28,29,驥大阯､阡ｭ鬮俶｡,螟ｧ髦ｪ逕｣讌ｭ螟ｧ蟄ｦ,驥大阯､阡ｭ鬮俶｡ 螟ｧ髦ｪ逕｣讌ｭ螟ｧ蟄ｦ,A,27,https://league-one.jp/player/484972,,,,,
RINTAROU NODA,驥守伐 鮗溷､ｪ驛,PR,繝ｫ繝ｪ繝ｼ繝ｭ遖丞ｲ｡ｼ2025-26ｼ,172,110,2001.03.25,24,貊玖ｳ蟄ｦ蝨帝ｫ倡ｭ牙ｭｦ譬｡,驥第ｲ｢蟄ｦ髯｢螟ｧ蟄ｦ,貊玖ｳ蟄ｦ蝨帝ｫ倡ｭ牙ｭｦ譬｡ 驥第ｲ｢蟄ｦ髯｢螟ｧ蟄ｦ,A,8,https://league-one.jp/player/484973,,,,,
YUSYO NARITA,謌千伐 謔逾･,PR,繝ｫ繝ｪ繝ｼ繝ｭ遖丞ｲ｡ｼ2025-26ｼ,175,108,2001.10.03,24,蝣ｱ蠕ｳ蟄ｦ蝨帝ｫ倡ｭ牙ｭｦ譬｡,諡捺ｮ門､ｧ蟄ｦ,蝣ｱ蠕ｳ蟄ｦ蝨帝ｫ倡ｭ牙ｭｦ譬｡ 諡捺ｮ門､ｧ蟄ｦ,A,0,https://league-one.jp/player/484974,,,,,
AMANAKI LISALA,繧｢繝槭リ繧ｭ 繝ｻ繝ｪ繧ｵ繝ｩ,WTB,繝ｫ繝ｪ繝ｼ繝ｭ遖丞ｲ｡ｼ2025-26ｼ,188,98,1999.08.17,26,TongaCollegeAtele鬮俶｡,,TongaCollegeAtele,B,18,https://league-one.jp/player/485137,,,,,
FINAU MAKAVAHA,繝輔ぅ繝翫え 繝ｻ繝槭き繝ｴ繧｡繝,,繝ｫ繝ｪ繝ｼ繝ｭ遖丞ｲ｡ｼ2025-26ｼ,187,115,1996.10.30,29,繝医Φ繧ｬ繧ｫ繝ｬ繝ず,闃ｱ蝨貞､ｧ蟄ｦ,繝医Φ繧ｬ繧ｫ繝ｬ繝ず 闃ｱ蝨貞､ｧ蟄ｦ,A,13,https://league-one.jp/player/485467,,,,,
Manase Havili,繝槭リ繧ｻ 繝ｻ繝上ン繝ｪ,CTB,繝ｫ繝ｪ繝ｼ繝ｭ遖丞ｲ｡ｼ2025-26ｼ,175,98,2001.04.07,24,鬮倡衍荳ｭ螟ｮ鬮俶｡,螟ｩ逅､ｧ蟄ｦ,鬮倡衍荳ｭ螟ｮ鬮俶｡ 螟ｩ逅､ｧ蟄ｦ,A,0,https://league-one.jp/player/485709,,,,,
Yasue Yoshimitsu,螳画ｱ 逾･蜈,HO,繧ｯ繝懊ち繧ｹ繝斐い繝ｼ繧ｺ闊ｹ讖九ｻ譚ｱ莠ｬ繝吶うｼ2025-26ｼ,176,109,1984.08.25,41,蟶昜ｺｬ鬮俶｡,蟶昜ｺｬ螟ｧ蟄ｦ,蟶昜ｺｬ鬮俶｡ 蟶昜ｺｬ螟ｧ蟄ｦ,A,46,https://league-one.jp/player/483732,,,譌･譛ｬ莉｣陦ｨ2CAP,,
Towa Kondo,霑題陸 鄙碑ｶ,CTB,繧ｯ繝懊ち繧ｹ繝斐い繝ｼ繧ｺ闊ｹ讖九ｻ譚ｱ莠ｬ繝吶うｼ2025-26ｼ,180,90,2002.09.01,23,譚ｱ豬ｷ螟ｧ蟄ｦ莉伜ｱ槫､ｧ髦ｪ莉ｰ譏滄ｫ俶｡,譚ｱ豬ｷ螟ｧ蟄ｦ,譚ｱ豬ｷ螟ｧ蟄ｦ莉伜ｱ槫､ｧ髦ｪ莉ｰ譏滄ｫ俶｡ 譚ｱ豬ｷ螟ｧ蟄ｦ,A,0,https://league-one.jp/player/483733,,,,,
Yuki Asai,豬⒥ｺ 蜍㍽嚔,LO,繧ｯ繝懊ち繧ｹ繝斐い繝ｼ繧ｺ闊ｹ讖九ｻ譚ｱ莠ｬ繝吶うｼ2025-26ｼ,187,107,2002.10.30,23,莉吝床鬮俶｡,諷ｶ諛臥ｾｩ蝪ｾ螟ｧ蟄ｦ,莉吝床鬮俶｡ 諷ｶ諛臥ｾｩ蝪ｾ螟ｧ蟄ｦ,A,0,https://league-one.jp/player/483734,,,,,
Yuma Uenobo,荳翫ヮ蝮 謔鬥ｬ,FL,繧ｯ繝懊ち繧ｹ繝斐い繝ｼ繧ｺ闊ｹ讖九ｻ譚ｱ莠ｬ繝吶うｼ2025-26ｼ,183,100,2002.07.14,23,蟶らｫ句ｰｼ蟠朱ｫ俶｡,螟ｩ逅､ｧ蟄ｦ,蟶らｫ句ｰｼ蟠朱ｫ俶｡ 螟ｩ逅､ｧ蟄ｦ,A,0,https://league-one.jp/player/483735,,,,,
Shaun Stevenson,繧ｷ繝ｧ繝ｼ繝ｳ 繝ｻ繧ｹ繝ぅ繝ｼ繝悶Φ繧ｽ繝ｳ,FB,繧ｯ繝懊ち繧ｹ繝斐い繝ｼ繧ｺ闊ｹ讖九ｻ譚ｱ莠ｬ繝吶うｼ2025-26ｼ,190,92,1996.11.14,29,繧ｪ繝ｼ繧ｯ繝ｩ繝ｳ繝峨げ繝ｩ繝槭ｼ繧ｹ繧ｯ繝ｼ繝ｫ鬮俶｡,,繧ｪ繝ｼ繧ｯ繝ｩ繝ｳ繝峨げ繝ｩ繝槭ｼ繧ｹ繧ｯ繝ｼ繝ｫ,C,9,https://league-one.jp/player/483736,,,,,
Akira Ieremia,繧｢繧ｭ繝ｩ 繝ｻ繧､繧ｨ繝ｬ繝溘い,LO,繧ｯ繝懊ち繧ｹ繝斐い繝ｼ繧ｺ闊ｹ讖九ｻ譚ｱ莠ｬ繝吶うｼ2025-26ｼ,194,116,2001.11.14,24,SaintPatrick窶冱CollegeSilve鬮俶｡,,SaintPatrick窶冱CollegeSilve,A,2,https://league-one.jp/player/483737,,,,,
Ollie Stonham,繧ｪ繝ｪ繝ｼ 繝ｻ繧ｹ繝医ｼ繝ｳ繝上Β,FL,繧ｯ繝懊ち繧ｹ繝斐い繝ｼ繧ｺ闊ｹ讖九ｻ譚ｱ莠ｬ繝吶うｼ2025-26ｼ,193,106,2001.02.16,24,FalstedSchool鬮俶｡,,FalstedSchool,B,0,https://league-one.jp/player/483738,,,,,
Bryn Hall,繝悶Μ繝ｳ 繝ｻ繝帙ｼ繝ｫ,SH,繧ｯ繝懊ち繧ｹ繝斐い繝ｼ繧ｺ闊ｹ讖九ｻ譚ｱ莠ｬ繝吶うｼ2025-26ｼ,183,93,1992.02.03,33,繧ｻ繝ｳ繝医ヴ繝ｼ繧ｿ繝ｼ繧ｺ繧ｫ繝ｬ繝ず,,繧ｻ繝ｳ繝医ヴ繝ｼ繧ｿ繝ｼ繧ｺ繧ｫ繝ｬ繝ず,B,45,https://league-one.jp/player/483739,,,,,
Merwe Olivier,繝｡繝ｫ繝ｴ繧ｧ 繝ｻ繧ｪ繝ｪ繝ｴ繧｣繧ｨ,LO,繧ｯ繝懊ち繧ｹ繝斐い繝ｼ繧ｺ闊ｹ讖九ｻ譚ｱ莠ｬ繝吶うｼ2025-26ｼ,194,108,2002.10.09,23,GreyCollegeHighSchoolｼ医げ繝ｬ繧､繧ｫ繝ｬ繝ず鬮俶｡ｼ蛾ｫ俶｡,,GreyCollegeHighSchoolｼ医げ繝ｬ繧､繧ｫ繝ｬ繝ず鬮俶｡ｼ,B,18,https://league-one.jp/player/483740,,,,,
Jennings Tsuyoshi,繧ｸ繝九Φ繧ｰ繧ｹ 繝Κ繧ｷ,WTB,繧ｯ繝懊ち繧ｹ繝斐い繝ｼ繧ｺ闊ｹ讖九ｻ譚ｱ莠ｬ繝吶うｼ2025-26ｼ,176,86,2003.05.05,22,SwamiVivekanadaCallege鬮俶｡,,SwamiVivekanadaCallege,A,0,https://league-one.jp/player/483741,,,,,
Reo Matsushita,譚ｾ荳 諤懷､ｮ,UTB,繧ｯ繝懊ち繧ｹ繝斐い繝ｼ繧ｺ闊ｹ讖九ｻ譚ｱ莠ｬ繝吶うｼ2025-26ｼ,183,93,2001.01.31,24,髢｢譚ｱ蟄ｦ髯｢螟ｧ蟄ｦ蜈ｭ豬ｦ鬮俶｡,譌ｩ遞ｲ逕ｰ螟ｧ蟄ｦ,髢｢譚ｱ蟄ｦ髯｢螟ｧ蟄ｦ蜈ｭ豬ｦ鬮俶｡ 譌ｩ遞ｲ逕ｰ螟ｧ蟄ｦ,A,5,https://league-one.jp/player/483742,,,,,
Kanji Futamura,莠梧搗 闔槫昇,UTB,繧ｯ繝懊ち繧ｹ繝斐い繝ｼ繧ｺ闊ｹ讖九ｻ譚ｱ莠ｬ繝吶うｼ2025-26ｼ,180,87,2001.01.14,24,莠ｬ驛ｽ謌千ｫ鬮俶｡,蟶昜ｺｬ螟ｧ蟄ｦ,莠ｬ驛ｽ謌千ｫ鬮俶｡ 蟶昜ｺｬ螟ｧ蟄ｦ,A,3,https://league-one.jp/player/483743,,,'18 鬮俶｡縲'20 U23,,
Ougi Yanamoto,譴∵悽 譌ｺ鄒ｩ,FL,繧ｯ繝懊ち繧ｹ繝斐い繝ｼ繧ｺ闊ｹ讖九ｻ譚ｱ莠ｬ繝吶うｼ2025-26ｼ,180,95,2000.09.18,25,蟶ｸ鄙泌ｭｦ蝨帝ｫ俶｡,蜷悟ｿ礼､ｾ螟ｧ蟄ｦ,蟶ｸ鄙泌ｭｦ蝨 蜷悟ｿ礼､ｾ螟ｧ蟄ｦ,A,1,https://league-one.jp/player/483744,,,'20 U23,,
David Van Zeeland,繝ｼ繝ｴ繧｣繝ラ 繝ｻ繝ｴ繧｡繝ｳ繧ｸ繝ｼ繝ｩ繝ｳ繝,LO,繧ｯ繝懊ち繧ｹ繝斐い繝ｼ繧ｺ闊ｹ讖九ｻ譚ｱ莠ｬ繝吶うｼ2025-26ｼ,196,116,2000.02.11,25,StLaurence'sCollege鬮俶｡,諡捺ｮ門､ｧ蟄ｦ,StLaurence'sCollege 諡捺ｮ門､ｧ蟄ｦ,A,15,https://league-one.jp/player/483745,,,,,
Toui Kai,逕ｲ譁 逋ｻ逕,PR,繧ｯ繝懊ち繧ｹ繝斐い繝ｼ繧ｺ闊ｹ讖九ｻ譚ｱ莠ｬ繝吶うｼ2025-26ｼ,184,115,2000.12.08,25,遏ｳ隕区匱鄙鬢ｨ鬮俶｡,霑醍柄螟ｧ蟄ｦ,遏ｳ隕区匱鄙鬢ｨ 霑醍柄螟ｧ蟄ｦ,A,0,https://league-one.jp/player/483746,,,'18 鬮俶｡,,
Kazuki Kato,蜉阯､ 荳蟶,PR,繧ｯ繝懊ち繧ｹ繝斐い繝ｼ繧ｺ闊ｹ讖九ｻ譚ｱ莠ｬ繝吶うｼ2025-26ｼ,185,112,1994.12.07,31,荳ｭ驛ｨ螟ｧ蟄ｦ譏･譌･荳倬ｫ俶｡,荳ｭ驛ｨ螟ｧ蟄ｦ,荳ｭ驛ｨ螟ｧ蟄ｦ譏･譌･荳倬ｫ俶｡ 荳ｭ驛ｨ螟ｧ蟄ｦ,A,21,https://league-one.jp/player/483747,,,,,
Rikus Pretorius,繝ｪ繧ｫ繧ｹ 繝ｻ繝励Ξ繝医Μ繧｢繧ｹ,CTB,繧ｯ繝懊ち繧ｹ繝斐い繝ｼ繧ｺ闊ｹ讖九ｻ譚ｱ莠ｬ繝吶うｼ2025-26ｼ,193,104,1999.01.15,26,GreyCollege鬮俶｡,,GreyCollege,B,45,https://league-one.jp/player/483748,,,,,
Halatoa Vailea,繝上Λ繝医い 繝ｻ繝ｴ繧｡繧､繝ｬ繧｢,FB,繧ｯ繝懊ち繧ｹ繝斐い繝ｼ繧ｺ闊ｹ讖九ｻ譚ｱ莠ｬ繝吶うｼ2025-26ｼ,185,104,1999.02.14,26,譌･譛ｬ菴楢ご螟ｧ蟄ｦ譟城ｫ俶｡,譌･譛ｬ菴楢ご螟ｧ蟄ｦ,譌･譛ｬ菴楢ご螟ｧ蟄ｦ譟城ｫ俶｡ 譌･譛ｬ菴楢ご螟ｧ蟄ｦ,A,49,https://league-one.jp/player/483749,,,譌･譛ｬ莉｣陦ｨ2CAP,,
Haruto Kida,譛ｨ逕ｰ 譎ｴ譁,WTB,繧ｯ繝懊ち繧ｹ繝斐い繝ｼ繧ｺ闊ｹ讖九ｻ譚ｱ莠ｬ繝吶うｼ2025-26ｼ,176,90,1999.04.09,26,髢｢隘ｿ螟ｧ蛟蛾ｫ俶｡,遶句多鬢ｨ螟ｧ蟄ｦ,髢｢隘ｿ螟ｧ蛟蛾ｫ俶｡ 遶句多鬢ｨ螟ｧ蟄ｦ,A,40,https://league-one.jp/player/483750,,,'19 U20縲'19 U23縲'20 U23縲∵律譛ｬ莉｣陦ｨ2CAP,,
Atsushi Oshikawa,謚ｼ蟾 謨ｦ豐ｻ,SO,繧ｯ繝懊ち繧ｹ繝斐い繝ｼ繧ｺ闊ｹ讖九ｻ譚ｱ莠ｬ繝吶うｼ2025-26ｼ,173,85,1999.05.22,26,莠ｬ驛ｽ謌千ｫ鬮俶｡,蟶昜ｺｬ螟ｧ蟄ｦ,莠ｬ驛ｽ謌千ｫ鬮俶｡ 蟶昜ｺｬ螟ｧ蟄ｦ,A,22,https://league-one.jp/player/483751,,,'17 鬮俶｡,,
Asipeli Moala,繧｢繧ｷ繝壹Μ 繝ｻ繝｢繧｢繝ｩ,,繧ｯ繝懊ち繧ｹ繝斐い繝ｼ繧ｺ闊ｹ讖九ｻ譚ｱ莠ｬ繝吶うｼ2025-26ｼ,186,114,1998.06.28,27,譌･譛ｬ闊ｪ遨ｺ遏ｳ蟾晞ｫ俶｡,螟ｩ逅､ｧ蟄ｦ,譌･譛ｬ闊ｪ遨ｺ遏ｳ蟾晞ｫ俶｡ 螟ｩ逅､ｧ蟄ｦ,A,10,https://league-one.jp/player/483752,,,,,
Rikuto Fukuda,遖冗伐 髯ｸ莠ｺ,HO,繧ｯ繝懊ち繧ｹ繝斐い繝ｼ繧ｺ闊ｹ讖九ｻ譚ｱ莠ｬ繝吶うｼ2025-26ｼ,174,96,1999.12.09,26,蝗ｽ蟄ｦ髯｢螟ｧ蟄ｦ譬惠鬮俶｡,譏取ｲｻ螟ｧ蟄ｦ,蝗ｽ蟄ｦ髯｢螟ｧ蟄ｦ譬惠鬮俶｡ 譏取ｲｻ螟ｧ蟄ｦ,A,7,https://league-one.jp/player/483753,,,,,
Yota Kamimori,邏呎｣ｮ 髯ｽ螟ｪ,PR,繧ｯ繝懊ち繧ｹ繝斐い繝ｼ繧ｺ闊ｹ讖九ｻ譚ｱ莠ｬ繝吶うｼ2025-26ｼ,172,105,1999.04.26,26,螟ｧ髦ｪ譯占発鬮俶｡,霑醍柄螟ｧ蟄ｦ,螟ｧ髦ｪ譯占発鬮俶｡ 霑醍柄螟ｧ蟄ｦ,A,48,https://league-one.jp/player/483754,,,'17 鬮俶｡縲'19 U20縲'19 U23縲'20 U23縲∵律譛ｬ莉｣陦ｨ2CAP,,
Opeti Helu,繧ｪ繝壹ユ繧｣ 繝ｻ繝倥Ν,PR,繧ｯ繝懊ち繧ｹ繝斐い繝ｼ繧ｺ闊ｹ讖九ｻ譚ｱ莠ｬ繝吶うｼ2025-26ｼ,190,127,1998.07.22,27,繝九Η繝ｼ繧､繝ｳ繝医Φ繧ｫ繝ｬ繝ず,,繝九Η繝ｼ繧､繝ｳ繝医Φ繧ｫ繝ｬ繝ず,A,63,https://league-one.jp/player/483755,,,譌･譛ｬ莉｣陦ｨ2CAP,,
David Bulbring,繝ｼ繝ｴ繧｣繝ラ 繝ｻ繝悶Ν繝悶Μ繝ｳ繧ｰ,LO,繧ｯ繝懊ち繧ｹ繝斐い繝ｼ繧ｺ闊ｹ讖九ｻ譚ｱ莠ｬ繝吶うｼ2025-26ｼ,199,113,1989.09.12,36,AlexanderRoadHighSchoolｼ医い繝ｬ繧ｯ繧ｵ繝ｳ繝繝ｼ繝ｭ繝ｼ繝蛾ｫ俶｡ｼ蛾ｫ俶｡,Universityofjohannesburgｼ医Κ繝丞､ｧ蟄ｦ,AlexanderRoadHighSchoolｼ医い繝ｬ繧ｯ繧ｵ繝ｳ繝繝ｼ繝ｭ繝ｼ繝蛾ｫ俶｡ｼ Universityofjohannesburgｼ医Κ繝,A,62,https://league-one.jp/player/483756,,,,,
Masaya Tamaki,邇臥ｽｮ 蟆ｹ,LO,繧ｯ繝懊ち繧ｹ繝斐い繝ｼ繧ｺ闊ｹ讖九ｻ譚ｱ莠ｬ繝吶うｼ2025-26ｼ,188,102,1998.12.22,27,蜥梧ｭ悟ｱｱ逵檎ｫ狗驥朱ｫ倡ｭ牙ｭｦ譬｡,譌･譛ｬ菴楢ご螟ｧ蟄ｦ,蜥梧ｭ悟ｱｱ逵檎ｫ狗驥朱ｫ倡ｭ牙ｭｦ譬｡ 譌･譛ｬ菴楢ご螟ｧ蟄ｦ,A,6,https://league-one.jp/player/483757,,,,,
Kenshi Yamamoto,螻ｱ譛ｬ 蜑｣螢ｫ,PR,繧ｯ繝懊ち繧ｹ繝斐い繝ｼ繧ｺ闊ｹ讖九ｻ譚ｱ莠ｬ繝吶うｼ2025-26ｼ,186,115,1997.09.17,28,蜈ｵ蠎ｫ逵檎ｫ句ｧｫ霍ｯ蟾･讌ｭ鬮倡ｭ牙ｭｦ譬｡,螟ｧ髦ｪ菴楢ご螟ｧ蟄ｦ,蜈ｵ蠎ｫ逵檎ｫ句ｧｫ霍ｯ蟾･讌ｭ鬮倡ｭ牙ｭｦ譬｡ 螟ｧ髦ｪ菴楢ご螟ｧ蟄ｦ,A,15,https://league-one.jp/player/483758,,,,,
Gerhard van den Heever,繧ｲ繝ｩ繝ｼ繝 繝ｻ繝輔ぃ繝ｳ繝Φ繝偵ｼ繝輔ぃ繝ｼ,FB,繧ｯ繝懊ち繧ｹ繝斐い繝ｼ繧ｺ闊ｹ讖九ｻ譚ｱ莠ｬ繝吶うｼ2025-26ｼ,192,102,1989.04.13,36,AfrikaansBoys'HighSchoolｼ医い繝輔Μ繧ｫ窶斐Φ繧ｹ繝懊ｼ繧､繧ｺ鬮俶｡ｼ蛾ｫ俶｡,UniversityofPretoriaｼ医繝ｬ繝医Μ螟ｧ蟄ｦ,AfrikaansBoys'HighSchoolｼ医い繝輔Μ繧ｫ窶斐Φ繧ｹ繝懊ｼ繧､繧ｺ鬮俶｡ｼ UniversityofPretoriaｼ医繝ｬ繝医Μ,A,50,https://league-one.jp/player/483759,,,譌･譛ｬ莉｣陦ｨ5CAP,,
Koga Nezuka,譬ｹ蝪 豢ｸ髮,WTB,繧ｯ繝懊ち繧ｹ繝斐い繝ｼ繧ｺ闊ｹ讖九ｻ譚ｱ莠ｬ繝吶うｼ2025-26ｼ,173,82,1998.09.15,27,譚ｱ豬ｷ螟ｧ蟄ｦ莉伜ｱ槫､ｧ髦ｪ莉ｰ譏滄ｫ倡ｭ牙ｭｦ譬｡,豕墓帆螟ｧ蟄ｦ,譚ｱ豬ｷ螟ｧ蟄ｦ莉伜ｱ槫､ｧ髦ｪ莉ｰ譏滄ｫ倡ｭ牙ｭｦ譬｡ 豕墓帆螟ｧ蟄ｦ,A,55,https://league-one.jp/player/483760,,,'18 U20縲'18 U23縲'19 U23縲∵律譛ｬ莉｣陦ｨ3CAP,,
Bernard Foley,繝舌ｼ繝翫ｼ繝 繝ｻ繝輔か繝ｼ繝ｪ繝ｼ,SO,繧ｯ繝懊ち繧ｹ繝斐い繝ｼ繧ｺ闊ｹ讖九ｻ譚ｱ莠ｬ繝吶うｼ2025-26ｼ,182,89,1989.09.08,36,RedfieldCollege鬮俶｡,UniversityofSydneyｼ医す繝峨ル繝ｼ螟ｧ螟ｧ蟄ｦ,RedfieldCollege UniversityofSydneyｼ医す繝峨ル繝ｼ螟ｧ,C,56,https://league-one.jp/player/483761,,,,,
Takeo Suenaga,譛ｫ豌ｸ 蛛･髮,FL,繧ｯ繝懊ち繧ｹ繝斐い繝ｼ繧ｺ闊ｹ讖九ｻ譚ｱ莠ｬ繝吶うｼ2025-26ｼ,178,98,1994.07.31,31,遖丞ｲ｡逵檎ｫ狗ｦ丞ｲ｡鬮倡ｭ牙ｭｦ譬｡,蜷悟ｿ礼､ｾ螟ｧ蟄ｦ,遖丞ｲ｡逵檎ｫ狗ｦ丞ｲ｡鬮倡ｭ牙ｭｦ譬｡ 蜷悟ｿ礼､ｾ螟ｧ蟄ｦ,A,70,https://league-one.jp/player/483762,,,'12 鬮俶｡,,
PieterLappiesLabuschagne,繝斐ｼ繧ｿ繝ｼ 繝ｻ繝ｩ繝斐ｼ繧ｹ繝ｻ繝ｩ繝悶せ繧ｫ繝輔ル,FL,繧ｯ繝懊ち繧ｹ繝斐い繝ｼ繧ｺ闊ｹ讖九ｻ譚ｱ莠ｬ繝吶うｼ2025-26ｼ,189,106,1989.01.11,36,GreyCollegeHighSchoolｼ医げ繝ｬ繧､繧ｫ繝ｬ繝ず鬮俶｡ｼ蛾ｫ俶｡,UniversityoftheFreeStateｼ医ヵ繝ｪ螟ｧ蟄ｦ,GreyCollegeHighSchoolｼ医げ繝ｬ繧､繧ｫ繝ｬ繝ず鬮俶｡ｼ UniversityoftheFreeStateｼ医ヵ繝ｪ,A,49,https://league-one.jp/player/483763,,,,,
Hiroyuki Yamasaki,螻ｱ蟠 豢倶ｹ,WTB,繧ｯ繝懊ち繧ｹ繝斐い繝ｼ繧ｺ闊ｹ讖九ｻ譚ｱ莠ｬ繝吶うｼ2025-26ｼ,175,85,1998.03.08,27,遖丞ｲ｡逵檎ｫ狗ｭ醍ｴｫ鬮倡ｭ牙ｭｦ譬｡,譏取ｲｻ螟ｧ蟄ｦ,遖丞ｲ｡逵檎ｫ狗ｭ醍ｴｫ鬮倡ｭ牙ｭｦ譬｡ 譏取ｲｻ螟ｧ蟄ｦ,A,12,https://league-one.jp/player/483764,,,'18 U23,,
Ruan Botha,繝ｫ繧｢繝ｳ 繝ｻ繝懊ち,LO,繧ｯ繝懊ち繧ｹ繝斐い繝ｼ繧ｺ闊ｹ讖九ｻ譚ｱ莠ｬ繝吶うｼ2025-26ｼ,205,120,1992.01.10,33,JeuglandHighSchoolｼ医ず繝･繧ｰ繝ｩ繝ｳ繝蛾ｫ俶｡ｼ蛾ｫ俶｡,,JeuglandHighSchoolｼ医ず繝･繧ｰ繝ｩ繝ｳ繝蛾ｫ俶｡ｼ,A,56,https://league-one.jp/player/483765,,,,,
Shunta Koga,蜿､雉 鬧ｿ豎ｰ,SH,繧ｯ繝懊ち繧ｹ繝斐い繝ｼ繧ｺ闊ｹ讖九ｻ譚ｱ莠ｬ繝吶うｼ2025-26ｼ,180,85,1997.03.21,28,譚ｱ遖丞ｲ｡鬮倡ｭ牙ｭｦ譬｡,髱貞ｱｱ蟄ｦ髯｢螟ｧ蟄ｦ,譚ｱ遖丞ｲ｡鬮倡ｭ牙ｭｦ譬｡ 髱貞ｱｱ蟄ｦ髯｢螟ｧ蟄ｦ,A,11,https://league-one.jp/player/483766,,,,,
Faulua Makisi,繝槭く繧ｷ 繝輔ぃ繧ｦ繝ｫ繧｢,FL,繧ｯ繝懊ち繧ｹ繝斐い繝ｼ繧ｺ闊ｹ讖九ｻ譚ｱ莠ｬ繝吶うｼ2025-26ｼ,187,112,1997.01.20,28,譌･譛ｬ闊ｪ遨ｺ鬮倡ｭ牙ｭｦ譬｡遏ｳ蟾晞ｫ俶｡,螟ｩ逅､ｧ蟄ｦ,譌･譛ｬ闊ｪ遨ｺ鬮倡ｭ牙ｭｦ譬｡遏ｳ蟾 螟ｩ逅､ｧ蟄ｦ,A,64,https://league-one.jp/player/483767,,,,,
Kota Kaishi,豬ｷ螢ｫ 蠎､ｧ,PR,繧ｯ繝懊ち繧ｹ繝斐い繝ｼ繧ｺ闊ｹ讖九ｻ譚ｱ莠ｬ繝吶うｼ2025-26ｼ,172,102,1994.10.07,31,蟶ｸ鄙泌ｭｦ蝨帝ｫ倡ｭ牙ｭｦ譬｡,蜷悟ｿ礼､ｾ螟ｧ蟄ｦ,蟶ｸ鄙泌ｭｦ蝨帝ｫ倡ｭ牙ｭｦ譬｡ 蜷悟ｿ礼､ｾ螟ｧ蟄ｦ,A,56,https://league-one.jp/player/483768,,,譌･譛ｬ莉｣陦ｨ1CAP,,
Satoshi Saita,謇咲伐 譎ｺ,PR,繧ｯ繝懊ち繧ｹ繝斐い繝ｼ繧ｺ闊ｹ讖九ｻ譚ｱ莠ｬ繝吶うｼ2025-26ｼ,180,113,1993.06.07,32,譚ｱ遖丞ｲ｡鬮倡ｭ牙ｭｦ譬｡,蜷悟ｿ礼､ｾ螟ｧ蟄ｦ,譚ｱ遖丞ｲ｡鬮倡ｭ牙ｭｦ譬｡ 蜷悟ｿ礼､ｾ螟ｧ蟄ｦ,A,14,https://league-one.jp/player/483769,,,,,
Ippei Okada,蟯｡逕ｰ 荳蟷ｳ,SH,繧ｯ繝懊ち繧ｹ繝斐い繝ｼ繧ｺ闊ｹ讖九ｻ譚ｱ莠ｬ繝吶うｼ2025-26ｼ,165,75,1994.02.16,31,蟶ｸ鄙泌ｭｦ蝨帝ｫ倡ｭ牙ｭｦ譬｡,譌ｩ遞ｲ逕ｰ螟ｧ蟄ｦ,蟶ｸ鄙泌ｭｦ蝨帝ｫ倡ｭ牙ｭｦ譬｡ 譌ｩ遞ｲ逕ｰ螟ｧ蟄ｦ,A,1,https://league-one.jp/player/483770,,,'14 U23,,
Sione Teaupa,繝い繧ｦ繝 繧ｷ繧ｪ繝,CTB,繧ｯ繝懊ち繧ｹ繝斐い繝ｼ繧ｺ闊ｹ讖九ｻ譚ｱ莠ｬ繝吶うｼ2025-26ｼ,183,97,1992.07.09,33,TupoucollageHighSchoolｼ医ヨ繧･繝昴え繧ｫ繝ｬ繝ず鬮俶｡ｼ蛾ｫ俶｡,豬夂ｵ梧ｸ亥､ｧ蟄ｦ,TupoucollageHighSchoolｼ医ヨ繧･繝昴え繧ｫ繝ｬ繝ず鬮俶｡ｼ 豬夂ｵ梧ｸ亥､ｧ蟄ｦ,A,48,https://league-one.jp/player/483771,,,,,
Finau Tupa,繝医ぇ繝 繝輔ぅ繝翫え,FL,繧ｯ繝懊ち繧ｹ繝斐い繝ｼ繧ｺ闊ｹ讖九ｻ譚ｱ莠ｬ繝吶うｼ2025-26ｼ,190,115,1989.09.23,36,LiahonaHighSchoolｼ医Μ繧｢繝帙リ鬮俶｡ｼ蛾ｫ俶｡,,LiahonaHighSchoolｼ医Μ繧｢繝帙リ鬮俶｡ｼ,A,57,https://league-one.jp/player/483772,,,,,
Yuhei Shimada,蟲ｶ逕ｰ 謔蟷ｳ,WTB,繧ｯ繝懊ち繧ｹ繝斐い繝ｼ繧ｺ闊ｹ讖九ｻ譚ｱ莠ｬ繝吶うｼ2025-26ｼ,183,87,1997.12.25,28,蝨句ｭｸ髯｢螟ｧ蟄ｸ荵⒧螻ｱ鬮倡ｭ牙ｭｦ譬｡,遲第ｳ｢螟ｧ蟄ｦ,蝨句ｭｸ髯｢螟ｧ蟄ｸ荵⒧螻ｱ鬮倡ｭ牙ｭｦ譬｡ 遲第ｳ｢螟ｧ蟄ｦ,A,17,https://league-one.jp/player/483773,,,,,
Katsuya Okuma,螟ｧ辭 蜈句悼,HO,繧ｯ繝懊ち繧ｹ繝斐い繝ｼ繧ｺ闊ｹ讖九ｻ譚ｱ莠ｬ繝吶うｼ2025-26ｼ,170,95,1995.12.23,30,髟ｷ蟠主漉螻ｱ鬮倡ｭ牙ｭｦ譬｡,霑醍柄螟ｧ蟄ｦ,髟ｷ蟠主漉螻ｱ鬮倡ｭ牙ｭｦ譬｡ 霑醍柄螟ｧ蟄ｦ,A,0,https://league-one.jp/player/483774,,,,,
Harumichi Tatekawa,遶句ｷ 逅％,CTB,繧ｯ繝懊ち繧ｹ繝斐い繝ｼ繧ｺ闊ｹ讖九ｻ譚ｱ莠ｬ繝吶うｼ2025-26ｼ,180,93,1989.12.02,36,螟ｩ逅ｫ倡ｭ牙ｭｦ譬｡,螟ｩ逅､ｧ蟄ｦ,螟ｩ逅ｫ倡ｭ牙ｭｦ譬｡ 螟ｩ逅､ｧ蟄ｦ,A,63,https://league-one.jp/player/483775,,,'07 U20縲'08 U20縲∵律譛ｬ莉｣陦ｨ62CAP,,
Tomoki Kishioka,蟯ｸ蟯｡ 譎ｺ讓ｹ,SO,繧ｯ繝懊ち繧ｹ繝斐い繝ｼ繧ｺ闊ｹ讖九ｻ譚ｱ莠ｬ繝吶うｼ2025-26ｼ,174,83,1997.09.22,28,譚ｱ豬ｷ螟ｧ蟄ｦ莉伜ｱ樔ｻｰ譏滄ｫ倡ｭ牙ｭｦ譬｡,譌ｩ遞ｲ逕ｰ螟ｧ蟄ｦ,譚ｱ豬ｷ螟ｧ蟄ｦ莉伜ｱ樔ｻｰ譏滄ｫ倡ｭ牙ｭｦ譬｡ 譌ｩ遞ｲ逕ｰ螟ｧ蟄ｦ,A,21,https://league-one.jp/player/483776,,,'17 U20縲'17 U23縲'19 U23,,
Kazuhiro Taniguchi,隹ｷ蜿｣ 蜥梧ｴ,SH,繧ｯ繝懊ち繧ｹ繝斐い繝ｼ繧ｺ闊ｹ讖九ｻ譚ｱ莠ｬ繝吶うｼ2025-26ｼ,164,73,1995.02.05,30,螟ｧ髦ｪ蟶らｫ矩ｽ蟲ｶ蟾･讌ｭ鬮倡ｭ牙ｭｦ譬｡,螟ｩ逅､ｧ蟄ｦ,螟ｧ髦ｪ蟶らｫ矩ｽ蟲ｶ蟾･讌ｭ鬮倡ｭ牙ｭｦ譬｡ 螟ｩ逅､ｧ蟄ｦ,A,34,https://league-one.jp/player/483777,,,,,
Naoaki Horibe,蝣驛ｨ 逶ｴ螢ｮ,LO,繧ｯ繝懊ち繧ｹ繝斐い繝ｼ繧ｺ闊ｹ讖九ｻ譚ｱ莠ｬ繝吶うｼ2025-26ｼ,192,102,1997.04.17,28,遖丞ｲ｡逵檎ｫ狗ｭ醍ｴｫ鬮倡ｭ牙ｭｦ譬｡,蜷悟ｿ礼､ｾ螟ｧ蟄ｦ,遖丞ｲ｡逵檎ｫ狗ｭ醍ｴｫ鬮倡ｭ牙ｭｦ譬｡ 蜷悟ｿ礼､ｾ螟ｧ蟄ｦ,A,7,https://league-one.jp/player/483778,,,'16 U20縲'17 U20縲'17 U23縲'19 U23,,
Yuki Aoki,髱呈惠 逾先ｨｹ,LO,繧ｯ繝懊ち繧ｹ繝斐い繝ｼ繧ｺ闊ｹ讖九ｻ譚ｱ莠ｬ繝吶うｼ2025-26ｼ,188,105,1992.02.23,33,譚ｱ豢句､ｧ蟄ｦ莉伜ｱ樒央荵⒪ｫ倡ｭ牙ｭｦ譬｡,譌･譛ｬ菴楢ご螟ｧ蟄ｦ,譚ｱ豢句､ｧ蟄ｦ莉伜ｱ樒央荵⒪ｫ倡ｭ牙ｭｦ譬｡ 譌･譛ｬ菴楢ご螟ｧ蟄ｦ,A,30,https://league-one.jp/player/483779,,,,,
Kengo Kitagawa,蛹怜ｷ 雉｢蜷ｾ,PR,繧ｯ繝懊ち繧ｹ繝斐い繝ｼ繧ｺ闊ｹ讖九ｻ譚ｱ莠ｬ繝吶うｼ2025-26ｼ,178,106,1992.08.27,33,譚ｱ遖丞ｲ｡鬮倡ｭ牙ｭｦ譬｡,蜷悟ｿ礼､ｾ螟ｧ蟄ｦ,譚ｱ遖丞ｲ｡鬮倡ｭ牙ｭｦ譬｡ 蜷悟ｿ礼､ｾ螟ｧ蟄ｦ,A,30,https://league-one.jp/player/483780,,,'11 U20縲'13 U23縲∵律譛ｬ莉｣陦ｨ3CAP,,
Genki Mizobuchi,貅晄ｸ 蜈ｰ,SH,繧ｯ繝懊ち繧ｹ繝斐い繝ｼ繧ｺ闊ｹ讖九ｻ譚ｱ莠ｬ繝吶うｼ2025-26ｼ,169,75,2001.12.28,24,螟ｧ髦ｪ逕｣讌ｭ螟ｧ蟄ｦ髯ｱ樣ｫ俶｡,髢｢隘ｿ螟ｧ蟄ｦ,螟ｧ髦ｪ逕｣讌ｭ螟ｧ蟄ｦ髯ｱ樣ｫ俶｡ 髢｢隘ｿ螟ｧ蟄ｦ,A,0,https://league-one.jp/player/483781,,,,,
Izi Sword,繧､繧ｸ窶 繝ｻ繧ｽ繝ｼ繝,PR,繧ｯ繝懊ち繧ｹ繝斐い繝ｼ繧ｺ闊ｹ讖九ｻ譚ｱ莠ｬ繝吶うｼ2025-26ｼ,190,120,2001.06.07,24,繧｢繝ｳ繧ｰ繝ｪ繧ｫ繝ｳ繝√Ε繝ｼ繝√げ繝ｩ繝槭ｼ繧ｹ繧ｯ繝ｼ繝ｫ鬮俶｡,諡捺ｮ門､ｧ蟄ｦ,繧｢繝ｳ繧ｰ繝ｪ繧ｫ繝ｳ繝√Ε繝ｼ繝√げ繝ｩ繝槭ｼ繧ｹ繧ｯ繝ｼ繝ｫ 諡捺ｮ門､ｧ蟄ｦ,A,4,https://league-one.jp/player/483782,,,,,
Kenkichi Yanagawa,譴∝ｷ 雉｢蜷,FL,繧ｯ繝懊ち繧ｹ繝斐い繝ｼ繧ｺ闊ｹ讖九ｻ譚ｱ莠ｬ繝吶うｼ2025-26ｼ,188,100,2001.12.10,24,蟆ｾ驕馴ｫ俶｡,遲第ｳ｢螟ｧ蟄ｦ,蟆ｾ驕馴ｫ俶｡ 遲第ｳ｢螟ｧ蟄ｦ,A,0,https://league-one.jp/player/483783,,,,,
Yamada Hibiki,螻ｱ逕ｰ 髻ｿ,UTB,繧ｯ繝懊ち繧ｹ繝斐い繝ｼ繧ｺ闊ｹ讖九ｻ譚ｱ莠ｬ繝吶うｼ2025-26ｼ,174,82,2001.05.02,24,蝣ｱ蠕ｳ蟄ｦ蝨帝ｫ俶｡,諷ｶ蠢懃ｾｩ蝪ｾ螟ｧ蟄ｦ,蝣ｱ蠕ｳ蟄ｦ蝨帝ｫ俶｡ 諷ｶ蠢懃ｾｩ蝪ｾ螟ｧ蟄ｦ,A,10,https://league-one.jp/player/483784,,,'18 鬮俶｡,,
Yuya Hirose,蟒｣轢ｬ 髮ｹ,CTB,繧ｯ繝懊ち繧ｹ繝斐い繝ｼ繧ｺ闊ｹ讖九ｻ譚ｱ莠ｬ繝吶うｼ2025-26ｼ,182,94,2001.04.07,24,譚ｱ遖丞ｲ｡鬮俶｡,譏取ｲｻ螟ｧ蟄ｦ,譚ｱ遖丞ｲ｡鬮俶｡ 譏取ｲｻ螟ｧ蟄ｦ,A,16,https://league-one.jp/player/483785,,,'25 XV縲∵律譛ｬ莉｣陦ｨ5CAP,,
Hayate Era,豎溯憶 鬚ｯ,HO,繧ｯ繝懊ち繧ｹ繝斐い繝ｼ繧ｺ闊ｹ讖九ｻ譚ｱ莠ｬ繝吶うｼ2025-26ｼ,172,106,2001.09.18,24,螟ｧ髦ｪ譯占発鬮俶｡,蟶昜ｺｬ螟ｧ蟄ｦ,螟ｧ髦ｪ譯占発鬮俶｡ 蟶昜ｺｬ螟ｧ蟄ｦ,A,25,https://league-one.jp/player/483786,,,'18 鬮俶｡縲'25 XV縲∵律譛ｬ莉｣陦ｨ6CAP,,
Shinobu Fujiwara,阯､蜴 蠢,SH,繧ｯ繝懊ち繧ｹ繝斐い繝ｼ繧ｺ闊ｹ讖九ｻ譚ｱ莠ｬ繝吶うｼ2025-26ｼ,171,76,1999.02.08,26,譌･譛ｬ闊ｪ遨ｺ鬮倡ｭ牙ｭｦ譬｡遏ｳ蟾晞ｫ俶｡,螟ｩ逅､ｧ蟄ｦ,譌･譛ｬ闊ｪ遨ｺ鬮倡ｭ牙ｭｦ譬｡遏ｳ蟾 螟ｩ逅､ｧ蟄ｦ,A,72,https://league-one.jp/player/485500,,,'18 U20縲'18 U23縲'19 U23縲'20 U23縲∵律譛ｬ莉｣陦ｨ19CAP,,
Tyler Paul,繧ｿ繧､繝ｩ繝ｼ 繝ｻ繝昴ｼ繝ｫ,LO,繧ｯ繝懊ち繧ｹ繝斐い繝ｼ繧ｺ闊ｹ讖九ｻ譚ｱ莠ｬ繝吶うｼ2025-26ｼ,195,111,1995.01.20,30,繧ｻ繝ｳ繝医ｻ繧｢繝ｳ繝峨Μ繝･繝ｼ繧ｺ鬮俶｡,繝阪Ν繧ｽ繝ｳ繝ｻ繝槭Φ繝Λ螟ｧ蟄ｦ,繧ｻ繝ｳ繝医ｻ繧｢繝ｳ繝峨Μ繝･繝ｼ繧ｺ鬮俶｡ 繝阪Ν繧ｽ繝ｳ繝ｻ繝槭Φ繝Λ螟ｧ蟄ｦ,A,53,https://league-one.jp/player/485518,,,譌･譛ｬ莉｣陦ｨ4CAP,,
Keijiro Tamefusa,轤ｺ謌ｿ 諷ｶ谺｡譛,PR,繧ｯ繝懊ち繧ｹ繝斐い繝ｼ繧ｺ闊ｹ讖九ｻ譚ｱ莠ｬ繝吶うｼ2025-26ｼ,180,108,2001.09.03,24,蟶ｸ鄙泌ｭｦ蝨帝ｫ俶｡,譏取ｲｻ螟ｧ蟄ｦ,蟶ｸ鄙泌ｭｦ蝨帝ｫ俶｡ 譏取ｲｻ螟ｧ蟄ｦ,A,26,https://league-one.jp/player/486437,,,譌･譛ｬ莉｣陦ｨ20CAP,,
Malcolm Marx,繝槭Ν繧ｳ繝 繝ｻ繝槭ｼ繧ｯ繧ｹ,HO,繧ｯ繝懊ち繧ｹ繝斐い繝ｼ繧ｺ闊ｹ讖九ｻ譚ｱ莠ｬ繝吶うｼ2025-26ｼ,189,117,1994.07.13,31,繧ｭ繝ｳ繧ｰ繧ｨ繝峨Ρ繝ｼ繝鰻II鬮俶｡,,繧ｭ繝ｳ繧ｰ繧ｨ繝峨Ρ繝ｼ繝鰻II鬮俶｡,C,43,https://league-one.jp/player/486438,,,,,
Harry Willard,繝上Μ繝ｼ 繝ｻ繧ｦ繧｣繝ｩ繝ｼ繝,FL,繧ｯ繝懊ち繧ｹ繝斐い繝ｼ繧ｺ闊ｹ讖九ｻ譚ｱ莠ｬ繝吶うｼ2025-26ｼ,190,110,2003.11.08,22,繧ｦ繝ラ繝上え繧ｹ繝ｻ繧ｰ繝ｭ繝ｼ繝悶ｻ繧ｹ繧ｯ繝ｼ繝ｫ鬮俶｡,繝繝ｩ繝螟ｧ蟄ｦ,繧ｦ繝ラ繝上え繧ｹ繝ｻ繧ｰ繝ｭ繝ｼ繝悶ｻ繧ｹ繧ｯ繝ｼ繝ｫ 繝繝ｩ繝螟ｧ蟄ｦ,A,0,https://league-one.jp/player/488107,,,,,
Semi Radradra,繧ｻ繝 繝ｻ繝ｩ繝峨Λ繝峨Λ,CTB,髱吝ｲ｡繝悶Ν繝ｼ繝ｬ繝ｴ繧ｺｼ2025-26ｼ,190,103,1992.06.13,33,繝帙ｼ繝ｪ繝ｼ繧ｯ繝ｭ繧ｹ繧ｫ繝ｬ繝ず,,繝帙ｼ繝ｪ繝ｼ繧ｯ繝ｭ繧ｹ繧ｫ繝ｬ繝ず,C,1,https://league-one.jp/player/484146,,,,,
Daniel Maiava,繝繝九お繝ｫ 繝ｻ繝槭う繧｢繝ｴ繧｡,LO,髱吝ｲ｡繝悶Ν繝ｼ繝ｬ繝ｴ繧ｺｼ2025-26ｼ,194,116,2003.05.26,22,繧ｻ繝ｳ繝医ず繝ｧ繧ｻ繝輔リ繝ず繝ｼ繧ｫ繝ｬ繝ず,,繧ｻ繝ｳ繝医ず繝ｧ繧ｻ繝輔リ繝ず繝ｼ繧ｫ繝ｬ繝ず,B,0,https://league-one.jp/player/484147,,,,,
Keitatsu Motoyama,譛ｬ螻ｱ 菴ｳ鮴,PR,髱吝ｲ｡繝悶Ν繝ｼ繝ｬ繝ｴ繧ｺｼ2025-26ｼ,188,113,2006.12.26,19,髟ｷ蟠主漉螻ｱ鬮俶｡,,髟ｷ蟠主漉螻ｱ鬮俶｡,A,0,https://league-one.jp/player/484148,,,,,
SANELE NOHAMBA,繧ｵ繝阪Ξ 繝ｻ繝弱ワ繝ｳ繝,SH,髱吝ｲ｡繝悶Ν繝ｼ繝ｬ繝ｴ繧ｺｼ2025-26ｼ,167,74,1999.01.19,26,DurbanHighSchool鬮俶｡,,DurbanHighSchool,B,4,https://league-one.jp/player/484149,,,,,
Gen Goto,莠泌ｳｶ 貅,CTB,髱吝ｲ｡繝悶Ν繝ｼ繝ｬ繝ｴ繧ｺｼ2025-26ｼ,173,85,2003.03.28,22,蟆ｾ驕馴ｫ俶｡,蟶昜ｺｬ螟ｧ蟄ｦ,蟆ｾ驕馴ｫ俶｡ 蟶昜ｺｬ螟ｧ蟄ｦ,A,0,https://league-one.jp/player/484150,,,,,
Makoto Tsutsuguchi,遲貞哨 蜈∽ｹ,SO,髱吝ｲ｡繝悶Ν繝ｼ繝ｬ繝ｴ繧ｺｼ2025-26ｼ,171,81,2002.04.26,23,髟ｷ蟠主漉螻ｱ鬮俶｡,螟ｩ逅､ｧ蟄ｦ,髟ｷ蟠主漉螻ｱ鬮俶｡ 螟ｩ逅､ｧ蟄ｦ,A,1,https://league-one.jp/player/484151,,,,,
Sena Hosoya,邏ｰ遏｢ 閨匁ｨｹ,SH,髱吝ｲ｡繝悶Ν繝ｼ繝ｬ繝ｴ繧ｺｼ2025-26ｼ,162,63,2003.03.16,22,蝨句ｭｸ髯｢譬惠鬮俶｡,譌ｩ遞ｲ逕ｰ螟ｧ蟄ｦ,蝨句ｭｸ髯｢譬惠鬮俶｡ 譌ｩ遞ｲ逕ｰ螟ｧ蟄ｦ,A,0,https://league-one.jp/player/484152,,,'25 XV,,
Taisei Fukuda,遖冗伐 螟ｧ譎,FL,髱吝ｲ｡繝悶Ν繝ｼ繝ｬ繝ｴ繧ｺｼ2025-26ｼ,173,95,2002.10.29,23,荳ｭ驛ｨ螟ｧ譏･譌･荳倬ｫ俶｡,譏取ｲｻ螟ｧ蟄ｦ,荳ｭ驛ｨ螟ｧ譏･譌･荳倬ｫ俶｡ 譏取ｲｻ螟ｧ蟄ｦ,A,0,https://league-one.jp/player/484153,,,,,
Takumi Inaba,遞ｲ蝣ｴ 蟾ｧ,PR,髱吝ｲ｡繝悶Ν繝ｼ繝ｬ繝ｴ繧ｺｼ2025-26ｼ,175,110,2002.07.24,23,霑醍柄螟ｧ蟄ｦ髯ｱ樣ｫ俶｡,霑醍柄螟ｧ蟄ｦ,霑醍柄螟ｧ蟄ｦ髯ｱ樣ｫ俶｡ 霑醍柄螟ｧ蟄ｦ,A,5,https://league-one.jp/player/484154,,,,,
Justin Sangster,繧ｸ繝｣繧ｹ繝ぅ繝ｳ 繝ｻ繧ｵ繝ｳ繧ｰ繧ｹ繧ｿ繝ｼ,LO,髱吝ｲ｡繝悶Ν繝ｼ繝ｬ繝ｴ繧ｺｼ2025-26ｼ,198,118,1996.11.30,29,繧｢繧ｭ繝翫せ繧ｫ繝ｬ繝ず鬮俶｡,,繧｢繧ｭ繝翫せ繧ｫ繝ｬ繝ず鬮俶｡,B,9,https://league-one.jp/player/484155,,,,,
Valynce Te Whare,繝ｴ繧｡繝ｬ繝ｳ繧ｹ 繝ｻ繝ヵ繧｡繝ｬ,WTB,髱吝ｲ｡繝悶Ν繝ｼ繝ｬ繝ｴ繧ｺｼ2025-26ｼ,182,110,2000.09.15,25,StPaul'sCollegiateSchoolinHamilton鬮俶｡,,StPaul'sCollegiateSchoolinHamilton,B,22,https://league-one.jp/player/484156,,,,,
Taiga Kato,蜉阯､ 螟ｧ蜀ｴ,SH,髱吝ｲ｡繝悶Ν繝ｼ繝ｬ繝ｴ繧ｺｼ2025-26ｼ,170,73,2005.08.24,20,WestlakeBoysHighSchool鬮俶｡,,WestlakeBoysHighSchool,A,0,https://league-one.jp/player/484157,,,,,
Jack Timu,繧ｸ繝｣繝け 繝ｻ繝ぅ繝,WTB,髱吝ｲ｡繝悶Ν繝ｼ繝ｬ繝ｴ繧ｺｼ2025-26ｼ,175,89,2004.04.14,21,JohnMcGlashanCollege鬮俶｡,OtagoUniversity螟ｧ蟄ｦ,JohnMcGlashanCollege OtagoUniversity,B,0,https://league-one.jp/player/484158,,,,,
Siale Mahina,繧ｷ繧｢繝ｬ 繝ｻ繝槭ヲ繝,PR,髱吝ｲ｡繝悶Ν繝ｼ繝ｬ繝ｴ繧ｺｼ2025-26ｼ,175,110,2005.08.23,20,BrisbaneStateHighSchool鬮俶｡,,BrisbaneStateHighSchool,A,0,https://league-one.jp/player/484159,,,,,
Eito Maki,讒 迹帑ｺｺ,WTB,髱吝ｲ｡繝悶Ν繝ｼ繝ｬ繝ｴ繧ｺｼ2025-26ｼ,176,86,2000.10.18,25,蝨句ｭｸ髯｢荵⒧螻ｱ鬮俶｡,譌ｩ遞ｲ逕ｰ螟ｧ蟄ｦ,蝨句ｭｸ髯｢荵⒧螻ｱ鬮俶｡ 譌ｩ遞ｲ逕ｰ螟ｧ蟄ｦ,A,15,https://league-one.jp/player/484160,,,'18 鬮俶｡,,
Shunsuke Ito,莨願陸 蟲ｻ逾,CTB,髱吝ｲ｡繝悶Ν繝ｼ繝ｬ繝ｴ繧ｺｼ2025-26ｼ,178,90,2000.05.02,25,譯占発蟄ｦ蝨帝ｫ俶｡,譚ｱ豬ｷ螟ｧ蟄ｦ,譯占発蟄ｦ蝨帝ｫ俶｡ 譚ｱ豬ｷ螟ｧ蟄ｦ,A,3,https://league-one.jp/player/484161,,,,,
Kenta Iemura,螳ｶ譚 蛛･螟ｪ,SO,髱吝ｲ｡繝悶Ν繝ｼ繝ｬ繝ｴ繧ｺｼ2025-26ｼ,176,92,2001.02.08,24,豬夂ｵ梧ｸ亥､ｧ譟城ｫ俶｡,莠ｬ驛ｽ逕｣讌ｭ螟ｧ蟄ｦ,豬夂ｵ梧ｸ亥､ｧ譟城ｫ俶｡ 莠ｬ驛ｽ逕｣讌ｭ螟ｧ蟄ｦ,A,33,https://league-one.jp/player/484162,,,,,
Lamin Dieng Saito,鮨玖陸 濶ｯ譏取邵,FL,髱吝ｲ｡繝悶Ν繝ｼ繝ｬ繝ｴ繧ｺｼ2025-26ｼ,186,102,2000.07.26,25,逶ｮ鮟貞ｭｦ髯｢鬮俶｡,譚ｱ豢句､ｧ蟄ｦ,逶ｮ鮟貞ｭｦ髯｢鬮俶｡ 譚ｱ豢句､ｧ蟄ｦ,A,0,https://league-one.jp/player/484163,,,,,
Ryuto Yagisawa,蜈ｫ譛ｨ貔､ 鮴咲ｿ,HO,髱吝ｲ｡繝悶Ν繝ｼ繝ｬ繝ｴ繧ｺｼ2025-26ｼ,188,107,2000.11.12,25,豬夂ｵ梧ｸ亥､ｧ譟城ｫ俶｡,遲第ｳ｢螟ｧ蟄ｦ,豬夂ｵ梧ｸ亥､ｧ譟城ｫ俶｡ 遲第ｳ｢螟ｧ蟄ｦ,A,1,https://league-one.jp/player/484164,,,,,
Futo Yamaguchi,螻ｱ蜿｣ 讌捺沫,FB,髱吝ｲ｡繝悶Ν繝ｼ繝ｬ繝ｴ繧ｺｼ2025-26ｼ,167,73,2000.01.14,25,譚ｱ豬ｷ螟ｧ遖丞ｲ｡鬮俶｡,蜷悟ｿ礼､ｾ螟ｧ蟄ｦ,譚ｱ豬ｷ螟ｧ遖丞ｲ｡鬮俶｡ 蜷悟ｿ礼､ｾ螟ｧ蟄ｦ,A,31,https://league-one.jp/player/484165,,,'20 U23,,
Richmond Tongatama,繝ｪ繝メ繝｢繝ｳ繝 繝ｻ繝医Φ繧ｬ繧ｿ繝,HO,髱吝ｲ｡繝悶Ν繝ｼ繝ｬ繝ｴ繧ｺｼ2025-26ｼ,188,121,1996.07.06,29,繧ｪ繧ｿ繝輔ヵ繧ｫ繝ｬ繝ず,蟶昜ｺｬ螟ｧ蟄ｦ,繧ｪ繧ｿ繝輔ヵ繧ｫ繝ｬ繝ず 蟶昜ｺｬ螟ｧ蟄ｦ,A,42,https://league-one.jp/player/484166,,,,,
Richard Goh Jones,繧ｸ繝ｧ繝ｼ繝ｳ繧ｺ 繝ｪ繝√Ε繝ｼ繝牙央,FL,髱吝ｲ｡繝悶Ν繝ｼ繝ｬ繝ｴ繧ｺｼ2025-26ｼ,177,96,1999.05.04,26,莨剰ｦ句ｷ･讌ｭ鬮俶｡,譚ｱ豬ｷ螟ｧ蟄ｦ,莨剰ｦ句ｷ･讌ｭ鬮俶｡ 譚ｱ豬ｷ螟ｧ蟄ｦ,A,30,https://league-one.jp/player/484167,,,,,
Takayoshi Mohara,闌ょ次 髫罰,PR,髱吝ｲ｡繝悶Ν繝ｼ繝ｬ繝ｴ繧ｺｼ2025-26ｼ,187,118,2000.03.17,25,鬮伜ｴ主ｷ･讌ｭ鬮俶｡,荳ｭ螟ｮ螟ｧ蟄ｦ,鬮伜ｴ主ｷ･讌ｭ鬮俶｡ 荳ｭ螟ｮ螟ｧ蟄ｦ,A,37,https://league-one.jp/player/484168,,,譌･譛ｬ莉｣陦ｨ6CAP,,
Kakeru Okumura,螂･譚 鄙,FB,髱吝ｲ｡繝悶Ν繝ｼ繝ｬ繝ｴ繧ｺｼ2025-26ｼ,180,85,1998.06.10,27,莨剰ｦ句ｷ･讌ｭ鬮俶｡,蟶昜ｺｬ螟ｧ蟄ｦ,莨剰ｦ句ｷ･讌ｭ鬮俶｡ 蟶昜ｺｬ螟ｧ蟄ｦ,A,38,https://league-one.jp/player/484169,,,,,
Malo Tuitama,繝槭Ο 繝ｻ繝う繧ｿ繝,WTB,髱吝ｲ｡繝悶Ν繝ｼ繝ｬ繝ｴ繧ｺｼ2025-26ｼ,182,97,1996.03.23,29,繧ｹ繧ｳ繝ヤ鬮俶｡,,繧ｹ繧ｳ繝ヤ鬮俶｡,A,55,https://league-one.jp/player/484170,,,譌･譛ｬ莉｣陦ｨ9CAP,,
Hironori Yatomi,遏｢蟇 豢句援,WTB,髱吝ｲ｡繝悶Ν繝ｼ繝ｬ繝ｴ繧ｺｼ2025-26ｼ,181,94,1995.11.09,30,莉吝床閧ｲ闍ｱ鬮俶｡,蟶昜ｺｬ螟ｧ蟄ｦ,莉吝床閧ｲ闍ｱ鬮俶｡ 蟶昜ｺｬ螟ｧ蟄ｦ,A,15,https://league-one.jp/player/484171,,,,,
Kodai Okazaki,蟯｡蟠 闊ｪ螟ｧ,SH,髱吝ｲ｡繝悶Ν繝ｼ繝ｬ繝ｴ繧ｺｼ2025-26ｼ,171,75,1998.07.27,27,髟ｷ蟠主圏髯ｽ蜿ｰ鬮俶｡,遲第ｳ｢螟ｧ蟄ｦ,髟ｷ蟠主圏髯ｽ蜿ｰ鬮俶｡ 遲第ｳ｢螟ｧ蟄ｦ,A,27,https://league-one.jp/player/484172,,,,,
Sam Greene,繧ｵ繝 繝ｻ繧ｰ繝ｪ繝ｼ繝ｳ,SO,髱吝ｲ｡繝悶Ν繝ｼ繝ｬ繝ｴ繧ｺｼ2025-26ｼ,178,85,1994.08.16,31,繝悶Μ繧ｹ繝吶Φ繧ｰ繝ｩ繝槭ｼ鬮俶｡,,繝悶Μ繧ｹ繝吶Φ繧ｰ繝ｩ繝槭ｼ鬮俶｡,A,45,https://league-one.jp/player/484173,,,譌･譛ｬ莉｣陦ｨ6CAP,,
Riki Sugihara,譚牙次 遶区ｨｹ,FL,髱吝ｲ｡繝悶Ν繝ｼ繝ｬ繝ｴ繧ｺｼ2025-26ｼ,184,106,1997.11.09,28,蟆ｾ驕馴ｫ俶｡,髢｢隘ｿ蟄ｦ髯｢螟ｧ蟄ｦ,蟆ｾ驕馴ｫ俶｡ 髢｢隘ｿ蟄ｦ髯｢螟ｧ蟄ｦ,A,12,https://league-one.jp/player/484174,,,'17 U20,,
Ryosuke Funahashi,闊滓ｩ 隲貞ｰ,,髱吝ｲ｡繝悶Ν繝ｼ繝ｬ繝ｴ繧ｺｼ2025-26ｼ,186,102,1997.01.05,29,譛ｭ蟷悟ｱｱ縺ｮ謇矩ｫ俶｡,譏取ｲｻ螟ｧ蟄ｦ,譛ｭ蟷悟ｱｱ縺ｮ謇矩ｫ俶｡ 譏取ｲｻ螟ｧ蟄ｦ,A,20,https://league-one.jp/player/484175,,,'16 U23,,
Malgene Ilaua,繝槭Ν繧ｸ繝ｼ繝ｳ 繝ｻ繧､繝ｩ繧ｦ繧｢,,髱吝ｲ｡繝悶Ν繝ｼ繝ｬ繝ｴ繧ｺｼ2025-26ｼ,187,109,1993.06.05,32,繧ｱ繝ｫ繧ｹ繝医Φ繝懊ｼ繧､繧ｺ鬮俶｡,蟶昜ｺｬ螟ｧ蟄ｦ,繧ｱ繝ｫ繧ｹ繝医Φ繝懊ｼ繧､繧ｺ鬮俶｡ 蟶昜ｺｬ螟ｧ蟄ｦ,A,49,https://league-one.jp/player/484176,,,譌･譛ｬ莉｣陦ｨ7CAP,,
Kwagga Smith,繧ｯ繝ｯ繝ぎ 繝ｻ繧ｹ繝溘せ,,髱吝ｲ｡繝悶Ν繝ｼ繝ｬ繝ｴ繧ｺｼ2025-26ｼ,180,99,1993.06.11,32,HTS繝溘ャ繝Ν繝舌ｼ繧ｰ鬮俶｡,,HTS繝溘ャ繝Ν繝舌ｼ繧ｰ鬮俶｡,C,46,https://league-one.jp/player/484177,,,,,
Takuma Shoji,蠎昇 諡馴ｦｬ,FL,髱吝ｲ｡繝悶Ν繝ｼ繝ｬ繝ｴ繧ｺｼ2025-26ｼ,181,102,1998.05.22,27,譚ｱ豬ｷ螟ｧ莉ｰ譏滄ｫ俶｡,遶句多鬢ｨ螟ｧ蟄ｦ,譚ｱ豬ｷ螟ｧ莉ｰ譏滄ｫ俶｡ 遶句多鬢ｨ螟ｧ蟄ｦ,A,39,https://league-one.jp/player/484178,,,,,
Shumpei Miura,荳画ｵｦ 鬧ｿ蟷ｳ,LO,髱吝ｲ｡繝悶Ν繝ｼ繝ｬ繝ｴ繧ｺｼ2025-26ｼ,187,104,1997.04.30,28,遘狗伐荳ｭ螟ｮ鬮俶｡,譌ｩ遞ｲ逕ｰ螟ｧ蟄ｦ,遘狗伐荳ｭ螟ｮ鬮俶｡ 譌ｩ遞ｲ逕ｰ螟ｧ蟄ｦ,A,5,https://league-one.jp/player/484179,,,,,
Eishin Kuwano,譯鷹㍽ 隧逵,LO,髱吝ｲ｡繝悶Ν繝ｼ繝ｬ繝ｴ繧ｺｼ2025-26ｼ,193,108,1994.10.11,31,遲醍ｴｫ鬮俶｡,譌ｩ遞ｲ逕ｰ螟ｧ蟄ｦ,遲醍ｴｫ鬮俶｡ 譌ｩ遞ｲ逕ｰ螟ｧ蟄ｦ,A,50,https://league-one.jp/player/484180,,,'12 鬮俶｡縲'14 U20縲∵律譛ｬ莉｣陦ｨ2CAP,,
Yuya Odo,螟ｧ謌ｸ 陬慕泙,LO,髱吝ｲ｡繝悶Ν繝ｼ繝ｬ繝ｴ繧ｺｼ2025-26ｼ,187,100,1990.03.09,35,豁｣譎ｺ豺ｱ隹ｷ鬮俶｡,遶句多鬢ｨ螟ｧ蟄ｦ,豁｣譎ｺ豺ｱ隹ｷ鬮俶｡ 遶句多鬢ｨ螟ｧ蟄ｦ,A,62,https://league-one.jp/player/484181,,,譌･譛ｬ莉｣陦ｨ5CAP,,
Murray Douglas,繝槭Μ繝ｼ 繝ｻ繝繧ｰ繝ｩ繧ｹ,LO,髱吝ｲ｡繝悶Ν繝ｼ繝ｬ繝ｴ繧ｺｼ2025-26ｼ,198,116,1989.10.27,36,繝舌Ν繧ｦ繧｣繧｢繝ｪ繝ｼ鬮俶｡,繧｢繝舌ョ繧｣繝ｼ繝ｳ螟ｧ蟄ｦ,繝舌Ν繧ｦ繧｣繧｢繝ｪ繝ｼ鬮俶｡ 繧｢繝舌ョ繧｣繝ｼ繝ｳ螟ｧ蟄ｦ,A,45,https://league-one.jp/player/484182,,,,,
Toshiya Hirakawa,蟷ｳ蟾 髫ｼ荵,HO,髱吝ｲ｡繝悶Ν繝ｼ繝ｬ繝ｴ繧ｺｼ2025-26ｼ,165,93,1996.07.08,29,髟ｷ蟠主圏髯ｽ蜿ｰ鬮俶｡,蜷悟ｿ礼､ｾ螟ｧ蟄ｦ,髟ｷ蟠主圏髯ｽ蜿ｰ鬮俶｡ 蜷悟ｿ礼､ｾ螟ｧ蟄ｦ,A,16,https://league-one.jp/player/484183,,,,,
Takeshi Hino,譌･驥 蜑帛ｿ,HO,髱吝ｲ｡繝悶Ν繝ｼ繝ｬ繝ｴ繧ｺｼ2025-26ｼ,172,95,1990.01.20,35,遲醍ｴｫ鬮俶｡,蜷悟ｿ礼､ｾ螟ｧ蟄ｦ,遲醍ｴｫ鬮俶｡ 蜷悟ｿ礼､ｾ螟ｧ蟄ｦ,A,63,https://league-one.jp/player/484184,,,譌･譛ｬ莉｣陦ｨ5CAP,,
Kenta Yamashita,螻ｱ荳 諞ｲ螟ｪ,PR,髱吝ｲ｡繝悶Ν繝ｼ繝ｬ繝ｴ繧ｺｼ2025-26ｼ,177,111,1999.02.04,26,髟ｷ蟠取ｵｷ譏滄ｫ俶｡,豕墓帆螟ｧ蟄ｦ,髟ｷ蟠取ｵｷ譏滄ｫ俶｡ 豕墓帆螟ｧ蟄ｦ,A,24,https://league-one.jp/player/484185,,,,,
Kazuhiro Kawata,豐ｳ逕ｰ 蜥悟､ｧ,PR,髱吝ｲ｡繝悶Ν繝ｼ繝ｬ繝ｴ繧ｺｼ2025-26ｼ,172,103,1996.05.23,29,豺ｱ隹ｷ鬮俶｡,諡捺ｮ門､ｧ蟄ｦ,豺ｱ隹ｷ鬮俶｡ 諡捺ｮ門､ｧ蟄ｦ,A,47,https://league-one.jp/player/484186,,,,,
Bunkei Kaku,驛ｭ 邇滓ⅳ,PR,髱吝ｲ｡繝悶Ν繝ｼ繝ｬ繝ｴ繧ｺｼ2025-26ｼ,180,120,1998.04.01,27,髟ｷ譬ｫ俶｡,鞫ょ漉螟ｧ蟄ｦ,髟ｷ譬ｫ俶｡ 鞫ょ漉螟ｧ蟄ｦ,A,22,https://league-one.jp/player/484187,,,,,
Heiichiro Ito,莨願陸 蟷ｳ荳驛,PR,髱吝ｲ｡繝悶Ν繝ｼ繝ｬ繝ｴ繧ｺｼ2025-26ｼ,175,107,1990.10.05,35,螟ｧ蛻鮓ｴ鬮俶｡,譌ｩ遞ｲ逕ｰ螟ｧ蟄ｦ,螟ｧ蛻鮓ｴ鬮俶｡ 譌ｩ遞ｲ逕ｰ螟ｧ蟄ｦ,A,48,https://league-one.jp/player/484188,,,譌･譛ｬ莉｣陦ｨ6CAP,,
Charles Piutau,繝√Ε繝ｼ繝ｫ繧ｺ 繝ｻ繝斐え繧ｿ繧ｦ,CTB,髱吝ｲ｡繝悶Ν繝ｼ繝ｬ繝ｴ繧ｺｼ2025-26ｼ,186,102,1991.10.31,34,繧ｦ繧ｧ繧ｺ繝ｬ繧､繧ｫ繝ｬ繝ず,,繧ｦ繧ｧ繧ｺ繝ｬ繧､繧ｫ繝ｬ繝ず,C,31,https://league-one.jp/player/484189,,,,,
Jack Wright,繧ｸ繝｣繝け 繝ｻ繝ｩ繧､繝,LO,髱吝ｲ｡繝悶Ν繝ｼ繝ｬ繝ｴ繧ｺｼ2025-26ｼ,202,117,1999.08.07,26,MackillopCatholicCollegeCanberra鬮俶｡,,MackillopCatholicCollegeCanberra,B,16,https://league-one.jp/player/484190,,,,,
Sione Vuna,繧ｷ繧ｪ繝 繝ｻ繝悶リ,,髱吝ｲ｡繝悶Ν繝ｼ繝ｬ繝ｴ繧ｺｼ2025-26ｼ,192,121,1998.06.09,27,TongaCollege鬮俶｡,闃ｱ蝨貞､ｧ蟄ｦ,TongaCollege 闃ｱ蝨貞､ｧ蟄ｦ,A,18,https://league-one.jp/player/484191,,,,,
Sylvian Mahuza,繧ｷ繝ｫ繝薙い繝ｳ 繝ｻ繝槭ヵ繝ｼ繧ｶ,CTB,髱吝ｲ｡繝悶Ν繝ｼ繝ｬ繝ｴ繧ｺｼ2025-26ｼ,179,88,1993.07.29,32,OuteniquaHighSchool鬮俶｡,繝弱ｼ繧ｹ繧ｦ繧ｧ繧ｹ繝亥､ｧ蟄ｦ,OuteniquaHighSchool 繝弱ｼ繧ｹ繧ｦ繧ｧ繧ｹ繝亥､ｧ蟄ｦ,A,25,https://league-one.jp/player/484192,,,,,
Shunsuke Sakuta,菴懃伐 鬧ｿ莉,HO,髱吝ｲ｡繝悶Ν繝ｼ繝ｬ繝ｴ繧ｺｼ2025-26ｼ,175,108,2002.01.16,23,豬夂ｵ梧ｸ亥､ｧ蟄ｦ髯ｱ樊沛鬮俶｡,豬夂ｵ梧ｸ亥､ｧ蟄ｦ,豬夂ｵ梧ｸ亥､ｧ蟄ｦ髯ｱ樊沛鬮俶｡ 豬夂ｵ梧ｸ亥､ｧ蟄ｦ,A,15,https://league-one.jp/player/484193,,,,,
Shuntaro Kitamura,蛹玲搗 迸ｬ螟ｪ驛,SH,髱吝ｲ｡繝悶Ν繝ｼ繝ｬ繝ｴ繧ｺｼ2025-26ｼ,168,77,2002.03.28,23,蝗ｽ蟄ｦ髯｢譬惠鬮俶｡,遶句多鬢ｨ螟ｧ蟄ｦ,蝗ｽ蟄ｦ髯｢譬惠鬮俶｡ 遶句多鬢ｨ螟ｧ蟄ｦ,A,22,https://league-one.jp/player/484194,,,'25 XV,,
Soma Okazaki,蟯｡蟠 鬚ｯ鬥ｬ,CTB,髱吝ｲ｡繝悶Ν繝ｼ繝ｬ繝ｴ繧ｺｼ2025-26ｼ,177,89,2001.11.20,24,髟ｷ蟠主圏髯ｽ蜿ｰ鬮俶｡,譌ｩ遞ｲ逕ｰ螟ｧ蟄ｦ,髟ｷ蟠主圏髯ｽ蜿ｰ鬮俶｡ 譌ｩ遞ｲ逕ｰ螟ｧ蟄ｦ,A,10,https://league-one.jp/player/484195,,,,,
Kaito Sugimoto,譚画悽 豬ｷ譁,WTB,髱吝ｲ｡繝悶Ν繝ｼ繝ｬ繝ｴ繧ｺｼ2025-26ｼ,172,77,2001.10.17,24,譚ｱ莠ｬ鬮俶｡,譚ｱ豢句､ｧ蟄ｦ,譚ｱ莠ｬ鬮俶｡ 譚ｱ豢句､ｧ蟄ｦ,A,0,https://league-one.jp/player/484196,,,,,
Ritsuki Nakayama,荳ｭ螻ｱ 蠕句ｸ,PR,髱吝ｲ｡繝悶Ν繝ｼ繝ｬ繝ｴ繧ｺｼ2025-26ｼ,169,105,2002.01.10,23,螟ｩ逅ｫ俶｡,譏取ｲｻ螟ｧ蟄ｦ,螟ｩ逅ｫ俶｡ 譏取ｲｻ螟ｧ蟄ｦ,A,0,https://league-one.jp/player/484197,,,,,
Sean Vete,繧ｷ繝ｧ繝ｼ繝ｳ 繝ｻ繝ｴ繧ｧ繝ｼ繝ｼ,PR,髱吝ｲ｡繝悶Ν繝ｼ繝ｬ繝ｴ繧ｺｼ2025-26ｼ,190,146,2000.07.03,25,WestlakeBoysHighSchool鬮俶｡,IPU繝ｻ迺ｰ螟ｪ蟷ｳ豢句､ｧ蟄ｦ,WestlakeBoysHighSchool IPU繝ｻ迺ｰ螟ｪ蟷ｳ豢句､ｧ蟄ｦ,A,28,https://league-one.jp/player/484198,,,,,
Vueti Tupou,繝ｴ繧ｧ繝ぅ 繝ｻ繝医ぇ繝昴え,FL,髱吝ｲ｡繝悶Ν繝ｼ繝ｬ繝ｴ繧ｺｼ2025-26ｼ,190,128,2000.04.02,25,LeleanMemorialSchool鬮俶｡,鞫ょ漉螟ｧ蟄ｦ,LeleanMemorialSchool 鞫ょ漉螟ｧ蟄ｦ,A,26,https://league-one.jp/player/484199,,,,,
Simon Miller,繧ｷ繝｢繝ｳ 繝ｻ繝溘Λ繝ｼ,FL,髱吝ｲ｡繝悶Ν繝ｼ繝ｬ繝ｴ繧ｺｼ2025-26ｼ,198,113,2001.05.05,24,St.AlbansCollege鬮俶｡,,St.AlbansCollege,B,3,https://league-one.jp/player/485057,,,,,
Tony Alofipo,繝医ル繝ｼ 繝ｻ繧｢繝ｭ繝輔ぅ繝,CTB,譌･驥弱Ξ繝ラ繝峨Ν繝輔ぅ繝ｳ繧ｺｼ2025-26ｼ,186,100,2002.09.11,23,Erindake鬮俶｡,College螟ｧ蟄ｦ,Erindake College,A,4,https://league-one.jp/player/484575,,,,,
Hinata Hori,蝣 譌･蜷大､ｪ,CTB,譌･驥弱Ξ繝ラ繝峨Ν繝輔ぅ繝ｳ繧ｺｼ2025-26ｼ,174,80,2002.04.08,23,荳ｭ驛ｨ螟ｧ蟄ｦ譏･譌･荳倬ｫ俶｡,遲第ｳ｢螟ｧ蟄ｦ,荳ｭ驛ｨ螟ｧ蟄ｦ譏･譌･荳倬ｫ俶｡ 遲第ｳ｢螟ｧ蟄ｦ,A,0,https://league-one.jp/player/484576,,,,,
Anpyon Kim,驥 譏ょｹｳ,FB,譌･驥弱Ξ繝ラ繝峨Ν繝輔ぅ繝ｳ繧ｺｼ2025-26ｼ,178,85,2002.08.16,23,螟ｧ髦ｪ譛晞ｮｮ鬮俶｡,譏取ｲｻ螟ｧ蟄ｦ,螟ｧ髦ｪ譛晞ｮｮ 譏取ｲｻ螟ｧ蟄ｦ,A,2,https://league-one.jp/player/484577,,,,,
Kanta Hattori,譛埼Κ 闔槫､ｪ,SH,譌･驥弱Ξ繝ラ繝峨Ν繝輔ぅ繝ｳ繧ｺｼ2025-26ｼ,170,72,2002.09.04,23,菴占ｳ蟾･讌ｭ鬮俶｡,髢｢譚ｱ蟄ｦ髯｢螟ｧ蟄ｦ,菴占ｳ蟾･讌ｭ鬮俶｡ 髢｢譚ｱ蟄ｦ髯｢螟ｧ蟄ｦ,A,0,https://league-one.jp/player/484578,,,,,
Hidetora Nasu,螂磯 遘陌,LO,譌･驥弱Ξ繝ラ繝峨Ν繝輔ぅ繝ｳ繧ｺｼ2025-26ｼ,186,106,2003.02.24,22,譌･蜷鷹ｫ俶｡,遖丞ｲ｡螟ｧ蟄ｦ,譌･蜷鷹ｫ俶｡ 遖丞ｲ｡螟ｧ蟄ｦ,A,0,https://league-one.jp/player/484579,,,,,
Moeki Fukushi,遖丞｣ｫ 關瑚ｵｷ,WTB,譌･驥弱Ξ繝ラ繝峨Ν繝輔ぅ繝ｳ繧ｺｼ2025-26ｼ,184,90,1999.03.11,26,菴占ｳ蟾･讌ｭ鬮俶｡,髢｢譚ｱ蟄ｦ髯｢螟ｧ蟄ｦ,菴占ｳ蟾･讌ｭ鬮俶｡ 髢｢譚ｱ蟄ｦ髯｢螟ｧ蟄ｦ,A,15,https://league-one.jp/player/484580,,,'19 U20,,
Kotaro Hatada,逡醍伐 蠎ｷ螟ｪ譛,SH,譌･驥弱Ξ繝ラ繝峨Ν繝輔ぅ繝ｳ繧ｺｼ2025-26ｼ,167,69,2000.01.06,26,遲醍ｴｫ荳倬ｫ俶｡,鮖ｿ蜈仙ｳｶ螟ｧ蟄ｦ,遲醍ｴｫ荳倬ｫ俶｡ 鮖ｿ蜈仙ｳｶ螟ｧ蟄ｦ,A,17,https://league-one.jp/player/484581,,,,,
Keita Doi,蝨溯ぇ 諱ｵ螟ｪ,SO,譌･驥弱Ξ繝ラ繝峨Ν繝輔ぅ繝ｳ繧ｺｼ2025-26ｼ,177,85,2000.06.05,25,遘狗伐蟾･讌ｭ鬮俶｡,譏取ｲｻ螟ｧ蟄ｦ,遘狗伐蟾･讌ｭ鬮俶｡ 譏取ｲｻ螟ｧ蟄ｦ,A,15,https://league-one.jp/player/484582,,,,,
Towa Taniguchi,隹ｷ蜿｣ 豌ｸ驕,HO,譌･驥弱Ξ繝ラ繝峨Ν繝輔ぅ繝ｳ繧ｺｼ2025-26ｼ,173,108,2001.02.22,24,髢｢隘ｿ螟ｧ蟄ｦ蛹鈴區鬮俶｡,螟ｩ逅､ｧ蟄ｦ,髢｢隘ｿ螟ｧ蟄ｦ蛹鈴區鬮俶｡ 螟ｩ逅､ｧ蟄ｦ,A,26,https://league-one.jp/player/484583,,,'20 U23,,
Ryuji Hirose,蠎ｬ 鮴堺ｺ,CTB,譌･驥弱Ξ繝ラ繝峨Ν繝輔ぅ繝ｳ繧ｺｼ2025-26ｼ,171,86,2000.04.09,25,譌･蟾晞ｫ俶｡,譌･譛ｬ螟ｧ蟄ｦ,譌･蟾晞ｫ俶｡ 譌･譛ｬ螟ｧ蟄ｦ,A,0,https://league-one.jp/player/484584,,,,,
AJ Woulf,繧ｨ繧､繧ｸ繧ｧ繧､ 繝ｻ繧ｦ繝ｫ繝,LO,譌･驥弱Ξ繝ラ繝峨Ν繝輔ぅ繝ｳ繧ｺｼ2025-26ｼ,196,119,2001.09.03,24,Chancellor State College鬮俶｡,,Chancellor State College,B,20,https://league-one.jp/player/484585,,,,,
Yuto Tokuda,蠕ｳ逕ｰ 謔莠ｺ,PR,譌･驥弱Ξ繝ラ繝峨Ν繝輔ぅ繝ｳ繧ｺｼ2025-26ｼ,176,107,1999.04.27,26,譚ｱ豬ｷ螟ｧ逶ｸ讓｡鬮俶｡,譚ｱ豬ｷ螟ｧ蟄ｦ,譚ｱ豬ｷ螟ｧ逶ｸ讓｡鬮俶｡ 譚ｱ豬ｷ螟ｧ蟄ｦ,A,28,https://league-one.jp/player/484586,,,,,
Shosuke Funaki,闊ｹ譛ｨ 鬆御ｻ,PR,譌･驥弱Ξ繝ラ繝峨Ν繝輔ぅ繝ｳ繧ｺｼ2025-26ｼ,178,109,1996.09.14,29,遘狗伐蟾･讌ｭ鬮俶｡,譏取ｲｻ螟ｧ蟄ｦ,遘狗伐蟾･讌ｭ鬮俶｡ 譏取ｲｻ螟ｧ蟄ｦ,A,28,https://league-one.jp/player/484587,,,,,
Shun Nakashika,荳ｭ鮖ｿ 鬧ｿ,FL,譌･驥弱Ξ繝ラ繝峨Ν繝輔ぅ繝ｳ繧ｺｼ2025-26ｼ,181,107,1998.10.08,27,蜈画ｳ峨き繝医Μ繝け鬮俶｡,螟ｩ逅､ｧ蟄ｦ,蜈画ｳ峨き繝医Μ繝け鬮俶｡ 螟ｩ逅､ｧ蟄ｦ,A,27,https://league-one.jp/player/484588,,,,,
Noah Tovio,繝弱い 繝ｻ繝医ン繧ｪ,FL,譌･驥弱Ξ繝ラ繝峨Ν繝輔ぅ繝ｳ繧ｺｼ2025-26ｼ,184,120,1999.02.05,26,譛ｭ蟷悟ｱｱ縺ｮ謇矩ｫ俶｡,譚ｱ豬ｷ螟ｧ蟄ｦ,譛ｭ蟷悟ｱｱ縺ｮ謇矩ｫ俶｡ 譚ｱ豬ｷ螟ｧ蟄ｦ,A,28,https://league-one.jp/player/484589,,,,,
Ko Kojima,蟆丞ｳｶ 譏,WTB,譌･驥弱Ξ繝ラ繝峨Ν繝輔ぅ繝ｳ繧ｺｼ2025-26ｼ,185,90,1998.04.29,27,譏主､ｧ荳ｭ驥朱ｫ俶｡,譏取ｲｻ螟ｧ蟄ｦ,譏主､ｧ荳ｭ驥朱ｫ俶｡ 譏取ｲｻ螟ｧ蟄ｦ,A,19,https://league-one.jp/player/484590,,,,,
Kuniya Sonoki,蝨呈惠 驍ｦ蠑･,FL,譌･驥弱Ξ繝ラ繝峨Ν繝輔ぅ繝ｳ繧ｺｼ2025-26ｼ,175,96,1994.06.10,31,譏･譌･荳倬ｫ俶｡,蟶昜ｺｬ螟ｧ蟄ｦ,譏･譌･荳倬ｫ俶｡ 蟶昜ｺｬ螟ｧ蟄ｦ,A,7,https://league-one.jp/player/484591,,,,,
Shun Tomonaga,譛晞聞 鬧ｿ,FL,譌･驥弱Ξ繝ラ繝峨Ν繝輔ぅ繝ｳ繧ｺｼ2025-26ｼ,182,97,1997.02.14,28,髟ｷ蟠主圏髯ｽ蜿ｰ鬮俶｡,譏取ｲｻ螟ｧ蟄ｦ,髟ｷ蟠主圏髯ｽ蜿ｰ鬮俶｡ 譏取ｲｻ螟ｧ蟄ｦ,A,21,https://league-one.jp/player/484592,,,,,
Kyosuke Horie,蝣豎 諱ｭ菴,,譌･驥弱Ξ繝ラ繝峨Ν繝輔ぅ繝ｳ繧ｺｼ2025-26ｼ,184,107,1990.07.11,35,譚ｱ莠ｬ鬮俶｡,譏取ｲｻ螟ｧ蟄ｦ,譚ｱ莠ｬ鬮俶｡ 譏取ｲｻ螟ｧ蟄ｦ,A,32,https://league-one.jp/player/484593,,,'13 U23縲∵律譛ｬ莉｣陦ｨ3CAP,,
Junya Lee,譚 豺ｳ荵,FL,譌･驥弱Ξ繝ラ繝峨Ν繝輔ぅ繝ｳ繧ｺｼ2025-26ｼ,175,90,1993.12.27,32,蝠灘蟄ｦ蝨帝ｫ俶｡,螟ｩ逅､ｧ蟄ｦ,蝠灘蟄ｦ蝨 螟ｩ逅､ｧ蟄ｦ,A,14,https://league-one.jp/player/484594,,,,,
Takehiro Nishimura,隘ｿ譚 髮､ｧ,FL,譌･驥弱Ξ繝ラ繝峨Ν繝輔ぅ繝ｳ繧ｺｼ2025-26ｼ,184,104,1991.09.23,34,鬮倬豪鬮俶｡,譏取ｲｻ螟ｧ蟄ｦ,鬮倬豪鬮俶｡ 譏取ｲｻ螟ｧ蟄ｦ,A,1,https://league-one.jp/player/484595,,,,,
Makoto Tsuchiya,蝨溷ｱ 逵,PR,譌･驥弱Ξ繝ラ繝峨Ν繝輔ぅ繝ｳ繧ｺｼ2025-26ｼ,183,117,1990.02.23,35,譚ｱ豬ｷ螟ｧ逶ｸ讓｡鬮俶｡,譚ｱ豬ｷ螟ｧ蟄ｦ,譚ｱ豬ｷ螟ｧ逶ｸ讓｡鬮俶｡ 譚ｱ豬ｷ螟ｧ蟄ｦ,A,11,https://league-one.jp/player/484596,,,,,
Ken Osanai,蟆丞ｱｱ蜀 蛛･,PR,譌･驥弱Ξ繝ラ繝峨Ν繝輔ぅ繝ｳ繧ｺｼ2025-26ｼ,177,110,1996.09.22,29,譏悟ｹｳ鬮俶｡,譚ｱ豢句､ｧ蟄ｦ,譏悟ｹｳ鬮俶｡ 譚ｱ豢句､ｧ蟄ｦ,A,3,https://league-one.jp/player/484597,,,,,
Yutaro Danno,讙驥 蜿句､夐ヮ,PR,譌･驥弱Ξ繝ラ繝峨Ν繝輔ぅ繝ｳ繧ｺｼ2025-26ｼ,180,111,1998.08.04,27,蜈画ｳ蛾ｫ俶｡,蟆ゆｿｮ螟ｧ蟄ｦ,蜈画ｳ蛾ｫ俶｡ 蟆ゆｿｮ螟ｧ蟄ｦ,A,10,https://league-one.jp/player/484598,,,,,
Sora Ouchi,螟ｧ蜀 遨ｺ,WTB,譌･驥弱Ξ繝ラ繝峨Ν繝輔ぅ繝ｳ繧ｺｼ2025-26ｼ,177,88,1997.02.16,28,菴宣㍽譌･譛ｬ螟ｧ蟄ｦ鬮俶｡,蟶昜ｺｬ螟ｧ蟄ｦ,菴宣㍽譌･譛ｬ螟ｧ蟄ｦ鬮俶｡ 蟶昜ｺｬ螟ｧ蟄ｦ,A,50,https://league-one.jp/player/484599,,,,,
Yuki Kagoshima,遽ｭ蟲ｶ 蜆ｪ霈,SH,譌･驥弱Ξ繝ラ繝峨Ν繝輔ぅ繝ｳ繧ｺｼ2025-26ｼ,166,70,1994.01.15,31,譚ｱ莠ｬ鬮俶｡,譚ｱ豢句､ｧ蟄ｦ,譚ｱ莠ｬ鬮俶｡ 譚ｱ豢句､ｧ蟄ｦ,A,18,https://league-one.jp/player/484600,,,,,
Kyoji Takano,鬮倬㍽ 諱ｭ莠,FB,譌･驥弱Ξ繝ラ繝峨Ν繝輔ぅ繝ｳ繧ｺｼ2025-26ｼ,174,83,1996.10.25,29,譚ｱ遖丞ｲ｡鬮俶｡,髱貞ｱｱ蟄ｦ髯｢螟ｧ蟄ｦ,譚ｱ遖丞ｲ｡鬮俶｡ 髱貞ｱｱ蟄ｦ髯｢螟ｧ蟄ｦ,A,27,https://league-one.jp/player/484601,,,,,
Suguru Tanaka,逕ｰ荳ｭ 遘,SO,譌･驥弱Ξ繝ラ繝峨Ν繝輔ぅ繝ｳ繧ｺｼ2025-26ｼ,175,83,1998.11.22,27,蝓ｼ邇臥恁遶区ｵｦ蜥碁ｫ俶｡,GriffithUniversity螟ｧ蟄ｦ,蝓ｼ邇臥恁遶区ｵｦ蜥碁ｫ俶｡ GriffithUniversity,A,0,https://league-one.jp/player/484603,,,,,
Yujiro Yano,遏｢驥 陬穂ｺ碁ヮ,LO,譌･驥弱Ξ繝ラ繝峨Ν繝輔ぅ繝ｳ繧ｺｼ2025-26ｼ,192,109,2001.07.07,24,髢｢譚ｱ蟄ｦ髯｢蜈ｭ豬ｦ鬮俶｡,髢｢譚ｱ蟄ｦ髯｢螟ｧ蟄ｦ,髢｢譚ｱ蟄ｦ髯｢蜈ｭ豬ｦ鬮俶｡ 髢｢譚ｱ蟄ｦ髯｢螟ｧ蟄ｦ,A,2,https://league-one.jp/player/484604,,,,,
Jyunki Tokota,蠎顔伐 豺ｳ雋ｴ,PR,譌･驥弱Ξ繝ラ繝峨Ν繝輔ぅ繝ｳ繧ｺｼ2025-26ｼ,178,102,2001.12.13,24,譯占発蟄ｦ蝨帝ｫ俶｡,譏取ｲｻ螟ｧ蟄ｦ,譯占発蟄ｦ蝨 譏取ｲｻ螟ｧ蟄ｦ,A,5,https://league-one.jp/player/484605,,,,,
Kazuma Yoshimura,蜷画搗 荳蟆,PR,譌･驥弱Ξ繝ラ繝峨Ν繝輔ぅ繝ｳ繧ｺｼ2025-26ｼ,176,113,2001.08.01,24,豬夂ｵ梧ｸ亥､ｧ蟄ｦ譟城ｫ俶｡,豬夂ｵ梧ｸ亥､ｧ蟄ｦ,豬夂ｵ梧ｸ亥､ｧ蟄ｦ譟城ｫ俶｡ 豬夂ｵ梧ｸ亥､ｧ蟄ｦ,A,3,https://league-one.jp/player/484606,,,,,
Kiichi Takagi,鬮伜沁 蝟應ｸ,,譌･驥弱Ξ繝ラ繝峨Ν繝輔ぅ繝ｳ繧ｺｼ2025-26ｼ,188,104,2001.12.09,24,驥大譯占発鬮俶｡,豕墓帆螟ｧ蟄ｦ,驥大譯占発鬮俶｡ 豕墓帆螟ｧ蟄ｦ,A,0,https://league-one.jp/player/484607,,,,,
Takumi Ishimoto,遏ｳ譛ｬ 諡灘ｷｳ,FB,譌･驥弱Ξ繝ラ繝峨Ν繝輔ぅ繝ｳ繧ｺｼ2025-26ｼ,179,82,2001.05.08,24,譌･譛ｬ菴楢ご螟ｧ蟄ｦ闕丞次鬮俶｡,譚ｱ豢句､ｧ蟄ｦ,譌･譛ｬ菴楢ご螟ｧ蟄ｦ闕丞次鬮俶｡ 譚ｱ豢句､ｧ蟄ｦ,A,5,https://league-one.jp/player/484608,,,,,
Sora Torigoe,魑･雜 遨ｺ,PR,譌･驥弱Ξ繝ラ繝峨Ν繝輔ぅ繝ｳ繧ｺｼ2025-26ｼ,176,103,2001.12.27,24,鬥呎､主ｷ･讌ｭ鬮俶｡,遖丞ｲ｡螟ｧ蟄ｦ,鬥呎､主ｷ･讌ｭ鬮俶｡ 遖丞ｲ｡螟ｧ蟄ｦ,A,0,https://league-one.jp/player/484609,,,,,
Wynand Grassmann,繝ｯ繧､繝翫Φ繝 繝ｻ繧ｰ繝ｩ繧ｹ繝槭Φ,LO,譌･驥弱Ξ繝ラ繝峨Ν繝輔ぅ繝ｳ繧ｺｼ2025-26ｼ,196,115,1995.01.19,30,Madibaz鬮俶｡,,Madibaz,B,1,https://league-one.jp/player/485371,,,,,
Timma Fainga anuku,繝ぅ繝 繝ｻ繝輔ぃ繧､繝ｳ繧ｬ繝後け,PR,譌･驥弱Ξ繝ラ繝峨Ν繝輔ぅ繝ｳ繧ｺｼ2025-26ｼ,180,130,2001.12.27,24,Toowoomba grammar school鬮俶｡,grammar螟ｧ蟄ｦ,Toowoomba grammar school,B,1,https://league-one.jp/player/485372,,,,,
Junpei Noguchi,驥主哨 鬆ｹｳ,SO,譌･驥弱Ξ繝ラ繝峨Ν繝輔ぅ繝ｳ繧ｺｼ2025-26ｼ,166,75,2002.04.14,23,譚ｱ莠ｬ鬮俶｡,蟶昜ｺｬ螟ｧ蟄ｦ,譚ｱ莠ｬ鬮俶｡ 蟶昜ｺｬ螟ｧ蟄ｦ,A,1,https://league-one.jp/player/485373,,,,,
Arito Takahashi,鬮俶ｩ 蝨ｨ莠ｺ,FL,譌･驥弱Ξ繝ラ繝峨Ν繝輔ぅ繝ｳ繧ｺｼ2025-26ｼ,184,104,1997.01.09,28,螟ｧ髦ｪ譯占発鬮俶｡,螟ｧ髦ｪ菴楢ご螟ｧ蟄ｦ,螟ｧ髦ｪ譯占発鬮俶｡ 螟ｧ髦ｪ菴楢ご螟ｧ蟄ｦ,A,6,https://league-one.jp/player/485374,,,,,
Josh Fenner,繧ｸ繝ｧ繧ｷ繝･ 繝ｻ繝輔ぉ繝翫ｼ,,譌･驥弱Ξ繝ラ繝峨Ν繝輔ぅ繝ｳ繧ｺｼ2025-26ｼ,197,112,1999.01.09,26,Brisbane鬮俶｡,State螟ｧ蟄ｦ,Brisbane State High,B,33,https://league-one.jp/player/485375,,,,,
Murray Koster,繝槭Μ繝ｼ 繝ｻ繧ｳ繧ｹ繧ｿ繝ｼ,CTB,譌･驥弱Ξ繝ラ繝峨Ν繝輔ぅ繝ｳ繧ｺｼ2025-26ｼ,189,99,1999.02.21,26,ST鬮俶｡,Andrews螟ｧ蟄ｦ,ST Andrews College,B,9,https://league-one.jp/player/485376,,,,,
Simon Hickey,繧ｵ繧､繝｢繝ｳ 繝ｻ繝偵ャ繧ｭ繝ｼ,SO,譌･驥弱Ξ繝ラ繝峨Ν繝輔ぅ繝ｳ繧ｺｼ2025-26ｼ,175,81,1994.01.12,31,Kings鬮俶｡,College螟ｧ蟄ｦ,Kings College Massey University,B,21,https://league-one.jp/player/485377,,,,,
Shoei Ijima,莠募ｳｶ 蠖ｰ闍ｱ,FL,譌･驥弱Ξ繝ラ繝峨Ν繝輔ぅ繝ｳ繧ｺｼ2025-26ｼ,180,100,2000.10.29,25,辭頑悽隘ｿ鬮倡ｭ牙ｭｦ譬｡,譚ｱ豬ｷ螟ｧ蟄ｦ,辭頑悽隘ｿ鬮倡ｭ牙ｭｦ譬｡ 譚ｱ豬ｷ螟ｧ蟄ｦ,A,19,https://league-one.jp/player/485378,,,,,
Shogo Tokota,蠎顔伐 閨匁ぁ,CTB,譌･驥弱Ξ繝ラ繝峨Ν繝輔ぅ繝ｳ繧ｺｼ2025-26ｼ,182,94,1997.09.27,28,譯占発蟄ｦ蝨帝ｫ俶｡,遶区蕗螟ｧ蟄ｦ,譯占発蟄ｦ蝨帝ｫ俶｡ 遶区蕗螟ｧ蟄ｦ,A,12,https://league-one.jp/player/485379,,,,,
Taroma Togo,譚ｱ驛ｷ 螟ｪ譛嶺ｸｸ,CTB,譌･驥弱Ξ繝ラ繝峨Ν繝輔ぅ繝ｳ繧ｺｼ2025-26ｼ,174,88,1994.08.13,31,蟶ｸ邱丞ｭｦ髯｢鬮俶｡,豬夂ｵ梧ｸ亥､ｧ蟄ｦ,蟶ｸ邱丞ｭｦ髯｢鬮俶｡ 豬夂ｵ梧ｸ亥､ｧ蟄ｦ,A,33,https://league-one.jp/player/485387,,,,,
Daiki Nakagawa,荳ｭ蟾 螟ｧ豈,HO,譌･驥弱Ξ繝ラ繝峨Ν繝輔ぅ繝ｳ繧ｺｼ2025-26ｼ,174,103,1994.11.07,31,莠ｬ驛ｽ螟門､ｧ隘ｿ鬮俶｡,譛晄律螟ｧ蟄ｦ,莠ｬ驛ｽ螟門､ｧ隘ｿ鬮俶｡ 譛晄律螟ｧ蟄ｦ,A,3,https://league-one.jp/player/485388,,,,,
Kousei Tamaki,邇画惠 逧鍋屁,HO,譌･驥弱Ξ繝ラ繝峨Ν繝輔ぅ繝ｳ繧ｺｼ2025-26ｼ,177,100,2001.06.04,24,譚ｱ遖丞ｲ｡鬮俶｡,譚ｱ豬ｷ螟ｧ蟄ｦ,譚ｱ遖丞ｲ｡鬮俶｡ 譚ｱ豬ｷ螟ｧ蟄ｦ,A,13,https://league-one.jp/player/485389,,,,,
Norihiro Aso,鮗ｻ逕 蜈ｸ螳,PR,譌･驥弱Ξ繝ラ繝峨Ν繝輔ぅ繝ｳ繧ｺｼ2025-26ｼ,174,107,2000.01.26,25,譯占発蟄ｦ蝨帝ｫ俶｡,遶区蕗螟ｧ蟄ｦ,譯占発蟄ｦ蝨帝ｫ俶｡ 遶区蕗螟ｧ蟄ｦ,A,0,https://league-one.jp/player/485499,,,,,
Joichiro Iwashita,蟯ｩ荳 荳井ｸ驛,CTB,譌･驥弱Ξ繝ラ繝峨Ν繝輔ぅ繝ｳ繧ｺｼ2025-26ｼ,174,86,1996.11.17,29,荵晏ｷ槫ｭｦ髯｢鬮俶｡,髢｢譚ｱ蟄ｦ髯｢螟ｧ蟄ｦ,荵晏ｷ槫ｭｦ髯｢鬮俶｡ 髢｢譚ｱ蟄ｦ髯｢螟ｧ蟄ｦ,A,13,https://league-one.jp/player/485913,,,,,
Sapoi Viliami,繧ｵ繝昴う 繝ｻ繝薙Μ繧｢繝,FL,繝ｬ繝ラ繝上Μ繧ｱ繝ｼ繝ｳ繧ｺ螟ｧ髦ｪｼ2025-26ｼ,182,103,2002.02.06,23,髢句ｿ怜嵜髫幃ｫ俶｡,鞫ょ漉螟ｧ蟄ｦ,髢句ｿ怜嵜髫 鞫ょ漉,A,0,https://league-one.jp/player/484975,,,,,
Lotu Inisi,繝ｭ繝医ぇ 繝ｻ繧､繝九す,,繝ｬ繝ラ繝上Μ繧ｱ繝ｼ繝ｳ繧ｺ螟ｧ髦ｪｼ2025-26ｼ,186,110,1999.03.26,26,WestlakeboysHighschool鬮俶｡,,WestlakeboysHighschool,C,0,https://league-one.jp/player/484976,,,,,
Ayuki Yamada,螻ｱ逕ｰ 豁ｩ蟄｣,CTB,繝ｬ繝ラ繝上Μ繧ｱ繝ｼ繝ｳ繧ｺ螟ｧ髦ｪｼ2025-26ｼ,174,89,2002.07.17,23,莠ｬ驛ｽ謌千ｫ鬮倡ｭ牙ｭｦ譬｡,譏取ｲｻ螟ｧ蟄ｦ,莠ｬ驛ｽ謌千ｫ鬮倡ｭ牙ｭｦ譬｡ 譏取ｲｻ螟ｧ蟄ｦ,A,1,https://league-one.jp/player/484977,,,,,
Yoshiki Yamazaki,螻ｱ繧ｵ繧ｭ,FL,繝ｬ繝ラ繝上Μ繧ｱ繝ｼ繝ｳ繧ｺ螟ｧ髦ｪｼ2025-26ｼ,182,103,2003.02.17,22,蝗ｽ蟄ｦ髯｢譬惠鬮倡ｭ牙ｭｦ譬｡,荳ｭ螟ｮ螟ｧ蟄ｦ,蝗ｽ蟄ｦ髯｢譬惠鬮倡ｭ牙ｭｦ譬｡ 荳ｭ螟ｮ螟ｧ蟄ｦ,A,0,https://league-one.jp/player/484978,,,,,
Yura Chinen,遏･蠢ｵ 蜆ｪ譚･,HO,繝ｬ繝ラ繝上Μ繧ｱ繝ｼ繝ｳ繧ｺ螟ｧ髦ｪｼ2025-26ｼ,171,98,2002.12.27,23,蟶ｸ鄙泌ｭｦ蝨帝ｫ倡ｭ牙ｭｦ譬｡,蟶昜ｺｬ螟ｧ蟄ｦ,蟶ｸ鄙泌ｭｦ蝨帝ｫ倡ｭ牙ｭｦ譬｡ 蟶昜ｺｬ螟ｧ蟄ｦ,A,4,https://league-one.jp/player/484979,,,,,
Kanta Kurahashi,蛟画ｩ 豁灘､ｪ,,繝ｬ繝ラ繝上Μ繧ｱ繝ｼ繝ｳ繧ｺ螟ｧ髦ｪｼ2025-26ｼ,181,103,2002.06.04,23,譚ｱ豬ｷ螟ｧ蟄ｦ螟ｧ髦ｪ莉ｰ譏滄ｫ倡ｭ牙ｭｦ譬｡,蟶昜ｺｬ螟ｧ蟄ｦ,譚ｱ豬ｷ螟ｧ蟄ｦ螟ｧ髦ｪ莉ｰ譏滄ｫ倡ｭ牙ｭｦ譬｡ 蟶昜ｺｬ螟ｧ蟄ｦ,A,7,https://league-one.jp/player/484980,,,,,
Yuta Kawamura,蟾晄搗 逾仙､ｪ,CTB,繝ｬ繝ラ繝上Μ繧ｱ繝ｼ繝ｳ繧ｺ螟ｧ髦ｪｼ2025-26ｼ,183,96,2003.02.22,22,髢｢隘ｿ蟄ｦ髯｢鬮倡ｭ蛾Κ鬮俶｡,髢｢隘ｿ蟄ｦ髯｢螟ｧ蟄ｦ,髢｢隘ｿ蟄ｦ髯｢鬮倡ｭ蛾Κ 髢｢隘ｿ蟄ｦ髯｢螟ｧ蟄ｦ,A,2,https://league-one.jp/player/484981,,,,,
Ryusei Kaneko,驥大ｭ 逅芽＊,LO,繝ｬ繝ラ繝上Μ繧ｱ繝ｼ繝ｳ繧ｺ螟ｧ髦ｪｼ2025-26ｼ,193,106,2002.05.31,23,菴占ｳ蟾･讌ｭ鬮倡ｭ牙ｭｦ譬｡,譏取ｲｻ螟ｧ蟄ｦ,菴占ｳ蟾･讌ｭ鬮倡ｭ牙ｭｦ譬｡ 譏取ｲｻ螟ｧ蟄ｦ,A,0,https://league-one.jp/player/484982,,,,,
Shunsuke Abe,螳蛾Κ 鬧ｿ莠ｮ,PR,繝ｬ繝ラ繝上Μ繧ｱ繝ｼ繝ｳ繧ｺ螟ｧ髦ｪｼ2025-26ｼ,177,115,2002.04.30,23,螟ｧ蛻鮓ｴ鬮倡ｭ牙ｭｦ譬｡,髱貞ｱｱ蟄ｦ髯｢螟ｧ蟄ｦ,螟ｧ蛻鮓ｴ鬮倡ｭ牙ｭｦ譬｡ 髱貞ｱｱ蟄ｦ髯｢螟ｧ蟄ｦ,A,1,https://league-one.jp/player/484983,,,,,
Kenta Komura,蟆乗搗 蛛･螟ｪ,FB,繝ｬ繝ラ繝上Μ繧ｱ繝ｼ繝ｳ繧ｺ螟ｧ髦ｪｼ2025-26ｼ,177,81,1999.12.20,26,繝上Α繝ｫ繝医Φ繝懊ｼ繧､繧ｺ鬮俶｡,蟶昜ｺｬ螟ｧ蟄ｦ,繝上Α繝ｫ繝医Φ繝懊ｼ繧､繧ｺ鬮俶｡ 蟶昜ｺｬ螟ｧ蟄ｦ,A,17,https://league-one.jp/player/484984,,,,,
Henry Taefu,繝倥Φ繝ｪ繝ｼ 繝ｻ繧ｿ繧ｨ繝,CTB,繝ｬ繝ラ繝上Μ繧ｱ繝ｼ繝ｳ繧ｺ螟ｧ髦ｪｼ2025-26ｼ,183,100,1993.04.02,32,Otago polytechnic鬮俶｡,polytechnic螟ｧ蟄ｦ,Otago polytechnic,C,15,https://league-one.jp/player/484985,,,,,
Elliott Stooke,繧ｨ繝ｪ繧ｪ繝ヨ 繝ｻ繧ｹ繝医ｼ繧ｯ,LO,繝ｬ繝ラ繝上Μ繧ｱ繝ｼ繝ｳ繧ｺ螟ｧ髦ｪｼ2025-26ｼ,198,120,1993.09.10,32,Hartpurycollege鬮俶｡,,Hartpurycollege,C,13,https://league-one.jp/player/484986,,,,,
Yuma Fujino,阯､驥 菴醍｣ｨ,PR,繝ｬ繝ラ繝上Μ繧ｱ繝ｼ繝ｳ繧ｺ螟ｧ髦ｪｼ2025-26ｼ,181,115,1995.07.29,30,蝣ｱ蠕ｳ蟄ｦ蝨帝ｫ俶｡,遶句多鬢ｨ螟ｧ蟄ｦ,蝣ｱ蠕ｳ蟄ｦ蝨 遶句多鬢ｨ螟ｧ蟄ｦ,A,29,https://league-one.jp/player/484987,,,'15 U20縲'15 U23,,
Takuma Yasui,螳我ｺ 諡馴ｦｬ,WTB,繝ｬ繝ラ繝上Μ繧ｱ繝ｼ繝ｳ繧ｺ螟ｧ髦ｪｼ2025-26ｼ,177,80,2000.10.26,25,譚ｱ豬ｷ螟ｧ蟄ｦ莉伜ｱ槫､ｧ髦ｪ莉ｰ譏滄ｫ俶｡,遶句多鬢ｨ螟ｧ蟄ｦ,譚ｱ豬ｷ螟ｧ蟄ｦ莉伜ｱ槫､ｧ髦ｪ莉ｰ譏 遶句多鬢ｨ,A,0,https://league-one.jp/player/484988,,,,,
Fumiya Dobashi,蝨滓ｩ 驛∫泙,SO,繝ｬ繝ラ繝上Μ繧ｱ繝ｼ繝ｳ繧ｺ螟ｧ髦ｪｼ2025-26ｼ,181,85,2001.02.13,24,鮟呈ｲ｢蟆ｻ蟾･讌ｭ鬮俶｡,譚ｱ豢句､ｧ蟄ｦ,鮟呈ｲ｢蟆ｻ蟾･讌ｭ 譚ｱ豢句､ｧ蟄ｦ,A,19,https://league-one.jp/player/484989,,,,,
Shota Takai,鬮倅ｺ 鄙泌､ｪ,PR,繝ｬ繝ラ繝上Μ繧ｱ繝ｼ繝ｳ繧ｺ螟ｧ髦ｪｼ2025-26ｼ,171,105,2000.05.24,25,蟶ｸ鄙泌ｭｦ蝨帝ｫ俶｡,蟶昜ｺｬ螟ｧ蟄ｦ,蟶ｸ鄙泌ｭｦ蝨 蟶昜ｺｬ,A,16,https://league-one.jp/player/484990,,,,,
Kaito Isono,莠泌香驥 豬ｷ螟ｧ,LO,繝ｬ繝ラ繝上Μ繧ｱ繝ｼ繝ｳ繧ｺ螟ｧ髦ｪｼ2025-26ｼ,182,107,2001.03.13,24,蜈ｫ蟷｡蟾･讌ｭ鬮俶｡,螟ｧ髦ｪ菴楢ご螟ｧ蟄ｦ,蜈ｫ蟷｡蟾･讌ｭ 螟ｧ髦ｪ菴楢ご,A,11,https://league-one.jp/player/484991,,,,,
Ryongtee Oh,蜻 蠍ｺ螟ｪ,SO,繝ｬ繝ラ繝上Μ繧ｱ繝ｼ繝ｳ繧ｺ螟ｧ髦ｪｼ2025-26ｼ,170,82,1998.09.27,27,螟ｧ髦ｪ譛晞ｮｮ鬮俶｡,髢｢隘ｿ蟄ｦ髯｢螟ｧ蟄ｦ,螟ｧ髦ｪ譛晞ｮｮ 髢｢隘ｿ蟄ｦ髯｢,A,14,https://league-one.jp/player/484992,,,,,
Hiroki Hanada,闃ｱ逕ｰ 蠎ｨｹ,FL,繝ｬ繝ラ繝上Μ繧ｱ繝ｼ繝ｳ繧ｺ螟ｧ髦ｪｼ2025-26ｼ,185,100,1994.07.15,31,譚ｱ遖丞ｲ｡鬮俶｡,遖丞ｲ｡螟ｧ蟄ｦ,譚ｱ遖丞ｲ｡ 遖丞ｲ｡,A,28,https://league-one.jp/player/484993,,,,,
Hibiki Noda,驥守伐 髻ｿ,LO,繝ｬ繝ラ繝上Μ繧ｱ繝ｼ繝ｳ繧ｺ螟ｧ髦ｪｼ2025-26ｼ,187,103,1998.06.07,27,闕貞ｰｾ鬮俶｡,蟶昜ｺｬ螟ｧ蟄ｦ,闕貞ｰｾ 蟶昜ｺｬ,A,12,https://league-one.jp/player/484994,,,,,
RYOSEI KOJIMA,蟆丞ｳｶ 辯取,PR,繝ｬ繝ラ繝上Μ繧ｱ繝ｼ繝ｳ繧ｺ螟ｧ髦ｪｼ2025-26ｼ,183,121,1999.11.20,26,遘狗伐蟾･讌ｭ鬮俶｡,螟ｧ譚ｱ譁㍾喧螟ｧ蟄ｦ,遘狗伐蟾･讌ｭ 螟ｧ譚ｱ譁㍾喧,A,2,https://league-one.jp/player/484995,,,,,
TAICHI YOSHIZAWA,蜷画ｾ､ 螟ｪ荳,FB,繝ｬ繝ラ繝上Μ繧ｱ繝ｼ繝ｳ繧ｺ螟ｧ髦ｪｼ2025-26ｼ,175,80,1991.07.18,34,豁｣譎ｺ豺ｱ隹ｷ鬮俶｡,遶区ｭ｣螟ｧ蟄ｦ,豁｣譎ｺ豺ｱ隹ｷ 遶区ｭ｣,A,32,https://league-one.jp/player/484996,,,,,
YUICHIRO HOSONO,邏ｰ驥 陬穂ｸ譛,PR,繝ｬ繝ラ繝上Μ繧ｱ繝ｼ繝ｳ繧ｺ螟ｧ髦ｪｼ2025-26ｼ,182,112,1993.12.03,32,莠ｬ驛ｽ蟄ｦ蝨帝ｫ俶｡,莠ｬ驛ｽ逕｣讌ｭ螟ｧ蟄ｦ,莠ｬ驛ｽ蟄ｦ蝨 莠ｬ驛ｽ逕｣讌ｭ,A,22,https://league-one.jp/player/484997,,,,,
TSUKASA YASUDA,螳臥伐 蜿ｸ,,繝ｬ繝ラ繝上Μ繧ｱ繝ｼ繝ｳ繧ｺ螟ｧ髦ｪｼ2025-26ｼ,180,104,1999.03.28,26,蟶ｸ鄙泌ｭｦ蝨帝ｫ俶｡,蟶昜ｺｬ螟ｧ蟄ｦ,蟶ｸ鄙泌ｭｦ蝨 蟶昜ｺｬ,A,19,https://league-one.jp/player/484998,,,,,
HISAMITSU SHIMADA,蟲ｶ逕ｰ 荵⒧ｺ,HO,繝ｬ繝ラ繝上Μ繧ｱ繝ｼ繝ｳ繧ｺ螟ｧ髦ｪｼ2025-26ｼ,173,103,1998.12.10,27,譚ｱ豬ｷ螟ｧ螟ｧ髦ｪ莉ｰ譏滄ｫ俶｡,遶句多鬢ｨ螟ｧ蟄ｦ,譚ｱ豬ｷ螟ｧ莉ｰ譏 遶句多鬢ｨ,A,37,https://league-one.jp/player/484999,,,,,
SHOSUKE FUKASAWA,豺ｱ貔､ 鄙皮･,PR,繝ｬ繝ラ繝上Μ繧ｱ繝ｼ繝ｳ繧ｺ螟ｧ髦ｪｼ2025-26ｼ,175,110,1998.09.16,27,豺ｱ隹ｷ鬮俶｡,譚ｱ豢句､ｧ蟄ｦ,豺ｱ隹ｷ 譚ｱ豢,A,19,https://league-one.jp/player/485000,,,,,
KANTA YAMAMOTO,螻ｱ譛ｬ 雋ｫ螟ｪ,FB,繝ｬ繝ラ繝上Μ繧ｱ繝ｼ繝ｳ繧ｺ螟ｧ髦ｪｼ2025-26ｼ,177,85,1996.06.23,29,蟶ｸ鄙泌ｭｦ蝨帝ｫ俶｡,遶句多鬢ｨ螟ｧ蟄ｦ,蟶ｸ鄙泌ｭｦ蝨 遶句多鬢ｨ,A,20,https://league-one.jp/player/485001,,,,,
MIFIPOSETI PAEA,繝代お繧｢ 繝溘ヵ繧｣繝昴そ繝,CTB,繝ｬ繝ラ繝上Μ繧ｱ繝ｼ繝ｳ繧ｺ螟ｧ髦ｪｼ2025-26ｼ,180,109,1987.07.06,38,豁｣譎ｺ豺ｱ隹ｷ鬮俶｡,蝓ｼ邇牙ｷ･讌ｭ螟ｧ蟄ｦ,豁｣譎ｺ豺ｱ隹ｷ 蝓ｼ邇牙ｷ･讌ｭ,A,36,https://league-one.jp/player/485002,,,譌･譛ｬ莉｣陦ｨ3CAP,,
KAORU TSURUTA,鮓ｴ逕ｰ 鬥ｨ,CTB,繝ｬ繝ラ繝上Μ繧ｱ繝ｼ繝ｳ繧ｺ螟ｧ髦ｪｼ2025-26ｼ,177,90,1995.06.28,30,遲醍ｴｫ鬮俶｡,譏取ｲｻ螟ｧ蟄ｦ,遲醍ｴｫ 譏取ｲｻ,A,19,https://league-one.jp/player/485003,,,,,
YONHI KIM,驥 蜍㍻ｼ,CTB,繝ｬ繝ラ繝上Μ繧ｱ繝ｼ繝ｳ繧ｺ螟ｧ髦ｪｼ2025-26ｼ,176,90,1993.03.29,32,螟ｧ髦ｪ譛晞ｮｮ鬮俶｡,豕墓帆螟ｧ蟄ｦ,螟ｧ髦ｪ譛晞ｮｮ 豕墓帆,B,16,https://league-one.jp/player/485004,,,'10 鬮俶｡,,
DAISUKE IBA,蟆ｴ 螟ｧ霈,CTB,繝ｬ繝ラ繝上Μ繧ｱ繝ｼ繝ｳ繧ｺ螟ｧ髦ｪｼ2025-26ｼ,177,93,1997.12.03,28,蟶ｸ鄙泌ｭｦ蝨帝ｫ俶｡,譏取ｲｻ螟ｧ蟄ｦ,蟶ｸ鄙泌ｭｦ蝨 譏取ｲｻ,A,32,https://league-one.jp/player/485005,,,,,
TOSHIHIRO YAMANOUCHI,螻ｱ蜀 菫雁､ｮ,SH,繝ｬ繝ラ繝上Μ繧ｱ繝ｼ繝ｳ繧ｺ螟ｧ髦ｪｼ2025-26ｼ,164,73,1997.12.03,28,髢｢隘ｿ蟄ｦ髯｢螟ｧ蟄ｦ,髢｢隘ｿ蟄ｦ髯｢螟ｧ蟄ｦ,髢｢隘ｿ蟄ｦ髯｢ 髢｢隘ｿ蟄ｦ髯｢,A,13,https://league-one.jp/player/485006,,,,,
TATSUYA HAMANO,豬憺㍽ 驕比ｹ,SH,繝ｬ繝ラ繝上Μ繧ｱ繝ｼ繝ｳ繧ｺ螟ｧ髦ｪｼ2025-26ｼ,167,78,1994.11.02,31,隘ｿ髯ｵ蝠･ｭ鬮俶｡,譏取ｲｻ螟ｧ蟄ｦ,隘ｿ髯ｵ蝠･ｭ 譏取ｲｻ,A,22,https://league-one.jp/player/485007,,,,,
AKIRA INOUE,莠穂ｹ倶ｸ 譏,SH,繝ｬ繝ラ繝上Μ繧ｱ繝ｼ繝ｳ繧ｺ螟ｧ髦ｪｼ2025-26ｼ,168,72,1991.04.12,34,蟶らｫ句ｰｼ蟠朱ｫ俶｡,遶句多鬢ｨ螟ｧ蟄ｦ,蟶らｫ句ｰｼ蟠 遶句多鬢ｨ,A,25,https://league-one.jp/player/485008,,,,,
TARO SATO,菴占陸 螟ｧ譛,FL,繝ｬ繝ラ繝上Μ繧ｱ繝ｼ繝ｳ繧ｺ螟ｧ髦ｪｼ2025-26ｼ,181,101,1990.04.03,35,驛ｽ遶句嵜遶矩ｫ俶｡,諷ｶ諛臥ｾｩ蝪ｾ螟ｧ蟄ｦ,驛ｽ遶句嵜遶 諷ｶ諛,A,17,https://league-one.jp/player/485009,,,,,
TATSUNARI FUJITA,阯､逕ｰ 驕疲,LO,繝ｬ繝ラ繝上Μ繧ｱ繝ｼ繝ｳ繧ｺ螟ｧ髦ｪｼ2025-26ｼ,192,107,1996.12.02,29,譚ｱ遖丞ｲ｡鬮俶｡,蟶昜ｺｬ螟ｧ蟄ｦ,譚ｱ遖丞ｲ｡ 蟶昜ｺｬ,A,37,https://league-one.jp/player/485010,,,'16 U20縲'16 U23,,
TORU SUGISHITA,譚我ｸ 證｢,LO,繝ｬ繝ラ繝上Μ繧ｱ繝ｼ繝ｳ繧ｺ螟ｧ髦ｪｼ2025-26ｼ,184,108,1992.05.04,33,遶句多鬢ｨ螟ｧ蟄ｦ,遶句多鬢ｨ螟ｧ蟄ｦ,遶句多鬢ｨ 遶句多鬢ｨ,A,41,https://league-one.jp/player/485011,,,,,
HIROMICHI SAKAMOTO,蝮よ悽 豢矩％,PR,繝ｬ繝ラ繝上Μ繧ｱ繝ｼ繝ｳ繧ｺ螟ｧ髦ｪｼ2025-26ｼ,173,106,1996.04.26,29,蝗ｽ蟄ｦ髯｢譬惠鬮俶｡,蟆ゆｿｮ螟ｧ蟄ｦ,蝗ｽ蟄ｦ髯｢譬惠 蟆ゆｿｮ,A,29,https://league-one.jp/player/485012,,,,,
YOSUKE NISHIURA,隘ｿ豬ｦ 豢狗･,PR,繝ｬ繝ラ繝上Μ繧ｱ繝ｼ繝ｳ繧ｺ螟ｧ髦ｪｼ2025-26ｼ,175,108,1990.09.29,35,闕貞ｰｾ鬮俶｡,遶句多鬢ｨ螟ｧ蟄ｦ,闕貞ｰｾ 遶句多鬢ｨ,A,21,https://league-one.jp/player/485013,,,,,
MUNETAKA SASHIDA,謖㍼伐 螳怜ｭ,PR,繝ｬ繝ラ繝上Μ繧ｱ繝ｼ繝ｳ繧ｺ螟ｧ髦ｪｼ2025-26ｼ,175,116,1994.03.02,31,譚ｱ螻ｱ鬮俶｡,迺ｰ螟ｪ蟷ｳ豢句､ｧ蟄ｦ,譚ｱ螻ｱ 迺ｰ螟ｪ蟷ｳ豢,A,34,https://league-one.jp/player/485014,,,,,
Yuki Ishii,遏ｳ莠 蜍㍻ｼ,WTB,繝ｬ繝ラ繝上Μ繧ｱ繝ｼ繝ｳ繧ｺ螟ｧ髦ｪｼ2025-26ｼ,184,96,1996.02.27,29,譌･螟ｧ闕丞次鬮俶｡,譚ｱ豢句､ｧ蟄ｦ,譌･螟ｧ闕丞次 譚ｱ豢,A,7,https://league-one.jp/player/485015,,,,,
Kentaro Otsuka,螟ｧ蝪 蛛･螟ｪ驛,HO,繝ｬ繝ラ繝上Μ繧ｱ繝ｼ繝ｳ繧ｺ螟ｧ髦ｪｼ2025-26ｼ,176,98,1997.03.12,28,菴占ｳ蟾･讌ｭ鬮俶｡,譏取ｲｻ螟ｧ蟄ｦ,菴占ｳ蟾･讌ｭ 譏取ｲｻ,A,14,https://league-one.jp/player/485016,,,,,
Yo Sato,菴占陸 閠,HO,繝ｬ繝ラ繝上Μ繧ｱ繝ｼ繝ｳ繧ｺ螟ｧ髦ｪｼ2025-26ｼ,178,100,1994.01.27,31,譛ｬ驛ｷ鬮俶｡,諷ｶ諛臥ｾｩ蝪ｾ螟ｧ蟄ｦ,譛ｬ驛ｷ 諷ｶ諛臥ｾｩ蝪ｾ,A,35,https://league-one.jp/player/485017,,,,,
Blake Gibson,繝悶Ξ繧､繧ｯ 繝ｻ繧ｮ繝悶た繝ｳ,,繝ｬ繝ラ繝上Μ繧ｱ繝ｼ繝ｳ繧ｺ螟ｧ髦ｪｼ2025-26ｼ,186,102,1995.04.19,30,繧ｻ繝ｳ繝医こ繝ｳ繝ぅ繧ｬ繝ｳ鬮俶｡,,繧ｻ繝ｳ繝医こ繝ｳ繝ぅ繧ｬ繝ｳ,B,19,https://league-one.jp/player/485018,,,,,
Shinnosuke Toyonaga,雎頑ｰｸ 諷惹ｹ倶ｽ,PR,繝ｬ繝ラ繝上Μ繧ｱ繝ｼ繝ｳ繧ｺ螟ｧ髦ｪｼ2025-26ｼ,178,113,2001.08.25,24,螟ｧ蛻鮓ｴ鬮俶｡,髢｢隘ｿ蟄ｦ髯｢螟ｧ蟄ｦ,螟ｧ蛻鮓ｴ 髢｢隘ｿ蟄ｦ髯｢,A,6,https://league-one.jp/player/485019,,,,,
Kanta Yoshida,蜷臥伐 謨｢螟ｪ,HO,繝ｬ繝ラ繝上Μ繧ｱ繝ｼ繝ｳ繧ｺ螟ｧ髦ｪｼ2025-26ｼ,171,100,2001.09.01,24,螟ｧ髦ｪ譯占発鬮俶｡,螟ｧ髦ｪ菴楢ご螟ｧ蟄ｦ,螟ｧ髦ｪ譯占発 螟ｧ髦ｪ菴楢ご,A,1,https://league-one.jp/player/485020,,,,,
Sentaro Fukue,遖乗ｱ 莉吝､ｪ驛,LO,繝ｬ繝ラ繝上Μ繧ｱ繝ｼ繝ｳ繧ｺ螟ｧ髦ｪｼ2025-26ｼ,188,105,2002.02.05,23,魑ｴ蟆ｾ鬮俶｡,遶句多鬢ｨ螟ｧ蟄ｦ,魑ｴ蟆ｾ 遶句多鬢ｨ,A,2,https://league-one.jp/player/485021,,,,,
Shintaro Fujii,阯､莠 諷主､ｪ驛,LO,繝ｬ繝ラ繝上Μ繧ｱ繝ｼ繝ｳ繧ｺ螟ｧ髦ｪｼ2025-26ｼ,185,105,2001.09.19,24,譌･譛ｬ闊ｪ遨ｺ鬮俶｡遏ｳ蟾晞ｫ俶｡,蟶昜ｺｬ螟ｧ蟄ｦ,譌･譛ｬ闊ｪ遨ｺ鬮俶｡遏ｳ蟾 蟶昜ｺｬ,A,3,https://league-one.jp/player/485022,,,,,
Itsuki Yano,遏｢驥 讓ｹ,FL,繝ｬ繝ラ繝上Μ繧ｱ繝ｼ繝ｳ繧ｺ螟ｧ髦ｪｼ2025-26ｼ,175,95,2002.01.25,23,譚ｱ遖丞ｲ｡鬮俶｡,遖丞ｲ｡螟ｧ蟄ｦ,譚ｱ遖丞ｲ｡ 遖丞ｲ｡,A,0,https://league-one.jp/player/485023,,,,,
Amane Tomioka,蜀ｨ蟯｡ 蜻ｨ,CTB,繝ｬ繝ラ繝上Μ繧ｱ繝ｼ繝ｳ繧ｺ螟ｧ髦ｪｼ2025-26ｼ,174,90,2001.11.12,24,蠕｡謇螳滓･ｭ鬮俶｡,髢｢隘ｿ蟄ｦ髯｢螟ｧ蟄ｦ,蠕｡謇螳滓･ｭ 髢｢隘ｿ蟄ｦ髯｢,A,0,https://league-one.jp/player/485024,,,,,
Kenya Nishikawa,隘ｿ蟾 雉｢蜩,WTB,繝ｬ繝ラ繝上Μ繧ｱ繝ｼ繝ｳ繧ｺ螟ｧ髦ｪｼ2025-26ｼ,176,86,2001.06.03,24,譯占発蟄ｦ蝨帝ｫ俶｡,譏取ｲｻ螟ｧ蟄ｦ,譯占発蟄ｦ蝨 譏取ｲｻ,A,7,https://league-one.jp/player/485025,,,,,
Taiki Yamaguchi,螻ｱ蜿｣ 豕ｰ霈,FB,繝ｬ繝ラ繝上Μ繧ｱ繝ｼ繝ｳ繧ｺ螟ｧ髦ｪｼ2025-26ｼ,176,90,2001.11.17,24,髟ｷ蟠主圏髯ｽ蜿ｰ鬮俶｡,蟶昜ｺｬ螟ｧ蟄ｦ,髟ｷ蟠主圏髯ｽ蜿ｰ 蟶昜ｺｬ,A,18,https://league-one.jp/player/485026,,,,,
Jack OSullivan,繧ｸ繝｣繝け 繝ｻ繧ｪ繝ｼ繧ｵ繝ｪ繝舌Φ,FL,繝ｬ繝ラ繝上Μ繧ｱ繝ｼ繝ｳ繧ｺ螟ｧ髦ｪｼ2025-26ｼ,188,108,1998.10.01,27,Presentation鬮俶｡,Brothers螟ｧ蟄ｦ,Presentation Brothers College Cork Cork Callege,B,14,https://league-one.jp/player/485133,,,,,
JP Du Preez,繧ｸ繧ｧ繝ｼ繝斐ｼ 繝ｻ繝Η繝励Ξ繧｢,LO,繝ｬ繝ラ繝上Μ繧ｱ繝ｼ繝ｳ繧ｺ螟ｧ髦ｪｼ2025-26ｼ,210,122,1994.11.09,31,Dr鬮俶｡,E.G.Janesen螟ｧ蟄ｦ,Dr E.G.Janesen High school,B,2,https://league-one.jp/player/485134,,,,,
Nick Jooste,繝九ャ繧ｯ 繝ｻ繝ｦ繝ｼ繧ｹ繝,CTB,繝ｬ繝ラ繝上Μ繧ｱ繝ｼ繝ｳ繧ｺ螟ｧ髦ｪｼ2025-26ｼ,190,94,1997.07.07,28,Hale鬮俶｡,High螟ｧ蟄ｦ,Hale High School Southern Queensland,B,1,https://league-one.jp/player/485135,,,,,
Hayato Ishibashi,遏ｳ讖 髫ｼ,LO,繝ｬ繝ラ繝上Μ繧ｱ繝ｼ繝ｳ繧ｺ螟ｧ髦ｪｼ2025-26ｼ,189,101,2003.04.08,22,諢帷衍逵檎ｫ区亊蜥碁ｫ俶｡,遶句多鬢ｨ螟ｧ蟄ｦ,諢帷衍逵檎ｫ区亊蜥碁ｫ俶｡ 遶句多鬢ｨ螟ｧ蟄ｦ,A,0,https://league-one.jp/player/493174,,,,,
Yukito Akasako,襍､霑ｫ 蟷ｸ遏･,SH,繝ｬ繝ラ繝上Μ繧ｱ繝ｼ繝ｳ繧ｺ螟ｧ髦ｪｼ2025-26ｼ,161,65,2003.09.06,22,蟆ｾ驕馴ｫ俶｡,蟶昜ｺｬ螟ｧ蟄ｦ,蟆ｾ驕馴ｫ俶｡ 蟶昜ｺｬ螟ｧ蟄ｦ,A,0,https://league-one.jp/player/493175,,,,,
Yuma Kikumoto,闖頑悽 譛臥悄,SO,繝ｬ繝ラ繝上Μ繧ｱ繝ｼ繝ｳ繧ｺ螟ｧ髦ｪｼ2025-26ｼ,177,83,2003.05.13,22,蟠㍾ｾｳ鬮俶｡,謌占ｹ雁､ｧ蟄ｦ,"蟠㍾ｾｳ鬮俶｡	 謌占ｹ雁､ｧ蟄ｦ",A,0,https://league-one.jp/player/493176,,,,,
Kaishun Azuma,譚ｱ 豬ｷ髫ｼ,WTB,繝ｬ繝ラ繝上Μ繧ｱ繝ｼ繝ｳ繧ｺ螟ｧ髦ｪｼ2025-26ｼ,182,84,2003.07.08,22,蜈画ｳ峨き繝医Μ繝け鬮俶｡,譏取ｲｻ螟ｧ蟄ｦ,蜈画ｳ峨き繝医Μ繝け鬮俶｡ 譏取ｲｻ螟ｧ蟄ｦ,A,0,https://league-one.jp/player/493237,,,,,
Shuichi Kobayashi,蟆乗棊 菫ｮ蟶,WTB,繝ｬ繝ラ繝上Μ繧ｱ繝ｼ繝ｳ繧ｺ螟ｧ髦ｪｼ2025-26ｼ,176,83,2003.08.24,22,莠ｬ驛ｽ謌千ｫ鬮俶｡,莠ｬ驛ｽ逕｣讌ｭ螟ｧ蟄ｦ,莠ｬ驛ｽ謌千ｫ鬮俶｡ 莠ｬ驛ｽ逕｣讌ｭ螟ｧ蟄ｦ,A,0,https://league-one.jp/player/493238,,,,,
Papaseea Matelau,繝代ヱ繧ｻ繝ｼ繧｢ 繝ｻ繝槭ユ繝ｩ繧ｦ,FL,繧ｯ繝ｪ繧ｿ繧ｦ繧ｩ繝ｼ繧ｿ繝ｼ繧ｬ繝す繝･譏ｭ蟲ｶｼ2025-26ｼ,182,106,2006.06.08,19,SaltLakeHighSchool鬮俶｡,,SaltLakeHighSchool,B,1,https://league-one.jp/player/483787,,,,,
Kauri Tipene-Grace,繧ｫ繧ｦ繝ｪ 繝ｻ繝ぅ繝壹ロ繧ｰ繝ｬ繝ｼ繧ｹ,UTB,繧ｯ繝ｪ繧ｿ繧ｦ繧ｩ繝ｼ繧ｿ繝ｼ繧ｬ繝す繝･譏ｭ蟲ｶｼ2025-26ｼ,194,98,2004.03.16,21,繧｢繝ｩ繝ｳ繝｢繧｢繧ｫ繝医Μ繝け繧ｫ繝ｬ繝ず,,繧｢繝ｩ繝ｳ繝｢繧｢繧ｫ繝医Μ繝け繧ｫ繝ｬ繝ず,B,0,https://league-one.jp/player/483788,,,,,
Iori Yokoyama,讓ｪ螻ｱ 莨顔ｹ,CTB,繧ｯ繝ｪ繧ｿ繧ｦ繧ｩ繝ｼ繧ｿ繝ｼ繧ｬ繝す繝･譏ｭ蟲ｶｼ2025-26ｼ,176,92,2002.05.18,23,豬夂ｵ梧ｸ亥､ｧ蟄ｦ髯ｱ樊沛鬮倡ｭ牙ｭｦ譬｡,豬夂ｵ梧ｸ亥､ｧ蟄ｦ,豬夂ｵ梧ｸ亥､ｧ蟄ｦ髯ｱ樊沛鬮倡ｭ牙ｭｦ譬｡ 豬夂ｵ梧ｸ亥､ｧ蟄ｦ,A,0,https://league-one.jp/player/483789,,,,,
Takuma Enomoto,讎取悽 諡鍋悄,CTB,繧ｯ繝ｪ繧ｿ繧ｦ繧ｩ繝ｼ繧ｿ繝ｼ繧ｬ繝す繝･譏ｭ蟲ｶｼ2025-26ｼ,184,88,2002.08.10,23,譯占発蟄ｦ蝨帝ｫ倡ｭ牙ｭｦ譬｡,髱貞ｱｱ蟄ｦ髯｢螟ｧ蟄ｦ,譯占発蟄ｦ蝨帝ｫ倡ｭ牙ｭｦ譬｡ 髱貞ｱｱ蟄ｦ髯｢螟ｧ蟄ｦ,A,1,https://league-one.jp/player/483790,,,,,
Kosei Otani,螟ｧ隹ｷ 譎函,PR,繧ｯ繝ｪ繧ｿ繧ｦ繧ｩ繝ｼ繧ｿ繝ｼ繧ｬ繝す繝･譏ｭ蟲ｶｼ2025-26ｼ,182,110,2003.02.14,22,荵晏ｷ槫ｭｦ髯｢鬮倡ｭ牙ｭｦ譬｡,遖丞ｲ｡螟ｧ蟄ｦ,荵晏ｷ槫ｭｦ髯｢鬮倡ｭ牙ｭｦ譬｡ 遖丞ｲ｡螟ｧ蟄ｦ,A,0,https://league-one.jp/player/483791,,,,,
Kai Yamamoto,螻ｱ譛ｬ 蠢ｫ,WTB,繧ｯ繝ｪ繧ｿ繧ｦ繧ｩ繝ｼ繧ｿ繝ｼ繧ｬ繝す繝･譏ｭ蟲ｶｼ2025-26ｼ,176,85,2002.05.15,23,髢｢隘ｿ蟄ｦ髯｢鬮倡ｭ蛾Κ鬮俶｡,髢｢隘ｿ蟄ｦ髯｢螟ｧ蟄ｦ,髢｢隘ｿ蟄ｦ髯｢鬮倡ｭ蛾Κ 髢｢隘ｿ蟄ｦ髯｢螟ｧ蟄ｦ,A,3,https://league-one.jp/player/483792,,,,,
Yuki Kawai,豐ｳ莠 逾先ｨｹ,PR,繧ｯ繝ｪ繧ｿ繧ｦ繧ｩ繝ｼ繧ｿ繝ｼ繧ｬ繝す繝･譏ｭ蟲ｶｼ2025-26ｼ,184,121,2002.10.05,23,蜷榊商螻玖･ｿ鬮俶｡,荳ｭ莠ｬ螟ｧ蟄ｦ,蜷榊商螻玖･ｿ鬮俶｡ 荳ｭ莠ｬ螟ｧ蟄ｦ,A,0,https://league-one.jp/player/483793,,,,,
So Matsushima,譚ｾ蟲ｶ 閨｡,CTB,繧ｯ繝ｪ繧ｿ繧ｦ繧ｩ繝ｼ繧ｿ繝ｼ繧ｬ繝す繝･譏ｭ蟲ｶｼ2025-26ｼ,174,83,2001.01.08,25,螟ｧ蛻鮓ｴ鬮俶｡,遲第ｳ｢螟ｧ蟄ｦ,螟ｧ蛻鮓ｴ鬮俶｡ 遲第ｳ｢螟ｧ蟄ｦ,A,18,https://league-one.jp/player/483794,,,,,
Shogo Yanagita,譟ｳ逕ｰ 鄙泌誓,CTB,繧ｯ繝ｪ繧ｿ繧ｦ繧ｩ繝ｼ繧ｿ繝ｼ繧ｬ繝す繝･譏ｭ蟲ｶｼ2025-26ｼ,180,85,2000.04.19,25,豬夂ｵ梧ｸ亥､ｧ蟄ｦ莉伜ｱ樊沛鬮俶｡,豬夂ｵ梧ｸ亥､ｧ蟄ｦ,豬夂ｵ梧ｸ亥､ｧ蟄ｦ莉伜ｱ樊沛鬮俶｡ 豬夂ｵ梧ｸ亥､ｧ蟄ｦ,A,8,https://league-one.jp/player/483795,,,,,
Ren Shinwada,譁ｰ蜥檎伐 骭ｬ,SH,繧ｯ繝ｪ繧ｿ繧ｦ繧ｩ繝ｼ繧ｿ繝ｼ繧ｬ繝す繝･譏ｭ蟲ｶｼ2025-26ｼ,171,76,2000.05.15,25,蟆ｾ驕馴ｫ俶｡,蜷悟ｿ礼､ｾ螟ｧ蟄ｦ,蟆ｾ驕馴ｫ俶｡ 蜷悟ｿ礼､ｾ螟ｧ蟄ｦ,A,17,https://league-one.jp/player/483796,,,'20 U23,,
Ryutaro Iguchi,莠募哨 鮴榊､ｪ驛,HO,繧ｯ繝ｪ繧ｿ繧ｦ繧ｩ繝ｼ繧ｿ繝ｼ繧ｬ繝す繝･譏ｭ蟲ｶｼ2025-26ｼ,178,95,2000.06.27,25,髱吝ｲ｡閨門蟄ｦ髯｢鬮俶｡,豕墓帆螟ｧ蟄ｦ,髱吝ｲ｡閨門蟄ｦ髯｢鬮俶｡ 豕墓帆螟ｧ蟄ｦ,A,11,https://league-one.jp/player/483797,,,,,
Daymon Leasuasu,繝ｼ繝｢繝ｳ 繝ｻ繝ｬ繧ｨ繧ｹ繧｢繧ｹ,LO,繧ｯ繝ｪ繧ｿ繧ｦ繧ｩ繝ｼ繧ｿ繝ｼ繧ｬ繝す繝･譏ｭ蟲ｶｼ2025-26ｼ,200,115,1993.01.20,32,AorereCollege鬮俶｡,繧ｪ繝ｼ繧ｯ繝ｩ繝ｳ繝牙､ｧ蟄ｦ,AorereCollege 繧ｪ繝ｼ繧ｯ繝ｩ繝ｳ繝牙､ｧ蟄ｦ,A,25,https://league-one.jp/player/483798,,,,,
Koshi Emoto,豎滓悽 豢ｸ蠢,FB,繧ｯ繝ｪ繧ｿ繧ｦ繧ｩ繝ｼ繧ｿ繝ｼ繧ｬ繝す繝･譏ｭ蟲ｶｼ2025-26ｼ,173,78,2000.01.12,25,譌･譛ｬ闊ｪ遨ｺ鬮俶｡遏ｳ蟾晞ｫ俶｡,螟ｩ逅､ｧ蟄ｦ,譌･譛ｬ闊ｪ遨ｺ鬮俶｡遏ｳ蟾 螟ｩ逅､ｧ蟄ｦ,A,20,https://league-one.jp/player/483799,,,,,
Daiki Yokota,讓ｪ逕ｰ 螟ｧ霈,CTB,繧ｯ繝ｪ繧ｿ繧ｦ繧ｩ繝ｼ繧ｿ繝ｼ繧ｬ繝す繝･譏ｭ蟲ｶｼ2025-26ｼ,185,95,1999.09.21,26,豺ｱ隹ｷ鬮俶｡,譚ｱ豬ｷ螟ｧ蟄ｦ,豺ｱ隹ｷ鬮俶｡ 譚ｱ豬ｷ螟ｧ蟄ｦ,A,13,https://league-one.jp/player/483800,,,,,
Kakeru Sugihara,譚牙次 鬧ｿ,SH,繧ｯ繝ｪ繧ｿ繧ｦ繧ｩ繝ｼ繧ｿ繝ｼ繧ｬ繝す繝･譏ｭ蟲ｶｼ2025-26ｼ,172,75,1999.12.15,26,螟ｧ髦ｪ譯占発鬮俶｡,蟶昜ｺｬ螟ｧ蟄ｦ,螟ｧ髦ｪ譯占発鬮俶｡ 蟶昜ｺｬ螟ｧ蟄ｦ,A,26,https://league-one.jp/player/483801,,,,,
Tevita Oto,繝ン繧ｿ 繝ｻ繧ｪ繝,FL,繧ｯ繝ｪ繧ｿ繧ｦ繧ｩ繝ｼ繧ｿ繝ｼ繧ｬ繝す繝･譏ｭ蟲ｶｼ2025-26ｼ,185,111,1998.03.07,27,繝医Φ繧ｬ繧ｫ繝ｬ繝ず,譌･譛ｬ螟ｧ蟄ｦ,繝医Φ繧ｬ繧ｫ繝ｬ繝ず 譌･譛ｬ螟ｧ蟄ｦ,A,24,https://league-one.jp/player/483802,,,,,
Kai Yamasaki,螻ｱ繧ｵ繧ｭ,LO,繧ｯ繝ｪ繧ｿ繧ｦ繧ｩ繝ｼ繧ｿ繝ｼ繧ｬ繝す繝･譏ｭ蟲ｶｼ2025-26ｼ,188,103,1999.06.06,26,菴占ｳ蟾･讌ｭ鬮俶｡,髢｢譚ｱ蟄ｦ髯｢螟ｧ蟄ｦ,菴占ｳ蟾･讌ｭ鬮俶｡ 髢｢譚ｱ蟄ｦ髯｢螟ｧ蟄ｦ,A,4,https://league-one.jp/player/483803,,,,,
Shohei Tsujimura,霎ｻ譚 鄙泌ｹｳ,PR,繧ｯ繝ｪ繧ｿ繧ｦ繧ｩ繝ｼ繧ｿ繝ｼ繧ｬ繝す繝･譏ｭ蟲ｶｼ2025-26ｼ,182,117,1999.07.13,26,髟ｷ蟠主漉螻ｱ鬮俶｡,霑醍柄螟ｧ蟄ｦ,髟ｷ蟠主漉螻ｱ鬮俶｡ 霑醍柄螟ｧ蟄ｦ,A,7,https://league-one.jp/player/483804,,,,,
Kei Takusagawa,逕ｰ闕牙ｷ 諱ｵ,PR,繧ｯ繝ｪ繧ｿ繧ｦ繧ｩ繝ｼ繧ｿ繝ｼ繧ｬ繝す繝･譏ｭ蟲ｶｼ2025-26ｼ,173,106,1999.08.15,26,譚ｱ豬ｷ螟ｧ蟄ｦ莉伜ｱ樒抜蠎憺ｫ俶｡,譚ｱ豬ｷ螟ｧ蟄ｦ,譚ｱ豬ｷ螟ｧ蟄ｦ莉伜ｱ樒抜蠎憺ｫ俶｡ 譚ｱ豬ｷ螟ｧ蟄ｦ,A,26,https://league-one.jp/player/483805,,,,,
Yuta Sugiyama,譚牙ｱｱ 逾仙､ｪ,WTB,繧ｯ繝ｪ繧ｿ繧ｦ繧ｩ繝ｼ繧ｿ繝ｼ繧ｬ繝す繝･譏ｭ蟲ｶｼ2025-26ｼ,185,92,1998.10.04,27,譚ｱ豬ｷ螟ｧ蟄ｦ莉伜ｱ樒嶌讓｡鬮俶｡,譚ｱ豬ｷ螟ｧ蟄ｦ,譚ｱ豬ｷ螟ｧ蟄ｦ莉伜ｱ樒嶌讓｡鬮俶｡ 譚ｱ豬ｷ螟ｧ蟄ｦ,A,17,https://league-one.jp/player/483806,,,,,
Kentaro Sugimori,譚画｣ｮ 蛛･螟ｪ驛,WTB,繧ｯ繝ｪ繧ｿ繧ｦ繧ｩ繝ｼ繧ｿ繝ｼ繧ｬ繝す繝･譏ｭ蟲ｶｼ2025-26ｼ,172,72,1993.07.21,32,豬夂ｵ梧ｸ亥､ｧ譟城ｫ俶｡,豬夂ｵ梧ｸ亥､ｧ蟄ｦ,豬∫ｵ悟､ｧ譟 豬夂ｵ梧ｸ亥､ｧ蟄ｦ,A,38,https://league-one.jp/player/483807,,,,,
Takuro Hayashida,譫礼伐 諡捺恬,SO,繧ｯ繝ｪ繧ｿ繧ｦ繧ｩ繝ｼ繧ｿ繝ｼ繧ｬ繝す繝･譏ｭ蟲ｶｼ2025-26ｼ,170,84,1997.11.28,28,螟ｩ逅ｫ俶｡,螟ｩ逅､ｧ蟄ｦ,螟ｩ逅ｫ俶｡ 螟ｩ逅､ｧ蟄ｦ,A,36,https://league-one.jp/player/483808,,,,,
Shinpei Suganuma,闖⒧ｲｼ 逾槫ⅲ,SO,繧ｯ繝ｪ繧ｿ繧ｦ繧ｩ繝ｼ繧ｿ繝ｼ繧ｬ繝す繝･譏ｭ蟲ｶｼ2025-26ｼ,174,80,1992.12.21,33,髯ｸ荳願㌕陦幃嚏蟆大ｹｴ蟾･遘大ｭｦ譬｡,髢｢譚ｱ蟄ｦ髯｢螟ｧ蟄ｦ,髯ｸ荳願㌕陦幃嚏蟆大ｹｴ蟾･遘大ｭｦ譬｡ 髢｢譚ｱ蟄ｦ髯｢螟ｧ蟄ｦ,A,10,https://league-one.jp/player/483809,,,,,
Sho Nakamura,荳ｭ譚 鄙,SH,繧ｯ繝ｪ繧ｿ繧ｦ繧ｩ繝ｼ繧ｿ繝ｼ繧ｬ繝す繝･譏ｭ蟲ｶｼ2025-26ｼ,176,75,1997.10.07,28,譚ｱ遖丞ｲ｡鬮俶｡,豕墓帆螟ｧ蟄ｦ,譚ｱ遖丞ｲ｡鬮俶｡ 豕墓帆螟ｧ蟄ｦ,A,26,https://league-one.jp/player/483810,,,,,
Taisei Nakao,荳ｭ蟆ｾ 豕ｰ譏,FL,繧ｯ繝ｪ繧ｿ繧ｦ繧ｩ繝ｼ繧ｿ繝ｼ繧ｬ繝す繝･譏ｭ蟲ｶｼ2025-26ｼ,170,90,1998.05.23,27,螟ｧ蛻鮓ｴ鬮俶｡,蜷悟ｿ礼､ｾ螟ｧ蟄ｦ,螟ｧ蛻鮓ｴ鬮俶｡ 蜷悟ｿ礼､ｾ螟ｧ蟄ｦ,A,44,https://league-one.jp/player/483811,,,,,
Hiroki Kawase,蟾晉ｬ 螟ｧ霈,LO,繧ｯ繝ｪ繧ｿ繧ｦ繧ｩ繝ｼ繧ｿ繝ｼ繧ｬ繝す繝･譏ｭ蟲ｶｼ2025-26ｼ,178,95,1994.11.10,31,遏ｳ隕区匱鄙鬢ｨ鬮俶｡,譚ｱ豬ｷ螟ｧ蟄ｦ,遏ｳ隕区匱鄙鬢ｨ鬮俶｡ 譚ｱ豬ｷ螟ｧ蟄ｦ,A,14,https://league-one.jp/player/483812,,,,,
Kengo Nakamura,荳ｭ譚 隰吝誓,LO,繧ｯ繝ｪ繧ｿ繧ｦ繧ｩ繝ｼ繧ｿ繝ｼ繧ｬ繝す繝･譏ｭ蟲ｶｼ2025-26ｼ,185,108,1994.04.20,31,譚ｱ豬ｷ螟ｧ蟄ｦ莉伜ｱ樒抜蠎憺ｫ俶｡,諢帷衍蟄ｦ髯｢螟ｧ蟄ｦ,譚ｱ豬ｷ螟ｧ蟄ｦ莉伜ｱ樒抜蠎憺ｫ俶｡ 諢帷衍蟄ｦ髯｢螟ｧ蟄ｦ,A,34,https://league-one.jp/player/483813,,,,,
Kota Nakamura,荳ｭ譚 蛹｡豎ｰ,LO,繧ｯ繝ｪ繧ｿ繧ｦ繧ｩ繝ｼ繧ｿ繝ｼ繧ｬ繝す繝･譏ｭ蟲ｶｼ2025-26ｼ,188,108,1998.02.21,27,譚ｱ豬ｷ螟ｧ蟄ｦ莉伜ｱ樒嶌讓｡鬮俶｡,譚ｱ豬ｷ螟ｧ蟄ｦ,譚ｱ豬ｷ螟ｧ蟄ｦ莉伜ｱ樒嶌讓｡鬮俶｡ 譚ｱ豬ｷ螟ｧ蟄ｦ,A,48,https://league-one.jp/player/483814,,,,,
Kota Hojo,蛹玲｢ 閠募､ｪ,HO,繧ｯ繝ｪ繧ｿ繧ｦ繧ｩ繝ｼ繧ｿ繝ｼ繧ｬ繝す繝･譏ｭ蟲ｶｼ2025-26ｼ,174,98,1997.09.14,28,螟ｩ逅ｫ俶｡,螟ｩ逅､ｧ蟄ｦ,螟ｩ逅ｫ俶｡ 螟ｩ逅､ｧ蟄ｦ,A,47,https://league-one.jp/player/483815,,,,,
Ryota Kuribara,譬怜次 濶ｯ螟,HO,繧ｯ繝ｪ繧ｿ繧ｦ繧ｩ繝ｼ繧ｿ繝ｼ繧ｬ繝す繝･譏ｭ蟲ｶｼ2025-26ｼ,178,113,1995.03.24,30,豁｣譎ｺ豺ｱ隹ｷ鬮俶｡,螟ｧ譚ｱ譁㍾喧螟ｧ蟄ｦ,豁｣譎ｺ豺ｱ隹ｷ鬮俶｡ 螟ｧ譚ｱ譁㍾喧螟ｧ蟄ｦ,A,37,https://league-one.jp/player/483816,,,,,
Rui Kuriyama,譬怜ｱｱ 蝪,PR,繧ｯ繝ｪ繧ｿ繧ｦ繧ｩ繝ｼ繧ｿ繝ｼ繧ｬ繝す繝･譏ｭ蟲ｶｼ2025-26ｼ,178,115,1998.08.13,27,譯占発蟄ｦ蝨帝ｫ俶｡,蟆ゆｿｮ螟ｧ蟄ｦ,譯占発蟄ｦ蝨帝ｫ俶｡ 蟆ゆｿｮ螟ｧ蟄ｦ,A,45,https://league-one.jp/player/483817,,,,,
Kei Shibuya,貂玖ｰｷ 蝨ｭ,PR,繧ｯ繝ｪ繧ｿ繧ｦ繧ｩ繝ｼ繧ｿ繝ｼ繧ｬ繝す繝･譏ｭ蟲ｶｼ2025-26ｼ,182,110,1997.07.24,28,螟ｧ譚ｱ譁㍾喧螟ｧ蟄ｦ隨ｬ荳鬮俶｡,螟ｧ譚ｱ譁㍾喧螟ｧ蟄ｦ,螟ｧ譚ｱ譁㍾喧螟ｧ蟄ｦ隨ｬ荳鬮俶｡ 螟ｧ譚ｱ譁㍾喧螟ｧ蟄ｦ,A,35,https://league-one.jp/player/483818,,,,,
Shoya Koyama,蟆丞ｱｱ 鄙比ｹ,PR,繧ｯ繝ｪ繧ｿ繧ｦ繧ｩ繝ｼ繧ｿ繝ｼ繧ｬ繝す繝･譏ｭ蟲ｶｼ2025-26ｼ,176,107,1996.12.19,29,譁ｰ貎溷ｷ･讌ｭ鬮俶｡,蟶昜ｺｬ螟ｧ蟄ｦ,譁ｰ貎溷ｷ･讌ｭ鬮俶｡ 蟶昜ｺｬ螟ｧ蟄ｦ,A,30,https://league-one.jp/player/483819,,,,,
Aki Kajihara,譴ｶ蜴 迹,PR,繧ｯ繝ｪ繧ｿ繧ｦ繧ｩ繝ｼ繧ｿ繝ｼ繧ｬ繝す繝･譏ｭ蟲ｶｼ2025-26ｼ,178,107,1996.02.05,29,譌･蟾晞ｫ俶｡,蟆ゆｿｮ螟ｧ蟄ｦ,譌･蟾晞ｫ俶｡ 蟆ゆｿｮ螟ｧ蟄ｦ,A,21,https://league-one.jp/player/483820,,,,,
Masashi Debuchi,蜃ｺ貂 雉｢蜿ｲ,PR,繧ｯ繝ｪ繧ｿ繧ｦ繧ｩ繝ｼ繧ｿ繝ｼ繧ｬ繝す繝･譏ｭ蟲ｶｼ2025-26ｼ,177,113,1990.05.30,35,髢｢隘ｿ鬮俶｡,蟶昜ｺｬ螟ｧ蟄ｦ,髢｢隘ｿ鬮俶｡ 蟶昜ｺｬ螟ｧ蟄ｦ,A,28,https://league-one.jp/player/483821,,,,,
Teariki Ben-Nicholas,繝い繝ｬ繧ｭ 繝ｻ繝吶Φ繝九さ繝ｩ繧ｹ,,繧ｯ繝ｪ繧ｿ繧ｦ繧ｩ繝ｼ繧ｿ繝ｼ繧ｬ繝す繝･譏ｭ蟲ｶｼ2025-26ｼ,194,113,1995.07.18,30,Kingscollege鬮俶｡,繝薙け繝医Μ繧｢螟ｧ蟄ｦ,Kingscollege 繝薙け繝医Μ繧｢螟ｧ蟄ｦ,B,22,https://league-one.jp/player/483822,,,,,
Piers Francis,繝斐い繝ｼ繧ｺ 繝ｻ繝輔Λ繝ｳ繧ｷ繧ｹ,SO,繧ｯ繝ｪ繧ｿ繧ｦ繧ｩ繝ｼ繧ｿ繝ｼ繧ｬ繝す繝･譏ｭ蟲ｶｼ2025-26ｼ,183,92,1990.06.20,35,SaintGeorge窶冱ChurchofEnglandSchool鬮俶｡,繧ｱ繝ｳ繝医き繝ｬ繝ず,SaintGeorge窶冱ChurchofEnglandSchool 繧ｱ繝ｳ繝医き繝ｬ繝ず,C,23,https://league-one.jp/player/483823,,,,,
Issa Hosoya,邏ｰ遏｢ 荳鬚ｯ,PR,繧ｯ繝ｪ繧ｿ繧ｦ繧ｩ繝ｼ繧ｿ繝ｼ繧ｬ繝す繝･譏ｭ蟲ｶｼ2025-26ｼ,173,110,2002.01.04,24,髢｢隘ｿ螟ｧ蟄ｦ蛹鈴區鬮俶｡,髢｢隘ｿ螟ｧ蟄ｦ,髢｢隘ｿ螟ｧ蟄ｦ蛹鈴區鬮俶｡ 髢｢隘ｿ螟ｧ蟄ｦ,A,7,https://league-one.jp/player/483824,,,,,
Ryo Hosomoto,邏ｰ蜈 莠ｮ,WTB,繧ｯ繝ｪ繧ｿ繧ｦ繧ｩ繝ｼ繧ｿ繝ｼ繧ｬ繝す繝･譏ｭ蟲ｶｼ2025-26ｼ,170,81,2001.06.08,24,鬮倬豪鬮俶｡,遖丞ｲ｡螟ｧ蟄ｦ,鬮倬豪鬮俶｡ 遖丞ｲ｡螟ｧ蟄ｦ,A,12,https://league-one.jp/player/483825,,,,,
Hiroki Handa,蜊顔伐 陬募ｷｱ,SO,繧ｯ繝ｪ繧ｿ繧ｦ繧ｩ繝ｼ繧ｿ繝ｼ繧ｬ繝す繝･譏ｭ蟲ｶｼ2025-26ｼ,173,84,2001.11.29,24,螟ｩ逅ｫ俶｡,霑醍柄螟ｧ蟄ｦ,螟ｩ逅ｫ俶｡ 霑醍柄螟ｧ蟄ｦ,A,11,https://league-one.jp/player/483826,,,,,
Yujin Ikezawa,豎貔､ 菴大ｰｽ,SO,繧ｯ繝ｪ繧ｿ繧ｦ繧ｩ繝ｼ繧ｿ繝ｼ繧ｬ繝す繝･譏ｭ蟲ｶｼ2025-26ｼ,180,87,2001.10.11,24,譚ｱ遖丞ｲ｡鬮俶｡,髢｢隘ｿ螟ｧ蟄ｦ,譚ｱ遖丞ｲ｡鬮俶｡ 髢｢隘ｿ螟ｧ蟄ｦ,A,3,https://league-one.jp/player/483827,,,,,
Yoji Shiina,讀主錐 閠莠,LO,繧ｯ繝ｪ繧ｿ繧ｦ繧ｩ繝ｼ繧ｿ繝ｼ繧ｬ繝す繝･譏ｭ蟲ｶｼ2025-26ｼ,180,97,2001.08.20,24,蟷募ｼｵ邱丞粋鬮俶｡,譚ｱ豬ｷ螟ｧ蟄ｦ,蟷募ｼｵ邱丞粋鬮俶｡ 譚ｱ豬ｷ螟ｧ蟄ｦ,A,14,https://league-one.jp/player/483828,,,,,
Katsuki Ishizuka,遏ｳ蝪 蜍晏ｷｱ,CTB,繧ｯ繝ｪ繧ｿ繧ｦ繧ｩ繝ｼ繧ｿ繝ｼ繧ｬ繝す繝･譏ｭ蟲ｶｼ2025-26ｼ,183,92,2001.07.06,24,譯占発蟄ｦ蝨帝ｫ俶｡,譏取ｲｻ螟ｧ蟄ｦ,譯占発蟄ｦ蝨帝ｫ俶｡ 譏取ｲｻ螟ｧ蟄ｦ,A,10,https://league-one.jp/player/483829,,,,,
Quinton Nicols,繧ｯ繧､繝ｳ繝医Φ 繝ｻ繝九さ繝ｩ繧ｹ,CTB,繧ｯ繝ｪ繧ｿ繧ｦ繧ｩ繝ｼ繧ｿ繝ｼ繧ｬ繝す繝･譏ｭ蟲ｶｼ2025-26ｼ,194,104,2002.04.16,23,繝槭え繝ｳ繝医い繝ｫ繝舌ｼ繝医げ繝ｩ繝槭ｼ繧ｫ繝ｬ鬮俶｡,,繝槭え繝ｳ繝医い繝ｫ繝舌ｼ繝医げ繝ｩ繝槭ｼ繧ｫ繝ｬ,B,1,https://league-one.jp/player/485717,,,,,
Junior Ahokovi,繧ｸ繝･繝九い 繝ｻ繧｢繝輔か繧ｳ繝,LO,繧ｯ繝ｪ繧ｿ繧ｦ繧ｩ繝ｼ繧ｿ繝ｼ繧ｬ繝す繝･譏ｭ蟲ｶｼ2025-26ｼ,196,108,2005.07.06,20,繧ｪ繝ｼ繧ｯ繝ｩ繝ｳ繝峨げ繝ｩ繝槭ｼ繧ｹ繧ｯ繝ｼ繝ｫ鬮俶｡,,繧ｪ繝ｼ繧ｯ繝ｩ繝ｳ繝峨げ繝ｩ繝槭ｼ繧ｹ繧ｯ繝ｼ繝ｫ,B,1,https://league-one.jp/player/485718,,,,,
Viliami Helu,繝ｴ繧｣繝ｪ繧｢繝 繝ｻ繝倥Ν,BR,繧ｯ繝ｪ繧ｿ繧ｦ繧ｩ繝ｼ繧ｿ繝ｼ繧ｬ繝す繝･譏ｭ蟲ｶｼ2025-26ｼ,193,107,1996.03.20,29,Monte鬮俶｡,Vista螟ｧ蟄ｦ,Monte Vista High School Saint Mary窶冱 College of Calif,C,1,https://league-one.jp/player/488097,,,,,
Sione Afemui,繧ｷ繧ｪ繝 繝ｻ繧｢繝輔ぉ繝繧､,,繧ｯ繝ｪ繧ｿ繧ｦ繧ｩ繝ｼ繧ｿ繝ｼ繧ｬ繝す繝･譏ｭ蟲ｶｼ2025-26ｼ,187,120,1999.01.30,26,繧ｻ繝ｳ繝医ヨ繝ｼ繝槭せ繧ｪ繝悶き繝ｳ繧ｿ繝吶Μ繝ｼ鬮俶｡,譛晄律螟ｧ蟄ｦ,繧ｻ繝ｳ繝医ヨ繝ｼ繝槭せ繧ｪ繝悶き繝ｳ繧ｿ繝吶Μ繝ｼ 譛晄律螟ｧ蟄ｦ,A,3,https://league-one.jp/player/488120,,,,,
Adrian Choat,繧ｨ繧､繝峨Μ繧｢繝ｳ 繝ｻ繝√Ι繧ｦ繝,FL,迢ｭ螻ｱ繧ｻ繧ｳ繝繝ｩ繧ｬ繝ヤｼ2025-26ｼ,190,100,1997.11.20,28,繝ｪ繧ｹ繝医Φ繧ｫ繝ｬ繝ず,繝ｪ繧ｹ繝医Φ螟ｧ蟄ｦ,繝ｪ繧ｹ繝医Φ繧ｫ繝ｬ繝ず 繝ｪ繧ｹ繝医Φ螟ｧ蟄ｦ,B,2,https://league-one.jp/player/484081,,,,,
Sam Slade,繧ｵ繝 繝ｻ繧ｹ繝ｬ繧､繝,LO,迢ｭ螻ｱ繧ｻ繧ｳ繝繝ｩ繧ｬ繝ヤｼ2025-26ｼ,197,116,1997.08.28,28,繝槭え繝ｳ繝医い繝ｫ繝舌ｼ繝医げ繝ｩ繝槭ｼ繧ｹ繧ｯ繝ｼ繝ｫ鬮俶｡,繧ｪ繝ｼ繧ｯ繝ｩ繝ｳ繝牙､ｧ蟄ｦ,繝槭え繝ｳ繝医い繝ｫ繝舌ｼ繝医げ繝ｩ繝槭ｼ繧ｹ繧ｯ繝ｼ繝ｫ 繧ｪ繝ｼ繧ｯ繝ｩ繝ｳ繝牙､ｧ蟄ｦ,C,2,https://league-one.jp/player/484082,,,,,
PJ Steenkamp,PJ 繝ｻ繧ｹ繝ぅ繝ｼ繝ｳ繧ｫ繝ｳ繝,LO,迢ｭ螻ｱ繧ｻ繧ｳ繝繝ｩ繧ｬ繝ヤｼ2025-26ｼ,196,117,1998.01.03,28,繝帙お繧ｹ繧ｳ繝ｼ繝ｫ繝ｻ繝鞘斐せ繝輔か繝ｳ繝う繝ｳ鬮俶｡,繝ｨ繝上リ繧ｹ繝悶Ν繧ｯ螟ｧ蟄ｦ,繝帙お繧ｹ繧ｳ繝ｼ繝ｫ繝ｻ繝鞘斐せ繝輔か繝ｳ繝う繝ｳ 繝ｨ繝上リ繧ｹ繝悶Ν繧ｯ螟ｧ蟄ｦ,B,5,https://league-one.jp/player/484083,,,,,
Tomasi Naibaruwaga,繝翫う繝舌Ν繝ｯ繧ｬ 繝医繧ｷ,WTB,迢ｭ螻ｱ繧ｻ繧ｳ繝繝ｩ繧ｬ繝ヤｼ2025-26ｼ,180,98,2002.12.29,23,遘狗伐蟾･讌ｭ鬮俶｡,螟ｩ逅､ｧ蟄ｦ,遘狗伐蟾･讌ｭ 螟ｩ逅､ｧ蟄ｦ,A,0,https://league-one.jp/player/484084,,,,,
Curtis Reid,繧ｫ繝ｼ繝ぅ繧ｹ 繝ｻ繝ｪ繝ｼ繝,CTB,迢ｭ螻ｱ繧ｻ繧ｳ繝繝ｩ繧ｬ繝ヤｼ2025-26ｼ,188,98,1994.12.11,31,繝ｭ繝ｳ繧ｰ繝吶う繧ｫ繝ｬ繝ず,繝槭ャ繧ｻ繝ｼ螟ｧ蟄ｦ,繝ｭ繝ｳ繧ｰ繝吶う繧ｫ繝ｬ繝ず 繝槭ャ繧ｻ繝ｼ螟ｧ蟄ｦ,A,0,https://league-one.jp/player/484085,,,,,
Daichi Inami,莨頑ｳ｢ 螟ｧ蝨ｰ,PR,迢ｭ螻ｱ繧ｻ繧ｳ繝繝ｩ繧ｬ繝ヤｼ2025-26ｼ,177,103,2002.10.20,23,譚ｱ豬ｷ螟ｧ逶ｸ讓｡鬮俶｡,譚ｱ豬ｷ螟ｧ蟄ｦ,譚ｱ豬ｷ螟ｧ逶ｸ讓｡鬮俶｡ 譚ｱ豬ｷ螟ｧ蟄ｦ,A,0,https://league-one.jp/player/484086,,,,,
Syoki Teranishi,蟇ｺ隘ｿ 鄙皮函,HO,迢ｭ螻ｱ繧ｻ繧ｳ繝繝ｩ繧ｬ繝ヤｼ2025-26ｼ,170,88,2002.05.21,23,蟶ｸ鄙泌ｭｦ蝨帝ｫ俶｡,螟ｩ逅､ｧ蟄ｦ,蟶ｸ鄙泌ｭｦ蝨帝ｫ俶｡ 螟ｩ逅､ｧ蟄ｦ,A,1,https://league-one.jp/player/484087,,,,,
Yuga Kawase,蟾晉ｬ 謔豐ｳ,LO,迢ｭ螻ｱ繧ｻ繧ｳ繝繝ｩ繧ｬ繝ヤｼ2025-26ｼ,188,98,2002.04.03,23,譚ｱ豬ｷ螟ｧ逶ｸ讓｡鬮俶｡,譚ｱ豬ｷ螟ｧ蟄ｦ,譚ｱ豬ｷ螟ｧ逶ｸ讓｡鬮俶｡ 譚ｱ豬ｷ螟ｧ蟄ｦ,A,0,https://league-one.jp/player/484088,,,,,
Ryunosuke Fujiwara,阯､蜴 遶應ｹ倶ｸ,WTB,迢ｭ螻ｱ繧ｻ繧ｳ繝繝ｩ繧ｬ繝ヤｼ2025-26ｼ,169,73,2002.10.10,23,譌･譛ｬ闊ｪ遨ｺ遏ｳ蟾晞ｫ俶｡,螟ｩ逅､ｧ蟄ｦ,譌･譛ｬ闊ｪ遨ｺ遏ｳ蟾晞ｫ俶｡ 螟ｩ逅､ｧ蟄ｦ,A,4,https://league-one.jp/player/484089,,,,,
Ikki Morimoto,譽ｮ蜈 荳豌,FL,迢ｭ螻ｱ繧ｻ繧ｳ繝繝ｩ繧ｬ繝ヤｼ2025-26ｼ,169,93,2002.10.22,23,蟆ｾ驕馴ｫ俶｡,蟶昜ｺｬ螟ｧ蟄ｦ,蟆ｾ驕馴ｫ俶｡ 蟶昜ｺｬ螟ｧ蟄ｦ,A,1,https://league-one.jp/player/484090,,,,,
Chase Tiatia,繝√ぉ繧､繧ｹ 繝ｻ繝ぅ繧｢繝ぅ繧｢,FB,迢ｭ螻ｱ繧ｻ繧ｳ繝繝ｩ繧ｬ繝ヤｼ2025-26ｼ,181,102,1995.10.14,30,St繝代ヨ繝ｪ繝け繧ｫ繝ｬ繝ず繝ｻ繧ｷ繝ｫ繝舌ｼ繧ｹ繝医Μ繝ｼ繝鬮俶｡,,St繝代ヨ繝ｪ繝け繧ｫ繝ｬ繝ず繝ｻ繧ｷ繝ｫ繝舌ｼ繧ｹ繝医Μ繝ｼ繝,B,18,https://league-one.jp/player/484091,,,,,
Daniel Waite,繝繝九お繝ｫ 繝ｻ繧ｦ繧ｧ繧､繝,SO,迢ｭ螻ｱ繧ｻ繧ｳ繝繝ｩ繧ｬ繝ヤｼ2025-26ｼ,181,92,1996.04.08,29,繝九Η繝ｼ繝励Μ繝槭せ繝ｻ繝懊ｼ繧､繧ｺ鬮俶｡,,繝九Η繝ｼ繝励Μ繝槭せ繝ｻ繝懊ｼ繧､繧ｺ鬮俶｡,B,11,https://league-one.jp/player/484092,,,,,
Whetukamokamo Douglas,繝輔ぉ繝医ぇ繧ｫ繝｢繧ｫ繝｢ 繝ｻ繝繧ｰ繝ｩ繧ｹ,FL,迢ｭ螻ｱ繧ｻ繧ｳ繝繝ｩ繧ｬ繝ヤｼ2025-26ｼ,191,111,1991.04.18,34,繧ｮ繧ｺ繝懊ｼ繝ｳ鬮俶｡,繝ｯ繧､繧ｫ繝亥､ｧ蟄ｦ,繧ｮ繧ｺ繝懊ｼ繝ｳ鬮俶｡ 繝ｯ繧､繧ｫ繝亥､ｧ蟄ｦ,A,48,https://league-one.jp/player/484093,,,,,
TJ Faiane,繝ぅ繧ｸ繧ｧ繧､ 繝ｻ繝輔ぃ繧､繧｢繝,CTB,迢ｭ螻ｱ繧ｻ繧ｳ繝繝ｩ繧ｬ繝ヤｼ2025-26ｼ,180,95,1995.08.24,30,繧ｻ繝ｳ繝医こ繝ｳ繝ぅ繧ｬ繝ｳ鬮俶｡,,繧ｻ繝ｳ繝医こ繝ｳ繝ぅ繧ｬ繝ｳ鬮俶｡,B,15,https://league-one.jp/player/484094,,,,,
Troy Callander,繝医Ο繧､ 繝ｻ繧ｫ繝ｬ繝ｳ繝繝ｼ,LO,迢ｭ螻ｱ繧ｻ繧ｳ繝繝ｩ繧ｬ繝ヤｼ2025-26ｼ,198,111,1994.12.27,31,繧ｪ繧ｿ繧ｴ繝懊ｼ繧､繧ｺ鬮俶｡,,繧ｪ繧ｿ繧ｴ繝懊ｼ繧､繧ｺ鬮俶｡,A,17,https://league-one.jp/player/484095,,,,,
Kazuki Ikemura,豎譚 蜀ｬ邏,CTB,迢ｭ螻ｱ繧ｻ繧ｳ繝繝ｩ繧ｬ繝ヤｼ2025-26ｼ,178,91,2002.01.11,23,蟾晏哨鬮俶｡,螻ｱ譴ｨ蟄ｦ髯｢螟ｧ蟄ｦ,蟾晏哨鬮俶｡ 螻ｱ譴ｨ蟄ｦ髯｢螟ｧ蟄ｦ,A,0,https://league-one.jp/player/484096,,,,,
Motoki Kaneko,驥大ｭ 蜈ｴ,PR,迢ｭ螻ｱ繧ｻ繧ｳ繝繝ｩ繧ｬ繝ヤｼ2025-26ｼ,180,116,2001.03.21,24,蟾晏哨鬮俶｡,遶区ｭ｣螟ｧ蟄ｦ,蟾晏哨鬮俶｡ 遶区ｭ｣螟ｧ蟄ｦ,A,11,https://league-one.jp/player/484097,,,,,
Minato Jinnouchi,髯｣蜀 貅先沫,HO,迢ｭ螻ｱ繧ｻ繧ｳ繝繝ｩ繧ｬ繝ヤｼ2025-26ｼ,162,92,2001.02.10,24,蟆ｾ驕馴ｫ俶｡,遶区ｭ｣螟ｧ蟄ｦ,蟆ｾ驕馴ｫ俶｡ 遶区ｭ｣螟ｧ蟄ｦ,A,1,https://league-one.jp/player/484098,,,,,
Keito Tahara,逕ｰ蜴 諷ｶ莠ｺ,SH,迢ｭ螻ｱ繧ｻ繧ｳ繝繝ｩ繧ｬ繝ヤｼ2025-26ｼ,163,70,2000.06.25,25,遏ｳ隕区匱鄙鬢ｨ鬮俶｡,霑醍柄螟ｧ蟄ｦ,遏ｳ隕区匱鄙鬢ｨ鬮俶｡ 霑醍柄螟ｧ蟄ｦ,A,1,https://league-one.jp/player/484099,,,,,
Yosuke Okuma,螟ｧ辭 髯ｽ莉,FL,迢ｭ螻ｱ繧ｻ繧ｳ繝繝ｩ繧ｬ繝ヤｼ2025-26ｼ,180,96,1998.04.29,27,蝨句ｭｸ髯｢譬惠鬮俶｡,蜷悟ｿ礼､ｾ螟ｧ蟄ｦ,蝨句ｭｸ髯｢譬惠鬮俶｡ 蜷悟ｿ礼､ｾ螟ｧ蟄ｦ,A,6,https://league-one.jp/player/484100,,,,,
Riku Mizuno,豌ｴ驥 髯ｸ,WTB,迢ｭ螻ｱ繧ｻ繧ｳ繝繝ｩ繧ｬ繝ヤｼ2025-26ｼ,175,86,2001.12.21,24,譚ｱ莠ｬ鬮俶｡,荳ｭ螟ｮ螟ｧ蟄ｦ,譚ｱ莠ｬ鬮俶｡ 荳ｭ螟ｮ螟ｧ蟄ｦ,A,2,https://league-one.jp/player/484101,,,,,
Tatsuki Kanza,逾槫ｺｧ 遶区ｨｹ,WTB,迢ｭ螻ｱ繧ｻ繧ｳ繝繝ｩ繧ｬ繝ヤｼ2025-26ｼ,178,85,1998.04.25,27,蟆ゆｿｮ螟ｧ蟄ｦ譚ｾ謌ｸ鬮俶｡,蟶昜ｺｬ螟ｧ蟄ｦ,蟆ゆｿｮ螟ｧ蟄ｦ譚ｾ謌ｸ鬮俶｡ 蟶昜ｺｬ螟ｧ蟄ｦ,A,9,https://league-one.jp/player/484102,,,,,
Koki Iida,鬟ｯ逕ｰ 蜈臥ｴ,FL,迢ｭ螻ｱ繧ｻ繧ｳ繝繝ｩ繧ｬ繝ヤｼ2025-26ｼ,168,85,1999.09.30,26,譌･蟾晞ｫ俶｡,譌･譛ｬ螟ｧ蟄ｦ,譌･蟾晞ｫ俶｡ 譌･譛ｬ螟ｧ蟄ｦ,A,12,https://league-one.jp/player/484103,,,,,
Ash Paker,繝代ｼ繧ｫ繝ｼ 繧｢繝す繝･,,迢ｭ螻ｱ繧ｻ繧ｳ繝繝ｩ繧ｬ繝ヤｼ2025-26ｼ,187,108,1988.11.01,37,繧ｻ繝ｳ繝医ヰ繝ｼ繝翫ｼ繝蛾ｫ俶｡,繝薙け繝医Μ繧｢螟ｧ蟄ｦ,繧ｻ繝ｳ繝医ヰ繝ｼ繝翫ｼ繝蛾ｫ俶｡ 繝薙け繝医Μ繧｢螟ｧ蟄ｦ,A,27,https://league-one.jp/player/484104,,,,,
Naoto Shirakawa,逋ｽ蟾 逶ｴ莠ｺ,PR,迢ｭ螻ｱ繧ｻ繧ｳ繝繝ｩ繧ｬ繝ヤｼ2025-26ｼ,174,108,1996.11.22,29,譯るｫ俶｡,譌･譛ｬ螟ｧ蟄ｦ,譯るｫ俶｡ 譌･譛ｬ螟ｧ蟄ｦ,A,12,https://league-one.jp/player/484105,,,,,
Kentaro Ueno,荳企㍽ 諡ｳ螟ｪ驛,PR,迢ｭ螻ｱ繧ｻ繧ｳ繝繝ｩ繧ｬ繝ヤｼ2025-26ｼ,169,106,1994.05.10,31,譌･螟ｧ阯､豐｢鬮俶｡,譌･譛ｬ菴楢ご螟ｧ蟄ｦ,譌･螟ｧ阯､豐｢鬮俶｡ 譌･譛ｬ菴楢ご螟ｧ蟄ｦ,A,19,https://league-one.jp/player/484106,,,,,
Haruya Nakasu,荳ｭ豢ｲ 譎ｴ髯ｽ,CTB,迢ｭ螻ｱ繧ｻ繧ｳ繝繝ｩ繧ｬ繝ヤｼ2025-26ｼ,174,88,2000.01.10,25,遲醍ｴｫ鬮俶｡,霑醍柄螟ｧ蟄ｦ,遲醍ｴｫ鬮俶｡ 霑醍柄螟ｧ蟄ｦ,A,18,https://league-one.jp/player/484107,,,,,
Yudai Ishii,遏ｳ莠 髮､ｧ,FB,迢ｭ螻ｱ繧ｻ繧ｳ繝繝ｩ繧ｬ繝ヤｼ2025-26ｼ,171,78,1997.02.26,28,蝨句ｭｸ髯｢譬惠鬮俶｡,譏取ｲｻ螟ｧ蟄ｦ,蝨句ｭｸ髯｢譬惠鬮俶｡ 譏取ｲｻ螟ｧ蟄ｦ,A,8,https://league-one.jp/player/484108,,,,,
Sotaro Tanaka,逕ｰ荳ｭ 蜑ｵ螟ｪ驛,PR,迢ｭ螻ｱ繧ｻ繧ｳ繝繝ｩ繧ｬ繝ヤｼ2025-26ｼ,175,108,2001.10.29,24,蝨句ｭｸ髯｢荵⒧螻ｱ鬮俶｡,髱貞ｱｱ蟄ｦ髯｢螟ｧ蟄ｦ,蝨句ｭｸ髯｢荵⒧螻ｱ鬮俶｡ 髱貞ｱｱ蟄ｦ髯｢螟ｧ蟄ｦ,A,4,https://league-one.jp/player/484109,,,,,
Yoshihiro Noguchi,驥主哨 螳懆｣,WTB,迢ｭ螻ｱ繧ｻ繧ｳ繝繝ｩ繧ｬ繝ヤｼ2025-26ｼ,169,71,1994.12.26,31,譌ｩ遞ｲ逕ｰ鞫る匏鬮俶｡,蟆ゆｿｮ螟ｧ蟄ｦ,譌ｩ遞ｲ逕ｰ鞫る匏鬮俶｡ 蟆ゆｿｮ螟ｧ蟄ｦ,A,2,https://league-one.jp/player/484110,,,,,
Fugo Takada,鬮,HO,迢ｭ螻ｱ繧ｻ繧ｳ繝繝ｩ繧ｬ繝ヤｼ2025-26ｼ,174,102,1999.06.01,26,譯占発蟄ｦ蝨帝ｫ俶｡,遲第ｳ｢螟ｧ蟄ｦ,譯占発蟄ｦ蝨帝ｫ俶｡ 遲第ｳ｢螟ｧ蟄ｦ,A,1,https://league-one.jp/player/484128,,,,,
Eito Tsutsumi,蝣､ 闍ｱ逋ｻ,SH,迢ｭ螻ｱ繧ｻ繧ｳ繝繝ｩ繧ｬ繝ヤｼ2025-26ｼ,163,68,1997.06.19,28,菴占ｳ蟾･讌ｭ鬮俶｡,譌･譛ｬ菴楢ご螟ｧ蟄ｦ,菴占ｳ蟾･讌ｭ鬮俶｡ 譌･譛ｬ菴楢ご螟ｧ蟄ｦ,A,12,https://league-one.jp/player/484112,,,,,
Fisipuna Tuiaki,繝輔ぅ繧ｷ繝励リ 繝ｻ繝医ぇ繧､繧｢繧ｭ,CTB,迢ｭ螻ｱ繧ｻ繧ｳ繝繝ｩ繧ｬ繝ヤｼ2025-26ｼ,188,108,1995.01.23,30,譌･譛ｬ闊ｪ遨ｺ遏ｳ蟾晞ｫ俶｡,螟ｩ逅､ｧ蟄ｦ,譌･譛ｬ闊ｪ遨ｺ遏ｳ蟾晞ｫ俶｡ 螟ｩ逅､ｧ蟄ｦ,A,20,https://league-one.jp/player/484113,,,,,
Shogo Murakami,譚台ｸ 鄙疲｢ｧ,PR,迢ｭ螻ｱ繧ｻ繧ｳ繝繝ｩ繧ｬ繝ヤｼ2025-26ｼ,178,113,1996.08.01,29,譁ｰ逕ｰ鬮俶｡,遶区ｭ｣螟ｧ蟄ｦ,譁ｰ逕ｰ鬮俶｡ 遶区ｭ｣螟ｧ蟄ｦ,A,4,https://league-one.jp/player/484114,,,,,
Yuki Tsujioka,霎ｻ蟯｡ 蜆ｪ蟶,FL,迢ｭ螻ｱ繧ｻ繧ｳ繝繝ｩ繧ｬ繝ヤｼ2025-26ｼ,182,98,2001.07.26,24,蜥梧ｭ悟ｱｱ蟾･讌ｭ鬮俶｡,螟ｧ譚ｱ譁㍾喧螟ｧ蟄ｦ,蜥梧ｭ悟ｱｱ蟾･讌ｭ鬮俶｡ 螟ｧ譚ｱ譁㍾喧螟ｧ蟄ｦ,A,4,https://league-one.jp/player/484115,,,,,
Tatsuki Tanina,隹ｷ蜷 讓ｹ,HO,迢ｭ螻ｱ繧ｻ繧ｳ繝繝ｩ繧ｬ繝ヤｼ2025-26ｼ,175,98,2000.08.20,25,蟒ｶ蟯｡譏滄峇鬮俶｡,譚ｱ豢句､ｧ蟄ｦ,蟒ｶ蟯｡譏滄峇鬮俶｡ 譚ｱ豢句､ｧ蟄ｦ,A,17,https://league-one.jp/player/484116,,,,,
Kosei Kanda,逾樒伐 蠎ｷ逕,LO,迢ｭ螻ｱ繧ｻ繧ｳ繝繝ｩ繧ｬ繝ヤｼ2025-26ｼ,194,105,2001.04.27,24,鮖ｿ蜈仙ｳｶ蟾･讌ｭ鬮俶｡,豬夂ｵ梧ｸ亥､ｧ蟄ｦ,鮖ｿ蜈仙ｳｶ蟾･讌ｭ鬮俶｡ 豬夂ｵ梧ｸ亥､ｧ蟄ｦ,A,0,https://league-one.jp/player/484117,,,,,
Kaito Sugahara,闖⒦次 豬ｷ莠ｺ,SO,迢ｭ螻ｱ繧ｻ繧ｳ繝繝ｩ繧ｬ繝ヤｼ2025-26ｼ,171,83,2000.08.21,25,莠ｬ驛ｽ蟾･蟄ｦ髯｢鬮俶｡,蟶昜ｺｬ螟ｧ蟄ｦ,莠ｬ驛ｽ蟾･蟄ｦ髯｢鬮俶｡ 蟶昜ｺｬ螟ｧ蟄ｦ,A,2,https://league-one.jp/player/484118,,,,,
Shota Okuno,螂･驥 鄙泌､ｪ,HO,迢ｭ螻ｱ繧ｻ繧ｳ繝繝ｩ繧ｬ繝ヤｼ2025-26ｼ,177,101,2000.01.15,25,蟶ｸ鄙泌ｭｦ蝨帝ｫ俶｡,蟶昜ｺｬ螟ｧ蟄ｦ,蟶ｸ鄙泌ｭｦ蝨帝ｫ俶｡ 蟶昜ｺｬ螟ｧ蟄ｦ,A,18,https://league-one.jp/player/484119,,,,,
Ryusuke Yamamoto,螻ｱ譛ｬ 鮴堺ｺｮ,FL,迢ｭ螻ｱ繧ｻ繧ｳ繝繝ｩ繧ｬ繝ヤｼ2025-26ｼ,179,97,1998.06.22,27,譯占発蟄ｦ蝨帝ｫ俶｡,譏取ｲｻ螟ｧ蟄ｦ,譯占発蟄ｦ蝨帝ｫ俶｡ 譏取ｲｻ螟ｧ蟄ｦ,A,2,https://league-one.jp/player/484120,,,,,
Shota Kutsuna,蠢ｽ驍｣ 髏伜､ｪ,SO,迢ｭ螻ｱ繧ｻ繧ｳ繝繝ｩ繧ｬ繝ヤｼ2025-26ｼ,180,86,1997.03.19,28,遏ｳ隕区匱鄙鬢ｨ鬮俶｡,譏取ｲｻ螟ｧ蟄ｦ,遏ｳ隕区匱鄙鬢ｨ鬮俶｡ 譏取ｲｻ螟ｧ蟄ｦ,A,12,https://league-one.jp/player/484121,,,,,
Kazuki Asakura,譛晏 荳遞,LO,迢ｭ螻ｱ繧ｻ繧ｳ繝繝ｩ繧ｬ繝ヤｼ2025-26ｼ,184,107,1994.08.06,31,蟷ｳ蝪壼ｭｦ蝨帝ｫ俶｡,蝗ｽ螢ｫ闊伜､ｧ蟄ｦ,蟷ｳ蝪壼ｭｦ蝨帝ｫ俶｡ 蝗ｽ螢ｫ闊伜､ｧ蟄ｦ,A,5,https://league-one.jp/player/484122,,,,,
Yushi Okuda,螂･逕ｰ 蜍㍾ｿ,WTB,迢ｭ螻ｱ繧ｻ繧ｳ繝繝ｩ繧ｬ繝ヤｼ2025-26ｼ,176,84,2001.10.05,24,譁ｰ貎溷ｷ･讌ｭ鬮俶｡,諡捺ｮ門､ｧ蟄ｦ,譁ｰ貎溷ｷ･讌ｭ鬮俶｡ 諡捺ｮ門､ｧ蟄ｦ,A,15,https://league-one.jp/player/484124,,,,,
Kanta Noguchi,驥主哨 蟷ｹ螟ｪ,FB,迢ｭ螻ｱ繧ｻ繧ｳ繝繝ｩ繧ｬ繝ヤｼ2025-26ｼ,175,82,1999.09.25,26,譚ｱ莠ｬ鬮俶｡,譚ｱ豬ｷ螟ｧ蟄ｦ,譚ｱ莠ｬ鬮俶｡ 譚ｱ豬ｷ螟ｧ蟄ｦ,A,0,https://league-one.jp/player/484125,,,,,
Kento Mizutani,豌ｴ隹ｷ 蛛･莠ｺ,FL,迢ｭ螻ｱ繧ｻ繧ｳ繝繝ｩ繧ｬ繝ヤｼ2025-26ｼ,183,99,1997.11.12,28,遘狗伐蟾･讌ｭ鬮俶｡,蟶昜ｺｬ螟ｧ蟄ｦ,遘狗伐蟾･讌ｭ鬮俶｡ 蟶昜ｺｬ螟ｧ蟄ｦ,A,19,https://league-one.jp/player/484126,,,,,
Tatsuya Hayashi,譫 霎ｰ蜩,CTB,迢ｭ螻ｱ繧ｻ繧ｳ繝繝ｩ繧ｬ繝ヤｼ2025-26ｼ,170,84,2000.05.19,25,遏ｳ隕区匱鄙鬢ｨ鬮俶｡,諡捺ｮ門､ｧ蟄ｦ,遏ｳ隕区匱鄙鬢ｨ鬮俶｡ 諡捺ｮ門､ｧ蟄ｦ,A,0,https://league-one.jp/player/484127,,,,,
Ayumu Sawada,貔､逕ｰ 豁ｩ豁ｦ,CTB,迢ｭ螻ｱ繧ｻ繧ｳ繝繝ｩ繧ｬ繝ヤｼ2025-26ｼ,166,80,1996.08.04,29,蟆ゆｿｮ螟ｧ蟄ｦ莉伜ｱ樣ｫ俶｡,蟆ゆｿｮ螟ｧ蟄ｦ,蟆ゆｿｮ螟ｧ蟄ｦ莉伜ｱ樣ｫ俶｡ 蟆ゆｿｮ螟ｧ蟄ｦ,A,7,https://league-one.jp/player/484129,,,,,
Shoki Morimoto,譽ｮ蜈 鄙皮ｴ,CTB,迢ｭ螻ｱ繧ｻ繧ｳ繝繝ｩ繧ｬ繝ヤｼ2025-26ｼ,167,85,2000.08.09,25,蝣ｱ蠕ｳ蟄ｦ蝨帝ｫ俶｡,霑醍柄螟ｧ蟄ｦ,蝣ｱ蠕ｳ蟄ｦ蝨帝ｫ俶｡ 霑醍柄螟ｧ蟄ｦ,A,7,https://league-one.jp/player/484130,,,,,
Ryoutaro Shimizu,貂⒧ｰｴ 濶ｯ螟ｪ驛,SH,迢ｭ螻ｱ繧ｻ繧ｳ繝繝ｩ繧ｬ繝ヤｼ2025-26ｼ,168,75,2001.11.18,24,譚ｱ莠ｬ鬮俶｡,譚ｱ豢句､ｧ蟄ｦ,譚ｱ莠ｬ鬮俶｡ 譚ｱ豢句､ｧ蟄ｦ,A,0,https://league-one.jp/player/484131,,,,,
Makoto Kurata,蛟臥伐 逵,PR,迢ｭ螻ｱ繧ｻ繧ｳ繝繝ｩ繧ｬ繝ヤｼ2025-26ｼ,176,113,2000.09.06,25,莠ｬ驛ｽ謌千ｫ鬮俶｡,譏取ｲｻ螟ｧ蟄ｦ,莠ｬ驛ｽ謌千ｫ鬮俶｡ 譏取ｲｻ螟ｧ蟄ｦ,A,5,https://league-one.jp/player/484132,,,,,
Tomoya Haraguti,蜴溷哨 譎ｺ荵,CTB,迢ｭ螻ｱ繧ｻ繧ｳ繝繝ｩ繧ｬ繝ヤｼ2025-26ｼ,170,84,1997.11.04,28,菴宣㍽譌･螟ｧ鬮俶｡,遶句多鬢ｨ螟ｧ蟄ｦ,菴宣㍽譌･螟ｧ鬮俶｡ 遶句多鬢ｨ螟ｧ蟄ｦ,A,0,https://league-one.jp/player/484133,,,,,
Kanaru Takahashi,鬮俶ｩ 鬥呎,SH,迢ｭ螻ｱ繧ｻ繧ｳ繝繝ｩ繧ｬ繝ヤｼ2025-26ｼ,168,75,1996.09.01,29,譚ｱ豬ｷ螟ｧ逶ｸ讓｡鬮俶｡,譚ｱ豬ｷ螟ｧ蟄ｦ,譚ｱ豬ｷ螟ｧ逶ｸ讓｡鬮俶｡ 譚ｱ豬ｷ螟ｧ蟄ｦ,A,8,https://league-one.jp/player/484134,,,,,
Itsuki Fujii,阯､莠 讓ｹ,LO,迢ｭ螻ｱ繧ｻ繧ｳ繝繝ｩ繧ｬ繝ヤｼ2025-26ｼ,181,103,1995.07.09,30,譌･譛ｬ螟ｧ蟄ｦ鬮俶｡,蟶昜ｺｬ螟ｧ蟄ｦ,譌･譛ｬ螟ｧ蟄ｦ鬮俶｡ 蟶昜ｺｬ螟ｧ蟄ｦ,A,12,https://league-one.jp/player/484135,,,,,
Toshiki Sato,菴占陸 菫願ｼ,PR,迢ｭ螻ｱ繧ｻ繧ｳ繝繝ｩ繧ｬ繝ヤｼ2025-26ｼ,171,105,1997.02.19,28,譏悟ｹｳ鬮俶｡,蝨句ｭｸ髯｢螟ｧ螟ｧ蟄ｦ,譏悟ｹｳ鬮俶｡ 蝨句ｭｸ髯｢螟ｧ,A,15,https://league-one.jp/player/484136,,,,,
Musashi Matsuda,譚ｾ逕ｰ 豁ｦ阡ｵ,WTB,迢ｭ螻ｱ繧ｻ繧ｳ繝繝ｩ繧ｬ繝ヤｼ2025-26ｼ,170,77,2000.08.24,25,繝ｭ繝医Ν繧｢繝ｻ繝懊ｼ繧､繧ｺ鬮俶｡,螟ｧ譚ｱ譁㍾喧螟ｧ蟄ｦ,繝ｭ繝医Ν繧｢繝ｻ繝懊ｼ繧､繧ｺ鬮俶｡ 螟ｧ譚ｱ譁㍾喧螟ｧ蟄ｦ,A,6,https://league-one.jp/player/484137,,,,,
Takehiro Kimura,譛ｨ譚 蜍㍾､ｧ,FL,荳ｭ蝗ｽ髮ｻ蜉帙Ξ繝ラ繝ｬ繧ｰ繝ｪ繧ｪ繝ｳ繧ｺｼ2025-26ｼ,188,100,1992.11.11,33,驛ｽ蟲ｶ蟾･讌ｭ鬮俶｡,霑醍柄螟ｧ蟄ｦ,驛ｽ蟲ｶ蟾･讌ｭ 霑醍柄螟ｧ蟄ｦ,A,12,https://league-one.jp/player/484254,,,,,
Taiyou Kubo,荵⒥ｿ 螟ｪ髯ｽ,,荳ｭ蝗ｽ髮ｻ蜉帙Ξ繝ラ繝ｬ繧ｰ繝ｪ繧ｪ繝ｳ繧ｺｼ2025-26ｼ,180,105,2002.11.05,23,蝣ｱ蠕ｳ蟄ｦ蝨帝ｫ俶｡,蜷悟ｿ礼､ｾ螟ｧ蟄ｦ,蝣ｱ蠕ｳ蟄ｦ蝨帝ｫ俶｡ 蜷悟ｿ礼､ｾ螟ｧ蟄ｦ,A,0,https://league-one.jp/player/484255,,,,,
Hayato Fukumoto,遖乗悽 鬚ｯ鄙,SH,荳ｭ蝗ｽ髮ｻ蜉帙Ξ繝ラ繝ｬ繧ｰ繝ｪ繧ｪ繝ｳ繧ｺｼ2025-26ｼ,166,72,2002.07.16,23,譚ｱ豬ｷ螟ｧ螟ｧ髦ｪ莉ｰ譏滄ｫ俶｡,遶句多鬢ｨ螟ｧ蟄ｦ,譚ｱ豬ｷ螟ｧ螟ｧ髦ｪ莉ｰ譏滄ｫ俶｡ 遶句多鬢ｨ螟ｧ蟄ｦ,A,2,https://league-one.jp/player/484256,,,,,
Kaen Hirano,蟷ｳ驥 蜿ｶ闍,HO,荳ｭ蝗ｽ髮ｻ蜉帙Ξ繝ラ繝ｬ繧ｰ繝ｪ繧ｪ繝ｳ繧ｺｼ2025-26ｼ,175,100,2002.07.18,23,蜷榊商螻句ｸらｫ玖･ｿ髯ｵ鬮俶｡,莠ｬ驛ｽ逕｣讌ｭ螟ｧ蟄ｦ,蜷榊商螻句ｸらｫ玖･ｿ髯ｵ鬮俶｡ 莠ｬ驛ｽ逕｣讌ｭ螟ｧ蟄ｦ,A,2,https://league-one.jp/player/484257,,,,,
Kenji Nigara,莠碁㍾ 雉｢豐ｻ,PR,荳ｭ蝗ｽ髮ｻ蜉帙Ξ繝ラ繝ｬ繧ｰ繝ｪ繧ｪ繝ｳ繧ｺｼ2025-26ｼ,178,103,2002.07.24,23,螟ｩ逅ｫ俶｡,遲第ｳ｢螟ｧ蟄ｦ,螟ｩ逅ｫ俶｡ 遲第ｳ｢螟ｧ蟄ｦ,A,0,https://league-one.jp/player/484258,,,,,
Sebasstian Sialau,繧ｻ繝舌せ繝√Ε繝ｳ 繝ｻ繧ｷ繧｢繝ｩ繧ｦ,SO,荳ｭ蝗ｽ髮ｻ蜉帙Ξ繝ラ繝ｬ繧ｰ繝ｪ繧ｪ繝ｳ繧ｺｼ2025-26ｼ,180,88,2003.12.20,22,繝医ぇ繧ｦ繝ｳ繝先枚豕募ｭｦ譬｡,,繝医ぇ繧ｦ繝ｳ繝先枚豕募ｭｦ譬｡,B,13,https://league-one.jp/player/484259,,,,,
Connor Anderson,繧ｳ繝翫ｼ 繝ｻ繧｢繝ｳ繝繝ｼ繧ｽ繝ｳ,FL,荳ｭ蝗ｽ髮ｻ蜉帙Ξ繝ラ繝ｬ繧ｰ繝ｪ繧ｪ繝ｳ繧ｺｼ2025-26ｼ,191,103,1996.05.13,29,繝悶Μ繧ｺ繝吶Φ蟾樒ｫ矩ｫ倡ｭ牙ｭｦ譬｡,,繝悶Μ繧ｺ繝吶Φ蟾樒ｫ矩ｫ倡ｭ牙ｭｦ譬｡,B,8,https://league-one.jp/player/484260,,,,,
Taiki Washiya,鮃ｲ隹ｷ 螟ｪ蟶,LO,荳ｭ蝗ｽ髮ｻ蜉帙Ξ繝ラ繝ｬ繧ｰ繝ｪ繧ｪ繝ｳ繧ｺｼ2025-26ｼ,188,100,2000.05.08,25,螟ｩ逅ｫ俶｡,譌･譛ｬ螟ｧ蟄ｦ,螟ｩ逅ｫ俶｡ 譌･譛ｬ螟ｧ蟄ｦ,A,3,https://league-one.jp/player/484261,,,,,
Hayato Miyazaki,螳ｮ蠏 髫ｼ莠ｺ,SO,荳ｭ蝗ｽ髮ｻ蜉帙Ξ繝ラ繝ｬ繧ｰ繝ｪ繧ｪ繝ｳ繧ｺｼ2025-26ｼ,172,84,2000.07.24,25,蝣ｱ蠕ｳ蟄ｦ蝨帝ｫ俶｡,遶句多鬢ｨ螟ｧ蟄ｦ,蝣ｱ蠕ｳ蟄ｦ蝨 遶句多鬢ｨ螟ｧ蟄ｦ,A,19,https://league-one.jp/player/484262,,,,,
Kennta Kitayama,蛹怜ｱｱ 邨｢螟ｧ,WTB,荳ｭ蝗ｽ髮ｻ蜉帙Ξ繝ラ繝ｬ繧ｰ繝ｪ繧ｪ繝ｳ繧ｺｼ2025-26ｼ,170,80,2000.10.30,25,譚ｱ豬ｷ螟ｧ莉ｰ譏滄ｫ俶｡,莠ｬ驛ｽ逕｣讌ｭ螟ｧ蟄ｦ,譚ｱ豬ｷ螟ｧ莉ｰ譏滄ｫ俶｡ 莠ｬ驛ｽ逕｣讌ｭ螟ｧ蟄ｦ,A,13,https://league-one.jp/player/484263,,,,,
Syougo Azuma,譚ｱ 蟆誓,CTB,荳ｭ蝗ｽ髮ｻ蜉帙Ξ繝ラ繝ｬ繧ｰ繝ｪ繧ｪ繝ｳ繧ｺｼ2025-26ｼ,176,86,2000.10.18,25,闃ｦ螻句ｭｦ蝨帝ｫ俶｡,鞫ょ漉螟ｧ蟄ｦ,闃ｦ螻句ｭｦ蝨帝ｫ俶｡ 鞫ょ漉螟ｧ蟄ｦ,A,22,https://league-one.jp/player/484264,,,,,
Shintaro Matsuda,譚ｾ逕ｰ 騾ｲ螟ｪ驛,FL,荳ｭ蝗ｽ髮ｻ蜉帙Ξ繝ラ繝ｬ繧ｰ繝ｪ繧ｪ繝ｳ繧ｺｼ2025-26ｼ,175,95,1999.05.23,26,莠ｬ驛ｽ謌千ｫ鬮俶｡,髢｢隘ｿ蟄ｦ髯｢螟ｧ蟄ｦ,莠ｬ驛ｽ謌千ｫ鬮俶｡ 髢｢隘ｿ蟄ｦ髯｢螟ｧ蟄ｦ,A,36,https://league-one.jp/player/484265,,,,,
Kentarou Fujii,阯､莠 蛛･螟ｪ驛,WTB,荳ｭ蝗ｽ髮ｻ蜉帙Ξ繝ラ繝ｬ繧ｰ繝ｪ繧ｪ繝ｳ繧ｺｼ2025-26ｼ,179,90,2000.01.17,25,莨剰ｦ句ｷ･讌ｭ鬮俶｡,遶句多鬢ｨ螟ｧ蟄ｦ,莨剰ｦ句ｷ･讌ｭ 遶句多鬢ｨ螟ｧ蟄ｦ,A,41,https://league-one.jp/player/484266,,,,,
Shinnya Hirayama,蟷ｳ螻ｱ 逵滉ｹ,CTB,荳ｭ蝗ｽ髮ｻ蜉帙Ξ繝ラ繝ｬ繧ｰ繝ｪ繧ｪ繝ｳ繧ｺｼ2025-26ｼ,177,92,1999.10.08,26,譚ｱ遖丞ｲ｡鬮俶｡,遖丞ｲ｡蟾･讌ｭ螟ｧ蟄ｦ,譚ｱ遖丞ｲ｡鬮俶｡ 遖丞ｲ｡蟾･讌ｭ螟ｧ蟄ｦ,A,36,https://league-one.jp/player/484267,,,,,
Tomonari Aoki,髱呈惠 譎ｺ謌,LO,荳ｭ蝗ｽ髮ｻ蜉帙Ξ繝ラ繝ｬ繧ｰ繝ｪ繧ｪ繝ｳ繧ｺｼ2025-26ｼ,189,104,1998.05.09,27,譚ｱ莠ｬ鬮俶｡,荳ｭ螟ｮ螟ｧ蟄ｦ,譚ｱ莠ｬ鬮俶｡ 荳ｭ螟ｮ螟ｧ蟄ｦ,A,29,https://league-one.jp/player/484268,,,,,
Hashizou Yoshida,蜷臥伐 讖玖鳩,SO,荳ｭ蝗ｽ髮ｻ蜉帙Ξ繝ラ繝ｬ繧ｰ繝ｪ繧ｪ繝ｳ繧ｺｼ2025-26ｼ,177,85,1997.12.20,28,蠕ｳ蟲ｶ蝓主圏鬮俶｡,譌･譛ｬ螟ｧ蟄ｦ,蠕ｳ蟲ｶ蝓主圏鬮俶｡ 譌･譛ｬ螟ｧ蟄ｦ,A,41,https://league-one.jp/player/484269,,,,,
Riki Yamaguchi,螻ｱ蜿｣ 闔芽ｼ,PR,荳ｭ蝗ｽ髮ｻ蜉帙Ξ繝ラ繝ｬ繧ｰ繝ｪ繧ｪ繝ｳ繧ｺｼ2025-26ｼ,180,112,1999.02.14,26,髟ｷ蟠主圏髯ｽ蜿ｰ鬮俶｡,蟶昜ｺｬ螟ｧ蟄ｦ,髟ｷ蟠主圏髯ｽ蜿ｰ鬮俶｡ 蟶昜ｺｬ螟ｧ蟄ｦ,A,17,https://league-one.jp/player/484270,,,,,
Kota Moriyama,譽ｮ螻ｱ 逧灘､ｪ,FL,荳ｭ蝗ｽ髮ｻ蜉帙Ξ繝ラ繝ｬ繧ｰ繝ｪ繧ｪ繝ｳ繧ｺｼ2025-26ｼ,186,110,1993.11.29,32,譚ｱ螻ｱ鬮俶｡,鞫ょ漉螟ｧ蟄ｦ,譚ｱ螻ｱ鬮俶｡ 鞫ょ漉螟ｧ蟄ｦ,A,43,https://league-one.jp/player/484271,,,,,
Masaaki Morita,譽ｮ逕ｰ 謾ｿ蠖ｰ,CTB,荳ｭ蝗ｽ髮ｻ蜉帙Ξ繝ラ繝ｬ繧ｰ繝ｪ繧ｪ繝ｳ繧ｺｼ2025-26ｼ,166,84,1991.10.21,34,蠕｡謇螳滓･ｭ鬮俶｡,荵晏ｷ槫ｱ遶句､ｧ蟄ｦ,蠕｡謇螳滓･ｭ鬮俶｡ 荵晏ｷ槫ｱ遶句､ｧ蟄ｦ,A,38,https://league-one.jp/player/484272,,,,,
Kento Miyata,螳ｮ逕ｰ 雉｢譁,PR,荳ｭ蝗ｽ髮ｻ蜉帙Ξ繝ラ繝ｬ繧ｰ繝ｪ繧ｪ繝ｳ繧ｺｼ2025-26ｼ,170,107,1998.07.27,27,鮖ｿ蜈仙ｳｶ邇蛾ｾ埼ｫ俶｡,譛晄律螟ｧ蟄ｦ,鮖ｿ蜈仙ｳｶ邇蛾ｾ埼ｫ俶｡ 譛晄律螟ｧ蟄ｦ,A,39,https://league-one.jp/player/484273,,,,,
Atsushi Mizofuchi,貅晄ｸ 遽､蜿ｸ,SH,荳ｭ蝗ｽ髮ｻ蜉帙Ξ繝ラ繝ｬ繧ｰ繝ｪ繧ｪ繝ｳ繧ｺｼ2025-26ｼ,167,70,1998.10.31,27,莠ｬ驛ｽ蠎懃ｫ区｡るｫ俶｡,螟ｧ譚ｱ譁㍾喧螟ｧ蟄ｦ,莠ｬ驛ｽ蠎懃ｫ区｡るｫ俶｡ 螟ｧ譚ｱ譁㍾喧螟ｧ蟄ｦ,A,24,https://league-one.jp/player/484274,,,,,
Kohei Matsunaga,譚ｾ豌ｸ 豬ｩ蟷ｳ,FL,荳ｭ蝗ｽ髮ｻ蜉帙Ξ繝ラ繝ｬ繧ｰ繝ｪ繧ｪ繝ｳ繧ｺｼ2025-26ｼ,177,93,1990.07.16,35,蠎ｳｶ蟾･讌ｭ鬮俶｡,蟶昜ｺｬ螟ｧ蟄ｦ,蠎ｳｶ蟾･讌ｭ鬮俶｡ 蟶昜ｺｬ螟ｧ蟄ｦ,A,33,https://league-one.jp/player/484275,,,,,
Yuto Matsuoka,譚ｾ蟯｡ 逾先沫,FB,荳ｭ蝗ｽ髮ｻ蜉帙Ξ繝ラ繝ｬ繧ｰ繝ｪ繧ｪ繝ｳ繧ｺｼ2025-26ｼ,183,92,1998.02.22,27,譏主柱鬮俶｡,遲第ｳ｢螟ｧ蟄ｦ,譏主柱鬮俶｡ 遲第ｳ｢螟ｧ蟄ｦ,A,19,https://league-one.jp/player/484276,,,'17 U20,,
Keisuke Maeda,蜑咲伐 諱ｵ霈,PR,荳ｭ蝗ｽ髮ｻ蜉帙Ξ繝ラ繝ｬ繧ｰ繝ｪ繧ｪ繝ｳ繧ｺｼ2025-26ｼ,172,102,1990.01.18,35,髟ｷ蟠主漉螻ｱ鬮俶｡,蟶昜ｺｬ螟ｧ蟄ｦ,髟ｷ蟠主漉螻ｱ鬮俶｡ 蟶昜ｺｬ螟ｧ蟄ｦ,A,10,https://league-one.jp/player/484277,,,,,
Hirofumi Higashikawa,譚ｱ蟾 蟇帛彰,WTB,荳ｭ蝗ｽ髮ｻ蜉帙Ξ繝ラ繝ｬ繧ｰ繝ｪ繧ｪ繝ｳ繧ｺｼ2025-26ｼ,175,84,1995.06.09,30,譚ｱ遖丞ｲ｡鬮俶｡,豕墓帆螟ｧ蟄ｦ,譚ｱ遖丞ｲ｡鬮俶｡ 豕墓帆螟ｧ蟄ｦ,A,21,https://league-one.jp/player/484278,,,'15 U20縲'15 U23,,
Taro Nishikawa,隘ｿ蟾 螟ｪ驛,LO,荳ｭ蝗ｽ髮ｻ蜉帙Ξ繝ラ繝ｬ繧ｰ繝ｪ繧ｪ繝ｳ繧ｺｼ2025-26ｼ,183,104,1994.10.09,31,螟ｩ逅ｫ俶｡,螟ｩ逅､ｧ蟄ｦ,螟ｩ逅ｫ俶｡ 螟ｩ逅､ｧ蟄ｦ,A,50,https://league-one.jp/player/484279,,,,,
Masahiro Nakano,荳ｭ驥 蟆ｮ,WTB,荳ｭ蝗ｽ髮ｻ蜉帙Ξ繝ラ繝ｬ繧ｰ繝ｪ繧ｪ繝ｳ繧ｺｼ2025-26ｼ,168,78,1996.01.25,29,遏ｳ隕区匱鄙鬢ｨ鬮俶｡,荵晏ｷ槫ｱ遶句､ｧ蟄ｦ,遏ｳ隕区匱鄙鬢ｨ鬮俶｡ 荵晏ｷ槫ｱ遶句､ｧ蟄ｦ,A,35,https://league-one.jp/player/484280,,,,,
Makoto Torikai,魑･鬟ｼ 隱,CTB,荳ｭ蝗ｽ髮ｻ蜉帙Ξ繝ラ繝ｬ繧ｰ繝ｪ繧ｪ繝ｳ繧ｺｼ2025-26ｼ,178,88,1993.08.07,32,譚ｱ豬ｷ螟ｧ莉ｰ譏滄ｫ俶｡,髢｢隘ｿ蟄ｦ髯｢螟ｧ螟ｧ蟄ｦ,譚ｱ豬ｷ螟ｧ莉ｰ譏滄ｫ俶｡ 髢｢隘ｿ蟄ｦ髯｢螟ｧ,A,15,https://league-one.jp/player/484281,,,,,
Shohei Tsukamoto,蝪壽悽 螂ｨ蟷ｳ,SH,荳ｭ蝗ｽ髮ｻ蜉帙Ξ繝ラ繝ｬ繧ｰ繝ｪ繧ｪ繝ｳ繧ｺｼ2025-26ｼ,168,70,1993.01.19,32,譚ｱ豬ｷ螟ｧ莉ｰ譏滄ｫ俶｡,蟶昜ｺｬ螟ｧ蟄ｦ,譚ｱ豬ｷ螟ｧ莉ｰ譏滄ｫ俶｡ 蟶昜ｺｬ螟ｧ蟄ｦ,A,27,https://league-one.jp/player/484282,,,,,
Noriyuki Kureyama,蜻牙ｱｱ 閨夜％,LO,荳ｭ蝗ｽ髮ｻ蜉帙Ξ繝ラ繝ｬ繧ｰ繝ｪ繧ｪ繝ｳ繧ｺｼ2025-26ｼ,180,98,1998.07.25,27,螟ｧ髦ｪ譯占発鬮俶｡,螟ｧ譚ｱ譁㍾喧螟ｧ蟄ｦ,螟ｧ髦ｪ譯占発鬮俶｡ 螟ｧ譚ｱ譁㍾喧螟ｧ蟄ｦ,A,25,https://league-one.jp/player/484283,,,,,
Seiya Kitajima,蛹怜ｳｶ 閨紋ｹ,PR,荳ｭ蝗ｽ髮ｻ蜉帙Ξ繝ラ繝ｬ繧ｰ繝ｪ繧ｪ繝ｳ繧ｺｼ2025-26ｼ,175,120,1995.03.06,30,菴占ｳ蟾･讌ｭ鬮俶｡,譚ｱ豬ｷ螟ｧ蟄ｦ,菴占ｳ蟾･讌ｭ鬮俶｡ 譚ｱ豬ｷ螟ｧ蟄ｦ,A,22,https://league-one.jp/player/484284,,,,,
Rintaro Kawasima,豐ｳ蠍 蜃懷､ｪ驛,SH,荳ｭ蝗ｽ髮ｻ蜉帙Ξ繝ラ繝ｬ繧ｰ繝ｪ繧ｪ繝ｳ繧ｺｼ2025-26ｼ,160,65,1993.10.28,32,髟ｷ蟠主漉螻ｱ鬮俶｡,遖丞ｲ｡蟾･讌ｭ螟ｧ蟄ｦ,髟ｷ蟠主漉螻ｱ鬮俶｡ 遖丞ｲ｡蟾･讌ｭ螟ｧ蟄ｦ,A,39,https://league-one.jp/player/484285,,,,,
Toshiyuki ohki,螟ｧ譛ｨ 蟇ｿ荵,PR,荳ｭ蝗ｽ髮ｻ蜉帙Ξ繝ラ繝ｬ繧ｰ繝ｪ繧ｪ繝ｳ繧ｺｼ2025-26ｼ,182,108,1994.02.09,31,蝨句ｭｸ髯｢譬惠鬮俶｡,蟶昜ｺｬ螟ｧ蟄ｦ,蝨句ｭｸ髯｢譬惠鬮俶｡ 蟶昜ｺｬ螟ｧ蟄ｦ,A,30,https://league-one.jp/player/484286,,,,,
Edward Quirk,繧ｨ繝峨Ρ繝ｼ繝 繝ｻ繧ｫ繝ｼ繧ｯ,FL,荳ｭ蝗ｽ髮ｻ蜉帙Ξ繝ラ繝ｬ繧ｰ繝ｪ繧ｪ繝ｳ繧ｺｼ2025-26ｼ,191,108,1991.08.28,34,繝悶Μ繧ｹ繝吶Φ繧ｹ繝ｼ繝磯ｫ俶｡,繧｢繧､繧ｪ繝雁､ｧ蟄ｦ,繝悶Μ繧ｹ繝吶Φ繧ｹ繝ｼ繝磯ｫ俶｡ 繧｢繧､繧ｪ繝雁､ｧ蟄ｦ,C,36,https://league-one.jp/player/484287,,,,,
Kentaro Iwanaga,蟯ｩ豌ｸ 蛛･螟ｪ驛,HO,荳ｭ蝗ｽ髮ｻ蜉帙Ξ繝ラ繝ｬ繧ｰ繝ｪ繧ｪ繝ｳ繧ｺｼ2025-26ｼ,171,102,1995.04.12,30,髟ｷ蟠主漉螻ｱ鬮俶｡,蟶昜ｺｬ螟ｧ蟄ｦ,髟ｷ蟠主漉螻ｱ鬮俶｡ 蟶昜ｺｬ螟ｧ蟄ｦ,A,48,https://league-one.jp/player/484288,,,,,
Kojiro Arito,譛芽陸 蟄疲ｬ｡譛,PR,荳ｭ蝗ｽ髮ｻ蜉帙Ξ繝ラ繝ｬ繧ｰ繝ｪ繧ｪ繝ｳ繧ｺｼ2025-26ｼ,173,102,1998.03.24,27,譌･蟾晞ｫ俶｡,荳ｭ螟ｮ螟ｧ蟄ｦ,譌･蟾晞ｫ俶｡ 荳ｭ螟ｮ螟ｧ蟄ｦ,A,45,https://league-one.jp/player/484289,,,'17 U20縲'17 U23,,
Yuki Asai,豬⒥ｺ 菴題ｼ,HO,荳ｭ蝗ｽ髮ｻ蜉帙Ξ繝ラ繝ｬ繧ｰ繝ｪ繧ｪ繝ｳ繧ｺｼ2025-26ｼ,178,102,1992.08.24,33,髢｢隘ｿ蟄ｦ髯｢鬮俶｡,髢｢隘ｿ蟄ｦ髯｢螟ｧ蟄ｦ,髢｢隘ｿ蟄ｦ髯｢鬮俶｡ 髢｢隘ｿ蟄ｦ髯｢螟ｧ蟄ｦ,A,27,https://league-one.jp/player/484290,,,,,
Hayato Moriyama,譽ｮ螻ｱ 霑⒪ｽ,LO,荳ｭ蝗ｽ髮ｻ蜉帙Ξ繝ラ繝ｬ繧ｰ繝ｪ繧ｪ繝ｳ繧ｺｼ2025-26ｼ,182,103,2001.07.21,24,莠ｬ驛ｽ蟾･蟄ｦ髯｢鬮俶｡,鞫ょ漉螟ｧ蟄ｦ,莠ｬ驛ｽ蟾･蟄ｦ髯｢鬮俶｡ 鞫ょ漉螟ｧ蟄ｦ,A,14,https://league-one.jp/player/484291,,,,,
Yuta Nishihama,隘ｿ豼ｱ 謔螟ｪ,HO,荳ｭ蝗ｽ髮ｻ蜉帙Ξ繝ラ繝ｬ繧ｰ繝ｪ繧ｪ繝ｳ繧ｺｼ2025-26ｼ,177,101,2001.05.21,24,譚ｱ遖丞ｲ｡鬮俶｡,蜷悟ｿ礼､ｾ螟ｧ蟄ｦ,譚ｱ遖丞ｲ｡鬮俶｡ 蜷悟ｿ礼､ｾ螟ｧ蟄ｦ,A,9,https://league-one.jp/player/484292,,,,,
Haruki Miyata,螳ｮ逕ｰ 謔證,PR,荳ｭ蝗ｽ髮ｻ蜉帙Ξ繝ラ繝ｬ繧ｰ繝ｪ繧ｪ繝ｳ繧ｺｼ2025-26ｼ,175,103,2001.05.03,24,蠎ｳｶ逵檎ｫ句ｺｳｶ蟾･讌ｭ鬮俶｡,螟ｩ逅､ｧ蟄ｦ,蠎ｳｶ逵檎ｫ句ｺｳｶ蟾･讌ｭ鬮俶｡ 螟ｩ逅､ｧ蟄ｦ,A,18,https://league-one.jp/player/484293,,,,,
Riku Iwai,蟯ｩ莠 髯ｸ,PR,荳ｭ蝗ｽ髮ｻ蜉帙Ξ繝ラ繝ｬ繧ｰ繝ｪ繧ｪ繝ｳ繧ｺｼ2025-26ｼ,176,100,2001.06.07,24,蟆ｾ驕馴ｫ俶｡,莠ｬ驛ｽ逕｣讌ｭ螟ｧ蟄ｦ,蟆ｾ驕馴ｫ俶｡ 莠ｬ驛ｽ逕｣讌ｭ螟ｧ蟄ｦ,A,14,https://league-one.jp/player/484294,,,,,
Kaleb Trask,繧ｱ繧､繝ｬ繝 繝ｻ繝医Λ繧ｹ繧ｯ,SO,譚ｱ莠ｬ繧ｵ繝ｳ繝医Μ繝ｼ繧ｵ繝ｳ繧ｴ繝ｪ繧｢繧ｹｼ2025-26ｼ,180,90,1999.01.27,26,繝ｭ繝医Ν繧｢繝懊ｼ繧､繧ｺ繝上う繧ｹ繧ｯ繝ｼ繝ｫ鬮俶｡,,繝ｭ繝医Ν繧｢繝懊ｼ繧､繧ｺ繝上う繧ｹ繧ｯ繝ｼ繝ｫ,B,0,https://league-one.jp/player/484295,,,,,
Gideon Wrampling,繧ｮ繝が繝ｳ 繝ｻ繝ｩ繝ｳ繝励Μ繝ｳ繧ｰ,CTB,譚ｱ莠ｬ繧ｵ繝ｳ繝医Μ繝ｼ繧ｵ繝ｳ繧ｴ繝ｪ繧｢繧ｹｼ2025-26ｼ,188,102,2001.07.26,24,繧ｻ繝ｳ繝医繝ｼ繝ｫ繧ｺ繝ｻ繧ｫ繝ｬ繝ず繧ｨ繧､繝医ｻ繧ｹ繧ｯ繝ｼ繝ｫ鬮俶｡,,繧ｻ繝ｳ繝医繝ｼ繝ｫ繧ｺ繝ｻ繧ｫ繝ｬ繝ず繧ｨ繧､繝医ｻ繧ｹ繧ｯ繝ｼ繝ｫ,B,0,https://league-one.jp/player/484296,,,,,
Tevita Tatafu,繝ン繧ｿ 繝ｻ繧ｿ繧ｿ繝,,譚ｱ莠ｬ繧ｵ繝ｳ繝医Μ繝ｼ繧ｵ繝ｳ繧ｴ繝ｪ繧｢繧ｹｼ2025-26ｼ,183,119,1996.01.02,30,逶ｮ鮟貞ｭｦ髯｢鬮俶｡,譚ｱ豬ｷ螟ｧ蟄ｦ,逶ｮ鮟貞ｭｦ髯｢鬮俶｡ 譚ｱ豬ｷ螟ｧ蟄ｦ,A,30,https://league-one.jp/player/484297,,,'12 鬮俶｡縲∵律譛ｬ莉｣陦ｨ20CAP,,
George Hammond,繧ｸ繝ｧ繝ｼ繧ｸ 繝ｻ繝上Δ繝ｳ繝,LO,譚ｱ莠ｬ繧ｵ繝ｳ繝医Μ繝ｼ繧ｵ繝ｳ繧ｴ繝ｪ繧｢繧ｹｼ2025-26ｼ,199,115,2000.07.31,25,繧ｦ繧｣繝ヨ繧ｮ繝輔ヨ繝ｻ繧ｹ繧ｯ繝ｼ繝ｫ鬮俶｡,,繧ｦ繧｣繝ヨ繧ｮ繝輔ヨ繝ｻ繧ｹ繧ｯ繝ｼ繝ｫ,B,3,https://league-one.jp/player/484298,,,,,
Kazuki Ishida,遏ｳ逕ｰ 荳雋ｴ,SO,譚ｱ莠ｬ繧ｵ繝ｳ繝医Μ繝ｼ繧ｵ繝ｳ繧ｴ繝ｪ繧｢繧ｹｼ2025-26ｼ,173,85,1996.01.14,29,荵晏ｷ槫ｭｦ髯｢鬮俶｡,譌･譛ｬ菴楢ご螟ｧ蟄ｦ,荵晏ｷ槫ｭｦ髯｢鬮俶｡ 譌･譛ｬ菴楢ご螟ｧ蟄ｦ,A,39,https://league-one.jp/player/484299,,,,,
Sam Jeffries,繧ｵ繝 繝ｻ繧ｸ繧ｧ繝輔Μ繝ｼ繧ｺ,LO,譚ｱ莠ｬ繧ｵ繝ｳ繝医Μ繝ｼ繧ｵ繝ｳ繧ｴ繝ｪ繧｢繧ｹｼ2025-26ｼ,198,114,1993.04.01,32,繝励Ν繝ｼ繝繝ｻ繧｢繧ｫ繝Α繝ｼ鬮俶｡,繝悶Μ繧ｹ繝医Ν螟ｧ蟄ｦ,繝励Ν繝ｼ繝繝ｻ繧｢繧ｫ繝Α繝ｼ 繝悶Μ繧ｹ繝医Ν螟ｧ蟄ｦ,B,33,https://league-one.jp/player/484338,,,,,
Quinton Mahina,繧ｯ繧､繝ｳ繝医Φ 繝ｻ繝槭ヲ繝,CTB,譚ｱ莠ｬ繧ｵ繝ｳ繝医Μ繝ｼ繧ｵ繝ｳ繧ｴ繝ｪ繧｢繧ｹｼ2025-26ｼ,174,93,1999.04.29,26,繝悶Μ繧ｹ繝吶Φ蟾樒ｫ矩ｫ俶｡,諡捺ｮ門､ｧ蟄ｦ,繝悶Μ繧ｹ繝吶Φ蟾樒ｫ矩ｫ俶｡ 諡捺ｮ門､ｧ蟄ｦ,A,2,https://league-one.jp/player/484301,,,,,
Kanta Ogawa,蟆丞ｷ 蟇帛､ｧ,PR,譚ｱ莠ｬ繧ｵ繝ｳ繝医Μ繝ｼ繧ｵ繝ｳ繧ｴ繝ｪ繧｢繧ｹｼ2025-26ｼ,178,110,1998.11.29,27,莨剰ｦ句ｷ･讌ｭ鬮俶｡,豬夂ｵ梧ｸ亥､ｧ蟄ｦ,莨剰ｦ句ｷ･讌ｭ鬮俶｡ 豬夂ｵ梧ｸ亥､ｧ蟄ｦ,A,1,https://league-one.jp/player/484302,,,,,
Patrick Vakata,繝代ヨ繝ｪ繝け 繝ｻ繝ｴ繧｡繧ｫ繧ｿ,,譚ｱ莠ｬ繧ｵ繝ｳ繝医Μ繝ｼ繧ｵ繝ｳ繧ｴ繝ｪ繧｢繧ｹｼ2025-26ｼ,189,115,2002.06.19,23,譌･譛ｬ闊ｪ遨ｺ鬮俶｡遏ｳ蟾晞ｫ俶｡,螟ｩ逅､ｧ蟄ｦ,譌･譛ｬ闊ｪ遨ｺ鬮俶｡遏ｳ蟾 螟ｩ逅､ｧ蟄ｦ,A,0,https://league-one.jp/player/484303,,,,,
Masanori Miyao,螳ｮ蟆ｾ 譏悟ⅵ,SH,譚ｱ莠ｬ繧ｵ繝ｳ繝医Μ繝ｼ繧ｵ繝ｳ繧ｴ繝ｪ繧｢繧ｹｼ2025-26ｼ,165,70,2002.06.01,23,莠ｬ驛ｽ謌千ｫ鬮俶｡,譌ｩ遞ｲ逕ｰ螟ｧ蟄ｦ,莠ｬ驛ｽ謌千ｫ鬮俶｡ 譌ｩ遞ｲ逕ｰ螟ｧ蟄ｦ,A,0,https://league-one.jp/player/484304,,,,,
Kohei Yasuda,螳臥伐 譏ょｹｳ,WTB,譚ｱ莠ｬ繧ｵ繝ｳ繝医Μ繝ｼ繧ｵ繝ｳ繧ｴ繝ｪ繧｢繧ｹｼ2025-26ｼ,181,88,2002.07.08,23,蠕｡謇螳滓･ｭ鬮俶｡,譏取ｲｻ螟ｧ蟄ｦ,蠕｡謇螳滓･ｭ 譏取ｲｻ螟ｧ蟄ｦ,A,2,https://league-one.jp/player/484305,,,,,
Max Hughes,繝槭ャ繧ｯ繧ｹ 繝ｻ繝偵Η繝ｼ繧ｺ,SH,譚ｱ莠ｬ繧ｵ繝ｳ繝医Μ繝ｼ繧ｵ繝ｳ繧ｴ繝ｪ繧｢繧ｹｼ2025-26ｼ,169,77,2001.10.18,24,繧ｯ繝ｩ繧､繧ｹ繝医メ繝｣繝ｼ繝√繝ｼ繧､繧ｺ鬮俶｡,繧ｫ繝ｳ繧ｿ繝吶Μ繝ｼ螟ｧ蟄ｦ,繧ｯ繝ｩ繧､繧ｹ繝医メ繝｣繝ｼ繝√繝ｼ繧､繧ｺ鬮俶｡ 繧ｫ繝ｳ繧ｿ繝吶Μ繝ｼ螟ｧ蟄ｦ,A,2,https://league-one.jp/player/484306,,,,,
Pierich Siebert,繝斐お繝ｪ繝メ 繝ｻ繧ｷ繝ｼ繝舌ｼ繝,FL,譚ｱ莠ｬ繧ｵ繝ｳ繝医Μ繝ｼ繧ｵ繝ｳ繧ｴ繝ｪ繧｢繧ｹｼ2025-26ｼ,185,101,2001.04.18,24,繝代ｼ繝ｫ繝ｻ繧ｸ繝繝翫ず繧｢繝鬮俶｡,遶区ｭ｣螟ｧ蟄ｦ,繝代ｼ繝ｫ繝ｻ繧ｸ繝繝翫ず繧｢繝 遶区ｭ｣螟ｧ蟄ｦ,A,0,https://league-one.jp/player/484307,,,,,
Sean McMahon,繧ｷ繝ｧ繝ｼ繝ｳ 繝ｻ繝槭け繝槭ｼ繝ｳ,,譚ｱ莠ｬ繧ｵ繝ｳ繝医Μ繝ｼ繧ｵ繝ｳ繧ｴ繝ｪ繧｢繧ｹｼ2025-26ｼ,186,99,1994.06.18,31,繧ｻ繝ｳ繝医ず繝ｧ繧ｻ繝輔ｻ繝翫ャ繧ｸ繝ｼ鬮俶｡,,繧ｻ繝ｳ繝医ず繝ｧ繧ｻ繝輔ｻ繝翫ャ繧ｸ繝ｼ鬮俶｡,C,22,https://league-one.jp/player/484308,,,,,
Alex Mafi,繧｢繝ｬ繝け繧ｹ 繝ｻ繝槭ヵ繧｣,HO,譚ｱ莠ｬ繧ｵ繝ｳ繝医Μ繝ｼ繧ｵ繝ｳ繧ｴ繝ｪ繧｢繧ｹｼ2025-26ｼ,177,110,1996.11.07,29,繧ｻ繝ｳ繝医ず繝ｧ繧ｻ繝輔ｻ繝翫ャ繧ｸ繝ｼ鬮俶｡,繝懊Φ繝牙､ｧ蟄ｦ,繧ｻ繝ｳ繝医ず繝ｧ繧ｻ繝輔ｻ繝翫ャ繧ｸ繝ｼ鬮俶｡ 繝懊Φ繝牙､ｧ蟄ｦ,B,1,https://league-one.jp/player/484309,,,,,
Saimoni Vunilagi,繧ｵ繧､繝｢繝 繝ｻ繝ｴ繝九Λ繝ｳ繧ｮ,LO,譚ｱ莠ｬ繧ｵ繝ｳ繝医Μ繝ｼ繧ｵ繝ｳ繧ｴ繝ｪ繧｢繧ｹｼ2025-26ｼ,196,117,2000.06.13,25,繝槭ャ繧ｻ繧､鬮倡ｭ牙ｭｦ譬｡,螟ｧ譚ｱ譁㍾喧螟ｧ蟄ｦ,繝槭ャ繧ｻ繧､鬮倡ｭ牙ｭｦ譬｡ 螟ｧ譚ｱ譁㍾喧螟ｧ蟄ｦ,A,3,https://league-one.jp/player/484310,,,,,
Mikiya Takamoto,鬮俶悽 蟷ｹ荵,SO,譚ｱ莠ｬ繧ｵ繝ｳ繝医Μ繝ｼ繧ｵ繝ｳ繧ｴ繝ｪ繧｢繧ｹｼ2025-26ｼ,171,80,2001.03.15,24,螟ｧ髦ｪ譯占発鬮俶｡,蟶昜ｺｬ螟ｧ蟄ｦ,螟ｧ髦ｪ譯占発鬮俶｡ 蟶昜ｺｬ螟ｧ蟄ｦ,A,40,https://league-one.jp/player/484311,,,'20 U23,,
Masahiko Sagara,逶ｸ濶ｯ 譏悟ｽｦ,FL,譚ｱ莠ｬ繧ｵ繝ｳ繝医Μ繝ｼ繧ｵ繝ｳ繧ｴ繝ｪ繧｢繧ｹｼ2025-26ｼ,180,98,2001.02.01,24,譌ｩ遞ｲ逕ｰ螳滓･ｭ鬮俶｡,譌ｩ遞ｲ逕ｰ螟ｧ蟄ｦ,譌ｩ遞ｲ逕ｰ螳滓･ｭ鬮俶｡ 譌ｩ遞ｲ逕ｰ螟ｧ蟄ｦ,A,0,https://league-one.jp/player/484312,,,,,
Soshi Oga,螟ｧ雉 螳怜ｿ,PR,譚ｱ莠ｬ繧ｵ繝ｳ繝医Μ繝ｼ繧ｵ繝ｳ繧ｴ繝ｪ繧｢繧ｹｼ2025-26ｼ,179,112,2001.01.14,24,蝣ｱ蠕ｳ蟄ｦ蝨帝ｫ俶｡,譏取ｲｻ螟ｧ蟄ｦ,蝣ｱ蠕ｳ蟄ｦ蝨帝ｫ俶｡ 譏取ｲｻ螟ｧ蟄ｦ,A,2,https://league-one.jp/player/484313,,,,,
Isaiah Punivai,繧､繧ｶ繝､ 繝ｻ繝励ル繝ｴ繧｡繧､,CTB,譚ｱ莠ｬ繧ｵ繝ｳ繝医Μ繝ｼ繧ｵ繝ｳ繧ｴ繝ｪ繧｢繧ｹｼ2025-26ｼ,189,100,2000.12.01,25,繧ｯ繝ｩ繧､繧ｹ繝ｻ繧ｫ繝ｬ繝ず,繝ｪ繝ｳ繧ｫ繝ｼ繝ｳ螟ｧ蟄ｦ,繧ｯ繝ｩ繧､繧ｹ繝ｻ繧ｫ繝ｬ繝ず 繝ｪ繝ｳ繧ｫ繝ｼ繝ｳ螟ｧ蟄ｦ,B,40,https://league-one.jp/player/484314,,,,,
Tatsuya Miyazaki,螳ｮ蟠 驕比ｹ,HO,譚ｱ莠ｬ繧ｵ繝ｳ繝医Μ繝ｼ繧ｵ繝ｳ繧ｴ繝ｪ繧｢繧ｹｼ2025-26ｼ,164,95,1996.04.10,29,莨剰ｦ句ｷ･讌ｭ鬮俶｡,莠ｬ驛ｽ逕｣讌ｭ螟ｧ蟄ｦ,莨剰ｦ句ｷ･讌ｭ鬮俶｡ 莠ｬ驛ｽ逕｣讌ｭ螟ｧ蟄ｦ,A,20,https://league-one.jp/player/484315,,,,,
Ryosuke Kawase,豐ｳ轢ｬ 隲剃ｻ,FB,譚ｱ莠ｬ繧ｵ繝ｳ繝医Μ繝ｼ繧ｵ繝ｳ繧ｴ繝ｪ繧｢繧ｹｼ2025-26ｼ,183,89,1999.07.21,26,譚ｱ豬ｷ螟ｧ蟄ｦ莉ｰ譏滄ｫ俶｡,譌ｩ遞ｲ逕ｰ螟ｧ蟄ｦ,譚ｱ豬ｷ螟ｧ蟄ｦ莉ｰ譏滄ｫ俶｡ 譌ｩ遞ｲ逕ｰ螟ｧ蟄ｦ,A,25,https://league-one.jp/player/484316,,,'17 鬮俶｡縲'19 U20縲'20 U23,,
Kai Yamamoto,螻ｱ譛ｬ 蜃ｱ,FL,譚ｱ莠ｬ繧ｵ繝ｳ繝医Μ繝ｼ繧ｵ繝ｳ繧ｴ繝ｪ繧｢繧ｹｼ2025-26ｼ,177,100,2000.03.17,25,諷ｶ諛臥ｾｩ蝪ｾ鬮俶｡,諷ｶ諛臥ｾｩ蝪ｾ螟ｧ蟄ｦ,諷ｶ諛臥ｾｩ蝪ｾ鬮俶｡ 諷ｶ諛臥ｾｩ蝪ｾ螟ｧ蟄ｦ,A,40,https://league-one.jp/player/484317,,,'17 鬮俶｡縲'18 U20縲'19 U20縲'19 U23縲∵律譛ｬ莉｣陦ｨ1CAP,,
Kotaro Hosoki,邏ｰ譛ｨ 蠎ｷ螟ｪ驛,PR,譚ｱ莠ｬ繧ｵ繝ｳ繝医Μ繝ｼ繧ｵ繝ｳ繧ｴ繝ｪ繧｢繧ｹｼ2025-26ｼ,178,115,2000.01.28,25,譯占発蟄ｦ蝨帝ｫ俶｡,蟶昜ｺｬ螟ｧ蟄ｦ,譯占発蟄ｦ蝨帝ｫ俶｡ 蟶昜ｺｬ螟ｧ蟄ｦ,A,16,https://league-one.jp/player/484318,,,'17 鬮俶｡,,
Kotaro Matsushima,譚ｾ蟲ｶ 蟷ｸ螟ｪ譛,FB,譚ｱ莠ｬ繧ｵ繝ｳ繝医Μ繝ｼ繧ｵ繝ｳ繧ｴ繝ｪ繧｢繧ｹｼ2025-26ｼ,178,88,1993.02.26,32,譯占発蟄ｦ蝨帝ｫ俶｡,,譯占発蟄ｦ蝨帝ｫ俶｡,A,45,https://league-one.jp/player/484319,,,'09 鬮俶｡縲∵律譛ｬ莉｣陦ｨ55CAP,,
Seiya Ozaki,蟆ｾ蟠 譎滉ｹ,WTB,譚ｱ莠ｬ繧ｵ繝ｳ繝医Μ繝ｼ繧ｵ繝ｳ繧ｴ繝ｪ繧｢繧ｹｼ2025-26ｼ,175,85,1995.07.11,30,莨剰ｦ句ｷ･讌ｭ鬮俶｡,蟶昜ｺｬ螟ｧ蟄ｦ,莨剰ｦ句ｷ･讌ｭ鬮俶｡ 蟶昜ｺｬ螟ｧ蟄ｦ,A,70,https://league-one.jp/player/484320,,,'12 鬮俶｡縲'15 U20縲'15 U23縲∵律譛ｬ莉｣陦ｨ4CAP,,
Hideto Niguma,莉∫ 遘譁,WTB,譚ｱ莠ｬ繧ｵ繝ｳ繝医Μ繝ｼ繧ｵ繝ｳ繧ｴ繝ｪ繧｢繧ｹｼ2025-26ｼ,172,85,1998.06.24,27,遏ｳ隕区匱鄙鬢ｨ鬮俶｡,遲第ｳ｢螟ｧ蟄ｦ,遏ｳ隕区匱鄙鬢ｨ鬮俶｡ 遲第ｳ｢螟ｧ蟄ｦ,A,17,https://league-one.jp/player/484321,,,'18 U23,,
Shogo Nakano,荳ｭ驥 蟆ｼ,CTB,譚ｱ莠ｬ繧ｵ繝ｳ繝医Μ繝ｼ繧ｵ繝ｳ繧ｴ繝ｪ繧｢繧ｹｼ2025-26ｼ,186,98,1997.06.11,28,譚ｱ遲鷹ｫ俶｡,譌ｩ遞ｲ逕ｰ螟ｧ蟄ｦ,譚ｱ遲鷹ｫ俶｡ 譌ｩ遞ｲ逕ｰ螟ｧ蟄ｦ,A,44,https://league-one.jp/player/484322,,,'15 U23縲'17 U23縲'19 U23縲∵律譛ｬ莉｣陦ｨ11CAP,,
Taiga Ozaki,蟆ｾ蟠 豕ｰ髮,CTB,譚ｱ莠ｬ繧ｵ繝ｳ繝医Μ繝ｼ繧ｵ繝ｳ繧ｴ繝ｪ繧｢繧ｹｼ2025-26ｼ,184,93,1998.09.25,27,莨剰ｦ句ｷ･讌ｭ鬮俶｡,蟶昜ｺｬ螟ｧ蟄ｦ,莨剰ｦ句ｷ･讌ｭ 蟶昜ｺｬ螟ｧ蟄ｦ,A,50,https://league-one.jp/player/484323,,,,,
Ryoto Nakamura,荳ｭ譚 莠ｮ蝨,CTB,譚ｱ莠ｬ繧ｵ繝ｳ繝医Μ繝ｼ繧ｵ繝ｳ繧ｴ繝ｪ繧｢繧ｹｼ2025-26ｼ,181,92,1991.06.03,34,鮖ｿ蜈仙ｳｶ螳滓･ｭ鬮俶｡,蟶昜ｺｬ螟ｧ蟄ｦ,鮖ｿ蜈仙ｳｶ螳滓･ｭ鬮俶｡ 蟶昜ｺｬ螟ｧ蟄ｦ,A,56,https://league-one.jp/player/484324,,,'11 U20縲'16 U23縲∵律譛ｬ莉｣陦ｨ39CAP,,
Shota Emi,豎溯ｦ 鄙泌､ｪ,WTB,譚ｱ莠ｬ繧ｵ繝ｳ繝医Μ繝ｼ繧ｵ繝ｳ繧ｴ繝ｪ繧｢繧ｹｼ2025-26ｼ,183,95,1991.12.08,34,蟄ｦ鄙帝劼鬮倡ｭ臥ｧ鷹ｫ俶｡,蟄ｦ鄙帝劼螟ｧ蟄ｦ,蟄ｦ鄙帝劼鬮倡ｭ臥ｧ 蟄ｦ鄙帝劼螟ｧ蟄ｦ,A,18,https://league-one.jp/player/484325,,,'11 U20,,
Genki Okoshi,螟ｧ雜 蜈ｰ,SH,譚ｱ莠ｬ繧ｵ繝ｳ繝医Μ繝ｼ繧ｵ繝ｳ繧ｴ繝ｪ繧｢繧ｹｼ2025-26ｼ,162,70,1994.12.26,31,闌玲ｸ灘ｭｦ蝨帝ｫ俶｡,蜷悟ｿ礼､ｾ螟ｧ蟄ｦ,闌玲ｸ灘ｭｦ蝨帝ｫ俶｡ 蜷悟ｿ礼､ｾ螟ｧ蟄ｦ,A,5,https://league-one.jp/player/484326,,,,,
Yutaka Nagare,豬 螟ｧ,SH,譚ｱ莠ｬ繧ｵ繝ｳ繝医Μ繝ｼ繧ｵ繝ｳ繧ｴ繝ｪ繧｢繧ｹｼ2025-26ｼ,166,75,1992.09.04,33,闕貞ｰｾ鬮俶｡,蟶昜ｺｬ螟ｧ蟄ｦ,闕貞ｰｾ 蟶昜ｺｬ螟ｧ蟄ｦ,A,61,https://league-one.jp/player/484327,,,譌･譛ｬ莉｣陦ｨ36CAP,,
Sota Oketani,譯ｶ隹ｷ 螳玲ｱｰ,FL,譚ｱ莠ｬ繧ｵ繝ｳ繝医Μ繝ｼ繧ｵ繝ｳ繧ｴ繝ｪ繧｢繧ｹｼ2025-26ｼ,175,98,1994.11.18,31,蟶ｸ鄙泌ｭｦ蝨帝ｫ俶｡,譏取ｲｻ螟ｧ蟄ｦ,蟶ｸ鄙泌ｭｦ蝨帝ｫ俶｡ 譏取ｲｻ螟ｧ蟄ｦ,A,12,https://league-one.jp/player/484328,,,,,
Ryuga Hashimoto,邂ｸ譛ｬ 鮴埼寉,FL,譚ｱ莠ｬ繧ｵ繝ｳ繝医Μ繝ｼ繧ｵ繝ｳ繧ｴ繝ｪ繧｢繧ｹｼ2025-26ｼ,188,112,1998.11.23,27,譚ｱ遖丞ｲ｡鬮俶｡,譏取ｲｻ螟ｧ蟄ｦ,譚ｱ遖丞ｲ｡鬮俶｡ 譏取ｲｻ螟ｧ蟄ｦ,A,49,https://league-one.jp/player/484329,,,'17 U20縲'18 U20縲'18 U23,,
Yasuaki Katakura,迚㍾ 蠎ｷ迹,LO,譚ｱ莠ｬ繧ｵ繝ｳ繝医Μ繝ｼ繧ｵ繝ｳ繧ｴ繝ｪ繧｢繧ｹｼ2025-26ｼ,190,105,1998.08.09,27,譏取ｲｻ螟ｧ蟄ｦ莉伜ｱ樔ｸｭ驥朱ｫ俶｡,譏取ｲｻ螟ｧ蟄ｦ,譏取ｲｻ螟ｧ蟄ｦ莉伜ｱ樔ｸｭ驥朱ｫ俶｡ 譏取ｲｻ螟ｧ蟄ｦ,A,1,https://league-one.jp/player/484330,,,'19 U23,,
Koji Iino,鬟ｯ驥 譎昇,FL,譚ｱ莠ｬ繧ｵ繝ｳ繝医Μ繝ｼ繧ｵ繝ｳ繧ｴ繝ｪ繧｢繧ｹｼ2025-26ｼ,190,110,1994.10.12,31,荳牙･ｽ鬮俶｡,蟶昜ｺｬ螟ｧ蟄ｦ,荳牙･ｽ鬮俶｡ 蟶昜ｺｬ螟ｧ蟄ｦ,A,25,https://league-one.jp/player/484331,,,'17 U23縲∵律譛ｬ莉｣陦ｨ1CAP,,
Wataru Kobayashi,蟆乗棊 闊ｪ,LO,譚ｱ莠ｬ繧ｵ繝ｳ繝医Μ繝ｼ繧ｵ繝ｳ繧ｴ繝ｪ繧｢繧ｹｼ2025-26ｼ,196,118,1994.03.22,31,譏惹ｸｭ蜈ｫ邇句ｭ宣ｫ俶｡,譏取ｲｻ螟ｧ蟄ｦ,譏惹ｸｭ蜈ｫ邇句ｭ宣ｫ俶｡ 譏取ｲｻ螟ｧ蟄ｦ,A,13,https://league-one.jp/player/484332,,,,,
Kienori Go,蜻 蟄｣萓晏ⅵ,HO,譚ｱ莠ｬ繧ｵ繝ｳ繝医Μ繝ｼ繧ｵ繝ｳ繧ｴ繝ｪ繧｢繧ｹｼ2025-26ｼ,177,100,1996.10.23,29,莠ｬ驛ｽ謌千ｫ鬮俶｡,蟶昜ｺｬ螟ｧ蟄ｦ,莠ｬ驛ｽ謌千ｫ鬮俶｡ 蟶昜ｺｬ螟ｧ蟄ｦ,A,35,https://league-one.jp/player/484333,,,,,
Kosuke Horikoshi,蝣雜 蠎ｷ莉,HO,譚ｱ莠ｬ繧ｵ繝ｳ繝医Μ繝ｼ繧ｵ繝ｳ繧ｴ繝ｪ繧｢繧ｹｼ2025-26ｼ,175,100,1995.06.02,30,譯占発蟄ｦ蝨帝ｫ俶｡,蟶昜ｺｬ螟ｧ蟄ｦ,譯占発蟄ｦ蝨帝ｫ俶｡ 蟶昜ｺｬ螟ｧ蟄ｦ,A,53,https://league-one.jp/player/484334,,,'12 鬮俶｡縲'15 U20縲'15 U23縲'17 U23縲∵律譛ｬ莉｣陦ｨ7CAP,,
Kan Nakano,荳ｭ驥 蟷ｹ,PR,譚ｱ莠ｬ繧ｵ繝ｳ繝医Μ繝ｼ繧ｵ繝ｳ繧ｴ繝ｪ繧｢繧ｹｼ2025-26ｼ,177,108,1997.09.29,28,譚ｱ豬ｷ螟ｧ莉ｰ譏滄ｫ俶｡,譚ｱ豬ｷ螟ｧ蟄ｦ,譚ｱ豬ｷ螟ｧ莉ｰ譏滄ｫ俶｡ 譚ｱ豬ｷ螟ｧ蟄ｦ,A,54,https://league-one.jp/player/484335,,,'17 U20,,
Shinnosuke Kakinaga,蝙｣豌ｸ 逵滉ｹ倶ｻ,PR,譚ｱ莠ｬ繧ｵ繝ｳ繝医Μ繝ｼ繧ｵ繝ｳ繧ｴ繝ｪ繧｢繧ｹｼ2025-26ｼ,180,115,1991.12.19,34,譚ｱ遖丞ｲ｡鬮俶｡,譌ｩ遞ｲ逕ｰ螟ｧ蟄ｦ,譚ｱ遖丞ｲ｡鬮俶｡ 譌ｩ遞ｲ逕ｰ螟ｧ蟄ｦ,A,45,https://league-one.jp/player/484336,,,譌･譛ｬ莉｣陦ｨ12CAP,,
Yukio Morikawa,譽ｮ蟾 逕ｱ襍ｷ荵,PR,譚ｱ莠ｬ繧ｵ繝ｳ繝医Μ繝ｼ繧ｵ繝ｳ繧ｴ繝ｪ繧｢繧ｹｼ2025-26ｼ,180,113,1993.02.06,32,莠ｬ驛ｽ謌千ｫ鬮俶｡,蟶昜ｺｬ螟ｧ蟄ｦ,莠ｬ驛ｽ謌千ｫ鬮俶｡ 蟶昜ｺｬ螟ｧ蟄ｦ,A,57,https://league-one.jp/player/484337,,,譌･譛ｬ莉｣陦ｨ5CAP,,
Sam Cane,繧ｵ繝 繝ｻ繧ｱ繧､繝ｳ,FL,譚ｱ莠ｬ繧ｵ繝ｳ繝医Μ繝ｼ繧ｵ繝ｳ繧ｴ繝ｪ繧｢繧ｹｼ2025-26ｼ,189,103,1992.01.13,33,繧ｿ繧ｦ繝ｩ繝ｳ繧ｬ繝ｻ繝懊ｼ繧､繧ｺ繝ｻ繧ｫ繝ｬ繝ず,,繧ｿ繧ｦ繝ｩ繝ｳ繧ｬ繝ｻ繝懊ｼ繧､繧ｺ繝ｻ繧ｫ繝ｬ繝ず,C,18,https://league-one.jp/player/484339,,,,,
Atsuki Yamamoto,螻ｱ譛ｬ 謨ｦ霈,PR,譚ｱ莠ｬ繧ｵ繝ｳ繝医Μ繝ｼ繧ｵ繝ｳ繧ｴ繝ｪ繧｢繧ｹｼ2025-26ｼ,177,106,2002.01.02,24,蟶ｸ鄙泌ｭｦ蝨帝ｫ俶｡,蜷悟ｿ礼､ｾ螟ｧ蟄ｦ,蟶ｸ鄙泌ｭｦ蝨帝ｫ俶｡ 蜷悟ｿ礼､ｾ螟ｧ蟄ｦ,A,5,https://league-one.jp/player/484340,,,,,
Shuhei Takeuchi,遶ｹ蜀 譟雁ｹｳ,PR,譚ｱ莠ｬ繧ｵ繝ｳ繝医Μ繝ｼ繧ｵ繝ｳ繧ｴ繝ｪ繧｢繧ｹｼ2025-26ｼ,183,115,1997.12.09,28,螳ｮ蟠主ｷ･讌ｭ鬮俶｡,荵晏ｷ槫ｱ遶句､ｧ蟄ｦ,螳ｮ蟠主ｷ･讌ｭ鬮俶｡ 荵晏ｷ槫ｱ遶句､ｧ蟄ｦ,A,60,https://league-one.jp/player/485712,,,'25 XV縲∵律譛ｬ莉｣陦ｨ24CAP,,
Shodai Hirao,蟷ｳ逕 鄙泌､ｧ,HO,譚ｱ莠ｬ繧ｵ繝ｳ繝医Μ繝ｼ繧ｵ繝ｳ繧ｴ繝ｪ繧｢繧ｹｼ2025-26ｼ,174,105,2002.10.11,23,髢｢隘ｿ蟄ｦ髯｢鬮倡ｭ蛾Κ鬮俶｡,髢｢隘ｿ蟄ｦ髯｢螟ｧ蟄ｦ,髢｢隘ｿ蟄ｦ髯｢鬮倡ｭ蛾Κ 髢｢隘ｿ蟄ｦ髯｢螟ｧ蟄ｦ,A,3,https://league-one.jp/player/485713,,,'25 XV縲∵律譛ｬ莉｣陦ｨ2CAP,,
Kenta Fukuda,遖冗伐 蛛･螟ｪ,SH,譚ｱ莠ｬ繧ｵ繝ｳ繝医Μ繝ｼ繧ｵ繝ｳ繧ｴ繝ｪ繧｢繧ｹｼ2025-26ｼ,173,80,1996.12.19,29,闌玲ｺｪ蟄ｦ蝨帝ｫ俶｡,譏取ｲｻ螟ｧ蟄ｦ,闌玲ｺｪ蟄ｦ蝨帝ｫ俶｡ 譏取ｲｻ螟ｧ蟄ｦ,A,52,https://league-one.jp/player/485714,,,'25 XV縲∵律譛ｬ莉｣陦ｨ8CAP,,
Kenta Kobayashi,蟆乗棊 雉｢螟ｪ,PR,譚ｱ莠ｬ繧ｵ繝ｳ繝医Μ繝ｼ繧ｵ繝ｳ繧ｴ繝ｪ繧｢繧ｹｼ2025-26ｼ,181,115,1999.06.02,26,譚ｱ遖丞ｲ｡鬮俶｡,譌ｩ遞ｲ逕ｰ螟ｧ蟄ｦ,譚ｱ遖丞ｲ｡鬮俶｡ 譌ｩ遞ｲ逕ｰ螟ｧ蟄ｦ,A,47,https://league-one.jp/player/485715,,,'19 U20縲'20 U23縲'25 XV縲∵律譛ｬ莉｣陦ｨ9CAP,,
Kanji Shimokawa,荳句ｷ 逕ｲ蝸｣,FL,譚ｱ莠ｬ繧ｵ繝ｳ繝医Μ繝ｼ繧ｵ繝ｳ繧ｴ繝ｪ繧｢繧ｹｼ2025-26ｼ,188,105,1999.01.17,26,菫ｮ迪ｷ鬢ｨ鬮俶｡,譌ｩ遞ｲ逕ｰ螟ｧ蟄ｦ,菫ｮ迪ｷ鬢ｨ鬮俶｡ 譌ｩ遞ｲ逕ｰ螟ｧ蟄ｦ,A,58,https://league-one.jp/player/485716,,,'18 U20縲'18 U23縲'25 XV縲∵律譛ｬ莉｣陦ｨ23CAP,,
Harry Hockings,繝上Μ繝ｼ 繝ｻ繝帙ャ繧ｭ繝ｳ繧ｰ繧ｹ,LO,譚ｱ莠ｬ繧ｵ繝ｳ繝医Μ繝ｼ繧ｵ繝ｳ繧ｴ繝ｪ繧｢繧ｹｼ2025-26ｼ,206,118,1998.07.28,27,繧｢繝ｳ繧ｰ繝ｪ繧ｫ繝ｳ繝ｻ繝√Ε繝ｼ繝√ｻ繧ｰ繝ｩ繝槭ｼ繝ｻ繧ｹ繧ｯ繝ｼ繝ｫ鬮俶｡,繧ｯ繧､繝ｼ繝ｳ繧ｺ繝ｩ繝ｳ繝牙､ｧ蟄ｦ,繧｢繝ｳ繧ｰ繝ｪ繧ｫ繝ｳ繝ｻ繝√Ε繝ｼ繝√ｻ繧ｰ繝ｩ繝槭ｼ繝ｻ繧ｹ繧ｯ繝ｼ繝ｫ 繧ｯ繧､繝ｼ繝ｳ繧ｺ繝ｩ繝ｳ繝牙､ｧ蟄ｦ,A,67,https://league-one.jp/player/485719,,,譌･譛ｬ莉｣陦ｨ2CAP,,
Sanshiro Kihara,譛ｨ蜴 荳牙屁驛,PR,譚ｱ莠ｬ繧ｵ繝ｳ繝医Μ繝ｼ繧ｵ繝ｳ繧ｴ繝ｪ繧｢繧ｹｼ2025-26ｼ,180,110,2003.01.20,22,譚ｱ遖丞ｲ｡鬮俶｡,蟆ゆｿｮ螟ｧ蟄ｦ,譚ｱ遖丞ｲ｡鬮俶｡ 蟆ゆｿｮ螟ｧ蟄ｦ,A,2,https://league-one.jp/player/485912,,,'25 XV,,
Cheslin Kolbe,繝√ぉ繧ｹ繝ｪ繝ｳ 繝ｻ繧ｳ繝ｫ繝,WTB,譚ｱ莠ｬ繧ｵ繝ｳ繝医Μ繝ｼ繧ｵ繝ｳ繧ｴ繝ｪ繧｢繧ｹｼ2025-26ｼ,172,80,1993.10.28,32,繝悶Λ繝こ繝ｳ繝輔ぉ繝ｫ鬮俶｡,繝輔Μ繝ｼ繧ｹ繝ｼ繝亥､ｧ蟄ｦ,繝悶Λ繝こ繝ｳ繝輔ぉ繝ｫ鬮俶｡ 繝輔Μ繝ｼ繧ｹ繝ｼ繝亥､ｧ蟄ｦ,C,28,https://league-one.jp/player/486282,,,,,