英語名,選手名,ポジション,所属チーム,身長,体重,生年月日,年齢,高校,大学,出身校・チーム歴(全文),カテゴリ,リーグワンキャップ数,URL,Text_Detail,キャリア遍歴,代表キャップ数,International_Caps,Scraped_Url,Full_Career
Shinichi Tanaka,田中 真一,FL,九州電力キューデンヴォルテクス（2025-26）,186,98,1994.06.08,31,國學院久我山高校,明治大学,國學院久我山 明治,A,6,https://league-one.jp/player/483678,,,'12 高校,,,25/26 Japan Rugby League One - Division 2 (5G) -> 22/23 Japan Rugby League One - Division 1 (1G) -> 21/22 Japan Rugby League One - Division 1 (4G)
Rahboni Warren-Vosayaco,ラーボニ ・ウォーレンーボスアヤコ,No8,九州電力キューデンヴォルテクス（2025-26）,188,103,1995.09.28,30,エンデバースポーツ,,Endeavorsportshighschool,B,2,https://league-one.jp/player/483679,,,,,,25/26 Japan Rugby League One - Division 2 (5G) -> 24/25 Pro D2 (21G/1T) -> 23/24 Pro D2 (16G/5T) -> 22/23 Super Rugby Pacific (9G) -> 21/22 Super Rugby Pacific (7G/1T) -> 20/21 Super Rugby Trans-Tasman (2G) -> 18/19 Super Rugby (12G/3T) -> 17/18 Super Rugby (5G/1T) -> 16/17 Super Rugby (7G/2T)
Jude Gibbs,ジュード ・ギブス,SO,九州電力キューデンヴォルテクス（2025-26）,178,87,2001.07.02,24,セントジョセフ・カレッジ,UniversityofTechnologySydney,SaintJoseph’sCollegeHuntersHill UniversityofTechnologySydney,B,0,https://league-one.jp/player/483680,,,,,,25/26 Japan Rugby League One - Division 2 (2G/2T) -> 24/25 Super Rugby Pacific (1G)
Pepesana Patafilo,ペペサナ ・パタフィロ,CTB,九州電力キューデンヴォルテクス（2025-26）,181,96,1996.05.29,29,ウエリントンカレッジ,,ウエリントンカレッジ,B,3,https://league-one.jp/player/483681,,,,,,25/26 Japan Rugby League One - Division 2 (6G) -> 24/25 Super Rugby Pacific (9G/2T) -> 23/24 Super Rugby Pacific (9G/1T) -> 22/23 Super Rugby Pacific (5G) -> 21/22 Wellington (10G/4T) -> 20/21 Super Rugby Aotearoa (1G) -> Super Rugby Trans-Tasman 1 0 0 (1G) -> 19/20 Wellington (9G/2T)
Hiroto Nishi,西 浩斗,WTB,九州電力キューデンヴォルテクス（2025-26）,170,75,2002.11.16,23,熊本西高校,京都産業大学,熊本西 京都産業,A,0,https://league-one.jp/player/483682,,,,,,No Data
Kouga Yoshida,吉田 輝雅,CTB,九州電力キューデンヴォルテクス（2025-26）,177,82,2002.11.21,23,東海大相模原高校,明治大学,東海大相模原 明治,A,0,https://league-one.jp/player/483683,,,,,,No Data
Kanta Fujita,藤田 幹太,HO,九州電力キューデンヴォルテクス（2025-26）,175,96,2003.03.26,22,筑紫高校,日本体育大学,筑紫 日本体育,A,0,https://league-one.jp/player/483684,,,,,,No Data
Kohei Kire,喜連 航平,SO,九州電力キューデンヴォルテクス（2025-26）,176,85,1995.06.25,30,大阪桐蔭高校,近畿大学,大阪桐蔭 近畿,A,11,https://league-one.jp/player/483685,,,,,,25/26 Japan Rugby League One - Division 2 (6G/1T) -> 24/25 Japan Rugby League One - Division 2 (8G)
Hiroki Murakawa,村川 浩喜,HO,九州電力キューデンヴォルテクス（2025-26）,175,98,1992.01.19,33,東福岡高校,筑波大学,東福岡 筑波,A,32,https://league-one.jp/player/483686,,,'11 U20,,,25/26 Japan Rugby League One - Division 2 (3G/1T) -> 24/25 Japan Rugby League One - Division 2 (8G/3T) -> 23/24 Japan Rugby League One - Division 2 (6G/1T) -> Japan Rugby League One - Division 1 1 0 1 (1G) -> 22/23 Japan Rugby League One - Division 2 (7G/3T) -> Japan Rugby League One - Division 1 0 0 2  -> 21/22 Japan Rugby League One - Division 3 (7G/2T)
Sione Likuata Teaupa,シオネ ・リクアタテアウパ,CTB,九州電力キューデンヴォルテクス（2025-26）,180,99,1998.06.27,27,トゥポウカレッジ,流通経済大学,トゥポウカレッジ 流通経済大学,A,28,https://league-one.jp/player/483687,,,,,,25/26 Japan Rugby League One - Division 2 (5G) -> 24/25 Japan Rugby League One - Division 2 (14G/5T) -> 23/24 Japan Rugby League One - Division 2 (12G/1T)
Kim Kihyun,キム ・ギヒョン,FL,九州電力キューデンヴォルテクス（2025-26）,180,97,2001.02.09,24,ソウル大学附属高校,流通経済大学,ソウル大学附属高等学校 流通経済大学,A,9,https://league-one.jp/player/483688,,,,,,25/26 Japan Rugby League One - Division 2 (5G) -> 24/25 Japan Rugby League One - Division 2 (4G) -> 23/24 Japan Rugby League One - Division 2 (4G/1T)
Takumi Takeshita,竹下 拓己,FB,九州電力キューデンヴォルテクス（2025-26）,178,88,2000.07.17,25,東福岡高校,京都産業大学,東福岡 京都産業,A,2,https://league-one.jp/player/483689,,,,,,23/24 Japan Rugby League One - Division 2 (2G)
Yusaku Kanda,神田 悠作,SH,九州電力キューデンヴォルテクス（2025-26）,170,80,1999.03.08,26,東筑高校,東洋大学,東筑 東洋,A,18,https://league-one.jp/player/483690,,,,,,25/26 Japan Rugby League One - Division 2 (6G/2T) -> 24/25 Japan Rugby League One - Division 2 (6G/1T) -> 23/24 Japan Rugby League One - Division 2 (9G)
Keisuke Yamazoe,山添 圭祐,HO,九州電力キューデンヴォルテクス（2025-26）,177,102,2000.07.01,25,長崎北陽台高校,帝京大学,長崎北陽台 帝京,A,20,https://league-one.jp/player/483691,,,'18 高校,,,25/26 Japan Rugby League One - Division 2 (3G) -> 24/25 Japan Rugby League One - Division 2 (11G/2T) -> 23/24 Japan Rugby League One - Division 2 (7G)
Colby Faingaa,コルビー ・ファインガア,FL,九州電力キューデンヴォルテクス（2025-26）,185,102,1991.03.31,34,セント・エドマンズ・カレッジ,,セント・エドマンズ・カレッジ,B,37,https://league-one.jp/player/483692,,,,,,Not Found
Akihito Yamada,山田 章仁,WTB,九州電力キューデンヴォルテクス（2025-26）,180,80,1985.07.26,40,小倉高校,慶應義塾大学,小倉 慶應義塾,A,28,https://league-one.jp/player/483693,,,日本代表25CAP、Test Matchs(10CAP),,,25/26 Japan Rugby League One - Division 2 (1G) -> 24/25 Japan Rugby League One - Division 2 (6G/2T) -> 23/24 Japan Rugby League One - Division 2 (9G/5T) -> 22/23 Japan Rugby League One - Division 3 (11G/5T) -> Japan Rugby League One - Division 2 1 0 1  -> 20/21 Major League Rugby (5G) -> 18/19 Super Rugby (1G) -> 17/18 Super Rugby (5G/2T) -> 16/17 Test Matchs (5G/3T) -> 15/16 Super Rugby (10G/9T) -> 14/15 Test Matchs (1G) -> 13/14 Test Matchs (4G/1T)
Samuel Nozomu Faialaga,ファイアラガ 望サムエル,PR,九州電力キューデンヴォルテクス（2025-26）,176,113,1998.07.03,27,常翔学園高校,同志社大大学,常翔学園 同志社大,A,47,https://league-one.jp/player/483694,,,,,,25/26 Japan Rugby League One - Division 2 (6G/2T) -> 24/25 Japan Rugby League One - Division 2 (13G) -> 23/24 Japan Rugby League One - Division 2 (10G/1T) -> 22/23 Japan Rugby League One - Division 3 (11G/1T) -> Japan Rugby League One - Division 2 1 0 1 (1G) -> 21/22 Japan Rugby League One - Division 3 (8G)
Yasuo Saruwatari,猿渡 康雄,PR,九州電力キューデンヴォルテクス（2025-26）,181,118,1990.09.28,35,荒尾高校,帝京大学,荒尾 帝京,A,39,https://league-one.jp/player/483695,,,,,,25/26 Japan Rugby League One - Division 2 (4G) -> 24/25 Japan Rugby League One - Division 2 (9G) -> 23/24 Japan Rugby League One - Division 2 (11G) -> 22/23 Japan Rugby League One - Division 3 (9G) -> Japan Rugby League One - Division 2 1 0 1  -> 21/22 Japan Rugby League One - Division 3 (6G)
Shunta Takenouchi,竹ノ内 駿太,SH,九州電力キューデンヴォルテクス（2025-26）,170,78,1999.12.27,26,長崎南山高校,明治大学,長崎南山 明治,A,38,https://league-one.jp/player/483696,,,,,,25/26 Japan Rugby League One - Division 2 (4G) -> 24/25 Japan Rugby League One - Division 2 (12G) -> 23/24 Japan Rugby League One - Division 2 (12G) -> 22/23 Japan Rugby League One - Division 3 (11G/1T) -> Japan Rugby League One - Division 2 1 0 1 
Ray Tatafu,レイ ・タタフ,LO,九州電力キューデンヴォルテクス（2025-26）,195,119,1995.02.14,30,オネフンガハイスクール,オークランド工科大学,オネフンガハイスクール オークランド工科,A,41,https://league-one.jp/player/483697,,,,,,25/26 Japan Rugby League One - Division 2 (4G/1T) -> 24/25 Japan Rugby League One - Division 2 (10G/1T) -> 23/24 Japan Rugby League One - Division 2 (8G) -> 22/23 Japan Rugby League One - Division 3 (11G/1T) -> Japan Rugby League One - Division 2 1 0 1  -> 21/22 Japan Rugby League One - Division 3 (8G) -> 20/21 Counties Manukau (1G) -> 19/20 Southland (9G)
Hayato Yoshida,吉田 隼人,HO,九州電力キューデンヴォルテクス（2025-26）,172,93,1997.03.05,28,長崎北陽台高校,筑波大学,長崎北陽台 筑波,A,12,https://league-one.jp/player/483698,,,,,,24/25 Japan Rugby League One - Division 2 (7G/1T) -> 22/23 Japan Rugby League One - Division 3 (3G) -> Japan Rugby League One - Division 2 1 0 1 
Yuki Yamada,山田 有樹,FL,九州電力キューデンヴォルテクス（2025-26）,180,94,1994.06.18,31,常翔学園高校,同志社大学,常翔学園 同志社,A,33,https://league-one.jp/player/483699,,,,,,24/25 Japan Rugby League One - Division 2 (8G) -> 23/24 Japan Rugby League One - Division 2 (8G) -> 22/23 Japan Rugby League One - Division 3 (8G) -> 21/22 Japan Rugby League One - Division 3 (9G/1T)
Shogo Matsushita,松下 彰吾,SO,九州電力キューデンヴォルテクス（2025-26）,177,86,1991.01.12,34,福岡高校,筑波大学,福岡 筑波,A,16,https://league-one.jp/player/483700,,,,,,25/26 Japan Rugby League One - Division 2 (3G) -> 24/25 Japan Rugby League One - Division 2 (1G) -> 23/24 Japan Rugby League One - Division 2 (3G) -> 22/23 Japan Rugby League One - Division 3 (2G) -> 21/22 Japan Rugby League One - Division 3 (7G)
Keito Honda,本田 佳人,FB,九州電力キューデンヴォルテクス（2025-26）,180,85,1996.11.25,29,大分雄城台高校,東海大学,大分雄城台 東海,A,10,https://league-one.jp/player/483701,,,,,,23/24 Japan Rugby League One - Division 2 (3G) -> 22/23 Japan Rugby League One - Division 3 (4G/2T) -> Japan Rugby League One - Division 2 1 0 1 (1G) -> 21/22 Japan Rugby League One - Division 3 (1G)
Kenji Hayata,早田 健二,CTB,九州電力キューデンヴォルテクス（2025-26）,175,83,1987.05.26,38,大分舞鶴高校,早稲田大学,大分舞鶴 早稲田,A,13,https://league-one.jp/player/483702,,,'05 高校,,,25/26 Japan Rugby League One - Division 2 (3G/1T) -> 24/25 Japan Rugby League One - Division 2 (2G) -> 23/24 Japan Rugby League One - Division 2 (2G) -> 22/23 Japan Rugby League One - Division 3 (4G) -> 21/22 Japan Rugby League One - Division 3 (6G)
Ren Hagiwara,萩原 蓮,WTB,九州電力キューデンヴォルテクス（2025-26）,171,85,1996.05.06,29,東福岡高校,法政大学,東福岡 法政,A,43,https://league-one.jp/player/483703,,,,,,25/26 Japan Rugby League One - Division 2 (4G/1T) -> 24/25 Japan Rugby League One - Division 2 (13G) -> 23/24 Japan Rugby League One - Division 2 (9G/4T) -> 22/23 Japan Rugby League One - Division 3 (10G/4T) -> Japan Rugby League One - Division 2 1 0 1  -> 21/22 Japan Rugby League One - Division 3 (6G)
Noriaki Nakazuru,中づる,CTB,九州電力キューデンヴォルテクス（2025-26）,181,94,1989.05.03,36,福岡高校,筑波大学,福岡 筑波,A,22,https://league-one.jp/player/483704,,,'13 U23,,,25/26 Japan Rugby League One - Division 2 (1G) -> 24/25 Japan Rugby League One - Division 2 (6G) -> 23/24 Japan Rugby League One - Division 2 (4G/1T) -> 22/23 Japan Rugby League One - Division 3 (6G) -> Japan Rugby League One - Division 2 0 0 1  -> 21/22 Japan Rugby League One - Division 3 (8G)
Ken Nakashima,中島 謙,FL,九州電力キューデンヴォルテクス（2025-26）,183,95,1997.04.14,28,福岡高校,鹿児島大学,福岡 鹿児島,A,18,https://league-one.jp/player/483705,,,,,,25/26 Japan Rugby League One - Division 2 (3G) -> 24/25 Japan Rugby League One - Division 2 (3G) -> 23/24 Japan Rugby League One - Division 2 (7G) -> 22/23 Japan Rugby League One - Division 3 (5G/3T)
Kotaro Nakao,中尾 康太郎,SH,九州電力キューデンヴォルテクス（2025-26）,177,78,1992.05.28,33,福岡高校,早稲田大学,福岡 早稲田,A,7,https://league-one.jp/player/483706,,,,,,25/26 Japan Rugby League One - Division 2 (2G) -> 21/22 Japan Rugby League One - Division 3 (6G)
Kazuto Tokunaga,徳永 一斗,PR,九州電力キューデンヴォルテクス（2025-26）,181,117,1993.04.08,32,佐賀工業高校,帝京大学,佐賀工業 帝京,A,35,https://league-one.jp/player/483707,,,,,,25/26 Japan Rugby League One - Division 2 (4G) -> 24/25 Japan Rugby League One - Division 2 (1G) -> 23/24 Japan Rugby League One - Division 2 (11G) -> 22/23 Japan Rugby League One - Division 3 (11G) -> Japan Rugby League One - Division 2 1 0 1  -> 21/22 Japan Rugby League One - Division 3 (7G)
Naoki Takaya,高,WTB,九州電力キューデンヴォルテクス（2025-26）,176,80,1995.05.25,30,福岡高校,筑波大学,福岡 筑波,A,18,https://league-one.jp/player/483708,,,,,,25/26 Japan Rugby League One - Division 2 (2G) -> 24/25 Japan Rugby League One - Division 2 (3G) -> 23/24 Japan Rugby League One - Division 2 (3G) -> 22/23 Japan Rugby League One - Division 3 (5G) -> 21/22 Japan Rugby League One - Division 3 (6G/3T)
Michiro Takai,高井 迪郎,FL,九州電力キューデンヴォルテクス（2025-26）,187,99,1989.12.13,36,大分舞鶴高校,日本体育大学,大分舞鶴 日本体育,A,19,https://league-one.jp/player/483709,,,'08 U20,,,25/26 Japan Rugby League One - Division 2 (1G) -> 24/25 Japan Rugby League One - Division 2 (1G) -> 22/23 Japan Rugby League One - Division 3 (7G/1T) -> Japan Rugby League One - Division 2 1 0 1  -> 21/22 Japan Rugby League One - Division 3 (9G)
Yoshihiro Sononaka,園中 良寛,LO,九州電力キューデンヴォルテクス（2025-26）,190,103,1991.03.22,34,加治木高校,筑波大学,加治木 筑波,A,8,https://league-one.jp/player/483710,,,,,,24/25 Japan Rugby League One - Division 2 (6G) -> 22/23 Japan Rugby League One - Division 3 (2G) -> 21/22 Japan Rugby League One - Division 3 (1G)
Goki Saito,齊藤 剛希,WTB,九州電力キューデンヴォルテクス（2025-26）,174,85,1993.11.17,32,筑紫高校,明治大学,筑紫 明治,A,6,https://league-one.jp/player/483711,,,,,,24/25 Japan Rugby League One - Division 2 (7G/2T)
Hayato Kojo,古城 隼人,CTB,九州電力キューデンヴォルテクス（2025-26）,175,88,1996.05.22,29,修猷館高校,同志社大学,修猷館 同志社,A,27,https://league-one.jp/player/483712,,,,,,25/26 Japan Rugby League One - Division 2 (6G) -> 24/25 Japan Rugby League One - Division 2 (13G/1T) -> 23/24 Japan Rugby League One - Division 2 (4G) -> 22/23 Japan Rugby League One - Division 3 (5G/1T) -> Japan Rugby League One - Division 2 1 0 1 
Takehiro Kitsuki,木付 丈博,PR,九州電力キューデンヴォルテクス（2025-26）,185,111,1994.11.15,31,荒尾高校,帝京大学,荒尾 帝京,A,0,https://league-one.jp/player/483713,,,,,,21/22 Japan Rugby League One - Division 3 (1G)
Shimpei Kamata,鎌田 慎平,PR,九州電力キューデンヴォルテクス（2025-26）,179,105,1997.09.07,28,東福岡高校,筑波大学,東福岡 筑波,A,28,https://league-one.jp/player/483714,,,'17 U20,,,Not Found
Shuma Kanayama,金山 修真,LO,九州電力キューデンヴォルテクス（2025-26）,183,100,1994.04.17,31,流通経済大柏高校,流通経済大学,流経大柏 流通経済,A,8,https://league-one.jp/player/483715,,,,,,23/24 Japan Rugby League One - Division 2 (1G) -> 22/23 Japan Rugby League One - Division 3 (2G) -> 21/22 Japan Rugby League One - Division 3 (5G/1T)
Masaya Kanado,金堂 眞弥,CTB,九州電力キューデンヴォルテクス（2025-26）,180,88,1998.12.13,27,慶應義塾高校,城南大学,慶應義塾 城南,A,6,https://league-one.jp/player/483716,,,,,,23/24 Japan Rugby League One - Division 2 (5G) -> 22/23 Japan Rugby League One - Division 3 (2G)
Makoto Kato,加藤 誠央,FB,九州電力キューデンヴォルテクス（2025-26）,177,87,1990.08.01,35,萩商工業高校,福岡大学,萩商工 福岡,A,25,https://league-one.jp/player/483717,,,,,,25/26 Japan Rugby League One - Division 2 (1G) -> 24/25 Japan Rugby League One - Division 2 (9G/3T) -> 23/24 Japan Rugby League One - Division 2 (6G/2T) -> 22/23 Japan Rugby League One - Division 3 (2G) -> 21/22 Japan Rugby League One - Division 3 (7G)
Ryosuke Kagoshima,鹿子島 良輔,PR,九州電力キューデンヴォルテクス（2025-26）,171,101,1995.09.25,30,輝翔館中等教育高校,流通経済大学,輝翔館中等教育 流通経済,A,13,https://league-one.jp/player/483718,,,,,,24/25 Japan Rugby League One - Division 2 (7G) -> 22/23 Japan Rugby League One - Division 3 (1G) -> 21/22 Japan Rugby League One - Division 3 (6G)
Alex Takuya Walker,ウォーカー アレックス拓也,No8,九州電力キューデンヴォルテクス（2025-26）,184,103,1998.02.19,27,東福岡高校,法政大学,東福岡 法政,A,43,https://league-one.jp/player/483719,,,,,,24/25 Japan Rugby League One - Division 2 (12G/1T) -> 23/24 Japan Rugby League One - Division 2 (9G) -> 22/23 Japan Rugby League One - Division 3 (11G/3T) -> Japan Rugby League One - Division 2 1 0 1 (2G) -> 21/22 Japan Rugby League One - Division 3 (9G/3T)
Kiichi Uezato,上里 貴一,SO,九州電力キューデンヴォルテクス（2025-26）,176,84,1997.01.25,28,名護高校,朝日大学,名護 朝日,A,15,https://league-one.jp/player/483720,,,,,,25/26 Japan Rugby League One - Division 2 (2G) -> 24/25 Japan Rugby League One - Division 2 (2G) -> 23/24 Japan Rugby League One - Division 2 (1G) -> 22/23 Japan Rugby League One - Division 3 (8G) -> Japan Rugby League One - Division 2 1 0 1  -> 21/22 Japan Rugby League One - Division 3 (3G)
Yasunari Isoda,磯田 泰成,WTB,九州電力キューデンヴォルテクス（2025-26）,173,75,1992.11.20,33,延岡星雲高校,帝京大学,延岡星雲 帝京,A,26,https://league-one.jp/player/483721,,,,,,24/25 Japan Rugby League One - Division 2 (3G/1T) -> 23/24 Japan Rugby League One - Division 2 (4G) -> 22/23 Japan Rugby League One - Division 3 (9G/4T) -> Japan Rugby League One - Division 2 1 0 1  -> 21/22 Japan Rugby League One - Division 3 (8G/2T)
Tomotaka Ishimatsu,石松 大空,LO,九州電力キューデンヴォルテクス（2025-26）,193,105,1997.09.11,28,明善高校,筑波大学,明善 筑波,A,25,https://league-one.jp/player/483722,,,,,,24/25 Japan Rugby League One - Division 2 (1G) -> 23/24 Japan Rugby League One - Division 2 (6G) -> 22/23 Japan Rugby League One - Division 3 (12G/1T) -> Japan Rugby League One - Division 2 1 0 1  -> 21/22 Japan Rugby League One - Division 3 (4G)
Kyungmun Wang,王 鏡聞,HO,九州電力キューデンヴォルテクス（2025-26）,175,100,1991.09.12,34,朝明高校,大阪体育大学,朝明 大阪体育,A,35,https://league-one.jp/player/483723,,,,,,25/26 Japan Rugby League One - Division 2 (6G/3T) -> 24/25 Japan Rugby League One - Division 2 (13G/5T) -> 23/24 Japan Rugby League One - Division 2 (11G/3T) -> 22/23 Japan Rugby League One - Division 1 (6G/1T) -> 21/22 Japan Rugby League One - Division 1 (3G/1T)
Sean Robinson,ショーン ・ロビンソン,LO,九州電力キューデンヴォルテクス（2025-26）,197,110,1991.02.08,34,キングススクールウースター,ダラム大学,キングススクールウースター ダラム,B,19,https://league-one.jp/player/483724,,,,,,25/26 Japan Rugby League One - Division 2 (5G) -> 24/25 Japan Rugby League One - Division 2 (5G) -> 23/24 Japan Rugby League One - Division 2 (11G) -> 22/23 Premiership (8G) -> Challenge Cup 0 0 1  -> 21/22 Premiership (18G/2T) -> Premiership Rugby Cup 0 0 1  -> Challenge Cup 2 0 1  -> 20/21 Premiership (17G/4T) -> Challenge Cup 1 0 1 (1G) -> 18/19 Premiership (6G) -> 17/18 Premiership (17G/1T) -> Challenge Cup 4 0 1  -> Anglo Welsh Cup 1 0 1  -> 16/17 Premiership (6G/1T) -> Challenge Cup 0 0 2  -> 15/16 Premiership (16G) -> 14/15 Challenge Cup (6G/1T) -> Premiership 1 0 3 
Aaron Carroll,アーロン ・キャロル,LO,九州電力キューデンヴォルテクス（2025-26）,193,108,1993.10.11,32,タウランガボーイズカレッジ,,タウランガボーイズカレッジ,B,20,https://league-one.jp/player/483725,,,,,,25/26 Japan Rugby League One - Division 2 (2G) -> 24/25 Japan Rugby League One - Division 2 (12G) -> 23/24 Japan Rugby League One - Division 2 (8G/2T) -> 22/23 Carcassonne (20G) -> 21/22 Carcassonne (21G/1T) -> 19/20 Super Rugby (3G) -> Super Rugby Aotearoa 1 0 2 
Charlie Worthington,チャーリー ・ワージントン,FB,九州電力キューデンヴォルテクス（2025-26）,178,88,2003.06.06,22,ウェーバリー,,ウェーバリー,B,14,https://league-one.jp/player/483726,,,,,,25/26 Japan Rugby League One - Division 2 (5G) -> 24/25 Japan Rugby League One - Division 2 (8G/1T) -> 23/24 Japan Rugby League One - Division 2 (3G)
Kosuke Oike,尾池 亨允,PR,九州電力キューデンヴォルテクス（2025-26）,183,112,1993.08.18,32,日向高校,関西大学,日向 関西,A,34,https://league-one.jp/player/483727,,,,,,25/26 Japan Rugby League One - Division 2 (6G/1T) -> 24/25 Japan Rugby League One - Division 2 (11G) -> 23/24 Japan Rugby League One - Division 2 (12G/1T) -> 22/23 Japan Rugby League One - Division 2 (5G/1T) -> Japan Rugby League One - Division 1 0 0 1  -> 21/22 Japan Rugby League One - Division 1 (2G)
Spencer Jeans,スペンサー ・ジーンズ,SH,九州電力キューデンヴォルテクス（2025-26）,175,80,2000.10.19,25,TheSouthPortSchool,,TheSouthPortSchool,B,13,https://league-one.jp/player/483728,,,,,,24/25 Japan Rugby League One - Division 2 (10G/1T) -> 23/24 Japan Rugby League One - Division 2 (3G/1T) -> 21/22 Super Rugby Pacific (7G)
Taro Uesugi,上杉 太郎,PR,九州電力キューデンヴォルテクス（2025-26）,176,113,2001.12.30,24,熊本西高校,帝京大学,熊本西 帝京,A,12,https://league-one.jp/player/483729,,,,,,24/25 Japan Rugby League One - Division 2 (12G)
Riki Takebe,竹部 力,PR,九州電力キューデンヴォルテクス（2025-26）,185,110,2002.02.09,23,大分舞鶴高校,法政大学,大分舞鶴 法政,A,3,https://league-one.jp/player/483730,,,,,,25/26 Japan Rugby League One - Division 2 (6G)
Shimpei Fukada,深田 晋平,CTB,九州電力キューデンヴォルテクス（2025-26）,184,92,2001.10.01,24,福岡工業高校,福岡大学,福岡工業 福岡,A,0,https://league-one.jp/player/483731,,,,,,25/26 Japan Rugby League One - Division 2 (1G)
Harrison Goddard,ハリソン ・ゴダード,SH,清水建設江東ブルーシャークス（2025-26）,183,83,1998.04.08,27,OakhillCollege,,OakhillCollege,C,1,https://league-one.jp/player/484200,,,,,,"25/26 Japan Rugby League One - Division 2 (4G/3T) -> 24/25 Super Rugby Pacific (14G) -> 23/24 Super Rugby Pacific (14G/1T) -> 22/23 Super Rugby Pacific (10G) -> 21/22 Major League Rugby (15G/2
																														 +1T) -> 20/21 Major League Rugby (16G/9T) -> 18/19 Super Rugby (2G) -> 17/18 Super Rugby (8G) -> 16/17 Super Rugby (3G)"
Cameron Bailey,キャメロン ・ベイリー,FB,清水建設江東ブルーシャークス（2025-26）,191,100,1996.02.21,29,AtAndrew’sCollege,,AtAndrew’sCollege,A,33,https://league-one.jp/player/484201,,,,,,Not Found
Maritino Nemani,マリティノ ・ネマニ,CTB,清水建設江東ブルーシャークス（2025-26）,181,104,1991.05.24,34,SacredHeartCollege,,SacredHeartCollege,A,35,https://league-one.jp/player/484202,,,,,,25/26 Japan Rugby League One - Division 2 (4G/1T) -> 24/25 Japan Rugby League One - Division 2 (11G/6T) -> 23/24 Japan Rugby League One - Division 2 (9G/5T) -> Japan Rugby League One - Division 1 0 0 1 (2G) -> 22/23 Japan Rugby League One - Division 1 (9G/2T) -> 21/22 Japan Rugby League One - Division 1 (3G) -> 16/17 Grenoble (10G/3T) -> Challenge Cup 0 0 3  -> 15/16 Grenoble (13G/3T) -> Challenge Cup 2 0 1 (2G)
Billy Burns,ビリー ・バーンズ,SO,清水建設江東ブルーシャークス（2025-26）,183,87,1994.06.13,31,BeechenCliffSchool,HartpuryCollege,BeechenCliffSchool HartpuryCollege,C,2,https://league-one.jp/player/484203,,,United Rugby Championship(58CAP),,,25/26 Japan Rugby League One - Division 2 (5G/1T) -> 24/25 United Rugby Championship (8G) -> Champions Cup 2 0 0  -> 23/24 United Rugby Championship (16G) -> Champions Cup 1 0 3 (1G) -> 22/23 United Rugby Championship (16G/3T) -> 21/22 United Rugby Championship (18G) -> Champions Cup 5 0 1  -> 20/21 Ulster (3G) -> Champions Cup 0 0 1 (1G) -> Challenge Cup 2 0 1 (2G) -> Rainbow Cup 1 0 2 (1G/1T) -> Six Nations Championship 2 0 2  -> Test Matchs 1 0 0  -> 19/20 Ulster (9G/2T) -> Champions Cup 5 0 2  -> 18/19 Ulster (17G/1T) -> 17/18 Premiership (20G/2T) -> Challenge Cup 4 0 3 (1G/6T) -> Anglo Welsh Cup 2 0 0  -> 16/17 Premiership (18G/2T) -> Challenge Cup 6 0 2 (1G/13T) -> 15/16 Premiership (11G/1T) -> Challenge Cup 5 0 0  -> 14/15 Challenge Cup (10G/1T) -> Premiership 6 1 6 (1G/5T) -> 13/14 Premiership (3G)
Ika Motulalo Takau,イカ ・モツラロ・タカウ,LO,清水建設江東ブルーシャークス（2025-26）,189,113,1995.01.09,30,TupouCollege,流通経済大学,TupouCollege 流通経済大学,A,12,https://league-one.jp/player/484204,,,,,,25/26 Japan Rugby League One - Division 2 (5G) -> 24/25 Japan Rugby League One - Division 2 (7G/1T) -> 23/24 Japan Rugby League One - Division 2 (3G)
Mahe Vailanu,マヘ ・ヴァイラヌ,HO,清水建設江東ブルーシャークス（2025-26）,175,109,1997.01.25,28,AucklandGrammarSchool,,AucklandGrammarSchool,B,1,https://league-one.jp/player/484205,,,,,,25/26 Japan Rugby League One - Division 2 (4G) -> 24/25 Super Rugby Pacific (10G) -> 23/24 Super Rugby Pacific (5G/2T) -> 22/23 Super Rugby Pacific (11G/3T) -> 21/22 Super Rugby Pacific (7G) -> 20/21 Major League Rugby (12G/3T) -> 17/18 Super Rugby (2G)
Genta Nishibata,西端 玄汰,FB,清水建設江東ブルーシャークス（2025-26）,176,82,2002.07.21,23,東福岡高校,近畿大学,東福岡高校 近畿大学,A,3,https://league-one.jp/player/484206,,,,,,25/26 Japan Rugby League One - Division 2 (6G/5T) -> 24/25 Japan Rugby League One - Division 2 (1G/1T)
Tatsuya Fujioka,藤岡 竜也,CTB,清水建設江東ブルーシャークス（2025-26）,183,95,2003.03.13,22,浪速高校,近畿大学,浪速高等学校 近畿大学,A,11,https://league-one.jp/player/484207,,,,,,25/26 Japan Rugby League One - Division 2 (3G) -> 24/25 Japan Rugby League One - Division 2 (10G/3T)
Daichi Sato,佐藤 大地,LO,清水建設江東ブルーシャークス（2025-26）,185,103,2003.01.26,22,國學院栃木高校,明治大学,國學院栃木高等学校 明治大学,A,2,https://league-one.jp/player/484208,,,,,,25/26 Japan Rugby League One - Division 2 (6G)
Yongchol Kim,金 勇哲,HO,清水建設江東ブルーシャークス（2025-26）,174,98,2002.11.12,23,大阪朝鮮高校,明治大学,大阪朝鮮高等学校 明治大学,A,0,https://league-one.jp/player/484209,,,,,,No Data
Naohiro Aso,麻生 尚宏,PR,清水建設江東ブルーシャークス（2025-26）,182,112,2002.06.10,23,桐蔭学園高校,筑波大学,桐蔭学園高等学校 筑波大学,A,0,https://league-one.jp/player/484210,,,,,,No Data
Jui Nakamori,中森 樹生,PR,清水建設江東ブルーシャークス（2025-26）,179,99,2002.04.14,23,御所実業高校,立正大学,御所実業高校 立正大学,A,1,https://league-one.jp/player/484211,,,,,,25/26 Japan Rugby League One - Division 2 (2G) -> 24/25 Japan Rugby League One - Division 2 (1G)
Essendon Tuitupou,エッセンドン ・トゥイトゥポウ,WTB,清水建設江東ブルーシャークス（2025-26）,188,88,2003.12.14,22,KelstonBoysHighSchool,,KelstonBoysHighSchool,B,16,https://league-one.jp/player/484212,,,,,,25/26 Japan Rugby League One - Division 2 (4G/3T) -> 24/25 Japan Rugby League One - Division 2 (14G/2T)
Terrence Hepetema,テレンス ・へプテマ,CTB,清水建設江東ブルーシャークス（2025-26）,183,95,1992.01.03,34,ManaCollege,,ManaCollege,B,8,https://league-one.jp/player/484213,,,,,,25/26 Japan Rugby League One - Division 2 (5G) -> 24/25 Japan Rugby League One - Division 2 (7G/2T) -> 23/24 Grenoble (6G) -> Top 14 0 0 1 (1G) -> 22/23 Grenoble (21G/3T) -> 21/22 London Irish (10G/2T) -> Premiership Rugby Cup 1 0 0 (1G) -> Challenge Cup 1 0 0  -> 20/21 London Irish (9G) -> Challenge Cup 1 0 1 (1G) -> 19/20 Premiership Rugby Cup (2G/1T) -> Premiership 5 1 8  -> Challenge Cup 1 0 2  -> 17/18 Super Rugby (3G/1T) -> 13/14 Heineken Cup (2G) -> Premiership 0 0 3 
Noah Foster,ノア ・フォスター,CTB,清水建設江東ブルーシャークス（2025-26）,180,95,1999.08.17,26,MountAlbertGrammarSchool,AucklandUniversity,MountAlbertGrammarSchool AucklandUniversity,B,6,https://league-one.jp/player/484214,,,,,,25/26 Japan Rugby League One - Division 2 (1G) -> 24/25 Japan Rugby League One - Division 2 (6G/2T) -> 22/23 Southland (6G) -> 21/22 Tasman (2G)
Hayden Cripps,クリップス ヘイデン,SO,清水建設江東ブルーシャークス（2025-26）,177,83,1990.10.30,35,Wellingtoncollege,Massey,Wellingtoncollege Massey,A,26,https://league-one.jp/player/484215,,,,,,25/26 Japan Rugby League One - Division 2 (1G) -> 24/25 Japan Rugby League One - Division 2 (9G) -> 23/24 Japan Rugby League One - Division 2 (9G/1T) -> 22/23 Japan Rugby League One - Division 2 (7G/1T) -> Japan Rugby League One - Division 1 0 0 2  -> 16/17 Super Rugby (7G/1T)
Sosiceni Tokoqio,トコキオ ソシセニ,No8,清水建設江東ブルーシャークス（2025-26）,189,125,1993.02.01,32,KelstonBoysHighSchool,山梨学院大学,KelstonBoysHighSchool 山梨学院大学,A,22,https://league-one.jp/player/484216,,,,,,25/26 Japan Rugby League One - Division 2 (3G) -> 24/25 Japan Rugby League One - Division 2 (11G/2T) -> 23/24 Japan Rugby League One - Division 1 (5G) -> 22/23 Japan Rugby League One - Division 1 (1G) -> 21/22 Japan Rugby League One - Division 1 (3G)
Ed Holmes,エド ・ホームズ,LO,清水建設江東ブルーシャークス（2025-26）,198,118,1995.12.27,30,TruroCollege,Plymouth,TruroCollege Plymouth,B,12,https://league-one.jp/player/484217,,,,,,25/26 Japan Rugby League One - Division 2 (4G) -> 24/25 Japan Rugby League One - Division 2 (10G/2T) -> 23/24 Premiership Rugby Cup (3G/1T) -> Premiership 0 0 2  -> Champions Cup 0 0 1  -> 22/23 Premiership (8G) -> Premiership Rugby Cup 2 0 0 (1G) -> 21/22 Premiership (8G) -> Premiership Rugby Cup 2 0 2  -> Champions Cup 2 0 0  -> 20/21 Premiership (15G) -> Champions Cup 1 0 2 (1G) -> 19/20 Premiership Rugby Cup (3G) -> Premiership 10 1 8 (2G) -> Challenge Cup 6 1 0 (1G) -> 18/19 Premiership (17G) -> Premiership Rugby Cup 1 0 0  -> Challenge Cup 2 0 1  -> 17/18 Anglo Welsh Cup (1G)
Yushi Takai,高井 優志,WTB,清水建設江東ブルーシャークス（2025-26）,175,80,2001.03.26,24,常翔学園高校,流通経済大学,常翔学園高校 流通経済大学,A,3,https://league-one.jp/player/484218,,,,,,25/26 Japan Rugby League One - Division 2 (1G) -> 24/25 Japan Rugby League One - Division 2 (3G)
Haruhiro Sakahara,坂原 春光,SH,清水建設江東ブルーシャークス（2025-26）,163,72,2001.02.27,24,東海大仰星高校,関西学院大学,東海大仰星高校 関西学院大学,A,9,https://league-one.jp/player/484219,,,,,,25/26 Japan Rugby League One - Division 2 (1G) -> 24/25 Japan Rugby League One - Division 2 (3G) -> 23/24 Japan Rugby League One - Division 3 (6G)
Daisuke Yamato,大和 大祐,PR,清水建設江東ブルーシャークス（2025-26）,180,120,2000.04.28,25,桐生第一高校,立教大学,桐生第一高校 立教大学,A,1,https://league-one.jp/player/484220,,,,,,23/24 Japan Rugby League One - Division 3 (1G)
Sanshiro Nomura,野村 三四郎,PR,清水建設江東ブルーシャークス（2025-26）,177,110,2000.09.02,25,西陵高校,京都産業大学,西陵高校 京都産業大学,A,25,https://league-one.jp/player/484221,,,,,,25/26 Japan Rugby League One - Division 2 (6G) -> 24/25 Japan Rugby League One - Division 2 (16G) -> 23/24 Japan Rugby League One - Division 3 (6G) -> 22/23 Japan Rugby League One - Division 2 (1G)
Uha Lee,李 優河,PR,清水建設江東ブルーシャークス（2025-26）,179,114,2001.02.28,24,大阪朝鮮高校,同志社大学,大阪朝鮮高校 同志社大学,A,28,https://league-one.jp/player/484222,,,,,,25/26 Japan Rugby League One - Division 2 (6G) -> 24/25 Japan Rugby League One - Division 2 (16G) -> 23/24 Japan Rugby League One - Division 3 (10G)
Soichiro Kuwata,桑田 宗一郎,SO,清水建設江東ブルーシャークス（2025-26）,170,74,2000.01.11,25,桐蔭学園高校,青山学院大学,桐蔭学園高校 青山学院大学,A,26,https://league-one.jp/player/484223,,,,,,25/26 Japan Rugby League One - Division 2 (2G/1T) -> 24/25 Japan Rugby League One - Division 2 (15G/1T) -> 23/24 Japan Rugby League One - Division 3 (3G/1T) -> 22/23 Japan Rugby League One - Division 2 (8G)
Tetsunori Osaki,大サキ,LO,清水建設江東ブルーシャークス（2025-26）,182,97,1999.04.26,26,国学院久我山高校,早稲田大学,国学院久我山高校 早稲田大学,A,8,https://league-one.jp/player/484224,,,,,,25/26 Japan Rugby League One - Division 2 (1G) -> 24/25 Japan Rugby League One - Division 2 (8G) -> 23/24 Japan Rugby League One - Division 3 (3G) -> 22/23 Japan Rugby League One - Division 2 (6G)
Yasuyuki Yamamoto,山本 泰之,HO,清水建設江東ブルーシャークス（2025-26）,170,95,2000.03.05,25,石見智翠館高校,天理大学,石見智翠館高校 天理大学,A,9,https://league-one.jp/player/484225,,,,,,24/25 Japan Rugby League One - Division 2 (5G) -> 23/24 Japan Rugby League One - Division 3 (4G/1T) -> 22/23 Japan Rugby League One - Division 2 (1G)
Kaito Tamori,田森 海音,HO,清水建設江東ブルーシャークス（2025-26）,180,93,1999.06.04,26,長崎北陽台高校,明治大学,長崎北陽台高校 明治大学,A,33,https://league-one.jp/player/484226,,,'19 U20,,,25/26 Japan Rugby League One - Division 2 (4G) -> 24/25 Japan Rugby League One - Division 2 (13G/1T) -> 23/24 Japan Rugby League One - Division 3 (9G/3T) -> 22/23 Japan Rugby League One - Division 2 (11G/1T)
Taketo Yoshikawa,吉川 豪人,PR,清水建設江東ブルーシャークス（2025-26）,178,106,2000.01.05,26,大阪学院大学高校,流通経済大学,大阪学院大学高校 流通経済大学,A,4,https://league-one.jp/player/484227,,,,,,25/26 Japan Rugby League One - Division 2 (1G) -> 23/24 Japan Rugby League One - Division 3 (3G) -> 21/22 Japan Rugby League One - Division 3 (1G)
Ryota Saito,齊藤 遼太,PR,清水建設江東ブルーシャークス（2025-26）,182,114,1999.07.13,26,関西学院高校,関西学院大学,関西学院高校 関西学院大学,A,29,https://league-one.jp/player/484228,,,,,,25/26 Japan Rugby League One - Division 2 (4G) -> 24/25 Japan Rugby League One - Division 2 (12G) -> 23/24 Japan Rugby League One - Division 3 (8G/1T) -> 22/23 Japan Rugby League One - Division 2 (9G/2T) -> 21/22 Japan Rugby League One - Division 3 (1G)
Usa Baleilautoka,ウサ ・バレイラウトカ,PR,清水建設江東ブルーシャークス（2025-26）,177,104,1996.06.27,29,KelstonBoysHighSchool,立正大学,KelstonBoysHighSchool 立正大学,A,7,https://league-one.jp/player/484230,,,,,,25/26 Japan Rugby League One - Division 2 (5G) -> 23/24 Japan Rugby League One - Division 3 (7G/1T) -> 22/23 Japan Rugby League One - Division 2 (4G/1T)
Coenraad VanWyk,コンラッド ・バンワイク,FB,清水建設江東ブルーシャークス（2025-26）,184,93,1988.01.08,38,PaulRoosGymnasium,Stellenbosch,PaulRoosGymnasium Stellenbosch,A,46,https://league-one.jp/player/484231,,,,,,Not Found
Tatsuhiro Ozaki,尾ザキ,FB,清水建設江東ブルーシャークス（2025-26）,185,90,1995.08.13,30,桐蔭学園高校,法政大学,桐蔭学園高校 法政大学,A,38,https://league-one.jp/player/484232,,,,,,25/26 Japan Rugby League One - Division 2 (6G/2T) -> 24/25 Japan Rugby League One - Division 2 (13G/5T) -> 23/24 Japan Rugby League One - Division 3 (10G/1T) -> 22/23 Japan Rugby League One - Division 2 (8G) -> 21/22 Japan Rugby League One - Division 3 (4G/1T) -> Japan Rugby League One - Division 2 1 0 0 
Eiya Miyazaki,宮ザキ,WTB,清水建設江東ブルーシャークス（2025-26）,176,84,1996.06.05,29,長崎北陽台高校,明治大学,長崎北陽台高校 明治大学,A,4,https://league-one.jp/player/484233,,,,,,24/25 Japan Rugby League One - Division 2 (1G) -> 23/24 Japan Rugby League One - Division 3 (3G) -> 21/22 Japan Rugby League One - Division 3 (1G)
Ryota Noda,野田 涼太,CTB,清水建設江東ブルーシャークス（2025-26）,178,86,1996.09.15,29,天理高校,天理大学,天理高校 天理大学,A,25,https://league-one.jp/player/484234,,,,,,25/26 Japan Rugby League One - Division 2 (1G/1T) -> 24/25 Japan Rugby League One - Division 2 (2G/1T) -> 23/24 Japan Rugby League One - Division 3 (8G/5T) -> 22/23 Japan Rugby League One - Division 2 (5G/2T) -> 21/22 Japan Rugby League One - Division 3 (8G/2T) -> Japan Rugby League One - Division 2 2 0 0 (4G)
Takuya Kanemura,金村 拓耶,CTB,清水建設江東ブルーシャークス（2025-26）,178,88,1995.09.13,30,常翔啓光学園高校,朝日大学,常翔啓光学園高校 朝日大学,A,5,https://league-one.jp/player/484235,,,,,,23/24 Japan Rugby League One - Division 3 (4G/1T) -> 21/22 Japan Rugby League One - Division 3 (1G)
Masaya Yamada,山田 雅也,SO,清水建設江東ブルーシャークス（2025-26）,171,82,1998.07.03,27,桐蔭学園高校,筑波大学,桐蔭学園高校 筑波大学,A,5,https://league-one.jp/player/484236,,,,,,25/26 Japan Rugby League One - Division 2 (1G) -> 24/25 Japan Rugby League One - Division 2 (1G) -> 23/24 Japan Rugby League One - Division 3 (3G) -> 21/22 Japan Rugby League One - Division 3 (1G)
Reijiro Usui,臼井 礼二朗,SH,清水建設江東ブルーシャークス（2025-26）,171,75,1998.09.06,27,天理高校,天理大学,天理高校 天理大学,A,29,https://league-one.jp/player/484237,,,,,,24/25 Japan Rugby League One - Division 2 (11G) -> 23/24 Japan Rugby League One - Division 3 (4G) -> 22/23 Japan Rugby League One - Division 2 (4G) -> 21/22 Japan Rugby League One - Division 3 (10G/1T) -> Japan Rugby League One - Division 2 2 0 0 
Yutaro Shirako,白子 雄太郎,No8,清水建設江東ブルーシャークス（2025-26）,184,98,1993.01.10,32,慶應義塾高校,慶應義塾大学,慶應義塾高校 慶應義塾大学,A,33,https://league-one.jp/player/484238,,,,,,25/26 Japan Rugby League One - Division 2 (1G) -> 24/25 Japan Rugby League One - Division 2 (7G) -> 23/24 Japan Rugby League One - Division 3 (8G/1T) -> 22/23 Japan Rugby League One - Division 2 (10G) -> 21/22 Japan Rugby League One - Division 3 (6G) -> Japan Rugby League One - Division 2 2 0 0 
Ginjiro Hase,長谷 銀次朗,FL,清水建設江東ブルーシャークス（2025-26）,180,95,1998.08.04,27,御所実業高校,日本大学,御所実業高校 日本大学,A,23,https://league-one.jp/player/484239,,,,,,25/26 Japan Rugby League One - Division 2 (5G/2T) -> 23/24 Japan Rugby League One - Division 3 (1G) -> 22/23 Japan Rugby League One - Division 2 (10G/1T) -> 21/22 Japan Rugby League One - Division 3 (8G/1T) -> Japan Rugby League One - Division 2 2 0 0 (2G)
Kodai Takahashi,高橋 広大,FL,清水建設江東ブルーシャークス（2025-26）,184,102,1998.05.09,27,桐蔭学園高校,明治大学,桐蔭学園高校 明治大学,A,22,https://league-one.jp/player/484240,,,,,,Not Found
Haruki Matsudo,松土 治樹,FL,清水建設江東ブルーシャークス（2025-26）,180,96,1996.01.06,30,日川高校,専修大学,日川高校 専修大学,A,24,https://league-one.jp/player/484241,,,,,,25/26 Japan Rugby League One - Division 2 (1G) -> 24/25 Japan Rugby League One - Division 2 (3G) -> 23/24 Japan Rugby League One - Division 3 (9G/1T) -> 22/23 Japan Rugby League One - Division 2 (4G) -> 21/22 Japan Rugby League One - Division 3 (7G) -> Japan Rugby League One - Division 2 2 0 0 (1G)
Suguru Hidaka,日高 駿,LO,清水建設江東ブルーシャークス（2025-26）,191,108,1990.02.15,35,筑紫高校,明治大学,筑紫高校 明治大学,A,24,https://league-one.jp/player/484242,,,,,,24/25 Japan Rugby League One - Division 2 (4G) -> 23/24 Japan Rugby League One - Division 3 (8G/1T) -> 22/23 Japan Rugby League One - Division 2 (2G) -> 21/22 Japan Rugby League One - Division 3 (10G) -> Japan Rugby League One - Division 2 2 0 0 
Ryota Sakino,崎野 諒太,LO,清水建設江東ブルーシャークス（2025-26）,185,103,1990.02.05,35,小倉高校,筑波大学,小倉高校 筑波大学,A,8,https://league-one.jp/player/484243,,,,,,23/24 Japan Rugby League One - Division 3 (4G/1T) -> 22/23 Japan Rugby League One - Division 2 (3G) -> 21/22 Japan Rugby League One - Division 3 (2G)
Riki Tanaka,田中 利輝,FL,清水建設江東ブルーシャークス（2025-26）,176,95,1998.10.18,27,東海大仰星高校,京都産業大学,東海大仰星高校 京都産業大学,A,8,https://league-one.jp/player/484244,,,,,,23/24 Japan Rugby League One - Division 3 (3G/1T) -> 21/22 Japan Rugby League One - Division 3 (5G/1T)
Kumpei Onishi,大西 訓平,HO,清水建設江東ブルーシャークス（2025-26）,177,100,1996.04.26,29,國學院久我山高校,筑波大学,國學院久我山高校 筑波大学,A,3,https://league-one.jp/player/484245,,,,,,23/24 Japan Rugby League One - Division 3 (1G) -> 21/22 Japan Rugby League One - Division 3 (2G)
Naomichi Tatekawa,立川 直道,HO,清水建設江東ブルーシャークス（2025-26）,174,96,1988.10.31,37,天理高校,天理大学,天理高校 天理大学,A,44,https://league-one.jp/player/484246,,,,,,25/26 Japan Rugby League One - Division 2 (4G) -> 24/25 Japan Rugby League One - Division 2 (14G) -> 23/24 Japan Rugby League One - Division 3 (9G/3T) -> 22/23 Japan Rugby League One - Division 2 (10G/1T) -> 21/22 Japan Rugby League One - Division 3 (7G/2T) -> Japan Rugby League One - Division 2 2 0 0 
Takatoshi Sugawara,菅原 崇聖,PR,清水建設江東ブルーシャークス（2025-26）,175,105,1987.03.13,38,函館ラ・サール高校,同志社大学,函館ラ・サール高校 同志社大学,A,26,https://league-one.jp/player/484247,,,,,,24/25 Japan Rugby League One - Division 2 (1G) -> 23/24 Japan Rugby League One - Division 3 (9G) -> 22/23 Japan Rugby League One - Division 2 (4G) -> 21/22 Japan Rugby League One - Division 3 (11G/1T) -> Japan Rugby League One - Division 2 2 0 0 
Daiki Shimura,志村 太基,PR,清水建設江東ブルーシャークス（2025-26）,170,100,1995.09.06,30,桐蔭学園高校,成蹊大学,桐蔭学園高校 成蹊大学,A,16,https://league-one.jp/player/484248,,,,,,24/25 Japan Rugby League One - Division 2 (4G) -> 23/24 Japan Rugby League One - Division 3 (2G) -> 22/23 Japan Rugby League One - Division 2 (8G) -> 21/22 Japan Rugby League One - Division 3 (2G)
Tom Rowe,トム ・ロウ,LO,清水建設江東ブルーシャークス（2025-26）,200,110,1991.02.21,34,Otagoboyshighschool,Otagouniversity,Otagoboyshighschool Otagouniversity,A,39,https://league-one.jp/player/484249,,,,,,25/26 Japan Rugby League One - Division 2 (6G) -> 24/25 Japan Rugby League One - Division 2 (10G/1T) -> 23/24 Japan Rugby League One - Division 3 (8G) -> 22/23 Japan Rugby League One - Division 3 (9G/2T) -> Japan Rugby League One - Division 2 1 0 1 (1G) -> 21/22 Japan Rugby League One - Division 3 (8G) -> 18/19 Super Rugby (12G/1T)
Shinya Nara,奈良 真弥,PR,清水建設江東ブルーシャークス（2025-26）,180,105,2001.08.31,24,秋田工業高校,天理大学,秋田工業高校 天理大学,A,5,https://league-one.jp/player/484250,,,,,,24/25 Japan Rugby League One - Division 2 (3G) -> 23/24 Japan Rugby League One - Division 3 (2G)
Koyo Adachi,安達 航洋,LO,清水建設江東ブルーシャークス（2025-26）,190,107,2002.02.09,23,桐蔭学園高校,東京学芸大学,桐蔭学園高校 東京学芸大学,A,17,https://league-one.jp/player/484251,,,,,,25/26 Japan Rugby League One - Division 2 (5G) -> 24/25 Japan Rugby League One - Division 2 (14G/4T) -> 23/24 Japan Rugby League One - Division 3 (2G/1T)
Tatsuya Kanetsuki,金築 達也,SH,清水建設江東ブルーシャークス（2025-26）,181,80,2001.08.09,24,報徳学園高校,関西学院大学,報徳学園高校 関西学院大学,A,18,https://league-one.jp/player/484252,,,,,,25/26 Japan Rugby League One - Division 2 (6G) -> 24/25 Japan Rugby League One - Division 2 (13G/2T) -> 23/24 Japan Rugby League One - Division 3 (3G)
Maito Matsuo,松尾 磨人,SH,清水建設江東ブルーシャークス（2025-26）,173,78,2001.07.02,24,TheSouthportSchool,同志社大学,TheSouthportSchool 同志社大学,A,0,https://league-one.jp/player/484253,,,,,,No Data
Sione Talitui,シオネ ・タリトゥイ,FL,清水建設江東ブルーシャークス（2025-26）,187,110,1998.01.24,27,Auckland,Grammar,Auckland Grammar School,C,1,https://league-one.jp/player/485527,,,,,,Not Found
THOMAS Umaga JENSEN,トーマス ・ウマガ=ジェンセン,CTB,豊田自動織機シャトルズ愛知（2025-26）,188,110,1997.12.31,28,スコッツカレッジ,オタゴ大学,スコッツカレッジ オタゴ大学,B,2,https://league-one.jp/player/484392,,,,,,25/26 Japan Rugby League One - Division 2 (5G) -> 24/25 Super Rugby Pacific (10G/1T) -> 23/24 Otago (9G/1T) -> 22/23 Super Rugby Pacific (11G/2T) -> 21/22 Super Rugby Pacific (11G/2T) -> 20/21 Super Rugby Aotearoa (2G/1T) -> 19/20 Otago (1G) -> 18/19 Highlanders (7G) -> 17/18 Highlanders (1G)
Ajay Faleafaga,エイジェイ ・ファレアファガ,SO,豊田自動織機シャトルズ愛知（2025-26）,170,89,2003.02.02,22,セントピーターズカレッジ,オタゴ大学,セントピーターズカレッジ オタゴ大学,B,0,https://league-one.jp/player/484393,,,,,,24/25 Super Rugby Pacific (3G/1T) -> 23/24 Super Rugby Pacific (9G/1T) -> 22/23 Otago (7G/1T)
Yuta Tokunaga,徳永 優太,UTB,豊田自動織機シャトルズ愛知（2025-26）,174,90,2002.12.19,23,佐賀工業高校,日本大学,佐賀工業高校 日本大学,A,0,https://league-one.jp/player/484394,,,,,,No Data
Kei Sato,佐藤 慶,HO,豊田自動織機シャトルズ愛知（2025-26）,169,100,1997.01.27,28,天理高校,天理大学,天理高校 天理大学,A,17,https://league-one.jp/player/484395,,,'17 U23,,,25/26 Japan Rugby League One - Division 2 (1G) -> 23/24 Japan Rugby League One - Division 2 (8G) -> Japan Rugby League One - Division 1 1 0 0  -> 22/23 Japan Rugby League One - Division 2 (2G) -> 21/22 Japan Rugby League One - Division 3 (5G/4T)
Jack Dunne,ジャック ・ダン,LO,豊田自動織機シャトルズ愛知（2025-26）,202,119,1998.11.21,27,セント・マイケルズ・カレッジ,トリニティ・カレッジ・ダブリン,セント・マイケルズ・カレッジ トリニティ・カレッジ・ダブリン,B,2,https://league-one.jp/player/484396,,,United Rugby Championship(5CAP),,,25/26 Japan Rugby League One - Division 2 (6G) -> 24/25 Premiership (4G) -> Champions Cup 0 0 1  -> Premiership Rugby Cup 1 0 0  -> 23/24 Premiership Rugby Cup (4G) -> Champions Cup 1 0 0 (1G) -> Premiership 3 0 4  -> 22/23 Premiership (19G) -> Premiership Rugby Cup 2 0 0  -> Champions Cup 1 0 1  -> 21/22 United Rugby Championship (5G) -> 20/21 Leinster (8G) -> 19/20 Leinster (2G) -> 18/19 Leinster (6G)
Tulimafua Mahola Tupou,トゥリマフア ・マホラ・トゥポウ,CTB,豊田自動織機シャトルズ愛知（2025-26）,185,105,2004.10.25,21,日本航空石川高校,天理大学,日本航空石川高校 天理大学,A,0,https://league-one.jp/player/484397,,,,,,Not Found
Lachlan Osborne,ロックラン ・オズボーン,LO,豊田自動織機シャトルズ愛知（2025-26）,194,115,1999.09.01,26,キャンベラグラマースクール,キャンベラ大学,キャンベラグラマースクール キャンベラ大学,A,10,https://league-one.jp/player/484398,,,,,,23/24 Japan Rugby League One - Division 3 (10G/5T) -> 22/23 Japan Rugby League One - Division 3 (12G/5T) -> 21/22 Japan Rugby League One - Division 2 (11G/2T)
Sora Roland Alaiasa,アライアサ 空ローランド,FB,豊田自動織機シャトルズ愛知（2025-26）,178,92,1995.07.10,30,ケルストンボーイズ,立正大学,ケルストンボーイズ高校 立正大学,A,31,https://league-one.jp/player/484399,,,,,,Not Found
Viliami Lutua Ahofono,ヴィリアミ ・ルトゥア・アホフォノ,FL,豊田自動織機シャトルズ愛知（2025-26）,186,114,2000.10.08,25,トンガカレッジ,摂南大学,トンガカレッジ 摂南大学,A,23,https://league-one.jp/player/484400,,,,,,25/26 Japan Rugby League One - Division 2 (5G) -> 24/25 Japan Rugby League One - Division 2 (10G/3T) -> 23/24 Japan Rugby League One - Division 2 (8G/6T) -> Japan Rugby League One - Division 1 0 0 2  -> 22/23 Japan Rugby League One - Division 1 (1G)
Daito Tone,登根 大斗,SH,豊田自動織機シャトルズ愛知（2025-26）,165,72,2002.07.03,23,御所実業高校,明治大学,御所実業高校 明治大学,A,0,https://league-one.jp/player/484401,,,,,,No Data
Daishi Nyui,乳井 大士,PR,豊田自動織機シャトルズ愛知（2025-26）,168,109,2003.04.01,22,中部大学春日丘高校,京都産業大学,中部大学春日丘高校 京都産業大学,A,0,https://league-one.jp/player/484402,,,,,,25/26 Japan Rugby League One - Division 2 (1G)
Kazushi Murata,村田 和志,HO,豊田自動織機シャトルズ愛知（2025-26）,171,93,2002.04.22,23,京都成章高校,東海大学,京都成章高校 東海大学,A,0,https://league-one.jp/player/484403,,,,,,No Data
Siale Otuhouma,シアレ ・オトゥホウマ,PR,豊田自動織機シャトルズ愛知（2025-26）,178,108,2002.05.15,23,東海大付属福岡高校,東海大学,東海大付属福岡高校 東海大学,A,3,https://league-one.jp/player/484404,,,,,,25/26 Japan Rugby League One - Division 2 (3G) -> 24/25 Japan Rugby League One - Division 2 (2G) -> Japan Rugby League One - Division 1 1 0 0 
Sebastian Boshoff,セバスチャン ・ボショフ,CTB,豊田自動織機シャトルズ愛知（2025-26）,180,88,2002.07.23,23,パールボーイズハイスクール,山梨学院大学,パールボーイズハイスクール 山梨学院大学,A,0,https://league-one.jp/player/484405,,,,,,No Data
Kento Grateley,グレイトリー 献人,FB,豊田自動織機シャトルズ愛知（2025-26）,183,82,2005.11.11,20,中部大学春日丘高校,,中部大学春日丘高校,A,0,https://league-one.jp/player/484406,,,,,,No Data
Tom Florence,トム ・フローレンス,No8,豊田自動織機シャトルズ愛知（2025-26）,190,109,1998.05.20,27,ニュープリマスボーイズ,ワイカト大学,ニュープリマスボーイズ ワイカト大学,B,1,https://league-one.jp/player/484407,,,,,,"25/26 Japan Rugby League One - Division 2 (4G/4T) -> 24/25 Japan Rugby League One - Division 2 (1G) -> 23/24 Super Rugby Pacific (1G) -> 22/23 Major League Rugby (11G/3
																														 +2T) -> 21/22 Super Rugby Pacific (1G) -> 20/21 Super Rugby Aotearoa (1G) -> Super Rugby Trans-Tasman 1 0 0 (1G) -> 19/20 Super Rugby Aotearoa (1G)"
Isileli Manu,イシレリ ・マヌ,No8,豊田自動織機シャトルズ愛知（2025-26）,191,120,1999.07.20,26,ディルワース,,ディルワース高校,A,36,https://league-one.jp/player/484408,,,,,,Not Found
Fritz Jahnke-Tavana,フリッツ ・ヤンケタヴァナ,LO,豊田自動織機シャトルズ愛知（2025-26）,201,116,2003.08.06,22,ウェバリーカレッジ,,ウェバリーカレッジ,B,3,https://league-one.jp/player/484409,,,,,,Not Found
Josua Kerevi,ケレビ ジョシュア,UTB,豊田自動織機シャトルズ愛知（2025-26）,190,105,1992.06.18,33,ナタンブア,天理大学,ナタンブア高校 天理大学,A,39,https://league-one.jp/player/484410,,,,,,25/26 Japan Rugby League One - Division 2 (6G/5T) -> 24/25 Japan Rugby League One - Division 2 (14G/2T) -> Japan Rugby League One - Division 1 0 0 1  -> 23/24 Japan Rugby League One - Division 2 (11G/6T) -> Japan Rugby League One - Division 1 1 0 1  -> 22/23 Japan Rugby League One - Division 2 (1G) -> Japan Rugby League One - Division 1 0 0 2  -> 21/22 Japan Rugby League One - Division 3 (6G/1T)
Tiaan Thomaswheeler,ティアン ・トーマスウィーラー,CTB,豊田自動織機シャトルズ愛知（2025-26）,193,101,1999.11.19,26,Llangawtg,NeathPortTalbotGroups,Llangawtg NeathPortTalbotGroups,B,22,https://league-one.jp/player/484411,,,,,,Not Found
Taisei Okamoto,岡本 泰斉,SH,豊田自動織機シャトルズ愛知（2025-26）,173,77,2001.01.30,24,中部大学春日丘高校,帝京大学,中部大学春日丘高校 帝京大学,A,4,https://league-one.jp/player/484412,,,,,,23/24 Japan Rugby League One - Division 2 (1G) -> 22/23 Japan Rugby League One - Division 2 (3G)
Daigo Doi,土居 大吾,CTB,豊田自動織機シャトルズ愛知（2025-26）,178,93,2000.11.23,25,流通経済大学付属柏高校,流通経済大学,流通経済大学付属柏高校 流通経済大学,A,11,https://league-one.jp/player/484413,,,,,,24/25 Japan Rugby League One - Division 2 (10G/2T) -> Japan Rugby League One - Division 1 1 0 1 
Seta Naivaluwaqa,ナイバルワガ セタ,LO,豊田自動織機シャトルズ愛知（2025-26）,187,103,2001.01.09,24,秋田工業高校,天理大学,秋田工業高校 天理大学,A,23,https://league-one.jp/player/484414,,,,,,24/25 Japan Rugby League One - Division 2 (9G/1T) -> Japan Rugby League One - Division 1 1 0 1  -> 23/24 Japan Rugby League One - Division 2 (10G) -> 22/23 Japan Rugby League One - Division 2 (1G) -> Japan Rugby League One - Division 1 0 0 2 
Keita Ichikawa,市川 敬太,CTB,豊田自動織機シャトルズ愛知（2025-26）,172,83,1998.10.10,27,日新高校,天理大学,日新高校 天理大学,A,21,https://league-one.jp/player/484415,,,,,,25/26 Japan Rugby League One - Division 2 (6G) -> 24/25 Japan Rugby League One - Division 2 (6G) -> 23/24 Japan Rugby League One - Division 2 (5G/4T) -> Japan Rugby League One - Division 1 1 0 1  -> 22/23 Japan Rugby League One - Division 2 (6G)
James Mollentze,ジェームズ ・モレンツェ,CTB,豊田自動織機シャトルズ愛知（2025-26）,181,91,1999.07.08,26,アウテニクア,フリーステート大学,アウテニクア高校 フリーステート大学,B,39,https://league-one.jp/player/484416,,,,,,25/26 Japan Rugby League One - Division 2 (6G/2T) -> 24/25 Japan Rugby League One - Division 2 (14G/4T) -> Japan Rugby League One - Division 1 1 0 1  -> 23/24 Japan Rugby League One - Division 2 (12G/3T) -> 22/23 Japan Rugby League One - Division 2 (6G/1T) -> Japan Rugby League One - Division 1 0 0 1 (1G/1T) -> 18/19 South Africa U20 (4G)
James Gaskell,ジェームズ ・ガスケル,LO,豊田自動織機シャトルズ愛知（2025-26）,201,117,1990.05.20,35,SandbachSchool,Setantacollege,SandbachSchool Setantacollege,C,35,https://league-one.jp/player/484417,,,,,,24/25 Japan Rugby League One - Division 2 (14G) -> Japan Rugby League One - Division 1 1 0 1  -> 23/24 Japan Rugby League One - Division 2 (10G) -> 22/23 Japan Rugby League One - Division 2 (5G/2T) -> Japan Rugby League One - Division 1 0 0 2  -> 21/22 Premiership (10G) -> Champions Cup 1 0 1  -> Challenge Cup 1 0 1  -> 20/21 Premiership (18G/4T) -> 19/20 Premiership (13G) -> 18/19 Premiership (15G/1T) -> Champions Cup 0 1 2  -> Premiership Rugby Cup 0 0 2  -> 17/18 Premiership (14G) -> Champions Cup 3 0 3  -> Anglo Welsh Cup 0 0 1  -> 16/17 Premiership (18G) -> Champions Cup 4 0 1 (1G) -> 15/16 Premiership (9G) -> Champions Cup 4 0 2  -> 14/15 Premiership (21G/1T) -> Champions Cup 3 1 3  -> 13/14 Premiership (17G/1T) -> European Challenge Cup 3 0 2 (1G)
Ryota Fukamura,深村 亮太,PR,豊田自動織機シャトルズ愛知（2025-26）,186,125,1993.07.23,32,佐賀工業高校,帝京大学,佐賀工業高校 帝京大学,A,37,https://league-one.jp/player/484418,,,,,,25/26 Japan Rugby League One - Division 2 (6G) -> 24/25 Japan Rugby League One - Division 2 (9G) -> 23/24 Japan Rugby League One - Division 2 (11G/1T) -> Japan Rugby League One - Division 1 1 0 1  -> 22/23 Japan Rugby League One - Division 2 (9G) -> Japan Rugby League One - Division 1 0 0 2  -> 21/22 Japan Rugby League One - Division 1 (2G)
Atsushi Yumoto,湯本 睦,SH,豊田自動織機シャトルズ愛知（2025-26）,165,70,1994.05.02,31,東海大学付属大阪仰星高校,東海大学,東海大学付属大阪仰星高校 東海大学,A,30,https://league-one.jp/player/484419,,,'12 高校,,,25/26 Japan Rugby League One - Division 2 (6G/4T) -> 24/25 Japan Rugby League One - Division 2 (13G/7T) -> Japan Rugby League One - Division 1 1 0 1  -> 23/24 Japan Rugby League One - Division 2 (4G/2T) -> Japan Rugby League One - Division 1 0 0 1  -> 22/23 Japan Rugby League One - Division 2 (2G) -> 21/22 Japan Rugby League One - Division 1 (7G)
Nagito Uno,鵜野 凪斗,HO,豊田自動織機シャトルズ愛知（2025-26）,181,100,2003.07.12,22,御所実業高校,,奈良県立御所実業高校,A,0,https://league-one.jp/player/484420,,,,,,No Data
Hiroto Ogasahara,小笠原 寛人,WTB,豊田自動織機シャトルズ愛知（2025-26）,184,95,1999.06.17,26,尼崎高校,大阪産業大学,市立尼崎高校 大阪産業大学,A,7,https://league-one.jp/player/484421,,,,,,25/26 Japan Rugby League One - Division 2 (4G/2T) -> 24/25 Japan Rugby League One - Division 2 (2G) -> 23/24 Japan Rugby League One - Division 2 (3G/1T) -> Japan Rugby League One - Division 1 1 0 0 (1G) -> 22/23 Japan Rugby League One - Division 2 (1G)
Tama Kapene,タマ ・カペネ,FL,豊田自動織機シャトルズ愛知（2025-26）,187,110,1999.05.03,26,スコッツ,流通経済大学,スコッツ高校 流通経済大学,A,28,https://league-one.jp/player/484422,,,,,,25/26 Japan Rugby League One - Division 2 (1G) -> 24/25 Japan Rugby League One - Division 2 (14G/2T) -> Japan Rugby League One - Division 1 1 0 1 (1G) -> 23/24 Japan Rugby League One - Division 2 (7G) -> Japan Rugby League One - Division 1 0 0 1  -> 22/23 Japan Rugby League One - Division 2 (5G/1T)
Harutomo Kodera,小寺 晴大,PR,豊田自動織機シャトルズ愛知（2025-26）,184,125,1998.09.17,27,関西学院高等部,関西学院大学,関西学院高等部 関西学院大学,A,18,https://league-one.jp/player/484423,,,,,,24/25 Japan Rugby League One - Division 2 (2G) -> 23/24 Japan Rugby League One - Division 2 (5G) -> 22/23 Japan Rugby League One - Division 2 (8G) -> 21/22 Japan Rugby League One - Division 3 (4G)
Akito Fujinami,藤浪 輝人,HO,豊田自動織機シャトルズ愛知（2025-26）,170,95,1995.08.31,30,伏見工業高校,天理大学,伏見工業高校 天理大学,A,32,https://league-one.jp/player/484424,,,,,,25/26 Japan Rugby League One - Division 2 (5G) -> 24/25 Japan Rugby League One - Division 2 (7G/3T) -> 23/24 Japan Rugby League One - Division 2 (10G/2T) -> Japan Rugby League One - Division 1 0 0 1  -> 22/23 Japan Rugby League One - Division 2 (7G/1T) -> 21/22 Japan Rugby League One - Division 3 (6G/2T)
Naoya Ishibashi,石橋 尚也,PR,豊田自動織機シャトルズ愛知（2025-26）,173,103,1996.08.25,29,近大付属高校,近畿大学,近大付属高校 近畿大学,A,3,https://league-one.jp/player/484425,,,,,,22/23 Japan Rugby League One - Division 2 (3G)
Yamato Matsuoka,松岡 大和,FL,豊田自動織機シャトルズ愛知（2025-26）,178,94,1998.05.31,27,甲南高校,天理大学,甲南高校 天理大学,A,29,https://league-one.jp/player/484426,,,,,,25/26 Japan Rugby League One - Division 2 (1G) -> 24/25 Japan Rugby League One - Division 2 (4G) -> Japan Rugby League One - Division 1 1 0 1  -> 23/24 Japan Rugby League One - Division 2 (12G/2T) -> 22/23 Japan Rugby League One - Division 2 (6G) -> Japan Rugby League One - Division 1 0 0 1  -> 21/22 Japan Rugby League One - Division 3 (2G/1T)
Hiroaki Saito,齊藤 大朗,WTB,豊田自動織機シャトルズ愛知（2025-26）,181,92,1999.02.05,26,桐蔭学園高校,明治大学,桐蔭学園高校 明治大学,A,8,https://league-one.jp/player/484427,,,,,,24/25 Japan Rugby League One - Division 2 (14G/6T) -> Japan Rugby League One - Division 1 1 0 1 (2G) -> 23/24 Japan Rugby League One - Division 2 (6G/3T) -> Japan Rugby League One - Division 1 0 0 1  -> 22/23 Japan Rugby League One - Division 2 (11G/7T) -> Japan Rugby League One - Division 1 0 0 2  -> 21/22 Japan Rugby League One - Division 3 (8G/10T)
Takumi Suzuki,鈴木 匠,FB,豊田自動織機シャトルズ愛知（2025-26）,184,89,1998.09.02,27,札幌山の手高校,大東文化大学,札幌山の手高校 大東文化大学,A,9,https://league-one.jp/player/484428,,,,,,24/25 Japan Rugby League One - Division 2 (5G) -> 23/24 Japan Rugby League One - Division 2 (4G/1T)
Go Nakano,中野 豪,WTB,豊田自動織機シャトルズ愛知（2025-26）,170,85,1996.12.09,29,常翔啓光学園高校,天理大学,常翔啓光学園高校 天理大学,A,34,https://league-one.jp/player/484429,,,,,,25/26 Japan Rugby League One - Division 2 (4G/2T) -> 24/25 Japan Rugby League One - Division 2 (8G/6T) -> Japan Rugby League One - Division 1 1 0 1 (1G) -> 23/24 Japan Rugby League One - Division 2 (7G/5T) -> 22/23 Japan Rugby League One - Division 2 (7G/2T) -> Japan Rugby League One - Division 1 0 0 2 (2G) -> 21/22 Japan Rugby League One - Division 3 (4G/3T)
Takumi Sue,末 拓実,SH,豊田自動織機シャトルズ愛知（2025-26）,165,66,1998.03.08,27,長崎北陽台高校,帝京大学,長崎北陽台高校 帝京大学,A,24,https://league-one.jp/player/484430,,,'17 U20、'17 U23,,,25/26 Japan Rugby League One - Division 2 (5G/3T) -> 24/25 Japan Rugby League One - Division 2 (6G/2T) -> 23/24 Japan Rugby League One - Division 2 (9G/2T) -> Japan Rugby League One - Division 1 1 0 0  -> 21/22 Japan Rugby League One - Division 3 (8G/1T)
Taishi Nakamura,中村 大志,LO,豊田自動織機シャトルズ愛知（2025-26）,189,110,1995.09.05,30,大阪桐蔭高校,筑波大学,大阪桐蔭高校 筑波大学,A,32,https://league-one.jp/player/484431,,,'13 高校,,,25/26 Japan Rugby League One - Division 2 (6G) -> 24/25 Japan Rugby League One - Division 2 (11G/1T) -> Japan Rugby League One - Division 1 1 0 1  -> 22/23 Japan Rugby League One - Division 2 (10G) -> Japan Rugby League One - Division 1 0 0 2  -> 21/22 Japan Rugby League One - Division 3 (5G)
Tomoki Yamaguchi,山口 知貴,PR,豊田自動織機シャトルズ愛知（2025-26）,174,106,1994.09.28,31,天理高校,天理大学,天理高校 天理大学,A,39,https://league-one.jp/player/484432,,,,,,25/26 Japan Rugby League One - Division 2 (6G) -> 24/25 Japan Rugby League One - Division 2 (13G) -> Japan Rugby League One - Division 1 1 0 1  -> 23/24 Japan Rugby League One - Division 2 (9G/1T) -> 22/23 Japan Rugby League One - Division 2 (8G) -> Japan Rugby League One - Division 1 0 0 2  -> 21/22 Japan Rugby League One - Division 3 (2G/1T)
Takuya Tsushida,津志田 卓哉,PR,豊田自動織機シャトルズ愛知（2025-26）,182,110,1996.01.03,30,早稲田摂陵高校,東海大学,早稲田摂陵高校 東海大学,A,15,https://league-one.jp/player/484433,,,,,,25/26 Japan Rugby League One - Division 2 (2G) -> 24/25 Japan Rugby League One - Division 2 (9G) -> Japan Rugby League One - Division 1 0 0 1  -> 23/24 Japan Rugby League One - Division 2 (2G) -> 21/22 Japan Rugby League One - Division 3 (3G)
Nobuhisa Takahashi,高橋 信之,PR,豊田自動織機シャトルズ愛知（2025-26）,180,120,1998.09.02,27,朝明高校,,朝明高校,A,23,https://league-one.jp/player/484434,,,,,,25/26 Japan Rugby League One - Division 2 (6G) -> 24/25 Japan Rugby League One - Division 2 (14G) -> Japan Rugby League One - Division 1 1 0 1  -> 23/24 Japan Rugby League One - Division 2 (3G) -> 22/23 Japan Rugby League One - Division 1 (1G) -> 21/22 Japan Rugby League One - Division 3 (1G)
Raia Takashima,高島 來亜,SH,豊田自動織機シャトルズ愛知（2025-26）,184,77,2005.03.23,20,東海大学付属大阪仰星高校,,東海大学付属大阪仰星高校,A,1,https://league-one.jp/player/484435,,,,,,25/26 Japan Rugby League One - Division 2 (2G/5T) -> 23/24 Japan Rugby League One - Division 2 (2G)
Shion Matsuda,松田 知恩,SO,豊田自動織機シャトルズ愛知（2025-26）,178,74,2004.12.06,21,東海大学付属大阪仰星高校,,東海大学付属大阪仰星高校,A,0,https://league-one.jp/player/484436,,,,,,No Data
Ken Tonobe,戸野部 謙,CTB,豊田自動織機シャトルズ愛知（2025-26）,177,92,2000.07.01,25,岐阜工業高校,大東文化大学,岐阜工業高校 大東文化大学,A,7,https://league-one.jp/player/484437,,,,,,24/25 Japan Rugby League One - Division 2 (3G) -> 23/24 Japan Rugby League One - Division 2 (5G/1T)
Viliame Suwawa,ヴィリアミ ・スワワ,CTB,豊田自動織機シャトルズ愛知（2025-26）,184,103,1998.01.18,27,スヴァグラマー,拓殖大学,スヴァグラマー高校 拓殖大学,A,8,https://league-one.jp/player/484438,,,,,,23/24 Japan Rugby League One - Division 2 (8G/1T) -> Japan Rugby League One - Division 1 1 0 0 
Taleni Seu,タレニ ・セウ,No8,豊田自動織機シャトルズ愛知（2025-26）,201,119,1993.12.26,32,オネフンガ,,オネフンガ高校,C,34,https://league-one.jp/player/484439,,,,,,25/26 Japan Rugby League One - Division 2 (3G/2T) -> 24/25 Japan Rugby League One - Division 2 (13G/4T) -> Japan Rugby League One - Division 1 1 0 1 (1G) -> Pacific Nations Cup 0 0 2  -> 23/24 Japan Rugby League One - Division 2 (11G/4T) -> Rugby World Cup 1 0 2  -> 22/23 Super Rugby Pacific (13G/2T) -> Test Matchs 2 0 0 (1G) -> Pacific Nations Cup 1 0 1  -> 21/22 Japan Rugby League One - Division 3 (4G/3T) -> 18/19 Super Rugby (11G/1T) -> 17/18 Super Rugby (5G/1T) -> 16/17 Super Rugby (11G) -> 15/16 Super Rugby (17G/2T)
Chance Peni,チャンス ・ペニ,WTB,豊田自動織機シャトルズ愛知（2025-26）,191,98,1994.01.17,31,サウスランドボーイズ,アランモアカソリックカレッジ,サウスランドボーイズ高校 アランモアカソリックカレッジ,A,31,https://league-one.jp/player/484440,,,,,,25/26 Japan Rugby League One - Division 2 (6G/7T) -> 24/25 Japan Rugby League One - Division 2 (9G/9T) -> Japan Rugby League One - Division 1 1 0 1 (2G) -> 23/24 Japan Rugby League One - Division 2 (7G/2T) -> Japan Rugby League One - Division 1 0 0 1  -> 22/23 Japan Rugby League One - Division 2 (4G/5T) -> 21/22 Japan Rugby League One - Division 2 (7G/9T) -> 18/19 Super Rugby (3G/2T) -> 17/18 Super Rugby (7G/3T) -> 16/17 Western Force (7G/4T)
Takuma Oyama,大山 卓真,HO,豊田自動織機シャトルズ愛知（2025-26）,170,93,2001.12.25,24,報徳学園高校,同志社大学,報徳学園 同志社大学,A,18,https://league-one.jp/player/484441,,,,,,25/26 Japan Rugby League One - Division 2 (6G) -> 24/25 Japan Rugby League One - Division 2 (14G/2T) -> Japan Rugby League One - Division 1 1 0 1 
Cheng Chao Yi,鄭 兆毅,FL,豊田自動織機シャトルズ愛知（2025-26）,185,105,1999.11.24,26,竹園高校,天理大学,竹園高校 天理大学,A,17,https://league-one.jp/player/484442,,,,,,25/26 Japan Rugby League One - Division 2 (6G/1T) -> 24/25 Japan Rugby League One - Division 2 (12G/1T) -> Japan Rugby League One - Division 1 1 0 1  -> 23/24 Japan Rugby League One - Division 2 (2G)
Taiga Matsuoka,松岡 大河,WTB,豊田自動織機シャトルズ愛知（2025-26）,171,80,2001.09.03,24,東福岡高校,京都産業大学,東福岡高校 京都産業大学,A,2,https://league-one.jp/player/484443,,,,,,23/24 Japan Rugby League One - Division 2 (2G)
Christian Lealiifano,クリスチャン ・リアリーファノ,SO,豊田自動織機シャトルズ愛知（2025-26）,179,92,1987.09.24,38,ピーターララーセカンダリーカレ,,ピーターララーセカンダリーカレ,C,2,https://league-one.jp/player/486434,,,Test Matchs(1CAP),,,25/26 Japan Rugby League One - Division 2 (4G) -> 24/25 Major League Rugby (15G/2T) -> Test Matchs 0 1 0  -> 23/24 Super Rugby Pacific (11G) -> Summer Nations Series 0 0 1  -> Rugby World Cup 1 0 3 (1G/4T) -> 22/23 Super Rugby Pacific (9G/3T) -> 21/22 Super Rugby Pacific (11G) -> 19/20 Test Matchs (1G) -> Rugby World Cup 3 0 1  -> 18/19 Super Rugby (18G/1T) -> 17/18 Ulster (11G/1T) -> Champions Cup 4 0 2 (1G/1T) -> 16/17 Super Rugby (1G) -> 15/16 Super Rugby (16G/3T) -> 14/15 Super Rugby (18G/4T) -> 13/14 Super Rugby (13G)
Ieremia Mataena,イエレミア ・マタエナ,PR,豊田自動織機シャトルズ愛知（2025-26）,180,120,1995.09.03,30,ケルストンボーイズ,摂南大学,ケルストンボーイズ高校 摂南大学,A,8,https://league-one.jp/player/488119,,,,,,24/25 Japan Rugby League One - Division 2 (2G/1T) -> 22/23 Japan Rugby League One - Division 1 (2G) -> 21/22 Japan Rugby League One - Division 2 (5G)
Liekina Kaufusi,リエキナ ・カウフシ,WTB,日本製鉄釜石シーウェイブス（2025-26）,182,98,1998.01.24,27,トンガ・カレッジ,日本文理大学,トンガ・カレッジ 日本文理大学,A,8,https://league-one.jp/player/484478,,,,,,23/24 Japan Rugby League One - Division 1 (6G) -> 22/23 Japan Rugby League One - Division 1 (2G)
Troy Hallett,トロイ ・ハレット,PR,日本製鉄釜石シーウェイブス（2025-26）,183,114,1995.09.24,30,リンカン・ハイ・スクール,,リンカン・ハイ・スクール,B,2,https://league-one.jp/player/484479,,,,,,25/26 Japan Rugby League One - Division 2 (3G)
Lulu Paea,ルル ・パエア,HO,日本製鉄釜石シーウェイブス（2025-26）,171,105,2003.06.03,22,セント・エドワーズ・カレッジ,,セント・エドワーズ・カレッジ,B,1,https://league-one.jp/player/484480,,,,,,25/26 Japan Rugby League One - Division 2 (1G) -> 24/25 Japan Rugby League One - Division 1 (1G)
Connor Seve,コナー ・セヴェ,LO,日本製鉄釜石シーウェイブス（2025-26）,201,116,2002.01.07,24,トリニティ・カレッジ,,トリニティ・カレッジ,B,0,https://league-one.jp/player/484481,,,,,,21/22 Oceania Rugby U20 Championship (2G)
Shinnosuke Tafokitau Oka,岡 新之助タフォキタウ,SH,日本製鉄釜石シーウェイブス（2025-26）,173,81,1994.06.11,31,トンガ・カレッジ,大東文化大学,トンガ・カレッジ 大東文化大学,A,5,https://league-one.jp/player/484482,,,,,,Not Found
Paula Mahe,パウラ ・マヘ,CTB,日本製鉄釜石シーウェイブス（2025-26）,184,103,2000.08.06,25,セント・ピーターズ・ケンブリッジ,,セント・ピーターズ・ケンブリッジ,C,0,https://league-one.jp/player/484483,,,,,,No Data
Koki Saito,齋藤 弘毅,CTB,日本製鉄釜石シーウェイブス（2025-26）,175,90,2002.09.21,23,流経大柏高高校,日本体育大学,流経大柏高 日本体育大学,A,0,https://league-one.jp/player/484484,,,,,,No Data
Gosuke Kawakami,川上 剛右,WTB,日本製鉄釜石シーウェイブス（2025-26）,173,85,1994.04.28,31,東福岡高校,関西学院大学,東福岡高校 関西学院大学,A,20,https://league-one.jp/player/484485,,,,,,25/26 Japan Rugby League One - Division 2 (4G/1T) -> 24/25 Japan Rugby League One - Division 2 (11G/4T) -> 21/22 Japan Rugby League One - Division 2 (7G/1T)
Mitchell Hunt,ミッチェル ・ハント,SO,日本製鉄釜石シーウェイブス（2025-26）,172,83,1995.06.19,30,ネルソン,,ネルソン高校,B,34,https://league-one.jp/player/484486,,,,,,Not Found
Angus Fletcher,アンガス ・フレッチャー,FL,日本製鉄釜石シーウェイブス（2025-26）,185,105,2000.06.21,25,ランギオラ,カンタベリー大学,ランギオラ高校 カンタベリー大学,B,5,https://league-one.jp/player/484487,,,,,,25/26 Japan Rugby League One - Division 2 (4G/1T) -> 24/25 Japan Rugby League One - Division 2 (2G) -> 22/23 Tasman (7G)
Satoshi Hatazawa,畠澤 諭,LO,日本製鉄釜石シーウェイブス（2025-26）,193,114,1998.05.27,27,開志国際高校,立命館大学,開志国際高校 立命館大学,A,16,https://league-one.jp/player/484488,,,,,,25/26 Japan Rugby League One - Division 2 (4G/1T) -> 24/25 Japan Rugby League One - Division 2 (13G)
Satoshi Ueda,上田 聖,PR,日本製鉄釜石シーウェイブス（2025-26）,181,110,1989.04.08,36,鶴来高校,天理大学,鶴来高校 天理大学,A,33,https://league-one.jp/player/484489,,,,,,24/25 Japan Rugby League One - Division 2 (13G/1T) -> 23/24 Japan Rugby League One - Division 2 (4G) -> 22/23 Japan Rugby League One - Division 1 (15G) -> 21/22 Japan Rugby League One - Division 1 (2G)
Kazushi Ochi,落 和史,SO,日本製鉄釜石シーウェイブス（2025-26）,182,93,2001.01.05,25,石見智翠館高校,大東文化大学,石見智翠館高校 大東文化大学,A,33,https://league-one.jp/player/484490,,,,,,25/26 Japan Rugby League One - Division 2 (3G/1T) -> 24/25 Japan Rugby League One - Division 2 (13G/1T) -> 23/24 Japan Rugby League One - Division 2 (13G/2T) -> 22/23 Japan Rugby League One - Division 2 (5G)
Darius Thomas,ダリエス ・トマス,WTB,日本製鉄釜石シーウェイブス（2025-26）,183,83,2003.10.20,22,仙台育英高校,,仙台育英高校,A,4,https://league-one.jp/player/484491,,,,,,24/25 Japan Rugby League One - Division 2 (2G/1T) -> 23/24 Japan Rugby League One - Division 2 (1G) -> 22/23 Japan Rugby League One - Division 2 (1G)
Osukalloyd Murata,村田 オスカロイド,CTB,日本製鉄釜石シーウェイブス（2025-26）,173,84,1994.01.02,32,フレッシュウォーター,東海大学,フレッシュウォーター高校 東海大学,A,31,https://league-one.jp/player/484492,,,,,,Not Found
Kohei Ishigaki,石垣 航平,FL,日本製鉄釜石シーウェイブス（2025-26）,183,110,1993.06.25,32,宮古高校,帝京大学,宮古高校 帝京大学,A,46,https://league-one.jp/player/484493,,,,,,25/26 Japan Rugby League One - Division 2 (1G/1T) -> 24/25 Japan Rugby League One - Division 2 (16G/2T) -> 23/24 Japan Rugby League One - Division 2 (14G/4T) -> 22/23 Japan Rugby League One - Division 2 (10G/1T) -> 21/22 Japan Rugby League One - Division 3 (6G/1T)
Dallas Tatana,タタナ ダラス,LO,日本製鉄釜石シーウェイブス（2025-26）,189,107,1991.08.27,34,札幌山の手高校,東海大学,札幌山の手高校 東海大学,A,37,https://league-one.jp/player/484494,,,,,,24/25 Japan Rugby League One - Division 2 (12G) -> 23/24 Japan Rugby League One - Division 2 (11G) -> 22/23 Japan Rugby League One - Division 2 (10G/1T) -> 21/22 Japan Rugby League One - Division 3 (4G/1T)
Daisuke Musha,武者 大輔,FL,日本製鉄釜石シーウェイブス（2025-26）,177,96,1990.05.18,35,仙台育英高校,法政大学,仙台育英高校 法政大学,A,23,https://league-one.jp/player/484495,,,,,,23/24 Japan Rugby League One - Division 2 (13G) -> 22/23 Japan Rugby League One - Division 2 (10G/1T)
Ryuji Abe,阿部 竜二,WTB,日本製鉄釜石シーウェイブス（2025-26）,167,80,1999.09.23,26,黒沢尻工業高校,関東学院大学,黒沢尻工業高校 関東学院大学,A,33,https://league-one.jp/player/484496,,,,,,25/26 Japan Rugby League One - Division 2 (4G/2T) -> 24/25 Japan Rugby League One - Division 2 (12G/4T) -> 23/24 Japan Rugby League One - Division 2 (10G/5T) -> 22/23 Japan Rugby League One - Division 2 (8G/2T)
Takumi Tokairin,東海林 拓実,SH,日本製鉄釜石シーウェイブス（2025-26）,162,71,1999.06.14,26,山形中央高校,大東文化大学,山形中央高校 大東文化大学,A,9,https://league-one.jp/player/484497,,,,,,23/24 Japan Rugby League One - Division 2 (6G) -> 22/23 Japan Rugby League One - Division 2 (4G)
Taiki Noguchi,野口 大貴,PR,日本製鉄釜石シーウェイブス（2025-26）,183,115,1999.04.20,26,北海道遠軽高校,大東文化大学,北海道遠軽高校 大東文化大学,A,32,https://league-one.jp/player/484498,,,,,,25/26 Japan Rugby League One - Division 2 (2G) -> 24/25 Japan Rugby League One - Division 2 (11G) -> 23/24 Japan Rugby League One - Division 2 (10G) -> 22/23 Japan Rugby League One - Division 2 (9G)
Ken Chiba,千葉 健,WTB,日本製鉄釜石シーウェイブス（2025-26）,171,80,2002.08.30,23,青森山田高校,,青森山田高校,A,0,https://league-one.jp/player/484499,,,,,,No Data
Kodai Ono,小野 航大,WTB,日本製鉄釜石シーウェイブス（2025-26）,170,82,1991.12.15,34,磐城高校,東海大学,磐城高校 東海大学,A,33,https://league-one.jp/player/484500,,,,,,25/26 Japan Rugby League One - Division 2 (4G/1T) -> 24/25 Japan Rugby League One - Division 2 (2G) -> 23/24 Japan Rugby League One - Division 2 (10G/2T) -> 22/23 Japan Rugby League One - Division 2 (11G/6T) -> 21/22 Japan Rugby League One - Division 2 (7G)
Katsuto Hatanaka,畠中 豪士,CTB,日本製鉄釜石シーウェイブス（2025-26）,178,90,1996.09.25,29,函館工業高校,大東文化大学,函館工業高校 大東文化大学,A,22,https://league-one.jp/player/484501,,,,,,24/25 Japan Rugby League One - Division 2 (9G/1T) -> 23/24 Japan Rugby League One - Division 2 (7G/1T) -> 21/22 Japan Rugby League One - Division 2 (8G)
Gerdus Vanderwalt,ヘルダス ・ファンデルヴォルト,CTB,日本製鉄釜石シーウェイブス（2025-26）,184,102,1995.04.20,30,モニュメント,ヨハネスブルグ大学,モニュメント高校 ヨハネスブルグ大学,A,30,https://league-one.jp/player/484502,,,,,,Not Found
Yohei Murakami,村上 陽平,SH,日本製鉄釜石シーウェイブス（2025-26）,168,73,1998.05.20,27,仙台育英高校,日本大学,仙台育英高校 日本大学,A,49,https://league-one.jp/player/484503,,,,,,25/26 Japan Rugby League One - Division 2 (3G/1T) -> 24/25 Japan Rugby League One - Division 2 (16G/4T) -> 23/24 Japan Rugby League One - Division 2 (8G/2T) -> 22/23 Japan Rugby League One - Division 2 (12G/1T) -> 21/22 Japan Rugby League One - Division 2 (11G/4T)
Atsushi Minami,南 篤志,SH,日本製鉄釜石シーウェイブス（2025-26）,173,85,1993.08.06,32,清真学園高校,慶應義塾大学,清真学園高校 慶應義塾大学,A,43,https://league-one.jp/player/484504,,,,,,25/26 Japan Rugby League One - Division 2 (2G) -> 24/25 Japan Rugby League One - Division 2 (16G/1T) -> 23/24 Japan Rugby League One - Division 2 (14G/2T) -> 22/23 Japan Rugby League One - Division 2 (8G/1T) -> 21/22 Japan Rugby League One - Division 2 (4G)
Naoki Ouno,王野 尚希,HO,日本製鉄釜石シーウェイブス（2025-26）,176,102,1996.09.04,29,東海大学付属相模高校,東海大学,東海大学付属相模高校 東海大学,A,30,https://league-one.jp/player/484505,,,,,,24/25 Japan Rugby League One - Division 2 (8G) -> 23/24 Japan Rugby League One - Division 2 (10G/1T) -> 22/23 Japan Rugby League One - Division 2 (4G) -> 21/22 Japan Rugby League One - Division 2 (9G)
Ryota Kono,河野 良太,FL,日本製鉄釜石シーウェイブス（2025-26）,169,90,1995.12.07,30,中部大学春日丘高校,大東文化大学,中部大学春日丘高校 大東文化大学,A,47,https://league-one.jp/player/484506,,,,,,25/26 Japan Rugby League One - Division 2 (4G/1T) -> 24/25 Japan Rugby League One - Division 2 (16G/5T) -> 23/24 Japan Rugby League One - Division 2 (10G/1T) -> 22/23 Japan Rugby League One - Division 2 (10G/4T) -> 21/22 Japan Rugby League One - Division 2 (8G/5T)
Benjamin Nee-Nee,ベンジャミン ・ニーニー,FL,日本製鉄釜石シーウェイブス（2025-26）,200,117,1993.05.12,32,ボタニーダウンズ・セカンダリーカレッジ,,ボタニーダウンズ・セカンダリーカレッジ,C,49,https://league-one.jp/player/484507,,,,,,Not Found
Ryunosuke Yamada,山田 龍之介,LO,日本製鉄釜石シーウェイブス（2025-26）,188,105,1991.10.12,34,大泉高校,立教大学,大泉高校 立教大学,A,30,https://league-one.jp/player/484508,,,,,,25/26 Japan Rugby League One - Division 2 (4G) -> 24/25 Japan Rugby League One - Division 2 (6G) -> 23/24 Japan Rugby League One - Division 2 (7G/1T) -> 22/23 Japan Rugby League One - Division 2 (4G) -> 21/22 Japan Rugby League One - Division 2 (11G)
Taiki Ito,伊藤 大輝,HO,日本製鉄釜石シーウェイブス（2025-26）,176,106,1994.05.17,31,若狭東高校,,若狭東高校,A,52,https://league-one.jp/player/484509,,,,,,25/26 Japan Rugby League One - Division 2 (3G) -> 24/25 Japan Rugby League One - Division 2 (15G/1T) -> 23/24 Japan Rugby League One - Division 2 (11G) -> 22/23 Japan Rugby League One - Division 2 (12G/1T) -> 21/22 Japan Rugby League One - Division 2 (11G/1T)
Shodai Osada,長田 将大,PR,日本製鉄釜石シーウェイブス（2025-26）,180,115,1998.06.01,27,関東学院六浦高校,関東学院大学,関東学院六浦高校 関東学院大学,A,3,https://league-one.jp/player/484510,,,,,,25/26 Japan Rugby League One - Division 2 (1G) -> 23/24 Japan Rugby League One - Division 2 (2G)
Yusuke Yamada,山田 裕介,PR,日本製鉄釜石シーウェイブス（2025-26）,175,105,1998.03.11,27,御所実業高校,,御所実業高校,A,31,https://league-one.jp/player/484511,,,'18 U20、'18 U23,,,25/26 Japan Rugby League One - Division 2 (1G) -> 24/25 Japan Rugby League One - Division 2 (16G) -> 23/24 Japan Rugby League One - Division 2 (14G) -> 21/22 Japan Rugby League One - Division 3 (1G)
Suguru Aoyagi,青柳 魁,PR,日本製鉄釜石シーウェイブス（2025-26）,173,106,2001.03.14,24,聖光学院高校,八戸学院大学,聖光学院高等学校 八戸学院大学,A,4,https://league-one.jp/player/484512,,,,,,Not Found
Taichi Takahashi,高橋 泰地,FL,日本製鉄釜石シーウェイブス（2025-26）,179,94,1999.12.04,26,秋田工業高校,日本体育大学,秋田工業高校 日本体育大学,A,5,https://league-one.jp/player/484513,,,,,,25/26 Japan Rugby League One - Division 1 (8G/3T) -> 24/25 Japan Rugby League One - Division 1 (16G/6T) -> 23/24 Japan Rugby League One - Division 1 (14G/13T) -> 22/23 Japan Rugby League One - Division 1 (16G/10T) -> 21/22 Japan Rugby League One - Division 1 (6G/5T)
Mosese Tonga,トンガ モセセ,CTB,日本製鉄釜石シーウェイブス（2025-26）,173,102,1992.04.05,33,日本航空高校石川,天理大学,日本航空高校石川 天理大学,A,32,https://league-one.jp/player/484514,,,,,,25/26 Japan Rugby League One - Division 2 (2G) -> 24/25 Japan Rugby League One - Division 2 (10G/1T) -> 23/24 Japan Rugby League One - Division 2 (12G) -> 21/22 Japan Rugby League One - Division 2 (9G/2T)
Ryo Kikkawa,吉川 遼,FB,日本製鉄釜石シーウェイブス（2025-26）,178,86,1996.03.21,29,国学院久我山高校,ワイカト大学,国学院久我山高校 ワイカト大学,A,15,https://league-one.jp/player/484515,,,,,,23/24 Japan Rugby League One - Division 2 (4G/1T) -> 22/23 Japan Rugby League One - Division 2 (4G/1T) -> 21/22 Japan Rugby League One - Division 2 (7G/3T)
Sei Matsuyama,松山 青,PR,日本製鉄釜石シーウェイブス（2025-26）,182,110,2001.11.28,24,岐阜工業岐高校,大東文化大学,岐阜工業岐高校 大東文化大学,A,10,https://league-one.jp/player/484516,,,,,,25/26 Japan Rugby League One - Division 2 (3G) -> 24/25 Japan Rugby League One - Division 2 (8G/1T)
Yuga Suzuki,鈴木 雄海,LO,日本製鉄釜石シーウェイブス（2025-26）,186,100,2001.11.06,24,金足農業高校,大東文化大学,金足農業高等学校 大東文化大学,A,0,https://league-one.jp/player/484517,,,,,,No Data
Kaisei Takai,高居 海靖,FB,日本製鉄釜石シーウェイブス（2025-26）,182,90,2001.07.06,24,御所実業高校,専修大学,御所実業高校 専修大学,A,5,https://league-one.jp/player/484518,,,,,,25/26 Japan Rugby League One - Division 2 (3G) -> 24/25 Japan Rugby League One - Division 2 (5G) -> 23/24 Japan Rugby League One - Division 2 (1G)
Daiki Kon,今 大輝,FB,日本製鉄釜石シーウェイブス（2025-26）,182,82,2001.08.17,24,青森山田高校,山梨学院大学,青森山田高校 山梨学院大学,A,1,https://league-one.jp/player/484519,,,,,,24/25 Japan Rugby League One - Division 2 (1G)
Riku Takahashi,高橋 璃玖,PR,日本製鉄釜石シーウェイブス（2025-26）,176,119,2001.04.07,24,秋田工業高校,國學院大学,秋田工業高校 國學院大学,A,9,https://league-one.jp/player/484520,,,,,,25/26 Japan Rugby League One - Division 2 (3G) -> 24/25 Japan Rugby League One - Division 2 (7G)
Hayato Nishibayashi,西林 勇登,HO,日本製鉄釜石シーウェイブス（2025-26）,175,100,2001.04.29,24,御所実業高校,大東文化大学,御所実業高校 大東文化大学,A,12,https://league-one.jp/player/484521,,,,,,25/26 Japan Rugby League One - Division 2 (4G/1T) -> 24/25 Japan Rugby League One - Division 2 (9G/1T)
Sam Henwood,サム ・ヘンウッド,No8,日本製鉄釜石シーウェイブス（2025-26）,186,107,1991.03.28,34,キングスカレッジ,キングス大学,キングスカレッジ キングス大学,A,40,https://league-one.jp/player/488127,,,,,,25/26 Japan Rugby League One - Division 2 (4G/2T) -> 24/25 Japan Rugby League One - Division 2 (11G/3T) -> 23/24 Japan Rugby League One - Division 2 (11G/4T) -> 22/23 Japan Rugby League One - Division 2 (10G/4T) -> 21/22 Japan Rugby League One - Division 2 (5G/2T) -> 18/19 Super Rugby (4G) -> 17/18 Super Rugby (6G) -> 15/16 Super Rugby (2G)
Peter Umaga Jensen,ピーター ・ウマガ=ジェンセン,CTB,花園近鉄ライナーズ（2025-26）,187,106,1997.12.31,28,ワイヌイオマタハイスクール-スコッツカレッジ,,ワイヌイオマタハイスクール-スコッツカレッジ,C,2,https://league-one.jp/player/484522,,,,,,25/26 Japan Rugby League One - Division 2 (6G/5T) -> 24/25 Super Rugby Pacific (12G/4T) -> 23/24 Super Rugby Pacific (7G) -> 22/23 Super Rugby Pacific (5G) -> 21/22 Super Rugby Pacific (9G/1T) -> 20/21 Super Rugby Aotearoa (8G/1T) -> Super Rugby Trans-Tasman 2 0 0 (1G) -> 19/20 Super Rugby (1G) -> Super Rugby Aotearoa 4 0 1 (4G) -> 18/19 Super Rugby (4G/2T) -> 17/18 Super Rugby (1G)
Burger Odendaal,バーガー ・オーデンダール,CTB,花園近鉄ライナーズ（2025-26）,187,106,1993.04.15,32,モニュメントハイスクール,プレトリア大学,モニュメントハイスクール プレトリア大学,B,12,https://league-one.jp/player/484523,,,United Rugby Championship(14CAP),,,25/26 Japan Rugby League One - Division 2 (2G) -> 24/25 Premiership Rugby Cup (1G) -> Premiership 1 0 2  -> Champions Cup 2 0 0  -> 23/24 Northampton (9G/1T) -> 22/23 Premiership (4G/1T) -> 21/22 United Rugby Championship (14G/2T) -> 20/21 Rainbow Cup SA (4G) -> 19/20 Super Rugby (3G) -> 18/19 Super Rugby (13G/4T) -> 17/18 Super Rugby (10G) -> 16/17 Super Rugby (15G/1T) -> 15/16 Super Rugby (8G) -> 14/15 Super Rugby (11G/2T)
Ryno Pieterse,ライノ ・ピータース,LO,花園近鉄ライナーズ（2025-26）,197,114,1998.08.06,27,ホエルスクール・ガルスフォンテン,,ホエルスクール・ガルスフォンテン,B,2,https://league-one.jp/player/484524,,,,,,25/26 Japan Rugby League One - Division 2 (4G) -> 24/25 Grenoble (7G/3T) -> 23/24 Challenge Cup (1G) -> Top 14 1 0 2  -> 22/23 Castres (7G/1T) -> Champions Cup 0 0 2  -> 21/22 Castres (6G) -> Champions Cup 0 0 1  -> Challenge Cup 0 0 1  -> 20/21 Castres (14G/3T) -> 19/20 Super Rugby (3G)
Kiran McDonald,キラン ・マクドナルド,LO,花園近鉄ライナーズ（2025-26）,202,115,1994.11.01,31,ボクレアアカデミー,,ボクレアアカデミー,B,0,https://league-one.jp/player/484525,,,United Rugby Championship(14CAP),,,24/25 Premiership (9G) -> Premiership Rugby Cup 4 0 2  -> Challenge Cup 0 0 3  -> 23/24 Premiership Rugby Cup (3G/1T) -> Premiership 0 0 9 (1G) -> Challenge Cup 0 0 1  -> 22/23 Premiership (4G) -> 21/22 United Rugby Championship (14G) -> Champions Cup 1 0 2 (1G) -> 20/21 Glasgow (6G) -> Champions Cup 0 0 1  -> Rainbow Cup 4 0 0 (1G) -> 19/20 Glasgow (8G) -> 18/19 Glasgow (5G) -> 17/18 Glasgow (9G) -> Champions Cup 0 0 3 
Yuma Nakagawa,中川 湧眞,WTB,花園近鉄ライナーズ（2025-26）,169,76,2002.07.02,23,京都成章高校,東海大学,京都成章高校 東海大学,A,0,https://league-one.jp/player/484526,,,,,,25/26 Japan Rugby League One - Division 2 (2G)
Keita Fujiwara,藤原 恵太,SH,花園近鉄ライナーズ（2025-26）,174,76,1994.06.27,31,天理高校,天理大学,天理高校 天理大学,A,39,https://league-one.jp/player/484527,,,,,,25/26 Japan Rugby League One - Division 2 (4G/2T) -> 24/25 Japan Rugby League One - Division 2 (9G) -> Japan Rugby League One - Division 1 1 0 1  -> 23/24 Japan Rugby League One - Division 2 (8G/2T) -> 22/23 Japan Rugby League One - Division 2 (6G) -> Japan Rugby League One - Division 1 0 0 1  -> 21/22 Japan Rugby League One - Division 3 (9G/2T)
Shoma Makinouchi,牧野内 翔馬,LO,花園近鉄ライナーズ（2025-26）,190,107,1994.11.05,31,東福岡高校,法政大学,東福岡高校 法政大学,A,23,https://league-one.jp/player/484528,,,'12 高校,,,25/26 Japan Rugby League One - Division 2 (2G) -> 24/25 Japan Rugby League One - Division 2 (4G/1T) -> 23/24 Japan Rugby League One - Division 2 (10G) -> Japan Rugby League One - Division 1 1 0 0  -> 22/23 Japan Rugby League One - Division 2 (6G) -> 21/22 Japan Rugby League One - Division 3 (3G)
Shohei Hirano,平野 翔平,PR,花園近鉄ライナーズ（2025-26）,178,123,1993.08.03,32,東福岡高校,東海大学,東福岡高校 東海大学,A,23,https://league-one.jp/player/484529,,,'13 U23,,,25/26 Japan Rugby League One - Division 2 (1G) -> 24/25 Japan Rugby League One - Division 1 (1G) -> 23/24 Japan Rugby League One - Division 1 (3G) -> 22/23 Japan Rugby League One - Division 1 (8G/1T) -> 21/22 Japan Rugby League One - Division 1 (14G/1T)
Sotaro Matsunaga,松永 壮太朗,FL,花園近鉄ライナーズ（2025-26）,187,100,2002.07.04,23,京都工学院高校,京都産業大学,京都工学院高校 京都産業大学,A,0,https://league-one.jp/player/484530,,,,,,No Data
Ryuji Kobayashi,小林 龍司,PR,花園近鉄ライナーズ（2025-26）,178,109,2002.10.10,23,御所実業高校,帝京大学,御所実業高校 帝京大学,A,0,https://league-one.jp/player/484531,,,,,,25/26 Japan Rugby League One - Division 2 (1G)
Ryushin Sone,曽根 隆慎,PR,花園近鉄ライナーズ（2025-26）,174,103,2002.07.24,23,大阪産業大学附属高校,京都産業大学,大阪産業大学附属高校 京都産業大学,A,0,https://league-one.jp/player/484532,,,,,,No Data
Simeone Schmidt,シミオネ ・シュミット,LO,花園近鉄ライナーズ（2025-26）,195,118,2001.04.15,24,セントルグナティウスカレッジ,帝京大学,セントルグナティウスカレッジ 帝京大学,A,4,https://league-one.jp/player/484533,,,,,,24/25 Japan Rugby League One - Division 2 (4G)
Hiroki Kumoyama,雲山 弘貴,FB,花園近鉄ライナーズ（2025-26）,187,92,1999.07.18,26,報徳学園高校,明治大学,報徳学園高校 明治大学,A,18,https://league-one.jp/player/484534,,,'17 高校,,,25/26 Japan Rugby League One - Division 2 (6G/1T) -> 24/25 Japan Rugby League One - Division 2 (12G/3T) -> Japan Rugby League One - Division 1 0 0 2  -> 22/23 Japan Rugby League One - Division 1 (2G)
Timo Sufia,ティモ ・スフィア,CTB,花園近鉄ライナーズ（2025-26）,180,105,1996.11.07,29,アロフィ・オ・タオア,朝日大学,アロフィ・オ・タオア 朝日大学,A,10,https://league-one.jp/player/484535,,,,,,24/25 Japan Rugby League One - Division 2 (8G/3T) -> Japan Rugby League One - Division 1 0 0 2 (1G)
Rintaro Maruyama,丸山 凜太朗,SO,花園近鉄ライナーズ（2025-26）,175,81,1999.12.17,26,東福岡高校,東海大学,東福岡高校 東海大学,A,15,https://league-one.jp/player/484536,,,'17 高校、'19 U20、'19 U23、'20 U23,,,25/26 Japan Rugby League One - Division 2 (3G/1T) -> 24/25 Japan Rugby League One - Division 2 (6G) -> Japan Rugby League One - Division 1 0 0 2  -> 23/24 Japan Rugby League One - Division 1 (3G) -> 22/23 Japan Rugby League One - Division 1 (3G)
Will Harrison,ウィル ・ハリソン,SO,花園近鉄ライナーズ（2025-26）,178,83,1999.07.30,26,マーサリン・カレッジ・ランドウィック,,マーサリン・カレッジ・ランドウィック,B,9,https://league-one.jp/player/484537,,,,,,25/26 Japan Rugby League One - Division 2 (2G) -> 24/25 Japan Rugby League One - Division 2 (9G/1T) -> 23/24 Super Rugby Pacific (7G) -> 21/22 Super Rugby Pacific (6G/1T) -> 20/21 Super Rugby AU (6G/1T) -> Super Rugby Trans-Tasman 0 0 5  -> 19/20 Super Rugby (6G) -> Super Rugby AU 4 0 4 (1G/19T) -> 18/19 U20 Championship (4G/1T)
Akira Ioane,アキラ ・イオアネ,No8,花園近鉄ライナーズ（2025-26）,196,123,1995.06.16,30,Aucklandgrammar,,Aucklandgrammar,C,13,https://league-one.jp/player/484538,,,,,,25/26 Japan Rugby League One - Division 2 (6G) -> 24/25 Japan Rugby League One - Division 2 (10G/4T) -> Japan Rugby League One - Division 1 0 0 1  -> 23/24 Super Rugby Pacific (14G/2T) -> 22/23 Super Rugby Pacific (10G/1T) -> 21/22 Super Rugby Pacific (7G/4T) -> Test Matchs 0 0 1 (1G) -> Rugby Championship 3 0 2  -> 20/21 Super Rugby Aotearoa (8G/2T) -> Super Rugby Trans-Tasman 6 0 0 (2G) -> Rugby Championship 4 0 1  -> 19/20 Super Rugby (3G/1T) -> Super Rugby Aotearoa 4 0 2 (2G) -> 18/19 Super Rugby (16G/2T) -> 17/18 Super Rugby (16G/8T) -> 16/17 Super Rugby (15G/4T) -> 15/16 Super Rugby (8G) -> 14/15 Super Rugby (9G/1T)
Mitchell Brown,ミッチェル ・ブラウン,LO,花園近鉄ライナーズ（2025-26）,194,108,1993.08.15,32,NewPlymouthBoysHighschool,,NewPlymouthBoysHighschool,B,27,https://league-one.jp/player/484539,,,,,,25/26 Japan Rugby League One - Division 2 (6G/2T) -> 24/25 Japan Rugby League One - Division 2 (8G) -> Japan Rugby League One - Division 1 0 0 2  -> 23/24 Japan Rugby League One - Division 1 (7G) -> 22/23 Japan Rugby League One - Division 1 (8G/2T) -> 21/22 Super Rugby Pacific (5G) -> 20/21 Super Rugby Aotearoa (8G) -> Super Rugby Trans-Tasman 1 0 1  -> 19/20 Super Rugby (5G) -> Super Rugby Aotearoa 0 0 7  -> 18/19 Super Rugby (12G/1T) -> 17/18 Super Rugby (3G/1T) -> 16/17 Super Rugby (14G/1T) -> 15/16 Super Rugby (2G)
Shintaro Okamoto,岡本 慎太郎,PR,花園近鉄ライナーズ（2025-26）,182,111,1996.04.12,29,京都成章高校,帝京大学,京都成章高校 帝京大学,A,33,https://league-one.jp/player/484540,,,,,,25/26 Japan Rugby League One - Division 2 (4G) -> 24/25 Japan Rugby League One - Division 2 (12G/2T) -> Japan Rugby League One - Division 1 0 0 2  -> 23/24 Japan Rugby League One - Division 1 (4G) -> 22/23 Japan Rugby League One - Division 1 (7G) -> 21/22 Japan Rugby League One - Division 1 (6G)
Vincent sefo,ヴィンセント ・セフォ,CTB,花園近鉄ライナーズ（2025-26）,190,105,2003.06.06,22,ブリスベンステートハイスクール,,ブリスベンステートハイスクール,B,5,https://league-one.jp/player/484541,,,,,,25/26 Japan Rugby League One - Division 2 (2G) -> 23/24 Japan Rugby League One - Division 1 (2G) -> 22/23 Japan Rugby League One - Division 1 (3G/2T)
Ryo Iwakami,岩上 龍,PR,花園近鉄ライナーズ（2025-26）,178,119,2000.09.29,25,目黒学院高校,日本大学,目黒学院高等学校 日本大学,A,6,https://league-one.jp/player/484542,,,,,,24/25 Japan Rugby League One - Division 2 (3G) -> 23/24 Japan Rugby League One - Division 1 (2G) -> 22/23 Japan Rugby League One - Division 1 (1G)
Sho Fukui,福井 翔,HO,花園近鉄ライナーズ（2025-26）,172,92,2000.05.06,25,東福岡高校,帝京大学,東福岡高校 帝京大学,A,12,https://league-one.jp/player/484543,,,'18 高校,,,25/26 Japan Rugby League One - Division 2 (5G/1T) -> 23/24 Japan Rugby League One - Division 1 (3G) -> 22/23 Japan Rugby League One - Division 1 (8G)
Shu Umemura,梅村 柊羽,FL,花園近鉄ライナーズ（2025-26）,183,96,2001.03.02,24,関商高校,東洋大学,関商高等学校 東洋大学,A,6,https://league-one.jp/player/484544,,,,,,24/25 Japan Rugby League One - Division 2 (2G) -> 22/23 Japan Rugby League One - Division 1 (4G)
Yushi Inoue,井上 優士,PR,花園近鉄ライナーズ（2025-26）,183,111,2000.07.21,25,筑紫高校,東海大学,筑紫高等学校 東海大学,A,21,https://league-one.jp/player/484545,,,,,,25/26 Japan Rugby League One - Division 2 (5G) -> 24/25 Japan Rugby League One - Division 2 (7G) -> 23/24 Japan Rugby League One - Division 1 (5G/1T) -> 22/23 Japan Rugby League One - Division 1 (7G)
Taiki Miyashita,宮下 大輝,FL,花園近鉄ライナーズ（2025-26）,181,100,1999.08.10,26,報徳学園高校,立命館大学,報徳学園高校 立命館大学,A,28,https://league-one.jp/player/484546,,,,,,25/26 Japan Rugby League One - Division 2 (2G) -> 24/25 Japan Rugby League One - Division 2 (11G/2T) -> Japan Rugby League One - Division 1 0 0 1  -> 23/24 Japan Rugby League One - Division 1 (5G/1T) -> 22/23 Japan Rugby League One - Division 1 (11G/1T)
Takahiro Hayashi,林 隆広,WTB,花園近鉄ライナーズ（2025-26）,176,86,2000.02.03,25,石見智翠館高校,東海大学,石見智翠館高等学校 東海大学,A,13,https://league-one.jp/player/484547,,,,,,25/26 Japan Rugby League One - Division 2 (6G/3T) -> 24/25 Japan Rugby League One - Division 2 (2G/1T) -> 23/24 Japan Rugby League One - Division 1 (3G) -> 22/23 Japan Rugby League One - Division 1 (3G/1T) -> 21/22 Japan Rugby League One - Division 2 (3G/2T)
Kensho Kawamura,河村 謙尚,SH,花園近鉄ライナーズ（2025-26）,171,75,1999.10.14,26,常翔学園高校,早稲田大学,常翔学園高校 早稲田大学,A,17,https://league-one.jp/player/484548,,,,,,25/26 Japan Rugby League One - Division 2 (6G/2T) -> 24/25 Japan Rugby League One - Division 2 (1G) -> 23/24 Japan Rugby League One - Division 1 (8G/2T) -> 22/23 Japan Rugby League One - Division 1 (8G/1T)
Reiya Ueyama,上山 黎哉,HO,花園近鉄ライナーズ（2025-26）,175,95,1999.09.28,26,大阪桐蔭高校,帝京大学,大阪桐蔭高校 帝京大学,A,10,https://league-one.jp/player/484549,,,,,,25/26 Japan Rugby League One - Division 2 (4G/1T) -> 24/25 Japan Rugby League One - Division 2 (5G) -> 22/23 Japan Rugby League One - Division 1 (2G) -> 21/22 Japan Rugby League One - Division 2 (2G/1T)
Lata Tangimana,ラタ ・タンギマナ,PR,花園近鉄ライナーズ（2025-26）,183,119,1998.01.23,27,トンガカレッジ,日本文理大学,トンガカレッジ 日本文理大学,A,43,https://league-one.jp/player/484550,,,,,,25/26 Japan Rugby League One - Division 2 (4G/3T) -> 24/25 Japan Rugby League One - Division 2 (7G) -> Japan Rugby League One - Division 1 0 0 2  -> 23/24 Japan Rugby League One - Division 1 (12G/2T) -> 22/23 Japan Rugby League One - Division 1 (16G) -> 21/22 Japan Rugby League One - Division 2 (4G)
Kotaro Takahashi,高橋 虎太郎,PR,花園近鉄ライナーズ（2025-26）,177,106,2000.02.23,25,報徳学園高校,天理大学,報徳学園高校 天理大学,A,6,https://league-one.jp/player/484551,,,,,,22/23 Japan Rugby League One - Division 1 (4G) -> 21/22 Japan Rugby League One - Division 2 (2G)
Yoshizumi Takeda,竹田 宜純,FB,花園近鉄ライナーズ（2025-26）,180,93,1991.04.29,34,御所実業高校,帝京大学,御所実業高校 帝京大学,A,17,https://league-one.jp/player/484552,,,'09 高校、'11 U20,,,23/24 Japan Rugby League One - Division 1 (8G/1T) -> 22/23 Japan Rugby League One - Division 1 (2G) -> 21/22 Japan Rugby League One - Division 2 (8G/4T) -> 19/20 Super Rugby (2G)
Tomoya Kimura,木村 朋也,WTB,花園近鉄ライナーズ（2025-26）,175,79,1998.04.04,27,伏見工業高校,帝京大学,伏見工業高校 帝京大学,A,32,https://league-one.jp/player/484553,,,,,,25/26 Japan Rugby League One - Division 2 (4G/7T) -> 24/25 Japan Rugby League One - Division 2 (10G/8T) -> Japan Rugby League One - Division 1 0 0 2 (2G) -> 23/24 Japan Rugby League One - Division 1 (9G/5T) -> 22/23 Japan Rugby League One - Division 1 (1G) -> 21/22 Japan Rugby League One - Division 2 (8G/9T)
Ren Takano,高野 蓮,WTB,花園近鉄ライナーズ（2025-26）,175,83,1996.07.19,29,東福岡高校,同志社大学,東福岡高校 同志社大学,A,7,https://league-one.jp/player/484554,,,'16 U20,,,25/26 Japan Rugby League One - Division 2 (1G) -> 23/24 Japan Rugby League One - Division 1 (2G/2T) -> 22/23 Japan Rugby League One - Division 1 (5G/1T)
Koji Okamura,岡村 晃司,CTB,花園近鉄ライナーズ（2025-26）,170,84,1998.06.12,27,御所実業高校,帝京大学,御所実業高校 帝京大学,A,50,https://league-one.jp/player/484555,,,,,,25/26 Japan Rugby League One - Division 2 (6G/1T) -> 24/25 Japan Rugby League One - Division 2 (11G/2T) -> Japan Rugby League One - Division 1 0 0 2  -> 23/24 Japan Rugby League One - Division 1 (9G) -> 22/23 Japan Rugby League One - Division 1 (15G/1T) -> 21/22 Japan Rugby League One - Division 2 (11G/3T)
Ryosuke Kataoka,片岡 涼亮,WTB,花園近鉄ライナーズ（2025-26）,172,83,1997.10.22,28,流通経済大学付属柏高校,立命館大学,流通経済大学付属柏高校 立命館大学,A,34,https://league-one.jp/player/484556,,,,,,24/25 Japan Rugby League One - Division 2 (11G/7T) -> Japan Rugby League One - Division 1 0 0 2 (1G) -> 23/24 Japan Rugby League One - Division 1 (10G/1T) -> 21/22 Japan Rugby League One - Division 2 (11G/11T)
Akihide Onogi,小野木 晃英,CTB,花園近鉄ライナーズ（2025-26）,171,84,1997.07.31,28,大阪産業大学付属高校,東海大学,大阪産業大学付属高校 東海大学,A,9,https://league-one.jp/player/484557,,,,,,23/24 Japan Rugby League One - Division 1 (1G) -> 22/23 Japan Rugby League One - Division 1 (7G/1T) -> 21/22 Japan Rugby League One - Division 2 (1G/2T)
Takumi Yoshimoto,吉本 匠,CTB,花園近鉄ライナーズ（2025-26）,171,84,1997.11.16,28,常翔学園高校,立命館大学,常翔学園高校 立命館大学,A,16,https://league-one.jp/player/484558,,,,,,23/24 Japan Rugby League One - Division 1 (5G) -> 22/23 Japan Rugby League One - Division 1 (7G) -> 21/22 Japan Rugby League One - Division 2 (5G/1T)
Patrick Stehlin,ステイリン パトリック,CTB,花園近鉄ライナーズ（2025-26）,178,99,1992.12.15,33,セント・トーマス・オブ・カンタベリー・カレッジ,拓殖大学,セント・トーマス・オブ・カンタベリー・カレッジ 拓殖大学,A,25,https://league-one.jp/player/484559,,,,,,25/26 Japan Rugby League One - Division 2 (2G/1T) -> 24/25 Japan Rugby League One - Division 2 (3G) -> 23/24 Japan Rugby League One - Division 1 (11G/3T) -> 22/23 Japan Rugby League One - Division 1 (8G/1T) -> 21/22 Japan Rugby League One - Division 2 (3G)
Daisuke Noguchi,野口 大輔,SO,花園近鉄ライナーズ（2025-26）,178,88,1993.06.14,32,東海大学付属仰星高校,東海大学,東海大学付属仰星高校 東海大学,A,16,https://league-one.jp/player/484560,,,,,,23/24 Japan Rugby League One - Division 1 (7G/1T) -> 21/22 Japan Rugby League One - Division 2 (9G)
Keitaro Hitora,人羅 奎太郎,SH,花園近鉄ライナーズ（2025-26）,165,70,1998.12.11,27,東海大学付属仰星高校,同志社大学,東海大学付属仰星高校 同志社大学,A,41,https://league-one.jp/player/484561,,,,,,24/25 Japan Rugby League One - Division 2 (14G) -> Japan Rugby League One - Division 1 0 0 2  -> 23/24 Japan Rugby League One - Division 1 (4G) -> 22/23 Japan Rugby League One - Division 1 (11G) -> 21/22 Japan Rugby League One - Division 2 (12G)
Tomoya Nakamura,中村 友哉,SH,花園近鉄ライナーズ（2025-26）,162,66,1998.06.25,27,伏見工業高校,東海大学,伏見工業高校 東海大学,A,21,https://league-one.jp/player/484562,,,,,,25/26 Japan Rugby League One - Division 2 (2G) -> 23/24 Japan Rugby League One - Division 1 (12G) -> 22/23 Japan Rugby League One - Division 1 (6G) -> 21/22 Japan Rugby League One - Division 2 (4G)
Hayato Yokoi,横井 隼,FL,花園近鉄ライナーズ（2025-26）,181,97,1997.07.29,28,石見智翠館高校,東海大学,石見智翠館高等学校 東海大学,A,20,https://league-one.jp/player/484563,,,,,,25/26 Japan Rugby League One - Division 2 (2G) -> 23/24 Japan Rugby League One - Division 1 (1G) -> 22/23 Japan Rugby League One - Division 1 (11G/2T) -> 21/22 Japan Rugby League One - Division 2 (8G/4T)
Jed Brown,ジェド ・ブラウン,FL,花園近鉄ライナーズ（2025-26）,185,100,1991.03.12,34,バーンサイドハイスクール,,バーンサイドハイスクール,A,30,https://league-one.jp/player/484564,,,,,,24/25 Japan Rugby League One - Division 2 (1G) -> 23/24 Japan Rugby League One - Division 1 (13G/2T) -> 22/23 Japan Rugby League One - Division 1 (8G) -> 21/22 Japan Rugby League One - Division 2 (8G/2T) -> 18/19 Super Rugby (3G) -> 16/17 Super Rugby (6G/2T) -> 15/16 Super Rugby (1G)
Takahito Sugahara,菅原 貴人,FL,花園近鉄ライナーズ（2025-26）,185,101,1996.09.22,29,御所実業高校,帝京大学,御所実業高校 帝京大学,A,47,https://league-one.jp/player/484565,,,,,,25/26 Japan Rugby League One - Division 2 (4G) -> 24/25 Japan Rugby League One - Division 2 (8G/1T) -> Japan Rugby League One - Division 1 0 0 2  -> 23/24 Japan Rugby League One - Division 1 (14G/3T) -> 22/23 Japan Rugby League One - Division 1 (14G/2T) -> 21/22 Japan Rugby League One - Division 2 (7G/4T)
Shohei Nonaka,野中 翔平,FL,花園近鉄ライナーズ（2025-26）,183,99,1995.11.17,30,東海大学付属仰星高校,同志社大学,東海大学付属仰星高校 同志社大学,A,55,https://league-one.jp/player/484566,,,,,,25/26 Japan Rugby League One - Division 2 (6G) -> 24/25 Japan Rugby League One - Division 2 (10G/1T) -> Japan Rugby League One - Division 1 0 0 2  -> 23/24 Japan Rugby League One - Division 1 (15G) -> 22/23 Japan Rugby League One - Division 1 (15G/2T) -> 21/22 Japan Rugby League One - Division 2 (11G)
Patrick Tafa,パトリック ・タファ,FL,花園近鉄ライナーズ（2025-26）,195,122,1999.07.19,26,ブリスベンステートハイスクール,,ブリスベンステートハイスクール,A,43,https://league-one.jp/player/484567,,,,,,25/26 Japan Rugby League One - Division 2 (6G/2T) -> 24/25 Japan Rugby League One - Division 2 (7G/6T) -> 23/24 Japan Rugby League One - Division 1 (16G/2T) -> 22/23 Japan Rugby League One - Division 1 (9G/1T) -> 21/22 Japan Rugby League One - Division 2 (9G/4T) -> 19/20 Super Rugby (2G) -> 18/19 U20 Championship (3G)
Sanaila Waqa,サナイラ ・ワクァ,LO,花園近鉄ライナーズ（2025-26）,202,125,1995.07.17,30,ヘイスティングスボーイズ高高校,,ヘイスティングスボーイズ高,A,41,https://league-one.jp/player/484568,,,日本代表10CAP,,,25/26 Japan Rugby League One - Division 2 (4G) -> 24/25 Japan Rugby League One - Division 2 (14G/1T) -> Japan Rugby League One - Division 1 0 0 2  -> Autumn Nations Series 0 0 1  -> 23/24 Japan Rugby League One - Division 1 (10G/3T) -> Pacific Nations Cup 2 0 0 (1G) -> 22/23 Japan Rugby League One - Division 1 (5G/3T) -> 21/22 Japan Rugby League One - Division 2 (8G/11T)
Kazuma Matsuda,松田 一真,HO,花園近鉄ライナーズ（2025-26）,172,94,1998.08.22,27,常翔学園高校,流通経済大学,常翔学園高校 流通経済大学,A,32,https://league-one.jp/player/484569,,,,,,24/25 Japan Rugby League One - Division 2 (12G/4T) -> Japan Rugby League One - Division 1 0 0 2 (1G) -> 23/24 Japan Rugby League One - Division 1 (10G/1T) -> 22/23 Japan Rugby League One - Division 1 (4G) -> 21/22 Japan Rugby League One - Division 2 (5G)
Keiichi Kaneko,金子 惠一,HO,花園近鉄ライナーズ（2025-26）,177,98,1996.08.19,29,東福岡高校,中央大学,東福岡高校 中央大学,A,46,https://league-one.jp/player/484570,,,'16 U20、'16 U23,,,25/26 Japan Rugby League One - Division 2 (3G/1T) -> 24/25 Japan Rugby League One - Division 2 (11G/1T) -> Japan Rugby League One - Division 1 0 0 2  -> 23/24 Japan Rugby League One - Division 1 (15G/1T) -> 22/23 Japan Rugby League One - Division 1 (5G) -> 21/22 Japan Rugby League One - Division 2 (12G/3T)
Yuchol Mun,文 裕徹,PR,花園近鉄ライナーズ（2025-26）,180,110,1999.02.09,26,大阪朝鮮高級学校,同志社大学,大阪朝鮮高級学校 同志社大学,A,29,https://league-one.jp/player/484571,,,,,,25/26 Japan Rugby League One - Division 2 (6G) -> 24/25 Japan Rugby League One - Division 2 (9G/1T) -> 23/24 Japan Rugby League One - Division 1 (7G) -> 22/23 Japan Rugby League One - Division 1 (3G) -> 21/22 Japan Rugby League One - Division 2 (8G)
Kenta Tanaka,田中 健太,PR,花園近鉄ライナーズ（2025-26）,177,103,1994.02.03,31,大阪桐蔭高校,明治大学,大阪桐蔭高校 明治大学,A,49,https://league-one.jp/player/484572,,,,,,25/26 Japan Rugby League One - Division 2 (3G) -> 24/25 Japan Rugby League One - Division 2 (9G) -> Japan Rugby League One - Division 1 0 0 2  -> 23/24 Japan Rugby League One - Division 1 (15G) -> 22/23 Japan Rugby League One - Division 1 (17G/1T) -> 21/22 Japan Rugby League One - Division 2 (6G)
Daiki Ishiura,石浦 大貴,FL,花園近鉄ライナーズ（2025-26）,178,95,2002.01.18,23,報徳学園高校,明治大学,報徳学園 明治大学,A,0,https://league-one.jp/player/484573,,,,,,No Data
Takehito Ekawa,江川 剛人,WTB,花園近鉄ライナーズ（2025-26）,183,88,2000.08.19,25,桐蔭学園高校,立命館大学,桐蔭学園 立命館大学,A,8,https://league-one.jp/player/484574,,,,,,24/25 Japan Rugby League One - Division 2 (6G/6T) -> 23/24 Japan Rugby League One - Division 1 (2G/1T)
Manie Libbok,マニー ・リボック,SO,花園近鉄ライナーズ（2025-26）,184,79,1997.07.15,28,アウテニカハイスクール,TEAカレッジ,アウテニカハイスクール TEAカレッジ,C,2,https://league-one.jp/player/486517,,,United Rugby Championship(59CAP),,,25/26 Japan Rugby League One - Division 2 (6G/1T) -> Autumn Nations Series 3 0 0  -> 24/25 United Rugby Championship (7G/1T) -> Champions Cup 1 0 1 (1G/6T) -> Test Matchs 2 0 0  -> Rugby Championship 3 0 1 (1G/7T) -> 23/24 United Rugby Championship (12G) -> Champions Cup 3 0 1 (1G/8T) -> Summer Nations Series 1 0 0  -> Rugby World Cup 4 0 1  -> Rugby Championship 2 0 1  -> 22/23 United Rugby Championship (19G/6T) -> Champions Cup 3 0 2  -> 21/22 United Rugby Championship (21G/3T) -> 20/21 Rainbow Cup SA (6G) -> 19/20 Super Rugby (6G) -> 18/19 Super Rugby (16G/3T) -> 17/18 Super Rugby (13G/1T)
Riku Kitahara,北原 璃久,SO,三重ホンダヒート（2025-26）,170,78,1999.03.30,26,國學院大學久我山高校,オタゴ大学,國學院大學久我山高校 オタゴ大学,A,13,https://league-one.jp/player/484659,,,,,,25/26 Japan Rugby League One - Division 1 (1G) -> 22/23 Japan Rugby League One - Division 2 (4G) -> 21/22 Japan Rugby League One - Division 2 (9G)
Ben Paltridge,ベン ・ポルトリッジ,WTB,三重ホンダヒート（2025-26）,177,87,1992.09.21,33,オークランド大学高校,,オークランド大学,A,22,https://league-one.jp/player/484660,,,,,,25/26 Japan Rugby League One - Division 1 (7G/3T) -> 24/25 Japan Rugby League One - Division 1 (6G/2T) -> 23/24 Japan Rugby League One - Division 1 (13G/8T) -> 22/23 Japan Rugby League One - Division 1 (1G) -> 21/22 Japan Rugby League One - Division 2 (6G/9T)
Kazuki Ban,坂 和樹,PR,三重ホンダヒート（2025-26）,181,105,1997.09.22,28,明治大学付属中野八王子高校,明治大学,明治大学付属中野八王子高校 明治大学,A,11,https://league-one.jp/player/484661,,,,,,25/26 Japan Rugby League One - Division 1 (3G) -> 24/25 Japan Rugby League One - Division 1 (1G) -> 23/24 Japan Rugby League One - Division 2 (9G) -> 22/23 Japan Rugby League One - Division 2 (1G)
Yuta Shirasaka,白坂 佑太,FL,三重ホンダヒート（2025-26）,180,102,2002.11.29,23,中部大学春日丘高校,防衛大学校,中部大学春日丘高等学校 防衛大学校,A,0,https://league-one.jp/player/484662,,,,,,No Data
Manu Akauora,マヌ ・アカウオラ,WTB,三重ホンダヒート（2025-26）,177,90,2001.10.27,24,ロトルアボーイズハイスクール,花園大学,ロトルアボーイズハイスクール 花園大学,A,0,https://league-one.jp/player/484663,,,,,,Not Found
Rakuhei Yamashita,山下 楽平,FB,三重ホンダヒート（2025-26）,175,85,1992.01.30,33,常翔啓光学園高校,京都産業大学,常翔啓光学園高等学校 京都産業大学,A,56,https://league-one.jp/player/484664,,,,,,25/26 Japan Rugby League One - Division 1 (6G/1T) -> 24/25 Japan Rugby League One - Division 1 (14G/2T) -> 23/24 Japan Rugby League One - Division 1 (15G/5T) -> 22/23 Japan Rugby League One - Division 1 (12G/5T) -> 21/22 Japan Rugby League One - Division 1 (12G/11T)
Aseri Masivou,アセリ ・マシヴォウ,No8,三重ホンダヒート（2025-26）,189,113,1997.03.09,28,ケルストンボーイズ,拓殖大学,ケルストンボーイズ高校 拓殖大学,A,55,https://league-one.jp/player/484665,,,,,,25/26 Japan Rugby League One - Division 1 (8G/1T) -> 24/25 Japan Rugby League One - Division 2 (12G/9T) -> 23/24 Japan Rugby League One - Division 2 (12G/4T) -> Japan Rugby League One - Division 1 0 0 2  -> 22/23 Japan Rugby League One - Division 1 (15G/2T) -> 21/22 Japan Rugby League One - Division 1 (11G/5T)
Trevor Hosea,トレヴァ ・ホゼア,LO,三重ホンダヒート（2025-26）,204,118,1999.11.24,26,ブリスベンステート高高校,,ブリスベンステート高,B,27,https://league-one.jp/player/484666,,,,,,25/26 Japan Rugby League One - Division 1 (7G/1T) -> 24/25 Japan Rugby League One - Division 1 (14G) -> 23/24 Japan Rugby League One - Division 1 (10G/1T) -> 22/23 Super Rugby Pacific (13G) -> 20/21 Super Rugby AU (7G) -> Super Rugby Trans-Tasman 0 0 4 (1G) -> 19/20 Super Rugby AU (9G) -> 18/19 U20 Championship (5G)
Haruto Takahashi,高橋 陽大,PR,三重ホンダヒート（2025-26）,185,116,2002.06.29,23,ロトルアボーイズハイスクール,,ロトルアボーイズハイスクール,A,0,https://league-one.jp/player/484667,,,,,,No Data
Tevita Ikanivere,テビタ ・イカニヴェレ,HO,三重ホンダヒート（2025-26）,183,113,1999.09.06,26,登録区分：カテゴリC,,登録区分：カテゴリC,C,3,https://league-one.jp/player/484668,,,Autumn Nations Cup(1CAP),,,25/26 Japan Rugby League One - Division 1 (7G/2T) -> Test Matchs 1 0 0  -> 24/25 Super Rugby Pacific (12G/2T) -> Test Matchs 1 0 1 (1G) -> Pacific Nations Cup 4 0 0 (3G) -> 23/24 Super Rugby Pacific (13G/3T) -> Rugby World Cup 2 0 3  -> 22/23 Super Rugby Pacific (14G/6T) -> Pacific Nations Cup 3 0 0 (2G) -> 21/22 Super Rugby Pacific (11G/1T) -> 20/21 Autumn Nations Cup (1G) -> 18/19 U20 Championship (4G)
Ren Toma,當眞 蓮,HO,三重ホンダヒート（2025-26）,176,100,2002.08.01,23,流通経済大学付属柏高校,帝京大学,流通経済大学付属柏高等学校 帝京大学,A,2,https://league-one.jp/player/484669,,,,,,25/26 Japan Rugby League One - Division 1 (1G) -> 24/25 Japan Rugby League One - Division 1 (2G)
Ryutaro Nakayama,中山 竜太朗,FL,三重ホンダヒート（2025-26）,185,104,2002.10.08,23,東海大学付属大阪仰星高校,東海大学,東海大学付属大阪仰星高等学校 東海大学,A,0,https://league-one.jp/player/484670,,,,,,No Data
FC Du Plessis,FC ・デュプレッシー,FB,三重ホンダヒート（2025-26）,186,92,2001.02.07,24,グレイカレッジ,,グレイカレッジ,B,5,https://league-one.jp/player/484671,,,,,,24/25 Japan Rugby League One - Division 1 (5G/1T) -> 20/21 Toulon (4G)
Sam Sheperd,サム ・シェパード,LO,三重ホンダヒート（2025-26）,200,113,2001.09.12,24,キングス,,キングス高校,B,0,https://league-one.jp/player/484672,,,,,,Not Found
Lemeki Lomano Lava,レメキ ロマノラヴァ,UTB,三重ホンダヒート（2025-26）,178,95,1989.01.20,36,リストンカレッジ,,リストンカレッジ,A,50,https://league-one.jp/player/484673,,,日本代表20CAP,,,Not Found
Larry Sulunga,ラリー ・スルンガ,WTB,三重ホンダヒート（2025-26）,184,109,1998.10.22,27,トゥポウカレッジ,,トゥポウカレッジ,A,45,https://league-one.jp/player/484674,,,,,,25/26 Japan Rugby League One - Division 1 (3G) -> 24/25 Japan Rugby League One - Division 1 (14G/4T) -> 23/24 Japan Rugby League One - Division 2 (6G/1T) -> 22/23 Japan Rugby League One - Division 2 (11G/8T) -> Japan Rugby League One - Division 1 0 0 2  -> 21/22 Japan Rugby League One - Division 1 (11G/5T)
Johnny Faauli,ジョニー ・ファアウリ,CTB,三重ホンダヒート（2025-26）,183,100,1995.09.13,30,セントケンティガンカレッジ,,セントケンティガンカレッジ,A,23,https://league-one.jp/player/484675,,,,,,Not Found
Manu Vunipola,マヌ ・ヴニポラ,SO,三重ホンダヒート（2025-26）,180,93,2000.05.04,25,ハロウ,,ハロウ高校,B,11,https://league-one.jp/player/484676,,,,,,25/26 Japan Rugby League One - Division 1 (7G) -> 24/25 Japan Rugby League One - Division 1 (8G) -> 23/24 Premiership Rugby Cup (5G) -> Premiership 4 0 5 (1G/5T) -> Champions Cup 0 0 1  -> 22/23 Premiership (9G/2T) -> Premiership Rugby Cup 0 0 3  -> Champions Cup 1 0 1  -> 21/22 Premiership (10G) -> Premiership Rugby Cup 1 0 3  -> Challenge Cup 2 0 1  -> 19/20 Premiership Rugby Cup (4G/2T) -> Premiership 12 1 5  -> Champions Cup 4 0 3  -> 18/19 Premiership Rugby Cup (2G) -> Premiership 1 0 1  -> U20 Championship 3 0 1 (1G/1T)
Feinga Fakai,フェインガ ・ファカイ,PR,三重ホンダヒート（2025-26）,180,116,1997.07.06,28,日本航空石川高校,京都産業大学,日本航空石川高校 京都産業大学,A,27,https://league-one.jp/player/484677,,,,,,25/26 Japan Rugby League One - Division 1 (4G) -> 24/25 Japan Rugby League One - Division 1 (15G/2T) -> 22/23 Japan Rugby League One - Division 3 (9G/2T) -> 21/22 Japan Rugby League One - Division 3 (3G/1T)
Talifolofola Tangipa,タリフォロフォラ ・タンギパ,No8,三重ホンダヒート（2025-26）,186,117,1996.05.21,29,ケルストンボーイズ,摂南大学,ケルストンボーイズ高校 摂南大学,A,45,https://league-one.jp/player/484678,,,,,,25/26 Japan Rugby League One - Division 1 (7G/2T) -> 24/25 Japan Rugby League One - Division 1 (12G/4T) -> 23/24 Japan Rugby League One - Division 2 (11G/2T) -> Japan Rugby League One - Division 1 1 0 1  -> 22/23 Japan Rugby League One - Division 2 (8G/2T) -> Japan Rugby League One - Division 1 0 0 2 (1G) -> 21/22 Japan Rugby League One - Division 3 (8G/1T)
Tevita Tupou,ツポウ テビタ,FL,三重ホンダヒート（2025-26）,185,102,1991.09.26,34,日本航空石川高校,大東文化大学,日本航空石川 大東文化大学,A,27,https://league-one.jp/player/484679,,,,,,24/25 Japan Rugby League One - Division 1 (11G/1T) -> 23/24 Japan Rugby League One - Division 1 (3G) -> 22/23 Japan Rugby League One - Division 1 (7G/1T) -> 21/22 Japan Rugby League One - Division 2 (6G) -> 19/20 Super Rugby (4G)
Tony Hunt,トニー ・ハント,FL,三重ホンダヒート（2025-26）,190,106,1998.02.09,27,ナッジーカレッジ,,ナッジーカレッジ,A,13,https://league-one.jp/player/484680,,,,,,24/25 Japan Rugby League One - Division 1 (13G)
Mark Abbott,マーク ・アボット,LO,三重ホンダヒート（2025-26）,197,112,1990.02.20,35,セントアンドリュース,カンタベリー大学,セントアンドリュース高校 カンタベリー大学,A,52,https://league-one.jp/player/484681,,,,,,25/26 Japan Rugby League One - Division 1 (2G) -> 24/25 Japan Rugby League One - Division 1 (17G/1T) -> 23/24 Japan Rugby League One - Division 1 (12G/3T) -> 22/23 Japan Rugby League One - Division 1 (8G) -> 21/22 Japan Rugby League One - Division 1 (15G/1T) -> 18/19 Super Rugby (9G) -> 16/17 Super Rugby (14G/5T) -> 15/16 Super Rugby (14G) -> 14/15 Super Rugby (17G/1T) -> 13/14 Super Rugby (2G)
Janko Swanepoel,ヤンコ ・スワナポール,LO,三重ホンダヒート（2025-26）,200,115,1999.09.08,26,ステレンバーグ,,ステレンバーグ高校,B,22,https://league-one.jp/player/484682,,,United Rugby Championship(42CAP),,,25/26 Japan Rugby League One - Division 1 (8G) -> 24/25 Japan Rugby League One - Division 1 (19G/2T) -> 23/24 United Rugby Championship (9G) -> Champions Cup 2 0 2 (1G) -> 22/23 United Rugby Championship (16G/1T) -> Champions Cup 2 0 3  -> 21/22 United Rugby Championship (17G) -> 20/21 Rainbow Cup SA (6G/1T) -> Rainbow Cup 0 0 1  -> 18/19 South Africa U20 (2G)
Hayata Nakao,中尾 隼太,SO,三重ホンダヒート（2025-26）,176,87,1995.01.20,30,長崎北陽台高校,鹿児島大学,長崎北陽台高校 鹿児島大学,A,37,https://league-one.jp/player/484683,,,日本代表1CAP,,,24/25 Japan Rugby League One - Division 1 (17G) -> 23/24 Japan Rugby League One - Division 1 (2G) -> 22/23 Japan Rugby League One - Division 1 (3G/1T) -> 21/22 Japan Rugby League One - Division 1 (16G/2T)
Ikuma Yamada,山田 生真,HO,三重ホンダヒート（2025-26）,178,100,1999.01.26,26,東海大仰星高校,東海大学,東海大仰星高校 東海大学,A,20,https://league-one.jp/player/484684,,,,,,24/25 Japan Rugby League One - Division 1 (19G) -> 21/22 Japan Rugby League One - Division 1 (1G)
Ryoma Nishimura,西村 龍馬,LO,三重ホンダヒート（2025-26）,190,111,1995.11.21,30,高鍋高校,専修大学,高鍋高校 専修大学,A,29,https://league-one.jp/player/484685,,,,,,25/26 Japan Rugby League One - Division 1 (8G/3T) -> 24/25 Japan Rugby League One - Division 1 (8G) -> 23/24 Japan Rugby League One - Division 1 (7G) -> 22/23 Japan Rugby League One - Division 1 (8G) -> 21/22 Japan Rugby League One - Division 1 (3G)
Kazuhiro Koike,小池 一宏,HO,三重ホンダヒート（2025-26）,172,98,1992.06.10,33,明和県央高校,法政大学,明和県央高校 法政大学,A,15,https://league-one.jp/player/484686,,,,,,23/24 Japan Rugby League One - Division 1 (7G/1T) -> 22/23 Japan Rugby League One - Division 1 (9G)
Haruhiko Uemura,植村 陽彦,FB,三重ホンダヒート（2025-26）,177,83,2000.11.13,25,茗渓学園高校,筑波大学,茗渓学園高校 筑波大学,A,21,https://league-one.jp/player/484687,,,,,,24/25 Japan Rugby League One - Division 1 (9G/4T) -> 23/24 Japan Rugby League One - Division 1 (12G/2T)
Kei Toma,當眞 慶,FL,三重ホンダヒート（2025-26）,180,96,2000.08.07,25,流通経済大学柏高校,帝京大学,流通経済大学柏高校 帝京大学,A,4,https://league-one.jp/player/484688,,,,,,No Data
Koki Hida,肥田 晃季,HO,三重ホンダヒート（2025-26）,177,100,2000.09.17,25,中部大春日丘高校,筑波大学,中部大春日丘高校 筑波大学,A,37,https://league-one.jp/player/484689,,,,,,25/26 Japan Rugby League One - Division 1 (8G/1T) -> 24/25 Japan Rugby League One - Division 1 (19G/1T) -> 23/24 Japan Rugby League One - Division 1 (15G/1T)
Taichi Takenaka,竹中 太一,SH,三重ホンダヒート（2025-26）,173,78,1995.12.25,30,石見智翠館高校,関西大学,石見智翠館高校 関西大学,A,34,https://league-one.jp/player/484690,,,,,,25/26 Japan Rugby League One - Division 1 (3G) -> 24/25 Japan Rugby League One - Division 1 (14G/1T) -> 23/24 Japan Rugby League One - Division 1 (14G) -> 22/23 Japan Rugby League One - Division 2 (2G/1T) -> 21/22 Japan Rugby League One - Division 3 (3G/1T)
Fraser Quirk,フレイザー ・クワーク,CTB,三重ホンダヒート（2025-26）,187,100,1998.08.14,27,開志国際高校,日本大学,開志国際高校 日本大学,A,29,https://league-one.jp/player/484691,,,,,,25/26 Japan Rugby League One - Division 1 (4G) -> 24/25 Japan Rugby League One - Division 1 (12G/1T) -> 23/24 Japan Rugby League One - Division 1 (17G/1T) -> 22/23 Japan Rugby League One - Division 2 (10G/3T) -> Japan Rugby League One - Division 1 2 0 0 
Katsuyuki Hoshino,星野 克之,PR,三重ホンダヒート（2025-26）,186,120,1999.08.24,26,栄徳高校,東海大学,栄徳高校 東海大学,A,29,https://league-one.jp/player/484692,,,,,,25/26 Japan Rugby League One - Division 1 (4G) -> 24/25 Japan Rugby League One - Division 1 (13G) -> 23/24 Japan Rugby League One - Division 1 (13G)
Kanato Hirano,平野 叶翔,PR,三重ホンダヒート（2025-26）,180,109,2000.02.08,25,西陵高校,京都産業大学,西陵高校 京都産業大学,A,18,https://league-one.jp/player/484693,,,,,,25/26 Japan Rugby League One - Division 1 (6G/1T) -> 24/25 Japan Rugby League One - Division 1 (6G) -> 23/24 Japan Rugby League One - Division 1 (7G/1T) -> 22/23 Japan Rugby League One - Division 2 (2G) -> Japan Rugby League One - Division 1 1 0 0 
Yuta Matsuura,松浦 祐太,FB,三重ホンダヒート（2025-26）,178,88,1996.12.05,29,小倉高校,専修大学,小倉高校 専修大学,A,4,https://league-one.jp/player/484694,,,,,,23/24 Japan Rugby League One - Division 1 (4G) -> 21/22 Japan Rugby League One - Division 2 (1G)
Dawid Kellerman,ダーウィッド ・ケラーマン,CTB,三重ホンダヒート（2025-26）,185,97,2000.07.21,25,PaarlGimnasium,,PaarlGimnasium高校,A,41,https://league-one.jp/player/484695,,,,,,25/26 Japan Rugby League One - Division 1 (8G/3T) -> 24/25 Japan Rugby League One - Division 1 (11G/3T) -> 23/24 Japan Rugby League One - Division 1 (10G/2T) -> 22/23 Japan Rugby League One - Division 2 (6G/2T) -> Japan Rugby League One - Division 1 2 0 0 (1G) -> 21/22 Japan Rugby League One - Division 2 (8G/3T) -> Japan Rugby League One - Division 1 1 0 1 (1G)
Soki Watanabe,渡邉 弐貴,CTB,三重ホンダヒート（2025-26）,176,88,1997.01.14,28,国学院栃木高校,明治大学,国学院栃木高校 明治大学,A,34,https://league-one.jp/player/484696,,,,,,24/25 Japan Rugby League One - Division 1 (2G) -> 23/24 Japan Rugby League One - Division 1 (15G/2T) -> 22/23 Japan Rugby League One - Division 2 (8G/2T) -> 21/22 Japan Rugby League One - Division 2 (7G/1T) -> Japan Rugby League One - Division 1 1 0 1 (1G)
Gwante O,呉 洸太,SO,三重ホンダヒート（2025-26）,180,89,1996.11.16,29,大阪朝鮮高校,法政大学,大阪朝鮮高校 法政大学,A,47,https://league-one.jp/player/484697,,,,,,Not Found
Kengo Gunji,郡司 健吾,FB,三重ホンダヒート（2025-26）,184,92,1997.09.13,28,日川高校,専修大学,日川高校 専修大学,A,6,https://league-one.jp/player/484698,,,,,,24/25 Japan Rugby League One - Division 1 (2G/1T) -> 22/23 Japan Rugby League One - Division 2 (2G) -> 21/22 Japan Rugby League One - Division 2 (1G) -> Japan Rugby League One - Division 1 0 0 1 
Shogo Nezuka,根塚 聖冴,SH,三重ホンダヒート（2025-26）,163,72,1997.01.13,28,京都成章高校,法政大学,京都成章高校 法政大学,A,35,https://league-one.jp/player/484699,,,,,,24/25 Japan Rugby League One - Division 1 (5G/1T) -> 23/24 Japan Rugby League One - Division 1 (9G) -> 22/23 Japan Rugby League One - Division 2 (11G/1T) -> Japan Rugby League One - Division 1 2 0 0  -> 21/22 Japan Rugby League One - Division 2 (11G/3T) -> Japan Rugby League One - Division 1 1 0 1 (1G)
Ryo Furuta,古田 凌,No8,三重ホンダヒート（2025-26）,183,98,1995.09.29,30,京都成章高校,帝京大学,京都成章高校 帝京大学,A,48,https://league-one.jp/player/484700,,,,,,25/26 Japan Rugby League One - Division 1 (2G) -> 24/25 Japan Rugby League One - Division 1 (10G) -> 23/24 Japan Rugby League One - Division 1 (13G/1T) -> 22/23 Japan Rugby League One - Division 2 (10G/1T) -> Japan Rugby League One - Division 1 2 0 0 (1G) -> 21/22 Japan Rugby League One - Division 2 (11G/3T) -> Japan Rugby League One - Division 1 1 0 1 
Franco Mostert,フランコ ・モスタート,LO,三重ホンダヒート（2025-26）,200,112,1990.11.27,35,ブリッツ高高校,プレトリア大学,ブリッツ高 プレトリア大学,C,60,https://league-one.jp/player/484701,,,South Africa(4CAP),,,25/26 Japan Rugby League One - Division 1 (8G/3T) -> Autumn Nations Series 2 0 0  -> 24/25 Japan Rugby League One - Division 1 (17G/4T) -> Test Matchs 2 0 0  -> Rugby Championship 1 0 1  -> 23/24 Japan Rugby League One - Division 1 (17G/2T) -> Summer Nations Series 1 0 0  -> Rugby World Cup 5 0 1  -> 22/23 Japan Rugby League One - Division 2 (11G) -> Japan Rugby League One - Division 1 2 0 0  -> Rugby Championship 0 0 1  -> 21/22 Japan Rugby League One - Division 2 (9G/1T) -> Japan Rugby League One - Division 1 1 0 0  -> Rugby Championship 4 0 2 (1G) -> 20/21 South Africa (4G) -> Rugby Championship 2 0 3  -> 19/20 Premiership (9G) -> Champions Cup 2 0 2  -> Rugby World Cup 6 0 1  -> 18/19 Premiership (14G) -> Champions Cup 0 0 2  -> Rugby Championship 1 1 0  -> 17/18 Super Rugby (19G/1T) -> 16/17 Super Rugby (17G/2T) -> Rugby Championship 2 1 2  -> 15/16 Super Rugby (17G/1T) -> Rugby Championship 0 0 2  -> 14/15 Super Rugby (16G) -> 13/14 Super Rugby (14G)
Hiroaki Shirahama,白濱 弘章,HO,三重ホンダヒート（2025-26）,175,102,1994.10.28,31,東福岡高校,九州共立大学,東福岡高校 九州共立大学,A,6,https://league-one.jp/player/484702,,,,,,24/25 Japan Rugby League One - Division 1 (1G) -> 23/24 Japan Rugby League One - Division 1 (2G/1T) -> 21/22 Japan Rugby League One - Division 2 (3G) -> Japan Rugby League One - Division 1 0 0 1 
Matthys Basson,マティウス ・バッソン,PR,三重ホンダヒート（2025-26）,191,120,1995.06.09,30,ボランド農業高校,プレトリア大学,ボランド農業高校 プレトリア大学,A,46,https://league-one.jp/player/484703,,,,,,25/26 Japan Rugby League One - Division 1 (8G) -> 24/25 Japan Rugby League One - Division 1 (7G) -> 23/24 Japan Rugby League One - Division 1 (15G) -> 22/23 Japan Rugby League One - Division 2 (8G) -> Japan Rugby League One - Division 1 1 0 0 (1G) -> 21/22 Japan Rugby League One - Division 2 (11G) -> Japan Rugby League One - Division 1 1 0 1  -> 17/18 Super Rugby (3G)
Taiki Yoshioka,吉岡 大貴,PR,三重ホンダヒート（2025-26）,183,115,1995.09.02,30,日向高校,明治大学,日向高校 明治大学,A,32,https://league-one.jp/player/484704,,,,,,24/25 Japan Rugby League One - Division 1 (8G) -> 23/24 Japan Rugby League One - Division 1 (8G) -> 22/23 Japan Rugby League One - Division 2 (10G) -> Japan Rugby League One - Division 1 1 0 0  -> 21/22 Japan Rugby League One - Division 2 (4G) -> Japan Rugby League One - Division 1 0 0 1 
Tatsuhiko Tsurukawa,鶴川 達彦,PR,三重ホンダヒート（2025-26）,183,115,1995.05.21,30,桐蔭学園中等教育学校,早稲田大学,桐蔭学園中等教育学校 早稲田大学,A,64,https://league-one.jp/player/484705,,,'19 U23,,,25/26 Japan Rugby League One - Division 1 (7G) -> 24/25 Japan Rugby League One - Division 1 (19G) -> 23/24 Japan Rugby League One - Division 1 (18G) -> 22/23 Japan Rugby League One - Division 2 (8G/1T) -> Japan Rugby League One - Division 1 2 0 0  -> 21/22 Japan Rugby League One - Division 2 (12G) -> Japan Rugby League One - Division 1 1 0 1 
Takumi Fujii,藤井 拓海,PR,三重ホンダヒート（2025-26）,176,108,1995.09.02,30,東海大仰星高校,関西大学,東海大仰星高校 関西大学,A,43,https://league-one.jp/player/484706,,,,,,24/25 Japan Rugby League One - Division 1 (12G) -> 23/24 Japan Rugby League One - Division 1 (10G/2T) -> 22/23 Japan Rugby League One - Division 2 (11G) -> Japan Rugby League One - Division 1 2 0 0  -> 21/22 Japan Rugby League One - Division 2 (6G) -> Japan Rugby League One - Division 1 1 0 1 
Wihongi Connor,コナー ・ウィホンギ,LO,三重ホンダヒート（2025-26）,200,116,1997.08.20,28,AucklandGrammar,山梨学院大学,AucklandGrammar 山梨学院大学,A,13,https://league-one.jp/player/484707,,,,,,24/25 Japan Rugby League One - Division 1 (6G) -> 23/24 Japan Rugby League One - Division 1 (7G)
Kapa Waimana,ワイマナ ・カパ,FL,三重ホンダヒート（2025-26）,192,107,1998.09.02,27,マウントアルバートグラマースクール,,マウントアルバートグラマースクール,A,36,https://league-one.jp/player/484708,,,,,,Not Found
Li Tevita,テビタ ・リー,WTB,三重ホンダヒート（2025-26）,182,95,1995.03.23,30,マッセイ,,マッセイ高校,B,42,https://league-one.jp/player/484709,,,,,,25/26 Japan Rugby League One - Division 1 (2G/2T) -> 24/25 Japan Rugby League One - Division 1 (11G/2T) -> 23/24 Japan Rugby League One - Division 1 (8G) -> 22/23 Japan Rugby League One - Division 1 (14G/5T) -> 21/22 Japan Rugby League One - Division 1 (10G/9T) -> 18/19 Highlanders (12G/4T) -> 17/18 Highlanders (13G/4T) -> 16/17 Highlanders (11G/4T) -> 15/16 Super Rugby (15G/4T) -> 14/15 Super Rugby (7G) -> 13/14 Super Rugby (8G/3T)
Azuma Doei,土永 雷,SH,三重ホンダヒート（2025-26）,172,70,1998.07.24,27,光泉高校,帝京大学,光泉高校 帝京大学,A,29,https://league-one.jp/player/484710,,,,,,25/26 Japan Rugby League One - Division 1 (8G/3T) -> 24/25 Japan Rugby League One - Division 1 (18G/2T) -> 21/22 Japan Rugby League One - Division 3 (8G)
Kenta Hirai,平井 建多,PR,三重ホンダヒート（2025-26）,186,115,2001.05.09,24,萩商工高校,九州共立大学,萩商工高校 九州共立大学,A,0,https://league-one.jp/player/484711,,,,,,No Data
Takuro Hojo,北條 拓郎,SH,三重ホンダヒート（2025-26）,174,80,2001.09.18,24,天理高校,天理大学,天理高校 天理大学,A,11,https://league-one.jp/player/484712,,,,,,24/25 Japan Rugby League One - Division 1 (3G) -> 23/24 Japan Rugby League One - Division 1 (8G/2T)
koki Miyasaka,宮坂 航生,SH,三重ホンダヒート（2025-26）,172,75,2002.03.01,23,中部大学春日丘高校,専修大学,中部大学春日丘高校 専修大学,A,0,https://league-one.jp/player/484713,,,,,,25/26 Japan Rugby League One - Division 1 (5G)
Kyogo Okano,岡野 喬吾,CTB,三重ホンダヒート（2025-26）,184,100,2001.10.31,24,常翔学園高校,同志社大学,常翔学園高校 同志社大学,A,17,https://league-one.jp/player/484714,,,,,,25/26 Japan Rugby League One - Division 1 (8G/2T) -> 24/25 Japan Rugby League One - Division 1 (15G/2T)
Pablo Matera,パブロ ・マテーラ,No8,三重ホンダヒート（2025-26）,190,111,1993.07.18,32,セントキャサリンズムアランズスクール,,セントキャサリンズムアランズスクール,C,35,https://league-one.jp/player/484715,,,Rugby Championship(1CAP),,,25/26 Japan Rugby League One - Division 1 (7G/1T) -> 24/25 Japan Rugby League One - Division 1 (15G/5T) -> Test Matchs 2 0 2 (1G) -> Rugby Championship 2 0 4  -> 23/24 Japan Rugby League One - Division 1 (5G/5T) -> Rugby World Cup 2 0 1  -> Rugby Championship 3 0 3 (2G) -> 22/23 Japan Rugby League One - Division 2 (10G/4T) -> Japan Rugby League One - Division 1 2 0 0  -> Rugby Championship 1 0 2  -> 21/22 Super Rugby Pacific (14G/1T) -> Test Matchs 2 0 0  -> 20/21 Top 14 (17G/2T) -> Rugby Championship 0 0 5 (1G) -> 19/20 Top 14 (7G) -> Challenge Cup 0 0 1  -> Rugby World Cup 2 0 2  -> Tri Nations 1 1 1  -> 18/19 Super Rugby (17G/6T) -> Rugby Championship 0 0 3  -> 17/18 Super Rugby (13G/3T) -> 16/17 Super Rugby (12G/1T) -> Rugby Championship 0 0 6  -> 15/16 Super Rugby (11G/1T) -> Rugby World Cup 4 0 2  -> Rugby Championship 1 0 5  -> 14/15 Rugby Championship (1G) -> 13/14 Premiership (8G/1T) -> Rugby Championship 0 0 2 
Yu Kawai,河井 優,UTB,三重ホンダヒート（2025-26）,173,81,1999.12.01,26,日本航空高校石川,近畿大学,日本航空高等学校石川 近畿大学,A,0,https://league-one.jp/player/485077,,,,,,No Data
Gideon Koegelenberg,ギディオン ・コーヘレンバーグ,LO,三菱重工相模原ダイナボアーズ（2025-26）,202,122,1994.11.25,31,フゲノート,,フゲノート高校,B,0,https://league-one.jp/player/483287,,,United Rugby Championship(6CAP),,,23/24 United Rugby Championship (6G) -> Challenge Cup 1 0 1  -> 22/23 Japan Rugby League One - Division 3 (6G/1T) -> 21/22 Japan Rugby League One - Division 3 (7G) -> 19/20 Super Rugby (5G) -> 18/19 Super Rugby (8G) -> 17/18 Super Rugby (1G) -> 16/17 Pro 12 (15G) -> Champions Cup 0 0 5  -> 15/16 Challenge Cup (1G) -> Pro 12 1 0 10 
Pieter Scholtz,ピーター ・ショルツ,PR,三菱重工相模原ダイナボアーズ（2025-26）,187,137,1994.03.20,31,Diamantveld,high,Diamantveld high school,B,2,https://league-one.jp/player/483288,,,,,,25/26 Japan Rugby League One - Division 1 (4G) -> 24/25 Bayonne (14G) -> Challenge Cup 3 0 2  -> 23/24 Bayonne (9G) -> Challenge Cup 0 0 1  -> 22/23 Bayonne (21G) -> Challenge Cup 0 0 4  -> 21/22 Premiership (3G) -> Premiership Rugby Cup 2 0 2  -> Champions Cup 1 0 1  -> 20/21 Scarlets (7G) -> Champions Cup 0 0 1  -> Rainbow Cup 0 1 0  -> 19/20 Pro 14 (10G) -> 18/19 Pro 14 (6G) -> 17/18 Pro 14 (11G) -> 15/16 Super Rugby (2G)
Charlie Titcombe,チャーリー ・ティトコム,SO,三菱重工相模原ダイナボアーズ（2025-26）,179,86,2001.12.28,24,Oakham,School,Oakham School  Loughborough University,B,0,https://league-one.jp/player/483289,,,United Rugby Championship(16CAP),,,25/26 Premiership Rugby Cup (4G) -> Premiership 1 0 0  -> Champions Cup 0 0 1  -> 24/25 United Rugby Championship (6G) -> Challenge Cup 1 0 1  -> 23/24 United Rugby Championship (10G) -> Challenge Cup 0 0 3  -> 22/23 Premiership Rugby Cup (1G) -> 21/22 Premiership Rugby Cup (1G)
Lukhanyo Am,ルカニョ ・アム,CTB,三菱重工相模原ダイナボアーズ（2025-26）,186,97,1993.11.28,32,デ・フォース・ラマン,,デ・フォース・ラマン高校,C,9,https://league-one.jp/player/483290,,,United Rugby Championship(33CAP),,,25/26 United Rugby Championship (5G/1T) -> 24/25 United Rugby Championship (10G) -> Champions Cup 0 0 1  -> 23/24 United Rugby Championship (10G/2T) -> Challenge Cup 6 0 1 (4G) -> Rugby Championship 3 0 1  -> 22/23 Champions Cup (5G/1T) -> United Rugby Championship 3 1 2  -> 21/22 United Rugby Championship (8G/4T) -> Test Matchs 2 0 0  -> Rugby Championship 1 0 2 (1G) -> 20/21 Rainbow Cup SA (5G) -> Rugby Championship 2 0 3 (1G) -> 19/20 Super Rugby (6G/1T) -> Super Rugby Unlocked 2 0 1  -> Rugby World Cup 5 0 1 (2G) -> 18/19 Super Rugby (16G/3T) -> 17/18 Super Rugby (17G/5T) -> Rugby Championship 2 0 1 (1G) -> 16/17 Super Rugby (15G/2T) -> 15/16 Super Rugby (10G/1T)
Hiyu Sasaki,佐々木 陽有,WTB,三菱重工相模原ダイナボアーズ（2025-26）,172,79,2004.03.14,21,ランギトトカレッジ,オークランド大学,ランギトトカレッジ オークランド大学,A,0,https://league-one.jp/player/484716,,,,,,No Data
Shun Miyake,三宅 駿,SO,三菱重工相模原ダイナボアーズ（2025-26）,170,88,2001.12.28,24,クライスト・カレッジ,カンタベリー大学,クライスト・カレッジ カンタベリー大学,A,3,https://league-one.jp/player/484717,,,,,,25/26 Japan Rugby League One - Division 1 (5G) -> 24/25 Canterbury (6G/1T) -> 23/24 Canterbury (5G) -> 22/23 Tasman (5G/1T)
Shunsuke Asaoka,淺岡 俊亮,PR,三菱重工相模原ダイナボアーズ（2025-26）,187,125,1996.06.24,29,京都成章高校,帝京大学,京都成章高校 帝京大学,A,56,https://league-one.jp/player/484718,,,日本代表1CAP,,,25/26 Japan Rugby League One - Division 1 (7G) -> 24/25 Japan Rugby League One - Division 1 (15G) -> 23/24 Japan Rugby League One - Division 1 (11G) -> 22/23 Japan Rugby League One - Division 1 (16G) -> 21/22 Japan Rugby League One - Division 1 (11G)
Daiki Yamagiwa,山極 大貴,LO,三菱重工相模原ダイナボアーズ（2025-26）,198,120,1997.07.24,28,保善高校,専修大学,保善高校 専修大学,A,54,https://league-one.jp/player/484719,,,,,,24/25 Japan Rugby League One - Division 2 (12G) -> 23/24 Japan Rugby League One - Division 2 (12G/1T) -> Japan Rugby League One - Division 1 0 0 2  -> 22/23 Japan Rugby League One - Division 1 (16G) -> 21/22 Japan Rugby League One - Division 1 (12G)
Yoshiki Yoshioka,吉岡 義喜,SH,三菱重工相模原ダイナボアーズ（2025-26）,167,73,2001.03.17,24,興国高校,東洋大学,興国高校 東洋大学,A,5,https://league-one.jp/player/484720,,,,,,24/25 Japan Rugby League One - Division 2 (5G/1T)
Jose Seru,セル ホゼ,No8,三菱重工相模原ダイナボアーズ（2025-26）,197,117,1991.02.09,34,デラセラカレッジ,マヌカウ工科大学,デラセラカレッジ マヌカウ工科大学,A,34,https://league-one.jp/player/484721,,,,,,25/26 Japan Rugby League One - Division 1 (7G) -> 24/25 Japan Rugby League One - Division 2 (6G) -> Japan Rugby League One - Division 1 0 0 2  -> 23/24 Japan Rugby League One - Division 1 (13G/4T) -> 22/23 Japan Rugby League One - Division 1 (2G) -> 21/22 Japan Rugby League One - Division 2 (8G/3T)
Naoto Yasutsune,安恒 直人,HO,三菱重工相模原ダイナボアーズ（2025-26）,172,98,2003.02.05,22,福岡高校,早稲田大学,福岡高校 早稲田大学,A,0,https://league-one.jp/player/484722,,,,,,No Data
HANITELI VAILEA,ハニテリ ・ヴァイレア,CTB,三菱重工相模原ダイナボアーズ（2025-26）,181,98,2002.07.12,23,青森山田高校,大東文化大学,青森山田高校 大東文化大学,A,13,https://league-one.jp/player/484723,,,,,,25/26 Japan Rugby League One - Division 1 (7G/2T) -> 24/25 Japan Rugby League One - Division 1 (12G/2T)
Joape Naco,ジョアペ ・ナコ,CTB,三菱重工相模原ダイナボアーズ（2025-26）,181,98,2002.07.25,23,大分東明高校,日本大学,大分東明高校 日本大学,A,9,https://league-one.jp/player/484724,,,,,,25/26 Japan Rugby League One - Division 1 (2G) -> 24/25 Japan Rugby League One - Division 1 (9G/3T)
Naoki Kotera,古寺 直希,HO,三菱重工相模原ダイナボアーズ（2025-26）,170,100,2002.12.22,23,石見智翠館高校,近畿大学,石見智翠館高校 近畿大学,A,0,https://league-one.jp/player/484725,,,,,,No Data
Yuji Chae,蔡 唯志,PR,三菱重工相模原ダイナボアーズ（2025-26）,175,105,2003.02.09,22,大阪朝鮮高級高校,近畿大学,大阪朝鮮高級高等学校 近畿大学,A,9,https://league-one.jp/player/484726,,,'25 XV,,,25/26 Japan Rugby League One - Division 1 (2G) -> 24/25 Japan Rugby League One - Division 1 (7G)
Shinnosuke Yamashita,山下 真之介,SO,三菱重工相模原ダイナボアーズ（2025-26）,174,83,2002.06.06,23,流通経済大学柏高校,立命館大学,流通経済大学柏 立命館大学,A,1,https://league-one.jp/player/484727,,,,,,Not Found
Charlie Lawrence,チャーリー ・ローレンス,CTB,三菱重工相模原ダイナボアーズ（2025-26）,171,90,1998.05.27,27,HamiltonBoysHighSchool,,HamiltonBoysHighSchool,A,55,https://league-one.jp/player/484728,,,日本代表9CAP,,,25/26 Japan Rugby League One - Division 1 (1G) -> Autumn Nations Series 0 0 2  -> 24/25 Japan Rugby League One - Division 1 (17G/1T) -> Test Matchs 0 0 1  -> 23/24 Japan Rugby League One - Division 1 (15G/4T) -> 22/23 Japan Rugby League One - Division 1 (11G/3T) -> 21/22 Japan Rugby League One - Division 1 (11G/6T)
Changho Ahn,安 昌豪,PR,三菱重工相模原ダイナボアーズ（2025-26）,178,110,1997.11.20,28,大阪朝鮮高級学校,明治大学,大阪朝鮮高級学校 明治大学,A,44,https://league-one.jp/player/484729,,,'17 U20、'17 U23,,,Not Found
Seunghyok Lee,李 承爀,HO,三菱重工相模原ダイナボアーズ（2025-26）,179,103,1999.01.27,26,大阪朝鮮高級学校,帝京大学,大阪朝鮮高級学校 帝京大学,A,57,https://league-one.jp/player/484730,,,日本代表1CAP,,,25/26 Japan Rugby League One - Division 1 (6G/1T) -> 24/25 Japan Rugby League One - Division 1 (17G/2T) -> 23/24 Japan Rugby League One - Division 1 (17G/1T) -> 22/23 Japan Rugby League One - Division 2 (11G/6T) -> Japan Rugby League One - Division 1 2 0 0  -> 21/22 Japan Rugby League One - Division 2 (12G/1T) -> Japan Rugby League One - Division 1 1 0 0 (1G)
Rento Tsukayama,津嘉山 廉人,PR,三菱重工相模原ダイナボアーズ（2025-26）,186,107,1998.09.07,27,流通経済大学附属柏高校,流通経済大学,流通経済大学附属柏高等学校 流通経済大学,A,36,https://league-one.jp/player/484731,,,'18 U20、'18 U23、'19 U23,,,25/26 Japan Rugby League One - Division 1 (1G) -> 24/25 Japan Rugby League One - Division 1 (5G) -> 22/23 Japan Rugby League One - Division 1 (16G) -> 21/22 Japan Rugby League One - Division 1 (15G)
Riku Mishima,三島 琳久,CTB,三菱重工相模原ダイナボアーズ（2025-26）,175,91,2000.09.02,25,大阪桐蔭高校,近畿大学,大阪桐蔭高校 近畿大学,A,2,https://league-one.jp/player/484732,,,,,,24/25 Japan Rugby League One - Division 1 (3G)
Satoshi Koizumi,小泉 怜史,FB,三菱重工相模原ダイナボアーズ（2025-26）,178,87,2000.06.22,25,早稲田実業高校,早稲田大学,早稲田実業 早稲田大学,A,25,https://league-one.jp/player/484733,,,,,,25/26 Japan Rugby League One - Division 1 (7G/1T) -> 24/25 Japan Rugby League One - Division 1 (12G/7T) -> 23/24 Japan Rugby League One - Division 1 (8G/1T) -> 22/23 Japan Rugby League One - Division 1 (4G/1T)
DJ Kashima,加島 DJ,WTB,三菱重工相模原ダイナボアーズ（2025-26）,175,89,2001.03.11,24,湘南工科大附属高校,山梨学院大学,湘南工科大附属高校 山梨学院大学,A,2,https://league-one.jp/player/484734,,,,,,25/26 Japan Rugby League One - Division 1 (4G) -> 24/25 Japan Rugby League One - Division 1 (1G)
Ryuta Nakamori,中森 隆太,SH,三菱重工相模原ダイナボアーズ（2025-26）,175,75,2000.07.16,25,東福岡高校,立正大学,東福岡高校 立正大学,A,11,https://league-one.jp/player/484735,,,,,,25/26 Japan Rugby League One - Division 1 (4G) -> 24/25 Japan Rugby League One - Division 1 (3G/1T) -> 23/24 Japan Rugby League One - Division 1 (7G/1T) -> 22/23 Japan Rugby League One - Division 1 (2G)
Kanzo Schinckel,シンクル 寛造,PR,三菱重工相模原ダイナボアーズ（2025-26）,187,115,1999.08.20,26,札幌山の手高校,流通経済大学,札幌山の手 流通経済大学,A,19,https://league-one.jp/player/484736,,,'18 高校,,,24/25 Japan Rugby League One - Division 1 (9G) -> 23/24 Japan Rugby League One - Division 1 (10G/1T)
Mototsugu Hachiya,蜂谷 元紹,PR,三菱重工相模原ダイナボアーズ（2025-26）,180,115,1998.04.07,27,中部大学春日丘高校,中京大学,中部大学春日丘高校 中京大学,A,25,https://league-one.jp/player/484737,,,,,,24/25 Japan Rugby League One - Division 1 (3G) -> 23/24 Japan Rugby League One - Division 1 (12G) -> 22/23 Japan Rugby League One - Division 1 (11G/1T)
Tomoaki Ishii,石井 智亮,PR,三菱重工相模原ダイナボアーズ（2025-26）,182,120,1995.08.23,30,生田高校,成蹊大学,生田高校 成蹊大学,A,52,https://league-one.jp/player/484738,,,'25 XV,,,25/26 Japan Rugby League One - Division 1 (2G) -> 24/25 Japan Rugby League One - Division 1 (13G) -> 23/24 Japan Rugby League One - Division 1 (11G) -> 22/23 Japan Rugby League One - Division 1 (15G/1T) -> 21/22 Japan Rugby League One - Division 2 (10G/1T) -> Japan Rugby League One - Division 1 2 0 0 
Jun Morimoto,森本 潤,PR,三菱重工相模原ダイナボアーズ（2025-26）,175,115,1996.06.04,29,常翔啓光学園高校,日本大学,常翔啓光学園 日本大学,A,36,https://league-one.jp/player/484739,,,,,,25/26 Japan Rugby League One - Division 1 (5G) -> 24/25 Japan Rugby League One - Division 1 (8G) -> 23/24 Japan Rugby League One - Division 1 (8G) -> 22/23 Japan Rugby League One - Division 1 (8G) -> 21/22 Japan Rugby League One - Division 2 (10G) -> Japan Rugby League One - Division 1 1 0 0 
Yuki Miyazato,宮里 侑樹,HO,三菱重工相模原ダイナボアーズ（2025-26）,178,105,1997.01.06,29,名護商工業高校,早稲田大学,名護商工 早稲田大学,A,43,https://league-one.jp/player/484740,,,,,,25/26 Japan Rugby League One - Division 1 (6G/1T) -> 24/25 Japan Rugby League One - Division 1 (8G) -> 23/24 Japan Rugby League One - Division 1 (14G) -> 22/23 Japan Rugby League One - Division 1 (16G/3T) -> 21/22 Japan Rugby League One - Division 2 (4G)
Epineri Uluiviti,エピネリ ・ウルイヴァイティ,LO,三菱重工相模原ダイナボアーズ（2025-26）,198,125,1996.07.07,29,RatuKadavulevuSchool,,RatuKadavulevuSchool,A,50,https://league-one.jp/player/484741,,,日本代表11CAP,,,25/26 Japan Rugby League One - Division 1 (7G) -> Test Matchs 1 0 0  -> 24/25 Japan Rugby League One - Division 1 (10G/4T) -> Autumn Nations Series 0 0 2  -> 23/24 Japan Rugby League One - Division 1 (13G) -> 22/23 Japan Rugby League One - Division 1 (14G/2T) -> 21/22 Japan Rugby League One - Division 2 (8G/2T) -> Japan Rugby League One - Division 1 2 0 0 
Kohki Sato,佐藤 弘樹,FL,三菱重工相模原ダイナボアーズ（2025-26）,179,100,1995.07.22,30,青森北高校,札幌大学,青森北高校 札幌大学,A,22,https://league-one.jp/player/484742,,,,,,25/26 Japan Rugby League One - Division 1 (7G) -> 24/25 Japan Rugby League One - Division 1 (13G/1T) -> 23/24 Japan Rugby League One - Division 1 (2G/1T) -> 22/23 Japan Rugby League One - Division 1 (7G/1T) -> 21/22 Japan Rugby League One - Division 2 (1G)
Yusuke Sakamoto,坂本 侑翼,FL,三菱重工相模原ダイナボアーズ（2025-26）,176,96,1998.10.25,27,流通経済大学附属柏高校,流通経済大学,流通経済大学附属柏高校 流通経済大学,A,27,https://league-one.jp/player/484743,,,,,,24/25 Japan Rugby League One - Division 1 (3G) -> 23/24 Japan Rugby League One - Division 1 (10G) -> 22/23 Japan Rugby League One - Division 1 (15G/4T)
Masataka Tsuruya,鶴谷 昌隆,FL,三菱重工相模原ダイナボアーズ（2025-26）,186,104,1990.10.18,35,青森北高校,筑波大学,青森北高校 筑波大学,A,52,https://league-one.jp/player/484744,,,,,,25/26 Japan Rugby League One - Division 1 (7G) -> 24/25 Japan Rugby League One - Division 1 (11G/1T) -> 23/24 Japan Rugby League One - Division 1 (13G/4T) -> 22/23 Japan Rugby League One - Division 1 (14G/3T) -> 21/22 Japan Rugby League One - Division 2 (10G/1T) -> Japan Rugby League One - Division 1 2 0 0 
Kota Iwamura,岩村 昂太,SH,三菱重工相模原ダイナボアーズ（2025-26）,182,87,1993.12.07,32,東福岡高校,同志社大学,東福岡高校 同志社大学,A,59,https://league-one.jp/player/484745,,,,,,25/26 Japan Rugby League One - Division 1 (7G/2T) -> 24/25 Japan Rugby League One - Division 1 (15G) -> 23/24 Japan Rugby League One - Division 1 (14G/2T) -> 22/23 Japan Rugby League One - Division 1 (16G/2T) -> 21/22 Japan Rugby League One - Division 2 (9G/1T) -> Japan Rugby League One - Division 1 2 0 0 
Matt Vaega,マット ・ヴァエガ,CTB,三菱重工相模原ダイナボアーズ（2025-26）,179,94,1994.09.07,31,KelstonBoysHighSchool,,KelstonBoysHighSchool,A,50,https://league-one.jp/player/484746,,,,,,25/26 Japan Rugby League One - Division 1 (7G/6T) -> 24/25 Japan Rugby League One - Division 1 (14G/7T) -> 23/24 Japan Rugby League One - Division 1 (15G/3T) -> 22/23 Japan Rugby League One - Division 1 (10G) -> 21/22 Japan Rugby League One - Division 2 (7G/1T) -> Japan Rugby League One - Division 1 2 0 0 (2G/8T) -> 15/16 Super Rugby (2G) -> 14/15 Super Rugby (4G/1T)
Takumi Sugiura,杉浦 拓実,CTB,三菱重工相模原ダイナボアーズ（2025-26）,175,88,1998.08.24,27,東京高校,東海大学,東京高校 東海大学,A,4,https://league-one.jp/player/484747,,,,,,21/22 Japan Rugby League One - Division 2 (3G/1T) -> Japan Rugby League One - Division 1 2 0 0 (2G)
Honeti Taumohaapai,タウモハパイ ホネティ,WTB,三菱重工相模原ダイナボアーズ（2025-26）,180,95,1992.10.02,33,TongaCollege,花園大学,TongaCollege 花園大学,A,43,https://league-one.jp/player/484748,,,,,,24/25 Japan Rugby League One - Division 1 (12G/6T) -> 23/24 Japan Rugby League One - Division 1 (10G/7T) -> 22/23 Japan Rugby League One - Division 1 (11G/8T) -> 21/22 Japan Rugby League One - Division 2 (9G/6T) -> Japan Rugby League One - Division 1 1 0 0 
Shunsuke Sakamoto,坂本 駿介,PR,三菱重工相模原ダイナボアーズ（2025-26）,180,110,1998.03.13,27,三本木農業高校,日本大学,三本木農業高校 日本大学,A,25,https://league-one.jp/player/484749,,,,,,24/25 Japan Rugby League One - Division 1 (1G) -> 23/24 Japan Rugby League One - Division 1 (5G) -> 22/23 Japan Rugby League One - Division 1 (18G) -> 21/22 Japan Rugby League One - Division 2 (1G) -> Japan Rugby League One - Division 1 1 0 0 
Songyu Cho,趙 誠悠,FL,三菱重工相模原ダイナボアーズ（2025-26）,185,102,1999.05.13,26,大阪朝鮮高級校高校,日本大学,大阪朝鮮高級校 日本大学,A,2,https://league-one.jp/player/484750,,,,,,24/25 Japan Rugby League One - Division 1 (2G)
Kouki Hattori,服部 航大,FL,三菱重工相模原ダイナボアーズ（2025-26）,177,100,2000.01.16,25,天理高校,天理大学,天理高校 天理大学,A,1,https://league-one.jp/player/484751,,,,,,24/25 Japan Rugby League One - Division 1 (1G)
Kyo Yoshida,吉田 杏,FL,三菱重工相模原ダイナボアーズ（2025-26）,188,108,1995.06.30,30,大阪桐蔭高校,帝京大学,大阪桐蔭高校 帝京大学,A,58,https://league-one.jp/player/484752,,,'25 XV,,,25/26 Japan Rugby League One - Division 1 (7G/3T) -> 24/25 Japan Rugby League One - Division 1 (18G/1T) -> 23/24 Japan Rugby League One - Division 1 (15G/4T) -> 22/23 Japan Rugby League One - Division 1 (13G/1T) -> 21/22 Japan Rugby League One - Division 1 (9G/1T) -> 19/20 Super Rugby (1G)
Jack Stratton,ジャック ・ストラトン,SH,三菱重工相模原ダイナボアーズ（2025-26）,185,94,1994.08.21,31,FeildingHighSchool,LincolnUniversity,FeildingHighSchool LincolnUniversity,A,43,https://league-one.jp/player/484753,,,,,,24/25 Japan Rugby League One - Division 1 (16G/2T) -> 23/24 Japan Rugby League One - Division 1 (6G) -> 22/23 Japan Rugby League One - Division 1 (12G/4T) -> 21/22 Japan Rugby League One - Division 1 (10G/1T) -> 17/18 Super Rugby (1G/1T)
Tonishio Vaiahu,トニシオ バイフ,CTB,三菱重工相模原ダイナボアーズ（2025-26）,177,103,1991.02.12,34,日本航空高校石川,天理大学,日本航空高校石川 天理大学,A,21,https://league-one.jp/player/484754,,,,,,Not Found
Shoki Yoshimoto,吉本 匠希,FB,三菱重工相模原ダイナボアーズ（2025-26）,182,84,2002.03.05,23,常翔学園高校,立命館大学,常翔学園 立命館大学,A,0,https://league-one.jp/player/484755,,,,,,No Data
Shoma Sagawa,佐川 奨茉,HO,三菱重工相模原ダイナボアーズ（2025-26）,180,105,2002.01.20,23,佐野日本大学高校,日本大学,佐野日本大学高等学校 日本大学,A,3,https://league-one.jp/player/484756,,,'25 XV,,,25/26 Japan Rugby League One - Division 1 (2G) -> 24/25 Japan Rugby League One - Division 1 (2G)
Kohki Matsumoto,松本 光貴,LO,三菱重工相模原ダイナボアーズ（2025-26）,190,107,2001.11.03,24,明治大学附属八王子高校,明治大学,明治大学附属八王子高校 明治大学,A,5,https://league-one.jp/player/484757,,,,,,25/26 Japan Rugby League One - Division 1 (3G) -> 24/25 Japan Rugby League One - Division 1 (8G)
JAMES GRAYSON,ジェームス ・グレイソン,SO,三菱重工相模原ダイナボアーズ（2025-26）,187,89,1998.06.26,27,Northampton,Boys,Northampton Boys highschool,B,36,https://league-one.jp/player/485067,,,,,,25/26 Japan Rugby League One - Division 1 (7G/1T) -> 24/25 Japan Rugby League One - Division 1 (18G/2T) -> 23/24 Premiership Rugby Cup (2G) -> Premiership 1 0 2  -> 22/23 Northampton (9G/2T) -> Premiership Rugby Cup 2 0 2  -> 21/22 Northampton (13G/2T) -> Champions Cup 0 0 1  -> 20/21 Northampton (11G/1T) -> Challenge Cup 1 0 0  -> 19/20 Premiership Rugby Cup (4G) -> Premiership 6 0 6 (1G/18T) -> Champions Cup 1 0 2  -> 18/19 Northampton (9G) -> Challenge Cup 3 0 2  -> Premiership Rugby Cup 5 0 1 (2G/20T) -> 17/18 Northampton (9G) -> Anglo Welsh Cup 2 0 1  -> Champions Cup 1 0 0 
Jackson Hemopo,ジャクソン ・ヘモポ,No8,三菱重工相模原ダイナボアーズ（2025-26）,194,113,1993.11.14,32,ﾊﾟｰﾏｽﾄﾝﾉｰｽﾎﾞｰｲｽ,,ﾊﾟｰﾏｽﾄﾝﾉｰｽﾎﾞｰｲｽ,C,37,https://league-one.jp/player/485068,,,New Zealand(1CAP),,,25/26 Japan Rugby League One - Division 1 (7G/2T) -> 24/25 Japan Rugby League One - Division 1 (9G/2T) -> 23/24 Japan Rugby League One - Division 1 (13G/7T) -> 22/23 Japan Rugby League One - Division 1 (11G/2T) -> 21/22 Japan Rugby League One - Division 2 (10G/2T) -> Japan Rugby League One - Division 1 2 0 0  -> 19/20 New Zealand (1G) -> 18/19 Highlanders (13G/1T) -> Rugby Championship 1 0 0  -> 17/18 Highlanders (16G) -> 16/17 Highlanders (8G) -> 14/15 Highlanders (1G)
Friedle Olivier,フリードル ・オリヴィエー,FL,三菱重工相模原ダイナボアーズ（2025-26）,197,126,1992.05.27,33,Dr.,Johan,Dr. Johan Jurgens High School University of South Africa,B,7,https://league-one.jp/player/485069,,,,,,25/26 Japan Rugby League One - Division 1 (4G) -> 24/25 Challenge Cup (4G) -> 23/24 Challenge Cup (5G) -> 22/23 Challenge Cup (4G/1T)
MARINO MIKAELE-TU U,マリノ ・ミカエリトゥウ,No8,三菱重工相模原ダイナボアーズ（2025-26）,193,111,1997.11.06,28,登録区分：カテゴリB,,登録区分：カテゴリB,B,24,https://league-one.jp/player/485070,,,,,,25/26 Japan Rugby League One - Division 1 (7G/3T) -> 24/25 Japan Rugby League One - Division 1 (9G/2T) -> 23/24 Japan Rugby League One - Division 1 (13G/3T) -> 22/23 Super Rugby Pacific (10G/1T) -> 21/22 Super Rugby Pacific (12G/3T) -> 20/21 Super Rugby Aotearoa (5G) -> 19/20 Highlanders (5G) -> Super Rugby Aotearoa 3 0 5 (2G) -> 18/19 Highlanders (3G) -> 17/18 Highlanders (5G)
Tai Dowling,ダウリング タイ,SO,三菱重工相模原ダイナボアーズ（2025-26）,183,85,2003.07.06,22,Emmanuel,college,Emmanuel college Queensland university of techn,A,1,https://league-one.jp/player/485367,,,,,,24/25 Japan Rugby League One - Division 1 (1G)
Semisi Masirewa,セミシ ・マシレワ,WTB,三菱重工相模原ダイナボアーズ（2025-26）,181,95,1992.06.09,33,フィールディング,,フィールディング高校,A,29,https://league-one.jp/player/485477,,,日本代表7CAP、Test Matchs(1CAP),,,24/25 Japan Rugby League One - Division 2 (9G/3T) -> 23/24 Japan Rugby League One - Division 1 (8G/4T) -> Summer Nations Series 0 0 1  -> Rugby World Cup 1 0 1  -> 22/23 Japan Rugby League One - Division 1 (9G/5T) -> 21/22 Japan Rugby League One - Division 2 (3G/1T) -> 20/21 Test Matchs (1G) -> 18/19 Super Rugby (14G/11T) -> 17/18 Super Rugby (10G/2T) -> 16/17 Western Force (2G) -> 15/16 Western Force (15G)
Brad WEBER,ブラッド ・ウェバー,SH,三菱重工相模原ダイナボアーズ（2025-26）,172,75,1991.01.17,34,Napier,Boys',Napier Boys' High School University of Otago,C,0,https://league-one.jp/player/486457,,,,,,25/26 Japan Rugby League One - Division 1 (3G) -> 24/25 Top 14 (14G/3T) -> Champions Cup 1 0 1  -> 23/24 Top 14 (19G) -> Champions Cup 0 0 1  -> 22/23 Super Rugby Pacific (13G/3T) -> 21/22 Super Rugby Pacific (12G/5T) -> 20/21 Super Rugby Aotearoa (8G/1T) -> Super Rugby Trans-Tasman 4 0 1  -> Rugby Championship 3 0 1 (1G) -> 19/20 Super Rugby (5G/3T) -> Super Rugby Aotearoa 0 0 8  -> Tri Nations 0 0 2  -> 18/19 Super Rugby (15G/5T) -> 17/18 Super Rugby (15G/3T) -> 15/16 Super Rugby (17G/5T) -> 14/15 Super Rugby (17G) -> 13/14 Super Rugby (8G/1T)
Nesta Mahina,ネスタ ・マヒナ,PR,横浜キヤノンイーグルス（2025-26）,171,113,2000.10.28,25,ブリスベンステートハイスクール,,ブリスベンステートハイスクール,A,6,https://league-one.jp/player/484806,,,,,,23/24 Japan Rugby League One - Division 1 (5G) -> 22/23 Japan Rugby League One - Division 1 (1G)
Kaito Doichi,土一 海人,HO,横浜キヤノンイーグルス（2025-26）,176,100,1999.07.02,26,東海大相模高校,東海大学,東海大相模高校 東海大学,A,2,https://league-one.jp/player/484807,,,'17 高校,,,22/23 Japan Rugby League One - Division 2 (2G/1T)
Yu Chinen,知念 雄,PR,横浜キヤノンイーグルス（2025-26）,183,120,1990.11.18,35,那覇西高校,順天堂大学,那覇西高校 順天堂大学,A,26,https://league-one.jp/player/484808,,,'16 U23、日本代表6CAP,,,24/25 Japan Rugby League One - Division 1 (3G) -> 23/24 Japan Rugby League One - Division 1 (8G) -> 21/22 Japan Rugby League One - Division 1 (15G)
Sam Caird,サム ・ケアード,LO,横浜キヤノンイーグルス（2025-26）,202,117,1997.03.18,28,セントピーターズスクール,シドニー大学,セントピーターズスクール シドニー大学,B,3,https://league-one.jp/player/484809,,,,,,24/25 Major League Rugby (14G/3T) -> 23/24 Northland (9G/1T) -> 22/23 Japan Rugby League One - Division 1 (3G) -> 21/22 Super Rugby Pacific (4G) -> 20/21 Super Rugby AU (7G) -> Super Rugby Trans-Tasman 0 0 3  -> 19/20 Northland (12G/1T)
Dino Lamb,ディノ ・ラム,LO,横浜キヤノンイーグルス（2025-26）,198,119,1998.04.18,27,クランリースクール,,クランリースクール,C,1,https://league-one.jp/player/484810,,,,,,25/26 Japan Rugby League One - Division 1 (3G) -> 24/25 Premiership (9G) -> Champions Cup 0 0 1  -> Six Nations Championship 1 0 2  -> 23/24 Premiership (8G/4T) -> Champions Cup 1 0 1  -> Rugby World Cup 2 0 1 (1G) -> 22/23 Premiership (17G/3T) -> Champions Cup 2 0 2  -> 21/22 Premiership (12G/2T) -> Champions Cup 2 0 0  -> 20/21 Champions Cup (1G) -> Premiership 9 0 4  -> 19/20 Premiership Rugby Cup (4G) -> Premiership 4 0 6  -> Champions Cup 1 0 3  -> 18/19 Premiership (2G) -> Premiership Rugby Cup 1 0 3  -> 17/18 Premiership (5G) -> Champions Cup 0 0 4  -> Anglo Welsh Cup 3 0 0 (1G)
Daichi Akiyama,秋山 大地,LO,横浜キヤノンイーグルス（2025-26）,192,114,1996.11.14,29,つるぎ,帝京大学,つるぎ高校 帝京大学,A,51,https://league-one.jp/player/484811,,,'16 U20、'16 U23、日本代表2CAP,,,25/26 Japan Rugby League One - Division 1 (5G) -> 24/25 Japan Rugby League One - Division 1 (14G/1T) -> 23/24 Japan Rugby League One - Division 1 (9G) -> 22/23 Japan Rugby League One - Division 1 (15G/2T) -> 21/22 Japan Rugby League One - Division 1 (10G/1T)
Sione Lavemai,シオネ ・ラベマイ,FL,横浜キヤノンイーグルス（2025-26）,190,120,1994.05.08,31,セントビーズカレッジ,拓殖大学,セントビーズカレッジ 拓殖大学,A,27,https://league-one.jp/player/484812,,,日本代表1CAP,,,24/25 Japan Rugby League One - Division 1 (6G/1T) -> 23/24 Japan Rugby League One - Division 1 (9G/2T) -> 21/22 Japan Rugby League One - Division 1 (12G)
Amanaki Saumaki,サウマキ アマナキ,FL,横浜キヤノンイーグルス（2025-26）,189,110,1997.03.08,28,トゥポウカレッジ,,トゥポウカレッジ,A,59,https://league-one.jp/player/484813,,,'25 XV、日本代表5CAP,,,25/26 Japan Rugby League One - Division 1 (8G/1T) -> 24/25 Japan Rugby League One - Division 1 (17G/4T) -> 23/24 Japan Rugby League One - Division 1 (14G/8T) -> Rugby World Cup 1 0 1  -> Test Matchs 0 0 2  -> 22/23 Japan Rugby League One - Division 1 (11G/4T) -> 21/22 Japan Rugby League One - Division 1 (14G/2T)
Yuto Mori,森 勇登,UTB,横浜キヤノンイーグルス（2025-26）,174,85,1998.11.14,27,東福岡高校,明治大学,東福岡高校 明治大学,A,47,https://league-one.jp/player/484814,,,'18 U20、'18 U23、'25 XV,,,25/26 Japan Rugby League One - Division 1 (5G/1T) -> 24/25 Japan Rugby League One - Division 1 (19G/8T) -> 23/24 Japan Rugby League One - Division 1 (17G/9T) -> 22/23 Japan Rugby League One - Division 1 (6G) -> 21/22 Japan Rugby League One - Division 1 (3G)
Levi Aumua,リーバイ ・アウムア,CTB,横浜キヤノンイーグルス（2025-26）,185,107,1994.10.09,31,ブリスベングラマースクール,,ブリスベングラマースクール,B,0,https://league-one.jp/player/484815,,,,,,25/26 Japan Rugby League One - Division 1 (5G) -> 24/25 Super Rugby Pacific (9G/1T) -> 23/24 Super Rugby Pacific (11G/1T) -> 22/23 Super Rugby Pacific (13G/5T) -> 21/22 Super Rugby Pacific (9G/3T) -> 20/21 Tasman (9G/2T) -> 18/19 Super Rugby (5G) -> 17/18 Super Rugby (1G) -> 14/15 Challenge Cup (2G)
Jeandre Labuschagne,ジャンドレ ・ラブスカフニ,LO,横浜キヤノンイーグルス（2025-26）,195,106,1999.07.17,26,MaritzburgCollege,,MaritzburgCollege,B,5,https://league-one.jp/player/484816,,,United Rugby Championship(28CAP),,,25/26 Japan Rugby League One - Division 1 (6G) -> 24/25 Champions Cup (3G) -> United Rugby Championship 4 0 1  -> 23/24 United Rugby Championship (13G/1T) -> Challenge Cup 7 0 1 (1G) -> 22/23 United Rugby Championship (6G) -> Champions Cup 0 0 1  -> 21/22 United Rugby Championship (9G)
Asahi Doei,土永 旭,SH,横浜キヤノンイーグルス（2025-26）,171,76,2003.01.09,22,光泉カトリック高校,京都産業大学,光泉カトリック高校 京都産業大学,A,3,https://league-one.jp/player/484817,,,'24 XV、'25 XV,,,25/26 Japan Rugby League One - Division 1 (7G/1T) -> 24/25 Japan Rugby League One - Division 1 (1G) -> 22/23 U20 Championship (3G)
Aminiasi Shaw,アミニアシ ・ショー,FL,横浜キヤノンイーグルス（2025-26）,185,107,2000.03.13,25,マリストブラザーズ高高校,摂南大学,マリストブラザーズ高 摂南大学,A,1,https://league-one.jp/player/484818,,,,,,Not Found
Billy Harmon,ビリー ・ハーモン,FL,横浜キヤノンイーグルス（2025-26）,187,104,1994.12.23,31,StBede'sCollege,,StBede'sCollege,B,21,https://league-one.jp/player/484819,,,,,,25/26 Japan Rugby League One - Division 1 (5G/1T) -> 24/25 Japan Rugby League One - Division 1 (18G/2T) -> 23/24 Super Rugby Pacific (13G/1T) -> 22/23 Super Rugby Pacific (12G/1T) -> 21/22 Super Rugby Pacific (8G/1T) -> 20/21 Super Rugby Aotearoa (8G/1T) -> Super Rugby Trans-Tasman 5 0 1 (2G) -> 19/20 Super Rugby Aotearoa (3G) -> 18/19 Super Rugby (4G) -> 17/18 Super Rugby (5G/1T)
Brendan Owen,ブレンダン ・オーウェン,UTB,横浜キヤノンイーグルス（2025-26）,192,97,1996.09.23,29,StAndrewsCollege,UniversityofSouthAfrica(UNISA),StAndrewsCollege UniversityofSouthAfrica(UNISA),B,11,https://league-one.jp/player/484820,,,,,,24/25 Japan Rugby League One - Division 1 (11G/7T) -> 23/24 Premiership Rugby Cup (2G/1T) -> 22/23 RFU Championship (15G/8T)
Tomoki Minami,南 友紀,PR,横浜キヤノンイーグルス（2025-26）,172,96,1993.10.23,32,筑紫高校,立命館大学,筑紫高校 立命館大学,A,39,https://league-one.jp/player/484821,,,,,,25/26 Japan Rugby League One - Division 1 (6G) -> 24/25 Japan Rugby League One - Division 1 (12G/1T) -> 23/24 Japan Rugby League One - Division 2 (10G) -> Japan Rugby League One - Division 1 1 0 1  -> 22/23 Japan Rugby League One - Division 2 (2G) -> Japan Rugby League One - Division 1 0 0 2  -> 21/22 Japan Rugby League One - Division 3 (8G)
Masato Furukawa,古川 聖人,FL,横浜キヤノンイーグルス（2025-26）,179,94,1996.12.06,29,東福岡高校,立命館大学,東福岡高校 立命館大学,A,46,https://league-one.jp/player/484822,,,'16 U20、'16 U23、'25 XV、日本代表3CAP,,,25/26 Japan Rugby League One - Division 1 (6G/1T) -> 24/25 Japan Rugby League One - Division 1 (17G) -> 23/24 Japan Rugby League One - Division 1 (9G/3T) -> 22/23 Japan Rugby League One - Division 1 (7G) -> 21/22 Japan Rugby League One - Division 1 (10G/2T)
Cormac Daly,コルマック ・ダリー,LO,横浜キヤノンイーグルス（2025-26）,199,120,1998.05.01,27,ScoilUiRiadaGaelscoil,MaynoothUniversity,ScoilUiRiadaGaelscoil MaynoothUniversity,B,13,https://league-one.jp/player/484823,,,,,,25/26 Japan Rugby League One - Division 1 (5G/1T) -> 24/25 Japan Rugby League One - Division 1 (12G/2T) -> 23/24 Super Rugby Pacific (8G)
Faf De Klerk,ファフ ・デクラーク,SH,横浜キヤノンイーグルス（2025-26）,172,88,1991.10.19,34,HoerskoolWaterkloof,,HoerskoolWaterkloof,C,34,https://league-one.jp/player/484824,,,,,,25/26 Japan Rugby League One - Division 1 (1G/1T) -> 24/25 Japan Rugby League One - Division 1 (11G/1T) -> 23/24 Japan Rugby League One - Division 1 (4G) -> Rugby World Cup 5 0 1  -> 22/23 Japan Rugby League One - Division 1 (18G/4T) -> Rugby Championship 1 0 1  -> 21/22 Premiership (11G/1T) -> Champions Cup 1 0 2  -> Rugby Championship 3 0 1  -> 20/21 Premiership (20G/2T) -> Champions Cup 1 0 3  -> Rugby Championship 1 0 3  -> 19/20 Champions Cup (2G) -> Premiership 7 0 5 (2G) -> Premiership Rugby Cup 1 0 0 (1G) -> Rugby World Cup 4 0 1 (1G) -> 18/19 Challenge Cup (8G/1T) -> Premiership 9 2 5 (3G/5T) -> Rugby Championship 1 1 0  -> 17/18 Premiership (22G/4T) -> Challenge Cup 0 1 1  -> Anglo Welsh Cup 1 0 1  -> Rugby Championship 3 0 3 (2G) -> 16/17 Super Rugby (16G/2T) -> 15/16 Super Rugby (17G/4T) -> Rugby Championship 1 0 4  -> 14/15 Super Rugby (16G/5T) -> 13/14 Super Rugby (16G/3T)
Tatsuro Sugimoto,杉本 達郎,PR,横浜キヤノンイーグルス（2025-26）,175,110,1996.09.30,29,東大阪大学柏原高校,関西大学,東大阪大学柏原高校 関西大学,A,60,https://league-one.jp/player/484825,,,,,,25/26 Japan Rugby League One - Division 1 (8G) -> 24/25 Japan Rugby League One - Division 1 (16G) -> 23/24 Japan Rugby League One - Division 1 (17G) -> 22/23 Japan Rugby League One - Division 1 (13G) -> 21/22 Japan Rugby League One - Division 1 (11G)
Ryo Eto,江藤 良,CTB,横浜キヤノンイーグルス（2025-26）,181,94,2000.01.09,25,報徳学園高校,明治大学,報徳学園高校 明治大学,A,0,https://league-one.jp/player/484826,,,,,,No Data
Sioeli Vakalahi,シオエリ ・ヴァカラヒ,PR,横浜キヤノンイーグルス（2025-26）,178,110,1998.05.15,27,目黒学院高校,福岡工業大学,目黒学院高校 福岡工業大学,A,27,https://league-one.jp/player/484827,,,,,,25/26 Japan Rugby League One - Division 1 (2G) -> 24/25 Japan Rugby League One - Division 1 (7G) -> 23/24 Japan Rugby League One - Division 1 (6G) -> 22/23 Japan Rugby League One - Division 1 (15G/2T)
Sione Halasili,シオネ ・ハラシリ,No8,横浜キヤノンイーグルス（2025-26）,180,120,1999.10.15,26,目黒学院高校,日本大学,目黒学院高校 日本大学,A,46,https://league-one.jp/player/484828,,,,,,25/26 Japan Rugby League One - Division 1 (5G) -> 24/25 Japan Rugby League One - Division 1 (5G/3T) -> 23/24 Japan Rugby League One - Division 1 (16G/7T) -> 22/23 Japan Rugby League One - Division 1 (18G/8T) -> 21/22 Japan Rugby League One - Division 1 (5G/4T)
Liakimatagi Moli,リアキマタギ ・モリ,LO,横浜キヤノンイーグルス（2025-26）,197,114,1990.01.04,36,StPaul’sCollege,,StPaul’sCollege,A,56,https://league-one.jp/player/484829,,,,,,Not Found
Viliame Takayawa,ヴィリアメ ・タカヤワ,CTB,横浜キヤノンイーグルス（2025-26）,184,103,1997.02.21,28,KelstonBoysHighSchool,流通経済大学,KelstonBoysHighSchool 流通経済大学,A,52,https://league-one.jp/player/484830,,,,,,25/26 Japan Rugby League One - Division 1 (6G/4T) -> 24/25 Japan Rugby League One - Division 1 (16G/5T) -> 23/24 Japan Rugby League One - Division 1 (16G/12T) -> 22/23 Japan Rugby League One - Division 1 (7G/2T) -> 21/22 Japan Rugby League One - Division 1 (12G/2T)
Masayoshi Takezawa,竹澤 正祥,WTB,横浜キヤノンイーグルス（2025-26）,176,86,1995.05.05,30,明和県央高校,日本大学,明和県央高校 日本大学,A,46,https://league-one.jp/player/484831,,,'25 XV,,,25/26 Japan Rugby League One - Division 1 (3G) -> 24/25 Japan Rugby League One - Division 1 (10G/5T) -> 23/24 Japan Rugby League One - Division 1 (16G/4T) -> 22/23 Japan Rugby League One - Division 1 (14G/3T) -> 21/22 Japan Rugby League One - Division 1 (7G)
Yusuke Kajimura,梶村 祐介,CTB,横浜キヤノンイーグルス（2025-26）,181,95,1995.09.13,30,報徳学園高校,明治大学,報徳学園高校 明治大学,A,55,https://league-one.jp/player/484832,,,'15 U20、日本代表7CAP、Test Matchs(1CAP),,,25/26 Japan Rugby League One - Division 1 (6G/1T) -> 24/25 Japan Rugby League One - Division 1 (11G) -> Test Matchs 1 0 0  -> 23/24 Japan Rugby League One - Division 1 (14G/4T) -> 22/23 Japan Rugby League One - Division 1 (15G/3T) -> 21/22 Japan Rugby League One - Division 1 (15G/4T) -> 18/19 Test Matchs (1G)
Kazufumi Yamasuga,山菅 一史,SH,横浜キヤノンイーグルス（2025-26）,164,78,1997.12.03,28,東京高校,東海大学,東京高校 東海大学,A,41,https://league-one.jp/player/484833,,,'17 U20,,,25/26 Japan Rugby League One - Division 1 (5G) -> 24/25 Japan Rugby League One - Division 1 (12G) -> 23/24 Japan Rugby League One - Division 1 (5G) -> 22/23 Japan Rugby League One - Division 1 (12G/1T) -> 21/22 Japan Rugby League One - Division 1 (13G)
Yu Saruta,猿田 湧,FB,横浜キヤノンイーグルス（2025-26）,184,88,1998.06.04,27,秋田工業高校,明治大学,秋田工業高校 明治大学,A,0,https://league-one.jp/player/484834,,,'18 U20,,,No Data
Katsuto Kubo,久保 克斗,LO,横浜キヤノンイーグルス（2025-26）,192,108,1998.11.07,27,國學院栃木高校,帝京大学,國學院栃木高校 帝京大学,A,2,https://league-one.jp/player/484835,,,'18 U20、'18 U23,,,25/26 Japan Rugby League One - Division 1 (1G) -> 23/24 Japan Rugby League One - Division 1 (1G) -> 22/23 Japan Rugby League One - Division 1 (1G)
Yusaku Miyoshi,三好 優作,PR,横浜キヤノンイーグルス（2025-26）,174,102,1998.05.14,27,松山聖陵高校,明治大学,松山聖陵高校 明治大学,A,4,https://league-one.jp/player/484836,,,,,,22/23 Japan Rugby League One - Division 1 (5G)
Chihito Matsui,松井 千士,WTB,横浜キヤノンイーグルス（2025-26）,183,88,1994.11.11,31,常翔学園高校,同志社大学,常翔学園高校 同志社大学,A,34,https://league-one.jp/player/484837,,,'12 高校、日本代表2CAP,,,25/26 Japan Rugby League One - Division 1 (3G/1T) -> 24/25 Japan Rugby League One - Division 1 (8G/6T) -> 23/24 Japan Rugby League One - Division 1 (5G/4T) -> 22/23 Japan Rugby League One - Division 1 (6G/4T) -> 21/22 Japan Rugby League One - Division 1 (14G/7T)
Junpei Ogura,小倉 順平,SO,横浜キヤノンイーグルス（2025-26）,172,80,1992.07.11,33,桐蔭学園高校,早稲田大学,桐蔭学園高校 早稲田大学,A,70,https://league-one.jp/player/484838,,,日本代表4CAP,,,Not Found
Ryuta Yasui,安井 龍太,LO,横浜キヤノンイーグルス（2025-26）,187,105,1989.12.06,36,東海大仰星高校,東海大学,東海大仰星高校 東海大学,A,5,https://league-one.jp/player/484839,,,'08 U20、日本代表2CAP,,,22/23 Japan Rugby League One - Division 1 (2G) -> 21/22 Japan Rugby League One - Division 1 (4G)
Kazunari Takagi,高木 一成,WTB,横浜キヤノンイーグルス（2025-26）,176,84,1997.06.23,28,慶應義塾高校,慶應義塾大学,慶應義塾高校 慶應義塾大学,A,1,https://league-one.jp/player/484840,,,,,,21/22 Japan Rugby League One - Division 1 (1G)
Shota matsuoka,松岡 将大,PR,横浜キヤノンイーグルス（2025-26）,181,101,1997.07.31,28,近畿大学附属高校,近畿大学,近畿大学附属高校 近畿大学,A,27,https://league-one.jp/player/484841,,,,,,25/26 Japan Rugby League One - Division 1 (3G) -> 24/25 Japan Rugby League One - Division 1 (6G) -> 23/24 Japan Rugby League One - Division 1 (1G) -> 22/23 Japan Rugby League One - Division 1 (6G) -> 21/22 Japan Rugby League One - Division 1 (15G/1T)
Jesse Kriel,ジェシー ・クリエル,CTB,横浜キヤノンイーグルス（2025-26）,185,95,1994.02.15,31,MaritzburgCollege,UniversityofPretoria,MaritzburgCollege UniversityofPretoria,C,57,https://league-one.jp/player/484842,,,South Africa(3CAP),,,25/26 Japan Rugby League One - Division 1 (6G/4T) -> Autumn Nations Series 2 0 0  -> 24/25 Japan Rugby League One - Division 1 (16G/9T) -> Test Matchs 2 0 0 (1G) -> Rugby Championship 2 0 2  -> 23/24 Japan Rugby League One - Division 1 (10G/2T) -> Summer Nations Series 1 0 0 (2G) -> Rugby World Cup 6 0 1 (1G) -> Rugby Championship 5 0 1 (2G) -> 22/23 Japan Rugby League One - Division 1 (17G/7T) -> Rugby Championship 1 0 0  -> 21/22 Japan Rugby League One - Division 1 (13G/5T) -> Test Matchs 0 0 1  -> Rugby Championship 3 0 1  -> 20/21 South Africa (1G) -> 19/20 South Africa (2G) -> Rugby World Cup 0 0 1  -> 18/19 Super Rugby (9G/4T) -> Rugby Championship 2 1 0  -> 17/18 Super Rugby (16G/8T) -> 16/17 Super Rugby (14G/5T) -> Rugby Championship 2 2 2 (1G) -> 15/16 Super Rugby (14G/1T) -> Rugby World Cup 5 0 2 (1G) -> Rugby Championship 2 0 3  -> 14/15 Super Rugby (16G/1T) -> 13/14 Super Rugby (1G)
Yu Tamura,田村 優,SO,横浜キヤノンイーグルス（2025-26）,181,92,1989.01.09,36,國學院栃木高校,明治大学,國學院栃木高校 明治大学,A,64,https://league-one.jp/player/484843,,,日本代表70CAP、Test Matchs(10CAP),,,25/26 Japan Rugby League One - Division 1 (8G/1T) -> 24/25 Japan Rugby League One - Division 1 (18G/2T) -> 23/24 Japan Rugby League One - Division 1 (16G) -> 22/23 Japan Rugby League One - Division 1 (16G/4T) -> 21/22 Japan Rugby League One - Division 1 (11G) -> Autumn Nations Cup 0 0 2  -> 20/21 Test Matchs (2G) -> 19/20 Test Matchs (1G) -> Rugby World Cup 4 0 1  -> 18/19 Super Rugby (3G) -> Pacific Nations Cup 3 0 0  -> 17/18 Super Rugby (6G) -> 16/17 Super Rugby (9G/2T) -> 15/16 Super Rugby (15G) -> Rugby World Cup 1 0 1  -> 14/15 Test Matchs (1G) -> 13/14 Test Matchs (6G)
Yusuke Niwai,庭井 祐輔,HO,横浜キヤノンイーグルス（2025-26）,174,95,1991.10.22,34,報徳学園高校,立命館大学,報徳学園 立命館大学,A,57,https://league-one.jp/player/484844,,,'10 U20、'11 U20、日本代表10CAP、Test Matchs(2CAP),,,25/26 Japan Rugby League One - Division 1 (5G) -> 24/25 Japan Rugby League One - Division 1 (16G) -> 23/24 Japan Rugby League One - Division 1 (13G/1T) -> 22/23 Japan Rugby League One - Division 1 (11G/3T) -> 21/22 Japan Rugby League One - Division 1 (14G/4T) -> Autumn Nations Cup 0 0 1  -> 18/19 Test Matchs (2G) -> 17/18 Super Rugby (8G) -> 16/17 Super Rugby (10G)
Toshiki Amano,天野 寿紀,SH,横浜キヤノンイーグルス（2025-26）,170,80,1990.10.27,35,常翔学園高校,帝京大学,常翔学園高校 帝京大学,A,28,https://league-one.jp/player/484845,,,,,,25/26 Japan Rugby League One - Division 1 (3G) -> 24/25 Japan Rugby League One - Division 1 (6G) -> 23/24 Japan Rugby League One - Division 1 (15G/2T) -> 22/23 Japan Rugby League One - Division 1 (1G) -> 21/22 Japan Rugby League One - Division 1 (7G/1T)
Ryo Tabata,田畑 凌,CTB,横浜キヤノンイーグルス（2025-26）,177,93,1996.07.05,29,報徳学園高校,京都産業大学,報徳学園高校 京都産業大学,A,19,https://league-one.jp/player/484846,,,,,,25/26 Japan Rugby League One - Division 1 (2G) -> 24/25 Japan Rugby League One - Division 1 (12G) -> 23/24 Japan Rugby League One - Division 1 (6G/1T) -> 22/23 Japan Rugby League One - Division 1 (1G/1T)
Takato Okabe,岡部 崇人,PR,横浜キヤノンイーグルス（2025-26）,180,105,1995.02.19,30,上宮高校,関西学院大学,上宮高校 関西学院大学,A,69,https://league-one.jp/player/484847,,,日本代表8CAP,,,25/26 Japan Rugby League One - Division 1 (8G) -> 24/25 Japan Rugby League One - Division 1 (18G/1T) -> Autumn Nations Series 0 0 2  -> 23/24 Japan Rugby League One - Division 1 (17G/1T) -> Pacific Nations Cup 1 0 1  -> 22/23 Japan Rugby League One - Division 1 (17G/1T) -> 21/22 Japan Rugby League One - Division 1 (14G/1T)
Kouki Arai,荒井 康植,SH,横浜キヤノンイーグルス（2025-26）,175,80,1993.05.14,32,佐賀工業高校,帝京大学,佐賀工業高校 帝京大学,A,29,https://league-one.jp/player/484848,,,,,,Not Found
Ryosuke Iwaihara,祝原 涼介,PR,横浜キヤノンイーグルス（2025-26）,184,115,1996.10.06,29,桐蔭学園高校,明治大学,桐蔭学園高等学校 明治大学,A,52,https://league-one.jp/player/484849,,,'15 U20、'16 U20、'15 U23、日本代表5CAP,,,25/26 Japan Rugby League One - Division 1 (5G) -> Autumn Nations Series 0 0 1  -> 24/25 Japan Rugby League One - Division 1 (14G/1T) -> Test Matchs 0 0 1  -> 23/24 Japan Rugby League One - Division 1 (18G) -> 22/23 Japan Rugby League One - Division 1 (14G/1T) -> 21/22 Japan Rugby League One - Division 1 (3G/1T)
Shunta Nakamura,中村 駿太,HO,横浜キヤノンイーグルス（2025-26）,176,100,1994.02.28,31,桐蔭学園高校,明治大学,桐蔭学園高等学校 明治大学,A,66,https://league-one.jp/player/484850,,,,,,25/26 Japan Rugby League One - Division 1 (8G/1T) -> 24/25 Japan Rugby League One - Division 1 (17G) -> 23/24 Japan Rugby League One - Division 1 (18G/11T) -> 22/23 Japan Rugby League One - Division 1 (18G/9T) -> 21/22 Japan Rugby League One - Division 1 (10G/2T)
Ryu Fukuhara,普久原 琉,FB,横浜キヤノンイーグルス（2025-26）,178,85,2000.11.03,25,コザ,日本大学,コザ高校 日本大学,A,7,https://league-one.jp/player/484851,,,,,,24/25 Japan Rugby League One - Division 1 (1G/1T) -> 23/24 Japan Rugby League One - Division 1 (6G)
Lekima Nasamila,レキマ ・ナサミラ,FL,横浜キヤノンイーグルス（2025-26）,190,123,1998.12.27,27,Leleanmemorialschool,東海大学,Leleanmemorialschool 東海大学,A,11,https://league-one.jp/player/484852,,,,,,25/26 Japan Rugby League One - Division 1 (2G) -> 24/25 Japan Rugby League One - Division 1 (5G/1T) -> 23/24 Japan Rugby League One - Division 1 (6G/1T)
Kippei Ishida,石田 吉平,WTB,横浜キヤノンイーグルス（2025-26）,167,74,2000.04.28,25,常翔学園高校,明治大学,常翔学園高校 明治大学,A,18,https://league-one.jp/player/484853,,,日本代表9CAP,,,25/26 Japan Rugby League One - Division 1 (7G/2T) -> Autumn Nations Series 0 0 2 (1G) -> 24/25 Japan Rugby League One - Division 1 (16G/11T) -> Pacific Nations Cup 3 0 0 (3G)
Yuragi Muto,武藤 ゆらぎ,SO,横浜キヤノンイーグルス（2025-26）,170,77,2001.07.30,24,東海大学付属大阪仰星高校,東海大学,東海大学付属大阪仰星高等学校 東海大学,A,9,https://league-one.jp/player/484854,,,,,,25/26 Japan Rugby League One - Division 1 (7G/2T) -> 24/25 Japan Rugby League One - Division 1 (4G) -> 23/24 Japan Rugby League One - Division 1 (3G/1T)
Hayate Hiraishi,平石 颯,HO,横浜キヤノンイーグルス（2025-26）,179,103,2002.02.09,23,桐蔭学園高校,筑波大学,桐蔭学園 筑波大学,A,2,https://league-one.jp/player/484855,,,,,,24/25 Japan Rugby League One - Division 1 (2G)
Randall Baker,ランダル ・ベイカー,FL,横浜キヤノンイーグルス（2025-26）,191,114,2005.09.16,20,ボタニー・ダウンズ・セカンダリ,,ボタニー・ダウンズ・セカンダリ,B,2,https://league-one.jp/player/485911,,,,,,25/26 Japan Rugby League One - Division 1 (7G/1T) -> 24/25 Auckland (1G) -> U20 Championship 1 0 0 
Tomoya Adachi,足立 友哉,HO,リコーブラックラムズ東京（2025-26）,180,115,2004.09.04,21,クリフトンカレッジ,,クリフトンカレッジ,A,0,https://league-one.jp/player/484856,,,,,,Not Found
Felix Kalapu,フィリックス ・カラプ,LO,リコーブラックラムズ東京（2025-26）,195,118,1999.09.27,26,オークランド・グラマー・スクール,,オークランド・グラマー・スクール,B,2,https://league-one.jp/player/484857,,,,,,25/26 Japan Rugby League One - Division 1 (5G) -> 24/25 Super Rugby Pacific (6G/1T) -> 23/24 North Harbour (7G) -> 22/23 Super Rugby Pacific (14G/1T) -> 21/22 Major League Rugby (8G/1T) -> 19/20 Auckland (1G)
Rameka Poihipi,ラメカ ・ポイヒピ,CTB,リコーブラックラムズ東京（2025-26）,183,105,1998.10.14,27,HamiltonBoys'HighSchool,,HamiltonBoys'HighSchool,B,2,https://league-one.jp/player/484858,,,,,,24/25 Super Rugby Pacific (1G) -> 23/24 Super Rugby Pacific (14G/1T) -> 22/23 Super Rugby Pacific (16G/2T) -> 21/22 Super Rugby Pacific (10G/1T) -> 20/21 Super Rugby Aotearoa (3G) -> Super Rugby Trans-Tasman 1 0 0  -> 19/20 Canterbury (10G/2T)
Yusuke Kishi,岸 佑融,LO,リコーブラックラムズ東京（2025-26）,191,106,2002.08.02,23,玉川学園高等部高校,日本体育大学,玉川学園高等部 日本体育大学,A,0,https://league-one.jp/player/484859,,,,,,No Data
Soonhong Lee,李 淳弘,HO,リコーブラックラムズ東京（2025-26）,171,100,2002.06.29,23,大阪朝鮮高級学校,京都産業大学,大阪朝鮮高級学校 京都産業大学,A,0,https://league-one.jp/player/484860,,,'25 XV,,,Not Found
Taichi Kugino,久木野 太一,CTB,リコーブラックラムズ東京（2025-26）,178,89,2002.10.21,23,小倉高校,帝京大学,小倉高校 帝京大学,A,0,https://league-one.jp/player/484861,,,,,,No Data
Yuta Akihama,秋濱 悠太,WTB,リコーブラックラムズ東京（2025-26）,174,85,2002.05.16,23,桐蔭学園高校,明治大学,桐蔭学園 明治大学,A,0,https://league-one.jp/player/484862,,,'24 XV,,,25/26 Japan Rugby League One - Division 1 (3G/1T)
Kota Mitake,三竹 康太,PR,リコーブラックラムズ東京（2025-26）,175,110,1996.04.28,29,大阪桐蔭高校,立命館大学,大阪桐蔭高校 立命館大学,A,36,https://league-one.jp/player/484863,,,'16 U23,,,24/25 Japan Rugby League One - Division 2 (9G) -> Japan Rugby League One - Division 1 0 0 2  -> 23/24 Japan Rugby League One - Division 1 (9G/1T) -> 22/23 Japan Rugby League One - Division 1 (14G) -> 21/22 Japan Rugby League One - Division 2 (2G)
Michael Allardice,マイケル ・アラダイス,LO,リコーブラックラムズ東京（2025-26）,200,112,1991.10.19,34,パーマストンノースボーイズ,カンタベリー大学,パーマストンノースボーイズ高校 カンタベリー大学,A,36,https://league-one.jp/player/484864,,,,,,25/26 Japan Rugby League One - Division 1 (4G) -> 24/25 Japan Rugby League One - Division 2 (10G/1T) -> 23/24 Japan Rugby League One - Division 2 (11G/1T) -> 22/23 Japan Rugby League One - Division 1 (8G/1T) -> 21/22 Japan Rugby League One - Division 1 (6G) -> 19/20 Super Rugby (4G) -> 18/19 Super Rugby (8G) -> 17/18 Super Rugby (12G) -> 16/17 Super Rugby (3G) -> 15/16 Super Rugby (10G) -> 14/15 Super Rugby (8G)
TJ Perenara,TJ ・ペレナラ,SH,リコーブラックラムズ東京（2025-26）,181,92,1992.01.23,33,マナカレッジ,,マナカレッジ,C,21,https://league-one.jp/player/484865,,,Autumn Nations Series(2CAP)、Rugby Championship(6CAP),,,25/26 Japan Rugby League One - Division 1 (8G/1T) -> 24/25 Japan Rugby League One - Division 1 (18G/6T) -> Autumn Nations Series 1 0 0  -> 23/24 Super Rugby Pacific (13G/7T) -> Rugby Championship 3 0 3  -> 22/23 Autumn Nations Series (2G) -> 21/22 Super Rugby Pacific (10G/2T) -> Autumn Nations Series 1 0 1 (1G) -> 20/21 Rugby Championship (6G/1T) -> 19/20 Super Rugby (6G/1T) -> Super Rugby Aotearoa 5 0 2 (1G/1T) -> Rugby World Cup 4 0 1 (1G) -> Tri Nations 2 0 1  -> 18/19 Super Rugby (16G/6T) -> Rugby Championship 0 1 1  -> 17/18 Super Rugby (15G/4T) -> Rugby Championship 5 0 1 (2G) -> 16/17 Super Rugby (17G/7T) -> Rugby Championship 5 0 0  -> 15/16 Super Rugby (18G/7T) -> Rugby World Cup 3 0 0  -> Rugby Championship 6 0 0 (4G) -> 14/15 Super Rugby (17G/11T) -> Rugby Championship 2 0 1  -> 13/14 Super Rugby (16G/5T) -> Rugby Championship 4 1 0 (1G)
PJ Latu,PJ ・ラトゥ,CTB,リコーブラックラムズ東京（2025-26）,187,104,2000.10.24,25,TimaruSouthSchool,大東文化大学,TimaruSouthSchool 大東文化大学,A,18,https://league-one.jp/player/484866,,,,,,25/26 Japan Rugby League One - Division 1 (8G/1T) -> 24/25 Japan Rugby League One - Division 1 (15G)
Liam Gill,リアム ・ギル,FL,リコーブラックラムズ東京（2025-26）,186,105,1992.06.08,33,セントジョセフカレッジグレゴリーテラス,,セントジョセフカレッジグレゴリーテラス,C,41,https://league-one.jp/player/484867,,,,,,25/26 Japan Rugby League One - Division 1 (7G/2T) -> 24/25 Japan Rugby League One - Division 1 (16G/8T) -> 23/24 Japan Rugby League One - Division 2 (6G/1T) -> 22/23 Japan Rugby League One - Division 2 (9G/5T) -> Japan Rugby League One - Division 1 0 0 2  -> 21/22 Japan Rugby League One - Division 1 (6G/1T) -> 19/20 Top 14 (13G) -> Champions Cup 1 0 4 (3G) -> 18/19 Top 14 (13G/4T) -> Champions Cup 0 0 3  -> 17/18 Top 14 (25G/7T) -> Challenge Cup 1 0 0 (1G) -> 16/17 Toulon (25G/7T) -> Champions Cup 1 0 3  -> 15/16 Super Rugby (11G/4T) -> 14/15 Super Rugby (15G/2T) -> 13/14 Super Rugby (9G)
Paddy Ryan,パディー ・ライアン,PR,リコーブラックラムズ東京（2025-26）,190,116,1988.08.09,37,セントジョセフカレッジ,シドニー大学,セントジョセフカレッジ シドニー大学,C,45,https://league-one.jp/player/484868,,,,,,25/26 Japan Rugby League One - Division 1 (8G) -> 24/25 Japan Rugby League One - Division 1 (16G) -> 23/24 Japan Rugby League One - Division 1 (13G/1T) -> 22/23 Japan Rugby League One - Division 1 (7G) -> 21/22 Japan Rugby League One - Division 3 (6G/2T) -> 20/21 Major League Rugby (7G/1T) -> 17/18 Super Rugby (15G) -> 16/17 Super Rugby (14G/1T) -> 15/16 Super Rugby (15G) -> 14/15 Super Rugby (17G) -> 13/14 Super Rugby (17G)
Shogo Yamamura,山村 勝悟,No8,リコーブラックラムズ東京（2025-26）,178,103,2001.03.24,24,天理高校,天理大学,天理高校 天理大学,A,0,https://league-one.jp/player/484869,,,,,,No Data
Kosei Nakamura,中村 公星,PR,リコーブラックラムズ東京（2025-26）,183,111,2001.01.25,24,国学院大学栃木高校,明治大学,国学院大学栃木高校 明治大学,A,8,https://league-one.jp/player/484870,,,,,,24/25 Japan Rugby League One - Division 1 (1G) -> 23/24 Japan Rugby League One - Division 1 (7G)
Ichigo Nakakusu,中楠 一期,SO,リコーブラックラムズ東京（2025-26）,174,84,2000.06.01,25,国学院久我山高校,慶応義塾大学,国学院久我山高校 慶応義塾大学,A,28,https://league-one.jp/player/484871,,,'18 高校、'25 XV、日本代表3CAP,,,25/26 Japan Rugby League One - Division 1 (8G/2T) -> 24/25 Japan Rugby League One - Division 1 (15G/4T) -> Pacific Nations Cup 0 0 1 (1G) -> 23/24 Japan Rugby League One - Division 1 (11G/1T)
Takumi Aoki,青木 拓己,CTB,リコーブラックラムズ東京（2025-26）,185,90,2000.04.07,25,御所実業高校,大東文化大学,御所実業高校  大東文化大学,A,0,https://league-one.jp/player/484872,,,,,,No Data
Siope Tavo,シオペ ・タヴォ,CTB,リコーブラックラムズ東京（2025-26）,189,104,1997.06.19,28,リアホナ,大東文化大学,リアホナ高校 大東文化大学,A,15,https://league-one.jp/player/484873,,,,,,25/26 Japan Rugby League One - Division 1 (1G) -> 24/25 Japan Rugby League One - Division 1 (5G) -> 23/24 Japan Rugby League One - Division 1 (4G/1T) -> 22/23 Japan Rugby League One - Division 1 (6G/2T) -> 21/22 Japan Rugby League One - Division 3 (7G/4T)
Brodi Mccurran,マクカラン ブロディ,FL,リコーブラックラムズ東京（2025-26）,193,106,1994.05.24,31,ハミルトンボーイズ,帝京大学,ハミルトンボーイズ高校 帝京大学,A,48,https://league-one.jp/player/484874,,,,,,25/26 Japan Rugby League One - Division 1 (5G/3T) -> 24/25 Japan Rugby League One - Division 1 (10G/4T) -> 23/24 Japan Rugby League One - Division 1 (13G) -> 22/23 Japan Rugby League One - Division 1 (16G/2T) -> 21/22 Japan Rugby League One - Division 1 (8G/2T)
Josh Goodhue,ジョシュ ・グッドヒュー,LO,リコーブラックラムズ東京（2025-26）,199,112,1995.06.13,30,マウントアルバートグラマースクール,リンカーン大学,マウントアルバートグラマースクール リンカーン大学,B,30,https://league-one.jp/player/484875,,,,,,Not Found
Shohei Oyama,大山 祥平,PR,リコーブラックラムズ東京（2025-26）,186,115,1998.11.15,27,慶應義塾高校,慶應義塾大学,慶應義塾高校 慶應義塾大学,A,33,https://league-one.jp/player/484876,,,'18 U20、'18 U23、'25 XV,,,25/26 Japan Rugby League One - Division 1 (1G) -> 24/25 Japan Rugby League One - Division 1 (12G) -> 23/24 Japan Rugby League One - Division 1 (18G) -> 21/22 Japan Rugby League One - Division 2 (2G)
Ko Sato,佐藤 康,HO,リコーブラックラムズ東京（2025-26）,170,98,1999.05.10,26,天理高校,天理大学,天理高校 天理大学,A,25,https://league-one.jp/player/484877,,,,,,24/25 Japan Rugby League One - Division 1 (7G) -> 23/24 Japan Rugby League One - Division 1 (10G) -> 22/23 Japan Rugby League One - Division 1 (9G/3T)
Shu Yamamoto,山本 秀,LO,リコーブラックラムズ東京（2025-26）,190,108,1999.06.01,26,京都成章高校,近畿大学,京都成章高校 近畿大学,A,10,https://league-one.jp/player/484878,,,'17 高校、'19 U20、'25 XV,,,25/26 Japan Rugby League One - Division 1 (5G/1T) -> 24/25 Japan Rugby League One - Division 1 (5G) -> 23/24 Japan Rugby League One - Division 1 (1G) -> 22/23 Japan Rugby League One - Division 1 (3G) -> 21/22 Japan Rugby League One - Division 1 (3G)
Harrison Fox,ハリソン ・フォックス,LO,リコーブラックラムズ東京（2025-26）,198,118,2000.11.01,25,パジュア,,パジュア高校,A,21,https://league-one.jp/player/484879,,,,,,25/26 Japan Rugby League One - Division 1 (3G) -> 24/25 Japan Rugby League One - Division 1 (14G/2T) -> 23/24 Japan Rugby League One - Division 1 (1G) -> 21/22 Japan Rugby League One - Division 1 (3G)
Yuki Ikeda,池田 悠希,CTB,リコーブラックラムズ東京（2025-26）,187,98,1995.05.21,30,東海大仰星高校,東海大学,東海大仰星高校 東海大学,A,51,https://league-one.jp/player/484880,,,'17 U23、日本代表2CAP,,,25/26 Japan Rugby League One - Division 1 (8G/2T) -> 24/25 Japan Rugby League One - Division 1 (18G/7T) -> 23/24 Japan Rugby League One - Division 1 (8G/1T) -> 22/23 Japan Rugby League One - Division 1 (11G/1T) -> 21/22 Japan Rugby League One - Division 1 (11G/3T)
Takanobu Minami,南 昂伸,SH,リコーブラックラムズ東京（2025-26）,166,72,1999.03.03,26,御所実業高校,大東文化大学,御所実業高校 大東文化大学,A,30,https://league-one.jp/player/484881,,,,,,24/25 Japan Rugby League One - Division 1 (1G) -> 23/24 Japan Rugby League One - Division 1 (15G/4T) -> 22/23 Japan Rugby League One - Division 1 (7G) -> 21/22 Japan Rugby League One - Division 1 (7G/1T)
Yoshiyuki Koga,古賀 由教,WTB,リコーブラックラムズ東京（2025-26）,176,82,1998.08.28,27,東福岡高校,早稲田大学,東福岡高校 早稲田大学,A,3,https://league-one.jp/player/484882,,,'18 U20,,,21/22 Japan Rugby League One - Division 1 (3G/1T)
Yuichiro Taniguchi,谷口 祐一郎,PR,リコーブラックラムズ東京（2025-26）,180,108,1998.06.04,27,東海大仰星高校,天理大学,東海大仰星高校 天理大学,A,33,https://league-one.jp/player/484883,,,'18 U20、'18 U23、'25 XV,,,25/26 Japan Rugby League One - Division 1 (8G) -> 24/25 Japan Rugby League One - Division 1 (3G) -> 23/24 Japan Rugby League One - Division 1 (6G) -> 22/23 Japan Rugby League One - Division 1 (15G) -> 21/22 Japan Rugby League One - Division 1 (8G)
Isaac Lucas,アイザック ・ルーカス,FB,リコーブラックラムズ東京（2025-26）,179,84,1999.02.11,26,セントジョセフグレゴリーテラスカレッジ,,セントジョセフグレゴリーテラスカレッジ,A,54,https://league-one.jp/player/484884,,,,,,25/26 Japan Rugby League One - Division 1 (8G/2T) -> 24/25 Japan Rugby League One - Division 1 (6G/2T) -> 23/24 Japan Rugby League One - Division 1 (17G/5T) -> 22/23 Japan Rugby League One - Division 1 (16G/4T) -> 21/22 Japan Rugby League One - Division 1 (12G/7T) -> 19/20 Super Rugby (7G/2T) -> 18/19 Super Rugby (8G/1T)
Taira Main,メイン 平,FB,リコーブラックラムズ東京（2025-26）,180,90,2000.09.05,25,御所実業高校,,御所実業高等学校,A,37,https://league-one.jp/player/484885,,,'18 高校、'25 XV、日本代表1CAP,,,25/26 Japan Rugby League One - Division 1 (6G/2T) -> 24/25 Japan Rugby League One - Division 1 (13G/3T) -> 22/23 Japan Rugby League One - Division 1 (10G/1T) -> 21/22 Japan Rugby League One - Division 1 (11G/2T)
Tomoya Yamamura,山村 知也,WTB,リコーブラックラムズ東京（2025-26）,174,82,1997.12.02,28,報徳学園高校,明治大学,報徳学園高校 明治大学,A,8,https://league-one.jp/player/484886,,,'16 U20、'18 U23,,,25/26 Japan Rugby League One - Division 1 (3G) -> 24/25 Japan Rugby League One - Division 1 (3G) -> 23/24 Japan Rugby League One - Division 1 (2G)
Daisuke Nishikawa,西川 大輔,CTB,リコーブラックラムズ東京（2025-26）,184,90,1997.08.24,28,豊明高校,中京大学,豊明高校 中京大学,A,23,https://league-one.jp/player/484887,,,,,,25/26 Japan Rugby League One - Division 1 (4G/1T) -> 23/24 Japan Rugby League One - Division 1 (14G/5T) -> 22/23 Japan Rugby League One - Division 1 (4G) -> 21/22 Japan Rugby League One - Division 1 (5G/2T)
Yuta Kurihara,栗原 由太,CTB,リコーブラックラムズ東京（2025-26）,179,88,1997.10.12,28,桐蔭学園高校,慶応義塾大学,桐蔭学園高校 慶応義塾大学,A,35,https://league-one.jp/player/484888,,,,,,23/24 Japan Rugby League One - Division 1 (16G) -> 22/23 Japan Rugby League One - Division 1 (9G/2T) -> 21/22 Japan Rugby League One - Division 1 (10G/6T)
Hinata Takei,武井 日向,HO,リコーブラックラムズ東京（2025-26）,171,98,1997.06.17,28,國學院栃木高校,明治大学,國學院栃木高校 明治大学,A,25,https://league-one.jp/player/484889,,,'17 U20、'17 U23、'18 U23,,,24/25 Japan Rugby League One - Division 1 (4G) -> 23/24 Japan Rugby League One - Division 1 (11G/4T) -> 22/23 Japan Rugby League One - Division 1 (3G) -> 21/22 Japan Rugby League One - Division 1 (7G/2T)
Daigo Sasagawa,笹川 大五,PR,リコーブラックラムズ東京（2025-26）,187,115,1997.08.03,28,明治大学付属中野高校,明治大学,明治大学付属中野高等学校 明治大学,A,28,https://league-one.jp/player/484890,,,,,,25/26 Japan Rugby League One - Division 1 (6G) -> 24/25 Japan Rugby League One - Division 1 (8G) -> 22/23 Japan Rugby League One - Division 1 (11G) -> 21/22 Japan Rugby League One - Division 1 (8G)
Talau Samurai Fakatava,ファカタヴァ タラウ侍,LO,リコーブラックラムズ東京（2025-26）,191,112,1994.12.07,31,ティマルボーイズ,大東文化大学,ティマルボーイズ高校 大東文化大学,-,14,https://league-one.jp/player/484891,,,,,,Not Found
Amato Fakatava,ファカタヴァ アマト,No8,リコーブラックラムズ東京（2025-26）,195,118,1994.12.07,31,ティマルボーイズ,大東文化大学,ティマルボーイズ高校 大東文化大学,A,50,https://league-one.jp/player/484892,,,,,,25/26 Japan Rugby League One - Division 1 (1G/1T) -> 24/25 Japan Rugby League One - Division 1 (13G/4T) -> Autumn Nations Series 0 0 1  -> Pacific Nations Cup 3 0 1 (5G) -> 23/24 Japan Rugby League One - Division 1 (13G/4T) -> Rugby World Cup 2 0 2 (3G) -> Pacific Nations Cup 2 0 1  -> 22/23 Japan Rugby League One - Division 1 (16G/1T) -> 21/22 Japan Rugby League One - Division 1 (8G/1T)
Pohiva Yamato Lotoahea,ロトアヘア ポヒヴァ大和,LO,リコーブラックラムズ東京（2025-26）,192,120,1988.08.10,37,トゥポウカレッジ,埼玉工業大学,トゥポウカレッジ 埼玉工業大学,A,28,https://league-one.jp/player/484893,,,,,,25/26 Japan Rugby League One - Division 1 (1G) -> 24/25 Japan Rugby League One - Division 1 (9G) -> 23/24 Japan Rugby League One - Division 1 (8G/1T) -> 22/23 Japan Rugby League One - Division 1 (12G)
Masashi Onishi,大西 将史,HO,リコーブラックラムズ東京（2025-26）,180,110,1995.02.21,30,上宮太子高校,帝京大学,上宮太子高校 帝京大学,A,36,https://league-one.jp/player/484894,,,,,,25/26 Japan Rugby League One - Division 1 (8G/2T) -> 24/25 Japan Rugby League One - Division 1 (10G) -> 23/24 Japan Rugby League One - Division 1 (7G) -> 22/23 Japan Rugby League One - Division 1 (10G) -> 21/22 Japan Rugby League One - Division 1 (7G/1T)
Ryohei Isoda,礒田 凌平,CTB,リコーブラックラムズ東京（2025-26）,178,90,1996.07.22,29,京都成章高校,立命館大学,京都成章高校 立命館大学,A,26,https://league-one.jp/player/484895,,,,,,24/25 Japan Rugby League One - Division 1 (14G) -> 23/24 Japan Rugby League One - Division 1 (7G/2T) -> 22/23 Japan Rugby League One - Division 1 (7G)
Toshiya Takahashi,高橋 敏也,SH,リコーブラックラムズ東京（2025-26）,182,83,1993.10.22,32,国学院久我山高校,青山学院大学,国学院久我山高校 青山学院大学,A,42,https://league-one.jp/player/484896,,,,,,25/26 Japan Rugby League One - Division 1 (8G) -> 24/25 Japan Rugby League One - Division 1 (16G) -> 23/24 Japan Rugby League One - Division 1 (14G/1T) -> 22/23 Japan Rugby League One - Division 1 (14G/3T) -> 21/22 Japan Rugby League One - Division 1 (8G)
Taichi Chiba,千葉 太一,PR,リコーブラックラムズ東京（2025-26）,176,115,1994.09.22,31,早稲田実業高校,早稲田大学,早稲田実業高校 早稲田大学,A,31,https://league-one.jp/player/484897,,,,,,25/26 Japan Rugby League One - Division 1 (1G) -> 23/24 Japan Rugby League One - Division 1 (7G) -> 22/23 Japan Rugby League One - Division 1 (12G/1T) -> 21/22 Japan Rugby League One - Division 1 (12G/1T)
Kohei Horigome,堀米 航平,SO,リコーブラックラムズ東京（2025-26）,177,89,1995.09.18,30,流通経済大学柏高校,明治大学,流通経済大学柏高校 明治大学,A,19,https://league-one.jp/player/484898,,,'13 高校,,,23/24 Japan Rugby League One - Division 1 (3G) -> 22/23 Japan Rugby League One - Division 1 (13G) -> 21/22 Japan Rugby League One - Division 1 (4G)
Kazuma Nishi,西 和磨,PR,リコーブラックラムズ東京（2025-26）,180,105,1995.08.10,30,京都成章高校,帝京大学,京都成章高校 帝京大学,A,53,https://league-one.jp/player/484899,,,,,,25/26 Japan Rugby League One - Division 1 (8G/2T) -> 24/25 Japan Rugby League One - Division 1 (13G) -> 23/24 Japan Rugby League One - Division 1 (16G) -> 22/23 Japan Rugby League One - Division 1 (14G) -> 21/22 Japan Rugby League One - Division 1 (7G)
Shuhei Matsuhashi,松橋 周平,No8,リコーブラックラムズ東京（2025-26）,180,100,1993.11.24,32,船橋高校,明治大学,市立船橋高校 明治大学,A,49,https://league-one.jp/player/484900,,,日本代表8CAP,,,25/26 Japan Rugby League One - Division 1 (4G) -> 24/25 Japan Rugby League One - Division 1 (16G/4T) -> 23/24 Japan Rugby League One - Division 1 (17G/3T) -> 22/23 Japan Rugby League One - Division 1 (7G/3T) -> 21/22 Japan Rugby League One - Division 1 (6G/2T) -> 18/19 Super Rugby (8G/1T) -> 16/17 Super Rugby (9G/1T)
Otoya Kihara,木原 音弥,No8,リコーブラックラムズ東京（2025-26）,186,98,2000.02.27,25,東福岡高校,同志社大学,東福岡高校 同志社大学,A,10,https://league-one.jp/player/484901,,,'17 高校,,,25/26 Japan Rugby League One - Division 1 (1G) -> 24/25 Japan Rugby League One - Division 1 (2G) -> 23/24 Japan Rugby League One - Division 1 (10G)
Larzlo Sword,ラズロー ・ソード,CTB,リコーブラックラムズ東京（2025-26）,193,105,2003.05.06,22,アングリカン・チャーチ・グラマー・スクール,,アングリカン・チャーチ・グラマー・スクール,B,5,https://league-one.jp/player/484902,,,,,,25/26 Japan Rugby League One - Division 1 (5G/1T) -> 24/25 Japan Rugby League One - Division 1 (2G)
Shin Ouchi,大内 真,HO,リコーブラックラムズ東京（2025-26）,183,107,1997.07.26,28,日川高校,,日川高校,A,27,https://league-one.jp/player/484903,,,,,,25/26 Japan Rugby League One - Division 1 (5G/1T) -> 24/25 Japan Rugby League One - Division 1 (14G) -> 23/24 Japan Rugby League One - Division 1 (1G) -> 22/23 Japan Rugby League One - Division 1 (1G) -> 21/22 Japan Rugby League One - Division 1 (8G/4T)
Kotaro Ito,伊藤 耕太郎,SO,リコーブラックラムズ東京（2025-26）,177,86,2001.11.15,24,國學院栃木高校,明治大学,國學院栃木高校 明治大学,A,19,https://league-one.jp/player/484904,,,'25 XV,,,25/26 Japan Rugby League One - Division 1 (5G) -> 24/25 Japan Rugby League One - Division 1 (18G/4T) -> 23/24 Japan Rugby League One - Division 1 (1G)
Reijiro Yamamoto,山本 嶺二郎,LO,リコーブラックラムズ東京（2025-26）,191,110,2002.03.18,23,京都成章高校,明治大学,京都成章高校 明治大学,A,20,https://league-one.jp/player/484905,,,,,,25/26 Japan Rugby League One - Division 1 (8G) -> 24/25 Japan Rugby League One - Division 1 (11G/2T) -> 23/24 Japan Rugby League One - Division 1 (6G/1T)
Tomu Takamoto,高本 とむ,WTB,リコーブラックラムズ東京（2025-26）,182,92,2001.10.10,24,東福岡高校,帝京大学,東福岡高校 帝京大学,A,4,https://league-one.jp/player/484906,,,'25 XV,,,25/26 Japan Rugby League One - Division 1 (5G) -> 24/25 Japan Rugby League One - Division 1 (1G)
Taishi Tsumura,津村 大志,PR,リコーブラックラムズ東京（2025-26）,172,108,2001.04.30,24,御所実業高校,帝京大学,御所実業高校 帝京大学,A,16,https://league-one.jp/player/484907,,,'25 XV,,,24/25 Japan Rugby League One - Division 1 (14G/1T) -> 23/24 Japan Rugby League One - Division 1 (2G)
Seima Inaba,稲葉 聖馬,SH,リコーブラックラムズ東京（2025-26）,166,74,2002.01.27,23,御所実業高校,大東文化大学,御所実業高校 大東文化大学,A,0,https://league-one.jp/player/484908,,,,,,No Data
Samuel Waqabaca,サミュエラ ・ワカヴァカ,PR,リコーブラックラムズ東京（2025-26）,185,113,2001.08.19,24,セント,グレゴリー大学,セント グレゴリー カレッジ 朝日大学,A,16,https://league-one.jp/player/484909,,,,,,25/26 Japan Rugby League One - Division 1 (6G/2T) -> 24/25 Japan Rugby League One - Division 1 (6G) -> 23/24 Japan Rugby League One - Division 1 (9G/1T)
Nic Souchon,ニック ・スーチョン,HO,リコーブラックラムズ東京（2025-26）,180,110,1997.08.13,28,ハミルトンボーイズハイスクール,リンカーン大学,ハミルトンボーイズハイスクール リンカーン大学,B,0,https://league-one.jp/player/485147,,,,,,24/25 Super Rugby Pacific (1G) -> 23/24 Major League Rugby (15G/4T) -> 22/23 Major League Rugby (18G/7T) -> 21/22 Bay of Plenty (3G) -> 19/20 Bay of Plenty (5G)
Frank Lochore,フランク ・ロホー,LO,NECグリーンロケッツ東葛（2025-26）,194,110,2001.06.07,24,NapierBoyshighschool,,NapierBoyshighschool,B,2,https://league-one.jp/player/483527,,,,,,25/26 Japan Rugby League One - Division 2 (4G) -> 24/25 Major League Rugby (18G/2T) -> 23/24 Major League Rugby (16G/5T) -> 22/23 Hawke's Bay (12G) -> 21/22 Hawke's Bay (2G)
Ryuto Fukuyama,福山 竜斗,UTB,NECグリーンロケッツ東葛（2025-26）,168,83,1999.10.06,26,天理高校,近畿大学,天理高校 近畿大学,A,13,https://league-one.jp/player/483528,,,,,,25/26 Japan Rugby League One - Division 2 (4G) -> 24/25 Japan Rugby League One - Division 1 (2G) -> 23/24 Japan Rugby League One - Division 1 (8G) -> 22/23 Japan Rugby League One - Division 1 (1G) -> 21/22 Japan Rugby League One - Division 2 (1G) -> Japan Rugby League One - Division 1 2 0 0 
Amanaki Taiyo Lotoahea,ロトアヘア アマナキ大洋,CTB,NECグリーンロケッツ東葛（2025-26）,191,107,1990.04.14,35,トゥポウカレッジ,花園大学,トゥポウカレッジ 花園大学,A,30,https://league-one.jp/player/483529,,,,,,Not Found
Reece Macdonald,リース ・マクドナルド,SO,NECグリーンロケッツ東葛（2025-26）,175,83,1997.12.10,28,TauharaCollage,,TauharaCollage,B,2,https://league-one.jp/player/483530,,,,,,25/26 Japan Rugby League One - Division 2 (4G) -> 24/25 Major League Rugby (10G/3T) -> 23/24 Major League Rugby (16G/10T) -> 22/23 Major League Rugby (14G/2T)
Riley Hohepa,ライリー ・ホヘパ,SO,NECグリーンロケッツ東葛（2025-26）,186,93,1995.02.09,30,PukekoheHighSchool,,PukekoheHighSchool,B,3,https://league-one.jp/player/483531,,,,,,25/26 Japan Rugby League One - Division 2 (4G/1T) -> 24/25 Super Rugby Pacific (10G) -> 23/24 Super Rugby Pacific (6G) -> 22/23 Super Rugby Pacific (2G) -> 21/22 Counties Manukau (10G/1T) -> 20/21 Counties Manukau (2G)
Hirose Yabu,屋部 旺成,SH,NECグリーンロケッツ東葛（2025-26）,173,77,2003.02.15,22,名護高校,,名護高校,A,0,https://league-one.jp/player/483532,,,,,,No Data
Timote Tavalea,ティモテ ・タヴァレア,FL,NECグリーンロケッツ東葛（2025-26）,186,105,1998.08.05,27,JohnPaulCollage,山梨学院大学,JohnPaulCollage 山梨学院大学,A,17,https://league-one.jp/player/483533,,,,,,25/26 Japan Rugby League One - Division 2 (2G) -> 24/25 Japan Rugby League One - Division 1 (10G) -> 23/24 Japan Rugby League One - Division 1 (3G) -> 22/23 Japan Rugby League One - Division 1 (4G/1T)
Dylan Nel,ディラン ・ネル,No8,NECグリーンロケッツ東葛（2025-26）,185,110,1992.11.27,33,ClifonCollage,,ClifonCollage,B,14,https://league-one.jp/player/483534,,,,,,"25/26 Japan Rugby League One - Division 2 (4G) -> 24/25 Major League Rugby (16G/3
																														 +1T) -> 23/24 Major League Rugby (11G/2T) -> 22/23 Japan Rugby League One - Division 1 (1G) -> 21/22 Japan Rugby League One - Division 2 (10G/6T) -> Japan Rugby League One - Division 1 1 0 0  -> 20/21 Otago (6G/2T) -> 19/20 Super Rugby (1G) -> Super Rugby Aotearoa 0 0 3 "
Rory Arnold,ローリー ・アーノルド,LO,NECグリーンロケッツ東葛（2025-26）,208,120,1990.07.01,35,Muruwillumbahhighschool,,Muruwillumbahhighschool,C,21,https://league-one.jp/player/483535,,,,,,25/26 Japan Rugby League One - Division 2 (1G) -> 24/25 Japan Rugby League One - Division 2 (10G/2T) -> 23/24 Japan Rugby League One - Division 3 (9G/2T) -> 22/23 Japan Rugby League One - Division 2 (2G/1T) -> 21/22 Toulouse (22G/3T) -> Champions Cup 1 1 2  -> Rugby Championship 1 0 2  -> 20/21 Toulouse (14G) -> Champions Cup 5 0 0 (1G) -> 19/20 Champions Cup (7G/2T) -> Top 14 3 1 2  -> 18/19 Super Rugby (16G/4T) -> Rugby Championship 2 0 1  -> 17/18 Super Rugby (13G/2T) -> 16/17 Super Rugby (15G/1T) -> Rugby Championship 0 1 2  -> 15/16 Super Rugby (14G/1T) -> Rugby Championship 3 0 0  -> 14/15 Super Rugby (15G/1T)
Kosuke Shimoe,下江 康輔,HO,NECグリーンロケッツ東葛（2025-26）,173,100,2001.05.23,24,東福岡高校,東海大学,東福岡高校 東海大学,A,0,https://league-one.jp/player/483536,,,,,,No Data
Shunya Hamano,濱野 隼也,HO,NECグリーンロケッツ東葛（2025-26）,182,108,1999.03.11,26,秋田工業高校,法政大学,秋田工業高校 法政大学,A,10,https://league-one.jp/player/483537,,,,,,24/25 Japan Rugby League One - Division 1 (1G) -> 22/23 Japan Rugby League One - Division 2 (2G) -> 21/22 Japan Rugby League One - Division 2 (7G/2T)
Keita Kimura,木村 圭汰,PR,NECグリーンロケッツ東葛（2025-26）,175,112,1999.12.12,26,筑紫台高校,京都産業大学,筑紫台高校 京都産業大学,A,15,https://league-one.jp/player/483538,,,,,,25/26 Japan Rugby League One - Division 2 (4G) -> 24/25 Japan Rugby League One - Division 3 (13G/1T)
Taiga Yamaguchi,山口 泰雅,PR,NECグリーンロケッツ東葛（2025-26）,169,106,2000.10.27,25,目黒学院高校,東洋大学,目黒学院高校 東洋大学,A,22,https://league-one.jp/player/483539,,,,,,25/26 Japan Rugby League One - Division 2 (4G) -> 24/25 Japan Rugby League One - Division 2 (10G) -> 23/24 Japan Rugby League One - Division 3 (10G)
Phransis Sula-Siaosi,フランシス ・スラ・シアオシ,PR,NECグリーンロケッツ東葛（2025-26）,173,120,2000.07.15,25,St.Joseph'sNudgeeCollege,,St.Joseph'sNudgeeCollege,B,0,https://league-one.jp/player/483540,,,,,,22/23 Super Rugby Pacific (4G)
Matariki Channings,マタリキ ・チャニングス,LO,NECグリーンロケッツ東葛（2025-26）,195,114,2002.06.11,23,TeAuteCollage/HastingBoysHighschool,東洋大学,TeAuteCollage/HastingBoysHighschool 東洋大学,B,0,https://league-one.jp/player/483541,,,,,,No Data
Naoya Ogita,荻田 直弥,WTB,NECグリーンロケッツ東葛（2025-26）,187,91,2002.09.20,23,学習院高等科高校,学習院大学,学習院高等科 学習院大学,A,0,https://league-one.jp/player/483542,,,,,,No Data
Asahi Uchikawa,内川 朝陽,FL,NECグリーンロケッツ東葛（2025-26）,182,97,2002.04.17,23,佐賀工業高校,関東学院大学,佐賀工業高校 関東学院大学,A,0,https://league-one.jp/player/483543,,,,,,No Data
Shotaro Kameyama,亀山 昇太郎,PR,NECグリーンロケッツ東葛（2025-26）,176,115,2002.09.17,23,茗溪学園高校,早稲田大学,茗溪学園高校 早稲田大学,A,6,https://league-one.jp/player/483544,,,,,,25/26 Japan Rugby League One - Division 2 (3G) -> 24/25 Japan Rugby League One - Division 2 (5G)
Sena Hwang,黄 世邏,PR,NECグリーンロケッツ東葛（2025-26）,180,110,2003.02.03,22,中部大学春日丘高校,関西学院大学,中部大学春日丘高校 関西学院大学,A,3,https://league-one.jp/player/483545,,,,,,Not Found
Edward Annandale,エドワード ・アナンデール,LO,NECグリーンロケッツ東葛（2025-26）,200,121,2001.01.18,24,MassillonHighschool,,MassillonHighschool,B,9,https://league-one.jp/player/483546,,,,,,25/26 Japan Rugby League One - Division 2 (2G) -> 24/25 Japan Rugby League One - Division 2 (7G) -> 23/24 Auckland (1G) -> 22/23 Clermont (7G) -> Champions Cup 0 0 1  -> Challenge Cup 1 0 1  -> 21/22 Clermont (4G) -> 20/21 Champions Cup (1G)
Keagen Faria,キーガン ・ファリア,WTB,NECグリーンロケッツ東葛（2025-26）,185,90,1994.12.10,31,St.John’sCollage,,St.John’sCollage,A,38,https://league-one.jp/player/483547,,,,,,25/26 Japan Rugby League One - Division 2 (4G/1T) -> 24/25 Japan Rugby League One - Division 2 (11G/6T) -> 23/24 Japan Rugby League One - Division 1 (6G/2T) -> 22/23 Japan Rugby League One - Division 1 (12G/1T) -> 21/22 Japan Rugby League One - Division 1 (7G/3T)
Orbyn Leger,オルビン ・レジャー,CTB,NECグリーンロケッツ東葛（2025-26）,184,94,1997.03.13,28,HamiltonBoysHighschol,,HamiltonBoysHighschol,A,46,https://league-one.jp/player/483548,,,,,,25/26 Japan Rugby League One - Division 2 (4G/1T) -> 24/25 Japan Rugby League One - Division 2 (13G/2T) -> 23/24 Japan Rugby League One - Division 3 (10G/6T) -> 22/23 Japan Rugby League One - Division 2 (9G/3T) -> 21/22 Japan Rugby League One - Division 3 (10G/4T) -> Japan Rugby League One - Division 2 2 0 0  -> 20/21 Super Rugby Aotearoa (3G) -> Super Rugby Trans-Tasman 3 0 0  -> 19/20 Super Rugby (1G) -> Super Rugby Aotearoa 0 0 1  -> 18/19 Super Rugby (3G) -> 17/18 Super Rugby (7G/1T)
Suliasi Tolu,トル スリアシ,PR,NECグリーンロケッツ東葛（2025-26）,188,118,1993.10.05,32,SuvaGrammarSchool,埼玉工業大学,SuvaGrammarSchool 埼玉工業大学,A,5,https://league-one.jp/player/483549,,,,,,24/25 Japan Rugby League One - Division 2 (5G) -> 22/23 Japan Rugby League One - Division 1 (1G)
Pari Pari Parkinson,パリパリ ・パーキンソン,LO,NECグリーンロケッツ東葛（2025-26）,204,135,1996.09.12,29,SaintKentigernCollage,,SaintKentigernCollage,B,12,https://league-one.jp/player/483550,,,,,,25/26 Japan Rugby League One - Division 2 (3G) -> 24/25 Japan Rugby League One - Division 2 (10G/1T) -> 23/24 Super Rugby Pacific (5G) -> 22/23 Super Rugby Pacific (10G/1T) -> 20/21 Super Rugby Aotearoa (3G) -> Super Rugby Trans-Tasman 5 0 1  -> 19/20 Highlanders (1G) -> Super Rugby Aotearoa 3 0 5  -> 18/19 Highlanders (6G/1T) -> 17/18 Highlanders (1G)
Yusuke Maruo,丸尾 祐資,SH,NECグリーンロケッツ東葛（2025-26）,170,75,2000.10.25,25,報徳学園高校,明治大学,報徳学園高校 明治大学,A,12,https://league-one.jp/player/483551,,,,,,25/26 Japan Rugby League One - Division 2 (4G) -> 24/25 Japan Rugby League One - Division 2 (6G) -> 23/24 Japan Rugby League One - Division 2 (6G/1T) -> Japan Rugby League One - Division 1 0 0 1 
Kakeru Miyaso,宮宗 翔,WTB,NECグリーンロケッツ東葛（2025-26）,182,86,1999.06.22,26,大阪桐蔭高校,近畿大学,大阪桐蔭 近畿大学,A,2,https://league-one.jp/player/483552,,,,,,23/24 Japan Rugby League One - Division 2 (2G/2T)
Sunao Takizawa,瀧澤 直,PR,NECグリーンロケッツ東葛（2025-26）,175,115,1986.09.30,39,千種高校,早稲田大学,千種高校 早稲田大学,A,37,https://league-one.jp/player/483553,,,,,,24/25 Japan Rugby League One - Division 2 (2G) -> 23/24 Japan Rugby League One - Division 2 (5G) -> 22/23 Japan Rugby League One - Division 1 (16G) -> 21/22 Japan Rugby League One - Division 1 (14G)
Taku Toma,當眞 琢,PR,NECグリーンロケッツ東葛（2025-26）,183,120,1996.09.21,29,コザ,帝京大学,コザ高校 帝京大学,A,23,https://league-one.jp/player/483554,,,'16 U20、'16 U23,,,25/26 Japan Rugby League One - Division 2 (1G) -> 24/25 Japan Rugby League One - Division 2 (1G) -> 23/24 Japan Rugby League One - Division 2 (2G) -> 22/23 Japan Rugby League One - Division 1 (6G) -> 21/22 Japan Rugby League One - Division 1 (13G)
Keisuke Kikuta,菊田 圭佑,PR,NECグリーンロケッツ東葛（2025-26）,173,113,1998.06.15,27,仙台育英学園高校,法政大学,仙台育英学園高校 法政大学,A,41,https://league-one.jp/player/483555,,,,,,25/26 Japan Rugby League One - Division 2 (4G) -> 24/25 Japan Rugby League One - Division 2 (14G) -> 23/24 Japan Rugby League One - Division 2 (12G) -> Japan Rugby League One - Division 1 0 0 2  -> 22/23 Japan Rugby League One - Division 1 (10G) -> 21/22 Japan Rugby League One - Division 1 (1G)
Tatsuru Owada,大和田 立,FL,NECグリーンロケッツ東葛（2025-26）,178,100,1992.01.14,33,美幌高校,帝京大学,美幌高校 帝京大学,A,21,https://league-one.jp/player/483556,,,'11 U20,,,25/26 Japan Rugby League One - Division 2 (2G) -> 24/25 Japan Rugby League One - Division 2 (2G) -> 23/24 Japan Rugby League One - Division 2 (5G) -> Japan Rugby League One - Division 1 0 0 1  -> 22/23 Japan Rugby League One - Division 1 (6G) -> 21/22 Japan Rugby League One - Division 1 (7G/2T)
Ryoi Kamei,亀井 亮依,FL,NECグリーンロケッツ東葛（2025-26）,178,97,1994.10.08,31,常翔啓光学園高校,帝京大学,常翔啓光学園高校 帝京大学,A,39,https://league-one.jp/player/483557,,,'17 U23,,,25/26 Japan Rugby League One - Division 2 (2G) -> 24/25 Japan Rugby League One - Division 2 (12G/3T) -> 23/24 Japan Rugby League One - Division 2 (6G) -> Japan Rugby League One - Division 1 0 0 1  -> 22/23 Japan Rugby League One - Division 1 (16G/2T) -> 21/22 Japan Rugby League One - Division 1 (2G)
Tatsuya Fujii,藤井 達哉,SH,NECグリーンロケッツ東葛（2025-26）,164,65,2000.03.15,25,東海大付属福岡高校,ジョンマクガラシャン大大学,東海大付属福岡高校 ジョンマクガラシャン大,A,28,https://league-one.jp/player/483558,,,'22 高校,,,25/26 Japan Rugby League One - Division 2 (3G) -> 24/25 Japan Rugby League One - Division 2 (9G/2T) -> 23/24 Japan Rugby League One - Division 2 (2G) -> 22/23 Japan Rugby League One - Division 1 (14G) -> 21/22 Japan Rugby League One - Division 1 (3G)
Taisetsu Kanai,金井 大雪,SO,NECグリーンロケッツ東葛（2025-26）,178,88,1997.01.29,28,深谷高校,法政大学,深谷高校 法政大学,A,30,https://league-one.jp/player/483559,,,'15 U20、'16 U20、'15 U23、'16 U23,,,24/25 Japan Rugby League One - Division 2 (1G) -> 23/24 Japan Rugby League One - Division 2 (11G) -> Japan Rugby League One - Division 1 0 0 2  -> 22/23 Japan Rugby League One - Division 1 (11G/1T) -> 21/22 Japan Rugby League One - Division 1 (7G)
Koichi Matsuura,松浦 康一,CTB,NECグリーンロケッツ東葛（2025-26）,183,90,1993.08.03,32,佐賀工業高校,明治大学,佐賀工業高校 明治大学,A,28,https://league-one.jp/player/483560,,,,,,25/26 Japan Rugby League One - Division 2 (1G) -> 24/25 Japan Rugby League One - Division 2 (7G) -> 23/24 Japan Rugby League One - Division 2 (6G/1T) -> Japan Rugby League One - Division 1 0 0 1  -> 22/23 Japan Rugby League One - Division 1 (8G/1T) -> 21/22 Japan Rugby League One - Division 1 (6G/1T)
Masaki Obata,小幡 将己,CTB,NECグリーンロケッツ東葛（2025-26）,181,91,1998.12.25,27,石見智翠館高校,明治大学,石見智翠館高校 明治大学,A,17,https://league-one.jp/player/483561,,,,,,25/26 Japan Rugby League One - Division 2 (2G/1T) -> 24/25 Japan Rugby League One - Division 2 (3G/1T) -> 23/24 Japan Rugby League One - Division 2 (3G) -> Japan Rugby League One - Division 1 0 0 2  -> 22/23 Japan Rugby League One - Division 1 (3G) -> 21/22 Japan Rugby League One - Division 1 (7G)
Teruya Goto,後藤 輝也,WTB,NECグリーンロケッツ東葛（2025-26）,177,82,1991.12.18,34,桂高校,山梨学院大学,桂高校 山梨学院大学,A,35,https://league-one.jp/player/483562,,,,,,25/26 Japan Rugby League One - Division 2 (2G/3T) -> 24/25 Japan Rugby League One - Division 2 (7G/7T) -> 23/24 Japan Rugby League One - Division 2 (2G) -> Japan Rugby League One - Division 1 0 0 1  -> 22/23 Japan Rugby League One - Division 1 (10G/4T) -> 21/22 Japan Rugby League One - Division 1 (13G/4T) -> 16/17 Super Rugby (4G/1T)
Hiroyuki Miyajima,宮島 裕之,WTB,NECグリーンロケッツ東葛（2025-26）,182,85,1992.09.23,33,飯田高校,同志社大学,飯田高校 同志社大学,A,25,https://league-one.jp/player/483563,,,,,,24/25 Japan Rugby League One - Division 2 (10G/3T) -> 23/24 Japan Rugby League One - Division 2 (3G/2T) -> 22/23 Japan Rugby League One - Division 1 (2G) -> 21/22 Japan Rugby League One - Division 1 (10G/2T)
Yuma Sugimoto,杉本 悠馬,WTB,NECグリーンロケッツ東葛（2025-26）,178,86,1997.12.16,28,佐野日大高校,日本大学,佐野日大高校 日本大学,A,20,https://league-one.jp/player/483564,,,,,,25/26 Japan Rugby League One - Division 2 (2G) -> 24/25 Japan Rugby League One - Division 2 (3G) -> 22/23 Japan Rugby League One - Division 1 (10G/2T) -> 21/22 Japan Rugby League One - Division 1 (7G/1T)
Keita Kobayasi,小林 恵太,HO,NECグリーンロケッツ東葛（2025-26）,175,106,1999.08.04,26,宮崎西高校,帝京大学,宮崎西高校 帝京大学,A,8,https://league-one.jp/player/483565,,,,,,Not Found
Ren Osawa,大澤 蓮,HO,NECグリーンロケッツ東葛（2025-26）,180,106,1999.10.04,26,長崎南山高校,法政大学,長崎南山高校 法政大学,A,25,https://league-one.jp/player/483566,,,,,,25/26 Japan Rugby League One - Division 2 (4G/3T) -> 24/25 Japan Rugby League One - Division 2 (13G/6T) -> 23/24 Japan Rugby League One - Division 2 (1G/1T) -> Japan Rugby League One - Division 1 0 0 2  -> 22/23 Japan Rugby League One - Division 1 (6G) -> 21/22 Japan Rugby League One - Division 1 (2G)
Christian Laui,クリスチャン ・ラウイ,CTB,NECグリーンロケッツ東葛（2025-26）,180,105,1998.09.08,27,日体大柏高校,日本体育大学,日体大柏高校 日本体育大学,A,26,https://league-one.jp/player/483567,,,,,,24/25 Japan Rugby League One - Division 2 (2G) -> 23/24 Japan Rugby League One - Division 2 (8G/5T) -> 22/23 Japan Rugby League One - Division 1 (16G/6T)
Kanta Omata,尾又 寛汰,WTB,NECグリーンロケッツ東葛（2025-26）,171,82,1994.11.02,31,國學院栃木高校,明治大学,國學院栃木高校 明治大学,A,47,https://league-one.jp/player/483568,,,,,,25/26 Japan Rugby League One - Division 2 (4G/1T) -> 24/25 Japan Rugby League One - Division 2 (12G/2T) -> 23/24 Japan Rugby League One - Division 2 (11G/4T) -> Japan Rugby League One - Division 1 0 0 2  -> 22/23 Japan Rugby League One - Division 1 (11G/6T) -> 21/22 Japan Rugby League One - Division 2 (7G/2T) -> Japan Rugby League One - Division 1 1 0 1 (1G)
Nick Phipps,ニック ・フィップス,SH,NECグリーンロケッツ東葛（2025-26）,180,88,1989.01.09,36,The,Kings,"The Kings School, Parramatta SydneyUniversity",C,33,https://league-one.jp/player/483569,,,,,,25/26 Japan Rugby League One - Division 2 (1G) -> 24/25 Japan Rugby League One - Division 2 (4G/1T) -> 23/24 Japan Rugby League One - Division 2 (12G/7T) -> Japan Rugby League One - Division 1 0 0 2  -> 22/23 Japan Rugby League One - Division 1 (16G/5T) -> 21/22 London Irish (21G/6T) -> Challenge Cup 3 0 1  -> 20/21 London Irish (17G/3T) -> Challenge Cup 2 0 1  -> 19/20 London Irish (16G) -> Challenge Cup 1 0 3  -> 18/19 Super Rugby (13G/4T) -> 17/18 Super Rugby (12G/2T) -> Rugby Championship 1 0 4  -> 16/17 Super Rugby (12G/2T) -> Rugby Championship 2 2 2 (1G) -> 15/16 Super Rugby (15G/5T) -> Rugby World Cup 6 0 1  -> Rugby Championship 3 0 3 (1G) -> 14/15 Super Rugby (17G/2T) -> Rugby Championship 3 0 0  -> 13/14 Super Rugby (18G/3T) -> Rugby Championship 2 1 3 
Ryosei Takai,高井 良成,CTB,NECグリーンロケッツ東葛（2025-26）,177,82,2001.12.09,24,関西大学北陽高校,京都産業大学,関西大学北陽高校 京都産業大学,A,1,https://league-one.jp/player/485129,,,,,,24/25 Japan Rugby League One - Division 2 (1G)
Yuta Moriyama,森山 雄太,FL,NECグリーンロケッツ東葛（2025-26）,182,100,2001.06.12,24,東福岡高校,明治大学,東福岡高校 明治大学,A,2,https://league-one.jp/player/485130,,,,,,25/26 Japan Rugby League One - Division 2 (4G)
Brendon Nell,ブレンドン ・ネル,LO,NECグリーンロケッツ東葛（2025-26）,196,117,2000.08.01,25,Werda,Highschool,Werda Highschool 流通経済大学,A,3,https://league-one.jp/player/485131,,,,,,25/26 Japan Rugby League One - Division 2 (4G/1T) -> 24/25 Japan Rugby League One - Division 2 (1G)
Manaaki Selby-Rickit,マナアキ ・セルビーリキット,LO,浦安D-Rocks（2025-26）,200,112,1996.06.05,29,DeLaSalleCollege,,DeLaSalleCollege,B,2,https://league-one.jp/player/483474,,,,,,Not Found
Tamati Ioane,タマティ ・イオアネ,No8,浦安D-Rocks（2025-26）,186,120,1997.04.26,28,DeLaSalleCollege,,DeLaSalleCollege,B,21,https://league-one.jp/player/483475,,,,,,25/26 Japan Rugby League One - Division 1 (8G/2T) -> 24/25 Japan Rugby League One - Division 1 (9G/3T) -> 23/24 Japan Rugby League One - Division 1 (9G/5T) -> 22/23 Super Rugby Pacific (4G) -> 21/22 Super Rugby Pacific (10G)
Genki Sudou,須藤 元樹,PR,浦安D-Rocks（2025-26）,173,110,1994.01.28,31,国学院久我山高校,明治大学,国学院久我山高校 明治大学,A,24,https://league-one.jp/player/483476,,,日本代表2CAP,,,Not Found
Ryohei Yamanaka,山中 亮平,FB,浦安D-Rocks（2025-26）,188,96,1988.06.22,37,東海大仰星高校,早稲田大学,東海大仰星高校 早稲田大学,A,48,https://league-one.jp/player/483477,,,'07 U20、日本代表30CAP、Test Matchs(1CAP)、Rugby World Cup(5CAP),,,25/26 Japan Rugby League One - Division 1 (7G/1T) -> 24/25 Japan Rugby League One - Division 1 (6G) -> 23/24 Japan Rugby League One - Division 1 (12G/2T) -> 22/23 Japan Rugby League One - Division 1 (16G/5T) -> Autumn Nations Cup 0 0 2  -> Pacific Nations Cup 1 0 1  -> 21/22 Japan Rugby League One - Division 1 (11G/4T) -> Test Matchs 1 0 2 (3G) -> 20/21 Test Matchs (1G) -> 19/20 Rugby World Cup (5G) -> 18/19 Super Rugby (7G) -> Pacific Nations Cup 1 0 0 (1G) -> 16/17 Super Rugby (9G/1T) -> 15/16 Super Rugby (2G)
Rusiate Finau,ルシアテ ・フィナウ,No8,浦安D-Rocks（2025-26）,188,115,2002.07.22,23,マッセー,朝日大学,マッセー高校 朝日大学,B,0,https://league-one.jp/player/483478,,,,,,No Data
Halaholo Tokolahi,ハラホロ ・トコラヒ,PR,浦安D-Rocks（2025-26）,178,115,2001.04.20,24,目黒学院高校,福岡工業大学,目黒学院高校 福岡工業大学,A,0,https://league-one.jp/player/483479,,,,,,No Data
Ryota Ohata,大畑 亮太,WTB,浦安D-Rocks（2025-26）,174,77,2002.07.02,23,東海大仰星高校,筑波大学,東海大仰星高校 筑波大学,A,0,https://league-one.jp/player/483480,,,,,,No Data
Soma Matsumoto,松本 壮馬,CTB,浦安D-Rocks（2025-26）,172,85,2002.10.20,23,石見智翠館高校,関西学院大学,石見智翠館高校 関西学院大学,A,13,https://league-one.jp/player/483481,,,,,,Not Found
Yuo Kim,金 侑悟,SO,浦安D-Rocks（2025-26）,175,83,2002.08.19,23,大阪朝鮮高級学校,法政大学,大阪朝鮮高級学校 法政大学,A,0,https://league-one.jp/player/483482,,,,,,No Data
Yuzuki Sasaki,佐々木 柚樹,LO,浦安D-Rocks（2025-26）,188,103,2003.02.19,22,八戸工業高校,大東文化大学,八戸工業高校 大東文化大学,A,8,https://league-one.jp/player/483483,,,,,,25/26 Japan Rugby League One - Division 1 (6G/1T) -> 24/25 Japan Rugby League One - Division 1 (5G) -> 22/23 U20 Championship (4G)
Kaisei Umeda,梅田 海星,PR,浦安D-Rocks（2025-26）,176,110,2002.06.01,23,秋田工業高校,帝京大学,秋田工業高校 帝京大学,A,6,https://league-one.jp/player/483484,,,,,,25/26 Japan Rugby League One - Division 1 (8G) -> 24/25 Japan Rugby League One - Division 1 (3G)
Norifumi Hashimoto,橋本 法史,SH,浦安D-Rocks（2025-26）,164,70,1996.01.24,29,熊本西高校,東海大学,熊本西高校 東海大学,A,36,https://league-one.jp/player/483485,,,,,,24/25 Japan Rugby League One - Division 1 (18G) -> 23/24 Japan Rugby League One - Division 3 (10G/6T) -> 22/23 Japan Rugby League One - Division 2 (2G/1T) -> 21/22 Japan Rugby League One - Division 2 (8G/1T)
Zephaniah Tuinona,ゼファニア ・トゥイノナ,LO,浦安D-Rocks（2025-26）,198,112,2001.05.11,24,ブリスベン,,ブリスベン高校,A,23,https://league-one.jp/player/483486,,,,,,24/25 Japan Rugby League One - Division 1 (5G/1T) -> 23/24 Japan Rugby League One - Division 3 (10G/5T) -> 22/23 Japan Rugby League One - Division 2 (2G) -> 21/22 Japan Rugby League One - Division 2 (6G/1T)
Jasper Wiese,ヤスパー ・ヴィーセ,No8,浦安D-Rocks（2025-26）,190,120,1995.10.21,30,ウェルスクールアッピントン,テクノロジー中央大学,ウェルスクールアッピントン テクノロジー中央大学,C,12,https://league-one.jp/player/483487,,,,,,25/26 Japan Rugby League One - Division 1 (8G/2T) -> Autumn Nations Series 3 0 0 (1G) -> 24/25 Japan Rugby League One - Division 1 (9G/2T) -> Test Matchs 2 0 0  -> Rugby Championship 3 0 0  -> 23/24 Premiership (14G/4T) -> Champions Cup 1 0 3  -> Summer Nations Series 1 0 0  -> Rugby World Cup 4 0 1  -> Rugby Championship 3 0 1  -> 22/23 Premiership (13G/4T) -> Champions Cup 2 0 1 (2G) -> Rugby Championship 0 0 1  -> 21/22 Premiership (19G/5T) -> Champions Cup 5 0 1  -> Rugby Championship 4 0 1 (1G) -> 20/21 Premiership (15G/3T) -> Challenge Cup 4 0 1 (3G) -> Rugby Championship 3 0 2  -> 19/20 Cheetahs (9G/2T) -> Super Rugby Unlocked 2 0 0  -> 18/19 Cheetahs (8G/1T) -> 17/18 Cheetahs (4G)
Uwe Helu,ヘル ウヴェ,LO,浦安D-Rocks（2025-26）,193,120,1990.07.12,35,セントトーマスカンタベリー,拓殖大学,セントトーマスカンタベリー高校 拓殖大学,A,42,https://league-one.jp/player/483488,,,日本代表19CAP、Test Matchs(1CAP),,,24/25 Japan Rugby League One - Division 1 (14G/2T) -> 23/24 Japan Rugby League One - Division 1 (8G) -> Summer Nations Series 0 0 1  -> 22/23 Japan Rugby League One - Division 1 (14G/1T) -> 21/22 Japan Rugby League One - Division 1 (6G) -> 19/20 Test Matchs (1G) -> Rugby World Cup 2 0 0  -> 18/19 Super Rugby (8G/2T) -> Pacific Nations Cup 2 0 0  -> 17/18 Super Rugby (4G) -> 16/17 Super Rugby (10G/1T)
Tana Tuhakaraina,タナ ・トゥハカライナ,CTB,浦安D-Rocks（2025-26）,184,96,1997.07.08,28,マタマタカレッジ,,マタマタカレッジ,B,9,https://league-one.jp/player/483489,,,Māori All Blacks(1CAP),,,25/26 Japan Rugby League One - Division 1 (5G/2T) -> 24/25 Japan Rugby League One - Division 1 (6G/1T) -> 23/24 Māori All Blacks (1G) -> 22/23 Waikato (10G/1T) -> 21/22 Waikato (7G/1T)
Luteru Laulala,ルテル ・ラウララ,UTB,浦安D-Rocks（2025-26）,183,95,1995.05.30,30,ウェスリーカレッジ,オークランド工科大学,ウェスリーカレッジ オークランド工科大学,A,14,https://league-one.jp/player/483490,,,,,,25/26 Japan Rugby League One - Division 1 (2G) -> 24/25 Japan Rugby League One - Division 1 (3G/1T) -> 22/23 Japan Rugby League One - Division 1 (3G) -> 21/22 Japan Rugby League One - Division 3 (9G/2T) -> 20/21 Counties Manukau (1G) -> 19/20 Counties Manukau (9G) -> 17/18 Super Rugby (1G)
Hendrik Tui,ツイ ヘンドリック,FL,浦安D-Rocks（2025-26）,188,112,1987.12.13,38,デラセラ,帝京大学,デラセラ高校 帝京大学,A,48,https://league-one.jp/player/483491,,,Rugby World Cup(3CAP)、Test Matchs(6CAP),,,25/26 Japan Rugby League One - Division 1 (3G) -> 24/25 Japan Rugby League One - Division 1 (12G/1T) -> 23/24 Japan Rugby League One - Division 1 (10G/3T) -> 22/23 Japan Rugby League One - Division 1 (14G/2T) -> 21/22 Japan Rugby League One - Division 1 (10G) -> 19/20 Rugby World Cup (3G) -> 18/19 Super Rugby (11G) -> Pacific Nations Cup 1 0 0  -> 16/17 Super Rugby (13G) -> 15/16 Super Rugby (15G) -> Rugby World Cup 3 0 1  -> 14/15 Super Rugby (2G) -> 13/14 Test Matchs (6G/1T)
Caleb Cavubati,ケレブ ・カヴバティ,WTB,浦安D-Rocks（2025-26）,175,91,2000.11.12,25,山梨学院大学,,山梨学院大学,A,14,https://league-one.jp/player/483492,,,,,,25/26 Japan Rugby League One - Division 1 (7G/3T) -> 24/25 Japan Rugby League One - Division 1 (12G/6T)
Taisei Konishi,小西 泰聖,SH,浦安D-Rocks（2025-26）,166,72,2000.09.01,25,桐蔭学園高校,早稲田大学,桐蔭学園高校 早稲田大学,A,16,https://league-one.jp/player/483493,,,'18 高校,,,25/26 Japan Rugby League One - Division 1 (8G/1T) -> 23/24 Japan Rugby League One - Division 2 (12G/2T) -> Japan Rugby League One - Division 1 2 0 0  -> 22/23 Japan Rugby League One - Division 2 (1G) -> Japan Rugby League One - Division 1 0 0 1 
Shin Takeuchi,武内 慎,LO,浦安D-Rocks（2025-26）,191,110,2000.08.07,25,石見智翠館高校,明治大学,石見智翠館高校 明治大学,A,16,https://league-one.jp/player/483494,,,'18 高校、'19 U20,,,25/26 Japan Rugby League One - Division 1 (6G) -> 24/25 Japan Rugby League One - Division 1 (3G) -> 23/24 Japan Rugby League One - Division 2 (10G) -> Japan Rugby League One - Division 1 2 0 0 
Hidetomo Nabeshima,鍋島 秀源,PR,浦安D-Rocks（2025-26）,176,115,2000.12.29,25,輝翔館高校,福岡工業大学,輝翔館高校 福岡工業大学,A,29,https://league-one.jp/player/483495,,,,,,25/26 Japan Rugby League One - Division 1 (8G) -> 24/25 Japan Rugby League One - Division 1 (16G/1T) -> 23/24 Japan Rugby League One - Division 2 (3G) -> Japan Rugby League One - Division 1 2 0 0  -> 22/23 Japan Rugby League One - Division 2 (3G) -> Japan Rugby League One - Division 1 0 0 2 
Siosifa Lisala,リサラ シオシファ,CTB,浦安D-Rocks（2025-26）,180,103,1994.02.02,31,トンガカレッジ,花園大学,トンガカレッジ 花園大学,A,20,https://league-one.jp/player/483496,,,,,,25/26 Japan Rugby League One - Division 1 (1G) -> 24/25 Japan Rugby League One - Division 1 (4G/1T) -> 23/24 Japan Rugby League One - Division 2 (7G/3T) -> Japan Rugby League One - Division 1 2 0 0  -> 22/23 Japan Rugby League One - Division 2 (1G) -> 21/22 Japan Rugby League One - Division 1 (6G) -> 19/20 Super Rugby (1G)
Samisoni Tua,サミソニ ・トゥア,CTB,浦安D-Rocks（2025-26）,182,108,1995.05.24,30,トンガカレッジ,摂南大学,トンガカレッジ 摂南大学,A,22,https://league-one.jp/player/483497,,,日本代表3CAP,,,25/26 Japan Rugby League One - Division 1 (1G) -> 23/24 Japan Rugby League One - Division 2 (8G/4T) -> Japan Rugby League One - Division 1 2 0 0 (1G) -> 22/23 Japan Rugby League One - Division 2 (10G/3T) -> Japan Rugby League One - Division 1 0 0 2 
Tetta Shigematsu,繁松 哲大,FL,浦安D-Rocks（2025-26）,178,94,1999.01.06,27,札幌山の手高校,明治大学,札幌山の手高校 明治大学,A,31,https://league-one.jp/player/483498,,,,,,25/26 Japan Rugby League One - Division 1 (4G) -> 24/25 Japan Rugby League One - Division 1 (9G) -> 23/24 Japan Rugby League One - Division 2 (1G) -> Japan Rugby League One - Division 1 2 0 0  -> 22/23 Japan Rugby League One - Division 2 (8G) -> Japan Rugby League One - Division 1 0 0 2  -> 21/22 Japan Rugby League One - Division 1 (7G)
Yuta Kojima,小島 佑太,LO,浦安D-Rocks（2025-26）,188,110,1996.11.08,29,洛北高校,立命館大学,洛北高校 立命館大学,A,23,https://league-one.jp/player/483499,,,,,,25/26 Japan Rugby League One - Division 1 (6G) -> 23/24 Japan Rugby League One - Division 2 (11G) -> 22/23 Japan Rugby League One - Division 2 (8G) -> 21/22 Japan Rugby League One - Division 1 (1G)
Samisoni Asaeli,サミソニ ・アサエリ,HO,浦安D-Rocks（2025-26）,180,108,1998.04.06,27,目黒学院高校,日本大学,目黒学院高校 日本大学,A,5,https://league-one.jp/player/483500,,,,,,23/24 Japan Rugby League One - Division 2 (5G/2T)
Ryom Kim,金 廉,PR,浦安D-Rocks（2025-26）,182,115,1996.04.01,29,大阪朝鮮高校,帝京大学,大阪朝鮮高校 帝京大学,A,48,https://league-one.jp/player/483501,,,,,,25/26 Japan Rugby League One - Division 1 (8G) -> 24/25 Japan Rugby League One - Division 1 (18G) -> 23/24 Japan Rugby League One - Division 2 (11G) -> Japan Rugby League One - Division 1 2 0 0  -> 22/23 Japan Rugby League One - Division 2 (5G/1T) -> 21/22 Japan Rugby League One - Division 1 (10G)
Jung Soo Yang,梁 正秀,PR,浦安D-Rocks（2025-26）,182,110,1999.07.13,26,石見智翠館高校,大阪体育大学,石見智翠館高校 大阪体育大学,A,16,https://league-one.jp/player/483502,,,,,,25/26 Japan Rugby League One - Division 1 (2G) -> 24/25 Japan Rugby League One - Division 1 (3G) -> 23/24 Japan Rugby League One - Division 2 (3G) -> 22/23 Japan Rugby League One - Division 2 (4G) -> Japan Rugby League One - Division 1 0 0 2  -> 21/22 Japan Rugby League One - Division 1 (3G)
Junya Matsumoto,松本 純弥,WTB,浦安D-Rocks（2025-26）,171,82,2000.03.17,25,佐賀工業高校,明治大学,佐賀工業高校 明治大学,A,4,https://league-one.jp/player/483503,,,,,,24/25 Japan Rugby League One - Division 1 (4G)
Ren Iinuma,飯沼 蓮,SH,浦安D-Rocks（2025-26）,170,75,2000.02.08,25,日川高校,明治大学,日川高校 明治大学,A,56,https://league-one.jp/player/483504,,,'17 高校,,,25/26 Japan Rugby League One - Division 1 (8G/3T) -> 24/25 Japan Rugby League One - Division 1 (19G/7T) -> 23/24 Japan Rugby League One - Division 2 (12G/4T) -> Japan Rugby League One - Division 1 2 0 0  -> 22/23 Japan Rugby League One - Division 2 (11G/5T) -> Japan Rugby League One - Division 1 0 0 2 (1G) -> 21/22 Japan Rugby League One - Division 1 (7G/1T)
Taiga Ishida,石田 大河,FB,浦安D-Rocks（2025-26）,176,83,1997.10.01,28,九州学院高校,日本体育大学,九州学院高校 日本体育大学,A,2,https://league-one.jp/player/483505,,,,,,24/25 Japan Rugby League One - Division 1 (2G)
Takuhei Yasuda,安田 卓平,FB,浦安D-Rocks（2025-26）,177,80,1996.05.20,29,同志社高校,同志社大学,同志社高校 同志社大学,A,58,https://league-one.jp/player/483506,,,'16 U20、'16 U23、'17 U23、日本代表2CAP,,,25/26 Japan Rugby League One - Division 1 (6G) -> 24/25 Japan Rugby League One - Division 1 (19G/3T) -> 23/24 Japan Rugby League One - Division 2 (12G/8T) -> Japan Rugby League One - Division 1 2 0 0 (1G) -> 22/23 Japan Rugby League One - Division 2 (11G/5T) -> Japan Rugby League One - Division 1 0 0 2 (1G) -> 21/22 Japan Rugby League One - Division 1 (11G)
Israel Folau,イズラエル ・フォラウ,FB,浦安D-Rocks（2025-26）,194,103,1989.04.03,36,マースデン州立高校,,マースデン州立高校,C,32,https://league-one.jp/player/483507,,,,,,25/26 Japan Rugby League One - Division 1 (3G/3T) -> 24/25 Japan Rugby League One - Division 1 (8G/2T) -> 23/24 Japan Rugby League One - Division 2 (2G/1T) -> 22/23 Japan Rugby League One - Division 2 (4G/5T) -> Japan Rugby League One - Division 1 0 0 2 (1G) -> 21/22 Japan Rugby League One - Division 1 (14G/10T) -> 18/19 Super Rugby (7G/4T) -> 17/18 Super Rugby (14G/11T) -> Rugby Championship 1 0 3 (2G) -> 16/17 Super Rugby (15G/9T) -> Rugby Championship 2 2 2 (5G) -> 15/16 Super Rugby (15G/11T) -> Rugby World Cup 4 0 1  -> Rugby Championship 3 0 3  -> 14/15 Super Rugby (17G/5T) -> Rugby Championship 3 0 0  -> 13/14 Super Rugby (14G/12T) -> Rugby Championship 2 1 3 (2G)
Kai Ishii,石井 魁,WTB,浦安D-Rocks（2025-26）,179,85,1993.08.04,32,保善高校,東海大学,保善高校 東海大学,A,46,https://league-one.jp/player/483508,,,,,,24/25 Japan Rugby League One - Division 1 (10G/6T) -> 23/24 Japan Rugby League One - Division 2 (10G/8T) -> Japan Rugby League One - Division 1 2 0 0 (1G) -> 22/23 Japan Rugby League One - Division 2 (8G/5T) -> Japan Rugby League One - Division 1 0 0 2 (1G) -> 21/22 Japan Rugby League One - Division 1 (14G/5T) -> 17/18 Super Rugby (1G/1T)
Shane Gates,シェーン ・ゲイツ,CTB,浦安D-Rocks（2025-26）,183,95,1992.09.27,33,ミューアカレッジボーイズ,,ミューアカレッジボーイズ高校,A,50,https://league-one.jp/player/483509,,,日本代表4CAP、Test Matchs(1CAP),,,25/26 Japan Rugby League One - Division 1 (8G/2T) -> 24/25 Japan Rugby League One - Division 1 (16G/8T) -> 23/24 Japan Rugby League One - Division 2 (9G/7T) -> Japan Rugby League One - Division 1 2 0 0 (1G) -> 22/23 Japan Rugby League One - Division 2 (10G/5T) -> 21/22 Japan Rugby League One - Division 1 (11G/1T) -> 20/21 Test Matchs (1G) -> 18/19 Super Rugby (3G/1T) -> 15/16 Super Rugby (14G/1T)
Otere Black,オテレ ・ブラック,SO,浦安D-Rocks（2025-26）,185,86,1995.05.04,30,ハートパラオカレッジ,,ハートパラオカレッジ,A,50,https://league-one.jp/player/483510,,,,,,25/26 Japan Rugby League One - Division 1 (8G) -> 24/25 Japan Rugby League One - Division 1 (18G/2T) -> 23/24 Japan Rugby League One - Division 2 (5G) -> Japan Rugby League One - Division 1 2 0 0  -> 22/23 Japan Rugby League One - Division 2 (8G/5T) -> Japan Rugby League One - Division 1 0 0 2  -> 21/22 Japan Rugby League One - Division 1 (12G/2T) -> 20/21 Super Rugby Aotearoa (8G/1T) -> Super Rugby Trans-Tasman 6 0 0  -> 19/20 Super Rugby (4G) -> Super Rugby Aotearoa 5 0 2  -> 18/19 Super Rugby (16G/1T) -> 16/17 Super Rugby (16G) -> 15/16 Super Rugby (5G) -> 14/15 Super Rugby (5G)
Shokei Kin,金 正奎,HO,浦安D-Rocks（2025-26）,177,95,1991.10.03,34,常翔啓光学園高校,早稲田大学,常翔啓光学園高校 早稲田大学,A,33,https://league-one.jp/player/483511,,,'09 高校、'10 U20、'11 U20、'16 U23、日本代表7CAP,,,25/26 Japan Rugby League One - Division 1 (2G) -> 24/25 Japan Rugby League One - Division 1 (9G) -> 23/24 Japan Rugby League One - Division 2 (4G/2T) -> 22/23 Japan Rugby League One - Division 2 (6G/4T) -> Japan Rugby League One - Division 1 0 0 1  -> 21/22 Japan Rugby League One - Division 1 (13G) -> 16/17 Super Rugby (7G/1T) -> 15/16 Super Rugby (2G)
Daiki Sato,佐藤 大樹,LO,浦安D-Rocks（2025-26）,190,106,1995.04.15,30,桐蔭学園高校,慶應義塾大学,桐蔭学園高校 慶應義塾大学,A,2,https://league-one.jp/player/483512,,,'13 高校,,,24/25 Japan Rugby League One - Division 1 (1G) -> 23/24 Japan Rugby League One - Division 2 (2G)
Ryong Ji Kim,金 嶺志,LO,浦安D-Rocks（2025-26）,192,107,1994.08.26,31,東京朝鮮中高級学校,帝京大学,東京朝鮮中高級学校 帝京大学,A,23,https://league-one.jp/player/483513,,,,,,23/24 Japan Rugby League One - Division 2 (2G) -> 22/23 Japan Rugby League One - Division 2 (11G/2T) -> Japan Rugby League One - Division 1 0 0 1  -> 21/22 Japan Rugby League One - Division 1 (10G)
Shotaro Hirai,平井 将太郎,PR,浦安D-Rocks（2025-26）,185,122,1995.04.03,30,長崎南山高校,帝京大学,長崎南山高校 帝京大学,A,3,https://league-one.jp/player/483514,,,,,,Not Found
Ryuji Fujimura,藤村 琉士,HO,浦安D-Rocks（2025-26）,174,102,1998.10.03,27,京都成章高校,日本大学,京都成章高校 日本大学,A,41,https://league-one.jp/player/483515,,,,,,25/26 Japan Rugby League One - Division 1 (6G) -> 24/25 Japan Rugby League One - Division 1 (15G/1T) -> 23/24 Japan Rugby League One - Division 2 (7G/2T) -> Japan Rugby League One - Division 1 2 0 0  -> 22/23 Japan Rugby League One - Division 2 (8G/2T) -> 21/22 Japan Rugby League One - Division 1 (8G/1T)
Sekonaia Pole,セコナイア ・ポレ,PR,浦安D-Rocks（2025-26）,181,112,1995.04.02,30,OtagoBoysH.S.,Wesleycollege,OtagoBoysH.S. Wesleycollege,A,26,https://league-one.jp/player/483516,,,,,,25/26 Japan Rugby League One - Division 1 (8G) -> 24/25 Japan Rugby League One - Division 1 (16G/1T) -> 23/24 Japan Rugby League One - Division 2 (2G/1T) -> 22/23 Japan Rugby League One - Division 2 (3G/1T) -> 21/22 Japan Rugby League One - Division 1 (2G/1T) -> 16/17 Highlanders (3G)
Hikaru Tamura,田村 煕,SO,浦安D-Rocks（2025-26）,175,89,1993.09.12,32,國學院栃木高校,明治大学,國學院栃木高校 明治大学,A,50,https://league-one.jp/player/483517,,,,,,25/26 Japan Rugby League One - Division 1 (7G/1T) -> 24/25 Japan Rugby League One - Division 1 (13G/1T) -> 23/24 Japan Rugby League One - Division 2 (11G) -> Japan Rugby League One - Division 1 2 0 0  -> 22/23 Japan Rugby League One - Division 1 (8G) -> 21/22 Japan Rugby League One - Division 1 (13G) -> 16/17 Super Rugby (1G)
Gakuto Ishida,石田 楽人,PR,浦安D-Rocks（2025-26）,181,113,1998.01.09,27,桐蔭学園高校,専修大学,桐蔭学園高校 専修大学,A,34,https://league-one.jp/player/483518,,,'18 U20、'18 U23,,,24/25 Japan Rugby League One - Division 1 (5G) -> 23/24 Japan Rugby League One - Division 2 (7G) -> Japan Rugby League One - Division 1 2 0 0  -> 22/23 Japan Rugby League One - Division 1 (6G) -> 21/22 Japan Rugby League One - Division 1 (14G)
Samu Kerevi,サム ・ケレビ,CTB,浦安D-Rocks（2025-26）,186,106,1993.09.27,32,ブリスベン州立高校,クイーンズランド工科大学,ブリスベン州立高校 クイーンズランド工科大学,C,45,https://league-one.jp/player/483519,,,Rugby Championship(5CAP)、Test Matchs(1CAP),,,25/26 Japan Rugby League One - Division 1 (7G/2T) -> 24/25 Japan Rugby League One - Division 1 (16G/14T) -> 23/24 Japan Rugby League One - Division 2 (8G/3T) -> Japan Rugby League One - Division 1 2 0 0  -> Rugby World Cup 2 0 2  -> 22/23 Japan Rugby League One - Division 1 (2G) -> 21/22 Japan Rugby League One - Division 1 (14G/4T) -> 20/21 Rugby Championship (5G/2T) -> 19/20 Test Matchs (1G) -> Rugby World Cup 3 0 2 (1G) -> 18/19 Super Rugby (15G/5T) -> Rugby Championship 2 0 1  -> 17/18 Super Rugby (14G/4T) -> 16/17 Super Rugby (13G/5T) -> 15/16 Super Rugby (13G/5T) -> Rugby Championship 3 0 2 (3G) -> 14/15 Super Rugby (14G/6T) -> 13/14 Super Rugby (4G/1T)
Brody Macaskill,ブロディ ・マカスケル,No8,浦安D-Rocks（2025-26）,190,111,1999.10.27,26,アランモアカトリックカレッジ,,アランモアカトリックカレッジ,A,22,https://league-one.jp/player/483520,,,,,,25/26 Japan Rugby League One - Division 1 (6G/1T) -> 24/25 Japan Rugby League One - Division 1 (10G) -> 23/24 Japan Rugby League One - Division 2 (9G/3T) -> Japan Rugby League One - Division 1 2 0 0 
Junichiro Matsushita,松下 潤一郎,HO,浦安D-Rocks（2025-26）,173,99,2001.07.16,24,筑紫高校,明治大学,筑紫高校 明治大学,A,12,https://league-one.jp/player/483521,,,,,,25/26 Japan Rugby League One - Division 1 (6G) -> 24/25 Japan Rugby League One - Division 1 (10G/1T)
Kentaro Nanimatsu,何松 健太郎,CTB,浦安D-Rocks（2025-26）,177,85,2001.08.17,24,東海大仰星高校,東海大学,東海大仰星高校 東海大学,A,2,https://league-one.jp/player/483522,,,,,,24/25 Japan Rugby League One - Division 1 (1G) -> 23/24 Japan Rugby League One - Division 2 (1G/1T)
Shunta Mori,森 駿太,SO,浦安D-Rocks（2025-26）,172,85,2001.09.25,24,東福岡高校,立命館大学,東福岡高校 立命館大学,A,0,https://league-one.jp/player/483523,,,,,,No Data
Jinichiro Tamanaga,玉永 仁一郎,PR,浦安D-Rocks（2025-26）,176,114,2001.10.30,24,常翔学園高校,流通経済大学,常翔学園高校 流通経済大学,A,0,https://league-one.jp/player/483524,,,,,,No Data
Takuya Shirae,白栄 拓也,SH,浦安D-Rocks（2025-26）,164,68,2001.06.14,24,高鍋高校,筑波大学,高鍋高校 筑波大学,A,3,https://league-one.jp/player/483525,,,,,,24/25 Japan Rugby League One - Division 1 (3G)
Daishi Kojima,小嶋 大士,No8,浦安D-Rocks（2025-26）,185,105,2001.06.26,24,日川高校,山梨学院大学,日川高校 山梨学院大学,A,6,https://league-one.jp/player/483526,,,,,,24/25 Japan Rugby League One - Division 1 (6G/1T)
Steven Cummins,スティーブン ・カミンズ,LO,浦安D-Rocks（2025-26）,202,117,1992.03.29,33,ヒルズ,スポーツ高校大学,ヒルズ スポーツ高校 スウィンバーン工科大学,B,1,https://league-one.jp/player/485710,,,United Rugby Championship(6CAP),,,25/26 United Rugby Championship (1G) -> 24/25 United Rugby Championship (5G) -> Challenge Cup 1 0 0  -> 23/24 Top 14 (2G) -> Challenge Cup 0 0 1  -> 22/23 Top 14 (5G) -> 21/22 Top 14 (19G/1T) -> 20/21 Top 14 (9G) -> Super Rugby Trans-Tasman 0 0 3  -> 19/20 Scarlets (9G) -> Challenge Cup 2 0 0  -> 18/19 Scarlets (13G) -> Champions Cup 0 0 1  -> 17/18 Scarlets (14G) -> Champions Cup 2 0 1  -> 16/17 Super Rugby (15G/1T) -> 15/16 Super Rugby (4G) -> 14/15 Super Rugby (2G)
Mac Harris,ハリス マック,CTB,コベルコ神戸スティーラーズ（2025-26）,180,100,2002.05.22,23,ネルソンカレッジ,オタゴ大学,ネルソンカレッジ オタゴ大学,A,0,https://league-one.jp/player/483927,,,,,,No Data
Neil Hansen,ニール ・ハンセン,LO,コベルコ神戸スティーラーズ（2025-26）,197,112,2005.08.18,20,パールボーイズ,,パールボーイズ高校,B,0,https://league-one.jp/player/483928,,,Rugby Championship U20(1CAP),,,24/25 Rugby Championship U20 (1G)
Ash Dixon,アッシュ ・ディクソン,HO,コベルコ神戸スティーラーズ（2025-26）,179,103,1988.09.01,37,クライストチャーチボーイス,,クライストチャーチボーイス高校,A,49,https://league-one.jp/player/483929,,,,,,25/26 Japan Rugby League One - Division 1 (5G/1T) -> 24/25 Japan Rugby League One - Division 2 (8G/5T) -> 23/24 Japan Rugby League One - Division 2 (10G/6T) -> 22/23 Japan Rugby League One - Division 1 (16G/2T) -> 21/22 Japan Rugby League One - Division 1 (12G/3T) -> 20/21 Super Rugby Aotearoa (8G/2T) -> Super Rugby Trans-Tasman 5 0 1 (4G) -> 19/20 Highlanders (5G) -> Super Rugby Aotearoa 3 0 5 (4G) -> 18/19 Highlanders (15G/1T) -> 17/18 Highlanders (15G/1T) -> 16/17 Highlanders (6G/1T) -> 15/16 Highlanders (17G) -> 14/15 Highlanders (19G) -> 13/14 Super Rugby (6G)
Sione Sime Mau,シオネ ・シメ・マウ,HO,コベルコ神戸スティーラーズ（2025-26）,180,115,2002.04.10,23,高知中央高校,大阪体育大学,高知中央高校 大阪体育大学,A,1,https://league-one.jp/player/483930,,,,,,25/26 Japan Rugby League One - Division 1 (6G)
Solomone Funaki,ソロモネ ・フナキ,FL,コベルコ神戸スティーラーズ（2025-26）,186,108,2002.04.12,23,目黒学院高校,京都産業大学,目黒学院高校 京都産業大学,A,15,https://league-one.jp/player/483931,,,,,,23/24 Super Rugby Pacific (1G) -> Rugby World Cup 0 0 1  -> 22/23 Super Rugby Pacific (13G/3T) -> Pacific Nations Cup 0 0 3  -> 21/22 Super Rugby Pacific (10G/4T) -> 20/21 Hawke's Bay (6G/2T) -> 19/20 Hawke's Bay (8G/3T)
Hayata Tsujino,辻野 隼大,UTB,コベルコ神戸スティーラーズ（2025-26）,178,88,2002.12.25,23,京都成章高校,京都産業大学,京都成章高校 京都産業大学,A,3,https://league-one.jp/player/483932,,,,,,24/25 Japan Rugby League One - Division 1 (3G/1T)
Kazuma Ueda,植田 和磨,WTB,コベルコ神戸スティーラーズ（2025-26）,177,86,2002.12.04,23,報徳学園高校,近畿大学,報徳学園高校 近畿大学,A,10,https://league-one.jp/player/483933,,,'25 XV、日本代表2CAP,,,25/26 Japan Rugby League One - Division 1 (7G/7T) -> Test Matchs 1 0 0  -> 24/25 Japan Rugby League One - Division 1 (7G/1T)
Itsuki Kamimura,上村 樹輝,SH,コベルコ神戸スティーラーズ（2025-26）,168,72,2002.12.13,23,京都工学院高校,帝京大学,京都工学院高校 帝京大学,A,11,https://league-one.jp/player/483934,,,,,,25/26 Japan Rugby League One - Division 1 (8G/3T) -> 24/25 Japan Rugby League One - Division 1 (8G)
Takuma Motohashi,本橋 拓馬,LO,コベルコ神戸スティーラーズ（2025-26）,193,117,2002.04.30,23,京都成章高校,帝京大学,京都成章高校 帝京大学,A,3,https://league-one.jp/player/483935,,,Test Matchs(1CAP),,,25/26 Japan Rugby League One - Division 1 (4G) -> 24/25 Japan Rugby League One - Division 1 (1G) -> 23/24 Test Matchs (1G)
Keita Miyauchi,宮内 慶大,HO,コベルコ神戸スティーラーズ（2025-26）,175,103,2002.09.26,23,東福岡高校,関西大学,東福岡高校 関西大学,A,0,https://league-one.jp/player/483936,,,,,,No Data
Kauvaka Kaivelata,カウヴァカ ・カイヴェラタ,PR,コベルコ神戸スティーラーズ（2025-26）,187,124,2002.07.11,23,ウェスリーカレッジ,,ウェスリーカレッジ,B,14,https://league-one.jp/player/483937,,,,,,24/25 Japan Rugby League One - Division 1 (14G) -> 23/24 Super Rugby Pacific (1G) -> 22/23 Counties Manukau (10G/2T) -> 21/22 Counties Manukau (5G/1T)
Tali Ioasa,タリ ・イオアサ,CTB,コベルコ神戸スティーラーズ（2025-26）,193,105,2005.01.25,20,ヘイスティングスボーイズ,,ヘイスティングスボーイズ高校,B,3,https://league-one.jp/player/483938,,,,,,25/26 Japan Rugby League One - Division 1 (3G/2T) -> 24/25 Japan Rugby League One - Division 1 (3G/1T)
Talilotu Fakatulolo,タリロトゥ ・ファカトゥロロ,CTB,コベルコ神戸スティーラーズ（2025-26）,184,95,2001.05.20,24,トンガカレッジ,花園大学,トンガカレッジ 花園大学,A,3,https://league-one.jp/player/483939,,,,,,24/25 Japan Rugby League One - Division 1 (3G)
Inoke Burua,イノケ ・ブルア,WTB,コベルコ神戸スティーラーズ（2025-26）,178,100,1999.05.30,26,スヴァグラマー,流通経済大学,スヴァグラマー高校 流通経済大学,A,43,https://league-one.jp/player/483940,,,,,,25/26 Japan Rugby League One - Division 1 (8G/4T) -> 24/25 Japan Rugby League One - Division 1 (11G/4T) -> 23/24 Japan Rugby League One - Division 1 (12G/7T) -> 22/23 Japan Rugby League One - Division 1 (17G/14T)
Sosefo Fakatava,ソセフォ ・ファカタヴァ,FL,コベルコ神戸スティーラーズ（2025-26）,188,109,1997.10.25,28,目黒学院高校,福岡工業大学,目黒学院高校 福岡工業大学,A,11,https://league-one.jp/player/483941,,,,,,24/25 Japan Rugby League One - Division 1 (4G) -> 22/23 Japan Rugby League One - Division 1 (4G) -> 21/22 Japan Rugby League One - Division 1 (3G)
Tiennan Costley,ティエナン ・コストリー,No8,コベルコ神戸スティーラーズ（2025-26）,192,106,2000.06.14,25,ウエストレイクボーイズ,IPU環太平洋大学,ウエストレイクボーイズ高校 IPU環太平洋大学,A,41,https://league-one.jp/player/483942,,,日本代表11CAP,,,25/26 Japan Rugby League One - Division 1 (7G/2T) -> 24/25 Japan Rugby League One - Division 1 (18G/3T) -> Test Matchs 0 0 1  -> 23/24 Japan Rugby League One - Division 1 (16G/4T) -> Pacific Nations Cup 3 0 1  -> 22/23 Japan Rugby League One - Division 1 (5G)
Soma Sugimoto,杉本 崇馬,WTB,コベルコ神戸スティーラーズ（2025-26）,181,84,2000.10.02,25,佐野日大高校,中央大学,佐野日大高校 中央大学,A,0,https://league-one.jp/player/483943,,,,,,No Data
Hayato Fukunishi,福西 隼杜,FL,コベルコ神戸スティーラーズ（2025-26）,178,96,2000.05.17,25,報徳学園高校,京都産業大学,報徳学園高校 京都産業大学,A,1,https://league-one.jp/player/483944,,,'18 高校、'19 U20,,,24/25 Japan Rugby League One - Division 1 (1G)
Michael Little,マイケル ・リトル,CTB,コベルコ神戸スティーラーズ（2025-26）,180,97,1993.03.14,32,ウエストレイクボーイズ,,ウエストレイクボーイズ高校,A,46,https://league-one.jp/player/483945,,,,,,25/26 Japan Rugby League One - Division 1 (5G/2T) -> 24/25 Japan Rugby League One - Division 1 (13G/5T) -> 23/24 Japan Rugby League One - Division 1 (13G/3T) -> 22/23 Japan Rugby League One - Division 1 (9G/7T) -> 21/22 Japan Rugby League One - Division 2 (9G/5T) -> Japan Rugby League One - Division 1 2 0 0 (1G) -> 18/19 Super Rugby (5G) -> 17/18 Super Rugby (13G/3T)
Takuya Kitade,北出 卓也,HO,コベルコ神戸スティーラーズ（2025-26）,180,100,1992.09.14,33,東海大学付属仰星高校,東海大学,東海大学付属仰星高校 東海大学,A,37,https://league-one.jp/player/483946,,,'10 高校、日本代表1CAP、Test Matchs(1CAP),,,25/26 Japan Rugby League One - Division 1 (5G) -> 24/25 Japan Rugby League One - Division 1 (12G/1T) -> 23/24 Japan Rugby League One - Division 1 (13G/6T) -> 22/23 Japan Rugby League One - Division 1 (3G) -> 21/22 Japan Rugby League One - Division 1 (7G) -> 19/20 Test Matchs (1G) -> 18/19 Super Rugby (1G)
Kanta Matsunaga,松永 貫汰,FB,コベルコ神戸スティーラーズ（2025-26）,167,79,1999.09.28,26,大阪産業大学附属高校,筑波大学,大阪産業大学附属高校 筑波大学,A,47,https://league-one.jp/player/483947,,,,,,25/26 Japan Rugby League One - Division 1 (6G) -> 24/25 Japan Rugby League One - Division 1 (20G/11T) -> 23/24 Japan Rugby League One - Division 1 (16G/7T) -> 22/23 Japan Rugby League One - Division 1 (8G/1T)
Sho Maeda,前田 翔,PR,コベルコ神戸スティーラーズ（2025-26）,180,110,1999.04.30,26,東海大学付属仰星高校,東海大学,東海大学付属仰星高校 東海大学,A,32,https://league-one.jp/player/483948,,,'19 U20,,,25/26 Japan Rugby League One - Division 1 (6G/1T) -> 24/25 Japan Rugby League One - Division 1 (11G) -> 23/24 Manawatu (1G) -> 22/23 Japan Rugby League One - Division 1 (13G) -> 21/22 Japan Rugby League One - Division 1 (5G)
Shinsuke Iseki,井関 信介,FB,コベルコ神戸スティーラーズ（2025-26）,179,86,1995.04.24,30,天理高校,天理大学,天理高校 天理大学,A,23,https://league-one.jp/player/483949,,,'15 U20、'15 U23、'17 U23,,,22/23 Japan Rugby League One - Division 1 (11G/2T) -> 21/22 Japan Rugby League One - Division 1 (12G/1T)
Ataata Moeakiola,アタアタ ・モエアキオラ,WTB,コベルコ神戸スティーラーズ（2025-26）,185,107,1996.02.06,29,目黒学院高校,東海大学,目黒学院高校 東海大学,A,40,https://league-one.jp/player/483950,,,'13 高校、'15 U23、日本代表4CAP、Test Matchs(1CAP),,,25/26 Japan Rugby League One - Division 1 (6G) -> 24/25 Japan Rugby League One - Division 1 (14G/11T) -> 23/24 Manawatu (4G/2T) -> 22/23 Japan Rugby League One - Division 1 (12G/7T) -> 21/22 Japan Rugby League One - Division 1 (13G/9T) -> 19/20 Test Matchs (1G) -> 18/19 Super Rugby (9G/3T)
Junta Hamano,濱野 隼大,WTB,コベルコ神戸スティーラーズ（2025-26）,180,93,2001.05.02,24,ロトルアボーイズ,,ロトルアボーイズ高校,A,21,https://league-one.jp/player/483951,,,日本代表2CAP,,,24/25 Japan Rugby League One - Division 1 (3G/2T) -> 23/24 Japan Rugby League One - Division 1 (10G/6T) -> 22/23 Japan Rugby League One - Division 1 (9G/2T)
Timothy Lafaele,ラファエレ ティモシー,CTB,コベルコ神戸スティーラーズ（2025-26）,186,96,1991.08.19,34,デラセラカレッジ,山梨学院大学,デラセラカレッジ 山梨学院大学,A,55,https://league-one.jp/player/483952,,,日本代表28CAP、Test Matchs(3CAP),,,25/26 Japan Rugby League One - Division 1 (3G) -> 24/25 Japan Rugby League One - Division 1 (20G/2T) -> 23/24 Japan Rugby League One - Division 1 (13G/6T) -> 22/23 Japan Rugby League One - Division 1 (11G) -> 21/22 Japan Rugby League One - Division 1 (9G/1T) -> Autumn Nations Cup 0 0 1  -> 20/21 Test Matchs (2G/1T) -> 19/20 Test Matchs (1G) -> Rugby World Cup 4 0 1 (1G) -> 18/19 Super Rugby (3G) -> Pacific Nations Cup 3 0 0 (2G) -> 17/18 Super Rugby (9G/2T) -> 16/17 Super Rugby (9G/4T)
Seungsin Lee,李 承信,UTB,コベルコ神戸スティーラーズ（2025-26）,176,85,2001.01.13,24,大阪朝鮮高級学校,,大阪朝鮮高級学校,A,62,https://league-one.jp/player/483953,,,'17 高校、'18 高校、'20 U23、日本代表29CAP,,,25/26 Japan Rugby League One - Division 1 (8G/2T) -> Autumn Nations Series 0 0 2  -> 24/25 Japan Rugby League One - Division 1 (18G/5T) -> Pacific Nations Cup 3 0 1  -> 23/24 Japan Rugby League One - Division 1 (16G/3T) -> Summer Nations Series 0 0 1  -> Rugby World Cup 1 0 0  -> 22/23 Japan Rugby League One - Division 1 (12G) -> Pacific Nations Cup 1 0 2  -> 21/22 Japan Rugby League One - Division 1 (13G/5T)
Daiki Nakajima,中嶋 大希,SH,コベルコ神戸スティーラーズ（2025-26）,172,80,1996.03.25,29,深谷高校,流通経済大学,深谷高校 流通経済大学,A,47,https://league-one.jp/player/483954,,,'13 高校、'15 U20、'16 U20、'15 U23、'16 U23、日本代表4CAP,,,24/25 Japan Rugby League One - Division 1 (14G/1T) -> 23/24 Japan Rugby League One - Division 1 (7G/2T) -> 22/23 Japan Rugby League One - Division 1 (13G/6T) -> 21/22 Japan Rugby League One - Division 1 (13G/4T)
Kenta Tokuda,徳田 健太,SH,コベルコ神戸スティーラーズ（2025-26）,166,70,1993.10.07,32,関西学院高校,関西学院大学,関西学院高校 関西学院大学,A,10,https://league-one.jp/player/483955,,,,,,25/26 Japan Rugby League One - Division 1 (1G) -> 23/24 Japan Rugby League One - Division 1 (2G) -> 22/23 Japan Rugby League One - Division 1 (7G)
Atsushi Hiwasa,日和佐 篤,SH,コベルコ神戸スティーラーズ（2025-26）,166,68,1987.05.22,38,報徳学園高校,法政大学,報徳学園高校 法政大学,A,58,https://league-one.jp/player/483956,,,日本代表51CAP、Test Matchs(7CAP),,,25/26 Japan Rugby League One - Division 1 (7G) -> 24/25 Japan Rugby League One - Division 1 (20G/1T) -> 23/24 Japan Rugby League One - Division 1 (16G/4T) -> 22/23 Japan Rugby League One - Division 1 (8G/1T) -> 21/22 Japan Rugby League One - Division 1 (12G/2T) -> 15/16 Super Rugby (8G) -> Rugby World Cup 3 0 1  -> 14/15 Test Matchs (2G) -> 13/14 Test Matchs (5G)
Go Maeda,前田 剛,FL,コベルコ神戸スティーラーズ（2025-26）,178,99,1996.01.19,29,報徳学園高校,明治大学,報徳学園高校 明治大学,A,7,https://league-one.jp/player/483957,,,,,,22/23 Japan Rugby League One - Division 1 (1G) -> 21/22 Japan Rugby League One - Division 1 (6G)
Hikaru Hashimoto,橋本 皓,FL,コベルコ神戸スティーラーズ（2025-26）,182,99,1993.05.17,32,東海大学付属仰星高校,東海大学,東海大学付属仰星高校 東海大学,A,30,https://league-one.jp/player/483958,,,,,,24/25 Japan Rugby League One - Division 1 (4G) -> 23/24 Japan Rugby League One - Division 1 (2G) -> 22/23 Japan Rugby League One - Division 1 (13G/1T) -> 21/22 Japan Rugby League One - Division 1 (11G)
Takara Imamura,今村 陽良,FL,コベルコ神戸スティーラーズ（2025-26）,188,101,1997.01.17,28,東福岡高校,帝京大学,東福岡高校 帝京大学,A,46,https://league-one.jp/player/483959,,,'17 U23,,,25/26 Japan Rugby League One - Division 1 (3G) -> 24/25 Japan Rugby League One - Division 1 (8G) -> 23/24 Japan Rugby League One - Division 1 (15G/1T) -> 22/23 Japan Rugby League One - Division 1 (16G) -> 21/22 Japan Rugby League One - Division 1 (6G)
Gerard Cowley-tuioti,ジェラード ・カウリートゥイオティ,LO,コベルコ神戸スティーラーズ（2025-26）,197,115,1992.06.16,33,ケルストンボーイズ,,ケルストンボーイズ高校,A,52,https://league-one.jp/player/483960,,,,,,25/26 Japan Rugby League One - Division 1 (8G/1T) -> 24/25 Japan Rugby League One - Division 1 (20G/6T) -> 23/24 Japan Rugby League One - Division 1 (14G) -> 22/23 Japan Rugby League One - Division 1 (8G/2T) -> 21/22 Japan Rugby League One - Division 1 (8G) -> 20/21 Super Rugby Aotearoa (8G) -> Super Rugby Trans-Tasman 6 0 0  -> 19/20 Super Rugby (2G/1T) -> Super Rugby Aotearoa 5 0 1  -> 18/19 Super Rugby (14G/1T) -> 17/18 Super Rugby (13G) -> 16/17 Super Rugby (15G/3T) -> 15/16 Super Rugby (1G)
Naohiro Kotaki,小瀧 尚弘,LO,コベルコ神戸スティーラーズ（2025-26）,194,111,1992.06.13,33,鹿児島実業高校,帝京大学,鹿児島実業高校 帝京大学,A,30,https://league-one.jp/player/483961,,,'10 高校、'16 U23、日本代表11CAP,,,25/26 Japan Rugby League One - Division 1 (1G) -> 24/25 Japan Rugby League One - Division 1 (8G) -> 23/24 Japan Rugby League One - Division 1 (3G) -> 22/23 Japan Rugby League One - Division 1 (11G) -> 21/22 Japan Rugby League One - Division 1 (8G/1T) -> 16/17 Super Rugby (1G) -> 15/16 Super Rugby (3G)
Kenta Matsuoka,松岡 賢太,HO,コベルコ神戸スティーラーズ（2025-26）,175,101,1997.06.06,28,京都成章高校,明治大学,京都成章高校 明治大学,A,54,https://league-one.jp/player/483962,,,'20 U23、日本代表4CAP,,,24/25 Japan Rugby League One - Division 1 (17G/1T) -> Test Matchs 1 0 0  -> 23/24 Japan Rugby League One - Division 1 (16G/4T) -> 22/23 Japan Rugby League One - Division 1 (15G/5T) -> 21/22 Japan Rugby League One - Division 1 (6G)
Shigure Takao,高尾 時流,PR,コベルコ神戸スティーラーズ（2025-26）,177,113,1996.08.15,29,筑紫台高校,九州共立大学,筑紫台高校 九州共立大学,A,52,https://league-one.jp/player/483963,,,,,,25/26 Japan Rugby League One - Division 1 (8G) -> 24/25 Japan Rugby League One - Division 1 (21G) -> 23/24 Japan Rugby League One - Division 1 (16G) -> 22/23 Japan Rugby League One - Division 1 (7G) -> 21/22 Japan Rugby League One - Division 1 (5G)
Jiwon Gu,具 智元,PR,コベルコ神戸スティーラーズ（2025-26）,183,116,1994.07.20,31,日本文理大学附属高校,拓殖大学,日本文理大学附属高校 拓殖大学,A,36,https://league-one.jp/player/483964,,,'12 高校、日本代表29CAP,,,Not Found
Takayuki Watanabe,渡邉 隆之,PR,コベルコ神戸スティーラーズ（2025-26）,180,117,1994.05.27,31,札幌山の手高校,東海大学,札幌山の手高校 東海大学,A,9,https://league-one.jp/player/483965,,,日本代表10CAP、Test Matchs(4CAP),,,25/26 Japan Rugby League One - Division 1 (2G) -> 24/25 Japan Rugby League One - Division 1 (2G) -> 23/24 Japan Rugby League One - Division 1 (5G) -> 16/17 Test Matchs (1G) -> 15/16 Test Matchs (3G)
Isileli Nakajima,中島 イシレリ,PR,コベルコ神戸スティーラーズ（2025-26）,185,120,1989.07.09,36,リアホナ,流通経済大学,リアホナ高校 流通経済大学,A,41,https://league-one.jp/player/483966,,,日本代表9CAP、Test Matchs(3CAP),,,24/25 Japan Rugby League One - Division 1 (3G/1T) -> 23/24 Japan Rugby League One - Division 1 (13G) -> 22/23 Japan Rugby League One - Division 1 (15G) -> 21/22 Japan Rugby League One - Division 1 (10G/2T) -> 19/20 Test Matchs (1G) -> Rugby World Cup 4 0 1  -> 18/19 Test Matchs (2G)
Hiroshi Yamashita,山下 裕史,PR,コベルコ神戸スティーラーズ（2025-26）,183,120,1986.01.01,40,都島工業高校,京都産業大学,都島工業高校 京都産業大学,A,57,https://league-one.jp/player/483967,,,日本代表51CAP、Test Matchs(7CAP),,,25/26 Japan Rugby League One - Division 1 (6G) -> 24/25 Japan Rugby League One - Division 1 (20G) -> 23/24 Japan Rugby League One - Division 1 (12G) -> 22/23 Japan Rugby League One - Division 1 (12G) -> 21/22 Japan Rugby League One - Division 1 (11G) -> 18/19 Super Rugby (12G) -> 15/16 Super Rugby (9G) -> Rugby World Cup 3 0 1  -> 14/15 Test Matchs (1G) -> 13/14 Test Matchs (6G)
Waisake Raratubua,ワイサケ ・ララトゥブア,LO,コベルコ神戸スティーラーズ（2025-26）,195,120,1998.03.17,27,ラトゥ・サーララ・スクナメモリアルスクール,東海大学,ラトゥ・サーララ・スクナメモリアルスクール 東海大学,A,38,https://league-one.jp/player/483968,,,日本代表5CAP,,,25/26 Japan Rugby League One - Division 1 (8G) -> 24/25 Japan Rugby League One - Division 1 (19G/8T) -> Pacific Nations Cup 3 0 0  -> 23/24 Japan Rugby League One - Division 1 (16G/3T)
Brodie Retallick,ブロディ ・レタリック,LO,コベルコ神戸スティーラーズ（2025-26）,204,120,1991.05.31,34,クライストチャーチボーイズ,,クライストチャーチボーイズ高校,C,37,https://league-one.jp/player/483969,,,New Zealand(3CAP)、Rugby World Cup(4CAP),,,25/26 Japan Rugby League One - Division 1 (8G/9T) -> 24/25 Japan Rugby League One - Division 1 (18G/10T) -> 23/24 Japan Rugby League One - Division 1 (16G/4T) -> Rugby World Cup 4 0 2 (1G) -> 22/23 Super Rugby Pacific (13G/4T) -> Autumn Nations Cup 0 1 0  -> Rugby Championship 2 0 0  -> 21/22 Super Rugby Pacific (8G) -> Test Matchs 1 0 2  -> Rugby Championship 3 0 0 (1G) -> 20/21 New Zealand (3G) -> Rugby Championship 4 0 1 (1G) -> 19/20 Rugby World Cup (4G) -> 18/19 Super Rugby (9G/2T) -> Rugby Championship 1 1 0 (1G) -> 17/18 Super Rugby (13G/6T) -> 16/17 Super Rugby (14G/3T) -> Rugby Championship 4 0 0 (1G) -> 15/16 Super Rugby (12G/1T) -> Rugby World Cup 6 0 0 (1G) -> Rugby Championship 6 0 0  -> 14/15 Super Rugby (8G/1T) -> Rugby Championship 2 0 1  -> 13/14 Super Rugby (16G/1T) -> Rugby Championship 4 1 0 
Willie Potgieter,ヴィリー ・ポトヒエッター,No8,コベルコ神戸スティーラーズ（2025-26）,190,107,2002.01.05,24,アフリカーンスボーイズ,,アフリカーンスボーイズ高校,B,20,https://league-one.jp/player/483970,,,,,,25/26 Japan Rugby League One - Division 1 (3G) -> 24/25 Japan Rugby League One - Division 1 (16G/5T) -> 23/24 Japan Rugby League One - Division 1 (2G) -> 22/23 Japan Rugby League One - Division 1 (1G)
Bryn Gatland,ブリン ・ガットランド,SO,コベルコ神戸スティーラーズ（2025-26）,179,88,1995.05.10,30,ハミルトンボーイズ,,ハミルトンボーイズ高校,B,36,https://league-one.jp/player/483971,,,,,,25/26 Japan Rugby League One - Division 1 (8G/2T) -> 24/25 Japan Rugby League One - Division 1 (17G/4T) -> 23/24 Japan Rugby League One - Division 1 (16G/5T) -> 22/23 Super Rugby Pacific (8G/1T) -> 21/22 Super Rugby Pacific (15G/2T) -> 20/21 Super Rugby Aotearoa (6G/1T) -> Super Rugby Trans-Tasman 3 0 0  -> 19/20 Super Rugby Aotearoa (5G) -> 18/19 Highlanders (5G) -> 17/18 Super Rugby (12G/2T) -> 16/17 Super Rugby (5G)
Hikaru Moriwaki,森脇 光,PR,コベルコ神戸スティーラーズ（2025-26）,176,108,2002.02.17,23,京都工学院高校,流通経済大学,京都工学院高校 流通経済大学,A,3,https://league-one.jp/player/483972,,,,,,25/26 Japan Rugby League One - Division 1 (6G) -> 24/25 Japan Rugby League One - Division 1 (3G)
Daisuke Ito,伊藤 大祐,UTB,コベルコ神戸スティーラーズ（2025-26）,179,85,2001.07.15,24,桐蔭学園高校,早稲田大学,桐蔭学園高校 早稲田大学,A,1,https://league-one.jp/player/483973,,,,,,25/26 Japan Rugby League One - Division 1 (1G) -> 23/24 Japan Rugby League One - Division 1 (1G)
Ryota Funabiki,船曳 涼太,WTB,コベルコ神戸スティーラーズ（2025-26）,178,83,2001.09.09,24,科学技術高校,京都産業大学,神戸市立科学技術高校 京都産業大学,A,4,https://league-one.jp/player/483974,,,,,,24/25 Japan Rugby League One - Division 1 (4G/1T)
Kavaia Tagivetaua,カヴァイア ・タギヴェタウア,LO,コベルコ神戸スティーラーズ（2025-26）,194,112,1997.08.08,28,ハミルトンボーイズ,白鴎大学,ハミルトンボーイズ高校 白鴎大学,A,33,https://league-one.jp/player/485729,,,Test Matchs(1CAP),,,25/26 Test Matchs (1G) -> 22/23 U20 Championship (3G/2T) -> 21/22 Oceania Rugby U20 Championship (1G)
Ardie Savea,アーディ ・サベア,No8,コベルコ神戸スティーラーズ（2025-26）,184,105,1993.10.14,32,ランゴタイカレッジ,,ランゴタイカレッジ,C,18,https://league-one.jp/player/488117,,,,,,25/26 Japan Rugby League One - Division 1 (8G/2T) -> 24/25 Super Rugby Pacific (12G/7T) -> Test Matchs 3 0 0 (1G) -> Rugby Championship 4 0 2 (1G) -> 23/24 Japan Rugby League One - Division 1 (15G/8T) -> Rugby World Cup 4 0 2 (3G) -> Rugby Championship 3 0 3 (2G) -> 22/23 Super Rugby Pacific (12G/8T) -> Rugby Championship 3 0 0 (1G) -> 21/22 Super Rugby Pacific (11G/3T) -> Test Matchs 1 0 2 (3G) -> Rugby Championship 3 0 2 (1G) -> 20/21 Super Rugby Aotearoa (6G) -> Super Rugby Trans-Tasman 2 0 1  -> Rugby Championship 4 0 1 (2G) -> 19/20 Super Rugby Aotearoa (8G) -> Rugby World Cup 4 0 1 (1G) -> Tri Nations 1 0 2 (1G) -> 18/19 Super Rugby (16G/4T) -> Rugby Championship 1 0 1  -> 17/18 Super Rugby (10G/1T) -> Rugby Championship 5 0 1 (2G) -> 16/17 Super Rugby (16G/6T) -> Rugby Championship 5 0 0  -> 15/16 Super Rugby (17G/5T) -> Rugby Championship 6 0 0 (1G) -> 14/15 Super Rugby (15G/3T) -> 13/14 Super Rugby (14G/2T)
Anton Lienert-Brown,アントン ・レイナートブラウン,CTB,コベルコ神戸スティーラーズ（2025-26）,185,96,1995.04.15,30,ワイカト大学高校,クライストチャーチボーイズ高校大学,ワイカト大学 クライストチャーチボーイズ高校,C,4,https://league-one.jp/player/488118,,,,,,25/26 Japan Rugby League One - Division 1 (7G/2T) -> 24/25 Super Rugby Pacific (6G/3T) -> Autumn Nations Series 3 0 1  -> Rugby Championship 1 0 0  -> 23/24 Super Rugby Pacific (14G/3T) -> Rugby World Cup 5 0 2 (2G) -> Rugby Championship 3 0 3 (1G) -> 22/23 Super Rugby Pacific (8G/2T) -> Autumn Nations Series 2 1 0  -> 21/22 Super Rugby Pacific (4G/1T) -> Autumn Nations Series 1 0 1 (1G) -> 20/21 Super Rugby Aotearoa (8G) -> Super Rugby Trans-Tasman 4 0 1 (3G) -> Rugby Championship 1 0 1 (1G) -> 19/20 Super Rugby (5G/2T) -> Super Rugby Aotearoa 0 0 7 (2G) -> Rugby World Cup 4 0 1 (2G) -> Tri Nations 2 0 2  -> 18/19 Super Rugby (14G/3T) -> Rugby Championship 1 1 1 (1G) -> 17/18 Super Rugby (15G/3T) -> Rugby Championship 5 0 1 (1G) -> 16/17 Super Rugby (16G/1T) -> Rugby Championship 5 0 0 (1G) -> 15/16 Super Rugby (14G) -> 14/15 Super Rugby (7G) -> 13/14 Super Rugby (6G)
Maurice Marks,モーリス ・マークス,WTB,埼玉パナソニックワイルドナイツ（2025-26）,180,90,2001.04.24,24,HoerskoolNoordheuwel,東洋大学,HoerskoolNoordheuwel 東洋大学,A,2,https://league-one.jp/player/484028,,,,,,25/26 Japan Rugby League One - Division 1 (6G)
Juan Wilson,ユアン ・ウィルソン,FL,埼玉パナソニックワイルドナイツ（2025-26）,190,108,2001.04.18,24,PaarlGymnasium,立正大学,PaarlGymnasium 立正大学,A,3,https://league-one.jp/player/484029,,,,,,25/26 Japan Rugby League One - Division 1 (6G) -> 24/25 Japan Rugby League One - Division 1 (1G)
Makito Ishikawa,石川 槙人,PR,埼玉パナソニックワイルドナイツ（2025-26）,184,115,2002.10.06,23,日本航空石川高校,東洋大学,日本航空石川 東洋大学,A,0,https://league-one.jp/player/484030,,,,,,No Data
Kantaro Tajima,田島 貫太郎,LO,埼玉パナソニックワイルドナイツ（2025-26）,197,105,2003.02.26,22,東福岡高校,明治大学,東福岡高校 明治大学,A,0,https://league-one.jp/player/484031,,,,,,22/23 U20 Championship (3G)
Lisala Finau,リサラ ・フィナウ,PR,埼玉パナソニックワイルドナイツ（2025-26）,189,125,2002.06.20,23,青森山田高校,大東文化大学,青森山田高校 大東文化大学,A,11,https://league-one.jp/player/484032,,,,,,25/26 Japan Rugby League One - Division 1 (7G/1T) -> 24/25 Japan Rugby League One - Division 1 (8G/1T)
Kenji Sato,佐藤 健次,HO,埼玉パナソニックワイルドナイツ（2025-26）,177,105,2003.01.04,23,桐蔭学園高校,早稲田大学,桐蔭学園高校 早稲田大学,A,16,https://league-one.jp/player/484033,,,'24 XV、'25 XV、日本代表9CAP,,,No Data
Kumsu Lee,李 錦寿,SH,埼玉パナソニックワイルドナイツ（2025-26）,175,82,2002.09.05,23,大阪朝鮮高級学校,帝京大学,大阪朝鮮高級学校 帝京大学,A,2,https://league-one.jp/player/484034,,,,,,25/26 Japan Rugby League One - Division 1 (5G/1T)
Tom Parton,トム ・パートン,UTB,埼玉パナソニックワイルドナイツ（2025-26）,178,90,1998.02.02,27,ウェリングトン,ウェリントンカレッジ,ウェリングトン高校 ウェリントンカレッジ,B,10,https://league-one.jp/player/484035,,,,,,25/26 Japan Rugby League One - Division 1 (2G/1T) -> 24/25 Premiership (3G) -> Premiership Rugby Cup 2 0 1  -> Champions Cup 1 0 0  -> 23/24 Premiership Rugby Cup (4G/1T) -> Premiership 9 0 6 (7G) -> Champions Cup 2 0 0  -> 22/23 London Irish (4G) -> 21/22 London Irish (16G/4T) -> Challenge Cup 2 0 1  -> Premiership Rugby Cup 1 0 0 (1G) -> 20/21 London Irish (17G/4T) -> Challenge Cup 3 0 1 (1G) -> 19/20 Premiership Rugby Cup (3G) -> Premiership 2 1 6 (2G) -> Challenge Cup 1 0 1  -> 17/18 Challenge Cup (1G)
Viliami Afu Kaipouli,カイポウリ ヴィリアミアフ,No8,埼玉パナソニックワイルドナイツ（2025-26）,189,115,1997.09.28,28,ヘイスティングスボーイズ,日本文理大学,ヘイスティングスボーイズ高校 日本文理大学,A,21,https://league-one.jp/player/484036,,,,,,25/26 Japan Rugby League One - Division 1 (6G/1T) -> 23/24 Japan Rugby League One - Division 1 (2G) -> 22/23 Japan Rugby League One - Division 2 (4G/3T) -> Japan Rugby League One - Division 1 2 0 0 (1G) -> 21/22 Japan Rugby League One - Division 2 (10G/7T) -> Japan Rugby League One - Division 1 1 0 0 
Joshua Nohra,ジョシュア ・ノーラ,WTB,埼玉パナソニックワイルドナイツ（2025-26）,180,88,1996.06.11,29,StPatrickCollege,WesternSydney,StPatrickCollege WesternSydney,A,36,https://league-one.jp/player/484037,,,,,,24/25 Japan Rugby League One - Division 1 (1G) -> 23/24 Japan Rugby League One - Division 1 (13G/4T) -> 22/23 Japan Rugby League One - Division 1 (13G/5T) -> 21/22 Japan Rugby League One - Division 2 (9G/4T)
Takaya Saito,齊藤 誉哉,CTB,埼玉パナソニックワイルドナイツ（2025-26）,181,93,2001.01.02,25,桐生第一高校,明治大学,桐生第一高校 明治大学,A,7,https://league-one.jp/player/484038,,,,,,25/26 Japan Rugby League One - Division 1 (5G) -> 24/25 Japan Rugby League One - Division 1 (4G)
Yusaku Kihara,木原 優作,PR,埼玉パナソニックワイルドナイツ（2025-26）,176,106,2000.12.11,25,東福岡高校,筑波大学,東福岡高校 筑波大学,A,3,https://league-one.jp/player/484039,,,'18 高校、'20 U23,,,24/25 Japan Rugby League One - Division 1 (1G) -> 23/24 Japan Rugby League One - Division 1 (2G)
Lood de Jager,ルード ・デヤハー,LO,埼玉パナソニックワイルドナイツ（2025-26）,206,125,1992.12.17,33,HuyenoteSpringHighSchool,North-WestUniversity,HuyenoteSpringHighSchool North-WestUniversity,C,40,https://league-one.jp/player/484040,,,South Africa(1CAP),,,25/26 South Africa (1G) -> Autumn Nations Series 1 0 0  -> 24/25 Japan Rugby League One - Division 1 (14G/6T) -> Rugby Championship 2 0 2  -> 23/24 Japan Rugby League One - Division 1 (12G/6T) -> 22/23 Japan Rugby League One - Division 1 (14G/2T) -> Rugby Championship 0 0 1  -> 21/22 Premiership (12G) -> Champions Cup 3 0 3 (1G) -> Test Matchs 2 0 0  -> Rugby Championship 4 0 2  -> 20/21 Premiership (5G/3T) -> Rugby Championship 3 0 2  -> 19/20 Premiership (6G) -> Rugby World Cup 5 0 0  -> 18/19 Super Rugby (2G) -> Rugby Championship 1 0 0 (1G) -> 17/18 Super Rugby (10G/3T) -> 16/17 Super Rugby (10G/1T) -> Rugby Championship 0 1 2  -> 15/16 Super Rugby (11G) -> Test Matchs 0 0 1  -> Rugby Championship 2 0 3  -> 14/15 Super Rugby (1G) -> Rugby Championship 0 0 3 (1G) -> 13/14 Super Rugby (11G/1T)
Damian de Allende,ダミアン ・デアレンデ,CTB,埼玉パナソニックワイルドナイツ（2025-26）,190,105,1991.11.25,34,ミルナートン,ケープタウン大学,ミルナートン高校 ケープタウン大学,C,46,https://league-one.jp/player/484041,,,United Rugby Championship(8CAP),,,25/26 Japan Rugby League One - Division 1 (3G/2T) -> Autumn Nations Series 3 0 0  -> 24/25 Japan Rugby League One - Division 1 (18G/7T) -> Test Matchs 3 0 0 (1G) -> Rugby Championship 3 0 1  -> 23/24 Japan Rugby League One - Division 1 (16G/3T) -> Rugby World Cup 4 0 1 (1G) -> Test Matchs 2 0 1  -> Rugby Championship 4 0 0  -> 22/23 Japan Rugby League One - Division 1 (13G/2T) -> Rugby Championship 1 0 1 (1G) -> 21/22 United Rugby Championship (8G/3T) -> Champions Cup 3 1 1 (1G) -> Test Matchs 2 0 0  -> Rugby Championship 4 0 2 (2G) -> 20/21 Munster (14G/1T) -> Champions Cup 2 0 1  -> Rainbow Cup 3 0 1  -> Rugby Championship 2 0 3 (1G) -> 19/20 Munster (3G) -> Rugby World Cup 6 0 1 (2G) -> 18/19 Super Rugby (14G/2T) -> Rugby Championship 1 1 0  -> 17/18 Super Rugby (16G/3T) -> Rugby Championship 1 0 2 (1G) -> 16/17 Super Rugby (6G) -> Rugby Championship 2 2 2  -> 15/16 Super Rugby (11G/2T) -> Rugby World Cup 5 0 1 (1G) -> Rugby Championship 1 0 3  -> 14/15 Super Rugby (16G/4T) -> Rugby Championship 0 0 3  -> 13/14 Super Rugby (14G/4T)
Liam Mitchell,リアム ・ミッチェル,LO,埼玉パナソニックワイルドナイツ（2025-26）,197,117,1995.10.10,30,PalmerstonNorthBoys,,PalmerstonNorthBoys,B,47,https://league-one.jp/player/484042,,,,,,25/26 Japan Rugby League One - Division 1 (7G/1T) -> 24/25 Japan Rugby League One - Division 1 (17G/3T) -> 23/24 Japan Rugby League One - Division 1 (13G/2T) -> 22/23 Japan Rugby League One - Division 1 (15G) -> 21/22 Challenge Cup (3G) -> United Rugby Championship 0 0 9 (1G) -> 20/21 Super Rugby Aotearoa (4G) -> Super Rugby Trans-Tasman 3 0 0  -> 19/20 Super Rugby (1G) -> Super Rugby Aotearoa 2 0 1  -> 18/19 Super Rugby (12G)
Daniel Perez,ダニエル ・ペレズ,PR,埼玉パナソニックワイルドナイツ（2025-26）,185,108,1997.04.22,28,セントピーターズ,白鴎大学,セントピーターズ高校 白鴎大学,A,23,https://league-one.jp/player/484043,,,,,,24/25 Japan Rugby League One - Division 1 (3G) -> 23/24 Japan Rugby League One - Division 1 (13G/2T) -> 22/23 Japan Rugby League One - Division 1 (6G) -> 21/22 Japan Rugby League One - Division 1 (1G)
Seijun Kawasaki,川崎 清純,WTB,埼玉パナソニックワイルドナイツ（2025-26）,191,100,1999.06.17,26,盛岡工高校,関東学院大大学,盛岡工高校 関東学院大,A,3,https://league-one.jp/player/484044,,,,,,24/25 Japan Rugby League One - Division 1 (3G)
Tomoki Osada,長田 智希,CTB,埼玉パナソニックワイルドナイツ（2025-26）,179,90,1999.11.25,26,東海大仰星高校,早稲田大学,東海大仰星高校 早稲田大学,A,52,https://league-one.jp/player/484045,,,'17 高校、'19 U20、'19 U23、日本代表26CAP,,,25/26 Japan Rugby League One - Division 1 (4G) -> Autumn Nations Series 0 0 2  -> 24/25 Japan Rugby League One - Division 1 (17G/7T) -> Pacific Nations Cup 3 0 1 (1G) -> 23/24 Japan Rugby League One - Division 1 (18G/8T) -> Summer Nations Series 0 0 1  -> Rugby World Cup 2 0 1  -> 22/23 Japan Rugby League One - Division 1 (14G/9T)
Goro Hashimoto,橋本 吾郎,LO,埼玉パナソニックワイルドナイツ（2025-26）,191,101,1999.07.23,26,深谷高校,中央大学,深谷高校 中央大学,A,0,https://league-one.jp/player/484046,,,,,,No Data
Marika Koroibete,マリカ ・コロインベテ,WTB,埼玉パナソニックワイルドナイツ（2025-26）,182,96,1992.07.26,33,ナスイヌ,,ナスイヌ高校,C,56,https://league-one.jp/player/484047,,,,,,25/26 Japan Rugby League One - Division 1 (7G/2T) -> 24/25 Japan Rugby League One - Division 1 (7G/4T) -> 23/24 Japan Rugby League One - Division 1 (17G/8T) -> Rugby World Cup 2 0 2 (1G) -> Rugby Championship 1 0 3  -> 22/23 Japan Rugby League One - Division 1 (15G/8T) -> 21/22 Japan Rugby League One - Division 1 (15G/7T) -> Rugby Championship 2 0 4 (1G) -> 20/21 Super Rugby AU (8G) -> Super Rugby Trans-Tasman 0 0 5 (2G) -> Rugby Championship 3 0 2 (2G) -> 19/20 Super Rugby (6G/2T) -> Super Rugby AU 4 1 4 (3G) -> Tri Nations 1 2 1  -> 18/19 Super Rugby (15G/6T) -> Rugby Championship 2 0 0 (1G) -> 17/18 Super Rugby (13G/4T) -> 16/17 Super Rugby (13G/6T)
Vince Aso,ヴィンス ・アソ,CTB,埼玉パナソニックワイルドナイツ（2025-26）,185,90,1995.01.05,31,セントピーターズ,ビクトリア大学,セントピーターズ高校 ビクトリア大学,A,54,https://league-one.jp/player/484048,,,,,,25/26 Japan Rugby League One - Division 1 (8G/1T) -> 24/25 Japan Rugby League One - Division 1 (16G/7T) -> 23/24 Japan Rugby League One - Division 1 (12G/3T) -> 22/23 Japan Rugby League One - Division 1 (15G/2T) -> 21/22 Japan Rugby League One - Division 1 (13G/1T) -> 20/21 Super Rugby Trans-Tasman (1G) -> 19/20 Super Rugby (6G/1T) -> Super Rugby Aotearoa 3 0 3 (1G) -> 18/19 Super Rugby (4G) -> 17/18 Super Rugby (9G/5T) -> 16/17 Super Rugby (15G/14T) -> 15/16 Super Rugby (16G/2T)
Lachlan Boshier,ラクラン ・ボーシェー,FL,埼玉パナソニックワイルドナイツ（2025-26）,191,104,1994.11.16,31,ニュープリマスボーイズハイスクール,,ニュープリマスボーイズハイスクール,A,62,https://league-one.jp/player/484049,,,,,,25/26 Japan Rugby League One - Division 1 (8G/3T) -> 24/25 Japan Rugby League One - Division 1 (15G/3T) -> 23/24 Japan Rugby League One - Division 1 (14G/4T) -> 22/23 Japan Rugby League One - Division 1 (17G/4T) -> 21/22 Japan Rugby League One - Division 1 (13G) -> 20/21 Super Rugby Aotearoa (3G/1T) -> Super Rugby Trans-Tasman 4 0 1  -> 19/20 Super Rugby (5G/3T) -> Super Rugby Aotearoa 0 0 7 (4G) -> 18/19 Super Rugby (14G/5T) -> 17/18 Super Rugby (11G/2T) -> 16/17 Super Rugby (10G/1T) -> 15/16 Super Rugby (7G/1T)
Hondo Atora,本堂 杏虎,SH,埼玉パナソニックワイルドナイツ（2025-26）,169,85,1998.11.09,27,國學院大學栃木高校,日本体育大学,國學院大學栃木高校 日本体育大学,A,1,https://league-one.jp/player/484050,,,'18 U20、'18 U23,,,25/26 Japan Rugby League One - Division 1 (2G) -> 22/23 Japan Rugby League One - Division 1 (1G)
Kyohei Yamasawa,山沢 京平,SO,埼玉パナソニックワイルドナイツ（2025-26）,176,85,1998.08.17,27,深谷高校,明治大学,深谷高校 明治大学,A,34,https://league-one.jp/player/484051,,,'17 U20、'18 U20,,,25/26 Japan Rugby League One - Division 1 (4G) -> 24/25 Japan Rugby League One - Division 1 (18G/6T) -> 23/24 Japan Rugby League One - Division 1 (12G/3T) -> 22/23 Japan Rugby League One - Division 1 (1G) -> 21/22 Japan Rugby League One - Division 1 (5G)
Shota Fukui,福井 翔大,FL,埼玉パナソニックワイルドナイツ（2025-26）,186,101,1999.09.28,26,東福岡高校,,東福岡高校,A,51,https://league-one.jp/player/484052,,,'17 高校、'17 U20、'18 U20、'19 U20、'19 U23、日本代表3CAP,,,25/26 Japan Rugby League One - Division 1 (1G/1T) -> 24/25 Japan Rugby League One - Division 1 (10G/2T) -> 23/24 Japan Rugby League One - Division 1 (13G/1T) -> Summer Nations Series 0 0 1  -> Rugby World Cup 1 0 0  -> 22/23 Japan Rugby League One - Division 1 (18G) -> 21/22 Japan Rugby League One - Division 1 (9G/1T)
Esei Haangana,エセイ ・ハアンガナ,LO,埼玉パナソニックワイルドナイツ（2025-26）,198,120,1999.04.21,26,セントポールズカトリックカレッジ,,セントポールズカトリックカレッジ,A,46,https://league-one.jp/player/484053,,,,,,Not Found
Taiki Fujii,藤井 大喜,PR,埼玉パナソニックワイルドナイツ（2025-26）,183,114,1998.01.04,28,黒沢尻工高校,大東文化大学,黒沢尻工高校 大東文化大学,A,45,https://league-one.jp/player/484054,,,'17 U20、'17 U23,,,24/25 Japan Rugby League One - Division 1 (11G) -> 23/24 Japan Rugby League One - Division 1 (15G) -> 22/23 Japan Rugby League One - Division 1 (16G) -> 21/22 Japan Rugby League One - Division 1 (3G)
Ben Gunter,ベン ・ガンター,FL,埼玉パナソニックワイルドナイツ（2025-26）,195,120,1997.10.24,28,ブリスベンボーイズカレッジ,,ブリスベンボーイズカレッジ,A,43,https://league-one.jp/player/484055,,,日本代表17CAP,,,25/26 Japan Rugby League One - Division 1 (7G/3T) -> Autumn Nations Series 0 0 1  -> 24/25 Japan Rugby League One - Division 1 (17G/4T) -> Test Matchs 1 0 2 (1G) -> Pacific Nations Cup 3 0 0 (2G) -> 23/24 Japan Rugby League One - Division 1 (8G/2T) -> 22/23 Japan Rugby League One - Division 1 (7G/1T) -> 21/22 Japan Rugby League One - Division 1 (9G/1T) -> Autumn Nations Series 0 0 2  -> 18/19 Super Rugby (10G)
Tsubasa Arai,新井 翼,WTB,埼玉パナソニックワイルドナイツ（2025-26）,175,88,1997.07.14,28,流経大柏高校,帝京大学,流経大柏高校 帝京大学,A,0,https://league-one.jp/player/484056,,,,,,No Data
Dylan Riley,ディラン ・ライリー,CTB,埼玉パナソニックワイルドナイツ（2025-26）,187,102,1997.05.02,28,TheSouthportSchool（サウスポート高校）,,TheSouthportSchool（サウスポート高校）,A,62,https://league-one.jp/player/484057,,,日本代表38CAP,,,25/26 Japan Rugby League One - Division 1 (2G) -> Autumn Nations Series 0 0 2  -> 24/25 Japan Rugby League One - Division 1 (13G/3T) -> Pacific Nations Cup 3 0 0 (1G) -> 23/24 Japan Rugby League One - Division 1 (17G/14T) -> Summer Nations Series 0 0 1 (1G) -> Rugby World Cup 2 0 2  -> Pacific Nations Cup 3 0 1 (4G) -> 22/23 Japan Rugby League One - Division 1 (15G/4T) -> Pacific Nations Cup 1 0 2  -> 21/22 Japan Rugby League One - Division 1 (15G/12T)
Sho Furuhata,古畑 翔,PR,埼玉パナソニックワイルドナイツ（2025-26）,185,118,1996.12.10,29,大阪桐蔭高校,大東文化大学,大阪桐蔭高校 大東文化大学,A,5,https://league-one.jp/player/484058,,,'25 XV、日本代表1CAP、Autumn Nations Series(1CAP),,,25/26 Autumn Nations Series (1G) -> Test Matchs 1 0 0  -> 24/25 Japan Rugby League One - Division 1 (4G) -> 23/24 Japan Rugby League One - Division 1 (1G)
Kazuma Shimane,島根 一磨,HO,埼玉パナソニックワイルドナイツ（2025-26）,175,103,1996.11.30,29,天理高校,天理大学,天理高校 天理大学,A,10,https://league-one.jp/player/484059,,,'19 U23,,,24/25 Japan Rugby League One - Division 1 (7G/1T) -> 23/24 Japan Rugby League One - Division 1 (3G) -> 22/23 Japan Rugby League One - Division 1 (2G/1T)
Koki Takeyama,竹山 晃暉,WTB,埼玉パナソニックワイルドナイツ（2025-26）,175,84,1996.09.25,29,御所実業高校,帝京大学,御所実業高校 帝京大学,A,56,https://league-one.jp/player/484060,,,'16 U23、'17 U23、日本代表1CAP,,,25/26 Japan Rugby League One - Division 1 (8G/6T) -> 24/25 Japan Rugby League One - Division 1 (18G/15T) -> 23/24 Japan Rugby League One - Division 1 (11G/4T) -> 22/23 Japan Rugby League One - Division 1 (10G/5T) -> 21/22 Japan Rugby League One - Division 1 (15G/11T)
Itsuki Onishi,大西 樹,FL,埼玉パナソニックワイルドナイツ（2025-26）,185,102,1995.12.09,30,旭川工高校,流経大学,旭川工高校 流経大学,A,47,https://league-one.jp/player/484061,,,,,,24/25 Japan Rugby League One - Division 1 (16G/2T) -> 23/24 Japan Rugby League One - Division 1 (16G/5T) -> 22/23 Japan Rugby League One - Division 1 (8G/3T) -> 21/22 Japan Rugby League One - Division 1 (8G/2T)
Ryuji Noguchi,野口 竜司,FB,埼玉パナソニックワイルドナイツ（2025-26）,177,83,1995.07.15,30,東海大仰星高校,東海大学,東海大仰星高校 東海大学,A,58,https://league-one.jp/player/484062,,,'12 高校、'15 U20、'15 U23、'17 U23、日本代表14CAP、Test Matchs(3CAP),,,25/26 Japan Rugby League One - Division 1 (5G) -> 24/25 Japan Rugby League One - Division 1 (20G/4T) -> 23/24 Japan Rugby League One - Division 1 (10G/6T) -> 22/23 Japan Rugby League One - Division 1 (18G/4T) -> 21/22 Japan Rugby League One - Division 1 (11G/3T) -> 17/18 Super Rugby (4G) -> 16/17 Test Matchs (3G/1T)
Taiki Koyama,小山 大輝,SH,埼玉パナソニックワイルドナイツ（2025-26）,171,74,1994.10.31,31,芦別高校,大東文化大学,芦別高校 大東文化大学,A,68,https://league-one.jp/player/484063,,,'12 高校、日本代表7CAP,,,25/26 Japan Rugby League One - Division 1 (3G) -> 24/25 Japan Rugby League One - Division 1 (17G/1T) -> 23/24 Japan Rugby League One - Division 1 (17G/6T) -> Pacific Nations Cup 3 0 1  -> 22/23 Japan Rugby League One - Division 1 (18G/2T) -> 21/22 Japan Rugby League One - Division 1 (16G/4T)
Takuya Yamasawa,山沢 拓也,SO,埼玉パナソニックワイルドナイツ（2025-26）,176,84,1994.09.21,31,深谷高校,筑波大学,深谷高校 筑波大学,A,46,https://league-one.jp/player/484064,,,'13 U23、日本代表10CAP,,,25/26 Japan Rugby League One - Division 1 (6G) -> 24/25 Japan Rugby League One - Division 1 (6G/1T) -> 23/24 Japan Rugby League One - Division 1 (11G/6T) -> Pacific Nations Cup 1 0 0  -> 22/23 Japan Rugby League One - Division 1 (17G/7T) -> Autumn Nations Cup 0 0 1  -> 21/22 Japan Rugby League One - Division 1 (10G/3T) -> 18/19 Super Rugby (6G)
Tomohito Miyakawa,宮川 智海,LO,埼玉パナソニックワイルドナイツ（2025-26）,191,106,1994.09.06,31,秋田工高校,関東学院大学,秋田工高校 関東学院大学,A,2,https://league-one.jp/player/484065,,,'12 高校,,,22/23 Japan Rugby League One - Division 1 (1G) -> 21/22 Japan Rugby League One - Division 1 (1G)
Atsushi Sakate,坂手 淳史,HO,埼玉パナソニックワイルドナイツ（2025-26）,180,104,1993.06.21,32,京都成章高校,帝京大学,京都成章高校 帝京大学,A,68,https://league-one.jp/player/484066,,,'13 U23、日本代表47CAP、Test Matchs(3CAP),,,25/26 Japan Rugby League One - Division 1 (8G/8T) -> 24/25 Japan Rugby League One - Division 1 (18G/5T) -> 23/24 Japan Rugby League One - Division 1 (16G/4T) -> Summer Nations Series 0 0 1  -> Rugby World Cup 2 0 2  -> Pacific Nations Cup 2 0 0  -> 22/23 Japan Rugby League One - Division 1 (18G/4T) -> Autumn Nations Cup 0 0 2  -> Pacific Nations Cup 1 0 2  -> 21/22 Japan Rugby League One - Division 1 (15G/6T) -> 20/21 Test Matchs (2G) -> 19/20 Test Matchs (1G) -> Rugby World Cup 4 0 1  -> 18/19 Super Rugby (7G) -> Pacific Nations Cup 3 0 0  -> 17/18 Super Rugby (5G/1T) -> 16/17 Super Rugby (5G)
Ryota Hasegawa,長谷川 崚太,FL,埼玉パナソニックワイルドナイツ（2025-26）,188,100,1993.05.12,32,日本航空高校,大東文化大学,日本航空高校 大東文化大学,A,36,https://league-one.jp/player/484067,,,,,,25/26 Japan Rugby League One - Division 1 (1G) -> 24/25 Japan Rugby League One - Division 1 (8G/2T) -> 23/24 Japan Rugby League One - Division 1 (4G/1T) -> 22/23 Japan Rugby League One - Division 1 (13G) -> 21/22 Japan Rugby League One - Division 1 (12G) -> 18/19 Super Rugby (2G)
Shunsuke Nunomaki,布巻 峻介,FL,埼玉パナソニックワイルドナイツ（2025-26）,178,98,1992.07.13,33,東福岡高校,早稲田大学,東福岡高校 早稲田大学,A,16,https://league-one.jp/player/484068,,,'10 高校、'11 U20、日本代表7CAP、Test Matchs(1CAP),,,23/24 Japan Rugby League One - Division 1 (4G/1T) -> 22/23 Japan Rugby League One - Division 1 (2G/1T) -> 21/22 Japan Rugby League One - Division 1 (10G) -> 19/20 Super Rugby (4G) -> 18/19 Test Matchs (1G) -> 17/18 Super Rugby (3G) -> 16/17 Super Rugby (4G)
Yuji Shimogama,下釜 優次,HO,埼玉パナソニックワイルドナイツ（2025-26）,178,102,1992.01.25,33,鹿児島玉龍高校,筑波大学,鹿児島玉龍高校 筑波大学,A,2,https://league-one.jp/player/484069,,,,,,24/25 Japan Rugby League One - Division 1 (1G) -> 23/24 Japan Rugby League One - Division 1 (1G/1T) -> 21/22 Japan Rugby League One - Division 1 (1G/1T)
Craig Millar,クレイグ ・ミラー,PR,埼玉パナソニックワイルドナイツ（2025-26）,186,116,1990.10.29,35,オタゴボーイズハイスクール,オタゴ大学,オタゴボーイズハイスクール オタゴ大学,A,67,https://league-one.jp/player/484070,,,日本代表17CAP、Test Matchs(2CAP),,,25/26 Japan Rugby League One - Division 1 (8G) -> 24/25 Japan Rugby League One - Division 1 (20G/1T) -> 23/24 Japan Rugby League One - Division 1 (16G/2T) -> Summer Nations Series 0 0 1  -> Rugby World Cup 2 0 2  -> 22/23 Japan Rugby League One - Division 1 (15G) -> Autumn Nations Cup 0 0 2  -> Pacific Nations Cup 1 0 2  -> 21/22 Japan Rugby League One - Division 1 (13G) -> 20/21 Test Matchs (2G) -> 18/19 Super Rugby (2G) -> 17/18 Super Rugby (16G/1T) -> 16/17 Highlanders (2G) -> 15/16 Highlanders (4G) -> 13/14 Highlanders (7G)
Keita Inagaki,稲垣 啓太,PR,埼玉パナソニックワイルドナイツ（2025-26）,186,116,1990.06.02,35,新潟工業高校,関東学院大学,新潟工業高校 関東学院大学,A,50,https://league-one.jp/player/484071,,,'08 U20、日本代表53CAP、Test Matchs(6CAP),,,25/26 Japan Rugby League One - Division 1 (8G) -> 24/25 Japan Rugby League One - Division 1 (12G) -> 23/24 Japan Rugby League One - Division 1 (5G) -> Summer Nations Series 0 0 1  -> Rugby World Cup 2 0 2  -> 22/23 Japan Rugby League One - Division 1 (15G) -> Autumn Nations Cup 0 0 2  -> Pacific Nations Cup 1 0 2  -> 21/22 Japan Rugby League One - Division 1 (15G) -> 20/21 Test Matchs (2G) -> 19/20 Test Matchs (1G) -> Rugby World Cup 4 0 1 (1G) -> 18/19 Test Matchs (3G) -> Pacific Nations Cup 3 0 0  -> 17/18 Super Rugby (7G) -> 16/17 Super Rugby (7G) -> 15/16 Super Rugby (10G) -> Test Matchs 1 0 2  -> 14/15 Super Rugby (1G)
AsaeliAi Valu,ヴァル アサエリ愛,PR,埼玉パナソニックワイルドナイツ（2025-26）,187,115,1989.05.07,36,正智深谷高校,埼玉工業大学,正智深谷高校 埼玉工業大学,A,65,https://league-one.jp/player/484072,,,日本代表30CAP,,,Not Found
Ockie Barnard,オッキー ・バーナード,LO,埼玉パナソニックワイルドナイツ（2025-26）,200,113,2001.04.20,24,ウェストビルボーイズ,,ウェストビルボーイズ高校,B,7,https://league-one.jp/player/484073,,,United Rugby Championship(1CAP),,,25/26 Japan Rugby League One - Division 1 (5G) -> 24/25 Japan Rugby League One - Division 1 (4G/1T) -> 22/23 United Rugby Championship (1G)
Xavier Stowers,ゼイビア ・スタワーズ,FL,埼玉パナソニックワイルドナイツ（2025-26）,196,114,2003.07.28,22,IpswichGrammarSchool,,IpswichGrammarSchool,B,4,https://league-one.jp/player/484074,,,,,,25/26 Japan Rugby League One - Division 1 (1G) -> 24/25 Japan Rugby League One - Division 1 (4G) -> 23/24 Japan Rugby League One - Division 1 (1G)
Taniela Vea,タニエラ ・ヴェア,PR,埼玉パナソニックワイルドナイツ（2025-26）,184,125,2000.04.24,25,目黒学院,東洋大学,目黒学院 東洋大学,A,2,https://league-one.jp/player/484075,,,,,,25/26 Japan Rugby League One - Division 1 (3G) -> 24/25 Japan Rugby League One - Division 1 (2G)
Orion Schmok,シュモック オライオン,LO,埼玉パナソニックワイルドナイツ（2025-26）,181,100,2001.08.01,24,マウントアルバートグラマースクール,慶應義塾大学,マウントアルバートグラマースクール 慶應義塾大学,A,0,https://league-one.jp/player/484076,,,,,,No Data
Shuto Nobuhara,延原 秀飛,No8,埼玉パナソニックワイルドナイツ（2025-26）,182,103,2001.12.06,24,京都成章高校,帝京大学,京都成章高校 帝京大学,A,0,https://league-one.jp/player/484077,,,,,,No Data
Hayata Taniyama,谷山 隼大,No8,埼玉パナソニックワイルドナイツ（2025-26）,184,95,2001.12.10,24,福岡高校,筑波大学,福岡高校 筑波大学,A,4,https://league-one.jp/player/484078,,,,,,25/26 Japan Rugby League One - Division 1 (3G) -> 24/25 Japan Rugby League One - Division 1 (3G/1T)
Shu Hagihara,萩原 周,SH,埼玉パナソニックワイルドナイツ（2025-26）,173,77,2001.07.13,24,大阪桐蔭高校,明治大学,大阪桐蔭高校 明治大学,A,5,https://league-one.jp/player/484079,,,,,,25/26 Japan Rugby League One - Division 1 (6G) -> 24/25 Japan Rugby League One - Division 1 (3G)
Yoshiaki Taniguchi,谷口 宜顕,FB,埼玉パナソニックワイルドナイツ（2025-26）,172,80,2001.11.20,24,東海大大阪仰星高校,東海大学,東海大大阪仰星高校 東海大学,A,0,https://league-one.jp/player/484080,,,,,,25/26 Japan Rugby League One - Division 1 (1G)
Jack Cornelsen,ジャック ・コーネルセン,LO,埼玉パナソニックワイルドナイツ（2025-26）,195,110,1994.10.13,31,ブリスベングラマースクール,University,ブリスベングラマースクール University of Queensland,A,69,https://league-one.jp/player/485708,,,日本代表29CAP、Test Matchs(2CAP),,,25/26 Japan Rugby League One - Division 1 (6G/2T) -> Autumn Nations Series 0 0 2  -> 24/25 Japan Rugby League One - Division 1 (20G/6T) -> Pacific Nations Cup 1 0 1  -> 23/24 Japan Rugby League One - Division 1 (17G/4T) -> Summer Nations Series 0 0 1  -> Rugby World Cup 2 0 2  -> 22/23 Japan Rugby League One - Division 1 (16G/3T) -> Pacific Nations Cup 1 0 2  -> 21/22 Japan Rugby League One - Division 1 (15G/4T) -> 20/21 Test Matchs (2G)
Tjay Clarke,ティージェイ ・クラーク,WTB,東芝ブレイブルーパス東京（2025-26）,181,91,2002.08.20,23,StPatrick'sCollege,,StPatrick'sCollege,B,3,https://league-one.jp/player/484341,,,,,,25/26 Japan Rugby League One - Division 1 (6G/6T) -> 24/25 Super Rugby Pacific (1G/1T) -> 23/24 Wellington (12G/7T) -> 22/23 Wellington (5G)
Netani Vakayalia,ネタニ ・ヴァカヤリア,WTB,東芝ブレイブルーパス東京（2025-26）,181,94,1998.02.25,27,LeleanMemorialSchool,,LeleanMemorialSchool,A,43,https://league-one.jp/player/484342,,,,,,25/26 Japan Rugby League One - Division 1 (3G/1T) -> 24/25 Japan Rugby League One - Division 1 (10G/4T) -> 23/24 Japan Rugby League One - Division 1 (10G/7T) -> 22/23 Japan Rugby League One - Division 1 (14G/7T) -> 21/22 Japan Rugby League One - Division 1 (6G)
Callum MacDonald,カラム ・マクドナルド,LO,東芝ブレイブルーパス東京（2025-26）,204,123,2000.03.06,25,IonaCollege,,IonaCollege,A,5,https://league-one.jp/player/484343,,,,,,25/26 Japan Rugby League One - Division 1 (8G) -> 22/23 Japan Rugby League One - Division 1 (1G) -> 21/22 Japan Rugby League One - Division 1 (2G)
Michael Stolberg,マイケル ・ストーバーグ,LO,東芝ブレイブルーパス東京（2025-26）,202,116,1992.03.27,33,AnglicanChurchGrammarSchool,,AnglicanChurchGrammarSchool,A,54,https://league-one.jp/player/484344,,,,,,Not Found
Andrew Makalio,アンドリュー ・マカリオ,HO,東芝ブレイブルーパス東京（2025-26）,185,129,1992.01.22,33,OnehungaHighSchool,,OnehungaHighSchool,B,10,https://league-one.jp/player/484345,,,,,,25/26 Japan Rugby League One - Division 1 (1G) -> 23/24 Japan Rugby League One - Division 1 (10G/2T) -> 22/23 Super Rugby Pacific (12G/1T) -> 21/22 Super Rugby Pacific (11G/5T) -> 20/21 Tasman (6G/2T) -> 19/20 Super Rugby (4G) -> Super Rugby Aotearoa 4 0 1  -> 18/19 Super Rugby (16G/1T) -> 17/18 Super Rugby (12G/2T) -> 16/17 Super Rugby (5G/1T)
Taishiro Kido,木戸 大士郎,FL,東芝ブレイブルーパス東京（2025-26）,186,104,2002.07.26,23,常翔学園高校,明治大学,常翔学園高校 明治大学,A,2,https://league-one.jp/player/484346,,,'25 XV、Test Matchs(1CAP),,,25/26 Japan Rugby League One - Division 1 (2G) -> 24/25 Test Matchs (1G)
Yuta Okamura,岡村 優太,WTB,東芝ブレイブルーパス東京（2025-26）,176,83,2002.08.26,23,東海大学付属大阪仰星高校,東海大学,東海大学付属大阪仰星高校 東海大学,A,0,https://league-one.jp/player/484347,,,,,,No Data
Yohei Kobayashi,小林 洋平,PR,東芝ブレイブルーパス東京（2025-26）,177,108,2003.03.27,22,東福岡高校,専修大学,東福岡高校 専修大学,A,0,https://league-one.jp/player/484348,,,,,,No Data
Ken Hiyoshi,日吉 健,HO,東芝ブレイブルーパス東京（2025-26）,180,105,2002.08.29,23,大阪産業大学附属高校,京都産業大学,大阪産業大学附属高校 京都産業大学,A,2,https://league-one.jp/player/484349,,,,,,25/26 Japan Rugby League One - Division 1 (4G)
Kim Suryung,金 秀隆,WTB,東芝ブレイブルーパス東京（2025-26）,186,85,1998.01.16,27,大阪朝鮮高校,朝鮮大学校,大阪朝鮮高校 朝鮮大学校,A,27,https://league-one.jp/player/484350,,,,,,23/24 Japan Rugby League One - Division 1 (9G/2T) -> 22/23 Japan Rugby League One - Division 1 (4G) -> 21/22 Japan Rugby League One - Division 1 (16G/3T)
Rinpei Sakaki,酒木 凜平,HO,東芝ブレイブルーパス東京（2025-26）,178,104,1999.11.12,26,御所実業高校,大東文化大学,御所実業高校 大東文化大学,A,10,https://league-one.jp/player/484351,,,,,,25/26 Japan Rugby League One - Division 1 (8G/2T) -> 22/23 Japan Rugby League One - Division 1 (8G/3T)
Gentaro Ikenaga,池永 玄太郎,CTB,東芝ブレイブルーパス東京（2025-26）,182,100,1997.01.27,28,上宮太子高校,天理大学,上宮太子高校 天理大学,A,5,https://league-one.jp/player/484352,,,,,,24/25 Japan Rugby League One - Division 1 (2G) -> 22/23 Japan Rugby League One - Division 1 (3G) -> 21/22 Japan Rugby League One - Division 1 (1G)
Asaeli Lausii,アサエリ ・ラウシー,LO,東芝ブレイブルーパス東京（2025-26）,190,113,2000.01.26,25,日本航空高校,京都産業大学,日本航空高等学校 京都産業大学,A,6,https://league-one.jp/player/484353,,,,,,24/25 Japan Rugby League One - Division 1 (1G) -> 23/24 Japan Rugby League One - Division 1 (6G/1T)
Rikyu Yamakawa,山川 力優,PR,東芝ブレイブルーパス東京（2025-26）,175,113,1997.05.04,28,天理高校,天理大学,天理高校 天理大学,A,3,https://league-one.jp/player/484354,,,,,,23/24 Japan Rugby League One - Division 1 (1G) -> 22/23 Japan Rugby League One - Division 1 (2G)
Sena Kimura,木村 星南,PR,東芝ブレイブルーパス東京（2025-26）,176,108,1999.06.24,26,大阪産業大学附属高校,東海大学,大阪産業大学附属高校 東海大学,A,51,https://league-one.jp/player/484355,,,'25 XV、日本代表3CAP,,,25/26 Japan Rugby League One - Division 1 (8G) -> 24/25 Japan Rugby League One - Division 1 (19G/2T) -> Pacific Nations Cup 2 0 0  -> 23/24 Japan Rugby League One - Division 1 (14G/1T) -> 22/23 Japan Rugby League One - Division 1 (15G)
Jone Naikabula,ジョネ ・ナイカブラ,WTB,東芝ブレイブルーパス東京（2025-26）,177,95,1994.04.12,31,ケルストンボーイズ,摂南大学,ケルストンボーイズ 摂南大学,A,52,https://league-one.jp/player/484356,,,日本代表17CAP,,,24/25 Japan Rugby League One - Division 1 (16G/15T) -> Autumn Nations Series 0 0 2  -> 23/24 Japan Rugby League One - Division 1 (11G/12T) -> Summer Nations Series 0 0 1 (1G) -> Rugby World Cup 2 0 2 (2G) -> Pacific Nations Cup 2 0 0 (1G) -> 22/23 Japan Rugby League One - Division 1 (10G/10T) -> 21/22 Japan Rugby League One - Division 1 (15G/9T)
Seta Tamanivalu,セタ ・タマニバル,CTB,東芝ブレイブルーパス東京（2025-26）,189,104,1992.01.23,33,SaintKentigernCollege（セントケンティガンカレッジ）,,SaintKentigernCollege（セントケンティガンカレッジ）,C,60,https://league-one.jp/player/484357,,,,,,25/26 Japan Rugby League One - Division 1 (5G/2T) -> 24/25 Japan Rugby League One - Division 1 (16G/9T) -> 23/24 Japan Rugby League One - Division 1 (15G/7T) -> 22/23 Japan Rugby League One - Division 1 (11G/7T) -> 21/22 Japan Rugby League One - Division 1 (15G/7T) -> 20/21 Bordeaux (4G/1T) -> 19/20 Bordeaux (13G/2T) -> Challenge Cup 4 1 0 (3G) -> 18/19 Bordeaux (13G/2T) -> Challenge Cup 1 0 1  -> 17/18 Super Rugby (17G/5T) -> 16/17 Super Rugby (15G/10T) -> 15/16 Super Rugby (16G/9T) -> Rugby Championship 1 0 0  -> 14/15 Super Rugby (6G)
Michael Leitch,リーチ マイケル,No8,東芝ブレイブルーパス東京（2025-26）,189,113,1988.10.07,37,札幌山の手高校,東海大学,札幌山の手高校 東海大学,A,61,https://league-one.jp/player/484358,,,日本代表92CAP、Test Matchs(8CAP),,,25/26 Japan Rugby League One - Division 1 (2G/1T) -> Autumn Nations Series 0 0 1  -> 24/25 Japan Rugby League One - Division 1 (20G/4T) -> 23/24 Japan Rugby League One - Division 1 (12G/1T) -> Summer Nations Series 0 0 1  -> Rugby World Cup 2 0 2 (2G) -> 22/23 Japan Rugby League One - Division 1 (16G/4T) -> Autumn Nations Series 0 0 2  -> Pacific Nations Cup 0 0 1  -> 21/22 Japan Rugby League One - Division 1 (13G/1T) -> 20/21 Test Matchs (2G/1T) -> 19/20 Test Matchs (1G) -> Rugby World Cup 4 0 1  -> 18/19 Test Matchs (3G/3T) -> Pacific Nations Cup 3 0 0 (2G) -> 17/18 Super Rugby (8G/1T) -> 16/17 Super Rugby (11G/1T) -> 15/16 Super Rugby (10G/3T) -> Rugby World Cup 3 0 1 (1G) -> 14/15 Super Rugby (13G/3T) -> 13/14 Test Matchs (2G)
Jacob Pierce,ジェイコブ ・ピアス,LO,東芝ブレイブルーパス東京（2025-26）,201,106,1997.09.10,28,ロズミニカレッジ,,ロズミニカレッジ高校,A,60,https://league-one.jp/player/484359,,,,,,25/26 Japan Rugby League One - Division 1 (8G/1T) -> 24/25 Japan Rugby League One - Division 1 (19G/2T) -> 23/24 Japan Rugby League One - Division 1 (14G/1T) -> 22/23 Japan Rugby League One - Division 1 (13G/5T) -> 21/22 Japan Rugby League One - Division 1 (11G/7T) -> 20/21 Super Rugby Trans-Tasman (2G) -> 19/20 Super Rugby (4G) -> Super Rugby Aotearoa 1 0 0  -> 17/18 Super Rugby (2G)
Toshiki Kuwayama,桑山 聖生,FB,東芝ブレイブルーパス東京（2025-26）,184,95,1996.06.06,29,鹿児島実業高校,早稲田大学,鹿児島実業高校 早稲田大学,A,19,https://league-one.jp/player/484360,,,'15 U20、'15 U23,,,25/26 Japan Rugby League One - Division 1 (6G/1T) -> 24/25 Japan Rugby League One - Division 1 (4G/2T) -> 22/23 Japan Rugby League One - Division 1 (3G/1T) -> 21/22 Japan Rugby League One - Division 1 (13G/1T)
Shohei Toyoshima,豊島 翔平,FB,東芝ブレイブルーパス東京（2025-26）,175,87,1989.01.09,36,東海大相模高校,東海大学,東海大相模高校 東海大学,A,31,https://league-one.jp/player/484361,,,,,,25/26 Japan Rugby League One - Division 1 (2G) -> 24/25 Japan Rugby League One - Division 1 (9G/3T) -> 23/24 Japan Rugby League One - Division 1 (3G) -> 22/23 Japan Rugby League One - Division 1 (14G/2T) -> 21/22 Japan Rugby League One - Division 1 (8G/3T)
Atsuki Kuwayama,桑山 淳生,WTB,東芝ブレイブルーパス東京（2025-26）,183,90,1997.11.15,28,鹿児島実業高校,早稲田大学,鹿児島実業高校 早稲田大学,A,27,https://league-one.jp/player/484362,,,,,,25/26 Japan Rugby League One - Division 1 (1G) -> 24/25 Japan Rugby League One - Division 1 (7G/3T) -> 23/24 Japan Rugby League One - Division 1 (13G/7T) -> 22/23 Japan Rugby League One - Division 1 (4G) -> 21/22 Japan Rugby League One - Division 1 (3G/1T)
Masaki Hamada,濱田 将暉,WTB,東芝ブレイブルーパス東京（2025-26）,174,80,1996.07.13,29,京都成章高校,京都産業大学,京都成章高校 京都産業大学,A,25,https://league-one.jp/player/484363,,,,,,24/25 Japan Rugby League One - Division 1 (1G) -> 23/24 Japan Rugby League One - Division 1 (6G/4T) -> 22/23 Japan Rugby League One - Division 1 (13G/8T) -> 21/22 Japan Rugby League One - Division 1 (5G/3T)
Taichi Mano,眞野 泰地,CTB,東芝ブレイブルーパス東京（2025-26）,173,90,1997.06.01,28,東海大学付属大阪仰星高校,東海大学,東海大学付属大阪仰星高等学校 東海大学,A,39,https://league-one.jp/player/484364,,,'16 U20、'17 U20、'17 U23、'18 U23,,,25/26 Japan Rugby League One - Division 1 (1G) -> 24/25 Japan Rugby League One - Division 1 (16G/2T) -> 23/24 Japan Rugby League One - Division 1 (13G/2T) -> 22/23 Japan Rugby League One - Division 1 (7G) -> 21/22 Japan Rugby League One - Division 1 (3G)
Takuro Matsunaga,松永 拓朗,SO,東芝ブレイブルーパス東京（2025-26）,172,81,1998.08.13,27,大阪産業大学附属高校,天理大学,大阪産業大学附属高校 天理大学,A,68,https://league-one.jp/player/484365,,,'25 XV,,,25/26 Japan Rugby League One - Division 1 (8G/1T) -> 24/25 Japan Rugby League One - Division 1 (17G/7T) -> Autumn Nations Series 0 0 2  -> 23/24 Japan Rugby League One - Division 1 (17G/2T) -> 22/23 Japan Rugby League One - Division 1 (16G/4T) -> 21/22 Japan Rugby League One - Division 1 (15G/3T)
Yuhei Sugiyama,杉山 優平,SH,東芝ブレイブルーパス東京（2025-26）,169,76,1997.06.05,28,大阪桐蔭高校,筑波大学,大阪桐蔭高校 筑波大学,A,49,https://league-one.jp/player/484366,,,,,,25/26 Japan Rugby League One - Division 1 (8G) -> 24/25 Japan Rugby League One - Division 1 (20G/3T) -> 23/24 Japan Rugby League One - Division 1 (17G/2T) -> 22/23 Japan Rugby League One - Division 1 (4G) -> 21/22 Japan Rugby League One - Division 1 (6G/1T)
Kohei Takahashi,高橋 昴平,SH,東芝ブレイブルーパス東京（2025-26）,167,79,1996.04.12,29,長崎南山高校,専修大学,長崎南山高校 専修大学,A,20,https://league-one.jp/player/484367,,,,,,25/26 Japan Rugby League One - Division 1 (8G/4T) -> 24/25 Japan Rugby League One - Division 1 (3G) -> 23/24 Japan Rugby League One - Division 1 (11G/1T) -> 21/22 Japan Rugby League One - Division 1 (5G)
Takahiro Ogawa,小川 高廣,SH,東芝ブレイブルーパス東京（2025-26）,170,77,1991.03.18,34,東福岡高校,日本大学,東福岡高校 日本大学,A,46,https://league-one.jp/player/484368,,,'13 U23、日本代表3CAP、Test Matchs(1CAP),,,24/25 Japan Rugby League One - Division 1 (12G/2T) -> 23/24 Japan Rugby League One - Division 1 (5G/1T) -> 22/23 Japan Rugby League One - Division 1 (16G/4T) -> 21/22 Japan Rugby League One - Division 1 (13G/5T) -> 16/17 Test Matchs (1G)
Yoshitaka Tokunaga,徳永 祥尭,No8,東芝ブレイブルーパス東京（2025-26）,186,105,1992.04.10,33,関西学院高等部,関西学院大学,関西学院高等部 関西学院大学,A,49,https://league-one.jp/player/484369,,,'13 U23、日本代表15CAP、Test Matchs(1CAP),,,24/25 Japan Rugby League One - Division 1 (11G/2T) -> 23/24 Japan Rugby League One - Division 1 (8G/1T) -> 22/23 Japan Rugby League One - Division 1 (15G/2T) -> 21/22 Japan Rugby League One - Division 1 (15G/3T) -> Autumn Nations Cup 0 0 1  -> 19/20 Test Matchs (1G) -> 18/19 Super Rugby (2G) -> 17/18 Super Rugby (11G) -> 16/17 Super Rugby (6G/1T)
Takeshi Sasaki,佐々木 剛,FL,東芝ブレイブルーパス東京（2025-26）,180,101,1997.04.17,28,八戸西高校,大東文化大学,青森県立八戸西高等学校 大東文化大学,A,54,https://league-one.jp/player/484370,,,,,,25/26 Japan Rugby League One - Division 1 (8G/3T) -> 24/25 Japan Rugby League One - Division 1 (19G/3T) -> 23/24 Japan Rugby League One - Division 1 (14G/2T) -> 22/23 Japan Rugby League One - Division 1 (16G/3T) -> 21/22 Japan Rugby League One - Division 1 (3G)
Hiroki Yamamoto,山本 浩輝,FL,東芝ブレイブルーパス東京（2025-26）,187,95,1992.11.17,33,石見智翠館高校,筑波大学,石見智翠館高校 筑波大学,A,25,https://league-one.jp/player/484371,,,'13 U23、日本代表6CAP、Test Matchs(1CAP),,,25/26 Japan Rugby League One - Division 1 (8G/1T) -> 24/25 Japan Rugby League One - Division 1 (2G) -> 23/24 Japan Rugby League One - Division 1 (4G) -> 21/22 Japan Rugby League One - Division 1 (17G/2T) -> 15/16 Test Matchs (1G)
Shoichi Takagi,高城 勝一,LO,東芝ブレイブルーパス東京（2025-26）,197,112,1998.06.29,27,汎愛高校,摂南大学,汎愛高校 摂南大学,A,0,https://league-one.jp/player/484372,,,,,,No Data
Daigo Hashimoto,橋本 大吾,HO,東芝ブレイブルーパス東京（2025-26）,174,103,1994.01.28,31,深谷高校,筑波大学,深谷高校 筑波大学,A,65,https://league-one.jp/player/484373,,,'16 U23、日本代表3CAP,,,25/26 Japan Rugby League One - Division 1 (3G) -> 24/25 Japan Rugby League One - Division 1 (20G/3T) -> 23/24 Japan Rugby League One - Division 1 (17G) -> 22/23 Japan Rugby League One - Division 1 (15G/5T) -> 21/22 Japan Rugby League One - Division 1 (12G/2T)
Futoshi Mori,森 太志,HO,東芝ブレイブルーパス東京（2025-26）,174,103,1988.04.25,37,仙台育英学園高校,帝京大学,仙台育英学園高校 帝京大学,A,13,https://league-one.jp/player/484374,,,日本代表2CAP,,,23/24 Japan Rugby League One - Division 1 (2G) -> 21/22 Japan Rugby League One - Division 1 (11G/2T) -> 15/16 Super Rugby (5G)
Yuta Kokaji,小鍜治 悠太,PR,東芝ブレイブルーパス東京（2025-26）,176,109,1998.07.08,27,大阪産業大学附属高校,天理大学,大阪産業大学附属高校 天理大学,A,63,https://league-one.jp/player/484375,,,'25 XV,,,25/26 Japan Rugby League One - Division 1 (7G) -> 24/25 Japan Rugby League One - Division 1 (18G/1T) -> 23/24 Japan Rugby League One - Division 1 (12G) -> 22/23 Japan Rugby League One - Division 1 (15G) -> 21/22 Japan Rugby League One - Division 1 (16G)
Teruo Makabe,眞壁 照男,PR,東芝ブレイブルーパス東京（2025-26）,172,110,1996.05.04,29,桐蔭学園高校,立教大学,桐蔭学園高校 立教大学,A,41,https://league-one.jp/player/484376,,,,,,25/26 Japan Rugby League One - Division 1 (7G) -> 24/25 Japan Rugby League One - Division 1 (15G) -> 23/24 Japan Rugby League One - Division 1 (15G) -> 22/23 Japan Rugby League One - Division 1 (3G) -> 21/22 Japan Rugby League One - Division 1 (5G)
Masataka Mikami,三上 正貴,PR,東芝ブレイブルーパス東京（2025-26）,178,111,1988.06.04,37,青森工業高校,東海大学,青森工業高校 東海大学,A,55,https://league-one.jp/player/484377,,,'07 U20、日本代表35CAP、Test Matchs(8CAP),,,25/26 Japan Rugby League One - Division 1 (2G) -> 24/25 Japan Rugby League One - Division 1 (13G) -> 23/24 Japan Rugby League One - Division 1 (14G) -> 22/23 Japan Rugby League One - Division 1 (14G) -> 21/22 Japan Rugby League One - Division 1 (13G) -> 18/19 Super Rugby (10G) -> 16/17 Super Rugby (9G) -> 15/16 Super Rugby (14G) -> Rugby World Cup 3 0 1  -> 14/15 Test Matchs (2G) -> 13/14 Test Matchs (6G)
Motoki Tanaka,田中 元珠,SH,東芝ブレイブルーパス東京（2025-26）,180,83,2001.04.18,24,オタゴボーイズハイスクール,,オタゴボーイズハイスクール,A,4,https://league-one.jp/player/484378,,,,,,23/24 Japan Rugby League One - Division 1 (2G) -> 22/23 Japan Rugby League One - Division 2 (2G) -> 21/22 Japan Rugby League One - Division 2 (2G)
Rob Thompson,ロブ ・トンプソン,CTB,東芝ブレイブルーパス東京（2025-26）,184,103,1991.08.29,34,パーマストンノースボーイズハイスクール,,パーマストンノースボーイズハイスクール,A,51,https://league-one.jp/player/484379,,,,,,25/26 Japan Rugby League One - Division 1 (8G/3T) -> 24/25 Japan Rugby League One - Division 1 (18G/11T) -> 23/24 Japan Rugby League One - Division 1 (10G/1T) -> 22/23 Japan Rugby League One - Division 1 (15G/6T) -> 21/22 Japan Rugby League One - Division 1 (8G/2T) -> 19/20 Highlanders (3G) -> Super Rugby Aotearoa 2 0 3  -> 18/19 Highlanders (12G/3T) -> 17/18 Highlanders (16G/3T) -> 16/17 Highlanders (11G/5T) -> 15/16 Highlanders (9G/2T) -> 13/14 Super Rugby (3G)
Makoto Iwafuchi,岩渕 誠,WTB,東芝ブレイブルーパス東京（2025-26）,182,90,2000.04.20,25,新潟高校,防衛大学校,新潟高校 防衛大学校,A,0,https://league-one.jp/player/484380,,,,,,No Data
Michael Collins,マイケル ・コリンズ,UTB,東芝ブレイブルーパス東京（2025-26）,187,94,1993.06.03,32,オタゴボーイズハイスクール,オタゴ大学,オタゴボーイズハイスクール オタゴ大学,B,27,https://league-one.jp/player/484381,,,,,,Not Found
Richie Mounga,リッチー ・モウンガ,SO,東芝ブレイブルーパス東京（2025-26）,176,83,1994.05.25,31,RiccartonHighSchool,St.Andrew'sCollege,RiccartonHighSchool St.Andrew'sCollege,C,36,https://league-one.jp/player/484382,,,,,,Not Found
Shannon Frizell,シャノン ・フリゼル,FL,東芝ブレイブルーパス東京（2025-26）,195,114,1994.02.11,31,'Apifo'ouCollege,,'Apifo'ouCollege,C,36,https://league-one.jp/player/484383,,,,,,25/26 Japan Rugby League One - Division 1 (1G) -> 24/25 Japan Rugby League One - Division 1 (18G/11T) -> 23/24 Japan Rugby League One - Division 1 (17G/10T) -> 22/23 Super Rugby Pacific (11G/1T) -> Autumn Nations Cup 2 1 0  -> Rugby Championship 3 0 0 (2G) -> 21/22 Super Rugby Pacific (8G/1T) -> Rugby Championship 2 0 2 (1G) -> 20/21 Super Rugby Aotearoa (8G/2T) -> Super Rugby Trans-Tasman 2 0 0  -> 19/20 Highlanders (4G) -> Super Rugby Aotearoa 3 0 5 (4G) -> Test Matchs 1 1 0  -> Tri Nations 1 0 1  -> 18/19 Highlanders (13G/6T) -> 17/18 Highlanders (14G/5T)
Shuto Harabuchi,原渕 修人,PR,東芝ブレイブルーパス東京（2025-26）,177,108,2002.03.07,23,摂津高校,摂南大学,大阪府立摂津高校 摂南大学,A,0,https://league-one.jp/player/484384,,,,,,No Data
Vea Taumoefolau,ヴェア ・タモエフォラウ,PR,東芝ブレイブルーパス東京（2025-26）,186,123,2001.11.05,24,札幌山の手高校,京都産業大学,札幌山の手高校 京都産業大学,A,3,https://league-one.jp/player/484385,,,,,,25/26 Japan Rugby League One - Division 1 (8G)
Senfu Kamei,亀井 茜風,LO,東芝ブレイブルーパス東京（2025-26）,193,110,2001.06.12,24,長崎北陽台高校,明治大学,長崎県立長崎北陽台高等学校 明治大学,A,0,https://league-one.jp/player/484386,,,,,,No Data
Rye On Yoon,尹 礼温,FL,東芝ブレイブルーパス東京（2025-26）,184,104,2001.06.30,24,大阪朝鮮高校,帝京大学,大阪朝鮮高校 帝京大学,A,0,https://league-one.jp/player/484387,,,,,,No Data
Afu Ofeina,アフ ・オフィナ,FL,東芝ブレイブルーパス東京（2025-26）,187,113,2000.06.18,25,東海大学付属福岡高校,東海大学,東海大学付属福岡高等学校 東海大学,A,3,https://league-one.jp/player/484388,,,,,,25/26 Japan Rugby League One - Division 1 (7G)
Shotaro Ikedo,池戸 将太郎,SH,東芝ブレイブルーパス東京（2025-26）,180,90,2001.06.03,24,東海大学付属相模高校,明治大学,東海大学付属相模高等学校 明治大学,A,4,https://league-one.jp/player/484389,,,,,,24/25 Japan Rugby League One - Division 1 (5G)
Rei Ishioka,石岡 玲英,WTB,東芝ブレイブルーパス東京（2025-26）,177,85,2001.09.22,24,御所実業高校,法政大学,奈良県立御所実業高等学校 法政大学,A,1,https://league-one.jp/player/484390,,,,,,25/26 Japan Rugby League One - Division 1 (6G/1T)
Stephanus Du Toit,ステファーナス ・ドゥトイ,UTB,東芝ブレイブルーパス東京（2025-26）,185,96,2001.03.23,24,PaarlGimnasiumHighSchool,流通経済大学,PaarlGimnasiumHighSchool 流通経済大学,A,0,https://league-one.jp/player/484391,,,,,,25/26 Japan Rugby League One - Division 1 (3G)
Shohei Ito,伊藤 鐘平,LO,東芝ブレイブルーパス東京（2025-26）,190,108,1997.05.01,28,札幌山の手高校,京都産業大学,札幌山の手高校 京都産業大学,A,56,https://league-one.jp/player/485501,,,'17 U20、'25 XV,,,25/26 Japan Rugby League One - Division 1 (4G) -> 24/25 Japan Rugby League One - Division 1 (20G) -> 23/24 Japan Rugby League One - Division 1 (16G) -> 22/23 Japan Rugby League One - Division 1 (13G) -> 21/22 Japan Rugby League One - Division 1 (8G)
Mark Telea,マーク ・テレア,WTB,トヨタヴェルブリッツ（2025-26）,186,94,1996.12.06,29,マッセーハイスクール,,マッセーハイスクール,C,3,https://league-one.jp/player/484444,,,,,,25/26 Japan Rugby League One - Division 1 (7G/2T) -> 24/25 Super Rugby Pacific (13G/6T) -> Autumn Nations Series 3 0 0 (3G) -> 23/24 Super Rugby Pacific (15G/9T) -> Rugby World Cup 2 0 2 (3G) -> Rugby Championship 1 0 3 (1G) -> 22/23 Super Rugby Pacific (13G/12T) -> Rugby Championship 2 0 0 (1G) -> 21/22 Super Rugby Pacific (14G/3T) -> 20/21 Super Rugby Aotearoa (6G/1T) -> Super Rugby Trans-Tasman 5 0 0 (3G) -> 19/20 Super Rugby (7G/5T) -> Super Rugby Aotearoa 5 0 2 (2G)
Hamdahn Tuipulotu,ハムダン ・トゥイプロトゥ,PR,トヨタヴェルブリッツ（2025-26）,182,125,2000.03.21,25,セント・ピーターズ,カレッジ,セント・ピーターズ カレッジ,B,2,https://league-one.jp/player/484445,,,,,,25/26 Japan Rugby League One - Division 1 (5G) -> 24/25 Super Rugby Pacific (2G) -> 23/24 Southland (8G) -> 22/23 Southland (3G) -> 21/22 Auckland (4G)
Harrison Goggin,ハリソン ・ゴギン,LO,トヨタヴェルブリッツ（2025-26）,206,126,2001.05.22,24,セントジョセフズナジーカレッジ,,セントジョセフズナジーカレッジ,B,1,https://league-one.jp/player/484446,,,,,,25/26 Japan Rugby League One - Division 1 (2G)
Schalk Erasmus,スカルク ・エラスマス,HO,トヨタヴェルブリッツ（2025-26）,184,109,1998.04.16,27,ステレンボッシュカレッジ,,ステレンボッシュカレッジ,B,16,https://league-one.jp/player/484447,,,United Rugby Championship(1CAP),,,25/26 Japan Rugby League One - Division 1 (5G/1T) -> 24/25 Japan Rugby League One - Division 1 (2G) -> 23/24 Japan Rugby League One - Division 1 (8G/4T) -> 22/23 Japan Rugby League One - Division 1 (7G/1T) -> 21/22 United Rugby Championship (1G) -> 20/21 Rainbow Cup SA (5G/1T) -> Rainbow Cup 0 0 1 
Jone Kerevi,ジョネ ・ケレビ,HO,トヨタヴェルブリッツ（2025-26）,184,108,1998.08.22,27,天理大学高校,,天理大学,A,9,https://league-one.jp/player/484448,,,,,,24/25 Japan Rugby League One - Division 2 (7G/1T) -> Japan Rugby League One - Division 1 1 0 1 
Aidan Morgan,エイダン ・モーガン,SO,トヨタヴェルブリッツ（2025-26）,172,81,2001.06.07,24,キングスカレッジ,,キングスカレッジ,B,0,https://league-one.jp/player/484449,,,United Rugby Championship(13CAP),,,25/26 Japan Rugby League One - Division 1 (2G) -> 24/25 United Rugby Championship (13G/2T) -> Champions Cup 0 0 4  -> 23/24 Super Rugby Pacific (3G) -> 22/23 Super Rugby Pacific (11G/2T) -> 21/22 Super Rugby Pacific (10G/2T) -> 20/21 Wellington (6G/1T) -> 19/20 Wellington (5G)
Semisi Tupou,セミシ ・トゥポウ,WTB,トヨタヴェルブリッツ（2025-26）,190,94,1999.06.29,26,セントジョセフナッジー,,セントジョセフナッジー,A,34,https://league-one.jp/player/484450,,,,,,25/26 Japan Rugby League One - Division 1 (1G) -> 24/25 Japan Rugby League One - Division 1 (13G/4T) -> 23/24 Japan Rugby League One - Division 1 (10G) -> 22/23 Japan Rugby League One - Division 1 (4G/1T) -> 21/22 Japan Rugby League One - Division 1 (9G/5T) -> 18/19 Super Rugby (3G) -> 17/18 Super Rugby (5G/1T) -> 16/17 Super Rugby (1G)
Keito Aoki,青木 恵斗,FL,トヨタヴェルブリッツ（2025-26）,187,110,2002.06.14,23,桐蔭学園高校,帝京大学,桐蔭学園 帝京,A,11,https://league-one.jp/player/484451,,,'24 XV、'25 XV,,,25/26 Japan Rugby League One - Division 1 (7G/2T) -> 24/25 Japan Rugby League One - Division 1 (8G/1T)
Hanjiro Hirai,平井 半次郎,PR,トヨタヴェルブリッツ（2025-26）,180,108,2002.12.13,23,御所実業高校,帝京大学,御所実業 帝京,A,0,https://league-one.jp/player/484452,,,,,,25/26 Japan Rugby League One - Division 1 (5G)
Nicholas McCurran,ニコラス ・マクカラン,CTB,トヨタヴェルブリッツ（2025-26）,189,94,1996.06.13,29,ハミルトンボーイズ,帝京大学,ハミルトンボーイズ 帝京,A,53,https://league-one.jp/player/484453,,,日本代表7CAP,,,Not Found
Rikiya Matsuda,松田 力也,SO,トヨタヴェルブリッツ（2025-26）,181,92,1994.05.03,31,伏見工業高校,帝京大学,伏見工業 帝京,A,59,https://league-one.jp/player/484454,,,'13 U23、日本代表39CAP、Test Matchs(6CAP),,,25/26 Japan Rugby League One - Division 1 (6G/2T) -> 24/25 Japan Rugby League One - Division 1 (9G) -> 23/24 Japan Rugby League One - Division 1 (18G) -> Summer Nations Series 0 0 1  -> Rugby World Cup 2 0 2  -> 22/23 Japan Rugby League One - Division 1 (17G/1T) -> 21/22 Japan Rugby League One - Division 1 (13G/1T) -> Autumn Nations Cup 0 0 2  -> 20/21 Test Matchs (2G) -> 19/20 Test Matchs (1G) -> Rugby World Cup 4 0 1  -> 18/19 Super Rugby (5G/1T) -> Pacific Nations Cup 3 0 0  -> 17/18 Super Rugby (3G) -> 16/17 Super Rugby (2G) -> 15/16 Test Matchs (3G)
Issa Yamakawa,山川 一瑳,LO,トヨタヴェルブリッツ（2025-26）,190,103,2000.07.05,25,常翔学園高校,帝京大学,常翔学園 帝京,A,2,https://league-one.jp/player/484455,,,'20 U23,,,23/24 Japan Rugby League One - Division 1 (3G)
Dick Wilson,ディック ・ウィルソン,CTB,トヨタヴェルブリッツ（2025-26）,180,96,1996.09.02,29,アオレレ,,アオレレ,A,33,https://league-one.jp/player/484456,,,,,,25/26 Japan Rugby League One - Division 1 (3G) -> 24/25 Japan Rugby League One - Division 1 (7G) -> 23/24 Japan Rugby League One - Division 1 (10G/2T) -> 22/23 Japan Rugby League One - Division 1 (3G) -> 21/22 Japan Rugby League One - Division 3 (8G/2T) -> Japan Rugby League One - Division 2 2 0 0 (1G)
Kaisei Tamura,田村 魁世,SH,トヨタヴェルブリッツ（2025-26）,171,80,1999.12.15,26,桐蔭学園高校,同志社大学,桐蔭学園 同志社,A,5,https://league-one.jp/player/484457,,,'17 高校、'19 U20、'19 U23,,,25/26 Japan Rugby League One - Division 1 (6G/1T) -> 24/25 Japan Rugby League One - Division 1 (2G) -> 22/23 Southland (2G)
Ryusei Koike,小池 隆成,FL,トヨタヴェルブリッツ（2025-26）,188,106,1999.11.18,26,東京高校,東海大学,東京 東海,A,19,https://league-one.jp/player/484458,,,'19 U20、'19 U23、'20 U23,,,24/25 Japan Rugby League One - Division 1 (4G) -> 23/24 Japan Rugby League One - Division 1 (15G) -> 22/23 Japan Rugby League One - Division 1 (2G)
Ryunosuke Momoji,百地 龍之介,PR,トヨタヴェルブリッツ（2025-26）,175,108,1999.09.03,26,東海大大阪仰星高校,立命館大学,東海大仰星 立命館,A,17,https://league-one.jp/player/484459,,,'17 高校、'18 U20、'19 U20、'19 U23,,,25/26 Japan Rugby League One - Division 1 (3G) -> 24/25 Japan Rugby League One - Division 1 (14G) -> 23/24 Japan Rugby League One - Division 1 (1G) -> 22/23 Japan Rugby League One - Division 1 (3G)
Taichi Takahashi,高橋 汰地,WTB,トヨタヴェルブリッツ（2025-26）,180,91,1996.06.24,29,常翔学園高校,明治大学,常翔学園 明治,A,55,https://league-one.jp/player/484460,,,日本代表2CAP,,,25/26 Japan Rugby League One - Division 1 (8G/3T) -> 24/25 Japan Rugby League One - Division 1 (16G/6T) -> 23/24 Japan Rugby League One - Division 1 (14G/13T) -> 22/23 Japan Rugby League One - Division 1 (16G/10T) -> 21/22 Japan Rugby League One - Division 1 (6G/5T)
Yuki Okada,岡田 優輝,CTB,トヨタヴェルブリッツ（2025-26）,181,92,1995.07.13,30,大阪桐蔭高校,帝京大学,大阪桐蔭 帝京,A,33,https://league-one.jp/player/484461,,,'15 U20、'15 U23,,,24/25 Japan Rugby League One - Division 1 (6G) -> 23/24 Japan Rugby League One - Division 1 (9G/2T) -> 22/23 Japan Rugby League One - Division 1 (9G) -> 21/22 Japan Rugby League One - Division 1 (10G/3T)
Masahiro Kitamura,北村 将大,SO,トヨタヴェルブリッツ（2025-26）,171,80,1998.08.29,27,御所実業高校,帝京大学,御所実業 帝京,A,3,https://league-one.jp/player/484462,,,,,,22/23 Japan Rugby League One - Division 1 (1G) -> 21/22 Japan Rugby League One - Division 1 (2G)
Tiaan Falcon,ティアーン ・ファルコン,FB,トヨタヴェルブリッツ（2025-26）,181,90,1997.06.19,28,リンディスファーンカレッジ,,リンディスファーンカレッジ,A,40,https://league-one.jp/player/484463,,,,,,25/26 Japan Rugby League One - Division 1 (4G) -> 24/25 Japan Rugby League One - Division 1 (7G) -> 23/24 Japan Rugby League One - Division 1 (14G) -> 22/23 Japan Rugby League One - Division 1 (15G) -> 21/22 Japan Rugby League One - Division 1 (6G) -> 20/21 Hawke's Bay (6G) -> 19/20 Super Rugby (1G) -> 17/18 Super Rugby (3G)
Jongchu Ryang,梁 正秋,SH,トヨタヴェルブリッツ（2025-26）,171,76,1992.12.14,33,大阪朝鮮高校,京都産業大学,大阪朝鮮 京都産業,A,6,https://league-one.jp/player/484464,,,,,,24/25 Japan Rugby League One - Division 1 (3G/1T) -> 23/24 Japan Rugby League One - Division 1 (4G) -> 22/23 Japan Rugby League One - Division 1 (2G) -> 21/22 Japan Rugby League One - Division 1 (1G)
Kaito Shigeno,茂野 海人,SH,トヨタヴェルブリッツ（2025-26）,170,78,1990.11.21,35,江の川高校,大東文化大学,江の川 大東文化,A,44,https://league-one.jp/player/484465,,,日本代表16CAP、Test Matchs(3CAP),,,25/26 Japan Rugby League One - Division 1 (3G) -> 24/25 Japan Rugby League One - Division 1 (15G/1T) -> 23/24 Japan Rugby League One - Division 1 (7G/1T) -> 22/23 Japan Rugby League One - Division 1 (14G/1T) -> 21/22 Japan Rugby League One - Division 1 (11G/1T) -> 20/21 Test Matchs (2G) -> 19/20 Test Matchs (1G) -> 18/19 Super Rugby (9G) -> Pacific Nations Cup 2 0 0  -> 17/18 Super Rugby (2G) -> 16/17 Super Rugby (7G/1T) -> 15/16 Super Rugby (11G/1T)
Kazuki Himeno,姫野 和樹,FL,トヨタヴェルブリッツ（2025-26）,187,109,1994.07.27,31,春日丘高校,帝京大学,春日丘 帝京,A,52,https://league-one.jp/player/484466,,,'12 高校、'13 U23、日本代表36CAP、Rugby World Cup(5CAP)、Test Matchs(3CAP),,,25/26 Japan Rugby League One - Division 1 (8G/2T) -> 24/25 Japan Rugby League One - Division 1 (8G/2T) -> Autumn Nations Series 0 0 2 (1G) -> 23/24 Japan Rugby League One - Division 1 (16G/2T) -> Summer Nations Series 0 0 1  -> Rugby World Cup 1 0 2 (1G) -> 22/23 Japan Rugby League One - Division 1 (13G/4T) -> Pacific Nations Cup 1 0 2  -> 21/22 Japan Rugby League One - Division 1 (12G/4T) -> 20/21 Super Rugby Aotearoa (5G/1T) -> Super Rugby Trans-Tasman 5 0 1 (1G) -> 19/20 Rugby World Cup (5G/1T) -> 18/19 Test Matchs (3G) -> Pacific Nations Cup 3 0 0 (1G) -> 17/18 Super Rugby (11G/2T)
Ryusei Kato,加藤 竜聖,HO,トヨタヴェルブリッツ（2025-26）,178,101,1997.01.14,28,石見智翠館高校,東海大学,石見智翠館 東海,A,46,https://league-one.jp/player/484467,,,,,,25/26 Japan Rugby League One - Division 1 (5G/1T) -> 24/25 Japan Rugby League One - Division 1 (12G/1T) -> 23/24 Japan Rugby League One - Division 1 (10G/2T) -> 22/23 Japan Rugby League One - Division 1 (12G/1T) -> 21/22 Japan Rugby League One - Division 1 (12G/1T)
Yoshikatsu Hikosaka,彦坂 圭克,HO,トヨタヴェルブリッツ（2025-26）,178,105,1991.01.18,34,春日丘高校,筑波大学,春日丘 筑波,A,58,https://league-one.jp/player/484468,,,'11 U20,,,25/26 Japan Rugby League One - Division 1 (6G/1T) -> 24/25 Japan Rugby League One - Division 1 (17G/9T) -> 23/24 Japan Rugby League One - Division 1 (12G/5T) -> 22/23 Japan Rugby League One - Division 1 (15G/11T) -> 21/22 Japan Rugby League One - Division 1 (11G/2T)
Gaku Shimizu,清水 岳,PR,トヨタヴェルブリッツ（2025-26）,174,107,1998.11.22,27,大阪桐蔭高校,帝京大学,大阪桐蔭 帝京,A,28,https://league-one.jp/player/484469,,,,,,24/25 Japan Rugby League One - Division 1 (4G) -> 23/24 Japan Rugby League One - Division 1 (10G) -> 22/23 Japan Rugby League One - Division 1 (3G) -> 21/22 Japan Rugby League One - Division 1 (11G)
Yusuke Kizu,木津 悠輔,PR,トヨタヴェルブリッツ（2025-26）,178,115,1995.12.02,30,由布高校,天理高校,由布 天理,A,41,https://league-one.jp/player/484470,,,'17 U23、日本代表6CAP、Pacific Nations Cup(3CAP),,,25/26 Japan Rugby League One - Division 1 (5G) -> 24/25 Japan Rugby League One - Division 1 (8G) -> 23/24 Japan Rugby League One - Division 1 (10G) -> 22/23 Japan Rugby League One - Division 1 (13G) -> 21/22 Japan Rugby League One - Division 1 (8G) -> 18/19 Pacific Nations Cup (3G)
Shogo Miura,三浦 昌悟,PR,トヨタヴェルブリッツ（2025-26）,180,115,1995.06.08,30,秋田工業高校,東海大学,秋田工業 東海,A,65,https://league-one.jp/player/484471,,,'15 U20、'15 U23、'17 U23、日本代表14CAP,,,25/26 Japan Rugby League One - Division 1 (8G) -> 24/25 Japan Rugby League One - Division 1 (18G/1T) -> 23/24 Japan Rugby League One - Division 1 (16G/2T) -> Pacific Nations Cup 3 0 1  -> 22/23 Japan Rugby League One - Division 1 (16G) -> 21/22 Japan Rugby League One - Division 1 (12G) -> 18/19 Super Rugby (1G)
Josh Dickson,ジョシュ ・ディクソン,LO,トヨタヴェルブリッツ（2025-26）,200,117,1994.11.02,31,オタゴボーイズ,,オタゴボーイズ,B,33,https://league-one.jp/player/484472,,,,,,25/26 Japan Rugby League One - Division 1 (7G/1T) -> 24/25 Japan Rugby League One - Division 1 (18G/3T) -> 23/24 Japan Rugby League One - Division 1 (12G/2T) -> 22/23 Super Rugby Pacific (5G) -> 21/22 Super Rugby Pacific (13G/3T) -> 20/21 Super Rugby Aotearoa (8G/1T) -> Super Rugby Trans-Tasman 5 0 1 (1G) -> 19/20 Highlanders (3G) -> Super Rugby Aotearoa 1 0 2  -> 18/19 Highlanders (15G) -> 17/18 Highlanders (3G)
Kosei Miki,三木 皓正,FL,トヨタヴェルブリッツ（2025-26）,174,95,2002.01.22,23,京都成章高校,京都産業大学,京都成章 京都産業,A,12,https://league-one.jp/player/484473,,,,,,25/26 Japan Rugby League One - Division 1 (4G) -> 24/25 Japan Rugby League One - Division 1 (10G)
Takuma Nishino,西野 拓真,PR,トヨタヴェルブリッツ（2025-26）,186,113,2001.11.19,24,京都成章高校,帝京大学,京都成章 帝京,A,0,https://league-one.jp/player/484474,,,,,,No Data
Jingo Murata,村田 陣悟,FL,トヨタヴェルブリッツ（2025-26）,185,102,2002.02.22,23,京都成章高校,早稲田大学,京都成章 早稲田,A,0,https://league-one.jp/player/484475,,,,,,No Data
Taiga Kawasaki,川崎 太雅,PR,トヨタヴェルブリッツ（2025-26）,171,106,2001.05.10,24,東福岡高校,早稲田大学,東福岡 早稲田,A,5,https://league-one.jp/player/484476,,,,,,24/25 Japan Rugby League One - Division 1 (5G)
Shintaro Fukuzawa,福澤 慎太郎,HO,トヨタヴェルブリッツ（2025-26）,168,99,2001.09.20,24,本郷高校,慶應義塾大学,本郷 慶應義塾,A,0,https://league-one.jp/player/484477,,,,,,No Data
Aaron Smith,アーロン ・スミス,SH,トヨタヴェルブリッツ（2025-26）,171,83,1988.11.21,37,フィールディング,,フィールディング,C,35,https://league-one.jp/player/485368,,,,,,25/26 Japan Rugby League One - Division 1 (7G/1T) -> 24/25 Japan Rugby League One - Division 1 (16G/1T) -> 23/24 Japan Rugby League One - Division 1 (16G/8T) -> Rugby World Cup 4 0 2 (4G) -> 22/23 Super Rugby Pacific (9G/3T) -> Autumn Nations Cup 1 1 0 (2G) -> Rugby Championship 3 0 0 (2G) -> 21/22 Super Rugby Pacific (13G) -> Test Matchs 1 0 2  -> Rugby Championship 4 0 2  -> 20/21 Super Rugby Aotearoa (8G/1T) -> Super Rugby Trans-Tasman 4 0 1 (2G) -> Rugby Championship 1 0 0  -> 19/20 Highlanders (5G/1T) -> Super Rugby Aotearoa 3 0 5 (2G) -> Rugby World Cup 4 0 1 (2G) -> Tri Nations 2 0 1  -> 18/19 Highlanders (13G/2T) -> Rugby Championship 1 1 1  -> 17/18 Highlanders (15G/4T) -> Rugby Championship 4 0 1 (3G) -> 16/17 Highlanders (15G/1T) -> Rugby Championship 5 0 0 (1G) -> 15/16 Highlanders (16G/1T) -> Rugby World Cup 6 0 0 (1G) -> Rugby Championship 4 0 0  -> 14/15 Highlanders (17G/7T) -> Rugby Championship 1 0 1  -> 13/14 Highlanders (17G/4T) -> Rugby Championship 4 1 1 (1G/1T)
Jone Nabetelevu,ジョネ ・ナベテレヴ,WTB,トヨタヴェルブリッツ（2025-26）,185,95,1999.02.22,26,ナシヌセンカンダリースクール,エレスメアカレッジ,ナシヌセンカンダリースクール エレスメアカレッジ,A,15,https://league-one.jp/player/485369,,,,,,24/25 Japan Rugby League One - Division 1 (1G) -> 23/24 Japan Rugby League One - Division 1 (1G) -> 22/23 Japan Rugby League One - Division 1 (6G/2T) -> 21/22 Japan Rugby League One - Division 3 (7G/2T)
Akito Okui,奥井 章仁,FL,トヨタヴェルブリッツ（2025-26）,177,103,2001.09.17,24,大阪桐蔭高校,帝京大学,大阪桐蔭 帝京,A,10,https://league-one.jp/player/485370,,,'25 XV、日本代表2CAP,,,25/26 Japan Rugby League One - Division 1 (3G/1T) -> 24/25 Japan Rugby League One - Division 1 (9G/1T)
Jonas Tanaka Dowling,田中ダウリン ジョウナス,HO,トヨタヴェルブリッツ（2025-26）,176,102,2005.12.29,20,ウェイヴァリー,,ウェイヴァリー,A,0,https://league-one.jp/player/485498,,,,,,No Data
Zach Gallagher,ザック ・ギャラハー,LO,トヨタヴェルブリッツ（2025-26）,198,116,2001.09.04,24,カンタベリーカレッジ,,カンタベリーカレッジ,B,0,https://league-one.jp/player/485502,,,,,,25/26 Japan Rugby League One - Division 1 (3G) -> 24/25 Super Rugby Pacific (9G) -> 23/24 Super Rugby Pacific (1G) -> 22/23 Super Rugby Pacific (10G) -> 21/22 Super Rugby Pacific (8G) -> 20/21 Canterbury (1G)
Lourens Erasmus,ローレンス ・エラスマス,LO,トヨタヴェルブリッツ（2025-26）,200,115,1993.06.14,32,ヨハネスブルクカレッジ,,ヨハネスブルクカレッジ,A,24,https://league-one.jp/player/485503,,,,,,25/26 Japan Rugby League One - Division 1 (5G) -> 24/25 Japan Rugby League One - Division 1 (17G/1T) -> 23/24 Japan Rugby League One - Division 2 (1G) -> 22/23 Japan Rugby League One - Division 2 (6G/1T) -> 17/18 Super Rugby (19G/2T) -> 16/17 Super Rugby (18G) -> 15/16 Super Rugby (8G/2T)
Keisuke Moriya,森谷 圭介,CTB,トヨタヴェルブリッツ（2025-26）,185,93,1994.03.04,31,帝京大学高校,,帝京大学,A,25,https://league-one.jp/player/485504,,,,,,24/25 Japan Rugby League One - Division 1 (8G) -> 23/24 Japan Rugby League One - Division 1 (2G/1T) -> 22/23 Japan Rugby League One - Division 1 (9G) -> 21/22 Japan Rugby League One - Division 1 (7G/3T) -> 19/20 Super Rugby (6G/1T)
Taufa Latu,タウファ ・ラトゥ,PR,トヨタヴェルブリッツ（2025-26）,183,120,1998.04.05,27,白鴎大学高校,,白鴎大学,A,42,https://league-one.jp/player/485505,,,,,,25/26 Japan Rugby League One - Division 1 (6G) -> 24/25 Japan Rugby League One - Division 1 (15G/1T) -> 23/24 Japan Rugby League One - Division 1 (13G/1T) -> 22/23 Japan Rugby League One - Division 1 (12G/1T)
Blair Ryall,ブレア ・ライアル,FL,トヨタヴェルブリッツ（2025-26）,194,110,2001.10.26,24,リンカーン,,リンカーン,B,3,https://league-one.jp/player/485506,,,,,,25/26 Japan Rugby League One - Division 1 (3G) -> 24/25 Japan Rugby League One - Division 1 (3G) -> 23/24 Southland (6G/1T) -> 22/23 Southland (10G) -> 21/22 Southland (5G/1T)
Matt McGahan,マット ・マッガーン,SO,トヨタヴェルブリッツ（2025-26）,185,89,1993.04.21,32,マウント・アルバート・グラマー,,マウント・アルバート・グラマー,A,59,https://league-one.jp/player/485507,,,,,,25/26 Japan Rugby League One - Division 1 (2G/1T) -> 24/25 Japan Rugby League One - Division 1 (16G/1T) -> 23/24 Japan Rugby League One - Division 1 (15G) -> 22/23 Japan Rugby League One - Division 1 (16G/5T) -> 21/22 Japan Rugby League One - Division 1 (11G/4T) -> 18/19 Super Rugby (5G) -> 15/16 Super Rugby (11G) -> 14/15 Super Rugby (2G/1T)
Isaiah Mapusua,アイザイア ・マプスア,FL,トヨタヴェルブリッツ（2025-26）,191,112,2000.12.21,25,キングスカレッジ,慶應義塾大学,キングスカレッジ 慶應義塾,A,33,https://league-one.jp/player/485508,,,日本代表5CAP,,,25/26 Japan Rugby League One - Division 1 (5G) -> 24/25 Japan Rugby League One - Division 1 (11G/2T) -> 23/24 Japan Rugby League One - Division 1 (14G/4T) -> 22/23 Japan Rugby League One - Division 1 (6G/1T)
Kippei Taninaka,谷中 樹平,SH,トヨタヴェルブリッツ（2025-26）,177,80,2000.06.04,25,御所実業高校,帝京大学,御所実業 帝京,A,0,https://league-one.jp/player/485509,,,,,,No Data
Kouta Oyabu,大籔 洸太,WTB,トヨタヴェルブリッツ（2025-26）,181,90,2001.03.05,24,春日丘高校,帝京大学,春日丘 帝京,A,0,https://league-one.jp/player/485510,,,,,,No Data
Chihiro Matsuyama,松山 千大,CTB,トヨタヴェルブリッツ（2025-26）,173,88,2001.01.05,25,大阪桐蔭高校,帝京大学,大阪桐蔭 帝京,A,0,https://league-one.jp/player/485511,,,'18 高校,,,No Data
Yuichiro Wada,和田 悠一郎,WTB,トヨタヴェルブリッツ（2025-26）,178,88,1999.08.30,26,東海大大阪仰星高校,同志社大学,東海大仰星 同志社,A,12,https://league-one.jp/player/485512,,,'19 U20,,,25/26 Japan Rugby League One - Division 1 (2G) -> 24/25 Japan Rugby League One - Division 1 (4G/1T) -> 23/24 Japan Rugby League One - Division 1 (8G/3T)
Viliame Tuidraki,ヴィリアメ ・ツイドラキ,WTB,トヨタヴェルブリッツ（2025-26）,184,97,1997.01.09,28,ラトゥナヴラカレッジ,摂南大学,ラトゥナヴラカレッジ 摂南,A,42,https://league-one.jp/player/485513,,,,,,25/26 Japan Rugby League One - Division 1 (4G) -> 24/25 Japan Rugby League One - Division 1 (11G/5T) -> 23/24 Japan Rugby League One - Division 1 (13G/7T) -> 22/23 Japan Rugby League One - Division 1 (16G/5T) -> 21/22 Japan Rugby League One - Division 1 (1G)
Takemichi Nakano,中野 剛通,FB,トヨタヴェルブリッツ（2025-26）,186,96,1996.12.18,29,天理高校,日本体育大学,天理 日本体育,A,0,https://league-one.jp/player/485514,,,,,,No Data
William Tupou,ウィリアム ・トゥポウ,FL,トヨタヴェルブリッツ（2025-26）,188,101,1990.07.20,35,ブリスベンステート,,ブリスベンステート,A,44,https://league-one.jp/player/485515,,,日本代表12CAP、Test Matchs(4CAP),,,25/26 Japan Rugby League One - Division 1 (5G/1T) -> 24/25 Japan Rugby League One - Division 1 (9G/3T) -> 23/24 Japan Rugby League One - Division 1 (14G/1T) -> 22/23 Japan Rugby League One - Division 1 (11G/1T) -> 21/22 Japan Rugby League One - Division 1 (7G/1T) -> 19/20 Test Matchs (1G) -> Rugby World Cup 2 0 0  -> 18/19 Test Matchs (3G) -> Pacific Nations Cup 3 0 0  -> 17/18 Super Rugby (6G/2T) -> 16/17 Super Rugby (8G/1T)
Shuhei Yamaguchi,山口 修平,CTB,トヨタヴェルブリッツ（2025-26）,183,100,1996.07.21,29,同志社香里高校,同志社大学,同志社香里 同志社,A,23,https://league-one.jp/player/485516,,,'11 U20,,,24/25 Japan Rugby League One - Division 1 (4G) -> 23/24 Japan Rugby League One - Division 1 (10G/1T) -> 22/23 Japan Rugby League One - Division 1 (10G/3T)
Vatiliai Tuidraki,バティリアイ ・ツイドラキ,CTB,トヨタヴェルブリッツ（2025-26）,182,98,1995.01.04,31,ワントゥリーヒル,,ワントゥリーヒル,A,9,https://league-one.jp/player/485517,,,,,,24/25 Japan Rugby League One - Division 1 (1G) -> 22/23 Japan Rugby League One - Division 1 (5G) -> 21/22 Japan Rugby League One - Division 1 (3G)
Shinya Komura,小村 真也,UTB,トヨタヴェルブリッツ（2025-26）,180,92,2002.05.28,23,ハミルトンボーイズ,帝京大学,ハミルトンボーイズ 帝京,A,12,https://league-one.jp/player/486439,,,'25 XV、日本代表3CAP,,,25/26 Japan Rugby League One - Division 1 (8G/1T) -> Test Matchs 1 0 0  -> 24/25 Japan Rugby League One - Division 1 (9G/1T)
Pieter Steph Du Toit,ピーターステフ ・デュトイ,FL,トヨタヴェルブリッツ（2025-26）,200,112,1992.08.20,33,ホエルスクール・スワ—トランド,,ホエルスクール・スワ—トランド,C,38,https://league-one.jp/player/488137,,,Autumn Nations Series(2CAP),,,25/26 Japan Rugby League One - Division 1 (3G/1T) -> 24/25 Autumn Nations Series (2G/1T) -> Test Matchs 2 0 0  -> Rugby Championship 3 0 2 (2G) -> 23/24 Japan Rugby League One - Division 1 (11G) -> Test Matchs 3 0 1  -> Rugby World Cup 4 0 1 (1G) -> Rugby Championship 5 0 0 (3G) -> 22/23 Japan Rugby League One - Division 1 (14G/2T) -> Rugby Championship 2 0 1 (1G) -> 21/22 Japan Rugby League One - Division 1 (10G) -> Rugby Championship 2 0 2  -> 20/21 Rainbow Cup SA (4G/1T) -> 19/20 Super Rugby (5G) -> Rugby World Cup 5 0 1 (1G) -> 18/19 Super Rugby (10G) -> Rugby Championship 2 1 0  -> 17/18 Super Rugby (13G) -> Rugby Championship 3 0 3  -> 16/17 Super Rugby (13G) -> Rugby Championship 2 2 2 (1G) -> 15/16 Super Rugby (14G/3T) -> Rugby World Cup 3 0 1  -> Rugby Championship 2 0 4 (1G) -> 14/15 Super Rugby (5G) -> 13/14 Super Rugby (3G)
Siosaia Fifita,シオサイア ・フィフィタ,CTB,トヨタヴェルブリッツ（2025-26）,187,105,1998.12.20,27,日本航空石川高校,天理高校,日本航空石川 天理,A,59,https://league-one.jp/player/488138,,,日本代表16CAP、Test Matchs(2CAP),,,25/26 Japan Rugby League One - Division 1 (8G/3T) -> 24/25 Japan Rugby League One - Division 1 (17G/3T) -> Test Matchs 1 0 0  -> 23/24 Japan Rugby League One - Division 1 (16G/5T) -> 22/23 Japan Rugby League One - Division 1 (13G/6T) -> Autumn Nations Series 0 0 2 (1G) -> 21/22 Japan Rugby League One - Division 2 (10G/9T) -> 20/21 Test Matchs (2G/1T) -> 19/20 Super Rugby (6G/2T)
Keishin Iwamoto,岩本 圭伸,FL,マツダスカイアクティブズ広島（2025-26）,180,93,2003.01.08,23,常翔学園高校,近畿大学,常翔学園高校 近畿大学,A,2,https://league-one.jp/player/484610,,,,,,25/26 Japan Rugby League One - Division 3 (2G)
Kanto Watanabe,渡邉 完徒,FL,マツダスカイアクティブズ広島（2025-26）,182,100,2002.07.23,23,明和県央高校,天理大学,明和県央高校 天理大学,A,0,https://league-one.jp/player/484611,,,,,,No Data
Takehiro Watanabe,渡部 雄大,CTB,マツダスカイアクティブズ広島（2025-26）,170,90,2002.09.04,23,新田高校,朝日大学,新田高校 朝日大学,A,2,https://league-one.jp/player/484612,,,,,,25/26 Japan Rugby League One - Division 3 (2G)
Shumpei Matsuzawa,松澤 駿平,CTB,マツダスカイアクティブズ広島（2025-26）,178,88,2002.09.25,23,京都成章高校,帝京大学,京都成章高校 帝京大学,A,2,https://league-one.jp/player/484613,,,,,,25/26 Japan Rugby League One - Division 3 (5G/2T)
Eugene Guaini,グアイニ 優人,FL,マツダスカイアクティブズ広島（2025-26）,177,96,2002.09.12,23,石見智翠館高校,帝京大学,石見智翠館高校 帝京大学,A,0,https://league-one.jp/player/484614,,,,,,No Data
Clynton Knox,ノックス クリントン,CTB,マツダスカイアクティブズ広島（2025-26）,182,98,1992.12.27,33,コーパスクリスティ,,コーパスクリスティ高校,A,42,https://league-one.jp/player/484615,,,,,,25/26 Japan Rugby League One - Division 3 (4G/4T) -> 24/25 Japan Rugby League One - Division 3 (12G/7T) -> Japan Rugby League One - Division 2 0 0 2 (1G) -> 23/24 Japan Rugby League One - Division 1 (10G/2T) -> 22/23 Japan Rugby League One - Division 2 (7G/3T) -> Japan Rugby League One - Division 1 2 0 0  -> 21/22 Japan Rugby League One - Division 2 (9G/1T)
Andrew Davidson,アンドリュー ・デビッドソン,LO,マツダスカイアクティブズ広島（2025-26）,202,113,1996.11.07,29,ケルビンサイドアカデミー,,ケルビンサイドアカデミー,B,17,https://league-one.jp/player/484616,,,,,,25/26 Japan Rugby League One - Division 3 (5G/7T) -> 24/25 Japan Rugby League One - Division 3 (13G/6T) -> Japan Rugby League One - Division 2 0 0 2 (1G) -> 23/24 Premiership Rugby Cup (3G/2T) -> RFU Championship 11 0 3 (3G) -> 22/23 Premiership Rugby Cup (3G) -> Premiership 0 0 2  -> 21/22 Premiership (20G) -> Premiership Rugby Cup 1 0 0 (1G) -> Challenge Cup 3 0 2  -> 20/21 Edinburgh (9G/1T) -> Champions Cup 0 0 1  -> 19/20 Glasgow (6G/1T) -> Challenge Cup 0 0 1  -> 18/19 Glasgow (2G) -> Premiership 5 0 8 (1G) -> 17/18 Anglo Welsh Cup (3G/1T)
Sam Chongkit,サム ・チョンキット,LO,マツダスカイアクティブズ広島（2025-26）,198,107,1995.03.02,30,ハミルトンボーイズ,,ハミルトンボーイズ高校,A,32,https://league-one.jp/player/484617,,,,,,25/26 Japan Rugby League One - Division 3 (6G/1T) -> 23/24 Japan Rugby League One - Division 3 (8G) -> 22/23 Japan Rugby League One - Division 1 (14G) -> 21/22 Japan Rugby League One - Division 2 (11G/2T)
Issen Kano,嘉納 一千,SO,マツダスカイアクティブズ広島（2025-26）,177,84,2002.01.12,23,大阪桐蔭高校,同志社大学,大阪桐蔭高校 同志社大学,A,17,https://league-one.jp/player/484618,,,,,,25/26 Japan Rugby League One - Division 3 (5G/1T) -> 24/25 Japan Rugby League One - Division 3 (13G/2T) -> Japan Rugby League One - Division 2 0 0 2 
Hitaka Inoue,井上 陽公,SO,マツダスカイアクティブズ広島（2025-26）,175,79,2001.10.27,24,京都工学院高校,帝京大学,京都工学院高校 帝京大学,A,12,https://league-one.jp/player/484619,,,,,,24/25 Japan Rugby League One - Division 3 (14G/1T)
Taiyo Fukuyama,福山 太陽,SH,マツダスカイアクティブズ広島（2025-26）,175,78,2001.11.28,24,滋賀学園高校,近畿大学,滋賀学園高校 近畿大学,A,16,https://league-one.jp/player/484620,,,,,,25/26 Japan Rugby League One - Division 3 (6G/1T) -> 24/25 Japan Rugby League One - Division 3 (12G/3T) -> Japan Rugby League One - Division 2 0 0 2 
Taisei Hiranuma,平沼 泰成,HO,マツダスカイアクティブズ広島（2025-26）,170,96,2002.03.18,23,中部大学春日丘高校,近畿大学,中部大学春日丘高校 近畿大学,A,0,https://league-one.jp/player/484621,,,,,,No Data
Ryoto Tomita,富田 凌仁,PR,マツダスカイアクティブズ広島（2025-26）,170,105,2001.12.20,24,若狭東高校,天理大学,若狭東高校 天理大学,A,6,https://league-one.jp/player/484622,,,,,,25/26 Japan Rugby League One - Division 3 (2G) -> 24/25 Japan Rugby League One - Division 3 (5G) -> Japan Rugby League One - Division 2 0 0 1 
Shota Kasai,葛西 翔太,PR,マツダスカイアクティブズ広島（2025-26）,173,115,2001.10.21,24,筑紫高校,九州共立大学,筑紫高校 九州共立大学,A,3,https://league-one.jp/player/484623,,,,,,25/26 Japan Rugby League One - Division 3 (2G) -> 24/25 Japan Rugby League One - Division 3 (2G) -> Japan Rugby League One - Division 2 0 0 1 
Kohei Tanaka,田中 康平,FB,マツダスカイアクティブズ広島（2025-26）,183,88,2000.12.19,25,土佐塾高校,東洋大学,土佐塾高校 東洋大学,A,4,https://league-one.jp/player/484624,,,,,,24/25 Japan Rugby League One - Division 3 (2G) -> 23/24 Japan Rugby League One - Division 3 (2G)
Haruki Umemoto,梅本 遥己,PR,マツダスカイアクティブズ広島（2025-26）,175,100,2000.05.22,25,立命館慶祥高校,立命館大学,立命館慶祥高等学校 立命館大学,A,16,https://league-one.jp/player/484625,,,,,,25/26 Japan Rugby League One - Division 3 (4G) -> 24/25 Japan Rugby League One - Division 3 (11G/3T) -> Japan Rugby League One - Division 2 0 0 1  -> 23/24 Japan Rugby League One - Division 3 (2G)
Syunya Motoyama,本山 峻也,CTB,マツダスカイアクティブズ広島（2025-26）,173,83,2000.10.01,25,関西学院高等学部,関西学院大学,関西学院高等学部 関西学院大学,A,10,https://league-one.jp/player/484626,,,,,,25/26 Japan Rugby League One - Division 3 (4G/2T) -> 24/25 Japan Rugby League One - Division 3 (2G) -> 23/24 Japan Rugby League One - Division 3 (7G)
Tadatsugu Kanayama,金山 忠次,PR,マツダスカイアクティブズ広島（2025-26）,179,110,2000.09.08,25,天理高校,天理大学,天理高校 天理大学,A,22,https://league-one.jp/player/484627,,,,,,25/26 Japan Rugby League One - Division 3 (6G) -> 24/25 Japan Rugby League One - Division 3 (12G) -> 23/24 Japan Rugby League One - Division 3 (8G)
JACOB ABEL,ジェイコブ ・アベル,SH,マツダスカイアクティブズ広島（2025-26）,174,92,1997.10.30,28,セイントエドマンズカレッジ,,セイントエドマンズカレッジ,B,35,https://league-one.jp/player/484628,,,,,,25/26 Japan Rugby League One - Division 3 (2G/3T) -> 24/25 Japan Rugby League One - Division 3 (12G/4T) -> Japan Rugby League One - Division 2 0 0 2  -> 23/24 Japan Rugby League One - Division 3 (12G/4T) -> 22/23 Japan Rugby League One - Division 3 (7G/4T) -> 19/20 Super Rugby AU (5G)
Taichi Yokoo,横尾 太一,HO,マツダスカイアクティブズ広島（2025-26）,172,95,1999.11.12,26,東海大仰星高校,立命館大学,東海大仰星高校 立命館大学,A,21,https://league-one.jp/player/484629,,,,,,25/26 Japan Rugby League One - Division 3 (4G/1T) -> 24/25 Japan Rugby League One - Division 3 (8G/2T) -> 23/24 Japan Rugby League One - Division 3 (11G/1T)
Ren Ouchi,大内 錬,FB,マツダスカイアクティブズ広島（2025-26）,183,88,1999.01.22,26,佐野日本大学高校,東洋大学,佐野日本大学高等学校 東洋大学,A,11,https://league-one.jp/player/484630,,,,,,25/26 Japan Rugby League One - Division 3 (4G/1T) -> 23/24 Japan Rugby League One - Division 3 (3G) -> 22/23 Japan Rugby League One - Division 3 (6G/1T)
Kaiha Noda,野田 海生,LO,マツダスカイアクティブズ広島（2025-26）,187,110,1999.10.28,26,尼崎高校,天理大学,市立尼崎高校 天理大学,A,15,https://league-one.jp/player/484631,,,,,,25/26 Japan Rugby League One - Division 3 (1G) -> 24/25 Japan Rugby League One - Division 3 (3G) -> 23/24 Japan Rugby League One - Division 3 (7G/1T) -> 22/23 Japan Rugby League One - Division 3 (5G)
Koki Nakano,中野 光基,HO,マツダスカイアクティブズ広島（2025-26）,180,105,2000.03.10,25,大阪桐蔭高校,帝京大学,大阪桐蔭高校 帝京大学,A,15,https://league-one.jp/player/484632,,,,,,24/25 Japan Rugby League One - Division 3 (1G) -> 23/24 Japan Rugby League One - Division 3 (8G/1T) -> 22/23 Japan Rugby League One - Division 3 (6G/1T)
Kaito Sasaoka,笹岡 海斗,CTB,マツダスカイアクティブズ広島（2025-26）,174,85,1999.07.15,26,京都成章高校,京都産業大学,京都成章高校 京都産業大学,A,29,https://league-one.jp/player/484633,,,,,,25/26 Japan Rugby League One - Division 3 (4G) -> 24/25 Japan Rugby League One - Division 3 (12G/1T) -> Japan Rugby League One - Division 2 0 0 2  -> 23/24 Japan Rugby League One - Division 3 (9G/3T) -> 22/23 Japan Rugby League One - Division 3 (6G/1T)
TEVIN FERRIS,テヴィン ・フェリス,FL,マツダスカイアクティブズ広島（2025-26）,187,113,1996.07.24,29,マンジュラバプティストカレッジ,,マンジュラバプティストカレッジ,A,51,https://league-one.jp/player/484634,,,,,,25/26 Japan Rugby League One - Division 3 (5G/1T) -> 24/25 Japan Rugby League One - Division 3 (13G/1T) -> Japan Rugby League One - Division 2 0 0 2  -> 23/24 Japan Rugby League One - Division 3 (12G/1T) -> 22/23 Japan Rugby League One - Division 3 (10G) -> 21/22 Japan Rugby League One - Division 2 (12G/3T) -> 19/20 Super Rugby AU (5G)
Kotaro Tstsuno,龍野 光太朗,SH,マツダスカイアクティブズ広島（2025-26）,170,80,1998.05.17,27,佐賀工業高校,帝京大学,佐賀工業 帝京大学,A,24,https://league-one.jp/player/484635,,,,,,Not Found
Ginjiro Sakiguchi,サキ,FB,マツダスカイアクティブズ広島（2025-26）,175,75,1994.11.25,31,大阪桐蔭高校,同志社大学,大阪桐蔭高校 同志社大学,A,45,https://league-one.jp/player/484636,,,,,,25/26 Japan Rugby League One - Division 3 (6G/2T) -> 24/25 Japan Rugby League One - Division 3 (12G/7T) -> Japan Rugby League One - Division 2 0 0 2  -> 23/24 Japan Rugby League One - Division 3 (9G/2T) -> 22/23 Japan Rugby League One - Division 3 (11G/2T) -> 21/22 Japan Rugby League One - Division 2 (9G/1T)
Keisuke Nakamoto,中本 圭介,FB,マツダスカイアクティブズ広島（2025-26）,180,83,1992.12.01,33,流通経済大学付属柏高校,立命館大学,流通経済大学付属柏高校 立命館大学,A,6,https://league-one.jp/player/484637,,,,,,24/25 Japan Rugby League One - Division 3 (2G) -> 23/24 Japan Rugby League One - Division 3 (4G)
Haruki Kitajima,北島 遥生,WTB,マツダスカイアクティブズ広島（2025-26）,172,85,1995.04.16,30,常翔学園高校,法政大学,常翔学園 法政大学,A,29,https://league-one.jp/player/484638,,,,,,24/25 Japan Rugby League One - Division 3 (2G) -> 23/24 Japan Rugby League One - Division 3 (12G/1T) -> 22/23 Japan Rugby League One - Division 3 (5G/1T) -> 21/22 Japan Rugby League One - Division 2 (10G/1T)
Yuto Nakamura,中村 悠人,WTB,マツダスカイアクティブズ広島（2025-26）,177,90,1998.03.02,27,東海大学付属福岡高校,京都産業大学,東海大学付属福岡高校 京都産業大学,A,47,https://league-one.jp/player/484639,,,,,,25/26 Japan Rugby League One - Division 3 (2G/1T) -> 24/25 Japan Rugby League One - Division 3 (14G/6T) -> Japan Rugby League One - Division 2 0 0 2 (1G) -> 23/24 Japan Rugby League One - Division 3 (12G/7T) -> 22/23 Japan Rugby League One - Division 3 (6G/2T) -> 21/22 Japan Rugby League One - Division 2 (13G/1T)
Kohei Kamei,亀井 康平,CTB,マツダスカイアクティブズ広島（2025-26）,174,75,1997.06.27,28,摂津高校,帝京大学,摂津高校 帝京大学,A,30,https://league-one.jp/player/484640,,,,,,25/26 Japan Rugby League One - Division 3 (5G/5T) -> 24/25 Japan Rugby League One - Division 3 (8G/4T) -> Japan Rugby League One - Division 2 0 0 2  -> 23/24 Japan Rugby League One - Division 3 (3G) -> 22/23 Japan Rugby League One - Division 3 (4G) -> 21/22 Japan Rugby League One - Division 2 (11G/1T)
Hayato Kanamaru,金丸 勇人,CTB,マツダスカイアクティブズ広島（2025-26）,175,76,1994.02.28,31,天理高校?U部,天理大学,天理高校?U部 天理大学,A,15,https://league-one.jp/player/484641,,,,,,24/25 Japan Rugby League One - Division 3 (4G) -> 23/24 Japan Rugby League One - Division 3 (4G/2T) -> 22/23 Japan Rugby League One - Division 3 (3G) -> 21/22 Japan Rugby League One - Division 2 (4G)
Ryotaro Saito,齊藤 遼太郎,SO,マツダスカイアクティブズ広島（2025-26）,174,80,1992.12.04,33,東海大仰星高校,天理大学,東海大仰星高校 天理大学,A,26,https://league-one.jp/player/484642,,,,,,25/26 Japan Rugby League One - Division 3 (2G) -> 24/25 Japan Rugby League One - Division 3 (2G) -> 23/24 Japan Rugby League One - Division 3 (11G) -> 22/23 Japan Rugby League One - Division 3 (8G) -> 21/22 Japan Rugby League One - Division 2 (5G)
Tsubasa Kono,河野 翼,SH,マツダスカイアクティブズ広島（2025-26）,163,70,1995.07.03,30,東海大仰星高校,京都産業大学,東海大仰星高校 京都産業大学,A,21,https://league-one.jp/player/484643,,,,,,24/25 Japan Rugby League One - Division 3 (2G/1T) -> 23/24 Japan Rugby League One - Division 3 (1G) -> 22/23 Japan Rugby League One - Division 3 (8G) -> 21/22 Japan Rugby League One - Division 2 (11G/1T)
Dai Goto,後藤 大,SH,マツダスカイアクティブズ広島（2025-26）,166,73,1992.12.27,33,東福岡高校,立命館大学,東福岡高校 立命館大学,A,26,https://league-one.jp/player/484644,,,,,,23/24 Japan Rugby League One - Division 3 (8G) -> 22/23 Japan Rugby League One - Division 3 (5G) -> 21/22 Japan Rugby League One - Division 2 (13G/1T)
Tomoki Ashida,芦田 朋輝,FL,マツダスカイアクティブズ広島（2025-26）,183,105,1995.03.24,30,名南工業高校,愛知工業大学,名南工業高校 愛知工業大学,A,47,https://league-one.jp/player/484645,,,,,,25/26 Japan Rugby League One - Division 3 (3G) -> 24/25 Japan Rugby League One - Division 3 (13G/3T) -> Japan Rugby League One - Division 2 0 0 2 (2G) -> 23/24 Japan Rugby League One - Division 3 (11G/2T) -> 22/23 Japan Rugby League One - Division 3 (9G/1T) -> 21/22 Japan Rugby League One - Division 2 (12G/2T)
Iori Suzuki,鈴木 伊織,No8,マツダスカイアクティブズ広島（2025-26）,180,100,1997.10.20,28,関東学院六浦高校,関東学院大学,関東学院六浦高等学校 関東学院大学,A,45,https://league-one.jp/player/484646,,,,,,25/26 Japan Rugby League One - Division 3 (1G) -> 24/25 Japan Rugby League One - Division 3 (14G/1T) -> Japan Rugby League One - Division 2 0 0 2  -> 23/24 Japan Rugby League One - Division 3 (11G/1T) -> 22/23 Japan Rugby League One - Division 3 (10G) -> 21/22 Japan Rugby League One - Division 2 (9G)
Tomohiro Takeda,武田 知大,HO,マツダスカイアクティブズ広島（2025-26）,175,90,1996.09.11,29,尾道高校,京都産業大学,尾道高校 京都産業大学,A,46,https://league-one.jp/player/484647,,,,,,25/26 Japan Rugby League One - Division 3 (6G/3T) -> 24/25 Japan Rugby League One - Division 3 (10G/5T) -> Japan Rugby League One - Division 2 0 0 2  -> 23/24 Japan Rugby League One - Division 3 (9G/6T) -> 22/23 Japan Rugby League One - Division 3 (10G/8T) -> 21/22 Japan Rugby League One - Division 2 (13G/2T)
Yutaro Tanaka,田中 雄太郎,LO,マツダスカイアクティブズ広島（2025-26）,185,105,1998.04.05,27,立命館宇治高校,立命館大学,立命館宇治高校 立命館大学,A,48,https://league-one.jp/player/484648,,,,,,25/26 Japan Rugby League One - Division 3 (6G) -> 24/25 Japan Rugby League One - Division 3 (12G/1T) -> Japan Rugby League One - Division 2 0 0 2  -> 23/24 Japan Rugby League One - Division 3 (12G/1T) -> 22/23 Japan Rugby League One - Division 3 (10G) -> 21/22 Japan Rugby League One - Division 2 (10G)
Ramo Sato,佐藤 羅雲,LO,マツダスカイアクティブズ広島（2025-26）,185,99,1997.04.08,28,つるぎ,帝京大学,徳島県立つるぎ高等学校 帝京大学,A,31,https://league-one.jp/player/484649,,,,,,25/26 Japan Rugby League One - Division 3 (2G) -> 24/25 Japan Rugby League One - Division 3 (11G/1T) -> 23/24 Japan Rugby League One - Division 3 (1G) -> 22/23 Japan Rugby League One - Division 3 (12G) -> 21/22 Japan Rugby League One - Division 2 (7G)
Yusuke Kitabayashi,北林 佑介,HO,マツダスカイアクティブズ広島（2025-26）,172,104,1995.08.12,30,東海大仰星高校,帝京大学,東海大仰星高校 帝京大学,A,22,https://league-one.jp/player/484650,,,'13 高校,,,25/26 Japan Rugby League One - Division 3 (2G/1T) -> 24/25 Japan Rugby League One - Division 3 (11G/5T) -> Japan Rugby League One - Division 2 0 0 2  -> 23/24 Japan Rugby League One - Division 3 (1G) -> 22/23 Japan Rugby League One - Division 3 (7G/1T) -> 21/22 Japan Rugby League One - Division 2 (1G/1T)
Yuji Takahashi,高橋 裕司,PR,マツダスカイアクティブズ広島（2025-26）,170,100,1997.09.30,28,日本文理大学附属高校,日本文理大学,日本文理大学附属高等学校 日本文理大学,A,12,https://league-one.jp/player/484651,,,,,,23/24 Japan Rugby League One - Division 3 (1G) -> 22/23 Japan Rugby League One - Division 3 (5G) -> 21/22 Japan Rugby League One - Division 2 (6G)
Koshi Kato,加藤 滉紫,PR,マツダスカイアクティブズ広島（2025-26）,172,90,1996.06.02,29,専修大学松戸高校,天理大学,専修大学松戸高校 天理大学,A,41,https://league-one.jp/player/484652,,,,,,25/26 Japan Rugby League One - Division 3 (6G/1T) -> 24/25 Japan Rugby League One - Division 3 (14G/7T) -> Japan Rugby League One - Division 2 0 0 2  -> 23/24 Japan Rugby League One - Division 3 (12G) -> 22/23 Japan Rugby League One - Division 3 (1G) -> 21/22 Japan Rugby League One - Division 2 (10G/2T)
Koushiro Shigenobu,重信 滉史郎,PR,マツダスカイアクティブズ広島（2025-26）,175,100,1995.09.28,30,高鍋高校,朝日大学,高鍋高校 朝日大学,A,19,https://league-one.jp/player/484653,,,,,,22/23 Japan Rugby League One - Division 3 (12G) -> 21/22 Japan Rugby League One - Division 2 (7G)
Tomoya Otake,大竹 智也,PR,マツダスカイアクティブズ広島（2025-26）,180,104,1993.04.02,32,広島工業高校,天理大学,広島工業高校 天理大学,A,38,https://league-one.jp/player/484654,,,,,,24/25 Japan Rugby League One - Division 3 (10G) -> Japan Rugby League One - Division 2 0 0 1  -> 23/24 Japan Rugby League One - Division 3 (8G/1T) -> 22/23 Japan Rugby League One - Division 3 (11G) -> 21/22 Japan Rugby League One - Division 2 (8G/2T)
Tomonori Koyanagi,小ヤナギ,PR,マツダスカイアクティブズ広島（2025-26）,177,120,1992.01.06,34,報徳学園高校,東海大学,報徳学園 東海大学,A,39,https://league-one.jp/player/484655,,,,,,25/26 Japan Rugby League One - Division 3 (4G) -> 24/25 Japan Rugby League One - Division 3 (6G) -> Japan Rugby League One - Division 2 0 0 2  -> 23/24 Japan Rugby League One - Division 3 (10G) -> 22/23 Japan Rugby League One - Division 3 (12G) -> 21/22 Japan Rugby League One - Division 2 (9G)
TYE NASH,タイ ・ナッシュ,LO,マツダスカイアクティブズ広島（2025-26）,196,114,1996.05.17,29,FaserCoastAnglican,立正大学,FaserCoastAnglican 立正大学,A,29,https://league-one.jp/player/484656,,,,,,25/26 Japan Rugby League One - Division 3 (5G/1T) -> 24/25 Japan Rugby League One - Division 3 (9G/1T) -> Japan Rugby League One - Division 2 0 0 2  -> 23/24 Japan Rugby League One - Division 3 (7G) -> 21/22 Japan Rugby League One - Division 3 (8G/1T) -> Japan Rugby League One - Division 2 1 0 0 
Jackson Pugh,ジャクソン ・ピュー,FL,マツダスカイアクティブズ広島（2025-26）,197,110,2000.02.03,25,AranmoreCatholicCollege,,AranmoreCatholicCollege,C,24,https://league-one.jp/player/484658,,,,,,25/26 Japan Rugby League One - Division 3 (6G/4T) -> 24/25 Japan Rugby League One - Division 3 (13G/9T) -> Japan Rugby League One - Division 2 0 0 2 (1G) -> 23/24 Japan Rugby League One - Division 3 (7G/1T) -> 22/23 Super Rugby Pacific (7G/2T) -> 21/22 Super Rugby Pacific (7G/1T)
Soopyung Lee,李 修平,CTB,マツダスカイアクティブズ広島（2025-26）,179,80,1989.08.09,36,大阪日新高校,大阪体育大学,大阪日新高校 大阪体育大学,A,35,https://league-one.jp/player/485711,,,,,,25/26 Japan Rugby League One - Division 3 (1G) -> 24/25 Japan Rugby League One - Division 3 (5G/2T) -> 23/24 Japan Rugby League One - Division 3 (5G) -> 22/23 Japan Rugby League One - Division 3 (12G/1T) -> 21/22 Japan Rugby League One - Division 2 (13G/3T)
Zane Marolt,ゼイン ・マロルト,LO,ヤクルトレビンズ戸田（2025-26）,203,110,2000.03.01,25,セントエドマンズカレッジ,,セントエドマンズカレッジ,B,2,https://league-one.jp/player/484758,,,,,,25/26 Japan Rugby League One - Division 3 (6G/1T)
Ryuki Hayashi,林 琉輝,HO,ヤクルトレビンズ戸田（2025-26）,171,97,2000.09.29,25,日本大学高校,日本大学,日本大学高等学校 日本大学,A,2,https://league-one.jp/player/484759,,,,,,25/26 Japan Rugby League One - Division 3 (6G/1T)
Apisalome Bogidrau,アピサロメ ・ボギドラウ,PR,ヤクルトレビンズ戸田（2025-26）,190,120,1998.01.10,27,ラトゥカンダブレブスクール,流通経済大学,ラトゥカンダブレブスクール 流通経済大学,A,9,https://league-one.jp/player/484760,,,,,,25/26 Japan Rugby League One - Division 3 (5G/1T) -> 23/24 Japan Rugby League One - Division 2 (5G) -> Japan Rugby League One - Division 1 1 0 1 (1G)
Ryotaro Asami,浅見 亮太郎,CTB,ヤクルトレビンズ戸田（2025-26）,178,90,2002.12.14,23,流通経済大学付属柏高校,筑波大学,流通経済大学付属柏 筑波大学,A,0,https://league-one.jp/player/484761,,,,,,No Data
Tsubasa Shinno,新野 翼,WTB,ヤクルトレビンズ戸田（2025-26）,172,82,2002.05.26,23,石見智翠館高校,専修大学,石見智翠館高校 専修大学,A,1,https://league-one.jp/player/484762,,,,,,25/26 Japan Rugby League One - Division 3 (5G/3T)
Eigi Fushimi,伏見 永城,SH,ヤクルトレビンズ戸田（2025-26）,165,70,2002.06.11,23,甲府工業高校,日本体育大学,甲府工業高校 日本体育大学,A,0,https://league-one.jp/player/484763,,,,,,No Data
Yamato Tanigawa,谷川 和,SO,ヤクルトレビンズ戸田（2025-26）,175,78,2003.02.05,22,大阪桐蔭高校,龍谷大学,大阪桐蔭高校 龍谷大学,A,0,https://league-one.jp/player/484764,,,,,,No Data
Kei Ono,大野 敬,FL,ヤクルトレビンズ戸田（2025-26）,173,90,2002.04.11,23,鹿児島実業高校,日本大学,鹿児島実業高校 日本大学,A,0,https://league-one.jp/player/484765,,,,,,No Data
Meishi Watanabe,渡辺 明志,PR,ヤクルトレビンズ戸田（2025-26）,172,110,2002.04.26,23,佐賀工業高校,法政大学,佐賀工業高校 法政大学,A,0,https://league-one.jp/player/484766,,,,,,24/25 Japan Rugby League One - Division 3 (1G)
Haruka Egihata,江木畠 悠加,PR,ヤクルトレビンズ戸田（2025-26）,176,100,2002.12.14,23,大分舞鶴高校,立命館大学,大分舞鶴高校 立命館大学,A,0,https://league-one.jp/player/484767,,,,,,25/26 Japan Rugby League One - Division 3 (2G/1T)
Mitsuki Ito,伊藤 光希,SH,ヤクルトレビンズ戸田（2025-26）,165,71,2002.05.09,23,桐蔭学園高校,立教大学,桐蔭学園高校 立教大学,A,0,https://league-one.jp/player/484768,,,,,,No Data
Ryunosuke Aoyagi,青柳,CTB,ヤクルトレビンズ戸田（2025-26）,176,87,2002.08.10,23,國學院栃木高校,帝京大学,國學院栃木高校 帝京大学,A,0,https://league-one.jp/player/484769,,,,,,No Data
Antonio Mikaele-Tuu,アントニオ ・ミカエリトゥ,CTB,ヤクルトレビンズ戸田（2025-26）,185,100,1997.11.06,28,へスティングボーイズ高高校,マッセイ大学,へスティングボーイズ高 マッセイ大学,B,36,https://league-one.jp/player/484770,,,,,,Not Found
Moses Jones,モーゼス ・ジョーンズ,SO,ヤクルトレビンズ戸田（2025-26）,190,90,2002.06.18,23,ブリスベン高高校,,ブリスベン高,B,0,https://league-one.jp/player/484771,,,,,,25/26 Japan Rugby League One - Division 3 (4G)
Jumpei Tada,多田 潤平,SH,ヤクルトレビンズ戸田（2025-26）,165,76,1990.09.05,35,高鍋高校,明治大学,高鍋高校 明治大学,A,17,https://league-one.jp/player/484772,,,,,,Not Found
Ryu Suzuki,鈴木 龍,WTB,ヤクルトレビンズ戸田（2025-26）,183,84,2000.12.01,25,昌平高校,中央大学,昌平高校 中央大学,A,0,https://league-one.jp/player/484773,,,,,,No Data
Mizuki Niura,二浦 瑞樹,SO,ヤクルトレビンズ戸田（2025-26）,167,76,1997.05.20,28,明大中野高校,明治大学,明大中野高校 明治大学,A,0,https://league-one.jp/player/484774,,,,,,No Data
Ren Taninaka,谷中 廉,CTB,ヤクルトレビンズ戸田（2025-26）,171,83,2002.03.11,23,御所実業高校,中京大学,御所実業高校 中京大学,A,3,https://league-one.jp/player/484775,,,,,,25/26 Japan Rugby League One - Division 3 (1G) -> 24/25 Japan Rugby League One - Division 3 (3G)
Kiyoshi Ishii,石井 清,PR,ヤクルトレビンズ戸田（2025-26）,171,102,1992.06.04,33,京都外大西高校,龍谷大学,京都外大西高校 龍谷大学,A,4,https://league-one.jp/player/484776,,,,,,25/26 Japan Rugby League One - Division 3 (5G) -> 24/25 Japan Rugby League One - Division 3 (2G)
Rikiya Oishi,大石 力也,FL,ヤクルトレビンズ戸田（2025-26）,190,95,1993.01.29,32,岡谷工業高校,山梨学院大学,岡谷工業高等学校 山梨学院大学,A,11,https://league-one.jp/player/484777,,,,,,25/26 Japan Rugby League One - Division 3 (4G) -> 24/25 Japan Rugby League One - Division 3 (7G) -> 21/22 Japan Rugby League One - Division 1 (4G)
Takumi Hurukawa,古川 拓実,CTB,ヤクルトレビンズ戸田（2025-26）,168,83,1995.07.03,30,目黒学院高校,東洋大学,目黒学院高等学校 東洋大学,A,15,https://league-one.jp/player/484778,,,,,,Not Found
Atsushi Furuya,古屋 篤史,PR,ヤクルトレビンズ戸田（2025-26）,175,112,1994.06.13,31,日川高校,専修大学,日川高校 専修大学,A,17,https://league-one.jp/player/484779,,,,,,25/26 Japan Rugby League One - Division 3 (5G) -> 24/25 Japan Rugby League One - Division 3 (15G/1T)
Daichi Saito,斉藤 大智,WTB,ヤクルトレビンズ戸田（2025-26）,174,83,1998.09.12,27,黒沢尻高校,法政大学,黒沢尻高等学校 法政大学,A,0,https://league-one.jp/player/484780,,,,,,25/26 Japan Rugby League One - Division 3 (1G)
Masashi Ogawa,小川 正志,LO,ヤクルトレビンズ戸田（2025-26）,185,100,1996.01.18,29,長崎北陽台高校,帝京大学,長崎北陽台高校 帝京大学,A,12,https://league-one.jp/player/484781,,,,,,24/25 Japan Rugby League One - Division 3 (12G)
Iori Nozaki,野ザキ,PR,ヤクルトレビンズ戸田（2025-26）,180,106,1994.02.23,31,国学院栃木高校,東洋大学,国学院栃木高校 東洋大学,A,15,https://league-one.jp/player/484782,,,,,,25/26 Japan Rugby League One - Division 3 (5G) -> 24/25 Japan Rugby League One - Division 3 (13G/1T)
Takumi Handa,半田 巧,HO,ヤクルトレビンズ戸田（2025-26）,176,98,1998.01.17,27,石見智翠館高校,大阪産業大学,石見智翠館高校 大阪産業大学,A,6,https://league-one.jp/player/484783,,,,,,25/26 Japan Rugby League One - Division 3 (6G) -> 24/25 Japan Rugby League One - Division 3 (4G)
Kai Oshiro,大城 海,FB,ヤクルトレビンズ戸田（2025-26）,176,80,1994.03.20,31,東福岡高校,立命館大学,東福岡高校 立命館大学,A,2,https://league-one.jp/player/484784,,,,,,25/26 Japan Rugby League One - Division 3 (4G)
Kosuke Urabe,占部 航典,FL,ヤクルトレビンズ戸田（2025-26）,178,97,1995.07.07,30,東福岡高校,筑波大学,東福岡高校 筑波大学,A,16,https://league-one.jp/player/484785,,,'15 U20、'15 U23,,,25/26 Japan Rugby League One - Division 3 (5G/1T) -> 24/25 Japan Rugby League One - Division 3 (14G)
Daichi Kono,河野 大地,PR,ヤクルトレビンズ戸田（2025-26）,174,105,1997.05.06,28,東海大仰星高校,東海大学,東海大仰星高校 東海大学,A,15,https://league-one.jp/player/484786,,,,,,25/26 Japan Rugby League One - Division 3 (3G) -> 24/25 Japan Rugby League One - Division 3 (15G)
Fuma Uekata,上片 風馬,HO,ヤクルトレビンズ戸田（2025-26）,176,102,1999.03.29,26,長崎北陽台高校,帝京大学,長崎北陽台高校 帝京大学,A,6,https://league-one.jp/player/484787,,,,,,24/25 Japan Rugby League One - Division 3 (7G/1T)
Takuma Suto,須藤 拓真,FL,ヤクルトレビンズ戸田（2025-26）,172,96,1996.09.22,29,明和県央高校,日本大学,明和県央高校 日本大学,A,5,https://league-one.jp/player/484788,,,,,,24/25 Japan Rugby League One - Division 3 (5G)
Ippei Oshima,大嶌 一平,SH,ヤクルトレビンズ戸田（2025-26）,175,80,1995.08.22,30,常翔学園高校,名城大学,常翔学園 名城大学,A,19,https://league-one.jp/player/484789,,,,,,25/26 Japan Rugby League One - Division 3 (6G) -> 24/25 Japan Rugby League One - Division 3 (10G) -> 21/22 Japan Rugby League One - Division 2 (9G/1T) -> Japan Rugby League One - Division 1 2 0 0 
Masaya Makino,牧野 真也,LO,ヤクルトレビンズ戸田（2025-26）,187,98,1996.01.07,30,清教学園高校,中央大学,清教学園高校 中央大学,A,10,https://league-one.jp/player/484790,,,,,,25/26 Japan Rugby League One - Division 3 (5G) -> 24/25 Japan Rugby League One - Division 3 (8G)
Shunsuke Tani,谷 峻輔,HO,ヤクルトレビンズ戸田（2025-26）,180,110,1994.12.02,31,大阪桐蔭高校,大阪体育大学,大阪桐蔭高校 大阪体育大学,A,14,https://league-one.jp/player/484791,,,,,,25/26 Japan Rugby League One - Division 3 (6G) -> 24/25 Japan Rugby League One - Division 3 (12G/1T)
Koichi Endo,遠藤 孝一,PR,ヤクルトレビンズ戸田（2025-26）,182,114,1999.01.02,27,国学院栃木高校,明治大学,国学院栃木高校 明治大学,A,0,https://league-one.jp/player/484792,,,,,,No Data
Naoki Izutani,泉谷 尚輝,SO,ヤクルトレビンズ戸田（2025-26）,178,83,2001.11.22,24,東海大仰星高校,関西学院大学,東海大仰星高校 関西学院大学,A,0,https://league-one.jp/player/484793,,,,,,No Data
Shun Sawamura,沢村 舜,WTB,ヤクルトレビンズ戸田（2025-26）,172,82,1998.04.26,27,鶴来高校,日本体育大学,鶴来高校 日本体育大学,A,15,https://league-one.jp/player/484794,,,,,,25/26 Japan Rugby League One - Division 3 (6G/2T) -> 24/25 Japan Rugby League One - Division 3 (13G/3T)
Genki Tokushige,徳重 元気,PR,ヤクルトレビンズ戸田（2025-26）,182,120,1990.08.27,35,鹿児島実業高校,九州共立大学,鹿児島実業高校 九州共立大学,A,14,https://league-one.jp/player/484795,,,,,,25/26 Japan Rugby League One - Division 3 (4G) -> 24/25 Japan Rugby League One - Division 3 (12G)
Kenshin Takada,高,FB,ヤクルトレビンズ戸田（2025-26）,173,82,2001.06.29,24,浦和高校,筑波大学,浦和高校 筑波大学,A,0,https://league-one.jp/player/484805,,,,,,No Data
Daisuke Yokoyama,横山 大輔,No8,ヤクルトレビンズ戸田（2025-26）,184,100,1993.12.25,32,RangioraHighSchool,筑波大学,RangioraHighSchool 筑波大学,A,14,https://league-one.jp/player/484797,,,,,,25/26 Japan Rugby League One - Division 3 (2G) -> 24/25 Japan Rugby League One - Division 3 (8G/1T) -> 21/22 Japan Rugby League One - Division 1 (4G)
Kagechika Ota,太田 景親,WTB,ヤクルトレビンズ戸田（2025-26）,177,80,1999.12.25,26,長崎南山高校,中京大学,長崎南山高校 中京大学,A,14,https://league-one.jp/player/484798,,,,,,25/26 Japan Rugby League One - Division 3 (1G) -> 24/25 Japan Rugby League One - Division 3 (14G/2T)
Yuto Usuda,臼田 湧人,LO,ヤクルトレビンズ戸田（2025-26）,182,100,1999.06.12,26,国学院久我山高校,明治大学,国学院久我山高校 明治大学,A,17,https://league-one.jp/player/484799,,,,,,25/26 Japan Rugby League One - Division 3 (5G) -> 24/25 Japan Rugby League One - Division 3 (15G)
Hiroto Oka,岡 大翔,LO,ヤクルトレビンズ戸田（2025-26）,190,110,2002.02.05,23,京都成章高校,帝京大学,京都成章高校 帝京大学,A,0,https://league-one.jp/player/484800,,,,,,No Data
Atomu Shirai,白井 吾士矛,CTB,ヤクルトレビンズ戸田（2025-26）,174,96,1995.11.01,30,桐蔭学園高校,中央大学,桐蔭学園高等学校 中央大学,A,15,https://league-one.jp/player/484801,,,,,,25/26 Japan Rugby League One - Division 3 (6G) -> 24/25 Japan Rugby League One - Division 3 (13G/1T) -> 22/23 Japan Rugby League One - Division 1 (1G)
Sota Saito,齋藤 聡汰,SO,ヤクルトレビンズ戸田（2025-26）,178,84,2000.12.15,25,御所実業高校,山梨学院大学,御所実業高校 山梨学院大学,A,0,https://league-one.jp/player/484802,,,,,,No Data
Gen Mori,守 源,LO,ヤクルトレビンズ戸田（2025-26）,184,100,2000.07.19,25,立教新座高校,立教大学,立教新座高校 立教大学,A,2,https://league-one.jp/player/484803,,,,,,24/25 Japan Rugby League One - Division 3 (2G)
Masatoshi Doi,土井 將聖,WTB,ヤクルトレビンズ戸田（2025-26）,173,80,1997.09.26,28,常翔啓光学園高校,立正大学,常翔啓光学園高校 立正大学,A,17,https://league-one.jp/player/484804,,,,,,25/26 Japan Rugby League One - Division 3 (5G/2T) -> 24/25 Japan Rugby League One - Division 3 (15G/3T)
Patrick McCurran,パトリック ・マクカラン,FL,ヤクルトレビンズ戸田（2025-26）,191,98,1998.06.05,27,ハミルトンボーイズ高高校,オタゴ大大学,ハミルトンボーイズ高 オタゴ大,B,0,https://league-one.jp/player/485478,,,,,,25/26 Japan Rugby League One - Division 3 (4G) -> 24/25 Waikato (2G) -> 23/24 Waikato (10G/2T) -> 22/23 Waikato (4G/1T) -> 21/22 Waikato (9G/2T)
Kazuki Yasui,安居 一輝,HO,ルリーロ福岡（2025-26）,170,95,2000.03.14,25,上宮太子高校,近畿大学,上宮太子高校 近畿大学,A,0,https://league-one.jp/player/484911,,,,,,No Data
Shunya Kato,加藤 舜也,FL,ルリーロ福岡（2025-26）,164,85,1999.10.12,26,正平高校,東海大学,正平高校 東海大学,A,0,https://league-one.jp/player/484912,,,,,,No Data
Yusuke Aramaki,荒牧 佑輔,FB,ルリーロ福岡（2025-26）,178,83,1988.12.01,37,小倉高校,関東学院大学,小倉高校 関東学院大学,A,15,https://league-one.jp/player/484913,,,,,,25/26 Japan Rugby League One - Division 3 (5G/1T) -> 24/25 Japan Rugby League One - Division 2 (2G) -> 23/24 Japan Rugby League One - Division 2 (4G) -> 22/23 Japan Rugby League One - Division 3 (6G/1T) -> 21/22 Japan Rugby League One - Division 3 (1G/1T)
KENTARO OBATA,小畑 健太郎,SH,ルリーロ福岡（2025-26）,172,73,1996.12.03,29,伏見工業高校,帝京大学,伏見工業高校 帝京大学,A,14,https://league-one.jp/player/484914,,,,,,25/26 Japan Rugby League One - Division 3 (2G) -> 23/24 Japan Rugby League One - Division 1 (7G/1T) -> 22/23 Japan Rugby League One - Division 1 (4G) -> 21/22 Japan Rugby League One - Division 1 (1G)
SITALEKITAUFA MAKISI,シタレキタウファ ・マキシ,CTB,ルリーロ福岡（2025-26）,187,104,1997.06.26,28,TongaCollegeAtele,花園大学,TongaCollegeAtele 花園大学,A,0,https://league-one.jp/player/484915,,,,,,Not Found
Shoon Kataoka,片岡 初音,WTB,ルリーロ福岡（2025-26）,178,82,1998.04.28,27,ブリスベンステイトハイスクール,,ブリスベンステイトハイスクール,A,0,https://league-one.jp/player/484916,,,,,,Not Found
KAITO SHIGE,重 海人,SH,ルリーロ福岡（2025-26）,165,63,1998.05.20,27,鹿児島工業高校,帝京大学,鹿児島工業高校 帝京大学,A,0,https://league-one.jp/player/484917,,,,,,No Data
SHO MORITA,盛田 生,SH,ルリーロ福岡（2025-26）,176,85,1999.09.08,26,朝明高校,天理大学,朝明高校 天理大学,A,0,https://league-one.jp/player/484918,,,,,,Not Found
MASAHIRO ERIGUCHI,江里口 真弘,LO,ルリーロ福岡（2025-26）,186,105,2000.05.05,25,大分東明高校,帝京大学,大分東明高校 帝京大学,A,21,https://league-one.jp/player/484919,,,,,,25/26 Japan Rugby League One - Division 3 (5G) -> 24/25 Japan Rugby League One - Division 2 (13G/2T) -> 23/24 Japan Rugby League One - Division 2 (6G)
Haru Tomoda,友田 晴,HO,ルリーロ福岡（2025-26）,170,100,2001.05.25,24,常総学院高校,東北福祉大学,常総学院高校 東北福祉大学,A,0,https://league-one.jp/player/484920,,,,,,Not Found
YUUKI MITAMURA,三田村 裕城,SH,ルリーロ福岡（2025-26）,172,78,2001.06.05,24,石見智翠館高校,摂南大学,石見智翠館高校 摂南大学,A,0,https://league-one.jp/player/484921,,,,,,Not Found
Elijah Uitime,エライジャ ・ウィチメ,No8,ルリーロ福岡（2025-26）,185,117,2000.08.02,25,タワカレッジ,オークランド大学,タワカレッジ オークランド大学,B,0,https://league-one.jp/player/484922,,,,,,No Data
DAISUKE FUJIKURA,藤倉 大介,PR,ルリーロ福岡（2025-26）,180,123,2001.05.20,24,國學院栃木高校,大東文化大学,國學院栃木高校 大東文化大学,A,2,https://league-one.jp/player/484923,,,,,,25/26 Japan Rugby League One - Division 3 (5G)
Fakataha Havili,ファカタハ ・ハビリ,CTB,ルリーロ福岡（2025-26）,178,94,2002.07.01,23,高知中高校,京都産業大学,高知中高校 京都産業大学,A,0,https://league-one.jp/player/484924,,,,,,Not Found
Yoshiteru Hino,日野 芳輝,FB,ルリーロ福岡（2025-26）,172,80,2003.03.17,22,御所実業高校,九州共立大学,御所実業高校 九州共立大学,A,0,https://league-one.jp/player/484925,,,,,,No Data
Kennto Yamamoto,山本 健人,PR,ルリーロ福岡（2025-26）,178,104,2002.11.15,23,坂出第一高校,名古屋学院大学,坂出第一高校 名古屋学院大学,A,0,https://league-one.jp/player/484926,,,,,,Not Found
Rihito Katou,加藤 璃一,FL,ルリーロ福岡（2025-26）,172,88,2002.10.27,23,栄徳高校,名古屋学院大学,栄徳高校 名古屋学院大学,A,0,https://league-one.jp/player/484927,,,,,,Not Found
Koutarou Ohashi,大橋 興太郎,LO,ルリーロ福岡（2025-26）,190,100,2002.09.20,23,九州国際大学附属高校,日本体育大学,九州国際大学附属高等学校 日本体育大学,A,0,https://league-one.jp/player/484928,,,,,,Not Found
Daigo Uehata,上畑 大吾,FB,ルリーロ福岡（2025-26）,178,83,2003.03.20,22,鹿児島工業高校,福岡工業大学,鹿児島工業高校 福岡工業大学,A,0,https://league-one.jp/player/484929,,,,,,No Data
Tsubasa Arai,荒井 翼,PR,ルリーロ福岡（2025-26）,172,106,2003.01.17,22,平塚工科高校,白鴎大学,平塚工科高校 白鴎大学,A,0,https://league-one.jp/player/484930,,,,,,No Data
Chisonn Kinn,金 智成,FL,ルリーロ福岡（2025-26）,174,93,2003.02.22,22,大阪朝鮮高級学校,朝鮮大学校,大阪朝鮮高級学校 朝鮮大学校,A,2,https://league-one.jp/player/484931,,,,,,Not Found
Wataru Furuya,古谷 亘,PR,ルリーロ福岡（2025-26）,168,98,1995.12.30,30,佐野日大高校,日本大学,佐野日大高校 日本大学,A,7,https://league-one.jp/player/484932,,,,,,25/26 Japan Rugby League One - Division 3 (4G) -> 24/25 Japan Rugby League One - Division 3 (2G) -> 22/23 Japan Rugby League One - Division 3 (3G)
KOYO MITSUNAGA,光長 浩悠,WTB,ルリーロ福岡（2025-26）,165,66,1999.12.25,26,上野丘高校,関西学院大学,上野丘高等学校 関西学院大学,A,0,https://league-one.jp/player/484933,,,,,,Not Found
SHUN TERAWAKI,寺脇 駿,PR,ルリーロ福岡（2025-26）,177,120,1998.03.26,27,日本航空石川高校,京都産業大学,日本航空石川高校 京都産業大学,A,25,https://league-one.jp/player/484934,,,,,,25/26 Japan Rugby League One - Division 3 (5G) -> 24/25 Japan Rugby League One - Division 3 (12G) -> 22/23 Japan Rugby League One - Division 2 (9G) -> 21/22 Japan Rugby League One - Division 3 (3G)
MASAKAZU YATSUMONJI,八文字 雅和,FB,ルリーロ福岡（2025-26）,180,88,1993.07.14,32,高鍋高校,流通経済大学,高鍋高校 流通経済大学,A,25,https://league-one.jp/player/484935,,,,,,25/26 Japan Rugby League One - Division 3 (5G/1T) -> 24/25 Japan Rugby League One - Division 3 (15G/3T) -> 21/22 Japan Rugby League One - Division 3 (8G/3T)
HIBIKI NAKAZAWA,中澤 響,FB,ルリーロ福岡（2025-26）,171,83,1998.12.01,27,東京農業大学第二高校,流通経済大学,東京農業大学第二高校 流通経済大学,A,8,https://league-one.jp/player/484936,,,,,,24/25 Japan Rugby League One - Division 3 (8G)
YUUKI KOUNO,河野 友希,FB,ルリーロ福岡（2025-26）,177,85,1996.05.01,29,流通経済大柏高校,筑波大学,流経大柏 筑波大学,A,7,https://league-one.jp/player/484937,,,,,,Not Found
TATTO KATSUTA,勝田 龍登,FB,ルリーロ福岡（2025-26）,170,80,2002.02.19,23,RangitotoCollege,,RangitotoCollege,A,0,https://league-one.jp/player/484938,,,,,,Not Found
HARUTO MAKIYAMA,牧山 遥登,WTB,ルリーロ福岡（2025-26）,165,70,2005.06.29,20,石見智翠館高校,,石見智翠館高校,A,0,https://league-one.jp/player/484939,,,,,,Not Found
TSUYOSHI HASEGAWA,長谷川 毅,WTB,ルリーロ福岡（2025-26）,176,83,2000.09.05,25,筑紫丘高校,帝京大学,筑紫丘高校 帝京大学,A,3,https://league-one.jp/player/484940,,,,,,24/25 Japan Rugby League One - Division 3 (3G)
DAICHI NAGAYAMA,永山 大地,WTB,ルリーロ福岡（2025-26）,176,88,2000.10.15,25,流通経済大学付属柏高校,流通経済大学,流通経済大学付属柏高校 流通経済大学,A,3,https://league-one.jp/player/484941,,,,,,25/26 Japan Rugby League One - Division 3 (5G) -> 24/25 Japan Rugby League One - Division 3 (1G)
YOSHITSUMI SHIMORA,下良 好純,WTB,ルリーロ福岡（2025-26）,176,91,1993.11.12,32,東海大大阪仰星高校,京都産業大学,東海大仰星 京都産業大学,A,1,https://league-one.jp/player/484942,,,,,,24/25 Japan Rugby League One - Division 3 (1G)
RAFI KUROKAWA,黒川 ラフィ,WTB,ルリーロ福岡（2025-26）,178,79,1994.11.09,31,筑陽学園高校,専修大学,筑陽学園 専修大学,A,0,https://league-one.jp/player/484943,,,,,,Not Found
TAKUTO KAJIWARA,梶原 拓人,WTB,ルリーロ福岡（2025-26）,181,84,1998.12.18,27,北稜高校,関西外国語大学,京都府立北稜高等学校 関西外国語大学,A,0,https://league-one.jp/player/484944,,,,,,Not Found
SYUUTO INOUE,井上 柊人,WTB,ルリーロ福岡（2025-26）,173,80,1999.11.24,26,東海大学附属福岡高校,福岡工業大学,東海大学附属福岡高校 福岡工業大学,A,0,https://league-one.jp/player/484945,,,,,,Not Found
TAROU IDE,井手 太朗,WTB,ルリーロ福岡（2025-26）,172,77,2000.11.15,25,東福岡高校,福岡大学,東福岡 福岡大学,A,4,https://league-one.jp/player/484946,,,,,,24/25 Japan Rugby League One - Division 3 (4G)
DOGA MAEDA,前田 土芽,FB,ルリーロ福岡（2025-26）,179,90,1996.11.30,29,海星高校,筑波大学,海星高校 筑波大学,A,28,https://league-one.jp/player/484947,,,'13 高校、'16 U20、'16 U23、日本代表4CAP,,,25/26 Japan Rugby League One - Division 3 (2G/2T) -> 24/25 Japan Rugby League One - Division 3 (10G) -> 23/24 Japan Rugby League One - Division 2 (1G) -> 22/23 Japan Rugby League One - Division 1 (5G) -> 21/22 Japan Rugby League One - Division 1 (11G/1T)
REI SHIBATA,柴田 玲,CTB,ルリーロ福岡（2025-26）,177,86,2005.04.10,20,東海大学付属熊本星翔高校,,東海大学付属熊本星翔高校,A,0,https://league-one.jp/player/484948,,,,,,Not Found
ISSEI SHIGE,重 一生,CTB,ルリーロ福岡（2025-26）,171,84,1994.12.05,31,常翔学園高校,帝京大学,常翔学園 帝京大学,A,19,https://league-one.jp/player/484949,,,'13 U23,,,25/26 Japan Rugby League One - Division 3 (3G) -> 24/25 Japan Rugby League One - Division 3 (14G/1T) -> 23/24 Japan Rugby League One - Division 1 (5G/2T)
RINTO KAGAWA,香川 凜人,CTB,ルリーロ福岡（2025-26）,175,85,1997.03.18,28,東海大仰星高校,関西学院大学,東海大仰星高校 関西学院大学,A,15,https://league-one.jp/player/484950,,,,,,25/26 Japan Rugby League One - Division 3 (5G) -> 24/25 Japan Rugby League One - Division 3 (11G/1T) -> 21/22 Japan Rugby League One - Division 3 (2G)
SYOUTAROU MATSUO,松尾 将太郎,SO,ルリーロ福岡（2025-26）,170,82,1996.10.19,29,東福岡高校,明治大学,東福岡高校 明治大学,A,17,https://league-one.jp/player/484951,,,'16 U20,,,Not Found
DAISUKE HIJII,肘井 大輔,SO,ルリーロ福岡（2025-26）,171,82,1998.02.23,27,九州国際大学附属高校,九州共立大学,九州国際大学附属高等学校 九州共立大学,A,0,https://league-one.jp/player/484952,,,,,,Not Found
KENTARO NAGATOMI,永富 健太郎,SO,ルリーロ福岡（2025-26）,183,83,1994.04.02,31,修猷館高校,同志社大学,修猷館高校 同志社大学,A,2,https://league-one.jp/player/484953,,,,,,24/25 Japan Rugby League One - Division 3 (1G) -> 21/22 Japan Rugby League One - Division 1 (1G)
HISANORI MIMATA,三股 久典,SH,ルリーロ福岡（2025-26）,167,72,1995.09.07,30,佐賀工業高校,明治大学,佐賀工業高等学校 明治大学,A,23,https://league-one.jp/player/484954,,,,,,25/26 Japan Rugby League One - Division 3 (5G) -> 24/25 Japan Rugby League One - Division 3 (13G/2T) -> 21/22 Japan Rugby League One - Division 3 (9G/1T)
TAIGA MIHARA,三原 大河,SH,ルリーロ福岡（2025-26）,168,68,2001.09.25,24,東福岡高校,立正大学,東福岡高校 立正大学,A,0,https://league-one.jp/player/484955,,,,,,Not Found
MASAFUMI TANABE,田辺 雅文,SH,ルリーロ福岡（2025-26）,171,80,1994.05.02,31,長崎北陽台高校,専修大学,長崎北陽台高等学校 専修大学,A,8,https://league-one.jp/player/484956,,,,,,25/26 Japan Rugby League One - Division 3 (3G) -> 24/25 Japan Rugby League One - Division 3 (8G)
FUMIYA SAITO,齋藤 史哉,SH,ルリーロ福岡（2025-26）,168,73,2001.08.26,24,佐賀工業高校,日本大学,佐賀工業高校 日本大学,A,0,https://league-one.jp/player/484957,,,,,,Not Found
MASAHITO TONOMOTO,殿元 政仁,FL,ルリーロ福岡（2025-26）,179,94,1996.09.02,29,東福岡高校,専修大学,東福岡高校 専修大学,A,10,https://league-one.jp/player/484958,,,,,,25/26 Japan Rugby League One - Division 3 (3G) -> 24/25 Japan Rugby League One - Division 3 (4G/1T) -> 21/22 Japan Rugby League One - Division 3 (5G/1T)
RYOUSEI KOHARA,小原 稜生,FL,ルリーロ福岡（2025-26）,180,95,1993.10.05,32,京都成章高校,立命館大学,京都成章 立命館大学,A,16,https://league-one.jp/player/484959,,,,,,Not Found
DAISHIROU INOUE,井上 大志郎,FL,ルリーロ福岡（2025-26）,170,87,2001.09.27,24,浮羽究真館高校,福岡大学,浮羽究真館高校 福岡大学,A,7,https://league-one.jp/player/484960,,,,,,25/26 Japan Rugby League One - Division 3 (4G) -> 24/25 Japan Rugby League One - Division 3 (6G)
IOSEFATU MAREKO,イオセファツ ・マレコ,PR,ルリーロ福岡（2025-26）,189,115,1998.04.30,27,LeulumoegaFoucollege,日本大学,LeulumoegaFoucollege 日本大学,A,9,https://league-one.jp/player/484961,,,,,,25/26 Japan Rugby League One - Division 3 (2G) -> 24/25 Japan Rugby League One - Division 3 (8G)
KEITA TERADA,寺田 桂太,LO,ルリーロ福岡（2025-26）,198,113,1995.02.01,30,伏見工業高校,帝京大学,伏見工業高校 帝京大学,A,17,https://league-one.jp/player/484962,,,,,,25/26 Japan Rugby League One - Division 3 (5G) -> 24/25 Japan Rugby League One - Division 3 (15G)
SYUUTA TAKAMI,高見 修太,LO,ルリーロ福岡（2025-26）,180,95,2000.08.16,25,栄徳高校,中部大学,栄徳高校 中部大学,A,7,https://league-one.jp/player/484963,,,,,,25/26 Japan Rugby League One - Division 3 (2G) -> 24/25 Japan Rugby League One - Division 3 (7G)
TATSUYA KUZUMI,葛見 達哉,LO,ルリーロ福岡（2025-26）,192,110,1997.12.17,28,千葉経済大学附属高校,東洋大学,千葉経済大学附属高等学校 東洋大学,A,0,https://league-one.jp/player/484964,,,,,,Not Found
KENNTA UEDA,上田 健太,LO,ルリーロ福岡（2025-26）,183,98,2001.12.28,24,北越高校,流通経済大学,北越高校 流通経済大学,A,12,https://league-one.jp/player/484965,,,,,,Not Found
TAIYOU MINAMI,南 太陽,HO,ルリーロ福岡（2025-26）,173,95,2000.08.06,25,大阪産業大学附属高校,流通経済大学,大阪産業大学附属高等学校 流通経済大学,A,16,https://league-one.jp/player/484966,,,,,,25/26 Japan Rugby League One - Division 3 (5G/2T) -> 24/25 Japan Rugby League One - Division 3 (14G)
ATSURO NAKAMURA,中村 篤郎,HO,ルリーロ福岡（2025-26）,174,97,1994.04.11,31,熊本西高校,流通経済大学,熊本西高校 流通経済大学,A,9,https://league-one.jp/player/484967,,,,,,25/26 Japan Rugby League One - Division 3 (4G) -> 24/25 Japan Rugby League One - Division 3 (5G) -> 23/24 Japan Rugby League One - Division 1 (5G)
YOSHIAKI TAKEUCHI,竹内 嘉章,HO,ルリーロ福岡（2025-26）,170,100,1996.09.24,29,東福岡高校,近畿大学,東福岡高校 近畿大学,A,7,https://league-one.jp/player/484968,,,'16 U20、'16 U23,,,24/25 Japan Rugby League One - Division 3 (7G)
YUUKI UCHIYAMA,内山 友貴,HO,ルリーロ福岡（2025-26）,169,98,1996.09.07,29,石見智翠館高校,天理大学,石見智翠館高校 天理大学,A,0,https://league-one.jp/player/484969,,,,,,Not Found
RYUUJU MURATA,村田 龍寿,PR,ルリーロ福岡（2025-26）,175,105,2000.12.13,25,近畿大学附属高校,近畿大学,近畿大学附属高校 近畿大学,A,0,https://league-one.jp/player/484970,,,,,,Not Found
KANTA HASEGAWA,長谷川 寛太,PR,ルリーロ福岡（2025-26）,179,108,1996.04.23,29,長崎北陽台高校,帝京大学,長崎北陽台高校 帝京大学,A,5,https://league-one.jp/player/484971,,,,,,25/26 Japan Rugby League One - Division 3 (1G) -> 24/25 Japan Rugby League One - Division 3 (2G) -> 21/22 Japan Rugby League One - Division 3 (3G)
TOMOKI NOBETA,延田 朋樹,PR,ルリーロ福岡（2025-26）,170,100,1996.10.28,29,金光藤蔭高校,大阪産業大学,金光藤蔭高校 大阪産業大学,A,27,https://league-one.jp/player/484972,,,,,,25/26 Japan Rugby League One - Division 3 (5G/1T) -> 24/25 Japan Rugby League One - Division 3 (15G) -> 21/22 Japan Rugby League One - Division 2 (11G)
RINTAROU NODA,野田 麟太郎,PR,ルリーロ福岡（2025-26）,172,110,2001.03.25,24,滋賀学園高校,金沢学院大学,滋賀学園高等学校 金沢学院大学,A,8,https://league-one.jp/player/484973,,,,,,24/25 Japan Rugby League One - Division 3 (8G)
YUSYO NARITA,成田 悠祥,PR,ルリーロ福岡（2025-26）,175,108,2001.10.03,24,報徳学園高校,拓殖大学,報徳学園高等学校 拓殖大学,A,0,https://league-one.jp/player/484974,,,,,,Not Found
AMANAKI LISALA,アマナキ ・リサラ,WTB,ルリーロ福岡（2025-26）,188,98,1999.08.17,26,TongaCollegeAtele,,TongaCollegeAtele,B,18,https://league-one.jp/player/485137,,,,,,25/26 Japan Rugby League One - Division 3 (5G/4T) -> 24/25 Japan Rugby League One - Division 3 (13G/9T) -> 22/23 Japan Rugby League One - Division 3 (3G)
FINAU MAKAVAHA,フィナウ ・マカヴァハ,No8,ルリーロ福岡（2025-26）,187,115,1996.10.30,29,トンガカレッジ,花園大学,トンガカレッジ 花園大学,A,13,https://league-one.jp/player/485467,,,,,,25/26 Japan Rugby League One - Division 3 (5G/3T) -> 24/25 Japan Rugby League One - Division 3 (11G/4T)
Manase Havili,マナセ ・ハビリ,CTB,ルリーロ福岡（2025-26）,175,98,2001.04.07,24,高知中央高校,天理大学,高知中央高校 天理大学,A,0,https://league-one.jp/player/485709,,,,,,No Data
Yasue Yoshimitsu,安江 祥光,HO,クボタスピアーズ船橋・東京ベイ（2025-26）,176,109,1984.08.25,41,帝京高校,帝京大学,帝京高校 帝京大学,A,46,https://league-one.jp/player/483732,,,日本代表2CAP,,,24/25 Japan Rugby League One - Division 1 (9G/1T) -> 23/24 Japan Rugby League One - Division 1 (10G/1T) -> 22/23 Japan Rugby League One - Division 1 (18G/4T) -> 21/22 Japan Rugby League One - Division 2 (9G/1T) -> Japan Rugby League One - Division 1 2 0 0 (1G)
Towa Kondo,近藤 翔耶,CTB,クボタスピアーズ船橋・東京ベイ（2025-26）,180,90,2002.09.01,23,東海大学付属大阪仰星高校,東海大学,東海大学付属大阪仰星高校 東海大学,A,0,https://league-one.jp/player/483733,,,,,,No Data
Yuki Asai,浅井 勇暉,LO,クボタスピアーズ船橋・東京ベイ（2025-26）,187,107,2002.10.30,23,仙台高校,慶應義塾大学,仙台高校 慶應義塾大学,A,0,https://league-one.jp/player/483734,,,,,,24/25 Japan Rugby League One - Division 3 (5G) -> 23/24 Japan Rugby League One - Division 3 (9G/1T) -> 22/23 Japan Rugby League One - Division 3 (8G/2T) -> 21/22 Japan Rugby League One - Division 3 (7G)
Yuma Uenobo,上ノ坊 悠馬,FL,クボタスピアーズ船橋・東京ベイ（2025-26）,183,100,2002.07.14,23,尼崎高校,天理大学,市立尼崎高校 天理大学,A,0,https://league-one.jp/player/483735,,,,,,No Data
Shaun Stevenson,ショーン ・スティーブンソン,FB,クボタスピアーズ船橋・東京ベイ（2025-26）,190,92,1996.11.14,29,オークランドグラマースクール,,オークランドグラマースクール,C,9,https://league-one.jp/player/483736,,,,,,25/26 Japan Rugby League One - Division 1 (8G/4T) -> 24/25 Japan Rugby League One - Division 1 (6G/2T) -> 23/24 Super Rugby Pacific (12G/3T) -> 22/23 Super Rugby Pacific (17G/12T) -> 21/22 Super Rugby Pacific (5G/2T) -> 20/21 Super Rugby Aotearoa (6G/1T) -> Super Rugby Trans-Tasman 3 0 1  -> 19/20 Super Rugby (4G/3T) -> Super Rugby Aotearoa 0 0 4  -> 18/19 Super Rugby (11G/4T) -> 17/18 Super Rugby (9G) -> 16/17 Super Rugby (17G/4T) -> 15/16 Super Rugby (6G/2T)
Akira Ieremia,アキラ ・イエレミア,LO,クボタスピアーズ船橋・東京ベイ（2025-26）,194,116,2001.11.14,24,SaintPatrick’sCollegeSilve,,SaintPatrick’sCollegeSilve,A,2,https://league-one.jp/player/483737,,,,,,25/26 Japan Rugby League One - Division 1 (6G) -> 24/25 Japan Rugby League One - Division 1 (1G) -> 23/24 Wellington (10G/1T) -> 22/23 Wellington (4G)
Ollie Stonham,オリー ・ストーンハム,FL,クボタスピアーズ船橋・東京ベイ（2025-26）,193,106,2001.02.16,24,FalstedSchool,,FalstedSchool,B,0,https://league-one.jp/player/483738,,,,,,Not Found
Bryn Hall,ブリン ・ホール,SH,クボタスピアーズ船橋・東京ベイ（2025-26）,183,93,1992.02.03,33,セントピーターズカレッジ,,セントピーターズカレッジ,B,45,https://league-one.jp/player/483739,,,,,,24/25 Japan Rugby League One - Division 1 (18G/1T) -> 23/24 Japan Rugby League One - Division 1 (12G/1T) -> 22/23 Japan Rugby League One - Division 1 (16G/3T) -> 21/22 Super Rugby Pacific (16G/3T) -> 20/21 Super Rugby Aotearoa (9G/1T) -> Super Rugby Trans-Tasman 5 0 0 (1G) -> 19/20 Super Rugby (5G) -> Super Rugby Aotearoa 5 0 1  -> 18/19 Super Rugby (17G/3T) -> 17/18 Super Rugby (18G/6T) -> 16/17 Super Rugby (17G/4T) -> 15/16 Super Rugby (15G/1T) -> 13/14 Super Rugby (16G/2T)
Merwe Olivier,メルヴェ ・オリヴィエ,LO,クボタスピアーズ船橋・東京ベイ（2025-26）,194,108,2002.10.09,23,GreyCollegeHighSchool（グレイカレッジ高校）,,GreyCollegeHighSchool（グレイカレッジ高校）,B,18,https://league-one.jp/player/483740,,,,,,25/26 Japan Rugby League One - Division 1 (8G/2T) -> 24/25 Japan Rugby League One - Division 1 (15G/3T) -> 23/24 Champions Cup (2G) -> 21/22 U20 Summer Series (3G)
Jennings Tsuyoshi,ジニングス ツヨシ,WTB,クボタスピアーズ船橋・東京ベイ（2025-26）,176,86,2003.05.05,22,SwamiVivekanadaCallege,,SwamiVivekanadaCallege,A,0,https://league-one.jp/player/483741,,,,,,No Data
Reo Matsushita,松下 怜央,UTB,クボタスピアーズ船橋・東京ベイ（2025-26）,183,93,2001.01.31,24,関東学院大学六浦高校,早稲田大学,関東学院大学六浦高校 早稲田大学,A,5,https://league-one.jp/player/483742,,,,,,25/26 Japan Rugby League One - Division 1 (4G) -> 24/25 Japan Rugby League One - Division 1 (3G/1T)
Kanji Futamura,二村 莞司,UTB,クボタスピアーズ船橋・東京ベイ（2025-26）,180,87,2001.01.14,24,京都成章高校,帝京大学,京都成章高校 帝京大学,A,3,https://league-one.jp/player/483743,,,'18 高校、'20 U23,,,24/25 Japan Rugby League One - Division 1 (1G) -> 23/24 Japan Rugby League One - Division 1 (2G)
Ougi Yanamoto,梁本 旺義,FL,クボタスピアーズ船橋・東京ベイ（2025-26）,180,95,2000.09.18,25,常翔学園高校,同志社大学,常翔学園 同志社大学,A,1,https://league-one.jp/player/483744,,,'20 U23,,,24/25 Japan Rugby League One - Division 1 (1G/1T)
David Van Zeeland,デーヴィッド ・ヴァンジーランド,LO,クボタスピアーズ船橋・東京ベイ（2025-26）,196,116,2000.02.11,25,StLaurence'sCollege,拓殖大学,StLaurence'sCollege 拓殖大学,A,15,https://league-one.jp/player/483745,,,,,,24/25 Japan Rugby League One - Division 1 (15G/2T)
Toui Kai,甲斐 登生,PR,クボタスピアーズ船橋・東京ベイ（2025-26）,184,115,2000.12.08,25,石見智翠館高校,近畿大学,石見智翠館 近畿大学,A,0,https://league-one.jp/player/483746,,,'18 高校,,,No Data
Kazuki Kato,加藤 一希,PR,クボタスピアーズ船橋・東京ベイ（2025-26）,185,112,1994.12.07,31,中部大学春日丘高校,中部大学,中部大学春日丘高校 中部大学,A,21,https://league-one.jp/player/483747,,,,,,25/26 Japan Rugby League One - Division 1 (6G) -> 24/25 Japan Rugby League One - Division 1 (3G) -> 23/24 Japan Rugby League One - Division 1 (1G) -> 22/23 Japan Rugby League One - Division 1 (6G) -> 21/22 Japan Rugby League One - Division 3 (8G)
Rikus Pretorius,リカス ・プレトリアス,CTB,クボタスピアーズ船橋・東京ベイ（2025-26）,193,104,1999.01.15,26,GreyCollege,,GreyCollege,B,45,https://league-one.jp/player/483748,,,United Rugby Championship(13CAP),,,25/26 Japan Rugby League One - Division 1 (8G/4T) -> 24/25 Japan Rugby League One - Division 1 (20G/7T) -> 23/24 Japan Rugby League One - Division 1 (12G/3T) -> 22/23 Japan Rugby League One - Division 1 (10G/1T) -> 21/22 United Rugby Championship (13G/3T) -> 20/21 Rainbow Cup SA (5G/1T) -> 19/20 Super Rugby (2G) -> Super Rugby Unlocked 4 0 1 (2G) -> 18/19 South Africa U20 (5G/2T)
Halatoa Vailea,ハラトア ・ヴァイレア,FB,クボタスピアーズ船橋・東京ベイ（2025-26）,185,104,1999.02.14,26,日本体育大学柏高校,日本体育大学,日本体育大学柏高校 日本体育大学,A,49,https://league-one.jp/player/483749,,,日本代表2CAP,,,25/26 Japan Rugby League One - Division 1 (6G/4T) -> 24/25 Japan Rugby League One - Division 1 (19G/11T) -> 23/24 Japan Rugby League One - Division 1 (14G/2T) -> 22/23 Japan Rugby League One - Division 1 (11G/4T) -> 21/22 Japan Rugby League One - Division 1 (3G/1T)
Haruto Kida,木田 晴斗,WTB,クボタスピアーズ船橋・東京ベイ（2025-26）,176,90,1999.04.09,26,関西大倉高校,立命館大学,関西大倉高校 立命館大学,A,40,https://league-one.jp/player/483750,,,'19 U20、'19 U23、'20 U23、日本代表2CAP,,,25/26 Japan Rugby League One - Division 1 (6G/5T) -> 24/25 Japan Rugby League One - Division 1 (7G/5T) -> 23/24 Japan Rugby League One - Division 1 (9G/4T) -> 22/23 Japan Rugby League One - Division 1 (16G/17T) -> 21/22 Japan Rugby League One - Division 1 (5G/2T)
Atsushi Oshikawa,押川 敦治,SO,クボタスピアーズ船橋・東京ベイ（2025-26）,173,85,1999.05.22,26,京都成章高校,帝京大学,京都成章高校 帝京大学,A,22,https://league-one.jp/player/483751,,,'17 高校,,,25/26 Japan Rugby League One - Division 1 (6G) -> 24/25 Japan Rugby League One - Division 1 (14G) -> 22/23 Japan Rugby League One - Division 1 (7G)
Asipeli Moala,アシペリ ・モアラ,No8,クボタスピアーズ船橋・東京ベイ（2025-26）,186,114,1998.06.28,27,日本航空石川高校,天理大学,日本航空石川高校 天理大学,A,10,https://league-one.jp/player/483752,,,,,,25/26 Japan Rugby League One - Division 1 (3G) -> 24/25 Japan Rugby League One - Division 1 (5G) -> 23/24 Japan Rugby League One - Division 1 (5G/1T)
Rikuto Fukuda,福田 陸人,HO,クボタスピアーズ船橋・東京ベイ（2025-26）,174,96,1999.12.09,26,国学院大学栃木高校,明治大学,国学院大学栃木高校 明治大学,A,7,https://league-one.jp/player/483753,,,,,,25/26 Japan Rugby League One - Division 1 (7G/1T) -> 24/25 Japan Rugby League One - Division 1 (2G/1T) -> 23/24 Japan Rugby League One - Division 1 (2G)
Yota Kamimori,紙森 陽太,PR,クボタスピアーズ船橋・東京ベイ（2025-26）,172,105,1999.04.26,26,大阪桐蔭高校,近畿大学,大阪桐蔭高校 近畿大学,A,48,https://league-one.jp/player/483754,,,'17 高校、'19 U20、'19 U23、'20 U23、日本代表2CAP,,,25/26 Japan Rugby League One - Division 1 (6G/1T) -> 24/25 Japan Rugby League One - Division 1 (21G) -> 23/24 Japan Rugby League One - Division 1 (15G) -> 22/23 Japan Rugby League One - Division 1 (10G/2T) -> 21/22 Japan Rugby League One - Division 1 (1G)
Opeti Helu,オペティ ・ヘル,PR,クボタスピアーズ船橋・東京ベイ（2025-26）,190,127,1998.07.22,27,ニューイントンカレッジ,,ニューイントンカレッジ,A,63,https://league-one.jp/player/483755,,,日本代表2CAP,,,25/26 Japan Rugby League One - Division 1 (7G/2T) -> 24/25 Japan Rugby League One - Division 1 (18G/2T) -> 23/24 Japan Rugby League One - Division 1 (9G/4T) -> 22/23 Japan Rugby League One - Division 1 (18G/2T) -> 21/22 Japan Rugby League One - Division 1 (15G/4T)
David Bulbring,デーヴィッド ・ブルブリング,LO,クボタスピアーズ船橋・東京ベイ（2025-26）,199,113,1989.09.12,36,AlexanderRoadHighSchool（アレクサンダーロード高校）,Universityofjohannesburg（ヨハ,AlexanderRoadHighSchool（アレクサンダーロード高校） Universityofjohannesburg（ヨハ,A,62,https://league-one.jp/player/483756,,,,,,25/26 Japan Rugby League One - Division 1 (8G) -> 24/25 Japan Rugby League One - Division 1 (19G/3T) -> 23/24 Japan Rugby League One - Division 1 (12G/2T) -> 22/23 Japan Rugby League One - Division 1 (14G/2T) -> 21/22 Japan Rugby League One - Division 1 (14G/1T) -> 18/19 Scarlets (14G) -> Champions Cup 1 0 5  -> 17/18 Scarlets (21G) -> Champions Cup 5 0 3  -> 16/17 Scarlets (14G) -> Champions Cup 1 0 1  -> 15/16 Scarlets (9G)
Masaya Tamaki,玉置 将也,LO,クボタスピアーズ船橋・東京ベイ（2025-26）,188,102,1998.12.22,27,熊野高校,日本体育大学,和歌山県立熊野高等学校 日本体育大学,A,6,https://league-one.jp/player/483757,,,,,,22/23 Japan Rugby League One - Division 1 (7G)
Kenshi Yamamoto,山本 剣士,PR,クボタスピアーズ船橋・東京ベイ（2025-26）,186,115,1997.09.17,28,姫路工業高校,大阪体育大学,兵庫県立姫路工業高等学校 大阪体育大学,A,15,https://league-one.jp/player/483758,,,,,,24/25 Wellington (7G/1T) -> 22/23 Japan Rugby League One - Division 1 (6G/1T) -> 21/22 Japan Rugby League One - Division 1 (9G)
Gerhard van den Heever,ゲラード ・ファンデンヒーファー,FB,クボタスピアーズ船橋・東京ベイ（2025-26）,192,102,1989.04.13,36,AfrikaansBoys'HighSchool（アフリカ—ンスボーイズ高校）,UniversityofPretoria（プレトリ,AfrikaansBoys'HighSchool（アフリカ—ンスボーイズ高校） UniversityofPretoria（プレトリ,A,50,https://league-one.jp/player/483759,,,日本代表5CAP,,,25/26 Japan Rugby League One - Division 1 (3G/2T) -> 24/25 Japan Rugby League One - Division 1 (9G/5T) -> 23/24 Japan Rugby League One - Division 1 (9G/2T) -> 22/23 Japan Rugby League One - Division 1 (16G/4T) -> Autumn Nations Cup 0 0 1  -> 21/22 Japan Rugby League One - Division 1 (16G/6T) -> 18/19 Super Rugby (16G/6T) -> 17/18 Super Rugby (2G/1T) -> 15/16 Munster (10G/2T) -> Champions Cup 1 0 0  -> 14/15 Munster (5G/1T) -> Champions Cup 2 0 1  -> 13/14 Munster (10G/3T) -> Heineken Cup 1 0 0 
Koga Nezuka,根塚 洸雅,WTB,クボタスピアーズ船橋・東京ベイ（2025-26）,173,82,1998.09.15,27,東海大学付属大阪仰星高校,法政大学,東海大学付属大阪仰星高等学校 法政大学,A,55,https://league-one.jp/player/483760,,,'18 U20、'18 U23、'19 U23、日本代表3CAP,,,25/26 Japan Rugby League One - Division 1 (5G/1T) -> 24/25 Japan Rugby League One - Division 1 (12G/6T) -> 23/24 Japan Rugby League One - Division 1 (13G/7T) -> 22/23 Japan Rugby League One - Division 1 (15G/7T) -> 21/22 Japan Rugby League One - Division 1 (12G/4T)
Bernard Foley,バーナード ・フォーリー,SO,クボタスピアーズ船橋・東京ベイ（2025-26）,182,89,1989.09.08,36,RedfieldCollege,UniversityofSydney（シドニー大,RedfieldCollege UniversityofSydney（シドニー大,C,56,https://league-one.jp/player/483761,,,Test Matchs(1CAP),,,25/26 Japan Rugby League One - Division 1 (8G/2T) -> 24/25 Japan Rugby League One - Division 1 (18G/3T) -> 23/24 Japan Rugby League One - Division 1 (8G/5T) -> 22/23 Japan Rugby League One - Division 1 (17G/1T) -> 21/22 Japan Rugby League One - Division 1 (10G/5T) -> 19/20 Test Matchs (1G) -> Rugby World Cup 0 0 1  -> 18/19 Super Rugby (14G/3T) -> Rugby Championship 0 0 1 (1G/2T) -> 17/18 Super Rugby (18G/3T) -> Rugby Championship 2 0 4  -> 16/17 Super Rugby (10G/3T) -> Rugby Championship 2 2 2 (2G/20T) -> 15/16 Super Rugby (12G/1T) -> Rugby World Cup 6 0 1 (2G/12T) -> Rugby Championship 3 0 3 (1G/9T) -> 14/15 Super Rugby (17G/5T) -> Rugby Championship 2 0 0  -> 13/14 Super Rugby (18G/6T) -> Rugby Championship 2 1 3 
Takeo Suenaga,末永 健雄,FL,クボタスピアーズ船橋・東京ベイ（2025-26）,178,98,1994.07.31,31,福岡高校,同志社大学,福岡県立福岡高等学校 同志社大学,A,70,https://league-one.jp/player/483762,,,'12 高校,,,25/26 Japan Rugby League One - Division 1 (8G) -> 24/25 Japan Rugby League One - Division 1 (20G) -> 23/24 Japan Rugby League One - Division 1 (16G/2T) -> 22/23 Japan Rugby League One - Division 1 (17G/2T) -> 21/22 Japan Rugby League One - Division 1 (14G/1T)
PieterLappiesLabuschagne,ピーター ・ラピース・ラブスカフニ,FL,クボタスピアーズ船橋・東京ベイ（2025-26）,189,106,1989.01.11,36,GreyCollegeHighSchool（グレイカレッジ高校）,UniversityoftheFreeState（フリ,GreyCollegeHighSchool（グレイカレッジ高校） UniversityoftheFreeState（フリ,A,49,https://league-one.jp/player/483763,,,,,,Not Found
Hiroyuki Yamasaki,山崎 洋之,WTB,クボタスピアーズ船橋・東京ベイ（2025-26）,175,85,1998.03.08,27,筑紫高校,明治大学,福岡県立筑紫高等学校 明治大学,A,12,https://league-one.jp/player/483764,,,'18 U23,,,23/24 Japan Rugby League One - Division 1 (4G/4T) -> 21/22 Japan Rugby League One - Division 1 (8G/4T)
Ruan Botha,ルアン ・ボタ,LO,クボタスピアーズ船橋・東京ベイ（2025-26）,205,120,1992.01.10,33,JeuglandHighSchool（ジュグランド高校）,,JeuglandHighSchool（ジュグランド高校）,A,56,https://league-one.jp/player/483765,,,,,,25/26 Japan Rugby League One - Division 1 (8G) -> 24/25 Japan Rugby League One - Division 1 (13G/1T) -> 23/24 Japan Rugby League One - Division 1 (15G/2T) -> 22/23 Japan Rugby League One - Division 1 (13G/4T) -> 21/22 Japan Rugby League One - Division 1 (12G) -> 19/20 Premiership Rugby Cup (2G) -> Premiership 2 1 2 (2G) -> Challenge Cup 1 0 1  -> 18/19 Super Rugby (9G/1T) -> 17/18 Super Rugby (17G/2T) -> 16/17 Super Rugby (13G/1T) -> 15/16 Super Rugby (3G) -> 14/15 Super Rugby (9G) -> 13/14 Super Rugby (13G/1T)
Shunta Koga,古賀 駿汰,SH,クボタスピアーズ船橋・東京ベイ（2025-26）,180,85,1997.03.21,28,東福岡高校,青山学院大学,東福岡高等学校 青山学院大学,A,11,https://league-one.jp/player/483766,,,,,,25/26 Japan Rugby League One - Division 1 (3G) -> 24/25 Japan Rugby League One - Division 1 (4G) -> 23/24 Japan Rugby League One - Division 1 (8G)
Faulua Makisi,マキシ ファウルア,FL,クボタスピアーズ船橋・東京ベイ（2025-26）,187,112,1997.01.20,28,日本航空高校石川,天理大学,日本航空高等学校石川 天理大学,A,64,https://league-one.jp/player/483767,,,,,,Not Found
Kota Kaishi,海士 広大,PR,クボタスピアーズ船橋・東京ベイ（2025-26）,172,102,1994.10.07,31,常翔学園高校,同志社大学,常翔学園高等学校 同志社大学,A,56,https://league-one.jp/player/483768,,,日本代表1CAP,,,25/26 Japan Rugby League One - Division 1 (4G) -> 24/25 Japan Rugby League One - Division 1 (18G) -> 23/24 Japan Rugby League One - Division 1 (16G) -> 22/23 Japan Rugby League One - Division 1 (14G/1T) -> 21/22 Japan Rugby League One - Division 1 (6G)
Satoshi Saita,才田 智,PR,クボタスピアーズ船橋・東京ベイ（2025-26）,180,113,1993.06.07,32,東福岡高校,同志社大学,東福岡高等学校 同志社大学,A,14,https://league-one.jp/player/483769,,,,,,23/24 Japan Rugby League One - Division 1 (7G) -> 22/23 Japan Rugby League One - Division 1 (1G) -> 21/22 Japan Rugby League One - Division 1 (7G)
Ippei Okada,岡田 一平,SH,クボタスピアーズ船橋・東京ベイ（2025-26）,165,75,1994.02.16,31,常翔学園高校,早稲田大学,常翔学園高等学校 早稲田大学,A,1,https://league-one.jp/player/483770,,,'14 U23,,,22/23 Japan Rugby League One - Division 1 (1G)
Sione Teaupa,テアウパ シオネ,CTB,クボタスピアーズ船橋・東京ベイ（2025-26）,183,97,1992.07.09,33,TupoucollageHighSchool（トゥポウカレッジ高校）,流通経済大学,TupoucollageHighSchool（トゥポウカレッジ高校） 流通経済大学,A,48,https://league-one.jp/player/483771,,,,,,24/25 Japan Rugby League One - Division 1 (4G) -> 23/24 Japan Rugby League One - Division 1 (12G/4T) -> 22/23 Japan Rugby League One - Division 1 (16G/2T) -> 21/22 Japan Rugby League One - Division 1 (16G/4T) -> 18/19 Super Rugby (1G) -> 17/18 Super Rugby (3G)
Finau Tupa,トゥパ フィナウ,FL,クボタスピアーズ船橋・東京ベイ（2025-26）,190,115,1989.09.23,36,LiahonaHighSchool（リアホナ高校）,,LiahonaHighSchool（リアホナ高校）,A,57,https://league-one.jp/player/483772,,,,,,25/26 Japan Rugby League One - Division 1 (1G) -> 24/25 Japan Rugby League One - Division 1 (13G/4T) -> 23/24 Japan Rugby League One - Division 1 (15G) -> 22/23 Japan Rugby League One - Division 1 (16G/2T) -> 21/22 Japan Rugby League One - Division 1 (12G/7T)
Yuhei Shimada,島田 悠平,WTB,クボタスピアーズ船橋・東京ベイ（2025-26）,183,87,1997.12.25,28,國學院大學久我山高校,筑波大学,國學院大學久我山高等学校 筑波大学,A,17,https://league-one.jp/player/483773,,,,,,24/25 Japan Rugby League One - Division 1 (3G/1T) -> 23/24 Japan Rugby League One - Division 1 (6G/1T) -> 22/23 Japan Rugby League One - Division 1 (8G)
Katsuya Okuma,大熊 克哉,HO,クボタスピアーズ船橋・東京ベイ（2025-26）,170,95,1995.12.23,30,長崎南山高校,近畿大学,長崎南山高等学校 近畿大学,A,0,https://league-one.jp/player/483774,,,,,,No Data
Harumichi Tatekawa,立川 理道,CTB,クボタスピアーズ船橋・東京ベイ（2025-26）,180,93,1989.12.02,36,天理高校,天理大学,天理高等学校 天理大学,A,63,https://league-one.jp/player/483775,,,'07 U20、'08 U20、日本代表62CAP、Test Matchs(5CAP),,,25/26 Japan Rugby League One - Division 1 (2G) -> 24/25 Japan Rugby League One - Division 1 (17G/2T) -> Autumn Nations Series 0 0 1 (1G) -> 23/24 Japan Rugby League One - Division 1 (16G/1T) -> 22/23 Japan Rugby League One - Division 1 (15G) -> 21/22 Japan Rugby League One - Division 1 (15G/1T) -> 18/19 Super Rugby (3G) -> 17/18 Super Rugby (6G) -> 16/17 Super Rugby (2G) -> 15/16 Super Rugby (14G/1T) -> Rugby World Cup 3 0 1  -> 14/15 Test Matchs (2G/1T) -> 13/14 Test Matchs (3G)
Tomoki Kishioka,岸岡 智樹,SO,クボタスピアーズ船橋・東京ベイ（2025-26）,174,83,1997.09.22,28,東海大学付属仰星高校,早稲田大学,東海大学付属仰星高等学校 早稲田大学,A,21,https://league-one.jp/player/483776,,,'17 U20、'17 U23、'19 U23,,,24/25 Japan Rugby League One - Division 1 (3G) -> 23/24 Japan Rugby League One - Division 1 (12G/3T) -> 21/22 Japan Rugby League One - Division 1 (8G/1T)
Kazuhiro Taniguchi,谷口 和洋,SH,クボタスピアーズ船橋・東京ベイ（2025-26）,164,73,1995.02.05,30,都島工業高校,天理大学,大阪市立都島工業高等学校 天理大学,A,34,https://league-one.jp/player/483777,,,,,,25/26 Japan Rugby League One - Division 1 (5G) -> 22/23 Japan Rugby League One - Division 1 (17G/6T) -> 21/22 Japan Rugby League One - Division 1 (15G/7T)
Naoaki Horibe,堀部 直壮,LO,クボタスピアーズ船橋・東京ベイ（2025-26）,192,102,1997.04.17,28,筑紫高校,同志社大学,福岡県立筑紫高等学校 同志社大学,A,7,https://league-one.jp/player/483778,,,'16 U20、'17 U20、'17 U23、'19 U23,,,23/24 Japan Rugby League One - Division 1 (1G) -> 22/23 Japan Rugby League One - Division 1 (3G) -> 21/22 Japan Rugby League One - Division 1 (3G)
Yuki Aoki,青木 祐樹,LO,クボタスピアーズ船橋・東京ベイ（2025-26）,188,105,1992.02.23,33,東洋大学付属牛久高校,日本体育大学,東洋大学付属牛久高等学校 日本体育大学,A,30,https://league-one.jp/player/483779,,,,,,24/25 Japan Rugby League One - Division 1 (3G) -> 23/24 Japan Rugby League One - Division 1 (3G) -> 22/23 Japan Rugby League One - Division 1 (13G/1T) -> 21/22 Japan Rugby League One - Division 1 (11G)
Kengo Kitagawa,北川 賢吾,PR,クボタスピアーズ船橋・東京ベイ（2025-26）,178,106,1992.08.27,33,東福岡高校,同志社大学,東福岡高等学校 同志社大学,A,30,https://league-one.jp/player/483780,,,'11 U20、'13 U23、日本代表3CAP,,,23/24 Japan Rugby League One - Division 1 (7G) -> 22/23 Japan Rugby League One - Division 1 (8G) -> 21/22 Japan Rugby League One - Division 1 (15G)
Genki Mizobuchi,溝渕 元気,SH,クボタスピアーズ船橋・東京ベイ（2025-26）,169,75,2001.12.28,24,大阪産業大学附属高校,関西大学,大阪産業大学附属高校 関西大学,A,0,https://league-one.jp/player/483781,,,,,,No Data
Izi Sword,イジ— ・ソード,PR,クボタスピアーズ船橋・東京ベイ（2025-26）,190,120,2001.06.07,24,アングリカンチャーチグラマースクール,拓殖大学,アングリカンチャーチグラマースクール 拓殖大学,A,4,https://league-one.jp/player/483782,,,,,,25/26 Japan Rugby League One - Division 1 (1G) -> 24/25 Japan Rugby League One - Division 1 (6G)
Kenkichi Yanagawa,梁川 賢吉,FL,クボタスピアーズ船橋・東京ベイ（2025-26）,188,100,2001.12.10,24,尾道高校,筑波大学,尾道高校 筑波大学,A,0,https://league-one.jp/player/483783,,,,,,No Data
Yamada Hibiki,山田 響,UTB,クボタスピアーズ船橋・東京ベイ（2025-26）,174,82,2001.05.02,24,報徳学園高校,慶応義塾大学,報徳学園高校 慶応義塾大学,A,10,https://league-one.jp/player/483784,,,'18 高校,,,25/26 Japan Rugby League One - Division 1 (4G/3T) -> 24/25 Japan Rugby League One - Division 1 (9G/2T)
Yuya Hirose,廣瀬 雄也,CTB,クボタスピアーズ船橋・東京ベイ（2025-26）,182,94,2001.04.07,24,東福岡高校,明治大学,東福岡高校 明治大学,A,16,https://league-one.jp/player/483785,,,'25 XV、日本代表5CAP,,,25/26 Japan Rugby League One - Division 1 (4G) -> 24/25 Japan Rugby League One - Division 1 (17G/3T) -> 23/24 Japan Rugby League One - Division 1 (1G)
Hayate Era,江良 颯,HO,クボタスピアーズ船橋・東京ベイ（2025-26）,172,106,2001.09.18,24,大阪桐蔭高校,帝京大学,大阪桐蔭高校 帝京大学,A,25,https://league-one.jp/player/483786,,,'18 高校、'25 XV、日本代表6CAP,,,25/26 Japan Rugby League One - Division 1 (1G/1T) -> 24/25 Japan Rugby League One - Division 1 (19G/3T) -> Pacific Nations Cup 3 0 1 (3G) -> 23/24 Japan Rugby League One - Division 1 (6G/3T)
Shinobu Fujiwara,藤原 忍,SH,クボタスピアーズ船橋・東京ベイ（2025-26）,171,76,1999.02.08,26,日本航空高校石川,天理大学,日本航空高等学校石川 天理大学,A,72,https://league-one.jp/player/485500,,,'18 U20、'18 U23、'19 U23、'20 U23、日本代表19CAP,,,25/26 Japan Rugby League One - Division 1 (8G/3T) -> Autumn Nations Series 0 0 1  -> 24/25 Japan Rugby League One - Division 1 (20G/5T) -> Autumn Nations Series 0 0 2  -> Pacific Nations Cup 3 0 1 (1G) -> 23/24 Japan Rugby League One - Division 1 (16G/3T) -> 22/23 Japan Rugby League One - Division 1 (18G/4T) -> 21/22 Japan Rugby League One - Division 1 (16G/3T)
Tyler Paul,タイラー ・ポール,LO,クボタスピアーズ船橋・東京ベイ（2025-26）,195,111,1995.01.20,30,セント・アンドリューズ,ネルソン・マンデラ大学,セント・アンドリューズ高校 ネルソン・マンデラ大学,A,53,https://league-one.jp/player/485518,,,日本代表4CAP,,,25/26 Japan Rugby League One - Division 1 (8G/4T) -> Autumn Nations Series 0 0 1  -> 24/25 Japan Rugby League One - Division 1 (15G/2T) -> 23/24 Japan Rugby League One - Division 2 (12G/2T) -> Japan Rugby League One - Division 1 2 0 0 (1G) -> 22/23 Japan Rugby League One - Division 2 (8G/3T) -> Japan Rugby League One - Division 1 0 0 2  -> 21/22 Japan Rugby League One - Division 1 (11G/3T) -> 19/20 Super Rugby (6G/1T) -> 18/19 Super Rugby (9G) -> 17/18 Super Rugby (15G/1T) -> 16/17 Super Rugby (15G/1T)
Keijiro Tamefusa,為房 慶次朗,PR,クボタスピアーズ船橋・東京ベイ（2025-26）,180,108,2001.09.03,24,常翔学園高校,明治大学,常翔学園高校 明治大学,A,26,https://league-one.jp/player/486437,,,日本代表20CAP,,,25/26 Japan Rugby League One - Division 1 (8G/1T) -> Autumn Nations Series 0 0 2  -> 24/25 Japan Rugby League One - Division 1 (18G) -> Test Matchs 2 0 2  -> Pacific Nations Cup 3 0 1 (1G) -> 23/24 Japan Rugby League One - Division 1 (5G/3T)
Malcolm Marx,マルコム ・マークス,HO,クボタスピアーズ船橋・東京ベイ（2025-26）,189,117,1994.07.13,31,キングエドワードVII,,キングエドワードVII高校,C,43,https://league-one.jp/player/486438,,,Summer Nations Series(1CAP)、South Africa(5CAP),,,25/26 Japan Rugby League One - Division 1 (8G/1T) -> Autumn Nations Series 2 0 0  -> 24/25 Japan Rugby League One - Division 1 (19G/10T) -> Test Matchs 3 0 0 (2G) -> Rugby Championship 4 0 2 (4G) -> 23/24 Summer Nations Series (1G/1T) -> Test Matchs 3 0 1 (1G) -> Rugby World Cup 1 0 0  -> Rugby Championship 5 0 1 (4G) -> 22/23 Japan Rugby League One - Division 1 (16G/11T) -> Rugby Championship 1 0 1 (1G) -> 21/22 Japan Rugby League One - Division 1 (5G/7T) -> Test Matchs 2 0 1 (1G) -> 20/21 South Africa (4G/1T) -> Rugby Championship 3 0 3 (3G) -> 19/20 South Africa (1G) -> Rugby World Cup 5 0 1 (1G) -> 18/19 Super Rugby (14G/3T) -> Rugby Championship 1 1 0  -> 17/18 Super Rugby (16G/12T) -> 16/17 Super Rugby (18G/10T) -> Rugby Championship 2 2 2 (2G) -> 15/16 Super Rugby (14G/4T) -> 14/15 Super Rugby (4G/1T) -> 13/14 Super Rugby (2G)
Harry Willard,ハリー ・ウィラード,FL,クボタスピアーズ船橋・東京ベイ（2025-26）,190,110,2003.11.08,22,ウッドハウス・グローブ・スクール,ダラム大学,ウッドハウス・グローブ・スクール ダラム大学,A,0,https://league-one.jp/player/488107,,,,,,22/23 U20 Championship (3G)
Semi Radradra,セミ ・ラドラドラ,CTB,静岡ブルーレヴズ（2025-26）,190,103,1992.06.13,33,ホーリークロスカレッジ,,ホーリークロスカレッジ,C,7,https://league-one.jp/player/484146,,,,,,25/26 Japan Rugby League One - Division 1 (6G/4T) -> 24/25 Top 14 (19G/2T) -> Challenge Cup 2 0 1  -> 23/24 Champions Cup (1G/1T) -> Top 14 5 0 4  -> Rugby World Cup 2 0 2  -> Test Matchs 0 0 1  -> 22/23 Premiership (10G/4T) -> Challenge Cup 4 0 1 (2G) -> 21/22 Premiership (12G/1T) -> Champions Cup 3 0 1 (3G) -> 20/21 Premiership (10G/5T) -> Champions Cup 0 0 1  -> 19/20 Bordeaux (9G/5T) -> Challenge Cup 3 1 0 (2G) -> Challenge Cup 3 0 0 (1G) -> Rugby World Cup 1 0 3 (2G) -> 18/19 Bordeaux (20G/4T) -> Challenge Cup 0 1 0  -> Pacific Nations Cup 2 0 0  -> 17/18 Toulon (17G/3T) -> Champions Cup 4 0 2 (1G)
Daniel Maiava,ダニエル ・マイアヴァ,LO,静岡ブルーレヴズ（2025-26）,194,116,2003.05.26,22,セントジョセフナッジーカレッジ,,セントジョセフナッジーカレッジ,B,0,https://league-one.jp/player/484147,,,,,,25/26 Japan Rugby League One - Division 1 (3G/2T) -> 23/24 Super Rugby Pacific (6G) -> 22/23 Super Rugby Pacific (3G) -> 21/22 Super Rugby Pacific (3G)
Keitatsu Motoyama,本山 佳龍,PR,静岡ブルーレヴズ（2025-26）,188,113,2006.12.26,19,長崎南山高校,,長崎南山高校,A,0,https://league-one.jp/player/484148,,,,,,No Data
SANELE NOHAMBA,サネレ ・ノハンバ,SH,静岡ブルーレヴズ（2025-26）,167,74,1999.01.19,26,DurbanHighSchool,,DurbanHighSchool,B,4,https://league-one.jp/player/484149,,,United Rugby Championship(44CAP),,,25/26 Japan Rugby League One - Division 1 (1G) -> 24/25 United Rugby Championship (7G) -> Challenge Cup 0 0 2  -> 23/24 United Rugby Championship (18G/2T) -> Challenge Cup 1 0 1  -> 22/23 United Rugby Championship (16G/5T) -> Challenge Cup 2 1 1 (2G/6T) -> 21/22 United Rugby Championship (3G) -> 20/21 Rainbow Cup SA (3G) -> 19/20 Super Rugby (7G/1T) -> Super Rugby Unlocked 4 0 1 (1G) -> 18/19 South Africa U20 (5G/2T)
Gen Goto,五島 源,CTB,静岡ブルーレヴズ（2025-26）,173,85,2003.03.28,22,尾道高校,帝京大学,尾道高校 帝京大学,A,0,https://league-one.jp/player/484150,,,,,,No Data
Makoto Tsutsuguchi,筒口 允之,SO,静岡ブルーレヴズ（2025-26）,171,81,2002.04.26,23,長崎南山高校,天理大学,長崎南山高校 天理大学,A,1,https://league-one.jp/player/484151,,,,,,25/26 Japan Rugby League One - Division 1 (2G/1T)
Sena Hosoya,細矢 聖樹,SH,静岡ブルーレヴズ（2025-26）,162,63,2003.03.16,22,國學院栃木高校,早稲田大学,國學院栃木高校 早稲田大学,A,0,https://league-one.jp/player/484152,,,'25 XV,,,No Data
Taisei Fukuda,福田 大晟,FL,静岡ブルーレヴズ（2025-26）,173,95,2002.10.29,23,中部大春日丘高校,明治大学,中部大春日丘高校 明治大学,A,0,https://league-one.jp/player/484153,,,,,,No Data
Takumi Inaba,稲場 巧,PR,静岡ブルーレヴズ（2025-26）,175,110,2002.07.24,23,近畿大学附属高校,近畿大学,近畿大学附属高校 近畿大学,A,5,https://league-one.jp/player/484154,,,,,,25/26 Japan Rugby League One - Division 1 (5G) -> 24/25 Japan Rugby League One - Division 1 (3G)
Justin Sangster,ジャスティン ・サングスター,LO,静岡ブルーレヴズ（2025-26）,198,118,1996.11.30,29,アキナスカレッジ,,アキナスカレッジ高校,B,9,https://league-one.jp/player/484155,,,,,,25/26 Japan Rugby League One - Division 1 (6G) -> 24/25 Japan Rugby League One - Division 1 (7G/2T) -> 23/24 Super Rugby Pacific (13G/2T) -> 22/23 Super Rugby Pacific (4G) -> 21/22 Super Rugby Pacific (9G/1T) -> 20/21 Bay of Plenty (8G/1T)
Valynce Te Whare,ヴァレンス ・テファレ,WTB,静岡ブルーレヴズ（2025-26）,182,110,2000.09.15,25,StPaul'sCollegiateSchoolinHamilton,,StPaul'sCollegiateSchoolinHamilton,B,22,https://league-one.jp/player/484156,,,,,,Not Found
Taiga Kato,加藤 大冴,SH,静岡ブルーレヴズ（2025-26）,170,73,2005.08.24,20,WestlakeBoysHighSchool,,WestlakeBoysHighSchool,A,0,https://league-one.jp/player/484157,,,,,,No Data
Jack Timu,ジャック ・ティム,WTB,静岡ブルーレヴズ（2025-26）,175,89,2004.04.14,21,JohnMcGlashanCollege,OtagoUniversity,JohnMcGlashanCollege OtagoUniversity,B,0,https://league-one.jp/player/484158,,,,,,No Data
Siale Mahina,シアレ ・マヒナ,PR,静岡ブルーレヴズ（2025-26）,175,110,2005.08.23,20,BrisbaneStateHighSchool,,BrisbaneStateHighSchool,A,0,https://league-one.jp/player/484159,,,,,,25/26 Japan Rugby League One - Division 1 (1G)
Eito Maki,槇 瑛人,WTB,静岡ブルーレヴズ（2025-26）,176,86,2000.10.18,25,國學院久我山高校,早稲田大学,國學院久我山高校 早稲田大学,A,15,https://league-one.jp/player/484160,,,'18 高校,,,24/25 Japan Rugby League One - Division 1 (1G) -> 23/24 Japan Rugby League One - Division 1 (6G) -> 22/23 Japan Rugby League One - Division 1 (8G/2T)
Shunsuke Ito,伊藤 峻祐,CTB,静岡ブルーレヴズ（2025-26）,178,90,2000.05.02,25,桐蔭学園高校,東海大学,桐蔭学園高校 東海大学,A,3,https://league-one.jp/player/484161,,,,,,25/26 Japan Rugby League One - Division 1 (1G) -> 23/24 Japan Rugby League One - Division 1 (3G)
Kenta Iemura,家村 健太,SO,静岡ブルーレヴズ（2025-26）,176,92,2001.02.08,24,流通経済大柏高校,京都産業大学,流通経済大柏高校 京都産業大学,A,33,https://league-one.jp/player/484162,,,,,,25/26 Japan Rugby League One - Division 1 (6G/1T) -> 24/25 Japan Rugby League One - Division 1 (13G) -> 23/24 Japan Rugby League One - Division 1 (10G/1T) -> 22/23 Japan Rugby League One - Division 1 (8G/1T)
Lamin Dieng Saito,齋藤 良明慈縁,FL,静岡ブルーレヴズ（2025-26）,186,102,2000.07.26,25,目黒学院高校,東洋大学,目黒学院高校 東洋大学,A,0,https://league-one.jp/player/484163,,,,,,No Data
Ryuto Yagisawa,八木澤 龍翔,HO,静岡ブルーレヴズ（2025-26）,188,107,2000.11.12,25,流通経済大柏高校,筑波大学,流通経済大柏高校 筑波大学,A,1,https://league-one.jp/player/484164,,,,,,23/24 Japan Rugby League One - Division 1 (1G)
Futo Yamaguchi,山口 楓斗,FB,静岡ブルーレヴズ（2025-26）,167,73,2000.01.14,25,東海大福岡高校,同志社大学,東海大福岡高校 同志社大学,A,31,https://league-one.jp/player/484165,,,'20 U23,,,25/26 Japan Rugby League One - Division 1 (7G/2T) -> 24/25 Japan Rugby League One - Division 1 (9G/1T) -> 23/24 Japan Rugby League One - Division 1 (16G/4T) -> 22/23 Japan Rugby League One - Division 1 (4G)
Richmond Tongatama,リッチモンド ・トンガタマ,HO,静岡ブルーレヴズ（2025-26）,188,121,1996.07.06,29,オタフフカレッジ,帝京大学,オタフフカレッジ 帝京大学,A,42,https://league-one.jp/player/484166,,,,,,25/26 Japan Rugby League One - Division 1 (8G/2T) -> 24/25 Japan Rugby League One - Division 1 (15G/2T) -> 23/24 Japan Rugby League One - Division 1 (14G/1T) -> 22/23 Japan Rugby League One - Division 1 (10G)
Richard Goh Jones,ジョーンズ リチャード剛,FL,静岡ブルーレヴズ（2025-26）,177,96,1999.05.04,26,伏見工業高校,東海大学,伏見工業高校 東海大学,A,30,https://league-one.jp/player/484167,,,,,,24/25 Japan Rugby League One - Division 1 (4G) -> 23/24 Japan Rugby League One - Division 1 (13G/3T) -> 22/23 Japan Rugby League One - Division 1 (13G/1T) -> 21/22 Japan Rugby League One - Division 1 (1G)
Takayoshi Mohara,茂原 隆由,PR,静岡ブルーレヴズ（2025-26）,187,118,2000.03.17,25,高崎工業高校,中央大学,高崎工業高校 中央大学,A,37,https://league-one.jp/player/484168,,,日本代表6CAP,,,25/26 Japan Rugby League One - Division 1 (7G) -> 24/25 Japan Rugby League One - Division 1 (12G) -> 23/24 Japan Rugby League One - Division 1 (12G/1T) -> Pacific Nations Cup 2 0 0  -> 22/23 Japan Rugby League One - Division 1 (12G)
Kakeru Okumura,奥村 翔,FB,静岡ブルーレヴズ（2025-26）,180,85,1998.06.10,27,伏見工業高校,帝京大学,伏見工業高校 帝京大学,A,38,https://league-one.jp/player/484169,,,,,,25/26 Japan Rugby League One - Division 1 (7G/2T) -> 24/25 Japan Rugby League One - Division 1 (10G/5T) -> 23/24 Japan Rugby League One - Division 1 (9G/3T) -> 22/23 Japan Rugby League One - Division 1 (6G/2T) -> 21/22 Japan Rugby League One - Division 1 (11G/1T)
Malo Tuitama,マロ ・ツイタマ,WTB,静岡ブルーレヴズ（2025-26）,182,97,1996.03.23,29,スコッツ,,スコッツ高校,A,55,https://league-one.jp/player/484170,,,日本代表9CAP,,,25/26 Japan Rugby League One - Division 1 (6G/2T) -> 24/25 Japan Rugby League One - Division 1 (17G/11T) -> Autumn Nations Series 0 0 1  -> Pacific Nations Cup 1 0 0  -> 23/24 Japan Rugby League One - Division 1 (15G/15T) -> 22/23 Japan Rugby League One - Division 1 (10G/9T) -> 21/22 Japan Rugby League One - Division 1 (10G/6T)
Hironori Yatomi,矢富 洋則,WTB,静岡ブルーレヴズ（2025-26）,181,94,1995.11.09,30,仙台育英高校,帝京大学,仙台育英高校 帝京大学,A,15,https://league-one.jp/player/484171,,,,,,25/26 Japan Rugby League One - Division 1 (2G) -> 24/25 Japan Rugby League One - Division 1 (4G/1T) -> 23/24 Japan Rugby League One - Division 1 (5G/1T) -> 22/23 Japan Rugby League One - Division 1 (3G/1T) -> 21/22 Japan Rugby League One - Division 1 (3G/1T)
Kodai Okazaki,岡崎 航大,SH,静岡ブルーレヴズ（2025-26）,171,75,1998.07.27,27,長崎北陽台高校,筑波大学,長崎北陽台高校 筑波大学,A,27,https://league-one.jp/player/484172,,,,,,25/26 Japan Rugby League One - Division 1 (7G) -> 24/25 Japan Rugby League One - Division 1 (14G/1T) -> 23/24 Japan Rugby League One - Division 1 (10G/2T)
Sam Greene,サム ・グリーン,SO,静岡ブルーレヴズ（2025-26）,178,85,1994.08.16,31,ブリスベングラマー,,ブリスベングラマー高校,A,45,https://league-one.jp/player/484173,,,日本代表6CAP,,,25/26 Japan Rugby League One - Division 1 (1G) -> 24/25 Japan Rugby League One - Division 1 (14G/3T) -> Pacific Nations Cup 3 0 0 (1G) -> 23/24 Japan Rugby League One - Division 1 (11G/3T) -> 22/23 Japan Rugby League One - Division 1 (9G/2T) -> 21/22 Japan Rugby League One - Division 1 (11G/3T) -> 15/16 Super Rugby (8G) -> 14/15 Super Rugby (2G)
Riki Sugihara,杉原 立樹,FL,静岡ブルーレヴズ（2025-26）,184,106,1997.11.09,28,尾道高校,関西学院大学,尾道高校 関西学院大学,A,12,https://league-one.jp/player/484174,,,'17 U20,,,23/24 Japan Rugby League One - Division 1 (5G) -> 22/23 Japan Rugby League One - Division 1 (9G)
Ryosuke Funahashi,舟橋 諒将,No8,静岡ブルーレヴズ（2025-26）,186,102,1997.01.05,29,札幌山の手高校,明治大学,札幌山の手高校 明治大学,A,20,https://league-one.jp/player/484175,,,'16 U23,,,23/24 Japan Rugby League One - Division 1 (2G) -> 22/23 Japan Rugby League One - Division 1 (7G) -> 21/22 Japan Rugby League One - Division 1 (11G/1T)
Malgene Ilaua,マルジーン ・イラウア,No8,静岡ブルーレヴズ（2025-26）,187,109,1993.06.05,32,ケルストンボーイズ,帝京大学,ケルストンボーイズ高校 帝京大学,A,49,https://league-one.jp/player/484176,,,日本代表7CAP,,,25/26 Japan Rugby League One - Division 1 (5G/1T) -> 24/25 Japan Rugby League One - Division 1 (15G/2T) -> 23/24 Japan Rugby League One - Division 1 (16G/5T) -> 22/23 Japan Rugby League One - Division 1 (9G) -> 21/22 Japan Rugby League One - Division 1 (9G) -> 16/17 Super Rugby (5G)
Kwagga Smith,クワッガ ・スミス,No8,静岡ブルーレヴズ（2025-26）,180,99,1993.06.11,32,HTSミッデルバーグ,,HTSミッデルバーグ高校,C,46,https://league-one.jp/player/484177,,,South Africa(5CAP),,,25/26 Japan Rugby League One - Division 1 (7G/2T) -> Autumn Nations Series 3 0 0  -> 24/25 Japan Rugby League One - Division 1 (17G/4T) -> Test Matchs 3 0 0  -> Rugby Championship 4 0 2 (2G) -> 23/24 Japan Rugby League One - Division 1 (5G/4T) -> Rugby World Cup 5 0 1 (1G) -> Rugby Championship 5 0 1 (2G) -> 22/23 Japan Rugby League One - Division 1 (11G/6T) -> Rugby Championship 1 0 1 (1G) -> 21/22 Japan Rugby League One - Division 1 (11G/9T) -> Test Matchs 2 0 0  -> 20/21 South Africa (4G/1T) -> Rugby Championship 3 0 3  -> 19/20 South Africa (1G) -> Rugby World Cup 2 0 0  -> 18/19 Super Rugby (11G/7T) -> 17/18 Super Rugby (18G/6T) -> 16/17 Super Rugby (18G/8T) -> 14/15 Super Rugby (3G)
Takuma Shoji,庄司 拓馬,FL,静岡ブルーレヴズ（2025-26）,181,102,1998.05.22,27,東海大仰星高校,立命館大学,東海大仰星高校 立命館大学,A,39,https://league-one.jp/player/484178,,,,,,25/26 Japan Rugby League One - Division 1 (2G) -> 24/25 Japan Rugby League One - Division 1 (7G/1T) -> 23/24 Japan Rugby League One - Division 1 (14G) -> 22/23 Japan Rugby League One - Division 1 (9G/2T) -> 21/22 Japan Rugby League One - Division 1 (9G/1T)
Shumpei Miura,三浦 駿平,LO,静岡ブルーレヴズ（2025-26）,187,104,1997.04.30,28,秋田中央高校,早稲田大学,秋田中央高校 早稲田大学,A,5,https://league-one.jp/player/484179,,,,,,24/25 Japan Rugby League One - Division 1 (1G) -> 21/22 Japan Rugby League One - Division 1 (4G)
Eishin Kuwano,桑野 詠真,LO,静岡ブルーレヴズ（2025-26）,193,108,1994.10.11,31,筑紫高校,早稲田大学,筑紫高校 早稲田大学,A,50,https://league-one.jp/player/484180,,,'12 高校、'14 U20、日本代表2CAP,,,24/25 Japan Rugby League One - Division 1 (8G) -> 23/24 Japan Rugby League One - Division 1 (16G/1T) -> Pacific Nations Cup 1 0 0  -> 22/23 Japan Rugby League One - Division 1 (16G) -> 21/22 Japan Rugby League One - Division 1 (10G)
Yuya Odo,大戸 裕矢,LO,静岡ブルーレヴズ（2025-26）,187,100,1990.03.09,35,正智深谷高校,立命館大学,正智深谷高校 立命館大学,A,62,https://league-one.jp/player/484181,,,日本代表5CAP,,,25/26 Japan Rugby League One - Division 1 (8G) -> 24/25 Japan Rugby League One - Division 1 (18G/1T) -> 23/24 Japan Rugby League One - Division 1 (16G/2T) -> 22/23 Japan Rugby League One - Division 1 (14G/3T) -> 21/22 Japan Rugby League One - Division 1 (11G/1T) -> 18/19 Super Rugby (3G) -> 16/17 Super Rugby (1G)
Murray Douglas,マリー ・ダグラス,LO,静岡ブルーレヴズ（2025-26）,198,116,1989.10.27,36,バルウィアリー,アバディーン大学,バルウィアリー高校 アバディーン大学,A,45,https://league-one.jp/player/484182,,,,,,25/26 Japan Rugby League One - Division 1 (8G/2T) -> 24/25 Japan Rugby League One - Division 1 (16G/2T) -> 23/24 Japan Rugby League One - Division 1 (15G/4T) -> 22/23 Japan Rugby League One - Division 1 (10G) -> 21/22 Japan Rugby League One - Division 1 (1G) -> 19/20 Edinburgh (4G) -> Challenge Cup 0 1 0  -> Super Rugby AU 6 0 0  -> 18/19 Super Rugby (11G/1T) -> 17/18 Super Rugby (7G) -> 16/17 Super Rugby (3G)
Toshiya Hirakawa,平川 隼也,HO,静岡ブルーレヴズ（2025-26）,165,93,1996.07.08,29,長崎北陽台高校,同志社大学,長崎北陽台高校 同志社大学,A,16,https://league-one.jp/player/484183,,,,,,25/26 Japan Rugby League One - Division 1 (2G) -> 23/24 Japan Rugby League One - Division 1 (2G) -> 22/23 Japan Rugby League One - Division 1 (6G) -> 21/22 Japan Rugby League One - Division 1 (9G/2T)
Takeshi Hino,日野 剛志,HO,静岡ブルーレヴズ（2025-26）,172,95,1990.01.20,35,筑紫高校,同志社大学,筑紫高校 同志社大学,A,63,https://league-one.jp/player/484184,,,日本代表5CAP,,,25/26 Japan Rugby League One - Division 1 (8G/1T) -> 24/25 Japan Rugby League One - Division 1 (18G/8T) -> 23/24 Japan Rugby League One - Division 1 (16G/5T) -> 22/23 Japan Rugby League One - Division 1 (16G/9T) -> 21/22 Japan Rugby League One - Division 1 (10G/2T) -> 19/20 Toulouse (3G) -> 16/17 Super Rugby (8G/2T)
Kenta Yamashita,山下 憲太,PR,静岡ブルーレヴズ（2025-26）,177,111,1999.02.04,26,長崎海星高校,法政大学,長崎海星高校 法政大学,A,24,https://league-one.jp/player/484185,,,,,,25/26 Japan Rugby League One - Division 1 (8G) -> 24/25 Japan Rugby League One - Division 1 (11G) -> 23/24 Japan Rugby League One - Division 1 (8G) -> 21/22 Japan Rugby League One - Division 1 (2G)
Kazuhiro Kawata,河田 和大,PR,静岡ブルーレヴズ（2025-26）,172,103,1996.05.23,29,深谷高校,拓殖大学,深谷高校 拓殖大学,A,47,https://league-one.jp/player/484186,,,,,,25/26 Japan Rugby League One - Division 1 (1G) -> 24/25 Japan Rugby League One - Division 1 (15G) -> 23/24 Japan Rugby League One - Division 1 (6G) -> 22/23 Japan Rugby League One - Division 1 (15G/1T) -> 21/22 Japan Rugby League One - Division 1 (11G/1T)
Bunkei Kaku,郭 玟慶,PR,静岡ブルーレヴズ（2025-26）,180,120,1998.04.01,27,長栄高校,摂南大学,長栄高校 摂南大学,A,22,https://league-one.jp/player/484187,,,,,,24/25 Japan Rugby League One - Division 1 (8G) -> 22/23 Japan Rugby League One - Division 1 (3G) -> 21/22 Japan Rugby League One - Division 1 (11G)
Heiichiro Ito,伊藤 平一郎,PR,静岡ブルーレヴズ（2025-26）,175,107,1990.10.05,35,大分舞鶴高校,早稲田大学,大分舞鶴高校 早稲田大学,A,48,https://league-one.jp/player/484188,,,日本代表6CAP,,,25/26 Japan Rugby League One - Division 1 (4G/1T) -> 24/25 Japan Rugby League One - Division 1 (9G/1T) -> 23/24 Japan Rugby League One - Division 1 (16G) -> 22/23 Japan Rugby League One - Division 1 (15G) -> 21/22 Japan Rugby League One - Division 1 (7G) -> 16/17 Super Rugby (8G)
Charles Piutau,チャールズ ・ピウタウ,CTB,静岡ブルーレヴズ（2025-26）,186,102,1991.10.31,34,ウェズレイカレッジ,,ウェズレイカレッジ,C,31,https://league-one.jp/player/484189,,,,,,25/26 Japan Rugby League One - Division 1 (7G/2T) -> 24/25 Japan Rugby League One - Division 1 (14G/1T) -> 23/24 Japan Rugby League One - Division 1 (15G/5T) -> Rugby World Cup 1 0 3  -> 22/23 Premiership (15G/3T) -> Challenge Cup 1 0 1 (1G) -> 21/22 Premiership (14G/3T) -> Champions Cup 2 0 1  -> 20/21 Premiership (13G/4T) -> Champions Cup 0 0 1  -> 19/20 Premiership (16G/2T) -> Challenge Cup 3 0 0 (1G) -> 18/19 Premiership Rugby Cup (2G) -> Premiership 5 1 5 (6G) -> 17/18 Ulster (15G/2T) -> Champions Cup 4 0 2 (1G) -> 16/17 Ulster (18G/6T) -> Champions Cup 2 0 3 (3G) -> 15/16 Premiership (15G/6T) -> Champions Cup 5 0 3 (4G) -> 14/15 Super Rugby (10G) -> Rugby Championship 2 0 0 (1G) -> 13/14 Super Rugby (13G/2T)
Jack Wright,ジャック ・ライト,LO,静岡ブルーレヴズ（2025-26）,202,117,1999.08.07,26,MackillopCatholicCollegeCanberra,,MackillopCatholicCollegeCanberra,B,16,https://league-one.jp/player/484190,,,,,,25/26 Japan Rugby League One - Division 1 (3G) -> 24/25 Japan Rugby League One - Division 1 (11G/1T) -> 23/24 Japan Rugby League One - Division 1 (3G) -> 22/23 Super Rugby Pacific (3G)
Sione Vuna,シオネ ・ブナ,No8,静岡ブルーレヴズ（2025-26）,192,121,1998.06.09,27,TongaCollege,花園大学,TongaCollege 花園大学,A,18,https://league-one.jp/player/484191,,,,,,25/26 Japan Rugby League One - Division 1 (3G) -> 24/25 Japan Rugby League One - Division 1 (8G/2T) -> 23/24 Japan Rugby League One - Division 1 (5G/1T) -> 22/23 Japan Rugby League One - Division 2 (2G)
Sylvian Mahuza,シルビアン ・マフーザ,CTB,静岡ブルーレヴズ（2025-26）,179,88,1993.07.29,32,OuteniquaHighSchool,ノースウェスト大学,OuteniquaHighSchool ノースウェスト大学,A,25,https://league-one.jp/player/484192,,,,,,25/26 Japan Rugby League One - Division 1 (6G/2T) -> 24/25 Japan Rugby League One - Division 1 (13G/3T) -> 23/24 Japan Rugby League One - Division 1 (9G) -> 21/22 Japan Rugby League One - Division 1 (1G) -> 18/19 Super Rugby (7G/2T) -> 17/18 Super Rugby (11G/5T) -> 16/17 Super Rugby (14G/4T) -> 15/16 Super Rugby (6G/2T)
Shunsuke Sakuta,作田 駿介,HO,静岡ブルーレヴズ（2025-26）,175,108,2002.01.16,23,流通経済大学附属柏高校,流通経済大学,流通経済大学附属柏高校 流通経済大学,A,15,https://league-one.jp/player/484193,,,,,,25/26 Japan Rugby League One - Division 1 (3G) -> 24/25 Japan Rugby League One - Division 1 (13G/4T) -> 23/24 Japan Rugby League One - Division 1 (2G)
Shuntaro Kitamura,北村 瞬太郎,SH,静岡ブルーレヴズ（2025-26）,168,77,2002.03.28,23,国学院栃木高校,立命館大学,国学院栃木高校 立命館大学,A,22,https://league-one.jp/player/484194,,,'25 XV,,,25/26 Japan Rugby League One - Division 1 (8G/3T) -> 24/25 Japan Rugby League One - Division 1 (19G/15T)
Soma Okazaki,岡崎 颯馬,CTB,静岡ブルーレヴズ（2025-26）,177,89,2001.11.20,24,長崎北陽台高校,早稲田大学,長崎北陽台高校 早稲田大学,A,10,https://league-one.jp/player/484195,,,,,,25/26 Japan Rugby League One - Division 1 (3G) -> 24/25 Japan Rugby League One - Division 1 (7G/1T)
Kaito Sugimoto,杉本 海斗,WTB,静岡ブルーレヴズ（2025-26）,172,77,2001.10.17,24,東京高校,東洋大学,東京高校 東洋大学,A,0,https://league-one.jp/player/484196,,,,,,No Data
Ritsuki Nakayama,中山 律希,PR,静岡ブルーレヴズ（2025-26）,169,105,2002.01.10,23,天理高校,明治大学,天理高校 明治大学,A,0,https://league-one.jp/player/484197,,,,,,No Data
Sean Vete,ショーン ・ヴェーテー,PR,静岡ブルーレヴズ（2025-26）,190,146,2000.07.03,25,WestlakeBoysHighSchool,IPU・環太平洋大学,WestlakeBoysHighSchool IPU・環太平洋大学,A,28,https://league-one.jp/player/484198,,,,,,25/26 Japan Rugby League One - Division 1 (7G) -> 24/25 Japan Rugby League One - Division 1 (18G/1T) -> 23/24 Japan Rugby League One - Division 1 (7G/1T)
Vueti Tupou,ヴェティ ・トゥポウ,FL,静岡ブルーレヴズ（2025-26）,190,128,2000.04.02,25,LeleanMemorialSchool,摂南大学,LeleanMemorialSchool 摂南大学,A,26,https://league-one.jp/player/484199,,,,,,25/26 Japan Rugby League One - Division 1 (6G/3T) -> 24/25 Japan Rugby League One - Division 1 (19G/8T) -> 23/24 Japan Rugby League One - Division 1 (6G/4T)
Simon Miller,シモン ・ミラー,FL,静岡ブルーレヴズ（2025-26）,198,113,2001.05.05,24,St.AlbansCollege,,St.AlbansCollege,B,3,https://league-one.jp/player/485057,,,United Rugby Championship(1CAP),,,25/26 Japan Rugby League One - Division 1 (1G) -> 24/25 Japan Rugby League One - Division 1 (2G) -> 23/24 United Rugby Championship (1G) -> 22/23 Champions Cup (1G)
Tony Alofipo,トニー ・アロフィポ,CTB,日野レッドドルフィンズ（2025-26）,186,100,2002.09.11,23,Erindake,College,Erindake College,A,4,https://league-one.jp/player/484575,,,,,,25/26 Japan Rugby League One - Division 2 (5G/2T) -> 23/24 Japan Rugby League One - Division 1 (1G) -> 22/23 Japan Rugby League One - Division 1 (1G/1T)
Hinata Hori,堀 日向太,CTB,日野レッドドルフィンズ（2025-26）,174,80,2002.04.08,23,中部大学春日丘高校,筑波大学,中部大学春日丘高校 筑波大学,A,0,https://league-one.jp/player/484576,,,,,,No Data
Anpyon Kim,金 昂平,FB,日野レッドドルフィンズ（2025-26）,178,85,2002.08.16,23,大阪朝鮮高校,明治大学,大阪朝鮮 明治大学,A,2,https://league-one.jp/player/484577,,,,,,Not Found
Kanta Hattori,服部 莞太,SH,日野レッドドルフィンズ（2025-26）,170,72,2002.09.04,23,佐賀工業高校,関東学院大学,佐賀工業高校 関東学院大学,A,0,https://league-one.jp/player/484578,,,,,,No Data
Hidetora Nasu,奈須 秀虎,LO,日野レッドドルフィンズ（2025-26）,186,106,2003.02.24,22,日向高校,福岡大学,日向高校 福岡大学,A,0,https://league-one.jp/player/484579,,,,,,No Data
Moeki Fukushi,福士 萌起,WTB,日野レッドドルフィンズ（2025-26）,184,90,1999.03.11,26,佐賀工業高校,関東学院大学,佐賀工業高校 関東学院大学,A,15,https://league-one.jp/player/484580,,,'19 U20,,,25/26 Japan Rugby League One - Division 2 (4G/1T) -> 24/25 Japan Rugby League One - Division 2 (13G/4T)
Kotaro Hatada,畑田 康太朗,SH,日野レッドドルフィンズ（2025-26）,167,69,2000.01.06,26,筑紫丘高校,鹿児島大学,筑紫丘高校 鹿児島大学,A,17,https://league-one.jp/player/484581,,,,,,25/26 Japan Rugby League One - Division 2 (5G) -> 24/25 Japan Rugby League One - Division 2 (14G/2T) -> 23/24 Japan Rugby League One - Division 3 (2G)
Keita Doi,土肥 恵太,SO,日野レッドドルフィンズ（2025-26）,177,85,2000.06.05,25,秋田工業高校,明治大学,秋田工業高校 明治大学,A,15,https://league-one.jp/player/484582,,,,,,24/25 Japan Rugby League One - Division 2 (7G/1T) -> 23/24 Japan Rugby League One - Division 3 (9G)
Towa Taniguchi,谷口 永遠,HO,日野レッドドルフィンズ（2025-26）,173,108,2001.02.22,24,関西大学北陽高校,天理大学,関西大学北陽高校 天理大学,A,26,https://league-one.jp/player/484583,,,'20 U23,,,25/26 Japan Rugby League One - Division 2 (5G/2T) -> 24/25 Japan Rugby League One - Division 2 (13G/6T) -> 23/24 Japan Rugby League One - Division 3 (11G/9T)
Ryuji Hirose,広瀬 龍二,CTB,日野レッドドルフィンズ（2025-26）,171,86,2000.04.09,25,日川高校,日本大学,日川高校 日本大学,A,0,https://league-one.jp/player/484584,,,,,,24/25 Japan Rugby League One - Division 2 (1G) -> 23/24 Japan Rugby League One - Division 3 (2G)
AJ Woulf,エイジェイ ・ウルフ,LO,日野レッドドルフィンズ（2025-26）,196,119,2001.09.03,24,Chancellor State College,,Chancellor State College,B,20,https://league-one.jp/player/484585,,,,,,25/26 Japan Rugby League One - Division 2 (5G/1T) -> 24/25 Japan Rugby League One - Division 2 (13G/2T) -> 23/24 Japan Rugby League One - Division 3 (5G/3T)
Yuto Tokuda,徳田 悠人,PR,日野レッドドルフィンズ（2025-26）,176,107,1999.04.27,26,東海大相模高校,東海大学,東海大相模高校 東海大学,A,28,https://league-one.jp/player/484586,,,,,,25/26 Japan Rugby League One - Division 2 (4G/1T) -> 24/25 Japan Rugby League One - Division 2 (14G/1T) -> 23/24 Japan Rugby League One - Division 3 (10G) -> 22/23 Japan Rugby League One - Division 2 (2G)
Shosuke Funaki,船木 頌介,PR,日野レッドドルフィンズ（2025-26）,178,109,1996.09.14,29,秋田工業高校,明治大学,秋田工業高校 明治大学,A,28,https://league-one.jp/player/484587,,,,,,25/26 Japan Rugby League One - Division 2 (4G) -> 24/25 Japan Rugby League One - Division 2 (12G) -> 23/24 Japan Rugby League One - Division 3 (10G/1T) -> 22/23 Japan Rugby League One - Division 2 (4G)
Shun Nakashika,中鹿 駿,FL,日野レッドドルフィンズ（2025-26）,181,107,1998.10.08,27,光泉カトリック高校,天理大学,光泉カトリック高校 天理大学,A,27,https://league-one.jp/player/484588,,,,,,25/26 Japan Rugby League One - Division 2 (5G) -> 24/25 Japan Rugby League One - Division 2 (10G/3T) -> 23/24 Japan Rugby League One - Division 3 (11G/9T) -> 22/23 Japan Rugby League One - Division 2 (4G/1T)
Noah Tovio,ノア ・トビオ,FL,日野レッドドルフィンズ（2025-26）,184,120,1999.02.05,26,札幌山の手高校,東海大学,札幌山の手高校 東海大学,A,28,https://league-one.jp/player/484589,,,,,,25/26 Japan Rugby League One - Division 2 (5G) -> 24/25 Japan Rugby League One - Division 2 (13G) -> 23/24 Japan Rugby League One - Division 3 (9G/3T) -> 22/23 Japan Rugby League One - Division 2 (4G/2T)
Ko Kojima,小島 昂,WTB,日野レッドドルフィンズ（2025-26）,185,90,1998.04.29,27,明大中野高校,明治大学,明大中野高校 明治大学,A,19,https://league-one.jp/player/484590,,,,,,25/26 Japan Rugby League One - Division 2 (5G/3T) -> 24/25 Japan Rugby League One - Division 2 (6G/2T) -> 23/24 Japan Rugby League One - Division 3 (11G/6T) -> 21/22 Japan Rugby League One - Division 2 (1G)
Kuniya Sonoki,園木 邦弥,FL,日野レッドドルフィンズ（2025-26）,175,96,1994.06.10,31,春日丘高校,帝京大学,春日丘高校 帝京大学,A,7,https://league-one.jp/player/484591,,,,,,24/25 Japan Rugby League One - Division 2 (1G) -> 23/24 Japan Rugby League One - Division 3 (3G) -> 22/23 Japan Rugby League One - Division 2 (2G) -> 21/22 Japan Rugby League One - Division 2 (1G)
Shun Tomonaga,朝長 駿,FL,日野レッドドルフィンズ（2025-26）,182,97,1997.02.14,28,長崎北陽台高校,明治大学,長崎北陽台高校 明治大学,A,21,https://league-one.jp/player/484592,,,,,,25/26 Japan Rugby League One - Division 2 (4G) -> 24/25 Japan Rugby League One - Division 2 (11G/3T) -> 23/24 Japan Rugby League One - Division 3 (9G/3T)
Kyosuke Horie,堀江 恭佑,No8,日野レッドドルフィンズ（2025-26）,184,107,1990.07.11,35,東京高校,明治大学,東京高校 明治大学,A,32,https://league-one.jp/player/484593,,,'13 U23、日本代表3CAP、Test Matchs(1CAP),,,25/26 Japan Rugby League One - Division 2 (3G/1T) -> 24/25 Japan Rugby League One - Division 2 (12G/1T) -> 23/24 Japan Rugby League One - Division 3 (5G/1T) -> 22/23 Japan Rugby League One - Division 2 (3G) -> 21/22 Japan Rugby League One - Division 2 (10G/1T) -> 15/16 Test Matchs (1G)
Junya Lee,李 淳也,FL,日野レッドドルフィンズ（2025-26）,175,90,1993.12.27,32,啓光学園高校,天理大学,啓光学園 天理大学,A,14,https://league-one.jp/player/484594,,,,,,24/25 Japan Rugby League One - Division 2 (1G) -> 23/24 Japan Rugby League One - Division 3 (8G/1T) -> 21/22 Japan Rugby League One - Division 2 (5G)
Takehiro Nishimura,西村 雄大,FL,日野レッドドルフィンズ（2025-26）,184,104,1991.09.23,34,高鍋高校,明治大学,高鍋高校 明治大学,A,1,https://league-one.jp/player/484595,,,,,,22/23 Japan Rugby League One - Division 2 (1G)
Makoto Tsuchiya,土屋 眞,PR,日野レッドドルフィンズ（2025-26）,183,117,1990.02.23,35,東海大相模高校,東海大学,東海大相模高校 東海大学,A,11,https://league-one.jp/player/484596,,,,,,25/26 Japan Rugby League One - Division 2 (1G) -> 24/25 Japan Rugby League One - Division 2 (4G) -> 23/24 Japan Rugby League One - Division 3 (2G) -> 21/22 Japan Rugby League One - Division 2 (5G)
Ken Osanai,小山内 健,PR,日野レッドドルフィンズ（2025-26）,177,110,1996.09.22,29,昌平高校,東洋大学,昌平高校 東洋大学,A,3,https://league-one.jp/player/484597,,,,,,24/25 Japan Rugby League One - Division 2 (1G) -> 23/24 Japan Rugby League One - Division 3 (2G)
Yutaro Danno,檀野 友多郎,PR,日野レッドドルフィンズ（2025-26）,180,111,1998.08.04,27,光泉高校,専修大学,光泉高校 専修大学,A,10,https://league-one.jp/player/484598,,,,,,25/26 Japan Rugby League One - Division 2 (3G) -> 24/25 Japan Rugby League One - Division 2 (7G) -> 23/24 Japan Rugby League One - Division 3 (4G)
Sora Ouchi,大内 空,WTB,日野レッドドルフィンズ（2025-26）,177,88,1997.02.16,28,佐野日本大学高校,帝京大学,佐野日本大学高校 帝京大学,A,50,https://league-one.jp/player/484599,,,,,,25/26 Japan Rugby League One - Division 2 (3G/1T) -> 24/25 Japan Rugby League One - Division 2 (14G/4T) -> 23/24 Japan Rugby League One - Division 3 (10G/9T) -> 22/23 Japan Rugby League One - Division 3 (12G/1T) -> 21/22 Japan Rugby League One - Division 2 (13G/1T)
Yuki Kagoshima,篭島 優輝,SH,日野レッドドルフィンズ（2025-26）,166,70,1994.01.15,31,東京高校,東洋大学,東京高校 東洋大学,A,18,https://league-one.jp/player/484600,,,,,,25/26 Japan Rugby League One - Division 2 (5G/1T) -> 24/25 Japan Rugby League One - Division 2 (11G) -> 23/24 Japan Rugby League One - Division 3 (7G) -> 21/22 Japan Rugby League One - Division 1 (1G)
Kyoji Takano,高野 恭二,FB,日野レッドドルフィンズ（2025-26）,174,83,1996.10.25,29,東福岡高校,青山学院大学,東福岡高校 青山学院大学,A,27,https://league-one.jp/player/484601,,,,,,25/26 Japan Rugby League One - Division 2 (1G) -> 24/25 Japan Rugby League One - Division 2 (12G/1T) -> 23/24 Japan Rugby League One - Division 3 (9G/3T) -> 21/22 Japan Rugby League One - Division 3 (6G/2T)
Suguru Tanaka,田中 秀,SO,日野レッドドルフィンズ（2025-26）,175,83,1998.11.22,27,浦和高校,GriffithUniversity,埼玉県立浦和高校 GriffithUniversity,A,0,https://league-one.jp/player/484603,,,,,,No Data
Yujiro Yano,矢野 裕二郎,LO,日野レッドドルフィンズ（2025-26）,192,109,2001.07.07,24,関東学院六浦高校,関東学院大学,関東学院六浦高校 関東学院大学,A,2,https://league-one.jp/player/484604,,,,,,25/26 Japan Rugby League One - Division 2 (3G) -> 24/25 Japan Rugby League One - Division 2 (3G)
Jyunki Tokota,床田 淳貴,PR,日野レッドドルフィンズ（2025-26）,178,102,2001.12.13,24,桐蔭学園高校,明治大学,桐蔭学園 明治大学,A,5,https://league-one.jp/player/484605,,,,,,Not Found
Kazuma Yoshimura,吉村 一将,PR,日野レッドドルフィンズ（2025-26）,176,113,2001.08.01,24,流通経済大学柏高校,流通経済大学,流通経済大学柏高校 流通経済大学,A,3,https://league-one.jp/player/484606,,,,,,25/26 Japan Rugby League One - Division 2 (3G) -> 24/25 Japan Rugby League One - Division 2 (4G)
Kiichi Takagi,高城 喜一,No8,日野レッドドルフィンズ（2025-26）,188,104,2001.12.09,24,金光桐蔭高校,法政大学,金光桐蔭高校 法政大学,A,0,https://league-one.jp/player/484607,,,,,,25/26 Japan Rugby League One - Division 2 (2G)
Takumi Ishimoto,石本 拓巳,FB,日野レッドドルフィンズ（2025-26）,179,82,2001.05.08,24,日本体育大学荏原高校,東洋大学,日本体育大学荏原高校 東洋大学,A,5,https://league-one.jp/player/484608,,,,,,24/25 Japan Rugby League One - Division 2 (5G/2T)
Sora Torigoe,鳥越 空,PR,日野レッドドルフィンズ（2025-26）,176,103,2001.12.27,24,香椎工業高校,福岡大学,香椎工業高校 福岡大学,A,0,https://league-one.jp/player/484609,,,,,,No Data
Wynand Grassmann,ワイナンド ・グラスマン,LO,日野レッドドルフィンズ（2025-26）,196,115,1995.01.19,30,Madibaz,,Madibaz,B,1,https://league-one.jp/player/485371,,,,,,25/26 Japan Rugby League One - Division 2 (1G) -> 22/23 Major League Rugby (12G/2T) -> 21/22 Major League Rugby (10G)
Timma Fainga anuku,ティマ ・ファインガヌク,PR,日野レッドドルフィンズ（2025-26）,180,130,2001.12.27,24,Toowoomba grammar school,,Toowoomba grammar school,B,1,https://league-one.jp/player/485372,,,,,,25/26 Japan Rugby League One - Division 2 (1G)
Junpei Noguchi,野口 順平,SO,日野レッドドルフィンズ（2025-26）,166,75,2002.04.14,23,東京高校,帝京大学,東京高校 帝京大学,A,1,https://league-one.jp/player/485373,,,,,,25/26 Japan Rugby League One - Division 2 (1G) -> 24/25 Japan Rugby League One - Division 2 (1G)
Arito Takahashi,高橋 在人,FL,日野レッドドルフィンズ（2025-26）,184,104,1997.01.09,28,大阪桐蔭高校,大阪体育大学,大阪桐蔭高校 大阪体育大学,A,6,https://league-one.jp/player/485374,,,,,,25/26 Japan Rugby League One - Division 2 (1G) -> 24/25 Japan Rugby League One - Division 2 (7G/2T)
Josh Fenner,ジョシュ ・フェナー,No8,日野レッドドルフィンズ（2025-26）,197,112,1999.01.09,26,Brisbane,State,Brisbane State High,B,33,https://league-one.jp/player/485375,,,,,,25/26 Japan Rugby League One - Division 2 (3G) -> 24/25 Japan Rugby League One - Division 2 (13G/2T) -> 23/24 Japan Rugby League One - Division 2 (10G/3T) -> 22/23 Japan Rugby League One - Division 3 (8G/4T) -> 18/19 Premiership Rugby Cup (1G)
Murray Koster,マリー ・コスター,CTB,日野レッドドルフィンズ（2025-26）,189,99,1999.02.21,26,ST,Andrews,ST Andrews College,B,9,https://league-one.jp/player/485376,,,United Rugby Championship(7CAP),,,25/26 Japan Rugby League One - Division 2 (2G/1T) -> 24/25 Japan Rugby League One - Division 2 (10G/1T) -> 23/24 United Rugby Championship (4G) -> 22/23 United Rugby Championship (1G) -> 21/22 United Rugby Championship (2G)
Simon Hickey,サイモン ・ヒッキー,SO,日野レッドドルフィンズ（2025-26）,175,81,1994.01.12,31,Kings,College,Kings College Massey University,B,21,https://league-one.jp/player/485377,,,,,,25/26 Japan Rugby League One - Division 2 (4G) -> 24/25 Japan Rugby League One - Division 2 (9G/2T) -> 23/24 Japan Rugby League One - Division 3 (7G/2T) -> 22/23 Japan Rugby League One - Division 2 (4G) -> 21/22 Super Rugby Pacific (5G) -> 19/20 Edinburgh (13G) -> Challenge Cup 4 1 1  -> 18/19 Edinburgh (19G) -> Champions Cup 5 0 2  -> 17/18 Bordeaux (13G/2T) -> Challenge Cup 0 0 1  -> 16/17 Bordeaux (16G) -> Champions Cup 1 0 0  -> 15/16 Bordeaux (12G) -> 14/15 Super Rugby (9G) -> 13/14 Super Rugby (11G)
Shoei Ijima,井島 彰英,FL,日野レッドドルフィンズ（2025-26）,180,100,2000.10.29,25,熊本西高校,東海大学,熊本西高等学校 東海大学,A,19,https://league-one.jp/player/485378,,,,,,25/26 Japan Rugby League One - Division 2 (5G) -> 24/25 Japan Rugby League One - Division 2 (10G) -> 23/24 Japan Rugby League One - Division 3 (9G)
Shogo Tokota,床田 聖悟,CTB,日野レッドドルフィンズ（2025-26）,182,94,1997.09.27,28,桐蔭学園高校,立教大学,桐蔭学園高校 立教大学,A,12,https://league-one.jp/player/485379,,,,,,25/26 Japan Rugby League One - Division 2 (2G) -> 24/25 Japan Rugby League One - Division 2 (2G) -> 23/24 Japan Rugby League One - Division 3 (8G/2T) -> 21/22 Japan Rugby League One - Division 2 (2G)
Taroma Togo,東郷 太朗丸,CTB,日野レッドドルフィンズ（2025-26）,174,88,1994.08.13,31,常総学院高校,流通経済大学,常総学院高校 流通経済大学,A,33,https://league-one.jp/player/485387,,,,,,25/26 Japan Rugby League One - Division 2 (2G) -> 24/25 Japan Rugby League One - Division 2 (14G/1T) -> 23/24 Japan Rugby League One - Division 3 (4G/2T) -> 22/23 Japan Rugby League One - Division 2 (4G) -> 21/22 Japan Rugby League One - Division 2 (11G/2T)
Daiki Nakagawa,中川 大毅,HO,日野レッドドルフィンズ（2025-26）,174,103,1994.11.07,31,京都外大西高校,朝日大学,京都外大西高校 朝日大学,A,3,https://league-one.jp/player/485388,,,,,,23/24 Japan Rugby League One - Division 3 (3G)
Kousei Tamaki,玉木 皓盛,HO,日野レッドドルフィンズ（2025-26）,177,100,2001.06.04,24,東福岡高校,東海大学,東福岡高校 東海大学,A,13,https://league-one.jp/player/485389,,,,,,25/26 Japan Rugby League One - Division 2 (5G/1T) -> 24/25 Japan Rugby League One - Division 2 (14G) -> 23/24 Japan Rugby League One - Division 3 (7G)
Norihiro Aso,麻生 典宏,PR,日野レッドドルフィンズ（2025-26）,174,107,2000.01.26,25,桐蔭学園高校,立教大学,桐蔭学園高校 立教大学,A,0,https://league-one.jp/player/485499,,,,,,25/26 Japan Rugby League One - Division 2 (1G)
Joichiro Iwashita,岩下 丈一郎,CTB,日野レッドドルフィンズ（2025-26）,174,86,1996.11.17,29,九州学院高校,関東学院大学,九州学院高校 関東学院大学,A,13,https://league-one.jp/player/485913,,,,,,25/26 Japan Rugby League One - Division 2 (5G) -> 24/25 Japan Rugby League One - Division 1 (1G) -> 23/24 Japan Rugby League One - Division 1 (7G/2T) -> 21/22 Japan Rugby League One - Division 3 (3G)
Sapoi Viliami,サポイ ・ビリアミ,FL,レッドハリケーンズ大阪（2025-26）,182,103,2002.02.06,23,開志国際高校,摂南大学,開志国際 摂南,A,0,https://league-one.jp/player/484975,,,,,,No Data
Lotu Inisi,ロトゥ ・イニシ,No8,レッドハリケーンズ大阪（2025-26）,186,110,1999.03.26,26,WestlakeboysHighschool,,WestlakeboysHighschool,C,0,https://league-one.jp/player/484976,,,,,,25/26 Japan Rugby League One - Division 2 (3G/2T) -> 24/25 Super Rugby Pacific (1G) -> Pacific Nations Cup 1 0 0  -> 23/24 Super Rugby Pacific (12G/2T) -> Pacific Nations Cup 1 0 2 (2G) -> 22/23 Super Rugby Pacific (6G) -> 21/22 Super Rugby Pacific (1G/1T) -> 20/21 North Harbour (2G) -> 19/20 North Harbour (2G)
Ayuki Yamada,山田 歩季,CTB,レッドハリケーンズ大阪（2025-26）,174,89,2002.07.17,23,京都成章高校,明治大学,京都成章高等学校 明治大学,A,1,https://league-one.jp/player/484977,,,,,,24/25 Japan Rugby League One - Division 2 (1G)
Yoshiki Yamazaki,山サキ,FL,レッドハリケーンズ大阪（2025-26）,182,103,2003.02.17,22,国学院栃木高校,中央大学,国学院栃木高等学校 中央大学,A,0,https://league-one.jp/player/484978,,,,,,No Data
Yura Chinen,知念 優来,HO,レッドハリケーンズ大阪（2025-26）,171,98,2002.12.27,23,常翔学園高校,帝京大学,常翔学園高等学校 帝京大学,A,4,https://league-one.jp/player/484979,,,,,,24/25 Japan Rugby League One - Division 2 (4G)
Kanta Kurahashi,倉橋 歓太,No8,レッドハリケーンズ大阪（2025-26）,181,103,2002.06.04,23,東海大学大阪仰星高校,帝京大学,東海大学大阪仰星高等学校 帝京大学,A,7,https://league-one.jp/player/484980,,,,,,24/25 Japan Rugby League One - Division 2 (7G/1T)
Yuta Kawamura,川村 祐太,CTB,レッドハリケーンズ大阪（2025-26）,183,96,2003.02.22,22,関西学院高等部,関西学院大学,関西学院高等部 関西学院大学,A,2,https://league-one.jp/player/484981,,,,,,25/26 Japan Rugby League One - Division 2 (2G) -> 24/25 Japan Rugby League One - Division 2 (1G)
Ryusei Kaneko,金子 琉聖,LO,レッドハリケーンズ大阪（2025-26）,193,106,2002.05.31,23,佐賀工業高校,明治大学,佐賀工業高等学校 明治大学,A,0,https://league-one.jp/player/484982,,,,,,25/26 Japan Rugby League One - Division 2 (1G)
Shunsuke Abe,安部 駿亮,PR,レッドハリケーンズ大阪（2025-26）,177,115,2002.04.30,23,大分舞鶴高校,青山学院大学,大分舞鶴高等学校 青山学院大学,A,1,https://league-one.jp/player/484983,,,,,,25/26 Japan Rugby League One - Division 2 (4G)
Kenta Komura,小村 健太,FB,レッドハリケーンズ大阪（2025-26）,177,81,1999.12.20,26,ハミルトンボーイズ,帝京大学,ハミルトンボーイズ高校 帝京大学,A,17,https://league-one.jp/player/484984,,,,,,25/26 Japan Rugby League One - Division 2 (1G) -> 24/25 Japan Rugby League One - Division 2 (1G) -> 23/24 Japan Rugby League One - Division 2 (7G/1T) -> 22/23 Japan Rugby League One - Division 3 (9G/2T)
Henry Taefu,ヘンリー ・タエフ,CTB,レッドハリケーンズ大阪（2025-26）,183,100,1993.04.02,32,Otago polytechnic,,Otago polytechnic,C,15,https://league-one.jp/player/484985,,,Test Matchs(1CAP),,,25/26 Japan Rugby League One - Division 2 (4G) -> 24/25 Japan Rugby League One - Division 2 (13G) -> Pacific Nations Cup 0 0 3  -> 23/24 Super Rugby Pacific (8G/2T) -> 22/23 Super Rugby Pacific (9G/1T) -> 21/22 Super Rugby Pacific (8G) -> 20/21 Super Rugby AU (4G/1T) -> Super Rugby Trans-Tasman 0 0 2  -> 19/20 Super Rugby AU (7G/1T) -> 18/19 Test Matchs (1G) -> Pacific Nations Cup 0 0 2  -> 17/18 Colomiers (20G/3T) -> 15/16 Super Rugby (4G)
Elliott Stooke,エリオット ・ストーク,LO,レッドハリケーンズ大阪（2025-26）,198,120,1993.09.10,32,Hartpurycollege,,Hartpurycollege,C,13,https://league-one.jp/player/484986,,,,,,Not Found
Yuma Fujino,藤野 佑磨,PR,レッドハリケーンズ大阪（2025-26）,181,115,1995.07.29,30,報徳学園高校,立命館大学,報徳学園 立命館大学,A,29,https://league-one.jp/player/484987,,,'15 U20、'15 U23,,,24/25 Japan Rugby League One - Division 2 (10G) -> 23/24 Japan Rugby League One - Division 1 (2G) -> 22/23 Japan Rugby League One - Division 1 (3G) -> 21/22 Japan Rugby League One - Division 1 (14G/2T)
Takuma Yasui,安井 拓馬,WTB,レッドハリケーンズ大阪（2025-26）,177,80,2000.10.26,25,東海大学付属大阪仰星高校,立命館大学,東海大学付属大阪仰星 立命館,A,0,https://league-one.jp/player/484988,,,,,,No Data
Fumiya Dobashi,土橋 郁矢,SO,レッドハリケーンズ大阪（2025-26）,181,85,2001.02.13,24,黒沢尻工業高校,東洋大学,黒沢尻工業 東洋大学,A,19,https://league-one.jp/player/484989,,,,,,25/26 Japan Rugby League One - Division 2 (5G) -> 24/25 Japan Rugby League One - Division 2 (12G/1T) -> 23/24 Japan Rugby League One - Division 2 (5G)
Shota Takai,高井 翔太,PR,レッドハリケーンズ大阪（2025-26）,171,105,2000.05.24,25,常翔学園高校,帝京大学,常翔学園 帝京,A,16,https://league-one.jp/player/484990,,,,,,24/25 Japan Rugby League One - Division 2 (10G/1T) -> 23/24 Japan Rugby League One - Division 2 (3G/1T) -> 22/23 Japan Rugby League One - Division 3 (3G)
Kaito Isono,五十野 海大,LO,レッドハリケーンズ大阪（2025-26）,182,107,2001.03.13,24,八幡工業高校,大阪体育大学,八幡工業 大阪体育,A,11,https://league-one.jp/player/484991,,,,,,25/26 Japan Rugby League One - Division 2 (3G) -> 24/25 Japan Rugby League One - Division 2 (7G) -> 23/24 Japan Rugby League One - Division 2 (2G) -> 22/23 Japan Rugby League One - Division 3 (1G)
Ryongtee Oh,呉 嶺太,SO,レッドハリケーンズ大阪（2025-26）,170,82,1998.09.27,27,大阪朝鮮高校,関西学院大学,大阪朝鮮 関西学院,A,14,https://league-one.jp/player/484992,,,,,,23/24 Japan Rugby League One - Division 2 (8G) -> 22/23 Japan Rugby League One - Division 3 (6G)
Hiroki Hanada,花田 広樹,FL,レッドハリケーンズ大阪（2025-26）,185,100,1994.07.15,31,東福岡高校,福岡大学,東福岡 福岡,A,28,https://league-one.jp/player/484993,,,,,,24/25 Japan Rugby League One - Division 2 (8G) -> 23/24 Japan Rugby League One - Division 2 (10G/1T) -> 22/23 Japan Rugby League One - Division 3 (2G) -> 21/22 Japan Rugby League One - Division 3 (8G)
Hibiki Noda,野田 響,LO,レッドハリケーンズ大阪（2025-26）,187,103,1998.06.07,27,荒尾高校,帝京大学,荒尾 帝京,A,12,https://league-one.jp/player/484994,,,,,,24/25 Japan Rugby League One - Division 2 (2G) -> 23/24 Japan Rugby League One - Division 2 (6G) -> 22/23 Japan Rugby League One - Division 3 (2G) -> 21/22 Japan Rugby League One - Division 3 (3G)
RYOSEI KOJIMA,小島 燎成,PR,レッドハリケーンズ大阪（2025-26）,183,121,1999.11.20,26,秋田工業高校,大東文化大学,秋田工業 大東文化,A,2,https://league-one.jp/player/484995,,,,,,23/24 Japan Rugby League One - Division 2 (2G)
TAICHI YOSHIZAWA,吉澤 太一,FB,レッドハリケーンズ大阪（2025-26）,175,80,1991.07.18,34,正智深谷高校,立正大学,正智深谷 立正,A,32,https://league-one.jp/player/484996,,,,,,25/26 Japan Rugby League One - Division 2 (3G) -> 24/25 Japan Rugby League One - Division 2 (9G/3T) -> 23/24 Japan Rugby League One - Division 2 (4G/1T) -> 22/23 Japan Rugby League One - Division 3 (12G/11T) -> 21/22 Japan Rugby League One - Division 1 (7G/1T)
YUICHIRO HOSONO,細野 裕一朗,PR,レッドハリケーンズ大阪（2025-26）,182,112,1993.12.03,32,京都学園高校,京都産業大学,京都学園 京都産業,A,22,https://league-one.jp/player/484997,,,,,,24/25 Japan Rugby League One - Division 2 (1G) -> 23/24 Japan Rugby League One - Division 2 (9G) -> 22/23 Japan Rugby League One - Division 3 (12G)
TSUKASA YASUDA,安田 司,No8,レッドハリケーンズ大阪（2025-26）,180,104,1999.03.28,26,常翔学園高校,帝京大学,常翔学園 帝京,A,19,https://league-one.jp/player/484998,,,,,,25/26 Japan Rugby League One - Division 2 (2G) -> 24/25 Japan Rugby League One - Division 2 (2G) -> 23/24 Japan Rugby League One - Division 2 (2G) -> 22/23 Japan Rugby League One - Division 3 (10G) -> 21/22 Japan Rugby League One - Division 1 (3G)
HISAMITSU SHIMADA,島田 久満,HO,レッドハリケーンズ大阪（2025-26）,173,103,1998.12.10,27,東海大大阪仰星高校,立命館大学,東海大仰星 立命館,A,37,https://league-one.jp/player/484999,,,,,,25/26 Japan Rugby League One - Division 2 (5G) -> 24/25 Japan Rugby League One - Division 2 (12G/2T) -> 23/24 Japan Rugby League One - Division 2 (11G/2T) -> 22/23 Japan Rugby League One - Division 3 (12G/8T)
SHOSUKE FUKASAWA,深澤 翔祐,PR,レッドハリケーンズ大阪（2025-26）,175,110,1998.09.16,27,深谷高校,東洋大学,深谷 東洋,A,19,https://league-one.jp/player/485000,,,,,,25/26 Japan Rugby League One - Division 2 (3G) -> 24/25 Japan Rugby League One - Division 2 (4G) -> 23/24 Japan Rugby League One - Division 2 (3G) -> 22/23 Japan Rugby League One - Division 3 (12G) -> 21/22 Japan Rugby League One - Division 1 (1G)
KANTA YAMAMOTO,山本 貫太,FB,レッドハリケーンズ大阪（2025-26）,177,85,1996.06.23,29,常翔学園高校,立命館大学,常翔学園 立命館,A,20,https://league-one.jp/player/485001,,,,,,25/26 Japan Rugby League One - Division 2 (3G) -> 24/25 Japan Rugby League One - Division 2 (3G/1T) -> 23/24 Japan Rugby League One - Division 2 (5G/1T) -> 22/23 Japan Rugby League One - Division 3 (7G/7T) -> 21/22 Japan Rugby League One - Division 1 (4G)
MIFIPOSETI PAEA,パエア ミフィポセチ,CTB,レッドハリケーンズ大阪（2025-26）,180,109,1987.07.06,38,正智深谷高校,埼玉工業大学,正智深谷 埼玉工業,A,36,https://league-one.jp/player/485002,,,日本代表3CAP,,,25/26 Japan Rugby League One - Division 2 (1G) -> 24/25 Japan Rugby League One - Division 2 (10G) -> 23/24 Japan Rugby League One - Division 2 (9G/1T) -> 22/23 Japan Rugby League One - Division 3 (9G/1T) -> 21/22 Japan Rugby League One - Division 1 (7G) -> 15/16 Super Rugby (14G/3T)
KAORU TSURUTA,鶴田 馨,CTB,レッドハリケーンズ大阪（2025-26）,177,90,1995.06.28,30,筑紫高校,明治大学,筑紫 明治,A,19,https://league-one.jp/player/485003,,,,,,25/26 Japan Rugby League One - Division 2 (5G/1T) -> 24/25 Japan Rugby League One - Division 2 (7G) -> 23/24 Japan Rugby League One - Division 2 (8G) -> 21/22 Japan Rugby League One - Division 1 (2G)
YONHI KIM,金 勇輝,CTB,レッドハリケーンズ大阪（2025-26）,176,90,1993.03.29,32,大阪朝鮮高校,法政大学,大阪朝鮮 法政,B,16,https://league-one.jp/player/485004,,,'10 高校,,,23/24 Japan Rugby League One - Division 2 (7G/3T) -> 22/23 Japan Rugby League One - Division 3 (5G) -> 21/22 Japan Rugby League One - Division 1 (4G)
DAISUKE IBA,射場 大輔,CTB,レッドハリケーンズ大阪（2025-26）,177,93,1997.12.03,28,常翔学園高校,明治大学,常翔学園 明治,A,32,https://league-one.jp/player/485005,,,,,,25/26 Japan Rugby League One - Division 2 (5G/1T) -> 24/25 Japan Rugby League One - Division 2 (11G/1T) -> 23/24 Japan Rugby League One - Division 2 (9G/1T) -> 22/23 Japan Rugby League One - Division 3 (10G/1T) -> 21/22 Japan Rugby League One - Division 1 (1G)
TOSHIHIRO YAMANOUCHI,山内 俊央,SH,レッドハリケーンズ大阪（2025-26）,164,73,1997.12.03,28,関西学院,関西学院大学,関西学院 関西学院,A,13,https://league-one.jp/player/485006,,,,,,25/26 Japan Rugby League One - Division 2 (5G) -> 24/25 Japan Rugby League One - Division 2 (13G/1T) -> 23/24 Japan Rugby League One - Division 2 (12G/2T) -> 22/23 Japan Rugby League One - Division 3 (12G/4T) -> 21/22 Japan Rugby League One - Division 1 (2G)
TATSUYA HAMANO,浜野 達也,SH,レッドハリケーンズ大阪（2025-26）,167,78,1994.11.02,31,西陵商業高校,明治大学,西陵商業 明治,A,22,https://league-one.jp/player/485007,,,,,,25/26 Japan Rugby League One - Division 2 (2G) -> 24/25 Japan Rugby League One - Division 2 (7G/1T) -> 23/24 Japan Rugby League One - Division 2 (5G) -> 22/23 Japan Rugby League One - Division 3 (4G) -> 21/22 Japan Rugby League One - Division 1 (7G)
AKIRA INOUE,井之上 明,SH,レッドハリケーンズ大阪（2025-26）,168,72,1991.04.12,34,尼崎高校,立命館大学,市立尼崎 立命館,A,25,https://league-one.jp/player/485008,,,,,,25/26 Japan Rugby League One - Division 2 (3G) -> 24/25 Japan Rugby League One - Division 2 (8G/2T) -> 23/24 Japan Rugby League One - Division 2 (6G) -> 21/22 Japan Rugby League One - Division 1 (9G)
TARO SATO,佐藤 大朗,FL,レッドハリケーンズ大阪（2025-26）,181,101,1990.04.03,35,国立高校,慶應義塾大学,都立国立 慶應,A,17,https://league-one.jp/player/485009,,,,,,25/26 Japan Rugby League One - Division 2 (1G) -> 24/25 Japan Rugby League One - Division 2 (6G/1T) -> 23/24 Japan Rugby League One - Division 2 (3G) -> 22/23 Japan Rugby League One - Division 3 (7G/1T)
TATSUNARI FUJITA,藤田 達成,LO,レッドハリケーンズ大阪（2025-26）,192,107,1996.12.02,29,東福岡高校,帝京大学,東福岡 帝京,A,37,https://league-one.jp/player/485010,,,'16 U20、'16 U23,,,24/25 Japan Rugby League One - Division 2 (12G) -> 23/24 Japan Rugby League One - Division 2 (12G/2T) -> 22/23 Japan Rugby League One - Division 3 (9G) -> 21/22 Japan Rugby League One - Division 1 (4G)
TORU SUGISHITA,杉下 暢,LO,レッドハリケーンズ大阪（2025-26）,184,108,1992.05.04,33,立命館高校,立命館大学,立命館 立命館,A,41,https://league-one.jp/player/485011,,,,,,25/26 Japan Rugby League One - Division 2 (5G/3T) -> 24/25 Japan Rugby League One - Division 2 (7G) -> 23/24 Japan Rugby League One - Division 2 (9G/3T) -> 22/23 Japan Rugby League One - Division 3 (12G/5T) -> 21/22 Japan Rugby League One - Division 1 (11G)
HIROMICHI SAKAMOTO,坂本 洋道,PR,レッドハリケーンズ大阪（2025-26）,173,106,1996.04.26,29,国学院栃木,専修大学,国学院栃木 専修,A,29,https://league-one.jp/player/485012,,,,,,25/26 Japan Rugby League One - Division 2 (4G) -> 24/25 Japan Rugby League One - Division 2 (14G/3T) -> 23/24 Japan Rugby League One - Division 2 (12G/1T) -> 22/23 Japan Rugby League One - Division 3 (1G)
YOSUKE NISHIURA,西浦 洋祐,PR,レッドハリケーンズ大阪（2025-26）,175,108,1990.09.29,35,荒尾高校,立命館大学,荒尾 立命館,A,21,https://league-one.jp/player/485013,,,,,,25/26 Japan Rugby League One - Division 2 (3G) -> 23/24 Japan Rugby League One - Division 2 (4G) -> 22/23 Japan Rugby League One - Division 3 (9G) -> 21/22 Japan Rugby League One - Division 1 (6G)
MUNETAKA SASHIDA,指田 宗孝,PR,レッドハリケーンズ大阪（2025-26）,175,116,1994.03.02,31,東山高校,環太平洋大学,東山 環太平洋,A,34,https://league-one.jp/player/485014,,,,,,25/26 Japan Rugby League One - Division 2 (5G) -> 24/25 Japan Rugby League One - Division 2 (8G/1T) -> 23/24 Japan Rugby League One - Division 2 (11G) -> 22/23 Japan Rugby League One - Division 3 (12G) -> 21/22 Japan Rugby League One - Division 1 (1G)
Yuki Ishii,石井 勇輝,WTB,レッドハリケーンズ大阪（2025-26）,184,96,1996.02.27,29,日大荏原高校,東洋大学,日大荏原 東洋,A,7,https://league-one.jp/player/485015,,,,,,25/26 Japan Rugby League One - Division 2 (3G/1T) -> 24/25 Japan Rugby League One - Division 2 (4G/1T) -> 23/24 Japan Rugby League One - Division 2 (2G) -> 22/23 Japan Rugby League One - Division 2 (1G)
Kentaro Otsuka,大塚 健太郎,HO,レッドハリケーンズ大阪（2025-26）,176,98,1997.03.12,28,佐賀工業高校,明治大学,佐賀工業 明治,A,14,https://league-one.jp/player/485016,,,,,,25/26 Japan Rugby League One - Division 2 (2G) -> 24/25 Japan Rugby League One - Division 2 (2G/1T) -> 23/24 Japan Rugby League One - Division 2 (2G) -> 22/23 Japan Rugby League One - Division 1 (2G) -> 21/22 Japan Rugby League One - Division 1 (7G)
Yo Sato,佐藤 耀,HO,レッドハリケーンズ大阪（2025-26）,178,100,1994.01.27,31,本郷高校,慶應義塾大学,本郷 慶應義塾,A,35,https://league-one.jp/player/485017,,,,,,25/26 Japan Rugby League One - Division 2 (3G) -> 24/25 Japan Rugby League One - Division 2 (10G/1T) -> 23/24 Japan Rugby League One - Division 2 (10G/1T) -> 22/23 Japan Rugby League One - Division 1 (8G/2T) -> 21/22 Japan Rugby League One - Division 1 (7G/2T)
Blake Gibson,ブレイク ・ギブソン,No8,レッドハリケーンズ大阪（2025-26）,186,102,1995.04.19,30,セントケンティガン,,セントケンティガン,B,19,https://league-one.jp/player/485018,,,,,,25/26 Japan Rugby League One - Division 2 (3G) -> 24/25 Japan Rugby League One - Division 2 (11G/5T) -> 23/24 Japan Rugby League One - Division 2 (8G/3T) -> 22/23 Auckland (10G) -> 21/22 Super Rugby Pacific (10G/3T) -> 20/21 Super Rugby Aotearoa (2G/1T) -> Super Rugby Trans-Tasman 2 0 0 (1G) -> 19/20 Super Rugby (6G/1T) -> Super Rugby Aotearoa 2 0 1  -> 18/19 Super Rugby (11G/1T) -> 17/18 Super Rugby (3G) -> 16/17 Super Rugby (13G/1T) -> 15/16 Super Rugby (9G/1T) -> 14/15 Super Rugby (4G)
Shinnosuke Toyonaga,豊永 慎之佑,PR,レッドハリケーンズ大阪（2025-26）,178,113,2001.08.25,24,大分舞鶴高校,関西学院大学,大分舞鶴 関西学院,A,6,https://league-one.jp/player/485019,,,,,,25/26 Japan Rugby League One - Division 2 (1G) -> 24/25 Japan Rugby League One - Division 2 (5G)
Kanta Yoshida,吉田 敢太,HO,レッドハリケーンズ大阪（2025-26）,171,100,2001.09.01,24,大阪桐蔭高校,大阪体育大学,大阪桐蔭 大阪体育,A,1,https://league-one.jp/player/485020,,,,,,23/24 Japan Rugby League One - Division 2 (1G)
Sentaro Fukue,福江 仙太郎,LO,レッドハリケーンズ大阪（2025-26）,188,105,2002.02.05,23,鳴尾高校,立命館大学,鳴尾 立命館,A,2,https://league-one.jp/player/485021,,,,,,25/26 Japan Rugby League One - Division 2 (2G)
Shintaro Fujii,藤井 慎太郎,LO,レッドハリケーンズ大阪（2025-26）,185,105,2001.09.19,24,日本航空高校石川,帝京大学,日本航空高校石川 帝京,A,3,https://league-one.jp/player/485022,,,,,,24/25 Japan Rugby League One - Division 2 (3G)
Itsuki Yano,矢野 樹,FL,レッドハリケーンズ大阪（2025-26）,175,95,2002.01.25,23,東福岡高校,福岡大学,東福岡 福岡,A,0,https://league-one.jp/player/485023,,,,,,No Data
Amane Tomioka,冨岡 周,CTB,レッドハリケーンズ大阪（2025-26）,174,90,2001.11.12,24,御所実業高校,関西学院大学,御所実業 関西学院,A,0,https://league-one.jp/player/485024,,,,,,No Data
Kenya Nishikawa,西川 賢哉,WTB,レッドハリケーンズ大阪（2025-26）,176,86,2001.06.03,24,桐蔭学園高校,明治大学,桐蔭学園 明治,A,7,https://league-one.jp/player/485025,,,,,,25/26 Japan Rugby League One - Division 2 (4G) -> 24/25 Japan Rugby League One - Division 2 (5G/3T)
Taiki Yamaguchi,山口 泰輝,FB,レッドハリケーンズ大阪（2025-26）,176,90,2001.11.17,24,長崎北陽台高校,帝京大学,長崎北陽台 帝京,A,18,https://league-one.jp/player/485026,,,,,,25/26 Japan Rugby League One - Division 2 (5G/2T) -> 24/25 Japan Rugby League One - Division 2 (14G/1T) -> 23/24 Japan Rugby League One - Division 2 (2G)
Jack OSullivan,ジャック ・オーサリバン,FL,レッドハリケーンズ大阪（2025-26）,188,108,1998.10.01,27,Presentation,Brothers,Presentation Brothers College Cork Cork Callege,B,14,https://league-one.jp/player/485133,,,,,,Not Found
JP Du Preez,ジェーピー ・デュプレア,LO,レッドハリケーンズ大阪（2025-26）,210,122,1994.11.09,31,Dr E.G.Janesen High school,,Dr E.G.Janesen High school,B,2,https://league-one.jp/player/485134,,,United Rugby Championship(23CAP),,,25/26 Japan Rugby League One - Division 2 (2G) -> 24/25 United Rugby Championship (5G) -> Champions Cup 1 0 1  -> 22/23 United Rugby Championship (18G/1T) -> Challenge Cup 6 1 1  -> 21/22 Premiership (18G/1T) -> Premiership Rugby Cup 0 0 1  -> Champions Cup 3 0 1  -> 20/21 Champions Cup (1G) -> Premiership 8 0 2 (1G) -> 19/20 Cheetahs (13G) -> Super Rugby Unlocked 3 0 2  -> 18/19 Cheetahs (20G) -> 14/15 Super Rugby (1G)
Nick Jooste,ニック ・ユースト,CTB,レッドハリケーンズ大阪（2025-26）,190,94,1997.07.07,28,Hale High School Southern Queensland,,Hale High School Southern Queensland,B,1,https://league-one.jp/player/485135,,,,,,25/26 Japan Rugby League One - Division 2 (2G) -> 23/24 Super Rugby Pacific (13G) -> 22/23 Super Rugby Pacific (10G/2T) -> 21/22 Super Rugby Pacific (6G/1T) -> 19/20 Super Rugby AU (5G)
Hayato Ishibashi,石橋 隼,LO,レッドハリケーンズ大阪（2025-26）,189,101,2003.04.08,22,昭和高校,立命館大学,愛知県立昭和高校 立命館大学,A,0,https://league-one.jp/player/493174,,,,,,No Data
Yukito Akasako,赤迫 幸知,SH,レッドハリケーンズ大阪（2025-26）,161,65,2003.09.06,22,尾道高校,帝京大学,尾道高校 帝京大学,A,0,https://league-one.jp/player/493175,,,,,,No Data
Yuma Kikumoto,菊本 有真,SO,レッドハリケーンズ大阪（2025-26）,177,83,2003.05.13,22,崇徳高校,成蹊大学,"崇徳高校	 成蹊大学",A,0,https://league-one.jp/player/493176,,,,,,No Data
Kaishun Azuma,東 海隼,WTB,レッドハリケーンズ大阪（2025-26）,182,84,2003.07.08,22,光泉カトリック高校,明治大学,光泉カトリック高校 明治大学,A,0,https://league-one.jp/player/493237,,,,,,No Data
Shuichi Kobayashi,小林 修市,WTB,レッドハリケーンズ大阪（2025-26）,176,83,2003.08.24,22,京都成章高校,京都産業大学,京都成章高校 京都産業大学,A,0,https://league-one.jp/player/493238,,,,,,No Data
Papaseea Matelau,パパセーア ・マテラウ,FL,クリタウォーターガッシュ昭島（2025-26）,182,106,2006.06.08,19,SaltLakeHighSchool,,SaltLakeHighSchool,B,1,https://league-one.jp/player/483787,,,,,,Not Found
Kauri Tipene-Grace,カウリ ・ティペネグレース,UTB,クリタウォーターガッシュ昭島（2025-26）,194,98,2004.03.16,21,アランモアカトリックカレッジ,,アランモアカトリックカレッジ,B,0,https://league-one.jp/player/483788,,,Rugby Championship U20(1CAP),,,25/26 Japan Rugby League One - Division 3 (2G/1T) -> 23/24 Rugby Championship U20 (1G)
Iori Yokoyama,横山 伊織,CTB,クリタウォーターガッシュ昭島（2025-26）,176,92,2002.05.18,23,流通経済大学附属柏高校,流通経済大学,流通経済大学附属柏高等学校 流通経済大学,A,0,https://league-one.jp/player/483789,,,,,,No Data
Takuma Enomoto,榎本 拓真,CTB,クリタウォーターガッシュ昭島（2025-26）,184,88,2002.08.10,23,桐蔭学園高校,青山学院大学,桐蔭学園高等学校 青山学院大学,A,1,https://league-one.jp/player/483790,,,,,,25/26 Japan Rugby League One - Division 3 (1G) -> 24/25 Japan Rugby League One - Division 3 (1G)
Kosei Otani,大谷 晃生,PR,クリタウォーターガッシュ昭島（2025-26）,182,110,2003.02.14,22,九州学院高校,福岡大学,九州学院高等学校 福岡大学,A,0,https://league-one.jp/player/483791,,,,,,25/26 Japan Rugby League One - Division 3 (2G)
Kai Yamamoto,山本 快,WTB,クリタウォーターガッシュ昭島（2025-26）,176,85,2002.05.15,23,関西学院高等部,関西学院大学,関西学院高等部 関西学院大学,A,3,https://league-one.jp/player/483792,,,,,,25/26 Japan Rugby League One - Division 1 (2G) -> 24/25 Japan Rugby League One - Division 1 (10G) -> 23/24 Japan Rugby League One - Division 1 (13G/2T) -> 22/23 Japan Rugby League One - Division 1 (14G) -> 21/22 Japan Rugby League One - Division 1 (2G)
Yuki Kawai,河井 祐樹,PR,クリタウォーターガッシュ昭島（2025-26）,184,121,2002.10.05,23,名古屋西高校,中京大学,名古屋西高校 中京大学,A,0,https://league-one.jp/player/483793,,,,,,No Data
So Matsushima,松島 聡,CTB,クリタウォーターガッシュ昭島（2025-26）,174,83,2001.01.08,25,大分舞鶴高校,筑波大学,大分舞鶴高校 筑波大学,A,18,https://league-one.jp/player/483794,,,,,,25/26 Japan Rugby League One - Division 3 (4G/1T) -> 24/25 Japan Rugby League One - Division 3 (9G/2T) -> 23/24 Japan Rugby League One - Division 3 (7G/3T)
Shogo Yanagita,柳田 翔吾,CTB,クリタウォーターガッシュ昭島（2025-26）,180,85,2000.04.19,25,流通経済大学付属柏高校,流通経済大学,流通経済大学付属柏高校 流通経済大学,A,8,https://league-one.jp/player/483795,,,,,,23/24 Japan Rugby League One - Division 3 (6G/1T) -> Japan Rugby League One - Division 2 0 0 2 (1G)
Ren Shinwada,新和田 錬,SH,クリタウォーターガッシュ昭島（2025-26）,171,76,2000.05.15,25,尾道高校,同志社大学,尾道高校 同志社大学,A,17,https://league-one.jp/player/483796,,,'20 U23,,,25/26 Japan Rugby League One - Division 3 (5G/2T) -> 24/25 Japan Rugby League One - Division 3 (8G/4T) -> 23/24 Japan Rugby League One - Division 3 (4G/1T) -> Japan Rugby League One - Division 2 0 0 2 (1G) -> 22/23 Japan Rugby League One - Division 3 (1G)
Ryutaro Iguchi,井口 龍太郎,HO,クリタウォーターガッシュ昭島（2025-26）,178,95,2000.06.27,25,静岡聖光学院高校,法政大学,静岡聖光学院高校 法政大学,A,11,https://league-one.jp/player/483797,,,,,,25/26 Japan Rugby League One - Division 3 (2G) -> 24/25 Japan Rugby League One - Division 3 (7G/1T) -> 23/24 Japan Rugby League One - Division 3 (3G)
Daymon Leasuasu,デーモン ・レエスアス,LO,クリタウォーターガッシュ昭島（2025-26）,200,115,1993.01.20,32,AorereCollege,オークランド大学,AorereCollege オークランド大学,A,25,https://league-one.jp/player/483798,,,,,,25/26 Japan Rugby League One - Division 3 (1G) -> 24/25 Japan Rugby League One - Division 3 (12G/2T) -> 23/24 Japan Rugby League One - Division 3 (6G) -> Japan Rugby League One - Division 2 0 0 1  -> 22/23 Japan Rugby League One - Division 3 (7G/2T) -> Japan Rugby League One - Division 2 0 1 1  -> 21/22 Japan Rugby League One - Division 1 (5G) -> 18/19 Super Rugby (2G)
Koshi Emoto,江本 洸志,FB,クリタウォーターガッシュ昭島（2025-26）,173,78,2000.01.12,25,日本航空高校石川,天理大学,日本航空高校石川 天理大学,A,20,https://league-one.jp/player/483799,,,,,,25/26 Japan Rugby League One - Division 3 (1G) -> 24/25 Japan Rugby League One - Division 3 (3G) -> 23/24 Japan Rugby League One - Division 3 (5G/4T) -> 22/23 Japan Rugby League One - Division 3 (10G/3T) -> Japan Rugby League One - Division 2 0 1 1 (1G)
Daiki Yokota,横田 大輝,CTB,クリタウォーターガッシュ昭島（2025-26）,185,95,1999.09.21,26,深谷高校,東海大学,深谷高校 東海大学,A,13,https://league-one.jp/player/483800,,,,,,24/25 Japan Rugby League One - Division 3 (7G/1T) -> 23/24 Japan Rugby League One - Division 3 (2G) -> 22/23 Japan Rugby League One - Division 3 (4G)
Kakeru Sugihara,杉原 駿,SH,クリタウォーターガッシュ昭島（2025-26）,172,75,1999.12.15,26,大阪桐蔭高校,帝京大学,大阪桐蔭高校 帝京大学,A,26,https://league-one.jp/player/483801,,,,,,24/25 Japan Rugby League One - Division 3 (10G) -> 23/24 Japan Rugby League One - Division 3 (7G/2T) -> Japan Rugby League One - Division 2 0 0 2  -> 22/23 Japan Rugby League One - Division 3 (5G/1T) -> Japan Rugby League One - Division 2 0 1 1 
Tevita Oto,テビタ ・オト,FL,クリタウォーターガッシュ昭島（2025-26）,185,111,1998.03.07,27,トンガカレッジ,日本大学,トンガカレッジ 日本大学,A,24,https://league-one.jp/player/483802,,,,,,25/26 Japan Rugby League One - Division 3 (3G/1T) -> 24/25 Japan Rugby League One - Division 3 (9G/6T) -> 23/24 Japan Rugby League One - Division 3 (12G/4T) -> Japan Rugby League One - Division 2 0 0 2  -> 22/23 Japan Rugby League One - Division 3 (10G/4T) -> Japan Rugby League One - Division 2 0 1 1 (2G)
Kai Yamasaki,山サキ,LO,クリタウォーターガッシュ昭島（2025-26）,188,103,1999.06.06,26,佐賀工業高校,関東学院大学,佐賀工業高校 関東学院大学,A,4,https://league-one.jp/player/483803,,,,,,22/23 Japan Rugby League One - Division 3 (4G/1T)
Shohei Tsujimura,辻村 翔平,PR,クリタウォーターガッシュ昭島（2025-26）,182,117,1999.07.13,26,長崎南山高校,近畿大学,長崎南山高校 近畿大学,A,7,https://league-one.jp/player/483804,,,,,,25/26 Japan Rugby League One - Division 3 (2G) -> 24/25 Japan Rugby League One - Division 3 (7G)
Kei Takusagawa,田草川 恵,PR,クリタウォーターガッシュ昭島（2025-26）,173,106,1999.08.15,26,東海大学付属甲府高校,東海大学,東海大学付属甲府高校 東海大学,A,26,https://league-one.jp/player/483805,,,,,,25/26 Japan Rugby League One - Division 3 (4G) -> 24/25 Japan Rugby League One - Division 3 (15G/1T) -> 23/24 Japan Rugby League One - Division 3 (1G) -> Japan Rugby League One - Division 2 0 0 2  -> 22/23 Japan Rugby League One - Division 3 (5G) -> 21/22 Japan Rugby League One - Division 3 (1G)
Yuta Sugiyama,杉山 祐太,WTB,クリタウォーターガッシュ昭島（2025-26）,185,92,1998.10.04,27,東海大学付属相模高校,東海大学,東海大学付属相模高校 東海大学,A,17,https://league-one.jp/player/483806,,,,,,25/26 Japan Rugby League One - Division 3 (3G) -> 24/25 Japan Rugby League One - Division 3 (13G/4T) -> 22/23 Japan Rugby League One - Division 3 (1G) -> 21/22 Japan Rugby League One - Division 3 (3G/1T)
Kentaro Sugimori,杉森 健太郎,WTB,クリタウォーターガッシュ昭島（2025-26）,172,72,1993.07.21,32,流通経済大柏高校,流通経済大学,流経大柏 流通経済大学,A,38,https://league-one.jp/player/483807,,,,,,25/26 Japan Rugby League One - Division 3 (2G) -> 24/25 Japan Rugby League One - Division 3 (9G/3T) -> 23/24 Japan Rugby League One - Division 3 (9G/1T) -> Japan Rugby League One - Division 2 0 0 2  -> 22/23 Japan Rugby League One - Division 3 (8G/3T) -> Japan Rugby League One - Division 2 0 1 1 (1G) -> 21/22 Japan Rugby League One - Division 3 (6G/2T)
Takuro Hayashida,林田 拓朗,SO,クリタウォーターガッシュ昭島（2025-26）,170,84,1997.11.28,28,天理高校,天理大学,天理高校 天理大学,A,36,https://league-one.jp/player/483808,,,,,,25/26 Japan Rugby League One - Division 3 (4G) -> 24/25 Japan Rugby League One - Division 3 (11G) -> 23/24 Japan Rugby League One - Division 3 (5G) -> Japan Rugby League One - Division 2 0 0 2  -> 22/23 Japan Rugby League One - Division 3 (12G/1T) -> Japan Rugby League One - Division 2 0 1 1  -> 21/22 Japan Rugby League One - Division 3 (4G/2T)
Shinpei Suganuma,菅沼 神兵,SO,クリタウォーターガッシュ昭島（2025-26）,174,80,1992.12.21,33,陸上自衛隊少年工科学校,関東学院大学,陸上自衛隊少年工科学校 関東学院大学,A,10,https://league-one.jp/player/483809,,,,,,24/25 Japan Rugby League One - Division 3 (3G/1T) -> 23/24 Japan Rugby League One - Division 3 (2G) -> 22/23 Japan Rugby League One - Division 3 (1G) -> 21/22 Japan Rugby League One - Division 3 (4G/2T)
Sho Nakamura,中村 翔,SH,クリタウォーターガッシュ昭島（2025-26）,176,75,1997.10.07,28,東福岡高校,法政大学,東福岡高校 法政大学,A,26,https://league-one.jp/player/483810,,,,,,25/26 Japan Rugby League One - Division 3 (5G/1T) -> 24/25 Japan Rugby League One - Division 3 (4G) -> 23/24 Japan Rugby League One - Division 3 (6G/2T) -> 22/23 Japan Rugby League One - Division 3 (8G) -> Japan Rugby League One - Division 2 0 1 1  -> 21/22 Japan Rugby League One - Division 3 (5G)
Taisei Nakao,中尾 泰星,FL,クリタウォーターガッシュ昭島（2025-26）,170,90,1998.05.23,27,大分舞鶴高校,同志社大学,大分舞鶴高校 同志社大学,A,44,https://league-one.jp/player/483811,,,,,,25/26 Japan Rugby League One - Division 3 (4G) -> 24/25 Japan Rugby League One - Division 3 (14G/9T) -> 23/24 Japan Rugby League One - Division 3 (12G) -> Japan Rugby League One - Division 2 0 0 2  -> 22/23 Japan Rugby League One - Division 3 (8G/2T) -> Japan Rugby League One - Division 2 0 1 1  -> 21/22 Japan Rugby League One - Division 3 (5G)
Hiroki Kawase,川瀬 大輝,LO,クリタウォーターガッシュ昭島（2025-26）,178,95,1994.11.10,31,石見智翠館高校,東海大学,石見智翠館高校 東海大学,A,14,https://league-one.jp/player/483812,,,,,,25/26 Japan Rugby League One - Division 3 (4G) -> 24/25 Japan Rugby League One - Division 3 (4G) -> 22/23 Japan Rugby League One - Division 3 (4G/2T) -> 21/22 Japan Rugby League One - Division 3 (4G)
Kengo Nakamura,中村 謙吾,LO,クリタウォーターガッシュ昭島（2025-26）,185,108,1994.04.20,31,東海大学付属甲府高校,愛知学院大学,東海大学付属甲府高校 愛知学院大学,A,34,https://league-one.jp/player/483813,,,,,,24/25 Japan Rugby League One - Division 3 (12G/1T) -> 23/24 Japan Rugby League One - Division 3 (11G/1T) -> Japan Rugby League One - Division 2 0 0 1  -> 22/23 Japan Rugby League One - Division 3 (8G) -> Japan Rugby League One - Division 2 0 1 1 
Kota Nakamura,中村 匡汰,LO,クリタウォーターガッシュ昭島（2025-26）,188,108,1998.02.21,27,東海大学付属相模高校,東海大学,東海大学付属相模高校 東海大学,A,48,https://league-one.jp/player/483814,,,,,,25/26 Japan Rugby League One - Division 3 (4G/1T) -> 24/25 Japan Rugby League One - Division 3 (13G/3T) -> 23/24 Japan Rugby League One - Division 3 (11G/3T) -> Japan Rugby League One - Division 2 0 0 2  -> 22/23 Japan Rugby League One - Division 3 (11G) -> Japan Rugby League One - Division 2 0 1 1  -> 21/22 Japan Rugby League One - Division 3 (7G/1T)
Kota Hojo,北條 耕太,HO,クリタウォーターガッシュ昭島（2025-26）,174,98,1997.09.14,28,天理高校,天理大学,天理高校 天理大学,A,47,https://league-one.jp/player/483815,,,,,,25/26 Japan Rugby League One - Division 3 (5G) -> 24/25 Japan Rugby League One - Division 3 (15G/6T) -> 23/24 Japan Rugby League One - Division 3 (7G/1T) -> Japan Rugby League One - Division 2 0 0 2  -> 22/23 Japan Rugby League One - Division 3 (12G/6T) -> Japan Rugby League One - Division 2 0 1 1  -> 21/22 Japan Rugby League One - Division 3 (7G/2T)
Ryota Kuribara,栗原 良多,HO,クリタウォーターガッシュ昭島（2025-26）,178,113,1995.03.24,30,正智深谷高校,大東文化大学,正智深谷高校 大東文化大学,A,37,https://league-one.jp/player/483816,,,,,,25/26 Japan Rugby League One - Division 3 (2G) -> 24/25 Japan Rugby League One - Division 3 (4G/1T) -> 23/24 Japan Rugby League One - Division 3 (12G/1T) -> Japan Rugby League One - Division 2 0 0 2  -> 22/23 Japan Rugby League One - Division 3 (10G/2T) -> Japan Rugby League One - Division 2 0 1 1 (1G) -> 21/22 Japan Rugby League One - Division 3 (7G)
Rui Kuriyama,栗山 塁,PR,クリタウォーターガッシュ昭島（2025-26）,178,115,1998.08.13,27,桐蔭学園高校,専修大学,桐蔭学園高校 専修大学,A,45,https://league-one.jp/player/483817,,,,,,25/26 Japan Rugby League One - Division 3 (3G) -> 24/25 Japan Rugby League One - Division 3 (14G) -> 23/24 Japan Rugby League One - Division 3 (12G/2T) -> Japan Rugby League One - Division 2 0 0 2  -> 22/23 Japan Rugby League One - Division 3 (8G/1T) -> Japan Rugby League One - Division 2 0 1 1  -> 21/22 Japan Rugby League One - Division 3 (7G)
Kei Shibuya,渋谷 圭,PR,クリタウォーターガッシュ昭島（2025-26）,182,110,1997.07.24,28,大東文化大学第一高校,大東文化大学,大東文化大学第一高校 大東文化大学,A,35,https://league-one.jp/player/483818,,,,,,25/26 Japan Rugby League One - Division 3 (5G) -> 24/25 Japan Rugby League One - Division 3 (10G) -> 23/24 Japan Rugby League One - Division 3 (11G/1T) -> 22/23 Japan Rugby League One - Division 3 (7G) -> Japan Rugby League One - Division 2 0 1 1  -> 21/22 Japan Rugby League One - Division 3 (3G)
Shoya Koyama,小山 翔也,PR,クリタウォーターガッシュ昭島（2025-26）,176,107,1996.12.19,29,新潟工業高校,帝京大学,新潟工業高校 帝京大学,A,30,https://league-one.jp/player/483819,,,,,,23/24 Japan Rugby League One - Division 3 (12G/1T) -> Japan Rugby League One - Division 2 0 0 2  -> 22/23 Japan Rugby League One - Division 3 (7G) -> Japan Rugby League One - Division 2 0 1 1  -> 21/22 Japan Rugby League One - Division 3 (7G/1T)
Aki Kajihara,梶原 瑛,PR,クリタウォーターガッシュ昭島（2025-26）,178,107,1996.02.05,29,日川高校,専修大学,日川高校 専修大学,A,21,https://league-one.jp/player/483820,,,,,,24/25 Japan Rugby League One - Division 3 (5G) -> 23/24 Japan Rugby League One - Division 3 (3G) -> 22/23 Japan Rugby League One - Division 3 (7G) -> 21/22 Japan Rugby League One - Division 3 (7G/1T)
Masashi Debuchi,出渕 賢史,PR,クリタウォーターガッシュ昭島（2025-26）,177,113,1990.05.30,35,関西高校,帝京大学,関西高校 帝京大学,A,28,https://league-one.jp/player/483821,,,,,,25/26 Japan Rugby League One - Division 3 (3G) -> 24/25 Japan Rugby League One - Division 3 (4G) -> 23/24 Japan Rugby League One - Division 3 (9G) -> Japan Rugby League One - Division 2 0 0 2  -> 22/23 Japan Rugby League One - Division 3 (9G) -> Japan Rugby League One - Division 2 0 1 1 (1G)
Teariki Ben-Nicholas,テアレキ ・ベンニコラス,No8,クリタウォーターガッシュ昭島（2025-26）,194,113,1995.07.18,30,Kingscollege,ビクトリア大学,Kingscollege ビクトリア大学,B,22,https://league-one.jp/player/483822,,,,,,25/26 Japan Rugby League One - Division 3 (5G/1T) -> 24/25 Japan Rugby League One - Division 3 (8G/1T) -> 23/24 Japan Rugby League One - Division 3 (10G/3T) -> Japan Rugby League One - Division 2 0 0 2  -> 22/23 Castres (5G) -> Champions Cup 0 0 2  -> 21/22 Castres (16G/2T) -> Champions Cup 0 0 1  -> Challenge Cup 0 0 1  -> 20/21 Super Rugby Trans-Tasman (3G/1T) -> 19/20 Highlanders (5G/1T) -> Super Rugby Aotearoa 2 0 4 
Piers Francis,ピアーズ ・フランシス,SO,クリタウォーターガッシュ昭島（2025-26）,183,92,1990.06.20,35,SaintGeorge’sChurchofEnglandSchool,ケントカレッジ,SaintGeorge’sChurchofEnglandSchool ケントカレッジ,C,23,https://league-one.jp/player/483823,,,,,,25/26 Japan Rugby League One - Division 3 (3G) -> 24/25 Japan Rugby League One - Division 3 (9G/4T) -> 23/24 Premiership Rugby Cup (3G/1T) -> Japan Rugby League One - Division 2 0 0 2  -> 22/23 Premiership (12G/1T) -> Premiership Rugby Cup 0 0 1  -> Challenge Cup 0 1 3  -> 21/22 Northampton (11G) -> Premiership Rugby Cup 1 0 0 (1G) -> Challenge Cup 0 0 1  -> 20/21 Northampton (14G/4T) -> Champions Cup 0 0 1  -> 19/20 Champions Cup (2G) -> Premiership 2 0 7  -> Rugby World Cup 1 0 0  -> 18/19 Northampton (18G/6T) -> Challenge Cup 1 0 2  -> Premiership Rugby Cup 1 0 1 (1G) -> 17/18 Northampton (15G) -> Champions Cup 0 0 4  -> Anglo Welsh Cup 1 0 1  -> 16/17 Super Rugby (13G) -> 15/16 Super Rugby (11G/1T) -> 13/14 Edinburgh (4G)
Issa Hosoya,細矢 一颯,PR,クリタウォーターガッシュ昭島（2025-26）,173,110,2002.01.04,24,関西大学北陽高校,関西大学,関西大学北陽高校 関西大学,A,7,https://league-one.jp/player/483824,,,,,,25/26 Japan Rugby League One - Division 3 (2G) -> 24/25 Japan Rugby League One - Division 3 (5G)
Ryo Hosomoto,細元 亮,WTB,クリタウォーターガッシュ昭島（2025-26）,170,81,2001.06.08,24,高鍋高校,福岡大学,高鍋高校 福岡大学,A,12,https://league-one.jp/player/483825,,,,,,25/26 Japan Rugby League One - Division 3 (5G) -> 24/25 Japan Rugby League One - Division 3 (10G/4T)
Hiroki Handa,半田 裕己,SO,クリタウォーターガッシュ昭島（2025-26）,173,84,2001.11.29,24,天理高校,近畿大学,天理高校 近畿大学,A,11,https://league-one.jp/player/483826,,,,,,25/26 Japan Rugby League One - Division 3 (4G) -> 24/25 Japan Rugby League One - Division 3 (6G) -> 23/24 Japan Rugby League One - Division 3 (3G)
Yujin Ikezawa,池澤 佑尽,SO,クリタウォーターガッシュ昭島（2025-26）,180,87,2001.10.11,24,東福岡高校,関西大学,東福岡高校 関西大学,A,3,https://league-one.jp/player/483827,,,,,,25/26 Japan Rugby League One - Division 3 (1G) -> 24/25 Japan Rugby League One - Division 3 (2G)
Yoji Shiina,椎名 耀二,LO,クリタウォーターガッシュ昭島（2025-26）,180,97,2001.08.20,24,幕張総合高校,東海大学,幕張総合高校 東海大学,A,14,https://league-one.jp/player/483828,,,,,,25/26 Japan Rugby League One - Division 3 (2G) -> 24/25 Japan Rugby League One - Division 3 (12G) -> 23/24 Japan Rugby League One - Division 3 (2G)
Katsuki Ishizuka,石塚 勝己,CTB,クリタウォーターガッシュ昭島（2025-26）,183,92,2001.07.06,24,桐蔭学園高校,明治大学,桐蔭学園高校 明治大学,A,10,https://league-one.jp/player/483829,,,,,,25/26 Japan Rugby League One - Division 3 (1G) -> 24/25 Japan Rugby League One - Division 3 (10G/1T)
Quinton Nicols,クイントン ・ニコラス,CTB,クリタウォーターガッシュ昭島（2025-26）,194,104,2002.04.16,23,マウントアルバートグラマーカレ,,マウントアルバートグラマーカレ,B,1,https://league-one.jp/player/485717,,,,,,Not Found
Junior Ahokovi,ジュニア ・アフォコビ,LO,クリタウォーターガッシュ昭島（2025-26）,196,108,2005.07.06,20,オークランドグラマースクール,,オークランドグラマースクール,B,1,https://league-one.jp/player/485718,,,,,,25/26 Japan Rugby League One - Division 3 (4G)
Viliami Helu,ヴィリアミ ・ヘル,BR,クリタウォーターガッシュ昭島（2025-26）,193,107,1996.03.20,29,Monte,Vista,Monte Vista High School Saint Mary’s College of Calif,C,1,https://league-one.jp/player/488097,,,,,,Not Found
Sione Afemui,シオネ ・アフェムイ,No8,クリタウォーターガッシュ昭島（2025-26）,187,120,1999.01.30,26,セントトーマスオブカンタベリー,朝日大学,セントトーマスオブカンタベリー 朝日大学,A,3,https://league-one.jp/player/488120,,,,,,25/26 Japan Rugby League One - Division 3 (2G) -> 23/24 Japan Rugby League One - Division 2 (1G) -> 22/23 Japan Rugby League One - Division 3 (1G)
Adrian Choat,エイドリアン ・チョウト,FL,狭山セコムラガッツ（2025-26）,190,100,1997.11.20,28,リストンカレッジ,リストン大学,リストンカレッジ リストン大学,B,2,https://league-one.jp/player/484081,,,,,,25/26 Japan Rugby League One - Division 3 (5G/1T) -> 24/25 Super Rugby Pacific (11G) -> 23/24 Super Rugby Pacific (13G) -> 22/23 Super Rugby Pacific (12G) -> 21/22 Super Rugby Pacific (17G) -> 20/21 Super Rugby Aotearoa (4G/1T) -> Super Rugby Trans-Tasman 1 0 0  -> 19/20 Auckland (10G/1T)
Sam Slade,サム ・スレイド,LO,狭山セコムラガッツ（2025-26）,197,116,1997.08.28,28,マウントアルバートグラマースクール,オークランド大学,マウントアルバートグラマースクール オークランド大学,C,2,https://league-one.jp/player/484082,,,,,,25/26 Japan Rugby League One - Division 3 (5G) -> 24/25 Super Rugby Pacific (13G) -> Pacific Nations Cup 0 0 1  -> 23/24 Super Rugby Pacific (1G) -> Test Matchs 2 0 0  -> Pacific Nations Cup 2 0 2 (1G) -> 22/23 Super Rugby Pacific (6G) -> 21/22 Super Rugby Pacific (9G) -> 20/21 Counties Manukau (1G) -> 19/20 Major League Rugby (5G)
PJ Steenkamp,PJ ・スティーンカンプ,LO,狭山セコムラガッツ（2025-26）,196,117,1998.01.03,28,ホエスコール・ハ—スフォンテイン,ヨハナスブルク大学,ホエスコール・ハ—スフォンテイン ヨハナスブルク大学,B,5,https://league-one.jp/player/484083,,,United Rugby Championship(2CAP),,,25/26 Japan Rugby League One - Division 3 (2G) -> 23/24 Japan Rugby League One - Division 1 (3G/1T) -> 21/22 United Rugby Championship (2G)
Tomasi Naibaruwaga,ナイバルワガ トマシ,WTB,狭山セコムラガッツ（2025-26）,180,98,2002.12.29,23,秋田工業高校,天理大学,秋田工業 天理大学,A,0,https://league-one.jp/player/484084,,,,,,Not Found
Curtis Reid,カーティス ・リード,CTB,狭山セコムラガッツ（2025-26）,188,98,1994.12.11,31,ロングベイカレッジ,マッセー大学,ロングベイカレッジ マッセー大学,A,0,https://league-one.jp/player/484085,,,,,,25/26 Japan Rugby League One - Division 3 (1G/2T)
Daichi Inami,伊波 大地,PR,狭山セコムラガッツ（2025-26）,177,103,2002.10.20,23,東海大相模高校,東海大学,東海大相模高校 東海大学,A,0,https://league-one.jp/player/484086,,,,,,No Data
Syoki Teranishi,寺西 翔生,HO,狭山セコムラガッツ（2025-26）,170,88,2002.05.21,23,常翔学園高校,天理大学,常翔学園高校 天理大学,A,1,https://league-one.jp/player/484087,,,,,,Not Found
Yuga Kawase,川瀬 悠河,LO,狭山セコムラガッツ（2025-26）,188,98,2002.04.03,23,東海大相模高校,東海大学,東海大相模高校 東海大学,A,0,https://league-one.jp/player/484088,,,,,,No Data
Ryunosuke Fujiwara,藤原 竜之丞,WTB,狭山セコムラガッツ（2025-26）,169,73,2002.10.10,23,日本航空石川高校,天理大学,日本航空石川高校 天理大学,A,4,https://league-one.jp/player/484089,,,,,,25/26 Japan Rugby League One - Division 3 (5G/3T) -> 24/25 Japan Rugby League One - Division 2 (2G)
Ikki Morimoto,森元 一気,FL,狭山セコムラガッツ（2025-26）,169,93,2002.10.22,23,尾道高校,帝京大学,尾道高校 帝京大学,A,1,https://league-one.jp/player/484090,,,,,,25/26 Japan Rugby League One - Division 3 (1G/1T)
Chase Tiatia,チェイス ・ティアティア,FB,狭山セコムラガッツ（2025-26）,181,102,1995.10.14,30,Stパトリックカレッジ・シルバーストリーム,,Stパトリックカレッジ・シルバーストリーム,B,18,https://league-one.jp/player/484091,,,,,,25/26 Japan Rugby League One - Division 3 (5G/4T) -> 24/25 Japan Rugby League One - Division 3 (14G/14T) -> Japan Rugby League One - Division 2 0 0 2 (2G) -> 23/24 Super Rugby Pacific (13G/6T) -> 22/23 Super Rugby Pacific (14G) -> 21/22 Super Rugby Pacific (11G/2T) -> 20/21 Super Rugby Aotearoa (5G/1T) -> Super Rugby Trans-Tasman 4 0 1 (2G) -> 19/20 Super Rugby (1G/2T) -> Super Rugby Aotearoa 1 0 3  -> 18/19 Super Rugby (11G/1T)
Daniel Waite,ダニエル ・ウェイト,SO,狭山セコムラガッツ（2025-26）,181,92,1996.04.08,29,ニュープリマス・ボーイズ,,ニュープリマス・ボーイズ高校,B,11,https://league-one.jp/player/484092,,,,,,25/26 Japan Rugby League One - Division 3 (5G/3T) -> 24/25 Japan Rugby League One - Division 3 (7G/4T) -> Japan Rugby League One - Division 2 0 0 2  -> 21/22 Pro D2 (8G/1T) -> 20/21 Taranaki (10G/3T) -> 19/20 Taranaki (5G/1T)
Whetukamokamo Douglas,フェトゥカモカモ ・ダグラス,FL,狭山セコムラガッツ（2025-26）,191,111,1991.04.18,34,ギズボーン,ワイカト大学,ギズボーン高校 ワイカト大学,A,48,https://league-one.jp/player/484093,,,,,,Not Found
TJ Faiane,ティジェイ ・ファイアネ,CTB,狭山セコムラガッツ（2025-26）,180,95,1995.08.24,30,セントケンティガン,,セントケンティガン高校,B,15,https://league-one.jp/player/484094,,,,,,24/25 Japan Rugby League One - Division 3 (7G) -> Japan Rugby League One - Division 2 0 0 1  -> 22/23 Japan Rugby League One - Division 2 (3G) -> 21/22 Japan Rugby League One - Division 2 (4G) -> 20/21 Super Rugby Aotearoa (4G/1T) -> Super Rugby Trans-Tasman 6 0 0 (1G) -> 19/20 Super Rugby (7G) -> Super Rugby Aotearoa 5 0 2 (2G) -> 18/19 Super Rugby (15G/2T) -> 17/18 Super Rugby (8G) -> 16/17 Super Rugby (7G)
Troy Callander,トロイ ・カレンダー,LO,狭山セコムラガッツ（2025-26）,198,111,1994.12.27,31,オタゴボーイズ,,オタゴボーイズ高校,A,17,https://league-one.jp/player/484095,,,,,,25/26 Japan Rugby League One - Division 3 (5G) -> 24/25 Japan Rugby League One - Division 3 (13G/1T) -> Japan Rugby League One - Division 2 0 0 2 
Kazuki Ikemura,池村 冬紀,CTB,狭山セコムラガッツ（2025-26）,178,91,2002.01.11,23,川口高校,山梨学院大学,川口高校 山梨学院大学,A,0,https://league-one.jp/player/484096,,,,,,No Data
Motoki Kaneko,金子 元紀,PR,狭山セコムラガッツ（2025-26）,180,116,2001.03.21,24,川口高校,立正大学,川口高校 立正大学,A,11,https://league-one.jp/player/484097,,,,,,25/26 Japan Rugby League One - Division 3 (5G) -> 24/25 Japan Rugby League One - Division 3 (9G)
Minato Jinnouchi,陣内 源斗,HO,狭山セコムラガッツ（2025-26）,162,92,2001.02.10,24,尾道高校,立正大学,尾道高校 立正大学,A,1,https://league-one.jp/player/484098,,,,,,24/25 Japan Rugby League One - Division 3 (1G)
Keito Tahara,田原 慶人,SH,狭山セコムラガッツ（2025-26）,163,70,2000.06.25,25,石見智翠館高校,近畿大学,石見智翠館高校 近畿大学,A,1,https://league-one.jp/player/484099,,,,,,25/26 Japan Rugby League One - Division 3 (1G) -> 24/25 Japan Rugby League One - Division 2 (1G)
Yosuke Okuma,大熊 陽介,FL,狭山セコムラガッツ（2025-26）,180,96,1998.04.29,27,國學院栃木高校,同志社大学,國學院栃木高校 同志社大学,A,6,https://league-one.jp/player/484100,,,,,,24/25 Japan Rugby League One - Division 3 (6G)
Riku Mizuno,水野 陸,WTB,狭山セコムラガッツ（2025-26）,175,86,2001.12.21,24,東京高校,中央大学,東京高校 中央大学,A,2,https://league-one.jp/player/484101,,,,,,25/26 Japan Rugby League One - Division 3 (2G/1T)
Tatsuki Kanza,神座 立樹,WTB,狭山セコムラガッツ（2025-26）,178,85,1998.04.25,27,専修大学松戸高校,帝京大学,専修大学松戸高校 帝京大学,A,9,https://league-one.jp/player/484102,,,,,,24/25 Japan Rugby League One - Division 3 (7G/5T) -> Japan Rugby League One - Division 2 0 0 2 (1G)
Koki Iida,飯田 光紀,FL,狭山セコムラガッツ（2025-26）,168,85,1999.09.30,26,日川高校,日本大学,日川高校 日本大学,A,12,https://league-one.jp/player/484103,,,,,,25/26 Japan Rugby League One - Division 3 (4G/1T) -> 24/25 Japan Rugby League One - Division 3 (9G/1T) -> Japan Rugby League One - Division 2 0 0 2 
Ash Paker,パーカー アッシュ,No8,狭山セコムラガッツ（2025-26）,187,108,1988.11.01,37,セントバーナード,ビクトリア大学,セントバーナード高校 ビクトリア大学,A,27,https://league-one.jp/player/484104,,,,,,Not Found
Naoto Shirakawa,白川 直人,PR,狭山セコムラガッツ（2025-26）,174,108,1996.11.22,29,桂高校,日本大学,桂高校 日本大学,A,12,https://league-one.jp/player/484105,,,,,,25/26 Japan Rugby League One - Division 3 (5G/1T) -> 24/25 Japan Rugby League One - Division 3 (8G) -> Japan Rugby League One - Division 2 0 0 2 
Kentaro Ueno,上野 拳太郎,PR,狭山セコムラガッツ（2025-26）,169,106,1994.05.10,31,日大藤沢高校,日本体育大学,日大藤沢高校 日本体育大学,A,19,https://league-one.jp/player/484106,,,,,,25/26 Japan Rugby League One - Division 3 (5G) -> 24/25 Japan Rugby League One - Division 3 (15G/1T) -> Japan Rugby League One - Division 2 0 0 2 
Haruya Nakasu,中洲 晴陽,CTB,狭山セコムラガッツ（2025-26）,174,88,2000.01.10,25,筑紫高校,近畿大学,筑紫高校 近畿大学,A,18,https://league-one.jp/player/484107,,,,,,25/26 Japan Rugby League One - Division 3 (4G) -> 24/25 Japan Rugby League One - Division 3 (14G/2T) -> Japan Rugby League One - Division 2 0 0 2 (1G)
Yudai Ishii,石井 雄大,FB,狭山セコムラガッツ（2025-26）,171,78,1997.02.26,28,國學院栃木高校,明治大学,國學院栃木高校 明治大学,A,8,https://league-one.jp/player/484108,,,,,,25/26 Japan Rugby League One - Division 3 (1G) -> 24/25 Japan Rugby League One - Division 3 (8G/1T)
Sotaro Tanaka,田中 創太郎,PR,狭山セコムラガッツ（2025-26）,175,108,2001.10.29,24,國學院久我山高校,青山学院大学,國學院久我山高校 青山学院大学,A,4,https://league-one.jp/player/484109,,,,,,24/25 Japan Rugby League One - Division 3 (2G) -> Japan Rugby League One - Division 2 0 0 2 
Yoshihiro Noguchi,野口 宜裕,WTB,狭山セコムラガッツ（2025-26）,169,71,1994.12.26,31,早稲田摂陵高校,専修大学,早稲田摂陵高校 専修大学,A,2,https://league-one.jp/player/484110,,,,,,24/25 Japan Rugby League One - Division 3 (2G/2T)
Fugo Takada,高,HO,狭山セコムラガッツ（2025-26）,174,102,1999.06.01,26,桐蔭学園高校,筑波大学,桐蔭学園高校 筑波大学,A,1,https://league-one.jp/player/484128,,,,,,25/26 Japan Rugby League One - Division 3 (3G/2T) -> 24/25 Japan Rugby League One - Division 3 (1G)
Eito Tsutsumi,堤 英登,SH,狭山セコムラガッツ（2025-26）,163,68,1997.06.19,28,佐賀工業高校,日本体育大学,佐賀工業高校 日本体育大学,A,12,https://league-one.jp/player/484112,,,,,,24/25 Japan Rugby League One - Division 3 (11G/1T) -> Japan Rugby League One - Division 2 0 0 1 
Fisipuna Tuiaki,フィシプナ ・トゥイアキ,CTB,狭山セコムラガッツ（2025-26）,188,108,1995.01.23,30,日本航空石川高校,天理大学,日本航空石川高校 天理大学,A,20,https://league-one.jp/player/484113,,,,,,25/26 Japan Rugby League One - Division 3 (4G/1T) -> 24/25 Japan Rugby League One - Division 3 (14G/4T) -> Japan Rugby League One - Division 2 0 0 2  -> 22/23 Japan Rugby League One - Division 1 (2G)
Shogo Murakami,村上 翔梧,PR,狭山セコムラガッツ（2025-26）,178,113,1996.08.01,29,新田高校,立正大学,新田高校 立正大学,A,4,https://league-one.jp/player/484114,,,,,,24/25 Japan Rugby League One - Division 3 (3G) -> 21/22 Japan Rugby League One - Division 3 (1G)
Yuki Tsujioka,辻岡 優希,FL,狭山セコムラガッツ（2025-26）,182,98,2001.07.26,24,和歌山工業高校,大東文化大学,和歌山工業高校 大東文化大学,A,4,https://league-one.jp/player/484115,,,,,,24/25 Japan Rugby League One - Division 3 (4G)
Tatsuki Tanina,谷名 樹,HO,狭山セコムラガッツ（2025-26）,175,98,2000.08.20,25,延岡星雲高校,東洋大学,延岡星雲高校 東洋大学,A,17,https://league-one.jp/player/484116,,,,,,25/26 Japan Rugby League One - Division 3 (2G/1T) -> 24/25 Japan Rugby League One - Division 3 (14G/4T) -> Japan Rugby League One - Division 2 0 0 1 
Kosei Kanda,神田 康生,LO,狭山セコムラガッツ（2025-26）,194,105,2001.04.27,24,鹿児島工業高校,流通経済大学,鹿児島工業高校 流通経済大学,A,0,https://league-one.jp/player/484117,,,,,,No Data
Kaito Sugahara,菅原 海人,SO,狭山セコムラガッツ（2025-26）,171,83,2000.08.21,25,京都工学院高校,帝京大学,京都工学院高校 帝京大学,A,2,https://league-one.jp/player/484118,,,,,,25/26 Japan Rugby League One - Division 3 (1G) -> 24/25 Japan Rugby League One - Division 3 (2G)
Shota Okuno,奥野 翔太,HO,狭山セコムラガッツ（2025-26）,177,101,2000.01.15,25,常翔学園高校,帝京大学,常翔学園高校 帝京大学,A,18,https://league-one.jp/player/484119,,,,,,25/26 Japan Rugby League One - Division 3 (5G/1T) -> 24/25 Japan Rugby League One - Division 3 (14G/6T) -> Japan Rugby League One - Division 2 0 0 2 
Ryusuke Yamamoto,山本 龍亮,FL,狭山セコムラガッツ（2025-26）,179,97,1998.06.22,27,桐蔭学園高校,明治大学,桐蔭学園高校 明治大学,A,2,https://league-one.jp/player/484120,,,,,,24/25 Japan Rugby League One - Division 3 (2G/1T)
Shota Kutsuna,忽那 鐘太,SO,狭山セコムラガッツ（2025-26）,180,86,1997.03.19,28,石見智翠館高校,明治大学,石見智翠館高校 明治大学,A,12,https://league-one.jp/player/484121,,,,,,25/26 Japan Rugby League One - Division 3 (3G/1T) -> 24/25 Japan Rugby League One - Division 3 (10G/3T) -> Japan Rugby League One - Division 2 0 0 1 
Kazuki Asakura,朝倉 一稀,LO,狭山セコムラガッツ（2025-26）,184,107,1994.08.06,31,平塚学園高校,国士舘大学,平塚学園高校 国士舘大学,A,5,https://league-one.jp/player/484122,,,,,,24/25 Japan Rugby League One - Division 3 (4G) -> Japan Rugby League One - Division 2 0 0 2 
Yushi Okuda,奥田 勇志,WTB,狭山セコムラガッツ（2025-26）,176,84,2001.10.05,24,新潟工業高校,拓殖大学,新潟工業高校 拓殖大学,A,15,https://league-one.jp/player/484124,,,,,,25/26 Japan Rugby League One - Division 3 (2G) -> 24/25 Japan Rugby League One - Division 3 (12G/10T) -> Japan Rugby League One - Division 2 0 0 2 
Kanta Noguchi,野口 幹太,FB,狭山セコムラガッツ（2025-26）,175,82,1999.09.25,26,東京高校,東海大学,東京高校 東海大学,A,0,https://league-one.jp/player/484125,,,,,,No Data
Kento Mizutani,水谷 健人,FL,狭山セコムラガッツ（2025-26）,183,99,1997.11.12,28,秋田工業高校,帝京大学,秋田工業高校 帝京大学,A,19,https://league-one.jp/player/484126,,,,,,25/26 Japan Rugby League One - Division 3 (5G/2T) -> 24/25 Japan Rugby League One - Division 3 (15G/2T) -> Japan Rugby League One - Division 2 0 0 2 
Tatsuya Hayashi,林 辰哉,CTB,狭山セコムラガッツ（2025-26）,170,84,2000.05.19,25,石見智翠館高校,拓殖大学,石見智翠館高校 拓殖大学,A,0,https://league-one.jp/player/484127,,,,,,No Data
Ayumu Sawada,澤田 歩武,CTB,狭山セコムラガッツ（2025-26）,166,80,1996.08.04,29,専修大学付属高校,専修大学,専修大学付属高校 専修大学,A,7,https://league-one.jp/player/484129,,,,,,25/26 Japan Rugby League One - Division 3 (2G) -> 24/25 Japan Rugby League One - Division 3 (7G/2T)
Shoki Morimoto,森元 翔紀,CTB,狭山セコムラガッツ（2025-26）,167,85,2000.08.09,25,報徳学園高校,近畿大学,報徳学園高校 近畿大学,A,7,https://league-one.jp/player/484130,,,,,,25/26 Japan Rugby League One - Division 3 (2G) -> 24/25 Japan Rugby League One - Division 3 (6G)
Ryoutaro Shimizu,清水 良太郎,SH,狭山セコムラガッツ（2025-26）,168,75,2001.11.18,24,東京高校,東洋大学,東京高校 東洋大学,A,0,https://league-one.jp/player/484131,,,,,,Not Found
Makoto Kurata,倉田 真,PR,狭山セコムラガッツ（2025-26）,176,113,2000.09.06,25,京都成章高校,明治大学,京都成章高校 明治大学,A,5,https://league-one.jp/player/484132,,,,,,24/25 Japan Rugby League One - Division 3 (3G) -> Japan Rugby League One - Division 2 0 0 2 
Tomoya Haraguti,原口 智也,CTB,狭山セコムラガッツ（2025-26）,170,84,1997.11.04,28,佐野日大高校,立命館大学,佐野日大高校 立命館大学,A,0,https://league-one.jp/player/484133,,,,,,Not Found
Kanaru Takahashi,高橋 香成,SH,狭山セコムラガッツ（2025-26）,168,75,1996.09.01,29,東海大相模高校,東海大学,東海大相模高校 東海大学,A,8,https://league-one.jp/player/484134,,,,,,25/26 Japan Rugby League One - Division 3 (5G) -> 24/25 Japan Rugby League One - Division 3 (6G/1T)
Itsuki Fujii,藤井 樹,LO,狭山セコムラガッツ（2025-26）,181,103,1995.07.09,30,日本大学高校,帝京大学,日本大学高校 帝京大学,A,12,https://league-one.jp/player/484135,,,,,,24/25 Japan Rugby League One - Division 3 (12G)
Toshiki Sato,佐藤 俊輝,PR,狭山セコムラガッツ（2025-26）,171,105,1997.02.19,28,昌平高校,國學院大大学,昌平高校 國學院大,A,15,https://league-one.jp/player/484136,,,,,,25/26 Japan Rugby League One - Division 3 (5G) -> 24/25 Japan Rugby League One - Division 3 (13G)
Musashi Matsuda,松田 武蔵,WTB,狭山セコムラガッツ（2025-26）,170,77,2000.08.24,25,ロトルア・ボーイズ,大東文化大学,ロトルア・ボーイズ高校 大東文化大学,A,6,https://league-one.jp/player/484137,,,,,,24/25 Japan Rugby League One - Division 3 (6G/3T)
Takehiro Kimura,木村 勇大,FL,中国電力レッドレグリオンズ（2025-26）,188,100,1992.11.11,33,都島工業高校,近畿大学,都島工業 近畿大学,A,12,https://league-one.jp/player/484254,,,,,,25/26 Japan Rugby League One - Division 3 (5G) -> 22/23 Japan Rugby League One - Division 2 (3G) -> 21/22 Japan Rugby League One - Division 2 (7G/2T)
Taiyou Kubo,久保 太陽,No8,中国電力レッドレグリオンズ（2025-26）,180,105,2002.11.05,23,報徳学園高校,同志社大学,報徳学園高校 同志社大学,A,0,https://league-one.jp/player/484255,,,,,,Not Found
Hayato Fukumoto,福本 颯翔,SH,中国電力レッドレグリオンズ（2025-26）,166,72,2002.07.16,23,東海大大阪仰星高校,立命館大学,東海大大阪仰星高校 立命館大学,A,2,https://league-one.jp/player/484256,,,,,,25/26 Japan Rugby League One - Division 3 (2G)
Kaen Hirano,平野 叶苑,HO,中国電力レッドレグリオンズ（2025-26）,175,100,2002.07.18,23,西陵高校,京都産業大学,名古屋市立西陵高校 京都産業大学,A,2,https://league-one.jp/player/484257,,,,,,25/26 Japan Rugby League One - Division 3 (4G/1T)
Kenji Nigara,二重 賢治,PR,中国電力レッドレグリオンズ（2025-26）,178,103,2002.07.24,23,天理高校,筑波大学,天理高校 筑波大学,A,0,https://league-one.jp/player/484258,,,,,,No Data
Sebasstian Sialau,セバスチャン ・シアラウ,SO,中国電力レッドレグリオンズ（2025-26）,180,88,2003.12.20,22,トゥウンバ文法学校,,トゥウンバ文法学校,B,13,https://league-one.jp/player/484259,,,,,,Not Found
Connor Anderson,コナー ・アンダーソン,FL,中国電力レッドレグリオンズ（2025-26）,191,103,1996.05.13,29,ブリズベン州立高校,,ブリズベン州立高等学校,B,8,https://league-one.jp/player/484260,,,,,,25/26 Japan Rugby League One - Division 3 (3G) -> 24/25 Japan Rugby League One - Division 3 (7G) -> 22/23 Super Rugby Pacific (4G)
Taiki Washiya,鷲谷 太希,LO,中国電力レッドレグリオンズ（2025-26）,188,100,2000.05.08,25,天理高校,日本大学,天理高校 日本大学,A,3,https://league-one.jp/player/484261,,,,,,24/25 Japan Rugby League One - Division 3 (3G) -> 23/24 Japan Rugby League One - Division 3 (2G)
Hayato Miyazaki,宮嵜 隼人,SO,中国電力レッドレグリオンズ（2025-26）,172,84,2000.07.24,25,報徳学園高校,立命館大学,報徳学園 立命館大学,A,19,https://league-one.jp/player/484262,,,,,,25/26 Japan Rugby League One - Division 3 (5G/1T) -> 24/25 Japan Rugby League One - Division 3 (6G/3T) -> 23/24 Japan Rugby League One - Division 3 (11G/2T)
Kennta Kitayama,北山 絢大,WTB,中国電力レッドレグリオンズ（2025-26）,170,80,2000.10.30,25,東海大仰星高校,京都産業大学,東海大仰星高校 京都産業大学,A,13,https://league-one.jp/player/484263,,,,,,25/26 Japan Rugby League One - Division 3 (4G/1T) -> 24/25 Japan Rugby League One - Division 3 (6G/4T) -> 23/24 Japan Rugby League One - Division 3 (5G)
Syougo Azuma,東 将吾,CTB,中国電力レッドレグリオンズ（2025-26）,176,86,2000.10.18,25,芦屋学園高校,摂南大学,芦屋学園高校 摂南大学,A,22,https://league-one.jp/player/484264,,,,,,25/26 Japan Rugby League One - Division 3 (1G) -> 24/25 Japan Rugby League One - Division 3 (15G/4T) -> 23/24 Japan Rugby League One - Division 3 (6G)
Shintaro Matsuda,松田 進太郎,FL,中国電力レッドレグリオンズ（2025-26）,175,95,1999.05.23,26,京都成章高校,関西学院大学,京都成章高校 関西学院大学,A,36,https://league-one.jp/player/484265,,,,,,25/26 Japan Rugby League One - Division 3 (3G) -> 24/25 Japan Rugby League One - Division 3 (12G/1T) -> 23/24 Japan Rugby League One - Division 3 (11G/2T) -> 22/23 Japan Rugby League One - Division 3 (11G) -> 21/22 Japan Rugby League One - Division 3 (1G)
Kentarou Fujii,藤井 健太郎,WTB,中国電力レッドレグリオンズ（2025-26）,179,90,2000.01.17,25,伏見工業高校,立命館大学,伏見工業 立命館大学,A,41,https://league-one.jp/player/484266,,,,,,Not Found
Shinnya Hirayama,平山 真也,CTB,中国電力レッドレグリオンズ（2025-26）,177,92,1999.10.08,26,東福岡高校,福岡工業大学,東福岡高校 福岡工業大学,A,36,https://league-one.jp/player/484267,,,,,,Not Found
Tomonari Aoki,青木 智成,LO,中国電力レッドレグリオンズ（2025-26）,189,104,1998.05.09,27,東京高校,中央大学,東京高校 中央大学,A,29,https://league-one.jp/player/484268,,,,,,24/25 Japan Rugby League One - Division 3 (11G/2T) -> 23/24 Japan Rugby League One - Division 3 (9G/1T) -> 22/23 Japan Rugby League One - Division 3 (6G/1T) -> 21/22 Japan Rugby League One - Division 3 (3G)
Hashizou Yoshida,吉田 橋蔵,SO,中国電力レッドレグリオンズ（2025-26）,177,85,1997.12.20,28,徳島城北高校,日本大学,徳島城北高校 日本大学,A,41,https://league-one.jp/player/484269,,,,,,25/26 Japan Rugby League One - Division 3 (5G/1T) -> 24/25 Japan Rugby League One - Division 3 (14G) -> 23/24 Japan Rugby League One - Division 3 (10G) -> 22/23 Japan Rugby League One - Division 3 (12G/1T) -> 21/22 Japan Rugby League One - Division 3 (5G)
Riki Yamaguchi,山口 莉輝,PR,中国電力レッドレグリオンズ（2025-26）,180,112,1999.02.14,26,長崎北陽台高校,帝京大学,長崎北陽台高校 帝京大学,A,17,https://league-one.jp/player/484270,,,,,,24/25 Japan Rugby League One - Division 3 (1G) -> 23/24 Japan Rugby League One - Division 3 (1G) -> 22/23 Japan Rugby League One - Division 3 (5G) -> 21/22 Japan Rugby League One - Division 3 (10G/1T)
Kota Moriyama,森山 皓太,FL,中国電力レッドレグリオンズ（2025-26）,186,110,1993.11.29,32,東山高校,摂南大学,東山高校 摂南大学,A,43,https://league-one.jp/player/484271,,,,,,25/26 Japan Rugby League One - Division 3 (5G/1T) -> 24/25 Japan Rugby League One - Division 3 (14G/1T) -> 23/24 Japan Rugby League One - Division 3 (10G/5T) -> 22/23 Japan Rugby League One - Division 3 (7G) -> 21/22 Japan Rugby League One - Division 3 (10G/4T)
Masaaki Morita,森田 政彰,CTB,中国電力レッドレグリオンズ（2025-26）,166,84,1991.10.21,34,御所実業高校,九州共立大学,御所実業高校 九州共立大学,A,38,https://league-one.jp/player/484272,,,,,,25/26 Japan Rugby League One - Division 3 (4G) -> 24/25 Japan Rugby League One - Division 3 (6G) -> 23/24 Japan Rugby League One - Division 3 (10G) -> 22/23 Japan Rugby League One - Division 3 (11G/1T) -> 21/22 Japan Rugby League One - Division 3 (10G)
Kento Miyata,宮田 賢斗,PR,中国電力レッドレグリオンズ（2025-26）,170,107,1998.07.27,27,鹿児島玉龍高校,朝日大学,鹿児島玉龍高校 朝日大学,A,39,https://league-one.jp/player/484273,,,,,,25/26 Japan Rugby League One - Division 3 (5G) -> 24/25 Japan Rugby League One - Division 3 (11G) -> 23/24 Japan Rugby League One - Division 3 (11G/3T) -> 22/23 Japan Rugby League One - Division 3 (9G) -> 21/22 Japan Rugby League One - Division 3 (6G)
Atsushi Mizofuchi,溝渕 篤司,SH,中国電力レッドレグリオンズ（2025-26）,167,70,1998.10.31,27,桂高校,大東文化大学,京都府立桂高校 大東文化大学,A,24,https://league-one.jp/player/484274,,,,,,25/26 Japan Rugby League One - Division 3 (3G) -> 24/25 Japan Rugby League One - Division 3 (10G) -> 23/24 Japan Rugby League One - Division 3 (4G) -> 22/23 Japan Rugby League One - Division 3 (5G/1T) -> 21/22 Japan Rugby League One - Division 3 (7G)
Kohei Matsunaga,松永 浩平,FL,中国電力レッドレグリオンズ（2025-26）,177,93,1990.07.16,35,広島工業高校,帝京大学,広島工業高校 帝京大学,A,33,https://league-one.jp/player/484275,,,,,,25/26 Japan Rugby League One - Division 3 (4G/1T) -> 24/25 Japan Rugby League One - Division 3 (9G/2T) -> 23/24 Japan Rugby League One - Division 3 (6G) -> 22/23 Japan Rugby League One - Division 3 (11G/4T) -> 21/22 Japan Rugby League One - Division 3 (5G/1T)
Yuto Matsuoka,松岡 祐斗,FB,中国電力レッドレグリオンズ（2025-26）,183,92,1998.02.22,27,明和高校,筑波大学,明和高校 筑波大学,A,19,https://league-one.jp/player/484276,,,'17 U20,,,25/26 Japan Rugby League One - Division 3 (4G) -> 24/25 Japan Rugby League One - Division 3 (7G/1T) -> 23/24 Japan Rugby League One - Division 3 (5G/1T) -> 21/22 Japan Rugby League One - Division 3 (6G)
Keisuke Maeda,前田 恵輔,PR,中国電力レッドレグリオンズ（2025-26）,172,102,1990.01.18,35,長崎南山高校,帝京大学,長崎南山高校 帝京大学,A,10,https://league-one.jp/player/484277,,,,,,23/24 Japan Rugby League One - Division 3 (6G) -> 22/23 Japan Rugby League One - Division 3 (4G) -> 21/22 Japan Rugby League One - Division 3 (2G)
Hirofumi Higashikawa,東川 寛史,WTB,中国電力レッドレグリオンズ（2025-26）,175,84,1995.06.09,30,東福岡高校,法政大学,東福岡高校 法政大学,A,21,https://league-one.jp/player/484278,,,'15 U20、'15 U23,,,25/26 Japan Rugby League One - Division 3 (1G) -> 24/25 Japan Rugby League One - Division 3 (7G/2T) -> 23/24 Japan Rugby League One - Division 3 (5G) -> 22/23 Japan Rugby League One - Division 3 (4G) -> 21/22 Japan Rugby League One - Division 3 (6G)
Taro Nishikawa,西川 太郎,LO,中国電力レッドレグリオンズ（2025-26）,183,104,1994.10.09,31,天理高校,天理大学,天理高校 天理大学,A,50,https://league-one.jp/player/484279,,,,,,25/26 Japan Rugby League One - Division 3 (4G) -> 24/25 Japan Rugby League One - Division 3 (15G) -> 23/24 Japan Rugby League One - Division 3 (11G) -> 22/23 Japan Rugby League One - Division 3 (12G/1T) -> 21/22 Japan Rugby League One - Division 3 (10G)
Masahiro Nakano,中野 将宏,WTB,中国電力レッドレグリオンズ（2025-26）,168,78,1996.01.25,29,石見智翠館高校,九州共立大学,石見智翠館高校 九州共立大学,A,35,https://league-one.jp/player/484280,,,,,,25/26 Japan Rugby League One - Division 3 (5G/2T) -> 24/25 Japan Rugby League One - Division 3 (6G) -> 23/24 Japan Rugby League One - Division 3 (9G/1T) -> 22/23 Japan Rugby League One - Division 3 (9G/3T) -> 21/22 Japan Rugby League One - Division 3 (9G/1T)
Makoto Torikai,鳥飼 誠,CTB,中国電力レッドレグリオンズ（2025-26）,178,88,1993.08.07,32,東海大仰星高校,関西学院大大学,東海大仰星高校 関西学院大,A,15,https://league-one.jp/player/484281,,,,,,25/26 Japan Rugby League One - Division 3 (2G) -> 23/24 Japan Rugby League One - Division 3 (3G) -> 22/23 Japan Rugby League One - Division 3 (5G) -> 21/22 Japan Rugby League One - Division 3 (8G/1T)
Shohei Tsukamoto,塚本 奨平,SH,中国電力レッドレグリオンズ（2025-26）,168,70,1993.01.19,32,東海大仰星高校,帝京大学,東海大仰星高校 帝京大学,A,27,https://league-one.jp/player/484282,,,,,,24/25 Japan Rugby League One - Division 3 (8G) -> 23/24 Japan Rugby League One - Division 3 (9G) -> 22/23 Japan Rugby League One - Division 3 (6G) -> 21/22 Japan Rugby League One - Division 3 (4G)
Noriyuki Kureyama,呉山 聖道,LO,中国電力レッドレグリオンズ（2025-26）,180,98,1998.07.25,27,大阪桐蔭高校,大東文化大学,大阪桐蔭高校 大東文化大学,A,25,https://league-one.jp/player/484283,,,,,,25/26 Japan Rugby League One - Division 3 (2G) -> 24/25 Japan Rugby League One - Division 3 (7G) -> 23/24 Japan Rugby League One - Division 3 (8G) -> 22/23 Japan Rugby League One - Division 3 (7G) -> 21/22 Japan Rugby League One - Division 3 (4G)
Seiya Kitajima,北島 聖也,PR,中国電力レッドレグリオンズ（2025-26）,175,120,1995.03.06,30,佐賀工業高校,東海大学,佐賀工業高校 東海大学,A,22,https://league-one.jp/player/484284,,,,,,24/25 Japan Rugby League One - Division 3 (2G) -> 23/24 Japan Rugby League One - Division 3 (9G) -> 22/23 Japan Rugby League One - Division 3 (11G) -> 21/22 Japan Rugby League One - Division 3 (8G)
Rintaro Kawasima,河嶋 凜太郎,SH,中国電力レッドレグリオンズ（2025-26）,160,65,1993.10.28,32,長崎南山高校,福岡工業大学,長崎南山高校 福岡工業大学,A,39,https://league-one.jp/player/484285,,,,,,25/26 Japan Rugby League One - Division 3 (5G/1T) -> 24/25 Japan Rugby League One - Division 3 (10G) -> 23/24 Japan Rugby League One - Division 3 (9G) -> 22/23 Japan Rugby League One - Division 3 (10G) -> 21/22 Japan Rugby League One - Division 3 (9G/1T)
Toshiyuki ohki,大木 寿之,PR,中国電力レッドレグリオンズ（2025-26）,182,108,1994.02.09,31,國學院栃木高校,帝京大学,國學院栃木高校 帝京大学,A,30,https://league-one.jp/player/484286,,,,,,24/25 Japan Rugby League One - Division 3 (5G) -> 23/24 Japan Rugby League One - Division 3 (6G) -> 22/23 Japan Rugby League One - Division 3 (12G) -> 21/22 Japan Rugby League One - Division 3 (9G/2T)
Edward Quirk,エドワード ・カーク,FL,中国電力レッドレグリオンズ（2025-26）,191,108,1991.08.28,34,ブリスベンステート,アイオナ大学,ブリスベンステート高校 アイオナ大学,C,36,https://league-one.jp/player/484287,,,,,,Not Found
Kentaro Iwanaga,岩永 健太郎,HO,中国電力レッドレグリオンズ（2025-26）,171,102,1995.04.12,30,長崎南山高校,帝京大学,長崎南山高校 帝京大学,A,48,https://league-one.jp/player/484288,,,,,,25/26 Japan Rugby League One - Division 3 (5G/5T) -> 24/25 Japan Rugby League One - Division 3 (15G/12T) -> 23/24 Japan Rugby League One - Division 3 (10G/8T) -> 22/23 Japan Rugby League One - Division 3 (12G/5T) -> 21/22 Japan Rugby League One - Division 3 (10G/1T)
Kojiro Arito,有藤 孔次朗,PR,中国電力レッドレグリオンズ（2025-26）,173,102,1998.03.24,27,日川高校,中央大学,日川高校 中央大学,A,45,https://league-one.jp/player/484289,,,'17 U20、'17 U23,,,25/26 Japan Rugby League One - Division 3 (5G) -> 24/25 Japan Rugby League One - Division 3 (14G/1T) -> 23/24 Japan Rugby League One - Division 3 (9G) -> 22/23 Japan Rugby League One - Division 3 (11G/1T) -> 21/22 Japan Rugby League One - Division 3 (9G)
Yuki Asai,浅井 佑輝,HO,中国電力レッドレグリオンズ（2025-26）,178,102,1992.08.24,33,関西学院高校,関西学院大学,関西学院高校 関西学院大学,A,27,https://league-one.jp/player/484290,,,,,,24/25 Japan Rugby League One - Division 3 (5G) -> 23/24 Japan Rugby League One - Division 3 (9G/1T) -> 22/23 Japan Rugby League One - Division 3 (8G/2T) -> 21/22 Japan Rugby League One - Division 3 (7G)
Hayato Moriyama,森山 迅都,LO,中国電力レッドレグリオンズ（2025-26）,182,103,2001.07.21,24,京都工学院高校,摂南大学,京都工学院高校 摂南大学,A,14,https://league-one.jp/player/484291,,,,,,25/26 Japan Rugby League One - Division 3 (5G) -> 24/25 Japan Rugby League One - Division 3 (12G/1T)
Yuta Nishihama,西濱 悠太,HO,中国電力レッドレグリオンズ（2025-26）,177,101,2001.05.21,24,東福岡高校,同志社大学,東福岡高校 同志社大学,A,9,https://league-one.jp/player/484292,,,,,,25/26 Japan Rugby League One - Division 3 (1G) -> 24/25 Japan Rugby League One - Division 3 (10G)
Haruki Miyata,宮田 悠暉,PR,中国電力レッドレグリオンズ（2025-26）,175,103,2001.05.03,24,広島工業高校,天理大学,広島県立広島工業高校 天理大学,A,18,https://league-one.jp/player/484293,,,,,,25/26 Japan Rugby League One - Division 3 (5G) -> 24/25 Japan Rugby League One - Division 3 (15G) -> 23/24 Japan Rugby League One - Division 3 (1G)
Riku Iwai,岩井 陸,PR,中国電力レッドレグリオンズ（2025-26）,176,100,2001.06.07,24,尾道高校,京都産業大学,尾道高校 京都産業大学,A,14,https://league-one.jp/player/484294,,,,,,25/26 Japan Rugby League One - Division 3 (5G) -> 24/25 Japan Rugby League One - Division 3 (13G) -> 23/24 Japan Rugby League One - Division 3 (1G)
Kaleb Trask,ケイレブ ・トラスク,SO,東京サントリーサンゴリアス（2025-26）,180,90,1999.01.27,26,ロトルアボーイズハイスクール,,ロトルアボーイズハイスクール,B,0,https://league-one.jp/player/484295,,,,,,25/26 Japan Rugby League One - Division 1 (1G) -> 24/25 Super Rugby Pacific (1G) -> 23/24 Bay of Plenty (9G) -> 22/23 Japan Rugby League One - Division 2 (8G/2T) -> Japan Rugby League One - Division 1 2 0 0  -> 21/22 Super Rugby Pacific (6G/1T) -> 20/21 Super Rugby Aotearoa (4G/1T) -> Super Rugby Trans-Tasman 3 0 1 (2G/4T) -> 19/20 Super Rugby (6G/1T) -> Super Rugby Aotearoa 0 0 7 
Gideon Wrampling,ギデオン ・ランプリング,CTB,東京サントリーサンゴリアス（2025-26）,188,102,2001.07.26,24,セントポールズ・カレッジエイト・スクール,,セントポールズ・カレッジエイト・スクール,B,0,https://league-one.jp/player/484296,,,,,,24/25 Super Rugby Pacific (11G/2T) -> 23/24 Super Rugby Pacific (1G) -> 22/23 Super Rugby Pacific (1G) -> 20/21 Super Rugby Aotearoa (1G) -> 19/20 Waikato (9G)
Tevita Tatafu,テビタ ・タタフ,No8,東京サントリーサンゴリアス（2025-26）,183,119,1996.01.02,30,目黒学院高校,東海大学,目黒学院高校 東海大学,A,30,https://league-one.jp/player/484297,,,'12 高校、日本代表20CAP,,,25/26 Bayonne (2G/1T) -> 24/25 Bayonne (13G/2T) -> Challenge Cup 0 0 1  -> 23/24 Bayonne (25G/2T) -> Champions Cup 0 1 2  -> 22/23 Bayonne (9G) -> 21/22 Bayonne (14G) -> 20/21 Bayonne (4G)
George Hammond,ジョージ ・ハモンド,LO,東京サントリーサンゴリアス（2025-26）,199,115,2000.07.31,25,ウィットギフト・スクール,,ウィットギフト・スクール,B,3,https://league-one.jp/player/484298,,,,,,25/26 Japan Rugby League One - Division 1 (4G) -> 24/25 RFU Championship (1G/1T) -> Premiership 3 0 5 (1G) -> Champions Cup 1 0 2  -> 23/24 Premiership Rugby Cup (4G) -> Premiership 7 0 9 (4G) -> Champions Cup 4 0 1  -> 22/23 Premiership (17G) -> Champions Cup 1 0 3  -> 21/22 Premiership Rugby Cup (4G/1T) -> Champions Cup 3 0 1 (1G) -> Premiership 5 0 3 (1G) -> 20/21 Premiership (2G) -> Challenge Cup 0 0 1  -> 19/20 Premiership (1G)
Kazuki Ishida,石田 一貴,SO,東京サントリーサンゴリアス（2025-26）,173,85,1996.01.14,29,九州学院高校,日本体育大学,九州学院高校 日本体育大学,A,39,https://league-one.jp/player/484299,,,,,,25/26 Japan Rugby League One - Division 1 (3G) -> 24/25 Japan Rugby League One - Division 1 (7G) -> 23/24 Japan Rugby League One - Division 1 (11G/1T) -> 22/23 Japan Rugby League One - Division 1 (14G) -> 21/22 Japan Rugby League One - Division 2 (10G/1T)
Sam Jeffries,サム ・ジェフリーズ,LO,東京サントリーサンゴリアス（2025-26）,198,114,1993.04.01,32,プルーム・アカデミー,ブリストル大学,プルーム・アカデミー ブリストル大学,B,33,https://league-one.jp/player/484338,,,,,,25/26 Japan Rugby League One - Division 1 (1G) -> 24/25 Japan Rugby League One - Division 2 (9G/1T) -> Japan Rugby League One - Division 1 0 0 2  -> 23/24 Japan Rugby League One - Division 2 (9G/1T) -> 21/22 Japan Rugby League One - Division 1 (11G) -> 18/19 Super Rugby (2G) -> 17/18 Super Rugby (3G) -> 15/16 Super Rugby (12G) -> 14/15 Super Rugby (6G) -> 13/14 Super Rugby (1G)
Quinton Mahina,クイントン ・マヒナ,CTB,東京サントリーサンゴリアス（2025-26）,174,93,1999.04.29,26,ブリスベン州立高校,拓殖大学,ブリスベン州立高校 拓殖大学,A,2,https://league-one.jp/player/484301,,,,,,23/24 Japan Rugby League One - Division 1 (1G) -> 22/23 Japan Rugby League One - Division 1 (1G)
Kanta Ogawa,小川 寛大,PR,東京サントリーサンゴリアス（2025-26）,178,110,1998.11.29,27,伏見工業高校,流通経済大学,伏見工業高校 流通経済大学,A,1,https://league-one.jp/player/484302,,,,,,23/24 Japan Rugby League One - Division 1 (1G)
Patrick Vakata,パトリック ・ヴァカタ,No8,東京サントリーサンゴリアス（2025-26）,189,115,2002.06.19,23,日本航空高校石川,天理大学,日本航空高校石川 天理大学,A,0,https://league-one.jp/player/484303,,,,,,25/26 Japan Rugby League One - Division 1 (2G/1T)
Masanori Miyao,宮尾 昌典,SH,東京サントリーサンゴリアス（2025-26）,165,70,2002.06.01,23,京都成章高校,早稲田大学,京都成章高校 早稲田大学,A,0,https://league-one.jp/player/484304,,,,,,No Data
Kohei Yasuda,安田 昂平,WTB,東京サントリーサンゴリアス（2025-26）,181,88,2002.07.08,23,御所実業高校,明治大学,御所実業 明治大学,A,2,https://league-one.jp/player/484305,,,,,,25/26 Japan Rugby League One - Division 1 (4G/2T)
Max Hughes,マックス ・ヒューズ,SH,東京サントリーサンゴリアス（2025-26）,169,77,2001.10.18,24,クライストチャーチボーイズ,カンタベリー大学,クライストチャーチボーイズ高校 カンタベリー大学,A,2,https://league-one.jp/player/484306,,,,,,24/25 Japan Rugby League One - Division 1 (2G)
Pierich Siebert,ピエリッチ ・シーバート,FL,東京サントリーサンゴリアス（2025-26）,185,101,2001.04.18,24,パール・ジムナジアム,立正大学,パール・ジムナジアム 立正大学,A,0,https://league-one.jp/player/484307,,,,,,No Data
Sean McMahon,ショーン ・マクマーン,No8,東京サントリーサンゴリアス（2025-26）,186,99,1994.06.18,31,セントジョセフ・ナッジー,,セントジョセフ・ナッジー高校,C,22,https://league-one.jp/player/484308,,,Rugby Championship(1CAP)、Test Matchs(5CAP),,,25/26 Japan Rugby League One - Division 1 (7G/1T) -> 24/25 Japan Rugby League One - Division 1 (11G/3T) -> 21/22 Japan Rugby League One - Division 1 (8G/6T) -> 20/21 Rugby Championship (1G) -> 17/18 Test Matchs (5G) -> 16/17 Super Rugby (4G) -> Rugby Championship 2 2 2  -> 15/16 Super Rugby (14G/3T) -> Rugby World Cup 3 0 0 (2G) -> Rugby Championship 2 0 1  -> 14/15 Super Rugby (15G/1T) -> 13/14 Super Rugby (13G)
Alex Mafi,アレックス ・マフィ,HO,東京サントリーサンゴリアス（2025-26）,177,110,1996.11.07,29,セントジョセフ・ナッジー,ボンド大学,セントジョセフ・ナッジー高校 ボンド大学,B,1,https://league-one.jp/player/484309,,,,,,24/25 Japan Rugby League One - Division 1 (1G) -> 23/24 Super Rugby Pacific (9G) -> 22/23 Super Rugby Pacific (13G/4T) -> 21/22 Super Rugby Pacific (2G) -> 20/21 Super Rugby AU (9G/6T) -> Super Rugby Trans-Tasman 0 0 1  -> 19/20 Super Rugby (7G/1T) -> Super Rugby AU 2 1 2 (1G) -> 18/19 Super Rugby (16G/1T) -> 17/18 Super Rugby (13G/3T) -> 16/17 Super Rugby (9G/1T)
Saimoni Vunilagi,サイモニ ・ヴニランギ,LO,東京サントリーサンゴリアス（2025-26）,196,117,2000.06.13,25,マッセイ,大東文化大学,マッセイ高等学校 大東文化大学,A,3,https://league-one.jp/player/484310,,,,,,24/25 Japan Rugby League One - Division 1 (2G) -> 23/24 Japan Rugby League One - Division 1 (1G/1T)
Mikiya Takamoto,高本 幹也,SO,東京サントリーサンゴリアス（2025-26）,171,80,2001.03.15,24,大阪桐蔭高校,帝京大学,大阪桐蔭高校 帝京大学,A,40,https://league-one.jp/player/484311,,,'20 U23,,,25/26 Japan Rugby League One - Division 1 (6G) -> 24/25 Japan Rugby League One - Division 1 (19G/5T) -> 23/24 Japan Rugby League One - Division 1 (18G/1T)
Masahiko Sagara,相良 昌彦,FL,東京サントリーサンゴリアス（2025-26）,180,98,2001.02.01,24,早稲田実業高校,早稲田大学,早稲田実業高校 早稲田大学,A,0,https://league-one.jp/player/484312,,,,,,No Data
Soshi Oga,大賀 宗志,PR,東京サントリーサンゴリアス（2025-26）,179,112,2001.01.14,24,報徳学園高校,明治大学,報徳学園高校 明治大学,A,2,https://league-one.jp/player/484313,,,,,,23/24 Japan Rugby League One - Division 1 (3G)
Isaiah Punivai,イザヤ ・プニヴァイ,CTB,東京サントリーサンゴリアス（2025-26）,189,100,2000.12.01,25,クライスツ・カレッジ,リンカーン大学,クライスツ・カレッジ リンカーン大学,B,40,https://league-one.jp/player/484314,,,,,,25/26 Japan Rugby League One - Division 1 (7G/2T) -> 24/25 Japan Rugby League One - Division 1 (15G/5T) -> 23/24 Japan Rugby League One - Division 1 (18G/5T) -> 22/23 Japan Rugby League One - Division 1 (5G) -> 21/22 Super Rugby Pacific (1G) -> 20/21 Canterbury (10G) -> 19/20 Canterbury (9G/3T)
Tatsuya Miyazaki,宮崎 達也,HO,東京サントリーサンゴリアス（2025-26）,164,95,1996.04.10,29,伏見工業高校,京都産業大学,伏見工業高校 京都産業大学,A,20,https://league-one.jp/player/484315,,,,,,25/26 Japan Rugby League One - Division 1 (4G) -> 24/25 Japan Rugby League One - Division 1 (8G/1T) -> 23/24 Japan Rugby League One - Division 1 (6G/1T) -> 21/22 Japan Rugby League One - Division 3 (5G)
Ryosuke Kawase,河瀬 諒介,FB,東京サントリーサンゴリアス（2025-26）,183,89,1999.07.21,26,東海大学仰星高校,早稲田大学,東海大学仰星高校 早稲田大学,A,25,https://league-one.jp/player/484316,,,'17 高校、'19 U20、'20 U23,,,24/25 Japan Rugby League One - Division 1 (13G/7T) -> 23/24 Japan Rugby League One - Division 1 (4G) -> 22/23 Japan Rugby League One - Division 1 (8G/4T)
Kai Yamamoto,山本 凱,FL,東京サントリーサンゴリアス（2025-26）,177,100,2000.03.17,25,慶應義塾高校,慶應義塾大学,慶應義塾高校 慶應義塾大学,A,40,https://league-one.jp/player/484317,,,'17 高校、'18 U20、'19 U20、'19 U23、日本代表1CAP,,,25/26 Japan Rugby League One - Division 1 (2G) -> 24/25 Japan Rugby League One - Division 1 (10G) -> 23/24 Japan Rugby League One - Division 1 (13G/2T) -> 22/23 Japan Rugby League One - Division 1 (14G) -> 21/22 Japan Rugby League One - Division 1 (2G)
Kotaro Hosoki,細木 康太郎,PR,東京サントリーサンゴリアス（2025-26）,178,115,2000.01.28,25,桐蔭学園高校,帝京大学,桐蔭学園高校 帝京大学,A,16,https://league-one.jp/player/484318,,,'17 高校,,,24/25 Japan Rugby League One - Division 1 (9G) -> 23/24 Japan Rugby League One - Division 1 (4G) -> 22/23 Japan Rugby League One - Division 1 (3G)
Kotaro Matsushima,松島 幸太朗,FB,東京サントリーサンゴリアス（2025-26）,178,88,1993.02.26,32,桐蔭学園高校,,桐蔭学園高校,A,45,https://league-one.jp/player/484319,,,'09 高校、日本代表55CAP、Pacific Nations Cup(3CAP)、Test Matchs(3CAP),,,25/26 Japan Rugby League One - Division 1 (7G/2T) -> 24/25 Japan Rugby League One - Division 1 (10G/1T) -> 23/24 Japan Rugby League One - Division 1 (16G/7T) -> Summer Nations Series 0 0 1 (1G) -> Rugby World Cup 2 0 2  -> 22/23 Japan Rugby League One - Division 1 (16G/3T) -> Autumn Nations Cup 0 0 2  -> Pacific Nations Cup 1 0 2  -> 21/22 Clermont (16G) -> Champions Cup 1 0 1  -> Test Matchs 1 0 0  -> 20/21 Clermont (22G/6T) -> Champions Cup 2 0 2 (4G) -> 19/20 Champions Cup (1G/1T) -> Rugby World Cup 4 0 1 (5G) -> 18/19 Pacific Nations Cup (3G/3T) -> 17/18 Super Rugby (5G/1T) -> 16/17 Super Rugby (9G) -> 15/16 Super Rugby (6G) -> Rugby World Cup 3 0 1 (1G) -> 14/15 Test Matchs (2G) -> 13/14 Test Matchs (1G/1T)
Seiya Ozaki,尾崎 晟也,WTB,東京サントリーサンゴリアス（2025-26）,175,85,1995.07.11,30,伏見工業高校,帝京大学,伏見工業高校 帝京大学,A,70,https://league-one.jp/player/484320,,,'12 高校、'15 U20、'15 U23、日本代表4CAP,,,25/26 Japan Rugby League One - Division 1 (3G/1T) -> 24/25 Japan Rugby League One - Division 1 (18G/8T) -> 23/24 Japan Rugby League One - Division 1 (18G/14T) -> 22/23 Japan Rugby League One - Division 1 (18G/18T) -> 21/22 Japan Rugby League One - Division 1 (13G/5T)
Hideto Niguma,仁熊 秀斗,WTB,東京サントリーサンゴリアス（2025-26）,172,85,1998.06.24,27,石見智翠館高校,筑波大学,石見智翠館高校 筑波大学,A,17,https://league-one.jp/player/484321,,,'18 U23,,,24/25 Japan Rugby League One - Division 1 (5G/2T) -> 22/23 Japan Rugby League One - Division 1 (3G/1T) -> 21/22 Japan Rugby League One - Division 1 (10G/2T)
Shogo Nakano,中野 将伍,CTB,東京サントリーサンゴリアス（2025-26）,186,98,1997.06.11,28,東筑高校,早稲田大学,東筑高校 早稲田大学,A,44,https://league-one.jp/player/484322,,,'15 U23、'17 U23、'19 U23、日本代表11CAP,,,25/26 Japan Rugby League One - Division 1 (4G/1T) -> 24/25 Japan Rugby League One - Division 1 (17G/6T) -> Pacific Nations Cup 0 0 1  -> 23/24 Japan Rugby League One - Division 1 (1G/1T) -> 22/23 Japan Rugby League One - Division 1 (18G/4T) -> 21/22 Japan Rugby League One - Division 1 (9G/2T) -> Autumn Nations Cup 0 0 1  -> 19/20 Super Rugby (5G/1T)
Taiga Ozaki,尾崎 泰雅,CTB,東京サントリーサンゴリアス（2025-26）,184,93,1998.09.25,27,伏見工業高校,帝京大学,伏見工業 帝京大学,A,50,https://league-one.jp/player/484323,,,,,,25/26 Japan Rugby League One - Division 1 (7G/1T) -> 24/25 Japan Rugby League One - Division 1 (12G/2T) -> 23/24 Japan Rugby League One - Division 1 (17G/8T) -> 22/23 Japan Rugby League One - Division 1 (12G/3T) -> 21/22 Japan Rugby League One - Division 1 (7G/2T)
Ryoto Nakamura,中村 亮土,CTB,東京サントリーサンゴリアス（2025-26）,181,92,1991.06.03,34,鹿児島実業高校,帝京大学,鹿児島実業高校 帝京大学,A,56,https://league-one.jp/player/484324,,,'11 U20、'16 U23、日本代表39CAP、Test Matchs(4CAP),,,25/26 Japan Rugby League One - Division 1 (5G/1T) -> 24/25 Japan Rugby League One - Division 1 (13G) -> 23/24 Japan Rugby League One - Division 1 (14G/2T) -> Summer Nations Series 0 0 1  -> Rugby World Cup 2 0 2 (1G) -> 22/23 Japan Rugby League One - Division 1 (16G/3T) -> Autumn Nations Cup 0 0 2  -> Pacific Nations Cup 0 0 1  -> 21/22 Japan Rugby League One - Division 1 (11G/2T) -> 20/21 Test Matchs (2G) -> 19/20 Test Matchs (1G) -> Rugby World Cup 4 0 1  -> 18/19 Super Rugby (1G) -> Pacific Nations Cup 2 0 0  -> 17/18 Super Rugby (9G/1T) -> 13/14 Test Matchs (1G)
Shota Emi,江見 翔太,WTB,東京サントリーサンゴリアス（2025-26）,183,95,1991.12.08,34,学習院高等科高校,学習院大学,学習院高等科 学習院大学,A,18,https://league-one.jp/player/484325,,,'11 U20,,,24/25 Japan Rugby League One - Division 1 (4G) -> 23/24 Japan Rugby League One - Division 1 (13G/3T) -> 22/23 Japan Rugby League One - Division 1 (1G) -> 16/17 Super Rugby (8G/3T)
Genki Okoshi,大越 元気,SH,東京サントリーサンゴリアス（2025-26）,162,70,1994.12.26,31,茗渓学園高校,同志社大学,茗渓学園高校 同志社大学,A,5,https://league-one.jp/player/484326,,,,,,23/24 Japan Rugby League One - Division 1 (2G) -> 22/23 Japan Rugby League One - Division 1 (4G) -> 21/22 Japan Rugby League One - Division 1 (2G)
Yutaka Nagare,流 大,SH,東京サントリーサンゴリアス（2025-26）,166,75,1992.09.04,33,荒尾高校,帝京大学,荒尾 帝京大学,A,61,https://league-one.jp/player/484327,,,日本代表36CAP、Test Matchs(6CAP),,,25/26 Japan Rugby League One - Division 1 (7G) -> 24/25 Japan Rugby League One - Division 1 (19G/1T) -> 23/24 Japan Rugby League One - Division 1 (13G/1T) -> Summer Nations Series 0 0 1  -> Rugby World Cup 1 0 1  -> 22/23 Japan Rugby League One - Division 1 (14G) -> Autumn Nations Cup 0 0 2  -> Pacific Nations Cup 1 0 2  -> 21/22 Japan Rugby League One - Division 1 (12G) -> 19/20 Test Matchs (1G) -> Rugby World Cup 4 0 1  -> 18/19 Test Matchs (3G) -> Pacific Nations Cup 3 0 0  -> 17/18 Super Rugby (13G) -> 16/17 Test Matchs (2G/1T)
Sota Oketani,桶谷 宗汰,FL,東京サントリーサンゴリアス（2025-26）,175,98,1994.11.18,31,常翔学園高校,明治大学,常翔学園高校 明治大学,A,12,https://league-one.jp/player/484328,,,,,,24/25 Japan Rugby League One - Division 1 (1G) -> 23/24 Japan Rugby League One - Division 1 (9G) -> 21/22 Japan Rugby League One - Division 1 (2G)
Ryuga Hashimoto,箸本 龍雅,FL,東京サントリーサンゴリアス（2025-26）,188,112,1998.11.23,27,東福岡高校,明治大学,東福岡高校 明治大学,A,49,https://league-one.jp/player/484329,,,'17 U20、'18 U20、'18 U23,,,25/26 Japan Rugby League One - Division 1 (7G/1T) -> 24/25 Japan Rugby League One - Division 1 (16G/2T) -> 23/24 Japan Rugby League One - Division 1 (11G/1T) -> 22/23 Japan Rugby League One - Division 1 (15G) -> 21/22 Japan Rugby League One - Division 1 (4G)
Yasuaki Katakura,片倉 康瑛,LO,東京サントリーサンゴリアス（2025-26）,190,105,1998.08.09,27,明治大学付属中野高校,明治大学,明治大学付属中野高校 明治大学,A,1,https://league-one.jp/player/484330,,,'19 U23,,,22/23 Japan Rugby League One - Division 1 (1G) -> 21/22 Japan Rugby League One - Division 1 (1G)
Koji Iino,飯野 晃司,FL,東京サントリーサンゴリアス（2025-26）,190,110,1994.10.12,31,三好高校,帝京大学,三好高校 帝京大学,A,25,https://league-one.jp/player/484331,,,'17 U23、日本代表1CAP,,,24/25 Japan Rugby League One - Division 1 (3G) -> 23/24 Japan Rugby League One - Division 1 (2G) -> 22/23 Japan Rugby League One - Division 1 (10G) -> 21/22 Japan Rugby League One - Division 1 (11G/1T)
Wataru Kobayashi,小林 航,LO,東京サントリーサンゴリアス（2025-26）,196,118,1994.03.22,31,明中八王子高校,明治大学,明中八王子高校 明治大学,A,13,https://league-one.jp/player/484332,,,,,,22/23 Japan Rugby League One - Division 1 (5G/1T) -> 21/22 Japan Rugby League One - Division 1 (8G)
Kienori Go,呉 季依典,HO,東京サントリーサンゴリアス（2025-26）,177,100,1996.10.23,29,京都成章高校,帝京大学,京都成章高校 帝京大学,A,35,https://league-one.jp/player/484333,,,,,,25/26 Japan Rugby League One - Division 1 (1G) -> 24/25 Japan Rugby League One - Division 1 (13G/3T) -> 23/24 Japan Rugby League One - Division 1 (12G/2T) -> 22/23 Japan Rugby League One - Division 1 (7G) -> 21/22 Japan Rugby League One - Division 1 (3G)
Kosuke Horikoshi,堀越 康介,HO,東京サントリーサンゴリアス（2025-26）,175,100,1995.06.02,30,桐蔭学園高校,帝京大学,桐蔭学園高校 帝京大学,A,53,https://league-one.jp/player/484334,,,'12 高校、'15 U20、'15 U23、'17 U23、日本代表7CAP、Test Matchs(3CAP),,,25/26 Japan Rugby League One - Division 1 (4G/1T) -> 24/25 Japan Rugby League One - Division 1 (15G/4T) -> 23/24 Japan Rugby League One - Division 1 (18G/13T) -> 22/23 Japan Rugby League One - Division 1 (11G/5T) -> 21/22 Japan Rugby League One - Division 1 (9G) -> Autumn Nations Cup 0 0 1  -> 20/21 Test Matchs (2G) -> 18/19 Test Matchs (1G)
Kan Nakano,中野 幹,PR,東京サントリーサンゴリアス（2025-26）,177,108,1997.09.29,28,東海大仰星高校,東海大学,東海大仰星高校 東海大学,A,54,https://league-one.jp/player/484335,,,'17 U20,,,25/26 Japan Rugby League One - Division 1 (7G/1T) -> 24/25 Japan Rugby League One - Division 1 (18G) -> 23/24 Japan Rugby League One - Division 1 (17G/1T) -> 22/23 Japan Rugby League One - Division 1 (6G) -> 21/22 Japan Rugby League One - Division 1 (10G/1T)
Shinnosuke Kakinaga,垣永 真之介,PR,東京サントリーサンゴリアス（2025-26）,180,115,1991.12.19,34,東福岡高校,早稲田大学,東福岡高校 早稲田大学,A,45,https://league-one.jp/player/484336,,,日本代表12CAP、Test Matchs(1CAP),,,24/25 Japan Rugby League One - Division 1 (8G) -> 23/24 Japan Rugby League One - Division 1 (11G/1T) -> 22/23 Japan Rugby League One - Division 1 (13G) -> 21/22 Japan Rugby League One - Division 1 (13G) -> Test Matchs 0 0 1  -> 15/16 Super Rugby (15G) -> 14/15 Test Matchs (1G)
Yukio Morikawa,森川 由起乙,PR,東京サントリーサンゴリアス（2025-26）,180,113,1993.02.06,32,京都成章高校,帝京大学,京都成章高校 帝京大学,A,57,https://league-one.jp/player/484337,,,日本代表5CAP,,,25/26 Japan Rugby League One - Division 1 (5G) -> 24/25 Japan Rugby League One - Division 1 (15G/1T) -> Test Matchs 1 0 0  -> 23/24 Japan Rugby League One - Division 1 (17G) -> 22/23 Japan Rugby League One - Division 1 (9G) -> 21/22 Japan Rugby League One - Division 1 (13G)
Sam Cane,サム ・ケイン,FL,東京サントリーサンゴリアス（2025-26）,189,103,1992.01.13,33,タウランガ・ボーイズ・カレッジ,,タウランガ・ボーイズ・カレッジ,C,18,https://league-one.jp/player/484339,,,,,,25/26 Japan Rugby League One - Division 1 (6G/1T) -> 24/25 Japan Rugby League One - Division 1 (10G/4T) -> Autumn Nations Series 3 0 0  -> 23/24 Japan Rugby League One - Division 1 (6G/2T) -> Rugby World Cup 4 0 1  -> Rugby Championship 3 0 2  -> 22/23 Super Rugby Pacific (13G/1T) -> Rugby Championship 2 0 0  -> 21/22 Super Rugby Pacific (11G/1T) -> Autumn Nations Series 1 0 1  -> 20/21 Super Rugby Aotearoa (4G) -> 19/20 Super Rugby (5G) -> Super Rugby Aotearoa 0 0 6  -> Tri Nations 2 0 2 (1G) -> 18/19 Super Rugby (5G/1T) -> 17/18 Super Rugby (11G/2T) -> Rugby Championship 4 0 1  -> 16/17 Super Rugby (13G/1T) -> Rugby Championship 5 0 0  -> 15/16 Super Rugby (17G/4T) -> Rugby World Cup 7 0 0 (2G) -> Rugby Championship 3 0 0 (1G) -> 14/15 Super Rugby (15G/4T) -> Rugby Championship 0 0 1  -> 13/14 Super Rugby (10G) -> Rugby Championship 4 1 0 
Atsuki Yamamoto,山本 敦輝,PR,東京サントリーサンゴリアス（2025-26）,177,106,2002.01.02,24,常翔学園高校,同志社大学,常翔学園高校 同志社大学,A,5,https://league-one.jp/player/484340,,,,,,25/26 Japan Rugby League One - Division 1 (2G) -> 24/25 Japan Rugby League One - Division 1 (4G) -> 23/24 Japan Rugby League One - Division 1 (1G)
Shuhei Takeuchi,竹内 柊平,PR,東京サントリーサンゴリアス（2025-26）,183,115,1997.12.09,28,宮崎工業高校,九州共立大学,宮崎工業高校 九州共立大学,A,60,https://league-one.jp/player/485712,,,'25 XV、日本代表24CAP,,,25/26 Japan Rugby League One - Division 1 (7G) -> Autumn Nations Series 0 0 2  -> 24/25 Japan Rugby League One - Division 1 (17G) -> Pacific Nations Cup 3 0 1  -> 23/24 Japan Rugby League One - Division 2 (10G/2T) -> Japan Rugby League One - Division 1 2 0 0  -> 22/23 Japan Rugby League One - Division 2 (11G/1T) -> Japan Rugby League One - Division 1 0 0 2  -> Autumn Nations Series 0 0 1  -> 21/22 Japan Rugby League One - Division 1 (15G/2T)
Shodai Hirao,平生 翔大,HO,東京サントリーサンゴリアス（2025-26）,174,105,2002.10.11,23,関西学院高等部,関西学院大学,関西学院高等部 関西学院大学,A,3,https://league-one.jp/player/485713,,,'25 XV、日本代表2CAP,,,Not Found
Kenta Fukuda,福田 健太,SH,東京サントリーサンゴリアス（2025-26）,173,80,1996.12.19,29,茗溪学園高校,明治大学,茗溪学園高校 明治大学,A,52,https://league-one.jp/player/485714,,,'25 XV、日本代表8CAP,,,25/26 Japan Rugby League One - Division 1 (7G/1T) -> Autumn Nations Series 0 0 1  -> 24/25 Japan Rugby League One - Division 1 (17G/2T) -> Test Matchs 0 0 1  -> 23/24 Japan Rugby League One - Division 1 (5G/2T) -> 22/23 Japan Rugby League One - Division 1 (16G/4T) -> 21/22 Japan Rugby League One - Division 1 (12G/4T)
Kenta Kobayashi,小林 賢太,PR,東京サントリーサンゴリアス（2025-26）,181,115,1999.06.02,26,東福岡高校,早稲田大学,東福岡高校 早稲田大学,A,47,https://league-one.jp/player/485715,,,'19 U20、'20 U23、'25 XV、日本代表9CAP,,,25/26 Japan Rugby League One - Division 1 (7G/1T) -> Autumn Nations Series 0 0 2  -> 24/25 Japan Rugby League One - Division 1 (19G/2T) -> Test Matchs 0 0 1  -> 23/24 Japan Rugby League One - Division 1 (15G/1T) -> 22/23 Japan Rugby League One - Division 1 (10G/1T)
Kanji Shimokawa,下川 甲嗣,FL,東京サントリーサンゴリアス（2025-26）,188,105,1999.01.17,26,修猷館高校,早稲田大学,修猷館高校 早稲田大学,A,58,https://league-one.jp/player/485716,,,'18 U20、'18 U23、'25 XV、日本代表23CAP,,,25/26 Japan Rugby League One - Division 1 (7G) -> Autumn Nations Series 0 0 2  -> 24/25 Japan Rugby League One - Division 1 (19G) -> Pacific Nations Cup 3 0 1 (1G) -> 23/24 Japan Rugby League One - Division 1 (18G/1T) -> Test Matchs 0 0 1  -> 22/23 Japan Rugby League One - Division 1 (13G) -> Pacific Nations Cup 0 0 1  -> 21/22 Japan Rugby League One - Division 1 (5G/1T)
Harry Hockings,ハリー ・ホッキングス,LO,東京サントリーサンゴリアス（2025-26）,206,118,1998.07.28,27,アングリカン・チャーチ・グラマー・スクール,クイーンズランド大学,アングリカン・チャーチ・グラマー・スクール クイーンズランド大学,A,67,https://league-one.jp/player/485719,,,日本代表2CAP,,,25/26 Japan Rugby League One - Division 1 (7G/2T) -> Test Matchs 1 0 0  -> 24/25 Japan Rugby League One - Division 1 (16G/3T) -> 23/24 Japan Rugby League One - Division 1 (18G/4T) -> 22/23 Japan Rugby League One - Division 1 (18G/3T) -> 21/22 Japan Rugby League One - Division 1 (12G/1T) -> 19/20 Super Rugby (5G) -> 18/19 Super Rugby (13G) -> 17/18 Super Rugby (11G)
Sanshiro Kihara,木原 三四郎,PR,東京サントリーサンゴリアス（2025-26）,180,110,2003.01.20,22,東福岡高校,専修大学,東福岡高校 専修大学,A,2,https://league-one.jp/player/485912,,,'25 XV,,,24/25 Japan Rugby League One - Division 1 (3G)
Cheslin Kolbe,チェスリン ・コルビ,WTB,東京サントリーサンゴリアス（2025-26）,172,80,1993.10.28,32,ブラッケンフェル,フリーステート大学,ブラッケンフェル高校 フリーステート大学,C,28,https://league-one.jp/player/486282,,,,,,25/26 Japan Rugby League One - Division 1 (7G/5T) -> Autumn Nations Series 2 0 0  -> 24/25 Japan Rugby League One - Division 1 (14G/8T) -> Test Matchs 2 0 0 (1G) -> Rugby Championship 4 0 1 (3G) -> 23/24 Japan Rugby League One - Division 1 (11G/3T) -> Rugby World Cup 4 0 1 (2G) -> Test Matchs 1 0 1 (1G) -> Rugby Championship 5 0 0 (1G) -> 22/23 Toulon (14G/5T) -> Challenge Cup 4 0 0 (1G) -> Rugby Championship 1 0 1 (1G/1T) -> 21/22 Challenge Cup (3G/1T) -> Top 14 6 0 4 (3G) -> 20/21 Toulouse (18G/7T) -> Champions Cup 5 0 0 (2G) -> Rugby Championship 1 0 0  -> 19/20 Champions Cup (6G/2T) -> Top 14 2 0 3 (2G/2T) -> 18/19 Toulouse (16G/6T) -> Champions Cup 6 0 2 (2G/1T) -> Rugby Championship 1 1 0 (1G) -> 17/18 Toulouse (23G/9T) -> Challenge Cup 0 0 1 (1G) -> 16/17 Super Rugby (14G/9T) -> 15/16 Super Rugby (12G/1T) -> 14/15 Super Rugby (16G/2T) -> 13/14 Super Rugby (7G)