年度,RawData,Source_URL
2007年度, |  |  |  |  |  | ,https://www.rugby-japan.jp/news/5270
2007年度,PR1 | 三上 正貴Masaki MIKAMI | 東海大学Tokai Univ. | 1年 | 青森工業高校 | 178 | 105 | 88.06.04 | ○,https://www.rugby-japan.jp/news/5270
2007年度,新田 浩一Koichi NITTA | 東海大学Tokai Univ. | 1年 | 東海大仰星高校 | 183 | 104 | 88.06.24 | ○,https://www.rugby-japan.jp/news/5270
2007年度,才田 修二Shuji SAITA | 同志社大学Doshisha Univ. | 1年 | 東福岡高校 | 180 | 110 | 88.08.14 | ○,https://www.rugby-japan.jp/news/5270
2007年度,PR3 | 大塚 智加人Chikato OTSUKA | 中央大学Chuo Univ. | 1年 | 國學院大學久我山高校 | 180 | 107 | 88.08.14 | ○,https://www.rugby-japan.jp/news/5270
2007年度,田中 光Hikaru TANAKA | 山梨学院大学Yamanashi Gakuin Univ. | 1年 | 新発田農業高校 | 177 | 105 | 89.03.24 | ○,https://www.rugby-japan.jp/news/5270
2007年度,小野 慎介Shinsuke ONO | 流通経済大学付属柏高校Ryutsu Keizai Kashiwa HS | 3年 | 印西中学校 | 180 | 110 | 89.10.30 | ○,https://www.rugby-japan.jp/news/5270
2007年度,HO | 森 大志Futoshi MORI | 帝京大学Teikyo Univ. | 1年 | 仙台育英高校 | 175 | 95 | 88.04.25 | ×,https://www.rugby-japan.jp/news/5270
2007年度,前川 鐘平Shohei MAEKAWA | 東海大学Tokai Univ. | 1年 | 東海大仰星高校 | 178 | 89 | 88.09.08 | ○,https://www.rugby-japan.jp/news/5270
2007年度,山崎 基生Motoki YAMAZAKI | 流通経済大学Ryutukeizai Univ. | 1年 | 流通経済大学柏高校 | 176 | 97 | 88.11.25 | ○,https://www.rugby-japan.jp/news/5270
2007年度,有田 隆平Ryuhei ARITA | 早稲田大学Waseda Univ. | 1年 | 東福岡高校 | 176 | 94 | 89.03.21 | ○,https://www.rugby-japan.jp/news/5270
2007年度,LO | 松田 圭祐Keisuke MATSUDA | 大東文化大学Daito Bunka Univ. | 2年 | 大東文化大第一高校 | 190 | 101 | 88.01.06 | ○,https://www.rugby-japan.jp/news/5270
2007年度,栗林 宣正Norimasa KURIBAYASHI | 法政大学Hosei Univ. | 1年 | 東京高校 | 186 | 100 | 88.04.21 | ○,https://www.rugby-japan.jp/news/5270
2007年度,ポヒヴァ・ロトアヘアLotoahea POHIVA | 正智深谷高校Shochi Fukaya HS | 3年 | トゥポ中学校 | 190 | 105 | 88.08.10 | ○,https://www.rugby-japan.jp/news/5270
2007年度,マイケル・リーチMichel LEITCH | 東海大学Tokai Univ. | 1年 | 札幌山の手高校 | 187 | 96 | 88.10.07 | ×,https://www.rugby-japan.jp/news/5270
2007年度,加藤 豪也Takaya KATO | 慶應義塾大学Keio Univ. | 1年 | 太田高校 | 190 | 95 | 88.10.11 | ○,https://www.rugby-japan.jp/news/5270
2007年度,中田 英里Eiri NAKADA | 早稲田大学Waseda Univ. | 1年 | 成蹊高校 | 193 | 104 | 88.11.16 | ○,https://www.rugby-japan.jp/news/5270
2007年度,FL/ No.8 | 西原 忠佑Tadasuke NISHIHARA | 明治大学Meiji Univ. | 2年 | 大阪桐蔭高校 | 183 | 95 | 88.01.02 | ○,https://www.rugby-japan.jp/news/5270
2007年度,新井 慶史Yoshinobu ARAI | 神戸製鋼コベルコスティーラーズKOBE STEEL Kobelco Steelers | 19 | 東海大仰星高校 | 174 | 83 | 88.04.07 | ○,https://www.rugby-japan.jp/news/5270
2007年度,大平 純平Junpei OHIRA | 同志社大学Doshisha Univ. | １年 | 江の川高校 | 174 | 86 | 88.07.12 | ○,https://www.rugby-japan.jp/news/5270
2007年度,布巻 良太Ryota NUNOMAKI | 日本大学Nihon Univ. | １年 | 東福岡高校 | 180 | 78 | 88.08.26 | ○,https://www.rugby-japan.jp/news/5270
2007年度,村田 毅Tsuyoshi MURATA | 慶應義塾大学Keio Univ. | 1年 | 慶應志木高校 | 185 | 93 | 88.12.15 | ○,https://www.rugby-japan.jp/news/5270
2007年度,杉本 博昭Hiroaki SUGIMOTO | 明治大学Meiji Univ. | 1年 | 大阪工大高校 | 182 | 92 | 89.02.27 | ○,https://www.rugby-japan.jp/news/5270
2007年度,山内 健太郎Kentaro YAMAUCHI | 長崎北陽台高校Nagasaki Hokuyoudai HS | 3年 | 土井首中学校 | 184 | 88 | 89.04.10 | ×,https://www.rugby-japan.jp/news/5270
2007年度,ナイ・シアオシ・マアフSiaosi Maasu nai | 日本航空第二高校Japan Aviation Academy | 3年 | トンガカレッジ | 176 | 86 | 89.05.17 | ○,https://www.rugby-japan.jp/news/5270
2007年度,SH | 柳原 瑞樹Mizuki YANAGIHARA | 日本体育大学Nippon Sports Science Univ. | 1年 | 八戸西高校 | 170 | 76 | 88.11.10 | ○,https://www.rugby-japan.jp/news/5270
2007年度,鶴田 諒Ryo TSURUTA | 東海大学Tokai Univ. | 1年 | 日川高校 | 174 | 78 | 88.12.03 | ○,https://www.rugby-japan.jp/news/5270
2007年度,中村 正寿Masatoshi NAKAMURA | 日本大学Nihon Univ. | 1年 | 東福岡高校 | 165 | 65 | 89.01.24 | ○,https://www.rugby-japan.jp/news/5270
2007年度,SO | 吉田 真吾Shingo YOSHIDA | 東海大学Tokai Univ. | 1年 | 深谷高校 | 175 | 70 | 88.04.20 | ○,https://www.rugby-japan.jp/news/5270
2007年度,竹本 竜太郎Ryutaro TAKEMOTO | 慶應義塾大学Keio Univ. | 1年 | 長崎北高校 | 173 | 75 | 88.05.19 | ○,https://www.rugby-japan.jp/news/5270
2007年度,山中 亮平Ryohei YAMANAKA | 早稲田大学Waseda Univ. | 1年 | 東海大仰星高校 | 186 | 88 | 88.06.22 | ○,https://www.rugby-japan.jp/news/5270
2007年度,CTB | 増田 慶介Keisuke MASUDA | 慶應義塾大学Keio Univ. | 1年 | 長崎北高校 | 182 | 88 | 88.05.02 | ○,https://www.rugby-japan.jp/news/5270
2007年度,坂井 克行Katsuyuki SAKAI | 早稲田大学Waseda Univ. | 1年 | 四日市農芸高校 | 173 | 84 | 88.09.07 | ○,https://www.rugby-japan.jp/news/5270
2007年度,中島 拓也Takuya NAKAJIMA | ヤマハ発動機ジュビロYAMAHA Motor Jubilo | 19 | 熊谷工業高校 | 175 | 80 | 88.10.09 | ○,https://www.rugby-japan.jp/news/5270
2007年度,イーリー・ニコラスEaley NICHILAS | 拓殖大学Takushoku Univ. | 1年 | セントビーズ高校 | 181 | 95 | 88.10.14 | ○,https://www.rugby-japan.jp/news/5270
2007年度,ハベア・アイセア・マタアリMataaliAisea Havea | 日本航空第二高校Japan Aviation Academy | 3年 | トンガカレッジ | 175 | 97 | 89.01.31 | ○,https://www.rugby-japan.jp/news/5270
2007年度,仲宗根 健太Kenta NAKASONE | 桐蔭学園高校Toin Gakuen HS | 3年 | 桐蔭学園中学 | 180 | 88 | 89.04.05 | ○,https://www.rugby-japan.jp/news/5270
2007年度,立川 理道Harumichi TATEKAWA | 天理高校Tenri HS | 3年 | 天理中学 | 182 | 88 | 89.12.02 | ○,https://www.rugby-japan.jp/news/5270
2007年度,WTB | 大島 佐利Satoshi OSHIMA | 早稲田大学Waseda Univ. | 2年 | 國學院大學栃木高校 | 180 | 88 | 88.01.01 | ×,https://www.rugby-japan.jp/news/5270
2007年度,甲地 直樹Naoki KACCHI | 帝京大学Teikyo Univ. | 1年 | 三沢商業高校 | 180 | 88 | 88.07.07 | ×,https://www.rugby-japan.jp/news/5270
2007年度,大久保 教全Takamasa OKUBO | 同志社大学Doshisha Univ. | 1年 | 深谷高校 | 173 | 72 | 88.07.28 | ○,https://www.rugby-japan.jp/news/5270
2007年度,中濱 寛造Kanzo NAKAHAMA | 早稲田大学Waseda Univ. | 1年 | 大阪工大高校 | 176 | 81 | 88.09.28 | ○,https://www.rugby-japan.jp/news/5270
2007年度,長野 直樹Naoki CHONO | 関西学院大学Kwansei Gakuin Univ. | 1年 | 関西学院高校 | 174 | 78 | 89.01.09 | ○,https://www.rugby-japan.jp/news/5270
2007年度,ジェーミー・ブラッキーJamie BLACKIE | ゴールドスミスカレッジGoldsmiths Collelge | 19 | - | 183 | 90 | 88.05.08 | ○,https://www.rugby-japan.jp/news/5270
2007年度,FB | 飯田 貴也Takaya IIDA | 早稲田大学Waseda Univ. | 1年 | 早大本庄高校 | 182 | 83 | 88.10.25 | ○,https://www.rugby-japan.jp/news/5270
2007年度,竹下 祥平Shohei TAKESHITA | 東福岡高校Higashi Fukuoka HS | 3年 | 平尾中学 | 180 | 76 | 89.05.06 | ○,https://www.rugby-japan.jp/news/5270
2007年度,井口 剛志Tsuyoshi IGUCHI | 伏見工業高校Fushimi Technical HS | 3年 | 修学院中学 | 180 | 75 | 89.12.21 | ○,https://www.rugby-japan.jp/news/5270
2007年度,SH | 榎本光祐Kosuke ENOMOTO | 早稲田大学WASEDA Univ. | 1年 | 大分舞鶴高校Oita Maizuru HS | 170 | 68 | 1988.10.22,https://www.rugby-japan.jp/news/5270
2007年度,PR1 | 三上 正貴Masaki MIKAMI | 東海大学Tokai Univ. | 1年 | 青森工業高校 | 178 | 105 | 88.06.04 | ○,https://www.rugby-japan.jp/news/5270
2007年度,新田 浩一Koichi NITTA | 東海大学Tokai Univ. | 1年 | 東海大仰星高校 | 183 | 104 | 88.06.24 | ○,https://www.rugby-japan.jp/news/5270
2007年度,才田 修二Shuji SAITA | 同志社大学Doshisha Univ. | 1年 | 東福岡高校 | 180 | 110 | 88.08.14 | ○,https://www.rugby-japan.jp/news/5270
2007年度,PR3 | 大塚 智加人Chikato OTSUKA | 中央大学Chuo Univ. | 1年 | 國學院大學久我山高校 | 180 | 107 | 88.08.14 | ○,https://www.rugby-japan.jp/news/5270
2007年度,田中 光Hikaru TANAKA | 山梨学院大学Yamanashi Gakuin Univ. | 1年 | 新発田農業高校 | 177 | 105 | 89.03.24 | ○,https://www.rugby-japan.jp/news/5270
2007年度,小野 慎介Shinsuke ONO | 流通経済大学付属柏高校Ryutsu Keizai Kashiwa HS | 3年 | 印西中学校 | 180 | 110 | 89.10.30 | ○,https://www.rugby-japan.jp/news/5270
2007年度,HO | 森 大志Futoshi MORI | 帝京大学Teikyo Univ. | 1年 | 仙台育英高校 | 175 | 95 | 88.04.25 | ×,https://www.rugby-japan.jp/news/5270
2007年度,前川 鐘平Shohei MAEKAWA | 東海大学Tokai Univ. | 1年 | 東海大仰星高校 | 178 | 89 | 88.09.08 | ○,https://www.rugby-japan.jp/news/5270
2007年度,山崎 基生Motoki YAMAZAKI | 流通経済大学Ryutukeizai Univ. | 1年 | 流通経済大学柏高校 | 176 | 97 | 88.11.25 | ○,https://www.rugby-japan.jp/news/5270
2007年度,有田 隆平Ryuhei ARITA | 早稲田大学Waseda Univ. | 1年 | 東福岡高校 | 176 | 94 | 89.03.21 | ○,https://www.rugby-japan.jp/news/5270
2007年度,LO | 松田 圭祐Keisuke MATSUDA | 大東文化大学Daito Bunka Univ. | 2年 | 大東文化大第一高校 | 190 | 101 | 88.01.06 | ○,https://www.rugby-japan.jp/news/5270
2007年度,栗林 宣正Norimasa KURIBAYASHI | 法政大学Hosei Univ. | 1年 | 東京高校 | 186 | 100 | 88.04.21 | ○,https://www.rugby-japan.jp/news/5270
2007年度,ポヒヴァ・ロトアヘアLotoahea POHIVA | 正智深谷高校Shochi Fukaya HS | 3年 | トゥポ中学校 | 190 | 105 | 88.08.10 | ○,https://www.rugby-japan.jp/news/5270
2007年度,マイケル・リーチMichel LEITCH | 東海大学Tokai Univ. | 1年 | 札幌山の手高校 | 187 | 96 | 88.10.07 | ×,https://www.rugby-japan.jp/news/5270
2007年度,加藤 豪也Takaya KATO | 慶應義塾大学Keio Univ. | 1年 | 太田高校 | 190 | 95 | 88.10.11 | ○,https://www.rugby-japan.jp/news/5270
2007年度,中田 英里Eiri NAKADA | 早稲田大学Waseda Univ. | 1年 | 成蹊高校 | 193 | 104 | 88.11.16 | ○,https://www.rugby-japan.jp/news/5270
2007年度,FL/ No.8 | 西原 忠佑Tadasuke NISHIHARA | 明治大学Meiji Univ. | 2年 | 大阪桐蔭高校 | 183 | 95 | 88.01.02 | ○,https://www.rugby-japan.jp/news/5270
2007年度,新井 慶史Yoshinobu ARAI | 神戸製鋼コベルコスティーラーズKOBE STEEL Kobelco Steelers | 19 | 東海大仰星高校 | 174 | 83 | 88.04.07 | ○,https://www.rugby-japan.jp/news/5270
2007年度,大平 純平Junpei OHIRA | 同志社大学Doshisha Univ. | １年 | 江の川高校 | 174 | 86 | 88.07.12 | ○,https://www.rugby-japan.jp/news/5270
2007年度,布巻 良太Ryota NUNOMAKI | 日本大学Nihon Univ. | １年 | 東福岡高校 | 180 | 78 | 88.08.26 | ○,https://www.rugby-japan.jp/news/5270
2007年度,村田 毅Tsuyoshi MURATA | 慶應義塾大学Keio Univ. | 1年 | 慶應志木高校 | 185 | 93 | 88.12.15 | ○,https://www.rugby-japan.jp/news/5270
2007年度,杉本 博昭Hiroaki SUGIMOTO | 明治大学Meiji Univ. | 1年 | 大阪工大高校 | 182 | 92 | 89.02.27 | ○,https://www.rugby-japan.jp/news/5270
2007年度,山内 健太郎Kentaro YAMAUCHI | 長崎北陽台高校Nagasaki Hokuyoudai HS | 3年 | 土井首中学校 | 184 | 88 | 89.04.10 | ×,https://www.rugby-japan.jp/news/5270
2007年度,ナイ・シアオシ・マアフSiaosi Maasu nai | 日本航空第二高校Japan Aviation Academy | 3年 | トンガカレッジ | 176 | 86 | 89.05.17 | ○,https://www.rugby-japan.jp/news/5270
2007年度,SH | 柳原 瑞樹Mizuki YANAGIHARA | 日本体育大学Nippon Sports Science Univ. | 1年 | 八戸西高校 | 170 | 76 | 88.11.10 | ○,https://www.rugby-japan.jp/news/5270
2007年度,鶴田 諒Ryo TSURUTA | 東海大学Tokai Univ. | 1年 | 日川高校 | 174 | 78 | 88.12.03 | ○,https://www.rugby-japan.jp/news/5270
2007年度,中村 正寿Masatoshi NAKAMURA | 日本大学Nihon Univ. | 1年 | 東福岡高校 | 165 | 65 | 89.01.24 | ○,https://www.rugby-japan.jp/news/5270
2007年度,SO | 吉田 真吾Shingo YOSHIDA | 東海大学Tokai Univ. | 1年 | 深谷高校 | 175 | 70 | 88.04.20 | ○,https://www.rugby-japan.jp/news/5270
2007年度,竹本 竜太郎Ryutaro TAKEMOTO | 慶應義塾大学Keio Univ. | 1年 | 長崎北高校 | 173 | 75 | 88.05.19 | ○,https://www.rugby-japan.jp/news/5270
2007年度,山中 亮平Ryohei YAMANAKA | 早稲田大学Waseda Univ. | 1年 | 東海大仰星高校 | 186 | 88 | 88.06.22 | ○,https://www.rugby-japan.jp/news/5270
2007年度,CTB | 増田 慶介Keisuke MASUDA | 慶應義塾大学Keio Univ. | 1年 | 長崎北高校 | 182 | 88 | 88.05.02 | ○,https://www.rugby-japan.jp/news/5270
2007年度,坂井 克行Katsuyuki SAKAI | 早稲田大学Waseda Univ. | 1年 | 四日市農芸高校 | 173 | 84 | 88.09.07 | ○,https://www.rugby-japan.jp/news/5270
2007年度,中島 拓也Takuya NAKAJIMA | ヤマハ発動機ジュビロYAMAHA Motor Jubilo | 19 | 熊谷工業高校 | 175 | 80 | 88.10.09 | ○,https://www.rugby-japan.jp/news/5270
2007年度,イーリー・ニコラスEaley NICHILAS | 拓殖大学Takushoku Univ. | 1年 | セントビーズ高校 | 181 | 95 | 88.10.14 | ○,https://www.rugby-japan.jp/news/5270
2007年度,ハベア・アイセア・マタアリMataaliAisea Havea | 日本航空第二高校Japan Aviation Academy | 3年 | トンガカレッジ | 175 | 97 | 89.01.31 | ○,https://www.rugby-japan.jp/news/5270
2007年度,仲宗根 健太Kenta NAKASONE | 桐蔭学園高校Toin Gakuen HS | 3年 | 桐蔭学園中学 | 180 | 88 | 89.04.05 | ○,https://www.rugby-japan.jp/news/5270
2007年度,立川 理道Harumichi TATEKAWA | 天理高校Tenri HS | 3年 | 天理中学 | 182 | 88 | 89.12.02 | ○,https://www.rugby-japan.jp/news/5270
2007年度,WTB | 大島 佐利Satoshi OSHIMA | 早稲田大学Waseda Univ. | 2年 | 國學院大學栃木高校 | 180 | 88 | 88.01.01 | ×,https://www.rugby-japan.jp/news/5270
2007年度,甲地 直樹Naoki KACCHI | 帝京大学Teikyo Univ. | 1年 | 三沢商業高校 | 180 | 88 | 88.07.07 | ×,https://www.rugby-japan.jp/news/5270
2007年度,大久保 教全Takamasa OKUBO | 同志社大学Doshisha Univ. | 1年 | 深谷高校 | 173 | 72 | 88.07.28 | ○,https://www.rugby-japan.jp/news/5270
2007年度,中濱 寛造Kanzo NAKAHAMA | 早稲田大学Waseda Univ. | 1年 | 大阪工大高校 | 176 | 81 | 88.09.28 | ○,https://www.rugby-japan.jp/news/5270
2007年度,長野 直樹Naoki CHONO | 関西学院大学Kwansei Gakuin Univ. | 1年 | 関西学院高校 | 174 | 78 | 89.01.09 | ○,https://www.rugby-japan.jp/news/5270
2007年度,ジェーミー・ブラッキーJamie BLACKIE | ゴールドスミスカレッジGoldsmiths Collelge | 19 | - | 183 | 90 | 88.05.08 | ○,https://www.rugby-japan.jp/news/5270
2007年度,FB | 飯田 貴也Takaya IIDA | 早稲田大学Waseda Univ. | 1年 | 早大本庄高校 | 182 | 83 | 88.10.25 | ○,https://www.rugby-japan.jp/news/5270
2007年度,竹下 祥平Shohei TAKESHITA | 東福岡高校Higashi Fukuoka HS | 3年 | 平尾中学 | 180 | 76 | 89.05.06 | ○,https://www.rugby-japan.jp/news/5270
2007年度,井口 剛志Tsuyoshi IGUCHI | 伏見工業高校Fushimi Technical HS | 3年 | 修学院中学 | 180 | 75 | 89.12.21 | ○,https://www.rugby-japan.jp/news/5270
2007年度,SH | 榎本光祐Kosuke ENOMOTO | 早稲田大学WASEDA Univ. | 1年 | 大分舞鶴高校Oita Maizuru HS | 170 | 68 | 1988.10.22,https://www.rugby-japan.jp/news/5270
2007年度,PR1 | 三上 正貴Masaki MIKAMI | 東海大学Tokai Univ. | 1年 | 青森工業高校 | 178 | 105 | 88.06.04 | ○,https://www.rugby-japan.jp/news/5270
2007年度,新田 浩一Koichi NITTA | 東海大学Tokai Univ. | 1年 | 東海大仰星高校 | 183 | 104 | 88.06.24 | ○,https://www.rugby-japan.jp/news/5270
2007年度,才田 修二Shuji SAITA | 同志社大学Doshisha Univ. | 1年 | 東福岡高校 | 180 | 110 | 88.08.14 | ○,https://www.rugby-japan.jp/news/5270
2007年度,PR3 | 大塚 智加人Chikato OTSUKA | 中央大学Chuo Univ. | 1年 | 國學院大學久我山高校 | 180 | 107 | 88.08.14 | ○,https://www.rugby-japan.jp/news/5270
2007年度,田中 光Hikaru TANAKA | 山梨学院大学Yamanashi Gakuin Univ. | 1年 | 新発田農業高校 | 177 | 105 | 89.03.24 | ○,https://www.rugby-japan.jp/news/5270
2007年度,小野 慎介Shinsuke ONO | 流通経済大学付属柏高校Ryutsu Keizai Kashiwa HS | 3年 | 印西中学校 | 180 | 110 | 89.10.30 | ○,https://www.rugby-japan.jp/news/5270
2007年度,HO | 森 大志Futoshi MORI | 帝京大学Teikyo Univ. | 1年 | 仙台育英高校 | 175 | 95 | 88.04.25 | ×,https://www.rugby-japan.jp/news/5270
2007年度,前川 鐘平Shohei MAEKAWA | 東海大学Tokai Univ. | 1年 | 東海大仰星高校 | 178 | 89 | 88.09.08 | ○,https://www.rugby-japan.jp/news/5270
2007年度,山崎 基生Motoki YAMAZAKI | 流通経済大学Ryutukeizai Univ. | 1年 | 流通経済大学柏高校 | 176 | 97 | 88.11.25 | ○,https://www.rugby-japan.jp/news/5270
2007年度,有田 隆平Ryuhei ARITA | 早稲田大学Waseda Univ. | 1年 | 東福岡高校 | 176 | 94 | 89.03.21 | ○,https://www.rugby-japan.jp/news/5270
2007年度,LO | 松田 圭祐Keisuke MATSUDA | 大東文化大学Daito Bunka Univ. | 2年 | 大東文化大第一高校 | 190 | 101 | 88.01.06 | ○,https://www.rugby-japan.jp/news/5270
2007年度,栗林 宣正Norimasa KURIBAYASHI | 法政大学Hosei Univ. | 1年 | 東京高校 | 186 | 100 | 88.04.21 | ○,https://www.rugby-japan.jp/news/5270
2007年度,ポヒヴァ・ロトアヘアLotoahea POHIVA | 正智深谷高校Shochi Fukaya HS | 3年 | トゥポ中学校 | 190 | 105 | 88.08.10 | ○,https://www.rugby-japan.jp/news/5270
2007年度,マイケル・リーチMichel LEITCH | 東海大学Tokai Univ. | 1年 | 札幌山の手高校 | 187 | 96 | 88.10.07 | ×,https://www.rugby-japan.jp/news/5270
2007年度,加藤 豪也Takaya KATO | 慶應義塾大学Keio Univ. | 1年 | 太田高校 | 190 | 95 | 88.10.11 | ○,https://www.rugby-japan.jp/news/5270
2007年度,中田 英里Eiri NAKADA | 早稲田大学Waseda Univ. | 1年 | 成蹊高校 | 193 | 104 | 88.11.16 | ○,https://www.rugby-japan.jp/news/5270
2007年度,FL/ No.8 | 西原 忠佑Tadasuke NISHIHARA | 明治大学Meiji Univ. | 2年 | 大阪桐蔭高校 | 183 | 95 | 88.01.02 | ○,https://www.rugby-japan.jp/news/5270
2007年度,新井 慶史Yoshinobu ARAI | 神戸製鋼コベルコスティーラーズKOBE STEEL Kobelco Steelers | 19 | 東海大仰星高校 | 174 | 83 | 88.04.07 | ○,https://www.rugby-japan.jp/news/5270
2007年度,大平 純平Junpei OHIRA | 同志社大学Doshisha Univ. | １年 | 江の川高校 | 174 | 86 | 88.07.12 | ○,https://www.rugby-japan.jp/news/5270
2007年度,布巻 良太Ryota NUNOMAKI | 日本大学Nihon Univ. | １年 | 東福岡高校 | 180 | 78 | 88.08.26 | ○,https://www.rugby-japan.jp/news/5270
2007年度,村田 毅Tsuyoshi MURATA | 慶應義塾大学Keio Univ. | 1年 | 慶應志木高校 | 185 | 93 | 88.12.15 | ○,https://www.rugby-japan.jp/news/5270
2007年度,杉本 博昭Hiroaki SUGIMOTO | 明治大学Meiji Univ. | 1年 | 大阪工大高校 | 182 | 92 | 89.02.27 | ○,https://www.rugby-japan.jp/news/5270
2007年度,山内 健太郎Kentaro YAMAUCHI | 長崎北陽台高校Nagasaki Hokuyoudai HS | 3年 | 土井首中学校 | 184 | 88 | 89.04.10 | ×,https://www.rugby-japan.jp/news/5270
2007年度,ナイ・シアオシ・マアフSiaosi Maasu nai | 日本航空第二高校Japan Aviation Academy | 3年 | トンガカレッジ | 176 | 86 | 89.05.17 | ○,https://www.rugby-japan.jp/news/5270
2007年度,PR1 | 三上 正貴Masaki MIKAMI | 東海大学Tokai Univ. | 1年 | 青森工業高校 | 178 | 105 | 88.06.04 | ○,https://www.rugby-japan.jp/news/5270
2007年度,新田 浩一Koichi NITTA | 東海大学Tokai Univ. | 1年 | 東海大仰星高校 | 183 | 104 | 88.06.24 | ○,https://www.rugby-japan.jp/news/5270
2007年度,才田 修二Shuji SAITA | 同志社大学Doshisha Univ. | 1年 | 東福岡高校 | 180 | 110 | 88.08.14 | ○,https://www.rugby-japan.jp/news/5270
2007年度,PR3 | 大塚 智加人Chikato OTSUKA | 中央大学Chuo Univ. | 1年 | 國學院大學久我山高校 | 180 | 107 | 88.08.14 | ○,https://www.rugby-japan.jp/news/5270
2007年度,田中 光Hikaru TANAKA | 山梨学院大学Yamanashi Gakuin Univ. | 1年 | 新発田農業高校 | 177 | 105 | 89.03.24 | ○,https://www.rugby-japan.jp/news/5270
2007年度,小野 慎介Shinsuke ONO | 流通経済大学付属柏高校Ryutsu Keizai Kashiwa HS | 3年 | 印西中学校 | 180 | 110 | 89.10.30 | ○,https://www.rugby-japan.jp/news/5270
2007年度,HO | 森 大志Futoshi MORI | 帝京大学Teikyo Univ. | 1年 | 仙台育英高校 | 175 | 95 | 88.04.25 | ×,https://www.rugby-japan.jp/news/5270
2007年度,前川 鐘平Shohei MAEKAWA | 東海大学Tokai Univ. | 1年 | 東海大仰星高校 | 178 | 89 | 88.09.08 | ○,https://www.rugby-japan.jp/news/5270
2007年度,山崎 基生Motoki YAMAZAKI | 流通経済大学Ryutukeizai Univ. | 1年 | 流通経済大学柏高校 | 176 | 97 | 88.11.25 | ○,https://www.rugby-japan.jp/news/5270
2007年度,有田 隆平Ryuhei ARITA | 早稲田大学Waseda Univ. | 1年 | 東福岡高校 | 176 | 94 | 89.03.21 | ○,https://www.rugby-japan.jp/news/5270
2007年度,LO | 松田 圭祐Keisuke MATSUDA | 大東文化大学Daito Bunka Univ. | 2年 | 大東文化大第一高校 | 190 | 101 | 88.01.06 | ○,https://www.rugby-japan.jp/news/5270
2007年度,栗林 宣正Norimasa KURIBAYASHI | 法政大学Hosei Univ. | 1年 | 東京高校 | 186 | 100 | 88.04.21 | ○,https://www.rugby-japan.jp/news/5270
2007年度,ポヒヴァ・ロトアヘアLotoahea POHIVA | 正智深谷高校Shochi Fukaya HS | 3年 | トゥポ中学校 | 190 | 105 | 88.08.10 | ○,https://www.rugby-japan.jp/news/5270
2007年度,マイケル・リーチMichel LEITCH | 東海大学Tokai Univ. | 1年 | 札幌山の手高校 | 187 | 96 | 88.10.07 | ×,https://www.rugby-japan.jp/news/5270
2007年度,加藤 豪也Takaya KATO | 慶應義塾大学Keio Univ. | 1年 | 太田高校 | 190 | 95 | 88.10.11 | ○,https://www.rugby-japan.jp/news/5270
2007年度,中田 英里Eiri NAKADA | 早稲田大学Waseda Univ. | 1年 | 成蹊高校 | 193 | 104 | 88.11.16 | ○,https://www.rugby-japan.jp/news/5270
2007年度,FL/ No.8 | 西原 忠佑Tadasuke NISHIHARA | 明治大学Meiji Univ. | 2年 | 大阪桐蔭高校 | 183 | 95 | 88.01.02 | ○,https://www.rugby-japan.jp/news/5270
2007年度,新井 慶史Yoshinobu ARAI | 神戸製鋼コベルコスティーラーズKOBE STEEL Kobelco Steelers | 19 | 東海大仰星高校 | 174 | 83 | 88.04.07 | ○,https://www.rugby-japan.jp/news/5270
2007年度,大平 純平Junpei OHIRA | 同志社大学Doshisha Univ. | １年 | 江の川高校 | 174 | 86 | 88.07.12 | ○,https://www.rugby-japan.jp/news/5270
2007年度,布巻 良太Ryota NUNOMAKI | 日本大学Nihon Univ. | １年 | 東福岡高校 | 180 | 78 | 88.08.26 | ○,https://www.rugby-japan.jp/news/5270
2007年度,村田 毅Tsuyoshi MURATA | 慶應義塾大学Keio Univ. | 1年 | 慶應志木高校 | 185 | 93 | 88.12.15 | ○,https://www.rugby-japan.jp/news/5270
2007年度,杉本 博昭Hiroaki SUGIMOTO | 明治大学Meiji Univ. | 1年 | 大阪工大高校 | 182 | 92 | 89.02.27 | ○,https://www.rugby-japan.jp/news/5270
2007年度,山内 健太郎Kentaro YAMAUCHI | 長崎北陽台高校Nagasaki Hokuyoudai HS | 3年 | 土井首中学校 | 184 | 88 | 89.04.10 | ×,https://www.rugby-japan.jp/news/5270
2007年度,ナイ・シアオシ・マアフSiaosi Maasu nai | 日本航空第二高校Japan Aviation Academy | 3年 | トンガカレッジ | 176 | 86 | 89.05.17 | ○,https://www.rugby-japan.jp/news/5270
2007年度,SH | 柳原 瑞樹Mizuki YANAGIHARA | 日本体育大学Nippon Sports Science Univ. | 1年 | 八戸西高校 | 170 | 76 | 88.11.10 | ○,https://www.rugby-japan.jp/news/5270
2007年度,鶴田 諒Ryo TSURUTA | 東海大学Tokai Univ. | 1年 | 日川高校 | 174 | 78 | 88.12.03 | ○,https://www.rugby-japan.jp/news/5270
2007年度,中村 正寿Masatoshi NAKAMURA | 日本大学Nihon Univ. | 1年 | 東福岡高校 | 165 | 65 | 89.01.24 | ○,https://www.rugby-japan.jp/news/5270
2007年度,SO | 吉田 真吾Shingo YOSHIDA | 東海大学Tokai Univ. | 1年 | 深谷高校 | 175 | 70 | 88.04.20 | ○,https://www.rugby-japan.jp/news/5270
2007年度,竹本 竜太郎Ryutaro TAKEMOTO | 慶應義塾大学Keio Univ. | 1年 | 長崎北高校 | 173 | 75 | 88.05.19 | ○,https://www.rugby-japan.jp/news/5270
2007年度,山中 亮平Ryohei YAMANAKA | 早稲田大学Waseda Univ. | 1年 | 東海大仰星高校 | 186 | 88 | 88.06.22 | ○,https://www.rugby-japan.jp/news/5270
2007年度,CTB | 増田 慶介Keisuke MASUDA | 慶應義塾大学Keio Univ. | 1年 | 長崎北高校 | 182 | 88 | 88.05.02 | ○,https://www.rugby-japan.jp/news/5270
2007年度,坂井 克行Katsuyuki SAKAI | 早稲田大学Waseda Univ. | 1年 | 四日市農芸高校 | 173 | 84 | 88.09.07 | ○,https://www.rugby-japan.jp/news/5270
2007年度,中島 拓也Takuya NAKAJIMA | ヤマハ発動機ジュビロYAMAHA Motor Jubilo | 19 | 熊谷工業高校 | 175 | 80 | 88.10.09 | ○,https://www.rugby-japan.jp/news/5270
2007年度,イーリー・ニコラスEaley NICHILAS | 拓殖大学Takushoku Univ. | 1年 | セントビーズ高校 | 181 | 95 | 88.10.14 | ○,https://www.rugby-japan.jp/news/5270
2007年度,ハベア・アイセア・マタアリMataaliAisea Havea | 日本航空第二高校Japan Aviation Academy | 3年 | トンガカレッジ | 175 | 97 | 89.01.31 | ○,https://www.rugby-japan.jp/news/5270
2007年度,仲宗根 健太Kenta NAKASONE | 桐蔭学園高校Toin Gakuen HS | 3年 | 桐蔭学園中学 | 180 | 88 | 89.04.05 | ○,https://www.rugby-japan.jp/news/5270
2007年度,立川 理道Harumichi TATEKAWA | 天理高校Tenri HS | 3年 | 天理中学 | 182 | 88 | 89.12.02 | ○,https://www.rugby-japan.jp/news/5270
2007年度,WTB | 大島 佐利Satoshi OSHIMA | 早稲田大学Waseda Univ. | 2年 | 國學院大學栃木高校 | 180 | 88 | 88.01.01 | ×,https://www.rugby-japan.jp/news/5270
2007年度,甲地 直樹Naoki KACCHI | 帝京大学Teikyo Univ. | 1年 | 三沢商業高校 | 180 | 88 | 88.07.07 | ×,https://www.rugby-japan.jp/news/5270
2007年度,大久保 教全Takamasa OKUBO | 同志社大学Doshisha Univ. | 1年 | 深谷高校 | 173 | 72 | 88.07.28 | ○,https://www.rugby-japan.jp/news/5270
2007年度,中濱 寛造Kanzo NAKAHAMA | 早稲田大学Waseda Univ. | 1年 | 大阪工大高校 | 176 | 81 | 88.09.28 | ○,https://www.rugby-japan.jp/news/5270
2007年度,長野 直樹Naoki CHONO | 関西学院大学Kwansei Gakuin Univ. | 1年 | 関西学院高校 | 174 | 78 | 89.01.09 | ○,https://www.rugby-japan.jp/news/5270
2007年度,ジェーミー・ブラッキーJamie BLACKIE | ゴールドスミスカレッジGoldsmiths Collelge | 19 | - | 183 | 90 | 88.05.08 | ○,https://www.rugby-japan.jp/news/5270
2007年度,FB | 飯田 貴也Takaya IIDA | 早稲田大学Waseda Univ. | 1年 | 早大本庄高校 | 182 | 83 | 88.10.25 | ○,https://www.rugby-japan.jp/news/5270
2007年度,竹下 祥平Shohei TAKESHITA | 東福岡高校Higashi Fukuoka HS | 3年 | 平尾中学 | 180 | 76 | 89.05.06 | ○,https://www.rugby-japan.jp/news/5270
2007年度,井口 剛志Tsuyoshi IGUCHI | 伏見工業高校Fushimi Technical HS | 3年 | 修学院中学 | 180 | 75 | 89.12.21 | ○,https://www.rugby-japan.jp/news/5270
2007年度,SH | 榎本光祐Kosuke ENOMOTO | 早稲田大学WASEDA Univ. | 1年 | 大分舞鶴高校Oita Maizuru HS | 170 | 68 | 1988.10.22,https://www.rugby-japan.jp/news/5270
2007年度,SH | 柳原 瑞樹Mizuki YANAGIHARA | 日本体育大学Nippon Sports Science Univ. | 1年 | 八戸西高校 | 170 | 76 | 88.11.10 | ○,https://www.rugby-japan.jp/news/5270
2007年度,鶴田 諒Ryo TSURUTA | 東海大学Tokai Univ. | 1年 | 日川高校 | 174 | 78 | 88.12.03 | ○,https://www.rugby-japan.jp/news/5270
2007年度,中村 正寿Masatoshi NAKAMURA | 日本大学Nihon Univ. | 1年 | 東福岡高校 | 165 | 65 | 89.01.24 | ○,https://www.rugby-japan.jp/news/5270
2007年度,SO | 吉田 真吾Shingo YOSHIDA | 東海大学Tokai Univ. | 1年 | 深谷高校 | 175 | 70 | 88.04.20 | ○,https://www.rugby-japan.jp/news/5270
2007年度,竹本 竜太郎Ryutaro TAKEMOTO | 慶應義塾大学Keio Univ. | 1年 | 長崎北高校 | 173 | 75 | 88.05.19 | ○,https://www.rugby-japan.jp/news/5270
2007年度,山中 亮平Ryohei YAMANAKA | 早稲田大学Waseda Univ. | 1年 | 東海大仰星高校 | 186 | 88 | 88.06.22 | ○,https://www.rugby-japan.jp/news/5270
2007年度,CTB | 増田 慶介Keisuke MASUDA | 慶應義塾大学Keio Univ. | 1年 | 長崎北高校 | 182 | 88 | 88.05.02 | ○,https://www.rugby-japan.jp/news/5270
2007年度,坂井 克行Katsuyuki SAKAI | 早稲田大学Waseda Univ. | 1年 | 四日市農芸高校 | 173 | 84 | 88.09.07 | ○,https://www.rugby-japan.jp/news/5270
2007年度,中島 拓也Takuya NAKAJIMA | ヤマハ発動機ジュビロYAMAHA Motor Jubilo | 19 | 熊谷工業高校 | 175 | 80 | 88.10.09 | ○,https://www.rugby-japan.jp/news/5270
2007年度,イーリー・ニコラスEaley NICHILAS | 拓殖大学Takushoku Univ. | 1年 | セントビーズ高校 | 181 | 95 | 88.10.14 | ○,https://www.rugby-japan.jp/news/5270
2007年度,ハベア・アイセア・マタアリMataaliAisea Havea | 日本航空第二高校Japan Aviation Academy | 3年 | トンガカレッジ | 175 | 97 | 89.01.31 | ○,https://www.rugby-japan.jp/news/5270
2007年度,仲宗根 健太Kenta NAKASONE | 桐蔭学園高校Toin Gakuen HS | 3年 | 桐蔭学園中学 | 180 | 88 | 89.04.05 | ○,https://www.rugby-japan.jp/news/5270
2007年度,立川 理道Harumichi TATEKAWA | 天理高校Tenri HS | 3年 | 天理中学 | 182 | 88 | 89.12.02 | ○,https://www.rugby-japan.jp/news/5270
2007年度,WTB | 大島 佐利Satoshi OSHIMA | 早稲田大学Waseda Univ. | 2年 | 國學院大學栃木高校 | 180 | 88 | 88.01.01 | ×,https://www.rugby-japan.jp/news/5270
2007年度,甲地 直樹Naoki KACCHI | 帝京大学Teikyo Univ. | 1年 | 三沢商業高校 | 180 | 88 | 88.07.07 | ×,https://www.rugby-japan.jp/news/5270
2007年度,大久保 教全Takamasa OKUBO | 同志社大学Doshisha Univ. | 1年 | 深谷高校 | 173 | 72 | 88.07.28 | ○,https://www.rugby-japan.jp/news/5270
2007年度,中濱 寛造Kanzo NAKAHAMA | 早稲田大学Waseda Univ. | 1年 | 大阪工大高校 | 176 | 81 | 88.09.28 | ○,https://www.rugby-japan.jp/news/5270
2007年度,長野 直樹Naoki CHONO | 関西学院大学Kwansei Gakuin Univ. | 1年 | 関西学院高校 | 174 | 78 | 89.01.09 | ○,https://www.rugby-japan.jp/news/5270
2007年度,ジェーミー・ブラッキーJamie BLACKIE | ゴールドスミスカレッジGoldsmiths Collelge | 19 | - | 183 | 90 | 88.05.08 | ○,https://www.rugby-japan.jp/news/5270
2007年度,FB | 飯田 貴也Takaya IIDA | 早稲田大学Waseda Univ. | 1年 | 早大本庄高校 | 182 | 83 | 88.10.25 | ○,https://www.rugby-japan.jp/news/5270
2007年度,竹下 祥平Shohei TAKESHITA | 東福岡高校Higashi Fukuoka HS | 3年 | 平尾中学 | 180 | 76 | 89.05.06 | ○,https://www.rugby-japan.jp/news/5270
2007年度,井口 剛志Tsuyoshi IGUCHI | 伏見工業高校Fushimi Technical HS | 3年 | 修学院中学 | 180 | 75 | 89.12.21 | ○,https://www.rugby-japan.jp/news/5270
2007年度,SH | 柳原 瑞樹Mizuki YANAGIHARA | 日本体育大学Nippon Sports Science Univ. | 1年 | 八戸西高校 | 170 | 76 | 88.11.10 | ○,https://www.rugby-japan.jp/news/5270
2007年度,鶴田 諒Ryo TSURUTA | 東海大学Tokai Univ. | 1年 | 日川高校 | 174 | 78 | 88.12.03 | ○,https://www.rugby-japan.jp/news/5270
2007年度,中村 正寿Masatoshi NAKAMURA | 日本大学Nihon Univ. | 1年 | 東福岡高校 | 165 | 65 | 89.01.24 | ○,https://www.rugby-japan.jp/news/5270
2007年度,SO | 吉田 真吾Shingo YOSHIDA | 東海大学Tokai Univ. | 1年 | 深谷高校 | 175 | 70 | 88.04.20 | ○,https://www.rugby-japan.jp/news/5270
2007年度,竹本 竜太郎Ryutaro TAKEMOTO | 慶應義塾大学Keio Univ. | 1年 | 長崎北高校 | 173 | 75 | 88.05.19 | ○,https://www.rugby-japan.jp/news/5270
2007年度,山中 亮平Ryohei YAMANAKA | 早稲田大学Waseda Univ. | 1年 | 東海大仰星高校 | 186 | 88 | 88.06.22 | ○,https://www.rugby-japan.jp/news/5270
2007年度,CTB | 増田 慶介Keisuke MASUDA | 慶應義塾大学Keio Univ. | 1年 | 長崎北高校 | 182 | 88 | 88.05.02 | ○,https://www.rugby-japan.jp/news/5270
2007年度,坂井 克行Katsuyuki SAKAI | 早稲田大学Waseda Univ. | 1年 | 四日市農芸高校 | 173 | 84 | 88.09.07 | ○,https://www.rugby-japan.jp/news/5270
2007年度,中島 拓也Takuya NAKAJIMA | ヤマハ発動機ジュビロYAMAHA Motor Jubilo | 19 | 熊谷工業高校 | 175 | 80 | 88.10.09 | ○,https://www.rugby-japan.jp/news/5270
2007年度,イーリー・ニコラスEaley NICHILAS | 拓殖大学Takushoku Univ. | 1年 | セントビーズ高校 | 181 | 95 | 88.10.14 | ○,https://www.rugby-japan.jp/news/5270
2007年度,ハベア・アイセア・マタアリMataaliAisea Havea | 日本航空第二高校Japan Aviation Academy | 3年 | トンガカレッジ | 175 | 97 | 89.01.31 | ○,https://www.rugby-japan.jp/news/5270
2007年度,仲宗根 健太Kenta NAKASONE | 桐蔭学園高校Toin Gakuen HS | 3年 | 桐蔭学園中学 | 180 | 88 | 89.04.05 | ○,https://www.rugby-japan.jp/news/5270
2007年度,立川 理道Harumichi TATEKAWA | 天理高校Tenri HS | 3年 | 天理中学 | 182 | 88 | 89.12.02 | ○,https://www.rugby-japan.jp/news/5270
2007年度,WTB | 大島 佐利Satoshi OSHIMA | 早稲田大学Waseda Univ. | 2年 | 國學院大學栃木高校 | 180 | 88 | 88.01.01 | ×,https://www.rugby-japan.jp/news/5270
2007年度,甲地 直樹Naoki KACCHI | 帝京大学Teikyo Univ. | 1年 | 三沢商業高校 | 180 | 88 | 88.07.07 | ×,https://www.rugby-japan.jp/news/5270
2007年度,大久保 教全Takamasa OKUBO | 同志社大学Doshisha Univ. | 1年 | 深谷高校 | 173 | 72 | 88.07.28 | ○,https://www.rugby-japan.jp/news/5270
2007年度,中濱 寛造Kanzo NAKAHAMA | 早稲田大学Waseda Univ. | 1年 | 大阪工大高校 | 176 | 81 | 88.09.28 | ○,https://www.rugby-japan.jp/news/5270
2007年度,長野 直樹Naoki CHONO | 関西学院大学Kwansei Gakuin Univ. | 1年 | 関西学院高校 | 174 | 78 | 89.01.09 | ○,https://www.rugby-japan.jp/news/5270
2007年度,ジェーミー・ブラッキーJamie BLACKIE | ゴールドスミスカレッジGoldsmiths Collelge | 19 | - | 183 | 90 | 88.05.08 | ○,https://www.rugby-japan.jp/news/5270
2007年度,FB | 飯田 貴也Takaya IIDA | 早稲田大学Waseda Univ. | 1年 | 早大本庄高校 | 182 | 83 | 88.10.25 | ○,https://www.rugby-japan.jp/news/5270
2007年度,竹下 祥平Shohei TAKESHITA | 東福岡高校Higashi Fukuoka HS | 3年 | 平尾中学 | 180 | 76 | 89.05.06 | ○,https://www.rugby-japan.jp/news/5270
2007年度,井口 剛志Tsuyoshi IGUCHI | 伏見工業高校Fushimi Technical HS | 3年 | 修学院中学 | 180 | 75 | 89.12.21 | ○,https://www.rugby-japan.jp/news/5270
2007年度,SH | 榎本光祐Kosuke ENOMOTO | 早稲田大学WASEDA Univ. | 1年 | 大分舞鶴高校Oita Maizuru HS | 170 | 68 | 1988.10.22,https://www.rugby-japan.jp/news/5270
2007年度,SH | 榎本光祐Kosuke ENOMOTO | 早稲田大学WASEDA Univ. | 1年 | 大分舞鶴高校Oita Maizuru HS | 170 | 68 | 1988.10.22,https://www.rugby-japan.jp/news/5270
2008年度,PR12名 | HO | 吉田 康平Kohei YOSHIDA | 帝京大学TEIKYO Univ. | 19(1年) | 京都成章高校Kyoto Seisho HS | 183 | 109 | 1989.12.29,https://www.rugby-japan.jp/news/4744
2008年度, | 稲垣 啓太Keita INAGAKI | 新潟工業高校NIIGATA TECHNICAL HS | 18(3年) | 新津第二中学校Niitsu Daini JHS | 183 | 117 | 1990.6.2,https://www.rugby-japan.jp/news/4744
2008年度,PR33名 |  | 坪井 秀龍Hidetatsu TSUBOI | 帝京大学TEIKYO Univ. | 19(2年) | 岡山工業高校Okayama Technical HS | 181 | 111 | 1989.3.21,https://www.rugby-japan.jp/news/4744
2008年度,PR1 | 田中 光Hikaru TANAKA | 山梨学院大学YAMANASHI GAKUIN Univ. | 19(2年) | 新発田農業高校SHIBATA Agricultual HS | 177 | 105 | 1989.3.24,https://www.rugby-japan.jp/news/4744
2008年度, | 小野 慎介Shinsuke ONO | 明治大学MEIJI Univ. | 19(1年) | 流通経済大学付属柏高校Ryutsu Keizai University Kashiwa HS | 180 | 114 | 1989.10.30,https://www.rugby-japan.jp/news/4744
2008年度,HO2名 |  | 有田 隆平Ryuhei ARITA | 早稲田大学WASEDA Univ. | 19(2年) | 東福岡高校Higashi Fukuoka HS | 177 | 98 | 1989.3.21,https://www.rugby-japan.jp/news/4744
2008年度, | 鈴木 亮大郎Ryotaro SUZUKI | 明治大学MEIJI Univ. | 19(1年) | 仙台育英学園高校Sendai Ikuei Gakuen HS | 175 | 104 | 1989.12.10,https://www.rugby-japan.jp/news/4744
2008年度,LO4名 |  | 松橋 広大Kodai MATSUHASHI | 立正大学RISSHO Univ. | 20(2年) | 金足農業高校Kanaashi Agricultual HS | 192 | 105 | 1989.2.19,https://www.rugby-japan.jp/news/4744
2008年度, | 柳川 大樹Daiki YANAGAWA | 大阪体育大学OSAKA UNIVERSITY OF HEALTH AND SPORT SCIENCES | 20(2年) | 徳島城東高校Tokushima Joto HS | 188 | 93 | 1989.2.19,https://www.rugby-japan.jp/news/4744
2008年度, | 小野寺 優太Yuta ONODERA | 流通経済大学RYUTSU KEIZAI Univ. | 19(1年) | 磯原高校Isohara HS | 186 | 110 | 1989.11.29,https://www.rugby-japan.jp/news/4744
2008年度, | 新関 世志輝Yoshiki NIIZEKI | 日本体育大学NIPPON SPORT SCIENCE Univ. | 19(1年) | 酒田工業高校Sakata Technical HS | 192 | 112 | 1990.2.3,https://www.rugby-japan.jp/news/4744
2008年度,FL/No.84名 |  | 杉本 博昭Hiroaki SUGIMOTO | 明治大学MEIJI Univ. | 20(2年) | 大阪工大高校Osaka Institute of Technology HS | 182 | 102 | 1989.2.27,https://www.rugby-japan.jp/news/4744
2008年度, | 安井 龍太Ryuta YASUI | 東海大学TOKAI Univ. | 19(1年) | 東海大仰星高校Tokai University Gyosei HS | 186 | 101 | 1989.12.6,https://www.rugby-japan.jp/news/4744
2008年度, | 高井 迪郎Michiro TAKAI | 日本体育大学NIPPON SPORT SCIENCE Univ. | 19(1年) | 大分舞鶴高校Oita Maizuru HS | 187 | 88 | 1989.12.13,https://www.rugby-japan.jp/news/4744
2008年度, | 山下 昂大Kota YAMASHITA | 早稲田大学WASEDA Univ. | 19(1年) | 東福岡高校Higashi Fukuoka HS | 180 | 92 | 1990.1.26,https://www.rugby-japan.jp/news/4744
2008年度,SH2名 |  | 横山 隼大Hayata YOKOYAMA | 中部大学CHUBU Univ. | 19(1年) | 春日丘高校Haruhigaoka HS | 181 | 91 | 1989.11.28,https://www.rugby-japan.jp/news/4744
2008年度, | 滑川 剛人Takehito NAMEKAWA | 帝京大学TEIKYO Univ. | 19(1年) | 桐蔭学園高校Toin Gakuen HS | 163 | 66 | 1990.1.1,https://www.rugby-japan.jp/news/4744
2008年度,SO3名 |  | 田村 優Yu TAMURA | 明治大学MEIJI Univ. | 20(2年) | 國學院栃木高校Kokugakuin University Tochigi HS | 181 | 84 | 1989.1.9,https://www.rugby-japan.jp/news/4744
2008年度, | 市原 編夢Amu ICHIHARA | 東海大学TOKAI Univ. | 19(1年) | 大分舞鶴高校Oita Maizuru HS | 177 | 77 | 1989.10.30,https://www.rugby-japan.jp/news/4744
2008年度,CTB | 立川 理道Harumichi TATEKAWA | 天理大学TENRI Univ. | 19(1年) | 天理高校Tenri HS | 181 | 88 | 1989.12.2,https://www.rugby-japan.jp/news/4744
2008年度,CTB3名 |  | アイセア・ハベアAisea HAVEA | 天理大学TENRI Univ. | 20(1年) | 日本航空第二高校Japan Aviation Second HS | 176 | 98 | 1989.1.31,https://www.rugby-japan.jp/news/4744
2008年度,FB | 仲宗根 健太Kenta NAKASONE | 慶應義塾大学KEIO Univ. | 19(1年) | 桐蔭学園高校Toin Gakuen HS | 180 | 89 | 1989.4.5,https://www.rugby-japan.jp/news/4744
2008年度, | 南橋 直哉Naoya MINAMIHASHI | 帝京大学TEIKYO Univ. | 19(1年) | 伏見工業高校Fushimi Technical HS | 175 | 83 | 1989.8.10,https://www.rugby-japan.jp/news/4744
2008年度,WTB4名 |  | 長野 直樹Naoki CHONO | 関西学院大学KWANSEI GAKUIN Univ. | 20(2年) | 関西学院高校Kwansei Gakuin HS | 174 | 79 | 1989.1.9,https://www.rugby-japan.jp/news/4744
2008年度,FB | 竹下 祥平Shohei TAKESHITA | 法政大学HOSEI Univ. | 19(1年) | 東福岡高校Higashi Fukuoka HS | 177 | 79 | 1989.5.6,https://www.rugby-japan.jp/news/4744
2008年度,FB | 正海 智大Tomohiro SHOKAI | 同志社大学DOSHISHA Univ. | 19(1年) | 東福岡高校Higashi Fukuoka HS | 186 | 82 | 1989.9.14,https://www.rugby-japan.jp/news/4744
2008年度, | 鶴ヶ崎 好昭Yoshiaki TSURUGASAKI | 東海大学TOKAI Univ. | 19(1年) | 三沢商業高校Misawa Commercial HS | 185 | 97 | 1990.1.9,https://www.rugby-japan.jp/news/4744
2008年度,LO | 新関 世志輝(日本体育大学) | 理由：コンディション不良のため,https://www.rugby-japan.jp/news/4744
2008年度, |  | ,https://www.rugby-japan.jp/news/4744
2008年度,"LO,FL/No8 | 三輪谷 悟士 | 慶應義塾大学 | 19(1年) | 茗溪学園 | 187 | 88 | 1989.10.26",https://www.rugby-japan.jp/news/4744
2008年度,監督HEAD COACH | 薫田 真広Masahiro KUNDA | （株）東芝Toshiba Corporation,https://www.rugby-japan.jp/news/4744
2008年度,"アドバイザーAdviser | 萩本 光威Mitsutake HAGIMOTO | （株）神戸製鋼所Kobe Steel, Ltd.",https://www.rugby-japan.jp/news/4744
2008年度,FWコーチFW Coach | 古田 仁志Hitoshi FURUTA | 国士舘大学Kokushikan University,https://www.rugby-japan.jp/news/4744
2008年度,"BKコーチBK Coach | 元木 由記雄Yukio MOTOKI | （株）神戸製鋼所Kobe Steel, Ltd.",https://www.rugby-japan.jp/news/4744
2008年度,ドクターDoctor | 井上 貴司Takashi INOUE | 高木病院整形外科Takagi Hospital Orthopedics,https://www.rugby-japan.jp/news/4744
2008年度,トレーナーTrainer | 大石 徹Tetsu OISHI | （株）東芝Toshiba Corporation,https://www.rugby-japan.jp/news/4744
2008年度,森口 雅司Masashi MORIGUCHI | 小守スポーツマッサージ療院Komori Sports Massage Clinic,https://www.rugby-japan.jp/news/4744
2008年度,"滝田 陽介Yosuke TAKITA | 日本鍼灸理療専門学校Japan School Acupuncture,moxibustion and Physiotherapy",https://www.rugby-japan.jp/news/4744
2008年度,総務Assistant Manager | 飯島 康弘Yasuhiro IIJIMA | （財）日本ラグビーフットボール協会Japan Rugby Football Union,https://www.rugby-japan.jp/news/4744
2008年度,安井 直史Naofumi YASUI | （財）日本ラグビーフットボール協会Japan Rugby Football Union,https://www.rugby-japan.jp/news/4744
2008年度,PR12名 | HO | 吉田 康平Kohei YOSHIDA | 帝京大学TEIKYO Univ. | 19(1年) | 京都成章高校Kyoto Seisho HS | 183 | 109 | 1989.12.29,https://www.rugby-japan.jp/news/4744
2008年度, | 稲垣 啓太Keita INAGAKI | 新潟工業高校NIIGATA TECHNICAL HS | 18(3年) | 新津第二中学校Niitsu Daini JHS | 183 | 117 | 1990.6.2,https://www.rugby-japan.jp/news/4744
2008年度,PR33名 |  | 坪井 秀龍Hidetatsu TSUBOI | 帝京大学TEIKYO Univ. | 19(2年) | 岡山工業高校Okayama Technical HS | 181 | 111 | 1989.3.21,https://www.rugby-japan.jp/news/4744
2008年度,PR1 | 田中 光Hikaru TANAKA | 山梨学院大学YAMANASHI GAKUIN Univ. | 19(2年) | 新発田農業高校SHIBATA Agricultual HS | 177 | 105 | 1989.3.24,https://www.rugby-japan.jp/news/4744
2008年度, | 小野 慎介Shinsuke ONO | 明治大学MEIJI Univ. | 19(1年) | 流通経済大学付属柏高校Ryutsu Keizai University Kashiwa HS | 180 | 114 | 1989.10.30,https://www.rugby-japan.jp/news/4744
2008年度,HO2名 |  | 有田 隆平Ryuhei ARITA | 早稲田大学WASEDA Univ. | 19(2年) | 東福岡高校Higashi Fukuoka HS | 177 | 98 | 1989.3.21,https://www.rugby-japan.jp/news/4744
2008年度, | 鈴木 亮大郎Ryotaro SUZUKI | 明治大学MEIJI Univ. | 19(1年) | 仙台育英学園高校Sendai Ikuei Gakuen HS | 175 | 104 | 1989.12.10,https://www.rugby-japan.jp/news/4744
2008年度,LO4名 |  | 松橋 広大Kodai MATSUHASHI | 立正大学RISSHO Univ. | 20(2年) | 金足農業高校Kanaashi Agricultual HS | 192 | 105 | 1989.2.19,https://www.rugby-japan.jp/news/4744
2008年度, | 柳川 大樹Daiki YANAGAWA | 大阪体育大学OSAKA UNIVERSITY OF HEALTH AND SPORT SCIENCES | 20(2年) | 徳島城東高校Tokushima Joto HS | 188 | 93 | 1989.2.19,https://www.rugby-japan.jp/news/4744
2008年度, | 小野寺 優太Yuta ONODERA | 流通経済大学RYUTSU KEIZAI Univ. | 19(1年) | 磯原高校Isohara HS | 186 | 110 | 1989.11.29,https://www.rugby-japan.jp/news/4744
2008年度, | 新関 世志輝Yoshiki NIIZEKI | 日本体育大学NIPPON SPORT SCIENCE Univ. | 19(1年) | 酒田工業高校Sakata Technical HS | 192 | 112 | 1990.2.3,https://www.rugby-japan.jp/news/4744
2008年度,FL/No.84名 |  | 杉本 博昭Hiroaki SUGIMOTO | 明治大学MEIJI Univ. | 20(2年) | 大阪工大高校Osaka Institute of Technology HS | 182 | 102 | 1989.2.27,https://www.rugby-japan.jp/news/4744
2008年度, | 安井 龍太Ryuta YASUI | 東海大学TOKAI Univ. | 19(1年) | 東海大仰星高校Tokai University Gyosei HS | 186 | 101 | 1989.12.6,https://www.rugby-japan.jp/news/4744
2008年度, | 高井 迪郎Michiro TAKAI | 日本体育大学NIPPON SPORT SCIENCE Univ. | 19(1年) | 大分舞鶴高校Oita Maizuru HS | 187 | 88 | 1989.12.13,https://www.rugby-japan.jp/news/4744
2008年度, | 山下 昂大Kota YAMASHITA | 早稲田大学WASEDA Univ. | 19(1年) | 東福岡高校Higashi Fukuoka HS | 180 | 92 | 1990.1.26,https://www.rugby-japan.jp/news/4744
2008年度,SH2名 |  | 横山 隼大Hayata YOKOYAMA | 中部大学CHUBU Univ. | 19(1年) | 春日丘高校Haruhigaoka HS | 181 | 91 | 1989.11.28,https://www.rugby-japan.jp/news/4744
2008年度, | 滑川 剛人Takehito NAMEKAWA | 帝京大学TEIKYO Univ. | 19(1年) | 桐蔭学園高校Toin Gakuen HS | 163 | 66 | 1990.1.1,https://www.rugby-japan.jp/news/4744
2008年度,SO3名 |  | 田村 優Yu TAMURA | 明治大学MEIJI Univ. | 20(2年) | 國學院栃木高校Kokugakuin University Tochigi HS | 181 | 84 | 1989.1.9,https://www.rugby-japan.jp/news/4744
2008年度, | 市原 編夢Amu ICHIHARA | 東海大学TOKAI Univ. | 19(1年) | 大分舞鶴高校Oita Maizuru HS | 177 | 77 | 1989.10.30,https://www.rugby-japan.jp/news/4744
2008年度,CTB | 立川 理道Harumichi TATEKAWA | 天理大学TENRI Univ. | 19(1年) | 天理高校Tenri HS | 181 | 88 | 1989.12.2,https://www.rugby-japan.jp/news/4744
2008年度,CTB3名 |  | アイセア・ハベアAisea HAVEA | 天理大学TENRI Univ. | 20(1年) | 日本航空第二高校Japan Aviation Second HS | 176 | 98 | 1989.1.31,https://www.rugby-japan.jp/news/4744
2008年度,FB | 仲宗根 健太Kenta NAKASONE | 慶應義塾大学KEIO Univ. | 19(1年) | 桐蔭学園高校Toin Gakuen HS | 180 | 89 | 1989.4.5,https://www.rugby-japan.jp/news/4744
2008年度, | 南橋 直哉Naoya MINAMIHASHI | 帝京大学TEIKYO Univ. | 19(1年) | 伏見工業高校Fushimi Technical HS | 175 | 83 | 1989.8.10,https://www.rugby-japan.jp/news/4744
2008年度,WTB4名 |  | 長野 直樹Naoki CHONO | 関西学院大学KWANSEI GAKUIN Univ. | 20(2年) | 関西学院高校Kwansei Gakuin HS | 174 | 79 | 1989.1.9,https://www.rugby-japan.jp/news/4744
2008年度,FB | 竹下 祥平Shohei TAKESHITA | 法政大学HOSEI Univ. | 19(1年) | 東福岡高校Higashi Fukuoka HS | 177 | 79 | 1989.5.6,https://www.rugby-japan.jp/news/4744
2008年度,FB | 正海 智大Tomohiro SHOKAI | 同志社大学DOSHISHA Univ. | 19(1年) | 東福岡高校Higashi Fukuoka HS | 186 | 82 | 1989.9.14,https://www.rugby-japan.jp/news/4744
2008年度, | 鶴ヶ崎 好昭Yoshiaki TSURUGASAKI | 東海大学TOKAI Univ. | 19(1年) | 三沢商業高校Misawa Commercial HS | 185 | 97 | 1990.1.9,https://www.rugby-japan.jp/news/4744
2008年度,LO | 新関 世志輝(日本体育大学) | 理由：コンディション不良のため,https://www.rugby-japan.jp/news/4744
2008年度, |  | ,https://www.rugby-japan.jp/news/4744
2008年度,"LO,FL/No8 | 三輪谷 悟士 | 慶應義塾大学 | 19(1年) | 茗溪学園 | 187 | 88 | 1989.10.26",https://www.rugby-japan.jp/news/4744
2008年度,監督HEAD COACH | 薫田 真広Masahiro KUNDA | （株）東芝Toshiba Corporation,https://www.rugby-japan.jp/news/4744
2008年度,"アドバイザーAdviser | 萩本 光威Mitsutake HAGIMOTO | （株）神戸製鋼所Kobe Steel, Ltd.",https://www.rugby-japan.jp/news/4744
2008年度,FWコーチFW Coach | 古田 仁志Hitoshi FURUTA | 国士舘大学Kokushikan University,https://www.rugby-japan.jp/news/4744
2008年度,"BKコーチBK Coach | 元木 由記雄Yukio MOTOKI | （株）神戸製鋼所Kobe Steel, Ltd.",https://www.rugby-japan.jp/news/4744
2008年度,ドクターDoctor | 井上 貴司Takashi INOUE | 高木病院整形外科Takagi Hospital Orthopedics,https://www.rugby-japan.jp/news/4744
2008年度,トレーナーTrainer | 大石 徹Tetsu OISHI | （株）東芝Toshiba Corporation,https://www.rugby-japan.jp/news/4744
2008年度,森口 雅司Masashi MORIGUCHI | 小守スポーツマッサージ療院Komori Sports Massage Clinic,https://www.rugby-japan.jp/news/4744
2008年度,"滝田 陽介Yosuke TAKITA | 日本鍼灸理療専門学校Japan School Acupuncture,moxibustion and Physiotherapy",https://www.rugby-japan.jp/news/4744
2008年度,総務Assistant Manager | 飯島 康弘Yasuhiro IIJIMA | （財）日本ラグビーフットボール協会Japan Rugby Football Union,https://www.rugby-japan.jp/news/4744
2008年度,安井 直史Naofumi YASUI | （財）日本ラグビーフットボール協会Japan Rugby Football Union,https://www.rugby-japan.jp/news/4744
2008年度,PR12名 | HO | 吉田 康平Kohei YOSHIDA | 帝京大学TEIKYO Univ. | 19(1年) | 京都成章高校Kyoto Seisho HS | 183 | 109 | 1989.12.29,https://www.rugby-japan.jp/news/4744
2008年度, | 稲垣 啓太Keita INAGAKI | 新潟工業高校NIIGATA TECHNICAL HS | 18(3年) | 新津第二中学校Niitsu Daini JHS | 183 | 117 | 1990.6.2,https://www.rugby-japan.jp/news/4744
2008年度,PR33名 |  | 坪井 秀龍Hidetatsu TSUBOI | 帝京大学TEIKYO Univ. | 19(2年) | 岡山工業高校Okayama Technical HS | 181 | 111 | 1989.3.21,https://www.rugby-japan.jp/news/4744
2008年度,PR1 | 田中 光Hikaru TANAKA | 山梨学院大学YAMANASHI GAKUIN Univ. | 19(2年) | 新発田農業高校SHIBATA Agricultual HS | 177 | 105 | 1989.3.24,https://www.rugby-japan.jp/news/4744
2008年度, | 小野 慎介Shinsuke ONO | 明治大学MEIJI Univ. | 19(1年) | 流通経済大学付属柏高校Ryutsu Keizai University Kashiwa HS | 180 | 114 | 1989.10.30,https://www.rugby-japan.jp/news/4744
2008年度,HO2名 |  | 有田 隆平Ryuhei ARITA | 早稲田大学WASEDA Univ. | 19(2年) | 東福岡高校Higashi Fukuoka HS | 177 | 98 | 1989.3.21,https://www.rugby-japan.jp/news/4744
2008年度, | 鈴木 亮大郎Ryotaro SUZUKI | 明治大学MEIJI Univ. | 19(1年) | 仙台育英学園高校Sendai Ikuei Gakuen HS | 175 | 104 | 1989.12.10,https://www.rugby-japan.jp/news/4744
2008年度,LO4名 |  | 松橋 広大Kodai MATSUHASHI | 立正大学RISSHO Univ. | 20(2年) | 金足農業高校Kanaashi Agricultual HS | 192 | 105 | 1989.2.19,https://www.rugby-japan.jp/news/4744
2008年度, | 柳川 大樹Daiki YANAGAWA | 大阪体育大学OSAKA UNIVERSITY OF HEALTH AND SPORT SCIENCES | 20(2年) | 徳島城東高校Tokushima Joto HS | 188 | 93 | 1989.2.19,https://www.rugby-japan.jp/news/4744
2008年度, | 小野寺 優太Yuta ONODERA | 流通経済大学RYUTSU KEIZAI Univ. | 19(1年) | 磯原高校Isohara HS | 186 | 110 | 1989.11.29,https://www.rugby-japan.jp/news/4744
2008年度, | 新関 世志輝Yoshiki NIIZEKI | 日本体育大学NIPPON SPORT SCIENCE Univ. | 19(1年) | 酒田工業高校Sakata Technical HS | 192 | 112 | 1990.2.3,https://www.rugby-japan.jp/news/4744
2008年度,FL/No.84名 |  | 杉本 博昭Hiroaki SUGIMOTO | 明治大学MEIJI Univ. | 20(2年) | 大阪工大高校Osaka Institute of Technology HS | 182 | 102 | 1989.2.27,https://www.rugby-japan.jp/news/4744
2008年度, | 安井 龍太Ryuta YASUI | 東海大学TOKAI Univ. | 19(1年) | 東海大仰星高校Tokai University Gyosei HS | 186 | 101 | 1989.12.6,https://www.rugby-japan.jp/news/4744
2008年度, | 高井 迪郎Michiro TAKAI | 日本体育大学NIPPON SPORT SCIENCE Univ. | 19(1年) | 大分舞鶴高校Oita Maizuru HS | 187 | 88 | 1989.12.13,https://www.rugby-japan.jp/news/4744
2008年度, | 山下 昂大Kota YAMASHITA | 早稲田大学WASEDA Univ. | 19(1年) | 東福岡高校Higashi Fukuoka HS | 180 | 92 | 1990.1.26,https://www.rugby-japan.jp/news/4744
2008年度,SH2名 |  | 横山 隼大Hayata YOKOYAMA | 中部大学CHUBU Univ. | 19(1年) | 春日丘高校Haruhigaoka HS | 181 | 91 | 1989.11.28,https://www.rugby-japan.jp/news/4744
2008年度, | 滑川 剛人Takehito NAMEKAWA | 帝京大学TEIKYO Univ. | 19(1年) | 桐蔭学園高校Toin Gakuen HS | 163 | 66 | 1990.1.1,https://www.rugby-japan.jp/news/4744
2008年度,SO3名 |  | 田村 優Yu TAMURA | 明治大学MEIJI Univ. | 20(2年) | 國學院栃木高校Kokugakuin University Tochigi HS | 181 | 84 | 1989.1.9,https://www.rugby-japan.jp/news/4744
2008年度, | 市原 編夢Amu ICHIHARA | 東海大学TOKAI Univ. | 19(1年) | 大分舞鶴高校Oita Maizuru HS | 177 | 77 | 1989.10.30,https://www.rugby-japan.jp/news/4744
2008年度,CTB | 立川 理道Harumichi TATEKAWA | 天理大学TENRI Univ. | 19(1年) | 天理高校Tenri HS | 181 | 88 | 1989.12.2,https://www.rugby-japan.jp/news/4744
2008年度,CTB3名 |  | アイセア・ハベアAisea HAVEA | 天理大学TENRI Univ. | 20(1年) | 日本航空第二高校Japan Aviation Second HS | 176 | 98 | 1989.1.31,https://www.rugby-japan.jp/news/4744
2008年度,FB | 仲宗根 健太Kenta NAKASONE | 慶應義塾大学KEIO Univ. | 19(1年) | 桐蔭学園高校Toin Gakuen HS | 180 | 89 | 1989.4.5,https://www.rugby-japan.jp/news/4744
2008年度, | 南橋 直哉Naoya MINAMIHASHI | 帝京大学TEIKYO Univ. | 19(1年) | 伏見工業高校Fushimi Technical HS | 175 | 83 | 1989.8.10,https://www.rugby-japan.jp/news/4744
2008年度,WTB4名 |  | 長野 直樹Naoki CHONO | 関西学院大学KWANSEI GAKUIN Univ. | 20(2年) | 関西学院高校Kwansei Gakuin HS | 174 | 79 | 1989.1.9,https://www.rugby-japan.jp/news/4744
2008年度,FB | 竹下 祥平Shohei TAKESHITA | 法政大学HOSEI Univ. | 19(1年) | 東福岡高校Higashi Fukuoka HS | 177 | 79 | 1989.5.6,https://www.rugby-japan.jp/news/4744
2008年度,FB | 正海 智大Tomohiro SHOKAI | 同志社大学DOSHISHA Univ. | 19(1年) | 東福岡高校Higashi Fukuoka HS | 186 | 82 | 1989.9.14,https://www.rugby-japan.jp/news/4744
2008年度, | 鶴ヶ崎 好昭Yoshiaki TSURUGASAKI | 東海大学TOKAI Univ. | 19(1年) | 三沢商業高校Misawa Commercial HS | 185 | 97 | 1990.1.9,https://www.rugby-japan.jp/news/4744
2008年度,PR12名 | HO | 吉田 康平Kohei YOSHIDA | 帝京大学TEIKYO Univ. | 19(1年) | 京都成章高校Kyoto Seisho HS | 183 | 109 | 1989.12.29,https://www.rugby-japan.jp/news/4744
2008年度, | 稲垣 啓太Keita INAGAKI | 新潟工業高校NIIGATA TECHNICAL HS | 18(3年) | 新津第二中学校Niitsu Daini JHS | 183 | 117 | 1990.6.2,https://www.rugby-japan.jp/news/4744
2008年度,PR33名 |  | 坪井 秀龍Hidetatsu TSUBOI | 帝京大学TEIKYO Univ. | 19(2年) | 岡山工業高校Okayama Technical HS | 181 | 111 | 1989.3.21,https://www.rugby-japan.jp/news/4744
2008年度,PR1 | 田中 光Hikaru TANAKA | 山梨学院大学YAMANASHI GAKUIN Univ. | 19(2年) | 新発田農業高校SHIBATA Agricultual HS | 177 | 105 | 1989.3.24,https://www.rugby-japan.jp/news/4744
2008年度, | 小野 慎介Shinsuke ONO | 明治大学MEIJI Univ. | 19(1年) | 流通経済大学付属柏高校Ryutsu Keizai University Kashiwa HS | 180 | 114 | 1989.10.30,https://www.rugby-japan.jp/news/4744
2008年度,HO2名 |  | 有田 隆平Ryuhei ARITA | 早稲田大学WASEDA Univ. | 19(2年) | 東福岡高校Higashi Fukuoka HS | 177 | 98 | 1989.3.21,https://www.rugby-japan.jp/news/4744
2008年度, | 鈴木 亮大郎Ryotaro SUZUKI | 明治大学MEIJI Univ. | 19(1年) | 仙台育英学園高校Sendai Ikuei Gakuen HS | 175 | 104 | 1989.12.10,https://www.rugby-japan.jp/news/4744
2008年度,LO4名 |  | 松橋 広大Kodai MATSUHASHI | 立正大学RISSHO Univ. | 20(2年) | 金足農業高校Kanaashi Agricultual HS | 192 | 105 | 1989.2.19,https://www.rugby-japan.jp/news/4744
2008年度, | 柳川 大樹Daiki YANAGAWA | 大阪体育大学OSAKA UNIVERSITY OF HEALTH AND SPORT SCIENCES | 20(2年) | 徳島城東高校Tokushima Joto HS | 188 | 93 | 1989.2.19,https://www.rugby-japan.jp/news/4744
2008年度, | 小野寺 優太Yuta ONODERA | 流通経済大学RYUTSU KEIZAI Univ. | 19(1年) | 磯原高校Isohara HS | 186 | 110 | 1989.11.29,https://www.rugby-japan.jp/news/4744
2008年度, | 新関 世志輝Yoshiki NIIZEKI | 日本体育大学NIPPON SPORT SCIENCE Univ. | 19(1年) | 酒田工業高校Sakata Technical HS | 192 | 112 | 1990.2.3,https://www.rugby-japan.jp/news/4744
2008年度,FL/No.84名 |  | 杉本 博昭Hiroaki SUGIMOTO | 明治大学MEIJI Univ. | 20(2年) | 大阪工大高校Osaka Institute of Technology HS | 182 | 102 | 1989.2.27,https://www.rugby-japan.jp/news/4744
2008年度, | 安井 龍太Ryuta YASUI | 東海大学TOKAI Univ. | 19(1年) | 東海大仰星高校Tokai University Gyosei HS | 186 | 101 | 1989.12.6,https://www.rugby-japan.jp/news/4744
2008年度, | 高井 迪郎Michiro TAKAI | 日本体育大学NIPPON SPORT SCIENCE Univ. | 19(1年) | 大分舞鶴高校Oita Maizuru HS | 187 | 88 | 1989.12.13,https://www.rugby-japan.jp/news/4744
2008年度, | 山下 昂大Kota YAMASHITA | 早稲田大学WASEDA Univ. | 19(1年) | 東福岡高校Higashi Fukuoka HS | 180 | 92 | 1990.1.26,https://www.rugby-japan.jp/news/4744
2008年度,SH2名 |  | 横山 隼大Hayata YOKOYAMA | 中部大学CHUBU Univ. | 19(1年) | 春日丘高校Haruhigaoka HS | 181 | 91 | 1989.11.28,https://www.rugby-japan.jp/news/4744
2008年度, | 滑川 剛人Takehito NAMEKAWA | 帝京大学TEIKYO Univ. | 19(1年) | 桐蔭学園高校Toin Gakuen HS | 163 | 66 | 1990.1.1,https://www.rugby-japan.jp/news/4744
2008年度,SO3名 |  | 田村 優Yu TAMURA | 明治大学MEIJI Univ. | 20(2年) | 國學院栃木高校Kokugakuin University Tochigi HS | 181 | 84 | 1989.1.9,https://www.rugby-japan.jp/news/4744
2008年度, | 市原 編夢Amu ICHIHARA | 東海大学TOKAI Univ. | 19(1年) | 大分舞鶴高校Oita Maizuru HS | 177 | 77 | 1989.10.30,https://www.rugby-japan.jp/news/4744
2008年度,CTB | 立川 理道Harumichi TATEKAWA | 天理大学TENRI Univ. | 19(1年) | 天理高校Tenri HS | 181 | 88 | 1989.12.2,https://www.rugby-japan.jp/news/4744
2008年度,CTB3名 |  | アイセア・ハベアAisea HAVEA | 天理大学TENRI Univ. | 20(1年) | 日本航空第二高校Japan Aviation Second HS | 176 | 98 | 1989.1.31,https://www.rugby-japan.jp/news/4744
2008年度,FB | 仲宗根 健太Kenta NAKASONE | 慶應義塾大学KEIO Univ. | 19(1年) | 桐蔭学園高校Toin Gakuen HS | 180 | 89 | 1989.4.5,https://www.rugby-japan.jp/news/4744
2008年度, | 南橋 直哉Naoya MINAMIHASHI | 帝京大学TEIKYO Univ. | 19(1年) | 伏見工業高校Fushimi Technical HS | 175 | 83 | 1989.8.10,https://www.rugby-japan.jp/news/4744
2008年度,WTB4名 |  | 長野 直樹Naoki CHONO | 関西学院大学KWANSEI GAKUIN Univ. | 20(2年) | 関西学院高校Kwansei Gakuin HS | 174 | 79 | 1989.1.9,https://www.rugby-japan.jp/news/4744
2008年度,FB | 竹下 祥平Shohei TAKESHITA | 法政大学HOSEI Univ. | 19(1年) | 東福岡高校Higashi Fukuoka HS | 177 | 79 | 1989.5.6,https://www.rugby-japan.jp/news/4744
2008年度,FB | 正海 智大Tomohiro SHOKAI | 同志社大学DOSHISHA Univ. | 19(1年) | 東福岡高校Higashi Fukuoka HS | 186 | 82 | 1989.9.14,https://www.rugby-japan.jp/news/4744
2008年度, | 鶴ヶ崎 好昭Yoshiaki TSURUGASAKI | 東海大学TOKAI Univ. | 19(1年) | 三沢商業高校Misawa Commercial HS | 185 | 97 | 1990.1.9,https://www.rugby-japan.jp/news/4744
2008年度,"LO,FL/No8 | 三輪谷 悟士 | 慶應義塾大学 | 19(1年) | 茗溪学園 | 187 | 88 | 1989.10.26",https://www.rugby-japan.jp/news/4744
2008年度,"LO,FL/No8 | 三輪谷 悟士 | 慶應義塾大学 | 19(1年) | 茗溪学園 | 187 | 88 | 1989.10.26",https://www.rugby-japan.jp/news/4744
2010年度,PR | 橋口 敬生Keisei HASHIGUCHI | 明治大学 | 1年 | 18 | 177 | 99 | 1992.1.23 | 長崎南山高校,https://www.rugby-japan.jp/news/3910
2010年度,高橋 洋丞Yosuke TAKAHASHI | 大東文化大学 | 1年 | 18 | 180 | 95 | 1991.8.6 | 正智深谷高校,https://www.rugby-japan.jp/news/3910
2010年度,榎 真生Mao ENOKI | 明治大学 | 2年 | 19 | 177 | 115 | 1991.3.2 | 流通経済大学付属柏高校,https://www.rugby-japan.jp/news/3910
2010年度,石川 弘季Hiroki ISHIKAWA | 明治大学 | 1年 | 18 | 177 | 109 | 1991.10.12 | 國學院久我山高校,https://www.rugby-japan.jp/news/3910
2010年度,HO | 庭井 祐輔Yusuke NIWAI | 立命館大学 | 1年 | 18 | 174 | 91 | 1991.10.22 | 報徳学園高校,https://www.rugby-japan.jp/news/3910
2010年度,坂尻 龍之介Ryunosuke SAKAJIRI | 東海大学 | 1年 | 19 | 179 | 94 | 1991.5.15 | 東海大学附属仰星高校,https://www.rugby-japan.jp/news/3910
2010年度,LO | 芦谷 勇帆Yuho ASHIYA | 早稲田大学 | 1年 | 19 | 190 | 90 | 1991.7.2 | 伏見工業高校,https://www.rugby-japan.jp/news/3910
2010年度,宇佐美 和彦Kazuhiko USAMI | 立命館大学 | 1年 | 18 | 195 | 98 | 1992.3.17 | 西条高校,https://www.rugby-japan.jp/news/3910
2010年度,西本 祐樹Yuki NISHIMOTO | 近畿大学 | 1年 | 18 | 187 | 102 | 1992.1.19 | 天理高校,https://www.rugby-japan.jp/news/3910
2010年度,FL | 金 正奎KIM SHOKEI | 早稲田大学 | 1年 | 18 | 176 | 90 | 1991.10.3 | 常翔啓光学園高校,https://www.rugby-japan.jp/news/3910
2010年度,下山 翔平Shohei SHITAYAMA | 鹿児島大学 | 1年 | 19 | 182 | 92 | 1991.7.19 | 長崎北高校,https://www.rugby-japan.jp/news/3910
2010年度,NO8 | 中村 大治郎Daijiro NAKAMURA | 東海大学 | 1年 | 18 | 190 | 94 | 1991.8.10 | 東海大学附属仰星高校,https://www.rugby-japan.jp/news/3910
2010年度,坂本 駿Shun SAKAMOTO | 東海大学 | 1年 | 18 | 185 | 112 | 1992.2.16 | 青森北高校,https://www.rugby-japan.jp/news/3910
2010年度,SH | 吉川 竜太郎Ryutaro YOSHIKAWA | 東海大学 | 1年 | 18 | 162 | 64 | 1991.8.18 | 御所実業高校,https://www.rugby-japan.jp/news/3910
2010年度,湯浅 航平Kohei YUASA | 関西学院大学 | 1年 | 18 | 171 | 71 | 1992.2.9 | 京都成章高校,https://www.rugby-japan.jp/news/3910
2010年度,SO | 大黒田 健人Kento OKURODA | 帝京大学 | 1年 | 18 | 177 | 79 | 1992.3.22 | 國學院久我山高校,https://www.rugby-japan.jp/news/3910
2010年度,谷 史哉Fumiya TANI | 東京ガス | 18 | 18 | 173 | 73 | 1992.3.29 | 男鹿工業高校,https://www.rugby-japan.jp/news/3910
2010年度,CTB | 藤近 紘二郎Kojiro FUJICHIKA | 早稲田大学 | 1年 | 18 | 180 | 78 | 1992.1.29 | 桐蔭学園高校,https://www.rugby-japan.jp/news/3910
2010年度,トニシオ・バイフTonisio VAIHU | 天理大学 | 1年 | 19 | 178 | 102 | 1991.2.12 | 日本航空高校石川,https://www.rugby-japan.jp/news/3910
2010年度,野田 滉貴Koki NODA | 帝京大学 | 1年 | 19 | 176 | 80 | 1991.4.8 | 長崎南山高校,https://www.rugby-japan.jp/news/3910
2010年度,WTB | 小澤 和人Kazuto OZAWA | 明治大学 | 1年 | 18 | 172 | 75 | 1991.11.5 | 國學院久我山高校,https://www.rugby-japan.jp/news/3910
2010年度,浅井 斗頼Torai ASAI | 大東文化大学 | 1年 | 18 | 177 | 80 | 1992.1.25 | 鹿児島実業高校,https://www.rugby-japan.jp/news/3910
2010年度,FB | 高平 祐輝Yuki TAKAHIRA | 明治大学 | 1年 | 18 | 180 | 83 | 1991.9.9 | 國學院久我山高校,https://www.rugby-japan.jp/news/3910
2010年度,羽野 一志Kazushi HANO | 中央大学 | 1年 | 19 | 183 | 76 | 1991.6.21 | 西陵高校,https://www.rugby-japan.jp/news/3910
2010年度,FWコーチ | 有水 剛志 | コーチ・トゥエンティワン,https://www.rugby-japan.jp/news/3910
2010年度,BKコーチ | 中瀬 真広 | 東京ガス,https://www.rugby-japan.jp/news/3910
2010年度,ドクター | 井上 貴司 | 高木病院整形外科,https://www.rugby-japan.jp/news/3910
2010年度,トレーナー | 原 賢二 | 久留米大学,https://www.rugby-japan.jp/news/3910
2010年度,総務 | 飯島 康弘 | 日本ラグビー協会,https://www.rugby-japan.jp/news/3910
2010年度,PR | 橋口 敬生Keisei HASHIGUCHI | 明治大学 | 1年 | 18 | 177 | 99 | 1992.1.23 | 長崎南山高校,https://www.rugby-japan.jp/news/3910
2010年度,高橋 洋丞Yosuke TAKAHASHI | 大東文化大学 | 1年 | 18 | 180 | 95 | 1991.8.6 | 正智深谷高校,https://www.rugby-japan.jp/news/3910
2010年度,榎 真生Mao ENOKI | 明治大学 | 2年 | 19 | 177 | 115 | 1991.3.2 | 流通経済大学付属柏高校,https://www.rugby-japan.jp/news/3910
2010年度,石川 弘季Hiroki ISHIKAWA | 明治大学 | 1年 | 18 | 177 | 109 | 1991.10.12 | 國學院久我山高校,https://www.rugby-japan.jp/news/3910
2010年度,HO | 庭井 祐輔Yusuke NIWAI | 立命館大学 | 1年 | 18 | 174 | 91 | 1991.10.22 | 報徳学園高校,https://www.rugby-japan.jp/news/3910
2010年度,坂尻 龍之介Ryunosuke SAKAJIRI | 東海大学 | 1年 | 19 | 179 | 94 | 1991.5.15 | 東海大学附属仰星高校,https://www.rugby-japan.jp/news/3910
2010年度,LO | 芦谷 勇帆Yuho ASHIYA | 早稲田大学 | 1年 | 19 | 190 | 90 | 1991.7.2 | 伏見工業高校,https://www.rugby-japan.jp/news/3910
2010年度,宇佐美 和彦Kazuhiko USAMI | 立命館大学 | 1年 | 18 | 195 | 98 | 1992.3.17 | 西条高校,https://www.rugby-japan.jp/news/3910
2010年度,西本 祐樹Yuki NISHIMOTO | 近畿大学 | 1年 | 18 | 187 | 102 | 1992.1.19 | 天理高校,https://www.rugby-japan.jp/news/3910
2010年度,FL | 金 正奎KIM SHOKEI | 早稲田大学 | 1年 | 18 | 176 | 90 | 1991.10.3 | 常翔啓光学園高校,https://www.rugby-japan.jp/news/3910
2010年度,下山 翔平Shohei SHITAYAMA | 鹿児島大学 | 1年 | 19 | 182 | 92 | 1991.7.19 | 長崎北高校,https://www.rugby-japan.jp/news/3910
2010年度,NO8 | 中村 大治郎Daijiro NAKAMURA | 東海大学 | 1年 | 18 | 190 | 94 | 1991.8.10 | 東海大学附属仰星高校,https://www.rugby-japan.jp/news/3910
2010年度,坂本 駿Shun SAKAMOTO | 東海大学 | 1年 | 18 | 185 | 112 | 1992.2.16 | 青森北高校,https://www.rugby-japan.jp/news/3910
2010年度,SH | 吉川 竜太郎Ryutaro YOSHIKAWA | 東海大学 | 1年 | 18 | 162 | 64 | 1991.8.18 | 御所実業高校,https://www.rugby-japan.jp/news/3910
2010年度,湯浅 航平Kohei YUASA | 関西学院大学 | 1年 | 18 | 171 | 71 | 1992.2.9 | 京都成章高校,https://www.rugby-japan.jp/news/3910
2010年度,SO | 大黒田 健人Kento OKURODA | 帝京大学 | 1年 | 18 | 177 | 79 | 1992.3.22 | 國學院久我山高校,https://www.rugby-japan.jp/news/3910
2010年度,谷 史哉Fumiya TANI | 東京ガス | 18 | 18 | 173 | 73 | 1992.3.29 | 男鹿工業高校,https://www.rugby-japan.jp/news/3910
2010年度,CTB | 藤近 紘二郎Kojiro FUJICHIKA | 早稲田大学 | 1年 | 18 | 180 | 78 | 1992.1.29 | 桐蔭学園高校,https://www.rugby-japan.jp/news/3910
2010年度,トニシオ・バイフTonisio VAIHU | 天理大学 | 1年 | 19 | 178 | 102 | 1991.2.12 | 日本航空高校石川,https://www.rugby-japan.jp/news/3910
2010年度,野田 滉貴Koki NODA | 帝京大学 | 1年 | 19 | 176 | 80 | 1991.4.8 | 長崎南山高校,https://www.rugby-japan.jp/news/3910
2010年度,WTB | 小澤 和人Kazuto OZAWA | 明治大学 | 1年 | 18 | 172 | 75 | 1991.11.5 | 國學院久我山高校,https://www.rugby-japan.jp/news/3910
2010年度,浅井 斗頼Torai ASAI | 大東文化大学 | 1年 | 18 | 177 | 80 | 1992.1.25 | 鹿児島実業高校,https://www.rugby-japan.jp/news/3910
2010年度,FB | 高平 祐輝Yuki TAKAHIRA | 明治大学 | 1年 | 18 | 180 | 83 | 1991.9.9 | 國學院久我山高校,https://www.rugby-japan.jp/news/3910
2010年度,羽野 一志Kazushi HANO | 中央大学 | 1年 | 19 | 183 | 76 | 1991.6.21 | 西陵高校,https://www.rugby-japan.jp/news/3910
2010年度,FWコーチ | 有水 剛志 | コーチ・トゥエンティワン,https://www.rugby-japan.jp/news/3910
2010年度,BKコーチ | 中瀬 真広 | 東京ガス,https://www.rugby-japan.jp/news/3910
2010年度,ドクター | 井上 貴司 | 高木病院整形外科,https://www.rugby-japan.jp/news/3910
2010年度,トレーナー | 原 賢二 | 久留米大学,https://www.rugby-japan.jp/news/3910
2010年度,総務 | 飯島 康弘 | 日本ラグビー協会,https://www.rugby-japan.jp/news/3910
2010年度,PR | 橋口 敬生Keisei HASHIGUCHI | 明治大学 | 1年 | 18 | 177 | 99 | 1992.1.23 | 長崎南山高校,https://www.rugby-japan.jp/news/3910
2010年度,高橋 洋丞Yosuke TAKAHASHI | 大東文化大学 | 1年 | 18 | 180 | 95 | 1991.8.6 | 正智深谷高校,https://www.rugby-japan.jp/news/3910
2010年度,榎 真生Mao ENOKI | 明治大学 | 2年 | 19 | 177 | 115 | 1991.3.2 | 流通経済大学付属柏高校,https://www.rugby-japan.jp/news/3910
2010年度,石川 弘季Hiroki ISHIKAWA | 明治大学 | 1年 | 18 | 177 | 109 | 1991.10.12 | 國學院久我山高校,https://www.rugby-japan.jp/news/3910
2010年度,HO | 庭井 祐輔Yusuke NIWAI | 立命館大学 | 1年 | 18 | 174 | 91 | 1991.10.22 | 報徳学園高校,https://www.rugby-japan.jp/news/3910
2010年度,坂尻 龍之介Ryunosuke SAKAJIRI | 東海大学 | 1年 | 19 | 179 | 94 | 1991.5.15 | 東海大学附属仰星高校,https://www.rugby-japan.jp/news/3910
2010年度,LO | 芦谷 勇帆Yuho ASHIYA | 早稲田大学 | 1年 | 19 | 190 | 90 | 1991.7.2 | 伏見工業高校,https://www.rugby-japan.jp/news/3910
2010年度,宇佐美 和彦Kazuhiko USAMI | 立命館大学 | 1年 | 18 | 195 | 98 | 1992.3.17 | 西条高校,https://www.rugby-japan.jp/news/3910
2010年度,西本 祐樹Yuki NISHIMOTO | 近畿大学 | 1年 | 18 | 187 | 102 | 1992.1.19 | 天理高校,https://www.rugby-japan.jp/news/3910
2010年度,FL | 金 正奎KIM SHOKEI | 早稲田大学 | 1年 | 18 | 176 | 90 | 1991.10.3 | 常翔啓光学園高校,https://www.rugby-japan.jp/news/3910
2010年度,下山 翔平Shohei SHITAYAMA | 鹿児島大学 | 1年 | 19 | 182 | 92 | 1991.7.19 | 長崎北高校,https://www.rugby-japan.jp/news/3910
2010年度,NO8 | 中村 大治郎Daijiro NAKAMURA | 東海大学 | 1年 | 18 | 190 | 94 | 1991.8.10 | 東海大学附属仰星高校,https://www.rugby-japan.jp/news/3910
2010年度,坂本 駿Shun SAKAMOTO | 東海大学 | 1年 | 18 | 185 | 112 | 1992.2.16 | 青森北高校,https://www.rugby-japan.jp/news/3910
2010年度,SH | 吉川 竜太郎Ryutaro YOSHIKAWA | 東海大学 | 1年 | 18 | 162 | 64 | 1991.8.18 | 御所実業高校,https://www.rugby-japan.jp/news/3910
2010年度,湯浅 航平Kohei YUASA | 関西学院大学 | 1年 | 18 | 171 | 71 | 1992.2.9 | 京都成章高校,https://www.rugby-japan.jp/news/3910
2010年度,SO | 大黒田 健人Kento OKURODA | 帝京大学 | 1年 | 18 | 177 | 79 | 1992.3.22 | 國學院久我山高校,https://www.rugby-japan.jp/news/3910
2010年度,谷 史哉Fumiya TANI | 東京ガス | 18 | 18 | 173 | 73 | 1992.3.29 | 男鹿工業高校,https://www.rugby-japan.jp/news/3910
2010年度,CTB | 藤近 紘二郎Kojiro FUJICHIKA | 早稲田大学 | 1年 | 18 | 180 | 78 | 1992.1.29 | 桐蔭学園高校,https://www.rugby-japan.jp/news/3910
2010年度,トニシオ・バイフTonisio VAIHU | 天理大学 | 1年 | 19 | 178 | 102 | 1991.2.12 | 日本航空高校石川,https://www.rugby-japan.jp/news/3910
2010年度,野田 滉貴Koki NODA | 帝京大学 | 1年 | 19 | 176 | 80 | 1991.4.8 | 長崎南山高校,https://www.rugby-japan.jp/news/3910
2010年度,WTB | 小澤 和人Kazuto OZAWA | 明治大学 | 1年 | 18 | 172 | 75 | 1991.11.5 | 國學院久我山高校,https://www.rugby-japan.jp/news/3910
2010年度,浅井 斗頼Torai ASAI | 大東文化大学 | 1年 | 18 | 177 | 80 | 1992.1.25 | 鹿児島実業高校,https://www.rugby-japan.jp/news/3910
2010年度,FB | 高平 祐輝Yuki TAKAHIRA | 明治大学 | 1年 | 18 | 180 | 83 | 1991.9.9 | 國學院久我山高校,https://www.rugby-japan.jp/news/3910
2010年度,羽野 一志Kazushi HANO | 中央大学 | 1年 | 19 | 183 | 76 | 1991.6.21 | 西陵高校,https://www.rugby-japan.jp/news/3910
2010年度,PR | 橋口 敬生Keisei HASHIGUCHI | 明治大学 | 1年 | 18 | 177 | 99 | 1992.1.23 | 長崎南山高校,https://www.rugby-japan.jp/news/3910
2010年度,高橋 洋丞Yosuke TAKAHASHI | 大東文化大学 | 1年 | 18 | 180 | 95 | 1991.8.6 | 正智深谷高校,https://www.rugby-japan.jp/news/3910
2010年度,榎 真生Mao ENOKI | 明治大学 | 2年 | 19 | 177 | 115 | 1991.3.2 | 流通経済大学付属柏高校,https://www.rugby-japan.jp/news/3910
2010年度,石川 弘季Hiroki ISHIKAWA | 明治大学 | 1年 | 18 | 177 | 109 | 1991.10.12 | 國學院久我山高校,https://www.rugby-japan.jp/news/3910
2010年度,HO | 庭井 祐輔Yusuke NIWAI | 立命館大学 | 1年 | 18 | 174 | 91 | 1991.10.22 | 報徳学園高校,https://www.rugby-japan.jp/news/3910
2010年度,坂尻 龍之介Ryunosuke SAKAJIRI | 東海大学 | 1年 | 19 | 179 | 94 | 1991.5.15 | 東海大学附属仰星高校,https://www.rugby-japan.jp/news/3910
2010年度,LO | 芦谷 勇帆Yuho ASHIYA | 早稲田大学 | 1年 | 19 | 190 | 90 | 1991.7.2 | 伏見工業高校,https://www.rugby-japan.jp/news/3910
2010年度,宇佐美 和彦Kazuhiko USAMI | 立命館大学 | 1年 | 18 | 195 | 98 | 1992.3.17 | 西条高校,https://www.rugby-japan.jp/news/3910
2010年度,西本 祐樹Yuki NISHIMOTO | 近畿大学 | 1年 | 18 | 187 | 102 | 1992.1.19 | 天理高校,https://www.rugby-japan.jp/news/3910
2010年度,FL | 金 正奎KIM SHOKEI | 早稲田大学 | 1年 | 18 | 176 | 90 | 1991.10.3 | 常翔啓光学園高校,https://www.rugby-japan.jp/news/3910
2010年度,下山 翔平Shohei SHITAYAMA | 鹿児島大学 | 1年 | 19 | 182 | 92 | 1991.7.19 | 長崎北高校,https://www.rugby-japan.jp/news/3910
2010年度,NO8 | 中村 大治郎Daijiro NAKAMURA | 東海大学 | 1年 | 18 | 190 | 94 | 1991.8.10 | 東海大学附属仰星高校,https://www.rugby-japan.jp/news/3910
2010年度,坂本 駿Shun SAKAMOTO | 東海大学 | 1年 | 18 | 185 | 112 | 1992.2.16 | 青森北高校,https://www.rugby-japan.jp/news/3910
2010年度,SH | 吉川 竜太郎Ryutaro YOSHIKAWA | 東海大学 | 1年 | 18 | 162 | 64 | 1991.8.18 | 御所実業高校,https://www.rugby-japan.jp/news/3910
2010年度,湯浅 航平Kohei YUASA | 関西学院大学 | 1年 | 18 | 171 | 71 | 1992.2.9 | 京都成章高校,https://www.rugby-japan.jp/news/3910
2010年度,SO | 大黒田 健人Kento OKURODA | 帝京大学 | 1年 | 18 | 177 | 79 | 1992.3.22 | 國學院久我山高校,https://www.rugby-japan.jp/news/3910
2010年度,谷 史哉Fumiya TANI | 東京ガス | 18 | 18 | 173 | 73 | 1992.3.29 | 男鹿工業高校,https://www.rugby-japan.jp/news/3910
2010年度,CTB | 藤近 紘二郎Kojiro FUJICHIKA | 早稲田大学 | 1年 | 18 | 180 | 78 | 1992.1.29 | 桐蔭学園高校,https://www.rugby-japan.jp/news/3910
2010年度,トニシオ・バイフTonisio VAIHU | 天理大学 | 1年 | 19 | 178 | 102 | 1991.2.12 | 日本航空高校石川,https://www.rugby-japan.jp/news/3910
2010年度,野田 滉貴Koki NODA | 帝京大学 | 1年 | 19 | 176 | 80 | 1991.4.8 | 長崎南山高校,https://www.rugby-japan.jp/news/3910
2010年度,WTB | 小澤 和人Kazuto OZAWA | 明治大学 | 1年 | 18 | 172 | 75 | 1991.11.5 | 國學院久我山高校,https://www.rugby-japan.jp/news/3910
2010年度,浅井 斗頼Torai ASAI | 大東文化大学 | 1年 | 18 | 177 | 80 | 1992.1.25 | 鹿児島実業高校,https://www.rugby-japan.jp/news/3910
2010年度,FB | 高平 祐輝Yuki TAKAHIRA | 明治大学 | 1年 | 18 | 180 | 83 | 1991.9.9 | 國學院久我山高校,https://www.rugby-japan.jp/news/3910
2010年度,羽野 一志Kazushi HANO | 中央大学 | 1年 | 19 | 183 | 76 | 1991.6.21 | 西陵高校,https://www.rugby-japan.jp/news/3910
2011年度,PR1 | 石澤 輝 | 法政大学 | １年 | 178 | 106 | 1991/5/12 | 東京,https://www.rugby-japan.jp/news/3594
2011年度,高橋 洋丞 | 大東文化大学 | １年 | 180 | 95 | 1991/8/6 | 正智深谷,https://www.rugby-japan.jp/news/3594
2011年度,HO | 彦坂 圭克 | 筑波大学 | ２年 | 178 | 104 | 1991/1/18 | 春日丘,https://www.rugby-japan.jp/news/3594
2011年度,庭井 祐輔 | 立命館大学 | １年 | 174 | 91 | 1991/10/22 | 報徳学園,https://www.rugby-japan.jp/news/3594
2011年度,村川 浩喜 | 筑波大学 | １年 | 174 | 90 | 1992/1/19 | 東福岡,https://www.rugby-japan.jp/news/3594
2011年度,PR3 | 榎 真生 | 明治大学 | ２年 | 180 | 120 | 1991/3/2 | 流通経済大柏,https://www.rugby-japan.jp/news/3594
2011年度,古賀 雄紀 | 帝京大学 | １年 | 173 | 120 | 1991/5/27 | 佐賀工業,https://www.rugby-japan.jp/news/3594
2011年度,芦谷 勇帆 | 早稲田大学 | １年 | 190 | 90 | 1991/7/2 | 伏見工業,https://www.rugby-japan.jp/news/3594
2011年度,LO5 | 李 聖彰 | 帝京大学 | １年 | 190 | 100 | 1991/8/24 | 東京朝鮮,https://www.rugby-japan.jp/news/3594
2011年度,坂本 駿 | 東海大学 | １年 | 185 | 112 | 1992/2/16 | 青森北,https://www.rugby-japan.jp/news/3594
2011年度,FL6 | 辻 直幸 | 流通経済大学 | ２年 | 179 | 90 | 1991/1/23 | 流通経済大柏,https://www.rugby-japan.jp/news/3594
2011年度,金 正奎 | 早稲田大学 | １年 | 176 | 90 | 1991/10/3 | 啓光学園,https://www.rugby-japan.jp/news/3594
2011年度,水上 彰太 | 東福岡高校 | ３年 | 185 | 82 | 1993/2/15 | 春日野,https://www.rugby-japan.jp/news/3594
2011年度,FL7 | 小林 亮太 | 近畿大学 | １年 | 183 | 87 | 1991/6/11 | 天理,https://www.rugby-japan.jp/news/3594
2011年度,ダラス・タタナ | 札幌山の手高校 | ３年 | 189 | 94 | 1991/8/27 | パパヌイ(NZ),https://www.rugby-japan.jp/news/3594
2011年度,大和田 立 | 帝京大学 | １年 | 178 | 98 | 1992/1/14 | 美幌,https://www.rugby-japan.jp/news/3594
2011年度,NO8 | タウファ・オリヴェ | 正智深谷高校 | ３年 | 181 | 96 | 1991/6/5 | ツポウ(トンガ),https://www.rugby-japan.jp/news/3594
2011年度,SH | 吉川 竜太郎 | 東海大学 | １年 | 162 | 64 | 1991/8/18 | 御所実業,https://www.rugby-japan.jp/news/3594
2011年度,山口 修平 | 明治大学 | １年 | 172 | 66 | 1991/9/4 | 佐賀工業,https://www.rugby-japan.jp/news/3594
2011年度,内田 啓介 | 筑波大学 | １年 | 177 | 78 | 1992/2/22 | 伏見工業,https://www.rugby-japan.jp/news/3594
2011年度,SO | 中村 亮土 | 帝京大学 | １年 | 178 | 87 | 1991/6/3 | 鹿児島実業,https://www.rugby-japan.jp/news/3594
2011年度,猪村 優仁 | 法政大学 | １年 | 174 | 75 | 1991/6/15 | 常翔啓光,https://www.rugby-japan.jp/news/3594
2011年度,WTB11 | 羽野 一志 | 中央大学 | １年 | 184 | 76 | 1991/6/21 | 西陵,https://www.rugby-japan.jp/news/3594
2011年度,児玉 健太郎 | 慶應義塾大学 | １年 | 182 | 75 | 1992/1/18 | 小倉,https://www.rugby-japan.jp/news/3594
2011年度,CTB12 | 藤近 紘二郎 | 早稲田大学 | １年 | 180 | 78 | 1992/1/29 | 桐蔭学園,https://www.rugby-japan.jp/news/3594
2011年度,布巻 峻介 | 東福岡高校 | ３年 | 178 | 91 | 1992/7/13 | 志免中学,https://www.rugby-japan.jp/news/3594
2011年度,CTB13 | トニシオ・バイフ | 天理大学 | １年 | 178 | 102 | 1991/2/12 | 日本航空石川,https://www.rugby-japan.jp/news/3594
2011年度,野田 滉貴 | 帝京大学 | １年 | 176 | 80 | 1991/4/8 | 長崎南山,https://www.rugby-japan.jp/news/3594
2011年度,WTB14 | 彦坂 匡克 | 筑波大学 | ２年 | 177 | 94 | 1991/1/18 | 春日丘,https://www.rugby-japan.jp/news/3594
2011年度,FB | 黒澤 健 | 早稲田大学 | ２年 | 180 | 85 | 1991/1/30 | 国学院久我山,https://www.rugby-japan.jp/news/3594
2011年度,竹田 宜純 | 帝京大学 | １年 | 181 | 88 | 1991/4/29 | 御所実業,https://www.rugby-japan.jp/news/3594
2011年度,PR1 | 石澤 輝 | 法政大学 | １年 | 178 | 106 | 1991/5/12 | 東京,https://www.rugby-japan.jp/news/3594
2011年度,高橋 洋丞 | 大東文化大学 | １年 | 180 | 95 | 1991/8/6 | 正智深谷,https://www.rugby-japan.jp/news/3594
2011年度,HO | 彦坂 圭克 | 筑波大学 | ２年 | 178 | 104 | 1991/1/18 | 春日丘,https://www.rugby-japan.jp/news/3594
2011年度,庭井 祐輔 | 立命館大学 | １年 | 174 | 91 | 1991/10/22 | 報徳学園,https://www.rugby-japan.jp/news/3594
2011年度,村川 浩喜 | 筑波大学 | １年 | 174 | 90 | 1992/1/19 | 東福岡,https://www.rugby-japan.jp/news/3594
2011年度,PR3 | 榎 真生 | 明治大学 | ２年 | 180 | 120 | 1991/3/2 | 流通経済大柏,https://www.rugby-japan.jp/news/3594
2011年度,古賀 雄紀 | 帝京大学 | １年 | 173 | 120 | 1991/5/27 | 佐賀工業,https://www.rugby-japan.jp/news/3594
2011年度,芦谷 勇帆 | 早稲田大学 | １年 | 190 | 90 | 1991/7/2 | 伏見工業,https://www.rugby-japan.jp/news/3594
2011年度,LO5 | 李 聖彰 | 帝京大学 | １年 | 190 | 100 | 1991/8/24 | 東京朝鮮,https://www.rugby-japan.jp/news/3594
2011年度,坂本 駿 | 東海大学 | １年 | 185 | 112 | 1992/2/16 | 青森北,https://www.rugby-japan.jp/news/3594
2011年度,FL6 | 辻 直幸 | 流通経済大学 | ２年 | 179 | 90 | 1991/1/23 | 流通経済大柏,https://www.rugby-japan.jp/news/3594
2011年度,金 正奎 | 早稲田大学 | １年 | 176 | 90 | 1991/10/3 | 啓光学園,https://www.rugby-japan.jp/news/3594
2011年度,水上 彰太 | 東福岡高校 | ３年 | 185 | 82 | 1993/2/15 | 春日野,https://www.rugby-japan.jp/news/3594
2011年度,FL7 | 小林 亮太 | 近畿大学 | １年 | 183 | 87 | 1991/6/11 | 天理,https://www.rugby-japan.jp/news/3594
2011年度,ダラス・タタナ | 札幌山の手高校 | ３年 | 189 | 94 | 1991/8/27 | パパヌイ(NZ),https://www.rugby-japan.jp/news/3594
2011年度,大和田 立 | 帝京大学 | １年 | 178 | 98 | 1992/1/14 | 美幌,https://www.rugby-japan.jp/news/3594
2011年度,NO8 | タウファ・オリヴェ | 正智深谷高校 | ３年 | 181 | 96 | 1991/6/5 | ツポウ(トンガ),https://www.rugby-japan.jp/news/3594
2011年度,SH | 吉川 竜太郎 | 東海大学 | １年 | 162 | 64 | 1991/8/18 | 御所実業,https://www.rugby-japan.jp/news/3594
2011年度,山口 修平 | 明治大学 | １年 | 172 | 66 | 1991/9/4 | 佐賀工業,https://www.rugby-japan.jp/news/3594
2011年度,内田 啓介 | 筑波大学 | １年 | 177 | 78 | 1992/2/22 | 伏見工業,https://www.rugby-japan.jp/news/3594
2011年度,SO | 中村 亮土 | 帝京大学 | １年 | 178 | 87 | 1991/6/3 | 鹿児島実業,https://www.rugby-japan.jp/news/3594
2011年度,猪村 優仁 | 法政大学 | １年 | 174 | 75 | 1991/6/15 | 常翔啓光,https://www.rugby-japan.jp/news/3594
2011年度,WTB11 | 羽野 一志 | 中央大学 | １年 | 184 | 76 | 1991/6/21 | 西陵,https://www.rugby-japan.jp/news/3594
2011年度,児玉 健太郎 | 慶應義塾大学 | １年 | 182 | 75 | 1992/1/18 | 小倉,https://www.rugby-japan.jp/news/3594
2011年度,CTB12 | 藤近 紘二郎 | 早稲田大学 | １年 | 180 | 78 | 1992/1/29 | 桐蔭学園,https://www.rugby-japan.jp/news/3594
2011年度,布巻 峻介 | 東福岡高校 | ３年 | 178 | 91 | 1992/7/13 | 志免中学,https://www.rugby-japan.jp/news/3594
2011年度,CTB13 | トニシオ・バイフ | 天理大学 | １年 | 178 | 102 | 1991/2/12 | 日本航空石川,https://www.rugby-japan.jp/news/3594
2011年度,野田 滉貴 | 帝京大学 | １年 | 176 | 80 | 1991/4/8 | 長崎南山,https://www.rugby-japan.jp/news/3594
2011年度,WTB14 | 彦坂 匡克 | 筑波大学 | ２年 | 177 | 94 | 1991/1/18 | 春日丘,https://www.rugby-japan.jp/news/3594
2011年度,FB | 黒澤 健 | 早稲田大学 | ２年 | 180 | 85 | 1991/1/30 | 国学院久我山,https://www.rugby-japan.jp/news/3594
2011年度,竹田 宜純 | 帝京大学 | １年 | 181 | 88 | 1991/4/29 | 御所実業,https://www.rugby-japan.jp/news/3594
2011年度,PR1 | 石澤 輝 | 法政大学 | １年 | 178 | 106 | 1991/5/12 | 東京,https://www.rugby-japan.jp/news/3594
2011年度,高橋 洋丞 | 大東文化大学 | １年 | 180 | 95 | 1991/8/6 | 正智深谷,https://www.rugby-japan.jp/news/3594
2011年度,HO | 彦坂 圭克 | 筑波大学 | ２年 | 178 | 104 | 1991/1/18 | 春日丘,https://www.rugby-japan.jp/news/3594
2011年度,庭井 祐輔 | 立命館大学 | １年 | 174 | 91 | 1991/10/22 | 報徳学園,https://www.rugby-japan.jp/news/3594
2011年度,村川 浩喜 | 筑波大学 | １年 | 174 | 90 | 1992/1/19 | 東福岡,https://www.rugby-japan.jp/news/3594
2011年度,PR3 | 榎 真生 | 明治大学 | ２年 | 180 | 120 | 1991/3/2 | 流通経済大柏,https://www.rugby-japan.jp/news/3594
2011年度,古賀 雄紀 | 帝京大学 | １年 | 173 | 120 | 1991/5/27 | 佐賀工業,https://www.rugby-japan.jp/news/3594
2011年度,PR1 | 高橋 洋丞 | 大東文化大学 | 2年 | 180 | 95 | 1991/8/6 | 正智深谷,https://www.rugby-japan.jp/news/3516
2011年度,北川 賢吾 | 同志社大学 | 1年 | 177 | 105 | 1992/8/27 | 東福岡,https://www.rugby-japan.jp/news/3516
2011年度,HO | 彦坂 圭克 | 筑波大学 | 3年 | 178 | 104 | 1991/1/18 | 春日丘,https://www.rugby-japan.jp/news/3516
2011年度,庭井 祐輔 | 立命館大学 | 2年 | 174 | 91 | 1991/10/22 | 報徳学園,https://www.rugby-japan.jp/news/3516
2011年度,村川 浩喜 | 筑波大学 | 2年 | 174 | 90 | 1992/1/19 | 東福岡,https://www.rugby-japan.jp/news/3516
2011年度,PR3 | 榎 真生 | 明治大学 | 3年 | 180 | 120 | 1991/3/2 | 流通経済大柏,https://www.rugby-japan.jp/news/3516
2011年度,石澤 輝 | 法政大学 | 2年 | 178 | 106 | 1991/5/12 | 東京,https://www.rugby-japan.jp/news/3516
2011年度,LO5 | 芦谷 勇帆 | 早稲田大学 | 2年 | 190 | 90 | 1991/7/2 | 伏見工業,https://www.rugby-japan.jp/news/3516
2011年度,李 聖彰 | 帝京大学 | 2年 | 190 | 100 | 1991/8/24 | 東京朝鮮,https://www.rugby-japan.jp/news/3516
2011年度,FL6 | 辻 直幸 | 流通経済大学 | 3年 | 179 | 90 | 1991/1/23 | 流通経済大柏,https://www.rugby-japan.jp/news/3516
2011年度,小林 亮太 | 近畿大学 | 2年 | 183 | 87 | 1991/6/11 | 天理,https://www.rugby-japan.jp/news/3516
2011年度,FL7 | 金 正奎 | 早稲田大学 | 2年 | 176 | 90 | 1991/10/3 | 啓光学園,https://www.rugby-japan.jp/news/3516
2011年度,水上 彰太 | 筑波大学 | 1年 | 185 | 82 | 1993/2/15 | 東福岡,https://www.rugby-japan.jp/news/3516
2011年度,NO8 | 大和田 立 | 帝京大学 | 2年 | 178 | 98 | 1992/1/14 | 美幌,https://www.rugby-japan.jp/news/3516
2011年度,タウファ・オリヴェ | 埼玉工業大学 | 1年 | 181 | 96 | 1991/6/5 | 正智深谷,https://www.rugby-japan.jp/news/3516
2011年度,SH | 吉川 竜太郎 | 東海大学 | 2年 | 162 | 64 | 1991/8/18 | 御所実業,https://www.rugby-japan.jp/news/3516
2011年度,内田 啓介 | 筑波大学 | 2年 | 177 | 78 | 1992/2/22 | 伏見工業,https://www.rugby-japan.jp/news/3516
2011年度,SO | 中村 亮土 | 帝京大学 | 2年 | 178 | 87 | 1991/6/3 | 鹿児島実業,https://www.rugby-japan.jp/news/3516
2011年度,猪村 優仁 | 法政大学 | 2年 | 174 | 75 | 1991/6/15 | 常翔啓光,https://www.rugby-japan.jp/news/3516
2011年度,WTB11 | 羽野 一志 | 中央大学 | 2年 | 184 | 76 | 1991/6/21 | 西陵,https://www.rugby-japan.jp/news/3516
2011年度,児玉 健太郎 | 慶應義塾大学 | 2年 | 182 | 75 | 1992/1/18 | 小倉,https://www.rugby-japan.jp/news/3516
2011年度,CTB12 | 藤近 紘二郎 | 早稲田大学 | 2年 | 180 | 78 | 1992/1/29 | 桐蔭学園,https://www.rugby-japan.jp/news/3516
2011年度,布巻 峻介 | 早稲田大学 | 1年 | 178 | 91 | 1992/7/13 | 東福岡,https://www.rugby-japan.jp/news/3516
2011年度,CTB13 | トニシオ・バイフ | 天理大学 | 2年 | 178 | 102 | 1991/2/12 | 日本航空石川,https://www.rugby-japan.jp/news/3516
2011年度,野田 滉貴 | 帝京大学 | 2年 | 176 | 80 | 1991/4/8 | 長崎南山,https://www.rugby-japan.jp/news/3516
2011年度,WTB14 | 彦坂 匡克 | 筑波大学 | 3年 | 177 | 94 | 1991/1/18 | 春日丘,https://www.rugby-japan.jp/news/3516
2011年度,江見 翔太 | 学習院大学 | 2年 | 181 | 95 | 1991/12/8 | 学習院高等科,https://www.rugby-japan.jp/news/3516
2011年度,FB | 黒澤 健 | 早稲田大学 | 3年 | 180 | 85 | 1991/1/30 | 国学院久我山,https://www.rugby-japan.jp/news/3516
2011年度,PR1 | 高橋 洋丞 | 大東文化大学 | 2年 | 180 | 95 | 1991/8/6 | 正智深谷,https://www.rugby-japan.jp/news/3516
2011年度,北川 賢吾 | 同志社大学 | 1年 | 177 | 105 | 1992/8/27 | 東福岡,https://www.rugby-japan.jp/news/3516
2011年度,HO | 彦坂 圭克 | 筑波大学 | 3年 | 178 | 104 | 1991/1/18 | 春日丘,https://www.rugby-japan.jp/news/3516
2011年度,庭井 祐輔 | 立命館大学 | 2年 | 174 | 91 | 1991/10/22 | 報徳学園,https://www.rugby-japan.jp/news/3516
2011年度,村川 浩喜 | 筑波大学 | 2年 | 174 | 90 | 1992/1/19 | 東福岡,https://www.rugby-japan.jp/news/3516
2011年度,PR3 | 榎 真生 | 明治大学 | 3年 | 180 | 120 | 1991/3/2 | 流通経済大柏,https://www.rugby-japan.jp/news/3516
2011年度,石澤 輝 | 法政大学 | 2年 | 178 | 106 | 1991/5/12 | 東京,https://www.rugby-japan.jp/news/3516
2011年度,LO5 | 芦谷 勇帆 | 早稲田大学 | 2年 | 190 | 90 | 1991/7/2 | 伏見工業,https://www.rugby-japan.jp/news/3516
2011年度,李 聖彰 | 帝京大学 | 2年 | 190 | 100 | 1991/8/24 | 東京朝鮮,https://www.rugby-japan.jp/news/3516
2011年度,FL6 | 辻 直幸 | 流通経済大学 | 3年 | 179 | 90 | 1991/1/23 | 流通経済大柏,https://www.rugby-japan.jp/news/3516
2011年度,小林 亮太 | 近畿大学 | 2年 | 183 | 87 | 1991/6/11 | 天理,https://www.rugby-japan.jp/news/3516
2011年度,FL7 | 金 正奎 | 早稲田大学 | 2年 | 176 | 90 | 1991/10/3 | 啓光学園,https://www.rugby-japan.jp/news/3516
2011年度,水上 彰太 | 筑波大学 | 1年 | 185 | 82 | 1993/2/15 | 東福岡,https://www.rugby-japan.jp/news/3516
2011年度,NO8 | 大和田 立 | 帝京大学 | 2年 | 178 | 98 | 1992/1/14 | 美幌,https://www.rugby-japan.jp/news/3516
2011年度,タウファ・オリヴェ | 埼玉工業大学 | 1年 | 181 | 96 | 1991/6/5 | 正智深谷,https://www.rugby-japan.jp/news/3516
2011年度,SH | 吉川 竜太郎 | 東海大学 | 2年 | 162 | 64 | 1991/8/18 | 御所実業,https://www.rugby-japan.jp/news/3516
2011年度,内田 啓介 | 筑波大学 | 2年 | 177 | 78 | 1992/2/22 | 伏見工業,https://www.rugby-japan.jp/news/3516
2011年度,SO | 中村 亮土 | 帝京大学 | 2年 | 178 | 87 | 1991/6/3 | 鹿児島実業,https://www.rugby-japan.jp/news/3516
2011年度,猪村 優仁 | 法政大学 | 2年 | 174 | 75 | 1991/6/15 | 常翔啓光,https://www.rugby-japan.jp/news/3516
2011年度,WTB11 | 羽野 一志 | 中央大学 | 2年 | 184 | 76 | 1991/6/21 | 西陵,https://www.rugby-japan.jp/news/3516
2011年度,児玉 健太郎 | 慶應義塾大学 | 2年 | 182 | 75 | 1992/1/18 | 小倉,https://www.rugby-japan.jp/news/3516
2011年度,CTB12 | 藤近 紘二郎 | 早稲田大学 | 2年 | 180 | 78 | 1992/1/29 | 桐蔭学園,https://www.rugby-japan.jp/news/3516
2011年度,布巻 峻介 | 早稲田大学 | 1年 | 178 | 91 | 1992/7/13 | 東福岡,https://www.rugby-japan.jp/news/3516
2011年度,CTB13 | トニシオ・バイフ | 天理大学 | 2年 | 178 | 102 | 1991/2/12 | 日本航空石川,https://www.rugby-japan.jp/news/3516
2011年度,野田 滉貴 | 帝京大学 | 2年 | 176 | 80 | 1991/4/8 | 長崎南山,https://www.rugby-japan.jp/news/3516
2011年度,WTB14 | 彦坂 匡克 | 筑波大学 | 3年 | 177 | 94 | 1991/1/18 | 春日丘,https://www.rugby-japan.jp/news/3516
2011年度,江見 翔太 | 学習院大学 | 2年 | 181 | 95 | 1991/12/8 | 学習院高等科,https://www.rugby-japan.jp/news/3516
2011年度,FB | 黒澤 健 | 早稲田大学 | 3年 | 180 | 85 | 1991/1/30 | 国学院久我山,https://www.rugby-japan.jp/news/3516
2011年度,PR1 | 高橋 洋丞 | 大東文化大学 | 2年 | 180 | 95 | 1991/8/6 | 正智深谷,https://www.rugby-japan.jp/news/3516
2011年度,北川 賢吾 | 同志社大学 | 1年 | 177 | 105 | 1992/8/27 | 東福岡,https://www.rugby-japan.jp/news/3516
2011年度,HO | 彦坂 圭克 | 筑波大学 | 3年 | 178 | 104 | 1991/1/18 | 春日丘,https://www.rugby-japan.jp/news/3516
2011年度,庭井 祐輔 | 立命館大学 | 2年 | 174 | 91 | 1991/10/22 | 報徳学園,https://www.rugby-japan.jp/news/3516
2011年度,村川 浩喜 | 筑波大学 | 2年 | 174 | 90 | 1992/1/19 | 東福岡,https://www.rugby-japan.jp/news/3516
2011年度,PR3 | 榎 真生 | 明治大学 | 3年 | 180 | 120 | 1991/3/2 | 流通経済大柏,https://www.rugby-japan.jp/news/3516
2011年度,石澤 輝 | 法政大学 | 2年 | 178 | 106 | 1991/5/12 | 東京,https://www.rugby-japan.jp/news/3516
2011年度,PR1 | 高橋 洋丞 | 大東文化大学 | 2年 | 180 | 95 | 1991/8/6 | 正智深谷,https://www.rugby-japan.jp/news/3481
2011年度,北川 賢吾 | 同志社大学 | 1年 | 177 | 105 | 1992/8/27 | 東福岡,https://www.rugby-japan.jp/news/3481
2011年度,HO | 彦坂 圭克 | 筑波大学 | 3年 | 178 | 104 | 1991/1/18 | 春日丘,https://www.rugby-japan.jp/news/3481
2011年度,庭井 祐輔 | 立命館大学 | 2年 | 174 | 91 | 1991/10/22 | 報徳学園,https://www.rugby-japan.jp/news/3481
2011年度,村川 浩喜 | 筑波大学 | 2年 | 174 | 90 | 1992/1/19 | 東福岡,https://www.rugby-japan.jp/news/3481
2011年度,PR3 | 榎 真生 | 明治大学 | 3年 | 180 | 120 | 1991/3/2 | 流通経済大柏,https://www.rugby-japan.jp/news/3481
2011年度,石澤 輝 | 法政大学 | 2年 | 178 | 106 | 1991/5/12 | 東京,https://www.rugby-japan.jp/news/3481
2011年度,LO5 | 芦谷 勇帆 | 早稲田大学 | 2年 | 190 | 90 | 1991/7/2 | 伏見工業,https://www.rugby-japan.jp/news/3481
2011年度,李 聖彰 | 帝京大学 | 2年 | 190 | 100 | 1991/8/24 | 東京朝鮮,https://www.rugby-japan.jp/news/3481
2011年度,FL6 | 辻 直幸 | 流通経済大学 | 3年 | 179 | 90 | 1991/1/23 | 流通経済大柏,https://www.rugby-japan.jp/news/3481
2011年度,小林 亮太 | 近畿大学 | 2年 | 183 | 87 | 1991/6/11 | 天理,https://www.rugby-japan.jp/news/3481
2011年度,FL7 | 金 正奎 | 早稲田大学 | 2年 | 176 | 90 | 1991/10/3 | 啓光学園,https://www.rugby-japan.jp/news/3481
2011年度,水上 彰太 | 筑波大学 | 1年 | 185 | 82 | 1993/2/15 | 東福岡,https://www.rugby-japan.jp/news/3481
2011年度,NO8 | 大和田 立 | 帝京大学 | 2年 | 178 | 98 | 1992/1/14 | 美幌,https://www.rugby-japan.jp/news/3481
2011年度,タウファ・オリヴェ | 埼玉工業大学 | 1年 | 181 | 96 | 1991/6/5 | 正智深谷,https://www.rugby-japan.jp/news/3481
2011年度,SH | 吉川 竜太郎 | 東海大学 | 2年 | 162 | 64 | 1991/8/18 | 御所実業,https://www.rugby-japan.jp/news/3481
2011年度,◎内田 啓介 | 筑波大学 | 2年 | 177 | 78 | 1992/2/22 | 伏見工業,https://www.rugby-japan.jp/news/3481
2011年度,SO | 中村 亮土 | 帝京大学 | 2年 | 178 | 87 | 1991/6/3 | 鹿児島実業,https://www.rugby-japan.jp/news/3481
2011年度,猪村 優仁 | 法政大学 | 2年 | 174 | 75 | 1991/6/15 | 常翔啓光,https://www.rugby-japan.jp/news/3481
2011年度,WTB11 | 羽野 一志 | 中央大学 | 2年 | 184 | 76 | 1991/6/21 | 西陵,https://www.rugby-japan.jp/news/3481
2011年度,児玉 健太郎 | 慶應義塾大学 | 2年 | 182 | 75 | 1992/1/18 | 小倉,https://www.rugby-japan.jp/news/3481
2011年度,CTB12 | 藤近 紘二郎 | 早稲田大学 | 2年 | 180 | 78 | 1992/1/29 | 桐蔭学園,https://www.rugby-japan.jp/news/3481
2011年度,布巻 峻介 | 早稲田大学 | 1年 | 178 | 91 | 1992/7/13 | 東福岡,https://www.rugby-japan.jp/news/3481
2011年度,CTB13 | トニシオ・バイフ | 天理大学 | 2年 | 178 | 102 | 1991/2/12 | 日本航空石川,https://www.rugby-japan.jp/news/3481
2011年度,野田 滉貴 | 帝京大学 | 2年 | 176 | 80 | 1991/4/8 | 長崎南山,https://www.rugby-japan.jp/news/3481
2011年度,WTB14 | 彦坂 匡克 | 筑波大学 | 3年 | 177 | 94 | 1991/1/18 | 春日丘,https://www.rugby-japan.jp/news/3481
2011年度,江見 翔太 | 学習院大学 | 2年 | 181 | 95 | 1991/12/8 | 学習院高等科,https://www.rugby-japan.jp/news/3481
2011年度,FB | 黒澤 健 | 早稲田大学 | 3年 | 180 | 85 | 1991/1/30 | 国学院久我山,https://www.rugby-japan.jp/news/3481
2011年度,ポジション | 選手名 | 所属チーム,https://www.rugby-japan.jp/news/3481
2011年度,WTB | 淺井 斗頼 | 大東文化大学,https://www.rugby-japan.jp/news/3481
2011年度,WTB | 淺井 斗頼 | 大東文化大学,https://www.rugby-japan.jp/news/3481
2011年度,1 | PR | 北川賢吾 | 同志社大学 | 18(1) | 177 | 105 | 1992/8/27 | 東福岡高校,https://www.rugby-japan.jp/news/3408
2011年度,2 | PR | 東恩納寛太 | 帝京大学 | 18(1) | 179 | 100 | 1992/11/26 | 名護高校,https://www.rugby-japan.jp/news/3408
2011年度,3 | HO | 林 隼司 | 青山学院大学 | 18(1) | 175 | 93 | 1992/9/25 | 東福岡高校,https://www.rugby-japan.jp/news/3408
2011年度,4 | HO | 勝木来幸 | 明治大学 | 19(1) | 173 | 102 | 1992/6/12 | 常翔学園高校,https://www.rugby-japan.jp/news/3408
2011年度,5 | PR3 | 井之上 亮 | 関西学院大学 | 19(1) | 182 | 108 | 1992/6/4 | 福岡高校,https://www.rugby-japan.jp/news/3408
2011年度,6 | PR3 | 吉田貴宏 | 慶應義塾大学 | 18(1) | 176 | 100 | 1992/11/17 | 本郷高校,https://www.rugby-japan.jp/news/3408
2011年度,7 | LO | 宇佐美和彦 | 立命館大学 | 19(2) | 195 | 102 | 1992/3/17 | 西条高校,https://www.rugby-japan.jp/news/3408
2011年度,9 | LO | 西本祐樹 | 近畿大学 | 19(2) | 187 | 102 | 1992/1/19 | 天理高校,https://www.rugby-japan.jp/news/3408
2011年度,10 | FL/NO8 | 西内勇人 | 法政大学 | 18(1) | 180 | 90 | 1993/3/30 | 東福岡高校,https://www.rugby-japan.jp/news/3408
2011年度,11 | FL/NO8 | 杉永亮太 | 帝京大学 | 18(1) | 182 | 84 | 1992/6/29 | 長崎南山高校,https://www.rugby-japan.jp/news/3408
2011年度,12 | FL/NO8 | 竹内琢恭 | 近畿大学 | 18(1) | 182 | 92 | 1992/11/6 | 大阪桐蔭高校,https://www.rugby-japan.jp/news/3408
2011年度,13 | FL/NO8 | 長谷川崚太 | 日本航空高等学校 | 18(3) | 188 | 94 | 1993/5/12 | 千葉市立さつきが丘中学校,https://www.rugby-japan.jp/news/3408
2011年度,14 | FL/NO8 | 佐藤穣司 | 日川高校 | 17(3) | 184 | 93 | 1993/8/3 | 都留市立東桂中学校,https://www.rugby-japan.jp/news/3408
2011年度,15 | SH | 村島亮平 | 明治大学 | 18(1) | 165 | 65 | 1992/6/25 | 常翔啓光学園高校,https://www.rugby-japan.jp/news/3408
2011年度,16 | SH | 平野航輝 | 早稲田大学 | 18(1) | 166 | 65 | 1992/12/11 | 長崎南山高校,https://www.rugby-japan.jp/news/3408
2011年度,17 | SO | 小倉順平 | 早稲田大学 | 18(1) | 170 | 69 | 1992/7/11 | 桐蔭学園高校,https://www.rugby-japan.jp/news/3408
2011年度,18 | SO | 鈴木健士郎 | 中央大学 | 18(1) | 181 | 81 | 1992/10/7 | 秋田中央高校,https://www.rugby-japan.jp/news/3408
2011年度,19 | CTB | 金 勇輝 | 法政大学 | 18(1) | 175 | 76 | 1993/3/29 | 大阪朝鮮高級学校,https://www.rugby-japan.jp/news/3408
2011年度,20 | CTB | 木上鴻佑 | 中央大学 | 18(1) | 174 | 72 | 1993/1/25 | 伏見工業高校,https://www.rugby-japan.jp/news/3408
2011年度,21 | CTB | 小林正旗 | 関西大学 | 18(1) | 176 | 84 | 1992/7/18 | 伏見工業高校,https://www.rugby-japan.jp/news/3408
2011年度,22 | CTB | 川原健太朗 | 慶應義塾大学 | 18(1) | 181 | 85 | 1992/9/23 | 小倉高校,https://www.rugby-japan.jp/news/3408
2011年度,23 | WTB | 服部祐一郎 | 慶應義塾大学 | 19(1) | 180 | 83 | 1992/4/4 | 國學院久我山高校,https://www.rugby-japan.jp/news/3408
2011年度,24 | WTB | 半井優太 | 法政大学 | 18(1) | 177 | 75 | 1993/3/4 | 伏見工業高校,https://www.rugby-japan.jp/news/3408
2011年度,25 | FB | 松井完至 | 中央大学 | 18(1) | 185 | 85 | 1992/10/11 | 明和県央高校,https://www.rugby-japan.jp/news/3408
2011年度,26 | FB | 村井佑太朗 | 明治大学 | 19(1) | 174 | 67 | 1992/6/12 | 秋田工業高校,https://www.rugby-japan.jp/news/3408
2011年度,1 | PR | 北川賢吾 | 同志社大学 | 18(1) | 177 | 105 | 1992/8/27 | 東福岡高校,https://www.rugby-japan.jp/news/3408
2011年度,2 | PR | 東恩納寛太 | 帝京大学 | 18(1) | 179 | 100 | 1992/11/26 | 名護高校,https://www.rugby-japan.jp/news/3408
2011年度,3 | HO | 林 隼司 | 青山学院大学 | 18(1) | 175 | 93 | 1992/9/25 | 東福岡高校,https://www.rugby-japan.jp/news/3408
2011年度,4 | HO | 勝木来幸 | 明治大学 | 19(1) | 173 | 102 | 1992/6/12 | 常翔学園高校,https://www.rugby-japan.jp/news/3408
2011年度,5 | PR3 | 井之上 亮 | 関西学院大学 | 19(1) | 182 | 108 | 1992/6/4 | 福岡高校,https://www.rugby-japan.jp/news/3408
2011年度,6 | PR3 | 吉田貴宏 | 慶應義塾大学 | 18(1) | 176 | 100 | 1992/11/17 | 本郷高校,https://www.rugby-japan.jp/news/3408
2011年度,7 | LO | 宇佐美和彦 | 立命館大学 | 19(2) | 195 | 102 | 1992/3/17 | 西条高校,https://www.rugby-japan.jp/news/3408
2011年度,9 | LO | 西本祐樹 | 近畿大学 | 19(2) | 187 | 102 | 1992/1/19 | 天理高校,https://www.rugby-japan.jp/news/3408
2011年度,10 | FL/NO8 | 西内勇人 | 法政大学 | 18(1) | 180 | 90 | 1993/3/30 | 東福岡高校,https://www.rugby-japan.jp/news/3408
2011年度,11 | FL/NO8 | 杉永亮太 | 帝京大学 | 18(1) | 182 | 84 | 1992/6/29 | 長崎南山高校,https://www.rugby-japan.jp/news/3408
2011年度,12 | FL/NO8 | 竹内琢恭 | 近畿大学 | 18(1) | 182 | 92 | 1992/11/6 | 大阪桐蔭高校,https://www.rugby-japan.jp/news/3408
2011年度,13 | FL/NO8 | 長谷川崚太 | 日本航空高等学校 | 18(3) | 188 | 94 | 1993/5/12 | 千葉市立さつきが丘中学校,https://www.rugby-japan.jp/news/3408
2011年度,14 | FL/NO8 | 佐藤穣司 | 日川高校 | 17(3) | 184 | 93 | 1993/8/3 | 都留市立東桂中学校,https://www.rugby-japan.jp/news/3408
2011年度,15 | SH | 村島亮平 | 明治大学 | 18(1) | 165 | 65 | 1992/6/25 | 常翔啓光学園高校,https://www.rugby-japan.jp/news/3408
2011年度,16 | SH | 平野航輝 | 早稲田大学 | 18(1) | 166 | 65 | 1992/12/11 | 長崎南山高校,https://www.rugby-japan.jp/news/3408
2011年度,17 | SO | 小倉順平 | 早稲田大学 | 18(1) | 170 | 69 | 1992/7/11 | 桐蔭学園高校,https://www.rugby-japan.jp/news/3408
2011年度,18 | SO | 鈴木健士郎 | 中央大学 | 18(1) | 181 | 81 | 1992/10/7 | 秋田中央高校,https://www.rugby-japan.jp/news/3408
2011年度,19 | CTB | 金 勇輝 | 法政大学 | 18(1) | 175 | 76 | 1993/3/29 | 大阪朝鮮高級学校,https://www.rugby-japan.jp/news/3408
2011年度,20 | CTB | 木上鴻佑 | 中央大学 | 18(1) | 174 | 72 | 1993/1/25 | 伏見工業高校,https://www.rugby-japan.jp/news/3408
2011年度,21 | CTB | 小林正旗 | 関西大学 | 18(1) | 176 | 84 | 1992/7/18 | 伏見工業高校,https://www.rugby-japan.jp/news/3408
2011年度,22 | CTB | 川原健太朗 | 慶應義塾大学 | 18(1) | 181 | 85 | 1992/9/23 | 小倉高校,https://www.rugby-japan.jp/news/3408
2011年度,23 | WTB | 服部祐一郎 | 慶應義塾大学 | 19(1) | 180 | 83 | 1992/4/4 | 國學院久我山高校,https://www.rugby-japan.jp/news/3408
2011年度,24 | WTB | 半井優太 | 法政大学 | 18(1) | 177 | 75 | 1993/3/4 | 伏見工業高校,https://www.rugby-japan.jp/news/3408
2011年度,25 | FB | 松井完至 | 中央大学 | 18(1) | 185 | 85 | 1992/10/11 | 明和県央高校,https://www.rugby-japan.jp/news/3408
2011年度,26 | FB | 村井佑太朗 | 明治大学 | 19(1) | 174 | 67 | 1992/6/12 | 秋田工業高校,https://www.rugby-japan.jp/news/3408
2011年度,1 | PR | 北川賢吾 | 同志社大学 | 18(1) | 177 | 105 | 1992/8/27 | 東福岡高校,https://www.rugby-japan.jp/news/3408
2011年度,2 | PR | 東恩納寛太 | 帝京大学 | 18(1) | 179 | 100 | 1992/11/26 | 名護高校,https://www.rugby-japan.jp/news/3408
2011年度,3 | HO | 林 隼司 | 青山学院大学 | 18(1) | 175 | 93 | 1992/9/25 | 東福岡高校,https://www.rugby-japan.jp/news/3408
2011年度,4 | HO | 勝木来幸 | 明治大学 | 19(1) | 173 | 102 | 1992/6/12 | 常翔学園高校,https://www.rugby-japan.jp/news/3408
2011年度,5 | PR3 | 井之上 亮 | 関西学院大学 | 19(1) | 182 | 108 | 1992/6/4 | 福岡高校,https://www.rugby-japan.jp/news/3408
2011年度,6 | PR3 | 吉田貴宏 | 慶應義塾大学 | 18(1) | 176 | 100 | 1992/11/17 | 本郷高校,https://www.rugby-japan.jp/news/3408
2011年度,7 | LO | 宇佐美和彦 | 立命館大学 | 19(2) | 195 | 102 | 1992/3/17 | 西条高校,https://www.rugby-japan.jp/news/3408
2012年度,1 | PR | 松波 昭哉 | 明治大学 | 2年 | 186 | 110 | 1992/4/11 | 東福岡,https://www.rugby-japan.jp/news/2781
2012年度,2 | PR | 井之上 亮 | 関西学院大学 | 2年 | 180 | 110 | 1992/6/4 | 福岡,https://www.rugby-japan.jp/news/2781
2012年度,3 | PR | 北川 賢吾 | 同志社大学 | 2年 | 178 | 110 | 1992/8/27 | 東福岡,https://www.rugby-japan.jp/news/2781
2012年度,4 | PR | 東恩納 寛太 | 帝京大学 | 2年 | 178 | 112 | 1992/11/26 | 名護,https://www.rugby-japan.jp/news/2781
2012年度,5 | HO/PR | 金 寛泰 | 関西学院大学 | 2年 | 175 | 108 | 1992/6/5 | 大阪朝鮮,https://www.rugby-japan.jp/news/2781
2012年度,6 | HO | 勝木 来幸 | 明治大学 | 2年 | 174 | 104 | 1992/6/12 | 常翔学園,https://www.rugby-japan.jp/news/2781
2012年度,7 | LO | 宇佐美 和彦 | 立命館大学 | 3年 | 196 | 105 | 1992/3/17 | 西条,https://www.rugby-japan.jp/news/2781
2012年度,8 | LO | 大椙 慎也 | 明治大学 | 2年 | 187 | 92 | 1992/9/21 | 國學院久我山,https://www.rugby-japan.jp/news/2781
2012年度,9 | LO | 寺田 大樹 | 明治大学 | 2年 | 194 | 92 | 1993/1/7 | 秋田工業,https://www.rugby-japan.jp/news/2781
2012年度,10 | LO/FL | 長谷川 崚太 | 大東文化大学 | 1年 | 188 | 95 | 1993/5/12 | 日本航空石川,https://www.rugby-japan.jp/news/2781
2012年度,11 | LO/FL | 徳永 祥尭 | 関西学院大学 | 2年 | 185 | 90 | 1992/4/10 | 関西学院,https://www.rugby-japan.jp/news/2781
2012年度,12 | FL | 石橋 拓也 | 慶應義塾大学 | 2年 | 180 | 78 | 1992/8/19 | 小倉,https://www.rugby-japan.jp/news/2781
2012年度,13 | FL | 西内 勇人 | 法政大学 | 2年 | 180 | 90 | 1993/3/30 | 東福岡,https://www.rugby-japan.jp/news/2781
2012年度,14 | FL/HO | 坂手 淳史 | 帝京大学 | 1年 | 180 | 98 | 1993/6/21 | 京都成章,https://www.rugby-japan.jp/news/2781
2012年度,15 | NO8 | 杉永 亮太 | 帝京大学 | 2年 | 183 | 86 | 1992/6/29 | 長崎南山,https://www.rugby-japan.jp/news/2781
2012年度,16 | SH | 中尾 康太郎 | 早稲田大学 | 2年 | 177 | 77 | 1992/5/28 | 福岡,https://www.rugby-japan.jp/news/2781
2012年度,17 | SH | 流 大 | 帝京大学 | 2年 | 165 | 69 | 1992/9/4 | 荒尾,https://www.rugby-japan.jp/news/2781
2012年度,18 | SO | 小倉 順平 | 早稲田大学 | 2年 | 172 | 72 | 1992/7/11 | 桐蔭学園,https://www.rugby-japan.jp/news/2781
2012年度,19 | WTB | 浦野 龍基 | 慶應義塾大学 | 2年 | 172 | 74 | 1992/6/13 | 慶應志木,https://www.rugby-japan.jp/news/2781
2012年度,20 | WTB | 小原 政佑 | 東海大学 | 2年 | 183 | 88 | 1992/8/28 | 東海大仰星,https://www.rugby-japan.jp/news/2781
2012年度,21 | WTB | 川原 健太朗 | 慶應義塾大学 | 2年 | 182 | 87 | 1992/9/23 | 小倉,https://www.rugby-japan.jp/news/2781
2012年度,22 | CTB | 布巻 峻介 | 早稲田大学 | 2年 | 178 | 86 | 1992/7/13 | 東福岡,https://www.rugby-japan.jp/news/2781
2012年度,23 | CTB | 小林 正旗 | 関西大学 | 2年 | 176 | 83 | 1992/7/18 | 伏見工業,https://www.rugby-japan.jp/news/2781
2012年度,24 | CTB | 井波 健太郎 | 東海大学 | 2年 | 181 | 89 | 1993/1/21 | 東海大仰星,https://www.rugby-japan.jp/news/2781
2012年度,25 | CTB | 金 勇輝 | 法政大学 | 2年 | 174 | 77 | 1993/3/29 | 大阪朝鮮,https://www.rugby-japan.jp/news/2781
2012年度,26 | FB | 木崎 翼 | 帝京大学 | 2年 | 176 | 76 | 1992/5/6 | 伏見工業,https://www.rugby-japan.jp/news/2781
2012年度,27 | FB | 村井 佑太朗 | 明治大学 | 2年 | 175 | 74 | 1992/6/12 | 秋田工業,https://www.rugby-japan.jp/news/2781
2012年度,28 | FB | 松田 力也 | 伏見工業高校 | 3年 | 178 | 77 | 1994/05/03 | 陶化中学校,https://www.rugby-japan.jp/news/2781
2012年度,1 | PR | 松波 昭哉 | 明治大学 | 2年 | 186 | 110 | 1992/4/11 | 東福岡,https://www.rugby-japan.jp/news/2849
2012年度,2 | PR | 井之上 亮 | 関西学院大学 | 2年 | 180 | 110 | 1992/6/4 | 福岡,https://www.rugby-japan.jp/news/2849
2012年度,3 | PR | 東恩納 寛太 | 帝京大学 | 2年 | 178 | 112 | 1992/11/26 | 名護,https://www.rugby-japan.jp/news/2849
2012年度,4 | HO | 金 寛泰 | 関西学院大学 | 2年 | 175 | 108 | 1992/6/5 | 大阪朝鮮,https://www.rugby-japan.jp/news/2849
2012年度,5 | HO | 勝木 来幸 | 明治大学 | 2年 | 174 | 104 | 1992/6/12 | 常翔学園,https://www.rugby-japan.jp/news/2849
2012年度,6 | HO | 牛原 寛章 | 明治大学 | 2年 | 172 | 100 | 1993/1/17 | 佐賀工業,https://www.rugby-japan.jp/news/2849
2012年度,7 | LO | 宇佐美 和彦 | 立命館大学 | 3年 | 196 | 105 | 1992/3/17 | 西条,https://www.rugby-japan.jp/news/2849
2012年度,8 | LO | 大椙 慎也 | 明治大学 | 2年 | 187 | 92 | 1992/9/21 | 國學院久我山,https://www.rugby-japan.jp/news/2849
2012年度,9 | LO | 寺田 大樹 | 明治大学 | 2年 | 194 | 92 | 1993/1/7 | 秋田工業,https://www.rugby-japan.jp/news/2849
2012年度,10 | LO | 長谷川 崚太 | 大東文化大学 | 1年 | 188 | 95 | 1993/5/12 | 日本航空石川,https://www.rugby-japan.jp/news/2849
2012年度,11 | FL | 徳永 祥尭 | 関西学院大学 | 2年 | 185 | 90 | 1992/4/10 | 関西学院,https://www.rugby-japan.jp/news/2849
2012年度,12 | FL | 石橋 拓也 | 慶應義塾大学 | 2年 | 180 | 78 | 1992/8/19 | 小倉,https://www.rugby-japan.jp/news/2849
2012年度,13 | FL | 西内 勇人 | 法政大学 | 2年 | 180 | 90 | 1993/3/30 | 東福岡,https://www.rugby-japan.jp/news/2849
2012年度,14 | FL | 坂手 淳史 | 帝京大学 | 1年 | 180 | 98 | 1993/6/21 | 京都成章,https://www.rugby-japan.jp/news/2849
2012年度,15 | NO8 | 杉永 亮太 | 帝京大学 | 2年 | 183 | 86 | 1992/6/29 | 長崎南山,https://www.rugby-japan.jp/news/2849
2012年度,16 | NO8 | 河口 駿 | 帝京大学 | 2年 | 180 | 94 | 1992/7/28 | 常翔啓光学園,https://www.rugby-japan.jp/news/2849
2012年度,17 | SH | 中尾 康太郎 | 早稲田大学 | 2年 | 177 | 77 | 1992/5/28 | 福岡,https://www.rugby-japan.jp/news/2849
2012年度,18 | SH | 流 大 | 帝京大学 | 2年 | 165 | 69 | 1992/9/4 | 荒尾,https://www.rugby-japan.jp/news/2849
2012年度,19 | SH | 湯本 睦 | 東海大仰星高校 | 3年 | 163 | 63 | 1994/5/2 | 英田中学校,https://www.rugby-japan.jp/news/2849
2012年度,20 | SO | 小倉 順平 | 早稲田大学 | 2年 | 172 | 72 | 1992/7/11 | 桐蔭学園,https://www.rugby-japan.jp/news/2849
2012年度,21 | WTB | 浦野 龍基 | 慶應義塾大学 | 2年 | 172 | 74 | 1992/6/13 | 慶應志木,https://www.rugby-japan.jp/news/2849
2012年度,22 | WTB | 小原 政佑 | 東海大学 | 2年 | 183 | 88 | 1992/8/28 | 東海大仰星,https://www.rugby-japan.jp/news/2849
2012年度,23 | WTB | 川原 健太朗 | 慶應義塾大学 | 2年 | 182 | 87 | 1992/9/23 | 小倉,https://www.rugby-japan.jp/news/2849
2012年度,24 | SO/CTB | 木上 鴻佑 | 中央大学 | 2年 | 175 | 74 | 1993/1/25 | 伏見工業,https://www.rugby-japan.jp/news/2849
2012年度,25 | CTB | 小林 正旗 | 関西大学 | 2年 | 176 | 83 | 1992/7/18 | 伏見工業,https://www.rugby-japan.jp/news/2849
2012年度,26 | CTB | 金 勇輝 | 法政大学 | 2年 | 174 | 77 | 1993/3/29 | 大阪朝鮮,https://www.rugby-japan.jp/news/2849
2012年度,27 | FB | 村井 佑太朗 | 明治大学 | 2年 | 175 | 74 | 1992/6/12 | 秋田工業,https://www.rugby-japan.jp/news/2849
2012年度,28 | FB | 松田 力也 | 伏見工業高校 | 3年 | 178 | 77 | 1994/05/03 | 陶化中学校,https://www.rugby-japan.jp/news/2849
2013年度,●合宿期間 | 2013年5月19日（日）-21日（火）,https://www.rugby-japan.jp/news/2111
2013年度,●練習場所 | 流通経済大学 ラグビー場（茨城県龍ケ崎市）,https://www.rugby-japan.jp/news/2111
2013年度,日付 | 時間 | 内容,https://www.rugby-japan.jp/news/2111
2013年度,5月19日（日） | 13:30 | 選手集合,https://www.rugby-japan.jp/news/2111
2013年度,15:00-16:30 | 練習,https://www.rugby-japan.jp/news/2111
2013年度,5月20日（月） | 6:00-8:10 | ウエイト,https://www.rugby-japan.jp/news/2111
2013年度,10:45-11:25 | 練習,https://www.rugby-japan.jp/news/2111
2013年度,15:30-17:00 | 練習（16:00-16:50    流通経済大学とセッション）,https://www.rugby-japan.jp/news/2111
2013年度,18:30 | 壮行会,https://www.rugby-japan.jp/news/2111
2013年度,5月21日（火） | 10:30-11:45 | 練習,https://www.rugby-japan.jp/news/2111
2013年度,PM | 出発,https://www.rugby-japan.jp/news/2111
2013年度,1 | PR1 | 平野  翔平 | 東海大学 | 2 年 | 178 | 122 | 1993/8/3 | 東福岡高校,https://www.rugby-japan.jp/news/2111
2013年度,2 | PR1 | 須藤  元樹 | 明治大学 | 2 年 | 173 | 108 | 1994/1/28 | 國學院久我山高校,https://www.rugby-japan.jp/news/2111
2013年度,3 | HO | 中村  駿太 | 明治大学 | 2 年 | 176 | 100 | 1994/2/28 | 桐蔭学園高校,https://www.rugby-japan.jp/news/2111
2013年度,4 | HO | 橋本  大吾 | 筑波大学 | 2 年 | 174 | 101 | 1994/1/28 | 深谷高校,https://www.rugby-japan.jp/news/2111
2013年度,5 | PR3 | 塚原  巧巳 | 明治大学 | 2 年 | 180 | 120 | 1994/3/18 | 國學院栃木高校,https://www.rugby-japan.jp/news/2111
2013年度,6 | PR3 | 渡邉  隆之 | 東海大学 | 1 年 | 182 | 113 | 1994/5/27 | 札幌山の手高校,https://www.rugby-japan.jp/news/2111
2013年度,7 | LO4 | 寺田 大樹 | 明治大学 | 3 年 | 195 | 98 | 1993/1/7 | 秋田工業高校,https://www.rugby-japan.jp/news/2111
2013年度,8 | LO5 | 姫野  和樹 | 帝京大学 | 1 年 | 187 | 100 | 1994/7/27 | 春日丘高校,https://www.rugby-japan.jp/news/2111
2013年度,9 | LO5 | 牧野内  翔馬 | 法政大学 | 1 年 | 188 | 97 | 1994/11/5 | 東福岡高校,https://www.rugby-japan.jp/news/2111
2013年度,10 | FL6 | 東  和樹 | 明治大学 | 2 年 | 182 | 90 | 1993/8/12 | 京都成章高校,https://www.rugby-japan.jp/news/2111
2013年度,11 | FL7 | 西内  勇人◎ | 法政大学 | 3 年 | 180 | 95 | 1993/3/30 | 東福岡高校,https://www.rugby-japan.jp/news/2111
2013年度,12 | FL7 | 木村  貴大 | 筑波大学 | 2 年 | 174 | 80 | 1993/12/5 | 東福岡高校,https://www.rugby-japan.jp/news/2111
2013年度,13 | NO8 | 佐藤  穣司 | 早稲田大学 | 2 年 | 184 | 94 | 1993/8/3 | 日川高校,https://www.rugby-japan.jp/news/2111
2013年度,14 | NO8 | 桶谷  宗汰 | 明治大学 | 1 年 | 176 | 95 | 1994/11/18 | 常翔学園高校,https://www.rugby-japan.jp/news/2111
2013年度,15 | SH | 徳田  健太 | 関西学院大学 | 2 年 | 166 | 66 | 1993/10/7 | 関西学院高校,https://www.rugby-japan.jp/news/2111
2013年度,16 | SH | 重  一生 | 帝京大学 | 1 年 | 170 | 76 | 1994/12/5 | 常翔学園高校,https://www.rugby-japan.jp/news/2111
2013年度,17 | SH | 大越 元気 | 同志社大学 | 1年 | 162 | 61 | 1994/12/26 | 茗溪学園高校,https://www.rugby-japan.jp/news/2111
2013年度,18 | SO | 山沢  拓也 | 筑波大学 | 1 年 | 177 | 80 | 1994/9/21 | 深谷高校,https://www.rugby-japan.jp/news/2111
2013年度,19 | WTB11 | 石井  魁 | 東海大学 | 2 年 | 178 | 76 | 1993/8/4 | 保善高校,https://www.rugby-japan.jp/news/2111
2013年度,20 | CTB12 | 金田  瑛司 | 帝京大学 | 2 年 | 172 | 78 | 1993/5/14 | 伏見工業高校,https://www.rugby-japan.jp/news/2111
2013年度,21 | CTB13 | 堀田  隼平 | 東海大学 | 2 年 | 179 | 86 | 1993/9/24 | 黒沢尻工業高校,https://www.rugby-japan.jp/news/2111
2013年度,22 | CTB13 | 佐々木  裕次郎 | 東海大学 | 2 年 | 175 | 86 | 1993/12/27 | 黒沢尻工業高校,https://www.rugby-japan.jp/news/2111
2013年度,23 | WTB14 | 近藤  英人 | 東海大学 | 2 年 | 177 | 77 | 1993/4/16 | 東海大学仰星高校,https://www.rugby-japan.jp/news/2111
2013年度,24 | WTB14 | 荻野  岳志 | 早稲田大学 | 3 年 | 175 | 73 | 1993/1/5 | 柏陽高校,https://www.rugby-japan.jp/news/2111
2013年度,25 | FB | 合谷  和弘 | 流通経済大学 | 2 年 | 171 | 76 | 1993/4/21 | 流経大柏高校,https://www.rugby-japan.jp/news/2111
2013年度,26 | FB | 松田  力也 | 帝京大学 | 1 年 | 178 | 77 | 1994/5/3 | 伏見工業高校,https://www.rugby-japan.jp/news/2111
2013年度,NO8 | 中村  圭佑 | 関西学院大学 | 3 年 | 177 | 87 | 1993/3/31 | 東福岡高校,https://www.rugby-japan.jp/news/2111
2013年度,CTB12 | 木上  鴻佑 | 中央大学 | 3 年 | 175 | 77 | 1993/1/25 | 伏見工業高校,https://www.rugby-japan.jp/news/2111
2013年度,コーディネーター | 高崎  利明 | 伏見工業高等学校,https://www.rugby-japan.jp/news/2111
2013年度,ヘッドコーチ | 沢木  敬介 | 日本ラグビーフットボール協会,https://www.rugby-japan.jp/news/2111
2013年度,コーチ | 遠藤  哲 | 当矢印刷株式会社,https://www.rugby-japan.jp/news/2111
2013年度,S＆C コーチ | 坂井  裕介 | 株式会社バイタルストレングス,https://www.rugby-japan.jp/news/2111
2013年度,ドクター | 龍  啓之助 | 日大病院,https://www.rugby-japan.jp/news/2111
2013年度,アスレティックトレーナー | 田代  智史 | リニアート,https://www.rugby-japan.jp/news/2111
2013年度,アナリスト | 小柳  竜太 | 筑波大学,https://www.rugby-japan.jp/news/2111
2013年度,総務 | 飯島  康弘 | 日本ラグビーフットボール協会,https://www.rugby-japan.jp/news/2111
2013年度,1 | PR1 | 平野  翔平 | 東海大学 | 2 年 | 178 | 122 | 1993/8/3 | 東福岡高校,https://www.rugby-japan.jp/news/2111
2013年度,2 | PR1 | 須藤  元樹 | 明治大学 | 2 年 | 173 | 108 | 1994/1/28 | 國學院久我山高校,https://www.rugby-japan.jp/news/2111
2013年度,3 | HO | 中村  駿太 | 明治大学 | 2 年 | 176 | 100 | 1994/2/28 | 桐蔭学園高校,https://www.rugby-japan.jp/news/2111
2013年度,4 | HO | 橋本  大吾 | 筑波大学 | 2 年 | 174 | 101 | 1994/1/28 | 深谷高校,https://www.rugby-japan.jp/news/2111
2013年度,5 | PR3 | 塚原  巧巳 | 明治大学 | 2 年 | 180 | 120 | 1994/3/18 | 國學院栃木高校,https://www.rugby-japan.jp/news/2111
2013年度,6 | PR3 | 渡邉  隆之 | 東海大学 | 1 年 | 182 | 113 | 1994/5/27 | 札幌山の手高校,https://www.rugby-japan.jp/news/2111
2013年度,7 | LO4 | 寺田 大樹 | 明治大学 | 3 年 | 195 | 98 | 1993/1/7 | 秋田工業高校,https://www.rugby-japan.jp/news/2111
2013年度,8 | LO5 | 姫野  和樹 | 帝京大学 | 1 年 | 187 | 100 | 1994/7/27 | 春日丘高校,https://www.rugby-japan.jp/news/2111
2013年度,9 | LO5 | 牧野内  翔馬 | 法政大学 | 1 年 | 188 | 97 | 1994/11/5 | 東福岡高校,https://www.rugby-japan.jp/news/2111
2013年度,10 | FL6 | 東  和樹 | 明治大学 | 2 年 | 182 | 90 | 1993/8/12 | 京都成章高校,https://www.rugby-japan.jp/news/2111
2013年度,11 | FL7 | 西内  勇人◎ | 法政大学 | 3 年 | 180 | 95 | 1993/3/30 | 東福岡高校,https://www.rugby-japan.jp/news/2111
2013年度,12 | FL7 | 木村  貴大 | 筑波大学 | 2 年 | 174 | 80 | 1993/12/5 | 東福岡高校,https://www.rugby-japan.jp/news/2111
2013年度,13 | NO8 | 佐藤  穣司 | 早稲田大学 | 2 年 | 184 | 94 | 1993/8/3 | 日川高校,https://www.rugby-japan.jp/news/2111
2013年度,14 | NO8 | 桶谷  宗汰 | 明治大学 | 1 年 | 176 | 95 | 1994/11/18 | 常翔学園高校,https://www.rugby-japan.jp/news/2111
2013年度,15 | SH | 徳田  健太 | 関西学院大学 | 2 年 | 166 | 66 | 1993/10/7 | 関西学院高校,https://www.rugby-japan.jp/news/2111
2013年度,16 | SH | 重  一生 | 帝京大学 | 1 年 | 170 | 76 | 1994/12/5 | 常翔学園高校,https://www.rugby-japan.jp/news/2111
2013年度,17 | SH | 大越 元気 | 同志社大学 | 1年 | 162 | 61 | 1994/12/26 | 茗溪学園高校,https://www.rugby-japan.jp/news/2111
2013年度,18 | SO | 山沢  拓也 | 筑波大学 | 1 年 | 177 | 80 | 1994/9/21 | 深谷高校,https://www.rugby-japan.jp/news/2111
2013年度,19 | WTB11 | 石井  魁 | 東海大学 | 2 年 | 178 | 76 | 1993/8/4 | 保善高校,https://www.rugby-japan.jp/news/2111
2013年度,20 | CTB12 | 金田  瑛司 | 帝京大学 | 2 年 | 172 | 78 | 1993/5/14 | 伏見工業高校,https://www.rugby-japan.jp/news/2111
2013年度,21 | CTB13 | 堀田  隼平 | 東海大学 | 2 年 | 179 | 86 | 1993/9/24 | 黒沢尻工業高校,https://www.rugby-japan.jp/news/2111
2013年度,22 | CTB13 | 佐々木  裕次郎 | 東海大学 | 2 年 | 175 | 86 | 1993/12/27 | 黒沢尻工業高校,https://www.rugby-japan.jp/news/2111
2013年度,23 | WTB14 | 近藤  英人 | 東海大学 | 2 年 | 177 | 77 | 1993/4/16 | 東海大学仰星高校,https://www.rugby-japan.jp/news/2111
2013年度,24 | WTB14 | 荻野  岳志 | 早稲田大学 | 3 年 | 175 | 73 | 1993/1/5 | 柏陽高校,https://www.rugby-japan.jp/news/2111
2013年度,25 | FB | 合谷  和弘 | 流通経済大学 | 2 年 | 171 | 76 | 1993/4/21 | 流経大柏高校,https://www.rugby-japan.jp/news/2111
2013年度,26 | FB | 松田  力也 | 帝京大学 | 1 年 | 178 | 77 | 1994/5/3 | 伏見工業高校,https://www.rugby-japan.jp/news/2111
2013年度,コーディネーター | 高崎  利明 | 伏見工業高等学校,https://www.rugby-japan.jp/news/2111
2013年度,ヘッドコーチ | 沢木  敬介 | 日本ラグビーフットボール協会,https://www.rugby-japan.jp/news/2111
2013年度,コーチ | 遠藤  哲 | 当矢印刷株式会社,https://www.rugby-japan.jp/news/2111
2013年度,S＆C コーチ | 坂井  裕介 | 株式会社バイタルストレングス,https://www.rugby-japan.jp/news/2111
2013年度,ドクター | 龍  啓之助 | 日大病院,https://www.rugby-japan.jp/news/2111
2013年度,アスレティックトレーナー | 田代  智史 | リニアート,https://www.rugby-japan.jp/news/2111
2013年度,アナリスト | 小柳  竜太 | 筑波大学,https://www.rugby-japan.jp/news/2111
2013年度,総務 | 飯島  康弘 | 日本ラグビーフットボール協会,https://www.rugby-japan.jp/news/2111
2014年度,1 | PR1 | 三浦 昌悟 | 秋田工業高校 | 3年 | 181 | 105 | 1995/6/8 | 秋田市立秋田北中学校,https://www.rugby-japan.jp/news/1366
2014年度,2 | PR1 | 橋本 大吾 | 筑波大学 | 2年 | 175 | 105 | 1994/1/28 | 深谷高校,https://www.rugby-japan.jp/news/1366
2014年度,3 | HO | 中村 駿太 | 明治大学 | 2年 | 176 | 102 | 1994/2/28 | 桐蔭学園高校,https://www.rugby-japan.jp/news/1366
2014年度,4 | HO | 堀越 康介 | 桐蔭学園高校 | 3年 | 173 | 98 | 1995/6/2 | 藤岡市立西中学校,https://www.rugby-japan.jp/news/1366
2014年度,5 | PR3 | 具 智元 | 拓殖大学 | 1年 | 184 | 125 | 1994/7/20 | 日本文理大学附属高校,https://www.rugby-japan.jp/news/1366
2014年度,6 | PR3 | 塚原 巧巳 | 明治大学 | 2年 | 182 | 120 | 1994/3/18 | 國學院大學栃木高校,https://www.rugby-japan.jp/news/1366
2014年度,7 | PR3 | 渡邉 隆之 | 東海大学 | 1年 | 182 | 120 | 1994/5/27 | 札幌山の手高校,https://www.rugby-japan.jp/news/1366
2014年度,8 | LO | 上田 宥人 | 明治大学 | 2年 | 182 | 95 | 1994/3/2 | 東海大学付属仰星高校,https://www.rugby-japan.jp/news/1366
2014年度,9 | LO | 牧野内 翔馬 | 法政大学 | 1年 | 188 | 106 | 1994/11/5 | 東福岡高校,https://www.rugby-japan.jp/news/1366
2014年度,10 | LO | 金 嶺志 | 帝京大学 | 1年 | 191 | 101 | 1994/8/26 | 東京朝鮮高級学校,https://www.rugby-japan.jp/news/1366
2014年度,11 | FL | 末永 健雄 | 同志社大学 | 1年 | 179 | 90 | 1994/7/31 | 福岡高校,https://www.rugby-japan.jp/news/1366
2014年度,12 | FL | 李 智栄 | 京都産業大学 | 1年 | 178 | 94 | 1994/10/5 | 大阪朝鮮高級学校,https://www.rugby-japan.jp/news/1366
2014年度,13 | FL | 亀井 亮依 | 帝京大学 | 1年 | 177 | 94 | 1994/10/18 | 常翔啓光学園高校,https://www.rugby-japan.jp/news/1366
2014年度,14 | NO8 | 桶谷 宗汰 | 明治大学 | 1年 | 176 | 95 | 1994/11/18 | 常翔学園高校,https://www.rugby-japan.jp/news/1366
2014年度,BK | 15 | SH | 大越 元気 | 同志社大学 | 1年 | 162 | 66 | 1994/12/26 | 茗溪学園高校,https://www.rugby-japan.jp/news/1366
2014年度,16 | SH | 岡田 一平 | 早稲田大学 | 2年 | 165 | 78 | 1994/02/16 | 常翔学園高校,https://www.rugby-japan.jp/news/1366
2014年度,17 | SO/FB | 松田 力也◎ | 帝京大学 | 1年 | 178 | 86 | 1994/5/3 | 伏見工業高校,https://www.rugby-japan.jp/news/1366
2014年度,18 | WTB | 成田 秀平 | 明治大学 | 1年 | 174 | 78 | 1994/12/11 | 秋田工業高校,https://www.rugby-japan.jp/news/1366
2014年度,19 | WTB | 尾崎 晟也 | 伏見工業高校 | 3年 | 174 | 80 | 1995/7/11 | 京都市立伏見中学校,https://www.rugby-japan.jp/news/1366
2014年度,20 | WTB | 桑江 健一郎 | 流通経済大学 | 1年 | 177 | 85 | 1994/10/24 | コザ高校,https://www.rugby-japan.jp/news/1366
2014年度,21 | WTB | 松井 千士 | 同志社大学 | 1年 | 180 | 82 | 1994/11/11 | 常翔学園高校,https://www.rugby-japan.jp/news/1366
2014年度,22 | CTB | 浜岸 峻輝 | 中央大学 | 1年 | 175 | 92 | 1994/11/28 | 東京高校,https://www.rugby-japan.jp/news/1366
2014年度,23 | CTB | 森谷 圭介 | 帝京大学 | 2年 | 185 | 86 | 1994/3/4 | 正智深谷高校,https://www.rugby-japan.jp/news/1366
2014年度,24 | CTB | 石田 幹太 | 同志社大学 | 1年 | 178 | 88 | 1994/5/4 | 同志社高校,https://www.rugby-japan.jp/news/1366
2014年度,25 | CTB/WTB | 岡田 優輝 | 大阪桐蔭高校 | 3年 | 180 | 86 | 1995/7/13 | 宝塚市立山手台中学校,https://www.rugby-japan.jp/news/1366
2014年度,26 | FB | 野口 竜司 | 東海大学付属仰星高校 | 3年 | 177 | 80 | 1995/7/15 | 東大阪市立枚岡中学校,https://www.rugby-japan.jp/news/1366
2014年度,LO5 | 桑野 詠真 | 早稲田大学 | 1年 | 190 | 101 | 1994/10/11 | 筑紫高校,https://www.rugby-japan.jp/news/1366
2014年度,SH | 米村 龍二 | 東海大学付属仰星高校 | 3年 | 174 | 70 | 1995/6/6 | 豊中市立第十一中学校,https://www.rugby-japan.jp/news/1366
2014年度,FL7 | 松村 拓海Takumi MATUMURA | 法政大学Hosei Univ． | 2年 | 182 | 93 | 1994/6/8 | 國學院大學久我山高校Kokugakuin Kugayama HS,https://www.rugby-japan.jp/news/1366
2015年度,日付 | 時間 | 内容,https://www.rugby-japan.jp/news/7880
2015年度,4月28日（火）、29日（水） | 28日PM成田発、29日PMゴールドコースト着 | 4月30日（木） | 8:30-9::30 | トレーニング | 13:00-15:00 | 試合前日練習 | 5月1日（金） | 13:00 | 対 U20ニュージーランド代表 | 5月2日（土） | 8:00-9:00 | S&C | 10:00-11:00 | リカバリー/オフ | 5月3日（日） | 13:00-14:00 | S&C | 14:30-16:00 | トレーニング | 5月4日（月） | 8:30-10:30 | トレーニング／S&C | 16:00-17:00 | 試合前日練習 | 5月5日（火） | 15:00 | 対 U20オーストラリア代表 | 5月6日（水） | オフ／リカバリー | 5月7日（木） | 8:30-9:30 | トレーニング | 15:00-17:00 | S&C/トレーニング | 5月8日（金） | 8:30-10:30 | トレーニング/S&C | 14:30-16:30 | 試合前日練習 | 5月9日（土） | 13:00 | 対 U20サモア代表 | 5月10日（日） | PMゴールドコースト出発、シドニー泊 | 5月11日（月） | AMシドニー出発、PM成田着,https://www.rugby-japan.jp/news/7880
2015年度,4月28日（火）、29日（水） | 28日PM成田発、29日PMゴールドコースト着,https://www.rugby-japan.jp/news/7880
2015年度,4月30日（木） | 8:30-9::30 | トレーニング,https://www.rugby-japan.jp/news/7880
2015年度,13:00-15:00 | 試合前日練習,https://www.rugby-japan.jp/news/7880
2015年度,5月1日（金） | 13:00 | 対 U20ニュージーランド代表,https://www.rugby-japan.jp/news/7880
2015年度,5月2日（土） | 8:00-9:00 | S&C,https://www.rugby-japan.jp/news/7880
2015年度,10:00-11:00 | リカバリー/オフ,https://www.rugby-japan.jp/news/7880
2015年度,5月3日（日） | 13:00-14:00 | S&C,https://www.rugby-japan.jp/news/7880
2015年度,14:30-16:00 | トレーニング,https://www.rugby-japan.jp/news/7880
2015年度,5月4日（月） | 8:30-10:30 | トレーニング／S&C,https://www.rugby-japan.jp/news/7880
2015年度,16:00-17:00 | 試合前日練習,https://www.rugby-japan.jp/news/7880
2015年度,5月5日（火） | 15:00 | 対 U20オーストラリア代表,https://www.rugby-japan.jp/news/7880
2015年度,5月6日（水） | オフ／リカバリー,https://www.rugby-japan.jp/news/7880
2015年度,5月7日（木） | 8:30-9:30 | トレーニング,https://www.rugby-japan.jp/news/7880
2015年度,15:00-17:00 | S&C/トレーニング,https://www.rugby-japan.jp/news/7880
2015年度,5月8日（金） | 8:30-10:30 | トレーニング/S&C,https://www.rugby-japan.jp/news/7880
2015年度,14:30-16:30 | 試合前日練習,https://www.rugby-japan.jp/news/7880
2015年度,5月9日（土） | 13:00 | 対 U20サモア代表,https://www.rugby-japan.jp/news/7880
2015年度,5月10日（日） | PMゴールドコースト出発、シドニー泊,https://www.rugby-japan.jp/news/7880
2015年度,5月11日（月） | AMシドニー出発、PM成田着,https://www.rugby-japan.jp/news/7880
2015年度,PR1 | 久原 綾眞 | 明治大学 | 2年 | 175 | 115 | 1995/4/27 | 佐賀工業高校 | 三浦 昌悟 | 東海大学 | 2年 | 180 | 98 | 1995/6/8 | 秋田工業高校 | HO | 朴 成浩 | 明治大学 | 2年 | 175 | 98 | 1995/11/10 | 大阪朝鮮高校 | 堀越 康介 | 帝京大学 | 2年 | 174 | 95 | 1995/6/2 | 桐蔭学園高校 | 祝原 涼介 | 明治大学 | 1年 | 184 | 110 | 1996/10/6 | 桐蔭学園高校 | PR3 | 垣本 竜哉 | 帝京大学 | 2年 | 177 | 114 | 1995/4/18 | 大阪桐蔭高校 | 藤野 佑磨 | 立命館大学 | 2年 | 179 | 107 | 1995/7/29 | 報徳学園高校 | LO4 | 斉田 倫輝 | 法政大学 | 2年 | 190 | 81 | 1996/1/25 | 仙台工業高校 | 孫 昇己 | 日本大学 | 2年 | 193 | 93 | 1995/5/10 | 大阪朝鮮高校 | ファウルア・マキシ | 天理大学 | 1年 | 185 | 100 | 1997/1/20 | 日本航空高校石川 | LO5 | 古川 満 | 明治大学 | 2年 | 186 | 98 | 1995/7/9 | 桐蔭学園高校 | FL6 | 加藤 広人 | 早稲田大学 | 2年 | 186 | 82 | 1995/9/30 | 秋田工業高校 | 佐々木 凜平 | 日本大学 | 2年 | 182 | 87 | 1995/12/26 | 秋田工業高校 | FL7 | 占部 航典 | 筑波大学 | 2年 | 178 | 79 | 1995/7/7 | 東福岡高校 | NO.8 | 前田 剛 | 明治大学 | 2年 | 180 | 87 | 1996/1/19 | 報徳学園高校 | テビタ・タタフ | 東海大学 | 1年 | 183 | 107 | 1996/1/2 | 目黒学院高校,https://www.rugby-japan.jp/news/7880
2015年度,PR1 | 久原 綾眞 | 明治大学 | 2年 | 175 | 115 | 1995/4/27 | 佐賀工業高校,https://www.rugby-japan.jp/news/7880
2015年度,三浦 昌悟 | 東海大学 | 2年 | 180 | 98 | 1995/6/8 | 秋田工業高校,https://www.rugby-japan.jp/news/7880
2015年度,HO | 朴 成浩 | 明治大学 | 2年 | 175 | 98 | 1995/11/10 | 大阪朝鮮高校,https://www.rugby-japan.jp/news/7880
2015年度,堀越 康介 | 帝京大学 | 2年 | 174 | 95 | 1995/6/2 | 桐蔭学園高校,https://www.rugby-japan.jp/news/7880
2015年度,祝原 涼介 | 明治大学 | 1年 | 184 | 110 | 1996/10/6 | 桐蔭学園高校,https://www.rugby-japan.jp/news/7880
2015年度,PR3 | 垣本 竜哉 | 帝京大学 | 2年 | 177 | 114 | 1995/4/18 | 大阪桐蔭高校,https://www.rugby-japan.jp/news/7880
2015年度,藤野 佑磨 | 立命館大学 | 2年 | 179 | 107 | 1995/7/29 | 報徳学園高校,https://www.rugby-japan.jp/news/7880
2015年度,LO4 | 斉田 倫輝 | 法政大学 | 2年 | 190 | 81 | 1996/1/25 | 仙台工業高校,https://www.rugby-japan.jp/news/7880
2015年度,孫 昇己 | 日本大学 | 2年 | 193 | 93 | 1995/5/10 | 大阪朝鮮高校,https://www.rugby-japan.jp/news/7880
2015年度,ファウルア・マキシ | 天理大学 | 1年 | 185 | 100 | 1997/1/20 | 日本航空高校石川,https://www.rugby-japan.jp/news/7880
2015年度,LO5 | 古川 満 | 明治大学 | 2年 | 186 | 98 | 1995/7/9 | 桐蔭学園高校,https://www.rugby-japan.jp/news/7880
2015年度,FL6 | 加藤 広人 | 早稲田大学 | 2年 | 186 | 82 | 1995/9/30 | 秋田工業高校,https://www.rugby-japan.jp/news/7880
2015年度,佐々木 凜平 | 日本大学 | 2年 | 182 | 87 | 1995/12/26 | 秋田工業高校,https://www.rugby-japan.jp/news/7880
2015年度,FL7 | 占部 航典 | 筑波大学 | 2年 | 178 | 79 | 1995/7/7 | 東福岡高校,https://www.rugby-japan.jp/news/7880
2015年度,NO.8 | 前田 剛 | 明治大学 | 2年 | 180 | 87 | 1996/1/19 | 報徳学園高校,https://www.rugby-japan.jp/news/7880
2015年度,テビタ・タタフ | 東海大学 | 1年 | 183 | 107 | 1996/1/2 | 目黒学院高校,https://www.rugby-japan.jp/news/7880
2015年度,SH | 竹中 明 | - | － | 175 | 83 | 1995/10/24 | ハンプトン高校,https://www.rugby-japan.jp/news/7880
2015年度,中嶋 大希 | 流通経済大学 | 2年 | 175 | 65 | 1996/3/25 | 深谷高校,https://www.rugby-japan.jp/news/7880
2015年度,米村 龍二 | 筑波大学 | 2年 | 174 | 65 | 1995/6/6 | 東海大学付属仰星高校,https://www.rugby-japan.jp/news/7880
2015年度,SO | 金井 大雪 | 法政大学 | 1年 | 177 | 78 | 1997/1/29 | 深谷高校,https://www.rugby-japan.jp/news/7880
2015年度,野口 竜司 | 東海大学 | 2年 | 178 | 72 | 1995/7/15 | 東海大学付属仰星高校,https://www.rugby-japan.jp/news/7880
2015年度,CTB | 岡田 優輝 | 帝京大学 | 2年 | 180 | 76 | 1995/7/13 | 大阪桐蔭高校,https://www.rugby-japan.jp/news/7880
2015年度,梶村 祐介 | 明治大学 | 2年 | 180 | 95 | 1995/9/13 | 報徳学園高校,https://www.rugby-japan.jp/news/7880
2015年度,笠原 開盛 | 中央大学 | 2年 | 179 | 83 | 1995/10/2 | 桐蔭学園高校,https://www.rugby-japan.jp/news/7880
2015年度,アタアタ・モエアキオラ | 東海大学 | 1年 | 186 | 99 | 1996/2/6 | 目黒学院高校,https://www.rugby-japan.jp/news/7880
2015年度,WTB | 井関 信介 | 天理大学 | 2年 | 179 | 75 | 1995/4/24 | 天理高校,https://www.rugby-japan.jp/news/7880
2015年度,東川 寛史 | 法政大学 | 2年 | 174 | 83 | 1995/6/9 | 東福岡高校,https://www.rugby-japan.jp/news/7880
2015年度,桑山 聖生 | 早稲田大学 | 1年 | 184 | 90 | 1996/6/6 | 鹿児島実業高校,https://www.rugby-japan.jp/news/7880
2015年度,FB | 尾崎 晟也(＊) | 帝京大学 | 2年 | 174 | 81 | 1995/7/11 | 伏見工業高校,https://www.rugby-japan.jp/news/7880
2015年度,尾崎 達洋(＊) | 法政大学 | 2年 | 183 | 81 | 1995/8/13 | 桐蔭学園高校,https://www.rugby-japan.jp/news/7880
2015年度,PR1 | 久原 綾眞 | 明治大学 | 2年 | 175 | 115 | 1995/4/27 | 佐賀工業高校 | 三浦 昌悟 | 東海大学 | 2年 | 180 | 98 | 1995/6/8 | 秋田工業高校 | HO | 朴 成浩 | 明治大学 | 2年 | 175 | 98 | 1995/11/10 | 大阪朝鮮高校 | 堀越 康介 | 帝京大学 | 2年 | 174 | 95 | 1995/6/2 | 桐蔭学園高校 | 祝原 涼介 | 明治大学 | 1年 | 184 | 110 | 1996/10/6 | 桐蔭学園高校 | PR3 | 垣本 竜哉 | 帝京大学 | 2年 | 177 | 114 | 1995/4/18 | 大阪桐蔭高校 | 藤野 佑磨 | 立命館大学 | 2年 | 179 | 107 | 1995/7/29 | 報徳学園高校 | LO4 | 斉田 倫輝 | 法政大学 | 2年 | 190 | 81 | 1996/1/25 | 仙台工業高校 | 孫 昇己 | 日本大学 | 2年 | 193 | 93 | 1995/5/10 | 大阪朝鮮高校 | ファウルア・マキシ | 天理大学 | 1年 | 185 | 100 | 1997/1/20 | 日本航空高校石川 | LO5 | 古川 満 | 明治大学 | 2年 | 186 | 98 | 1995/7/9 | 桐蔭学園高校 | FL6 | 加藤 広人 | 早稲田大学 | 2年 | 186 | 82 | 1995/9/30 | 秋田工業高校 | 佐々木 凜平 | 日本大学 | 2年 | 182 | 87 | 1995/12/26 | 秋田工業高校 | FL7 | 占部 航典 | 筑波大学 | 2年 | 178 | 79 | 1995/7/7 | 東福岡高校 | NO.8 | 前田 剛 | 明治大学 | 2年 | 180 | 87 | 1996/1/19 | 報徳学園高校 | テビタ・タタフ | 東海大学 | 1年 | 183 | 107 | 1996/1/2 | 目黒学院高校,https://www.rugby-japan.jp/news/7880
2015年度,PR1 | 久原 綾眞 | 明治大学 | 2年 | 175 | 115 | 1995/4/27 | 佐賀工業高校,https://www.rugby-japan.jp/news/7880
2015年度,三浦 昌悟 | 東海大学 | 2年 | 180 | 98 | 1995/6/8 | 秋田工業高校,https://www.rugby-japan.jp/news/7880
2015年度,HO | 朴 成浩 | 明治大学 | 2年 | 175 | 98 | 1995/11/10 | 大阪朝鮮高校,https://www.rugby-japan.jp/news/7880
2015年度,堀越 康介 | 帝京大学 | 2年 | 174 | 95 | 1995/6/2 | 桐蔭学園高校,https://www.rugby-japan.jp/news/7880
2015年度,祝原 涼介 | 明治大学 | 1年 | 184 | 110 | 1996/10/6 | 桐蔭学園高校,https://www.rugby-japan.jp/news/7880
2015年度,PR3 | 垣本 竜哉 | 帝京大学 | 2年 | 177 | 114 | 1995/4/18 | 大阪桐蔭高校,https://www.rugby-japan.jp/news/7880
2015年度,藤野 佑磨 | 立命館大学 | 2年 | 179 | 107 | 1995/7/29 | 報徳学園高校,https://www.rugby-japan.jp/news/7880
2015年度,LO4 | 斉田 倫輝 | 法政大学 | 2年 | 190 | 81 | 1996/1/25 | 仙台工業高校,https://www.rugby-japan.jp/news/7880
2015年度,孫 昇己 | 日本大学 | 2年 | 193 | 93 | 1995/5/10 | 大阪朝鮮高校,https://www.rugby-japan.jp/news/7880
2015年度,ファウルア・マキシ | 天理大学 | 1年 | 185 | 100 | 1997/1/20 | 日本航空高校石川,https://www.rugby-japan.jp/news/7880
2015年度,LO5 | 古川 満 | 明治大学 | 2年 | 186 | 98 | 1995/7/9 | 桐蔭学園高校,https://www.rugby-japan.jp/news/7880
2015年度,FL6 | 加藤 広人 | 早稲田大学 | 2年 | 186 | 82 | 1995/9/30 | 秋田工業高校,https://www.rugby-japan.jp/news/7880
2015年度,佐々木 凜平 | 日本大学 | 2年 | 182 | 87 | 1995/12/26 | 秋田工業高校,https://www.rugby-japan.jp/news/7880
2015年度,FL7 | 占部 航典 | 筑波大学 | 2年 | 178 | 79 | 1995/7/7 | 東福岡高校,https://www.rugby-japan.jp/news/7880
2015年度,NO.8 | 前田 剛 | 明治大学 | 2年 | 180 | 87 | 1996/1/19 | 報徳学園高校,https://www.rugby-japan.jp/news/7880
2015年度,テビタ・タタフ | 東海大学 | 1年 | 183 | 107 | 1996/1/2 | 目黒学院高校,https://www.rugby-japan.jp/news/7880
2016年度,秋山 大地Daichi AKIYAMA | 帝京大学Teikyo Univ. | 2年 | 191 | 100 | 1996/11/14 | つるぎ高校Tsurugi HS,https://www.rugby-japan.jp/news/22015
2016年度,井上 遼Ryo INOUE | 明治大学Meiji Univ. | 2年 | 181 | 90 | 1997/3/18 | 報徳学園高校Hotoku Gakuen HS,https://www.rugby-japan.jp/news/22015
2016年度,祝原 涼介Ryosuke IWAIHARA | 明治大学Meiji Univ. | 2年 | 184 | 110 | 1996/10/6 | 桐蔭学園高校Toin Gakuen HS,https://www.rugby-japan.jp/news/22015
2016年度,金子 惠一Keiichi KANEKO | 中央大学Chuo Univ. | 2年 | 177 | 97 | 1996/8/19 | 東福岡高校Higashi Fukuoka HS,https://www.rugby-japan.jp/news/22015
2016年度,齊藤 剣Ken SAITO | 明治大学Meiji Univ. | 2年 | 177 | 120 | 1996/8/23 | 能代工業高校Noshiro Technical HS,https://www.rugby-japan.jp/news/22015
2016年度,申 賢志Hyonji SHIN | 帝京大学Teikyo Univ. | 2年 | 175 | 92 | 1996/8/17 | 大阪朝鮮高級学校Osaka Korean HS,https://www.rugby-japan.jp/news/22015
2016年度,竹内 嘉章Yoshiaki TAKEUCHI | 近畿大学Kinki Univ. | 2年 | 171 | 88 | 1996/9/24 | 東福岡高校Higashi Fukuoka HS,https://www.rugby-japan.jp/news/22015
2016年度,田代 頌介Shosuke TASHIRO | 明治大学Meiji Univ. | 2年 | 178 | 110 | 1996/9/14 | 秋田工業高校Akita Technical HS,https://www.rugby-japan.jp/news/22015
2016年度,テビタ・タタフ ※Tevita TATAFU | 東海大学Tokai Univ. | 2年 | 183 | 110 | 1996/1/2 | 目黒学院高校Meguro Gakuin HS,https://www.rugby-japan.jp/news/22015
2016年度,土山 勇樹Yuki TSUCHIYAMA | 法政大学Hosei Univ. | 2年 | 180 | 109 | 1996/4/4 | 東福岡高校Higashi Fukuoka HS,https://www.rugby-japan.jp/news/22015
2016年度,當眞 琢Taku TOMA | 帝京大学Teikyo Univ. | 2年 | 181 | 118 | 1996/9/21 | コザ高校Koza HS,https://www.rugby-japan.jp/news/22015
2016年度,藤田 達成Tatsunari FUJITA | 帝京大学Teikyo Univ. | 2年 | 191 | 90 | 1996/12/2 | 東福岡高校Higashi Fukuoka HS,https://www.rugby-japan.jp/news/22015
2016年度,古川 聖人 ◎ ※Masato FURUKAWA | 立命館大学Ritsumeikan Univ. | 2年 | 178 | 81 | 1996/12/6 | 東福岡高校Higashi Fukuoka HS,https://www.rugby-japan.jp/news/22015
2016年度,堀部 直壮Naoaki HORIBE | 同志社大学Doshisha Univ. | 1年 | 190 | 86 | 1997/4/17 | 筑紫高校Chikushi HS,https://www.rugby-japan.jp/news/22015
2016年度,ファウルア・マキシ ※Faulua MAKISI | 天理大学Tenri Univ. | 2年 | 185 | 100 | 1997/1/20 | 日本航空高校石川Japan Aviation HS Ishikawa,https://www.rugby-japan.jp/news/22015
2016年度,眞野 泰地Taichi MANO | 東海大学Tokai Univ. | 1年 | 171 | 83 | 1997/6/1 | 東海大付属仰星高校Tokai Univ. Gyosei HS,https://www.rugby-japan.jp/news/22015
2016年度,金井 大雪Taisetsu KANAI | 法政大学Hosei Univ. | 2年 | 177 | 82 | 1997/1/29 | 深谷高校Fukaya HS,https://www.rugby-japan.jp/news/22015
2016年度,齋藤 直人Naoto SAITO | 早稲田大学Waseda Univ. | 1年 | 165 | 65 | 1997/8/26 | 桐蔭学園高校Toin Gakuen HS,https://www.rugby-japan.jp/news/22015
2016年度,高野 蓮Ren TAKANO | 同志社大学Doshisha Univ. | 2年 | 175 | 78 | 1996/7/19 | 東福岡高校Higashi Fukuoka HS,https://www.rugby-japan.jp/news/22015
2016年度,中嶋 大希 ※Daiki NAKAJIMA | 流通経済大学Ryutsu Keizai Univ. | 3年 | 175 | 65 | 1996/3/25 | 深谷高校Fukaya HS,https://www.rugby-japan.jp/news/22015
2016年度,永富 晨太郎Shintaro NAGATOMI | 同志社大学Doshisha Univ. | 2年 | 180 | 88 | 1996/4/4 | 東福岡高校Higashi Fukuoka HS,https://www.rugby-japan.jp/news/22015
2016年度,前田 土芽 ※Doga MAEDA | 筑波大学Tsukuba Univ. | 2年 | 179 | 87 | 1996/11/30 | 海星高校Kaisei HS,https://www.rugby-japan.jp/news/22015
2016年度,松尾 将太郎Shotaro MATSUO | 明治大学Meiji Univ. | 2年 | 170 | 80 | 1996/10/19 | 東福岡高校Higashi Fukuoka HS,https://www.rugby-japan.jp/news/22015
2016年度,アタアタ・モエアキオラ ※Ataata MOEAKIOLA | 東海大学Tokai Univ. | 2年 | 185 | 105 | 1996/2/6 | 目黒学院高校Meguro Gakuin HS,https://www.rugby-japan.jp/news/22015
2016年度,安田 卓平 ※Takuhei YASUDA | 同志社大学Doshisha Univ. | 2年 | 176 | 75 | 1996/5/20 | 同志社高校Doshisha HS,https://www.rugby-japan.jp/news/22015
2016年度,山田 大生Hiroki YAMADA | 宗像サニックスブルースMUNAKATA SANIX BLUES | - | 172 | 84 | 1996/5/17 | 東海大付属第五高校Tokai Univ. 5thHS,https://www.rugby-japan.jp/news/22015
2016年度,山村 知也Tomoya YAMAMURA | 明治大学Meiji Univ. | 1年 | 173 | 72 | 1997/12/2 | 報徳学園高校Hotoku Gakuen HS,https://www.rugby-japan.jp/news/22015
2016年度,渡邊 弐貴Soki WATANABE | 明治大学Meiji Univ. | 2年 | 175 | 84 | 1997/1/14 | 國學院栃木高校Kokugakuin Univ. Tochigi HS,https://www.rugby-japan.jp/news/22015
2017年度,PR1 | 有藤 孔次朗Kojiro ARITO | 中央大学Chuo Univ. | 2年 | 173 | 102 | 1998/3/24 | 山梨県立日川高校Hikawa HS,https://www.rugby-japan.jp/news/38082
2017年度,安 昌豪Chang Ho AHN | 明治大学Meiji Univ. | 2年 | 177 | 108 | 1997/11/20 | 大阪朝鮮高級学校Osaka Korean HS,https://www.rugby-japan.jp/news/38082
2017年度,鎌田 慎平Shinpei KAMATA | 筑波大学Univ. of Tsukuba | 2年 | 180 | 103 | 1997/9/7 | 東福岡高校Higashi Fukuoka HS,https://www.rugby-japan.jp/news/38082
2017年度,HO2 | 新井 望友Miyu ARAI | 東海大学Tokai Univ. | 2年 | 173 | 87 | 1998/2/15 | 埼玉県立深谷高校Fukaya HS,https://www.rugby-japan.jp/news/38082
2017年度,武井 日向Hinata TAKEI | 明治大学Meiji Univ. | 2年 | 170 | 96 | 1997/6/17 | 國學院大學栃木高校Kokugakuin Univ. Tochigi HS,https://www.rugby-japan.jp/news/38082
2017年度,PR3 | 中野 幹Kan NAKANO | 東海大学Tokai Univ. | 2年 | 178 | 106 | 1997/9/29 | 東海大学付属仰星高校Tokai Univ. Gyosei HS,https://www.rugby-japan.jp/news/38082
2017年度,藤井 大喜Taiki FUJII | 大東文化大学Daito Bunka Univ. | 2年 | 184 | 122 | 1998/1/4 | 岩手県立黒沢尻工業高校Kurosawajiri Technical HS,https://www.rugby-japan.jp/news/38082
2017年度,LO4 | 伊藤 鐘平Shohei ITO | 京都産業大学Kyoto Sangyo Univ. | 2年 | 188 | 93 | 1997/5/1 | 札幌山の手高校Sapporo Yamanote HS,https://www.rugby-japan.jp/news/38082
2017年度,堀部 直壮※Naoaki HORIBE | 同志社大学Doshisha Univ. | 2年 | 190 | 88 | 1997/4/17 | 福岡県立筑紫高校Chikushi HS,https://www.rugby-japan.jp/news/38082
2017年度,LO5 | 杉原 立樹Riki SUGIHARA | 関西学院大学Kwansei Univ. | 2年 | 183 | 104 | 1997/11/9 | 尾道高校Onomichi HS,https://www.rugby-japan.jp/news/38082
2017年度,箸本 龍雅Ryuga HASHIMOTO | 明治大学Meiji Univ. | 1年 | 188 | 109 | 1998/11/23 | 東福岡高校Higashi Fukuoka HS,https://www.rugby-japan.jp/news/38082
2017年度,FL6 | ファウルア・マキシ※Faulua MAKISI | 天理大学Tenri Univ. | 3年 | 185 | 107 | 1997/1/20 | 日本航空高校石川Japan Aviation HS Ishikawa,https://www.rugby-japan.jp/news/38082
2017年度,FL7 | 粥塚 諒Ryo KAYUTSUKA | 流通経済大学Ryutsu Keizai Univ. | 2年 | 185 | 91 | 1997/7/30 | 流通経済大学付属柏高校Ryutsu Keizai Univ. Kashiwa HS,https://www.rugby-japan.jp/news/38082
2017年度,佐々木 剛Takeshi SASAKI | 大東文化大学Daito Bunka Univ. | 2年 | 180 | 89 | 1997/4/17 | 青森県立八戸西高校Hachinohe Nishi HS,https://www.rugby-japan.jp/news/38082
2017年度,NO8 | 土谷 深浩Shinko TSUCHIYA | 筑波大学Univ. of Tsukuba | 2年 | 186 | 94 | 1998/3/19 | 福岡県立福岡高校Fukuoka HS,https://www.rugby-japan.jp/news/38082
2017年度,フェインガ・ファカイFeinga FAKAI | 京都産業大学Kyoto Sangyo Univ. | 2年 | 180 | 105 | 1997/7/6 | 日本航空高校石川Japan Aviation HS Ishikawa,https://www.rugby-japan.jp/news/38082
2017年度,SH | 齋藤 直人※Naoto SAITO | 早稲田大学Waseda Univ. | 2年 | 165 | 74 | 1997/8/26 | 桐蔭学園高校Toin Gakuen HS,https://www.rugby-japan.jp/news/38082
2017年度,末 拓実Takumi SUE | 帝京大学Teikyo Univ. | 2年 | 164 | 68 | 1998/3/8 | 長崎北陽台高校Nagasaki Hokuyodai HS,https://www.rugby-japan.jp/news/38082
2017年度,SO | 岸岡 智樹Tomoki KISHIOKA | 早稲田大学Waseda Univ. | 2年 | 173 | 84 | 1997/9/22 | 東海大学付属仰星高校Tokai Univ. Gyosei HS,https://www.rugby-japan.jp/news/38082
2017年度,眞野 泰地◎※Taichi MANO | 東海大学Tokai Univ. | 2年 | 171 | 83 | 1997/6/1 | 東海大学付属仰星高校Tokai Univ. Gyosei HS,https://www.rugby-japan.jp/news/38082
2017年度,WTB11 | 古賀 由教Yoshiyuki KOGA | 早稲田大学Waseda Univ | 1年 | 176 | 80 | 1998/8/28 | 東福岡高校Higashi Fukuoka HS,https://www.rugby-japan.jp/news/38082
2017年度,福井 翔大Shota FUKUI | 東福岡高校Higashi Fukuoka HS | 3年 | 185 | 90 | 1999/9/28 | －,https://www.rugby-japan.jp/news/38082
2017年度,CTB12 | 本郷 泰司Taiji HONGO | 帝京大学Teikyo Univ. | 2年 | 180 | 89 | 1997/9/15 | 京都成章高校Kyoto Seisho HS,https://www.rugby-japan.jp/news/38082
2017年度,山菅 一史Kazufumi YAMASUGA | 東海大学Tokai Univ. | 2年 | 164 | 80 | 1997/12/3 | 東京高校Tokyo HS,https://www.rugby-japan.jp/news/38082
2017年度,CTB13 | 山本 悠大Yudai YAMAMOTO | 関西学院大学Kwansei Univ. | 2年 | 176 | 86 | 1997/5/26 | 東海大学付属仰星高校Tokai Univ. Gyosei HS,https://www.rugby-japan.jp/news/38082
2017年度,WTB14 | 中 孝祐Kosuke NAKA | 関西学院大学Kwansei Univ. | 2年 | 177 | 81 | 1997/5/6 | 東海大学付属仰星高校Tokai Univ. Gyosei HS,https://www.rugby-japan.jp/news/38082
2017年度,松岡 祐斗Yuto MATSUOKA | 筑波大学Univ. of Tsukuba | 2年 | 183 | 86 | 1998/2/22 | 愛知県立明和高校Meiwa HS,https://www.rugby-japan.jp/news/38082
2017年度,FB | 山沢 京平Kyohei YAMASAWA | 明治大学Meiji Univ. | 1年 | 176 | 75 | 1998/8/17 | 埼玉県立深谷高校Fukaya HS,https://www.rugby-japan.jp/news/38082
2018年度,石田 楽人Gakuto ISHIDA | 専修大学Senshu Univ. | 181 | 111 | 1998/1/9 | 桐蔭学園高校Toin Gakuen HS,https://www.rugby-japan.jp/news/48320
2018年度,谷口 祐一郎Yuichiro TANIGUCHI | 天理大学Tenri Univ. | 178 | 106 | 1998/6/4 | 東海大学付属仰星高校Tokai Univ. Gyosei HS,https://www.rugby-japan.jp/news/48320
2018年度,百地 龍之介Ryunosuke MOMOJI | 立命館大学Ritsumeikan Univ. | 177 | 103 | 1999/9/3 | 東海大学付属仰星高校Tokai Univ. Gyosei HS,https://www.rugby-japan.jp/news/48320
2018年度,山田 裕介Yusuke YAMADA | 豊田自動織機シャトルズTOYOTA INDUSTRIES CORPORATION Shuttles | 177 | 98 | 1998/3/11 | 奈良県立御所実業高校Gose Industrial HS,https://www.rugby-japan.jp/news/48320
2018年度,新井 望友Miyu ARAI | 東海大学Tokai Univ. | 173 | 87 | 1998/2/15 | 埼玉県立深谷高校Fukaya HS,https://www.rugby-japan.jp/news/48320
2018年度,大山 祥平Shohei OHYAMA | 慶應義塾大学Keio Univ. | 185 | 106 | 1998/11/15 | 慶應義塾高校Keio HS,https://www.rugby-japan.jp/news/48320
2018年度,津嘉山 廉人Rento TSUKAYAMA | 流通経済大学Ryutsu Keizai Univ. | 185 | 104 | 1998/9/7 | 流通経済大学付属柏高校Ryutsu Keizai Univ. Kashiwa HS,https://www.rugby-japan.jp/news/48320
2018年度,久保 克斗Katsuto KUBO | 帝京大学Teikyo Univ. | 191 | 99 | 1998/11/7 | 國學院大學栃木高校Kokugakuin Univ. Tochigi HS,https://www.rugby-japan.jp/news/48320
2018年度,箸本 龍雅Ryuga HASHIMOTO | 明治大学Meiji Univ. | 188 | 110 | 1998/11/23 | 東福岡高校Higashi Fukuoka HS,https://www.rugby-japan.jp/news/48320
2018年度,アシペリ・モアラAsipeli MOALA | 天理大学Tenri Univ. | 185 | 110 | 1998/6/28 | 日本航空高校石川Japan Aviation HS Ishikawa,https://www.rugby-japan.jp/news/48320
2018年度,相部 開哉Kaito AIBE | 慶應義塾大学Keio Univ. | 182 | 89 | 1999/3/29 | 慶應義塾高校Keio HS,https://www.rugby-japan.jp/news/48320
2018年度,福井 翔大Shota FUKUI | パナソニック ワイルドナイツPANASONIC Wild Knights | 184 | 91 | 1999/9/28 | 東福岡高校Higashi Fukuoka HS,https://www.rugby-japan.jp/news/48320
2018年度,山本 凱Kai YAMAMOTO | 慶應義塾大学Keio Univ. | 176 | 92 | 2000/3/17 | 慶應義塾高校Keio HS,https://www.rugby-japan.jp/news/48320
2018年度,岡山 仙治Hisanobu OKAYAMA | 天理大学Tenri Univ. | 167 | 88 | 1998/2/5 | 石見智翠館高校Iwamichisuikan HS,https://www.rugby-japan.jp/news/48320
2018年度,下川 甲嗣Kanji SHIMOKAWA | 早稲田大学Waseda Univ. | 187 | 100 | 1999/1/17 | 福岡県立修猷館高校Shuyukan HS,https://www.rugby-japan.jp/news/48320
2018年度,藤原 忍Shinobu FUJIWARA | 天理大学Tenri Univ. | 170 | 70 | 1999/2/8 | 日本航空高校石川Japan Aviation HS Ishikawa,https://www.rugby-japan.jp/news/48320
2018年度,本堂 杏虎Atora HONDO | 日本体育大学Nippon Sport Science Univ. | 170 | 82 | 1998/11/9 | 國學院大學栃木高校Kokugakuin Univ. Tochigi HS,https://www.rugby-japan.jp/news/48320
2018年度,"侭田 洋翔Hiroto MAMADA | 中央大学Chuo Univ. | 175 | 76 | 1998/10/29 | 東京農業大学第二高校The Second HS, Tokyo Univ. of Agriculture",https://www.rugby-japan.jp/news/48320
2018年度,根塚 洸雅Koga NEZUKA | 法政大学Hosei Univ. | 173 | 80 | 1998/9/15 | 東海大学付属仰星高校Tokai Univ. Gyosei HS,https://www.rugby-japan.jp/news/48320
2018年度,ハラトア・ヴァイレアHalatoa VAILEA | 日本体育大学Nippon Sport Science Univ. | 182 | 95 | 1999/2/14 | 日本体育大学付属柏高校Nippon Sport Science Univ. Kashiwa HS,https://www.rugby-japan.jp/news/48320
2018年度,児玉 樹Itsuki KODAMA | 明治大学Meiji Univ. | 192 | 101 | 1999/8/4 | 秋田県立秋田工業高校Akita Technical HS,https://www.rugby-japan.jp/news/48320
2018年度,森 勇登Yuto MORI | 明治大学Meiji Univ. | 174 | 82 | 1998/11/14 | 東福岡高校Higashi Fukuoka HS,https://www.rugby-japan.jp/news/48320
2018年度,シオサイア・フィフィタSiosaia FIFITA | 天理大学Tenri Univ. | 187 | 110 | 1998/12/20 | 日本航空高校石川Japan Aviation HS Ishikawa,https://www.rugby-japan.jp/news/48320
2018年度,シオエリ・ヴァカラヒSioeli VAKALAHI | 福岡工業大学Fukuoka Institute of Technology | 179 | 101 | 1998/5/15 | 目黒学院高校Meguro Gakuin HS,https://www.rugby-japan.jp/news/48320
2018年度,ニコラス・ホフアNicholas HOHUA | 京都産業大学Kyoto Sangyo Univ. | 177 | 75 | 1998/12/2 | 札幌山の手高校Sapporo Yamanote HS,https://www.rugby-japan.jp/news/48320
2018年度,古賀 由教Yoshiyuki KOGA | 早稲田大学Waseda Univ. | 176 | 81 | 1998/8/28 | 東福岡高校Higashi Fukuoka HS,https://www.rugby-japan.jp/news/48320
2018年度,猿田 湧Yu SARUTA | 明治大学Meiji Univ. | 184 | 84 | 1998/6/4 | 秋田県立秋田工業高校Akita Prefectural HS,https://www.rugby-japan.jp/news/48320
2018年度,山沢 京平Kyohei YAMASAWA | 明治大学Meiji Univ. | 177 | 79 | 1998/8/17 | 埼玉県立深谷高校Fukaya HS,https://www.rugby-japan.jp/news/48320
2019年度,PR1 | 紙森 陽太Yota KAMIMORI | 近畿大学Kindai Univ. | 172 | 105 | 1999/4/26 | 大阪桐蔭高校Osaka Toin HS,https://www.rugby-japan.jp/news/49857
2019年度,PR1 | 田嶋 グンGun TAJIMA | 釜石シーウェイブスＲＦＣKamaishi Sea Waves RFC | 178 | 101 | 1999/8/19 | 青森県立三本木農業高校Sanbongi Agricultural HS,https://www.rugby-japan.jp/news/49857
2019年度,PR1 | 百地 龍之介Ryunosuke MOMOJI | 立命館大学Ritsumeikan Univ. | 177 | 103 | 1999/9/3 | 東海大学付属仰星高校Tokai Univ. Gyosei HS,https://www.rugby-japan.jp/news/49857
2019年度,HO | 岡 輝剛Terutaka OKA | 関東学院大学Kanto Gakuin Univ. | 181 | 105 | 1999/2/28 | 佐賀県立佐賀工業高校Saga Technical HS,https://www.rugby-japan.jp/news/49857
2019年度,HO | 田森 海音Kaito TAMORI | 明治大学Meiji Univ. | 180 | 100 | 1999/6/4 | 長崎北陽台高校Nagasaki Hokuyodai HS,https://www.rugby-japan.jp/news/49857
2019年度,HO | 原田 衛Mamoru HARADA | 慶應義塾大学Keio Univ. | 175 | 101 | 1999/4/15 | 桐蔭学園高校Toin Gakuen HS,https://www.rugby-japan.jp/news/49857
2019年度,PR3 | 小林 賢太Kenta KOBAYASHI | 早稲田大学Waseda Univ. | 180 | 110 | 1999/6/2 | 東福岡高校Higashi Fukuoka HS,https://www.rugby-japan.jp/news/49857
2019年度,PR3 | 前田 翔Sho MAEDA | 東海大学Tokai Univ. | 180 | 110 | 1999/4/30 | 東海大学付属仰星高校Tokai Univ. Gyosei HS,https://www.rugby-japan.jp/news/49857
2019年度,LO | 小池 隆成Ryusei KOIKE | 東海大学Tokai Univ. | 187 | 107 | 1999/11/18 | 東京高校Tokyo HS,https://www.rugby-japan.jp/news/49857
2019年度,LO | 篠原 孝太Kota SHINOHARA | 慶應義塾大学Keio Univ. | 181 | 91 | 1999/6/14 | 慶應義塾高校Keio HS,https://www.rugby-japan.jp/news/49857
2019年度,LO | 武内 慎Shin TAKEUCHI | 明治大学Meiji Univ. | 190 | 98 | 2000/8/7 | 石見智翠館高校Iwamichisuikan HS,https://www.rugby-japan.jp/news/49857
2019年度,LO | 山本 秀Shu YAMAMOTO | 近畿大学Kindai Univ. | 190 | 90 | 1999/6/1 | 京都成章高校Kyoto Seisho HS,https://www.rugby-japan.jp/news/49857
2019年度,FL | 山本 凱Kai YAMAMOTO | 慶應義塾大学Keio Univ. | 176 | 92 | 2000/3/17 | 慶應義塾高校Keio HS,https://www.rugby-japan.jp/news/49857
2019年度,NO8 | 福井 翔大◎Shota FUKUI | パナソニック ワイルドナイツPANASONIC Wild Knights | 184 | 91 | 1999/9/28 | 東福岡高校Higashi Fukuoka HS,https://www.rugby-japan.jp/news/49857
2019年度,NO8 | 福西 隼杜Hayato FUKUNISHI | 京都産業大学Kyoto Sangyo Univ. | 177 | 98 | 2000/5/17 | 報徳学園高校Hotoku Gakuen HS,https://www.rugby-japan.jp/news/49857
2019年度,NO8 | 丸尾 崇真Takamasa MARUO | 早稲田大学Waseda Univ. | 182 | 98 | 1999/1/8 | 早稲田大学系属早稲田実業高校Waseda Jitsugyo HS,https://www.rugby-japan.jp/news/49857
2019年度,SH | 田村 魁世Kaisei TAMURA | 同志社大学Doshisha Univ. | 170 | 77 | 1999/12/15 | 桐蔭学園高校Toin Gakuen HS,https://www.rugby-japan.jp/news/49857
2019年度,SH | 前田 翔哉Shoya MAEDA | 帝京大学Teikyo Univ. | 165 | 62 | 2001/3/27 | 常翔学園高校Josho Gakuen HS,https://www.rugby-japan.jp/news/49857
2019年度,SO | 丸山 凜太朗Rintaro MARUYAMA | 東海大学Tokai Univ. | 173 | 81 | 1999/12/17 | 東福岡高校Higashi Fukuoka HS,https://www.rugby-japan.jp/news/49857
2019年度,SO/ CTB | 福山 竜斗Ryuto FUKUYAMA | 近畿大学Kindai Univ. | 168 | 87 | 1999/10/6 | 天理高校Tenri HS,https://www.rugby-japan.jp/news/49857
2019年度,CTB | 長田 智希Tomoki OSADA | 早稲田大学Waseda Univ. | 180 | 82 | 1999/11/25 | 東海大学付属仰星高校Tokai Univ. Gyosei HS,https://www.rugby-japan.jp/news/49857
2019年度,CTB | 日下 太平Taihei KUSAKA | 神戸製鋼コベルコスティーラーズKOBE STEEL Kobelco Steelers | 181 | 88 | 1999/11/8 | クライストチャーチボーイズ高校Christchurch Boys HS,https://www.rugby-japan.jp/news/49857
2019年度,CTB | 和田 悠一郎Yuichirou WADA | 同志社大学Doshisha Univ. | 176 | 78 | 1999/8/30 | 東海大学付属仰星高校Tokai Univ. Gyosei HS,https://www.rugby-japan.jp/news/49857
2019年度,WTB | ハラトア・ヴァイレアHalatoa VAILEA | 日本体育大学Nippon Sport Science Univ. | 182 | 95 | 1999/2/14 | 日本体育大学付属柏高校Nippon Sport Science Univ. Kashiwa HS,https://www.rugby-japan.jp/news/49857
2019年度,WTB | 木田 晴斗Haruto KIDA | 立命館大学Ritsumeikan Univ. | 175 | 84 | 1999/4/9 | 関西大倉高校Kansai Ohkura HS,https://www.rugby-japan.jp/news/49857
2019年度,WTB | 福士 萌起Moeki FUKUSHI | 関東学院大学Kanto Gakuin Univ. | 185 | 100 | 1999/3/11 | 佐賀県立佐賀工業高校Saga Technical HS,https://www.rugby-japan.jp/news/49857
2019年度,FB | 稲吉 渓太Keita INAYOSHI | 同志社大学Doshisha Univ. | 174 | 85 | 1999/8/31 | 東福岡高校Higashi Fukuoka HS,https://www.rugby-japan.jp/news/49857
2019年度,FB | 河瀬 諒介Ryosuke KAWASE | 早稲田大学Waseda Univ. | 184 | 81 | 1999/7/21 | 東海大学付属仰星高校Tokai Univ. Gyosei HS,https://www.rugby-japan.jp/news/49857
2023年度,PR | 池田 蒼威 | Aoi IKEDA | 関西学院大学 | 183 | 113 | 2003/6/3,https://www.rugby-japan.jp/news/51888
2023年度,1 | PR | 西野 帆平 | Hampei NISHINO | 明治大学 | 176 | 102 | 2003/5/22,https://www.rugby-japan.jp/news/51888
2023年度,2 | PR | 弓部 智希 | Tomoki YUMBE | 近畿大学 | 173 | 100 | 2003/7/4,https://www.rugby-japan.jp/news/51888
2023年度,3 | HO | 長島 幸汰 | Kouta NAGASHIMA | 同志社大学 | 175 | 102 | 2003/11/2,https://www.rugby-japan.jp/news/51888
2023年度,4 | HO | 大本 峻士 | Takashi OMOTO | 立命館大学 | 173 | 100 | 2003/4/25,https://www.rugby-japan.jp/news/51888
2023年度,5 | PR | 島本 京 | Kei SHIMAMOTO | 近畿大学 | 180 | 117 | 2003/11/1,https://www.rugby-japan.jp/news/51888
2023年度,6 | PR | 原口 慎太郎 | Shintaro HARAGUCHI | 東海大学 | 180 | 120 | 2003/9/6,https://www.rugby-japan.jp/news/51888
2023年度,7 | PR | 黄 世邏 | Sena HWANG | 関西学院大学 | 180 | 110 | 2003/2/3,https://www.rugby-japan.jp/news/51888
2023年度,8 | LO | 田島 貫太郎 | Kantaro TAJIMA | 明治大学 | 195 | 98 | 2003/2/26,https://www.rugby-japan.jp/news/51888
2023年度,9 | LO | 能勢 涼太郎 | Ryotaro NOSE | 近畿大学 | 197 | 104 | 2003/7/28,https://www.rugby-japan.jp/news/51888
2023年度,10 | LO | 佐々木 柚樹 | Yuzuki SASAKI | 大東文化大学 | 188 | 106 | 2003/2/19,https://www.rugby-japan.jp/news/51888
2023年度,11 | LO | 高橋 拓光 | Takumi TAKAHASHI | 朝日大学 | 190 | 110 | 2003/3/12,https://www.rugby-japan.jp/news/51888
2023年度,12 | NO.8 | 林 慶音 | Keito HAYASHI | 同志社大学 | 180 | 98 | 2003/6/5,https://www.rugby-japan.jp/news/51888
2023年度,13 | NO.8 | 最上 太尊 | Taison MOGAMI | 明治大学 | 183 | 104 | 2003/10/14,https://www.rugby-japan.jp/news/51888
2023年度,14 | NO.8/FL | 小林 典大 | Tenta KOBAYASHI | 関西学院大学 | 185 | 100 | 2003/11/27,https://www.rugby-japan.jp/news/51888
2023年度,15 | FL | 薄田 周希 | Shuki USUDA | 東海大学 | 179 | 94 | 2003/4/10,https://www.rugby-japan.jp/news/51888
2023年度,16 | BR/LO | 楠田 知己 | Tomoki KUSUDA | 明治大学 | 184 | 100 | 2003/6/2,https://www.rugby-japan.jp/news/51888
2023年度,17 | SH | 土永 旭 | Asahi DOEI | 京都産業大学 | 170 | 70 | 2003/1/9,https://www.rugby-japan.jp/news/51888
2023年度,18 | SH | 川久保 瑛斗 | Akito KAWAKUBO | 東海大学 | 160 | 69 | 2003/8/10,https://www.rugby-japan.jp/news/51888
2023年度,19 | SO | 大島 泰真 | Taishin OHSHIMA | 同志社大学 | 170 | 78 | 2003/7/14,https://www.rugby-japan.jp/news/51888
2023年度,20 | SO/CTB/WTB | 大町 佳生 ※ | Yoshiki OMACHI | 帝京大学 | 173 | 82 | 2004/1/23,https://www.rugby-japan.jp/news/51888
2023年度,21 | SO/CTB/WTB | 楢本 幹志朗 | Kanjiro NARAMOTO | 筑波大学 | 177 | 84 | 2004/1/16,https://www.rugby-japan.jp/news/51888
2023年度,22 | CTB | 野中 健吾 | Kengo NONAKA | 早稲田大学 | 181 | 93 | 2003/4/29,https://www.rugby-japan.jp/news/51888
2023年度,23 | CTB | 平 翔太 | Shota TAIRA | 明治大学 | 175 | 87 | 2003/11/18,https://www.rugby-japan.jp/news/51888
2023年度,24 | CTB | 生田 弦己 | Genki IKUTA | 帝京大学 | 170 | 81 | 2003/6/26,https://www.rugby-japan.jp/news/51888
2023年度,25 | WTB | 御池 蓮二 | Renji OIKE | 立命館大学 | 173 | 80 | 2003/12/5,https://www.rugby-japan.jp/news/51888
2023年度,26 | FB/WTB | 武藤 航生 | Kosho MUTO | 関西学院大学 | 174 | 82 | 2004/3/23,https://www.rugby-japan.jp/news/51888
2023年度,27 | FB/WTB | 濱島 遼 | Ryo HAMASHIMA | 筑波大学 | 176 | 71 | 2003/12/13,https://www.rugby-japan.jp/news/51888
2023年度,28 | UTB | 今野 椋平 | Ryohei IMANO | 慶応義塾大学 | 184 | 87 | 2003/11/17,https://www.rugby-japan.jp/news/51888
2024年度,ポジション | 名前 | 所属 | 身長 | 体重 | 生年月日,https://www.rugby-japan.jp/news/52670
2024年度,FL/NO8 | 山口 匠人 ※Takuto TAMAGUCHI | 中央大学Chuo Univ. | 181 | 89 | 2005/11/17,https://www.rugby-japan.jp/news/52670
2024年度,ポジション | 名前 | 所属 | 身長 | 体重 | 生年月日,https://www.rugby-japan.jp/news/52670
2024年度,PR | 森 仁之輔 ※2Jinnosuke MORI | 天理大学Tenri Univ. | 177 | 105 | 2004/1/14,https://www.rugby-japan.jp/news/52670
2024年度,PR | 大塚 壮二郎Sojiro Otsuka | 関西学院大学Kwansei Gakuin Univ. | 178 | 104 | 2004/7/5,https://www.rugby-japan.jp/news/52670
2024年度,HO | 清水 健伸Kenshin SHIMIZU | 早稲田大学Waseda Univ. | 178 | 104 | 2004/12/27,https://www.rugby-japan.jp/news/52670
2024年度,HO | 螻川内 晴也Haruya KERAKAWAUCHI | 帝京大学Teikyo Univ. | 174 | 100 | 2004/9/15,https://www.rugby-japan.jp/news/52670
2024年度,HO | 田中 京也Kyoya TANAKA | 立命館大学Ritsumeikan Univ. | 175 | 95 | 2005/9/14,https://www.rugby-japan.jp/news/52670
2024年度,PR | 山口 匠Takumi YAMAGUCHI | 明治大学Meiji Univ. | 181 | 120 | 2005/3/29,https://www.rugby-japan.jp/news/52670
2024年度,PR | 布引 大翔Towa NUNOBIKI | 帝京大学Teikyo Univ. | 180 | 110 | 2004/11/17,https://www.rugby-japan.jp/news/52670
2024年度,PR | 八田 優太Yuta HATTA | 京都産業大学Kyoto Sangyo Univ. | 185 | 112 | 2004/4/5,https://www.rugby-japan.jp/news/52670
2024年度,LO | 物部 耀大朗Yotaro MONOBE | 明治大学Meiji Univ. | 191 | 116 | 2004/9/28,https://www.rugby-japan.jp/news/52670
2024年度,LO | 磯部 俊太朗 ※2Shuntaro ISOBE | 筑波大学Tsukuba Univ. | 190 | 110 | 2004/7/14,https://www.rugby-japan.jp/news/52670
2024年度,LO | 石橋 チューカChuka ISHIBASHI | 京都産業大学Kyoto Sangyo Univ. | 190 | 95 | 2004/4/10,https://www.rugby-japan.jp/news/52670
2024年度,LO | 舛尾 緑Ryoku MASUO | 立正大学Rissho Univ. | 186 | 117 | 2004/10/19,https://www.rugby-japan.jp/news/52670
2024年度,FL | 亀井 秋穂Shusui KAMEI | 明治大学Meiji Univ. | 191 | 84 | 2004/10/27,https://www.rugby-japan.jp/news/52670
2024年度,FL | 川越 功喜Koki KAWAGOE | 天理大学Tenri Univ. | 180 | 88 | 2004/5/23,https://www.rugby-japan.jp/news/52670
2024年度,FL | 太安 善明 ※2Yoshiaki TAIAN | 天理大学Tenri Univ. | 176 | 92 | 2004/4/2,https://www.rugby-japan.jp/news/52670
2024年度,FL | 大川 虎拓郎Kotaro OKAWA | 明治大学Meiji Univ. | 187 | 102 | 2004/4/24,https://www.rugby-japan.jp/news/52670
2024年度,NO8 | 𠮷川 大智Daichi YOSHIKAWA | 立命館大学Ritsumeikan Univ. | 181 | 98 | 2004/4/13,https://www.rugby-japan.jp/news/52670
2024年度,SH | 髙木 城治Joji TAKAKI | 京都産業大学Kyoto Sangyo Univ. | 164 | 70 | 2004/9/11,https://www.rugby-japan.jp/news/52670
2024年度,SH | 村田 大和Yamato MURATA | 京都産業大学Kyoto Sangyo Univ. | 168 | 69 | 2004/10/15,https://www.rugby-japan.jp/news/52670
2024年度,SO | 伊藤 利江人Rieto ITO | 明治大学Meiji Univ. | 173 | 74 | 2004/7/30,https://www.rugby-japan.jp/news/52670
2024年度,SO | 伊藤 龍之介Ryunosuke ITO | 明治大学Meiji Univ. | 170 | 76 | 2004/11/20,https://www.rugby-japan.jp/news/52670
2024年度,SO | 神 拓実 ※1Takumi KOU | 京都産業大学Kyoto Sangyo Univ. | 179 | 80 | 2005/6/26,https://www.rugby-japan.jp/news/52670
2024年度,CTB | 本橋 尭也Takaya MOTOHASHI | 帝京大学Teikyo Univ. | 182 | 86 | 2004/5/19,https://www.rugby-japan.jp/news/52670
2024年度,CTB | 上田 倭士Yamato UEDA | 帝京大学Teikyo Univ. | 180 | 84 | 2005/3/8,https://www.rugby-japan.jp/news/52670
2024年度,CTB | 白井 瑛人Eito SHIRAI | 明治大学Meiji Univ. | 177 | 82 | 2005/10/22,https://www.rugby-japan.jp/news/52670
2024年度,WTB | 飯岡 建人 ※2Kento IIOKA | 筑波大学Tsukuba Univ. | 183 | 83 | 2004/8/12,https://www.rugby-japan.jp/news/52670
2024年度,WTB | 海老澤 琥珀Kohaku EBISAWA | 明治大学Meiji Univ. | 173 | 79 | 2004/10/27,https://www.rugby-japan.jp/news/52670
2024年度,WTB | 増山 将 ※2Tasuku MASUYAMA | 筑波大学Tsukuba Univ. | 177 | 83 | 2004/4/14,https://www.rugby-japan.jp/news/52670
2024年度,WTB | 宮里 快一 ※1Kaiichi MIYAZATO | 京都産業大学Kyoto Sangyo Univ. | 182 | 85 | 2005/10/11,https://www.rugby-japan.jp/news/52670
2024年度,FB | 竹之下 仁吾Jingo TAKENOSHITA | 明治大学Meiji Univ. | 180 | 83 | 2004/6/11,https://www.rugby-japan.jp/news/52670
2024年度,FB | 吉田 晃己 ※1Koki YOSHIDA | 中央大学Chuo Univ. | 168 | 74 | 2005/5/18,https://www.rugby-japan.jp/news/52670
2025年度,FW | イリナ・バラビナIrina BALABINA | Almaty | 168 | 72 | 2005/7/3,https://www.rugby-japan.jp/news/53263
2025年度,FW | アンナ・チェボタールAnna CHEBOTAR | Almaty | 178 | 85 | 1989/7/3,https://www.rugby-japan.jp/news/53263
2025年度,FW | マリア・グリーシナMariya GRISHINA | Asiasport | 164 | 64 | 1998/12/26,https://www.rugby-japan.jp/news/53263
2025年度,FW | ナタリヤ・カメンドロヴスカヤNatalya KAMENDROVSKAYA | Almaty | 168 | 91 | 1990/4/17,https://www.rugby-japan.jp/news/53263
2025年度,FW | クセニャ・キムXeniya KIM | Asiasport | 161 | 71 | 2000/6/21,https://www.rugby-japan.jp/news/53263
2025年度,FW | ヴィクトリア・クズネツヴァViktoriya KUZNETSOVA | Kostanay | 176 | 67 | 2006/5/10,https://www.rugby-japan.jp/news/53263
2025年度,FW | スヴェトラナ・マレジナSvetlana MALEZHINA | Asiasport | 171 | 68 | 2000/6/21,https://www.rugby-japan.jp/news/53263
2025年度,FW | ユリヤ・アレィニカヴァYuliya OLEINIKOVA | PRK Olymp | 173 | 70 | 2003/7/23,https://www.rugby-japan.jp/news/53263
2025年度,FW | アンジェリカ・ピチュギナAnzhelika PICHUGINA | Asiasport | 168 | 60 | 2003/1/27,https://www.rugby-japan.jp/news/53263
2025年度,FW | カリナ・サゾントヴァKarina SAZONTOVA | Asiasport | 177 | 82 | 2001/7/12,https://www.rugby-japan.jp/news/53263
2025年度,FW | ダリヤ・シマコヴァDarya SIMAKOVA | Asiasport | 183 | 96 | 2001/11/22,https://www.rugby-japan.jp/news/53263
2025年度,FW | ダリヤ・ティカチョヴァDarya TKACHYOVA | Asiasport | 163 | 73 | 1993/9/8,https://www.rugby-japan.jp/news/53263
2025年度,FW | エレナ・ユロヴァYelena YUROVA | Asiasport | 170 | 88 | 1989/11/18,https://www.rugby-japan.jp/news/53263
2025年度,FW | スムバット・ジャマンクロヴァSymbat ZHAMANKULOVA | Almaty | 176 | 78 | 1991/6/16,https://www.rugby-japan.jp/news/53263
2025年度,BK | アヤウルム・バキトペックAyaulym BAKYTPEK | PRK Olymp | 156 | 52 | 2007/6/18,https://www.rugby-japan.jp/news/53263
2025年度,BK | アリョナ・ドロヴァスカヤAlyona DROBOVSKAYA | Asiasport | 153 | 53 | 2003/2/6,https://www.rugby-japan.jp/news/53263
2025年度,BK | リリヤ・キビシェヴァLiliya KIBISHEVA | PRK Olymp | 170 | 60 | 1989/1/30,https://www.rugby-japan.jp/news/53263
2025年度,BK | タチアナ・クルチンキナTatyana KRUCHINKINA | Asiasport | 175 | 64 | 2000/9/22,https://www.rugby-japan.jp/news/53263
2025年度,BK | アンゲリナ・クズネツヴァAngelina KUZNETSOVA | SDUSHOR | 163 | 55 | 2005/6/15,https://www.rugby-japan.jp/news/53263
2025年度,BK | アンナ・メルニコヴァAnna MELNIKOVA | Asiasport | 168 | 68 | 2004/10/8,https://www.rugby-japan.jp/news/53263
2025年度,BK | エカテリナ・サヴィナYekaterina SAVINA | PRK Olymp | 159 | 53 | 2000/11/26,https://www.rugby-japan.jp/news/53263
2025年度,BK | アクサナ・シャドリナOxana SHADRINA | Asiasport | 165 | 63 | 1991/3/23,https://www.rugby-japan.jp/news/53263
2025年度,BK | アミナ・シャリプAmina SHARIP | PRK Olymp | 158 | 60 | 2006/11/13,https://www.rugby-japan.jp/news/53263
2025年度,BK | ヴェロニカ・ステパニュガVeronika STEPANYUGA | Asiasport | 165 | 63 | 1994/11/12,https://www.rugby-japan.jp/news/53263
2025年度,BK | アミナ・トゥレゲノヴァAmina TULEGENOVA | PRK Olymp | 164 | 58 | 2004/8/6,https://www.rugby-japan.jp/news/53263
2025年度,BK | ナタリヤ・ヴラソヴァNatalya VLASSOVA | Asiasport | 159 | 64 | 1996/1/1,https://www.rugby-japan.jp/news/53263
