英語名,選手名,ポジション,所属チーム,身長,体重,生年月日,年齢,高校,大学,出身校・チーム歴(全文),カテゴリ,リーグワンキャップ数,URL,Text_Detail,キャリア遍歴,代表キャップ数,International_Caps,Scraped_Url,Full_Career
Shinichi Tanaka,田中 真一,FL,九州電力キューデンヴォルテクス（2025-26）,186,98,1994.06.08,31,國學院久我山高校,明治大学,國學院久我山 明治,A,6,https://league-one.jp/player/483678,,,高校('12),,,Kyūshu Kyuden Voltex (2025 - 2026) -> BlackRams Tokyo (2022 - 2025) -> Yokohama Canon Eagles (2017 - 2022)
Rahboni Warren-Vosayaco,ラーボニ ・ウォーレンーボスアヤコ,No8,九州電力キューデンヴォルテクス（2025-26）,188,103,1995.09.28,30,エンデバースポーツ,,Endeavorsportshighschool,B,2,https://league-one.jp/player/483679,,,,,,Kyūshu Kyuden Voltex (2025 - 2026) -> CA Brive Corrèze Limousin (2023 - 2025) -> Western Force (2022 - 2023) -> New South Wales Waratahs (2021 - 2022) -> Munakata Sanix Blues (2021 - 2021) -> New South Wales Waratahs (2020 - 2020) -> Munakata Sanix Blues (2019 - 2020) -> Sunwolves (2016 - 2019)
Jude Gibbs,ジュード ・ギブス,SO,九州電力キューデンヴォルテクス（2025-26）,178,87,2001.07.02,24,セントジョセフ・カレッジ,UniversityofTechnologySydney,SaintJoseph’sCollegeHuntersHill UniversityofTechnologySydney,B,0,https://league-one.jp/player/483680,,,,,,Kyūshu Kyuden Voltex (2025 - 2026) -> Queensland Reds (2024 - 2025) -> Northern Suburbs RFC (2022 - 2024) -> Sydney University Football Club (2021 - 2022)
Pepesana Patafilo,ペペサナ ・パタフィロ,CTB,九州電力キューデンヴォルテクス（2025-26）,181,96,1996.05.29,29,ウエリントンカレッジ,,ウエリントンカレッジ,B,3,https://league-one.jp/player/483681,,,,,,Kyūshu Kyuden Voltex (2025 - 2026) -> Moana Pasifika (2024 - 2025) -> Wellington Lions (2024 - 2024) -> Moana Pasifika (2024 - 2024) -> Wellington Lions (2023 - 2023) -> Moana Pasifika (2023 - 2023) -> Wellington Lions (2023 - 2023) -> Crusaders (2023 - 2023) -> Wellington Lions (2022 - 2022) -> Crusaders (2022 - 2022) -> Wellington Lions (2022 - 2022) -> Hurricanes (2022 - 2022) -> Wellington Lions (2021 - 2021) -> Hurricanes (2021 - 2021) -> Wellington Lions (2021 - 2021) -> Hurricanes (2021 - 2021) -> Wellington Lions (2020 - 2020) -> Hurricanes (2020 - 2020) -> Wellington Lions (2018 - 2020) -> Waikato Mooloos (2017 - 2018)
Hiroto Nishi,西 浩斗,WTB,九州電力キューデンヴォルテクス（2025-26）,170,75,2002.11.16,23,熊本西高校,京都産業大学,熊本西 京都産業,A,0,https://league-one.jp/player/483682,,,,,,Kyūshu Kyuden Voltex (2025 - 2026) -> Kyoto Sangyo University (2024 - 2025)
Kouga Yoshida,吉田 輝雅,CTB,九州電力キューデンヴォルテクス（2025-26）,177,82,2002.11.21,23,東海大相模原高校,明治大学,東海大相模原 明治,A,0,https://league-one.jp/player/483683,,,,,,Kyūshu Kyuden Voltex (2025 - 2026) -> Meiji University (2024 - 2025)
Kanta Fujita,藤田 幹太,HO,九州電力キューデンヴォルテクス（2025-26）,175,96,2003.03.26,22,筑紫高校,日本体育大学,筑紫 日本体育,A,0,https://league-one.jp/player/483684,,,,,,Kyūshu Kyuden Voltex (2025 - 2026) -> Nippon Sport Science University (2024 - 2025)
Kohei Kire,喜連 航平,SO,九州電力キューデンヴォルテクス（2025-26）,176,85,1995.06.25,30,大阪桐蔭高校,近畿大学,大阪桐蔭 近畿,A,11,https://league-one.jp/player/483685,,,,,,Kyūshu Kyuden Voltex (2024 - 2026)
Hiroki Murakawa,村川 浩喜,HO,九州電力キューデンヴォルテクス（2025-26）,175,98,1992.01.19,33,東福岡高校,筑波大学,東福岡 筑波,A,32,https://league-one.jp/player/483686,,,U20('11),,,Kyūshu Kyuden Voltex (2024 - 2026) -> Toyota Industries Shuttles Aichi (2021 - 2024)
Sione Likuata Teaupa,シオネ ・リクアタテアウパ,CTB,九州電力キューデンヴォルテクス（2025-26）,180,99,1998.06.27,27,トゥポウカレッジ,流通経済大学,トゥポウカレッジ 流通経済大学,A,28,https://league-one.jp/player/483687,,,,,,Kyūshu Kyuden Voltex (2023 - 2026)
Kim Kihyun,キム ・ギヒョン,FL,九州電力キューデンヴォルテクス（2025-26）,180,97,2001.02.09,24,ソウル大学附属高校,流通経済大学,ソウル大学附属高等学校 流通経済大学,A,9,https://league-one.jp/player/483688,,,,,,Kyūshu Kyuden Voltex (2023 - 2026)
Takumi Takeshita,竹下 拓己,FB,九州電力キューデンヴォルテクス（2025-26）,178,88,2000.07.17,25,東福岡高校,京都産業大学,東福岡 京都産業,A,2,https://league-one.jp/player/483689,,,,,,Kyūshu Kyuden Voltex (2023 - 2025)
Yusaku Kanda,神田 悠作,SH,九州電力キューデンヴォルテクス（2025-26）,170,80,1999.03.08,26,東筑高校,東洋大学,東筑 東洋,A,18,https://league-one.jp/player/483690,,,,,,Kyūshu Kyuden Voltex (2023 - 2026)
Keisuke Yamazoe,山添 圭祐,HO,九州電力キューデンヴォルテクス（2025-26）,177,102,2000.07.01,25,長崎北陽台高校,帝京大学,長崎北陽台 帝京,A,20,https://league-one.jp/player/483691,,,高校('18),,,Kyūshu Kyuden Voltex (2023 - 2026)
Colby Faingaa,コルビー ・ファインガア,FL,九州電力キューデンヴォルテクス（2025-26）,185,102,1991.03.31,34,セント・エドマンズ・カレッジ,,セント・エドマンズ・カレッジ,B,37,https://league-one.jp/player/483692,,,,,,Not Found
Akihito Yamada,山田 章仁,WTB,九州電力キューデンヴォルテクス（2025-26）,180,80,1985.07.26,40,小倉高校,慶應義塾大学,小倉 慶應義塾,A,28,https://league-one.jp/player/483693,,,セブンズ日本(7)、日本代表(25),,,Kyūshu Kyuden Voltex (2022 - 2026) -> Urayasu D-Rocks (2021 - 2022) -> Seattle Seawolves (2020 - 2021) -> Urayasu D-Rocks (2019 - 2020) -> Sunwolves (2015 - 2019)
Samuel Nozomu Faialaga,ファイアラガ 望サムエル,PR,九州電力キューデンヴォルテクス（2025-26）,176,113,1998.07.03,27,常翔学園高校,同志社大大学,常翔学園 同志社大,A,47,https://league-one.jp/player/483694,,,,,,Kyūshu Kyuden Voltex (2022 - 2026) -> Munakata Sanix Blues (2021 - 2022)
Yasuo Saruwatari,猿渡 康雄,PR,九州電力キューデンヴォルテクス（2025-26）,181,118,1990.09.28,35,荒尾高校,帝京大学,荒尾 帝京,A,39,https://league-one.jp/player/483695,,,,,,Kyūshu Kyuden Voltex (2022 - 2026) -> Munakata Sanix Blues (2021 - 2022)
Shunta Takenouchi,竹ノ内 駿太,SH,九州電力キューデンヴォルテクス（2025-26）,170,78,1999.12.27,26,長崎南山高校,明治大学,長崎南山 明治,A,38,https://league-one.jp/player/483696,,,,,,Kyūshu Kyuden Voltex (2022 - 2026)
Ray Tatafu,レイ ・タタフ,LO,九州電力キューデンヴォルテクス（2025-26）,195,119,1995.02.14,30,オネフンガハイスクール,オークランド工科大学,オネフンガハイスクール オークランド工科,A,41,https://league-one.jp/player/483697,,,,,,Kyūshu Kyuden Voltex (2021 - 2026) -> Counties Manukau Steelers (2020 - 2021) -> Southland Stags (2017 - 2020)
Hayato Yoshida,吉田 隼人,HO,九州電力キューデンヴォルテクス（2025-26）,172,93,1997.03.05,28,長崎北陽台高校,筑波大学,長崎北陽台 筑波,A,12,https://league-one.jp/player/483698,,,,,,Kyūshu Kyuden Voltex (2022 - 2026)
Yuki Yamada,山田 有樹,FL,九州電力キューデンヴォルテクス（2025-26）,180,94,1994.06.18,31,常翔学園高校,同志社大学,常翔学園 同志社,A,33,https://league-one.jp/player/483699,,,,,,Kyūshu Kyuden Voltex (2021 - 2026)
Shogo Matsushita,松下 彰吾,SO,九州電力キューデンヴォルテクス（2025-26）,177,86,1991.01.12,34,福岡高校,筑波大学,福岡 筑波,A,16,https://league-one.jp/player/483700,,,,,,Kyūshu Kyuden Voltex (2021 - 2026)
Keito Honda,本田 佳人,FB,九州電力キューデンヴォルテクス（2025-26）,180,85,1996.11.25,29,大分雄城台高校,東海大学,大分雄城台 東海,A,10,https://league-one.jp/player/483701,,,,,,Kyūshu Kyuden Voltex (2021 - 2026)
Kenji Hayata,早田 健二,CTB,九州電力キューデンヴォルテクス（2025-26）,175,83,1987.05.26,38,大分舞鶴高校,早稲田大学,大分舞鶴 早稲田,A,13,https://league-one.jp/player/483702,,,高校('05),,,Kyūshu Kyuden Voltex (2021 - 2026)
Ren Hagiwara,萩原 蓮,WTB,九州電力キューデンヴォルテクス（2025-26）,171,85,1996.05.06,29,東福岡高校,法政大学,東福岡 法政,A,43,https://league-one.jp/player/483703,,,,,,Kyūshu Kyuden Voltex (2021 - 2026)
Noriaki Nakazuru,中づる,CTB,九州電力キューデンヴォルテクス（2025-26）,181,94,1989.05.03,36,福岡高校,筑波大学,福岡 筑波,A,22,https://league-one.jp/player/483704,,,U23('13),,,Kyūshu Kyuden Voltex (2021 - 2026)
Ken Nakashima,中島 謙,FL,九州電力キューデンヴォルテクス（2025-26）,183,95,1997.04.14,28,福岡高校,鹿児島大学,福岡 鹿児島,A,18,https://league-one.jp/player/483705,,,,,,Kyūshu Kyuden Voltex (2022 - 2026)
Kotaro Nakao,中尾 康太郎,SH,九州電力キューデンヴォルテクス（2025-26）,177,78,1992.05.28,33,福岡高校,早稲田大学,福岡 早稲田,A,7,https://league-one.jp/player/483706,,,,,,Kyūshu Kyuden Voltex (2021 - 2026)
Kazuto Tokunaga,徳永 一斗,PR,九州電力キューデンヴォルテクス（2025-26）,181,117,1993.04.08,32,佐賀工業高校,帝京大学,佐賀工業 帝京,A,35,https://league-one.jp/player/483707,,,,,,Kyūshu Kyuden Voltex (2021 - 2026)
Naoki Takaya,高,WTB,九州電力キューデンヴォルテクス（2025-26）,176,80,1995.05.25,30,福岡高校,筑波大学,福岡 筑波,A,18,https://league-one.jp/player/483708,,,,,,Kyūshu Kyuden Voltex (2021 - 2026)
Michiro Takai,高井 迪郎,FL,九州電力キューデンヴォルテクス（2025-26）,187,99,1989.12.13,36,大分舞鶴高校,日本体育大学,大分舞鶴 日本体育,A,19,https://league-one.jp/player/483709,,,U20('08)、セブンズ日本(1),,,Kyūshu Kyuden Voltex (2021 - 2026)
Yoshihiro Sononaka,園中 良寛,LO,九州電力キューデンヴォルテクス（2025-26）,190,103,1991.03.22,34,加治木高校,筑波大学,加治木 筑波,A,8,https://league-one.jp/player/483710,,,セブンズ日本(2),,,Kyūshu Kyuden Voltex (2021 - 2026)
Goki Saito,齊藤 剛希,WTB,九州電力キューデンヴォルテクス（2025-26）,174,85,1993.11.17,32,筑紫高校,明治大学,筑紫 明治,A,6,https://league-one.jp/player/483711,,,,,,Kyūshu Kyuden Voltex (2024 - 2026)
Hayato Kojo,古城 隼人,CTB,九州電力キューデンヴォルテクス（2025-26）,175,88,1996.05.22,29,修猷館高校,同志社大学,修猷館 同志社,A,27,https://league-one.jp/player/483712,,,,,,Kyūshu Kyuden Voltex (2022 - 2026)
Takehiro Kitsuki,木付 丈博,PR,九州電力キューデンヴォルテクス（2025-26）,185,111,1994.11.15,31,荒尾高校,帝京大学,荒尾 帝京,A,0,https://league-one.jp/player/483713,,,,,,Kyūshu Kyuden Voltex (2021 - 2026)
Shimpei Kamata,鎌田 慎平,PR,九州電力キューデンヴォルテクス（2025-26）,179,105,1997.09.07,28,東福岡高校,筑波大学,東福岡 筑波,A,28,https://league-one.jp/player/483714,,,U20('17),,,Not Found
Shuma Kanayama,金山 修真,LO,九州電力キューデンヴォルテクス（2025-26）,183,100,1994.04.17,31,流通経済大柏高校,流通経済大学,流経大柏 流通経済,A,8,https://league-one.jp/player/483715,,,,,,Kyūshu Kyuden Voltex (2021 - 2026)
Masaya Kanado,金堂 眞弥,CTB,九州電力キューデンヴォルテクス（2025-26）,180,88,1998.12.13,27,慶應義塾高校,城南大学,慶應義塾 城南,A,6,https://league-one.jp/player/483716,,,,,,Kyūshu Kyuden Voltex (2022 - 2026)
Makoto Kato,加藤 誠央,FB,九州電力キューデンヴォルテクス（2025-26）,177,87,1990.08.01,35,萩商工業高校,福岡大学,萩商工 福岡,A,25,https://league-one.jp/player/483717,,,セブンズ日本(4),,,Kyūshu Kyuden Voltex (2021 - 2026)
Ryosuke Kagoshima,鹿子島 良輔,PR,九州電力キューデンヴォルテクス（2025-26）,171,101,1995.09.25,30,輝翔館中等教育高校,流通経済大学,輝翔館中等教育 流通経済,A,13,https://league-one.jp/player/483718,,,,,,Kyūshu Kyuden Voltex (2021 - 2026)
Alex Takuya Walker,ウォーカー アレックス拓也,No8,九州電力キューデンヴォルテクス（2025-26）,184,103,1998.02.19,27,東福岡高校,法政大学,東福岡 法政,A,43,https://league-one.jp/player/483719,,,,,,Kyūshu Kyuden Voltex (2021 - 2026)
Kiichi Uezato,上里 貴一,SO,九州電力キューデンヴォルテクス（2025-26）,176,84,1997.01.25,28,名護高校,朝日大学,名護 朝日,A,15,https://league-one.jp/player/483720,,,,,,Kyūshu Kyuden Voltex (2021 - 2026)
Yasunari Isoda,磯田 泰成,WTB,九州電力キューデンヴォルテクス（2025-26）,173,75,1992.11.20,33,延岡星雲高校,帝京大学,延岡星雲 帝京,A,26,https://league-one.jp/player/483721,,,,,,Kyūshu Kyuden Voltex (2021 - 2026)
Tomotaka Ishimatsu,石松 大空,LO,九州電力キューデンヴォルテクス（2025-26）,193,105,1997.09.11,28,明善高校,筑波大学,明善 筑波,A,25,https://league-one.jp/player/483722,,,,,,Kyūshu Kyuden Voltex (2021 - 2026)
Kyungmun Wang,王 鏡聞,HO,九州電力キューデンヴォルテクス（2025-26）,175,100,1991.09.12,34,朝明高校,大阪体育大学,朝明 大阪体育,A,35,https://league-one.jp/player/483723,,,,,,Kyūshu Kyuden Voltex (2023 - 2026) -> Kobelco Kobe Steelers (2021 - 2023)
Sean Robinson,ショーン ・ロビンソン,LO,九州電力キューデンヴォルテクス（2025-26）,197,110,1991.02.08,34,キングススクールウースター,ダラム大学,キングススクールウースター ダラム,B,19,https://league-one.jp/player/483724,,,,,,Kyūshu Kyuden Voltex (2023 - 2026) -> Newcastle (2014 - 2023)
Aaron Carroll,アーロン ・キャロル,LO,九州電力キューデンヴォルテクス（2025-26）,193,108,1993.10.11,32,タウランガボーイズカレッジ,,タウランガボーイズカレッジ,B,20,https://league-one.jp/player/483725,,,,,,Kyūshu Kyuden Voltex (2023 - 2026) -> US Carcassonne (2021 - 2023) -> Bay of Plenty Steamers (2020 - 2021) -> Blues (2020 - 2020) -> Bay of Plenty Steamers (2019 - 2019) -> Blues (2019 - 2019) -> Bay of Plenty Steamers (2018 - 2019)
Charlie Worthington,チャーリー ・ワージントン,FB,九州電力キューデンヴォルテクス（2025-26）,178,88,2003.06.06,22,ウェーバリー,,ウェーバリー,B,14,https://league-one.jp/player/483726,,,,,,Kyūshu Kyuden Voltex (2023 - 2026)
Kosuke Oike,尾池 亨允,PR,九州電力キューデンヴォルテクス（2025-26）,183,112,1993.08.18,32,日向高校,関西大学,日向 関西,A,34,https://league-one.jp/player/483727,,,,,,Kyūshu Kyuden Voltex (2023 - 2026) -> Toyota Industries Shuttles Aichi (2022 - 2023) -> Kobelco Kobe Steelers (2021 - 2022)
Spencer Jeans,スペンサー ・ジーンズ,SH,九州電力キューデンヴォルテクス（2025-26）,175,80,2000.10.19,25,TheSouthPortSchool,,TheSouthPortSchool,B,13,https://league-one.jp/player/483728,,,,,,Kyūshu Kyuden Voltex (2023 - 2026) -> Queensland Reds (2021 - 2023) -> Bond University (2020 - 2021)
Taro Uesugi,上杉 太郎,PR,九州電力キューデンヴォルテクス（2025-26）,176,113,2001.12.30,24,熊本西高校,帝京大学,熊本西 帝京,A,12,https://league-one.jp/player/483729,,,,,,Kyūshu Kyuden Voltex (2024 - 2026)
Riki Takebe,竹部 力,PR,九州電力キューデンヴォルテクス（2025-26）,185,110,2002.02.09,23,大分舞鶴高校,法政大学,大分舞鶴 法政,A,3,https://league-one.jp/player/483730,,,,,,Kyūshu Kyuden Voltex (2024 - 2026)
Shimpei Fukada,深田 晋平,CTB,九州電力キューデンヴォルテクス（2025-26）,184,92,2001.10.01,24,福岡工業高校,福岡大学,福岡工業 福岡,A,0,https://league-one.jp/player/483731,,,,,,Kyūshu Kyuden Voltex (2024 - 2026)
Harrison Goddard,ハリソン ・ゴダード,SH,清水建設江東ブルーシャークス（2025-26）,183,83,1998.04.08,27,OakhillCollege,,OakhillCollege,C,1,https://league-one.jp/player/484200,,,,,,Shimizu Koto Blue Sharks (2025 - 2026) -> Brumbies (2023 - 2025) -> New South Wales Waratahs (2022 - 2023) -> Gordon Rugby Football Club (2022 - 2022) -> LA Giltinis (2022 - 2022) -> Gordon Rugby Football Club (2021 - 2021) -> LA Giltinis (2020 - 2021) -> Gordon Rugby Football Club (2019 - 2020) -> Randwick Rugby (2019 - 2019) -> Melbourne Rebels (2019 - 2019) -> Randwick Rugby (2018 - 2018) -> Melbourne Rebels (2016 - 2018)
Cameron Bailey,キャメロン ・ベイリー,FB,清水建設江東ブルーシャークス（2025-26）,191,100,1996.02.21,29,AtAndrew’sCollege,,AtAndrew’sCollege,A,33,https://league-one.jp/player/484201,,,,,,Not Found
Maritino Nemani,マリティノ ・ネマニ,CTB,清水建設江東ブルーシャークス（2025-26）,181,104,1991.05.24,34,SacredHeartCollege,,SacredHeartCollege,A,35,https://league-one.jp/player/484202,,,,,,Shimizu Koto Blue Sharks (2025 - 2026) -> Green Rockets Tokatsu (2017 - 2025) -> FC Grenoble Rugby (2016 - 2017) -> Bay of Plenty Steamers (2016 - 2016) -> FC Grenoble Rugby (2015 - 2015) -> Bay of Plenty Steamers (2013 - 2015) -> Highlanders (2012 - 2013) -> Chiefs (2011 - 2012)
Billy Burns,ビリー ・バーンズ,SO,清水建設江東ブルーシャークス（2025-26）,183,87,1994.06.13,31,BeechenCliffSchool,HartpuryCollege,BeechenCliffSchool HartpuryCollege,C,2,https://league-one.jp/player/484203,,,,,,Shimizu Koto Blue Sharks (2025 - 2026) -> Munster Rugby (2024 - 2025) -> Ulster Rugby (2018 - 2024) -> Gloucester Rugby (2013 - 2018)
Ika Motulalo Takau,イカ ・モツラロ・タカウ,LO,清水建設江東ブルーシャークス（2025-26）,189,113,1995.01.09,30,TupouCollege,流通経済大学,TupouCollege 流通経済大学,A,12,https://league-one.jp/player/484204,,,,,,Shimizu Koto Blue Sharks (2025 - 2026) -> Green Rockets Tokatsu (2023 - 2025)
Mahe Vailanu,マヘ ・ヴァイラヌ,HO,清水建設江東ブルーシャークス（2025-26）,175,109,1997.01.25,28,AucklandGrammarSchool,,AucklandGrammarSchool,B,1,https://league-one.jp/player/484205,,,,,,Shimizu Koto Blue Sharks (2025 - 2026) -> New South Wales Waratahs (2021 - 2025) -> LA Giltinis (2020 - 2021) -> Gordon Rugby Football Club (2019 - 2020) -> Melbourne Rising (2019 - 2019) -> Gordon Rugby Football Club (2019 - 2019) -> Melbourne Rising (2018 - 2018) -> Gordon Rugby Football Club (2018 - 2018) -> Melbourne Rebels (2017 - 2018)
Genta Nishibata,西端 玄汰,FB,清水建設江東ブルーシャークス（2025-26）,176,82,2002.07.21,23,東福岡高校,近畿大学,東福岡高校 近畿大学,A,3,https://league-one.jp/player/484206,,,,,,Shimizu Koto Blue Sharks (2024 - 2026)
Tatsuya Fujioka,藤岡 竜也,CTB,清水建設江東ブルーシャークス（2025-26）,183,95,2003.03.13,22,浪速高校,近畿大学,浪速高等学校 近畿大学,A,11,https://league-one.jp/player/484207,,,,,,Shimizu Koto Blue Sharks (2024 - 2026)
Daichi Sato,佐藤 大地,LO,清水建設江東ブルーシャークス（2025-26）,185,103,2003.01.26,22,國學院栃木高校,明治大学,國學院栃木高等学校 明治大学,A,2,https://league-one.jp/player/484208,,,,,,Shimizu Koto Blue Sharks (2025 - 2026) -> Meiji University (2024 - 2025)
Yongchol Kim,金 勇哲,HO,清水建設江東ブルーシャークス（2025-26）,174,98,2002.11.12,23,大阪朝鮮高校,明治大学,大阪朝鮮高等学校 明治大学,A,0,https://league-one.jp/player/484209,,,,,,Shimizu Koto Blue Sharks (2025 - 2026) -> Meiji University (2024 - 2025)
Naohiro Aso,麻生 尚宏,PR,清水建設江東ブルーシャークス（2025-26）,182,112,2002.06.10,23,桐蔭学園高校,筑波大学,桐蔭学園高等学校 筑波大学,A,0,https://league-one.jp/player/484210,,,,,,Shimizu Koto Blue Sharks (2025 - 2026) -> Tsukuba University (2024 - 2025)
Jui Nakamori,中森 樹生,PR,清水建設江東ブルーシャークス（2025-26）,179,99,2002.04.14,23,御所実業高校,立正大学,御所実業高校 立正大学,A,1,https://league-one.jp/player/484211,,,,,,Shimizu Koto Blue Sharks (2024 - 2026)
Essendon Tuitupou,エッセンドン ・トゥイトゥポウ,WTB,清水建設江東ブルーシャークス（2025-26）,188,88,2003.12.14,22,KelstonBoysHighSchool,,KelstonBoysHighSchool,B,16,https://league-one.jp/player/484212,,,,,,Shimizu Koto Blue Sharks (2024 - 2026) -> Blues (2022 - 2023)
Terrence Hepetema,テレンス ・へプテマ,CTB,清水建設江東ブルーシャークス（2025-26）,183,95,1992.01.03,34,ManaCollege,,ManaCollege,B,8,https://league-one.jp/player/484213,,,,,,Shimizu Koto Blue Sharks (2024 - 2026) -> FC Grenoble Rugby (2022 - 2024) -> London Irish (2019 - 2022) -> Bay of Plenty Steamers (2019 - 2019) -> London Irish (2019 - 2019) -> Bay of Plenty Steamers (2018 - 2018) -> London Irish (2018 - 2018) -> Blues (2017 - 2018) -> Bay of Plenty Steamers (2015 - 2017) -> Doncaster Knights (2015 - 2015) -> Leicester Tigers (2015 - 2015) -> Doncaster Knights (2014 - 2014) -> Leicester Tigers (2013 - 2014) -> New South Wales Waratahs (2013 - 2013) -> Randwick Rugby (2013 - 2013) -> New South Wales Waratahs (2012 - 2012) -> Randwick Rugby (2012 - 2012)
Noah Foster,ノア ・フォスター,CTB,清水建設江東ブルーシャークス（2025-26）,180,95,1999.08.17,26,MountAlbertGrammarSchool,AucklandUniversity,MountAlbertGrammarSchool AucklandUniversity,B,6,https://league-one.jp/player/484214,,,,,,Shimizu Koto Blue Sharks (2024 - 2026) -> Southland Stags (2022 - 2023) -> Tasman Mako (2021 - 2022)
Hayden Cripps,クリップス ヘイデン,SO,清水建設江東ブルーシャークス（2025-26）,177,83,1990.10.30,35,Wellingtoncollege,Massey,Wellingtoncollege Massey,A,26,https://league-one.jp/player/484215,,,,,,Shimizu Koto Blue Sharks (2024 - 2026) -> Urayasu D-Rocks (2022 - 2024) -> Hino Red Dolphins (2017 - 2022) -> Sunwolves (2016 - 2017) -> Tasman Mako (2011 - 2013)
Sosiceni Tokoqio,トコキオ ソシセニ,No8,清水建設江東ブルーシャークス（2025-26）,189,125,1993.02.01,32,KelstonBoysHighSchool,山梨学院大学,KelstonBoysHighSchool 山梨学院大学,A,22,https://league-one.jp/player/484216,,,,,,Shimizu Koto Blue Sharks (2024 - 2026) -> Mie Honda Heat RFC (2023 - 2024) -> Kobelco Kobe Steelers (2021 - 2023)
Ed Holmes,エド ・ホームズ,LO,清水建設江東ブルーシャークス（2025-26）,198,118,1995.12.27,30,TruroCollege,Plymouth,TruroCollege Plymouth,B,12,https://league-one.jp/player/484217,,,,,,Shimizu Koto Blue Sharks (2024 - 2026) -> Bristol Bears (2018 - 2024) -> Exeter Chiefs (2017 - 2018)
Yushi Takai,高井 優志,WTB,清水建設江東ブルーシャークス（2025-26）,175,80,2001.03.26,24,常翔学園高校,流通経済大学,常翔学園高校 流通経済大学,A,3,https://league-one.jp/player/484218,,,,,,Shimizu Koto Blue Sharks (2023 - 2026)
Haruhiro Sakahara,坂原 春光,SH,清水建設江東ブルーシャークス（2025-26）,163,72,2001.02.27,24,東海大仰星高校,関西学院大学,東海大仰星高校 関西学院大学,A,9,https://league-one.jp/player/484219,,,,,,Shimizu Koto Blue Sharks (2023 - 2026)
Daisuke Yamato,大和 大祐,PR,清水建設江東ブルーシャークス（2025-26）,180,120,2000.04.28,25,桐生第一高校,立教大学,桐生第一高校 立教大学,A,1,https://league-one.jp/player/484220,,,,,,Shimizu Koto Blue Sharks (2023 - 2026)
Sanshiro Nomura,野村 三四郎,PR,清水建設江東ブルーシャークス（2025-26）,177,110,2000.09.02,25,西陵高校,京都産業大学,西陵高校 京都産業大学,A,25,https://league-one.jp/player/484221,,,,,,Shimizu Koto Blue Sharks (2022 - 2026)
Uha Lee,李 優河,PR,清水建設江東ブルーシャークス（2025-26）,179,114,2001.02.28,24,大阪朝鮮高校,同志社大学,大阪朝鮮高校 同志社大学,A,28,https://league-one.jp/player/484222,,,,,,Shimizu Koto Blue Sharks (2023 - 2026)
Soichiro Kuwata,桑田 宗一郎,SO,清水建設江東ブルーシャークス（2025-26）,170,74,2000.01.11,25,桐蔭学園高校,青山学院大学,桐蔭学園高校 青山学院大学,A,26,https://league-one.jp/player/484223,,,,,,Shimizu Koto Blue Sharks (2022 - 2026)
Tetsunori Osaki,大サキ,LO,清水建設江東ブルーシャークス（2025-26）,182,97,1999.04.26,26,国学院久我山高校,早稲田大学,国学院久我山高校 早稲田大学,A,8,https://league-one.jp/player/484224,,,,,,Shimizu Koto Blue Sharks (2022 - 2026)
Yasuyuki Yamamoto,山本 泰之,HO,清水建設江東ブルーシャークス（2025-26）,170,95,2000.03.05,25,石見智翠館高校,天理大学,石見智翠館高校 天理大学,A,9,https://league-one.jp/player/484225,,,,,,Shimizu Koto Blue Sharks (2022 - 2026)
Kaito Tamori,田森 海音,HO,清水建設江東ブルーシャークス（2025-26）,180,93,1999.06.04,26,長崎北陽台高校,明治大学,長崎北陽台高校 明治大学,A,33,https://league-one.jp/player/484226,,,U20('19),,,Shimizu Koto Blue Sharks (2022 - 2026)
Taketo Yoshikawa,吉川 豪人,PR,清水建設江東ブルーシャークス（2025-26）,178,106,2000.01.05,26,大阪学院大学高校,流通経済大学,大阪学院大学高校 流通経済大学,A,4,https://league-one.jp/player/484227,,,,,,Shimizu Koto Blue Sharks (2023 - 2026) -> Shizuoka Blue Revs (2022 - 2023) -> Shimizu Koto Blue Sharks (2021 - 2022)
Ryota Saito,齊藤 遼太,PR,清水建設江東ブルーシャークス（2025-26）,182,114,1999.07.13,26,関西学院高校,関西学院大学,関西学院高校 関西学院大学,A,29,https://league-one.jp/player/484228,,,,,,Shimizu Koto Blue Sharks (2021 - 2026)
Usa Baleilautoka,ウサ ・バレイラウトカ,PR,清水建設江東ブルーシャークス（2025-26）,177,104,1996.06.27,29,KelstonBoysHighSchool,立正大学,KelstonBoysHighSchool 立正大学,A,7,https://league-one.jp/player/484230,,,,,,Shimizu Koto Blue Sharks (2022 - 2026)
Coenraad VanWyk,コンラッド ・バンワイク,FB,清水建設江東ブルーシャークス（2025-26）,184,93,1988.01.08,38,PaulRoosGymnasium,Stellenbosch,PaulRoosGymnasium Stellenbosch,A,46,https://league-one.jp/player/484231,,,,,,Not Found
Tatsuhiro Ozaki,尾ザキ,FB,清水建設江東ブルーシャークス（2025-26）,185,90,1995.08.13,30,桐蔭学園高校,法政大学,桐蔭学園高校 法政大学,A,38,https://league-one.jp/player/484232,,,,,,Shimizu Koto Blue Sharks (2021 - 2026)
Eiya Miyazaki,宮ザキ,WTB,清水建設江東ブルーシャークス（2025-26）,176,84,1996.06.05,29,長崎北陽台高校,明治大学,長崎北陽台高校 明治大学,A,4,https://league-one.jp/player/484233,,,,,,Shimizu Koto Blue Sharks (2021 - 2026)
Ryota Noda,野田 涼太,CTB,清水建設江東ブルーシャークス（2025-26）,178,86,1996.09.15,29,天理高校,天理大学,天理高校 天理大学,A,25,https://league-one.jp/player/484234,,,,,,Shimizu Koto Blue Sharks (2021 - 2026)
Takuya Kanemura,金村 拓耶,CTB,清水建設江東ブルーシャークス（2025-26）,178,88,1995.09.13,30,常翔啓光学園高校,朝日大学,常翔啓光学園高校 朝日大学,A,5,https://league-one.jp/player/484235,,,,,,Shimizu Koto Blue Sharks (2021 - 2026)
Masaya Yamada,山田 雅也,SO,清水建設江東ブルーシャークス（2025-26）,171,82,1998.07.03,27,桐蔭学園高校,筑波大学,桐蔭学園高校 筑波大学,A,5,https://league-one.jp/player/484236,,,,,,Shimizu Koto Blue Sharks (2021 - 2026)
Reijiro Usui,臼井 礼二朗,SH,清水建設江東ブルーシャークス（2025-26）,171,75,1998.09.06,27,天理高校,天理大学,天理高校 天理大学,A,29,https://league-one.jp/player/484237,,,,,,Shimizu Koto Blue Sharks (2021 - 2026)
Yutaro Shirako,白子 雄太郎,No8,清水建設江東ブルーシャークス（2025-26）,184,98,1993.01.10,32,慶應義塾高校,慶應義塾大学,慶應義塾高校 慶應義塾大学,A,33,https://league-one.jp/player/484238,,,,,,Shimizu Koto Blue Sharks (2021 - 2026)
Ginjiro Hase,長谷 銀次朗,FL,清水建設江東ブルーシャークス（2025-26）,180,95,1998.08.04,27,御所実業高校,日本大学,御所実業高校 日本大学,A,23,https://league-one.jp/player/484239,,,,,,Shimizu Koto Blue Sharks (2021 - 2026)
Kodai Takahashi,高橋 広大,FL,清水建設江東ブルーシャークス（2025-26）,184,102,1998.05.09,27,桐蔭学園高校,明治大学,桐蔭学園高校 明治大学,A,22,https://league-one.jp/player/484240,,,,,,Not Found
Haruki Matsudo,松土 治樹,FL,清水建設江東ブルーシャークス（2025-26）,180,96,1996.01.06,30,日川高校,専修大学,日川高校 専修大学,A,24,https://league-one.jp/player/484241,,,,,,Shimizu Koto Blue Sharks (2021 - 2026)
Suguru Hidaka,日高 駿,LO,清水建設江東ブルーシャークス（2025-26）,191,108,1990.02.15,35,筑紫高校,明治大学,筑紫高校 明治大学,A,24,https://league-one.jp/player/484242,,,,,,Shimizu Koto Blue Sharks (2021 - 2026)
Ryota Sakino,崎野 諒太,LO,清水建設江東ブルーシャークス（2025-26）,185,103,1990.02.05,35,小倉高校,筑波大学,小倉高校 筑波大学,A,8,https://league-one.jp/player/484243,,,,,,Shimizu Koto Blue Sharks (2021 - 2026)
Riki Tanaka,田中 利輝,FL,清水建設江東ブルーシャークス（2025-26）,176,95,1998.10.18,27,東海大仰星高校,京都産業大学,東海大仰星高校 京都産業大学,A,8,https://league-one.jp/player/484244,,,,,,Shimizu Koto Blue Sharks (2021 - 2026)
Kumpei Onishi,大西 訓平,HO,清水建設江東ブルーシャークス（2025-26）,177,100,1996.04.26,29,國學院久我山高校,筑波大学,國學院久我山高校 筑波大学,A,3,https://league-one.jp/player/484245,,,,,,Shimizu Koto Blue Sharks (2021 - 2026)
Naomichi Tatekawa,立川 直道,HO,清水建設江東ブルーシャークス（2025-26）,174,96,1988.10.31,37,天理高校,天理大学,天理高校 天理大学,A,44,https://league-one.jp/player/484246,,,,,,Shimizu Koto Blue Sharks (2021 - 2026)
Takatoshi Sugawara,菅原 崇聖,PR,清水建設江東ブルーシャークス（2025-26）,175,105,1987.03.13,38,函館ラ・サール高校,同志社大学,函館ラ・サール高校 同志社大学,A,26,https://league-one.jp/player/484247,,,,,,Shimizu Koto Blue Sharks (2021 - 2026)
Daiki Shimura,志村 太基,PR,清水建設江東ブルーシャークス（2025-26）,170,100,1995.09.06,30,桐蔭学園高校,成蹊大学,桐蔭学園高校 成蹊大学,A,16,https://league-one.jp/player/484248,,,,,,Shimizu Koto Blue Sharks (2021 - 2026)
Tom Rowe,トム ・ロウ,LO,清水建設江東ブルーシャークス（2025-26）,200,110,1991.02.21,34,Otagoboyshighschool,Otagouniversity,Otagoboyshighschool Otagouniversity,A,39,https://league-one.jp/player/484249,,,,,,Shimizu Koto Blue Sharks (2023 - 2026) -> Kyūshu Kyuden Voltex (2020 - 2023) -> Sunwolves (2020 - 2020) -> Kyūshu Kyuden Voltex (2019 - 2019) -> Sunwolves (2018 - 2019) -> Otago (2015 - 2018)
Shinya Nara,奈良 真弥,PR,清水建設江東ブルーシャークス（2025-26）,180,105,2001.08.31,24,秋田工業高校,天理大学,秋田工業高校 天理大学,A,5,https://league-one.jp/player/484250,,,,,,Shimizu Koto Blue Sharks (2023 - 2026)
Koyo Adachi,安達 航洋,LO,清水建設江東ブルーシャークス（2025-26）,190,107,2002.02.09,23,桐蔭学園高校,東京学芸大学,桐蔭学園高校 東京学芸大学,A,17,https://league-one.jp/player/484251,,,,,,Shimizu Koto Blue Sharks (2023 - 2026)
Tatsuya Kanetsuki,金築 達也,SH,清水建設江東ブルーシャークス（2025-26）,181,80,2001.08.09,24,報徳学園高校,関西学院大学,報徳学園高校 関西学院大学,A,18,https://league-one.jp/player/484252,,,,,,Shimizu Koto Blue Sharks (2023 - 2026)
Maito Matsuo,松尾 磨人,SH,清水建設江東ブルーシャークス（2025-26）,173,78,2001.07.02,24,TheSouthportSchool,同志社大学,TheSouthportSchool 同志社大学,A,0,https://league-one.jp/player/484253,,,,,,Shimizu Koto Blue Sharks (2024 - 2026)
Sione Talitui,シオネ ・タリトゥイ,FL,清水建設江東ブルーシャークス（2025-26）,187,110,1998.01.24,27,Auckland,Grammar,Auckland Grammar School,C,1,https://league-one.jp/player/485527,,,,,,Not Found
THOMAS Umaga JENSEN,トーマス ・ウマガ=ジェンセン,CTB,豊田自動織機シャトルズ愛知（2025-26）,188,110,1997.12.31,28,スコッツカレッジ,オタゴ大学,スコッツカレッジ オタゴ大学,B,2,https://league-one.jp/player/484392,,,,,,Toyota Industries Shuttles Aichi (2025 - 2026) -> Otago (2025 - 2025) -> Highlanders (2025 - 2025) -> Otago (2024 - 2024) -> Highlanders (2024 - 2024) -> Otago (2023 - 2024) -> Highlanders (2023 - 2023) -> Otago (2022 - 2022) -> Highlanders (2022 - 2022) -> Otago (2022 - 2022) -> Highlanders (2022 - 2022) -> Otago (2021 - 2021) -> Highlanders (2020 - 2021) -> Otago (2020 - 2020) -> Highlanders (2020 - 2020) -> Otago (2019 - 2019) -> Highlanders (2017 - 2019)
Ajay Faleafaga,エイジェイ ・ファレアファガ,SO,豊田自動織機シャトルズ愛知（2025-26）,170,89,2003.02.02,22,セントピーターズカレッジ,オタゴ大学,セントピーターズカレッジ オタゴ大学,B,0,https://league-one.jp/player/484393,,,,,,Toyota Industries Shuttles Aichi (2025 - 2026) -> Highlanders (2024 - 2025) -> Otago (2024 - 2024) -> Highlanders (2024 - 2024) -> Otago (2023 - 2023) -> Highlanders (2023 - 2023) -> Otago (2022 - 2023)
Yuta Tokunaga,徳永 優太,UTB,豊田自動織機シャトルズ愛知（2025-26）,174,90,2002.12.19,23,佐賀工業高校,日本大学,佐賀工業高校 日本大学,A,0,https://league-one.jp/player/484394,,,,,,Toyota Industries Shuttles Aichi (2025 - 2026) -> Nihon University (2024 - 2025)
Kei Sato,佐藤 慶,HO,豊田自動織機シャトルズ愛知（2025-26）,169,100,1997.01.27,28,天理高校,天理大学,天理高校 天理大学,A,17,https://league-one.jp/player/484395,,,U23('17),,,Toyota Industries Shuttles Aichi (2021 - 2026)
Jack Dunne,ジャック ・ダン,LO,豊田自動織機シャトルズ愛知（2025-26）,202,119,1998.11.21,27,セント・マイケルズ・カレッジ,トリニティ・カレッジ・ダブリン,セント・マイケルズ・カレッジ トリニティ・カレッジ・ダブリン,B,2,https://league-one.jp/player/484396,,,,,,Toyota Industries Shuttles Aichi (2025 - 2026) -> Exeter Chiefs (2022 - 2025) -> Leinster Rugby (2018 - 2022)
Tulimafua Mahola Tupou,トゥリマフア ・マホラ・トゥポウ,CTB,豊田自動織機シャトルズ愛知（2025-26）,185,105,2004.10.25,21,日本航空石川高校,天理大学,日本航空石川高校 天理大学,A,0,https://league-one.jp/player/484397,,,,,,Not Found
Lachlan Osborne,ロックラン ・オズボーン,LO,豊田自動織機シャトルズ愛知（2025-26）,194,115,1999.09.01,26,キャンベラグラマースクール,キャンベラ大学,キャンベラグラマースクール キャンベラ大学,A,10,https://league-one.jp/player/484398,,,,,,Toyota Industries Shuttles Aichi (2025 - 2026) -> Tokyo Sungoliath (2024 - 2025) -> Skyactivs Hiroshima (2021 - 2024)
Sora Roland Alaiasa,アライアサ 空ローランド,FB,豊田自動織機シャトルズ愛知（2025-26）,178,92,1995.07.10,30,ケルストンボーイズ,立正大学,ケルストンボーイズ高校 立正大学,A,31,https://league-one.jp/player/484399,,,,,,Not Found
Viliami Lutua Ahofono,ヴィリアミ ・ルトゥア・アホフォノ,FL,豊田自動織機シャトルズ愛知（2025-26）,186,114,2000.10.08,25,トンガカレッジ,摂南大学,トンガカレッジ 摂南大学,A,23,https://league-one.jp/player/484400,,,,,,Toyota Industries Shuttles Aichi (2025 - 2026) -> Green Rockets Tokatsu (2022 - 2025)
Daito Tone,登根 大斗,SH,豊田自動織機シャトルズ愛知（2025-26）,165,72,2002.07.03,23,御所実業高校,明治大学,御所実業高校 明治大学,A,0,https://league-one.jp/player/484401,,,,,,Toyota Industries Shuttles Aichi (2025 - 2026) -> Meiji University (2024 - 2025)
Daishi Nyui,乳井 大士,PR,豊田自動織機シャトルズ愛知（2025-26）,168,109,2003.04.01,22,中部大学春日丘高校,京都産業大学,中部大学春日丘高校 京都産業大学,A,0,https://league-one.jp/player/484402,,,,,,Toyota Industries Shuttles Aichi (2025 - 2026) -> Kyoto Sangyo University (2024 - 2025)
Kazushi Murata,村田 和志,HO,豊田自動織機シャトルズ愛知（2025-26）,171,93,2002.04.22,23,京都成章高校,東海大学,京都成章高校 東海大学,A,0,https://league-one.jp/player/484403,,,,,,Toyota Industries Shuttles Aichi (2025 - 2026) -> Tokai University (2024 - 2025)
Siale Otuhouma,シアレ ・オトゥホウマ,PR,豊田自動織機シャトルズ愛知（2025-26）,178,108,2002.05.15,23,東海大付属福岡高校,東海大学,東海大付属福岡高校 東海大学,A,3,https://league-one.jp/player/484404,,,,,,Toyota Industries Shuttles Aichi (2024 - 2026)
Sebastian Boshoff,セバスチャン ・ボショフ,CTB,豊田自動織機シャトルズ愛知（2025-26）,180,88,2002.07.23,23,パールボーイズハイスクール,山梨学院大学,パールボーイズハイスクール 山梨学院大学,A,0,https://league-one.jp/player/484405,,,,,,Toyota Industries Shuttles Aichi (2025 - 2026) -> Yamanashi Gakuin University (2024 - 2025)
Kento Grateley,グレイトリー 献人,FB,豊田自動織機シャトルズ愛知（2025-26）,183,82,2005.11.11,20,中部大学春日丘高校,,中部大学春日丘高校,A,0,https://league-one.jp/player/484406,,,,,,Toyota Industries Shuttles Aichi (2024 - 2026)
Tom Florence,トム ・フローレンス,No8,豊田自動織機シャトルズ愛知（2025-26）,190,109,1998.05.20,27,ニュープリマスボーイズ,ワイカト大学,ニュープリマスボーイズ ワイカト大学,B,1,https://league-one.jp/player/484407,,,,,,Toyota Industries Shuttles Aichi (2024 - 2026) -> NOLA Gold (2024 - 2024) -> Chiefs (2024 - 2024) -> NOLA Gold (2023 - 2023) -> Chiefs (2023 - 2023) -> Taranaki Bulls (2023 - 2023) -> NOLA Gold (2023 - 2023) -> Taranaki Bulls (2022 - 2022) -> NOLA Gold (2022 - 2022) -> Taranaki Bulls (2022 - 2022) -> Chiefs (2022 - 2022) -> Taranaki Bulls (2021 - 2021) -> Chiefs (2021 - 2021) -> Taranaki Bulls (2021 - 2021) -> Chiefs (2021 - 2021) -> Taranaki Bulls (2020 - 2020) -> Chiefs (2020 - 2020) -> Taranaki Bulls (2020 - 2020) -> Highlanders (2020 - 2020) -> Taranaki Bulls (2019 - 2019) -> Highlanders (2019 - 2019) -> Taranaki Bulls (2016 - 2019)
Isileli Manu,イシレリ ・マヌ,No8,豊田自動織機シャトルズ愛知（2025-26）,191,120,1999.07.20,26,ディルワース,,ディルワース高校,A,36,https://league-one.jp/player/484408,,,,,,Not Found
Fritz Jahnke-Tavana,フリッツ ・ヤンケタヴァナ,LO,豊田自動織機シャトルズ愛知（2025-26）,201,116,2003.08.06,22,ウェバリーカレッジ,,ウェバリーカレッジ,B,3,https://league-one.jp/player/484409,,,,,,Not Found
Josua Kerevi,ケレビ ジョシュア,UTB,豊田自動織機シャトルズ愛知（2025-26）,190,105,1992.06.18,33,ナタンブア,天理大学,ナタンブア高校 天理大学,A,39,https://league-one.jp/player/484410,,,セブンズ日本(11),,,Toyota Industries Shuttles Aichi (2021 - 2026)
Tiaan Thomaswheeler,ティアン ・トーマスウィーラー,CTB,豊田自動織機シャトルズ愛知（2025-26）,193,101,1999.11.19,26,Llangawtg,NeathPortTalbotGroups,Llangawtg NeathPortTalbotGroups,B,22,https://league-one.jp/player/484411,,,,,,Not Found
Taisei Okamoto,岡本 泰斉,SH,豊田自動織機シャトルズ愛知（2025-26）,173,77,2001.01.30,24,中部大学春日丘高校,帝京大学,中部大学春日丘高校 帝京大学,A,4,https://league-one.jp/player/484412,,,,,,Toyota Industries Shuttles Aichi (2022 - 2026)
Daigo Doi,土居 大吾,CTB,豊田自動織機シャトルズ愛知（2025-26）,178,93,2000.11.23,25,流通経済大学付属柏高校,流通経済大学,流通経済大学付属柏高校 流通経済大学,A,11,https://league-one.jp/player/484413,,,,,,Toyota Industries Shuttles Aichi (2024 - 2026)
Seta Naivaluwaqa,ナイバルワガ セタ,LO,豊田自動織機シャトルズ愛知（2025-26）,187,103,2001.01.09,24,秋田工業高校,天理大学,秋田工業高校 天理大学,A,23,https://league-one.jp/player/484414,,,,,,Toyota Industries Shuttles Aichi (2022 - 2026)
Keita Ichikawa,市川 敬太,CTB,豊田自動織機シャトルズ愛知（2025-26）,172,83,1998.10.10,27,日新高校,天理大学,日新高校 天理大学,A,21,https://league-one.jp/player/484415,,,,,,Toyota Industries Shuttles Aichi (2022 - 2026)
James Mollentze,ジェームズ ・モレンツェ,CTB,豊田自動織機シャトルズ愛知（2025-26）,181,91,1999.07.08,26,アウテニクア,フリーステート大学,アウテニクア高校 フリーステート大学,B,39,https://league-one.jp/player/484416,,,,,,Toyota Industries Shuttles Aichi (2022 - 2026) -> Golden Lions (2021 - 2022) -> Lions Rugby (2019 - 2021) -> Free State Cheetahs (2018 - 2019)
James Gaskell,ジェームズ ・ガスケル,LO,豊田自動織機シャトルズ愛知（2025-26）,201,117,1990.05.20,35,SandbachSchool,Setantacollege,SandbachSchool Setantacollege,C,35,https://league-one.jp/player/484417,,,,,,Toyota Industries Shuttles Aichi (2022 - 2026) -> Wasps (2014 - 2022) -> Sale Sharks (2013 - 2014)
Ryota Fukamura,深村 亮太,PR,豊田自動織機シャトルズ愛知（2025-26）,186,125,1993.07.23,32,佐賀工業高校,帝京大学,佐賀工業高校 帝京大学,A,37,https://league-one.jp/player/484418,,,,,,Toyota Industries Shuttles Aichi (2022 - 2026) -> Toshiba Brave Lupus Tokyo (2021 - 2022)
Atsushi Yumoto,湯本 睦,SH,豊田自動織機シャトルズ愛知（2025-26）,165,70,1994.05.02,31,東海大学付属大阪仰星高校,東海大学,東海大学付属大阪仰星高校 東海大学,A,30,https://league-one.jp/player/484419,,,高校('12),,,Toyota Industries Shuttles Aichi (2022 - 2026) -> Urayasu D-Rocks (2021 - 2022)
Nagito Uno,鵜野 凪斗,HO,豊田自動織機シャトルズ愛知（2025-26）,181,100,2003.07.12,22,御所実業高校,,奈良県立御所実業高校,A,0,https://league-one.jp/player/484420,,,,,,Toyota Industries Shuttles Aichi (2022 - 2026)
Hiroto Ogasahara,小笠原 寛人,WTB,豊田自動織機シャトルズ愛知（2025-26）,184,95,1999.06.17,26,尼崎高校,大阪産業大学,市立尼崎高校 大阪産業大学,A,7,https://league-one.jp/player/484421,,,,,,Toyota Industries Shuttles Aichi (2022 - 2026)
Tama Kapene,タマ ・カペネ,FL,豊田自動織機シャトルズ愛知（2025-26）,187,110,1999.05.03,26,スコッツ,流通経済大学,スコッツ高校 流通経済大学,A,28,https://league-one.jp/player/484422,,,,,,Toyota Industries Shuttles Aichi (2022 - 2026)
Harutomo Kodera,小寺 晴大,PR,豊田自動織機シャトルズ愛知（2025-26）,184,125,1998.09.17,27,関西学院高等部,関西学院大学,関西学院高等部 関西学院大学,A,18,https://league-one.jp/player/484423,,,,,,Toyota Industries Shuttles Aichi (2021 - 2026)
Akito Fujinami,藤浪 輝人,HO,豊田自動織機シャトルズ愛知（2025-26）,170,95,1995.08.31,30,伏見工業高校,天理大学,伏見工業高校 天理大学,A,32,https://league-one.jp/player/484424,,,,,,Toyota Industries Shuttles Aichi (2021 - 2026)
Naoya Ishibashi,石橋 尚也,PR,豊田自動織機シャトルズ愛知（2025-26）,173,103,1996.08.25,29,近大付属高校,近畿大学,近大付属高校 近畿大学,A,3,https://league-one.jp/player/484425,,,,,,Toyota Industries Shuttles Aichi (2022 - 2026)
Yamato Matsuoka,松岡 大和,FL,豊田自動織機シャトルズ愛知（2025-26）,178,94,1998.05.31,27,甲南高校,天理大学,甲南高校 天理大学,A,29,https://league-one.jp/player/484426,,,,,,Toyota Industries Shuttles Aichi (2021 - 2026)
Hiroaki Saito,齊藤 大朗,WTB,豊田自動織機シャトルズ愛知（2025-26）,181,92,1999.02.05,26,桐蔭学園高校,明治大学,桐蔭学園高校 明治大学,A,8,https://league-one.jp/player/484427,,,,,,Toyota Industries Shuttles Aichi (2021 - 2026)
Takumi Suzuki,鈴木 匠,FB,豊田自動織機シャトルズ愛知（2025-26）,184,89,1998.09.02,27,札幌山の手高校,大東文化大学,札幌山の手高校 大東文化大学,A,9,https://league-one.jp/player/484428,,,,,,Toyota Industries Shuttles Aichi (2023 - 2026)
Go Nakano,中野 豪,WTB,豊田自動織機シャトルズ愛知（2025-26）,170,85,1996.12.09,29,常翔啓光学園高校,天理大学,常翔啓光学園高校 天理大学,A,34,https://league-one.jp/player/484429,,,,,,Toyota Industries Shuttles Aichi (2021 - 2026)
Takumi Sue,末 拓実,SH,豊田自動織機シャトルズ愛知（2025-26）,165,66,1998.03.08,27,長崎北陽台高校,帝京大学,長崎北陽台高校 帝京大学,A,24,https://league-one.jp/player/484430,,,"U20,U23('17)",,,Toyota Industries Shuttles Aichi (2021 - 2026)
Taishi Nakamura,中村 大志,LO,豊田自動織機シャトルズ愛知（2025-26）,189,110,1995.09.05,30,大阪桐蔭高校,筑波大学,大阪桐蔭高校 筑波大学,A,32,https://league-one.jp/player/484431,,,高校('13),,,Toyota Industries Shuttles Aichi (2021 - 2026)
Tomoki Yamaguchi,山口 知貴,PR,豊田自動織機シャトルズ愛知（2025-26）,174,106,1994.09.28,31,天理高校,天理大学,天理高校 天理大学,A,39,https://league-one.jp/player/484432,,,,,,Toyota Industries Shuttles Aichi (2021 - 2026)
Takuya Tsushida,津志田 卓哉,PR,豊田自動織機シャトルズ愛知（2025-26）,182,110,1996.01.03,30,早稲田摂陵高校,東海大学,早稲田摂陵高校 東海大学,A,15,https://league-one.jp/player/484433,,,,,,Toyota Industries Shuttles Aichi (2021 - 2026)
Nobuhisa Takahashi,高橋 信之,PR,豊田自動織機シャトルズ愛知（2025-26）,180,120,1998.09.02,27,朝明高校,,朝明高校,A,23,https://league-one.jp/player/484434,,,,,,Toyota Industries Shuttles Aichi (2021 - 2026)
Raia Takashima,高島 來亜,SH,豊田自動織機シャトルズ愛知（2025-26）,184,77,2005.03.23,20,東海大学付属大阪仰星高校,,東海大学付属大阪仰星高校,A,1,https://league-one.jp/player/484435,,,,,,Toyota Industries Shuttles Aichi (2023 - 2026)
Shion Matsuda,松田 知恩,SO,豊田自動織機シャトルズ愛知（2025-26）,178,74,2004.12.06,21,東海大学付属大阪仰星高校,,東海大学付属大阪仰星高校,A,0,https://league-one.jp/player/484436,,,,,,Toyota Industries Shuttles Aichi (2023 - 2026)
Ken Tonobe,戸野部 謙,CTB,豊田自動織機シャトルズ愛知（2025-26）,177,92,2000.07.01,25,岐阜工業高校,大東文化大学,岐阜工業高校 大東文化大学,A,7,https://league-one.jp/player/484437,,,,,,Toyota Industries Shuttles Aichi (2023 - 2026)
Viliame Suwawa,ヴィリアミ ・スワワ,CTB,豊田自動織機シャトルズ愛知（2025-26）,184,103,1998.01.18,27,スヴァグラマー,拓殖大学,スヴァグラマー高校 拓殖大学,A,8,https://league-one.jp/player/484438,,,,,,Toyota Industries Shuttles Aichi (2023 - 2026)
Taleni Seu,タレニ ・セウ,No8,豊田自動織機シャトルズ愛知（2025-26）,201,119,1993.12.26,32,オネフンガ,,オネフンガ高校,C,34,https://league-one.jp/player/484439,,,,,,Toyota Industries Shuttles Aichi (2023 - 2026) -> New South Wales Waratahs (2023 - 2023) -> Toyota Industries Shuttles Aichi (2022 - 2022) -> New South Wales Waratahs (2022 - 2022) -> Toyota Industries Shuttles Aichi (2019 - 2022) -> Chiefs (2019 - 2019) -> Toyota Industries Shuttles Aichi (2018 - 2018) -> Chiefs (2015 - 2018)
Chance Peni,チャンス ・ペニ,WTB,豊田自動織機シャトルズ愛知（2025-26）,191,98,1994.01.17,31,サウスランドボーイズ,アランモアカソリックカレッジ,サウスランドボーイズ高校 アランモアカソリックカレッジ,A,31,https://league-one.jp/player/484440,,,,,,Toyota Industries Shuttles Aichi (2023 - 2026) -> Hino Red Dolphins (2019 - 2023) -> Brumbies (2017 - 2019) -> Western Force (2016 - 2017)
Takuma Oyama,大山 卓真,HO,豊田自動織機シャトルズ愛知（2025-26）,170,93,2001.12.25,24,報徳学園高校,同志社大学,報徳学園 同志社大学,A,18,https://league-one.jp/player/484441,,,,,,Not Found
Cheng Chao Yi,鄭 兆毅,FL,豊田自動織機シャトルズ愛知（2025-26）,185,105,1999.11.24,26,竹園高校,天理大学,竹園高校 天理大学,A,17,https://league-one.jp/player/484442,,,,,,Not Found
Taiga Matsuoka,松岡 大河,WTB,豊田自動織機シャトルズ愛知（2025-26）,171,80,2001.09.03,24,東福岡高校,京都産業大学,東福岡高校 京都産業大学,A,2,https://league-one.jp/player/484443,,,,,,Not Found
Christian Lealiifano,クリスチャン ・リアリーファノ,SO,豊田自動織機シャトルズ愛知（2025-26）,179,92,1987.09.24,38,ピーターララーセカンダリーカレ,,ピーターララーセカンダリーカレ,C,2,https://league-one.jp/player/486434,,,,,,Not Found
Ieremia Mataena,イエレミア ・マタエナ,PR,豊田自動織機シャトルズ愛知（2025-26）,180,120,1995.09.03,30,ケルストンボーイズ,摂南大学,ケルストンボーイズ高校 摂南大学,A,8,https://league-one.jp/player/488119,,,,,,Not Found
Liekina Kaufusi,リエキナ ・カウフシ,WTB,日本製鉄釜石シーウェイブス（2025-26）,182,98,1998.01.24,27,トンガ・カレッジ,日本文理大学,トンガ・カレッジ 日本文理大学,A,8,https://league-one.jp/player/484478,,,,,,Kamaishi Seawaves (2025 - 2026) -> Hanazono Kintetsu Liners (2022 - 2025)
Troy Hallett,トロイ ・ハレット,PR,日本製鉄釜石シーウェイブス（2025-26）,183,114,1995.09.24,30,リンカン・ハイ・スクール,,リンカン・ハイ・スクール,B,2,https://league-one.jp/player/484479,,,,,,Kamaishi Seawaves (2025 - 2026) -> Akita Northern Bullets (2024 - 2025)
Lulu Paea,ルル ・パエア,HO,日本製鉄釜石シーウェイブス（2025-26）,171,105,2003.06.03,22,セント・エドワーズ・カレッジ,,セント・エドワーズ・カレッジ,B,1,https://league-one.jp/player/484480,,,,,,Kamaishi Seawaves (2025 - 2026) -> BlackRams Tokyo (2024 - 2025)
Connor Seve,コナー ・セヴェ,LO,日本製鉄釜石シーウェイブス（2025-26）,201,116,2002.01.07,24,トリニティ・カレッジ,,トリニティ・カレッジ,B,0,https://league-one.jp/player/484481,,,,,,Kamaishi Seawaves (2025 - 2026) -> Moana Pasifika (2024 - 2025)
Shinnosuke Tafokitau Oka,岡 新之助タフォキタウ,SH,日本製鉄釜石シーウェイブス（2025-26）,173,81,1994.06.11,31,トンガ・カレッジ,大東文化大学,トンガ・カレッジ 大東文化大学,A,5,https://league-one.jp/player/484482,,,,,,Not Found
Paula Mahe,パウラ ・マヘ,CTB,日本製鉄釜石シーウェイブス（2025-26）,184,103,2000.08.06,25,セント・ピーターズ・ケンブリッジ,,セント・ピーターズ・ケンブリッジ,C,0,https://league-one.jp/player/484483,,,,,,Kamaishi Seawaves (2025 - 2026) -> Marlborough RFC (2024 - 2025) -> Dinamo Bucarest (2022 - 2024)
Koki Saito,齋藤 弘毅,CTB,日本製鉄釜石シーウェイブス（2025-26）,175,90,2002.09.21,23,流経大柏高高校,日本体育大学,流経大柏高 日本体育大学,A,0,https://league-one.jp/player/484484,,,,,,Kamaishi Seawaves (2025 - 2026) -> Nippon Sport Science University (2024 - 2025)
Gosuke Kawakami,川上 剛右,WTB,日本製鉄釜石シーウェイブス（2025-26）,173,85,1994.04.28,31,東福岡高校,関西学院大学,東福岡高校 関西学院大学,A,20,https://league-one.jp/player/484485,,,,,,Kamaishi Seawaves (2024 - 2026) -> Mitsubishi Sagamihara Dynaboars (2021 - 2022)
Mitchell Hunt,ミッチェル ・ハント,SO,日本製鉄釜石シーウェイブス（2025-26）,172,83,1995.06.19,30,ネルソン,,ネルソン高校,B,34,https://league-one.jp/player/484486,,,,,,Not Found
Angus Fletcher,アンガス ・フレッチャー,FL,日本製鉄釜石シーウェイブス（2025-26）,185,105,2000.06.21,25,ランギオラ,カンタベリー大学,ランギオラ高校 カンタベリー大学,B,5,https://league-one.jp/player/484487,,,,,,Kamaishi Seawaves (2024 - 2026) -> Tasman Mako (2022 - 2023)
Satoshi Hatazawa,畠澤 諭,LO,日本製鉄釜石シーウェイブス（2025-26）,193,114,1998.05.27,27,開志国際高校,立命館大学,開志国際高校 立命館大学,A,16,https://league-one.jp/player/484488,,,,,,Kamaishi Seawaves (2024 - 2026)
Satoshi Ueda,上田 聖,PR,日本製鉄釜石シーウェイブス（2025-26）,181,110,1989.04.08,36,鶴来高校,天理大学,鶴来高校 天理大学,A,33,https://league-one.jp/player/484489,,,,,,Kamaishi Seawaves (2024 - 2026) -> Green Rockets Tokatsu (2021 - 2024)
Kazushi Ochi,落 和史,SO,日本製鉄釜石シーウェイブス（2025-26）,182,93,2001.01.05,25,石見智翠館高校,大東文化大学,石見智翠館高校 大東文化大学,A,33,https://league-one.jp/player/484490,,,,,,Kamaishi Seawaves (2022 - 2026)
Darius Thomas,ダリエス ・トマス,WTB,日本製鉄釜石シーウェイブス（2025-26）,183,83,2003.10.20,22,仙台育英高校,,仙台育英高校,A,4,https://league-one.jp/player/484491,,,,,,Kamaishi Seawaves (2022 - 2026)
Osukalloyd Murata,村田 オスカロイド,CTB,日本製鉄釜石シーウェイブス（2025-26）,173,84,1994.01.02,32,フレッシュウォーター,東海大学,フレッシュウォーター高校 東海大学,A,31,https://league-one.jp/player/484492,,,,,,Not Found
Kohei Ishigaki,石垣 航平,FL,日本製鉄釜石シーウェイブス（2025-26）,183,110,1993.06.25,32,宮古高校,帝京大学,宮古高校 帝京大学,A,46,https://league-one.jp/player/484493,,,セブンズ日本(3),,,Kamaishi Seawaves (2022 - 2026) -> Munakata Sanix Blues (2021 - 2022)
Dallas Tatana,タタナ ダラス,LO,日本製鉄釜石シーウェイブス（2025-26）,189,107,1991.08.27,34,札幌山の手高校,東海大学,札幌山の手高校 東海大学,A,37,https://league-one.jp/player/484494,,,,,,Kamaishi Seawaves (2022 - 2026) -> Munakata Sanix Blues (2021 - 2022)
Daisuke Musha,武者 大輔,FL,日本製鉄釜石シーウェイブス（2025-26）,177,96,1990.05.18,35,仙台育英高校,法政大学,仙台育英高校 法政大学,A,23,https://league-one.jp/player/484495,,,,,,Kamaishi Seawaves (2022 - 2026)
Ryuji Abe,阿部 竜二,WTB,日本製鉄釜石シーウェイブス（2025-26）,167,80,1999.09.23,26,黒沢尻工業高校,関東学院大学,黒沢尻工業高校 関東学院大学,A,33,https://league-one.jp/player/484496,,,,,,Kamaishi Seawaves (2022 - 2026)
Takumi Tokairin,東海林 拓実,SH,日本製鉄釜石シーウェイブス（2025-26）,162,71,1999.06.14,26,山形中央高校,大東文化大学,山形中央高校 大東文化大学,A,9,https://league-one.jp/player/484497,,,,,,Kamaishi Seawaves (2022 - 2026)
Taiki Noguchi,野口 大貴,PR,日本製鉄釜石シーウェイブス（2025-26）,183,115,1999.04.20,26,北海道遠軽高校,大東文化大学,北海道遠軽高校 大東文化大学,A,32,https://league-one.jp/player/484498,,,,,,Kamaishi Seawaves (2022 - 2026)
Ken Chiba,千葉 健,WTB,日本製鉄釜石シーウェイブス（2025-26）,171,80,2002.08.30,23,青森山田高校,,青森山田高校,A,0,https://league-one.jp/player/484499,,,,,,Kamaishi Seawaves (2021 - 2026)
Kodai Ono,小野 航大,WTB,日本製鉄釜石シーウェイブス（2025-26）,170,82,1991.12.15,34,磐城高校,東海大学,磐城高校 東海大学,A,33,https://league-one.jp/player/484500,,,,,,Kamaishi Seawaves (2021 - 2026)
Katsuto Hatanaka,畠中 豪士,CTB,日本製鉄釜石シーウェイブス（2025-26）,178,90,1996.09.25,29,函館工業高校,大東文化大学,函館工業高校 大東文化大学,A,22,https://league-one.jp/player/484501,,,,,,Kamaishi Seawaves (2021 - 2026)
Gerdus Vanderwalt,ヘルダス ・ファンデルヴォルト,CTB,日本製鉄釜石シーウェイブス（2025-26）,184,102,1995.04.20,30,モニュメント,ヨハネスブルグ大学,モニュメント高校 ヨハネスブルグ大学,A,30,https://league-one.jp/player/484502,,,,,,Not Found
Yohei Murakami,村上 陽平,SH,日本製鉄釜石シーウェイブス（2025-26）,168,73,1998.05.20,27,仙台育英高校,日本大学,仙台育英高校 日本大学,A,49,https://league-one.jp/player/484503,,,,,,Kamaishi Seawaves (2021 - 2026)
Atsushi Minami,南 篤志,SH,日本製鉄釜石シーウェイブス（2025-26）,173,85,1993.08.06,32,清真学園高校,慶應義塾大学,清真学園高校 慶應義塾大学,A,43,https://league-one.jp/player/484504,,,,,,Kamaishi Seawaves (2021 - 2026)
Naoki Ouno,王野 尚希,HO,日本製鉄釜石シーウェイブス（2025-26）,176,102,1996.09.04,29,東海大学付属相模高校,東海大学,東海大学付属相模高校 東海大学,A,30,https://league-one.jp/player/484505,,,,,,Kamaishi Seawaves (2021 - 2026)
Ryota Kono,河野 良太,FL,日本製鉄釜石シーウェイブス（2025-26）,169,90,1995.12.07,30,中部大学春日丘高校,大東文化大学,中部大学春日丘高校 大東文化大学,A,47,https://league-one.jp/player/484506,,,,,,Kamaishi Seawaves (2021 - 2026)
Benjamin Nee-Nee,ベンジャミン ・ニーニー,FL,日本製鉄釜石シーウェイブス（2025-26）,200,117,1993.05.12,32,ボタニーダウンズ・セカンダリーカレッジ,,ボタニーダウンズ・セカンダリーカレッジ,C,49,https://league-one.jp/player/484507,,,,,,Not Found
Ryunosuke Yamada,山田 龍之介,LO,日本製鉄釜石シーウェイブス（2025-26）,188,105,1991.10.12,34,大泉高校,立教大学,大泉高校 立教大学,A,30,https://league-one.jp/player/484508,,,,,,Kamaishi Seawaves (2021 - 2026)
Taiki Ito,伊藤 大輝,HO,日本製鉄釜石シーウェイブス（2025-26）,176,106,1994.05.17,31,若狭東高校,,若狭東高校,A,52,https://league-one.jp/player/484509,,,,,,Kamaishi Seawaves (2021 - 2026)
Shodai Osada,長田 将大,PR,日本製鉄釜石シーウェイブス（2025-26）,180,115,1998.06.01,27,関東学院六浦高校,関東学院大学,関東学院六浦高校 関東学院大学,A,3,https://league-one.jp/player/484510,,,,,,Kamaishi Seawaves (2023 - 2026)
Yusuke Yamada,山田 裕介,PR,日本製鉄釜石シーウェイブス（2025-26）,175,105,1998.03.11,27,御所実業高校,,御所実業高校,A,31,https://league-one.jp/player/484511,,,"U20,U23('18)",,,Kamaishi Seawaves (2023 - 2026) -> Toyota Industries Shuttles Aichi (2021 - 2022)
Suguru Aoyagi,青柳 魁,PR,日本製鉄釜石シーウェイブス（2025-26）,173,106,2001.03.14,24,聖光学院高校,八戸学院大学,聖光学院高等学校 八戸学院大学,A,4,https://league-one.jp/player/484512,,,,,,Not Found
Taichi Takahashi,高橋 泰地,FL,日本製鉄釜石シーウェイブス（2025-26）,179,94,1999.12.04,26,秋田工業高校,日本体育大学,秋田工業高校 日本体育大学,A,5,https://league-one.jp/player/484513,,,,,,Toyota Verblitz (2019 - 2026)
Mosese Tonga,トンガ モセセ,CTB,日本製鉄釜石シーウェイブス（2025-26）,173,102,1992.04.05,33,日本航空高校石川,天理大学,日本航空高校石川 天理大学,A,32,https://league-one.jp/player/484514,,,,,,Kamaishi Seawaves (2023 - 2026) -> Hino Red Dolphins (2021 - 2022)
Ryo Kikkawa,吉川 遼,FB,日本製鉄釜石シーウェイブス（2025-26）,178,86,1996.03.21,29,国学院久我山高校,ワイカト大学,国学院久我山高校 ワイカト大学,A,15,https://league-one.jp/player/484515,,,,,,Kamaishi Seawaves (2023 - 2025) -> Hino Red Dolphins (2021 - 2023)
Sei Matsuyama,松山 青,PR,日本製鉄釜石シーウェイブス（2025-26）,182,110,2001.11.28,24,岐阜工業岐高校,大東文化大学,岐阜工業岐高校 大東文化大学,A,10,https://league-one.jp/player/484516,,,,,,Kamaishi Seawaves (2023 - 2026)
Yuga Suzuki,鈴木 雄海,LO,日本製鉄釜石シーウェイブス（2025-26）,186,100,2001.11.06,24,金足農業高校,大東文化大学,金足農業高等学校 大東文化大学,A,0,https://league-one.jp/player/484517,,,,,,Kamaishi Seawaves (2024 - 2026) -> Daito Bunka University (2023 - 2024)
Kaisei Takai,高居 海靖,FB,日本製鉄釜石シーウェイブス（2025-26）,182,90,2001.07.06,24,御所実業高校,専修大学,御所実業高校 専修大学,A,5,https://league-one.jp/player/484518,,,,,,Kamaishi Seawaves (2023 - 2026)
Daiki Kon,今 大輝,FB,日本製鉄釜石シーウェイブス（2025-26）,182,82,2001.08.17,24,青森山田高校,山梨学院大学,青森山田高校 山梨学院大学,A,1,https://league-one.jp/player/484519,,,,,,Kamaishi Seawaves (2024 - 2026)
Riku Takahashi,高橋 璃玖,PR,日本製鉄釜石シーウェイブス（2025-26）,176,119,2001.04.07,24,秋田工業高校,國學院大学,秋田工業高校 國學院大学,A,9,https://league-one.jp/player/484520,,,,,,Kamaishi Seawaves (2024 - 2026)
Hayato Nishibayashi,西林 勇登,HO,日本製鉄釜石シーウェイブス（2025-26）,175,100,2001.04.29,24,御所実業高校,大東文化大学,御所実業高校 大東文化大学,A,12,https://league-one.jp/player/484521,,,,,,Kamaishi Seawaves (2024 - 2026)
Sam Henwood,サム ・ヘンウッド,No8,日本製鉄釜石シーウェイブス（2025-26）,186,107,1991.03.28,34,キングスカレッジ,キングス大学,キングスカレッジ キングス大学,A,40,https://league-one.jp/player/488127,,,,,,Kamaishi Seawaves (2020 - 2026) -> Green Rockets Tokatsu (2019 - 2020) -> Counties Manukau Steelers (2019 - 2019) -> Hurricanes (2019 - 2019) -> Counties Manukau Steelers (2018 - 2018) -> Hurricanes (2017 - 2018) -> Chiefs (2015 - 2016)
Peter Umaga Jensen,ピーター ・ウマガ=ジェンセン,CTB,花園近鉄ライナーズ（2025-26）,187,106,1997.12.31,28,ワイヌイオマタハイスクール-スコッツカレッジ,,ワイヌイオマタハイスクール-スコッツカレッジ,C,2,https://league-one.jp/player/484522,,,,,,Hanazono Kintetsu Liners (2025 - 2026) -> Hurricanes (2024 - 2025) -> Wellington Lions (2024 - 2024) -> Hurricanes (2024 - 2024) -> Wellington Lions (2023 - 2023) -> Hurricanes (2023 - 2023) -> Wellington Lions (2023 - 2023) -> Hurricanes (2023 - 2023) -> Wellington Lions (2022 - 2022) -> Hurricanes (2022 - 2022) -> Wellington Lions (2022 - 2022) -> Hurricanes (2022 - 2022) -> Wellington Lions (2021 - 2021) -> Hurricanes (2021 - 2021) -> Wellington Lions (2021 - 2021) -> Hurricanes (2021 - 2021) -> Wellington Lions (2020 - 2020) -> Hurricanes (2020 - 2020) -> Wellington Lions (2020 - 2020) -> Hurricanes (2020 - 2020) -> Wellington Lions (2019 - 2019) -> Hurricanes (2017 - 2019)
Burger Odendaal,バーガー ・オーデンダール,CTB,花園近鉄ライナーズ（2025-26）,187,106,1993.04.15,32,モニュメントハイスクール,プレトリア大学,モニュメントハイスクール プレトリア大学,B,12,https://league-one.jp/player/484523,,,,,,Hanazono Kintetsu Liners (2025 - 2026) -> Northampton Saints (2023 - 2025) -> Toshiba Brave Lupus Tokyo (2023 - 2023) -> Wasps (2023 - 2023) -> Toshiba Brave Lupus Tokyo (2022 - 2022) -> Wasps (2022 - 2022) -> Lions Rugby (2020 - 2022) -> Bulls (2014 - 2020)
Ryno Pieterse,ライノ ・ピータース,LO,花園近鉄ライナーズ（2025-26）,197,114,1998.08.06,27,ホエルスクール・ガルスフォンテン,,ホエルスクール・ガルスフォンテン,B,2,https://league-one.jp/player/484524,,,,,,Hanazono Kintetsu Liners (2025 - 2026) -> FC Grenoble Rugby (2024 - 2025) -> Castres Olympique (2020 - 2024) -> Bulls (2019 - 2020) -> Blue Bulls (2018 - 2019)
Kiran McDonald,キラン ・マクドナルド,LO,花園近鉄ライナーズ（2025-26）,202,115,1994.11.01,31,ボクレアアカデミー,,ボクレアアカデミー,B,0,https://league-one.jp/player/484525,,,,,,Hanazono Kintetsu Liners (2025 - 2026) -> Newcastle (2023 - 2025) -> Wasps (2023 - 2023) -> Munster Rugby (2023 - 2023) -> Wasps (2022 - 2022) -> Munster Rugby (2022 - 2022) -> Glasgow Warriors (2017 - 2022)
Yuma Nakagawa,中川 湧眞,WTB,花園近鉄ライナーズ（2025-26）,169,76,2002.07.02,23,京都成章高校,東海大学,京都成章高校 東海大学,A,0,https://league-one.jp/player/484526,,,,,,Hanazono Kintetsu Liners (2025 - 2026) -> Tokai University (2024 - 2025)
Keita Fujiwara,藤原 恵太,SH,花園近鉄ライナーズ（2025-26）,174,76,1994.06.27,31,天理高校,天理大学,天理高校 天理大学,A,39,https://league-one.jp/player/484527,,,,,,Hanazono Kintetsu Liners (2025 - 2026) -> Toyota Industries Shuttles Aichi (2021 - 2025)
Shoma Makinouchi,牧野内 翔馬,LO,花園近鉄ライナーズ（2025-26）,190,107,1994.11.05,31,東福岡高校,法政大学,東福岡高校 法政大学,A,23,https://league-one.jp/player/484528,,,高校('12),,,Hanazono Kintetsu Liners (2025 - 2026) -> Toyota Industries Shuttles Aichi (2022 - 2025) -> Munakata Sanix Blues (2021 - 2022)
Shohei Hirano,平野 翔平,PR,花園近鉄ライナーズ（2025-26）,178,123,1993.08.03,32,東福岡高校,東海大学,東福岡高校 東海大学,A,23,https://league-one.jp/player/484529,,,U23('13),,,Hanazono Kintetsu Liners (2025 - 2026) -> Saitama Wild Knights (2021 - 2025)
Sotaro Matsunaga,松永 壮太朗,FL,花園近鉄ライナーズ（2025-26）,187,100,2002.07.04,23,京都工学院高校,京都産業大学,京都工学院高校 京都産業大学,A,0,https://league-one.jp/player/484530,,,,,,Hanazono Kintetsu Liners (2025 - 2026) -> Kyoto Sangyo University (2024 - 2025)
Ryuji Kobayashi,小林 龍司,PR,花園近鉄ライナーズ（2025-26）,178,109,2002.10.10,23,御所実業高校,帝京大学,御所実業高校 帝京大学,A,0,https://league-one.jp/player/484531,,,,,,Hanazono Kintetsu Liners (2025 - 2026) -> Teikyo University (2024 - 2025)
Ryushin Sone,曽根 隆慎,PR,花園近鉄ライナーズ（2025-26）,174,103,2002.07.24,23,大阪産業大学附属高校,京都産業大学,大阪産業大学附属高校 京都産業大学,A,0,https://league-one.jp/player/484532,,,,,,Hanazono Kintetsu Liners (2025 - 2026) -> Kyoto Sangyo University (2024 - 2025)
Simeone Schmidt,シミオネ ・シュミット,LO,花園近鉄ライナーズ（2025-26）,195,118,2001.04.15,24,セントルグナティウスカレッジ,帝京大学,セントルグナティウスカレッジ 帝京大学,A,4,https://league-one.jp/player/484533,,,,,,Hanazono Kintetsu Liners (2024 - 2026)
Hiroki Kumoyama,雲山 弘貴,FB,花園近鉄ライナーズ（2025-26）,187,92,1999.07.18,26,報徳学園高校,明治大学,報徳学園高校 明治大学,A,18,https://league-one.jp/player/484534,,,高校('17),,,Hanazono Kintetsu Liners (2024 - 2026) -> Tokyo Sungoliath (2022 - 2024) -> Sunwolves (2019 - 2020) -> Meiji University (2018 - 2019)
Timo Sufia,ティモ ・スフィア,CTB,花園近鉄ライナーズ（2025-26）,180,105,1996.11.07,29,アロフィ・オ・タオア,朝日大学,アロフィ・オ・タオア 朝日大学,A,10,https://league-one.jp/player/484535,,,セブンズ日本(14),,,Hanazono Kintetsu Liners (2024 - 2026)
Rintaro Maruyama,丸山 凜太朗,SO,花園近鉄ライナーズ（2025-26）,175,81,1999.12.17,26,東福岡高校,東海大学,東福岡高校 東海大学,A,15,https://league-one.jp/player/484536,,,"高校('17)、U20('19)、U23('19,'20)",,,Hanazono Kintetsu Liners (2024 - 2026) -> Toyota Verblitz (2022 - 2024)
Will Harrison,ウィル ・ハリソン,SO,花園近鉄ライナーズ（2025-26）,178,83,1999.07.30,26,マーサリン・カレッジ・ランドウィック,,マーサリン・カレッジ・ランドウィック,B,9,https://league-one.jp/player/484537,,,,,,Hanazono Kintetsu Liners (2024 - 2026) -> New South Wales Waratahs (2018 - 2024)
Akira Ioane,アキラ ・イオアネ,No8,花園近鉄ライナーズ（2025-26）,196,123,1995.06.16,30,Aucklandgrammar,,Aucklandgrammar,C,13,https://league-one.jp/player/484538,,,NZ代表(21),,,Hanazono Kintetsu Liners (2024 - 2026) -> Auckland (2024 - 2024) -> Blues (2024 - 2024) -> Auckland (2023 - 2023) -> Blues (2023 - 2023) -> Auckland (2023 - 2023) -> Blues (2023 - 2023) -> Auckland (2022 - 2022) -> Blues (2022 - 2022) -> Auckland (2022 - 2022) -> Blues (2022 - 2022) -> Auckland (2021 - 2021) -> Blues (2020 - 2021) -> Auckland (2020 - 2020) -> Blues (2020 - 2020) -> Auckland (2019 - 2019) -> Blues (2014 - 2019)
Mitchell Brown,ミッチェル ・ブラウン,LO,花園近鉄ライナーズ（2025-26）,194,108,1993.08.15,32,NewPlymouthBoysHighschool,,NewPlymouthBoysHighschool,B,27,https://league-one.jp/player/484539,,,,,,Hanazono Kintetsu Liners (2024 - 2026) -> Yokohama Canon Eagles (2022 - 2024) -> Taranaki Bulls (2022 - 2022) -> Chiefs (2022 - 2022) -> Taranaki Bulls (2021 - 2021) -> Chiefs (2021 - 2021) -> Taranaki Bulls (2021 - 2021) -> Chiefs (2021 - 2021) -> Taranaki Bulls (2020 - 2020) -> Chiefs (2020 - 2020) -> Taranaki Bulls (2020 - 2020) -> Chiefs (2020 - 2020) -> Taranaki Bulls (2019 - 2019) -> Chiefs (2015 - 2019)
Shintaro Okamoto,岡本 慎太郎,PR,花園近鉄ライナーズ（2025-26）,182,111,1996.04.12,29,京都成章高校,帝京大学,京都成章高校 帝京大学,A,33,https://league-one.jp/player/484540,,,,,,Hanazono Kintetsu Liners (2024 - 2026) -> Shizuoka Blue Revs (2021 - 2024)
Vincent sefo,ヴィンセント ・セフォ,CTB,花園近鉄ライナーズ（2025-26）,190,105,2003.06.06,22,ブリスベンステートハイスクール,,ブリスベンステートハイスクール,B,5,https://league-one.jp/player/484541,,,,,,Hanazono Kintetsu Liners (2022 - 2026)
Ryo Iwakami,岩上 龍,PR,花園近鉄ライナーズ（2025-26）,178,119,2000.09.29,25,目黒学院高校,日本大学,目黒学院高等学校 日本大学,A,6,https://league-one.jp/player/484542,,,,,,Hanazono Kintetsu Liners (2022 - 2026)
Sho Fukui,福井 翔,HO,花園近鉄ライナーズ（2025-26）,172,92,2000.05.06,25,東福岡高校,帝京大学,東福岡高校 帝京大学,A,12,https://league-one.jp/player/484543,,,高校('18),,,Hanazono Kintetsu Liners (2022 - 2026)
Shu Umemura,梅村 柊羽,FL,花園近鉄ライナーズ（2025-26）,183,96,2001.03.02,24,関商高校,東洋大学,関商高等学校 東洋大学,A,6,https://league-one.jp/player/484544,,,,,,Hanazono Kintetsu Liners (2022 - 2026)
Yushi Inoue,井上 優士,PR,花園近鉄ライナーズ（2025-26）,183,111,2000.07.21,25,筑紫高校,東海大学,筑紫高等学校 東海大学,A,21,https://league-one.jp/player/484545,,,,,,Hanazono Kintetsu Liners (2022 - 2026)
Taiki Miyashita,宮下 大輝,FL,花園近鉄ライナーズ（2025-26）,181,100,1999.08.10,26,報徳学園高校,立命館大学,報徳学園高校 立命館大学,A,28,https://league-one.jp/player/484546,,,,,,Hanazono Kintetsu Liners (2022 - 2026)
Takahiro Hayashi,林 隆広,WTB,花園近鉄ライナーズ（2025-26）,176,86,2000.02.03,25,石見智翠館高校,東海大学,石見智翠館高等学校 東海大学,A,13,https://league-one.jp/player/484547,,,,,,Hanazono Kintetsu Liners (2021 - 2026)
Kensho Kawamura,河村 謙尚,SH,花園近鉄ライナーズ（2025-26）,171,75,1999.10.14,26,常翔学園高校,早稲田大学,常翔学園高校 早稲田大学,A,17,https://league-one.jp/player/484548,,,,,,Hanazono Kintetsu Liners (2022 - 2026)
Reiya Ueyama,上山 黎哉,HO,花園近鉄ライナーズ（2025-26）,175,95,1999.09.28,26,大阪桐蔭高校,帝京大学,大阪桐蔭高校 帝京大学,A,10,https://league-one.jp/player/484549,,,,,,Hanazono Kintetsu Liners (2021 - 2026)
Lata Tangimana,ラタ ・タンギマナ,PR,花園近鉄ライナーズ（2025-26）,183,119,1998.01.23,27,トンガカレッジ,日本文理大学,トンガカレッジ 日本文理大学,A,43,https://league-one.jp/player/484550,,,,,,Hanazono Kintetsu Liners (2021 - 2026)
Kotaro Takahashi,高橋 虎太郎,PR,花園近鉄ライナーズ（2025-26）,177,106,2000.02.23,25,報徳学園高校,天理大学,報徳学園高校 天理大学,A,6,https://league-one.jp/player/484551,,,,,,Hanazono Kintetsu Liners (2021 - 2026)
Yoshizumi Takeda,竹田 宜純,FB,花園近鉄ライナーズ（2025-26）,180,93,1991.04.29,34,御所実業高校,帝京大学,御所実業高校 帝京大学,A,17,https://league-one.jp/player/484552,,,高校('09)、U20('11),,,Hanazono Kintetsu Liners (2020 - 2026) -> Sunwolves (2019 - 2020) -> Toyota Verblitz (2014 - 2019)
Tomoya Kimura,木村 朋也,WTB,花園近鉄ライナーズ（2025-26）,175,79,1998.04.04,27,伏見工業高校,帝京大学,伏見工業高校 帝京大学,A,32,https://league-one.jp/player/484553,,,,,,Hanazono Kintetsu Liners (2021 - 2026)
Ren Takano,高野 蓮,WTB,花園近鉄ライナーズ（2025-26）,175,83,1996.07.19,29,東福岡高校,同志社大学,東福岡高校 同志社大学,A,7,https://league-one.jp/player/484554,,,U20('16)、セブンズ日本(1),,,Hanazono Kintetsu Liners (2022 - 2026)
Koji Okamura,岡村 晃司,CTB,花園近鉄ライナーズ（2025-26）,170,84,1998.06.12,27,御所実業高校,帝京大学,御所実業高校 帝京大学,A,50,https://league-one.jp/player/484555,,,,,,Hanazono Kintetsu Liners (2021 - 2026)
Ryosuke Kataoka,片岡 涼亮,WTB,花園近鉄ライナーズ（2025-26）,172,83,1997.10.22,28,流通経済大学付属柏高校,立命館大学,流通経済大学付属柏高校 立命館大学,A,34,https://league-one.jp/player/484556,,,,,,Hanazono Kintetsu Liners (2021 - 2026)
Akihide Onogi,小野木 晃英,CTB,花園近鉄ライナーズ（2025-26）,171,84,1997.07.31,28,大阪産業大学付属高校,東海大学,大阪産業大学付属高校 東海大学,A,9,https://league-one.jp/player/484557,,,,,,Hanazono Kintetsu Liners (2021 - 2026)
Takumi Yoshimoto,吉本 匠,CTB,花園近鉄ライナーズ（2025-26）,171,84,1997.11.16,28,常翔学園高校,立命館大学,常翔学園高校 立命館大学,A,16,https://league-one.jp/player/484558,,,,,,Hanazono Kintetsu Liners (2021 - 2026)
Patrick Stehlin,ステイリン パトリック,CTB,花園近鉄ライナーズ（2025-26）,178,99,1992.12.15,33,セント・トーマス・オブ・カンタベリー・カレッジ,拓殖大学,セント・トーマス・オブ・カンタベリー・カレッジ 拓殖大学,A,25,https://league-one.jp/player/484559,,,,,,Hanazono Kintetsu Liners (2021 - 2026)
Daisuke Noguchi,野口 大輔,SO,花園近鉄ライナーズ（2025-26）,178,88,1993.06.14,32,東海大学付属仰星高校,東海大学,東海大学付属仰星高校 東海大学,A,16,https://league-one.jp/player/484560,,,,,,Hanazono Kintetsu Liners (2021 - 2026)
Keitaro Hitora,人羅 奎太郎,SH,花園近鉄ライナーズ（2025-26）,165,70,1998.12.11,27,東海大学付属仰星高校,同志社大学,東海大学付属仰星高校 同志社大学,A,41,https://league-one.jp/player/484561,,,,,,Hanazono Kintetsu Liners (2021 - 2026)
Tomoya Nakamura,中村 友哉,SH,花園近鉄ライナーズ（2025-26）,162,66,1998.06.25,27,伏見工業高校,東海大学,伏見工業高校 東海大学,A,21,https://league-one.jp/player/484562,,,,,,Hanazono Kintetsu Liners (2021 - 2026)
Hayato Yokoi,横井 隼,FL,花園近鉄ライナーズ（2025-26）,181,97,1997.07.29,28,石見智翠館高校,東海大学,石見智翠館高等学校 東海大学,A,20,https://league-one.jp/player/484563,,,,,,Hanazono Kintetsu Liners (2021 - 2026)
Jed Brown,ジェド ・ブラウン,FL,花園近鉄ライナーズ（2025-26）,185,100,1991.03.12,34,バーンサイドハイスクール,,バーンサイドハイスクール,A,30,https://league-one.jp/player/484564,,,,,,Hanazono Kintetsu Liners (2019 - 2026) -> Blues (2018 - 2019) -> Crusaders (2015 - 2017)
Takahito Sugahara,菅原 貴人,FL,花園近鉄ライナーズ（2025-26）,185,101,1996.09.22,29,御所実業高校,帝京大学,御所実業高校 帝京大学,A,47,https://league-one.jp/player/484565,,,,,,Hanazono Kintetsu Liners (2021 - 2026)
Shohei Nonaka,野中 翔平,FL,花園近鉄ライナーズ（2025-26）,183,99,1995.11.17,30,東海大学付属仰星高校,同志社大学,東海大学付属仰星高校 同志社大学,A,55,https://league-one.jp/player/484566,,,,,,Hanazono Kintetsu Liners (2021 - 2026)
Patrick Tafa,パトリック ・タファ,FL,花園近鉄ライナーズ（2025-26）,195,122,1999.07.19,26,ブリスベンステートハイスクール,,ブリスベンステートハイスクール,A,43,https://league-one.jp/player/484567,,,,,,Hanazono Kintetsu Liners (2021 - 2026) -> Green Rockets Tokatsu (2020 - 2021) -> New South Wales Waratahs (2018 - 2020)
Sanaila Waqa,サナイラ ・ワクァ,LO,花園近鉄ライナーズ（2025-26）,202,125,1995.07.17,30,ヘイスティングスボーイズ高高校,,ヘイスティングスボーイズ高,A,41,https://league-one.jp/player/484568,,,日本代表(10),,,Hanazono Kintetsu Liners (2020 - 2026) -> Green Rockets Tokatsu (2017 - 2020)
Kazuma Matsuda,松田 一真,HO,花園近鉄ライナーズ（2025-26）,172,94,1998.08.22,27,常翔学園高校,流通経済大学,常翔学園高校 流通経済大学,A,32,https://league-one.jp/player/484569,,,,,,Hanazono Kintetsu Liners (2021 - 2026)
Keiichi Kaneko,金子 惠一,HO,花園近鉄ライナーズ（2025-26）,177,98,1996.08.19,29,東福岡高校,中央大学,東福岡高校 中央大学,A,46,https://league-one.jp/player/484570,,,"U20,U23('16)",,,Hanazono Kintetsu Liners (2021 - 2026)
Yuchol Mun,文 裕徹,PR,花園近鉄ライナーズ（2025-26）,180,110,1999.02.09,26,大阪朝鮮高級学校,同志社大学,大阪朝鮮高級学校 同志社大学,A,29,https://league-one.jp/player/484571,,,,,,Hanazono Kintetsu Liners (2021 - 2026)
Kenta Tanaka,田中 健太,PR,花園近鉄ライナーズ（2025-26）,177,103,1994.02.03,31,大阪桐蔭高校,明治大学,大阪桐蔭高校 明治大学,A,49,https://league-one.jp/player/484572,,,,,,Hanazono Kintetsu Liners (2021 - 2026)
Daiki Ishiura,石浦 大貴,FL,花園近鉄ライナーズ（2025-26）,178,95,2002.01.18,23,報徳学園高校,明治大学,報徳学園 明治大学,A,0,https://league-one.jp/player/484573,,,,,,Hanazono Kintetsu Liners (2025 - 2026) -> Meiji University (2024 - 2025)
Takehito Ekawa,江川 剛人,WTB,花園近鉄ライナーズ（2025-26）,183,88,2000.08.19,25,桐蔭学園高校,立命館大学,桐蔭学園 立命館大学,A,8,https://league-one.jp/player/484574,,,,,,Hanazono Kintetsu Liners (2023 - 2026)
Manie Libbok,マニー ・リボック,SO,花園近鉄ライナーズ（2025-26）,184,79,1997.07.15,28,アウテニカハイスクール,TEAカレッジ,アウテニカハイスクール TEAカレッジ,C,2,https://league-one.jp/player/486517,,,,,,Hanazono Kintetsu Liners (2025 - 2026) -> Stormers (2021 - 2025) -> Sharks (2020 - 2021) -> Bulls (2020 - 2020) -> Sharks (2019 - 2019) -> Bulls (2017 - 2019)
Riku Kitahara,北原 璃久,SO,三重ホンダヒート（2025-26）,170,78,1999.03.30,26,國學院大學久我山高校,オタゴ大学,國學院大學久我山高校 オタゴ大学,A,13,https://league-one.jp/player/484659,,,,,,Mie Honda Heat RFC (2025 - 2026) -> AZ-COM Maruwa Momotaro's (2024 - 2025) -> Hamilton Old Boys (2023 - 2024) -> Hino Red Dolphins (2021 - 2023)
Ben Paltridge,ベン ・ポルトリッジ,WTB,三重ホンダヒート（2025-26）,177,87,1992.09.21,33,オークランド大学高校,,オークランド大学,A,22,https://league-one.jp/player/484660,,,,,,Mie Honda Heat RFC (2025 - 2026) -> Mitsubishi Sagamihara Dynaboars (2021 - 2025)
Kazuki Ban,坂 和樹,PR,三重ホンダヒート（2025-26）,181,105,1997.09.22,28,明治大学付属中野八王子高校,明治大学,明治大学付属中野八王子高校 明治大学,A,11,https://league-one.jp/player/484661,,,,,,Mie Honda Heat RFC (2025 - 2026) -> Urayasu D-Rocks (2022 - 2025)
Yuta Shirasaka,白坂 佑太,FL,三重ホンダヒート（2025-26）,180,102,2002.11.29,23,中部大学春日丘高校,防衛大学校,中部大学春日丘高等学校 防衛大学校,A,0,https://league-one.jp/player/484662,,,,,,Mie Honda Heat RFC (2025 - 2026) -> National Defense Academy (2024 - 2025)
Manu Akauora,マヌ ・アカウオラ,WTB,三重ホンダヒート（2025-26）,177,90,2001.10.27,24,ロトルアボーイズハイスクール,花園大学,ロトルアボーイズハイスクール 花園大学,A,0,https://league-one.jp/player/484663,,,,,,Not Found
Rakuhei Yamashita,山下 楽平,FB,三重ホンダヒート（2025-26）,175,85,1992.01.30,33,常翔啓光学園高校,京都産業大学,常翔啓光学園高等学校 京都産業大学,A,56,https://league-one.jp/player/484664,,,セブンズ日本(2),,,Mie Honda Heat RFC (2025 - 2026) -> Kobelco Kobe Steelers (2021 - 2025)
Aseri Masivou,アセリ ・マシヴォウ,No8,三重ホンダヒート（2025-26）,189,113,1997.03.09,28,ケルストンボーイズ,拓殖大学,ケルストンボーイズ高校 拓殖大学,A,55,https://league-one.jp/player/484665,,,セブンズ日本(3),,,Mie Honda Heat RFC (2025 - 2026) -> Green Rockets Tokatsu (2021 - 2025)
Trevor Hosea,トレヴァ ・ホゼア,LO,三重ホンダヒート（2025-26）,204,118,1999.11.24,26,ブリスベンステート高高校,,ブリスベンステート高,B,27,https://league-one.jp/player/484666,,,,,,Mie Honda Heat RFC (2025 - 2026) -> Tokyo Sungoliath (2023 - 2025) -> Melbourne Rebels (2018 - 2023)
Haruto Takahashi,高橋 陽大,PR,三重ホンダヒート（2025-26）,185,116,2002.06.29,23,ロトルアボーイズハイスクール,,ロトルアボーイズハイスクール,A,0,https://league-one.jp/player/484667,,,,,,Mie Honda Heat RFC (2025 - 2026) -> Kobelco Kobe Steelers (2021 - 2025)
Tevita Ikanivere,テビタ ・イカニヴェレ,HO,三重ホンダヒート（2025-26）,183,113,1999.09.06,26,登録区分：カテゴリC,,登録区分：カテゴリC,C,3,https://league-one.jp/player/484668,,,,,,Mie Honda Heat RFC (2025 - 2026) -> Fijian Drua (2021 - 2025) -> Suva Rugby Union (2020 - 2021)
Ren Toma,當眞 蓮,HO,三重ホンダヒート（2025-26）,176,100,2002.08.01,23,流通経済大学付属柏高校,帝京大学,流通経済大学付属柏高等学校 帝京大学,A,2,https://league-one.jp/player/484669,,,,,,Mie Honda Heat RFC (2025 - 2026) -> Teikyo University (2025 - 2025) -> Mie Honda Heat RFC (2024 - 2024) -> Teikyo University (2023 - 2024)
Ryutaro Nakayama,中山 竜太朗,FL,三重ホンダヒート（2025-26）,185,104,2002.10.08,23,東海大学付属大阪仰星高校,東海大学,東海大学付属大阪仰星高等学校 東海大学,A,0,https://league-one.jp/player/484670,,,,,,Mie Honda Heat RFC (2025 - 2026) -> Tokai University (2024 - 2025)
FC Du Plessis,FC ・デュプレッシー,FB,三重ホンダヒート（2025-26）,186,92,2001.02.07,24,グレイカレッジ,,グレイカレッジ,B,5,https://league-one.jp/player/484671,,,,,,Mie Honda Heat RFC (2024 - 2026) -> Bulls (2022 - 2023) -> Rugby Club Toulonnais (2019 - 2021) -> Grey College (2018 - 2019)
Sam Sheperd,サム ・シェパード,LO,三重ホンダヒート（2025-26）,200,113,2001.09.12,24,キングス,,キングス高校,B,0,https://league-one.jp/player/484672,,,,,,Not Found
Lemeki Lomano Lava,レメキ ロマノラヴァ,UTB,三重ホンダヒート（2025-26）,178,95,1989.01.20,36,リストンカレッジ,,リストンカレッジ,A,50,https://league-one.jp/player/484673,,,日本代表(20),,,Not Found
Larry Sulunga,ラリー ・スルンガ,WTB,三重ホンダヒート（2025-26）,184,109,1998.10.22,27,トゥポウカレッジ,,トゥポウカレッジ,A,45,https://league-one.jp/player/484674,,,セブンズ日本(2),,,Mie Honda Heat RFC (2024 - 2026) -> Urayasu D-Rocks (2022 - 2024) -> Red Hurricanes Osaka (2021 - 2022)
Johnny Faauli,ジョニー ・ファアウリ,CTB,三重ホンダヒート（2025-26）,183,100,1995.09.13,30,セントケンティガンカレッジ,,セントケンティガンカレッジ,A,23,https://league-one.jp/player/484675,,,セブンズ日本(3),,,Not Found
Manu Vunipola,マヌ ・ヴニポラ,SO,三重ホンダヒート（2025-26）,180,93,2000.05.04,25,ハロウ,,ハロウ高校,B,11,https://league-one.jp/player/484676,,,,,,Mie Honda Heat RFC (2024 - 2026) -> Ampthill Rugby (2024 - 2024) -> Saracens (2024 - 2024) -> Ampthill Rugby (2023 - 2023) -> Saracens (2018 - 2023)
Feinga Fakai,フェインガ ・ファカイ,PR,三重ホンダヒート（2025-26）,180,116,1997.07.06,28,日本航空石川高校,京都産業大学,日本航空石川高校 京都産業大学,A,27,https://league-one.jp/player/484677,,,,,,Mie Honda Heat RFC (2024 - 2026) -> Kurita Water Gush Akishima (2021 - 2023)
Talifolofola Tangipa,タリフォロフォラ ・タンギパ,No8,三重ホンダヒート（2025-26）,186,117,1996.05.21,29,ケルストンボーイズ,摂南大学,ケルストンボーイズ高校 摂南大学,A,45,https://league-one.jp/player/484678,,,,,,Mie Honda Heat RFC (2024 - 2026) -> Toyota Industries Shuttles Aichi (2021 - 2024)
Tevita Tupou,ツポウ テビタ,FL,三重ホンダヒート（2025-26）,185,102,1991.09.26,34,日本航空石川高校,大東文化大学,日本航空石川 大東文化大学,A,27,https://league-one.jp/player/484679,,,,,,Mie Honda Heat RFC (2024 - 2026) -> Hanazono Kintetsu Liners (2020 - 2024) -> Sunwolves (2019 - 2020) -> Saitama Wild Knights (2018 - 2019)
Tony Hunt,トニー ・ハント,FL,三重ホンダヒート（2025-26）,190,106,1998.02.09,27,ナッジーカレッジ,,ナッジーカレッジ,A,13,https://league-one.jp/player/484680,,,,,,Mie Honda Heat RFC (2024 - 2026)
Mark Abbott,マーク ・アボット,LO,三重ホンダヒート（2025-26）,197,112,1990.02.20,35,セントアンドリュース,カンタベリー大学,セントアンドリュース高校 カンタベリー大学,A,52,https://league-one.jp/player/484681,,,,,,Mie Honda Heat RFC (2024 - 2026) -> Saitama Wild Knights (2021 - 2024) -> Munakata Sanix Blues (2019 - 2021) -> Sunwolves (2018 - 2019) -> Hurricanes (2013 - 2017)
Janko Swanepoel,ヤンコ ・スワナポール,LO,三重ホンダヒート（2025-26）,200,115,1999.09.08,26,ステレンバーグ,,ステレンバーグ高校,B,22,https://league-one.jp/player/484682,,,,,,Mie Honda Heat RFC (2024 - 2026) -> Bulls (2020 - 2024)
Hayata Nakao,中尾 隼太,SO,三重ホンダヒート（2025-26）,176,87,1995.01.20,30,長崎北陽台高校,鹿児島大学,長崎北陽台高校 鹿児島大学,A,37,https://league-one.jp/player/484683,,,セブンズ日本(2)、日本代表(1),,,Mie Honda Heat RFC (2024 - 2026) -> Toshiba Brave Lupus Tokyo (2021 - 2024)
Ikuma Yamada,山田 生真,HO,三重ホンダヒート（2025-26）,178,100,1999.01.26,26,東海大仰星高校,東海大学,東海大仰星高校 東海大学,A,20,https://league-one.jp/player/484684,,,,,,Mie Honda Heat RFC (2024 - 2026) -> Kobelco Kobe Steelers (2021 - 2022)
Ryoma Nishimura,西村 龍馬,LO,三重ホンダヒート（2025-26）,190,111,1995.11.21,30,高鍋高校,専修大学,高鍋高校 専修大学,A,29,https://league-one.jp/player/484685,,,,,,Mie Honda Heat RFC (2024 - 2026) -> Toyota Verblitz (2021 - 2024) -> Coca Cola West Red Sparks (2018 - 2021)
Kazuhiro Koike,小池 一宏,HO,三重ホンダヒート（2025-26）,172,98,1992.06.10,33,明和県央高校,法政大学,明和県央高校 法政大学,A,15,https://league-one.jp/player/484686,,,,,,Mie Honda Heat RFC (2024 - 2026) -> BlackRams Tokyo (2022 - 2024)
Haruhiko Uemura,植村 陽彦,FB,三重ホンダヒート（2025-26）,177,83,2000.11.13,25,茗渓学園高校,筑波大学,茗渓学園高校 筑波大学,A,21,https://league-one.jp/player/484687,,,セブンズ日本(4),,,Mie Honda Heat RFC (2023 - 2026)
Kei Toma,當眞 慶,FL,三重ホンダヒート（2025-26）,180,96,2000.08.07,25,流通経済大学柏高校,帝京大学,流通経済大学柏高校 帝京大学,A,4,https://league-one.jp/player/484688,,,,,,Mie Honda Heat RFC (2023 - 2026)
Koki Hida,肥田 晃季,HO,三重ホンダヒート（2025-26）,177,100,2000.09.17,25,中部大春日丘高校,筑波大学,中部大春日丘高校 筑波大学,A,37,https://league-one.jp/player/484689,,,,,,Mie Honda Heat RFC (2023 - 2026)
Taichi Takenaka,竹中 太一,SH,三重ホンダヒート（2025-26）,173,78,1995.12.25,30,石見智翠館高校,関西大学,石見智翠館高校 関西大学,A,34,https://league-one.jp/player/484690,,,,,,Mie Honda Heat RFC (2022 - 2026) -> Munakata Sanix Blues (2021 - 2022)
Fraser Quirk,フレイザー ・クワーク,CTB,三重ホンダヒート（2025-26）,187,100,1998.08.14,27,開志国際高校,日本大学,開志国際高校 日本大学,A,29,https://league-one.jp/player/484691,,,,,,Mie Honda Heat RFC (2022 - 2026)
Katsuyuki Hoshino,星野 克之,PR,三重ホンダヒート（2025-26）,186,120,1999.08.24,26,栄徳高校,東海大学,栄徳高校 東海大学,A,29,https://league-one.jp/player/484692,,,,,,Mie Honda Heat RFC (2023 - 2026)
Kanato Hirano,平野 叶翔,PR,三重ホンダヒート（2025-26）,180,109,2000.02.08,25,西陵高校,京都産業大学,西陵高校 京都産業大学,A,18,https://league-one.jp/player/484693,,,,,,Mie Honda Heat RFC (2022 - 2026)
Yuta Matsuura,松浦 祐太,FB,三重ホンダヒート（2025-26）,178,88,1996.12.05,29,小倉高校,専修大学,小倉高校 専修大学,A,4,https://league-one.jp/player/484694,,,,,,Mie Honda Heat RFC (2021 - 2026)
Dawid Kellerman,ダーウィッド ・ケラーマン,CTB,三重ホンダヒート（2025-26）,185,97,2000.07.21,25,PaarlGimnasium,,PaarlGimnasium高校,A,41,https://league-one.jp/player/484695,,,,,,Mie Honda Heat RFC (2021 - 2026) -> Bulls (2019 - 2021)
Soki Watanabe,渡邉 弐貴,CTB,三重ホンダヒート（2025-26）,176,88,1997.01.14,28,国学院栃木高校,明治大学,国学院栃木高校 明治大学,A,34,https://league-one.jp/player/484696,,,,,,Mie Honda Heat RFC (2021 - 2026)
Gwante O,呉 洸太,SO,三重ホンダヒート（2025-26）,180,89,1996.11.16,29,大阪朝鮮高校,法政大学,大阪朝鮮高校 法政大学,A,47,https://league-one.jp/player/484697,,,,,,Not Found
Kengo Gunji,郡司 健吾,FB,三重ホンダヒート（2025-26）,184,92,1997.09.13,28,日川高校,専修大学,日川高校 専修大学,A,6,https://league-one.jp/player/484698,,,,,,Mie Honda Heat RFC (2021 - 2026)
Shogo Nezuka,根塚 聖冴,SH,三重ホンダヒート（2025-26）,163,72,1997.01.13,28,京都成章高校,法政大学,京都成章高校 法政大学,A,35,https://league-one.jp/player/484699,,,,,,Mie Honda Heat RFC (2021 - 2026)
Ryo Furuta,古田 凌,No8,三重ホンダヒート（2025-26）,183,98,1995.09.29,30,京都成章高校,帝京大学,京都成章高校 帝京大学,A,48,https://league-one.jp/player/484700,,,,,,Mie Honda Heat RFC (2021 - 2026)
Franco Mostert,フランコ ・モスタート,LO,三重ホンダヒート（2025-26）,200,112,1990.11.27,35,ブリッツ高高校,プレトリア大学,ブリッツ高 プレトリア大学,C,60,https://league-one.jp/player/484701,,,,,,Mie Honda Heat RFC (2020 - 2026) -> Gloucester Rugby (2018 - 2020) -> Lions Rugby (2013 - 2018)
Hiroaki Shirahama,白濱 弘章,HO,三重ホンダヒート（2025-26）,175,102,1994.10.28,31,東福岡高校,九州共立大学,東福岡高校 九州共立大学,A,6,https://league-one.jp/player/484702,,,,,,Mie Honda Heat RFC (2021 - 2026)
Matthys Basson,マティウス ・バッソン,PR,三重ホンダヒート（2025-26）,191,120,1995.06.09,30,ボランド農業高校,プレトリア大学,ボランド農業高校 プレトリア大学,A,46,https://league-one.jp/player/484703,,,,,,Mie Honda Heat RFC (2020 - 2026) -> Blue Bulls (2019 - 2020) -> Bulls (2017 - 2019)
Taiki Yoshioka,吉岡 大貴,PR,三重ホンダヒート（2025-26）,183,115,1995.09.02,30,日向高校,明治大学,日向高校 明治大学,A,32,https://league-one.jp/player/484704,,,,,,Mie Honda Heat RFC (2021 - 2026)
Tatsuhiko Tsurukawa,鶴川 達彦,PR,三重ホンダヒート（2025-26）,183,115,1995.05.21,30,桐蔭学園中等教育学校,早稲田大学,桐蔭学園中等教育学校 早稲田大学,A,64,https://league-one.jp/player/484705,,,U23('19),,,Mie Honda Heat RFC (2021 - 2026)
Takumi Fujii,藤井 拓海,PR,三重ホンダヒート（2025-26）,176,108,1995.09.02,30,東海大仰星高校,関西大学,東海大仰星高校 関西大学,A,43,https://league-one.jp/player/484706,,,,,,Mie Honda Heat RFC (2021 - 2026)
Wihongi Connor,コナー ・ウィホンギ,LO,三重ホンダヒート（2025-26）,200,116,1997.08.20,28,AucklandGrammar,山梨学院大学,AucklandGrammar 山梨学院大学,A,13,https://league-one.jp/player/484707,,,,,,Mie Honda Heat RFC (2023 - 2026)
Kapa Waimana,ワイマナ ・カパ,FL,三重ホンダヒート（2025-26）,192,107,1998.09.02,27,マウントアルバートグラマースクール,,マウントアルバートグラマースクール,A,36,https://league-one.jp/player/484708,,,,,,Not Found
Li Tevita,テビタ ・リー,WTB,三重ホンダヒート（2025-26）,182,95,1995.03.23,30,マッセイ,,マッセイ高校,B,42,https://league-one.jp/player/484709,,,,,,Mie Honda Heat RFC (2023 - 2026) -> Tokyo Sungoliath (2022 - 2023) -> North Harbour (2022 - 2022) -> Tokyo Sungoliath (2022 - 2022) -> North Harbour (2021 - 2021) -> Tokyo Sungoliath (2019 - 2021) -> Highlanders (2016 - 2019) -> Blues (2013 - 2016)
Azuma Doei,土永 雷,SH,三重ホンダヒート（2025-26）,172,70,1998.07.24,27,光泉高校,帝京大学,光泉高校 帝京大学,A,29,https://league-one.jp/player/484710,,,,,,Mie Honda Heat RFC (2024 - 2026) -> Munakata Sanix Blues (2021 - 2022)
Kenta Hirai,平井 建多,PR,三重ホンダヒート（2025-26）,186,115,2001.05.09,24,萩商工高校,九州共立大学,萩商工高校 九州共立大学,A,0,https://league-one.jp/player/484711,,,,,,Mie Honda Heat RFC (2024 - 2026)
Takuro Hojo,北條 拓郎,SH,三重ホンダヒート（2025-26）,174,80,2001.09.18,24,天理高校,天理大学,天理高校 天理大学,A,11,https://league-one.jp/player/484712,,,,,,Mie Honda Heat RFC (2023 - 2026)
koki Miyasaka,宮坂 航生,SH,三重ホンダヒート（2025-26）,172,75,2002.03.01,23,中部大学春日丘高校,専修大学,中部大学春日丘高校 専修大学,A,0,https://league-one.jp/player/484713,,,セブンズ日本(2),,,Mie Honda Heat RFC (2024 - 2026)
Kyogo Okano,岡野 喬吾,CTB,三重ホンダヒート（2025-26）,184,100,2001.10.31,24,常翔学園高校,同志社大学,常翔学園高校 同志社大学,A,17,https://league-one.jp/player/484714,,,,,,Mie Honda Heat RFC (2024 - 2026)
Pablo Matera,パブロ ・マテーラ,No8,三重ホンダヒート（2025-26）,190,111,1993.07.18,32,セントキャサリンズムアランズスクール,,セントキャサリンズムアランズスクール,C,35,https://league-one.jp/player/484715,,,,,,Mie Honda Heat RFC (2022 - 2026) -> Crusaders (2021 - 2022) -> Stade Français Paris Rugby (2019 - 2021) -> Jaguares (2015 - 2019) -> Leicester Tigers (2013 - 2014)
Yu Kawai,河井 優,UTB,三重ホンダヒート（2025-26）,173,81,1999.12.01,26,日本航空高校石川,近畿大学,日本航空高等学校石川 近畿大学,A,0,https://league-one.jp/player/485077,,,,,,Mie Honda Heat RFC (2025 - 2026) -> Brothers Rugby Club (2024 - 2025)
Gideon Koegelenberg,ギディオン ・コーヘレンバーグ,LO,三菱重工相模原ダイナボアーズ（2025-26）,202,122,1994.11.25,31,フゲノート,,フゲノート高校,B,0,https://league-one.jp/player/483287,,,,,,Mitsubishi Sagamihara Dynaboars (2025 - 2026) -> Natal Sharks (2025 - 2025) -> Benetton Rugby Trévise (2025 - 2025) -> Natal Sharks (2024 - 2024) -> Benetton Rugby Trévise (2023 - 2024) -> Kurita Water Gush Akishima (2020 - 2023) -> Melbourne Rebels (2019 - 2020) -> Sharks (2017 - 2019) -> Zebre Parma (2015 - 2017)
Pieter Scholtz,ピーター ・ショルツ,PR,三菱重工相模原ダイナボアーズ（2025-26）,187,137,1994.03.20,31,Diamantveld,high,Diamantveld high school,B,2,https://league-one.jp/player/483288,,,,,,Mitsubishi Sagamihara Dynaboars (2025 - 2026) -> Aviron Bayonnais (2022 - 2025) -> Wasps (2021 - 2022) -> Scarlets (2020 - 2021) -> Southern Kings (2017 - 2020) -> Lions Rugby (2015 - 2016)
Charlie Titcombe,チャーリー ・ティトコム,SO,三菱重工相模原ダイナボアーズ（2025-26）,179,86,2001.12.28,24,Oakham,School,Oakham School  Loughborough University,B,0,https://league-one.jp/player/483289,,,,,,Mitsubishi Sagamihara Dynaboars (2026 - 2026) -> Leicester Tigers (2026 - 2026) -> Mitsubishi Sagamihara Dynaboars (2025 - 2025) -> Leicester Tigers (2025 - 2025) -> Scarlets (2023 - 2025) -> Loughborough University (2023 - 2023) -> Worcester Warriors (2023 - 2023) -> Loughborough University (2022 - 2022) -> Worcester Warriors (2022 - 2022) -> Loughborough University (2022 - 2022) -> Worcester Warriors (2021 - 2021) -> Loughborough University (2021 - 2021) -> Leicester Tigers (2019 - 2020)
Lukhanyo Am,ルカニョ ・アム,CTB,三菱重工相模原ダイナボアーズ（2025-26）,186,97,1993.11.28,32,デ・フォース・ラマン,,デ・フォース・ラマン高校,C,9,https://league-one.jp/player/483290,,,,,,Mitsubishi Sagamihara Dynaboars (2026 - 2026) -> Sharks (2026 - 2026) -> Mitsubishi Sagamihara Dynaboars (2025 - 2025) -> Sharks (2022 - 2025) -> Kobelco Kobe Steelers (2022 - 2022) -> Sharks (2022 - 2022) -> Kobelco Kobe Steelers (2021 - 2021) -> Sharks (2016 - 2021) -> Southern Kings (2015 - 2016)
Hiyu Sasaki,佐々木 陽有,WTB,三菱重工相模原ダイナボアーズ（2025-26）,172,79,2004.03.14,21,ランギトトカレッジ,オークランド大学,ランギトトカレッジ オークランド大学,A,0,https://league-one.jp/player/484716,,,,,,Mitsubishi Sagamihara Dynaboars (2025 - 2026) -> East Coast Bays RFC (2024 - 2025)
Shun Miyake,三宅 駿,SO,三菱重工相模原ダイナボアーズ（2025-26）,170,88,2001.12.28,24,クライスト・カレッジ,カンタベリー大学,クライスト・カレッジ カンタベリー大学,A,3,https://league-one.jp/player/484717,,,,,,Mitsubishi Sagamihara Dynaboars (2025 - 2026) -> Canterbury (2023 - 2025) -> Tasman Mako (2022 - 2023)
Shunsuke Asaoka,淺岡 俊亮,PR,三菱重工相模原ダイナボアーズ（2025-26）,187,125,1996.06.24,29,京都成章高校,帝京大学,京都成章高校 帝京大学,A,56,https://league-one.jp/player/484718,,,日本代表(1),,,Mitsubishi Sagamihara Dynaboars (2025 - 2026) -> Toyota Verblitz (2019 - 2025)
Daiki Yamagiwa,山極 大貴,LO,三菱重工相模原ダイナボアーズ（2025-26）,198,120,1997.07.24,28,保善高校,専修大学,保善高校 専修大学,A,54,https://league-one.jp/player/484719,,,,,,Mitsubishi Sagamihara Dynaboars (2025 - 2026) -> Green Rockets Tokatsu (2021 - 2025)
Yoshiki Yoshioka,吉岡 義喜,SH,三菱重工相模原ダイナボアーズ（2025-26）,167,73,2001.03.17,24,興国高校,東洋大学,興国高校 東洋大学,A,5,https://league-one.jp/player/484720,,,,,,Mitsubishi Sagamihara Dynaboars (2025 - 2026) -> Green Rockets Tokatsu (2025 - 2025) -> Shizuoka Blue Revs (2025 - 2025) -> Green Rockets Tokatsu (2024 - 2024) -> Shizuoka Blue Revs (2023 - 2024)
Jose Seru,セル ホゼ,No8,三菱重工相模原ダイナボアーズ（2025-26）,197,117,1991.02.09,34,デラセラカレッジ,マヌカウ工科大学,デラセラカレッジ マヌカウ工科大学,A,34,https://league-one.jp/player/484721,,,,,,Mitsubishi Sagamihara Dynaboars (2025 - 2026) -> Hanazono Kintetsu Liners (2021 - 2025)
Naoto Yasutsune,安恒 直人,HO,三菱重工相模原ダイナボアーズ（2025-26）,172,98,2003.02.05,22,福岡高校,早稲田大学,福岡高校 早稲田大学,A,0,https://league-one.jp/player/484722,,,,,,Mitsubishi Sagamihara Dynaboars (2024 - 2026)
HANITELI VAILEA,ハニテリ ・ヴァイレア,CTB,三菱重工相模原ダイナボアーズ（2025-26）,181,98,2002.07.12,23,青森山田高校,大東文化大学,青森山田高校 大東文化大学,A,13,https://league-one.jp/player/484723,,,,,,Mitsubishi Sagamihara Dynaboars (2024 - 2026) -> Daito Bunka University (2023 - 2024)
Joape Naco,ジョアペ ・ナコ,CTB,三菱重工相模原ダイナボアーズ（2025-26）,181,98,2002.07.25,23,大分東明高校,日本大学,大分東明高校 日本大学,A,9,https://league-one.jp/player/484724,,,,,,Mitsubishi Sagamihara Dynaboars (2024 - 2026)
Naoki Kotera,古寺 直希,HO,三菱重工相模原ダイナボアーズ（2025-26）,170,100,2002.12.22,23,石見智翠館高校,近畿大学,石見智翠館高校 近畿大学,A,0,https://league-one.jp/player/484725,,,,,,Mitsubishi Sagamihara Dynaboars (2024 - 2026)
Yuji Chae,蔡 唯志,PR,三菱重工相模原ダイナボアーズ（2025-26）,175,105,2003.02.09,22,大阪朝鮮高級高校,近畿大学,大阪朝鮮高級高等学校 近畿大学,A,9,https://league-one.jp/player/484726,,,XV('25),,,Mitsubishi Sagamihara Dynaboars (2025 - 2026) -> Kindai University (2025 - 2025) -> Mitsubishi Sagamihara Dynaboars (2024 - 2024) -> Kindai University (2023 - 2024)
Shinnosuke Yamashita,山下 真之介,SO,三菱重工相模原ダイナボアーズ（2025-26）,174,83,2002.06.06,23,流通経済大学柏高校,立命館大学,流通経済大学柏 立命館大学,A,1,https://league-one.jp/player/484727,,,,,,Not Found
Charlie Lawrence,チャーリー ・ローレンス,CTB,三菱重工相模原ダイナボアーズ（2025-26）,171,90,1998.05.27,27,HamiltonBoysHighSchool,,HamiltonBoysHighSchool,A,55,https://league-one.jp/player/484728,,,日本代表(9),,,Mitsubishi Sagamihara Dynaboars (2024 - 2026) -> Toyota Verblitz (2021 - 2024)
Changho Ahn,安 昌豪,PR,三菱重工相模原ダイナボアーズ（2025-26）,178,110,1997.11.20,28,大阪朝鮮高級学校,明治大学,大阪朝鮮高級学校 明治大学,A,44,https://league-one.jp/player/484729,,,"U20,U23('17)",,,Not Found
Seunghyok Lee,李 承爀,HO,三菱重工相模原ダイナボアーズ（2025-26）,179,103,1999.01.27,26,大阪朝鮮高級学校,帝京大学,大阪朝鮮高級学校 帝京大学,A,57,https://league-one.jp/player/484730,,,日本代表(1),,,Mitsubishi Sagamihara Dynaboars (2024 - 2026) -> Mie Honda Heat RFC (2021 - 2024)
Rento Tsukayama,津嘉山 廉人,PR,三菱重工相模原ダイナボアーズ（2025-26）,186,107,1998.09.07,27,流通経済大学附属柏高校,流通経済大学,流通経済大学附属柏高等学校 流通経済大学,A,36,https://league-one.jp/player/484731,,,"U20('18)、U23('18,'19)",,,Mitsubishi Sagamihara Dynaboars (2024 - 2026) -> Yokohama Canon Eagles (2021 - 2023)
Riku Mishima,三島 琳久,CTB,三菱重工相模原ダイナボアーズ（2025-26）,175,91,2000.09.02,25,大阪桐蔭高校,近畿大学,大阪桐蔭高校 近畿大学,A,2,https://league-one.jp/player/484732,,,,,,Mitsubishi Sagamihara Dynaboars (2024 - 2026)
Satoshi Koizumi,小泉 怜史,FB,三菱重工相模原ダイナボアーズ（2025-26）,178,87,2000.06.22,25,早稲田実業高校,早稲田大学,早稲田実業 早稲田大学,A,25,https://league-one.jp/player/484733,,,,,,Mitsubishi Sagamihara Dynaboars (2022 - 2026)
DJ Kashima,加島 DJ,WTB,三菱重工相模原ダイナボアーズ（2025-26）,175,89,2001.03.11,24,湘南工科大附属高校,山梨学院大学,湘南工科大附属高校 山梨学院大学,A,2,https://league-one.jp/player/484734,,,セブンズ日本(4),,,Mitsubishi Sagamihara Dynaboars (2024 - 2026)
Ryuta Nakamori,中森 隆太,SH,三菱重工相模原ダイナボアーズ（2025-26）,175,75,2000.07.16,25,東福岡高校,立正大学,東福岡高校 立正大学,A,11,https://league-one.jp/player/484735,,,,,,Mitsubishi Sagamihara Dynaboars (2022 - 2026)
Kanzo Schinckel,シンクル 寛造,PR,三菱重工相模原ダイナボアーズ（2025-26）,187,115,1999.08.20,26,札幌山の手高校,流通経済大学,札幌山の手 流通経済大学,A,19,https://league-one.jp/player/484736,,,高校('18),,,Mitsubishi Sagamihara Dynaboars (2023 - 2026)
Mototsugu Hachiya,蜂谷 元紹,PR,三菱重工相模原ダイナボアーズ（2025-26）,180,115,1998.04.07,27,中部大学春日丘高校,中京大学,中部大学春日丘高校 中京大学,A,25,https://league-one.jp/player/484737,,,,,,Mitsubishi Sagamihara Dynaboars (2022 - 2026)
Tomoaki Ishii,石井 智亮,PR,三菱重工相模原ダイナボアーズ（2025-26）,182,120,1995.08.23,30,生田高校,成蹊大学,生田高校 成蹊大学,A,52,https://league-one.jp/player/484738,,,XV('25),,,Mitsubishi Sagamihara Dynaboars (2021 - 2026)
Jun Morimoto,森本 潤,PR,三菱重工相模原ダイナボアーズ（2025-26）,175,115,1996.06.04,29,常翔啓光学園高校,日本大学,常翔啓光学園 日本大学,A,36,https://league-one.jp/player/484739,,,,,,Mitsubishi Sagamihara Dynaboars (2021 - 2026)
Yuki Miyazato,宮里 侑樹,HO,三菱重工相模原ダイナボアーズ（2025-26）,178,105,1997.01.06,29,名護商工業高校,早稲田大学,名護商工 早稲田大学,A,43,https://league-one.jp/player/484740,,,,,,Mitsubishi Sagamihara Dynaboars (2021 - 2026)
Epineri Uluiviti,エピネリ ・ウルイヴァイティ,LO,三菱重工相模原ダイナボアーズ（2025-26）,198,125,1996.07.07,29,RatuKadavulevuSchool,,RatuKadavulevuSchool,A,50,https://league-one.jp/player/484741,,,日本代表(11),,,Mitsubishi Sagamihara Dynaboars (2018 - 2026)
Kohki Sato,佐藤 弘樹,FL,三菱重工相模原ダイナボアーズ（2025-26）,179,100,1995.07.22,30,青森北高校,札幌大学,青森北高校 札幌大学,A,22,https://league-one.jp/player/484742,,,,,,Mitsubishi Sagamihara Dynaboars (2021 - 2026)
Yusuke Sakamoto,坂本 侑翼,FL,三菱重工相模原ダイナボアーズ（2025-26）,176,96,1998.10.25,27,流通経済大学附属柏高校,流通経済大学,流通経済大学附属柏高校 流通経済大学,A,27,https://league-one.jp/player/484743,,,,,,Mitsubishi Sagamihara Dynaboars (2021 - 2026)
Masataka Tsuruya,鶴谷 昌隆,FL,三菱重工相模原ダイナボアーズ（2025-26）,186,104,1990.10.18,35,青森北高校,筑波大学,青森北高校 筑波大学,A,52,https://league-one.jp/player/484744,,,,,,Mitsubishi Sagamihara Dynaboars (2021 - 2026)
Kota Iwamura,岩村 昂太,SH,三菱重工相模原ダイナボアーズ（2025-26）,182,87,1993.12.07,32,東福岡高校,同志社大学,東福岡高校 同志社大学,A,59,https://league-one.jp/player/484745,,,,,,Mitsubishi Sagamihara Dynaboars (2021 - 2026)
Matt Vaega,マット ・ヴァエガ,CTB,三菱重工相模原ダイナボアーズ（2025-26）,179,94,1994.09.07,31,KelstonBoysHighSchool,,KelstonBoysHighSchool,A,50,https://league-one.jp/player/484746,,,,,,Mitsubishi Sagamihara Dynaboars (2018 - 2026) -> North Harbour (2016 - 2017) -> Blues (2014 - 2016)
Takumi Sugiura,杉浦 拓実,CTB,三菱重工相模原ダイナボアーズ（2025-26）,175,88,1998.08.24,27,東京高校,東海大学,東京高校 東海大学,A,4,https://league-one.jp/player/484747,,,,,,Mitsubishi Sagamihara Dynaboars (2021 - 2026)
Honeti Taumohaapai,タウモハパイ ホネティ,WTB,三菱重工相模原ダイナボアーズ（2025-26）,180,95,1992.10.02,33,TongaCollege,花園大学,TongaCollege 花園大学,A,43,https://league-one.jp/player/484748,,,,,,Mitsubishi Sagamihara Dynaboars (2021 - 2026)
Shunsuke Sakamoto,坂本 駿介,PR,三菱重工相模原ダイナボアーズ（2025-26）,180,110,1998.03.13,27,三本木農業高校,日本大学,三本木農業高校 日本大学,A,25,https://league-one.jp/player/484749,,,,,,Mitsubishi Sagamihara Dynaboars (2021 - 2026)
Songyu Cho,趙 誠悠,FL,三菱重工相模原ダイナボアーズ（2025-26）,185,102,1999.05.13,26,大阪朝鮮高級校高校,日本大学,大阪朝鮮高級校 日本大学,A,2,https://league-one.jp/player/484750,,,,,,Mitsubishi Sagamihara Dynaboars (2022 - 2026)
Kouki Hattori,服部 航大,FL,三菱重工相模原ダイナボアーズ（2025-26）,177,100,2000.01.16,25,天理高校,天理大学,天理高校 天理大学,A,1,https://league-one.jp/player/484751,,,,,,Mitsubishi Sagamihara Dynaboars (2024 - 2026)
Kyo Yoshida,吉田 杏,FL,三菱重工相模原ダイナボアーズ（2025-26）,188,108,1995.06.30,30,大阪桐蔭高校,帝京大学,大阪桐蔭高校 帝京大学,A,58,https://league-one.jp/player/484752,,,XV('25),,,Mitsubishi Sagamihara Dynaboars (2023 - 2026) -> Toyota Verblitz (2020 - 2023) -> Sunwolves (2020 - 2020) -> Toyota Verblitz (2020 - 2020) -> Sunwolves (2019 - 2019) -> Toyota Verblitz (2018 - 2019)
Jack Stratton,ジャック ・ストラトン,SH,三菱重工相模原ダイナボアーズ（2025-26）,185,94,1994.08.21,31,FeildingHighSchool,LincolnUniversity,FeildingHighSchool LincolnUniversity,A,43,https://league-one.jp/player/484753,,,,,,Mitsubishi Sagamihara Dynaboars (2023 - 2026) -> Toshiba Brave Lupus Tokyo (2019 - 2023) -> Waikato Mooloos (2018 - 2019) -> Crusaders (2017 - 2018)
Tonishio Vaiahu,トニシオ バイフ,CTB,三菱重工相模原ダイナボアーズ（2025-26）,177,103,1991.02.12,34,日本航空高校石川,天理大学,日本航空高校石川 天理大学,A,21,https://league-one.jp/player/484754,,,,,,Not Found
Shoki Yoshimoto,吉本 匠希,FB,三菱重工相模原ダイナボアーズ（2025-26）,182,84,2002.03.05,23,常翔学園高校,立命館大学,常翔学園 立命館大学,A,0,https://league-one.jp/player/484755,,,,,,Mitsubishi Sagamihara Dynaboars (2024 - 2026)
Shoma Sagawa,佐川 奨茉,HO,三菱重工相模原ダイナボアーズ（2025-26）,180,105,2002.01.20,23,佐野日本大学高校,日本大学,佐野日本大学高等学校 日本大学,A,3,https://league-one.jp/player/484756,,,XV('25),,,Mitsubishi Sagamihara Dynaboars (2024 - 2026)
Kohki Matsumoto,松本 光貴,LO,三菱重工相模原ダイナボアーズ（2025-26）,190,107,2001.11.03,24,明治大学附属八王子高校,明治大学,明治大学附属八王子高校 明治大学,A,5,https://league-one.jp/player/484757,,,,,,Mitsubishi Sagamihara Dynaboars (2024 - 2026)
JAMES GRAYSON,ジェームス ・グレイソン,SO,三菱重工相模原ダイナボアーズ（2025-26）,187,89,1998.06.26,27,Northampton,Boys,Northampton Boys highschool,B,36,https://league-one.jp/player/485067,,,,,,Mitsubishi Sagamihara Dynaboars (2024 - 2026) -> Northampton Saints (2024 - 2024) -> Mitsubishi Sagamihara Dynaboars (2023 - 2023) -> Northampton Saints (2023 - 2023) -> Bedford Blues (2023 - 2023) -> Northampton Saints (2023 - 2023) -> Bedford Blues (2022 - 2022) -> Northampton Saints (2017 - 2022)
Jackson Hemopo,ジャクソン ・ヘモポ,No8,三菱重工相模原ダイナボアーズ（2025-26）,194,113,1993.11.14,32,ﾊﾟｰﾏｽﾄﾝﾉｰｽﾎﾞｰｲｽ,,ﾊﾟｰﾏｽﾄﾝﾉｰｽﾎﾞｰｲｽ,C,37,https://league-one.jp/player/485068,,,NZ代表(5),,,Mitsubishi Sagamihara Dynaboars (2019 - 2026) -> Manawatu Turbos (2019 - 2019) -> Highlanders (2019 - 2019) -> Manawatu Turbos (2018 - 2018) -> Highlanders (2014 - 2018)
Friedle Olivier,フリードル ・オリヴィエー,FL,三菱重工相模原ダイナボアーズ（2025-26）,197,126,1992.05.27,33,Dr.,Johan,Dr. Johan Jurgens High School University of South Africa,B,7,https://league-one.jp/player/485069,,,,,,Mitsubishi Sagamihara Dynaboars (2025 - 2026) -> Central Cheetahs (2025 - 2025) -> Mitsubishi Sagamihara Dynaboars (2024 - 2024) -> Central Cheetahs (2022 - 2024) -> Enisey-STM (2020 - 2022) -> Valke (2012 - 2020)
MARINO MIKAELE-TU U,マリノ ・ミカエリトゥウ,No8,三菱重工相模原ダイナボアーズ（2025-26）,193,111,1997.11.06,28,登録区分：カテゴリB,,登録区分：カテゴリB,B,24,https://league-one.jp/player/485070,,,,,,Mitsubishi Sagamihara Dynaboars (2023 - 2026) -> Hawke's Bay Magpies (2023 - 2023) -> Highlanders (2023 - 2023) -> Hawke's Bay Magpies (2022 - 2022) -> Highlanders (2022 - 2022) -> Hawke's Bay Magpies (2022 - 2022) -> Highlanders (2022 - 2022) -> Hawke's Bay Magpies (2021 - 2021) -> Highlanders (2021 - 2021) -> Hawke's Bay Magpies (2021 - 2021) -> Highlanders (2021 - 2021) -> Hawke's Bay Magpies (2020 - 2020) -> Highlanders (2020 - 2020) -> Hawke's Bay Magpies (2020 - 2020) -> Highlanders (2020 - 2020) -> Hawke's Bay Magpies (2019 - 2019) -> Highlanders (2017 - 2019)
Tai Dowling,ダウリング タイ,SO,三菱重工相模原ダイナボアーズ（2025-26）,183,85,2003.07.06,22,Emmanuel,college,Emmanuel college Queensland university of techn,A,1,https://league-one.jp/player/485367,,,,,,Mitsubishi Sagamihara Dynaboars (2024 - 2026)
Semisi Masirewa,セミシ ・マシレワ,WTB,三菱重工相模原ダイナボアーズ（2025-26）,181,95,1992.06.09,33,フィールディング,,フィールディング高校,A,29,https://league-one.jp/player/485477,,,日本代表(7),,,Mitsubishi Sagamihara Dynaboars (2025 - 2026) -> Hanazono Kintetsu Liners (2019 - 2025) -> Sunwolves (2019 - 2019) -> Hanazono Kintetsu Liners (2018 - 2018) -> Sunwolves (2018 - 2018) -> Hanazono Kintetsu Liners (2018 - 2018) -> Sunwolves (2018 - 2018) -> Hanazono Kintetsu Liners (2017 - 2017) -> Sunwolves (2017 - 2017) -> Western Force (2015 - 2017) -> Manawatu Turbos (2013 - 2015) -> Waikato Mooloos (2012 - 2013)
Brad WEBER,ブラッド ・ウェバー,SH,三菱重工相模原ダイナボアーズ（2025-26）,172,75,1991.01.17,34,Napier,Boys',Napier Boys' High School University of Otago,C,0,https://league-one.jp/player/486457,,,NZ代表(18),,,Mitsubishi Sagamihara Dynaboars (2026 - 2026) -> Stade Français Paris Rugby (2026 - 2026) -> Mitsubishi Sagamihara Dynaboars (2025 - 2025) -> Stade Français Paris Rugby (2023 - 2025) -> Hawke's Bay Magpies (2023 - 2023) -> Chiefs (2023 - 2023) -> Hawke's Bay Magpies (2022 - 2022) -> Chiefs (2022 - 2022) -> Hawke's Bay Magpies (2022 - 2022) -> Chiefs (2022 - 2022) -> Hawke's Bay Magpies (2021 - 2021) -> Chiefs (2020 - 2021) -> Hawke's Bay Magpies (2020 - 2020) -> Chiefs (2020 - 2020) -> Hawke's Bay Magpies (2019 - 2019) -> Chiefs (2013 - 2019)
Nesta Mahina,ネスタ ・マヒナ,PR,横浜キヤノンイーグルス（2025-26）,171,113,2000.10.28,25,ブリスベンステートハイスクール,,ブリスベンステートハイスクール,A,6,https://league-one.jp/player/484806,,,,,,Yokohama Canon Eagles (2025 - 2026) -> Hanazono Kintetsu Liners (2022 - 2025)
Kaito Doichi,土一 海人,HO,横浜キヤノンイーグルス（2025-26）,176,100,1999.07.02,26,東海大相模高校,東海大学,東海大相模高校 東海大学,A,2,https://league-one.jp/player/484807,,,高校('17),,,Yokohama Canon Eagles (2025 - 2026) -> Tokyo Sungoliath (2023 - 2025) -> Hino Red Dolphins (2022 - 2023)
Yu Chinen,知念 雄,PR,横浜キヤノンイーグルス（2025-26）,183,120,1990.11.18,35,那覇西高校,順天堂大学,那覇西高校 順天堂大学,A,26,https://league-one.jp/player/484808,,,U23('16)、日本代表(6),,,Yokohama Canon Eagles (2025 - 2026) -> Mitsubishi Sagamihara Dynaboars (2023 - 2025) -> Toshiba Brave Lupus Tokyo (2021 - 2022)
Sam Caird,サム ・ケアード,LO,横浜キヤノンイーグルス（2025-26）,202,117,1997.03.18,28,セントピーターズスクール,シドニー大学,セントピーターズスクール シドニー大学,B,3,https://league-one.jp/player/484809,,,,,,Yokohama Canon Eagles (2025 - 2026) -> Northland Taniwha (2025 - 2025) -> New England Free Jacks (2025 - 2025) -> Northland Taniwha (2024 - 2024) -> New England Free Jacks (2024 - 2024) -> Northland Taniwha (2023 - 2024) -> Hanazono Kintetsu Liners (2023 - 2023) -> Northland Taniwha (2022 - 2022) -> Hanazono Kintetsu Liners (2022 - 2022) -> Northland Taniwha (2022 - 2022) -> Highlanders (2022 - 2022) -> Northland Taniwha (2021 - 2021) -> Highlanders (2021 - 2021) -> Northland Taniwha (2021 - 2021) -> New South Wales Waratahs (2021 - 2021) -> Northland Taniwha (2020 - 2020) -> New South Wales Waratahs (2020 - 2020) -> Northland Taniwha (2018 - 2020) -> Waikato Mooloos (2016 - 2018)
Dino Lamb,ディノ ・ラム,LO,横浜キヤノンイーグルス（2025-26）,198,119,1998.04.18,27,クランリースクール,,クランリースクール,C,1,https://league-one.jp/player/484810,,,,,,Yokohama Canon Eagles (2025 - 2026) -> Harlequins (2017 - 2025)
Daichi Akiyama,秋山 大地,LO,横浜キヤノンイーグルス（2025-26）,192,114,1996.11.14,29,つるぎ,帝京大学,つるぎ高校 帝京大学,A,51,https://league-one.jp/player/484811,,,"U20,U23('16)、日本代表(2)",,,Yokohama Canon Eagles (2025 - 2026) -> Toyota Verblitz (2019 - 2025)
Sione Lavemai,シオネ ・ラベマイ,FL,横浜キヤノンイーグルス（2025-26）,190,120,1994.05.08,31,セントビーズカレッジ,拓殖大学,セントビーズカレッジ 拓殖大学,A,27,https://league-one.jp/player/484812,,,日本代表(1),,,Yokohama Canon Eagles (2025 - 2026) -> Tokyo Sungoliath (2023 - 2025) -> Toshiba Brave Lupus Tokyo (2019 - 2022)
Amanaki Saumaki,サウマキ アマナキ,FL,横浜キヤノンイーグルス（2025-26）,189,110,1997.03.08,28,トゥポウカレッジ,,トゥポウカレッジ,A,59,https://league-one.jp/player/484813,,,XV('25)、日本代表(5),,,Yokohama Canon Eagles (2025 - 2026) -> Kobelco Kobe Steelers (2022 - 2025) -> Yokohama Canon Eagles (2017 - 2022)
Yuto Mori,森 勇登,UTB,横浜キヤノンイーグルス（2025-26）,174,85,1998.11.14,27,東福岡高校,明治大学,東福岡高校 明治大学,A,47,https://league-one.jp/player/484814,,,"U20,U23('18)、XV('25)",,,Yokohama Canon Eagles (2025 - 2026) -> Toshiba Brave Lupus Tokyo (2021 - 2025)
Levi Aumua,リーバイ ・アウムア,CTB,横浜キヤノンイーグルス（2025-26）,185,107,1994.10.09,31,ブリスベングラマースクール,,ブリスベングラマースクール,B,0,https://league-one.jp/player/484815,,,,,,Yokohama Canon Eagles (2025 - 2026) -> Tasman Mako (2025 - 2025) -> Crusaders (2025 - 2025) -> Tasman Mako (2024 - 2024) -> Crusaders (2024 - 2024) -> Tasman Mako (2024 - 2024) -> Crusaders (2024 - 2024) -> Tasman Mako (2023 - 2023) -> Crusaders (2023 - 2023) -> Tasman Mako (2023 - 2023) -> Moana Pasifika (2023 - 2023) -> Tasman Mako (2022 - 2022) -> Moana Pasifika (2022 - 2022) -> Tasman Mako (2022 - 2022) -> Moana Pasifika (2022 - 2022) -> Tasman Mako (2021 - 2021) -> Moana Pasifika (2021 - 2021) -> Tasman Mako (2021 - 2021) -> Toyota Industries Shuttles Aichi (2021 - 2021) -> Tasman Mako (2020 - 2020) -> Toyota Industries Shuttles Aichi (2020 - 2020) -> Blues (2018 - 2019) -> Tasman Mako (2018 - 2018) -> Chiefs (2018 - 2018) -> Tasman Mako (2017 - 2017) -> Chiefs (2017 - 2017) -> Tasman Mako (2016 - 2017) -> Brisbane City (2015 - 2016) -> Union Bordeaux-Bègles (2015 - 2015) -> Brisbane City (2014 - 2014) -> Union Bordeaux-Bègles (2014 - 2014)
Jeandre Labuschagne,ジャンドレ ・ラブスカフニ,LO,横浜キヤノンイーグルス（2025-26）,195,106,1999.07.17,26,MaritzburgCollege,,MaritzburgCollege,B,5,https://league-one.jp/player/484816,,,,,,Yokohama Canon Eagles (2025 - 2026) -> Sharks (2025 - 2025) -> Yokohama Canon Eagles (2024 - 2024) -> Sharks (2021 - 2024) -> Natal Sharks (2020 - 2021)
Asahi Doei,土永 旭,SH,横浜キヤノンイーグルス（2025-26）,171,76,2003.01.09,22,光泉カトリック高校,京都産業大学,光泉カトリック高校 京都産業大学,A,3,https://league-one.jp/player/484817,,,"XV('24,'25)",,,Yokohama Canon Eagles (2024 - 2026) -> Kyoto Sangyo University (2022 - 2023)
Aminiasi Shaw,アミニアシ ・ショー,FL,横浜キヤノンイーグルス（2025-26）,185,107,2000.03.13,25,マリストブラザーズ高高校,摂南大学,マリストブラザーズ高 摂南大学,A,1,https://league-one.jp/player/484818,,,,,,Not Found
Billy Harmon,ビリー ・ハーモン,FL,横浜キヤノンイーグルス（2025-26）,187,104,1994.12.23,31,StBede'sCollege,,StBede'sCollege,B,21,https://league-one.jp/player/484819,,,,,,Yokohama Canon Eagles (2024 - 2026) -> Canterbury (2024 - 2024) -> Highlanders (2024 - 2024) -> Canterbury (2023 - 2023) -> Highlanders (2023 - 2023) -> Canterbury (2023 - 2023) -> Highlanders (2023 - 2023) -> Canterbury (2022 - 2022) -> Highlanders (2022 - 2022) -> Canterbury (2022 - 2022) -> Highlanders (2022 - 2022) -> Canterbury (2021 - 2021) -> Highlanders (2021 - 2021) -> Canterbury (2021 - 2021) -> Highlanders (2021 - 2021) -> Canterbury (2020 - 2020) -> Highlanders (2020 - 2020) -> Canterbury (2020 - 2020) -> Crusaders (2020 - 2020) -> Canterbury (2019 - 2019) -> Crusaders (2017 - 2019)
Brendan Owen,ブレンダン ・オーウェン,UTB,横浜キヤノンイーグルス（2025-26）,192,97,1996.09.23,29,StAndrewsCollege,UniversityofSouthAfrica(UNISA),StAndrewsCollege UniversityofSouthAfrica(UNISA),B,11,https://league-one.jp/player/484820,,,,,,Yokohama Canon Eagles (2024 - 2026) -> Jersey Reds (2024 - 2024) -> Bath Rugby (2024 - 2024) -> Jersey Reds (2023 - 2023) -> Bath Rugby (2023 - 2023) -> Jersey Reds (2019 - 2023)
Tomoki Minami,南 友紀,PR,横浜キヤノンイーグルス（2025-26）,172,96,1993.10.23,32,筑紫高校,立命館大学,筑紫高校 立命館大学,A,39,https://league-one.jp/player/484821,,,,,,Yokohama Canon Eagles (2024 - 2026) -> Toyota Industries Shuttles Aichi (2021 - 2024)
Masato Furukawa,古川 聖人,FL,横浜キヤノンイーグルス（2025-26）,179,94,1996.12.06,29,東福岡高校,立命館大学,東福岡高校 立命館大学,A,46,https://league-one.jp/player/484822,,,"U20,U23('16)、XV('25)、日本代表(3)",,,Yokohama Canon Eagles (2024 - 2026) -> Toyota Verblitz (2019 - 2024)
Cormac Daly,コルマック ・ダリー,LO,横浜キヤノンイーグルス（2025-26）,199,120,1998.05.01,27,ScoilUiRiadaGaelscoil,MaynoothUniversity,ScoilUiRiadaGaelscoil MaynoothUniversity,B,13,https://league-one.jp/player/484823,,,,,,Yokohama Canon Eagles (2024 - 2026) -> Queensland Reds (2023 - 2024) -> Randwick Rugby (2022 - 2023) -> Connacht Rugby (2020 - 2021) -> Rugby United New-York (2019 - 2020) -> Connacht Rugby (2018 - 2019)
Faf De Klerk,ファフ ・デクラーク,SH,横浜キヤノンイーグルス（2025-26）,172,88,1991.10.19,34,HoerskoolWaterkloof,,HoerskoolWaterkloof,C,34,https://league-one.jp/player/484824,,,,,,Yokohama Canon Eagles (2022 - 2026) -> Sale Sharks (2017 - 2022) -> Lions Rugby (2013 - 2017)
Tatsuro Sugimoto,杉本 達郎,PR,横浜キヤノンイーグルス（2025-26）,175,110,1996.09.30,29,東大阪大学柏原高校,関西大学,東大阪大学柏原高校 関西大学,A,60,https://league-one.jp/player/484825,,,,,,Yokohama Canon Eagles (2022 - 2026) -> Red Hurricanes Osaka (2021 - 2022)
Ryo Eto,江藤 良,CTB,横浜キヤノンイーグルス（2025-26）,181,94,2000.01.09,25,報徳学園高校,明治大学,報徳学園高校 明治大学,A,0,https://league-one.jp/player/484826,,,,,,Yokohama Canon Eagles (2022 - 2026)
Sioeli Vakalahi,シオエリ ・ヴァカラヒ,PR,横浜キヤノンイーグルス（2025-26）,178,110,1998.05.15,27,目黒学院高校,福岡工業大学,目黒学院高校 福岡工業大学,A,27,https://league-one.jp/player/484827,,,,,,Yokohama Canon Eagles (2022 - 2026)
Sione Halasili,シオネ ・ハラシリ,No8,横浜キヤノンイーグルス（2025-26）,180,120,1999.10.15,26,目黒学院高校,日本大学,目黒学院高校 日本大学,A,46,https://league-one.jp/player/484828,,,,,,Yokohama Canon Eagles (2021 - 2026)
Liakimatagi Moli,リアキマタギ ・モリ,LO,横浜キヤノンイーグルス（2025-26）,197,114,1990.01.04,36,StPaul’sCollege,,StPaul’sCollege,A,56,https://league-one.jp/player/484829,,,,,,Not Found
Viliame Takayawa,ヴィリアメ ・タカヤワ,CTB,横浜キヤノンイーグルス（2025-26）,184,103,1997.02.21,28,KelstonBoysHighSchool,流通経済大学,KelstonBoysHighSchool 流通経済大学,A,52,https://league-one.jp/player/484830,,,,,,Yokohama Canon Eagles (2021 - 2026)
Masayoshi Takezawa,竹澤 正祥,WTB,横浜キヤノンイーグルス（2025-26）,176,86,1995.05.05,30,明和県央高校,日本大学,明和県央高校 日本大学,A,46,https://league-one.jp/player/484831,,,XV('25),,,Yokohama Canon Eagles (2021 - 2026)
Yusuke Kajimura,梶村 祐介,CTB,横浜キヤノンイーグルス（2025-26）,181,95,1995.09.13,30,報徳学園高校,明治大学,報徳学園高校 明治大学,A,55,https://league-one.jp/player/484832,,,U20('15)、日本代表(7),,,Yokohama Canon Eagles (2021 - 2026)
Kazufumi Yamasuga,山菅 一史,SH,横浜キヤノンイーグルス（2025-26）,164,78,1997.12.03,28,東京高校,東海大学,東京高校 東海大学,A,41,https://league-one.jp/player/484833,,,U20('17),,,Yokohama Canon Eagles (2021 - 2026)
Yu Saruta,猿田 湧,FB,横浜キヤノンイーグルス（2025-26）,184,88,1998.06.04,27,秋田工業高校,明治大学,秋田工業高校 明治大学,A,0,https://league-one.jp/player/484834,,,U20('18),,,Yokohama Canon Eagles (2021 - 2026)
Katsuto Kubo,久保 克斗,LO,横浜キヤノンイーグルス（2025-26）,192,108,1998.11.07,27,國學院栃木高校,帝京大学,國學院栃木高校 帝京大学,A,2,https://league-one.jp/player/484835,,,"U20,U23('18)",,,Yokohama Canon Eagles (2022 - 2026)
Yusaku Miyoshi,三好 優作,PR,横浜キヤノンイーグルス（2025-26）,174,102,1998.05.14,27,松山聖陵高校,明治大学,松山聖陵高校 明治大学,A,4,https://league-one.jp/player/484836,,,,,,Yokohama Canon Eagles (2022 - 2026)
Chihito Matsui,松井 千士,WTB,横浜キヤノンイーグルス（2025-26）,183,88,1994.11.11,31,常翔学園高校,同志社大学,常翔学園高校 同志社大学,A,34,https://league-one.jp/player/484837,,,高校('12)、セブンズ日本(24)、日本代表(2),,,Yokohama Canon Eagles (2021 - 2026)
Junpei Ogura,小倉 順平,SO,横浜キヤノンイーグルス（2025-26）,172,80,1992.07.11,33,桐蔭学園高校,早稲田大学,桐蔭学園高校 早稲田大学,A,70,https://league-one.jp/player/484838,,,日本代表(4),,,Not Found
Ryuta Yasui,安井 龍太,LO,横浜キヤノンイーグルス（2025-26）,187,105,1989.12.06,36,東海大仰星高校,東海大学,東海大仰星高校 東海大学,A,5,https://league-one.jp/player/484839,,,U20('08)、セブンズ日本(3)、日本代表(2),,,Yokohama Canon Eagles (2021 - 2026)
Kazunari Takagi,高木 一成,WTB,横浜キヤノンイーグルス（2025-26）,176,84,1997.06.23,28,慶應義塾高校,慶應義塾大学,慶應義塾高校 慶應義塾大学,A,1,https://league-one.jp/player/484840,,,,,,Yokohama Canon Eagles (2021 - 2026)
Shota matsuoka,松岡 将大,PR,横浜キヤノンイーグルス（2025-26）,181,101,1997.07.31,28,近畿大学附属高校,近畿大学,近畿大学附属高校 近畿大学,A,27,https://league-one.jp/player/484841,,,,,,Yokohama Canon Eagles (2021 - 2026)
Jesse Kriel,ジェシー ・クリエル,CTB,横浜キヤノンイーグルス（2025-26）,185,95,1994.02.15,31,MaritzburgCollege,UniversityofPretoria,MaritzburgCollege UniversityofPretoria,C,57,https://league-one.jp/player/484842,,,,,,Yokohama Canon Eagles (2019 - 2026) -> Bulls (2013 - 2019)
Yu Tamura,田村 優,SO,横浜キヤノンイーグルス（2025-26）,181,92,1989.01.09,36,國學院栃木高校,明治大学,國學院栃木高校 明治大学,A,64,https://league-one.jp/player/484843,,,日本代表(70),,,Yokohama Canon Eagles (2021 - 2026) -> Sunwolves (2015 - 2019)
Yusuke Niwai,庭井 祐輔,HO,横浜キヤノンイーグルス（2025-26）,174,95,1991.10.22,34,報徳学園高校,立命館大学,報徳学園 立命館大学,A,57,https://league-one.jp/player/484844,,,"U20('10,'11)、日本代表(10)",,,Yokohama Canon Eagles (2019 - 2026) -> Sunwolves (2019 - 2019) -> Yokohama Canon Eagles (2018 - 2018) -> Sunwolves (2017 - 2018) -> Yokohama Canon Eagles (2017 - 2017) -> Sunwolves (2017 - 2017) -> Yokohama Canon Eagles (2016 - 2016) -> Sunwolves (2016 - 2016) -> Yokohama Canon Eagles (2014 - 2016)
Toshiki Amano,天野 寿紀,SH,横浜キヤノンイーグルス（2025-26）,170,80,1990.10.27,35,常翔学園高校,帝京大学,常翔学園高校 帝京大学,A,28,https://league-one.jp/player/484845,,,,,,Yokohama Canon Eagles (2021 - 2026)
Ryo Tabata,田畑 凌,CTB,横浜キヤノンイーグルス（2025-26）,177,93,1996.07.05,29,報徳学園高校,京都産業大学,報徳学園高校 京都産業大学,A,19,https://league-one.jp/player/484846,,,,,,Yokohama Canon Eagles (2022 - 2026)
Takato Okabe,岡部 崇人,PR,横浜キヤノンイーグルス（2025-26）,180,105,1995.02.19,30,上宮高校,関西学院大学,上宮高校 関西学院大学,A,69,https://league-one.jp/player/484847,,,日本代表(8),,,Yokohama Canon Eagles (2019 - 2026)
Kouki Arai,荒井 康植,SH,横浜キヤノンイーグルス（2025-26）,175,80,1993.05.14,32,佐賀工業高校,帝京大学,佐賀工業高校 帝京大学,A,29,https://league-one.jp/player/484848,,,,,,Not Found
Ryosuke Iwaihara,祝原 涼介,PR,横浜キヤノンイーグルス（2025-26）,184,115,1996.10.06,29,桐蔭学園高校,明治大学,桐蔭学園高等学校 明治大学,A,52,https://league-one.jp/player/484849,,,"U20('15,'16)、U23('15)、日本代表(5)",,,Yokohama Canon Eagles (2023 - 2026) -> Tokyo Sungoliath (2021 - 2023)
Shunta Nakamura,中村 駿太,HO,横浜キヤノンイーグルス（2025-26）,176,100,1994.02.28,31,桐蔭学園高校,明治大学,桐蔭学園高等学校 明治大学,A,66,https://league-one.jp/player/484850,,,,,,Yokohama Canon Eagles (2023 - 2026) -> Tokyo Sungoliath (2021 - 2023)
Ryu Fukuhara,普久原 琉,FB,横浜キヤノンイーグルス（2025-26）,178,85,2000.11.03,25,コザ,日本大学,コザ高校 日本大学,A,7,https://league-one.jp/player/484851,,,,,,Yokohama Canon Eagles (2023 - 2026)
Lekima Nasamila,レキマ ・ナサミラ,FL,横浜キヤノンイーグルス（2025-26）,190,123,1998.12.27,27,Leleanmemorialschool,東海大学,Leleanmemorialschool 東海大学,A,11,https://league-one.jp/player/484852,,,,,,Yokohama Canon Eagles (2023 - 2026)
Kippei Ishida,石田 吉平,WTB,横浜キヤノンイーグルス（2025-26）,167,74,2000.04.28,25,常翔学園高校,明治大学,常翔学園高校 明治大学,A,18,https://league-one.jp/player/484853,,,セブンズ日本(20)、日本代表(9),,,Yokohama Canon Eagles (2024 - 2026)
Yuragi Muto,武藤 ゆらぎ,SO,横浜キヤノンイーグルス（2025-26）,170,77,2001.07.30,24,東海大学付属大阪仰星高校,東海大学,東海大学付属大阪仰星高等学校 東海大学,A,9,https://league-one.jp/player/484854,,,,,,Yokohama Canon Eagles (2023 - 2026)
Hayate Hiraishi,平石 颯,HO,横浜キヤノンイーグルス（2025-26）,179,103,2002.02.09,23,桐蔭学園高校,筑波大学,桐蔭学園 筑波大学,A,2,https://league-one.jp/player/484855,,,,,,Yokohama Canon Eagles (2024 - 2026)
Randall Baker,ランダル ・ベイカー,FL,横浜キヤノンイーグルス（2025-26）,191,114,2005.09.16,20,ボタニー・ダウンズ・セカンダリ,,ボタニー・ダウンズ・セカンダリ,B,2,https://league-one.jp/player/485911,,,,,,Yokohama Canon Eagles (2025 - 2026) -> Auckland (2025 - 2025) -> Blues (2025 - 2025) -> Auckland (2024 - 2024) -> Blues (2024 - 2024)
Tomoya Adachi,足立 友哉,HO,リコーブラックラムズ東京（2025-26）,180,115,2004.09.04,21,クリフトンカレッジ,,クリフトンカレッジ,A,0,https://league-one.jp/player/484856,,,,,,Not Found
Felix Kalapu,フィリックス ・カラプ,LO,リコーブラックラムズ東京（2025-26）,195,118,1999.09.27,26,オークランド・グラマー・スクール,,オークランド・グラマー・スクール,B,2,https://league-one.jp/player/484857,,,,,,BlackRams Tokyo (2025 - 2026) -> North Harbour (2025 - 2025) -> New South Wales Waratahs (2025 - 2025) -> North Harbour (2024 - 2024) -> New South Wales Waratahs (2024 - 2024) -> North Harbour (2024 - 2024) -> Western Force (2024 - 2024) -> North Harbour (2023 - 2023) -> Western Force (2022 - 2023) -> North Harbour (2022 - 2022) -> Old Glory DC RFC (2022 - 2022) -> Auckland (2022 - 2022) -> North Harbour (2021 - 2021) -> Old Glory DC RFC (2021 - 2021) -> Auckland (2019 - 2021)
Rameka Poihipi,ラメカ ・ポイヒピ,CTB,リコーブラックラムズ東京（2025-26）,183,105,1998.10.14,27,HamiltonBoys'HighSchool,,HamiltonBoys'HighSchool,B,2,https://league-one.jp/player/484858,,,,,,BlackRams Tokyo (2025 - 2026) -> Chiefs (2024 - 2025) -> Canterbury (2024 - 2024) -> Chiefs (2024 - 2024) -> Canterbury (2023 - 2023) -> Chiefs (2023 - 2023) -> Canterbury (2023 - 2023) -> Chiefs (2023 - 2023) -> Canterbury (2022 - 2022) -> Chiefs (2022 - 2022) -> Canterbury (2022 - 2022) -> Chiefs (2022 - 2022) -> Canterbury (2021 - 2021) -> Chiefs (2021 - 2021) -> Canterbury (2021 - 2021) -> Chiefs (2021 - 2021) -> Canterbury (2020 - 2020) -> Chiefs (2020 - 2020) -> Canterbury (2018 - 2020)
Yusuke Kishi,岸 佑融,LO,リコーブラックラムズ東京（2025-26）,191,106,2002.08.02,23,玉川学園高等部高校,日本体育大学,玉川学園高等部 日本体育大学,A,0,https://league-one.jp/player/484859,,,,,,BlackRams Tokyo (2025 - 2026) -> Nippon Sport Science University (2024 - 2025)
Soonhong Lee,李 淳弘,HO,リコーブラックラムズ東京（2025-26）,171,100,2002.06.29,23,大阪朝鮮高級学校,京都産業大学,大阪朝鮮高級学校 京都産業大学,A,0,https://league-one.jp/player/484860,,,XV('25),,,Not Found
Taichi Kugino,久木野 太一,CTB,リコーブラックラムズ東京（2025-26）,178,89,2002.10.21,23,小倉高校,帝京大学,小倉高校 帝京大学,A,0,https://league-one.jp/player/484861,,,,,,BlackRams Tokyo (2025 - 2026) -> Teikyo University (2024 - 2025)
Yuta Akihama,秋濱 悠太,WTB,リコーブラックラムズ東京（2025-26）,174,85,2002.05.16,23,桐蔭学園高校,明治大学,桐蔭学園 明治大学,A,0,https://league-one.jp/player/484862,,,XV('24),,,BlackRams Tokyo (2025 - 2026) -> Meiji University (2024 - 2025)
Kota Mitake,三竹 康太,PR,リコーブラックラムズ東京（2025-26）,175,110,1996.04.28,29,大阪桐蔭高校,立命館大学,大阪桐蔭高校 立命館大学,A,36,https://league-one.jp/player/484863,,,U23('16),,,BlackRams Tokyo (2025 - 2026) -> Hanazono Kintetsu Liners (2021 - 2025)
Michael Allardice,マイケル ・アラダイス,LO,リコーブラックラムズ東京（2025-26）,200,112,1991.10.19,34,パーマストンノースボーイズ,カンタベリー大学,パーマストンノースボーイズ高校 カンタベリー大学,A,36,https://league-one.jp/player/484864,,,,,,BlackRams Tokyo (2025 - 2026) -> Red Hurricanes Osaka (2023 - 2025) -> Toyota Verblitz (2020 - 2023) -> Chiefs (2014 - 2020)
TJ Perenara,TJ ・ペレナラ,SH,リコーブラックラムズ東京（2025-26）,181,92,1992.01.23,33,マナカレッジ,,マナカレッジ,C,21,https://league-one.jp/player/484865,,,NZ代表(89),,,BlackRams Tokyo (2024 - 2026) -> Wellington Lions (2024 - 2024) -> Hurricanes (2024 - 2024) -> Wellington Lions (2023 - 2023) -> Hurricanes (2022 - 2023) -> Wellington Lions (2022 - 2022) -> Hurricanes (2022 - 2022) -> Wellington Lions (2021 - 2021) -> Hurricanes (2021 - 2021) -> Red Hurricanes Osaka (2020 - 2021) -> Wellington Lions (2020 - 2020) -> Hurricanes (2020 - 2020) -> Wellington Lions (2019 - 2019) -> Hurricanes (2013 - 2019)
PJ Latu,PJ ・ラトゥ,CTB,リコーブラックラムズ東京（2025-26）,187,104,2000.10.24,25,TimaruSouthSchool,大東文化大学,TimaruSouthSchool 大東文化大学,A,18,https://league-one.jp/player/484866,,,,,,BlackRams Tokyo (2024 - 2026)
Liam Gill,リアム ・ギル,FL,リコーブラックラムズ東京（2025-26）,186,105,1992.06.08,33,セントジョセフカレッジグレゴリーテラス,,セントジョセフカレッジグレゴリーテラス,C,41,https://league-one.jp/player/484867,,,,,,BlackRams Tokyo (2024 - 2026) -> Urayasu D-Rocks (2020 - 2024) -> Lyon Olympique Universitaire Rugby (2017 - 2020) -> Rugby Club Toulonnais (2016 - 2017) -> Queensland Reds (2010 - 2016)
Paddy Ryan,パディー ・ライアン,PR,リコーブラックラムズ東京（2025-26）,190,116,1988.08.09,37,セントジョセフカレッジ,シドニー大学,セントジョセフカレッジ シドニー大学,C,45,https://league-one.jp/player/484868,,,,,,BlackRams Tokyo (2024 - 2026) -> New South Wales Waratahs (2024 - 2024) -> BlackRams Tokyo (2024 - 2024) -> New South Wales Waratahs (2023 - 2023) -> BlackRams Tokyo (2022 - 2023) -> New South Wales Waratahs (2022 - 2022) -> Munakata Sanix Blues (2022 - 2022) -> New South Wales Waratahs (2021 - 2021) -> Munakata Sanix Blues (2021 - 2021) -> San Diego Legion (2021 - 2021) -> Munakata Sanix Blues (2021 - 2021) -> San Diego Legion (2020 - 2020) -> Munakata Sanix Blues (2020 - 2020) -> San Diego Legion (2018 - 2019) -> New South Wales Waratahs (2013 - 2018)
Shogo Yamamura,山村 勝悟,No8,リコーブラックラムズ東京（2025-26）,178,103,2001.03.24,24,天理高校,天理大学,天理高校 天理大学,A,0,https://league-one.jp/player/484869,,,,,,BlackRams Tokyo (2023 - 2026)
Kosei Nakamura,中村 公星,PR,リコーブラックラムズ東京（2025-26）,183,111,2001.01.25,24,国学院大学栃木高校,明治大学,国学院大学栃木高校 明治大学,A,8,https://league-one.jp/player/484870,,,,,,BlackRams Tokyo (2023 - 2026)
Ichigo Nakakusu,中楠 一期,SO,リコーブラックラムズ東京（2025-26）,174,84,2000.06.01,25,国学院久我山高校,慶応義塾大学,国学院久我山高校 慶応義塾大学,A,28,https://league-one.jp/player/484871,,,高校('18)、XV('25)、日本代表(3),,,BlackRams Tokyo (2023 - 2026)
Takumi Aoki,青木 拓己,CTB,リコーブラックラムズ東京（2025-26）,185,90,2000.04.07,25,御所実業高校,大東文化大学,御所実業高校  大東文化大学,A,0,https://league-one.jp/player/484872,,,,,,BlackRams Tokyo (2023 - 2026)
Siope Tavo,シオペ ・タヴォ,CTB,リコーブラックラムズ東京（2025-26）,189,104,1997.06.19,28,リアホナ,大東文化大学,リアホナ高校 大東文化大学,A,15,https://league-one.jp/player/484873,,,,,,BlackRams Tokyo (2022 - 2026) -> Chugoku Red Regulions (2021 - 2022)
Brodi Mccurran,マクカラン ブロディ,FL,リコーブラックラムズ東京（2025-26）,193,106,1994.05.24,31,ハミルトンボーイズ,帝京大学,ハミルトンボーイズ高校 帝京大学,A,48,https://league-one.jp/player/484874,,,,,,BlackRams Tokyo (2022 - 2026) -> Kobelco Kobe Steelers (2021 - 2022)
Josh Goodhue,ジョシュ ・グッドヒュー,LO,リコーブラックラムズ東京（2025-26）,199,112,1995.06.13,30,マウントアルバートグラマースクール,リンカーン大学,マウントアルバートグラマースクール リンカーン大学,B,30,https://league-one.jp/player/484875,,,,,,Not Found
Shohei Oyama,大山 祥平,PR,リコーブラックラムズ東京（2025-26）,186,115,1998.11.15,27,慶應義塾高校,慶應義塾大学,慶應義塾高校 慶應義塾大学,A,33,https://league-one.jp/player/484876,,,"U20,U23('18)、XV('25)",,,BlackRams Tokyo (2023 - 2026) -> Mie Honda Heat RFC (2021 - 2022)
Ko Sato,佐藤 康,HO,リコーブラックラムズ東京（2025-26）,170,98,1999.05.10,26,天理高校,天理大学,天理高校 天理大学,A,25,https://league-one.jp/player/484877,,,,,,BlackRams Tokyo (2022 - 2026)
Shu Yamamoto,山本 秀,LO,リコーブラックラムズ東京（2025-26）,190,108,1999.06.01,26,京都成章高校,近畿大学,京都成章高校 近畿大学,A,10,https://league-one.jp/player/484878,,,高校('17)、U20('19)、XV('25),,,BlackRams Tokyo (2021 - 2026)
Harrison Fox,ハリソン ・フォックス,LO,リコーブラックラムズ東京（2025-26）,198,118,2000.11.01,25,パジュア,,パジュア高校,A,21,https://league-one.jp/player/484879,,,,,,BlackRams Tokyo (2021 - 2026)
Yuki Ikeda,池田 悠希,CTB,リコーブラックラムズ東京（2025-26）,187,98,1995.05.21,30,東海大仰星高校,東海大学,東海大仰星高校 東海大学,A,51,https://league-one.jp/player/484880,,,U23('17)、日本代表(2),,,BlackRams Tokyo (2021 - 2026)
Takanobu Minami,南 昂伸,SH,リコーブラックラムズ東京（2025-26）,166,72,1999.03.03,26,御所実業高校,大東文化大学,御所実業高校 大東文化大学,A,30,https://league-one.jp/player/484881,,,,,,BlackRams Tokyo (2021 - 2026)
Yoshiyuki Koga,古賀 由教,WTB,リコーブラックラムズ東京（2025-26）,176,82,1998.08.28,27,東福岡高校,早稲田大学,東福岡高校 早稲田大学,A,3,https://league-one.jp/player/484882,,,U20('18)、セブンズ日本(17),,,BlackRams Tokyo (2021 - 2026)
Yuichiro Taniguchi,谷口 祐一郎,PR,リコーブラックラムズ東京（2025-26）,180,108,1998.06.04,27,東海大仰星高校,天理大学,東海大仰星高校 天理大学,A,33,https://league-one.jp/player/484883,,,"U20,U23('18)、XV('25)",,,BlackRams Tokyo (2021 - 2026) -> Sunwolves (2020 - 2020) -> Tenri University (2020 - 2020) -> Sunwolves (2019 - 2019) -> Tenri University (2019 - 2019)
Isaac Lucas,アイザック ・ルーカス,FB,リコーブラックラムズ東京（2025-26）,179,84,1999.02.11,26,セントジョセフグレゴリーテラスカレッジ,,セントジョセフグレゴリーテラスカレッジ,A,54,https://league-one.jp/player/484884,,,,,,BlackRams Tokyo (2020 - 2026) -> Queensland Reds (2018 - 2020)
Taira Main,メイン 平,FB,リコーブラックラムズ東京（2025-26）,180,90,2000.09.05,25,御所実業高校,,御所実業高等学校,A,37,https://league-one.jp/player/484885,,,高校('18)、XV('25)、日本代表(1),,,BlackRams Tokyo (2021 - 2026)
Tomoya Yamamura,山村 知也,WTB,リコーブラックラムズ東京（2025-26）,174,82,1997.12.02,28,報徳学園高校,明治大学,報徳学園高校 明治大学,A,8,https://league-one.jp/player/484886,,,U20('16)、U23('18)、セブンズ日本(2),,,BlackRams Tokyo (2023 - 2026)
Daisuke Nishikawa,西川 大輔,CTB,リコーブラックラムズ東京（2025-26）,184,90,1997.08.24,28,豊明高校,中京大学,豊明高校 中京大学,A,23,https://league-one.jp/player/484887,,,,,,BlackRams Tokyo (2021 - 2026)
Yuta Kurihara,栗原 由太,CTB,リコーブラックラムズ東京（2025-26）,179,88,1997.10.12,28,桐蔭学園高校,慶応義塾大学,桐蔭学園高校 慶応義塾大学,A,35,https://league-one.jp/player/484888,,,,,,BlackRams Tokyo (2021 - 2026)
Hinata Takei,武井 日向,HO,リコーブラックラムズ東京（2025-26）,171,98,1997.06.17,28,國學院栃木高校,明治大学,國學院栃木高校 明治大学,A,25,https://league-one.jp/player/484889,,,"U20('17)、U23('17,'18)",,,BlackRams Tokyo (2021 - 2026)
Daigo Sasagawa,笹川 大五,PR,リコーブラックラムズ東京（2025-26）,187,115,1997.08.03,28,明治大学付属中野高校,明治大学,明治大学付属中野高等学校 明治大学,A,28,https://league-one.jp/player/484890,,,,,,BlackRams Tokyo (2021 - 2026)
Talau Samurai Fakatava,ファカタヴァ タラウ侍,LO,リコーブラックラムズ東京（2025-26）,191,112,1994.12.07,31,ティマルボーイズ,大東文化大学,ティマルボーイズ高校 大東文化大学,-,14,https://league-one.jp/player/484891,,,,,,Not Found
Amato Fakatava,ファカタヴァ アマト,No8,リコーブラックラムズ東京（2025-26）,195,118,1994.12.07,31,ティマルボーイズ,大東文化大学,ティマルボーイズ高校 大東文化大学,A,50,https://league-one.jp/player/484892,,,,,,BlackRams Tokyo (2019 - 2026)
Pohiva Yamato Lotoahea,ロトアヘア ポヒヴァ大和,LO,リコーブラックラムズ東京（2025-26）,192,120,1988.08.10,37,トゥポウカレッジ,埼玉工業大学,トゥポウカレッジ 埼玉工業大学,A,28,https://league-one.jp/player/484893,,,,,,BlackRams Tokyo (2022 - 2026)
Masashi Onishi,大西 将史,HO,リコーブラックラムズ東京（2025-26）,180,110,1995.02.21,30,上宮太子高校,帝京大学,上宮太子高校 帝京大学,A,36,https://league-one.jp/player/484894,,,,,,BlackRams Tokyo (2021 - 2026)
Ryohei Isoda,礒田 凌平,CTB,リコーブラックラムズ東京（2025-26）,178,90,1996.07.22,29,京都成章高校,立命館大学,京都成章高校 立命館大学,A,26,https://league-one.jp/player/484895,,,,,,BlackRams Tokyo (2022 - 2026)
Toshiya Takahashi,高橋 敏也,SH,リコーブラックラムズ東京（2025-26）,182,83,1993.10.22,32,国学院久我山高校,青山学院大学,国学院久我山高校 青山学院大学,A,42,https://league-one.jp/player/484896,,,,,,BlackRams Tokyo (2021 - 2026)
Taichi Chiba,千葉 太一,PR,リコーブラックラムズ東京（2025-26）,176,115,1994.09.22,31,早稲田実業高校,早稲田大学,早稲田実業高校 早稲田大学,A,31,https://league-one.jp/player/484897,,,,,,BlackRams Tokyo (2021 - 2026)
Kohei Horigome,堀米 航平,SO,リコーブラックラムズ東京（2025-26）,177,89,1995.09.18,30,流通経済大学柏高校,明治大学,流通経済大学柏高校 明治大学,A,19,https://league-one.jp/player/484898,,,高校('13),,,BlackRams Tokyo (2021 - 2026)
Kazuma Nishi,西 和磨,PR,リコーブラックラムズ東京（2025-26）,180,105,1995.08.10,30,京都成章高校,帝京大学,京都成章高校 帝京大学,A,53,https://league-one.jp/player/484899,,,,,,BlackRams Tokyo (2021 - 2026)
Shuhei Matsuhashi,松橋 周平,No8,リコーブラックラムズ東京（2025-26）,180,100,1993.11.24,32,船橋高校,明治大学,市立船橋高校 明治大学,A,49,https://league-one.jp/player/484900,,,日本代表(8),,,BlackRams Tokyo (2019 - 2026) -> Sunwolves (2016 - 2019)
Otoya Kihara,木原 音弥,No8,リコーブラックラムズ東京（2025-26）,186,98,2000.02.27,25,東福岡高校,同志社大学,東福岡高校 同志社大学,A,10,https://league-one.jp/player/484901,,,高校('17),,,BlackRams Tokyo (2023 - 2026)
Larzlo Sword,ラズロー ・ソード,CTB,リコーブラックラムズ東京（2025-26）,193,105,2003.05.06,22,アングリカン・チャーチ・グラマー・スクール,,アングリカン・チャーチ・グラマー・スクール,B,5,https://league-one.jp/player/484902,,,,,,BlackRams Tokyo (2024 - 2026)
Shin Ouchi,大内 真,HO,リコーブラックラムズ東京（2025-26）,183,107,1997.07.26,28,日川高校,,日川高校,A,27,https://league-one.jp/player/484903,,,,,,BlackRams Tokyo (2023 - 2026) -> Toshiba Brave Lupus Tokyo (2021 - 2023)
Kotaro Ito,伊藤 耕太郎,SO,リコーブラックラムズ東京（2025-26）,177,86,2001.11.15,24,國學院栃木高校,明治大学,國學院栃木高校 明治大学,A,19,https://league-one.jp/player/484904,,,XV('25),,,BlackRams Tokyo (2023 - 2026)
Reijiro Yamamoto,山本 嶺二郎,LO,リコーブラックラムズ東京（2025-26）,191,110,2002.03.18,23,京都成章高校,明治大学,京都成章高校 明治大学,A,20,https://league-one.jp/player/484905,,,,,,BlackRams Tokyo (2023 - 2026)
Tomu Takamoto,高本 とむ,WTB,リコーブラックラムズ東京（2025-26）,182,92,2001.10.10,24,東福岡高校,帝京大学,東福岡高校 帝京大学,A,4,https://league-one.jp/player/484906,,,XV('25)、セブンズ日本(2),,,BlackRams Tokyo (2024 - 2026)
Taishi Tsumura,津村 大志,PR,リコーブラックラムズ東京（2025-26）,172,108,2001.04.30,24,御所実業高校,帝京大学,御所実業高校 帝京大学,A,16,https://league-one.jp/player/484907,,,XV('25),,,BlackRams Tokyo (2023 - 2026)
Seima Inaba,稲葉 聖馬,SH,リコーブラックラムズ東京（2025-26）,166,74,2002.01.27,23,御所実業高校,大東文化大学,御所実業高校 大東文化大学,A,0,https://league-one.jp/player/484908,,,,,,BlackRams Tokyo (2024 - 2026)
Samuel Waqabaca,サミュエラ ・ワカヴァカ,PR,リコーブラックラムズ東京（2025-26）,185,113,2001.08.19,24,セント,グレゴリー大学,セント グレゴリー カレッジ 朝日大学,A,16,https://league-one.jp/player/484909,,,,,,BlackRams Tokyo (2023 - 2026)
Nic Souchon,ニック ・スーチョン,HO,リコーブラックラムズ東京（2025-26）,180,110,1997.08.13,28,ハミルトンボーイズハイスクール,リンカーン大学,ハミルトンボーイズハイスクール リンカーン大学,B,0,https://league-one.jp/player/485147,,,,,,BlackRams Tokyo (2025 - 2026) -> Otago (2025 - 2025) -> Southland Stags (2025 - 2025) -> Hurricanes (2025 - 2025) -> Otago (2024 - 2024) -> Southland Stags (2024 - 2024) -> Hurricanes (2024 - 2024) -> Southland Stags (2024 - 2024) -> Utah Warriors (2024 - 2024) -> Southland Stags (2023 - 2023) -> Utah Warriors (2023 - 2023) -> Southland Stags (2023 - 2023) -> Old Glory DC RFC (2023 - 2023) -> Southland Stags (2022 - 2022) -> Old Glory DC RFC (2022 - 2022) -> Bay of Plenty Steamers (2019 - 2022)
Frank Lochore,フランク ・ロホー,LO,NECグリーンロケッツ東葛（2025-26）,194,110,2001.06.07,24,NapierBoyshighschool,,NapierBoyshighschool,B,2,https://league-one.jp/player/483527,,,,,,Green Rockets Tokatsu (2025 - 2026) -> Hawke's Bay Magpies (2025 - 2025) -> Utah Warriors (2025 - 2025) -> Hawke's Bay Magpies (2024 - 2024) -> Utah Warriors (2024 - 2024) -> Hawke's Bay Magpies (2024 - 2024) -> Utah Warriors (2024 - 2024) -> Hawke's Bay Magpies (2023 - 2023) -> Utah Warriors (2023 - 2023) -> Hawke's Bay Magpies (2021 - 2023)
Ryuto Fukuyama,福山 竜斗,UTB,NECグリーンロケッツ東葛（2025-26）,168,83,1999.10.06,26,天理高校,近畿大学,天理高校 近畿大学,A,13,https://league-one.jp/player/483528,,,,,,Green Rockets Tokatsu (2025 - 2026) -> Mitsubishi Sagamihara Dynaboars (2021 - 2025)
Amanaki Taiyo Lotoahea,ロトアヘア アマナキ大洋,CTB,NECグリーンロケッツ東葛（2025-26）,191,107,1990.04.14,35,トゥポウカレッジ,花園大学,トゥポウカレッジ 花園大学,A,30,https://league-one.jp/player/483529,,,,,,Not Found
Reece Macdonald,リース ・マクドナルド,SO,NECグリーンロケッツ東葛（2025-26）,175,83,1997.12.10,28,TauharaCollage,,TauharaCollage,B,2,https://league-one.jp/player/483530,,,,,,Green Rockets Tokatsu (2025 - 2026) -> RFC Los Angeles (2024 - 2025) -> Manawatu Turbos (2024 - 2024) -> New England Free Jacks (2024 - 2024) -> Manawatu Turbos (2023 - 2023) -> New England Free Jacks (2022 - 2023)
Riley Hohepa,ライリー ・ホヘパ,SO,NECグリーンロケッツ東葛（2025-26）,186,93,1995.02.09,30,PukekoheHighSchool,,PukekoheHighSchool,B,3,https://league-one.jp/player/483531,,,,,,Green Rockets Tokatsu (2025 - 2026) -> Counties Manukau Steelers (2025 - 2025) -> Hurricanes (2025 - 2025) -> Counties Manukau Steelers (2024 - 2024) -> Hurricanes (2024 - 2024) -> Counties Manukau Steelers (2024 - 2024) -> Crusaders (2024 - 2024) -> Counties Manukau Steelers (2023 - 2023) -> Crusaders (2023 - 2023) -> Counties Manukau Steelers (2023 - 2023) -> Hurricanes (2023 - 2023) -> Counties Manukau Steelers (2022 - 2022) -> Hurricanes (2022 - 2022) -> Counties Manukau Steelers (2019 - 2022)
Hirose Yabu,屋部 旺成,SH,NECグリーンロケッツ東葛（2025-26）,173,77,2003.02.15,22,名護高校,,名護高校,A,0,https://league-one.jp/player/483532,,,,,,Green Rockets Tokatsu (2025 - 2026) -> Okinawa Yanbaru Club (2024 - 2025)
Timote Tavalea,ティモテ ・タヴァレア,FL,NECグリーンロケッツ東葛（2025-26）,186,105,1998.08.05,27,JohnPaulCollage,山梨学院大学,JohnPaulCollage 山梨学院大学,A,17,https://league-one.jp/player/483533,,,,,,Green Rockets Tokatsu (2025 - 2026) -> Mitsubishi Sagamihara Dynaboars (2022 - 2025)
Dylan Nel,ディラン ・ネル,No8,NECグリーンロケッツ東葛（2025-26）,185,110,1992.11.27,33,ClifonCollage,,ClifonCollage,B,14,https://league-one.jp/player/483534,,,,,,Green Rockets Tokatsu (2025 - 2026) -> Utah Warriors (2024 - 2025) -> Southland Stags (2024 - 2024) -> Utah Warriors (2024 - 2024) -> Southland Stags (2023 - 2023) -> Utah Warriors (2023 - 2023) -> Mitsubishi Sagamihara Dynaboars (2023 - 2023) -> Southland Stags (2023 - 2023) -> Mitsubishi Sagamihara Dynaboars (2022 - 2022) -> Southland Stags (2022 - 2022) -> Mitsubishi Sagamihara Dynaboars (2021 - 2022) -> Otago (2020 - 2021) -> Chiefs (2020 - 2020) -> Otago (2019 - 2019) -> Chiefs (2019 - 2019) -> Otago (2018 - 2019)
Rory Arnold,ローリー ・アーノルド,LO,NECグリーンロケッツ東葛（2025-26）,208,120,1990.07.01,35,Muruwillumbahhighschool,,Muruwillumbahhighschool,C,21,https://league-one.jp/player/483535,,,,,,Green Rockets Tokatsu (2025 - 2026) -> Hino Red Dolphins (2022 - 2025) -> Stade Toulousain (2019 - 2022) -> Brumbies (2014 - 2019)
Kosuke Shimoe,下江 康輔,HO,NECグリーンロケッツ東葛（2025-26）,173,100,2001.05.23,24,東福岡高校,東海大学,東福岡高校 東海大学,A,0,https://league-one.jp/player/483536,,,,,,Green Rockets Tokatsu (2025 - 2026) -> Tokai University (2024 - 2025)
Shunya Hamano,濱野 隼也,HO,NECグリーンロケッツ東葛（2025-26）,182,108,1999.03.11,26,秋田工業高校,法政大学,秋田工業高校 法政大学,A,10,https://league-one.jp/player/483537,,,,,,Green Rockets Tokatsu (2025 - 2026) -> Urayasu D-Rocks (2023 - 2025) -> Hino Red Dolphins (2021 - 2023)
Keita Kimura,木村 圭汰,PR,NECグリーンロケッツ東葛（2025-26）,175,112,1999.12.12,26,筑紫台高校,京都産業大学,筑紫台高校 京都産業大学,A,15,https://league-one.jp/player/483538,,,,,,Green Rockets Tokatsu (2025 - 2026) -> LeRIRO Fukuoka (2024 - 2025)
Taiga Yamaguchi,山口 泰雅,PR,NECグリーンロケッツ東葛（2025-26）,169,106,2000.10.27,25,目黒学院高校,東洋大学,目黒学院高校 東洋大学,A,22,https://league-one.jp/player/483539,,,,,,Green Rockets Tokatsu (2025 - 2026) -> Hino Red Dolphins (2023 - 2025)
Phransis Sula-Siaosi,フランシス ・スラ・シアオシ,PR,NECグリーンロケッツ東葛（2025-26）,173,120,2000.07.15,25,St.Joseph'sNudgeeCollege,,St.Joseph'sNudgeeCollege,B,0,https://league-one.jp/player/483540,,,,,,Green Rockets Tokatsu (2025 - 2026) -> Hong Kong Football Club (2024 - 2025) -> Souths Rugby (2023 - 2024) -> Queensland Reds (2022 - 2023) -> Souths Rugby (2021 - 2022)
Matariki Channings,マタリキ ・チャニングス,LO,NECグリーンロケッツ東葛（2025-26）,195,114,2002.06.11,23,TeAuteCollage/HastingBoysHighschool,東洋大学,TeAuteCollage/HastingBoysHighschool 東洋大学,B,0,https://league-one.jp/player/483541,,,,,,Green Rockets Tokatsu (2024 - 2026)
Naoya Ogita,荻田 直弥,WTB,NECグリーンロケッツ東葛（2025-26）,187,91,2002.09.20,23,学習院高等科高校,学習院大学,学習院高等科 学習院大学,A,0,https://league-one.jp/player/483542,,,セブンズ日本(6),,,Green Rockets Tokatsu (2025 - 2026) -> Gakushuin University (2024 - 2025)
Asahi Uchikawa,内川 朝陽,FL,NECグリーンロケッツ東葛（2025-26）,182,97,2002.04.17,23,佐賀工業高校,関東学院大学,佐賀工業高校 関東学院大学,A,0,https://league-one.jp/player/483543,,,,,,Green Rockets Tokatsu (2025 - 2026) -> Kanto Gakuin University (2024 - 2025)
Shotaro Kameyama,亀山 昇太郎,PR,NECグリーンロケッツ東葛（2025-26）,176,115,2002.09.17,23,茗溪学園高校,早稲田大学,茗溪学園高校 早稲田大学,A,6,https://league-one.jp/player/483544,,,,,,Green Rockets Tokatsu (2024 - 2026)
Sena Hwang,黄 世邏,PR,NECグリーンロケッツ東葛（2025-26）,180,110,2003.02.03,22,中部大学春日丘高校,関西学院大学,中部大学春日丘高校 関西学院大学,A,3,https://league-one.jp/player/483545,,,,,,Not Found
Edward Annandale,エドワード ・アナンデール,LO,NECグリーンロケッツ東葛（2025-26）,200,121,2001.01.18,24,MassillonHighschool,,MassillonHighschool,B,9,https://league-one.jp/player/483546,,,,,,Green Rockets Tokatsu (2024 - 2026) -> Auckland (2023 - 2024) -> ASM Clermont Auvergne (2023 - 2023) -> Auckland (2022 - 2022) -> ASM Clermont Auvergne (2019 - 2022)
Keagen Faria,キーガン ・ファリア,WTB,NECグリーンロケッツ東葛（2025-26）,185,90,1994.12.10,31,St.John’sCollage,,St.John’sCollage,A,38,https://league-one.jp/player/483547,,,,,,Green Rockets Tokatsu (2024 - 2026) -> Shizuoka Blue Revs (2021 - 2024)
Orbyn Leger,オルビン ・レジャー,CTB,NECグリーンロケッツ東葛（2025-26）,184,94,1997.03.13,28,HamiltonBoysHighschol,,HamiltonBoysHighschol,A,46,https://league-one.jp/player/483548,,,,,,Green Rockets Tokatsu (2024 - 2026) -> Shimizu Koto Blue Sharks (2021 - 2024) -> Counties Manukau Steelers (2021 - 2021) -> Hurricanes (2021 - 2021) -> Counties Manukau Steelers (2020 - 2020) -> Hurricanes (2020 - 2020) -> Counties Manukau Steelers (2020 - 2020) -> Chiefs (2020 - 2020) -> Counties Manukau Steelers (2019 - 2019) -> Chiefs (2018 - 2019) -> Blues (2017 - 2018)
Suliasi Tolu,トル スリアシ,PR,NECグリーンロケッツ東葛（2025-26）,188,118,1993.10.05,32,SuvaGrammarSchool,埼玉工業大学,SuvaGrammarSchool 埼玉工業大学,A,5,https://league-one.jp/player/483549,,,,,,Green Rockets Tokatsu (2024 - 2026) -> Saitama Wild Knights (2022 - 2023)
Pari Pari Parkinson,パリパリ ・パーキンソン,LO,NECグリーンロケッツ東葛（2025-26）,204,135,1996.09.12,29,SaintKentigernCollage,,SaintKentigernCollage,B,12,https://league-one.jp/player/483550,,,,,,Green Rockets Tokatsu (2024 - 2026) -> Highlanders (2023 - 2024) -> Tasman Mako (2023 - 2023) -> Highlanders (2023 - 2023) -> Tasman Mako (2022 - 2022) -> Highlanders (2022 - 2022) -> sans club (2021 - 2022) -> Tasman Mako (2021 - 2021) -> Highlanders (2021 - 2021) -> Tasman Mako (2020 - 2020) -> Highlanders (2017 - 2020)
Yusuke Maruo,丸尾 祐資,SH,NECグリーンロケッツ東葛（2025-26）,170,75,2000.10.25,25,報徳学園高校,明治大学,報徳学園高校 明治大学,A,12,https://league-one.jp/player/483551,,,,,,Green Rockets Tokatsu (2023 - 2026)
Kakeru Miyaso,宮宗 翔,WTB,NECグリーンロケッツ東葛（2025-26）,182,86,1999.06.22,26,大阪桐蔭高校,近畿大学,大阪桐蔭 近畿大学,A,2,https://league-one.jp/player/483552,,,,,,Green Rockets Tokatsu (2023 - 2024)
Sunao Takizawa,瀧澤 直,PR,NECグリーンロケッツ東葛（2025-26）,175,115,1986.09.30,39,千種高校,早稲田大学,千種高校 早稲田大学,A,37,https://league-one.jp/player/483553,,,,,,Green Rockets Tokatsu (2021 - 2026)
Taku Toma,當眞 琢,PR,NECグリーンロケッツ東葛（2025-26）,183,120,1996.09.21,29,コザ,帝京大学,コザ高校 帝京大学,A,23,https://league-one.jp/player/483554,,,"U20,U23('16)",,,Green Rockets Tokatsu (2021 - 2026)
Keisuke Kikuta,菊田 圭佑,PR,NECグリーンロケッツ東葛（2025-26）,173,113,1998.06.15,27,仙台育英学園高校,法政大学,仙台育英学園高校 法政大学,A,41,https://league-one.jp/player/483555,,,,,,Green Rockets Tokatsu (2021 - 2026)
Tatsuru Owada,大和田 立,FL,NECグリーンロケッツ東葛（2025-26）,178,100,1992.01.14,33,美幌高校,帝京大学,美幌高校 帝京大学,A,21,https://league-one.jp/player/483556,,,U20('11),,,Green Rockets Tokatsu (2021 - 2026)
Ryoi Kamei,亀井 亮依,FL,NECグリーンロケッツ東葛（2025-26）,178,97,1994.10.08,31,常翔啓光学園高校,帝京大学,常翔啓光学園高校 帝京大学,A,39,https://league-one.jp/player/483557,,,U23('17),,,Green Rockets Tokatsu (2021 - 2026)
Tatsuya Fujii,藤井 達哉,SH,NECグリーンロケッツ東葛（2025-26）,164,65,2000.03.15,25,東海大付属福岡高校,ジョンマクガラシャン大大学,東海大付属福岡高校 ジョンマクガラシャン大,A,28,https://league-one.jp/player/483558,,,高校('22),,,Green Rockets Tokatsu (2021 - 2026)
Taisetsu Kanai,金井 大雪,SO,NECグリーンロケッツ東葛（2025-26）,178,88,1997.01.29,28,深谷高校,法政大学,深谷高校 法政大学,A,30,https://league-one.jp/player/483559,,,"U20,U23('15)、U20,U23('16)",,,Green Rockets Tokatsu (2021 - 2026)
Koichi Matsuura,松浦 康一,CTB,NECグリーンロケッツ東葛（2025-26）,183,90,1993.08.03,32,佐賀工業高校,明治大学,佐賀工業高校 明治大学,A,28,https://league-one.jp/player/483560,,,,,,Green Rockets Tokatsu (2021 - 2026)
Masaki Obata,小幡 将己,CTB,NECグリーンロケッツ東葛（2025-26）,181,91,1998.12.25,27,石見智翠館高校,明治大学,石見智翠館高校 明治大学,A,17,https://league-one.jp/player/483561,,,,,,Green Rockets Tokatsu (2021 - 2026)
Teruya Goto,後藤 輝也,WTB,NECグリーンロケッツ東葛（2025-26）,177,82,1991.12.18,34,桂高校,山梨学院大学,桂高校 山梨学院大学,A,35,https://league-one.jp/player/483562,,,セブンズ日本(15),,,Green Rockets Tokatsu (2017 - 2026) -> Sunwolves (2017 - 2017) -> Green Rockets Tokatsu (2016 - 2016) -> Sunwolves (2016 - 2016) -> Green Rockets Tokatsu (2014 - 2016)
Hiroyuki Miyajima,宮島 裕之,WTB,NECグリーンロケッツ東葛（2025-26）,182,85,1992.09.23,33,飯田高校,同志社大学,飯田高校 同志社大学,A,25,https://league-one.jp/player/483563,,,,,,Green Rockets Tokatsu (2021 - 2026)
Yuma Sugimoto,杉本 悠馬,WTB,NECグリーンロケッツ東葛（2025-26）,178,86,1997.12.16,28,佐野日大高校,日本大学,佐野日大高校 日本大学,A,20,https://league-one.jp/player/483564,,,,,,Green Rockets Tokatsu (2021 - 2026)
Keita Kobayasi,小林 恵太,HO,NECグリーンロケッツ東葛（2025-26）,175,106,1999.08.04,26,宮崎西高校,帝京大学,宮崎西高校 帝京大学,A,8,https://league-one.jp/player/483565,,,,,,Not Found
Ren Osawa,大澤 蓮,HO,NECグリーンロケッツ東葛（2025-26）,180,106,1999.10.04,26,長崎南山高校,法政大学,長崎南山高校 法政大学,A,25,https://league-one.jp/player/483566,,,,,,Green Rockets Tokatsu (2021 - 2026)
Christian Laui,クリスチャン ・ラウイ,CTB,NECグリーンロケッツ東葛（2025-26）,180,105,1998.09.08,27,日体大柏高校,日本体育大学,日体大柏高校 日本体育大学,A,26,https://league-one.jp/player/483567,,,,,,Green Rockets Tokatsu (2022 - 2026)
Kanta Omata,尾又 寛汰,WTB,NECグリーンロケッツ東葛（2025-26）,171,82,1994.11.02,31,國學院栃木高校,明治大学,國學院栃木高校 明治大学,A,47,https://league-one.jp/player/483568,,,,,,Green Rockets Tokatsu (2022 - 2026) -> Mie Honda Heat RFC (2021 - 2022)
Nick Phipps,ニック ・フィップス,SH,NECグリーンロケッツ東葛（2025-26）,180,88,1989.01.09,36,The,Kings,"The Kings School, Parramatta SydneyUniversity",C,33,https://league-one.jp/player/483569,,,,,,Green Rockets Tokatsu (2022 - 2026) -> London Irish (2019 - 2022) -> New South Wales Waratahs (2013 - 2019)
Ryosei Takai,高井 良成,CTB,NECグリーンロケッツ東葛（2025-26）,177,82,2001.12.09,24,関西大学北陽高校,京都産業大学,関西大学北陽高校 京都産業大学,A,1,https://league-one.jp/player/485129,,,,,,Green Rockets Tokatsu (2024 - 2026)
Yuta Moriyama,森山 雄太,FL,NECグリーンロケッツ東葛（2025-26）,182,100,2001.06.12,24,東福岡高校,明治大学,東福岡高校 明治大学,A,2,https://league-one.jp/player/485130,,,,,,Green Rockets Tokatsu (2024 - 2026)
Brendon Nell,ブレンドン ・ネル,LO,NECグリーンロケッツ東葛（2025-26）,196,117,2000.08.01,25,Werda,Highschool,Werda Highschool 流通経済大学,A,3,https://league-one.jp/player/485131,,,,,,Green Rockets Tokatsu (2024 - 2026)
Manaaki Selby-Rickit,マナアキ ・セルビーリキット,LO,浦安D-Rocks（2025-26）,200,112,1996.06.05,29,DeLaSalleCollege,,DeLaSalleCollege,B,2,https://league-one.jp/player/483474,,,,,,Not Found
Tamati Ioane,タマティ ・イオアネ,No8,浦安D-Rocks（2025-26）,186,120,1997.04.26,28,DeLaSalleCollege,,DeLaSalleCollege,B,21,https://league-one.jp/player/483475,,,,,,Urayasu D-Rocks (2025 - 2026) -> Tokyo Sungoliath (2023 - 2025) -> Melbourne Rebels (2021 - 2023) -> Gungahlin Eagles (2020 - 2021)
Genki Sudou,須藤 元樹,PR,浦安D-Rocks（2025-26）,173,110,1994.01.28,31,国学院久我山高校,明治大学,国学院久我山高校 明治大学,A,24,https://league-one.jp/player/483476,,,日本代表(2),,,Not Found
Ryohei Yamanaka,山中 亮平,FB,浦安D-Rocks（2025-26）,188,96,1988.06.22,37,東海大仰星高校,早稲田大学,東海大仰星高校 早稲田大学,A,48,https://league-one.jp/player/483477,,,U20('07)、日本代表(30),,,Urayasu D-Rocks (2025 - 2026) -> Kobelco Kobe Steelers (2019 - 2025) -> Sunwolves (2019 - 2019) -> Kobelco Kobe Steelers (2018 - 2018) -> Sunwolves (2018 - 2018) -> Kobelco Kobe Steelers (2017 - 2018) -> Sunwolves (2017 - 2017) -> Kobelco Kobe Steelers (2016 - 2016) -> Sunwolves (2016 - 2016) -> Kobelco Kobe Steelers (2016 - 2016) -> Sunwolves (2016 - 2016) -> Kobelco Kobe Steelers (2015 - 2015) -> Sunwolves (2015 - 2015) -> Kobelco Kobe Steelers (2013 - 2015)
Rusiate Finau,ルシアテ ・フィナウ,No8,浦安D-Rocks（2025-26）,188,115,2002.07.22,23,マッセー,朝日大学,マッセー高校 朝日大学,B,0,https://league-one.jp/player/483478,,,,,,Urayasu D-Rocks (2025 - 2026) -> Asahi University (2025 - 2025) -> Urayasu D-Rocks (2024 - 2024) -> Asahi University (2021 - 2024)
Halaholo Tokolahi,ハラホロ ・トコラヒ,PR,浦安D-Rocks（2025-26）,178,115,2001.04.20,24,目黒学院高校,福岡工業大学,目黒学院高校 福岡工業大学,A,0,https://league-one.jp/player/483479,,,,,,Urayasu D-Rocks (2024 - 2026) -> Fukuoka Institute of Technology (2021 - 2024)
Ryota Ohata,大畑 亮太,WTB,浦安D-Rocks（2025-26）,174,77,2002.07.02,23,東海大仰星高校,筑波大学,東海大仰星高校 筑波大学,A,0,https://league-one.jp/player/483480,,,,,,Urayasu D-Rocks (2024 - 2026)
Soma Matsumoto,松本 壮馬,CTB,浦安D-Rocks（2025-26）,172,85,2002.10.20,23,石見智翠館高校,関西学院大学,石見智翠館高校 関西学院大学,A,13,https://league-one.jp/player/483481,,,,,,Not Found
Yuo Kim,金 侑悟,SO,浦安D-Rocks（2025-26）,175,83,2002.08.19,23,大阪朝鮮高級学校,法政大学,大阪朝鮮高級学校 法政大学,A,0,https://league-one.jp/player/483482,,,,,,Urayasu D-Rocks (2024 - 2026) -> Hosei University (2023 - 2024)
Yuzuki Sasaki,佐々木 柚樹,LO,浦安D-Rocks（2025-26）,188,103,2003.02.19,22,八戸工業高校,大東文化大学,八戸工業高校 大東文化大学,A,8,https://league-one.jp/player/483483,,,,,,Urayasu D-Rocks (2024 - 2026) -> Daito Bunka University (2022 - 2023)
Kaisei Umeda,梅田 海星,PR,浦安D-Rocks（2025-26）,176,110,2002.06.01,23,秋田工業高校,帝京大学,秋田工業高校 帝京大学,A,6,https://league-one.jp/player/483484,,,,,,Urayasu D-Rocks (2025 - 2026) -> Teikyo University (2025 - 2025) -> Urayasu D-Rocks (2024 - 2024) -> Teikyo University (2023 - 2024)
Norifumi Hashimoto,橋本 法史,SH,浦安D-Rocks（2025-26）,164,70,1996.01.24,29,熊本西高校,東海大学,熊本西高校 東海大学,A,36,https://league-one.jp/player/483485,,,,,,Urayasu D-Rocks (2024 - 2026) -> Hino Red Dolphins (2021 - 2024)
Zephaniah Tuinona,ゼファニア ・トゥイノナ,LO,浦安D-Rocks（2025-26）,198,112,2001.05.11,24,ブリスベン,,ブリスベン高校,A,23,https://league-one.jp/player/483486,,,,,,Urayasu D-Rocks (2024 - 2026) -> Hino Red Dolphins (2021 - 2024)
Jasper Wiese,ヤスパー ・ヴィーセ,No8,浦安D-Rocks（2025-26）,190,120,1995.10.21,30,ウェルスクールアッピントン,テクノロジー中央大学,ウェルスクールアッピントン テクノロジー中央大学,C,12,https://league-one.jp/player/483487,,,,,,Urayasu D-Rocks (2024 - 2026) -> Leicester Tigers (2020 - 2024) -> Central Cheetahs (2017 - 2020)
Uwe Helu,ヘル ウヴェ,LO,浦安D-Rocks（2025-26）,193,120,1990.07.12,35,セントトーマスカンタベリー,拓殖大学,セントトーマスカンタベリー高校 拓殖大学,A,42,https://league-one.jp/player/483488,,,日本代表(19),,,Urayasu D-Rocks (2024 - 2026) -> Kubota Spears Funabashi Tokyo-Bay (2021 - 2024) -> Shizuoka Blue Revs (2019 - 2021) -> Sunwolves (2016 - 2019)
Tana Tuhakaraina,タナ ・トゥハカライナ,CTB,浦安D-Rocks（2025-26）,184,96,1997.07.08,28,マタマタカレッジ,,マタマタカレッジ,B,9,https://league-one.jp/player/483489,,,,,,Urayasu D-Rocks (2024 - 2026) -> Waikato Mooloos (2021 - 2023)
Luteru Laulala,ルテル ・ラウララ,UTB,浦安D-Rocks（2025-26）,183,95,1995.05.30,30,ウェスリーカレッジ,オークランド工科大学,ウェスリーカレッジ オークランド工科大学,A,14,https://league-one.jp/player/483490,,,,,,Urayasu D-Rocks (2024 - 2026) -> Yokohama Canon Eagles (2022 - 2024) -> Toyota Industries Shuttles Aichi (2021 - 2022) -> Counties Manukau Steelers (2019 - 2021) -> Chiefs (2017 - 2018)
Hendrik Tui,ツイ ヘンドリック,FL,浦安D-Rocks（2025-26）,188,112,1987.12.13,38,デラセラ,帝京大学,デラセラ高校 帝京大学,A,48,https://league-one.jp/player/483491,,,,,,Urayasu D-Rocks (2024 - 2026) -> Tokyo Sungoliath (2019 - 2024) -> Sunwolves (2018 - 2019) -> Queensland Reds (2014 - 2017)
Caleb Cavubati,ケレブ ・カヴバティ,WTB,浦安D-Rocks（2025-26）,175,91,2000.11.12,25,山梨学院大学,,山梨学院大学,A,14,https://league-one.jp/player/483492,,,,,,Urayasu D-Rocks (2024 - 2026)
Taisei Konishi,小西 泰聖,SH,浦安D-Rocks（2025-26）,166,72,2000.09.01,25,桐蔭学園高校,早稲田大学,桐蔭学園高校 早稲田大学,A,16,https://league-one.jp/player/483493,,,高校('18),,,Urayasu D-Rocks (2022 - 2026)
Shin Takeuchi,武内 慎,LO,浦安D-Rocks（2025-26）,191,110,2000.08.07,25,石見智翠館高校,明治大学,石見智翠館高校 明治大学,A,16,https://league-one.jp/player/483494,,,高校('18)、U20('19),,,Urayasu D-Rocks (2023 - 2026)
Hidetomo Nabeshima,鍋島 秀源,PR,浦安D-Rocks（2025-26）,176,115,2000.12.29,25,輝翔館高校,福岡工業大学,輝翔館高校 福岡工業大学,A,29,https://league-one.jp/player/483495,,,,,,Urayasu D-Rocks (2022 - 2026)
Siosifa Lisala,リサラ シオシファ,CTB,浦安D-Rocks（2025-26）,180,103,1994.02.02,31,トンガカレッジ,花園大学,トンガカレッジ 花園大学,A,20,https://league-one.jp/player/483496,,,,,,Urayasu D-Rocks (2022 - 2026) -> Red Hurricanes Osaka (2021 - 2022) -> New South Wales Waratahs (2020 - 2020) -> Toyota Industries Shuttles Aichi (2020 - 2020) -> New South Wales Waratahs (2019 - 2019) -> Toyota Industries Shuttles Aichi (2018 - 2019)
Samisoni Tua,サミソニ ・トゥア,CTB,浦安D-Rocks（2025-26）,182,108,1995.05.24,30,トンガカレッジ,摂南大学,トンガカレッジ 摂南大学,A,22,https://league-one.jp/player/483497,,,セブンズ日本(1)、日本代表(3),,,Urayasu D-Rocks (2022 - 2026) -> Red Hurricanes Osaka (2018 - 2022)
Tetta Shigematsu,繁松 哲大,FL,浦安D-Rocks（2025-26）,178,94,1999.01.06,27,札幌山の手高校,明治大学,札幌山の手高校 明治大学,A,31,https://league-one.jp/player/483498,,,,,,Urayasu D-Rocks (2022 - 2026) -> Red Hurricanes Osaka (2021 - 2022)
Yuta Kojima,小島 佑太,LO,浦安D-Rocks（2025-26）,188,110,1996.11.08,29,洛北高校,立命館大学,洛北高校 立命館大学,A,23,https://league-one.jp/player/483499,,,,,,Urayasu D-Rocks (2022 - 2026) -> Red Hurricanes Osaka (2021 - 2022)
Samisoni Asaeli,サミソニ ・アサエリ,HO,浦安D-Rocks（2025-26）,180,108,1998.04.06,27,目黒学院高校,日本大学,目黒学院高校 日本大学,A,5,https://league-one.jp/player/483500,,,,,,Urayasu D-Rocks (2023 - 2026)
Ryom Kim,金 廉,PR,浦安D-Rocks（2025-26）,182,115,1996.04.01,29,大阪朝鮮高校,帝京大学,大阪朝鮮高校 帝京大学,A,48,https://league-one.jp/player/483501,,,,,,Urayasu D-Rocks (2022 - 2026) -> Red Hurricanes Osaka (2021 - 2022)
Jung Soo Yang,梁 正秀,PR,浦安D-Rocks（2025-26）,182,110,1999.07.13,26,石見智翠館高校,大阪体育大学,石見智翠館高校 大阪体育大学,A,16,https://league-one.jp/player/483502,,,,,,Urayasu D-Rocks (2021 - 2026)
Junya Matsumoto,松本 純弥,WTB,浦安D-Rocks（2025-26）,171,82,2000.03.17,25,佐賀工業高校,明治大学,佐賀工業高校 明治大学,A,4,https://league-one.jp/player/483503,,,セブンズ日本(17),,,Urayasu D-Rocks (2024 - 2026)
Ren Iinuma,飯沼 蓮,SH,浦安D-Rocks（2025-26）,170,75,2000.02.08,25,日川高校,明治大学,日川高校 明治大学,A,56,https://league-one.jp/player/483504,,,高校('17),,,Urayasu D-Rocks (2021 - 2026)
Taiga Ishida,石田 大河,FB,浦安D-Rocks（2025-26）,176,83,1997.10.01,28,九州学院高校,日本体育大学,九州学院高校 日本体育大学,A,2,https://league-one.jp/player/483505,,,セブンズ日本(24),,,Urayasu D-Rocks (2024 - 2026)
Takuhei Yasuda,安田 卓平,FB,浦安D-Rocks（2025-26）,177,80,1996.05.20,29,同志社高校,同志社大学,同志社高校 同志社大学,A,58,https://league-one.jp/player/483506,,,"U20('16)、U23('16,'17)、日本代表(2)",,,Urayasu D-Rocks (2021 - 2026)
Israel Folau,イズラエル ・フォラウ,FB,浦安D-Rocks（2025-26）,194,103,1989.04.03,36,マースデン州立高校,,マースデン州立高校,C,32,https://league-one.jp/player/483507,,,,,,Urayasu D-Rocks (2021 - 2026) -> Dragons Catalans (2019 - 2020) -> New South Wales Waratahs (2013 - 2019)
Kai Ishii,石井 魁,WTB,浦安D-Rocks（2025-26）,179,85,1993.08.04,32,保善高校,東海大学,保善高校 東海大学,A,46,https://league-one.jp/player/483508,,,,,,Urayasu D-Rocks (2018 - 2026) -> Sunwolves (2017 - 2018)
Shane Gates,シェーン ・ゲイツ,CTB,浦安D-Rocks（2025-26）,183,95,1992.09.27,33,ミューアカレッジボーイズ,,ミューアカレッジボーイズ高校,A,50,https://league-one.jp/player/483509,,,日本代表(4),,,Urayasu D-Rocks (2019 - 2026) -> Sunwolves (2019 - 2019) -> Urayasu D-Rocks (2018 - 2018) -> Sunwolves (2018 - 2018) -> Urayasu D-Rocks (2016 - 2018) -> Southern Kings (2015 - 2016)
Otere Black,オテレ ・ブラック,SO,浦安D-Rocks（2025-26）,185,86,1995.05.04,30,ハートパラオカレッジ,,ハートパラオカレッジ,A,50,https://league-one.jp/player/483510,,,,,,Urayasu D-Rocks (2021 - 2026) -> Bay of Plenty Steamers (2021 - 2021) -> Blues (2021 - 2021) -> Bay of Plenty Steamers (2020 - 2020) -> Blues (2020 - 2020) -> Bay of Plenty Steamers (2020 - 2020) -> Blues (2020 - 2020) -> Bay of Plenty Steamers (2019 - 2019) -> Blues (2018 - 2019) -> Hurricanes (2014 - 2017)
Shokei Kin,金 正奎,HO,浦安D-Rocks（2025-26）,177,95,1991.10.03,34,常翔啓光学園高校,早稲田大学,常翔啓光学園高校 早稲田大学,A,33,https://league-one.jp/player/483511,,,高校('09)、'10、U20('11)、U23('16)、セブンズ日本(1)、日本代表(7),,,Urayasu D-Rocks (2017 - 2026) -> Sunwolves (2017 - 2017) -> Urayasu D-Rocks (2016 - 2016) -> Sunwolves (2016 - 2016) -> Urayasu D-Rocks (2016 - 2016) -> Sunwolves (2016 - 2016) -> Urayasu D-Rocks (2015 - 2015) -> Sunwolves (2015 - 2015) -> Urayasu D-Rocks (2014 - 2015)
Daiki Sato,佐藤 大樹,LO,浦安D-Rocks（2025-26）,190,106,1995.04.15,30,桐蔭学園高校,慶應義塾大学,桐蔭学園高校 慶應義塾大学,A,2,https://league-one.jp/player/483512,,,高校('13),,,Urayasu D-Rocks (2023 - 2026)
Ryong Ji Kim,金 嶺志,LO,浦安D-Rocks（2025-26）,192,107,1994.08.26,31,東京朝鮮中高級学校,帝京大学,東京朝鮮中高級学校 帝京大学,A,23,https://league-one.jp/player/483513,,,,,,Urayasu D-Rocks (2021 - 2026)
Shotaro Hirai,平井 将太郎,PR,浦安D-Rocks（2025-26）,185,122,1995.04.03,30,長崎南山高校,帝京大学,長崎南山高校 帝京大学,A,3,https://league-one.jp/player/483514,,,,,,Not Found
Ryuji Fujimura,藤村 琉士,HO,浦安D-Rocks（2025-26）,174,102,1998.10.03,27,京都成章高校,日本大学,京都成章高校 日本大学,A,41,https://league-one.jp/player/483515,,,,,,Urayasu D-Rocks (2021 - 2026)
Sekonaia Pole,セコナイア ・ポレ,PR,浦安D-Rocks（2025-26）,181,112,1995.04.02,30,OtagoBoysH.S.,Wesleycollege,OtagoBoysH.S. Wesleycollege,A,26,https://league-one.jp/player/483516,,,,,,Urayasu D-Rocks (2019 - 2026) -> Otago (2017 - 2019) -> Highlanders (2017 - 2017) -> Otago (2016 - 2016) -> Highlanders (2016 - 2016) -> Otago (2014 - 2016)
Hikaru Tamura,田村 煕,SO,浦安D-Rocks（2025-26）,175,89,1993.09.12,32,國學院栃木高校,明治大学,國學院栃木高校 明治大学,A,50,https://league-one.jp/player/483517,,,,,,Urayasu D-Rocks (2023 - 2026) -> Tokyo Sungoliath (2018 - 2023) -> Sunwolves (2016 - 2017)
Gakuto Ishida,石田 楽人,PR,浦安D-Rocks（2025-26）,181,113,1998.01.09,27,桐蔭学園高校,専修大学,桐蔭学園高校 専修大学,A,34,https://league-one.jp/player/483518,,,"U20,U23('18)",,,Urayasu D-Rocks (2023 - 2026) -> Green Rockets Tokatsu (2021 - 2023)
Samu Kerevi,サム ・ケレビ,CTB,浦安D-Rocks（2025-26）,186,106,1993.09.27,32,ブリスベン州立高校,クイーンズランド工科大学,ブリスベン州立高校 クイーンズランド工科大学,C,45,https://league-one.jp/player/483519,,,,,,Urayasu D-Rocks (2023 - 2026) -> Tokyo Sungoliath (2019 - 2023) -> Queensland Reds (2013 - 2019)
Brody Macaskill,ブロディ ・マカスケル,No8,浦安D-Rocks（2025-26）,190,111,1999.10.27,26,アランモアカトリックカレッジ,,アランモアカトリックカレッジ,A,22,https://league-one.jp/player/483520,,,,,,Urayasu D-Rocks (2023 - 2026)
Junichiro Matsushita,松下 潤一郎,HO,浦安D-Rocks（2025-26）,173,99,2001.07.16,24,筑紫高校,明治大学,筑紫高校 明治大学,A,12,https://league-one.jp/player/483521,,,,,,Urayasu D-Rocks (2024 - 2026)
Kentaro Nanimatsu,何松 健太郎,CTB,浦安D-Rocks（2025-26）,177,85,2001.08.17,24,東海大仰星高校,東海大学,東海大仰星高校 東海大学,A,2,https://league-one.jp/player/483522,,,,,,Urayasu D-Rocks (2023 - 2026)
Shunta Mori,森 駿太,SO,浦安D-Rocks（2025-26）,172,85,2001.09.25,24,東福岡高校,立命館大学,東福岡高校 立命館大学,A,0,https://league-one.jp/player/483523,,,,,,Urayasu D-Rocks (2024 - 2026)
Jinichiro Tamanaga,玉永 仁一郎,PR,浦安D-Rocks（2025-26）,176,114,2001.10.30,24,常翔学園高校,流通経済大学,常翔学園高校 流通経済大学,A,0,https://league-one.jp/player/483524,,,,,,Urayasu D-Rocks (2024 - 2026)
Takuya Shirae,白栄 拓也,SH,浦安D-Rocks（2025-26）,164,68,2001.06.14,24,高鍋高校,筑波大学,高鍋高校 筑波大学,A,3,https://league-one.jp/player/483525,,,,,,Urayasu D-Rocks (2024 - 2026)
Daishi Kojima,小嶋 大士,No8,浦安D-Rocks（2025-26）,185,105,2001.06.26,24,日川高校,山梨学院大学,日川高校 山梨学院大学,A,6,https://league-one.jp/player/483526,,,,,,Urayasu D-Rocks (2024 - 2026)
Steven Cummins,スティーブン ・カミンズ,LO,浦安D-Rocks（2025-26）,202,117,1992.03.29,33,ヒルズ,スポーツ高校大学,ヒルズ スポーツ高校 スウィンバーン工科大学,B,1,https://league-one.jp/player/485710,,,,,,Urayasu D-Rocks (2026 - 2026) -> Dragons RFC (2026 - 2026) -> Scarlets (2026 - 2026) -> Urayasu D-Rocks (2025 - 2025) -> Dragons RFC (2025 - 2025) -> Scarlets (2025 - 2025) -> Dragons RFC (2024 - 2025) -> Section Paloise Béarn Pyrénées (2021 - 2024) -> Melbourne Rebels (2021 - 2021) -> Section Paloise Béarn Pyrénées (2021 - 2021) -> Melbourne Rebels (2020 - 2020) -> Section Paloise Béarn Pyrénées (2020 - 2020) -> Scarlets (2017 - 2020) -> Melbourne Rebels (2014 - 2017)
Mac Harris,ハリス マック,CTB,コベルコ神戸スティーラーズ（2025-26）,180,100,2002.05.22,23,ネルソンカレッジ,オタゴ大学,ネルソンカレッジ オタゴ大学,A,0,https://league-one.jp/player/483927,,,,,,Kobelco Kobe Steelers (2025 - 2026) -> Otago University Rugby Football Club (2024 - 2025)
Neil Hansen,ニール ・ハンセン,LO,コベルコ神戸スティーラーズ（2025-26）,197,112,2005.08.18,20,パールボーイズ,,パールボーイズ高校,B,0,https://league-one.jp/player/483928,,,,,,Kobelco Kobe Steelers (2025 - 2026) -> Golden Lions (2024 - 2025)
Ash Dixon,アッシュ ・ディクソン,HO,コベルコ神戸スティーラーズ（2025-26）,179,103,1988.09.01,37,クライストチャーチボーイス,,クライストチャーチボーイス高校,A,49,https://league-one.jp/player/483929,,,,,,Kobelco Kobe Steelers (2025 - 2026) -> Green Rockets Tokatsu (2021 - 2025) -> Hawke's Bay Magpies (2021 - 2021) -> Highlanders (2021 - 2021) -> Hawke's Bay Magpies (2020 - 2020) -> Highlanders (2020 - 2020) -> Hawke's Bay Magpies (2020 - 2020) -> Highlanders (2020 - 2020) -> Hawke's Bay Magpies (2019 - 2019) -> Highlanders (2014 - 2019) -> Hurricanes (2013 - 2014)
Sione Sime Mau,シオネ ・シメ・マウ,HO,コベルコ神戸スティーラーズ（2025-26）,180,115,2002.04.10,23,高知中央高校,大阪体育大学,高知中央高校 大阪体育大学,A,1,https://league-one.jp/player/483930,,,,,,Kobelco Kobe Steelers (2024 - 2026)
Solomone Funaki,ソロモネ ・フナキ,FL,コベルコ神戸スティーラーズ（2025-26）,186,108,2002.04.12,23,目黒学院高校,京都産業大学,目黒学院高校 京都産業大学,A,15,https://league-one.jp/player/483931,,,,,,Dragons RFC (2024 - 2026) -> Moana Pasifika (2022 - 2024) -> Hawke's Bay Magpies (2022 - 2022) -> Moana Pasifika (2022 - 2022) -> Hawke's Bay Magpies (2021 - 2021) -> Moana Pasifika (2021 - 2021) -> Highlanders (2021 - 2021) -> Hawke's Bay Magpies (2021 - 2021) -> Highlanders (2020 - 2020) -> Hawke's Bay Magpies (2018 - 2020)
Hayata Tsujino,辻野 隼大,UTB,コベルコ神戸スティーラーズ（2025-26）,178,88,2002.12.25,23,京都成章高校,京都産業大学,京都成章高校 京都産業大学,A,3,https://league-one.jp/player/483932,,,,,,Kobelco Kobe Steelers (2025 - 2026) -> Manawatu Turbos (2025 - 2025) -> Kobelco Kobe Steelers (2025 - 2025) -> Manawatu Turbos (2024 - 2024) -> Kobelco Kobe Steelers (2024 - 2024)
Kazuma Ueda,植田 和磨,WTB,コベルコ神戸スティーラーズ（2025-26）,177,86,2002.12.04,23,報徳学園高校,近畿大学,報徳学園高校 近畿大学,A,10,https://league-one.jp/player/483933,,,XV('25)、セブンズ日本(6)、日本代表(2),,,Kobelco Kobe Steelers (2024 - 2026)
Itsuki Kamimura,上村 樹輝,SH,コベルコ神戸スティーラーズ（2025-26）,168,72,2002.12.13,23,京都工学院高校,帝京大学,京都工学院高校 帝京大学,A,11,https://league-one.jp/player/483934,,,,,,Kobelco Kobe Steelers (2025 - 2026) -> Teikyo University (2025 - 2025) -> Kobelco Kobe Steelers (2024 - 2024) -> Teikyo University (2023 - 2024)
Takuma Motohashi,本橋 拓馬,LO,コベルコ神戸スティーラーズ（2025-26）,193,117,2002.04.30,23,京都成章高校,帝京大学,京都成章高校 帝京大学,A,3,https://league-one.jp/player/483935,,,,,,Kobelco Kobe Steelers (2024 - 2026) -> Teikyo University (2023 - 2024)
Keita Miyauchi,宮内 慶大,HO,コベルコ神戸スティーラーズ（2025-26）,175,103,2002.09.26,23,東福岡高校,関西大学,東福岡高校 関西大学,A,0,https://league-one.jp/player/483936,,,,,,Kobelco Kobe Steelers (2024 - 2026)
Kauvaka Kaivelata,カウヴァカ ・カイヴェラタ,PR,コベルコ神戸スティーラーズ（2025-26）,187,124,2002.07.11,23,ウェスリーカレッジ,,ウェスリーカレッジ,B,14,https://league-one.jp/player/483937,,,,,,Kobelco Kobe Steelers (2024 - 2026) -> Counties Manukau Steelers (2024 - 2024) -> Chiefs (2024 - 2024) -> Counties Manukau Steelers (2023 - 2023) -> Chiefs (2023 - 2023) -> Counties Manukau Steelers (2021 - 2023)
Tali Ioasa,タリ ・イオアサ,CTB,コベルコ神戸スティーラーズ（2025-26）,193,105,2005.01.25,20,ヘイスティングスボーイズ,,ヘイスティングスボーイズ高校,B,3,https://league-one.jp/player/483938,,,,,,Kobelco Kobe Steelers (2024 - 2026)
Talilotu Fakatulolo,タリロトゥ ・ファカトゥロロ,CTB,コベルコ神戸スティーラーズ（2025-26）,184,95,2001.05.20,24,トンガカレッジ,花園大学,トンガカレッジ 花園大学,A,3,https://league-one.jp/player/483939,,,,,,Kobelco Kobe Steelers (2024 - 2026)
Inoke Burua,イノケ ・ブルア,WTB,コベルコ神戸スティーラーズ（2025-26）,178,100,1999.05.30,26,スヴァグラマー,流通経済大学,スヴァグラマー高校 流通経済大学,A,43,https://league-one.jp/player/483940,,,,,,Kobelco Kobe Steelers (2024 - 2026) -> Yokohama Canon Eagles (2022 - 2024) -> Sunwolves (2019 - 2020) -> Ryutsu Keizai University (2018 - 2019)
Sosefo Fakatava,ソセフォ ・ファカタヴァ,FL,コベルコ神戸スティーラーズ（2025-26）,188,109,1997.10.25,28,目黒学院高校,福岡工業大学,目黒学院高校 福岡工業大学,A,11,https://league-one.jp/player/483941,,,,,,Kobelco Kobe Steelers (2024 - 2026) -> Yokohama Canon Eagles (2021 - 2023)
Tiennan Costley,ティエナン ・コストリー,No8,コベルコ神戸スティーラーズ（2025-26）,192,106,2000.06.14,25,ウエストレイクボーイズ,IPU環太平洋大学,ウエストレイクボーイズ高校 IPU環太平洋大学,A,41,https://league-one.jp/player/483942,,,日本代表(11),,,Kobelco Kobe Steelers (2022 - 2026)
Soma Sugimoto,杉本 崇馬,WTB,コベルコ神戸スティーラーズ（2025-26）,181,84,2000.10.02,25,佐野日大高校,中央大学,佐野日大高校 中央大学,A,0,https://league-one.jp/player/483943,,,,,,Kobelco Kobe Steelers (2023 - 2026)
Hayato Fukunishi,福西 隼杜,FL,コベルコ神戸スティーラーズ（2025-26）,178,96,2000.05.17,25,報徳学園高校,京都産業大学,報徳学園高校 京都産業大学,A,1,https://league-one.jp/player/483944,,,高校('18)、U20('19),,,Kobelco Kobe Steelers (2024 - 2026)
Michael Little,マイケル ・リトル,CTB,コベルコ神戸スティーラーズ（2025-26）,180,97,1993.03.14,32,ウエストレイクボーイズ,,ウエストレイクボーイズ高校,A,46,https://league-one.jp/player/483945,,,,,,Kobelco Kobe Steelers (2022 - 2026) -> Mitsubishi Sagamihara Dynaboars (2019 - 2022) -> Sunwolves (2017 - 2019)
Takuya Kitade,北出 卓也,HO,コベルコ神戸スティーラーズ（2025-26）,180,100,1992.09.14,33,東海大学付属仰星高校,東海大学,東海大学付属仰星高校 東海大学,A,37,https://league-one.jp/player/483946,,,高校('10)、日本代表(1),,,Kobelco Kobe Steelers (2022 - 2026) -> Tokyo Sungoliath (2019 - 2022) -> Sunwolves (2019 - 2019) -> Tokyo Sungoliath (2018 - 2018) -> Sunwolves (2018 - 2018) -> Tokyo Sungoliath (2015 - 2018)
Kanta Matsunaga,松永 貫汰,FB,コベルコ神戸スティーラーズ（2025-26）,167,79,1999.09.28,26,大阪産業大学附属高校,筑波大学,大阪産業大学附属高校 筑波大学,A,47,https://league-one.jp/player/483947,,,,,,Kobelco Kobe Steelers (2022 - 2026)
Sho Maeda,前田 翔,PR,コベルコ神戸スティーラーズ（2025-26）,180,110,1999.04.30,26,東海大学付属仰星高校,東海大学,東海大学付属仰星高校 東海大学,A,32,https://league-one.jp/player/483948,,,U20('19),,,Kobelco Kobe Steelers (2024 - 2026) -> Manawatu Turbos (2024 - 2024) -> Kobelco Kobe Steelers (2024 - 2024) -> Manawatu Turbos (2023 - 2023) -> Kobelco Kobe Steelers (2021 - 2023)
Shinsuke Iseki,井関 信介,FB,コベルコ神戸スティーラーズ（2025-26）,179,86,1995.04.24,30,天理高校,天理大学,天理高校 天理大学,A,23,https://league-one.jp/player/483949,,,"U20('15)、U23('15,'17)",,,Kobelco Kobe Steelers (2021 - 2026)
Ataata Moeakiola,アタアタ ・モエアキオラ,WTB,コベルコ神戸スティーラーズ（2025-26）,185,107,1996.02.06,29,目黒学院高校,東海大学,目黒学院高校 東海大学,A,40,https://league-one.jp/player/483950,,,高校('13)、U23('15)、日本代表(4),,,Kobelco Kobe Steelers (2024 - 2026) -> Manawatu Turbos (2024 - 2024) -> Kobelco Kobe Steelers (2024 - 2024) -> Manawatu Turbos (2023 - 2023) -> Kobelco Kobe Steelers (2019 - 2023) -> Chiefs (2018 - 2019)
Junta Hamano,濱野 隼大,WTB,コベルコ神戸スティーラーズ（2025-26）,180,93,2001.05.02,24,ロトルアボーイズ,,ロトルアボーイズ高校,A,21,https://league-one.jp/player/483951,,,日本代表(2),,,Kobelco Kobe Steelers (2025 - 2026) -> Manawatu Turbos (2025 - 2025) -> Kobelco Kobe Steelers (2025 - 2025) -> Manawatu Turbos (2024 - 2024) -> Kobelco Kobe Steelers (2021 - 2024)
Timothy Lafaele,ラファエレ ティモシー,CTB,コベルコ神戸スティーラーズ（2025-26）,186,96,1991.08.19,34,デラセラカレッジ,山梨学院大学,デラセラカレッジ 山梨学院大学,A,55,https://league-one.jp/player/483952,,,日本代表(28),,,Kobelco Kobe Steelers (2019 - 2026) -> Sunwolves (2016 - 2019)
Seungsin Lee,李 承信,UTB,コベルコ神戸スティーラーズ（2025-26）,176,85,2001.01.13,24,大阪朝鮮高級学校,,大阪朝鮮高級学校,A,62,https://league-one.jp/player/483953,,,"高校('17,'18)、U23('20)、日本代表(29)",,,Kobelco Kobe Steelers (2020 - 2026)
Daiki Nakajima,中嶋 大希,SH,コベルコ神戸スティーラーズ（2025-26）,172,80,1996.03.25,29,深谷高校,流通経済大学,深谷高校 流通経済大学,A,47,https://league-one.jp/player/483954,,,"高校('13)、U20,U23('15)、U20,U23('16)、日本代表(4)",,,Kobelco Kobe Steelers (2021 - 2026) -> Green Rockets Tokatsu (2018 - 2021)
Kenta Tokuda,徳田 健太,SH,コベルコ神戸スティーラーズ（2025-26）,166,70,1993.10.07,32,関西学院高校,関西学院大学,関西学院高校 関西学院大学,A,10,https://league-one.jp/player/483955,,,,,,Kobelco Kobe Steelers (2022 - 2026)
Atsushi Hiwasa,日和佐 篤,SH,コベルコ神戸スティーラーズ（2025-26）,166,68,1987.05.22,38,報徳学園高校,法政大学,報徳学園高校 法政大学,A,58,https://league-one.jp/player/483956,,,日本代表(51),,,Kobelco Kobe Steelers (2021 - 2026) -> Sunwolves (2015 - 2016)
Go Maeda,前田 剛,FL,コベルコ神戸スティーラーズ（2025-26）,178,99,1996.01.19,29,報徳学園高校,明治大学,報徳学園高校 明治大学,A,7,https://league-one.jp/player/483957,,,,,,Kobelco Kobe Steelers (2021 - 2026)
Hikaru Hashimoto,橋本 皓,FL,コベルコ神戸スティーラーズ（2025-26）,182,99,1993.05.17,32,東海大学付属仰星高校,東海大学,東海大学付属仰星高校 東海大学,A,30,https://league-one.jp/player/483958,,,,,,Kobelco Kobe Steelers (2021 - 2026)
Takara Imamura,今村 陽良,FL,コベルコ神戸スティーラーズ（2025-26）,188,101,1997.01.17,28,東福岡高校,帝京大学,東福岡高校 帝京大学,A,46,https://league-one.jp/player/483959,,,U23('17),,,Kobelco Kobe Steelers (2021 - 2026)
Gerard Cowley-tuioti,ジェラード ・カウリートゥイオティ,LO,コベルコ神戸スティーラーズ（2025-26）,197,115,1992.06.16,33,ケルストンボーイズ,,ケルストンボーイズ高校,A,52,https://league-one.jp/player/483960,,,,,,Kobelco Kobe Steelers (2021 - 2026) -> Blues (2020 - 2021) -> North Harbour (2020 - 2020) -> Blues (2020 - 2020) -> North Harbour (2019 - 2019) -> Blues (2015 - 2019)
Naohiro Kotaki,小瀧 尚弘,LO,コベルコ神戸スティーラーズ（2025-26）,194,111,1992.06.13,33,鹿児島実業高校,帝京大学,鹿児島実業高校 帝京大学,A,30,https://league-one.jp/player/483961,,,高校('10)、U23('16)、日本代表(11),,,Kobelco Kobe Steelers (2021 - 2026) -> Toshiba Brave Lupus Tokyo (2017 - 2021) -> Sunwolves (2015 - 2017)
Kenta Matsuoka,松岡 賢太,HO,コベルコ神戸スティーラーズ（2025-26）,175,101,1997.06.06,28,京都成章高校,明治大学,京都成章高校 明治大学,A,54,https://league-one.jp/player/483962,,,U23('20)、日本代表(4),,,Kobelco Kobe Steelers (2021 - 2026)
Shigure Takao,高尾 時流,PR,コベルコ神戸スティーラーズ（2025-26）,177,113,1996.08.15,29,筑紫台高校,九州共立大学,筑紫台高校 九州共立大学,A,52,https://league-one.jp/player/483963,,,,,,Kobelco Kobe Steelers (2021 - 2026)
Jiwon Gu,具 智元,PR,コベルコ神戸スティーラーズ（2025-26）,183,116,1994.07.20,31,日本文理大学附属高校,拓殖大学,日本文理大学附属高校 拓殖大学,A,36,https://league-one.jp/player/483964,,,高校('12)、日本代表(29),,,Not Found
Takayuki Watanabe,渡邉 隆之,PR,コベルコ神戸スティーラーズ（2025-26）,180,117,1994.05.27,31,札幌山の手高校,東海大学,札幌山の手高校 東海大学,A,9,https://league-one.jp/player/483965,,,日本代表(10),,,Kobelco Kobe Steelers (2023 - 2026)
Isileli Nakajima,中島 イシレリ,PR,コベルコ神戸スティーラーズ（2025-26）,185,120,1989.07.09,36,リアホナ,流通経済大学,リアホナ高校 流通経済大学,A,41,https://league-one.jp/player/483966,,,日本代表(9),,,Kobelco Kobe Steelers (2021 - 2026)
Hiroshi Yamashita,山下 裕史,PR,コベルコ神戸スティーラーズ（2025-26）,183,120,1986.01.01,40,都島工業高校,京都産業大学,都島工業高校 京都産業大学,A,57,https://league-one.jp/player/483967,,,日本代表(51),,,Kobelco Kobe Steelers (2019 - 2026) -> Sunwolves (2018 - 2019) -> Chiefs (2015 - 2016)
Waisake Raratubua,ワイサケ ・ララトゥブア,LO,コベルコ神戸スティーラーズ（2025-26）,195,120,1998.03.17,27,ラトゥ・サーララ・スクナメモリアルスクール,東海大学,ラトゥ・サーララ・スクナメモリアルスクール 東海大学,A,38,https://league-one.jp/player/483968,,,日本代表(5),,,Kobelco Kobe Steelers (2023 - 2026)
Brodie Retallick,ブロディ ・レタリック,LO,コベルコ神戸スティーラーズ（2025-26）,204,120,1991.05.31,34,クライストチャーチボーイズ,,クライストチャーチボーイズ高校,C,37,https://league-one.jp/player/483969,,,NZ代表(109),,,Kobelco Kobe Steelers (2023 - 2026) -> Chiefs (2022 - 2023) -> Hawke's Bay Magpies (2022 - 2022) -> Chiefs (2022 - 2022) -> Hawke's Bay Magpies (2021 - 2021) -> Chiefs (2021 - 2021) -> Kobelco Kobe Steelers (2019 - 2021) -> Chiefs (2013 - 2019)
Willie Potgieter,ヴィリー ・ポトヒエッター,No8,コベルコ神戸スティーラーズ（2025-26）,190,107,2002.01.05,24,アフリカーンスボーイズ,,アフリカーンスボーイズ高校,B,20,https://league-one.jp/player/483970,,,,,,Kobelco Kobe Steelers (2022 - 2026)
Bryn Gatland,ブリン ・ガットランド,SO,コベルコ神戸スティーラーズ（2025-26）,179,88,1995.05.10,30,ハミルトンボーイズ,,ハミルトンボーイズ高校,B,36,https://league-one.jp/player/483971,,,,,,Kobelco Kobe Steelers (2023 - 2026) -> North Harbour (2023 - 2023) -> Chiefs (2023 - 2023) -> North Harbour (2022 - 2022) -> Chiefs (2022 - 2022) -> North Harbour (2022 - 2022) -> Chiefs (2022 - 2022) -> North Harbour (2021 - 2021) -> Chiefs (2021 - 2021) -> North Harbour (2021 - 2021) -> Chiefs (2021 - 2021) -> North Harbour (2020 - 2020) -> Chiefs (2020 - 2020) -> North Harbour (2020 - 2020) -> Highlanders (2020 - 2020) -> North Harbour (2019 - 2019) -> Highlanders (2018 - 2019) -> Blues (2016 - 2018)
Hikaru Moriwaki,森脇 光,PR,コベルコ神戸スティーラーズ（2025-26）,176,108,2002.02.17,23,京都工学院高校,流通経済大学,京都工学院高校 流通経済大学,A,3,https://league-one.jp/player/483972,,,,,,Kobelco Kobe Steelers (2024 - 2026)
Daisuke Ito,伊藤 大祐,UTB,コベルコ神戸スティーラーズ（2025-26）,179,85,2001.07.15,24,桐蔭学園高校,早稲田大学,桐蔭学園高校 早稲田大学,A,1,https://league-one.jp/player/483973,,,,,,Kobelco Kobe Steelers (2023 - 2026)
Ryota Funabiki,船曳 涼太,WTB,コベルコ神戸スティーラーズ（2025-26）,178,83,2001.09.09,24,科学技術高校,京都産業大学,神戸市立科学技術高校 京都産業大学,A,4,https://league-one.jp/player/483974,,,,,,Kobelco Kobe Steelers (2024 - 2026)
Kavaia Tagivetaua,カヴァイア ・タギヴェタウア,LO,コベルコ神戸スティーラーズ（2025-26）,194,112,1997.08.08,28,ハミルトンボーイズ,白鴎大学,ハミルトンボーイズ高校 白鴎大学,A,33,https://league-one.jp/player/485729,,,,,,Fijian Drua (2024 - 2026)
Ardie Savea,アーディ ・サベア,No8,コベルコ神戸スティーラーズ（2025-26）,184,105,1993.10.14,32,ランゴタイカレッジ,,ランゴタイカレッジ,C,18,https://league-one.jp/player/488117,,,NZ代表(106),,,Kobelco Kobe Steelers (2025 - 2026) -> Moana Pasifika (2024 - 2025) -> Kobelco Kobe Steelers (2023 - 2024) -> Hurricanes (2020 - 2023) -> Wellington Lions (2020 - 2020) -> Hurricanes (2020 - 2020) -> Wellington Lions (2019 - 2019) -> Hurricanes (2013 - 2019)
Anton Lienert-Brown,アントン ・レイナートブラウン,CTB,コベルコ神戸スティーラーズ（2025-26）,185,96,1995.04.15,30,ワイカト大学高校,クライストチャーチボーイズ高校大学,ワイカト大学 クライストチャーチボーイズ高校,C,4,https://league-one.jp/player/488118,,,NZ代表(88),,,Kobelco Kobe Steelers (2025 - 2026) -> Waikato Mooloos (2025 - 2025) -> Chiefs (2025 - 2025) -> Waikato Mooloos (2024 - 2024) -> Chiefs (2022 - 2024) -> Waikato Mooloos (2022 - 2022) -> Chiefs (2022 - 2022) -> Waikato Mooloos (2021 - 2021) -> Chiefs (2020 - 2021) -> Waikato Mooloos (2020 - 2020) -> Chiefs (2020 - 2020) -> Waikato Mooloos (2019 - 2019) -> Chiefs (2013 - 2019)
Maurice Marks,モーリス ・マークス,WTB,埼玉パナソニックワイルドナイツ（2025-26）,180,90,2001.04.24,24,HoerskoolNoordheuwel,東洋大学,HoerskoolNoordheuwel 東洋大学,A,2,https://league-one.jp/player/484028,,,,,,Saitama Wild Knights (2024 - 2026) -> Toyo University (2023 - 2024)
Juan Wilson,ユアン ・ウィルソン,FL,埼玉パナソニックワイルドナイツ（2025-26）,190,108,2001.04.18,24,PaarlGymnasium,立正大学,PaarlGymnasium 立正大学,A,3,https://league-one.jp/player/484029,,,,,,Saitama Wild Knights (2024 - 2026)
Makito Ishikawa,石川 槙人,PR,埼玉パナソニックワイルドナイツ（2025-26）,184,115,2002.10.06,23,日本航空石川高校,東洋大学,日本航空石川 東洋大学,A,0,https://league-one.jp/player/484030,,,,,,Saitama Wild Knights (2024 - 2026)
Kantaro Tajima,田島 貫太郎,LO,埼玉パナソニックワイルドナイツ（2025-26）,197,105,2003.02.26,22,東福岡高校,明治大学,東福岡高校 明治大学,A,0,https://league-one.jp/player/484031,,,,,,Saitama Wild Knights (2024 - 2026) -> Meiji University (2022 - 2024)
Lisala Finau,リサラ ・フィナウ,PR,埼玉パナソニックワイルドナイツ（2025-26）,189,125,2002.06.20,23,青森山田高校,大東文化大学,青森山田高校 大東文化大学,A,11,https://league-one.jp/player/484032,,,,,,Saitama Wild Knights (2024 - 2026) -> Daito Bunka University (2023 - 2024)
Kenji Sato,佐藤 健次,HO,埼玉パナソニックワイルドナイツ（2025-26）,177,105,2003.01.04,23,桐蔭学園高校,早稲田大学,桐蔭学園高校 早稲田大学,A,16,https://league-one.jp/player/484033,,,"XV('24,'25)、日本代表(9)",,,No Data
Kumsu Lee,李 錦寿,SH,埼玉パナソニックワイルドナイツ（2025-26）,175,82,2002.09.05,23,大阪朝鮮高級学校,帝京大学,大阪朝鮮高級学校 帝京大学,A,2,https://league-one.jp/player/484034,,,,,,Saitama Wild Knights (2024 - 2026)
Tom Parton,トム ・パートン,UTB,埼玉パナソニックワイルドナイツ（2025-26）,178,90,1998.02.02,27,ウェリングトン,ウェリントンカレッジ,ウェリングトン高校 ウェリントンカレッジ,B,10,https://league-one.jp/player/484035,,,,,,Saitama Wild Knights (2025 - 2026) -> Saracens (2025 - 2025) -> Saitama Wild Knights (2024 - 2024) -> Saracens (2023 - 2024) -> London Irish (2018 - 2023) -> London Scottish (2018 - 2018) -> London Irish (2018 - 2018) -> London Scottish (2017 - 2017) -> London Irish (2016 - 2017)
Viliami Afu Kaipouli,カイポウリ ヴィリアミアフ,No8,埼玉パナソニックワイルドナイツ（2025-26）,189,115,1997.09.28,28,ヘイスティングスボーイズ,日本文理大学,ヘイスティングスボーイズ高校 日本文理大学,A,21,https://league-one.jp/player/484036,,,,,,Saitama Wild Knights (2024 - 2026) -> Mie Honda Heat RFC (2021 - 2024)
Joshua Nohra,ジョシュア ・ノーラ,WTB,埼玉パナソニックワイルドナイツ（2025-26）,180,88,1996.06.11,29,StPatrickCollege,WesternSydney,StPatrickCollege WesternSydney,A,36,https://league-one.jp/player/484037,,,,,,Saitama Wild Knights (2024 - 2026) -> Hanazono Kintetsu Liners (2021 - 2024)
Takaya Saito,齊藤 誉哉,CTB,埼玉パナソニックワイルドナイツ（2025-26）,181,93,2001.01.02,25,桐生第一高校,明治大学,桐生第一高校 明治大学,A,7,https://league-one.jp/player/484038,,,,,,Saitama Wild Knights (2023 - 2026)
Yusaku Kihara,木原 優作,PR,埼玉パナソニックワイルドナイツ（2025-26）,176,106,2000.12.11,25,東福岡高校,筑波大学,東福岡高校 筑波大学,A,3,https://league-one.jp/player/484039,,,高校('18)、U23('20),,,Saitama Wild Knights (2023 - 2026)
Lood de Jager,ルード ・デヤハー,LO,埼玉パナソニックワイルドナイツ（2025-26）,206,125,1992.12.17,33,HuyenoteSpringHighSchool,North-WestUniversity,HuyenoteSpringHighSchool North-WestUniversity,C,40,https://league-one.jp/player/484040,,,,,,Saitama Wild Knights (2022 - 2026) -> Sale Sharks (2019 - 2022) -> Bulls (2016 - 2019) -> Central Cheetahs (2013 - 2016)
Damian de Allende,ダミアン ・デアレンデ,CTB,埼玉パナソニックワイルドナイツ（2025-26）,190,105,1991.11.25,34,ミルナートン,ケープタウン大学,ミルナートン高校 ケープタウン大学,C,46,https://league-one.jp/player/484041,,,,,,Saitama Wild Knights (2022 - 2026) -> Munster Rugby (2020 - 2022) -> Saitama Wild Knights (2020 - 2020) -> Munster Rugby (2019 - 2019) -> Saitama Wild Knights (2019 - 2019) -> Stormers (2013 - 2019)
Liam Mitchell,リアム ・ミッチェル,LO,埼玉パナソニックワイルドナイツ（2025-26）,197,117,1995.10.10,30,PalmerstonNorthBoys,,PalmerstonNorthBoys,B,47,https://league-one.jp/player/484042,,,,,,Saitama Wild Knights (2022 - 2026) -> Zebre Parma (2021 - 2022) -> Manawatu Turbos (2021 - 2021) -> Hurricanes (2021 - 2021) -> Manawatu Turbos (2020 - 2020) -> Hurricanes (2020 - 2020) -> Manawatu Turbos (2020 - 2020) -> Hurricanes (2020 - 2020) -> Manawatu Turbos (2019 - 2019) -> Hurricanes (2018 - 2019)
Daniel Perez,ダニエル ・ペレズ,PR,埼玉パナソニックワイルドナイツ（2025-26）,185,108,1997.04.22,28,セントピーターズ,白鴎大学,セントピーターズ高校 白鴎大学,A,23,https://league-one.jp/player/484043,,,,,,Saitama Wild Knights (2021 - 2026)
Seijun Kawasaki,川崎 清純,WTB,埼玉パナソニックワイルドナイツ（2025-26）,191,100,1999.06.17,26,盛岡工高校,関東学院大大学,盛岡工高校 関東学院大,A,3,https://league-one.jp/player/484044,,,セブンズ日本(2),,,Saitama Wild Knights (2024 - 2026)
Tomoki Osada,長田 智希,CTB,埼玉パナソニックワイルドナイツ（2025-26）,179,90,1999.11.25,26,東海大仰星高校,早稲田大学,東海大仰星高校 早稲田大学,A,52,https://league-one.jp/player/484045,,,"高校('17)、U20,U23('19)、日本代表(26)",,,Saitama Wild Knights (2022 - 2026)
Goro Hashimoto,橋本 吾郎,LO,埼玉パナソニックワイルドナイツ（2025-26）,191,101,1999.07.23,26,深谷高校,中央大学,深谷高校 中央大学,A,0,https://league-one.jp/player/484046,,,,,,Saitama Wild Knights (2021 - 2026)
Marika Koroibete,マリカ ・コロインベテ,WTB,埼玉パナソニックワイルドナイツ（2025-26）,182,96,1992.07.26,33,ナスイヌ,,ナスイヌ高校,C,56,https://league-one.jp/player/484047,,,,,,Saitama Wild Knights (2021 - 2026) -> Melbourne Rebels (2016 - 2021)
Vince Aso,ヴィンス ・アソ,CTB,埼玉パナソニックワイルドナイツ（2025-26）,185,90,1995.01.05,31,セントピーターズ,ビクトリア大学,セントピーターズ高校 ビクトリア大学,A,54,https://league-one.jp/player/484048,,,,,,Saitama Wild Knights (2021 - 2026) -> Wellington Lions (2021 - 2021) -> Hurricanes (2021 - 2021) -> Wellington Lions (2020 - 2020) -> Hurricanes (2020 - 2020) -> Wellington Lions (2020 - 2020) -> Hurricanes (2020 - 2020) -> Wellington Lions (2019 - 2019) -> Hurricanes (2015 - 2019)
Lachlan Boshier,ラクラン ・ボーシェー,FL,埼玉パナソニックワイルドナイツ（2025-26）,191,104,1994.11.16,31,ニュープリマスボーイズハイスクール,,ニュープリマスボーイズハイスクール,A,62,https://league-one.jp/player/484049,,,,,,Saitama Wild Knights (2021 - 2026) -> Taranaki Bulls (2021 - 2021) -> Chiefs (2021 - 2021) -> Taranaki Bulls (2020 - 2020) -> Chiefs (2020 - 2020) -> Taranaki Bulls (2020 - 2020) -> Chiefs (2020 - 2020) -> Taranaki Bulls (2019 - 2019) -> Chiefs (2015 - 2019)
Hondo Atora,本堂 杏虎,SH,埼玉パナソニックワイルドナイツ（2025-26）,169,85,1998.11.09,27,國學院大學栃木高校,日本体育大学,國學院大學栃木高校 日本体育大学,A,1,https://league-one.jp/player/484050,,,"U20,U23('18)",,,Saitama Wild Knights (2021 - 2026)
Kyohei Yamasawa,山沢 京平,SO,埼玉パナソニックワイルドナイツ（2025-26）,176,85,1998.08.17,27,深谷高校,明治大学,深谷高校 明治大学,A,34,https://league-one.jp/player/484051,,,"U20('17,'18)",,,Saitama Wild Knights (2021 - 2026)
Shota Fukui,福井 翔大,FL,埼玉パナソニックワイルドナイツ（2025-26）,186,101,1999.09.28,26,東福岡高校,,東福岡高校,A,51,https://league-one.jp/player/484052,,,"高校('17)、U20('17,'18,'19)、U23('19)、日本代表(3)",,,Saitama Wild Knights (2018 - 2026)
Esei Haangana,エセイ ・ハアンガナ,LO,埼玉パナソニックワイルドナイツ（2025-26）,198,120,1999.04.21,26,セントポールズカトリックカレッジ,,セントポールズカトリックカレッジ,A,46,https://league-one.jp/player/484053,,,,,,Not Found
Taiki Fujii,藤井 大喜,PR,埼玉パナソニックワイルドナイツ（2025-26）,183,114,1998.01.04,28,黒沢尻工高校,大東文化大学,黒沢尻工高校 大東文化大学,A,45,https://league-one.jp/player/484054,,,"U20,U23('17)",,,Saitama Wild Knights (2021 - 2026)
Ben Gunter,ベン ・ガンター,FL,埼玉パナソニックワイルドナイツ（2025-26）,195,120,1997.10.24,28,ブリスベンボーイズカレッジ,,ブリスベンボーイズカレッジ,A,43,https://league-one.jp/player/484055,,,日本代表(17),,,Saitama Wild Knights (2021 - 2026) -> Sunwolves (2018 - 2019)
Tsubasa Arai,新井 翼,WTB,埼玉パナソニックワイルドナイツ（2025-26）,175,88,1997.07.14,28,流経大柏高校,帝京大学,流経大柏高校 帝京大学,A,0,https://league-one.jp/player/484056,,,,,,Saitama Wild Knights (2021 - 2026)
Dylan Riley,ディラン ・ライリー,CTB,埼玉パナソニックワイルドナイツ（2025-26）,187,102,1997.05.02,28,TheSouthportSchool（サウスポート高校）,,TheSouthportSchool（サウスポート高校）,A,62,https://league-one.jp/player/484057,,,日本代表(38),,,Saitama Wild Knights (2019 - 2026) -> Brisbane City (2017 - 2018)
Sho Furuhata,古畑 翔,PR,埼玉パナソニックワイルドナイツ（2025-26）,185,118,1996.12.10,29,大阪桐蔭高校,大東文化大学,大阪桐蔭高校 大東文化大学,A,5,https://league-one.jp/player/484058,,,XV('25)、日本代表(1),,,Saitama Wild Knights (2023 - 2026)
Kazuma Shimane,島根 一磨,HO,埼玉パナソニックワイルドナイツ（2025-26）,175,103,1996.11.30,29,天理高校,天理大学,天理高校 天理大学,A,10,https://league-one.jp/player/484059,,,U23('19),,,Saitama Wild Knights (2022 - 2026)
Koki Takeyama,竹山 晃暉,WTB,埼玉パナソニックワイルドナイツ（2025-26）,175,84,1996.09.25,29,御所実業高校,帝京大学,御所実業高校 帝京大学,A,56,https://league-one.jp/player/484060,,,"U23('16,'17)、日本代表(1)",,,Saitama Wild Knights (2019 - 2026)
Itsuki Onishi,大西 樹,FL,埼玉パナソニックワイルドナイツ（2025-26）,185,102,1995.12.09,30,旭川工高校,流経大学,旭川工高校 流経大学,A,47,https://league-one.jp/player/484061,,,,,,Saitama Wild Knights (2021 - 2026)
Ryuji Noguchi,野口 竜司,FB,埼玉パナソニックワイルドナイツ（2025-26）,177,83,1995.07.15,30,東海大仰星高校,東海大学,東海大仰星高校 東海大学,A,58,https://league-one.jp/player/484062,,,"高校('12)、U20('15)、U23('15,'17)、日本代表(14)",,,Saitama Wild Knights (2018 - 2026) -> Sunwolves (2017 - 2018)
Taiki Koyama,小山 大輝,SH,埼玉パナソニックワイルドナイツ（2025-26）,171,74,1994.10.31,31,芦別高校,大東文化大学,芦別高校 大東文化大学,A,68,https://league-one.jp/player/484063,,,高校('12)、セブンズ日本(3)、日本代表(7),,,Saitama Wild Knights (2017 - 2026)
Takuya Yamasawa,山沢 拓也,SO,埼玉パナソニックワイルドナイツ（2025-26）,176,84,1994.09.21,31,深谷高校,筑波大学,深谷高校 筑波大学,A,46,https://league-one.jp/player/484064,,,U23('13)、日本代表(10),,,Saitama Wild Knights (2019 - 2026) -> Sunwolves (2018 - 2019)
Tomohito Miyakawa,宮川 智海,LO,埼玉パナソニックワイルドナイツ（2025-26）,191,106,1994.09.06,31,秋田工高校,関東学院大学,秋田工高校 関東学院大学,A,2,https://league-one.jp/player/484065,,,高校('12),,,Saitama Wild Knights (2021 - 2026)
Atsushi Sakate,坂手 淳史,HO,埼玉パナソニックワイルドナイツ（2025-26）,180,104,1993.06.21,32,京都成章高校,帝京大学,京都成章高校 帝京大学,A,68,https://league-one.jp/player/484066,,,U23('13)、日本代表(47),,,Saitama Wild Knights (2019 - 2026) -> Sunwolves (2016 - 2019)
Ryota Hasegawa,長谷川 崚太,FL,埼玉パナソニックワイルドナイツ（2025-26）,188,100,1993.05.12,32,日本航空高校,大東文化大学,日本航空高校 大東文化大学,A,36,https://league-one.jp/player/484067,,,,,,Saitama Wild Knights (2019 - 2026) -> Sunwolves (2018 - 2019)
Shunsuke Nunomaki,布巻 峻介,FL,埼玉パナソニックワイルドナイツ（2025-26）,178,98,1992.07.13,33,東福岡高校,早稲田大学,東福岡高校 早稲田大学,A,16,https://league-one.jp/player/484068,,,高校('10)、U20('11)、日本代表(7),,,Saitama Wild Knights (2020 - 2026) -> Sunwolves (2019 - 2020) -> Saitama Wild Knights (2018 - 2019) -> Sunwolves (2016 - 2018)
Yuji Shimogama,下釜 優次,HO,埼玉パナソニックワイルドナイツ（2025-26）,178,102,1992.01.25,33,鹿児島玉龍高校,筑波大学,鹿児島玉龍高校 筑波大学,A,2,https://league-one.jp/player/484069,,,,,,Saitama Wild Knights (2021 - 2026)
Craig Millar,クレイグ ・ミラー,PR,埼玉パナソニックワイルドナイツ（2025-26）,186,116,1990.10.29,35,オタゴボーイズハイスクール,オタゴ大学,オタゴボーイズハイスクール オタゴ大学,A,67,https://league-one.jp/player/484070,,,日本代表(17),,,Saitama Wild Knights (2019 - 2026) -> Sunwolves (2017 - 2019) -> Highlanders (2013 - 2017)
Keita Inagaki,稲垣 啓太,PR,埼玉パナソニックワイルドナイツ（2025-26）,186,116,1990.06.02,35,新潟工業高校,関東学院大学,新潟工業高校 関東学院大学,A,50,https://league-one.jp/player/484071,,,U20('08)、日本代表(53),,,Saitama Wild Knights (2019 - 2026) -> Sunwolves (2015 - 2019) -> Melbourne Rebels (2014 - 2015)
AsaeliAi Valu,ヴァル アサエリ愛,PR,埼玉パナソニックワイルドナイツ（2025-26）,187,115,1989.05.07,36,正智深谷高校,埼玉工業大学,正智深谷高校 埼玉工業大学,A,65,https://league-one.jp/player/484072,,,日本代表(30),,,Not Found
Ockie Barnard,オッキー ・バーナード,LO,埼玉パナソニックワイルドナイツ（2025-26）,200,113,2001.04.20,24,ウェストビルボーイズ,,ウェストビルボーイズ高校,B,7,https://league-one.jp/player/484073,,,,,,Saitama Wild Knights (2023 - 2026) -> Sharks (2019 - 2023)
Xavier Stowers,ゼイビア ・スタワーズ,FL,埼玉パナソニックワイルドナイツ（2025-26）,196,114,2003.07.28,22,IpswichGrammarSchool,,IpswichGrammarSchool,B,4,https://league-one.jp/player/484074,,,,,,Saitama Wild Knights (2023 - 2026)
Taniela Vea,タニエラ ・ヴェア,PR,埼玉パナソニックワイルドナイツ（2025-26）,184,125,2000.04.24,25,目黒学院,東洋大学,目黒学院 東洋大学,A,2,https://league-one.jp/player/484075,,,,,,Saitama Wild Knights (2024 - 2026)
Orion Schmok,シュモック オライオン,LO,埼玉パナソニックワイルドナイツ（2025-26）,181,100,2001.08.01,24,マウントアルバートグラマースクール,慶應義塾大学,マウントアルバートグラマースクール 慶應義塾大学,A,0,https://league-one.jp/player/484076,,,,,,Saitama Wild Knights (2024 - 2026) -> Keio University (2023 - 2024)
Shuto Nobuhara,延原 秀飛,No8,埼玉パナソニックワイルドナイツ（2025-26）,182,103,2001.12.06,24,京都成章高校,帝京大学,京都成章高校 帝京大学,A,0,https://league-one.jp/player/484077,,,,,,Saitama Wild Knights (2024 - 2026) -> Teikyo University (2023 - 2024)
Hayata Taniyama,谷山 隼大,No8,埼玉パナソニックワイルドナイツ（2025-26）,184,95,2001.12.10,24,福岡高校,筑波大学,福岡高校 筑波大学,A,4,https://league-one.jp/player/484078,,,,,,Saitama Wild Knights (2024 - 2026) -> Tsukuba University (2023 - 2024)
Shu Hagihara,萩原 周,SH,埼玉パナソニックワイルドナイツ（2025-26）,173,77,2001.07.13,24,大阪桐蔭高校,明治大学,大阪桐蔭高校 明治大学,A,5,https://league-one.jp/player/484079,,,,,,Saitama Wild Knights (2024 - 2026)
Yoshiaki Taniguchi,谷口 宜顕,FB,埼玉パナソニックワイルドナイツ（2025-26）,172,80,2001.11.20,24,東海大大阪仰星高校,東海大学,東海大大阪仰星高校 東海大学,A,0,https://league-one.jp/player/484080,,,,,,Saitama Wild Knights (2023 - 2026)
Jack Cornelsen,ジャック ・コーネルセン,LO,埼玉パナソニックワイルドナイツ（2025-26）,195,110,1994.10.13,31,ブリスベングラマースクール,University,ブリスベングラマースクール University of Queensland,A,69,https://league-one.jp/player/485708,,,日本代表(29),,,Saitama Wild Knights (2018 - 2026) -> Queensland Country (2014 - 2016)
Tjay Clarke,ティージェイ ・クラーク,WTB,東芝ブレイブルーパス東京（2025-26）,181,91,2002.08.20,23,StPatrick'sCollege,,StPatrick'sCollege,B,3,https://league-one.jp/player/484341,,,,,,Toshiba Brave Lupus Tokyo (2025 - 2026) -> Wellington Lions (2025 - 2025) -> Hurricanes (2025 - 2025) -> Wellington Lions (2024 - 2024) -> Hurricanes (2024 - 2024) -> Wellington Lions (2022 - 2024)
Netani Vakayalia,ネタニ ・ヴァカヤリア,WTB,東芝ブレイブルーパス東京（2025-26）,181,94,1998.02.25,27,LeleanMemorialSchool,,LeleanMemorialSchool,A,43,https://league-one.jp/player/484342,,,セブンズ日本(3),,,Toshiba Brave Lupus Tokyo (2025 - 2026) -> BlackRams Tokyo (2021 - 2025)
Callum MacDonald,カラム ・マクドナルド,LO,東芝ブレイブルーパス東京（2025-26）,204,123,2000.03.06,25,IonaCollege,,IonaCollege,A,5,https://league-one.jp/player/484343,,,,,,Toshiba Brave Lupus Tokyo (2025 - 2026) -> Tokyo Sungoliath (2022 - 2025) -> Urayasu D-Rocks (2021 - 2022)
Michael Stolberg,マイケル ・ストーバーグ,LO,東芝ブレイブルーパス東京（2025-26）,202,116,1992.03.27,33,AnglicanChurchGrammarSchool,,AnglicanChurchGrammarSchool,A,54,https://league-one.jp/player/484344,,,,,,Not Found
Andrew Makalio,アンドリュー ・マカリオ,HO,東芝ブレイブルーパス東京（2025-26）,185,129,1992.01.22,33,OnehungaHighSchool,,OnehungaHighSchool,B,10,https://league-one.jp/player/484345,,,,,,Toshiba Brave Lupus Tokyo (2025 - 2026) -> Hanazono Kintetsu Liners (2023 - 2025) -> Highlanders (2022 - 2023) -> Tasman Mako (2022 - 2022) -> Highlanders (2022 - 2022) -> Tasman Mako (2021 - 2021) -> Highlanders (2021 - 2021) -> Tasman Mako (2021 - 2021) -> Crusaders (2021 - 2021) -> Tasman Mako (2020 - 2020) -> Crusaders (2020 - 2020) -> Tasman Mako (2020 - 2020) -> Crusaders (2020 - 2020) -> Tasman Mako (2019 - 2019) -> Crusaders (2016 - 2019)
Taishiro Kido,木戸 大士郎,FL,東芝ブレイブルーパス東京（2025-26）,186,104,2002.07.26,23,常翔学園高校,明治大学,常翔学園高校 明治大学,A,2,https://league-one.jp/player/484346,,,XV('25)、Test Matchs(1CAP,,,Toshiba Brave Lupus Tokyo (2024 - 2026)
Yuta Okamura,岡村 優太,WTB,東芝ブレイブルーパス東京（2025-26）,176,83,2002.08.26,23,東海大学付属大阪仰星高校,東海大学,東海大学付属大阪仰星高校 東海大学,A,0,https://league-one.jp/player/484347,,,,,,Toshiba Brave Lupus Tokyo (2024 - 2026)
Yohei Kobayashi,小林 洋平,PR,東芝ブレイブルーパス東京（2025-26）,177,108,2003.03.27,22,東福岡高校,専修大学,東福岡高校 専修大学,A,0,https://league-one.jp/player/484348,,,,,,Toshiba Brave Lupus Tokyo (2024 - 2026)
Ken Hiyoshi,日吉 健,HO,東芝ブレイブルーパス東京（2025-26）,180,105,2002.08.29,23,大阪産業大学附属高校,京都産業大学,大阪産業大学附属高校 京都産業大学,A,2,https://league-one.jp/player/484349,,,,,,Toshiba Brave Lupus Tokyo (2024 - 2026)
Kim Suryung,金 秀隆,WTB,東芝ブレイブルーパス東京（2025-26）,186,85,1998.01.16,27,大阪朝鮮高校,朝鮮大学校,大阪朝鮮高校 朝鮮大学校,A,27,https://league-one.jp/player/484350,,,,,,Toshiba Brave Lupus Tokyo (2024 - 2026) -> Kubota Spears Funabashi Tokyo-Bay (2020 - 2024)
Rinpei Sakaki,酒木 凜平,HO,東芝ブレイブルーパス東京（2025-26）,178,104,1999.11.12,26,御所実業高校,大東文化大学,御所実業高校 大東文化大学,A,10,https://league-one.jp/player/484351,,,,,,Toshiba Brave Lupus Tokyo (2024 - 2026) -> Kobelco Kobe Steelers (2022 - 2024)
Gentaro Ikenaga,池永 玄太郎,CTB,東芝ブレイブルーパス東京（2025-26）,182,100,1997.01.27,28,上宮太子高校,天理大学,上宮太子高校 天理大学,A,5,https://league-one.jp/player/484352,,,,,,Toshiba Brave Lupus Tokyo (2024 - 2026) -> Kobelco Kobe Steelers (2021 - 2023)
Asaeli Lausii,アサエリ ・ラウシー,LO,東芝ブレイブルーパス東京（2025-26）,190,113,2000.01.26,25,日本航空高校,京都産業大学,日本航空高等学校 京都産業大学,A,6,https://league-one.jp/player/484353,,,,,,Toshiba Brave Lupus Tokyo (2023 - 2026)
Rikyu Yamakawa,山川 力優,PR,東芝ブレイブルーパス東京（2025-26）,175,113,1997.05.04,28,天理高校,天理大学,天理高校 天理大学,A,3,https://league-one.jp/player/484354,,,,,,Toshiba Brave Lupus Tokyo (2022 - 2026)
Sena Kimura,木村 星南,PR,東芝ブレイブルーパス東京（2025-26）,176,108,1999.06.24,26,大阪産業大学附属高校,東海大学,大阪産業大学附属高校 東海大学,A,51,https://league-one.jp/player/484355,,,XV('25)、日本代表(3),,,Toshiba Brave Lupus Tokyo (2022 - 2026)
Jone Naikabula,ジョネ ・ナイカブラ,WTB,東芝ブレイブルーパス東京（2025-26）,177,95,1994.04.12,31,ケルストンボーイズ,摂南大学,ケルストンボーイズ 摂南大学,A,52,https://league-one.jp/player/484356,,,セブンズ日本(5)、日本代表(17),,,Toshiba Brave Lupus Tokyo (2018 - 2026)
Seta Tamanivalu,セタ ・タマニバル,CTB,東芝ブレイブルーパス東京（2025-26）,189,104,1992.01.23,33,SaintKentigernCollege（セントケンティガンカレッジ）,,SaintKentigernCollege（セントケンティガンカレッジ）,C,60,https://league-one.jp/player/484357,,,NZ代表(3),,,Toshiba Brave Lupus Tokyo (2021 - 2026) -> Union Bordeaux-Bègles (2021 - 2021) -> Toshiba Brave Lupus Tokyo (2020 - 2020) -> Union Bordeaux-Bègles (2018 - 2020) -> Crusaders (2016 - 2018) -> Chiefs (2014 - 2016) -> Taranaki Bulls (2012 - 2014)
Michael Leitch,リーチ マイケル,No8,東芝ブレイブルーパス東京（2025-26）,189,113,1988.10.07,37,札幌山の手高校,東海大学,札幌山の手高校 東海大学,A,61,https://league-one.jp/player/484358,,,セブンズ日本(5)、日本代表(92),,,Toshiba Brave Lupus Tokyo (2019 - 2026) -> Sunwolves (2019 - 2019) -> Toshiba Brave Lupus Tokyo (2018 - 2018) -> Sunwolves (2017 - 2018) -> Chiefs (2014 - 2017)
Jacob Pierce,ジェイコブ ・ピアス,LO,東芝ブレイブルーパス東京（2025-26）,201,106,1997.09.10,28,ロズミニカレッジ,,ロズミニカレッジ高校,A,60,https://league-one.jp/player/484359,,,,,,Toshiba Brave Lupus Tokyo (2021 - 2026) -> North Harbour (2021 - 2021) -> Blues (2021 - 2021) -> North Harbour (2020 - 2020) -> Blues (2020 - 2020) -> North Harbour (2020 - 2020) -> Blues (2020 - 2020) -> North Harbour (2019 - 2019) -> Blues (2017 - 2019)
Toshiki Kuwayama,桑山 聖生,FB,東芝ブレイブルーパス東京（2025-26）,184,95,1996.06.06,29,鹿児島実業高校,早稲田大学,鹿児島実業高校 早稲田大学,A,19,https://league-one.jp/player/484360,,,U20('15)、U23、セブンズ日本(1),,,Toshiba Brave Lupus Tokyo (2021 - 2026)
Shohei Toyoshima,豊島 翔平,FB,東芝ブレイブルーパス東京（2025-26）,175,87,1989.01.09,36,東海大相模高校,東海大学,東海大相模高校 東海大学,A,31,https://league-one.jp/player/484361,,,セブンズ日本(16),,,Toshiba Brave Lupus Tokyo (2021 - 2026)
Atsuki Kuwayama,桑山 淳生,WTB,東芝ブレイブルーパス東京（2025-26）,183,90,1997.11.15,28,鹿児島実業高校,早稲田大学,鹿児島実業高校 早稲田大学,A,27,https://league-one.jp/player/484362,,,,,,Toshiba Brave Lupus Tokyo (2021 - 2026)
Masaki Hamada,濱田 将暉,WTB,東芝ブレイブルーパス東京（2025-26）,174,80,1996.07.13,29,京都成章高校,京都産業大学,京都成章高校 京都産業大学,A,25,https://league-one.jp/player/484363,,,,,,Toshiba Brave Lupus Tokyo (2021 - 2026)
Taichi Mano,眞野 泰地,CTB,東芝ブレイブルーパス東京（2025-26）,173,90,1997.06.01,28,東海大学付属大阪仰星高校,東海大学,東海大学付属大阪仰星高等学校 東海大学,A,39,https://league-one.jp/player/484364,,,"U20('16,'17)、U23('17,'18)",,,Toshiba Brave Lupus Tokyo (2021 - 2026)
Takuro Matsunaga,松永 拓朗,SO,東芝ブレイブルーパス東京（2025-26）,172,81,1998.08.13,27,大阪産業大学附属高校,天理大学,大阪産業大学附属高校 天理大学,A,68,https://league-one.jp/player/484365,,,XV('25),,,Toshiba Brave Lupus Tokyo (2020 - 2026)
Yuhei Sugiyama,杉山 優平,SH,東芝ブレイブルーパス東京（2025-26）,169,76,1997.06.05,28,大阪桐蔭高校,筑波大学,大阪桐蔭高校 筑波大学,A,49,https://league-one.jp/player/484366,,,,,,Toshiba Brave Lupus Tokyo (2021 - 2026)
Kohei Takahashi,高橋 昴平,SH,東芝ブレイブルーパス東京（2025-26）,167,79,1996.04.12,29,長崎南山高校,専修大学,長崎南山高校 専修大学,A,20,https://league-one.jp/player/484367,,,,,,Toshiba Brave Lupus Tokyo (2021 - 2026)
Takahiro Ogawa,小川 高廣,SH,東芝ブレイブルーパス東京（2025-26）,170,77,1991.03.18,34,東福岡高校,日本大学,東福岡高校 日本大学,A,46,https://league-one.jp/player/484368,,,U23('13)、セブンズ日本(2)、日本代表(3),,,Toshiba Brave Lupus Tokyo (2021 - 2026)
Yoshitaka Tokunaga,徳永 祥尭,No8,東芝ブレイブルーパス東京（2025-26）,186,105,1992.04.10,33,関西学院高等部,関西学院大学,関西学院高等部 関西学院大学,A,49,https://league-one.jp/player/484369,,,U23('13)、セブンズ日本(4)、日本代表(15),,,Toshiba Brave Lupus Tokyo (2019 - 2026) -> Sunwolves (2016 - 2019)
Takeshi Sasaki,佐々木 剛,FL,東芝ブレイブルーパス東京（2025-26）,180,101,1997.04.17,28,八戸西高校,大東文化大学,青森県立八戸西高等学校 大東文化大学,A,54,https://league-one.jp/player/484370,,,,,,Toshiba Brave Lupus Tokyo (2021 - 2026)
Hiroki Yamamoto,山本 浩輝,FL,東芝ブレイブルーパス東京（2025-26）,187,95,1992.11.17,33,石見智翠館高校,筑波大学,石見智翠館高校 筑波大学,A,25,https://league-one.jp/player/484371,,,U23('13)、セブンズ日本(1)、日本代表(6),,,Toshiba Brave Lupus Tokyo (2015 - 2026)
Shoichi Takagi,高城 勝一,LO,東芝ブレイブルーパス東京（2025-26）,197,112,1998.06.29,27,汎愛高校,摂南大学,汎愛高校 摂南大学,A,0,https://league-one.jp/player/484372,,,,,,Toshiba Brave Lupus Tokyo (2021 - 2026)
Daigo Hashimoto,橋本 大吾,HO,東芝ブレイブルーパス東京（2025-26）,174,103,1994.01.28,31,深谷高校,筑波大学,深谷高校 筑波大学,A,65,https://league-one.jp/player/484373,,,U23('16)、日本代表(3),,,Toshiba Brave Lupus Tokyo (2016 - 2026)
Futoshi Mori,森 太志,HO,東芝ブレイブルーパス東京（2025-26）,174,103,1988.04.25,37,仙台育英学園高校,帝京大学,仙台育英学園高校 帝京大学,A,13,https://league-one.jp/player/484374,,,日本代表(2),,,Toshiba Brave Lupus Tokyo (2021 - 2026) -> Sunwolves (2015 - 2016)
Yuta Kokaji,小鍜治 悠太,PR,東芝ブレイブルーパス東京（2025-26）,176,109,1998.07.08,27,大阪産業大学附属高校,天理大学,大阪産業大学附属高校 天理大学,A,63,https://league-one.jp/player/484375,,,XV('25),,,Toshiba Brave Lupus Tokyo (2021 - 2026)
Teruo Makabe,眞壁 照男,PR,東芝ブレイブルーパス東京（2025-26）,172,110,1996.05.04,29,桐蔭学園高校,立教大学,桐蔭学園高校 立教大学,A,41,https://league-one.jp/player/484376,,,,,,Toshiba Brave Lupus Tokyo (2021 - 2026)
Masataka Mikami,三上 正貴,PR,東芝ブレイブルーパス東京（2025-26）,178,111,1988.06.04,37,青森工業高校,東海大学,青森工業高校 東海大学,A,55,https://league-one.jp/player/484377,,,U20('07)、日本代表(35),,,Toshiba Brave Lupus Tokyo (2019 - 2026) -> Sunwolves (2019 - 2019) -> Toshiba Brave Lupus Tokyo (2018 - 2018) -> Sunwolves (2018 - 2018) -> Toshiba Brave Lupus Tokyo (2017 - 2018) -> Sunwolves (2017 - 2017) -> Toshiba Brave Lupus Tokyo (2016 - 2016) -> Sunwolves (2016 - 2016) -> Toshiba Brave Lupus Tokyo (2016 - 2016) -> Sunwolves (2016 - 2016) -> Toshiba Brave Lupus Tokyo (2015 - 2015) -> Sunwolves (2015 - 2015) -> Toshiba Brave Lupus Tokyo (2011 - 2015)
Motoki Tanaka,田中 元珠,SH,東芝ブレイブルーパス東京（2025-26）,180,83,2001.04.18,24,オタゴボーイズハイスクール,,オタゴボーイズハイスクール,A,4,https://league-one.jp/player/484378,,,,,,Toshiba Brave Lupus Tokyo (2023 - 2026) -> Hino Red Dolphins (2021 - 2023)
Rob Thompson,ロブ ・トンプソン,CTB,東芝ブレイブルーパス東京（2025-26）,184,103,1991.08.29,34,パーマストンノースボーイズハイスクール,,パーマストンノースボーイズハイスクール,A,51,https://league-one.jp/player/484379,,,,,,Toshiba Brave Lupus Tokyo (2023 - 2026) -> Toyota Verblitz (2020 - 2023) -> Highlanders (2015 - 2020) -> Crusaders (2013 - 2014)
Makoto Iwafuchi,岩渕 誠,WTB,東芝ブレイブルーパス東京（2025-26）,182,90,2000.04.20,25,新潟高校,防衛大学校,新潟高校 防衛大学校,A,0,https://league-one.jp/player/484380,,,,,,Toshiba Brave Lupus Tokyo (2023 - 2026)
Michael Collins,マイケル ・コリンズ,UTB,東芝ブレイブルーパス東京（2025-26）,187,94,1993.06.03,32,オタゴボーイズハイスクール,オタゴ大学,オタゴボーイズハイスクール オタゴ大学,B,27,https://league-one.jp/player/484381,,,,,,Not Found
Richie Mounga,リッチー ・モウンガ,SO,東芝ブレイブルーパス東京（2025-26）,176,83,1994.05.25,31,RiccartonHighSchool,St.Andrew'sCollege,RiccartonHighSchool St.Andrew'sCollege,C,36,https://league-one.jp/player/484382,,,NZ代表(56),,,Not Found
Shannon Frizell,シャノン ・フリゼル,FL,東芝ブレイブルーパス東京（2025-26）,195,114,1994.02.11,31,'Apifo'ouCollege,,'Apifo'ouCollege,C,36,https://league-one.jp/player/484383,,,NZ代表(33),,,Toshiba Brave Lupus Tokyo (2023 - 2026) -> Highlanders (2021 - 2023) -> Tasman Mako (2021 - 2021) -> Highlanders (2021 - 2021) -> Tasman Mako (2020 - 2020) -> Highlanders (2020 - 2020) -> Tasman Mako (2020 - 2020) -> Highlanders (2020 - 2020) -> Tasman Mako (2019 - 2019) -> Highlanders (2017 - 2019)
Shuto Harabuchi,原渕 修人,PR,東芝ブレイブルーパス東京（2025-26）,177,108,2002.03.07,23,摂津高校,摂南大学,大阪府立摂津高校 摂南大学,A,0,https://league-one.jp/player/484384,,,,,,Toshiba Brave Lupus Tokyo (2024 - 2026)
Vea Taumoefolau,ヴェア ・タモエフォラウ,PR,東芝ブレイブルーパス東京（2025-26）,186,123,2001.11.05,24,札幌山の手高校,京都産業大学,札幌山の手高校 京都産業大学,A,3,https://league-one.jp/player/484385,,,,,,Toshiba Brave Lupus Tokyo (2024 - 2026)
Senfu Kamei,亀井 茜風,LO,東芝ブレイブルーパス東京（2025-26）,193,110,2001.06.12,24,長崎北陽台高校,明治大学,長崎県立長崎北陽台高等学校 明治大学,A,0,https://league-one.jp/player/484386,,,,,,Toshiba Brave Lupus Tokyo (2024 - 2026)
Rye On Yoon,尹 礼温,FL,東芝ブレイブルーパス東京（2025-26）,184,104,2001.06.30,24,大阪朝鮮高校,帝京大学,大阪朝鮮高校 帝京大学,A,0,https://league-one.jp/player/484387,,,,,,Toshiba Brave Lupus Tokyo (2024 - 2026)
Afu Ofeina,アフ ・オフィナ,FL,東芝ブレイブルーパス東京（2025-26）,187,113,2000.06.18,25,東海大学付属福岡高校,東海大学,東海大学付属福岡高等学校 東海大学,A,3,https://league-one.jp/player/484388,,,,,,Toshiba Brave Lupus Tokyo (2024 - 2026)
Shotaro Ikedo,池戸 将太郎,SH,東芝ブレイブルーパス東京（2025-26）,180,90,2001.06.03,24,東海大学付属相模高校,明治大学,東海大学付属相模高等学校 明治大学,A,4,https://league-one.jp/player/484389,,,,,,Toshiba Brave Lupus Tokyo (2024 - 2026)
Rei Ishioka,石岡 玲英,WTB,東芝ブレイブルーパス東京（2025-26）,177,85,2001.09.22,24,御所実業高校,法政大学,奈良県立御所実業高等学校 法政大学,A,1,https://league-one.jp/player/484390,,,,,,Toshiba Brave Lupus Tokyo (2024 - 2026)
Stephanus Du Toit,ステファーナス ・ドゥトイ,UTB,東芝ブレイブルーパス東京（2025-26）,185,96,2001.03.23,24,PaarlGimnasiumHighSchool,流通経済大学,PaarlGimnasiumHighSchool 流通経済大学,A,0,https://league-one.jp/player/484391,,,,,,Toshiba Brave Lupus Tokyo (2023 - 2026)
Shohei Ito,伊藤 鐘平,LO,東芝ブレイブルーパス東京（2025-26）,190,108,1997.05.01,28,札幌山の手高校,京都産業大学,札幌山の手高校 京都産業大学,A,56,https://league-one.jp/player/485501,,,U20('17)、XV('25),,,Toshiba Brave Lupus Tokyo (2021 - 2026)
Mark Telea,マーク ・テレア,WTB,トヨタヴェルブリッツ（2025-26）,186,94,1996.12.06,29,マッセーハイスクール,,マッセーハイスクール,C,3,https://league-one.jp/player/484444,,,NZ代表(19),,,Toyota Verblitz (2025 - 2026) -> North Harbour (2025 - 2025) -> Blues (2025 - 2025) -> North Harbour (2024 - 2024) -> Blues (2024 - 2024) -> North Harbour (2024 - 2024) -> Blues (2024 - 2024) -> North Harbour (2023 - 2023) -> Blues (2022 - 2023) -> North Harbour (2022 - 2022) -> Blues (2022 - 2022) -> North Harbour (2021 - 2021) -> Blues (2021 - 2021) -> Tasman Mako (2021 - 2021) -> Blues (2021 - 2021) -> Tasman Mako (2020 - 2020) -> Blues (2020 - 2020) -> Tasman Mako (2020 - 2020) -> Blues (2020 - 2020) -> Tasman Mako (2019 - 2019) -> Blues (2019 - 2019) -> North Harbour (2018 - 2019)
Hamdahn Tuipulotu,ハムダン ・トゥイプロトゥ,PR,トヨタヴェルブリッツ（2025-26）,182,125,2000.03.21,25,セント・ピーターズ,カレッジ,セント・ピーターズ カレッジ,B,2,https://league-one.jp/player/484445,,,,,,Toyota Verblitz (2025 - 2026) -> Auckland (2025 - 2025) -> Blues (2025 - 2025) -> Auckland (2024 - 2024) -> Blues (2024 - 2024) -> Southland Stags (2022 - 2024) -> Auckland (2022 - 2022) -> New South Wales Waratahs (2022 - 2022) -> Auckland (2021 - 2021) -> New South Wales Waratahs (2021 - 2021) -> Western Sydney Two Blues (2020 - 2021)
Harrison Goggin,ハリソン ・ゴギン,LO,トヨタヴェルブリッツ（2025-26）,206,126,2001.05.22,24,セントジョセフズナジーカレッジ,,セントジョセフズナジーカレッジ,B,1,https://league-one.jp/player/484446,,,,,,Toyota Verblitz (2025 - 2026) -> North Brisbane Rugby Club (2024 - 2025)
Schalk Erasmus,スカルク ・エラスマス,HO,トヨタヴェルブリッツ（2025-26）,184,109,1998.04.16,27,ステレンボッシュカレッジ,,ステレンボッシュカレッジ,B,16,https://league-one.jp/player/484447,,,,,,Toyota Verblitz (2025 - 2026) -> Kubota Spears Funabashi Tokyo-Bay (2022 - 2025) -> Bulls (2020 - 2022) -> Stormers (2019 - 2020) -> Western Province (2018 - 2019)
Jone Kerevi,ジョネ ・ケレビ,HO,トヨタヴェルブリッツ（2025-26）,184,108,1998.08.22,27,天理大学高校,,天理大学,A,9,https://league-one.jp/player/484448,,,,,,Toyota Verblitz (2025 - 2026) -> Toyota Industries Shuttles Aichi (2024 - 2025)
Aidan Morgan,エイダン ・モーガン,SO,トヨタヴェルブリッツ（2025-26）,172,81,2001.06.07,24,キングスカレッジ,,キングスカレッジ,B,0,https://league-one.jp/player/484449,,,,,,Toyota Verblitz (2025 - 2026) -> Ulster Rugby (2024 - 2025) -> Hurricanes (2023 - 2024) -> Wellington Lions (2023 - 2023) -> Hurricanes (2023 - 2023) -> Wellington Lions (2022 - 2022) -> Hurricanes (2022 - 2022) -> Wellington Lions (2022 - 2022) -> Hurricanes (2022 - 2022) -> Wellington Lions (2021 - 2021) -> Hurricanes (2021 - 2021) -> Wellington Lions (2019 - 2021)
Semisi Tupou,セミシ ・トゥポウ,WTB,トヨタヴェルブリッツ（2025-26）,190,94,1999.06.29,26,セントジョセフナッジー,,セントジョセフナッジー,A,34,https://league-one.jp/player/484450,,,,,,Toyota Verblitz (2025 - 2026) -> BlackRams Tokyo (2023 - 2025) -> Saitama Wild Knights (2020 - 2023) -> Melbourne Rebels (2016 - 2020)
Keito Aoki,青木 恵斗,FL,トヨタヴェルブリッツ（2025-26）,187,110,2002.06.14,23,桐蔭学園高校,帝京大学,桐蔭学園 帝京,A,11,https://league-one.jp/player/484451,,,"XV('24,'25)",,,Toyota Verblitz (2025 - 2026) -> Teikyo University (2025 - 2025) -> Toyota Verblitz (2024 - 2024) -> Teikyo University (2023 - 2024)
Hanjiro Hirai,平井 半次郎,PR,トヨタヴェルブリッツ（2025-26）,180,108,2002.12.13,23,御所実業高校,帝京大学,御所実業 帝京,A,0,https://league-one.jp/player/484452,,,,,,Toyota Verblitz (2025 - 2026) -> Teikyo University (2025 - 2025) -> Toyota Verblitz (2024 - 2024) -> Teikyo University (2023 - 2024)
Nicholas McCurran,ニコラス ・マクカラン,CTB,トヨタヴェルブリッツ（2025-26）,189,94,1996.06.13,29,ハミルトンボーイズ,帝京大学,ハミルトンボーイズ 帝京,A,53,https://league-one.jp/player/484453,,,日本代表(7),,,Not Found
Rikiya Matsuda,松田 力也,SO,トヨタヴェルブリッツ（2025-26）,181,92,1994.05.03,31,伏見工業高校,帝京大学,伏見工業 帝京,A,59,https://league-one.jp/player/484454,,,U23('13)、日本代表(39),,,Toyota Verblitz (2024 - 2026) -> Saitama Wild Knights (2019 - 2024) -> Sunwolves (2019 - 2019) -> Saitama Wild Knights (2018 - 2018) -> Sunwolves (2018 - 2018) -> Saitama Wild Knights (2018 - 2018) -> Sunwolves (2018 - 2018) -> Saitama Wild Knights (2017 - 2017) -> Sunwolves (2017 - 2017) -> Saitama Wild Knights (2017 - 2017) -> Sunwolves (2017 - 2017) -> Saitama Wild Knights (2016 - 2016) -> Sunwolves (2016 - 2016)
Issa Yamakawa,山川 一瑳,LO,トヨタヴェルブリッツ（2025-26）,190,103,2000.07.05,25,常翔学園高校,帝京大学,常翔学園 帝京,A,2,https://league-one.jp/player/484455,,,U23('20),,,Toyota Verblitz (2023 - 2026)
Dick Wilson,ディック ・ウィルソン,CTB,トヨタヴェルブリッツ（2025-26）,180,96,1996.09.02,29,アオレレ,,アオレレ,A,33,https://league-one.jp/player/484456,,,,,,Toyota Verblitz (2022 - 2026) -> Shimizu Koto Blue Sharks (2019 - 2022)
Kaisei Tamura,田村 魁世,SH,トヨタヴェルブリッツ（2025-26）,171,80,1999.12.15,26,桐蔭学園高校,同志社大学,桐蔭学園 同志社,A,5,https://league-one.jp/player/484457,,,"高校('17)、U20,U23('19)",,,Toyota Verblitz (2024 - 2026) -> Southland Stags (2022 - 2023)
Ryusei Koike,小池 隆成,FL,トヨタヴェルブリッツ（2025-26）,188,106,1999.11.18,26,東京高校,東海大学,東京 東海,A,19,https://league-one.jp/player/484458,,,"U20('19)、U23('19,'20)",,,Toyota Verblitz (2022 - 2026)
Ryunosuke Momoji,百地 龍之介,PR,トヨタヴェルブリッツ（2025-26）,175,108,1999.09.03,26,東海大大阪仰星高校,立命館大学,東海大仰星 立命館,A,17,https://league-one.jp/player/484459,,,"高校('17)、U20('18,'19)、U23('19)",,,Toyota Verblitz (2022 - 2026)
Taichi Takahashi,高橋 汰地,WTB,トヨタヴェルブリッツ（2025-26）,180,91,1996.06.24,29,常翔学園高校,明治大学,常翔学園 明治,A,55,https://league-one.jp/player/484460,,,日本代表(2),,,Toyota Verblitz (2019 - 2026)
Yuki Okada,岡田 優輝,CTB,トヨタヴェルブリッツ（2025-26）,181,92,1995.07.13,30,大阪桐蔭高校,帝京大学,大阪桐蔭 帝京,A,33,https://league-one.jp/player/484461,,,"U20,U23('15)",,,Toyota Verblitz (2018 - 2026)
Masahiro Kitamura,北村 将大,SO,トヨタヴェルブリッツ（2025-26）,171,80,1998.08.29,27,御所実業高校,帝京大学,御所実業 帝京,A,3,https://league-one.jp/player/484462,,,,,,Toyota Verblitz (2021 - 2026)
Tiaan Falcon,ティアーン ・ファルコン,FB,トヨタヴェルブリッツ（2025-26）,181,90,1997.06.19,28,リンディスファーンカレッジ,,リンディスファーンカレッジ,A,40,https://league-one.jp/player/484463,,,,,,Toyota Verblitz (2021 - 2026) -> Hawke's Bay Magpies (2020 - 2021) -> Chiefs (2017 - 2020)
Jongchu Ryang,梁 正秋,SH,トヨタヴェルブリッツ（2025-26）,171,76,1992.12.14,33,大阪朝鮮高校,京都産業大学,大阪朝鮮 京都産業,A,6,https://league-one.jp/player/484464,,,,,,Toyota Verblitz (2021 - 2026)
Kaito Shigeno,茂野 海人,SH,トヨタヴェルブリッツ（2025-26）,170,78,1990.11.21,35,江の川高校,大東文化大学,江の川 大東文化,A,44,https://league-one.jp/player/484465,,,日本代表(16),,,Toyota Verblitz (2019 - 2026) -> Sunwolves (2015 - 2019)
Kazuki Himeno,姫野 和樹,FL,トヨタヴェルブリッツ（2025-26）,187,109,1994.07.27,31,春日丘高校,帝京大学,春日丘 帝京,A,52,https://league-one.jp/player/484466,,,U23('13)、12 高校、日本代表(36),,,Toyota Verblitz (2021 - 2026) -> Highlanders (2020 - 2021) -> Toyota Verblitz (2019 - 2020) -> Sunwolves (2019 - 2019) -> Toyota Verblitz (2018 - 2018) -> Sunwolves (2018 - 2018) -> Toyota Verblitz (2018 - 2018) -> Sunwolves (2018 - 2018) -> Toyota Verblitz (2017 - 2017) -> Sunwolves (2017 - 2017)
Ryusei Kato,加藤 竜聖,HO,トヨタヴェルブリッツ（2025-26）,178,101,1997.01.14,28,石見智翠館高校,東海大学,石見智翠館 東海,A,46,https://league-one.jp/player/484467,,,,,,Toyota Verblitz (2019 - 2026)
Yoshikatsu Hikosaka,彦坂 圭克,HO,トヨタヴェルブリッツ（2025-26）,178,105,1991.01.18,34,春日丘高校,筑波大学,春日丘 筑波,A,58,https://league-one.jp/player/484468,,,U20('11),,,Toyota Verblitz (2013 - 2026)
Gaku Shimizu,清水 岳,PR,トヨタヴェルブリッツ（2025-26）,174,107,1998.11.22,27,大阪桐蔭高校,帝京大学,大阪桐蔭 帝京,A,28,https://league-one.jp/player/484469,,,,,,Toyota Verblitz (2021 - 2026)
Yusuke Kizu,木津 悠輔,PR,トヨタヴェルブリッツ（2025-26）,178,115,1995.12.02,30,由布高校,天理高校,由布 天理,A,41,https://league-one.jp/player/484470,,,U23('17)、日本代表(6),,,Toyota Verblitz (2018 - 2026)
Shogo Miura,三浦 昌悟,PR,トヨタヴェルブリッツ（2025-26）,180,115,1995.06.08,30,秋田工業高校,東海大学,秋田工業 東海,A,65,https://league-one.jp/player/484471,,,"U20('15)、U23('15,'17)、日本代表(14)",,,Toyota Verblitz (2019 - 2026) -> Sunwolves (2018 - 2019)
Josh Dickson,ジョシュ ・ディクソン,LO,トヨタヴェルブリッツ（2025-26）,200,117,1994.11.02,31,オタゴボーイズ,,オタゴボーイズ,B,33,https://league-one.jp/player/484472,,,,,,Toyota Verblitz (2023 - 2026) -> Otago (2023 - 2023) -> Highlanders (2023 - 2023) -> Otago (2022 - 2022) -> Highlanders (2022 - 2022) -> Otago (2022 - 2022) -> Highlanders (2022 - 2022) -> Otago (2021 - 2021) -> Highlanders (2021 - 2021) -> Otago (2021 - 2021) -> Highlanders (2021 - 2021) -> Otago (2020 - 2020) -> Highlanders (2020 - 2020) -> Otago (2020 - 2020) -> Highlanders (2020 - 2020) -> Otago (2019 - 2019) -> Highlanders (2017 - 2019)
Kosei Miki,三木 皓正,FL,トヨタヴェルブリッツ（2025-26）,174,95,2002.01.22,23,京都成章高校,京都産業大学,京都成章 京都産業,A,12,https://league-one.jp/player/484473,,,,,,Toyota Verblitz (2024 - 2026)
Takuma Nishino,西野 拓真,PR,トヨタヴェルブリッツ（2025-26）,186,113,2001.11.19,24,京都成章高校,帝京大学,京都成章 帝京,A,0,https://league-one.jp/player/484474,,,,,,Toyota Verblitz (2023 - 2026)
Jingo Murata,村田 陣悟,FL,トヨタヴェルブリッツ（2025-26）,185,102,2002.02.22,23,京都成章高校,早稲田大学,京都成章 早稲田,A,0,https://league-one.jp/player/484475,,,,,,Toyota Verblitz (2024 - 2026)
Taiga Kawasaki,川崎 太雅,PR,トヨタヴェルブリッツ（2025-26）,171,106,2001.05.10,24,東福岡高校,早稲田大学,東福岡 早稲田,A,5,https://league-one.jp/player/484476,,,,,,Toyota Verblitz (2024 - 2026)
Shintaro Fukuzawa,福澤 慎太郎,HO,トヨタヴェルブリッツ（2025-26）,168,99,2001.09.20,24,本郷高校,慶應義塾大学,本郷 慶應義塾,A,0,https://league-one.jp/player/484477,,,,,,Toyota Verblitz (2024 - 2026)
Aaron Smith,アーロン ・スミス,SH,トヨタヴェルブリッツ（2025-26）,171,83,1988.11.21,37,フィールディング,,フィールディング,C,35,https://league-one.jp/player/485368,,,NZ代表(125),,,Toyota Verblitz (2023 - 2026) -> Highlanders (2021 - 2023) -> Manawatu Turbos (2021 - 2021) -> Highlanders (2021 - 2021) -> Manawatu Turbos (2020 - 2020) -> Highlanders (2020 - 2020) -> Manawatu Turbos (2020 - 2020) -> Highlanders (2020 - 2020) -> Manawatu Turbos (2019 - 2019) -> Highlanders (2013 - 2019)
Jone Nabetelevu,ジョネ ・ナベテレヴ,WTB,トヨタヴェルブリッツ（2025-26）,185,95,1999.02.22,26,ナシヌセンカンダリースクール,エレスメアカレッジ,ナシヌセンカンダリースクール エレスメアカレッジ,A,15,https://league-one.jp/player/485369,,,セブンズ日本(1),,,Toyota Verblitz (2022 - 2026) -> Kurita Water Gush Akishima (2020 - 2022)
Akito Okui,奥井 章仁,FL,トヨタヴェルブリッツ（2025-26）,177,103,2001.09.17,24,大阪桐蔭高校,帝京大学,大阪桐蔭 帝京,A,10,https://league-one.jp/player/485370,,,XV('25)、日本代表(2),,,Toyota Verblitz (2024 - 2026)
Jonas Tanaka Dowling,田中ダウリン ジョウナス,HO,トヨタヴェルブリッツ（2025-26）,176,102,2005.12.29,20,ウェイヴァリー,,ウェイヴァリー,A,0,https://league-one.jp/player/485498,,,,,,Toyota Verblitz (2024 - 2026)
Zach Gallagher,ザック ・ギャラハー,LO,トヨタヴェルブリッツ（2025-26）,198,116,2001.09.04,24,カンタベリーカレッジ,,カンタベリーカレッジ,B,0,https://league-one.jp/player/485502,,,,,,Toyota Verblitz (2025 - 2026) -> Canterbury (2025 - 2025) -> Hurricanes (2025 - 2025) -> Canterbury (2024 - 2024) -> Hurricanes (2024 - 2024) -> Canterbury (2024 - 2024) -> Crusaders (2024 - 2024) -> Canterbury (2023 - 2023) -> Crusaders (2023 - 2023) -> Canterbury (2023 - 2023) -> Crusaders (2023 - 2023) -> Canterbury (2022 - 2022) -> Crusaders (2022 - 2022) -> Canterbury (2022 - 2022) -> Crusaders (2022 - 2022) -> Canterbury (2021 - 2021) -> Crusaders (2021 - 2021) -> Canterbury (2020 - 2021)
Lourens Erasmus,ローレンス ・エラスマス,LO,トヨタヴェルブリッツ（2025-26）,200,115,1993.06.14,32,ヨハネスブルクカレッジ,,ヨハネスブルクカレッジ,A,24,https://league-one.jp/player/485503,,,,,,Toyota Verblitz (2025 - 2026) -> Urayasu D-Rocks (2022 - 2025) -> Red Hurricanes Osaka (2019 - 2022) -> Lions Rugby (2015 - 2019)
Keisuke Moriya,森谷 圭介,CTB,トヨタヴェルブリッツ（2025-26）,185,93,1994.03.04,31,帝京大学高校,,帝京大学,A,25,https://league-one.jp/player/485504,,,,,,Toyota Verblitz (2025 - 2026) -> Tokyo Sungoliath (2021 - 2025) -> Sunwolves (2019 - 2020) -> Saitama Wild Knights (2018 - 2019)
Taufa Latu,タウファ ・ラトゥ,PR,トヨタヴェルブリッツ（2025-26）,183,120,1998.04.05,27,白鴎大学高校,,白鴎大学,A,42,https://league-one.jp/player/485505,,,,,,Toyota Verblitz (2025 - 2026) -> Toshiba Brave Lupus Tokyo (2022 - 2025)
Blair Ryall,ブレア ・ライアル,FL,トヨタヴェルブリッツ（2025-26）,194,110,2001.10.26,24,リンカーン,,リンカーン,B,3,https://league-one.jp/player/485506,,,,,,Toyota Verblitz (2024 - 2026) -> Southland Stags (2021 - 2024)
Matt McGahan,マット ・マッガーン,SO,トヨタヴェルブリッツ（2025-26）,185,89,1993.04.21,32,マウント・アルバート・グラマー,,マウント・アルバート・グラマー,A,59,https://league-one.jp/player/485507,,,,,,Toyota Verblitz (2024 - 2026) -> BlackRams Tokyo (2019 - 2024) -> North Harbour (2019 - 2019) -> Queensland Reds (2019 - 2019) -> North Harbour (2018 - 2018) -> Queensland Reds (2018 - 2018) -> Blues (2014 - 2016)
Isaiah Mapusua,アイザイア ・マプスア,FL,トヨタヴェルブリッツ（2025-26）,191,112,2000.12.21,25,キングスカレッジ,慶應義塾大学,キングスカレッジ 慶應義塾,A,33,https://league-one.jp/player/485508,,,日本代表(5),,,Toyota Verblitz (2022 - 2026)
Kippei Taninaka,谷中 樹平,SH,トヨタヴェルブリッツ（2025-26）,177,80,2000.06.04,25,御所実業高校,帝京大学,御所実業 帝京,A,0,https://league-one.jp/player/485509,,,セブンズ日本(11),,,Toyota Verblitz (2023 - 2026)
Kouta Oyabu,大籔 洸太,WTB,トヨタヴェルブリッツ（2025-26）,181,90,2001.03.05,24,春日丘高校,帝京大学,春日丘 帝京,A,0,https://league-one.jp/player/485510,,,,,,Toyota Verblitz (2023 - 2026)
Chihiro Matsuyama,松山 千大,CTB,トヨタヴェルブリッツ（2025-26）,173,88,2001.01.05,25,大阪桐蔭高校,帝京大学,大阪桐蔭 帝京,A,0,https://league-one.jp/player/485511,,,高校('18),,,Toyota Verblitz (2023 - 2026)
Yuichiro Wada,和田 悠一郎,WTB,トヨタヴェルブリッツ（2025-26）,178,88,1999.08.30,26,東海大大阪仰星高校,同志社大学,東海大仰星 同志社,A,12,https://league-one.jp/player/485512,,,U20('19),,,Toyota Verblitz (2023 - 2026)
Viliame Tuidraki,ヴィリアメ ・ツイドラキ,WTB,トヨタヴェルブリッツ（2025-26）,184,97,1997.01.09,28,ラトゥナヴラカレッジ,摂南大学,ラトゥナヴラカレッジ 摂南,A,42,https://league-one.jp/player/485513,,,,,,Toyota Verblitz (2021 - 2026)
Takemichi Nakano,中野 剛通,FB,トヨタヴェルブリッツ（2025-26）,186,96,1996.12.18,29,天理高校,日本体育大学,天理 日本体育,A,0,https://league-one.jp/player/485514,,,セブンズ日本(7),,,Toyota Verblitz (2022 - 2026)
William Tupou,ウィリアム ・トゥポウ,FL,トヨタヴェルブリッツ（2025-26）,188,101,1990.07.20,35,ブリスベンステート,,ブリスベンステート,A,44,https://league-one.jp/player/485515,,,日本代表(12),,,Toyota Verblitz (2021 - 2026) -> Coca Cola West Red Sparks (2019 - 2021) -> Sunwolves (2019 - 2019) -> Coca Cola West Red Sparks (2018 - 2018) -> Sunwolves (2018 - 2018) -> Coca Cola West Red Sparks (2018 - 2018) -> Sunwolves (2018 - 2018) -> Coca Cola West Red Sparks (2017 - 2017) -> Sunwolves (2016 - 2017)
Shuhei Yamaguchi,山口 修平,CTB,トヨタヴェルブリッツ（2025-26）,183,100,1996.07.21,29,同志社香里高校,同志社大学,同志社香里 同志社,A,23,https://league-one.jp/player/485516,,,U20('11),,,Toyota Verblitz (2022 - 2026)
Vatiliai Tuidraki,バティリアイ ・ツイドラキ,CTB,トヨタヴェルブリッツ（2025-26）,182,98,1995.01.04,31,ワントゥリーヒル,,ワントゥリーヒル,A,9,https://league-one.jp/player/485517,,,,,,Toyota Verblitz (2021 - 2026)
Shinya Komura,小村 真也,UTB,トヨタヴェルブリッツ（2025-26）,180,92,2002.05.28,23,ハミルトンボーイズ,帝京大学,ハミルトンボーイズ 帝京,A,12,https://league-one.jp/player/486439,,,XV('25)、日本代表(3),,,Toyota Verblitz (2025 - 2026) -> Teikyo University (2025 - 2025) -> Toyota Verblitz (2024 - 2024) -> Teikyo University (2023 - 2024)
Pieter Steph Du Toit,ピーターステフ ・デュトイ,FL,トヨタヴェルブリッツ（2025-26）,200,112,1992.08.20,33,ホエルスクール・スワ—トランド,,ホエルスクール・スワ—トランド,C,38,https://league-one.jp/player/488137,,,,,,Toyota Verblitz (2021 - 2026) -> Stormers (2015 - 2021) -> Sharks (2013 - 2015)
Siosaia Fifita,シオサイア ・フィフィタ,CTB,トヨタヴェルブリッツ（2025-26）,187,105,1998.12.20,27,日本航空石川高校,天理高校,日本航空石川 天理,A,59,https://league-one.jp/player/488138,,,日本代表(16),,,Toyota Verblitz (2023 - 2026) -> Hanazono Kintetsu Liners (2021 - 2023) -> Sunwolves (2019 - 2020) -> Tenri University (2018 - 2019)
Keishin Iwamoto,岩本 圭伸,FL,マツダスカイアクティブズ広島（2025-26）,180,93,2003.01.08,23,常翔学園高校,近畿大学,常翔学園高校 近畿大学,A,2,https://league-one.jp/player/484610,,,,,,Skyactivs Hiroshima (2025 - 2026) -> Kindai University (2024 - 2025)
Kanto Watanabe,渡邉 完徒,FL,マツダスカイアクティブズ広島（2025-26）,182,100,2002.07.23,23,明和県央高校,天理大学,明和県央高校 天理大学,A,0,https://league-one.jp/player/484611,,,,,,Skyactivs Hiroshima (2025 - 2026) -> Tenri University (2024 - 2025)
Takehiro Watanabe,渡部 雄大,CTB,マツダスカイアクティブズ広島（2025-26）,170,90,2002.09.04,23,新田高校,朝日大学,新田高校 朝日大学,A,2,https://league-one.jp/player/484612,,,,,,Skyactivs Hiroshima (2025 - 2026) -> Tenri University (2024 - 2025)
Shumpei Matsuzawa,松澤 駿平,CTB,マツダスカイアクティブズ広島（2025-26）,178,88,2002.09.25,23,京都成章高校,帝京大学,京都成章高校 帝京大学,A,2,https://league-one.jp/player/484613,,,,,,Skyactivs Hiroshima (2025 - 2026) -> Teikyo University (2024 - 2025)
Eugene Guaini,グアイニ 優人,FL,マツダスカイアクティブズ広島（2025-26）,177,96,2002.09.12,23,石見智翠館高校,帝京大学,石見智翠館高校 帝京大学,A,0,https://league-one.jp/player/484614,,,,,,Skyactivs Hiroshima (2025 - 2026) -> Teikyo University (2024 - 2025)
Clynton Knox,ノックス クリントン,CTB,マツダスカイアクティブズ広島（2025-26）,182,98,1992.12.27,33,コーパスクリスティ,,コーパスクリスティ高校,A,42,https://league-one.jp/player/484615,,,,,,Skyactivs Hiroshima (2024 - 2026) -> Mie Honda Heat RFC (2021 - 2024)
Andrew Davidson,アンドリュー ・デビッドソン,LO,マツダスカイアクティブズ広島（2025-26）,202,113,1996.11.07,29,ケルビンサイドアカデミー,,ケルビンサイドアカデミー,B,17,https://league-one.jp/player/484616,,,,,,Skyactivs Hiroshima (2024 - 2026) -> Ealing Trailfinders (2023 - 2024) -> Gloucester Rugby (2023 - 2023) -> Ealing Trailfinders (2022 - 2022) -> Gloucester Rugby (2021 - 2022) -> Edimbourg Rugby (2020 - 2021) -> Glasgow Warriors (2020 - 2020) -> Edimbourg Rugby (2019 - 2019) -> Glasgow Warriors (2019 - 2019) -> Newcastle (2019 - 2019) -> Glasgow Warriors (2019 - 2019) -> Newcastle (2018 - 2018) -> Glasgow Warriors (2018 - 2018) -> Newcastle (2017 - 2018)
Sam Chongkit,サム ・チョンキット,LO,マツダスカイアクティブズ広島（2025-26）,198,107,1995.03.02,30,ハミルトンボーイズ,,ハミルトンボーイズ高校,A,32,https://league-one.jp/player/484617,,,,,,Skyactivs Hiroshima (2024 - 2026) -> Shimizu Koto Blue Sharks (2023 - 2024) -> Mitsubishi Sagamihara Dynaboars (2021 - 2023)
Issen Kano,嘉納 一千,SO,マツダスカイアクティブズ広島（2025-26）,177,84,2002.01.12,23,大阪桐蔭高校,同志社大学,大阪桐蔭高校 同志社大学,A,17,https://league-one.jp/player/484618,,,,,,Skyactivs Hiroshima (2024 - 2026)
Hitaka Inoue,井上 陽公,SO,マツダスカイアクティブズ広島（2025-26）,175,79,2001.10.27,24,京都工学院高校,帝京大学,京都工学院高校 帝京大学,A,12,https://league-one.jp/player/484619,,,,,,Skyactivs Hiroshima (2024 - 2026)
Taiyo Fukuyama,福山 太陽,SH,マツダスカイアクティブズ広島（2025-26）,175,78,2001.11.28,24,滋賀学園高校,近畿大学,滋賀学園高校 近畿大学,A,16,https://league-one.jp/player/484620,,,,,,Skyactivs Hiroshima (2024 - 2026)
Taisei Hiranuma,平沼 泰成,HO,マツダスカイアクティブズ広島（2025-26）,170,96,2002.03.18,23,中部大学春日丘高校,近畿大学,中部大学春日丘高校 近畿大学,A,0,https://league-one.jp/player/484621,,,,,,Skyactivs Hiroshima (2024 - 2026)
Ryoto Tomita,富田 凌仁,PR,マツダスカイアクティブズ広島（2025-26）,170,105,2001.12.20,24,若狭東高校,天理大学,若狭東高校 天理大学,A,6,https://league-one.jp/player/484622,,,,,,Skyactivs Hiroshima (2024 - 2026)
Shota Kasai,葛西 翔太,PR,マツダスカイアクティブズ広島（2025-26）,173,115,2001.10.21,24,筑紫高校,九州共立大学,筑紫高校 九州共立大学,A,3,https://league-one.jp/player/484623,,,,,,Skyactivs Hiroshima (2024 - 2026)
Kohei Tanaka,田中 康平,FB,マツダスカイアクティブズ広島（2025-26）,183,88,2000.12.19,25,土佐塾高校,東洋大学,土佐塾高校 東洋大学,A,4,https://league-one.jp/player/484624,,,,,,Skyactivs Hiroshima (2023 - 2026)
Haruki Umemoto,梅本 遥己,PR,マツダスカイアクティブズ広島（2025-26）,175,100,2000.05.22,25,立命館慶祥高校,立命館大学,立命館慶祥高等学校 立命館大学,A,16,https://league-one.jp/player/484625,,,,,,Skyactivs Hiroshima (2023 - 2026)
Syunya Motoyama,本山 峻也,CTB,マツダスカイアクティブズ広島（2025-26）,173,83,2000.10.01,25,関西学院高等学部,関西学院大学,関西学院高等学部 関西学院大学,A,10,https://league-one.jp/player/484626,,,,,,Skyactivs Hiroshima (2023 - 2026)
Tadatsugu Kanayama,金山 忠次,PR,マツダスカイアクティブズ広島（2025-26）,179,110,2000.09.08,25,天理高校,天理大学,天理高校 天理大学,A,22,https://league-one.jp/player/484627,,,,,,Skyactivs Hiroshima (2023 - 2026)
JACOB ABEL,ジェイコブ ・アベル,SH,マツダスカイアクティブズ広島（2025-26）,174,92,1997.10.30,28,セイントエドマンズカレッジ,,セイントエドマンズカレッジ,B,35,https://league-one.jp/player/484628,,,,,,Skyactivs Hiroshima (2022 - 2026) -> Gordon Rugby Football Club (2020 - 2022) -> Western Force (2019 - 2020)
Taichi Yokoo,横尾 太一,HO,マツダスカイアクティブズ広島（2025-26）,172,95,1999.11.12,26,東海大仰星高校,立命館大学,東海大仰星高校 立命館大学,A,21,https://league-one.jp/player/484629,,,,,,Skyactivs Hiroshima (2023 - 2026)
Ren Ouchi,大内 錬,FB,マツダスカイアクティブズ広島（2025-26）,183,88,1999.01.22,26,佐野日本大学高校,東洋大学,佐野日本大学高等学校 東洋大学,A,11,https://league-one.jp/player/484630,,,セブンズ日本(9),,,Skyactivs Hiroshima (2022 - 2026)
Kaiha Noda,野田 海生,LO,マツダスカイアクティブズ広島（2025-26）,187,110,1999.10.28,26,尼崎高校,天理大学,市立尼崎高校 天理大学,A,15,https://league-one.jp/player/484631,,,,,,Skyactivs Hiroshima (2022 - 2026)
Koki Nakano,中野 光基,HO,マツダスカイアクティブズ広島（2025-26）,180,105,2000.03.10,25,大阪桐蔭高校,帝京大学,大阪桐蔭高校 帝京大学,A,15,https://league-one.jp/player/484632,,,,,,Skyactivs Hiroshima (2022 - 2026)
Kaito Sasaoka,笹岡 海斗,CTB,マツダスカイアクティブズ広島（2025-26）,174,85,1999.07.15,26,京都成章高校,京都産業大学,京都成章高校 京都産業大学,A,29,https://league-one.jp/player/484633,,,,,,Skyactivs Hiroshima (2022 - 2026)
TEVIN FERRIS,テヴィン ・フェリス,FL,マツダスカイアクティブズ広島（2025-26）,187,113,1996.07.24,29,マンジュラバプティストカレッジ,,マンジュラバプティストカレッジ,A,51,https://league-one.jp/player/484634,,,,,,Skyactivs Hiroshima (2021 - 2026) -> Manly Marlins (2020 - 2021) -> Western Force (2019 - 2020)
Kotaro Tstsuno,龍野 光太朗,SH,マツダスカイアクティブズ広島（2025-26）,170,80,1998.05.17,27,佐賀工業高校,帝京大学,佐賀工業 帝京大学,A,24,https://league-one.jp/player/484635,,,,,,Not Found
Ginjiro Sakiguchi,サキ,FB,マツダスカイアクティブズ広島（2025-26）,175,75,1994.11.25,31,大阪桐蔭高校,同志社大学,大阪桐蔭高校 同志社大学,A,45,https://league-one.jp/player/484636,,,,,,Skyactivs Hiroshima (2021 - 2026)
Keisuke Nakamoto,中本 圭介,FB,マツダスカイアクティブズ広島（2025-26）,180,83,1992.12.01,33,流通経済大学付属柏高校,立命館大学,流通経済大学付属柏高校 立命館大学,A,6,https://league-one.jp/player/484637,,,,,,Skyactivs Hiroshima (2023 - 2026)
Haruki Kitajima,北島 遥生,WTB,マツダスカイアクティブズ広島（2025-26）,172,85,1995.04.16,30,常翔学園高校,法政大学,常翔学園 法政大学,A,29,https://league-one.jp/player/484638,,,,,,Skyactivs Hiroshima (2021 - 2026)
Yuto Nakamura,中村 悠人,WTB,マツダスカイアクティブズ広島（2025-26）,177,90,1998.03.02,27,東海大学付属福岡高校,京都産業大学,東海大学付属福岡高校 京都産業大学,A,47,https://league-one.jp/player/484639,,,セブンズ日本(2),,,Skyactivs Hiroshima (2021 - 2026)
Kohei Kamei,亀井 康平,CTB,マツダスカイアクティブズ広島（2025-26）,174,75,1997.06.27,28,摂津高校,帝京大学,摂津高校 帝京大学,A,30,https://league-one.jp/player/484640,,,,,,Skyactivs Hiroshima (2021 - 2026)
Hayato Kanamaru,金丸 勇人,CTB,マツダスカイアクティブズ広島（2025-26）,175,76,1994.02.28,31,天理高校?U部,天理大学,天理高校?U部 天理大学,A,15,https://league-one.jp/player/484641,,,,,,Skyactivs Hiroshima (2021 - 2026)
Ryotaro Saito,齊藤 遼太郎,SO,マツダスカイアクティブズ広島（2025-26）,174,80,1992.12.04,33,東海大仰星高校,天理大学,東海大仰星高校 天理大学,A,26,https://league-one.jp/player/484642,,,,,,Skyactivs Hiroshima (2021 - 2026)
Tsubasa Kono,河野 翼,SH,マツダスカイアクティブズ広島（2025-26）,163,70,1995.07.03,30,東海大仰星高校,京都産業大学,東海大仰星高校 京都産業大学,A,21,https://league-one.jp/player/484643,,,,,,Skyactivs Hiroshima (2021 - 2026)
Dai Goto,後藤 大,SH,マツダスカイアクティブズ広島（2025-26）,166,73,1992.12.27,33,東福岡高校,立命館大学,東福岡高校 立命館大学,A,26,https://league-one.jp/player/484644,,,,,,Skyactivs Hiroshima (2021 - 2025)
Tomoki Ashida,芦田 朋輝,FL,マツダスカイアクティブズ広島（2025-26）,183,105,1995.03.24,30,名南工業高校,愛知工業大学,名南工業高校 愛知工業大学,A,47,https://league-one.jp/player/484645,,,,,,Skyactivs Hiroshima (2021 - 2026)
Iori Suzuki,鈴木 伊織,No8,マツダスカイアクティブズ広島（2025-26）,180,100,1997.10.20,28,関東学院六浦高校,関東学院大学,関東学院六浦高等学校 関東学院大学,A,45,https://league-one.jp/player/484646,,,,,,Skyactivs Hiroshima (2021 - 2026)
Tomohiro Takeda,武田 知大,HO,マツダスカイアクティブズ広島（2025-26）,175,90,1996.09.11,29,尾道高校,京都産業大学,尾道高校 京都産業大学,A,46,https://league-one.jp/player/484647,,,,,,Skyactivs Hiroshima (2021 - 2026)
Yutaro Tanaka,田中 雄太郎,LO,マツダスカイアクティブズ広島（2025-26）,185,105,1998.04.05,27,立命館宇治高校,立命館大学,立命館宇治高校 立命館大学,A,48,https://league-one.jp/player/484648,,,,,,Skyactivs Hiroshima (2021 - 2026)
Ramo Sato,佐藤 羅雲,LO,マツダスカイアクティブズ広島（2025-26）,185,99,1997.04.08,28,つるぎ,帝京大学,徳島県立つるぎ高等学校 帝京大学,A,31,https://league-one.jp/player/484649,,,,,,Skyactivs Hiroshima (2021 - 2026)
Yusuke Kitabayashi,北林 佑介,HO,マツダスカイアクティブズ広島（2025-26）,172,104,1995.08.12,30,東海大仰星高校,帝京大学,東海大仰星高校 帝京大学,A,22,https://league-one.jp/player/484650,,,高校('13),,,Skyactivs Hiroshima (2021 - 2026)
Yuji Takahashi,高橋 裕司,PR,マツダスカイアクティブズ広島（2025-26）,170,100,1997.09.30,28,日本文理大学附属高校,日本文理大学,日本文理大学附属高等学校 日本文理大学,A,12,https://league-one.jp/player/484651,,,,,,Skyactivs Hiroshima (2021 - 2026)
Koshi Kato,加藤 滉紫,PR,マツダスカイアクティブズ広島（2025-26）,172,90,1996.06.02,29,専修大学松戸高校,天理大学,専修大学松戸高校 天理大学,A,41,https://league-one.jp/player/484652,,,,,,Skyactivs Hiroshima (2021 - 2026)
Koushiro Shigenobu,重信 滉史郎,PR,マツダスカイアクティブズ広島（2025-26）,175,100,1995.09.28,30,高鍋高校,朝日大学,高鍋高校 朝日大学,A,19,https://league-one.jp/player/484653,,,,,,Skyactivs Hiroshima (2021 - 2026)
Tomoya Otake,大竹 智也,PR,マツダスカイアクティブズ広島（2025-26）,180,104,1993.04.02,32,広島工業高校,天理大学,広島工業高校 天理大学,A,38,https://league-one.jp/player/484654,,,,,,Skyactivs Hiroshima (2021 - 2026)
Tomonori Koyanagi,小ヤナギ,PR,マツダスカイアクティブズ広島（2025-26）,177,120,1992.01.06,34,報徳学園高校,東海大学,報徳学園 東海大学,A,39,https://league-one.jp/player/484655,,,,,,Skyactivs Hiroshima (2021 - 2026)
TYE NASH,タイ ・ナッシュ,LO,マツダスカイアクティブズ広島（2025-26）,196,114,1996.05.17,29,FaserCoastAnglican,立正大学,FaserCoastAnglican 立正大学,A,29,https://league-one.jp/player/484656,,,,,,Skyactivs Hiroshima (2023 - 2026) -> Shimizu Koto Blue Sharks (2021 - 2022)
Jackson Pugh,ジャクソン ・ピュー,FL,マツダスカイアクティブズ広島（2025-26）,197,110,2000.02.03,25,AranmoreCatholicCollege,,AranmoreCatholicCollege,C,24,https://league-one.jp/player/484658,,,,,,Skyactivs Hiroshima (2024 - 2026) -> Western Force (2024 - 2024) -> Skyactivs Hiroshima (2023 - 2023) -> Western Force (2022 - 2023) -> Auckland (2022 - 2022) -> Western Force (2022 - 2022) -> Auckland (2021 - 2021) -> Western Force (2020 - 2021)
Soopyung Lee,李 修平,CTB,マツダスカイアクティブズ広島（2025-26）,179,80,1989.08.09,36,大阪日新高校,大阪体育大学,大阪日新高校 大阪体育大学,A,35,https://league-one.jp/player/485711,,,,,,Skyactivs Hiroshima (2021 - 2026)
Zane Marolt,ゼイン ・マロルト,LO,ヤクルトレビンズ戸田（2025-26）,203,110,2000.03.01,25,セントエドマンズカレッジ,,セントエドマンズカレッジ,B,2,https://league-one.jp/player/484758,,,,,,Yakult Levins Toda (2025 - 2026) -> Queanbeyan Whites (2024 - 2025) -> New South Wales Waratahs (2022 - 2023) -> Queanbeyan Whites (2020 - 2022)
Ryuki Hayashi,林 琉輝,HO,ヤクルトレビンズ戸田（2025-26）,171,97,2000.09.29,25,日本大学高校,日本大学,日本大学高等学校 日本大学,A,2,https://league-one.jp/player/484759,,,,,,Yakult Levins Toda (2025 - 2026) -> Toshiba Brave Lupus Tokyo (2023 - 2025)
Apisalome Bogidrau,アピサロメ ・ボギドラウ,PR,ヤクルトレビンズ戸田（2025-26）,190,120,1998.01.10,27,ラトゥカンダブレブスクール,流通経済大学,ラトゥカンダブレブスクール 流通経済大学,A,9,https://league-one.jp/player/484760,,,,,,Yakult Levins Toda (2025 - 2026) -> Toyota Industries Shuttles Aichi (2023 - 2025)
Ryotaro Asami,浅見 亮太郎,CTB,ヤクルトレビンズ戸田（2025-26）,178,90,2002.12.14,23,流通経済大学付属柏高校,筑波大学,流通経済大学付属柏 筑波大学,A,0,https://league-one.jp/player/484761,,,,,,Yakult Levins Toda (2025 - 2026) -> Tsukuba University (2024 - 2025)
Tsubasa Shinno,新野 翼,WTB,ヤクルトレビンズ戸田（2025-26）,172,82,2002.05.26,23,石見智翠館高校,専修大学,石見智翠館高校 専修大学,A,1,https://league-one.jp/player/484762,,,,,,Yakult Levins Toda (2025 - 2026) -> Senshu University (2024 - 2025)
Eigi Fushimi,伏見 永城,SH,ヤクルトレビンズ戸田（2025-26）,165,70,2002.06.11,23,甲府工業高校,日本体育大学,甲府工業高校 日本体育大学,A,0,https://league-one.jp/player/484763,,,,,,Yakult Levins Toda (2025 - 2026) -> Nippon Sport Science University (2024 - 2025)
Yamato Tanigawa,谷川 和,SO,ヤクルトレビンズ戸田（2025-26）,175,78,2003.02.05,22,大阪桐蔭高校,龍谷大学,大阪桐蔭高校 龍谷大学,A,0,https://league-one.jp/player/484764,,,,,,Yakult Levins Toda (2025 - 2026) -> Ryukoku University (2024 - 2025)
Kei Ono,大野 敬,FL,ヤクルトレビンズ戸田（2025-26）,173,90,2002.04.11,23,鹿児島実業高校,日本大学,鹿児島実業高校 日本大学,A,0,https://league-one.jp/player/484765,,,,,,Yakult Levins Toda (2025 - 2026) -> Nihon University (2024 - 2025)
Meishi Watanabe,渡辺 明志,PR,ヤクルトレビンズ戸田（2025-26）,172,110,2002.04.26,23,佐賀工業高校,法政大学,佐賀工業高校 法政大学,A,0,https://league-one.jp/player/484766,,,,,,Yakult Levins Toda (2024 - 2026)
Haruka Egihata,江木畠 悠加,PR,ヤクルトレビンズ戸田（2025-26）,176,100,2002.12.14,23,大分舞鶴高校,立命館大学,大分舞鶴高校 立命館大学,A,0,https://league-one.jp/player/484767,,,,,,Yakult Levins Toda (2025 - 2026) -> Ritsumeikan University (2024 - 2025)
Mitsuki Ito,伊藤 光希,SH,ヤクルトレビンズ戸田（2025-26）,165,71,2002.05.09,23,桐蔭学園高校,立教大学,桐蔭学園高校 立教大学,A,0,https://league-one.jp/player/484768,,,,,,Yakult Levins Toda (2025 - 2026) -> Rikkyo University (2024 - 2025)
Ryunosuke Aoyagi,青柳,CTB,ヤクルトレビンズ戸田（2025-26）,176,87,2002.08.10,23,國學院栃木高校,帝京大学,國學院栃木高校 帝京大学,A,0,https://league-one.jp/player/484769,,,,,,Yakult Levins Toda (2025 - 2026) -> Teikyo University (2024 - 2025)
Antonio Mikaele-Tuu,アントニオ ・ミカエリトゥ,CTB,ヤクルトレビンズ戸田（2025-26）,185,100,1997.11.06,28,へスティングボーイズ高高校,マッセイ大学,へスティングボーイズ高 マッセイ大学,B,36,https://league-one.jp/player/484770,,,,,,Not Found
Moses Jones,モーゼス ・ジョーンズ,SO,ヤクルトレビンズ戸田（2025-26）,190,90,2002.06.18,23,ブリスベン高高校,,ブリスベン高,B,0,https://league-one.jp/player/484771,,,,,,Yakult Levins Toda (2023 - 2026)
Jumpei Tada,多田 潤平,SH,ヤクルトレビンズ戸田（2025-26）,165,76,1990.09.05,35,高鍋高校,明治大学,高鍋高校 明治大学,A,17,https://league-one.jp/player/484772,,,,,,Not Found
Ryu Suzuki,鈴木 龍,WTB,ヤクルトレビンズ戸田（2025-26）,183,84,2000.12.01,25,昌平高校,中央大学,昌平高校 中央大学,A,0,https://league-one.jp/player/484773,,,,,,Yakult Levins Toda (2024 - 2026)
Mizuki Niura,二浦 瑞樹,SO,ヤクルトレビンズ戸田（2025-26）,167,76,1997.05.20,28,明大中野高校,明治大学,明大中野高校 明治大学,A,0,https://league-one.jp/player/484774,,,,,,Yakult Levins Toda (2024 - 2026)
Ren Taninaka,谷中 廉,CTB,ヤクルトレビンズ戸田（2025-26）,171,83,2002.03.11,23,御所実業高校,中京大学,御所実業高校 中京大学,A,3,https://league-one.jp/player/484775,,,,,,Yakult Levins Toda (2024 - 2026)
Kiyoshi Ishii,石井 清,PR,ヤクルトレビンズ戸田（2025-26）,171,102,1992.06.04,33,京都外大西高校,龍谷大学,京都外大西高校 龍谷大学,A,4,https://league-one.jp/player/484776,,,,,,Yakult Levins Toda (2024 - 2026)
Rikiya Oishi,大石 力也,FL,ヤクルトレビンズ戸田（2025-26）,190,95,1993.01.29,32,岡谷工業高校,山梨学院大学,岡谷工業高等学校 山梨学院大学,A,11,https://league-one.jp/player/484777,,,セブンズ日本(14),,,Yakult Levins Toda (2024 - 2026) -> Green Rockets Tokatsu (2021 - 2022)
Takumi Hurukawa,古川 拓実,CTB,ヤクルトレビンズ戸田（2025-26）,168,83,1995.07.03,30,目黒学院高校,東洋大学,目黒学院高等学校 東洋大学,A,15,https://league-one.jp/player/484778,,,,,,Not Found
Atsushi Furuya,古屋 篤史,PR,ヤクルトレビンズ戸田（2025-26）,175,112,1994.06.13,31,日川高校,専修大学,日川高校 専修大学,A,17,https://league-one.jp/player/484779,,,,,,Yakult Levins Toda (2024 - 2026)
Daichi Saito,斉藤 大智,WTB,ヤクルトレビンズ戸田（2025-26）,174,83,1998.09.12,27,黒沢尻高校,法政大学,黒沢尻高等学校 法政大学,A,0,https://league-one.jp/player/484780,,,,,,Yakult Levins Toda (2024 - 2026)
Masashi Ogawa,小川 正志,LO,ヤクルトレビンズ戸田（2025-26）,185,100,1996.01.18,29,長崎北陽台高校,帝京大学,長崎北陽台高校 帝京大学,A,12,https://league-one.jp/player/484781,,,,,,Yakult Levins Toda (2024 - 2026)
Iori Nozaki,野ザキ,PR,ヤクルトレビンズ戸田（2025-26）,180,106,1994.02.23,31,国学院栃木高校,東洋大学,国学院栃木高校 東洋大学,A,15,https://league-one.jp/player/484782,,,,,,Yakult Levins Toda (2024 - 2026)
Takumi Handa,半田 巧,HO,ヤクルトレビンズ戸田（2025-26）,176,98,1998.01.17,27,石見智翠館高校,大阪産業大学,石見智翠館高校 大阪産業大学,A,6,https://league-one.jp/player/484783,,,,,,Yakult Levins Toda (2024 - 2026)
Kai Oshiro,大城 海,FB,ヤクルトレビンズ戸田（2025-26）,176,80,1994.03.20,31,東福岡高校,立命館大学,東福岡高校 立命館大学,A,2,https://league-one.jp/player/484784,,,,,,Yakult Levins Toda (2024 - 2026)
Kosuke Urabe,占部 航典,FL,ヤクルトレビンズ戸田（2025-26）,178,97,1995.07.07,30,東福岡高校,筑波大学,東福岡高校 筑波大学,A,16,https://league-one.jp/player/484785,,,"U20,U23('15)",,,Yakult Levins Toda (2024 - 2026)
Daichi Kono,河野 大地,PR,ヤクルトレビンズ戸田（2025-26）,174,105,1997.05.06,28,東海大仰星高校,東海大学,東海大仰星高校 東海大学,A,15,https://league-one.jp/player/484786,,,,,,Yakult Levins Toda (2024 - 2026)
Fuma Uekata,上片 風馬,HO,ヤクルトレビンズ戸田（2025-26）,176,102,1999.03.29,26,長崎北陽台高校,帝京大学,長崎北陽台高校 帝京大学,A,6,https://league-one.jp/player/484787,,,,,,Yakult Levins Toda (2024 - 2026)
Takuma Suto,須藤 拓真,FL,ヤクルトレビンズ戸田（2025-26）,172,96,1996.09.22,29,明和県央高校,日本大学,明和県央高校 日本大学,A,5,https://league-one.jp/player/484788,,,,,,Yakult Levins Toda (2024 - 2026)
Ippei Oshima,大嶌 一平,SH,ヤクルトレビンズ戸田（2025-26）,175,80,1995.08.22,30,常翔学園高校,名城大学,常翔学園 名城大学,A,19,https://league-one.jp/player/484789,,,,,,Yakult Levins Toda (2024 - 2026) -> Mitsubishi Sagamihara Dynaboars (2021 - 2022)
Masaya Makino,牧野 真也,LO,ヤクルトレビンズ戸田（2025-26）,187,98,1996.01.07,30,清教学園高校,中央大学,清教学園高校 中央大学,A,10,https://league-one.jp/player/484790,,,,,,Yakult Levins Toda (2024 - 2026)
Shunsuke Tani,谷 峻輔,HO,ヤクルトレビンズ戸田（2025-26）,180,110,1994.12.02,31,大阪桐蔭高校,大阪体育大学,大阪桐蔭高校 大阪体育大学,A,14,https://league-one.jp/player/484791,,,,,,Yakult Levins Toda (2024 - 2026)
Koichi Endo,遠藤 孝一,PR,ヤクルトレビンズ戸田（2025-26）,182,114,1999.01.02,27,国学院栃木高校,明治大学,国学院栃木高校 明治大学,A,0,https://league-one.jp/player/484792,,,,,,Yakult Levins Toda (2024 - 2026)
Naoki Izutani,泉谷 尚輝,SO,ヤクルトレビンズ戸田（2025-26）,178,83,2001.11.22,24,東海大仰星高校,関西学院大学,東海大仰星高校 関西学院大学,A,0,https://league-one.jp/player/484793,,,,,,Yakult Levins Toda (2024 - 2026)
Shun Sawamura,沢村 舜,WTB,ヤクルトレビンズ戸田（2025-26）,172,82,1998.04.26,27,鶴来高校,日本体育大学,鶴来高校 日本体育大学,A,15,https://league-one.jp/player/484794,,,,,,Yakult Levins Toda (2024 - 2026)
Genki Tokushige,徳重 元気,PR,ヤクルトレビンズ戸田（2025-26）,182,120,1990.08.27,35,鹿児島実業高校,九州共立大学,鹿児島実業高校 九州共立大学,A,14,https://league-one.jp/player/484795,,,,,,Yakult Levins Toda (2024 - 2026)
Kenshin Takada,高,FB,ヤクルトレビンズ戸田（2025-26）,173,82,2001.06.29,24,浦和高校,筑波大学,浦和高校 筑波大学,A,0,https://league-one.jp/player/484805,,,,,,Yakult Levins Toda (2024 - 2026)
Daisuke Yokoyama,横山 大輔,No8,ヤクルトレビンズ戸田（2025-26）,184,100,1993.12.25,32,RangioraHighSchool,筑波大学,RangioraHighSchool 筑波大学,A,14,https://league-one.jp/player/484797,,,,,,Yakult Levins Toda (2024 - 2026) -> Red Hurricanes Osaka (2021 - 2022)
Kagechika Ota,太田 景親,WTB,ヤクルトレビンズ戸田（2025-26）,177,80,1999.12.25,26,長崎南山高校,中京大学,長崎南山高校 中京大学,A,14,https://league-one.jp/player/484798,,,,,,Yakult Levins Toda (2024 - 2026)
Yuto Usuda,臼田 湧人,LO,ヤクルトレビンズ戸田（2025-26）,182,100,1999.06.12,26,国学院久我山高校,明治大学,国学院久我山高校 明治大学,A,17,https://league-one.jp/player/484799,,,,,,Yakult Levins Toda (2024 - 2026)
Hiroto Oka,岡 大翔,LO,ヤクルトレビンズ戸田（2025-26）,190,110,2002.02.05,23,京都成章高校,帝京大学,京都成章高校 帝京大学,A,0,https://league-one.jp/player/484800,,,,,,Yakult Levins Toda (2024 - 2026)
Atomu Shirai,白井 吾士矛,CTB,ヤクルトレビンズ戸田（2025-26）,174,96,1995.11.01,30,桐蔭学園高校,中央大学,桐蔭学園高等学校 中央大学,A,15,https://league-one.jp/player/484801,,,,,,Yakult Levins Toda (2024 - 2026) -> Shizuoka Blue Revs (2022 - 2023)
Sota Saito,齋藤 聡汰,SO,ヤクルトレビンズ戸田（2025-26）,178,84,2000.12.15,25,御所実業高校,山梨学院大学,御所実業高校 山梨学院大学,A,0,https://league-one.jp/player/484802,,,,,,Yakult Levins Toda (2024 - 2026)
Gen Mori,守 源,LO,ヤクルトレビンズ戸田（2025-26）,184,100,2000.07.19,25,立教新座高校,立教大学,立教新座高校 立教大学,A,2,https://league-one.jp/player/484803,,,,,,Yakult Levins Toda (2024 - 2026)
Masatoshi Doi,土井 將聖,WTB,ヤクルトレビンズ戸田（2025-26）,173,80,1997.09.26,28,常翔啓光学園高校,立正大学,常翔啓光学園高校 立正大学,A,17,https://league-one.jp/player/484804,,,,,,Yakult Levins Toda (2024 - 2026)
Patrick McCurran,パトリック ・マクカラン,FL,ヤクルトレビンズ戸田（2025-26）,191,98,1998.06.05,27,ハミルトンボーイズ高高校,オタゴ大大学,ハミルトンボーイズ高 オタゴ大,B,0,https://league-one.jp/player/485478,,,,,,Yakult Levins Toda (2025 - 2026) -> Waikato Mooloos (2021 - 2025)
Kazuki Yasui,安居 一輝,HO,ルリーロ福岡（2025-26）,170,95,2000.03.14,25,上宮太子高校,近畿大学,上宮太子高校 近畿大学,A,0,https://league-one.jp/player/484911,,,,,,LeRIRO Fukuoka (2025 - 2026) -> Université du Queensland (2024 - 2025)
Shunya Kato,加藤 舜也,FL,ルリーロ福岡（2025-26）,164,85,1999.10.12,26,正平高校,東海大学,正平高校 東海大学,A,0,https://league-one.jp/player/484912,,,,,,LeRIRO Fukuoka (2025 - 2026) -> Christchurch Football Club (2024 - 2025)
Yusuke Aramaki,荒牧 佑輔,FB,ルリーロ福岡（2025-26）,178,83,1988.12.01,37,小倉高校,関東学院大学,小倉高校 関東学院大学,A,15,https://league-one.jp/player/484913,,,セブンズ日本(4),,,LeRIRO Fukuoka (2025 - 2026) -> Kyūshu Kyuden Voltex (2021 - 2025)
KENTARO OBATA,小畑 健太郎,SH,ルリーロ福岡（2025-26）,172,73,1996.12.03,29,伏見工業高校,帝京大学,伏見工業高校 帝京大学,A,14,https://league-one.jp/player/484914,,,,,,LeRIRO Fukuoka (2025 - 2026) -> Kobelco Kobe Steelers (2021 - 2025)
SITALEKITAUFA MAKISI,シタレキタウファ ・マキシ,CTB,ルリーロ福岡（2025-26）,187,104,1997.06.26,28,TongaCollegeAtele,花園大学,TongaCollegeAtele 花園大学,A,0,https://league-one.jp/player/484915,,,,,,Not Found
Shoon Kataoka,片岡 初音,WTB,ルリーロ福岡（2025-26）,178,82,1998.04.28,27,ブリスベンステイトハイスクール,,ブリスベンステイトハイスクール,A,0,https://league-one.jp/player/484916,,,,,,Not Found
KAITO SHIGE,重 海人,SH,ルリーロ福岡（2025-26）,165,63,1998.05.20,27,鹿児島工業高校,帝京大学,鹿児島工業高校 帝京大学,A,0,https://league-one.jp/player/484917,,,,,,LeRIRO Fukuoka (2025 - 2026)
SHO MORITA,盛田 生,SH,ルリーロ福岡（2025-26）,176,85,1999.09.08,26,朝明高校,天理大学,朝明高校 天理大学,A,0,https://league-one.jp/player/484918,,,,,,Not Found
MASAHIRO ERIGUCHI,江里口 真弘,LO,ルリーロ福岡（2025-26）,186,105,2000.05.05,25,大分東明高校,帝京大学,大分東明高校 帝京大学,A,21,https://league-one.jp/player/484919,,,,,,LeRIRO Fukuoka (2025 - 2026) -> Kyūshu Kyuden Voltex (2023 - 2025)
Haru Tomoda,友田 晴,HO,ルリーロ福岡（2025-26）,170,100,2001.05.25,24,常総学院高校,東北福祉大学,常総学院高校 東北福祉大学,A,0,https://league-one.jp/player/484920,,,,,,Not Found
YUUKI MITAMURA,三田村 裕城,SH,ルリーロ福岡（2025-26）,172,78,2001.06.05,24,石見智翠館高校,摂南大学,石見智翠館高校 摂南大学,A,0,https://league-one.jp/player/484921,,,,,,Not Found
Elijah Uitime,エライジャ ・ウィチメ,No8,ルリーロ福岡（2025-26）,185,117,2000.08.02,25,タワカレッジ,オークランド大学,タワカレッジ オークランド大学,B,0,https://league-one.jp/player/484922,,,,,,LeRIRO Fukuoka (2025 - 2026) -> Gpassioners (2024 - 2025)
DAISUKE FUJIKURA,藤倉 大介,PR,ルリーロ福岡（2025-26）,180,123,2001.05.20,24,國學院栃木高校,大東文化大学,國學院栃木高校 大東文化大学,A,2,https://league-one.jp/player/484923,,,,,,LeRIRO Fukuoka (2025 - 2026)
Fakataha Havili,ファカタハ ・ハビリ,CTB,ルリーロ福岡（2025-26）,178,94,2002.07.01,23,高知中高校,京都産業大学,高知中高校 京都産業大学,A,0,https://league-one.jp/player/484924,,,,,,Not Found
Yoshiteru Hino,日野 芳輝,FB,ルリーロ福岡（2025-26）,172,80,2003.03.17,22,御所実業高校,九州共立大学,御所実業高校 九州共立大学,A,0,https://league-one.jp/player/484925,,,,,,LeRIRO Fukuoka (2025 - 2026) -> Kyūshū Kyōritsu University (2024 - 2025)
Kennto Yamamoto,山本 健人,PR,ルリーロ福岡（2025-26）,178,104,2002.11.15,23,坂出第一高校,名古屋学院大学,坂出第一高校 名古屋学院大学,A,0,https://league-one.jp/player/484926,,,,,,Not Found
Rihito Katou,加藤 璃一,FL,ルリーロ福岡（2025-26）,172,88,2002.10.27,23,栄徳高校,名古屋学院大学,栄徳高校 名古屋学院大学,A,0,https://league-one.jp/player/484927,,,,,,Not Found
Koutarou Ohashi,大橋 興太郎,LO,ルリーロ福岡（2025-26）,190,100,2002.09.20,23,九州国際大学附属高校,日本体育大学,九州国際大学附属高等学校 日本体育大学,A,0,https://league-one.jp/player/484928,,,,,,Not Found
Daigo Uehata,上畑 大吾,FB,ルリーロ福岡（2025-26）,178,83,2003.03.20,22,鹿児島工業高校,福岡工業大学,鹿児島工業高校 福岡工業大学,A,0,https://league-one.jp/player/484929,,,,,,LeRIRO Fukuoka (2025 - 2026) -> Fukuoka Institute of Technology (2024 - 2025)
Tsubasa Arai,荒井 翼,PR,ルリーロ福岡（2025-26）,172,106,2003.01.17,22,平塚工科高校,白鴎大学,平塚工科高校 白鴎大学,A,0,https://league-one.jp/player/484930,,,,,,Saitama Wild Knights (2021 - 2026)
Chisonn Kinn,金 智成,FL,ルリーロ福岡（2025-26）,174,93,2003.02.22,22,大阪朝鮮高級学校,朝鮮大学校,大阪朝鮮高級学校 朝鮮大学校,A,2,https://league-one.jp/player/484931,,,,,,Not Found
Wataru Furuya,古谷 亘,PR,ルリーロ福岡（2025-26）,168,98,1995.12.30,30,佐野日大高校,日本大学,佐野日大高校 日本大学,A,7,https://league-one.jp/player/484932,,,,,,LeRIRO Fukuoka (2024 - 2026) -> Red Hurricanes Osaka (2022 - 2023)
KOYO MITSUNAGA,光長 浩悠,WTB,ルリーロ福岡（2025-26）,165,66,1999.12.25,26,上野丘高校,関西学院大学,上野丘高等学校 関西学院大学,A,0,https://league-one.jp/player/484933,,,,,,Not Found
SHUN TERAWAKI,寺脇 駿,PR,ルリーロ福岡（2025-26）,177,120,1998.03.26,27,日本航空石川高校,京都産業大学,日本航空石川高校 京都産業大学,A,25,https://league-one.jp/player/484934,,,,,,LeRIRO Fukuoka (2024 - 2026) -> Kamaishi Seawaves (2022 - 2023) -> Munakata Sanix Blues (2021 - 2022)
MASAKAZU YATSUMONJI,八文字 雅和,FB,ルリーロ福岡（2025-26）,180,88,1993.07.14,32,高鍋高校,流通経済大学,高鍋高校 流通経済大学,A,25,https://league-one.jp/player/484935,,,,,,LeRIRO Fukuoka (2024 - 2026) -> Munakata Sanix Blues (2021 - 2022)
HIBIKI NAKAZAWA,中澤 響,FB,ルリーロ福岡（2025-26）,171,83,1998.12.01,27,東京農業大学第二高校,流通経済大学,東京農業大学第二高校 流通経済大学,A,8,https://league-one.jp/player/484936,,,,,,LeRIRO Fukuoka (2024 - 2026)
YUUKI KOUNO,河野 友希,FB,ルリーロ福岡（2025-26）,177,85,1996.05.01,29,流通経済大柏高校,筑波大学,流経大柏 筑波大学,A,7,https://league-one.jp/player/484937,,,,,,Not Found
TATTO KATSUTA,勝田 龍登,FB,ルリーロ福岡（2025-26）,170,80,2002.02.19,23,RangitotoCollege,,RangitotoCollege,A,0,https://league-one.jp/player/484938,,,,,,Not Found
HARUTO MAKIYAMA,牧山 遥登,WTB,ルリーロ福岡（2025-26）,165,70,2005.06.29,20,石見智翠館高校,,石見智翠館高校,A,0,https://league-one.jp/player/484939,,,,,,Not Found
TSUYOSHI HASEGAWA,長谷川 毅,WTB,ルリーロ福岡（2025-26）,176,83,2000.09.05,25,筑紫丘高校,帝京大学,筑紫丘高校 帝京大学,A,3,https://league-one.jp/player/484940,,,,,,LeRIRO Fukuoka (2024 - 2026)
DAICHI NAGAYAMA,永山 大地,WTB,ルリーロ福岡（2025-26）,176,88,2000.10.15,25,流通経済大学付属柏高校,流通経済大学,流通経済大学付属柏高校 流通経済大学,A,3,https://league-one.jp/player/484941,,,,,,LeRIRO Fukuoka (2024 - 2026)
YOSHITSUMI SHIMORA,下良 好純,WTB,ルリーロ福岡（2025-26）,176,91,1993.11.12,32,東海大大阪仰星高校,京都産業大学,東海大仰星 京都産業大学,A,1,https://league-one.jp/player/484942,,,,,,LeRIRO Fukuoka (2024 - 2026)
RAFI KUROKAWA,黒川 ラフィ,WTB,ルリーロ福岡（2025-26）,178,79,1994.11.09,31,筑陽学園高校,専修大学,筑陽学園 専修大学,A,0,https://league-one.jp/player/484943,,,,,,Not Found
TAKUTO KAJIWARA,梶原 拓人,WTB,ルリーロ福岡（2025-26）,181,84,1998.12.18,27,北稜高校,関西外国語大学,京都府立北稜高等学校 関西外国語大学,A,0,https://league-one.jp/player/484944,,,,,,Not Found
SYUUTO INOUE,井上 柊人,WTB,ルリーロ福岡（2025-26）,173,80,1999.11.24,26,東海大学附属福岡高校,福岡工業大学,東海大学附属福岡高校 福岡工業大学,A,0,https://league-one.jp/player/484945,,,,,,Not Found
TAROU IDE,井手 太朗,WTB,ルリーロ福岡（2025-26）,172,77,2000.11.15,25,東福岡高校,福岡大学,東福岡 福岡大学,A,4,https://league-one.jp/player/484946,,,,,,LeRIRO Fukuoka (2024 - 2026)
DOGA MAEDA,前田 土芽,FB,ルリーロ福岡（2025-26）,179,90,1996.11.30,29,海星高校,筑波大学,海星高校 筑波大学,A,28,https://league-one.jp/player/484947,,,"U20,U23('16)、13 高校、日本代表(4)",,,LeRIRO Fukuoka (2024 - 2026) -> Green Rockets Tokatsu (2022 - 2024) -> Urayasu D-Rocks (2021 - 2022)
REI SHIBATA,柴田 玲,CTB,ルリーロ福岡（2025-26）,177,86,2005.04.10,20,東海大学付属熊本星翔高校,,東海大学付属熊本星翔高校,A,0,https://league-one.jp/player/484948,,,,,,Not Found
ISSEI SHIGE,重 一生,CTB,ルリーロ福岡（2025-26）,171,84,1994.12.05,31,常翔学園高校,帝京大学,常翔学園 帝京大学,A,19,https://league-one.jp/player/484949,,,U23('13),,,LeRIRO Fukuoka (2024 - 2026) -> Mie Honda Heat RFC (2023 - 2024)
RINTO KAGAWA,香川 凜人,CTB,ルリーロ福岡（2025-26）,175,85,1997.03.18,28,東海大仰星高校,関西学院大学,東海大仰星高校 関西学院大学,A,15,https://league-one.jp/player/484950,,,,,,LeRIRO Fukuoka (2024 - 2026) -> Munakata Sanix Blues (2021 - 2022)
SYOUTAROU MATSUO,松尾 将太郎,SO,ルリーロ福岡（2025-26）,170,82,1996.10.19,29,東福岡高校,明治大学,東福岡高校 明治大学,A,17,https://league-one.jp/player/484951,,,U20('16),,,Not Found
DAISUKE HIJII,肘井 大輔,SO,ルリーロ福岡（2025-26）,171,82,1998.02.23,27,九州国際大学附属高校,九州共立大学,九州国際大学附属高等学校 九州共立大学,A,0,https://league-one.jp/player/484952,,,,,,Not Found
KENTARO NAGATOMI,永富 健太郎,SO,ルリーロ福岡（2025-26）,183,83,1994.04.02,31,修猷館高校,同志社大学,修猷館高校 同志社大学,A,2,https://league-one.jp/player/484953,,,,,,LeRIRO Fukuoka (2024 - 2026) -> Yokohama Canon Eagles (2021 - 2022)
HISANORI MIMATA,三股 久典,SH,ルリーロ福岡（2025-26）,167,72,1995.09.07,30,佐賀工業高校,明治大学,佐賀工業高等学校 明治大学,A,23,https://league-one.jp/player/484954,,,,,,LeRIRO Fukuoka (2024 - 2026) -> Munakata Sanix Blues (2021 - 2022)
TAIGA MIHARA,三原 大河,SH,ルリーロ福岡（2025-26）,168,68,2001.09.25,24,東福岡高校,立正大学,東福岡高校 立正大学,A,0,https://league-one.jp/player/484955,,,,,,Not Found
MASAFUMI TANABE,田辺 雅文,SH,ルリーロ福岡（2025-26）,171,80,1994.05.02,31,長崎北陽台高校,専修大学,長崎北陽台高等学校 専修大学,A,8,https://league-one.jp/player/484956,,,,,,LeRIRO Fukuoka (2024 - 2026)
FUMIYA SAITO,齋藤 史哉,SH,ルリーロ福岡（2025-26）,168,73,2001.08.26,24,佐賀工業高校,日本大学,佐賀工業高校 日本大学,A,0,https://league-one.jp/player/484957,,,,,,Not Found
MASAHITO TONOMOTO,殿元 政仁,FL,ルリーロ福岡（2025-26）,179,94,1996.09.02,29,東福岡高校,専修大学,東福岡高校 専修大学,A,10,https://league-one.jp/player/484958,,,,,,LeRIRO Fukuoka (2024 - 2026) -> Munakata Sanix Blues (2021 - 2022)
RYOUSEI KOHARA,小原 稜生,FL,ルリーロ福岡（2025-26）,180,95,1993.10.05,32,京都成章高校,立命館大学,京都成章 立命館大学,A,16,https://league-one.jp/player/484959,,,,,,Not Found
DAISHIROU INOUE,井上 大志郎,FL,ルリーロ福岡（2025-26）,170,87,2001.09.27,24,浮羽究真館高校,福岡大学,浮羽究真館高校 福岡大学,A,7,https://league-one.jp/player/484960,,,,,,LeRIRO Fukuoka (2024 - 2026)
IOSEFATU MAREKO,イオセファツ ・マレコ,PR,ルリーロ福岡（2025-26）,189,115,1998.04.30,27,LeulumoegaFoucollege,日本大学,LeulumoegaFoucollege 日本大学,A,9,https://league-one.jp/player/484961,,,,,,LeRIRO Fukuoka (2024 - 2026)
KEITA TERADA,寺田 桂太,LO,ルリーロ福岡（2025-26）,198,113,1995.02.01,30,伏見工業高校,帝京大学,伏見工業高校 帝京大学,A,17,https://league-one.jp/player/484962,,,,,,LeRIRO Fukuoka (2024 - 2026)
SYUUTA TAKAMI,高見 修太,LO,ルリーロ福岡（2025-26）,180,95,2000.08.16,25,栄徳高校,中部大学,栄徳高校 中部大学,A,7,https://league-one.jp/player/484963,,,,,,LeRIRO Fukuoka (2024 - 2026)
TATSUYA KUZUMI,葛見 達哉,LO,ルリーロ福岡（2025-26）,192,110,1997.12.17,28,千葉経済大学附属高校,東洋大学,千葉経済大学附属高等学校 東洋大学,A,0,https://league-one.jp/player/484964,,,,,,Not Found
KENNTA UEDA,上田 健太,LO,ルリーロ福岡（2025-26）,183,98,2001.12.28,24,北越高校,流通経済大学,北越高校 流通経済大学,A,12,https://league-one.jp/player/484965,,,,,,Not Found
TAIYOU MINAMI,南 太陽,HO,ルリーロ福岡（2025-26）,173,95,2000.08.06,25,大阪産業大学附属高校,流通経済大学,大阪産業大学附属高等学校 流通経済大学,A,16,https://league-one.jp/player/484966,,,,,,LeRIRO Fukuoka (2024 - 2026)
ATSURO NAKAMURA,中村 篤郎,HO,ルリーロ福岡（2025-26）,174,97,1994.04.11,31,熊本西高校,流通経済大学,熊本西高校 流通経済大学,A,9,https://league-one.jp/player/484967,,,,,,LeRIRO Fukuoka (2024 - 2026) -> Mitsubishi Sagamihara Dynaboars (2023 - 2024)
YOSHIAKI TAKEUCHI,竹内 嘉章,HO,ルリーロ福岡（2025-26）,170,100,1996.09.24,29,東福岡高校,近畿大学,東福岡高校 近畿大学,A,7,https://league-one.jp/player/484968,,,"U20,U23('16)",,,LeRIRO Fukuoka (2024 - 2026)
YUUKI UCHIYAMA,内山 友貴,HO,ルリーロ福岡（2025-26）,169,98,1996.09.07,29,石見智翠館高校,天理大学,石見智翠館高校 天理大学,A,0,https://league-one.jp/player/484969,,,,,,Not Found
RYUUJU MURATA,村田 龍寿,PR,ルリーロ福岡（2025-26）,175,105,2000.12.13,25,近畿大学附属高校,近畿大学,近畿大学附属高校 近畿大学,A,0,https://league-one.jp/player/484970,,,,,,Not Found
KANTA HASEGAWA,長谷川 寛太,PR,ルリーロ福岡（2025-26）,179,108,1996.04.23,29,長崎北陽台高校,帝京大学,長崎北陽台高校 帝京大学,A,5,https://league-one.jp/player/484971,,,,,,LeRIRO Fukuoka (2024 - 2026) -> Munakata Sanix Blues (2021 - 2022)
TOMOKI NOBETA,延田 朋樹,PR,ルリーロ福岡（2025-26）,170,100,1996.10.28,29,金光藤蔭高校,大阪産業大学,金光藤蔭高校 大阪産業大学,A,27,https://league-one.jp/player/484972,,,,,,LeRIRO Fukuoka (2024 - 2026) -> Kamaishi Seawaves (2021 - 2022)
RINTAROU NODA,野田 麟太郎,PR,ルリーロ福岡（2025-26）,172,110,2001.03.25,24,滋賀学園高校,金沢学院大学,滋賀学園高等学校 金沢学院大学,A,8,https://league-one.jp/player/484973,,,,,,LeRIRO Fukuoka (2024 - 2026)
YUSYO NARITA,成田 悠祥,PR,ルリーロ福岡（2025-26）,175,108,2001.10.03,24,報徳学園高校,拓殖大学,報徳学園高等学校 拓殖大学,A,0,https://league-one.jp/player/484974,,,,,,Not Found
AMANAKI LISALA,アマナキ ・リサラ,WTB,ルリーロ福岡（2025-26）,188,98,1999.08.17,26,TongaCollegeAtele,,TongaCollegeAtele,B,18,https://league-one.jp/player/485137,,,,,,LeRIRO Fukuoka (2024 - 2026) -> Red Hurricanes Osaka (2022 - 2023)
FINAU MAKAVAHA,フィナウ ・マカヴァハ,No8,ルリーロ福岡（2025-26）,187,115,1996.10.30,29,トンガカレッジ,花園大学,トンガカレッジ 花園大学,A,13,https://league-one.jp/player/485467,,,,,,LeRIRO Fukuoka (2024 - 2026)
Manase Havili,マナセ ・ハビリ,CTB,ルリーロ福岡（2025-26）,175,98,2001.04.07,24,高知中央高校,天理大学,高知中央高校 天理大学,A,0,https://league-one.jp/player/485709,,,,,,LeRIRO Fukuoka (2025 - 2026) -> Mie Honda Heat RFC (2024 - 2025)
Yasue Yoshimitsu,安江 祥光,HO,クボタスピアーズ船橋・東京ベイ（2025-26）,176,109,1984.08.25,41,帝京高校,帝京大学,帝京高校 帝京大学,A,46,https://league-one.jp/player/483732,,,日本代表(2),,,Kubota Spears Funabashi Tokyo-Bay (2025 - 2026) -> Mitsubishi Sagamihara Dynaboars (2021 - 2025)
Towa Kondo,近藤 翔耶,CTB,クボタスピアーズ船橋・東京ベイ（2025-26）,180,90,2002.09.01,23,東海大学付属大阪仰星高校,東海大学,東海大学付属大阪仰星高校 東海大学,A,0,https://league-one.jp/player/483733,,,,,,Kubota Spears Funabashi Tokyo-Bay (2025 - 2026) -> Tenri University (2024 - 2025)
Yuki Asai,浅井 勇暉,LO,クボタスピアーズ船橋・東京ベイ（2025-26）,187,107,2002.10.30,23,仙台高校,慶應義塾大学,仙台高校 慶應義塾大学,A,0,https://league-one.jp/player/483734,,,,,,Chugoku Red Regulions (2021 - 2026)
Yuma Uenobo,上ノ坊 悠馬,FL,クボタスピアーズ船橋・東京ベイ（2025-26）,183,100,2002.07.14,23,尼崎高校,天理大学,市立尼崎高校 天理大学,A,0,https://league-one.jp/player/483735,,,,,,Kubota Spears Funabashi Tokyo-Bay (2025 - 2026) -> Tenri University (2024 - 2025)
Shaun Stevenson,ショーン ・スティーブンソン,FB,クボタスピアーズ船橋・東京ベイ（2025-26）,190,92,1996.11.14,29,オークランドグラマースクール,,オークランドグラマースクール,C,9,https://league-one.jp/player/483736,,,NZ代表(1),,,Kubota Spears Funabashi Tokyo-Bay (2025 - 2026) -> Chiefs (2025 - 2025) -> Kubota Spears Funabashi Tokyo-Bay (2025 - 2025) -> Chiefs (2024 - 2024) -> Kubota Spears Funabashi Tokyo-Bay (2024 - 2024) -> North Harbour (2024 - 2024) -> Chiefs (2024 - 2024) -> North Harbour (2023 - 2023) -> Chiefs (2023 - 2023) -> North Harbour (2023 - 2023) -> Chiefs (2023 - 2023) -> North Harbour (2022 - 2022) -> Chiefs (2022 - 2022) -> North Harbour (2022 - 2022) -> Chiefs (2022 - 2022) -> North Harbour (2021 - 2021) -> Chiefs (2021 - 2021) -> North Harbour (2021 - 2021) -> Chiefs (2021 - 2021) -> North Harbour (2020 - 2020) -> Chiefs (2020 - 2020) -> North Harbour (2020 - 2020) -> Chiefs (2020 - 2020) -> North Harbour (2019 - 2019) -> Chiefs (2015 - 2019)
Akira Ieremia,アキラ ・イエレミア,LO,クボタスピアーズ船橋・東京ベイ（2025-26）,194,116,2001.11.14,24,SaintPatrick’sCollegeSilve,,SaintPatrick’sCollegeSilve,A,2,https://league-one.jp/player/483737,,,,,,Kubota Spears Funabashi Tokyo-Bay (2025 - 2026) -> Wellington Lions (2025 - 2025) -> Kubota Spears Funabashi Tokyo-Bay (2025 - 2025) -> Wellington Lions (2024 - 2024) -> Kubota Spears Funabashi Tokyo-Bay (2024 - 2024) -> Wellington Lions (2022 - 2024)
Ollie Stonham,オリー ・ストーンハム,FL,クボタスピアーズ船橋・東京ベイ（2025-26）,193,106,2001.02.16,24,FalstedSchool,,FalstedSchool,B,0,https://league-one.jp/player/483738,,,,,,Not Found
Bryn Hall,ブリン ・ホール,SH,クボタスピアーズ船橋・東京ベイ（2025-26）,183,93,1992.02.03,33,セントピーターズカレッジ,,セントピーターズカレッジ,B,45,https://league-one.jp/player/483739,,,,,,Kubota Spears Funabashi Tokyo-Bay (2024 - 2026) -> North Harbour (2024 - 2024) -> Shizuoka Blue Revs (2024 - 2024) -> North Harbour (2023 - 2023) -> Shizuoka Blue Revs (2022 - 2023) -> Crusaders (2021 - 2022) -> North Harbour (2021 - 2021) -> Crusaders (2021 - 2021) -> North Harbour (2020 - 2020) -> Crusaders (2020 - 2020) -> North Harbour (2020 - 2020) -> Crusaders (2020 - 2020) -> North Harbour (2019 - 2019) -> Crusaders (2016 - 2019) -> Blues (2013 - 2016)
Merwe Olivier,メルヴェ ・オリヴィエ,LO,クボタスピアーズ船橋・東京ベイ（2025-26）,194,108,2002.10.09,23,GreyCollegeHighSchool（グレイカレッジ高校）,,GreyCollegeHighSchool（グレイカレッジ高校）,B,18,https://league-one.jp/player/483740,,,,,,Kubota Spears Funabashi Tokyo-Bay (2024 - 2026) -> Bulls (2023 - 2024) -> Blue Bulls (2021 - 2023)
Jennings Tsuyoshi,ジニングス ツヨシ,WTB,クボタスピアーズ船橋・東京ベイ（2025-26）,176,86,2003.05.05,22,SwamiVivekanadaCallege,,SwamiVivekanadaCallege,A,0,https://league-one.jp/player/483741,,,,,,Kubota Spears Funabashi Tokyo-Bay (2024 - 2026)
Reo Matsushita,松下 怜央,UTB,クボタスピアーズ船橋・東京ベイ（2025-26）,183,93,2001.01.31,24,関東学院大学六浦高校,早稲田大学,関東学院大学六浦高校 早稲田大学,A,5,https://league-one.jp/player/483742,,,,,,Kubota Spears Funabashi Tokyo-Bay (2023 - 2026)
Kanji Futamura,二村 莞司,UTB,クボタスピアーズ船橋・東京ベイ（2025-26）,180,87,2001.01.14,24,京都成章高校,帝京大学,京都成章高校 帝京大学,A,3,https://league-one.jp/player/483743,,,高校('18)、U23('20),,,Kubota Spears Funabashi Tokyo-Bay (2023 - 2026)
Ougi Yanamoto,梁本 旺義,FL,クボタスピアーズ船橋・東京ベイ（2025-26）,180,95,2000.09.18,25,常翔学園高校,同志社大学,常翔学園 同志社大学,A,1,https://league-one.jp/player/483744,,,U23('20),,,Kubota Spears Funabashi Tokyo-Bay (2023 - 2026)
David Van Zeeland,デーヴィッド ・ヴァンジーランド,LO,クボタスピアーズ船橋・東京ベイ（2025-26）,196,116,2000.02.11,25,StLaurence'sCollege,拓殖大学,StLaurence'sCollege 拓殖大学,A,15,https://league-one.jp/player/483745,,,,,,Kubota Spears Funabashi Tokyo-Bay (2024 - 2026)
Toui Kai,甲斐 登生,PR,クボタスピアーズ船橋・東京ベイ（2025-26）,184,115,2000.12.08,25,石見智翠館高校,近畿大学,石見智翠館 近畿大学,A,0,https://league-one.jp/player/483746,,,高校('18),,,Kubota Spears Funabashi Tokyo-Bay (2023 - 2026)
Kazuki Kato,加藤 一希,PR,クボタスピアーズ船橋・東京ベイ（2025-26）,185,112,1994.12.07,31,中部大学春日丘高校,中部大学,中部大学春日丘高校 中部大学,A,21,https://league-one.jp/player/483747,,,,,,Kubota Spears Funabashi Tokyo-Bay (2024 - 2026) -> Wellington Lions (2024 - 2024) -> Kubota Spears Funabashi Tokyo-Bay (2024 - 2024) -> Wellington Lions (2023 - 2023) -> Kubota Spears Funabashi Tokyo-Bay (2022 - 2023) -> Munakata Sanix Blues (2017 - 2022)
Rikus Pretorius,リカス ・プレトリアス,CTB,クボタスピアーズ船橋・東京ベイ（2025-26）,193,104,1999.01.15,26,GreyCollege,,GreyCollege,B,45,https://league-one.jp/player/483748,,,,,,Kubota Spears Funabashi Tokyo-Bay (2022 - 2026) -> Stormers (2019 - 2022) -> Western Province (2018 - 2019)
Halatoa Vailea,ハラトア ・ヴァイレア,FB,クボタスピアーズ船橋・東京ベイ（2025-26）,185,104,1999.02.14,26,日本体育大学柏高校,日本体育大学,日本体育大学柏高校 日本体育大学,A,49,https://league-one.jp/player/483749,,,日本代表(2),,,Kubota Spears Funabashi Tokyo-Bay (2021 - 2026)
Haruto Kida,木田 晴斗,WTB,クボタスピアーズ船橋・東京ベイ（2025-26）,176,90,1999.04.09,26,関西大倉高校,立命館大学,関西大倉高校 立命館大学,A,40,https://league-one.jp/player/483750,,,"U20('19)、U23('19,'20)、日本代表(2)",,,Kubota Spears Funabashi Tokyo-Bay (2021 - 2026)
Atsushi Oshikawa,押川 敦治,SO,クボタスピアーズ船橋・東京ベイ（2025-26）,173,85,1999.05.22,26,京都成章高校,帝京大学,京都成章高校 帝京大学,A,22,https://league-one.jp/player/483751,,,高校('17),,,Kubota Spears Funabashi Tokyo-Bay (2022 - 2026)
Asipeli Moala,アシペリ ・モアラ,No8,クボタスピアーズ船橋・東京ベイ（2025-26）,186,114,1998.06.28,27,日本航空石川高校,天理大学,日本航空石川高校 天理大学,A,10,https://league-one.jp/player/483752,,,,,,Kubota Spears Funabashi Tokyo-Bay (2022 - 2026) -> Sunwolves (2020 - 2020) -> Tenri University (2020 - 2020) -> Sunwolves (2019 - 2019) -> Tenri University (2019 - 2019)
Rikuto Fukuda,福田 陸人,HO,クボタスピアーズ船橋・東京ベイ（2025-26）,174,96,1999.12.09,26,国学院大学栃木高校,明治大学,国学院大学栃木高校 明治大学,A,7,https://league-one.jp/player/483753,,,,,,Kubota Spears Funabashi Tokyo-Bay (2023 - 2026)
Yota Kamimori,紙森 陽太,PR,クボタスピアーズ船橋・東京ベイ（2025-26）,172,105,1999.04.26,26,大阪桐蔭高校,近畿大学,大阪桐蔭高校 近畿大学,A,48,https://league-one.jp/player/483754,,,"高校('17)、U20('19)、U23('19,'20)、日本代表(2)",,,Kubota Spears Funabashi Tokyo-Bay (2024 - 2026) -> Wellington Lions (2024 - 2024) -> Kubota Spears Funabashi Tokyo-Bay (2024 - 2024) -> Wellington Lions (2023 - 2023) -> Kubota Spears Funabashi Tokyo-Bay (2021 - 2023)
Opeti Helu,オペティ ・ヘル,PR,クボタスピアーズ船橋・東京ベイ（2025-26）,190,127,1998.07.22,27,ニューイントンカレッジ,,ニューイントンカレッジ,A,63,https://league-one.jp/player/483755,,,日本代表(2),,,Kubota Spears Funabashi Tokyo-Bay (2021 - 2026)
David Bulbring,デーヴィッド ・ブルブリング,LO,クボタスピアーズ船橋・東京ベイ（2025-26）,199,113,1989.09.12,36,AlexanderRoadHighSchool（アレクサンダーロード高校）,Universityofjohannesburg（ヨハ,AlexanderRoadHighSchool（アレクサンダーロード高校） Universityofjohannesburg（ヨハ,A,62,https://league-one.jp/player/483756,,,,,,Kubota Spears Funabashi Tokyo-Bay (2021 - 2026) -> Scarlets (2015 - 2019)
Masaya Tamaki,玉置 将也,LO,クボタスピアーズ船橋・東京ベイ（2025-26）,188,102,1998.12.22,27,熊野高校,日本体育大学,和歌山県立熊野高等学校 日本体育大学,A,6,https://league-one.jp/player/483757,,,,,,Kubota Spears Funabashi Tokyo-Bay (2022 - 2026)
Kenshi Yamamoto,山本 剣士,PR,クボタスピアーズ船橋・東京ベイ（2025-26）,186,115,1997.09.17,28,姫路工業高校,大阪体育大学,兵庫県立姫路工業高等学校 大阪体育大学,A,15,https://league-one.jp/player/483758,,,,,,Kubota Spears Funabashi Tokyo-Bay (2025 - 2026) -> Wellington Lions (2025 - 2025) -> Kubota Spears Funabashi Tokyo-Bay (2025 - 2025) -> Wellington Lions (2024 - 2024) -> Kubota Spears Funabashi Tokyo-Bay (2021 - 2024)
Gerhard van den Heever,ゲラード ・ファンデンヒーファー,FB,クボタスピアーズ船橋・東京ベイ（2025-26）,192,102,1989.04.13,36,AfrikaansBoys'HighSchool（アフリカ—ンスボーイズ高校）,UniversityofPretoria（プレトリ,AfrikaansBoys'HighSchool（アフリカ—ンスボーイズ高校） UniversityofPretoria（プレトリ,A,50,https://league-one.jp/player/483759,,,日本代表(5),,,Kubota Spears Funabashi Tokyo-Bay (2019 - 2026) -> Sunwolves (2017 - 2019) -> Munster Rugby (2013 - 2016)
Koga Nezuka,根塚 洸雅,WTB,クボタスピアーズ船橋・東京ベイ（2025-26）,173,82,1998.09.15,27,東海大学付属大阪仰星高校,法政大学,東海大学付属大阪仰星高等学校 法政大学,A,55,https://league-one.jp/player/483760,,,"U20('18)、U23('18,'19)、日本代表(3)",,,Kubota Spears Funabashi Tokyo-Bay (2021 - 2026)
Bernard Foley,バーナード ・フォーリー,SO,クボタスピアーズ船橋・東京ベイ（2025-26）,182,89,1989.09.08,36,RedfieldCollege,UniversityofSydney（シドニー大,RedfieldCollege UniversityofSydney（シドニー大,C,56,https://league-one.jp/player/483761,,,,,,Kubota Spears Funabashi Tokyo-Bay (2019 - 2026) -> New South Wales Waratahs (2013 - 2019)
Takeo Suenaga,末永 健雄,FL,クボタスピアーズ船橋・東京ベイ（2025-26）,178,98,1994.07.31,31,福岡高校,同志社大学,福岡県立福岡高等学校 同志社大学,A,70,https://league-one.jp/player/483762,,,高校('12),,,Kubota Spears Funabashi Tokyo-Bay (2021 - 2026)
PieterLappiesLabuschagne,ピーター ・ラピース・ラブスカフニ,FL,クボタスピアーズ船橋・東京ベイ（2025-26）,189,106,1989.01.11,36,GreyCollegeHighSchool（グレイカレッジ高校）,UniversityoftheFreeState（フリ,GreyCollegeHighSchool（グレイカレッジ高校） UniversityoftheFreeState（フリ,A,49,https://league-one.jp/player/483763,,,,,,Not Found
Hiroyuki Yamasaki,山崎 洋之,WTB,クボタスピアーズ船橋・東京ベイ（2025-26）,175,85,1998.03.08,27,筑紫高校,明治大学,福岡県立筑紫高等学校 明治大学,A,12,https://league-one.jp/player/483764,,,U23('18),,,Kubota Spears Funabashi Tokyo-Bay (2021 - 2026)
Ruan Botha,ルアン ・ボタ,LO,クボタスピアーズ船橋・東京ベイ（2025-26）,205,120,1992.01.10,33,JeuglandHighSchool（ジュグランド高校）,,JeuglandHighSchool（ジュグランド高校）,A,56,https://league-one.jp/player/483765,,,,,,Kubota Spears Funabashi Tokyo-Bay (2021 - 2026) -> London Irish (2019 - 2020) -> Sharks (2015 - 2019) -> Stormers (2013 - 2015)
Shunta Koga,古賀 駿汰,SH,クボタスピアーズ船橋・東京ベイ（2025-26）,180,85,1997.03.21,28,東福岡高校,青山学院大学,東福岡高等学校 青山学院大学,A,11,https://league-one.jp/player/483766,,,,,,Kubota Spears Funabashi Tokyo-Bay (2023 - 2026)
Faulua Makisi,マキシ ファウルア,FL,クボタスピアーズ船橋・東京ベイ（2025-26）,187,112,1997.01.20,28,日本航空高校石川,天理大学,日本航空高等学校石川 天理大学,A,64,https://league-one.jp/player/483767,,,,,,Not Found
Kota Kaishi,海士 広大,PR,クボタスピアーズ船橋・東京ベイ（2025-26）,172,102,1994.10.07,31,常翔学園高校,同志社大学,常翔学園高等学校 同志社大学,A,56,https://league-one.jp/player/483768,,,日本代表(1),,,Kubota Spears Funabashi Tokyo-Bay (2021 - 2026)
Satoshi Saita,才田 智,PR,クボタスピアーズ船橋・東京ベイ（2025-26）,180,113,1993.06.07,32,東福岡高校,同志社大学,東福岡高等学校 同志社大学,A,14,https://league-one.jp/player/483769,,,,,,Kubota Spears Funabashi Tokyo-Bay (2021 - 2026)
Ippei Okada,岡田 一平,SH,クボタスピアーズ船橋・東京ベイ（2025-26）,165,75,1994.02.16,31,常翔学園高校,早稲田大学,常翔学園高等学校 早稲田大学,A,1,https://league-one.jp/player/483770,,,U23('14),,,Kubota Spears Funabashi Tokyo-Bay (2022 - 2026)
Sione Teaupa,テアウパ シオネ,CTB,クボタスピアーズ船橋・東京ベイ（2025-26）,183,97,1992.07.09,33,TupoucollageHighSchool（トゥポウカレッジ高校）,流通経済大学,TupoucollageHighSchool（トゥポウカレッジ高校） 流通経済大学,A,48,https://league-one.jp/player/483771,,,,,,Kubota Spears Funabashi Tokyo-Bay (2019 - 2026) -> Sunwolves (2017 - 2019)
Finau Tupa,トゥパ フィナウ,FL,クボタスピアーズ船橋・東京ベイ（2025-26）,190,115,1989.09.23,36,LiahonaHighSchool（リアホナ高校）,,LiahonaHighSchool（リアホナ高校）,A,57,https://league-one.jp/player/483772,,,,,,Kubota Spears Funabashi Tokyo-Bay (2021 - 2026)
Yuhei Shimada,島田 悠平,WTB,クボタスピアーズ船橋・東京ベイ（2025-26）,183,87,1997.12.25,28,國學院大學久我山高校,筑波大学,國學院大學久我山高等学校 筑波大学,A,17,https://league-one.jp/player/483773,,,,,,Kubota Spears Funabashi Tokyo-Bay (2022 - 2026)
Katsuya Okuma,大熊 克哉,HO,クボタスピアーズ船橋・東京ベイ（2025-26）,170,95,1995.12.23,30,長崎南山高校,近畿大学,長崎南山高等学校 近畿大学,A,0,https://league-one.jp/player/483774,,,,,,Kubota Spears Funabashi Tokyo-Bay (2021 - 2026)
Harumichi Tatekawa,立川 理道,CTB,クボタスピアーズ船橋・東京ベイ（2025-26）,180,93,1989.12.02,36,天理高校,天理大学,天理高等学校 天理大学,A,63,https://league-one.jp/player/483775,,,"U20('07,'08)、日本代表(62)",,,Kubota Spears Funabashi Tokyo-Bay (2021 - 2026) -> Sunwolves (2015 - 2019)
Tomoki Kishioka,岸岡 智樹,SO,クボタスピアーズ船橋・東京ベイ（2025-26）,174,83,1997.09.22,28,東海大学付属仰星高校,早稲田大学,東海大学付属仰星高等学校 早稲田大学,A,21,https://league-one.jp/player/483776,,,"U20('17)、U23('17,'19)",,,Kubota Spears Funabashi Tokyo-Bay (2021 - 2026)
Kazuhiro Taniguchi,谷口 和洋,SH,クボタスピアーズ船橋・東京ベイ（2025-26）,164,73,1995.02.05,30,都島工業高校,天理大学,大阪市立都島工業高等学校 天理大学,A,34,https://league-one.jp/player/483777,,,,,,Kubota Spears Funabashi Tokyo-Bay (2021 - 2026)
Naoaki Horibe,堀部 直壮,LO,クボタスピアーズ船橋・東京ベイ（2025-26）,192,102,1997.04.17,28,筑紫高校,同志社大学,福岡県立筑紫高等学校 同志社大学,A,7,https://league-one.jp/player/483778,,,"U20('16,'17)、U23('17,'19)",,,Kubota Spears Funabashi Tokyo-Bay (2021 - 2026)
Yuki Aoki,青木 祐樹,LO,クボタスピアーズ船橋・東京ベイ（2025-26）,188,105,1992.02.23,33,東洋大学付属牛久高校,日本体育大学,東洋大学付属牛久高等学校 日本体育大学,A,30,https://league-one.jp/player/483779,,,,,,Kubota Spears Funabashi Tokyo-Bay (2021 - 2026)
Kengo Kitagawa,北川 賢吾,PR,クボタスピアーズ船橋・東京ベイ（2025-26）,178,106,1992.08.27,33,東福岡高校,同志社大学,東福岡高等学校 同志社大学,A,30,https://league-one.jp/player/483780,,,U20('11)、U23('13)、日本代表(3),,,Kubota Spears Funabashi Tokyo-Bay (2021 - 2026)
Genki Mizobuchi,溝渕 元気,SH,クボタスピアーズ船橋・東京ベイ（2025-26）,169,75,2001.12.28,24,大阪産業大学附属高校,関西大学,大阪産業大学附属高校 関西大学,A,0,https://league-one.jp/player/483781,,,,,,Kubota Spears Funabashi Tokyo-Bay (2024 - 2026)
Izi Sword,イジ— ・ソード,PR,クボタスピアーズ船橋・東京ベイ（2025-26）,190,120,2001.06.07,24,アングリカンチャーチグラマースクール,拓殖大学,アングリカンチャーチグラマースクール 拓殖大学,A,4,https://league-one.jp/player/483782,,,,,,Kubota Spears Funabashi Tokyo-Bay (2024 - 2026)
Kenkichi Yanagawa,梁川 賢吉,FL,クボタスピアーズ船橋・東京ベイ（2025-26）,188,100,2001.12.10,24,尾道高校,筑波大学,尾道高校 筑波大学,A,0,https://league-one.jp/player/483783,,,,,,Kubota Spears Funabashi Tokyo-Bay (2024 - 2026)
Yamada Hibiki,山田 響,UTB,クボタスピアーズ船橋・東京ベイ（2025-26）,174,82,2001.05.02,24,報徳学園高校,慶応義塾大学,報徳学園高校 慶応義塾大学,A,10,https://league-one.jp/player/483784,,,高校('18)、セブンズ日本(2),,,Kubota Spears Funabashi Tokyo-Bay (2025 - 2026) -> Wellington Lions (2025 - 2025) -> Kubota Spears Funabashi Tokyo-Bay (2025 - 2025) -> Wellington Lions (2024 - 2024) -> Kubota Spears Funabashi Tokyo-Bay (2024 - 2024)
Yuya Hirose,廣瀬 雄也,CTB,クボタスピアーズ船橋・東京ベイ（2025-26）,182,94,2001.04.07,24,東福岡高校,明治大学,東福岡高校 明治大学,A,16,https://league-one.jp/player/483785,,,XV('25)、日本代表(5),,,Kubota Spears Funabashi Tokyo-Bay (2023 - 2026)
Hayate Era,江良 颯,HO,クボタスピアーズ船橋・東京ベイ（2025-26）,172,106,2001.09.18,24,大阪桐蔭高校,帝京大学,大阪桐蔭高校 帝京大学,A,25,https://league-one.jp/player/483786,,,高校('18)、XV('25)、日本代表(6),,,Kubota Spears Funabashi Tokyo-Bay (2023 - 2026)
Shinobu Fujiwara,藤原 忍,SH,クボタスピアーズ船橋・東京ベイ（2025-26）,171,76,1999.02.08,26,日本航空高校石川,天理大学,日本航空高等学校石川 天理大学,A,72,https://league-one.jp/player/485500,,,"U20('18)、U23('18,'19,'20)、日本代表(19)",,,Kubota Spears Funabashi Tokyo-Bay (2020 - 2026)
Tyler Paul,タイラー ・ポール,LO,クボタスピアーズ船橋・東京ベイ（2025-26）,195,111,1995.01.20,30,セント・アンドリューズ,ネルソン・マンデラ大学,セント・アンドリューズ高校 ネルソン・マンデラ大学,A,53,https://league-one.jp/player/485518,,,日本代表(4),,,Kubota Spears Funabashi Tokyo-Bay (2024 - 2026) -> Urayasu D-Rocks (2022 - 2024) -> Red Hurricanes Osaka (2020 - 2022) -> Sharks (2017 - 2020) -> Southern Kings (2016 - 2017)
Keijiro Tamefusa,為房 慶次朗,PR,クボタスピアーズ船橋・東京ベイ（2025-26）,180,108,2001.09.03,24,常翔学園高校,明治大学,常翔学園高校 明治大学,A,26,https://league-one.jp/player/486437,,,日本代表(20),,,Kubota Spears Funabashi Tokyo-Bay (2023 - 2026)
Malcolm Marx,マルコム ・マークス,HO,クボタスピアーズ船橋・東京ベイ（2025-26）,189,117,1994.07.13,31,キングエドワードVII,,キングエドワードVII高校,C,43,https://league-one.jp/player/486438,,,,,,Kubota Spears Funabashi Tokyo-Bay (2020 - 2026) -> Urayasu D-Rocks (2019 - 2020) -> Lions Rugby (2013 - 2019)
Harry Willard,ハリー ・ウィラード,FL,クボタスピアーズ船橋・東京ベイ（2025-26）,190,110,2003.11.08,22,ウッドハウス・グローブ・スクール,ダラム大学,ウッドハウス・グローブ・スクール ダラム大学,A,0,https://league-one.jp/player/488107,,,,,,Kubota Spears Funabashi Tokyo-Bay (2025 - 2026) -> Durham University RFC (2022 - 2025)
Semi Radradra,セミ ・ラドラドラ,CTB,静岡ブルーレヴズ（2025-26）,190,103,1992.06.13,33,ホーリークロスカレッジ,,ホーリークロスカレッジ,C,7,https://league-one.jp/player/484146,,,,,,Shizuoka Blue Revs (2025 - 2026) -> Lyon Olympique Universitaire Rugby (2023 - 2025) -> Bristol Bears (2020 - 2023) -> Union Bordeaux-Bègles (2020 - 2020) -> Bristol Bears (2019 - 2019) -> Union Bordeaux-Bègles (2018 - 2019) -> Rugby Club Toulonnais (2017 - 2018) -> Parramatta Eels (2015 - 2017)
Daniel Maiava,ダニエル ・マイアヴァ,LO,静岡ブルーレヴズ（2025-26）,194,116,2003.05.26,22,セントジョセフナッジーカレッジ,,セントジョセフナッジーカレッジ,B,0,https://league-one.jp/player/484147,,,,,,Shizuoka Blue Revs (2025 - 2026) -> Hunter Wildfires (2024 - 2025) -> Southland Stags (2024 - 2024) -> Melbourne Rebels (2024 - 2024) -> Southland Stags (2023 - 2023) -> Melbourne Rebels (2021 - 2023)
Keitatsu Motoyama,本山 佳龍,PR,静岡ブルーレヴズ（2025-26）,188,113,2006.12.26,19,長崎南山高校,,長崎南山高校,A,0,https://league-one.jp/player/484148,,,,,,Shizuoka Blue Revs (2025 - 2026) -> Nagasaki Nanzan High School (2024 - 2025)
SANELE NOHAMBA,サネレ ・ノハンバ,SH,静岡ブルーレヴズ（2025-26）,167,74,1999.01.19,26,DurbanHighSchool,,DurbanHighSchool,B,4,https://league-one.jp/player/484149,,,,,,Shizuoka Blue Revs (2025 - 2026) -> Lions Rugby (2025 - 2025) -> Shizuoka Blue Revs (2024 - 2024) -> Lions Rugby (2022 - 2024) -> Sharks (2018 - 2022)
Gen Goto,五島 源,CTB,静岡ブルーレヴズ（2025-26）,173,85,2003.03.28,22,尾道高校,帝京大学,尾道高校 帝京大学,A,0,https://league-one.jp/player/484150,,,,,,Shizuoka Blue Revs (2024 - 2026)
Makoto Tsutsuguchi,筒口 允之,SO,静岡ブルーレヴズ（2025-26）,171,81,2002.04.26,23,長崎南山高校,天理大学,長崎南山高校 天理大学,A,1,https://league-one.jp/player/484151,,,,,,Shizuoka Blue Revs (2025 - 2026) -> Tenri University (2024 - 2025)
Sena Hosoya,細矢 聖樹,SH,静岡ブルーレヴズ（2025-26）,162,63,2003.03.16,22,國學院栃木高校,早稲田大学,國學院栃木高校 早稲田大学,A,0,https://league-one.jp/player/484152,,,XV('25),,,Shizuoka Blue Revs (2024 - 2026)
Taisei Fukuda,福田 大晟,FL,静岡ブルーレヴズ（2025-26）,173,95,2002.10.29,23,中部大春日丘高校,明治大学,中部大春日丘高校 明治大学,A,0,https://league-one.jp/player/484153,,,,,,Shizuoka Blue Revs (2024 - 2026)
Takumi Inaba,稲場 巧,PR,静岡ブルーレヴズ（2025-26）,175,110,2002.07.24,23,近畿大学附属高校,近畿大学,近畿大学附属高校 近畿大学,A,5,https://league-one.jp/player/484154,,,,,,Shizuoka Blue Revs (2025 - 2026) -> Kindai University (2025 - 2025) -> Shizuoka Blue Revs (2024 - 2024) -> Kindai University (2023 - 2024)
Justin Sangster,ジャスティン ・サングスター,LO,静岡ブルーレヴズ（2025-26）,198,118,1996.11.30,29,アキナスカレッジ,,アキナスカレッジ高校,B,9,https://league-one.jp/player/484155,,,,,,Shizuoka Blue Revs (2024 - 2026) -> Bay of Plenty Steamers (2024 - 2024) -> Hurricanes (2024 - 2024) -> Bay of Plenty Steamers (2023 - 2023) -> Hurricanes (2023 - 2023) -> Bay of Plenty Steamers (2023 - 2023) -> Hurricanes (2023 - 2023) -> Bay of Plenty Steamers (2022 - 2022) -> Hurricanes (2022 - 2022) -> Bay of Plenty Steamers (2022 - 2022) -> Hurricanes (2022 - 2022) -> Bay of Plenty Steamers (2021 - 2021) -> Hurricanes (2021 - 2021) -> Bay of Plenty Steamers (2020 - 2021)
Valynce Te Whare,ヴァレンス ・テファレ,WTB,静岡ブルーレヴズ（2025-26）,182,110,2000.09.15,25,StPaul'sCollegiateSchoolinHamilton,,StPaul'sCollegiateSchoolinHamilton,B,22,https://league-one.jp/player/484156,,,,,,Not Found
Taiga Kato,加藤 大冴,SH,静岡ブルーレヴズ（2025-26）,170,73,2005.08.24,20,WestlakeBoysHighSchool,,WestlakeBoysHighSchool,A,0,https://league-one.jp/player/484157,,,,,,Shizuoka Blue Revs (2024 - 2026)
Jack Timu,ジャック ・ティム,WTB,静岡ブルーレヴズ（2025-26）,175,89,2004.04.14,21,JohnMcGlashanCollege,OtagoUniversity,JohnMcGlashanCollege OtagoUniversity,B,0,https://league-one.jp/player/484158,,,,,,Shizuoka Blue Revs (2024 - 2026)
Siale Mahina,シアレ ・マヒナ,PR,静岡ブルーレヴズ（2025-26）,175,110,2005.08.23,20,BrisbaneStateHighSchool,,BrisbaneStateHighSchool,A,0,https://league-one.jp/player/484159,,,,,,Shizuoka Blue Revs (2024 - 2026)
Eito Maki,槇 瑛人,WTB,静岡ブルーレヴズ（2025-26）,176,86,2000.10.18,25,國學院久我山高校,早稲田大学,國學院久我山高校 早稲田大学,A,15,https://league-one.jp/player/484160,,,高校('18),,,Shizuoka Blue Revs (2022 - 2026)
Shunsuke Ito,伊藤 峻祐,CTB,静岡ブルーレヴズ（2025-26）,178,90,2000.05.02,25,桐蔭学園高校,東海大学,桐蔭学園高校 東海大学,A,3,https://league-one.jp/player/484161,,,,,,Shizuoka Blue Revs (2023 - 2026)
Kenta Iemura,家村 健太,SO,静岡ブルーレヴズ（2025-26）,176,92,2001.02.08,24,流通経済大柏高校,京都産業大学,流通経済大柏高校 京都産業大学,A,33,https://league-one.jp/player/484162,,,,,,Shizuoka Blue Revs (2022 - 2026)
Lamin Dieng Saito,齋藤 良明慈縁,FL,静岡ブルーレヴズ（2025-26）,186,102,2000.07.26,25,目黒学院高校,東洋大学,目黒学院高校 東洋大学,A,0,https://league-one.jp/player/484163,,,,,,Shizuoka Blue Revs (2023 - 2026)
Ryuto Yagisawa,八木澤 龍翔,HO,静岡ブルーレヴズ（2025-26）,188,107,2000.11.12,25,流通経済大柏高校,筑波大学,流通経済大柏高校 筑波大学,A,1,https://league-one.jp/player/484164,,,,,,Shizuoka Blue Revs (2023 - 2026)
Futo Yamaguchi,山口 楓斗,FB,静岡ブルーレヴズ（2025-26）,167,73,2000.01.14,25,東海大福岡高校,同志社大学,東海大福岡高校 同志社大学,A,31,https://league-one.jp/player/484165,,,U23('20),,,Shizuoka Blue Revs (2022 - 2026)
Richmond Tongatama,リッチモンド ・トンガタマ,HO,静岡ブルーレヴズ（2025-26）,188,121,1996.07.06,29,オタフフカレッジ,帝京大学,オタフフカレッジ 帝京大学,A,42,https://league-one.jp/player/484166,,,,,,Shizuoka Blue Revs (2022 - 2026)
Richard Goh Jones,ジョーンズ リチャード剛,FL,静岡ブルーレヴズ（2025-26）,177,96,1999.05.04,26,伏見工業高校,東海大学,伏見工業高校 東海大学,A,30,https://league-one.jp/player/484167,,,,,,Shizuoka Blue Revs (2021 - 2026)
Takayoshi Mohara,茂原 隆由,PR,静岡ブルーレヴズ（2025-26）,187,118,2000.03.17,25,高崎工業高校,中央大学,高崎工業高校 中央大学,A,37,https://league-one.jp/player/484168,,,日本代表(6),,,Shizuoka Blue Revs (2022 - 2026)
Kakeru Okumura,奥村 翔,FB,静岡ブルーレヴズ（2025-26）,180,85,1998.06.10,27,伏見工業高校,帝京大学,伏見工業高校 帝京大学,A,38,https://league-one.jp/player/484169,,,,,,Shizuoka Blue Revs (2024 - 2026) -> Stade Toulousain (2024 - 2024) -> Shizuoka Blue Revs (2023 - 2023) -> Stade Toulousain (2023 - 2023) -> Shizuoka Blue Revs (2020 - 2023)
Malo Tuitama,マロ ・ツイタマ,WTB,静岡ブルーレヴズ（2025-26）,182,97,1996.03.23,29,スコッツ,,スコッツ高校,A,55,https://league-one.jp/player/484170,,,日本代表(9),,,Shizuoka Blue Revs (2019 - 2026) -> Wellington Lions (2015 - 2018)
Hironori Yatomi,矢富 洋則,WTB,静岡ブルーレヴズ（2025-26）,181,94,1995.11.09,30,仙台育英高校,帝京大学,仙台育英高校 帝京大学,A,15,https://league-one.jp/player/484171,,,セブンズ日本(3),,,Shizuoka Blue Revs (2021 - 2026)
Kodai Okazaki,岡崎 航大,SH,静岡ブルーレヴズ（2025-26）,171,75,1998.07.27,27,長崎北陽台高校,筑波大学,長崎北陽台高校 筑波大学,A,27,https://league-one.jp/player/484172,,,,,,Shizuoka Blue Revs (2023 - 2026)
Sam Greene,サム ・グリーン,SO,静岡ブルーレヴズ（2025-26）,178,85,1994.08.16,31,ブリスベングラマー,,ブリスベングラマー高校,A,45,https://league-one.jp/player/484173,,,日本代表(6),,,Shizuoka Blue Revs (2019 - 2026) -> Toyota Industries Shuttles Aichi (2016 - 2019) -> Queensland Reds (2014 - 2016)
Riki Sugihara,杉原 立樹,FL,静岡ブルーレヴズ（2025-26）,184,106,1997.11.09,28,尾道高校,関西学院大学,尾道高校 関西学院大学,A,12,https://league-one.jp/player/484174,,,U20('17),,,Shizuoka Blue Revs (2022 - 2026)
Ryosuke Funahashi,舟橋 諒将,No8,静岡ブルーレヴズ（2025-26）,186,102,1997.01.05,29,札幌山の手高校,明治大学,札幌山の手高校 明治大学,A,20,https://league-one.jp/player/484175,,,U23('16),,,Shizuoka Blue Revs (2023 - 2026) -> Bay of Plenty Steamers (2023 - 2023) -> Shizuoka Blue Revs (2022 - 2022) -> Bay of Plenty Steamers (2022 - 2022) -> Shizuoka Blue Revs (2021 - 2022)
Malgene Ilaua,マルジーン ・イラウア,No8,静岡ブルーレヴズ（2025-26）,187,109,1993.06.05,32,ケルストンボーイズ,帝京大学,ケルストンボーイズ高校 帝京大学,A,49,https://league-one.jp/player/484176,,,日本代表(7),,,Shizuoka Blue Revs (2021 - 2026) -> Sunwolves (2016 - 2017)
Kwagga Smith,クワッガ ・スミス,No8,静岡ブルーレヴズ（2025-26）,180,99,1993.06.11,32,HTSミッデルバーグ,,HTSミッデルバーグ高校,C,46,https://league-one.jp/player/484177,,,,,,Shizuoka Blue Revs (2019 - 2026) -> Lions Rugby (2014 - 2019)
Takuma Shoji,庄司 拓馬,FL,静岡ブルーレヴズ（2025-26）,181,102,1998.05.22,27,東海大仰星高校,立命館大学,東海大仰星高校 立命館大学,A,39,https://league-one.jp/player/484178,,,,,,Shizuoka Blue Revs (2021 - 2026)
Shumpei Miura,三浦 駿平,LO,静岡ブルーレヴズ（2025-26）,187,104,1997.04.30,28,秋田中央高校,早稲田大学,秋田中央高校 早稲田大学,A,5,https://league-one.jp/player/484179,,,,,,Shizuoka Blue Revs (2021 - 2026)
Eishin Kuwano,桑野 詠真,LO,静岡ブルーレヴズ（2025-26）,193,108,1994.10.11,31,筑紫高校,早稲田大学,筑紫高校 早稲田大学,A,50,https://league-one.jp/player/484180,,,高校('12)、U20('14)、日本代表(2),,,Shizuoka Blue Revs (2017 - 2026)
Yuya Odo,大戸 裕矢,LO,静岡ブルーレヴズ（2025-26）,187,100,1990.03.09,35,正智深谷高校,立命館大学,正智深谷高校 立命館大学,A,62,https://league-one.jp/player/484181,,,日本代表(5),,,Shizuoka Blue Revs (2019 - 2026) -> Sunwolves (2016 - 2019)
Murray Douglas,マリー ・ダグラス,LO,静岡ブルーレヴズ（2025-26）,198,116,1989.10.27,36,バルウィアリー,アバディーン大学,バルウィアリー高校 アバディーン大学,A,45,https://league-one.jp/player/484182,,,,,,Shizuoka Blue Revs (2021 - 2026) -> Brumbies (2020 - 2020) -> Edimbourg Rugby (2020 - 2020) -> Brumbies (2019 - 2019) -> Edimbourg Rugby (2019 - 2019) -> Brumbies (2018 - 2019) -> Hurricanes (2017 - 2018) -> Melbourne Rebels (2016 - 2017)
Toshiya Hirakawa,平川 隼也,HO,静岡ブルーレヴズ（2025-26）,165,93,1996.07.08,29,長崎北陽台高校,同志社大学,長崎北陽台高校 同志社大学,A,16,https://league-one.jp/player/484183,,,,,,Shizuoka Blue Revs (2021 - 2026)
Takeshi Hino,日野 剛志,HO,静岡ブルーレヴズ（2025-26）,172,95,1990.01.20,35,筑紫高校,同志社大学,筑紫高校 同志社大学,A,63,https://league-one.jp/player/484184,,,日本代表(5),,,Shizuoka Blue Revs (2020 - 2026) -> Stade Toulousain (2019 - 2020) -> Shizuoka Blue Revs (2017 - 2019) -> Sunwolves (2017 - 2017) -> Shizuoka Blue Revs (2017 - 2017) -> Sunwolves (2016 - 2016) -> Shizuoka Blue Revs (2012 - 2016)
Kenta Yamashita,山下 憲太,PR,静岡ブルーレヴズ（2025-26）,177,111,1999.02.04,26,長崎海星高校,法政大学,長崎海星高校 法政大学,A,24,https://league-one.jp/player/484185,,,,,,Shizuoka Blue Revs (2021 - 2026)
Kazuhiro Kawata,河田 和大,PR,静岡ブルーレヴズ（2025-26）,172,103,1996.05.23,29,深谷高校,拓殖大学,深谷高校 拓殖大学,A,47,https://league-one.jp/player/484186,,,,,,Shizuoka Blue Revs (2021 - 2026)
Bunkei Kaku,郭 玟慶,PR,静岡ブルーレヴズ（2025-26）,180,120,1998.04.01,27,長栄高校,摂南大学,長栄高校 摂南大学,A,22,https://league-one.jp/player/484187,,,,,,Shizuoka Blue Revs (2021 - 2026) -> Sunwolves (2019 - 2020) -> Setsunan University (2018 - 2019)
Heiichiro Ito,伊藤 平一郎,PR,静岡ブルーレヴズ（2025-26）,175,107,1990.10.05,35,大分舞鶴高校,早稲田大学,大分舞鶴高校 早稲田大学,A,48,https://league-one.jp/player/484188,,,日本代表(6),,,Shizuoka Blue Revs (2017 - 2026) -> Sunwolves (2016 - 2017)
Charles Piutau,チャールズ ・ピウタウ,CTB,静岡ブルーレヴズ（2025-26）,186,102,1991.10.31,34,ウェズレイカレッジ,,ウェズレイカレッジ,C,31,https://league-one.jp/player/484189,,,NZ代表(17),,,Shizuoka Blue Revs (2023 - 2026) -> Bristol Bears (2018 - 2023) -> Ulster Rugby (2016 - 2018) -> Wasps (2015 - 2016) -> Blues (2013 - 2015)
Jack Wright,ジャック ・ライト,LO,静岡ブルーレヴズ（2025-26）,202,117,1999.08.07,26,MackillopCatholicCollegeCanberra,,MackillopCatholicCollegeCanberra,B,16,https://league-one.jp/player/484190,,,,,,Shizuoka Blue Revs (2023 - 2026) -> Brumbies (2022 - 2023) -> Tuggeranong Vikings (2019 - 2022)
Sione Vuna,シオネ ・ブナ,No8,静岡ブルーレヴズ（2025-26）,192,121,1998.06.09,27,TongaCollege,花園大学,TongaCollege 花園大学,A,18,https://league-one.jp/player/484191,,,,,,Shizuoka Blue Revs (2023 - 2026) -> Hino Red Dolphins (2022 - 2023)
Sylvian Mahuza,シルビアン ・マフーザ,CTB,静岡ブルーレヴズ（2025-26）,179,88,1993.07.29,32,OuteniquaHighSchool,ノースウェスト大学,OuteniquaHighSchool ノースウェスト大学,A,25,https://league-one.jp/player/484192,,,,,,Shizuoka Blue Revs (2023 - 2026) -> Urayasu D-Rocks (2019 - 2023) -> Lions Rugby (2015 - 2019)
Shunsuke Sakuta,作田 駿介,HO,静岡ブルーレヴズ（2025-26）,175,108,2002.01.16,23,流通経済大学附属柏高校,流通経済大学,流通経済大学附属柏高校 流通経済大学,A,15,https://league-one.jp/player/484193,,,,,,Shizuoka Blue Revs (2023 - 2026)
Shuntaro Kitamura,北村 瞬太郎,SH,静岡ブルーレヴズ（2025-26）,168,77,2002.03.28,23,国学院栃木高校,立命館大学,国学院栃木高校 立命館大学,A,22,https://league-one.jp/player/484194,,,XV('25),,,Shizuoka Blue Revs (2024 - 2026)
Soma Okazaki,岡崎 颯馬,CTB,静岡ブルーレヴズ（2025-26）,177,89,2001.11.20,24,長崎北陽台高校,早稲田大学,長崎北陽台高校 早稲田大学,A,10,https://league-one.jp/player/484195,,,,,,Shizuoka Blue Revs (2024 - 2026)
Kaito Sugimoto,杉本 海斗,WTB,静岡ブルーレヴズ（2025-26）,172,77,2001.10.17,24,東京高校,東洋大学,東京高校 東洋大学,A,0,https://league-one.jp/player/484196,,,,,,Shizuoka Blue Revs (2024 - 2026)
Ritsuki Nakayama,中山 律希,PR,静岡ブルーレヴズ（2025-26）,169,105,2002.01.10,23,天理高校,明治大学,天理高校 明治大学,A,0,https://league-one.jp/player/484197,,,,,,Shizuoka Blue Revs (2024 - 2026)
Sean Vete,ショーン ・ヴェーテー,PR,静岡ブルーレヴズ（2025-26）,190,146,2000.07.03,25,WestlakeBoysHighSchool,IPU・環太平洋大学,WestlakeBoysHighSchool IPU・環太平洋大学,A,28,https://league-one.jp/player/484198,,,,,,Shizuoka Blue Revs (2023 - 2026)
Vueti Tupou,ヴェティ ・トゥポウ,FL,静岡ブルーレヴズ（2025-26）,190,128,2000.04.02,25,LeleanMemorialSchool,摂南大学,LeleanMemorialSchool 摂南大学,A,26,https://league-one.jp/player/484199,,,,,,Shizuoka Blue Revs (2023 - 2026)
Simon Miller,シモン ・ミラー,FL,静岡ブルーレヴズ（2025-26）,198,113,2001.05.05,24,St.AlbansCollege,,St.AlbansCollege,B,3,https://league-one.jp/player/485057,,,,,,Shizuoka Blue Revs (2024 - 2026) -> Sharks (2023 - 2024) -> Stormers (2022 - 2023) -> Western Province (2020 - 2022)
Tony Alofipo,トニー ・アロフィポ,CTB,日野レッドドルフィンズ（2025-26）,186,100,2002.09.11,23,Erindake,College,Erindake College,A,4,https://league-one.jp/player/484575,,,,,,Hino Red Dolphins (2025 - 2026) -> Tokyo Sungoliath (2022 - 2025)
Hinata Hori,堀 日向太,CTB,日野レッドドルフィンズ（2025-26）,174,80,2002.04.08,23,中部大学春日丘高校,筑波大学,中部大学春日丘高校 筑波大学,A,0,https://league-one.jp/player/484576,,,,,,Hino Red Dolphins (2025 - 2026) -> Tsukuba University (2024 - 2025)
Anpyon Kim,金 昂平,FB,日野レッドドルフィンズ（2025-26）,178,85,2002.08.16,23,大阪朝鮮高校,明治大学,大阪朝鮮 明治大学,A,2,https://league-one.jp/player/484577,,,,,,Not Found
Kanta Hattori,服部 莞太,SH,日野レッドドルフィンズ（2025-26）,170,72,2002.09.04,23,佐賀工業高校,関東学院大学,佐賀工業高校 関東学院大学,A,0,https://league-one.jp/player/484578,,,,,,Hino Red Dolphins (2025 - 2026) -> Kanto Gakuin University (2024 - 2025)
Hidetora Nasu,奈須 秀虎,LO,日野レッドドルフィンズ（2025-26）,186,106,2003.02.24,22,日向高校,福岡大学,日向高校 福岡大学,A,0,https://league-one.jp/player/484579,,,,,,Hino Red Dolphins (2024 - 2026)
Moeki Fukushi,福士 萌起,WTB,日野レッドドルフィンズ（2025-26）,184,90,1999.03.11,26,佐賀工業高校,関東学院大学,佐賀工業高校 関東学院大学,A,15,https://league-one.jp/player/484580,,,U20('19)、セブンズ日本(28),,,Hino Red Dolphins (2024 - 2026)
Kotaro Hatada,畑田 康太朗,SH,日野レッドドルフィンズ（2025-26）,167,69,2000.01.06,26,筑紫丘高校,鹿児島大学,筑紫丘高校 鹿児島大学,A,17,https://league-one.jp/player/484581,,,,,,Hino Red Dolphins (2023 - 2026)
Keita Doi,土肥 恵太,SO,日野レッドドルフィンズ（2025-26）,177,85,2000.06.05,25,秋田工業高校,明治大学,秋田工業高校 明治大学,A,15,https://league-one.jp/player/484582,,,,,,Hino Red Dolphins (2023 - 2026)
Towa Taniguchi,谷口 永遠,HO,日野レッドドルフィンズ（2025-26）,173,108,2001.02.22,24,関西大学北陽高校,天理大学,関西大学北陽高校 天理大学,A,26,https://league-one.jp/player/484583,,,U23('20),,,Hino Red Dolphins (2023 - 2026)
Ryuji Hirose,広瀬 龍二,CTB,日野レッドドルフィンズ（2025-26）,171,86,2000.04.09,25,日川高校,日本大学,日川高校 日本大学,A,0,https://league-one.jp/player/484584,,,,,,Hino Red Dolphins (2023 - 2026)
AJ Woulf,エイジェイ ・ウルフ,LO,日野レッドドルフィンズ（2025-26）,196,119,2001.09.03,24,Chancellor State College,,Chancellor State College,B,20,https://league-one.jp/player/484585,,,,,,Hino Red Dolphins (2023 - 2026)
Yuto Tokuda,徳田 悠人,PR,日野レッドドルフィンズ（2025-26）,176,107,1999.04.27,26,東海大相模高校,東海大学,東海大相模高校 東海大学,A,28,https://league-one.jp/player/484586,,,,,,Hino Red Dolphins (2022 - 2026)
Shosuke Funaki,船木 頌介,PR,日野レッドドルフィンズ（2025-26）,178,109,1996.09.14,29,秋田工業高校,明治大学,秋田工業高校 明治大学,A,28,https://league-one.jp/player/484587,,,,,,Hino Red Dolphins (2022 - 2026)
Shun Nakashika,中鹿 駿,FL,日野レッドドルフィンズ（2025-26）,181,107,1998.10.08,27,光泉カトリック高校,天理大学,光泉カトリック高校 天理大学,A,27,https://league-one.jp/player/484588,,,,,,Hino Red Dolphins (2022 - 2026)
Noah Tovio,ノア ・トビオ,FL,日野レッドドルフィンズ（2025-26）,184,120,1999.02.05,26,札幌山の手高校,東海大学,札幌山の手高校 東海大学,A,28,https://league-one.jp/player/484589,,,,,,Hino Red Dolphins (2022 - 2026)
Ko Kojima,小島 昂,WTB,日野レッドドルフィンズ（2025-26）,185,90,1998.04.29,27,明大中野高校,明治大学,明大中野高校 明治大学,A,19,https://league-one.jp/player/484590,,,,,,Hino Red Dolphins (2021 - 2026)
Kuniya Sonoki,園木 邦弥,FL,日野レッドドルフィンズ（2025-26）,175,96,1994.06.10,31,春日丘高校,帝京大学,春日丘高校 帝京大学,A,7,https://league-one.jp/player/484591,,,,,,Hino Red Dolphins (2021 - 2026)
Shun Tomonaga,朝長 駿,FL,日野レッドドルフィンズ（2025-26）,182,97,1997.02.14,28,長崎北陽台高校,明治大学,長崎北陽台高校 明治大学,A,21,https://league-one.jp/player/484592,,,セブンズ日本(12),,,Hino Red Dolphins (2023 - 2026)
Kyosuke Horie,堀江 恭佑,No8,日野レッドドルフィンズ（2025-26）,184,107,1990.07.11,35,東京高校,明治大学,東京高校 明治大学,A,32,https://league-one.jp/player/484593,,,U23('13)、セブンズ日本(2)、日本代表(3),,,Hino Red Dolphins (2019 - 2026) -> Shizuoka Blue Revs (2013 - 2019)
Junya Lee,李 淳也,FL,日野レッドドルフィンズ（2025-26）,175,90,1993.12.27,32,啓光学園高校,天理大学,啓光学園 天理大学,A,14,https://league-one.jp/player/484594,,,,,,Hino Red Dolphins (2021 - 2026)
Takehiro Nishimura,西村 雄大,FL,日野レッドドルフィンズ（2025-26）,184,104,1991.09.23,34,高鍋高校,明治大学,高鍋高校 明治大学,A,1,https://league-one.jp/player/484595,,,,,,Hino Red Dolphins (2022 - 2026)
Makoto Tsuchiya,土屋 眞,PR,日野レッドドルフィンズ（2025-26）,183,117,1990.02.23,35,東海大相模高校,東海大学,東海大相模高校 東海大学,A,11,https://league-one.jp/player/484596,,,,,,Hino Red Dolphins (2021 - 2026)
Ken Osanai,小山内 健,PR,日野レッドドルフィンズ（2025-26）,177,110,1996.09.22,29,昌平高校,東洋大学,昌平高校 東洋大学,A,3,https://league-one.jp/player/484597,,,,,,Hino Red Dolphins (2023 - 2026)
Yutaro Danno,檀野 友多郎,PR,日野レッドドルフィンズ（2025-26）,180,111,1998.08.04,27,光泉高校,専修大学,光泉高校 専修大学,A,10,https://league-one.jp/player/484598,,,,,,Hino Red Dolphins (2023 - 2026)
Sora Ouchi,大内 空,WTB,日野レッドドルフィンズ（2025-26）,177,88,1997.02.16,28,佐野日本大学高校,帝京大学,佐野日本大学高校 帝京大学,A,50,https://league-one.jp/player/484599,,,,,,Hino Red Dolphins (2023 - 2026) -> Skyactivs Hiroshima (2021 - 2023)
Yuki Kagoshima,篭島 優輝,SH,日野レッドドルフィンズ（2025-26）,166,70,1994.01.15,31,東京高校,東洋大学,東京高校 東洋大学,A,18,https://league-one.jp/player/484600,,,,,,Hino Red Dolphins (2023 - 2026) -> Shizuoka Blue Revs (2021 - 2022)
Kyoji Takano,高野 恭二,FB,日野レッドドルフィンズ（2025-26）,174,83,1996.10.25,29,東福岡高校,青山学院大学,東福岡高校 青山学院大学,A,27,https://league-one.jp/player/484601,,,,,,Hino Red Dolphins (2023 - 2026) -> Munakata Sanix Blues (2021 - 2022)
Suguru Tanaka,田中 秀,SO,日野レッドドルフィンズ（2025-26）,175,83,1998.11.22,27,浦和高校,GriffithUniversity,埼玉県立浦和高校 GriffithUniversity,A,0,https://league-one.jp/player/484603,,,,,,Hino Red Dolphins (2023 - 2026)
Yujiro Yano,矢野 裕二郎,LO,日野レッドドルフィンズ（2025-26）,192,109,2001.07.07,24,関東学院六浦高校,関東学院大学,関東学院六浦高校 関東学院大学,A,2,https://league-one.jp/player/484604,,,,,,Hino Red Dolphins (2024 - 2026)
Jyunki Tokota,床田 淳貴,PR,日野レッドドルフィンズ（2025-26）,178,102,2001.12.13,24,桐蔭学園高校,明治大学,桐蔭学園 明治大学,A,5,https://league-one.jp/player/484605,,,,,,Not Found
Kazuma Yoshimura,吉村 一将,PR,日野レッドドルフィンズ（2025-26）,176,113,2001.08.01,24,流通経済大学柏高校,流通経済大学,流通経済大学柏高校 流通経済大学,A,3,https://league-one.jp/player/484606,,,,,,Hino Red Dolphins (2024 - 2026)
Kiichi Takagi,高城 喜一,No8,日野レッドドルフィンズ（2025-26）,188,104,2001.12.09,24,金光桐蔭高校,法政大学,金光桐蔭高校 法政大学,A,0,https://league-one.jp/player/484607,,,,,,Hino Red Dolphins (2024 - 2026)
Takumi Ishimoto,石本 拓巳,FB,日野レッドドルフィンズ（2025-26）,179,82,2001.05.08,24,日本体育大学荏原高校,東洋大学,日本体育大学荏原高校 東洋大学,A,5,https://league-one.jp/player/484608,,,,,,Hino Red Dolphins (2024 - 2026)
Sora Torigoe,鳥越 空,PR,日野レッドドルフィンズ（2025-26）,176,103,2001.12.27,24,香椎工業高校,福岡大学,香椎工業高校 福岡大学,A,0,https://league-one.jp/player/484609,,,,,,Hino Red Dolphins (2024 - 2026)
Wynand Grassmann,ワイナンド ・グラスマン,LO,日野レッドドルフィンズ（2025-26）,196,115,1995.01.19,30,Madibaz,,Madibaz,B,1,https://league-one.jp/player/485371,,,,,,Hino Red Dolphins (2025 - 2026) -> Tokyo Gas Rugby Club (2024 - 2025) -> Houston Sabercats (2021 - 2023)
Timma Fainga anuku,ティマ ・ファインガヌク,PR,日野レッドドルフィンズ（2025-26）,180,130,2001.12.27,24,Toowoomba grammar school,,Toowoomba grammar school,B,1,https://league-one.jp/player/485372,,,,,,Hino Red Dolphins (2025 - 2026) -> West Brisbane Bulldogs (2024 - 2025)
Junpei Noguchi,野口 順平,SO,日野レッドドルフィンズ（2025-26）,166,75,2002.04.14,23,東京高校,帝京大学,東京高校 帝京大学,A,1,https://league-one.jp/player/485373,,,,,,Hino Red Dolphins (2024 - 2026)
Arito Takahashi,高橋 在人,FL,日野レッドドルフィンズ（2025-26）,184,104,1997.01.09,28,大阪桐蔭高校,大阪体育大学,大阪桐蔭高校 大阪体育大学,A,6,https://league-one.jp/player/485374,,,,,,Hino Red Dolphins (2024 - 2026)
Josh Fenner,ジョシュ ・フェナー,No8,日野レッドドルフィンズ（2025-26）,197,112,1999.01.09,26,Brisbane,State,Brisbane State High,B,33,https://league-one.jp/player/485375,,,,,,Hino Red Dolphins (2024 - 2026) -> Red Hurricanes Osaka (2022 - 2024) -> Hartpury RFC (2021 - 2022) -> Wasps (2018 - 2020) -> Melbourne Rising (2017 - 2018)
Murray Koster,マリー ・コスター,CTB,日野レッドドルフィンズ（2025-26）,189,99,1999.02.21,26,ST,Andrews,ST Andrews College,B,9,https://league-one.jp/player/485376,,,,,,Hino Red Dolphins (2024 - 2026) -> Sharks (2019 - 2024)
Simon Hickey,サイモン ・ヒッキー,SO,日野レッドドルフィンズ（2025-26）,175,81,1994.01.12,31,Kings,College,Kings College Massey University,B,21,https://league-one.jp/player/485377,,,,,,Hino Red Dolphins (2022 - 2026) -> Auckland (2022 - 2022) -> Crusaders (2022 - 2022) -> Auckland (2021 - 2021) -> Crusaders (2021 - 2021) -> Hurricanes (2020 - 2021) -> Auckland (2020 - 2020) -> Edimbourg Rugby (2020 - 2020) -> Auckland (2019 - 2019) -> Edimbourg Rugby (2018 - 2019) -> Union Bordeaux-Bègles (2015 - 2018) -> Blues (2013 - 2015)
Shoei Ijima,井島 彰英,FL,日野レッドドルフィンズ（2025-26）,180,100,2000.10.29,25,熊本西高校,東海大学,熊本西高等学校 東海大学,A,19,https://league-one.jp/player/485378,,,,,,Hino Red Dolphins (2023 - 2026)
Shogo Tokota,床田 聖悟,CTB,日野レッドドルフィンズ（2025-26）,182,94,1997.09.27,28,桐蔭学園高校,立教大学,桐蔭学園高校 立教大学,A,12,https://league-one.jp/player/485379,,,セブンズ日本(1),,,Hino Red Dolphins (2021 - 2026)
Taroma Togo,東郷 太朗丸,CTB,日野レッドドルフィンズ（2025-26）,174,88,1994.08.13,31,常総学院高校,流通経済大学,常総学院高校 流通経済大学,A,33,https://league-one.jp/player/485387,,,,,,Hino Red Dolphins (2021 - 2026)
Daiki Nakagawa,中川 大毅,HO,日野レッドドルフィンズ（2025-26）,174,103,1994.11.07,31,京都外大西高校,朝日大学,京都外大西高校 朝日大学,A,3,https://league-one.jp/player/485388,,,,,,Hino Red Dolphins (2023 - 2026)
Kousei Tamaki,玉木 皓盛,HO,日野レッドドルフィンズ（2025-26）,177,100,2001.06.04,24,東福岡高校,東海大学,東福岡高校 東海大学,A,13,https://league-one.jp/player/485389,,,,,,Hino Red Dolphins (2023 - 2026)
Norihiro Aso,麻生 典宏,PR,日野レッドドルフィンズ（2025-26）,174,107,2000.01.26,25,桐蔭学園高校,立教大学,桐蔭学園高校 立教大学,A,0,https://league-one.jp/player/485499,,,,,,Hino Red Dolphins (2025 - 2026) -> BlackRams Tokyo (2023 - 2025)
Joichiro Iwashita,岩下 丈一郎,CTB,日野レッドドルフィンズ（2025-26）,174,86,1996.11.17,29,九州学院高校,関東学院大学,九州学院高校 関東学院大学,A,13,https://league-one.jp/player/485913,,,,,,Hino Red Dolphins (2025 - 2026) -> Mitsubishi Sagamihara Dynaboars (2023 - 2025) -> Munakata Sanix Blues (2021 - 2022)
Sapoi Viliami,サポイ ・ビリアミ,FL,レッドハリケーンズ大阪（2025-26）,182,103,2002.02.06,23,開志国際高校,摂南大学,開志国際 摂南,A,0,https://league-one.jp/player/484975,,,,,,Red Hurricanes Osaka (2025 - 2026) -> Setsunan University (2024 - 2025)
Lotu Inisi,ロトゥ ・イニシ,No8,レッドハリケーンズ大阪（2025-26）,186,110,1999.03.26,26,WestlakeboysHighschool,,WestlakeboysHighschool,C,0,https://league-one.jp/player/484976,,,,,,Red Hurricanes Osaka (2025 - 2026) -> Moana Pasifika (2024 - 2025) -> North Harbour (2024 - 2024) -> Moana Pasifika (2024 - 2024) -> North Harbour (2023 - 2023) -> Moana Pasifika (2023 - 2023) -> North Harbour (2023 - 2023) -> Moana Pasifika (2023 - 2023) -> North Harbour (2022 - 2022) -> Moana Pasifika (2022 - 2022) -> North Harbour (2022 - 2022) -> Moana Pasifika (2022 - 2022) -> North Harbour (2021 - 2021) -> Moana Pasifika (2021 - 2021) -> North Harbour (2018 - 2021)
Ayuki Yamada,山田 歩季,CTB,レッドハリケーンズ大阪（2025-26）,174,89,2002.07.17,23,京都成章高校,明治大学,京都成章高等学校 明治大学,A,1,https://league-one.jp/player/484977,,,,,,Red Hurricanes Osaka (2024 - 2026)
Yoshiki Yamazaki,山サキ,FL,レッドハリケーンズ大阪（2025-26）,182,103,2003.02.17,22,国学院栃木高校,中央大学,国学院栃木高等学校 中央大学,A,0,https://league-one.jp/player/484978,,,,,,Red Hurricanes Osaka (2025 - 2026) -> Chuo University (2024 - 2025)
Yura Chinen,知念 優来,HO,レッドハリケーンズ大阪（2025-26）,171,98,2002.12.27,23,常翔学園高校,帝京大学,常翔学園高等学校 帝京大学,A,4,https://league-one.jp/player/484979,,,,,,Red Hurricanes Osaka (2025 - 2026) -> Teikyo University (2025 - 2025) -> Red Hurricanes Osaka (2024 - 2024) -> Teikyo University (2023 - 2024)
Kanta Kurahashi,倉橋 歓太,No8,レッドハリケーンズ大阪（2025-26）,181,103,2002.06.04,23,東海大学大阪仰星高校,帝京大学,東海大学大阪仰星高等学校 帝京大学,A,7,https://league-one.jp/player/484980,,,,,,Red Hurricanes Osaka (2025 - 2026) -> Teikyo University (2025 - 2025) -> Red Hurricanes Osaka (2024 - 2024) -> Teikyo University (2023 - 2024)
Yuta Kawamura,川村 祐太,CTB,レッドハリケーンズ大阪（2025-26）,183,96,2003.02.22,22,関西学院高等部,関西学院大学,関西学院高等部 関西学院大学,A,2,https://league-one.jp/player/484981,,,,,,Red Hurricanes Osaka (2025 - 2026) -> Kwansei Gakuin University (2025 - 2025) -> Red Hurricanes Osaka (2024 - 2024) -> Kwansei Gakuin University (2023 - 2024)
Ryusei Kaneko,金子 琉聖,LO,レッドハリケーンズ大阪（2025-26）,193,106,2002.05.31,23,佐賀工業高校,明治大学,佐賀工業高等学校 明治大学,A,0,https://league-one.jp/player/484982,,,,,,Red Hurricanes Osaka (2025 - 2026) -> Meiji University (2024 - 2025)
Shunsuke Abe,安部 駿亮,PR,レッドハリケーンズ大阪（2025-26）,177,115,2002.04.30,23,大分舞鶴高校,青山学院大学,大分舞鶴高等学校 青山学院大学,A,1,https://league-one.jp/player/484983,,,,,,Red Hurricanes Osaka (2025 - 2026) -> Aoyama Gakuin University (2024 - 2025)
Kenta Komura,小村 健太,FB,レッドハリケーンズ大阪（2025-26）,177,81,1999.12.20,26,ハミルトンボーイズ,帝京大学,ハミルトンボーイズ高校 帝京大学,A,17,https://league-one.jp/player/484984,,,,,,Red Hurricanes Osaka (2022 - 2026)
Henry Taefu,ヘンリー ・タエフ,CTB,レッドハリケーンズ大阪（2025-26）,183,100,1993.04.02,32,Otago polytechnic,,Otago polytechnic,C,15,https://league-one.jp/player/484985,,,,,,Red Hurricanes Osaka (2024 - 2026) -> Moana Pasifika (2023 - 2024) -> North Harbour (2023 - 2023) -> Moana Pasifika (2023 - 2023) -> North Harbour (2022 - 2022) -> Moana Pasifika (2022 - 2022) -> North Harbour (2022 - 2022) -> Moana Pasifika (2022 - 2022) -> North Harbour (2021 - 2021) -> Moana Pasifika (2021 - 2021) -> North Harbour (2021 - 2021) -> Western Force (2021 - 2021) -> North Harbour (2020 - 2020) -> Western Force (2018 - 2020) -> US Colomiers (2018 - 2018) -> Western Force (2017 - 2017) -> US Colomiers (2017 - 2017) -> Brisbane City (2016 - 2017) -> Queensland Reds (2015 - 2016)
Elliott Stooke,エリオット ・ストーク,LO,レッドハリケーンズ大阪（2025-26）,198,120,1993.09.10,32,Hartpurycollege,,Hartpurycollege,C,13,https://league-one.jp/player/484986,,,,,,Not Found
Yuma Fujino,藤野 佑磨,PR,レッドハリケーンズ大阪（2025-26）,181,115,1995.07.29,30,報徳学園高校,立命館大学,報徳学園 立命館大学,A,29,https://league-one.jp/player/484987,,,"U20,U23('15)",,,Red Hurricanes Osaka (2024 - 2026) -> Toshiba Brave Lupus Tokyo (2021 - 2024)
Takuma Yasui,安井 拓馬,WTB,レッドハリケーンズ大阪（2025-26）,177,80,2000.10.26,25,東海大学付属大阪仰星高校,立命館大学,東海大学付属大阪仰星 立命館,A,0,https://league-one.jp/player/484988,,,,,,Red Hurricanes Osaka (2023 - 2026)
Fumiya Dobashi,土橋 郁矢,SO,レッドハリケーンズ大阪（2025-26）,181,85,2001.02.13,24,黒沢尻工業高校,東洋大学,黒沢尻工業 東洋大学,A,19,https://league-one.jp/player/484989,,,セブンズ日本(2),,,Red Hurricanes Osaka (2023 - 2026)
Shota Takai,高井 翔太,PR,レッドハリケーンズ大阪（2025-26）,171,105,2000.05.24,25,常翔学園高校,帝京大学,常翔学園 帝京,A,16,https://league-one.jp/player/484990,,,,,,Red Hurricanes Osaka (2022 - 2026)
Kaito Isono,五十野 海大,LO,レッドハリケーンズ大阪（2025-26）,182,107,2001.03.13,24,八幡工業高校,大阪体育大学,八幡工業 大阪体育,A,11,https://league-one.jp/player/484991,,,,,,Red Hurricanes Osaka (2022 - 2026)
Ryongtee Oh,呉 嶺太,SO,レッドハリケーンズ大阪（2025-26）,170,82,1998.09.27,27,大阪朝鮮高校,関西学院大学,大阪朝鮮 関西学院,A,14,https://league-one.jp/player/484992,,,,,,Red Hurricanes Osaka (2022 - 2026)
Hiroki Hanada,花田 広樹,FL,レッドハリケーンズ大阪（2025-26）,185,100,1994.07.15,31,東福岡高校,福岡大学,東福岡 福岡,A,28,https://league-one.jp/player/484993,,,,,,Red Hurricanes Osaka (2022 - 2026) -> Munakata Sanix Blues (2021 - 2022)
Hibiki Noda,野田 響,LO,レッドハリケーンズ大阪（2025-26）,187,103,1998.06.07,27,荒尾高校,帝京大学,荒尾 帝京,A,12,https://league-one.jp/player/484994,,,,,,Red Hurricanes Osaka (2022 - 2026) -> Munakata Sanix Blues (2021 - 2022)
RYOSEI KOJIMA,小島 燎成,PR,レッドハリケーンズ大阪（2025-26）,183,121,1999.11.20,26,秋田工業高校,大東文化大学,秋田工業 大東文化,A,2,https://league-one.jp/player/484995,,,,,,Red Hurricanes Osaka (2023 - 2026)
TAICHI YOSHIZAWA,吉澤 太一,FB,レッドハリケーンズ大阪（2025-26）,175,80,1991.07.18,34,正智深谷高校,立正大学,正智深谷 立正,A,32,https://league-one.jp/player/484996,,,セブンズ日本(24),,,Red Hurricanes Osaka (2021 - 2026)
YUICHIRO HOSONO,細野 裕一朗,PR,レッドハリケーンズ大阪（2025-26）,182,112,1993.12.03,32,京都学園高校,京都産業大学,京都学園 京都産業,A,22,https://league-one.jp/player/484997,,,,,,Red Hurricanes Osaka (2022 - 2026)
TSUKASA YASUDA,安田 司,No8,レッドハリケーンズ大阪（2025-26）,180,104,1999.03.28,26,常翔学園高校,帝京大学,常翔学園 帝京,A,19,https://league-one.jp/player/484998,,,,,,Red Hurricanes Osaka (2021 - 2026)
HISAMITSU SHIMADA,島田 久満,HO,レッドハリケーンズ大阪（2025-26）,173,103,1998.12.10,27,東海大大阪仰星高校,立命館大学,東海大仰星 立命館,A,37,https://league-one.jp/player/484999,,,,,,Red Hurricanes Osaka (2023 - 2026) -> Hawke's Bay Magpies (2023 - 2023) -> Red Hurricanes Osaka (2023 - 2023) -> Hawke's Bay Magpies (2022 - 2022) -> Red Hurricanes Osaka (2021 - 2022)
SHOSUKE FUKASAWA,深澤 翔祐,PR,レッドハリケーンズ大阪（2025-26）,175,110,1998.09.16,27,深谷高校,東洋大学,深谷 東洋,A,19,https://league-one.jp/player/485000,,,,,,Red Hurricanes Osaka (2021 - 2026)
KANTA YAMAMOTO,山本 貫太,FB,レッドハリケーンズ大阪（2025-26）,177,85,1996.06.23,29,常翔学園高校,立命館大学,常翔学園 立命館,A,20,https://league-one.jp/player/485001,,,,,,Red Hurricanes Osaka (2021 - 2026)
MIFIPOSETI PAEA,パエア ミフィポセチ,CTB,レッドハリケーンズ大阪（2025-26）,180,109,1987.07.06,38,正智深谷高校,埼玉工業大学,正智深谷 埼玉工業,A,36,https://league-one.jp/player/485002,,,日本代表(3),,,Red Hurricanes Osaka (2017 - 2026) -> Sunwolves (2015 - 2016) -> Red Hurricanes Osaka (2011 - 2015)
KAORU TSURUTA,鶴田 馨,CTB,レッドハリケーンズ大阪（2025-26）,177,90,1995.06.28,30,筑紫高校,明治大学,筑紫 明治,A,19,https://league-one.jp/player/485003,,,,,,Red Hurricanes Osaka (2021 - 2026)
YONHI KIM,金 勇輝,CTB,レッドハリケーンズ大阪（2025-26）,176,90,1993.03.29,32,大阪朝鮮高校,法政大学,大阪朝鮮 法政,B,16,https://league-one.jp/player/485004,,,高校('10),,,Red Hurricanes Osaka (2021 - 2026)
DAISUKE IBA,射場 大輔,CTB,レッドハリケーンズ大阪（2025-26）,177,93,1997.12.03,28,常翔学園高校,明治大学,常翔学園 明治,A,32,https://league-one.jp/player/485005,,,,,,Red Hurricanes Osaka (2021 - 2026)
TOSHIHIRO YAMANOUCHI,山内 俊央,SH,レッドハリケーンズ大阪（2025-26）,164,73,1997.12.03,28,関西学院,関西学院大学,関西学院 関西学院,A,13,https://league-one.jp/player/485006,,,,,,Red Hurricanes Osaka (2021 - 2026)
TATSUYA HAMANO,浜野 達也,SH,レッドハリケーンズ大阪（2025-26）,167,78,1994.11.02,31,西陵商業高校,明治大学,西陵商業 明治,A,22,https://league-one.jp/player/485007,,,,,,Red Hurricanes Osaka (2021 - 2026)
AKIRA INOUE,井之上 明,SH,レッドハリケーンズ大阪（2025-26）,168,72,1991.04.12,34,尼崎高校,立命館大学,市立尼崎 立命館,A,25,https://league-one.jp/player/485008,,,,,,Red Hurricanes Osaka (2021 - 2026)
TARO SATO,佐藤 大朗,FL,レッドハリケーンズ大阪（2025-26）,181,101,1990.04.03,35,国立高校,慶應義塾大学,都立国立 慶應,A,17,https://league-one.jp/player/485009,,,,,,Red Hurricanes Osaka (2022 - 2026)
TATSUNARI FUJITA,藤田 達成,LO,レッドハリケーンズ大阪（2025-26）,192,107,1996.12.02,29,東福岡高校,帝京大学,東福岡 帝京,A,37,https://league-one.jp/player/485010,,,"U20,U23('16)",,,Red Hurricanes Osaka (2021 - 2026)
TORU SUGISHITA,杉下 暢,LO,レッドハリケーンズ大阪（2025-26）,184,108,1992.05.04,33,立命館高校,立命館大学,立命館 立命館,A,41,https://league-one.jp/player/485011,,,,,,Red Hurricanes Osaka (2021 - 2026)
HIROMICHI SAKAMOTO,坂本 洋道,PR,レッドハリケーンズ大阪（2025-26）,173,106,1996.04.26,29,国学院栃木,専修大学,国学院栃木 専修,A,29,https://league-one.jp/player/485012,,,,,,Red Hurricanes Osaka (2022 - 2026)
YOSUKE NISHIURA,西浦 洋祐,PR,レッドハリケーンズ大阪（2025-26）,175,108,1990.09.29,35,荒尾高校,立命館大学,荒尾 立命館,A,21,https://league-one.jp/player/485013,,,,,,Red Hurricanes Osaka (2021 - 2026)
MUNETAKA SASHIDA,指田 宗孝,PR,レッドハリケーンズ大阪（2025-26）,175,116,1994.03.02,31,東山高校,環太平洋大学,東山 環太平洋,A,34,https://league-one.jp/player/485014,,,,,,Red Hurricanes Osaka (2021 - 2026)
Yuki Ishii,石井 勇輝,WTB,レッドハリケーンズ大阪（2025-26）,184,96,1996.02.27,29,日大荏原高校,東洋大学,日大荏原 東洋,A,7,https://league-one.jp/player/485015,,,セブンズ日本(11),,,Red Hurricanes Osaka (2023 - 2026) -> Urayasu D-Rocks (2022 - 2023)
Kentaro Otsuka,大塚 健太郎,HO,レッドハリケーンズ大阪（2025-26）,176,98,1997.03.12,28,佐賀工業高校,明治大学,佐賀工業 明治,A,14,https://league-one.jp/player/485016,,,,,,Red Hurricanes Osaka (2023 - 2026) -> Kubota Spears Funabashi Tokyo-Bay (2021 - 2023)
Yo Sato,佐藤 耀,HO,レッドハリケーンズ大阪（2025-26）,178,100,1994.01.27,31,本郷高校,慶應義塾大学,本郷 慶應義塾,A,35,https://league-one.jp/player/485017,,,,,,Red Hurricanes Osaka (2023 - 2026) -> Green Rockets Tokatsu (2021 - 2023)
Blake Gibson,ブレイク ・ギブソン,No8,レッドハリケーンズ大阪（2025-26）,186,102,1995.04.19,30,セントケンティガン,,セントケンティガン,B,19,https://league-one.jp/player/485018,,,,,,Red Hurricanes Osaka (2023 - 2026) -> Auckland (2022 - 2023) -> Hurricanes (2022 - 2022) -> Auckland (2021 - 2021) -> Hurricanes (2021 - 2021) -> Auckland (2021 - 2021) -> Blues (2021 - 2021) -> Auckland (2020 - 2020) -> Blues (2020 - 2020) -> Auckland (2020 - 2020) -> Blues (2020 - 2020) -> Auckland (2019 - 2019) -> Blues (2014 - 2019)
Shinnosuke Toyonaga,豊永 慎之佑,PR,レッドハリケーンズ大阪（2025-26）,178,113,2001.08.25,24,大分舞鶴高校,関西学院大学,大分舞鶴 関西学院,A,6,https://league-one.jp/player/485019,,,,,,Red Hurricanes Osaka (2024 - 2026)
Kanta Yoshida,吉田 敢太,HO,レッドハリケーンズ大阪（2025-26）,171,100,2001.09.01,24,大阪桐蔭高校,大阪体育大学,大阪桐蔭 大阪体育,A,1,https://league-one.jp/player/485020,,,,,,Red Hurricanes Osaka (2023 - 2026)
Sentaro Fukue,福江 仙太郎,LO,レッドハリケーンズ大阪（2025-26）,188,105,2002.02.05,23,鳴尾高校,立命館大学,鳴尾 立命館,A,2,https://league-one.jp/player/485021,,,,,,Red Hurricanes Osaka (2024 - 2026)
Shintaro Fujii,藤井 慎太郎,LO,レッドハリケーンズ大阪（2025-26）,185,105,2001.09.19,24,日本航空高校石川,帝京大学,日本航空高校石川 帝京,A,3,https://league-one.jp/player/485022,,,,,,Red Hurricanes Osaka (2024 - 2026)
Itsuki Yano,矢野 樹,FL,レッドハリケーンズ大阪（2025-26）,175,95,2002.01.25,23,東福岡高校,福岡大学,東福岡 福岡,A,0,https://league-one.jp/player/485023,,,,,,Red Hurricanes Osaka (2024 - 2026)
Amane Tomioka,冨岡 周,CTB,レッドハリケーンズ大阪（2025-26）,174,90,2001.11.12,24,御所実業高校,関西学院大学,御所実業 関西学院,A,0,https://league-one.jp/player/485024,,,,,,Red Hurricanes Osaka (2024 - 2026)
Kenya Nishikawa,西川 賢哉,WTB,レッドハリケーンズ大阪（2025-26）,176,86,2001.06.03,24,桐蔭学園高校,明治大学,桐蔭学園 明治,A,7,https://league-one.jp/player/485025,,,,,,Red Hurricanes Osaka (2024 - 2026)
Taiki Yamaguchi,山口 泰輝,FB,レッドハリケーンズ大阪（2025-26）,176,90,2001.11.17,24,長崎北陽台高校,帝京大学,長崎北陽台 帝京,A,18,https://league-one.jp/player/485026,,,セブンズ日本(2),,,Red Hurricanes Osaka (2023 - 2026)
Jack OSullivan,ジャック ・オーサリバン,FL,レッドハリケーンズ大阪（2025-26）,188,108,1998.10.01,27,Presentation,Brothers,Presentation Brothers College Cork Cork Callege,B,14,https://league-one.jp/player/485133,,,,,,Not Found
JP Du Preez,ジェーピー ・デュプレア,LO,レッドハリケーンズ大阪（2025-26）,210,122,1994.11.09,31,Dr E.G.Janesen High school,,Dr E.G.Janesen High school,B,2,https://league-one.jp/player/485134,,,,,,Red Hurricanes Osaka (2025 - 2026) -> Glasgow Warriors (2022 - 2025) -> Sale Sharks (2020 - 2022) -> Central Cheetahs (2018 - 2020) -> Lions Rugby (2014 - 2015)
Nick Jooste,ニック ・ユースト,CTB,レッドハリケーンズ大阪（2025-26）,190,94,1997.07.07,28,Hale High School Southern Queensland,,Hale High School Southern Queensland,B,1,https://league-one.jp/player/485135,,,,,,Red Hurricanes Osaka (2025 - 2026) -> San Diego Legion (2024 - 2025) -> Melbourne Rebels (2021 - 2024) -> Eastern Suburbs RFC (2020 - 2021) -> Western Force (2019 - 2020)
Hayato Ishibashi,石橋 隼,LO,レッドハリケーンズ大阪（2025-26）,189,101,2003.04.08,22,昭和高校,立命館大学,愛知県立昭和高校 立命館大学,A,0,https://league-one.jp/player/493174,,,,,,Red Hurricanes Osaka (2026 - 2026) -> Ritsumeikan University (2026 - 2026) -> Red Hurricanes Osaka (2025 - 2025) -> Ritsumeikan University (2025 - 2025)
Yukito Akasako,赤迫 幸知,SH,レッドハリケーンズ大阪（2025-26）,161,65,2003.09.06,22,尾道高校,帝京大学,尾道高校 帝京大学,A,0,https://league-one.jp/player/493175,,,,,,Red Hurricanes Osaka (2026 - 2026) -> Teikyo University (2026 - 2026) -> Red Hurricanes Osaka (2025 - 2025) -> Teikyo University (2025 - 2025)
Yuma Kikumoto,菊本 有真,SO,レッドハリケーンズ大阪（2025-26）,177,83,2003.05.13,22,崇徳高校,成蹊大学,"崇徳高校	 成蹊大学",A,0,https://league-one.jp/player/493176,,,,,,Red Hurricanes Osaka (2025 - 2026)
Kaishun Azuma,東 海隼,WTB,レッドハリケーンズ大阪（2025-26）,182,84,2003.07.08,22,光泉カトリック高校,明治大学,光泉カトリック高校 明治大学,A,0,https://league-one.jp/player/493237,,,,,,Red Hurricanes Osaka (2026 - 2026) -> Meiji University (2026 - 2026) -> Red Hurricanes Osaka (2025 - 2025) -> Meiji University (2025 - 2025)
Shuichi Kobayashi,小林 修市,WTB,レッドハリケーンズ大阪（2025-26）,176,83,2003.08.24,22,京都成章高校,京都産業大学,京都成章高校 京都産業大学,A,0,https://league-one.jp/player/493238,,,,,,Red Hurricanes Osaka (2026 - 2026) -> Kyoto Sangyo University (2026 - 2026) -> Red Hurricanes Osaka (2025 - 2025) -> Kyoto Sangyo University (2025 - 2025)
Papaseea Matelau,パパセーア ・マテラウ,FL,クリタウォーターガッシュ昭島（2025-26）,182,106,2006.06.08,19,SaltLakeHighSchool,,SaltLakeHighSchool,B,1,https://league-one.jp/player/483787,,,,,,Not Found
Kauri Tipene-Grace,カウリ ・ティペネグレース,UTB,クリタウォーターガッシュ昭島（2025-26）,194,98,2004.03.16,21,アランモアカトリックカレッジ,,アランモアカトリックカレッジ,B,0,https://league-one.jp/player/483788,,,,,,Kurita Water Gush Akishima (2025 - 2026) -> Wests Scarborough Rugby Union (2024 - 2025) -> Western Force (2023 - 2024)
Iori Yokoyama,横山 伊織,CTB,クリタウォーターガッシュ昭島（2025-26）,176,92,2002.05.18,23,流通経済大学附属柏高校,流通経済大学,流通経済大学附属柏高等学校 流通経済大学,A,0,https://league-one.jp/player/483789,,,,,,Kurita Water Gush Akishima (2025 - 2026) -> Ryutsu Keizai University (2024 - 2025)
Takuma Enomoto,榎本 拓真,CTB,クリタウォーターガッシュ昭島（2025-26）,184,88,2002.08.10,23,桐蔭学園高校,青山学院大学,桐蔭学園高等学校 青山学院大学,A,1,https://league-one.jp/player/483790,,,,,,Kurita Water Gush Akishima (2024 - 2026)
Kosei Otani,大谷 晃生,PR,クリタウォーターガッシュ昭島（2025-26）,182,110,2003.02.14,22,九州学院高校,福岡大学,九州学院高等学校 福岡大学,A,0,https://league-one.jp/player/483791,,,,,,Kurita Water Gush Akishima (2025 - 2026) -> Fukuoka University (2024 - 2025)
Kai Yamamoto,山本 快,WTB,クリタウォーターガッシュ昭島（2025-26）,176,85,2002.05.15,23,関西学院高等部,関西学院大学,関西学院高等部 関西学院大学,A,3,https://league-one.jp/player/483792,,,,,,Tokyo Sungoliath (2021 - 2026)
Yuki Kawai,河井 祐樹,PR,クリタウォーターガッシュ昭島（2025-26）,184,121,2002.10.05,23,名古屋西高校,中京大学,名古屋西高校 中京大学,A,0,https://league-one.jp/player/483793,,,,,,Kurita Water Gush Akishima (2025 - 2026) -> Chukyo University (2024 - 2025)
So Matsushima,松島 聡,CTB,クリタウォーターガッシュ昭島（2025-26）,174,83,2001.01.08,25,大分舞鶴高校,筑波大学,大分舞鶴高校 筑波大学,A,18,https://league-one.jp/player/483794,,,,,,Kurita Water Gush Akishima (2023 - 2026)
Shogo Yanagita,柳田 翔吾,CTB,クリタウォーターガッシュ昭島（2025-26）,180,85,2000.04.19,25,流通経済大学付属柏高校,流通経済大学,流通経済大学付属柏高校 流通経済大学,A,8,https://league-one.jp/player/483795,,,,,,Kurita Water Gush Akishima (2023 - 2026)
Ren Shinwada,新和田 錬,SH,クリタウォーターガッシュ昭島（2025-26）,171,76,2000.05.15,25,尾道高校,同志社大学,尾道高校 同志社大学,A,17,https://league-one.jp/player/483796,,,U23('20),,,Kurita Water Gush Akishima (2022 - 2026)
Ryutaro Iguchi,井口 龍太郎,HO,クリタウォーターガッシュ昭島（2025-26）,178,95,2000.06.27,25,静岡聖光学院高校,法政大学,静岡聖光学院高校 法政大学,A,11,https://league-one.jp/player/483797,,,,,,Kurita Water Gush Akishima (2023 - 2026)
Daymon Leasuasu,デーモン ・レエスアス,LO,クリタウォーターガッシュ昭島（2025-26）,200,115,1993.01.20,32,AorereCollege,オークランド大学,AorereCollege オークランド大学,A,25,https://league-one.jp/player/483798,,,,,,Kurita Water Gush Akishima (2022 - 2026) -> BlackRams Tokyo (2019 - 2022) -> Chiefs (2018 - 2019)
Koshi Emoto,江本 洸志,FB,クリタウォーターガッシュ昭島（2025-26）,173,78,2000.01.12,25,日本航空高校石川,天理大学,日本航空高校石川 天理大学,A,20,https://league-one.jp/player/483799,,,,,,Kurita Water Gush Akishima (2022 - 2026)
Daiki Yokota,横田 大輝,CTB,クリタウォーターガッシュ昭島（2025-26）,185,95,1999.09.21,26,深谷高校,東海大学,深谷高校 東海大学,A,13,https://league-one.jp/player/483800,,,,,,Kurita Water Gush Akishima (2022 - 2026)
Kakeru Sugihara,杉原 駿,SH,クリタウォーターガッシュ昭島（2025-26）,172,75,1999.12.15,26,大阪桐蔭高校,帝京大学,大阪桐蔭高校 帝京大学,A,26,https://league-one.jp/player/483801,,,,,,Kurita Water Gush Akishima (2022 - 2026)
Tevita Oto,テビタ ・オト,FL,クリタウォーターガッシュ昭島（2025-26）,185,111,1998.03.07,27,トンガカレッジ,日本大学,トンガカレッジ 日本大学,A,24,https://league-one.jp/player/483802,,,,,,Kurita Water Gush Akishima (2022 - 2026)
Kai Yamasaki,山サキ,LO,クリタウォーターガッシュ昭島（2025-26）,188,103,1999.06.06,26,佐賀工業高校,関東学院大学,佐賀工業高校 関東学院大学,A,4,https://league-one.jp/player/483803,,,,,,Kurita Water Gush Akishima (2022 - 2026)
Shohei Tsujimura,辻村 翔平,PR,クリタウォーターガッシュ昭島（2025-26）,182,117,1999.07.13,26,長崎南山高校,近畿大学,長崎南山高校 近畿大学,A,7,https://league-one.jp/player/483804,,,,,,Kurita Water Gush Akishima (2024 - 2026)
Kei Takusagawa,田草川 恵,PR,クリタウォーターガッシュ昭島（2025-26）,173,106,1999.08.15,26,東海大学付属甲府高校,東海大学,東海大学付属甲府高校 東海大学,A,26,https://league-one.jp/player/483805,,,,,,Kurita Water Gush Akishima (2021 - 2026)
Yuta Sugiyama,杉山 祐太,WTB,クリタウォーターガッシュ昭島（2025-26）,185,92,1998.10.04,27,東海大学付属相模高校,東海大学,東海大学付属相模高校 東海大学,A,17,https://league-one.jp/player/483806,,,,,,Kurita Water Gush Akishima (2021 - 2026)
Kentaro Sugimori,杉森 健太郎,WTB,クリタウォーターガッシュ昭島（2025-26）,172,72,1993.07.21,32,流通経済大柏高校,流通経済大学,流経大柏 流通経済大学,A,38,https://league-one.jp/player/483807,,,,,,Kurita Water Gush Akishima (2021 - 2026)
Takuro Hayashida,林田 拓朗,SO,クリタウォーターガッシュ昭島（2025-26）,170,84,1997.11.28,28,天理高校,天理大学,天理高校 天理大学,A,36,https://league-one.jp/player/483808,,,,,,Kurita Water Gush Akishima (2021 - 2026)
Shinpei Suganuma,菅沼 神兵,SO,クリタウォーターガッシュ昭島（2025-26）,174,80,1992.12.21,33,陸上自衛隊少年工科学校,関東学院大学,陸上自衛隊少年工科学校 関東学院大学,A,10,https://league-one.jp/player/483809,,,,,,Kurita Water Gush Akishima (2021 - 2026)
Sho Nakamura,中村 翔,SH,クリタウォーターガッシュ昭島（2025-26）,176,75,1997.10.07,28,東福岡高校,法政大学,東福岡高校 法政大学,A,26,https://league-one.jp/player/483810,,,,,,Kurita Water Gush Akishima (2021 - 2026)
Taisei Nakao,中尾 泰星,FL,クリタウォーターガッシュ昭島（2025-26）,170,90,1998.05.23,27,大分舞鶴高校,同志社大学,大分舞鶴高校 同志社大学,A,44,https://league-one.jp/player/483811,,,,,,Kurita Water Gush Akishima (2021 - 2026)
Hiroki Kawase,川瀬 大輝,LO,クリタウォーターガッシュ昭島（2025-26）,178,95,1994.11.10,31,石見智翠館高校,東海大学,石見智翠館高校 東海大学,A,14,https://league-one.jp/player/483812,,,,,,Kurita Water Gush Akishima (2021 - 2026)
Kengo Nakamura,中村 謙吾,LO,クリタウォーターガッシュ昭島（2025-26）,185,108,1994.04.20,31,東海大学付属甲府高校,愛知学院大学,東海大学付属甲府高校 愛知学院大学,A,34,https://league-one.jp/player/483813,,,,,,Kurita Water Gush Akishima (2022 - 2026)
Kota Nakamura,中村 匡汰,LO,クリタウォーターガッシュ昭島（2025-26）,188,108,1998.02.21,27,東海大学付属相模高校,東海大学,東海大学付属相模高校 東海大学,A,48,https://league-one.jp/player/483814,,,,,,Kurita Water Gush Akishima (2021 - 2026)
Kota Hojo,北條 耕太,HO,クリタウォーターガッシュ昭島（2025-26）,174,98,1997.09.14,28,天理高校,天理大学,天理高校 天理大学,A,47,https://league-one.jp/player/483815,,,,,,Kurita Water Gush Akishima (2021 - 2026)
Ryota Kuribara,栗原 良多,HO,クリタウォーターガッシュ昭島（2025-26）,178,113,1995.03.24,30,正智深谷高校,大東文化大学,正智深谷高校 大東文化大学,A,37,https://league-one.jp/player/483816,,,,,,Kurita Water Gush Akishima (2021 - 2026)
Rui Kuriyama,栗山 塁,PR,クリタウォーターガッシュ昭島（2025-26）,178,115,1998.08.13,27,桐蔭学園高校,専修大学,桐蔭学園高校 専修大学,A,45,https://league-one.jp/player/483817,,,,,,Kurita Water Gush Akishima (2021 - 2026)
Kei Shibuya,渋谷 圭,PR,クリタウォーターガッシュ昭島（2025-26）,182,110,1997.07.24,28,大東文化大学第一高校,大東文化大学,大東文化大学第一高校 大東文化大学,A,35,https://league-one.jp/player/483818,,,,,,Kurita Water Gush Akishima (2021 - 2026)
Shoya Koyama,小山 翔也,PR,クリタウォーターガッシュ昭島（2025-26）,176,107,1996.12.19,29,新潟工業高校,帝京大学,新潟工業高校 帝京大学,A,30,https://league-one.jp/player/483819,,,,,,Kurita Water Gush Akishima (2021 - 2026)
Aki Kajihara,梶原 瑛,PR,クリタウォーターガッシュ昭島（2025-26）,178,107,1996.02.05,29,日川高校,専修大学,日川高校 専修大学,A,21,https://league-one.jp/player/483820,,,,,,Kurita Water Gush Akishima (2021 - 2026)
Masashi Debuchi,出渕 賢史,PR,クリタウォーターガッシュ昭島（2025-26）,177,113,1990.05.30,35,関西高校,帝京大学,関西高校 帝京大学,A,28,https://league-one.jp/player/483821,,,,,,Kurita Water Gush Akishima (2022 - 2026)
Teariki Ben-Nicholas,テアレキ ・ベンニコラス,No8,クリタウォーターガッシュ昭島（2025-26）,194,113,1995.07.18,30,Kingscollege,ビクトリア大学,Kingscollege ビクトリア大学,B,22,https://league-one.jp/player/483822,,,,,,Kurita Water Gush Akishima (2023 - 2026) -> Castres Olympique (2021 - 2023) -> Highlanders (2020 - 2021) -> Wellington Lions (2020 - 2020) -> Highlanders (2020 - 2020) -> Wellington Lions (2019 - 2019) -> Highlanders (2019 - 2019) -> Wellington Lions (2016 - 2019)
Piers Francis,ピアーズ ・フランシス,SO,クリタウォーターガッシュ昭島（2025-26）,183,92,1990.06.20,35,SaintGeorge’sChurchofEnglandSchool,ケントカレッジ,SaintGeorge’sChurchofEnglandSchool ケントカレッジ,C,23,https://league-one.jp/player/483823,,,,,,Kurita Water Gush Akishima (2024 - 2026) -> Bath Rugby (2024 - 2024) -> Kurita Water Gush Akishima (2023 - 2023) -> Bath Rugby (2022 - 2023) -> Northampton Saints (2017 - 2022) -> Blues (2015 - 2017) -> Edimbourg Rugby (2013 - 2014)
Issa Hosoya,細矢 一颯,PR,クリタウォーターガッシュ昭島（2025-26）,173,110,2002.01.04,24,関西大学北陽高校,関西大学,関西大学北陽高校 関西大学,A,7,https://league-one.jp/player/483824,,,,,,Kurita Water Gush Akishima (2024 - 2026)
Ryo Hosomoto,細元 亮,WTB,クリタウォーターガッシュ昭島（2025-26）,170,81,2001.06.08,24,高鍋高校,福岡大学,高鍋高校 福岡大学,A,12,https://league-one.jp/player/483825,,,,,,Kurita Water Gush Akishima (2024 - 2026)
Hiroki Handa,半田 裕己,SO,クリタウォーターガッシュ昭島（2025-26）,173,84,2001.11.29,24,天理高校,近畿大学,天理高校 近畿大学,A,11,https://league-one.jp/player/483826,,,,,,Kurita Water Gush Akishima (2023 - 2026)
Yujin Ikezawa,池澤 佑尽,SO,クリタウォーターガッシュ昭島（2025-26）,180,87,2001.10.11,24,東福岡高校,関西大学,東福岡高校 関西大学,A,3,https://league-one.jp/player/483827,,,,,,Kurita Water Gush Akishima (2024 - 2026)
Yoji Shiina,椎名 耀二,LO,クリタウォーターガッシュ昭島（2025-26）,180,97,2001.08.20,24,幕張総合高校,東海大学,幕張総合高校 東海大学,A,14,https://league-one.jp/player/483828,,,,,,Kurita Water Gush Akishima (2023 - 2026)
Katsuki Ishizuka,石塚 勝己,CTB,クリタウォーターガッシュ昭島（2025-26）,183,92,2001.07.06,24,桐蔭学園高校,明治大学,桐蔭学園高校 明治大学,A,10,https://league-one.jp/player/483829,,,,,,Kurita Water Gush Akishima (2024 - 2026)
Quinton Nicols,クイントン ・ニコラス,CTB,クリタウォーターガッシュ昭島（2025-26）,194,104,2002.04.16,23,マウントアルバートグラマーカレ,,マウントアルバートグラマーカレ,B,1,https://league-one.jp/player/485717,,,,,,Not Found
Junior Ahokovi,ジュニア ・アフォコビ,LO,クリタウォーターガッシュ昭島（2025-26）,196,108,2005.07.06,20,オークランドグラマースクール,,オークランドグラマースクール,B,1,https://league-one.jp/player/485718,,,,,,Kurita Water Gush Akishima (2025 - 2026) -> Blues (2024 - 2025)
Viliami Helu,ヴィリアミ ・ヘル,BR,クリタウォーターガッシュ昭島（2025-26）,193,107,1996.03.20,29,Monte,Vista,Monte Vista High School Saint Mary’s College of Calif,C,1,https://league-one.jp/player/488097,,,,,,Not Found
Sione Afemui,シオネ ・アフェムイ,No8,クリタウォーターガッシュ昭島（2025-26）,187,120,1999.01.30,26,セントトーマスオブカンタベリー,朝日大学,セントトーマスオブカンタベリー 朝日大学,A,3,https://league-one.jp/player/488120,,,,,,Kurita Water Gush Akishima (2025 - 2026) -> BlackRams Tokyo (2024 - 2025) -> Red Hurricanes Osaka (2022 - 2024)
Adrian Choat,エイドリアン ・チョウト,FL,狭山セコムラガッツ（2025-26）,190,100,1997.11.20,28,リストンカレッジ,リストン大学,リストンカレッジ リストン大学,B,2,https://league-one.jp/player/484081,,,,,,Sayama Secom Rugguts (2025 - 2026) -> Auckland (2025 - 2025) -> Blues (2025 - 2025) -> Auckland (2024 - 2024) -> Blues (2024 - 2024) -> Auckland (2024 - 2024) -> Blues (2024 - 2024) -> Auckland (2023 - 2023) -> Blues (2023 - 2023) -> Auckland (2023 - 2023) -> Blues (2023 - 2023) -> Auckland (2022 - 2022) -> Blues (2022 - 2022) -> Auckland (2022 - 2022) -> Blues (2022 - 2022) -> Auckland (2021 - 2021) -> Blues (2021 - 2021) -> Auckland (2021 - 2021) -> Blues (2021 - 2021) -> Auckland (2020 - 2020) -> Blues (2020 - 2020) -> Auckland (2020 - 2020) -> Bristol Bears (2020 - 2020) -> Auckland (2019 - 2019) -> Bristol Bears (2019 - 2019) -> Auckland (2017 - 2019)
Sam Slade,サム ・スレイド,LO,狭山セコムラガッツ（2025-26）,197,116,1997.08.28,28,マウントアルバートグラマースクール,オークランド大学,マウントアルバートグラマースクール オークランド大学,C,2,https://league-one.jp/player/484082,,,,,,Sayama Secom Rugguts (2025 - 2026) -> Moana Pasifika (2024 - 2025) -> North Harbour (2024 - 2024) -> Moana Pasifika (2024 - 2024) -> North Harbour (2023 - 2023) -> Moana Pasifika (2022 - 2023) -> Counties Manukau Steelers (2022 - 2022) -> Moana Pasifika (2022 - 2022) -> Counties Manukau Steelers (2021 - 2021) -> Moana Pasifika (2021 - 2021) -> Counties Manukau Steelers (2020 - 2021) -> American Raptors (2020 - 2020) -> Counties Manukau Steelers (2019 - 2019) -> American Raptors (2019 - 2019)
PJ Steenkamp,PJ ・スティーンカンプ,LO,狭山セコムラガッツ（2025-26）,196,117,1998.01.03,28,ホエスコール・ハ—スフォンテイン,ヨハナスブルク大学,ホエスコール・ハ—スフォンテイン ヨハナスブルク大学,B,5,https://league-one.jp/player/484083,,,,,,Sayama Secom Rugguts (2025 - 2026) -> Toshiba Brave Lupus Tokyo (2023 - 2025) -> Golden Lions (2022 - 2023) -> Lions Rugby (2018 - 2022)
Tomasi Naibaruwaga,ナイバルワガ トマシ,WTB,狭山セコムラガッツ（2025-26）,180,98,2002.12.29,23,秋田工業高校,天理大学,秋田工業 天理大学,A,0,https://league-one.jp/player/484084,,,,,,Not Found
Curtis Reid,カーティス ・リード,CTB,狭山セコムラガッツ（2025-26）,188,98,1994.12.11,31,ロングベイカレッジ,マッセー大学,ロングベイカレッジ マッセー大学,A,0,https://league-one.jp/player/484085,,,,,,Sayama Secom Rugguts (2025 - 2026) -> Akita Northern Bullets (2021 - 2025)
Daichi Inami,伊波 大地,PR,狭山セコムラガッツ（2025-26）,177,103,2002.10.20,23,東海大相模高校,東海大学,東海大相模高校 東海大学,A,0,https://league-one.jp/player/484086,,,,,,Sayama Secom Rugguts (2025 - 2026) -> Tokai University (2024 - 2025)
Syoki Teranishi,寺西 翔生,HO,狭山セコムラガッツ（2025-26）,170,88,2002.05.21,23,常翔学園高校,天理大学,常翔学園高校 天理大学,A,1,https://league-one.jp/player/484087,,,,,,Not Found
Yuga Kawase,川瀬 悠河,LO,狭山セコムラガッツ（2025-26）,188,98,2002.04.03,23,東海大相模高校,東海大学,東海大相模高校 東海大学,A,0,https://league-one.jp/player/484088,,,,,,Sayama Secom Rugguts (2025 - 2026) -> Tokai University (2024 - 2025)
Ryunosuke Fujiwara,藤原 竜之丞,WTB,狭山セコムラガッツ（2025-26）,169,73,2002.10.10,23,日本航空石川高校,天理大学,日本航空石川高校 天理大学,A,4,https://league-one.jp/player/484089,,,,,,Sayama Secom Rugguts (2024 - 2026)
Ikki Morimoto,森元 一気,FL,狭山セコムラガッツ（2025-26）,169,93,2002.10.22,23,尾道高校,帝京大学,尾道高校 帝京大学,A,1,https://league-one.jp/player/484090,,,,,,Sayama Secom Rugguts (2025 - 2026) -> Teikyo University (2024 - 2025)
Chase Tiatia,チェイス ・ティアティア,FB,狭山セコムラガッツ（2025-26）,181,102,1995.10.14,30,Stパトリックカレッジ・シルバーストリーム,,Stパトリックカレッジ・シルバーストリーム,B,18,https://league-one.jp/player/484091,,,,,,Sayama Secom Rugguts (2024 - 2026) -> Western Force (2023 - 2024) -> Hawke's Bay Magpies (2023 - 2023) -> Western Force (2023 - 2023) -> Hawke's Bay Magpies (2022 - 2022) -> Western Force (2022 - 2022) -> Hawke's Bay Magpies (2022 - 2022) -> Chiefs (2022 - 2022) -> Hawke's Bay Magpies (2021 - 2021) -> Chiefs (2021 - 2021) -> Bay of Plenty Steamers (2021 - 2021) -> Chiefs (2021 - 2021) -> Bay of Plenty Steamers (2020 - 2020) -> Chiefs (2020 - 2020) -> Bay of Plenty Steamers (2020 - 2020) -> Hurricanes (2020 - 2020) -> Bay of Plenty Steamers (2019 - 2019) -> Hurricanes (2018 - 2019)
Daniel Waite,ダニエル ・ウェイト,SO,狭山セコムラガッツ（2025-26）,181,92,1996.04.08,29,ニュープリマス・ボーイズ,,ニュープリマス・ボーイズ高校,B,11,https://league-one.jp/player/484092,,,,,,Sayama Secom Rugguts (2024 - 2026) -> Taranaki Bulls (2022 - 2022) -> Rouen Normandie Rugby (2022 - 2022) -> Taranaki Bulls (2021 - 2021) -> Rouen Normandie Rugby (2021 - 2021) -> Taranaki Bulls (2016 - 2021)
Whetukamokamo Douglas,フェトゥカモカモ ・ダグラス,FL,狭山セコムラガッツ（2025-26）,191,111,1991.04.18,34,ギズボーン,ワイカト大学,ギズボーン高校 ワイカト大学,A,48,https://league-one.jp/player/484093,,,,,,Not Found
TJ Faiane,ティジェイ ・ファイアネ,CTB,狭山セコムラガッツ（2025-26）,180,95,1995.08.24,30,セントケンティガン,,セントケンティガン高校,B,15,https://league-one.jp/player/484094,,,,,,Sayama Secom Rugguts (2024 - 2026) -> Hino Red Dolphins (2021 - 2023) -> Blues (2020 - 2021) -> Auckland (2020 - 2020) -> Blues (2020 - 2020) -> Auckland (2019 - 2019) -> Blues (2016 - 2019)
Troy Callander,トロイ ・カレンダー,LO,狭山セコムラガッツ（2025-26）,198,111,1994.12.27,31,オタゴボーイズ,,オタゴボーイズ高校,A,17,https://league-one.jp/player/484095,,,,,,Sayama Secom Rugguts (2024 - 2026)
Kazuki Ikemura,池村 冬紀,CTB,狭山セコムラガッツ（2025-26）,178,91,2002.01.11,23,川口高校,山梨学院大学,川口高校 山梨学院大学,A,0,https://league-one.jp/player/484096,,,,,,Sayama Secom Rugguts (2024 - 2026)
Motoki Kaneko,金子 元紀,PR,狭山セコムラガッツ（2025-26）,180,116,2001.03.21,24,川口高校,立正大学,川口高校 立正大学,A,11,https://league-one.jp/player/484097,,,,,,Sayama Secom Rugguts (2024 - 2026)
Minato Jinnouchi,陣内 源斗,HO,狭山セコムラガッツ（2025-26）,162,92,2001.02.10,24,尾道高校,立正大学,尾道高校 立正大学,A,1,https://league-one.jp/player/484098,,,,,,Sayama Secom Rugguts (2024 - 2026)
Keito Tahara,田原 慶人,SH,狭山セコムラガッツ（2025-26）,163,70,2000.06.25,25,石見智翠館高校,近畿大学,石見智翠館高校 近畿大学,A,1,https://league-one.jp/player/484099,,,,,,Sayama Secom Rugguts (2024 - 2026)
Yosuke Okuma,大熊 陽介,FL,狭山セコムラガッツ（2025-26）,180,96,1998.04.29,27,國學院栃木高校,同志社大学,國學院栃木高校 同志社大学,A,6,https://league-one.jp/player/484100,,,,,,Sayama Secom Rugguts (2024 - 2026)
Riku Mizuno,水野 陸,WTB,狭山セコムラガッツ（2025-26）,175,86,2001.12.21,24,東京高校,中央大学,東京高校 中央大学,A,2,https://league-one.jp/player/484101,,,,,,Sayama Secom Rugguts (2024 - 2026)
Tatsuki Kanza,神座 立樹,WTB,狭山セコムラガッツ（2025-26）,178,85,1998.04.25,27,専修大学松戸高校,帝京大学,専修大学松戸高校 帝京大学,A,9,https://league-one.jp/player/484102,,,,,,Sayama Secom Rugguts (2024 - 2026)
Koki Iida,飯田 光紀,FL,狭山セコムラガッツ（2025-26）,168,85,1999.09.30,26,日川高校,日本大学,日川高校 日本大学,A,12,https://league-one.jp/player/484103,,,,,,Sayama Secom Rugguts (2024 - 2026)
Ash Paker,パーカー アッシュ,No8,狭山セコムラガッツ（2025-26）,187,108,1988.11.01,37,セントバーナード,ビクトリア大学,セントバーナード高校 ビクトリア大学,A,27,https://league-one.jp/player/484104,,,,,,Not Found
Naoto Shirakawa,白川 直人,PR,狭山セコムラガッツ（2025-26）,174,108,1996.11.22,29,桂高校,日本大学,桂高校 日本大学,A,12,https://league-one.jp/player/484105,,,,,,Sayama Secom Rugguts (2024 - 2026)
Kentaro Ueno,上野 拳太郎,PR,狭山セコムラガッツ（2025-26）,169,106,1994.05.10,31,日大藤沢高校,日本体育大学,日大藤沢高校 日本体育大学,A,19,https://league-one.jp/player/484106,,,,,,Sayama Secom Rugguts (2024 - 2026)
Haruya Nakasu,中洲 晴陽,CTB,狭山セコムラガッツ（2025-26）,174,88,2000.01.10,25,筑紫高校,近畿大学,筑紫高校 近畿大学,A,18,https://league-one.jp/player/484107,,,,,,Sayama Secom Rugguts (2024 - 2026)
Yudai Ishii,石井 雄大,FB,狭山セコムラガッツ（2025-26）,171,78,1997.02.26,28,國學院栃木高校,明治大学,國學院栃木高校 明治大学,A,8,https://league-one.jp/player/484108,,,,,,Sayama Secom Rugguts (2024 - 2026)
Sotaro Tanaka,田中 創太郎,PR,狭山セコムラガッツ（2025-26）,175,108,2001.10.29,24,國學院久我山高校,青山学院大学,國學院久我山高校 青山学院大学,A,4,https://league-one.jp/player/484109,,,,,,Sayama Secom Rugguts (2024 - 2026)
Yoshihiro Noguchi,野口 宜裕,WTB,狭山セコムラガッツ（2025-26）,169,71,1994.12.26,31,早稲田摂陵高校,専修大学,早稲田摂陵高校 専修大学,A,2,https://league-one.jp/player/484110,,,セブンズ日本(36),,,Sayama Secom Rugguts (2024 - 2026)
Fugo Takada,高,HO,狭山セコムラガッツ（2025-26）,174,102,1999.06.01,26,桐蔭学園高校,筑波大学,桐蔭学園高校 筑波大学,A,1,https://league-one.jp/player/484128,,,,,,Sayama Secom Rugguts (2024 - 2026)
Eito Tsutsumi,堤 英登,SH,狭山セコムラガッツ（2025-26）,163,68,1997.06.19,28,佐賀工業高校,日本体育大学,佐賀工業高校 日本体育大学,A,12,https://league-one.jp/player/484112,,,,,,Sayama Secom Rugguts (2024 - 2026)
Fisipuna Tuiaki,フィシプナ ・トゥイアキ,CTB,狭山セコムラガッツ（2025-26）,188,108,1995.01.23,30,日本航空石川高校,天理大学,日本航空石川高校 天理大学,A,20,https://league-one.jp/player/484113,,,セブンズ日本(2),,,Sayama Secom Rugguts (2024 - 2026) -> Mitsubishi Sagamihara Dynaboars (2022 - 2023)
Shogo Murakami,村上 翔梧,PR,狭山セコムラガッツ（2025-26）,178,113,1996.08.01,29,新田高校,立正大学,新田高校 立正大学,A,4,https://league-one.jp/player/484114,,,,,,Sayama Secom Rugguts (2024 - 2026) -> Munakata Sanix Blues (2021 - 2022)
Yuki Tsujioka,辻岡 優希,FL,狭山セコムラガッツ（2025-26）,182,98,2001.07.26,24,和歌山工業高校,大東文化大学,和歌山工業高校 大東文化大学,A,4,https://league-one.jp/player/484115,,,,,,Sayama Secom Rugguts (2024 - 2026)
Tatsuki Tanina,谷名 樹,HO,狭山セコムラガッツ（2025-26）,175,98,2000.08.20,25,延岡星雲高校,東洋大学,延岡星雲高校 東洋大学,A,17,https://league-one.jp/player/484116,,,,,,Sayama Secom Rugguts (2024 - 2026)
Kosei Kanda,神田 康生,LO,狭山セコムラガッツ（2025-26）,194,105,2001.04.27,24,鹿児島工業高校,流通経済大学,鹿児島工業高校 流通経済大学,A,0,https://league-one.jp/player/484117,,,,,,Sayama Secom Rugguts (2024 - 2026) -> Ryutsu Keizai University (2023 - 2024)
Kaito Sugahara,菅原 海人,SO,狭山セコムラガッツ（2025-26）,171,83,2000.08.21,25,京都工学院高校,帝京大学,京都工学院高校 帝京大学,A,2,https://league-one.jp/player/484118,,,,,,Sayama Secom Rugguts (2024 - 2026)
Shota Okuno,奥野 翔太,HO,狭山セコムラガッツ（2025-26）,177,101,2000.01.15,25,常翔学園高校,帝京大学,常翔学園高校 帝京大学,A,18,https://league-one.jp/player/484119,,,,,,Sayama Secom Rugguts (2024 - 2026)
Ryusuke Yamamoto,山本 龍亮,FL,狭山セコムラガッツ（2025-26）,179,97,1998.06.22,27,桐蔭学園高校,明治大学,桐蔭学園高校 明治大学,A,2,https://league-one.jp/player/484120,,,,,,Sayama Secom Rugguts (2024 - 2026)
Shota Kutsuna,忽那 鐘太,SO,狭山セコムラガッツ（2025-26）,180,86,1997.03.19,28,石見智翠館高校,明治大学,石見智翠館高校 明治大学,A,12,https://league-one.jp/player/484121,,,,,,Sayama Secom Rugguts (2024 - 2026)
Kazuki Asakura,朝倉 一稀,LO,狭山セコムラガッツ（2025-26）,184,107,1994.08.06,31,平塚学園高校,国士舘大学,平塚学園高校 国士舘大学,A,5,https://league-one.jp/player/484122,,,,,,Sayama Secom Rugguts (2024 - 2026)
Yushi Okuda,奥田 勇志,WTB,狭山セコムラガッツ（2025-26）,176,84,2001.10.05,24,新潟工業高校,拓殖大学,新潟工業高校 拓殖大学,A,15,https://league-one.jp/player/484124,,,,,,Sayama Secom Rugguts (2024 - 2026)
Kanta Noguchi,野口 幹太,FB,狭山セコムラガッツ（2025-26）,175,82,1999.09.25,26,東京高校,東海大学,東京高校 東海大学,A,0,https://league-one.jp/player/484125,,,,,,Sayama Secom Rugguts (2024 - 2026)
Kento Mizutani,水谷 健人,FL,狭山セコムラガッツ（2025-26）,183,99,1997.11.12,28,秋田工業高校,帝京大学,秋田工業高校 帝京大学,A,19,https://league-one.jp/player/484126,,,,,,Sayama Secom Rugguts (2024 - 2026)
Tatsuya Hayashi,林 辰哉,CTB,狭山セコムラガッツ（2025-26）,170,84,2000.05.19,25,石見智翠館高校,拓殖大学,石見智翠館高校 拓殖大学,A,0,https://league-one.jp/player/484127,,,,,,Sayama Secom Rugguts (2024 - 2026)
Ayumu Sawada,澤田 歩武,CTB,狭山セコムラガッツ（2025-26）,166,80,1996.08.04,29,専修大学付属高校,専修大学,専修大学付属高校 専修大学,A,7,https://league-one.jp/player/484129,,,,,,Sayama Secom Rugguts (2024 - 2026)
Shoki Morimoto,森元 翔紀,CTB,狭山セコムラガッツ（2025-26）,167,85,2000.08.09,25,報徳学園高校,近畿大学,報徳学園高校 近畿大学,A,7,https://league-one.jp/player/484130,,,,,,Sayama Secom Rugguts (2024 - 2026)
Ryoutaro Shimizu,清水 良太郎,SH,狭山セコムラガッツ（2025-26）,168,75,2001.11.18,24,東京高校,東洋大学,東京高校 東洋大学,A,0,https://league-one.jp/player/484131,,,,,,Not Found
Makoto Kurata,倉田 真,PR,狭山セコムラガッツ（2025-26）,176,113,2000.09.06,25,京都成章高校,明治大学,京都成章高校 明治大学,A,5,https://league-one.jp/player/484132,,,,,,Sayama Secom Rugguts (2024 - 2026)
Tomoya Haraguti,原口 智也,CTB,狭山セコムラガッツ（2025-26）,170,84,1997.11.04,28,佐野日大高校,立命館大学,佐野日大高校 立命館大学,A,0,https://league-one.jp/player/484133,,,,,,Not Found
Kanaru Takahashi,高橋 香成,SH,狭山セコムラガッツ（2025-26）,168,75,1996.09.01,29,東海大相模高校,東海大学,東海大相模高校 東海大学,A,8,https://league-one.jp/player/484134,,,,,,Sayama Secom Rugguts (2024 - 2026)
Itsuki Fujii,藤井 樹,LO,狭山セコムラガッツ（2025-26）,181,103,1995.07.09,30,日本大学高校,帝京大学,日本大学高校 帝京大学,A,12,https://league-one.jp/player/484135,,,,,,Sayama Secom Rugguts (2024 - 2026)
Toshiki Sato,佐藤 俊輝,PR,狭山セコムラガッツ（2025-26）,171,105,1997.02.19,28,昌平高校,國學院大大学,昌平高校 國學院大,A,15,https://league-one.jp/player/484136,,,,,,Sayama Secom Rugguts (2024 - 2026)
Musashi Matsuda,松田 武蔵,WTB,狭山セコムラガッツ（2025-26）,170,77,2000.08.24,25,ロトルア・ボーイズ,大東文化大学,ロトルア・ボーイズ高校 大東文化大学,A,6,https://league-one.jp/player/484137,,,,,,Sayama Secom Rugguts (2024 - 2026)
Takehiro Kimura,木村 勇大,FL,中国電力レッドレグリオンズ（2025-26）,188,100,1992.11.11,33,都島工業高校,近畿大学,都島工業 近畿大学,A,12,https://league-one.jp/player/484254,,,,,,Chugoku Red Regulions (2025 - 2026) -> sans club (2024 - 2025) -> Hino Red Dolphins (2021 - 2023)
Taiyou Kubo,久保 太陽,No8,中国電力レッドレグリオンズ（2025-26）,180,105,2002.11.05,23,報徳学園高校,同志社大学,報徳学園高校 同志社大学,A,0,https://league-one.jp/player/484255,,,,,,Not Found
Hayato Fukumoto,福本 颯翔,SH,中国電力レッドレグリオンズ（2025-26）,166,72,2002.07.16,23,東海大大阪仰星高校,立命館大学,東海大大阪仰星高校 立命館大学,A,2,https://league-one.jp/player/484256,,,,,,Chugoku Red Regulions (2025 - 2026) -> Ritsumeikan University (2024 - 2025)
Kaen Hirano,平野 叶苑,HO,中国電力レッドレグリオンズ（2025-26）,175,100,2002.07.18,23,西陵高校,京都産業大学,名古屋市立西陵高校 京都産業大学,A,2,https://league-one.jp/player/484257,,,,,,Chugoku Red Regulions (2025 - 2026) -> Kyoto Sangyo University (2024 - 2025)
Kenji Nigara,二重 賢治,PR,中国電力レッドレグリオンズ（2025-26）,178,103,2002.07.24,23,天理高校,筑波大学,天理高校 筑波大学,A,0,https://league-one.jp/player/484258,,,,,,Chugoku Red Regulions (2025 - 2026) -> Tsukuba University (2024 - 2025)
Sebasstian Sialau,セバスチャン ・シアラウ,SO,中国電力レッドレグリオンズ（2025-26）,180,88,2003.12.20,22,トゥウンバ文法学校,,トゥウンバ文法学校,B,13,https://league-one.jp/player/484259,,,,,,Not Found
Connor Anderson,コナー ・アンダーソン,FL,中国電力レッドレグリオンズ（2025-26）,191,103,1996.05.13,29,ブリズベン州立高校,,ブリズベン州立高等学校,B,8,https://league-one.jp/player/484260,,,,,,Chugoku Red Regulions (2024 - 2026) -> Queensland Reds (2022 - 2024) -> West Brisbane Bulldogs (2021 - 2022)
Taiki Washiya,鷲谷 太希,LO,中国電力レッドレグリオンズ（2025-26）,188,100,2000.05.08,25,天理高校,日本大学,天理高校 日本大学,A,3,https://league-one.jp/player/484261,,,,,,Chugoku Red Regulions (2023 - 2026)
Hayato Miyazaki,宮嵜 隼人,SO,中国電力レッドレグリオンズ（2025-26）,172,84,2000.07.24,25,報徳学園高校,立命館大学,報徳学園 立命館大学,A,19,https://league-one.jp/player/484262,,,,,,Chugoku Red Regulions (2023 - 2026)
Kennta Kitayama,北山 絢大,WTB,中国電力レッドレグリオンズ（2025-26）,170,80,2000.10.30,25,東海大仰星高校,京都産業大学,東海大仰星高校 京都産業大学,A,13,https://league-one.jp/player/484263,,,,,,Chugoku Red Regulions (2023 - 2026)
Syougo Azuma,東 将吾,CTB,中国電力レッドレグリオンズ（2025-26）,176,86,2000.10.18,25,芦屋学園高校,摂南大学,芦屋学園高校 摂南大学,A,22,https://league-one.jp/player/484264,,,,,,Chugoku Red Regulions (2023 - 2026)
Shintaro Matsuda,松田 進太郎,FL,中国電力レッドレグリオンズ（2025-26）,175,95,1999.05.23,26,京都成章高校,関西学院大学,京都成章高校 関西学院大学,A,36,https://league-one.jp/player/484265,,,,,,Chugoku Red Regulions (2021 - 2026)
Kentarou Fujii,藤井 健太郎,WTB,中国電力レッドレグリオンズ（2025-26）,179,90,2000.01.17,25,伏見工業高校,立命館大学,伏見工業 立命館大学,A,41,https://league-one.jp/player/484266,,,セブンズ日本(1),,,Not Found
Shinnya Hirayama,平山 真也,CTB,中国電力レッドレグリオンズ（2025-26）,177,92,1999.10.08,26,東福岡高校,福岡工業大学,東福岡高校 福岡工業大学,A,36,https://league-one.jp/player/484267,,,,,,Not Found
Tomonari Aoki,青木 智成,LO,中国電力レッドレグリオンズ（2025-26）,189,104,1998.05.09,27,東京高校,中央大学,東京高校 中央大学,A,29,https://league-one.jp/player/484268,,,,,,Chugoku Red Regulions (2021 - 2026)
Hashizou Yoshida,吉田 橋蔵,SO,中国電力レッドレグリオンズ（2025-26）,177,85,1997.12.20,28,徳島城北高校,日本大学,徳島城北高校 日本大学,A,41,https://league-one.jp/player/484269,,,,,,Chugoku Red Regulions (2021 - 2026)
Riki Yamaguchi,山口 莉輝,PR,中国電力レッドレグリオンズ（2025-26）,180,112,1999.02.14,26,長崎北陽台高校,帝京大学,長崎北陽台高校 帝京大学,A,17,https://league-one.jp/player/484270,,,,,,Chugoku Red Regulions (2021 - 2026)
Kota Moriyama,森山 皓太,FL,中国電力レッドレグリオンズ（2025-26）,186,110,1993.11.29,32,東山高校,摂南大学,東山高校 摂南大学,A,43,https://league-one.jp/player/484271,,,,,,Chugoku Red Regulions (2021 - 2026)
Masaaki Morita,森田 政彰,CTB,中国電力レッドレグリオンズ（2025-26）,166,84,1991.10.21,34,御所実業高校,九州共立大学,御所実業高校 九州共立大学,A,38,https://league-one.jp/player/484272,,,,,,Chugoku Red Regulions (2021 - 2026)
Kento Miyata,宮田 賢斗,PR,中国電力レッドレグリオンズ（2025-26）,170,107,1998.07.27,27,鹿児島玉龍高校,朝日大学,鹿児島玉龍高校 朝日大学,A,39,https://league-one.jp/player/484273,,,,,,Chugoku Red Regulions (2021 - 2026)
Atsushi Mizofuchi,溝渕 篤司,SH,中国電力レッドレグリオンズ（2025-26）,167,70,1998.10.31,27,桂高校,大東文化大学,京都府立桂高校 大東文化大学,A,24,https://league-one.jp/player/484274,,,,,,Chugoku Red Regulions (2021 - 2026)
Kohei Matsunaga,松永 浩平,FL,中国電力レッドレグリオンズ（2025-26）,177,93,1990.07.16,35,広島工業高校,帝京大学,広島工業高校 帝京大学,A,33,https://league-one.jp/player/484275,,,,,,Chugoku Red Regulions (2021 - 2026)
Yuto Matsuoka,松岡 祐斗,FB,中国電力レッドレグリオンズ（2025-26）,183,92,1998.02.22,27,明和高校,筑波大学,明和高校 筑波大学,A,19,https://league-one.jp/player/484276,,,U20('17),,,Chugoku Red Regulions (2021 - 2026)
Keisuke Maeda,前田 恵輔,PR,中国電力レッドレグリオンズ（2025-26）,172,102,1990.01.18,35,長崎南山高校,帝京大学,長崎南山高校 帝京大学,A,10,https://league-one.jp/player/484277,,,,,,Chugoku Red Regulions (2021 - 2026)
Hirofumi Higashikawa,東川 寛史,WTB,中国電力レッドレグリオンズ（2025-26）,175,84,1995.06.09,30,東福岡高校,法政大学,東福岡高校 法政大学,A,21,https://league-one.jp/player/484278,,,"U20,U23('15)",,,Chugoku Red Regulions (2021 - 2026)
Taro Nishikawa,西川 太郎,LO,中国電力レッドレグリオンズ（2025-26）,183,104,1994.10.09,31,天理高校,天理大学,天理高校 天理大学,A,50,https://league-one.jp/player/484279,,,,,,Chugoku Red Regulions (2021 - 2026)
Masahiro Nakano,中野 将宏,WTB,中国電力レッドレグリオンズ（2025-26）,168,78,1996.01.25,29,石見智翠館高校,九州共立大学,石見智翠館高校 九州共立大学,A,35,https://league-one.jp/player/484280,,,セブンズ日本(18),,,Chugoku Red Regulions (2021 - 2026)
Makoto Torikai,鳥飼 誠,CTB,中国電力レッドレグリオンズ（2025-26）,178,88,1993.08.07,32,東海大仰星高校,関西学院大大学,東海大仰星高校 関西学院大,A,15,https://league-one.jp/player/484281,,,,,,Chugoku Red Regulions (2021 - 2026)
Shohei Tsukamoto,塚本 奨平,SH,中国電力レッドレグリオンズ（2025-26）,168,70,1993.01.19,32,東海大仰星高校,帝京大学,東海大仰星高校 帝京大学,A,27,https://league-one.jp/player/484282,,,,,,Chugoku Red Regulions (2021 - 2026)
Noriyuki Kureyama,呉山 聖道,LO,中国電力レッドレグリオンズ（2025-26）,180,98,1998.07.25,27,大阪桐蔭高校,大東文化大学,大阪桐蔭高校 大東文化大学,A,25,https://league-one.jp/player/484283,,,,,,Chugoku Red Regulions (2021 - 2026)
Seiya Kitajima,北島 聖也,PR,中国電力レッドレグリオンズ（2025-26）,175,120,1995.03.06,30,佐賀工業高校,東海大学,佐賀工業高校 東海大学,A,22,https://league-one.jp/player/484284,,,,,,Chugoku Red Regulions (2021 - 2026)
Rintaro Kawasima,河嶋 凜太郎,SH,中国電力レッドレグリオンズ（2025-26）,160,65,1993.10.28,32,長崎南山高校,福岡工業大学,長崎南山高校 福岡工業大学,A,39,https://league-one.jp/player/484285,,,,,,Chugoku Red Regulions (2021 - 2026)
Toshiyuki ohki,大木 寿之,PR,中国電力レッドレグリオンズ（2025-26）,182,108,1994.02.09,31,國學院栃木高校,帝京大学,國學院栃木高校 帝京大学,A,30,https://league-one.jp/player/484286,,,,,,Chugoku Red Regulions (2021 - 2026)
Edward Quirk,エドワード ・カーク,FL,中国電力レッドレグリオンズ（2025-26）,191,108,1991.08.28,34,ブリスベンステート,アイオナ大学,ブリスベンステート高校 アイオナ大学,C,36,https://league-one.jp/player/484287,,,,,,Not Found
Kentaro Iwanaga,岩永 健太郎,HO,中国電力レッドレグリオンズ（2025-26）,171,102,1995.04.12,30,長崎南山高校,帝京大学,長崎南山高校 帝京大学,A,48,https://league-one.jp/player/484288,,,,,,Chugoku Red Regulions (2021 - 2026)
Kojiro Arito,有藤 孔次朗,PR,中国電力レッドレグリオンズ（2025-26）,173,102,1998.03.24,27,日川高校,中央大学,日川高校 中央大学,A,45,https://league-one.jp/player/484289,,,"U20,U23('17)",,,Chugoku Red Regulions (2021 - 2026)
Yuki Asai,浅井 佑輝,HO,中国電力レッドレグリオンズ（2025-26）,178,102,1992.08.24,33,関西学院高校,関西学院大学,関西学院高校 関西学院大学,A,27,https://league-one.jp/player/484290,,,,,,Chugoku Red Regulions (2021 - 2026)
Hayato Moriyama,森山 迅都,LO,中国電力レッドレグリオンズ（2025-26）,182,103,2001.07.21,24,京都工学院高校,摂南大学,京都工学院高校 摂南大学,A,14,https://league-one.jp/player/484291,,,,,,Chugoku Red Regulions (2024 - 2026)
Yuta Nishihama,西濱 悠太,HO,中国電力レッドレグリオンズ（2025-26）,177,101,2001.05.21,24,東福岡高校,同志社大学,東福岡高校 同志社大学,A,9,https://league-one.jp/player/484292,,,,,,Chugoku Red Regulions (2024 - 2026)
Haruki Miyata,宮田 悠暉,PR,中国電力レッドレグリオンズ（2025-26）,175,103,2001.05.03,24,広島工業高校,天理大学,広島県立広島工業高校 天理大学,A,18,https://league-one.jp/player/484293,,,,,,Chugoku Red Regulions (2023 - 2026)
Riku Iwai,岩井 陸,PR,中国電力レッドレグリオンズ（2025-26）,176,100,2001.06.07,24,尾道高校,京都産業大学,尾道高校 京都産業大学,A,14,https://league-one.jp/player/484294,,,,,,Chugoku Red Regulions (2023 - 2026)
Kaleb Trask,ケイレブ ・トラスク,SO,東京サントリーサンゴリアス（2025-26）,180,90,1999.01.27,26,ロトルアボーイズハイスクール,,ロトルアボーイズハイスクール,B,0,https://league-one.jp/player/484295,,,,,,Tokyo Sungoliath (2025 - 2026) -> Bay of Plenty Steamers (2025 - 2025) -> Chiefs (2025 - 2025) -> Bay of Plenty Steamers (2024 - 2024) -> Chiefs (2024 - 2024) -> Bay of Plenty Steamers (2024 - 2024) -> Chiefs (2024 - 2024) -> Bay of Plenty Steamers (2023 - 2023) -> Chiefs (2023 - 2023) -> Mie Honda Heat RFC (2022 - 2023) -> Bay of Plenty Steamers (2022 - 2022) -> Chiefs (2022 - 2022) -> Bay of Plenty Steamers (2021 - 2021) -> Chiefs (2021 - 2021) -> Bay of Plenty Steamers (2021 - 2021) -> Chiefs (2021 - 2021) -> Bay of Plenty Steamers (2020 - 2020) -> Chiefs (2020 - 2020) -> Bay of Plenty Steamers (2020 - 2020) -> Chiefs (2020 - 2020) -> Bay of Plenty Steamers (2019 - 2019) -> Chiefs (2019 - 2019) -> Bay of Plenty Steamers (2018 - 2019)
Gideon Wrampling,ギデオン ・ランプリング,CTB,東京サントリーサンゴリアス（2025-26）,188,102,2001.07.26,24,セントポールズ・カレッジエイト・スクール,,セントポールズ・カレッジエイト・スクール,B,0,https://league-one.jp/player/484296,,,,,,Tokyo Sungoliath (2025 - 2026) -> Waikato Mooloos (2025 - 2025) -> Chiefs (2025 - 2025) -> Waikato Mooloos (2024 - 2024) -> Chiefs (2024 - 2024) -> Waikato Mooloos (2024 - 2024) -> Chiefs (2024 - 2024) -> Waikato Mooloos (2023 - 2023) -> Chiefs (2023 - 2023) -> Waikato Mooloos (2023 - 2023) -> Chiefs (2023 - 2023) -> Waikato Mooloos (2022 - 2022) -> Chiefs (2021 - 2022) -> Waikato Mooloos (2021 - 2021) -> Chiefs (2021 - 2021) -> Waikato Mooloos (2020 - 2020) -> Chiefs (2020 - 2020) -> Waikato Mooloos (2019 - 2020)
Tevita Tatafu,テビタ ・タタフ,No8,東京サントリーサンゴリアス（2025-26）,183,119,1996.01.02,30,目黒学院高校,東海大学,目黒学院高校 東海大学,A,30,https://league-one.jp/player/484297,,,高校('12)、日本代表(20),,,Aviron Bayonnais (2019 - 2026)
George Hammond,ジョージ ・ハモンド,LO,東京サントリーサンゴリアス（2025-26）,199,115,2000.07.31,25,ウィットギフト・スクール,,ウィットギフト・スクール,B,3,https://league-one.jp/player/484298,,,,,,Tokyo Sungoliath (2025 - 2026) -> London Scottish (2025 - 2025) -> Harlequins (2025 - 2025) -> London Scottish (2024 - 2024) -> Harlequins (2023 - 2024) -> London Scottish (2023 - 2023) -> Harlequins (2023 - 2023) -> London Scottish (2022 - 2022) -> Harlequins (2020 - 2022) -> Leeds Tykes (2020 - 2020) -> Harlequins (2019 - 2019) -> Leeds Tykes (2019 - 2019) -> Harlequins (2018 - 2019)
Kazuki Ishida,石田 一貴,SO,東京サントリーサンゴリアス（2025-26）,173,85,1996.01.14,29,九州学院高校,日本体育大学,九州学院高校 日本体育大学,A,39,https://league-one.jp/player/484299,,,,,,Tokyo Sungoliath (2025 - 2026) -> Mitsubishi Sagamihara Dynaboars (2020 - 2025) -> Shimizu Koto Blue Sharks (2019 - 2020)
Sam Jeffries,サム ・ジェフリーズ,LO,東京サントリーサンゴリアス（2025-26）,198,114,1993.04.01,32,プルーム・アカデミー,ブリストル大学,プルーム・アカデミー ブリストル大学,B,33,https://league-one.jp/player/484338,,,,,,Tokyo Sungoliath (2025 - 2026) -> Hanazono Kintetsu Liners (2024 - 2025) -> Green Rockets Tokatsu (2024 - 2024) -> Hanazono Kintetsu Liners (2024 - 2024) -> Green Rockets Tokatsu (2023 - 2023) -> Hanazono Kintetsu Liners (2023 - 2023) -> Urayasu D-Rocks (2021 - 2023) -> Green Rockets Tokatsu (2019 - 2021) -> Melbourne Rebels (2013 - 2019)
Quinton Mahina,クイントン ・マヒナ,CTB,東京サントリーサンゴリアス（2025-26）,174,93,1999.04.29,26,ブリスベン州立高校,拓殖大学,ブリスベン州立高校 拓殖大学,A,2,https://league-one.jp/player/484301,,,,,,Tokyo Sungoliath (2025 - 2026) -> Kobelco Kobe Steelers (2022 - 2025)
Kanta Ogawa,小川 寛大,PR,東京サントリーサンゴリアス（2025-26）,178,110,1998.11.29,27,伏見工業高校,流通経済大学,伏見工業高校 流通経済大学,A,1,https://league-one.jp/player/484302,,,,,,Tokyo Sungoliath (2025 - 2026) -> Yokohama Canon Eagles (2023 - 2025)
Patrick Vakata,パトリック ・ヴァカタ,No8,東京サントリーサンゴリアス（2025-26）,189,115,2002.06.19,23,日本航空高校石川,天理大学,日本航空高校石川 天理大学,A,0,https://league-one.jp/player/484303,,,,,,Tokyo Sungoliath (2025 - 2026) -> Tenri University (2024 - 2025)
Masanori Miyao,宮尾 昌典,SH,東京サントリーサンゴリアス（2025-26）,165,70,2002.06.01,23,京都成章高校,早稲田大学,京都成章高校 早稲田大学,A,0,https://league-one.jp/player/484304,,,,,,Tokyo Sungoliath (2025 - 2026) -> Waseda University (2024 - 2025)
Kohei Yasuda,安田 昂平,WTB,東京サントリーサンゴリアス（2025-26）,181,88,2002.07.08,23,御所実業高校,明治大学,御所実業 明治大学,A,2,https://league-one.jp/player/484305,,,,,,Tokyo Sungoliath (2025 - 2026) -> Meiji University (2024 - 2025)
Max Hughes,マックス ・ヒューズ,SH,東京サントリーサンゴリアス（2025-26）,169,77,2001.10.18,24,クライストチャーチボーイズ,カンタベリー大学,クライストチャーチボーイズ高校 カンタベリー大学,A,2,https://league-one.jp/player/484306,,,,,,Tokyo Sungoliath (2024 - 2026) -> Sydenham Rugby Club (2023 - 2024)
Pierich Siebert,ピエリッチ ・シーバート,FL,東京サントリーサンゴリアス（2025-26）,185,101,2001.04.18,24,パール・ジムナジアム,立正大学,パール・ジムナジアム 立正大学,A,0,https://league-one.jp/player/484307,,,,,,Tokyo Sungoliath (2024 - 2026)
Sean McMahon,ショーン ・マクマーン,No8,東京サントリーサンゴリアス（2025-26）,186,99,1994.06.18,31,セントジョセフ・ナッジー,,セントジョセフ・ナッジー高校,C,22,https://league-one.jp/player/484308,,,,,,Tokyo Sungoliath (2021 - 2026) -> Melbourne Rebels (2013 - 2017)
Alex Mafi,アレックス ・マフィ,HO,東京サントリーサンゴリアス（2025-26）,177,110,1996.11.07,29,セントジョセフ・ナッジー,ボンド大学,セントジョセフ・ナッジー高校 ボンド大学,B,1,https://league-one.jp/player/484309,,,,,,Tokyo Sungoliath (2024 - 2026) -> Melbourne Rebels (2022 - 2024) -> Queensland Reds (2016 - 2022)
Saimoni Vunilagi,サイモニ ・ヴニランギ,LO,東京サントリーサンゴリアス（2025-26）,196,117,2000.06.13,25,マッセイ,大東文化大学,マッセイ高等学校 大東文化大学,A,3,https://league-one.jp/player/484310,,,,,,Tokyo Sungoliath (2023 - 2026)
Mikiya Takamoto,高本 幹也,SO,東京サントリーサンゴリアス（2025-26）,171,80,2001.03.15,24,大阪桐蔭高校,帝京大学,大阪桐蔭高校 帝京大学,A,40,https://league-one.jp/player/484311,,,U23('20),,,Tokyo Sungoliath (2023 - 2026)
Masahiko Sagara,相良 昌彦,FL,東京サントリーサンゴリアス（2025-26）,180,98,2001.02.01,24,早稲田実業高校,早稲田大学,早稲田実業高校 早稲田大学,A,0,https://league-one.jp/player/484312,,,,,,Tokyo Sungoliath (2023 - 2026)
Soshi Oga,大賀 宗志,PR,東京サントリーサンゴリアス（2025-26）,179,112,2001.01.14,24,報徳学園高校,明治大学,報徳学園高校 明治大学,A,2,https://league-one.jp/player/484313,,,,,,Tokyo Sungoliath (2023 - 2026)
Isaiah Punivai,イザヤ ・プニヴァイ,CTB,東京サントリーサンゴリアス（2025-26）,189,100,2000.12.01,25,クライスツ・カレッジ,リンカーン大学,クライスツ・カレッジ リンカーン大学,B,40,https://league-one.jp/player/484314,,,,,,Tokyo Sungoliath (2022 - 2026) -> Canterbury (2022 - 2022) -> Crusaders (2022 - 2022) -> Canterbury (2021 - 2021) -> Crusaders (2021 - 2021) -> Canterbury (2021 - 2021) -> Crusaders (2021 - 2021) -> Canterbury (2020 - 2020) -> Crusaders (2020 - 2020) -> Canterbury (2020 - 2020) -> Crusaders (2020 - 2020) -> Canterbury (2019 - 2019) -> Crusaders (2019 - 2019)
Tatsuya Miyazaki,宮崎 達也,HO,東京サントリーサンゴリアス（2025-26）,164,95,1996.04.10,29,伏見工業高校,京都産業大学,伏見工業高校 京都産業大学,A,20,https://league-one.jp/player/484315,,,,,,Tokyo Sungoliath (2023 - 2026) -> Munakata Sanix Blues (2021 - 2022)
Ryosuke Kawase,河瀬 諒介,FB,東京サントリーサンゴリアス（2025-26）,183,89,1999.07.21,26,東海大学仰星高校,早稲田大学,東海大学仰星高校 早稲田大学,A,25,https://league-one.jp/player/484316,,,高校('17)、U20('19)、U23('20),,,Tokyo Sungoliath (2022 - 2026)
Kai Yamamoto,山本 凱,FL,東京サントリーサンゴリアス（2025-26）,177,100,2000.03.17,25,慶應義塾高校,慶應義塾大学,慶應義塾高校 慶應義塾大学,A,40,https://league-one.jp/player/484317,,,"高校('17)、U20('18,'19)、U23('19)、日本代表(1)",,,Tokyo Sungoliath (2021 - 2026)
Kotaro Hosoki,細木 康太郎,PR,東京サントリーサンゴリアス（2025-26）,178,115,2000.01.28,25,桐蔭学園高校,帝京大学,桐蔭学園高校 帝京大学,A,16,https://league-one.jp/player/484318,,,高校('17),,,Tokyo Sungoliath (2022 - 2026)
Kotaro Matsushima,松島 幸太朗,FB,東京サントリーサンゴリアス（2025-26）,178,88,1993.02.26,32,桐蔭学園高校,,桐蔭学園高校,A,45,https://league-one.jp/player/484319,,,高校('09)、日本代表(55),,,Tokyo Sungoliath (2022 - 2026) -> ASM Clermont Auvergne (2020 - 2022) -> Tokyo Sungoliath (2018 - 2020) -> Sunwolves (2016 - 2018) -> Melbourne Rebels (2015 - 2016) -> Tokyo Sungoliath (2014 - 2015) -> Natal Sharks (2012 - 2013) -> Stade Toulousain (2011 - 2012)
Seiya Ozaki,尾崎 晟也,WTB,東京サントリーサンゴリアス（2025-26）,175,85,1995.07.11,30,伏見工業高校,帝京大学,伏見工業高校 帝京大学,A,70,https://league-one.jp/player/484320,,,"高校('12)、U20,U23('15)、日本代表(4)",,,Tokyo Sungoliath (2021 - 2026)
Hideto Niguma,仁熊 秀斗,WTB,東京サントリーサンゴリアス（2025-26）,172,85,1998.06.24,27,石見智翠館高校,筑波大学,石見智翠館高校 筑波大学,A,17,https://league-one.jp/player/484321,,,U23('18),,,Tokyo Sungoliath (2021 - 2026)
Shogo Nakano,中野 将伍,CTB,東京サントリーサンゴリアス（2025-26）,186,98,1997.06.11,28,東筑高校,早稲田大学,東筑高校 早稲田大学,A,44,https://league-one.jp/player/484322,,,"U23('15,'17,'19)、日本代表(11)",,,Tokyo Sungoliath (2020 - 2026) -> Sunwolves (2019 - 2020) -> Waseda University (2018 - 2019)
Taiga Ozaki,尾崎 泰雅,CTB,東京サントリーサンゴリアス（2025-26）,184,93,1998.09.25,27,伏見工業高校,帝京大学,伏見工業 帝京大学,A,50,https://league-one.jp/player/484323,,,,,,Tokyo Sungoliath (2021 - 2026)
Ryoto Nakamura,中村 亮土,CTB,東京サントリーサンゴリアス（2025-26）,181,92,1991.06.03,34,鹿児島実業高校,帝京大学,鹿児島実業高校 帝京大学,A,56,https://league-one.jp/player/484324,,,U20('11)、U23('16)、セブンズ日本(1)、日本代表(39),,,Tokyo Sungoliath (2021 - 2026) -> Sunwolves (2017 - 2019)
Shota Emi,江見 翔太,WTB,東京サントリーサンゴリアス（2025-26）,183,95,1991.12.08,34,学習院高等科高校,学習院大学,学習院高等科 学習院大学,A,18,https://league-one.jp/player/484325,,,U20('11)、セブンズ日本(2),,,Tokyo Sungoliath (2017 - 2026) -> Sunwolves (2017 - 2017) -> Tokyo Sungoliath (2016 - 2016) -> Sunwolves (2016 - 2016) -> Tokyo Sungoliath (2015 - 2016)
Genki Okoshi,大越 元気,SH,東京サントリーサンゴリアス（2025-26）,162,70,1994.12.26,31,茗渓学園高校,同志社大学,茗渓学園高校 同志社大学,A,5,https://league-one.jp/player/484326,,,,,,Tokyo Sungoliath (2021 - 2026)
Yutaka Nagare,流 大,SH,東京サントリーサンゴリアス（2025-26）,166,75,1992.09.04,33,荒尾高校,帝京大学,荒尾 帝京大学,A,61,https://league-one.jp/player/484327,,,日本代表(36),,,Tokyo Sungoliath (2019 - 2026) -> Sunwolves (2019 - 2019) -> Tokyo Sungoliath (2018 - 2018) -> Sunwolves (2017 - 2018)
Sota Oketani,桶谷 宗汰,FL,東京サントリーサンゴリアス（2025-26）,175,98,1994.11.18,31,常翔学園高校,明治大学,常翔学園高校 明治大学,A,12,https://league-one.jp/player/484328,,,,,,Tokyo Sungoliath (2021 - 2026)
Ryuga Hashimoto,箸本 龍雅,FL,東京サントリーサンゴリアス（2025-26）,188,112,1998.11.23,27,東福岡高校,明治大学,東福岡高校 明治大学,A,49,https://league-one.jp/player/484329,,,"U20('17,'18)、U23('18)",,,Tokyo Sungoliath (2021 - 2026) -> Sunwolves (2019 - 2020) -> Meiji University (2018 - 2019)
Yasuaki Katakura,片倉 康瑛,LO,東京サントリーサンゴリアス（2025-26）,190,105,1998.08.09,27,明治大学付属中野高校,明治大学,明治大学付属中野高校 明治大学,A,1,https://league-one.jp/player/484330,,,U23('19),,,Tokyo Sungoliath (2021 - 2026)
Koji Iino,飯野 晃司,FL,東京サントリーサンゴリアス（2025-26）,190,110,1994.10.12,31,三好高校,帝京大学,三好高校 帝京大学,A,25,https://league-one.jp/player/484331,,,U23('17)、日本代表(1),,,Tokyo Sungoliath (2021 - 2026)
Wataru Kobayashi,小林 航,LO,東京サントリーサンゴリアス（2025-26）,196,118,1994.03.22,31,明中八王子高校,明治大学,明中八王子高校 明治大学,A,13,https://league-one.jp/player/484332,,,,,,Tokyo Sungoliath (2021 - 2026)
Kienori Go,呉 季依典,HO,東京サントリーサンゴリアス（2025-26）,177,100,1996.10.23,29,京都成章高校,帝京大学,京都成章高校 帝京大学,A,35,https://league-one.jp/player/484333,,,,,,Tokyo Sungoliath (2021 - 2026)
Kosuke Horikoshi,堀越 康介,HO,東京サントリーサンゴリアス（2025-26）,175,100,1995.06.02,30,桐蔭学園高校,帝京大学,桐蔭学園高校 帝京大学,A,53,https://league-one.jp/player/484334,,,"高校('12)、U20('15)、U23('15,'17)、日本代表(7)",,,Tokyo Sungoliath (2018 - 2026)
Kan Nakano,中野 幹,PR,東京サントリーサンゴリアス（2025-26）,177,108,1997.09.29,28,東海大仰星高校,東海大学,東海大仰星高校 東海大学,A,54,https://league-one.jp/player/484335,,,U20('17),,,Tokyo Sungoliath (2021 - 2026)
Shinnosuke Kakinaga,垣永 真之介,PR,東京サントリーサンゴリアス（2025-26）,180,115,1991.12.19,34,東福岡高校,早稲田大学,東福岡高校 早稲田大学,A,45,https://league-one.jp/player/484336,,,日本代表(12),,,Tokyo Sungoliath (2017 - 2026) -> Sunwolves (2015 - 2016)
Yukio Morikawa,森川 由起乙,PR,東京サントリーサンゴリアス（2025-26）,180,113,1993.02.06,32,京都成章高校,帝京大学,京都成章高校 帝京大学,A,57,https://league-one.jp/player/484337,,,日本代表(5),,,Tokyo Sungoliath (2015 - 2026)
Sam Cane,サム ・ケイン,FL,東京サントリーサンゴリアス（2025-26）,189,103,1992.01.13,33,タウランガ・ボーイズ・カレッジ,,タウランガ・ボーイズ・カレッジ,C,18,https://league-one.jp/player/484339,,,NZ代表(104),,,Tokyo Sungoliath (2023 - 2026) -> Chiefs (2020 - 2023) -> Bay of Plenty Steamers (2020 - 2020) -> Chiefs (2020 - 2020) -> Bay of Plenty Steamers (2019 - 2019) -> Chiefs (2013 - 2019)
Atsuki Yamamoto,山本 敦輝,PR,東京サントリーサンゴリアス（2025-26）,177,106,2002.01.02,24,常翔学園高校,同志社大学,常翔学園高校 同志社大学,A,5,https://league-one.jp/player/484340,,,,,,Tokyo Sungoliath (2023 - 2026)
Shuhei Takeuchi,竹内 柊平,PR,東京サントリーサンゴリアス（2025-26）,183,115,1997.12.09,28,宮崎工業高校,九州共立大学,宮崎工業高校 九州共立大学,A,60,https://league-one.jp/player/485712,,,XV('25)、日本代表(24),,,Tokyo Sungoliath (2025 - 2026) -> Urayasu D-Rocks (2020 - 2025)
Shodai Hirao,平生 翔大,HO,東京サントリーサンゴリアス（2025-26）,174,105,2002.10.11,23,関西学院高等部,関西学院大学,関西学院高等部 関西学院大学,A,3,https://league-one.jp/player/485713,,,XV('25)、日本代表(2),,,Not Found
Kenta Fukuda,福田 健太,SH,東京サントリーサンゴリアス（2025-26）,173,80,1996.12.19,29,茗溪学園高校,明治大学,茗溪学園高校 明治大学,A,52,https://league-one.jp/player/485714,,,XV('25)、日本代表(8),,,Tokyo Sungoliath (2024 - 2026) -> Toyota Verblitz (2020 - 2024) -> Sunwolves (2020 - 2020) -> Toyota Verblitz (2020 - 2020) -> Sunwolves (2019 - 2019) -> Toyota Verblitz (2019 - 2019)
Kenta Kobayashi,小林 賢太,PR,東京サントリーサンゴリアス（2025-26）,181,115,1999.06.02,26,東福岡高校,早稲田大学,東福岡高校 早稲田大学,A,47,https://league-one.jp/player/485715,,,U20('19)、U23('20)、XV('25)、日本代表(9),,,Tokyo Sungoliath (2022 - 2026)
Kanji Shimokawa,下川 甲嗣,FL,東京サントリーサンゴリアス（2025-26）,188,105,1999.01.17,26,修猷館高校,早稲田大学,修猷館高校 早稲田大学,A,58,https://league-one.jp/player/485716,,,"U20,U23('18)、XV('25)、日本代表(23)",,,Tokyo Sungoliath (2020 - 2026)
Harry Hockings,ハリー ・ホッキングス,LO,東京サントリーサンゴリアス（2025-26）,206,118,1998.07.28,27,アングリカン・チャーチ・グラマー・スクール,クイーンズランド大学,アングリカン・チャーチ・グラマー・スクール クイーンズランド大学,A,67,https://league-one.jp/player/485719,,,日本代表(2),,,Tokyo Sungoliath (2020 - 2026) -> Queensland Reds (2017 - 2020)
Sanshiro Kihara,木原 三四郎,PR,東京サントリーサンゴリアス（2025-26）,180,110,2003.01.20,22,東福岡高校,専修大学,東福岡高校 専修大学,A,2,https://league-one.jp/player/485912,,,XV('25),,,Tokyo Sungoliath (2025 - 2026) -> Senshu University (2025 - 2025) -> Tokyo Sungoliath (2024 - 2024) -> Senshu University (2023 - 2024)
Cheslin Kolbe,チェスリン ・コルビ,WTB,東京サントリーサンゴリアス（2025-26）,172,80,1993.10.28,32,ブラッケンフェル,フリーステート大学,ブラッケンフェル高校 フリーステート大学,C,28,https://league-one.jp/player/486282,,,,,,Tokyo Sungoliath (2023 - 2026) -> Rugby Club Toulonnais (2021 - 2023) -> Stade Toulousain (2017 - 2021) -> Stormers (2013 - 2017)