slug,name_en,leagues,height_weight_mismatch,mismatched_fields,height_cm_values,weight_kg_values,nationality_values,birthdate_values,resolved_height_cm,resolved_weight_kg,freshest_league,freshest_scraped_at
aaron-grandidier,Aaron GRANDIDIER,top14|national,yes,height_cm|weight_kg,top14:185|national:190,top14:92|national:93,top14:['France']|national:['France'],top14:None|national:None,185,92,top14,2026-07-25T22:44:46+09:00
aaron-wainwright,Aaron WAINWRIGHT,urc|national,yes,height_cm|weight_kg,urc:186|national:184,urc:109|national:114,urc:['Wales']|national:['Wales'],urc:None|national:None,184,114,national,2026-07-24T00:09:26+09:00
abraham-papali-i,Abraham PAPALI'I,top14|national,no,,top14:198|national:198,top14:125|national:125,"top14:['New Zealand', 'Samoa']|national:['New Zealand', 'Samoa']",top14:None|national:None,198,125,top14,2026-07-25T22:20:41+09:00
adam-beard,Adam BEARD,top14|national,yes,height_cm|weight_kg,top14:203|national:201,top14:119|national:117,top14:['Wales']|national:['Wales'],top14:None|national:None,203,119,top14,2026-07-25T22:35:34+09:00
adam-hastings,Adam HASTINGS,urc|national,yes,height_cm|weight_kg,urc:184|national:193,urc:93|national:96,urc:['Scotland']|national:['Scotland'],urc:None|national:None,193,96,national,2026-07-23T23:48:56+09:00
agustin-moyano,Agustín MOYANO,super-rugby|national,yes,height_cm|weight_kg,super-rugby:171|national:178,super-rugby:74|national:76,super-rugby:[]|national:[],super-rugby:None|national:None,171,74,super-rugby,2026-07-25T23:55:11+09:00
aidan-ross,Aidan ROSS,super-rugby|national,yes,height_cm|weight_kg,super-rugby:190|national:184,super-rugby:118|national:115,super-rugby:['New Zealand']|national:['New Zealand'],super-rugby:None|national:None,190,118,super-rugby,2026-07-25T23:49:13+09:00
aleksandre-kuntelia,Aleksandre KUNTELIA,top14|national,yes,height_cm|weight_kg,top14:194|national:195,top14:135|national:134,top14:[]|national:[],top14:None|national:None,194,135,top14,2026-07-25T22:27:36+09:00
alex-coles,Alex COLES,premiership|national,yes,height_cm|weight_kg,premiership:205|national:207,premiership:120|national:122,premiership:['England']|national:['England'],premiership:None|national:None,207,122,national,2026-07-24T00:14:11+09:00
alex-craig,Alex CRAIG,urc|national,yes,height_cm,urc:202|national:200,urc:121|national:121,urc:['Scotland']|national:['Scotland'],urc:None|national:None,200,121,national,2026-07-23T23:47:47+09:00
alex-mann,Alex MANN,urc|national,yes,height_cm|weight_kg,urc:186|national:188,urc:98|national:100,urc:['Wales']|national:['Wales'],urc:None|national:None,188,100,national,2026-07-24T00:09:29+09:00
alex-maughan,Alex MAUGHAN,mlr|national,yes,height_cm,mlr:181|national:188,mlr:128|national:128,mlr:[]|national:[],mlr:None|national:None,188,128,national,2026-07-24T00:35:13+09:00
alex-mitchell,Alex MITCHELL,premiership|national,yes,weight_kg,premiership:175|national:175,premiership:84|national:87,premiership:['England']|national:['England'],premiership:None|national:None,175,87,national,2026-07-24T00:14:44+09:00
alex-samuel,Alex SAMUEL,urc|national,yes,height_cm|weight_kg,urc:212|national:205,urc:127|national:124,urc:['Scotland']|national:['Scotland'],urc:None|national:None,205,124,national,2026-07-23T23:47:50+09:00
alexandre-roumat,Alexandre ROUMAT,top14|national,yes,height_cm|weight_kg,top14:202|national:199,top14:115|national:112,top14:['France']|national:['France'],top14:None|national:None,202,115,top14,2026-07-25T22:58:26+09:00
allan-alaalatoa,Allan ALAALATOA,super-rugby|national,yes,height_cm|weight_kg,super-rugby:183|national:185,super-rugby:120|national:123,super-rugby:['Australia']|national:['Australia'],super-rugby:None|national:None,183,120,super-rugby,2026-07-25T23:47:09+09:00
alvaro-garcia,Álvaro GARCIA,top14|national,yes,height_cm|weight_kg,top14:183|national:184,top14:122|national:115,top14:[]|national:[],top14:None|national:None,183,122,top14,2026-07-25T22:39:33+09:00
andre-esterhuizen,André ESTERHUIZEN,urc|national,yes,height_cm|weight_kg,urc:189|national:190,urc:115|national:110,urc:['South Africa']|national:['South Africa'],urc:None|national:None,190,110,national,2026-07-24T00:07:40+09:00
andrew-kellaway,Andrew KELLAWAY,super-rugby|national,yes,height_cm|weight_kg,super-rugby:184|national:186,super-rugby:96|national:93,super-rugby:['Australia']|national:['Australia'],super-rugby:None|national:None,184,96,super-rugby,2026-07-25T23:52:59+09:00
andrew-porter,Andrew PORTER,urc|national,yes,height_cm|weight_kg,urc:181|national:183,urc:128|national:120,urc:['Ireland']|national:['Ireland'],urc:None|national:None,183,120,national,2026-07-23T23:58:16+09:00
andrew-quattrin,Andrew QUATTRIN,mlr|national,yes,height_cm|weight_kg,mlr:183|national:180,mlr:112|national:119,mlr:['Canada']|national:['Canada'],mlr:None|national:None,180,119,national,2026-07-23T23:49:58+09:00
andro-dvali,Andro DVALI,top14|national,yes,height_cm|weight_kg,top14:188|national:184,top14:96|national:93,top14:[]|national:[],top14:None|national:None,188,96,top14,2026-07-25T22:47:20+09:00
andy-christie,Andy ONYEAMA-CHRISTIE,premiership|national,yes,height_cm|weight_kg,premiership:186|national:194,premiership:102|national:104,"premiership:['England', 'Scotland']|national:['England', 'Scotland']",premiership:None|national:None,194,104,national,2026-07-23T23:48:13+09:00
ange-capuozzo,Ange CAPUOZZO,top14|national,yes,height_cm|weight_kg,top14:181|national:175,top14:86|national:77,"top14:['France', 'Italy']|national:['France', 'Italy']",top14:None|national:None,181,86,top14,2026-07-25T22:59:41+09:00
angus-bell,Angus BELL,urc|national,yes,height_cm|weight_kg,urc:191|national:195,urc:134|national:135,urc:['Australia']|national:['Australia'],urc:None|national:None,195,135,national,2026-07-23T23:51:50+09:00
anthony-jelonch,Anthony JELONCH,top14|national,yes,height_cm|weight_kg,top14:200|national:194,top14:113|national:108,top14:['France']|national:['France'],top14:None|national:None,200,113,top14,2026-07-25T22:58:29+09:00
antoine-dupont,Antoine DUPONT,top14|national,yes,height_cm|weight_kg,top14:176|national:175,top14:82|national:90,top14:['France']|national:['France'],top14:None|national:None,176,82,top14,2026-07-25T22:58:52+09:00
antoine-hastoy,Antoine HASTOY,top14|national,yes,weight_kg,top14:182|national:182,top14:90|national:88,top14:['France']|national:['France'],top14:None|national:None,182,90,top14,2026-07-25T22:29:16+09:00
anton-segner,Anton SEGNER,super-rugby|national,yes,weight_kg,super-rugby:197|national:197,super-rugby:108|national:104,super-rugby:[]|national:[],super-rugby:None|national:None,197,108,super-rugby,2026-07-25T23:42:47+09:00
asafo-aumua,Asafo AUMUA,super-rugby|national,yes,height_cm,super-rugby:179|national:176,super-rugby:107|national:107,super-rugby:['New Zealand']|national:['New Zealand'],super-rugby:None|national:None,179,107,super-rugby,2026-07-25T23:37:35+09:00
asher-opoku,Asher OPOKU,premiership|national,yes,height_cm,premiership:188|national:181,premiership:116|national:116,premiership:['England']|national:['England'],premiership:None|national:None,181,116,national,2026-07-24T00:13:30+09:00
atunaisa-moli,Atu MOLI,super-rugby|national,yes,height_cm|weight_kg,super-rugby:188|national:192,super-rugby:127|national:125,super-rugby:['New Zealand']|national:['New Zealand'],super-rugby:None|national:None,188,127,super-rugby,2026-07-26T00:00:31+09:00
atunaisa-sokobale,Atunaisa SOKOBALE,top14|national,yes,height_cm|weight_kg,top14:184|national:185,top14:115|national:107,top14:[]|national:[],top14:None|national:None,184,115,top14,2026-07-25T22:19:50+09:00
bachuki-tchumbadze,Bachuki TCHUMBADZE,premiership|national,yes,height_cm|weight_kg,premiership:182|national:179,premiership:123|national:121,premiership:['Georgia']|national:['Georgia'],premiership:None|national:None,179,121,national,2026-07-24T00:17:42+09:00
baptiste-erdocio,Baptiste ERDOCIO,top14|national,yes,height_cm,top14:174|national:175,top14:120|national:120,top14:['France']|national:['France'],top14:None|national:None,174,120,top14,2026-07-25T22:34:54+09:00
baptiste-jauneau,Baptiste JAUNEAU,top14|national,yes,height_cm,top14:167|national:170,top14:81|national:81,top14:['France']|national:['France'],top14:None|national:None,167,81,top14,2026-07-25T22:25:04+09:00
baptiste-serin,Baptiste SERIN,top14|national,yes,height_cm|weight_kg,top14:182|national:181,top14:85|national:82,top14:['France']|national:['France'],top14:None|national:None,182,85,top14,2026-07-25T22:54:58+09:00
barnabe-massa,Barnabé MASSA,top14|national,yes,height_cm|weight_kg,top14:183|national:185,top14:108|national:99,top14:['France']|national:['France'],top14:None|national:None,183,108,top14,2026-07-25T22:24:09+09:00
bautista-delguy,Bautista DELGUY,top14|national,yes,height_cm|weight_kg,top14:178|national:181,top14:88|national:90,top14:['Argentina']|national:['Argentina'],top14:None|national:None,178,88,top14,2026-07-25T22:25:45+09:00
beauden-barrett,Beauden BARRETT,super-rugby|national,yes,height_cm,super-rugby:190|national:189,super-rugby:98|national:98,super-rugby:['New Zealand']|national:['New Zealand'],super-rugby:None|national:None,190,98,super-rugby,2026-07-25T23:43:20+09:00
beka-gigashvili,Beka GIGASHVILI,top14|national,yes,height_cm|weight_kg,top14:176|national:184,top14:117|national:119,top14:['Georgia']|national:['Georgia'],top14:None|national:None,176,117,top14,2026-07-25T22:53:34+09:00
beka-gorgadze,Beka GORGADZE,top14|national,yes,height_cm,top14:186|national:187,top14:115|national:115,top14:['Georgia']|national:['Georgia'],top14:None|national:None,186,115,top14,2026-07-25T22:43:36+09:00
beka-saghinadze,Beka SAGINADZE,top14|national,yes,height_cm|weight_kg,top14:196|national:188,top14:115|national:111,top14:['Georgia']|national:['Georgia'],top14:None|national:None,196,115,top14,2026-07-25T22:32:12+09:00
beka-shvangiradze,Beka SHVANGIRADZE,top14|national,yes,height_cm|weight_kg,top14:188|national:189,top14:101|national:103,top14:[]|national:[],top14:None|national:None,188,101,top14,2026-07-25T22:32:15+09:00
ben-donaldson,Ben DONALDSON,super-rugby|national,yes,height_cm|weight_kg,super-rugby:182|national:185,super-rugby:89|national:90,super-rugby:['Australia']|national:['Australia'],super-rugby:None|national:None,182,89,super-rugby,2026-07-25T23:55:25+09:00
ben-earl,Ben EARL,premiership|national,yes,height_cm|weight_kg,premiership:184|national:188,premiership:106|national:105,premiership:['England']|national:['England'],premiership:None|national:None,188,105,national,2026-07-24T00:14:23+09:00
ben-spencer,Ben SPENCER,premiership|national,yes,height_cm|weight_kg,premiership:175|national:183,premiership:92|national:85,premiership:['England']|national:['England'],premiership:None|national:None,183,85,national,2026-07-24T00:14:47+09:00
ben-tameifuna,Ben TAMEIFUNA,top14|national,yes,height_cm|weight_kg,top14:191|national:187,top14:155|national:156,"top14:['New Zealand', 'Tonga']|national:['New Zealand', 'Tonga']",top14:None|national:None,191,155,top14,2026-07-25T22:15:53+09:00
ben-white,Ben WHITE,top14|national,yes,height_cm|weight_kg,top14:176|national:179,top14:93|national:86,"top14:['England', 'Scotland']|national:['England', 'Scotland']",top14:None|national:None,176,93,top14,2026-07-25T22:55:02+09:00
benjamin-bonasso,Ben BONASSO,mlr|national,yes,height_cm,mlr:188|national:190,mlr:103|national:103,"mlr:['Argentina', 'United-States']|national:['Argentina', 'United-States']",mlr:None|national:None,190,103,national,2026-07-24T00:35:36+09:00
beno--obano-,Beno OBANO,premiership|national,yes,height_cm|weight_kg,premiership:180|national:186,premiership:115|national:119,premiership:['England']|national:['England'],premiership:None|national:None,186,119,national,2026-07-24T00:13:34+09:00
bevan-rodd,Bevan RODD,premiership|national,yes,weight_kg,premiership:184|national:184,premiership:116|national:119,"premiership:['Scotland', 'England']|national:['Scotland', 'England']",premiership:None|national:None,184,119,national,2026-07-24T00:13:37+09:00
billy-pollard,Billy POLLARD,super-rugby|national,yes,height_cm|weight_kg,super-rugby:188|national:181,super-rugby:99|national:101,super-rugby:[]|national:[],super-rugby:None|national:None,188,99,super-rugby,2026-07-25T23:47:29+09:00
billy-proctor,Billy PROCTOR,super-rugby|national,yes,height_cm|weight_kg,super-rugby:182|national:189,super-rugby:102|national:95,super-rugby:['New Zealand']|national:['New Zealand'],super-rugby:None|national:None,182,102,super-rugby,2026-07-25T23:38:45+09:00
blair-kinghorn,Blair KINGHORN,top14|national,yes,height_cm|weight_kg,top14:191|national:194,top14:107|national:103,top14:['Scotland']|national:['Scotland'],top14:None|national:None,191,107,top14,2026-07-25T22:59:44+09:00
blair-murray,Blair MURRAY,urc|national,yes,height_cm|weight_kg,urc:178|national:176,urc:80|national:78,"urc:['New Zealand', 'Wales']|national:['New Zealand', 'Wales']",urc:None|national:None,176,78,national,2026-07-24T00:11:09+09:00
bongi-mbonambi,Bongi MBONAMBI,urc|national,yes,height_cm|weight_kg,urc:180|national:173,urc:122|national:116,urc:['South Africa']|national:['South Africa'],urc:None|national:None,173,116,national,2026-07-24T00:05:51+09:00
brandon-harvey,Brandon HARVEY,mlr|national,yes,height_cm|weight_kg,mlr:196|national:203,mlr:113|national:117,mlr:[]|national:[],mlr:None|national:None,203,117,national,2026-07-24T00:35:27+09:00
brandon-paenga-amosa,Brandon PAENGA-AMOSA,super-rugby|national,yes,height_cm|weight_kg,super-rugby:184|national:186,super-rugby:120|national:119,"super-rugby:['New Zealand', 'Australia']|national:['New Zealand', 'Australia']",super-rugby:None|national:None,184,120,super-rugby,2026-07-25T23:54:33+09:00
bundee-aki,Bundee AKI,urc|national,yes,height_cm|weight_kg,urc:177|national:182,urc:103|national:106,"urc:['New Zealand', 'Ireland']|national:['New Zealand', 'Ireland']",urc:None|national:None,182,106,national,2026-07-24T00:00:06+09:00
cadan-murley,Cadan MURLEY,premiership|national,yes,height_cm|weight_kg,premiership:180|national:185,premiership:91|national:99,premiership:['England']|national:['England'],premiership:None|national:None,185,99,national,2026-07-24T00:15:25+09:00
caelan-doris,Caelan DORIS,urc|national,yes,height_cm|weight_kg,urc:191|national:198,urc:107|national:106,urc:['Ireland']|national:['Ireland'],urc:None|national:None,198,106,national,2026-07-23T23:59:24+09:00
caleb-clarke,Caleb CLARKE,super-rugby|national,yes,height_cm|weight_kg,super-rugby:193|national:194,super-rugby:111|national:113,super-rugby:['New Zealand']|national:['New Zealand'],super-rugby:None|national:None,193,111,super-rugby,2026-07-25T23:43:43+09:00
calixto-martinez,Cali MARTINEZ,mlr|national,yes,height_cm,mlr:170|national:171,mlr:112|national:112,mlr:[]|national:[],mlr:None|national:None,171,112,national,2026-07-23T23:49:44+09:00
callum-botchar,Callum BOTCHAR,mlr|national,yes,height_cm|weight_kg,mlr:198|national:194,mlr:116|national:119,mlr:['Canada']|national:['Canada'],mlr:None|national:None,194,119,national,2026-07-23T23:50:11+09:00
callum-sheedy,Callum SHEEDY,urc|national,yes,weight_kg,urc:180|national:180,urc:92|national:90,urc:['Wales']|national:['Wales'],urc:None|national:None,180,90,national,2026-07-24T00:10:17+09:00
cameron-hanekom,Cameron HANEKOM,urc|national,yes,height_cm,urc:191|national:190,urc:115|national:115,urc:['South Africa']|national:['South Africa'],urc:None|national:None,190,115,national,2026-07-24T00:06:40+09:00
cameron-roigard,Cam ROIGARD,super-rugby|national,yes,height_cm|weight_kg,super-rugby:188|national:186,super-rugby:84|national:87,super-rugby:['New Zealand']|national:['New Zealand'],super-rugby:None|national:None,188,84,super-rugby,2026-07-25T23:38:22+09:00
caolin-blade,Caolin BLADE,urc|national,yes,height_cm|weight_kg,urc:174|national:175,urc:84|national:86,urc:['Ireland']|national:['Ireland'],urc:None|national:None,175,86,national,2026-07-23T23:59:43+09:00
carlo-tizzano,Carlo TIZZANO,super-rugby|national,yes,height_cm|weight_kg,super-rugby:188|national:180,super-rugby:99|national:100,"super-rugby:['Australia', 'Italy']|national:['Australia', 'Italy']",super-rugby:None|national:None,188,99,super-rugby,2026-07-25T23:54:53+09:00
carlu-sadie,Carlü SADIE,top14|national,yes,height_cm|weight_kg,top14:180|national:184,top14:136|national:140,top14:['South Africa']|national:['South Africa'],top14:None|national:None,180,136,top14,2026-07-25T22:15:58+09:00
carter-gordon,Carter GORDON,super-rugby|national,yes,height_cm|weight_kg,super-rugby:192|national:186,super-rugby:98|national:92,super-rugby:[]|national:[],super-rugby:None|national:None,192,98,super-rugby,2026-07-25T23:50:22+09:00
chandler-cunningham-south,Chandler CUNNINGHAM-SOUTH,premiership|national,yes,height_cm|weight_kg,premiership:198|national:199,premiership:117|national:118,premiership:['England']|national:['England'],premiership:None|national:None,199,118,national,2026-07-24T00:14:26+09:00
charles-ollivon,Charles OLLIVON,top14|national,yes,height_cm|weight_kg,top14:194|national:202,top14:111|national:110,top14:['France']|national:['France'],top14:None|national:None,194,111,top14,2026-07-25T22:54:30+09:00
charlie-abel,Charlie ABEL,mlr|national,yes,height_cm,mlr:177|national:187,mlr:120|national:120,mlr:[]|national:[],mlr:None|national:None,187,120,national,2026-07-24T00:34:45+09:00
charlie-ewels,Charlie EWELS,premiership|national,yes,height_cm|weight_kg,premiership:197|national:196,premiership:116|national:111,premiership:['England']|national:['England'],premiership:None|national:None,196,111,national,2026-07-24T00:14:14+09:00
christian-lio-willie,Christian LIO-WILLIE,super-rugby|national,yes,height_cm|weight_kg,super-rugby:192|national:184,super-rugby:112|national:109,super-rugby:['New Zealand']|national:['New Zealand'],super-rugby:None|national:None,192,112,super-rugby,2026-07-25T23:45:21+09:00
christian-poidevin,Christian POIDEVIN,mlr|national,yes,height_cm|weight_kg,mlr:190|national:192,mlr:106|national:104,mlr:[]|national:[],mlr:None|national:None,192,104,national,2026-07-24T00:35:39+09:00
christopher-hilsenbeck,Christopher HILSENBECK,mlr|national,yes,height_cm|weight_kg,mlr:182|national:188,mlr:88|national:79,mlr:['Germany']|national:['Germany'],mlr:None|national:None,188,79,national,2026-07-24T00:36:16+09:00
cian-prendergast,Cian PRENDERGAST,urc|national,yes,height_cm,urc:193|national:197,urc:112|national:112,urc:['Ireland']|national:['Ireland'],urc:None|national:None,197,112,national,2026-07-23T23:59:27+09:00
ciaran-frawley,Ciarán FRAWLEY,urc|national,yes,height_cm|weight_kg,urc:196|national:186,urc:94|national:96,urc:['Ireland']|national:['Ireland'],urc:None|national:None,186,96,national,2026-07-23T23:59:54+09:00
cleopas-kundiona,Cleopas KUNDIONA,premiership|national,yes,height_cm|weight_kg,premiership:179|national:186,premiership:126|national:125,premiership:['Zimbabwe']|national:['Zimbabwe'],premiership:None|national:None,186,125,national,2026-07-24T00:29:25+09:00
cobus-reinach,Cobus REINACH,urc|national,yes,height_cm|weight_kg,urc:173|national:178,urc:89|national:88,urc:['South Africa']|national:['South Africa'],urc:None|national:None,178,88,national,2026-07-24T00:07:09+09:00
codie-taylor,Codie TAYLOR,super-rugby|national,yes,height_cm|weight_kg,super-rugby:178|national:180,super-rugby:105|national:114,super-rugby:['New Zealand']|national:['New Zealand'],super-rugby:None|national:None,178,105,super-rugby,2026-07-25T23:44:53+09:00
conner-mooneyham,Conner MOONEYHAM,mlr|national,yes,height_cm|weight_kg,mlr:187|national:179,mlr:88|national:90,mlr:[]|national:[],mlr:None|national:None,179,90,national,2026-07-24T00:36:34+09:00
corey-toole,Corey TOOLE,super-rugby|national,yes,height_cm|weight_kg,super-rugby:180|national:178,super-rugby:83|national:85,super-rugby:['Australia']|national:['Australia'],super-rugby:None|national:None,180,83,super-rugby,2026-07-25T23:48:43+09:00
cortez-ratima,Cortez RATIMA,super-rugby|national,yes,height_cm|weight_kg,super-rugby:181|national:180,super-rugby:86|national:82,super-rugby:['New Zealand']|national:['New Zealand'],super-rugby:None|national:None,181,86,super-rugby,2026-07-25T23:40:43+09:00
cory-gilliland-daniel,Cory GILLILAND-DANIEL,mlr|national,yes,height_cm|weight_kg,mlr:185|national:191,mlr:107|national:112,mlr:['United-States']|national:['United-States'],mlr:None|national:None,191,112,national,2026-07-24T00:35:42+09:00
craig-casey,Craig CASEY,urc|national,yes,height_cm|weight_kg,urc:170|national:167,urc:74|national:75,urc:['Ireland']|national:['Ireland'],urc:None|national:None,167,75,national,2026-07-23T23:59:46+09:00
d-arcy-rae,D'Arcy RAE,urc|national,yes,height_cm|weight_kg,urc:187|national:188,urc:126|national:129,urc:['Scotland']|national:['Scotland'],urc:None|national:None,188,129,national,2026-07-23T23:47:05+09:00
dafydd-jenkins,Dafydd JENKINS,premiership|national,yes,height_cm|weight_kg,premiership:206|national:204,premiership:124|national:125,premiership:['Wales']|national:['Wales'],premiership:None|national:None,204,125,national,2026-07-24T00:09:11+09:00
damian-mckenzie,Damian MCKENZIE,super-rugby|national,yes,weight_kg,super-rugby:173|national:173,super-rugby:79|national:82,super-rugby:['New Zealand']|national:['New Zealand'],super-rugby:None|national:None,173,79,super-rugby,2026-07-25T23:40:51+09:00
damian-penaud,Damian PENAUD,top14|national,yes,height_cm|weight_kg,top14:193|national:185,top14:102|national:92,top14:['France']|national:['France'],top14:None|national:None,193,102,top14,2026-07-25T22:17:53+09:00
damian-willemse,Damian WILLEMSE,urc|national,yes,height_cm|weight_kg,urc:183|national:188,urc:99|national:105,urc:['South Africa']|national:['South Africa'],urc:None|national:None,188,105,national,2026-07-24T00:08:08+09:00
dan-sheehan,Dan SHEEHAN,urc|national,yes,height_cm|weight_kg,urc:196|national:193,urc:114|national:113,urc:['Ireland']|national:['Ireland'],urc:None|national:None,193,113,national,2026-07-23T23:58:46+09:00
danilo-fischetti,Danilo FISCHETTI,premiership|national,yes,height_cm|weight_kg,premiership:176|national:184,premiership:115|national:121,premiership:['Italy']|national:['Italy'],premiership:None|national:None,184,121,national,2026-07-24T00:00:48+09:00
danny-southworth,Danny SOUTHWORTH,urc|national,yes,height_cm|weight_kg,urc:186|national:188,urc:121|national:115,"urc:['England', 'Wales']|national:['England', 'Wales']",urc:None|national:None,188,115,national,2026-07-24T00:08:28+09:00
darcy-graham,Darcy GRAHAM,urc|national,yes,height_cm|weight_kg,urc:181|national:175,urc:83|national:90,urc:['Scotland']|national:['Scotland'],urc:None|national:None,175,90,national,2026-07-23T23:49:26+09:00
dave-cherry,Dave CHERRY,top14|national,yes,height_cm,top14:182|national:179,top14:103|national:103,top14:['Scotland']|national:['Scotland'],top14:None|national:None,182,103,top14,2026-07-25T23:02:56+09:00
david-odiase,David ODIASE,urc|national,yes,height_cm|weight_kg,urc:192|national:185,urc:115|national:118,urc:['Italy']|national:['Italy'],urc:None|national:None,185,118,national,2026-07-24T00:01:42+09:00
davit-lagvilava,Davit LAGVILAVA,top14|national,yes,height_cm,top14:199|national:203,top14:None|national:None,top14:[]|national:[],top14:None|national:None,199,,top14,2026-07-25T22:47:03+09:00
davit-niniashvili,Davit NINIASHVILI,top14|national,yes,height_cm|weight_kg,top14:187|national:186,top14:89|national:86,top14:[]|national:[],top14:None|national:None,187,89,top14,2026-07-25T22:30:01+09:00
declan-meredith,Declan MEREDITH,super-rugby|national,yes,height_cm,super-rugby:185|national:183,super-rugby:85|national:85,super-rugby:['Australia']|national:['Australia'],super-rugby:None|national:None,185,85,super-rugby,2026-07-25T23:48:16+09:00
demba-bamba,Demba BAMBA,top14|national,yes,height_cm|weight_kg,top14:183|national:182,top14:130|national:128,top14:['France']|national:['France'],top14:None|national:None,183,130,top14,2026-07-25T22:50:19+09:00
dewald-kotze,Dewald KOTZE,mlr|national,yes,height_cm|weight_kg,mlr:179|national:188,mlr:113|national:107,"mlr:['South Africa', 'Canada']|national:['South Africa', 'Canada']",mlr:None|national:None,188,107,national,2026-07-23T23:50:03+09:00
diego-escobar,Diego ESCOBAR,top14|national,yes,height_cm|weight_kg,top14:177|national:178,top14:108|national:100,top14:[]|national:[],top14:None|national:None,177,108,top14,2026-07-25T22:50:44+09:00
dillon-lewis,Dillon LEWIS,urc|national,yes,height_cm|weight_kg,urc:190|national:181,urc:120|national:122,urc:['Wales']|national:['Wales'],urc:None|national:None,181,122,national,2026-07-24T00:08:31+09:00
dorian-aldegheri,Dorian ALDEGHERI,top14|national,yes,height_cm,top14:180|national:185,top14:119|national:119,top14:['France']|national:['France'],top14:None|national:None,180,119,top14,2026-07-25T22:57:37+09:00
du-plessis-kirifi,Du'Plessis KIRIFI,super-rugby|national,yes,height_cm|weight_kg,super-rugby:180|national:177,super-rugby:101|national:100,super-rugby:['New Zealand']|national:['New Zealand'],super-rugby:None|national:None,180,101,super-rugby,2026-07-25T23:38:14+09:00
duhan-van-der-merwe,Duhan VAN DER MERWE,urc|national,yes,weight_kg,urc:190|national:190,urc:102|national:108,"urc:['South Africa', 'Scotland']|national:['South Africa', 'Scotland']",urc:None|national:None,190,108,national,2026-07-23T23:49:29+09:00
duncan-paia-aua,Duncan PAIA'AUA,top14|national,yes,height_cm,top14:182|national:184,top14:90|national:90,"top14:['New Zealand', 'Samoa']|national:['New Zealand', 'Samoa']",top14:None|national:None,182,90,top14,2026-07-25T22:48:16+09:00
dylan-pietsch,Dylan PIETSCH,super-rugby|national,yes,height_cm|weight_kg,super-rugby:182|national:189,super-rugby:97|national:102,super-rugby:[]|national:[],super-rugby:None|national:None,182,97,super-rugby,2026-07-25T23:55:46+09:00
dylan-richardson,Dylan RICHARDSON,urc|national,yes,height_cm,urc:183|national:189,urc:114|national:114,"urc:['South Africa', 'Scotland']|national:['South Africa', 'Scotland']",urc:None|national:None,189,114,national,2026-07-23T23:48:16+09:00
eben-etzebeth,Eben ETZEBETH,urc|national,yes,height_cm,urc:208|national:198,urc:130|national:130,urc:['South Africa']|national:['South Africa'],urc:None|national:None,198,130,national,2026-07-24T00:06:13+09:00
edwin-edogbo,Edwin EDOGBO,urc|national,yes,height_cm,urc:194|national:201,urc:128|national:128,urc:['Ireland']|national:['Ireland'],urc:None|national:None,201,128,national,2026-07-23T23:59:03+09:00
efrain-elias,Efraín ELÍAS,top14|national,yes,height_cm|weight_kg,top14:205|national:197,top14:123|national:114,top14:[]|national:[],top14:None|national:None,205,123,top14,2026-07-25T22:58:12+09:00
elia-canakaivata,Elia CANAKAIVATA,super-rugby|national,yes,height_cm|weight_kg,super-rugby:184|national:185,super-rugby:103|national:99,super-rugby:[]|national:[],super-rugby:None|national:None,184,103,super-rugby,2026-07-25T23:59:07+09:00
elliot-millar-mills,Elliot MILLAR-MILLS,premiership|national,yes,height_cm|weight_kg,premiership:175|national:177,premiership:125|national:116,"premiership:['England', 'Scotland']|national:['England', 'Scotland']",premiership:None|national:None,177,116,national,2026-07-23T23:47:08+09:00
elliott-daly,Elliot DALY,premiership|national,yes,height_cm|weight_kg,premiership:190|national:188,premiership:99|national:103,premiership:['England']|national:['England'],premiership:None|national:None,188,103,national,2026-07-24T00:15:06+09:00
ellis-genge,Ellis GENGE,premiership|national,yes,height_cm|weight_kg,premiership:185|national:181,premiership:122|national:120,premiership:['England']|national:['England'],premiership:None|national:None,181,120,national,2026-07-24T00:13:40+09:00
elrigh-louw,Elrigh LOUW,urc|national,yes,height_cm|weight_kg,urc:196|national:198,urc:115|national:112,urc:['South Africa']|national:['South Africa'],urc:None|national:None,198,112,national,2026-07-24T00:06:43+09:00
embrose-papier,Embrose PAPIER,urc|national,yes,height_cm|weight_kg,urc:169|national:166,urc:78|national:75,urc:['South Africa']|national:['South Africa'],urc:None|national:None,166,75,national,2026-07-24T00:07:12+09:00
emilien-gailleton,Émilien GAILLETON,top14|national,yes,height_cm|weight_kg,top14:187|national:180,top14:88|national:89,top14:['France']|national:['France'],top14:None|national:None,187,88,top14,2026-07-25T22:44:26+09:00
emmanuel-meafou,Emmanuel MEAFOU,top14|national,yes,height_cm|weight_kg,top14:207|national:205,top14:141|national:143,"top14:['Australia', 'France']|national:['Australia', 'France']",top14:None|national:None,207,141,top14,2026-07-25T22:58:15+09:00
ereatara-enari,Ere ENARI,super-rugby|national,yes,height_cm|weight_kg,super-rugby:173|national:182,super-rugby:83|national:81,super-rugby:[]|national:[],super-rugby:None|national:None,173,83,super-rugby,2026-07-25T23:38:25+09:00
erich-storti,Erich STORTI,mlr|national,yes,height_cm|weight_kg,mlr:184|national:178,mlr:86|national:93,mlr:['United-States']|national:['United-States'],mlr:None|national:None,178,93,national,2026-07-24T00:36:25+09:00
eroni-mawi,Eroni MAWI,premiership|national,yes,height_cm,premiership:184|national:185,premiership:133|national:133,premiership:['Fiji']|national:['Fiji'],premiership:None|national:None,185,133,national,2026-07-24T00:11:18+09:00
ethan-de-groot,Ethan DE GROOT,super-rugby|national,yes,height_cm|weight_kg,super-rugby:191|national:185,super-rugby:126|national:124,super-rugby:['New Zealand']|national:['New Zealand'],super-rugby:None|national:None,191,126,super-rugby,2026-07-25T23:56:15+09:00
ethan-mcveigh,Ethan MCVEIGH,mlr|national,yes,height_cm|weight_kg,mlr:175|national:171,mlr:86|national:87,mlr:[]|national:[],mlr:None|national:None,171,87,national,2026-07-24T00:36:07+09:00
ewan-ashman,Ewan ASHMAN,urc|national,yes,height_cm|weight_kg,urc:191|national:184,urc:112|national:115,"urc:['Canada', 'Scotland']|national:['Canada', 'Scotland']",urc:None|national:None,184,115,national,2026-07-23T23:47:33+09:00
ezekiel-lindenmuth,Ezekiel LINDENMUTH,mlr|national,yes,height_cm|weight_kg,mlr:191|national:192,mlr:126|national:128,mlr:[]|national:[],mlr:None|national:None,192,128,national,2026-07-24T00:34:48+09:00
fabien-brau-boirie,Fabien BRAU-BOIRIE,top14|national,yes,height_cm|weight_kg,top14:186|national:187,top14:103|national:100,top14:['France']|national:['France'],top14:None|national:None,186,103,top14,2026-07-25T22:44:30+09:00
faletoi-peni,Faletoi PENI,super-rugby|national,yes,height_cm|weight_kg,super-rugby:177|national:169,super-rugby:111|national:104,super-rugby:[]|national:[],super-rugby:None|national:None,177,111,super-rugby,2026-07-26T00:02:05+09:00
federico-ruzza,Federico RUZZA,urc|national,yes,height_cm|weight_kg,urc:202|national:195,urc:106|national:111,urc:['Italy']|national:['Italy'],urc:None|national:None,195,111,national,2026-07-24T00:01:30+09:00
fehi-fineanganofo,Fehi FINEANGANOFO,super-rugby|national,yes,height_cm,super-rugby:191|national:185,super-rugby:108|national:108,super-rugby:[]|national:[],super-rugby:None|national:None,191,108,super-rugby,2026-07-25T23:38:48+09:00
filipo-daugunu,Filipo DAUGUNU,super-rugby|national,yes,height_cm|weight_kg,super-rugby:184|national:177,super-rugby:103|national:96,"super-rugby:['Fiji', 'Australia']|national:['Fiji', 'Australia']",super-rugby:None|national:None,184,103,super-rugby,2026-07-25T23:50:46+09:00
fin-baxter,Fin BAXTER,premiership|national,yes,height_cm|weight_kg,premiership:185|national:184,premiership:118|national:117,premiership:['England']|national:['England'],premiership:None|national:None,184,117,national,2026-07-24T00:13:46+09:00
fin-smith,Fin SMITH,premiership|national,yes,height_cm,premiership:174|national:179,premiership:89|national:89,premiership:['England']|national:['England'],premiership:None|national:None,179,89,national,2026-07-24T00:14:53+09:00
finlay-bealham,Finlay BEALHAM,urc|national,yes,height_cm|weight_kg,urc:190|national:192,urc:125|national:128,"urc:['Australia', 'Ireland']|national:['Australia', 'Ireland']",urc:None|national:None,192,128,national,2026-07-23T23:58:22+09:00
finlay-christie,Finlay CHRISTIE,super-rugby|national,yes,height_cm|weight_kg,super-rugby:182|national:176,super-rugby:87|national:78,"super-rugby:['Scotland', 'New Zealand']|national:['Scotland', 'New Zealand']",super-rugby:None|national:None,182,87,super-rugby,2026-07-25T23:43:12+09:00
finn-russell,Finn RUSSELL,premiership|national,yes,height_cm|weight_kg,premiership:180|national:184,premiership:92|national:96,premiership:['Scotland']|national:['Scotland'],premiership:None|national:None,184,96,national,2026-07-23T23:49:02+09:00
fletcher-newell,Fletcher NEWELL,super-rugby|national,yes,height_cm|weight_kg,super-rugby:184|national:189,super-rugby:121|national:115,super-rugby:['New Zealand']|national:['New Zealand'],super-rugby:None|national:None,184,121,super-rugby,2026-07-25T23:44:34+09:00
florian-verhaeghe,Florian VERHAEGHE,top14|national,yes,weight_kg,top14:208|national:208,top14:115|national:113,top14:['France']|national:['France'],top14:None|national:None,208,115,top14,2026-07-25T22:35:42+09:00
franco-molina,Franco MOLINA,super-rugby|national,yes,height_cm|weight_kg,super-rugby:202|national:194,super-rugby:119|national:125,super-rugby:[]|national:[],super-rugby:None|national:None,202,119,super-rugby,2026-07-25T23:54:44+09:00
francois-cros,François CROS,top14|national,yes,height_cm|weight_kg,top14:195|national:188,top14:113|national:115,top14:['France']|national:['France'],top14:None|national:None,195,113,top14,2026-07-25T22:58:34+09:00
frank-lomani,Frank LOMANI,super-rugby|national,yes,height_cm|weight_kg,super-rugby:184|national:180,super-rugby:85|national:84,super-rugby:['Fiji']|national:['Fiji'],super-rugby:None|national:None,184,85,super-rugby,2026-07-25T23:59:26+09:00
fraser-dingwall,Fraser DINGWALL,premiership|national,yes,height_cm,premiership:185|national:184,premiership:95|national:95,premiership:['England']|national:['England'],premiership:None|national:None,184,95,national,2026-07-24T00:15:09+09:00
fraser-mcreight,Fraser MCREIGHT,super-rugby|national,yes,height_cm|weight_kg,super-rugby:188|national:182,super-rugby:107|national:106,super-rugby:['Australia']|national:['Australia'],super-rugby:None|national:None,188,107,super-rugby,2026-07-25T23:49:51+09:00
freddie-steward,Freddie STEWARD,premiership|national,yes,height_cm|weight_kg,premiership:192|national:191,premiership:101|national:104,premiership:['England']|national:['England'],premiership:None|national:None,191,104,national,2026-07-24T00:15:37+09:00
freddie-thomas,Freddie THOMAS,premiership|national,yes,weight_kg,premiership:194|national:194,premiership:119|national:115,"premiership:['England', 'Wales']|national:['England', 'Wales']",premiership:None|national:None,194,115,national,2026-07-24T00:09:14+09:00
freddy-douglas,Freddy DOUGLAS,urc|national,yes,height_cm,urc:180|national:190,urc:98|national:98,urc:['Scotland']|national:['Scotland'],urc:None|national:None,190,98,national,2026-07-23T23:48:19+09:00
gael-drean,Gaël DRÉAN,top14|national,yes,height_cm|weight_kg,top14:181|national:189,top14:86|national:88,top14:[]|national:[],top14:None|national:None,181,86,top14,2026-07-25T22:55:44+09:00
gael-fickou,Gaël FICKOU,top14|national,yes,height_cm|weight_kg,top14:187|national:193,top14:105|national:102,top14:['France']|national:['France'],top14:None|national:None,187,105,top14,2026-07-25T22:51:57+09:00
gareth-thomas-1993,Gareth THOMAS,urc|national,yes,weight_kg,urc:186|national:186,urc:119|national:122,urc:['Wales']|national:['Wales'],urc:None|national:None,186,122,national,2026-07-24T00:08:34+09:00
garry-ringrose,Garry RINGROSE,urc|national,yes,weight_kg,urc:189|national:189,urc:92|national:89,urc:['Ireland']|national:['Ireland'],urc:None|national:None,189,89,national,2026-07-24T00:00:09+09:00
gela-aprasidze,Gela APRASIDZE,top14|national,yes,height_cm|weight_kg,top14:180|national:175,top14:72|national:76,top14:['Georgia']|national:['Georgia'],top14:None|national:None,180,72,top14,2026-07-25T22:47:48+09:00
george-bell,George BELL,super-rugby|national,yes,height_cm|weight_kg,super-rugby:181|national:186,super-rugby:107|national:106,super-rugby:[]|national:[],super-rugby:None|national:None,181,107,super-rugby,2026-07-25T23:44:56+09:00
george-bower,George BOWER,super-rugby|national,yes,height_cm|weight_kg,super-rugby:189|national:183,super-rugby:116|national:117,super-rugby:[]|national:[],super-rugby:None|national:None,189,116,super-rugby,2026-07-25T23:44:37+09:00
george-ford,George FORD,premiership|national,yes,height_cm|weight_kg,premiership:178|national:176,premiership:84|national:81,premiership:['England']|national:['England'],premiership:None|national:None,176,81,national,2026-07-24T00:14:56+09:00
george-furbank,George FURBANK,premiership|national,yes,height_cm|weight_kg,premiership:187|national:179,premiership:95|national:90,premiership:['England']|national:['England'],premiership:None|national:None,179,90,national,2026-07-24T00:15:40+09:00
george-horne,George HORNE,urc|national,yes,height_cm|weight_kg,urc:177|national:174,urc:86|national:79,urc:['Scotland']|national:['Scotland'],urc:None|national:None,174,79,national,2026-07-23T23:48:50+09:00
george-martin,George MARTIN,premiership|national,yes,height_cm|weight_kg,premiership:199|national:202,premiership:127|national:130,premiership:['England']|national:['England'],premiership:None|national:None,202,130,national,2026-07-24T00:14:29+09:00
george-turner,George TURNER,premiership|national,yes,height_cm,premiership:185|national:184,premiership:107|national:107,premiership:['Scotland']|national:['Scotland'],premiership:None|national:None,184,107,national,2026-07-23T23:47:36+09:00
georges-henri-colombe,Georges-Henri COLOMBE,top14|national,yes,height_cm|weight_kg,top14:188|national:193,top14:147|national:141,top14:['France']|national:['France'],top14:None|national:None,188,147,top14,2026-07-25T22:57:40+09:00
geronimo-prisciantelli,Geronimo PRISCIANTELLI,top14|national,yes,height_cm|weight_kg,top14:181|national:185,top14:92|national:82,top14:[]|national:[],top14:None|national:None,181,92,top14,2026-07-25T22:51:48+09:00
giacomo-nicotera,Giacomo NICOTERA,top14|national,yes,height_cm|weight_kg,top14:186|national:188,top14:109|national:104,top14:['Italy']|national:['Italy'],top14:None|national:None,186,109,top14,2026-07-25T22:39:39+09:00
gianmarco-lucchesi,Gianmarco LUCCHESI,top14|national,yes,height_cm|weight_kg,top14:183|national:189,top14:110|national:109,top14:['Italy']|national:['Italy'],top14:None|national:None,183,110,top14,2026-07-25T22:53:54+09:00
giorgi-akhaladze,Giorgi AKHALADZE,top14|national,yes,height_cm|weight_kg,top14:186|national:183,top14:133|national:126,top14:[]|national:[],top14:None|national:None,186,133,top14,2026-07-25T22:23:51+09:00
giorgi-javakhia,Giorgi JAVAKHIA,top14|national,yes,height_cm|weight_kg,top14:196|national:189,top14:128|national:119,top14:['Georgia']|national:['Georgia'],top14:None|national:None,196,128,top14,2026-07-25T22:54:18+09:00
giorgi-melikidze,Giorgi MELIKIDZE,top14|national,yes,weight_kg,top14:175|national:175,top14:117|national:113,top14:['Georgia']|national:['Georgia'],top14:None|national:None,175,117,top14,2026-07-25T22:39:09+09:00
giorgi-tetrashvili,Giorgi TETRASHVILI,top14|national,yes,height_cm|weight_kg,top14:173|national:176,top14:113|national:110,top14:['Georgia']|national:['Georgia'],top14:None|national:None,173,113,top14,2026-07-25T22:46:29+09:00
giosue-zilocchi,Giosué ZILOCCHI,urc|national,yes,height_cm|weight_kg,urc:186|national:188,urc:114|national:115,urc:['Italy']|national:['Italy'],urc:None|national:None,188,115,national,2026-07-24T00:00:51+09:00
gonzalo-garcia-1999,Gonzalo GARCIA,urc|national,yes,height_cm|weight_kg,urc:169|national:170,urc:79|national:84,urc:['Argentina']|national:['Argentina'],urc:None|national:None,170,84,national,2026-07-24T00:16:50+09:00
grant-gilchrist,Grant GILCHRIST,urc|national,yes,height_cm|weight_kg,urc:193|national:195,urc:120|national:124,urc:['Scotland']|national:['Scotland'],urc:None|national:None,195,124,national,2026-07-23T23:47:54+09:00
greg-alldritt,Greg ALLDRITT,top14|national,yes,weight_kg,top14:191|national:191,top14:110|national:117,top14:['France']|national:['France'],top14:None|national:None,191,110,top14,2026-07-25T22:28:46+09:00
gregor-brown,Gregor BROWN,urc|national,yes,height_cm|weight_kg,urc:198|national:196,urc:108|national:112,urc:['Scotland']|national:['Scotland'],urc:None|national:None,196,112,national,2026-07-23T23:47:56+09:00
guido-petti,Guido PETTI,premiership|national,yes,height_cm|weight_kg,premiership:189|national:195,premiership:111|national:114,premiership:['Argentina']|national:['Argentina'],premiership:None|national:None,195,114,national,2026-07-24T00:16:21+09:00
guido-reyes-rendon,Guido REYES,top14|national,yes,height_cm|weight_kg,top14:183|national:190,top14:130|national:133,top14:[]|national:[],top14:None|national:None,183,130,top14,2026-07-25T22:45:13+09:00
guillaume-cramont,Guillaume CRAMONT,top14|national,yes,height_cm|weight_kg,top14:185|national:180,top14:102|national:104,top14:['France']|national:['France'],top14:None|national:None,185,102,top14,2026-07-25T22:57:56+09:00
gus-mccarthy,Gus MCCARTHY,urc|national,yes,height_cm|weight_kg,urc:175|national:183,urc:111|national:104,urc:['Ireland']|national:['Ireland'],urc:None|national:None,183,104,national,2026-07-23T23:58:48+09:00
guy-pepper,Guy PEPPER,premiership|national,yes,height_cm|weight_kg,premiership:185|national:195,premiership:100|national:109,premiership:['England']|national:['England'],premiership:None|national:None,195,109,national,2026-07-24T00:14:32+09:00
haereiti-hetet,Haereiti HETET,super-rugby|national,yes,height_cm|weight_kg,super-rugby:180|national:184,super-rugby:131|national:126,super-rugby:[]|national:[],super-rugby:None|national:None,180,131,super-rugby,2026-07-25T23:58:29+09:00
hamish-stewart,Hamish STEWART,super-rugby|national,yes,height_cm,super-rugby:182|national:181,super-rugby:85|national:85,super-rugby:[]|national:[],super-rugby:None|national:None,182,85,super-rugby,2026-07-25T23:55:38+09:00
handre-pollard,Handré POLLARD,urc|national,yes,weight_kg,urc:192|national:192,urc:94|national:100,urc:['South Africa']|national:['South Africa'],urc:None|national:None,192,100,national,2026-07-24T00:07:28+09:00
harison-mataele,Harison MATAELE,mlr|national,yes,height_cm|weight_kg,mlr:200|national:208,mlr:111|national:118,mlr:['Tonga']|national:['Tonga'],mlr:None|national:None,208,118,national,2026-07-24T00:37:24+09:00
harry-byrne,Harry BYRNE,urc|national,yes,height_cm|weight_kg,urc:188|national:192,urc:98|national:93,urc:['Ireland']|national:['Ireland'],urc:None|national:None,192,93,national,2026-07-23T23:59:57+09:00
harry-potter,Harry POTTER,super-rugby|national,yes,height_cm,super-rugby:184|national:189,super-rugby:100|national:100,super-rugby:[]|national:[],super-rugby:None|national:None,184,100,super-rugby,2026-07-25T23:53:04+09:00
harry-wilson,Harry WILSON,super-rugby|national,yes,height_cm|weight_kg,super-rugby:197|national:196,super-rugby:119|national:114,super-rugby:['Australia']|national:['Australia'],super-rugby:None|national:None,197,119,super-rugby,2026-07-25T23:49:54+09:00
henry-arundell,Henry ARUNDELL,premiership|national,yes,height_cm|weight_kg,premiership:181|national:188,premiership:95|national:93,premiership:['England']|national:['England'],premiership:None|national:None,188,93,national,2026-07-24T00:15:43+09:00
henry-pollock,Henry POLLOCK,premiership|national,yes,height_cm|weight_kg,premiership:188|national:192,premiership:100|national:102,premiership:['England']|national:['England'],premiership:None|national:None,192,102,national,2026-07-24T00:14:35+09:00
henry-slade,Henry SLADE,premiership|national,yes,height_cm|weight_kg,premiership:194|national:191,premiership:98|national:102,premiership:['England']|national:['England'],premiership:None|national:None,191,102,national,2026-07-24T00:15:12+09:00
herschel-jantjies,Herschel JANTJIES,top14|national,yes,height_cm|weight_kg,top14:168|national:164,top14:80|national:75,top14:['South Africa']|national:['South Africa'],top14:None|national:None,168,80,top14,2026-07-25T22:13:25+09:00
hugo-auradou,Hugo AURADOU,top14|national,yes,height_cm|weight_kg,top14:205|national:198,top14:101|national:100,top14:['France']|national:['France'],top14:None|national:None,205,101,top14,2026-07-25T22:43:22+09:00
hugo-gonzalez,Hugo GONZÁLEZ,top14|national,yes,weight_kg,top14:179|national:179,top14:122|national:116,top14:['Spain']|national:['Spain'],top14:None|national:None,179,122,top14,2026-07-25T22:11:58+09:00
hugo-keenan,Hugo KEENAN,urc|national,yes,height_cm|weight_kg,urc:182|national:188,urc:94|national:87,urc:['Ireland']|national:['Ireland'],urc:None|national:None,188,87,national,2026-07-24T00:00:36+09:00
hunter-paisami,Hunter PAISAMI,super-rugby|national,yes,weight_kg,super-rugby:167|national:167,super-rugby:96|national:93,"super-rugby:['Samoa', 'Australia']|national:['Samoa', 'Australia']",super-rugby:None|national:None,167,96,super-rugby,2026-07-25T23:50:38+09:00
huw-jones,Huw JONES,urc|national,yes,height_cm|weight_kg,urc:188|national:191,urc:98|national:107,urc:['Scotland']|national:['Scotland'],urc:None|national:None,191,107,national,2026-07-23T23:49:11+09:00
iain-henderson,Iain HENDERSON,urc|national,yes,height_cm|weight_kg,urc:201|national:203,urc:116|national:118,urc:['Ireland']|national:['Ireland'],urc:None|national:None,203,118,national,2026-07-23T23:59:06+09:00
iakopo-petelo-mapu,Iakopo MAPU,top14|national,yes,height_cm|weight_kg,top14:185|national:180,top14:109|national:101,top14:['Samoa']|national:['Samoa'],top14:None|national:None,185,109,top14,2026-07-25T22:40:07+09:00
ignacio-brex,Ignacio BREX,top14|national,yes,height_cm|weight_kg,top14:184|national:193,top14:102|national:100,"top14:['Argentina', 'Italy']|national:['Argentina', 'Italy']",top14:None|national:None,184,102,top14,2026-07-25T22:55:24+09:00
ignacio-mendy,Ignacio MENDY,urc|national,yes,height_cm|weight_kg,urc:188|national:187,urc:93|national:94,urc:['Argentina']|national:['Argentina'],urc:None|national:None,187,94,national,2026-07-24T00:17:21+09:00
ignacio-peculo,Ignacio PÉCULO,mlr|national,yes,weight_kg,mlr:185|national:185,mlr:129|national:136,mlr:[]|national:[],mlr:None|national:None,185,136,national,2026-07-24T00:30:53+09:00
ignacio-ruiz,Ignacio RUIZ,top14|national,yes,height_cm|weight_kg,top14:189|national:186,top14:109|national:105,top14:[]|national:[],top14:None|national:None,189,109,top14,2026-07-25T22:46:46+09:00
immanuel-feyi-waboso,Immanuel FEYI-WABOSO,premiership|national,yes,height_cm,premiership:178|national:186,premiership:93|national:93,"premiership:['Wales', 'England']|national:['Wales', 'England']",premiership:None|national:None,186,93,national,2026-07-24T00:15:28+09:00
inaki-ayarza,Iñaki AYARZA,top14|national,yes,height_cm|weight_kg,top14:184|national:186,top14:104|national:105,top14:['Chile']|national:['Chile'],top14:None|national:None,184,104,top14,2026-07-25T23:04:14+09:00
irakli-aptsiauri,Irakli APTSIAURI,top14|national,yes,height_cm|weight_kg,top14:186|national:188,top14:127|national:128,top14:[]|national:[],top14:None|national:None,186,127,top14,2026-07-25T22:31:29+09:00
isaiah-ravula,Isaiah ARMSTRONG-RAVULA,super-rugby|national,yes,height_cm|weight_kg,super-rugby:171|national:179,super-rugby:86|national:81,super-rugby:[]|national:[],super-rugby:None|national:None,171,86,super-rugby,2026-07-25T23:59:38+09:00
isikeli-rabitu,Isikeli RABITU,super-rugby|national,no,,super-rugby:None|national:None,super-rugby:None|national:None,super-rugby:[]|national:[],super-rugby:None|national:None,,,super-rugby,2026-07-25T23:59:40+09:00
isoa-nasilasila,Isoa NASILASILA,super-rugby|national,yes,height_cm|weight_kg,super-rugby:193|national:195,super-rugby:114|national:116,super-rugby:[]|national:[],super-rugby:None|national:None,193,114,super-rugby,2026-07-25T23:58:59+09:00
jack-conan,Jack CONAN,urc|national,yes,height_cm|weight_kg,urc:191|national:189,urc:111|national:107,urc:['Ireland']|national:['Ireland'],urc:None|national:None,189,107,national,2026-07-23T23:59:30+09:00
jack-crowley,Jack CROWLEY,urc|national,yes,height_cm|weight_kg,urc:183|national:181,urc:91|national:95,urc:['Ireland']|national:['Ireland'],urc:None|national:None,181,95,national,2026-07-24T00:00:00+09:00
jack-dempsey,Jack DEMPSEY,urc|national,yes,height_cm|weight_kg,urc:191|national:196,urc:113|national:110,urc:['Australia']|national:['Australia'],urc:None|national:None,196,110,national,2026-07-23T23:48:25+09:00
jack-iscaro,Jack ISCARO,top14|national,yes,height_cm|weight_kg,top14:188|national:184,top14:117|national:122,top14:['United-States']|national:['United-States'],top14:None|national:None,188,117,top14,2026-07-25T22:39:15+09:00
jack-van-poortvliet,Jack VAN POORTVLIET,premiership|national,yes,height_cm|weight_kg,premiership:186|national:185,premiership:88|national:85,premiership:['England']|national:['England'],premiership:None|national:None,185,85,national,2026-07-24T00:14:50+09:00
jacob-stockdale,Jacob STOCKDALE,urc|national,yes,height_cm|weight_kg,urc:196|national:186,urc:103|national:106,urc:['Ireland']|national:['Ireland'],urc:None|national:None,186,106,national,2026-07-24T00:00:27+09:00
jake-gordon,Jake GORDON,super-rugby|national,yes,height_cm|weight_kg,super-rugby:189|national:187,super-rugby:87|national:91,super-rugby:['Australia']|national:['Australia'],super-rugby:None|national:None,189,87,super-rugby,2026-07-25T23:52:33+09:00
james-botham,James BOTHAM,urc|national,yes,height_cm|weight_kg,urc:188|national:195,urc:113|national:112,urc:['Wales']|national:['Wales'],urc:None|national:None,195,112,national,2026-07-24T00:09:41+09:00
james-lowe,James LOWE,urc|national,yes,height_cm|weight_kg,urc:188|national:183,urc:103|national:101,"urc:['New Zealand', 'Ireland']|national:['New Zealand', 'Ireland']",urc:None|national:None,183,101,national,2026-07-24T00:00:31+09:00
james-o-connor,James O'CONNOR,premiership|national,yes,height_cm|weight_kg,premiership:179|national:177,premiership:99|national:93,premiership:['Australia']|national:['Australia'],premiership:None|national:None,177,93,national,2026-07-23T23:53:25+09:00
james-ratti,James RATTI,urc|national,yes,height_cm|weight_kg,urc:192|national:193,urc:124|national:119,urc:['Wales']|national:['Wales'],urc:None|national:None,193,119,national,2026-07-24T00:09:17+09:00
james-ryan,James RYAN,urc|national,yes,height_cm|weight_kg,urc:204|national:201,urc:118|national:117,urc:['Ireland']|national:['Ireland'],urc:None|national:None,201,117,national,2026-07-23T23:59:09+09:00
james-slipper,James SLIPPER,super-rugby|national,yes,height_cm|weight_kg,super-rugby:182|national:183,super-rugby:110|national:112,super-rugby:['Australia']|national:['Australia'],super-rugby:None|national:None,182,110,super-rugby,2026-07-25T23:47:18+09:00
jamie-dobie,Jamie DOBIE,urc|national,yes,height_cm|weight_kg,urc:170|national:179,urc:85|national:77,urc:['Scotland']|national:['Scotland'],urc:None|national:None,179,77,national,2026-07-23T23:48:53+09:00
jamie-george,Jamie GEORGE,premiership|national,yes,height_cm|weight_kg,premiership:187|national:180,premiership:114|national:113,premiership:['England']|national:['England'],premiership:None|national:None,180,113,national,2026-07-24T00:14:01+09:00
jamie-hannah,Jamie HANNAH,super-rugby|national,yes,height_cm|weight_kg,super-rugby:197|national:196,super-rugby:100|national:103,super-rugby:[]|national:[],super-rugby:None|national:None,197,100,super-rugby,2026-07-25T23:45:07+09:00
jamie-osborne,Jamie OSBORNE,urc|national,yes,weight_kg,urc:189|national:189,urc:94|national:101,urc:['Ireland']|national:['Ireland'],urc:None|national:None,189,101,national,2026-07-24T00:00:12+09:00
jamie-ritchie,Jamie RITCHIE,top14|national,yes,height_cm|weight_kg,top14:195|national:194,top14:109|national:105,top14:['Scotland']|national:['Scotland'],top14:None|national:None,195,109,top14,2026-07-25T22:47:26+09:00
jamison-gibson-park,Jamison GIBSON-PARK,urc|national,yes,height_cm|weight_kg,urc:175|national:172,urc:78|national:84,"urc:['New Zealand', 'Ireland']|national:['New Zealand', 'Ireland']",urc:None|national:None,172,84,national,2026-07-23T23:59:49+09:00
jarrod-evans,Jarrod EVANS,premiership|national,yes,height_cm|weight_kg,premiership:174|national:175,premiership:92|national:94,premiership:['Wales']|national:['Wales'],premiership:None|national:None,175,94,national,2026-07-24T00:10:23+09:00
jason-damm,Jason DAMM,mlr|national,yes,height_cm|weight_kg,mlr:190|national:195,mlr:121|national:112,mlr:[]|national:[],mlr:None|national:None,195,112,national,2026-07-24T00:35:45+09:00
jean-baptiste-gros,Jean-Baptiste GROS,top14|national,yes,height_cm|weight_kg,top14:188|national:189,top14:115|national:114,top14:['France']|national:['France'],top14:None|national:None,188,115,top14,2026-07-25T22:53:43+09:00
jean-cotarmanac-h,Jean COTARMANAC'H,top14|national,yes,height_cm|weight_kg,top14:178|national:179,top14:87|national:88,"top14:['France', 'Uruguay']|national:['France', 'Uruguay']",top14:None|national:None,178,87,top14,2026-07-25T23:03:59+09:00
jean-kleyn,Jean KLEYN,urc|national,yes,height_cm|weight_kg,urc:198|national:199,urc:127|national:122,"urc:['South Africa', 'Ireland']|national:['South Africa', 'Ireland']",urc:None|national:None,199,122,national,2026-07-24T00:06:19+09:00
jefferson-poirot,Jefferson POIROT,top14|national,yes,weight_kg,top14:176|national:176,top14:120|national:121,top14:['France']|national:['France'],top14:None|national:None,176,120,top14,2026-07-25T22:16:01+09:00
jeffery-toomaga-allen,Jeffery TOOMAGA-ALLEN,super-rugby|national,yes,height_cm|weight_kg,super-rugby:190|national:188,super-rugby:127|national:125,super-rugby:['New Zealand']|national:['New Zealand'],super-rugby:None|national:None,190,127,super-rugby,2026-07-25T23:49:18+09:00
jeremy-loughman,Jeremy LOUGHMAN,urc|national,yes,height_cm,urc:188|national:179,urc:118|national:118,urc:['Ireland']|national:['Ireland'],urc:None|national:None,179,118,national,2026-07-23T23:58:25+09:00
jeremy-williams,Jeremy WILLIAMS,super-rugby|national,yes,height_cm|weight_kg,super-rugby:195|national:197,super-rugby:117|national:113,super-rugby:[]|national:[],super-rugby:None|national:None,195,117,super-rugby,2026-07-25T23:54:47+09:00
jimi-maximin,Jimi MAXIMIN,top14|national,yes,height_cm|weight_kg,top14:201|national:208,top14:128|national:131,top14:['France']|national:['France'],top14:None|national:None,201,128,top14,2026-07-25T22:43:25+09:00
jimmy-o-brien,Jimmy O'BRIEN,urc|national,yes,height_cm|weight_kg,urc:179|national:181,urc:93|national:94,urc:['Ireland']|national:['Ireland'],urc:None|national:None,181,94,national,2026-07-24T00:00:39+09:00
jimmy-tupou,Jimmy TUPOU,super-rugby|national,yes,height_cm|weight_kg,super-rugby:199|national:198,super-rugby:116|national:115,super-rugby:[]|national:[],super-rugby:None|national:None,199,116,super-rugby,2026-07-26T00:01:04+09:00
jiuta-wainiqolo,Jiuta WAINIQOLO,top14|national,yes,weight_kg,top14:184|national:184,top14:95|national:100,top14:[]|national:[],top14:None|national:None,184,95,top14,2026-07-25T22:33:21+09:00
joaquin-moro,Joaquin MORO,premiership|national,yes,height_cm|weight_kg,premiership:185|national:188,premiership:101|national:105,premiership:['Argentina']|national:['Argentina'],premiership:None|national:None,188,105,national,2026-07-24T00:16:29+09:00
joaquin-oviedo,Joaquín OVIEDO,top14|national,yes,height_cm|weight_kg,top14:186|national:195,top14:115|national:112,top14:['Argentina']|national:['Argentina'],top14:None|national:None,186,115,top14,2026-07-25T22:47:28+09:00
jock-campbell,Jock CAMPBELL,super-rugby|national,yes,height_cm|weight_kg,super-rugby:190|national:186,super-rugby:95|national:89,super-rugby:[]|national:[],super-rugby:None|national:None,190,95,super-rugby,2026-07-25T23:51:02+09:00
joe-heyes,Joe HEYES,premiership|national,yes,height_cm|weight_kg,premiership:184|national:194,premiership:125|national:130,premiership:['England']|national:['England'],premiership:None|national:None,194,130,national,2026-07-24T00:13:51+09:00
joe-roberts,Joe ROBERTS,urc|national,yes,height_cm|weight_kg,urc:180|national:186,urc:92|national:93,urc:['Wales']|national:['Wales'],urc:None|national:None,186,93,national,2026-07-24T00:10:35+09:00
joel-lam,Joel LAM,super-rugby|national,yes,height_cm|weight_kg,super-rugby:175|national:174,super-rugby:87|national:81,"super-rugby:['New Zealand', 'Samoa']|national:['New Zealand', 'Samoa']",super-rugby:None|national:None,175,87,super-rugby,2026-07-26T00:01:44+09:00
joel-merkler,Joël MERKLER,top14|national,yes,height_cm|weight_kg,top14:197|national:189,top14:139|national:130,"top14:['Spain', 'England']|national:['Spain', 'England']",top14:None|national:None,197,139,top14,2026-07-25T22:57:43+09:00
joji-nasova-,Joji NASOVA,super-rugby|national,yes,weight_kg,super-rugby:185|national:185,super-rugby:91|national:89,super-rugby:[]|national:[],super-rugby:None|national:None,185,91,super-rugby,2026-07-25T23:59:51+09:00
jon-zabala,Jon ZABALA,top14|national,yes,height_cm|weight_kg,top14:187|national:194,top14:128|national:132,top14:['Spain']|national:['Spain'],top14:None|national:None,187,128,top14,2026-07-25T22:42:58+09:00
jonathan-taumateine,Jonathan TAUMATEINE,super-rugby|national,yes,height_cm|weight_kg,super-rugby:174|national:178,super-rugby:95|national:93,super-rugby:[]|national:[],super-rugby:None|national:None,174,95,super-rugby,2026-07-26T00:01:47+09:00
jonny-gray,Jonny GRAY,top14|national,yes,height_cm|weight_kg,top14:194|national:196,top14:119|national:120,top14:['Scotland']|national:['Scotland'],top14:None|national:None,194,119,top14,2026-07-25T22:47:06+09:00
jordie-barrett,Jordie BARRETT,super-rugby|national,yes,height_cm|weight_kg,super-rugby:194|national:196,super-rugby:106|national:98,super-rugby:['New Zealand']|national:['New Zealand'],super-rugby:None|national:None,194,106,super-rugby,2026-07-25T23:38:53+09:00
joseph-sua-ali-i,Joseph SUA'ALI'I,super-rugby|national,yes,weight_kg,super-rugby:193|national:193,super-rugby:103|national:102,super-rugby:['Australia']|national:['Australia'],super-rugby:None|national:None,193,103,super-rugby,2026-07-25T23:52:56+09:00
josh--adams-,Josh ADAMS,urc|national,yes,height_cm|weight_kg,urc:191|national:190,urc:95|national:91,urc:['Wales']|national:['Wales'],urc:None|national:None,190,91,national,2026-07-24T00:10:57+09:00
josh-bayliss,Josh BAYLISS,premiership|national,yes,height_cm|weight_kg,premiership:192|national:196,premiership:103|national:105,"premiership:['England', 'Scotland']|national:['England', 'Scotland']",premiership:None|national:None,196,105,national,2026-07-23T23:48:31+09:00
josh-canham,Josh CANHAM,super-rugby|national,yes,weight_kg,super-rugby:198|national:198,super-rugby:120|national:118,super-rugby:[]|national:[],super-rugby:None|national:None,198,120,super-rugby,2026-07-25T23:49:44+09:00
josh-lord,Josh LORD,super-rugby|national,yes,weight_kg,super-rugby:200|national:200,super-rugby:114|national:112,super-rugby:[]|national:[],super-rugby:None|national:None,200,114,super-rugby,2026-07-25T23:40:14+09:00
josh-nasser,Josh NASSER,super-rugby|national,yes,height_cm|weight_kg,super-rugby:190|national:188,super-rugby:119|national:118,super-rugby:[]|national:[],super-rugby:None|national:None,190,119,super-rugby,2026-07-25T23:49:32+09:00
josh-van-der-flier,Josh VAN DER FLIER,urc|national,yes,height_cm|weight_kg,urc:187|national:180,urc:100|national:103,urc:['Ireland']|national:['Ireland'],urc:None|national:None,180,103,national,2026-07-23T23:59:33+09:00
joshua-brennan,Joshua BRENNAN,top14|national,yes,height_cm|weight_kg,top14:204|national:197,top14:115|national:119,"top14:['Ireland', 'France']|national:['Ireland', 'France']",top14:None|national:None,204,115,top14,2026-07-25T22:58:19+09:00
joshua-moorby,Joshua MOORBY,super-rugby|national,yes,height_cm,super-rugby:183|national:188,super-rugby:98|national:98,super-rugby:[]|national:[],super-rugby:None|national:None,183,98,super-rugby,2026-07-25T23:39:12+09:00
josua-tuisova,Josua TUISOVA,top14|national,yes,height_cm|weight_kg,top14:177|national:179,top14:113|national:117,top14:['Fiji']|national:['Fiji'],top14:None|national:None,177,113,top14,2026-07-25T22:52:04+09:00
juan-cruz-mallia,Juan Cruz MALLÍA,top14|national,yes,height_cm|weight_kg,top14:187|national:185,top14:88|national:87,top14:['Argentina']|national:['Argentina'],top14:None|national:None,187,88,top14,2026-07-25T22:59:47+09:00
julian-montoya,Julián MONTOYA,top14|national,yes,height_cm|weight_kg,top14:184|national:188,top14:111|national:113,top14:['Argentina']|national:['Argentina'],top14:None|national:None,184,111,top14,2026-07-25T22:43:13+09:00
julian-roberts,Julian ROBERTS,mlr|national,yes,height_cm|weight_kg,mlr:178|national:177,mlr:96|national:88,mlr:[]|national:[],mlr:None|national:None,177,88,national,2026-07-24T00:36:37+09:00
julien-marchand,Julien MARCHAND,top14|national,yes,height_cm|weight_kg,top14:176|national:178,top14:115|national:111,top14:['France']|national:['France'],top14:None|national:None,176,115,top14,2026-07-25T22:57:59+09:00
justo-piccardo,Justo PICCARDO,top14|national,yes,weight_kg,top14:185|national:185,top14:112|national:117,top14:['Argentina']|national:['Argentina'],top14:None|national:None,185,112,top14,2026-07-25T22:36:52+09:00
kalani-thomas,Kalani THOMAS,super-rugby|national,yes,height_cm|weight_kg,super-rugby:177|national:175,super-rugby:96|national:90,super-rugby:[]|national:[],super-rugby:None|national:None,177,96,super-rugby,2026-07-25T23:50:11+09:00
kaleb-geiger,Kaleb GEIGER,mlr|national,yes,height_cm|weight_kg,mlr:190|national:186,mlr:114|national:120,mlr:[]|national:[],mlr:None|national:None,186,120,national,2026-07-24T00:34:55+09:00
kalvin-gourgues,Kalvin GOURGUES,top14|national,yes,height_cm|weight_kg,top14:183|national:181,top14:92|national:97,top14:['France']|national:['France'],top14:None|national:None,183,92,top14,2026-07-25T22:59:09+09:00
kavaia-tagivetaua,Kavaia TAGIVETAUA,super-rugby|national,yes,height_cm|weight_kg,super-rugby:176|national:179,super-rugby:112|national:113,super-rugby:[]|national:[],super-rugby:None|national:None,176,112,super-rugby,2026-07-25T23:58:43+09:00
kieran-hardy,Kieran HARDY,urc|national,yes,height_cm,urc:185|national:186,urc:90|national:90,urc:['Wales']|national:['Wales'],urc:None|national:None,186,90,national,2026-07-24T00:10:04+09:00
kieron-assiratti,Keiron ASSIRATTI,urc|national,yes,height_cm|weight_kg,urc:191|national:188,urc:119|national:116,urc:['Wales']|national:['Wales'],urc:None|national:None,188,116,national,2026-07-24T00:08:37+09:00
killian-tixeront,Killian TIXERONT,top14|national,yes,height_cm,top14:194|national:200,top14:109|national:109,top14:['France']|national:['France'],top14:None|national:None,194,109,top14,2026-07-25T22:24:43+09:00
kitione-salawa-jr,Kitione SALAWA JR,super-rugby|national,yes,height_cm|weight_kg,super-rugby:197|national:187,super-rugby:91|national:97,super-rugby:[]|national:[],super-rugby:None|national:None,197,91,super-rugby,2026-07-25T23:59:18+09:00
kurt-lee-arendse,Kurt-Lee ARENDSE,urc|national,yes,height_cm|weight_kg,urc:180|national:177,urc:78|national:86,urc:['South Africa']|national:['South Africa'],urc:None|national:None,177,86,national,2026-07-24T00:08:01+09:00
kyle-rowe,Kyle ROWE,urc|national,yes,height_cm|weight_kg,urc:184|national:185,urc:85|national:93,urc:['Scotland']|national:['Scotland'],urc:None|national:None,185,93,national,2026-07-23T23:49:35+09:00
kyle-steyn,Kyle STEYN,urc|national,yes,height_cm|weight_kg,urc:192|national:186,urc:99|national:98,"urc:['South Africa', 'Scotland']|national:['South Africa', 'Scotland']",urc:None|national:None,186,98,national,2026-07-23T23:49:14+09:00
lachlan-shaw,Lachie SHAW,super-rugby|national,yes,weight_kg,super-rugby:203|national:203,super-rugby:115|national:107,super-rugby:[]|national:[],super-rugby:None|national:None,203,115,super-rugby,2026-07-25T23:47:45+09:00
lalomilo-lalomilo,Lalomilo LALOMILO,super-rugby|national,yes,height_cm|weight_kg,super-rugby:177|national:178,super-rugby:107|national:106,super-rugby:[]|national:[],super-rugby:None|national:None,177,107,super-rugby,2026-07-26T00:02:10+09:00
lance-williams,Lance WILLIAMS,mlr|national,yes,height_cm|weight_kg,mlr:185|national:181,mlr:107|national:104,mlr:[]|national:[],mlr:None|national:None,181,104,national,2026-07-24T00:35:48+09:00
leicester-fainga-anuku,Leicester FAINGA'ANUKU,super-rugby|national,yes,weight_kg,super-rugby:189|national:189,super-rugby:104|national:114,"super-rugby:['Tonga', 'New Zealand']|national:['Tonga', 'New Zealand']",super-rugby:None|national:None,189,104,super-rugby,2026-07-25T23:46:32+09:00
lekima-tagitagivalu,Lekima TAGITAGIVALU,top14|national,yes,height_cm|weight_kg,top14:191|national:190,top14:114|national:106,top14:[]|national:[],top14:None|national:None,191,114,top14,2026-07-25T22:51:21+09:00
len-ikitau,Len IKITAU,premiership|national,yes,height_cm|weight_kg,premiership:177|national:179,premiership:91|national:95,premiership:['Australia']|national:['Australia'],premiership:None|national:None,179,95,national,2026-07-23T23:53:48+09:00
lenni-nouchi,Lenni NOUCHI,top14|national,yes,height_cm|weight_kg,top14:190|national:196,top14:109|national:111,top14:['France']|national:['France'],top14:None|national:None,190,109,top14,2026-07-25T22:36:09+09:00
leonardo-marin,Leonardo MARIN,urc|national,yes,height_cm|weight_kg,urc:186|national:185,urc:93|national:89,urc:['Italy']|national:['Italy'],urc:None|national:None,185,89,national,2026-07-24T00:02:15+09:00
leroy-carter,Leroy CARTER,super-rugby|national,yes,height_cm|weight_kg,super-rugby:175|national:179,super-rugby:86|national:91,super-rugby:[]|national:[],super-rugby:None|national:None,175,86,super-rugby,2026-07-25T23:41:21+09:00
levani-botia,Levani BOTIA,top14|national,yes,height_cm|weight_kg,top14:185|national:182,top14:100|national:101,top14:['Fiji']|national:['Fiji'],top14:None|national:None,185,100,top14,2026-07-25T22:28:52+09:00
lolani-faleiva,Lolani FALEIVA,super-rugby|national,yes,weight_kg,super-rugby:193|national:193,super-rugby:135|national:127,super-rugby:[]|national:[],super-rugby:None|national:None,193,135,super-rugby,2026-07-26T00:00:39+09:00
lorenzo-cannone,Lorenzo CANNONE,urc|national,yes,weight_kg,urc:190|national:190,urc:101|national:102,urc:['Italy']|national:['Italy'],urc:None|national:None,190,102,national,2026-07-24T00:01:48+09:00
louis-bielle-biarrey,Louis BIELLE-BIARREY,top14|national,yes,height_cm|weight_kg,top14:181|national:188,top14:86|national:82,top14:['France']|national:['France'],top14:None|national:None,181,86,top14,2026-07-25T22:17:56+09:00
louis-lynagh,Louis LYNAGH,urc|national,yes,height_cm|weight_kg,urc:182|national:192,urc:96|national:98,"urc:['Australia', 'Italy']|national:['Australia', 'Italy']",urc:None|national:None,192,98,national,2026-07-24T00:02:33+09:00
louis-rees-zammit,Louis REES-ZAMMIT,premiership|national,yes,height_cm|weight_kg,premiership:193|national:190,premiership:91|national:96,premiership:['Wales']|national:['Wales'],premiership:None|national:None,190,96,national,2026-07-24T00:11:01+09:00
lucas-rumball,Lucas RUMBALL,mlr|national,yes,height_cm|weight_kg,mlr:197|national:190,mlr:115|national:114,mlr:['Canada']|national:['Canada'],mlr:None|national:None,190,114,national,2026-07-23T23:50:28+09:00
lucien-richardis,Lucien RICHARDIS,top14|national,yes,height_cm|weight_kg,top14:193|national:192,top14:88|national:95,"top14:['France', 'Spain']|national:['France', 'Spain']",top14:None|national:None,193,88,top14,2026-07-25T22:59:01+09:00
lucio-luna,Lucio CINTI LUNA,premiership|national,yes,height_cm|weight_kg,premiership:185|national:186,premiership:94|national:99,premiership:['Argentina']|national:['Argentina'],premiership:None|national:None,186,99,national,2026-07-24T00:17:24+09:00
luka-japaridze,Luka JAPARIDZE,top14|national,yes,height_cm|weight_kg,top14:184|national:181,top14:121|national:127,top14:['Georgia']|national:['Georgia'],top14:None|national:None,184,121,top14,2026-07-25T22:35:00+09:00
luke-carty,Luke CARTY,mlr|national,yes,height_cm|weight_kg,mlr:183|national:182,mlr:92|national:88,mlr:[]|national:[],mlr:None|national:None,182,88,national,2026-07-24T00:36:19+09:00
luke-cowan-dickie,Luke COWAN-DICKIE,premiership|national,yes,height_cm|weight_kg,premiership:185|national:179,premiership:117|national:113,premiership:['England']|national:['England'],premiership:None|national:None,179,113,national,2026-07-24T00:14:05+09:00
luke-jacobson,Luke JACOBSON,super-rugby|national,yes,height_cm,super-rugby:190|national:195,super-rugby:103|national:103,super-rugby:['New Zealand']|national:['New Zealand'],super-rugby:None|national:None,190,103,super-rugby,2026-07-25T23:40:29+09:00
lukhan-lealaiaulolo-tui,Lukhan SALAKAIA-LOTO,super-rugby|national,yes,height_cm|weight_kg,super-rugby:194|national:199,super-rugby:128|national:119,"super-rugby:['Samoa', 'Australia']|national:['Samoa', 'Australia']",super-rugby:None|national:None,194,128,super-rugby,2026-07-25T23:49:46+09:00
mackenzie-hansen,Mack HANSEN,urc|national,yes,height_cm|weight_kg,urc:187|national:192,urc:85|national:91,"urc:['Australia', 'Ireland']|national:['Australia', 'Ireland']",urc:None|national:None,192,91,national,2026-07-24T00:00:42+09:00
magnus-bradbury,Magnus BRADBURY,urc|national,yes,height_cm|weight_kg,urc:187|national:188,urc:114|national:119,urc:['Scotland']|national:['Scotland'],urc:None|national:None,188,119,national,2026-07-23T23:48:37+09:00
makeen-alikhan,Makeen ALIKHAN,mlr|national,yes,height_cm|weight_kg,mlr:189|national:193,mlr:108|national:107,mlr:[]|national:[],mlr:None|national:None,193,107,national,2026-07-24T00:35:52+09:00
maliu-niuafe,Maliu NIUAFE,mlr|national,yes,weight_kg,mlr:196|national:196,mlr:130|national:131,mlr:[]|national:[],mlr:None|national:None,196,131,national,2026-07-24T00:34:58+09:00
mamoru-harada,Mamoru HARADA,super-rugby|national,yes,height_cm|weight_kg|birthdate,super-rugby:180|national:173,super-rugby:105|national:99,super-rugby:[]|national:[],super-rugby:None|national:1999-04-15,180,105,super-rugby,2026-07-26T00:00:50+09:00
manex-ariceta,Manex ARICETA,top14|national,yes,height_cm|weight_kg,top14:195|national:197,top14:114|national:123,top14:[]|national:[],top14:None|national:None,195,114,top14,2026-07-25T22:13:00+09:00
manuel-zuliani,Manuel ZULIANI,urc|national,yes,height_cm|weight_kg,urc:191|national:190,urc:111|national:108,urc:['Italy']|national:['Italy'],urc:None|national:None,190,108,national,2026-07-24T00:01:51+09:00
marco-riccioni,Marco RICCIONI,premiership|national,yes,height_cm|weight_kg,premiership:182|national:187,premiership:119|national:127,premiership:['Italy']|national:['Italy'],premiership:None|national:None,187,127,national,2026-07-24T00:00:57+09:00
marco-van-staden,Marco VAN STADEN,urc|national,yes,height_cm|weight_kg,urc:180|national:182,urc:108|national:107,urc:['South Africa']|national:['South Africa'],urc:None|national:None,182,107,national,2026-07-24T00:06:57+09:00
marcos-kremer,Marcos KREMER,top14|national,yes,height_cm|weight_kg,top14:191|national:195,top14:114|national:111,top14:['Argentina']|national:['Argentina'],top14:None|national:None,191,114,top14,2026-07-25T22:24:53+09:00
marcus-smith,Marcus SMITH,premiership|national,yes,height_cm|weight_kg,premiership:172|national:176,premiership:89|national:81,"premiership:['England', 'Philippines']|national:['England', 'Philippines']",premiership:None|national:None,176,81,national,2026-07-24T00:14:59+09:00
mark-o-keeffe,Mark O'KEEFFE,mlr|national,yes,height_cm|weight_kg,mlr:182|national:187,mlr:103|national:101,mlr:[]|national:[],mlr:None|national:None,187,101,national,2026-07-24T00:36:40+09:00
marko-gazzotti,Marko GAZZOTTI,top14|national,yes,height_cm,top14:192|national:195,top14:106|national:106,top14:['France']|national:['France'],top14:None|national:None,192,106,top14,2026-07-25T22:16:58+09:00
marno-redelinghuys,Marno REDELINGHUYS,mlr|national,yes,height_cm|weight_kg,mlr:192|national:196,mlr:118|national:115,"mlr:['South Africa', 'United-States']|national:['South Africa', 'United-States']",mlr:None|national:None,196,115,national,2026-07-24T00:35:55+09:00
maro-itoje,Maro ITOJE,premiership|national,yes,height_cm|weight_kg,premiership:197|national:198,premiership:112|national:117,premiership:['England']|national:['England'],premiership:None|national:None,198,117,national,2026-07-24T00:14:17+09:00
martin-page-relo,Martin PAGE-RELO,top14|national,yes,height_cm|weight_kg,top14:174|national:177,top14:72|national:79,"top14:['France', 'Italy']|national:['France', 'Italy']",top14:None|national:None,174,72,top14,2026-07-25T22:17:11+09:00
mason-flesch,Mason FLESCH,mlr|national,yes,height_cm|weight_kg,mlr:195|national:196,mlr:114|national:113,mlr:['Canada']|national:['Canada'],mlr:None|national:None,196,113,national,2026-07-23T23:50:31+09:00
mason-grady,Mason GRADY,urc|national,yes,height_cm|weight_kg,urc:194|national:195,urc:122|national:119,urc:['Wales']|national:['Wales'],urc:None|national:None,195,119,national,2026-07-24T00:10:42+09:00
mason-pedersen,Mason PEDERSEN,mlr|national,yes,height_cm|weight_kg,mlr:184|national:181,mlr:124|national:120,mlr:[]|national:[],mlr:None|national:None,181,120,national,2026-07-24T00:35:01+09:00
mateo-carreras,Mateo CARRERAS,top14|national,yes,height_cm|weight_kg,top14:168|national:173,top14:89|national:83,top14:[]|national:[],top14:None|national:None,168,89,top14,2026-07-25T22:14:03+09:00
matias-alemanno,Matías ALEMANNO,premiership|national,yes,height_cm|weight_kg,premiership:194|national:193,premiership:113|national:115,premiership:['Argentina']|national:['Argentina'],premiership:None|national:None,193,115,national,2026-07-24T00:16:24+09:00
matias-moroni,Matías MORONI,premiership|national,yes,height_cm|weight_kg,premiership:185|national:183,premiership:92|national:97,premiership:['Argentina']|national:['Argentina'],premiership:None|national:None,183,97,national,2026-07-24T00:17:11+09:00
matt-faessler,Matt FAESSLER,super-rugby|national,yes,height_cm|weight_kg,super-rugby:180|national:182,super-rugby:110|national:114,super-rugby:[]|national:[],super-rugby:None|national:None,180,110,super-rugby,2026-07-25T23:49:35+09:00
matt-fagerson,Matt FAGERSON,urc|national,yes,height_cm|weight_kg,urc:182|national:183,urc:109|national:113,urc:['Scotland']|national:['Scotland'],urc:None|national:None,183,113,national,2026-07-23T23:48:40+09:00
matt-oworu,Matt OWORU,mlr|national,yes,height_cm|weight_kg,mlr:190|national:187,mlr:108|national:113,mlr:['Canada']|national:['Canada'],mlr:None|national:None,187,113,national,2026-07-23T23:50:34+09:00
matthieu-jalibert,Matthieu JALIBERT,top14|national,yes,height_cm|weight_kg,top14:184|national:180,top14:81|national:88,top14:['France']|national:['France'],top14:None|national:None,184,81,top14,2026-07-25T22:17:29+09:00
max-jorgensen,Max JORGENSEN,super-rugby|national,yes,height_cm|weight_kg,super-rugby:178|national:180,super-rugby:90|national:84,super-rugby:['Australia']|national:['Australia'],super-rugby:None|national:None,178,90,super-rugby,2026-07-25T23:53:12+09:00
max-ojomoh,Max OJOMOH,premiership|national,yes,height_cm,premiership:183|national:184,premiership:100|national:100,premiership:['England']|national:['England'],premiership:None|national:None,184,100,national,2026-07-24T00:15:16+09:00
max-spring,Max SPRING,top14|national,yes,height_cm|weight_kg,top14:171|national:178,top14:80|national:77,top14:['France']|national:['France'],top14:None|national:None,171,80,top14,2026-07-25T22:52:32+09:00
max-williamson,Max WILLIAMSON,urc|national,yes,height_cm|weight_kg,urc:196|national:197,urc:116|national:119,urc:['Scotland']|national:['Scotland'],urc:None|national:None,197,119,national,2026-07-23T23:48:07+09:00
maxime-lamothe,Maxime LAMOTHE,top14|national,yes,height_cm|weight_kg,top14:186|national:180,top14:108|national:111,top14:['France']|national:['France'],top14:None|national:None,186,108,top14,2026-07-25T22:16:26+09:00
maxime-lucu,Maxime LUCU,top14|national,yes,height_cm|weight_kg,top14:176|national:175,top14:82|national:86,top14:['France']|national:['France'],top14:None|national:None,176,82,top14,2026-07-25T22:17:14+09:00
mesake-doge,Mesake DOGE,super-rugby|national,yes,height_cm|weight_kg,super-rugby:185|national:183,super-rugby:118|national:125,super-rugby:[]|national:[],super-rugby:None|national:None,185,118,super-rugby,2026-07-25T23:58:35+09:00
mesake-vocevoce,Mesake VOCEVOCE,super-rugby|national,yes,height_cm|weight_kg,super-rugby:199|national:202,super-rugby:110|national:111,super-rugby:[]|national:[],super-rugby:None|national:None,199,110,super-rugby,2026-07-25T23:59:01+09:00
michael-alaalatoa,Michael ALAALATOA,urc|national,yes,height_cm|weight_kg,urc:193|national:196,urc:133|national:132,"urc:['Australia', 'Samoa']|national:['Australia', 'Samoa']",urc:None|national:None,196,132,national,2026-07-24T00:39:02+09:00
michael-baska,Michael BASKA,mlr|national,yes,height_cm|weight_kg,mlr:191|national:186,mlr:91|national:82,mlr:[]|national:[],mlr:None|national:None,186,82,national,2026-07-24T00:36:10+09:00
michele-lamaro,Michele LAMARO,urc|national,yes,height_cm|weight_kg,urc:185|national:186,urc:102|national:103,urc:['Italy']|national:['Italy'],urc:None|national:None,186,103,national,2026-07-24T00:01:54+09:00
mickael--guillard,Mickaël GUILLARD,top14|national,yes,height_cm|weight_kg,top14:198|national:193,top14:122|national:118,top14:['France']|national:['France'],top14:None|national:None,198,122,top14,2026-07-25T22:32:00+09:00
mikehil-alania,Mikheil ALANIA,top14|national,yes,height_cm|weight_kg,top14:177|national:184,top14:85|national:81,top14:['Georgia']|national:['Georgia'],top14:None|national:None,177,85,top14,2026-07-25T23:03:56+09:00
mikheili-shioshvili,Mikheili SHIOSHVILI,top14|national,yes,height_cm|weight_kg,top14:196|national:188,top14:119|national:123,top14:[]|national:[],top14:None|national:None,196,119,top14,2026-07-25T22:54:47+09:00
miles-amatosero,Miles AMATOSERO,super-rugby|national,yes,height_cm|weight_kg,super-rugby:198|national:208,super-rugby:129|national:125,super-rugby:[]|national:[],super-rugby:None|national:None,198,129,super-rugby,2026-07-25T23:52:12+09:00
mills-sanerivi,Mills SANERIVI,super-rugby|national,yes,height_cm|weight_kg,super-rugby:178|national:176,super-rugby:117|national:118,"super-rugby:['New Zealand', 'Samoa']|national:['New Zealand', 'Samoa']",super-rugby:None|national:None,178,117,super-rugby,2026-07-26T00:00:53+09:00
miracle-fai-ilagi,Miracle FAI'ILAGI,super-rugby|national,yes,height_cm,super-rugby:189|national:191,super-rugby:105|national:105,super-rugby:['Samoa']|national:['Samoa'],super-rugby:None|national:None,189,105,super-rugby,2026-07-26T00:01:21+09:00
mitch-wilson,Mitch WILSON,mlr|national,yes,height_cm|weight_kg,mlr:170|national:171,mlr:85|national:81,"mlr:['Australia', 'United-States']|national:['Australia', 'United-States']",mlr:None|national:None,171,81,national,2026-07-24T00:36:48+09:00
monty-ioane,Monty IOANE,top14|national,yes,height_cm|weight_kg,top14:180|national:181,top14:90|national:92,"top14:['Australia', 'Italy']|national:['Australia', 'Italy']",top14:None|national:None,180,90,top14,2026-07-25T22:33:24+09:00
moses-alo-emile,Moses ALO-EMILE,top14|national,yes,weight_kg,top14:183|national:183,top14:127|national:133,"top14:['Australia', 'France']|national:['Australia', 'France']",top14:None|national:None,183,127,top14,2026-07-25T22:39:18+09:00
motikiai-murray,Motikiai MURRAY,super-rugby|national,yes,weight_kg,super-rugby:189|national:189,super-rugby:90|national:95,super-rugby:[]|national:[],super-rugby:None|national:None,189,90,super-rugby,2026-07-25T23:59:21+09:00
naoto-saito,Naoto SAITO,top14|national,yes,height_cm|weight_kg|birthdate,top14:170|national:164,top14:72|national:80,top14:['Japan']|national:['Japan'],top14:None|national:1997-08-26,170,72,top14,2026-07-25T22:58:55+09:00
nathan-den-hoedt,Nathan DEN HOEDT,mlr|national,yes,height_cm|weight_kg,mlr:200|national:204,mlr:123|national:114,mlr:[]|national:[],mlr:None|national:None,204,114,national,2026-07-24T00:35:30+09:00
niccolo-cannone,Niccolò CANNONE,urc|national,yes,height_cm|weight_kg,urc:192|national:199,urc:120|national:119,urc:['Italy']|national:['Italy'],urc:None|national:None,199,119,national,2026-07-24T00:01:33+09:00
nick--tompkins,Nick TOMPKINS,premiership|national,yes,height_cm|weight_kg,premiership:180|national:187,premiership:97|national:93,"premiership:['England', 'Wales']|national:['England', 'Wales']",premiership:None|national:None,187,93,national,2026-07-24T00:10:48+09:00
nick-champion-de-crespigny,Nick CHAMPION DE CRESPIGNY,super-rugby|national,yes,height_cm|weight_kg,super-rugby:195|national:191,super-rugby:112|national:111,super-rugby:[]|national:[],super-rugby:None|national:None,195,112,super-rugby,2026-07-25T23:55:01+09:00
nick-frost,Nick FROST,super-rugby|national,yes,height_cm|weight_kg,super-rugby:204|national:206,super-rugby:121|national:115,super-rugby:[]|national:[],super-rugby:None|national:None,204,121,super-rugby,2026-07-25T23:47:48+09:00
nick-timoney,Nick TIMONEY,urc|national,yes,height_cm|weight_kg,urc:186|national:193,urc:111|national:110,urc:['Ireland']|national:['Ireland'],urc:None|national:None,193,110,national,2026-07-23T23:59:37+09:00
nicky-smith,Nicky SMITH,premiership|national,yes,height_cm|weight_kg,premiership:188|national:185,premiership:123|national:118,premiership:['Wales']|national:['Wales'],premiership:None|national:None,185,118,national,2026-07-24T00:08:41+09:00
nicolas-depoortere,Nicolas DEPOORTÈRE,top14|national,yes,height_cm|weight_kg,top14:196|national:197,top14:94|national:91,top14:['France']|national:['France'],top14:None|national:None,196,94,top14,2026-07-25T22:17:36+09:00
nika-abuladze,Nika ABULADZE,top14|national,yes,height_cm|weight_kg,top14:184|national:185,top14:131|national:126,top14:['Georgia']|national:['Georgia'],top14:None|national:None,184,131,top14,2026-07-25T22:35:06+09:00
nika-sutidze,Nika SUTIDZE,top14|national,yes,height_cm|weight_kg,top14:182|national:183,top14:99|national:109,top14:[]|national:[],top14:None|national:None,182,99,top14,2026-07-25T22:28:03+09:00
niko-jones,Niko JONES,super-rugby|national,yes,height_cm|weight_kg,super-rugby:183|national:190,super-rugby:99|national:101,"super-rugby:['New Zealand', 'Samoa']|national:['New Zealand', 'Samoa']",super-rugby:None|national:None,183,99,super-rugby,2026-07-26T00:01:24+09:00
noah-nene,Noah NÉNÉ,top14|national,yes,height_cm|weight_kg,top14:195|national:196,top14:106|national:103,top14:['France']|national:['France'],top14:None|national:None,195,106,top14,2026-07-25T22:41:02+09:00
nolann-le-garrec,Nolann LE GARREC,top14|national,yes,height_cm|weight_kg,top14:171|national:178,top14:76|national:77,top14:['France']|national:['France'],top14:None|national:None,171,76,top14,2026-07-25T22:29:07+09:00
ntuthuko-mchunu,Ntuthuko MCHUNU,urc|national,yes,height_cm|weight_kg,urc:191|national:187,urc:124|national:121,urc:['South Africa']|national:['South Africa'],urc:None|national:None,187,121,national,2026-07-24T00:05:32+09:00
ollie-chessum,Ollie CHESSUM,premiership|national,yes,height_cm,premiership:198|national:205,premiership:114|national:114,premiership:['England']|national:['England'],premiership:None|national:None,205,114,national,2026-07-24T00:14:20+09:00
ollie-lawrence,Ollie LAWRENCE,premiership|national,yes,height_cm|weight_kg,premiership:177|national:178,premiership:100|national:105,premiership:['England']|national:['England'],premiership:None|national:None,178,105,national,2026-07-24T00:15:19+09:00
ollie-smith,Ollie SMITH,urc|national,yes,height_cm|weight_kg,urc:192|national:185,urc:95|national:101,urc:['Scotland']|national:['Scotland'],urc:None|national:None,185,101,national,2026-07-23T23:49:38+09:00
oriol-marsinyac,Oriol MARSINYAC,top14|national,yes,height_cm|weight_kg,top14:183|national:191,top14:99|national:98,top14:['Spain']|national:['Spain'],top14:None|national:None,183,99,top14,2026-07-25T23:01:52+09:00
oscar-jegou,Oscar JÉGOU,top14|national,yes,height_cm|weight_kg,top14:186|national:185,top14:86|national:91,top14:['France']|national:['France'],top14:None|national:None,186,86,top14,2026-07-25T22:29:02+09:00
ox-nche,Ox NCHÉ,urc|national,yes,height_cm|weight_kg,urc:177|national:175,urc:124|national:125,urc:['South Africa']|national:['South Africa'],urc:None|national:None,175,125,national,2026-07-24T00:05:35+09:00
paddy-mccarthy,Paddy MCCARTHY,urc|national,yes,weight_kg,urc:181|national:181,urc:107|national:114,urc:['Ireland']|national:['Ireland'],urc:None|national:None,181,114,national,2026-07-23T23:58:31+09:00
paddy-ryan-1998,Paddy RYAN,mlr|national,yes,height_cm|weight_kg,mlr:189|national:193,mlr:110|national:107,"mlr:['Ireland', 'United-States']|national:['Ireland', 'United-States']",mlr:None|national:None,193,107,national,2026-07-24T00:36:01+09:00
paolo-garbisi,Paolo GARBISI,top14|national,yes,height_cm|weight_kg,top14:180|national:187,top14:101|national:94,top14:['Italy']|national:['Italy'],top14:None|national:None,180,101,top14,2026-07-25T22:55:15+09:00
pasilio-tosi,Pasilio TOSI,super-rugby|national,yes,height_cm|weight_kg,super-rugby:194|national:195,super-rugby:141|national:146,super-rugby:['New Zealand']|national:['New Zealand'],super-rugby:None|national:None,194,141,super-rugby,2026-07-25T23:37:17+09:00
patrick-harrison,Patrick HARRISON,urc|national,yes,height_cm|weight_kg,urc:185|national:177,urc:111|national:107,urc:['Scotland']|national:['Scotland'],urc:None|national:None,177,107,national,2026-07-23T23:47:42+09:00
patrick-pellegrini,Pat PELLEGRINI,super-rugby|national,yes,height_cm|weight_kg,super-rugby:171|national:174,super-rugby:77|national:82,"super-rugby:['Australia', 'Tonga']|national:['Australia', 'Tonga']",super-rugby:None|national:None,171,77,super-rugby,2026-07-26T00:01:59+09:00
patrick-tuipulotu,Patrick TUIPULOTU,super-rugby|national,yes,height_cm|weight_kg,super-rugby:199|national:203,super-rugby:125|national:119,super-rugby:['New Zealand']|national:['New Zealand'],super-rugby:None|national:None,199,125,super-rugby,2026-07-25T23:42:39+09:00
paul-boudehent,Paul BOUDEHENT,top14|national,yes,height_cm,top14:193|national:192,top14:106|national:106,top14:['France']|national:['France'],top14:None|national:None,193,106,top14,2026-07-25T22:29:04+09:00
paul-graou,Paul GRAOU,top14|national,yes,height_cm|weight_kg,top14:178|national:173,top14:92|national:94,top14:['France']|national:['France'],top14:None|national:None,178,92,top14,2026-07-25T22:58:58+09:00
paula-latu,Paula LATU,super-rugby|national,yes,height_cm|weight_kg,super-rugby:184|national:191,super-rugby:122|national:124,super-rugby:[]|national:[],super-rugby:None|national:None,184,122,super-rugby,2026-07-26T00:00:45+09:00
paulo-odogwu,Paolo ODOGWU,urc|national,yes,weight_kg,urc:179|national:179,urc:95|national:103,"urc:['England', 'Italy']|national:['England', 'Italy']",urc:None|national:None,179,103,national,2026-07-24T00:02:42+09:00
payton-telea-ilalio,Payton TELEA-ILALIO,mlr|national,yes,height_cm|weight_kg,mlr:180|national:177,mlr:118|national:117,mlr:['United-States']|national:['United-States'],mlr:None|national:None,177,117,national,2026-07-24T00:35:04+09:00
peato-mauvaka,Péato MAUVAKA,top14|national,yes,height_cm|weight_kg,top14:183|national:186,top14:115|national:111,top14:['France']|national:['France'],top14:None|national:None,183,115,top14,2026-07-25T22:58:03+09:00
peceli-yato,Peceli YATO,top14|national,yes,height_cm|weight_kg,top14:195|national:197,top14:125|national:115,top14:['Fiji']|national:['Fiji'],top14:None|national:None,195,125,top14,2026-07-25T22:47:12+09:00
pedro-delgado,Pedro DELGADO,premiership|national,yes,height_cm|weight_kg,premiership:187|national:184,premiership:140|national:139,premiership:['Argentina']|national:['Argentina'],premiership:None|national:None,184,139,national,2026-07-24T00:15:57+09:00
peni-ravai,Peni RAVAI,super-rugby|national,yes,height_cm|weight_kg,super-rugby:186|national:188,super-rugby:122|national:117,super-rugby:['Fiji']|national:['Fiji'],super-rugby:None|national:None,186,122,super-rugby,2026-07-25T23:58:37+09:00
pete-samu,Pete SAMU,super-rugby|national,yes,height_cm|weight_kg,super-rugby:190|national:185,super-rugby:107|national:103,super-rugby:['Australia']|national:['Australia'],super-rugby:None|national:None,190,107,super-rugby,2026-07-25T23:52:31+09:00
peter-lakai,Peter LAKAI,super-rugby|national,yes,height_cm|weight_kg,super-rugby:182|national:187,super-rugby:112|national:114,super-rugby:['New Zealand']|national:['New Zealand'],super-rugby:None|national:None,182,112,super-rugby,2026-07-25T23:38:20+09:00
philip-baselala,Philip BASELALA,super-rugby|national,no,,super-rugby:None|national:None,super-rugby:None|national:None,super-rugby:[]|national:[],super-rugby:None|national:None,,,super-rugby,2026-07-25T23:59:32+09:00
pierre-bochaton,Pierre BOCHATON,top14|national,yes,height_cm|weight_kg,top14:200|national:193,top14:104|national:107,top14:['France']|national:['France'],top14:None|national:None,200,104,top14,2026-07-25T22:17:00+09:00
pierre-louis-barassi,Pierre-Louis BARASSI,top14|national,yes,height_cm|weight_kg,top14:184|national:189,top14:104|national:102,top14:['France']|national:['France'],top14:None|national:None,184,104,top14,2026-07-25T22:59:20+09:00
pierre-schoeman,Pierre SCHOEMAN,urc|national,yes,height_cm,urc:181|national:188,urc:118|national:118,"urc:['South Africa', 'Scotland']|national:['South Africa', 'Scotland']",urc:None|national:None,188,118,national,2026-07-23T23:47:17+09:00
piers-von-dadelszen,Piers VON DADELSZEN,mlr|national,yes,height_cm|weight_kg,mlr:190|national:198,mlr:115|national:113,mlr:[]|national:[],mlr:None|national:None,198,113,national,2026-07-23T23:50:22+09:00
pita-gus-sowakula,Pita-Gus SOWAKULA,top14|national,yes,height_cm|weight_kg,top14:200|national:194,top14:122|national:117,"top14:['Fiji', 'New Zealand']|national:['Fiji', 'New Zealand']",top14:None|national:None,200,122,top14,2026-07-25T22:24:59+09:00
quinn-tupaea,Quinn TUPAEA,super-rugby|national,yes,height_cm|weight_kg,super-rugby:184|national:189,super-rugby:100|national:96,super-rugby:[]|national:[],super-rugby:None|national:None,184,100,super-rugby,2026-07-25T23:41:07+09:00
reda-wardi,Reda WARDI,top14|national,yes,height_cm|weight_kg,top14:190|national:189,top14:106|national:113,top14:['France']|national:['France'],top14:None|national:None,190,106,top14,2026-07-25T22:27:55+09:00
regis-montagne,Régis MONTAGNE,top14|national,yes,height_cm,top14:181|national:182,top14:133|national:133,top14:['France']|national:['France'],top14:None|national:None,181,133,top14,2026-07-25T22:24:03+09:00
rg-snyman,RG SNYMAN,urc|national,yes,height_cm|weight_kg,urc:203|national:207,urc:132|national:130,urc:['South Africa']|national:['South Africa'],urc:None|national:None,207,130,national,2026-07-24T00:06:28+09:00
rhys-carre,Rhys CARRÉ,premiership|national,yes,height_cm|weight_kg,premiership:186|national:189,premiership:131|national:130,premiership:['Wales']|national:['Wales'],premiership:None|national:None,189,130,national,2026-07-24T00:08:46+09:00
riccardo-favretto,Riccardo FAVRETTO,urc|national,yes,height_cm|weight_kg,urc:202|national:205,urc:113|national:109,urc:['Italy']|national:['Italy'],urc:None|national:None,205,109,national,2026-07-24T00:01:36+09:00
richie-asiata,Richie ASIATA,super-rugby|national,yes,height_cm|weight_kg,super-rugby:182|national:185,super-rugby:121|national:120,super-rugby:[]|national:[],super-rugby:None|national:None,182,121,super-rugby,2026-07-25T23:49:37+09:00
rieko-ioane,Rieko IOANE,urc|national,yes,height_cm|weight_kg,urc:184|national:193,urc:103|national:106,urc:['New Zealand']|national:['New Zealand'],urc:None|national:None,193,106,national,2026-07-24T00:04:51+09:00
rio-dyer,Rio DYER,urc|national,yes,height_cm|weight_kg,urc:185|national:187,urc:89|national:86,urc:['Wales']|national:['Wales'],urc:None|national:None,187,86,national,2026-07-24T00:11:04+09:00
rob-valetini,Rob VALETINI,super-rugby|national,yes,height_cm|weight_kg,super-rugby:188|national:191,super-rugby:116|national:112,super-rugby:['Australia']|national:['Australia'],super-rugby:None|national:None,188,116,super-rugby,2026-07-25T23:47:57+09:00
robbie-henshaw,Robbie HENSHAW,urc|national,yes,height_cm|weight_kg,urc:192|national:191,urc:96|national:98,urc:['Ireland']|national:['Ireland'],urc:None|national:None,191,98,national,2026-07-24T00:00:15+09:00
robert-baloucoune,Robert BALOUCOUNE,urc|national,yes,height_cm|weight_kg,urc:189|national:194,urc:105|national:103,urc:['Ireland']|national:['Ireland'],urc:None|national:None,194,103,national,2026-07-24T00:00:33+09:00
rodrigue-neti,Rodrigue NETI,top14|national,yes,height_cm|weight_kg,top14:190|national:181,top14:125|national:128,top14:['France']|national:['France'],top14:None|national:None,190,125,top14,2026-07-25T22:57:49+09:00
romain-ntamack,Romain NTAMACK,top14|national,yes,height_cm|weight_kg,top14:188|national:181,top14:96|national:99,top14:['France']|national:['France'],top14:None|national:None,188,96,top14,2026-07-25T22:59:04+09:00
romain-taofifenua,Romain TAOFIFENUA,top14|national,yes,height_cm|weight_kg,top14:201|national:203,top14:139|national:137,top14:['France']|national:['France'],top14:None|national:None,201,139,top14,2026-07-25T22:51:01+09:00
ronan-kelleher,Ronan KELLEHER,urc|national,yes,height_cm|weight_kg,urc:180|national:186,urc:110|national:112,urc:['Ireland']|national:['Ireland'],urc:None|national:None,186,112,national,2026-07-23T23:58:51+09:00
rory-darge,Rory DARGE,urc|national,yes,height_cm|weight_kg,urc:186|national:184,urc:102|national:98,urc:['Scotland']|national:['Scotland'],urc:None|national:None,184,98,national,2026-07-23T23:48:43+09:00
rory-hutchinson,Rory HUTCHINSON,premiership|national,yes,height_cm|weight_kg,premiership:184|national:186,premiership:95|national:99,"premiership:['England', 'Scotland']|national:['England', 'Scotland']",premiership:None|national:None,186,99,national,2026-07-23T23:49:17+09:00
rory-sutherland,Rory SUTHERLAND,urc|national,yes,height_cm,urc:187|national:182,urc:111|national:111,urc:['Scotland']|national:['Scotland'],urc:None|national:None,182,111,national,2026-07-23T23:47:20+09:00
ross-vintcent,Ross VINTCENT,premiership|national,yes,weight_kg,premiership:182|national:182,premiership:102|national:103,"premiership:['South Africa', 'Italy']|national:['South Africa', 'Italy']",premiership:None|national:None,182,103,national,2026-07-24T00:01:57+09:00
ruan-nortje,Ruan NORTJÉ,urc|national,yes,height_cm|weight_kg,urc:201|national:198,urc:109|national:115,urc:['South Africa']|national:['South Africa'],urc:None|national:None,198,115,national,2026-07-24T00:06:34+09:00
ruben-de-haas,Ruben DE HAAS,mlr|national,yes,height_cm,mlr:181|national:180,mlr:83|national:83,"mlr:['South Africa', 'United-States']|national:['South Africa', 'United-States']",mlr:None|national:None,180,83,national,2026-07-24T00:36:13+09:00
ruben-love,Ruben LOVE,super-rugby|national,yes,weight_kg,super-rugby:179|national:179,super-rugby:87|national:93,super-rugby:[]|national:[],super-rugby:None|national:None,179,87,super-rugby,2026-07-25T23:39:15+09:00
rufus-mclean,Rufus MCLEAN,mlr|national,yes,height_cm|weight_kg,mlr:176|national:186,mlr:89|national:91,"mlr:['United-States', 'Scotland']|national:['United-States', 'Scotland']",mlr:None|national:None,186,91,national,2026-07-24T00:36:42+09:00
ryan-baird,Ryan BAIRD,urc|national,yes,height_cm|weight_kg,urc:199|national:195,urc:111|national:114,urc:['Ireland']|national:['Ireland'],urc:None|national:None,195,114,national,2026-07-23T23:59:15+09:00
ryan-elias,Ryan ELIAS,urc|national,yes,height_cm|weight_kg,urc:191|national:184,urc:114|national:113,urc:['Wales']|national:['Wales'],urc:None|national:None,184,113,national,2026-07-24T00:09:02+09:00
ryan-lonergan,Ryan LONERGAN,super-rugby|national,yes,height_cm,super-rugby:186|national:185,super-rugby:85|national:85,super-rugby:['Australia']|national:['Australia'],super-rugby:None|national:None,186,85,super-rugby,2026-07-25T23:48:14+09:00
sacha-mngomezulu,Sacha FEINBERG-MNGOMEZULU,urc|national,yes,height_cm|weight_kg,urc:192|national:185,urc:97|national:89,urc:['South Africa']|national:['South Africa'],urc:None|national:None,185,89,national,2026-07-24T00:07:34+09:00
salesi-rayasi,Salesi RAYASI,top14|national,yes,height_cm|weight_kg,top14:196|national:197,top14:100|national:101,top14:[]|national:[],top14:None|national:None,196,100,top14,2026-07-25T22:18:03+09:00
sam-costelow,Sam COSTELOW,urc|national,yes,height_cm|weight_kg,urc:180|national:172,urc:84|national:87,urc:['Wales']|national:['Wales'],urc:None|national:None,172,87,national,2026-07-24T00:10:26+09:00
sam-darry,Sam DARRY,super-rugby|national,yes,height_cm,super-rugby:199|national:206,super-rugby:111|national:111,super-rugby:[]|national:[],super-rugby:None|national:None,199,111,super-rugby,2026-07-25T23:42:42+09:00
sam-moli,Sam MOLI,super-rugby|national,yes,height_cm|weight_kg,super-rugby:181|national:180,super-rugby:116|national:112,"super-rugby:['New Zealand', 'Tonga']|national:['New Zealand', 'Tonga']",super-rugby:None|national:None,181,116,super-rugby,2026-07-26T00:00:56+09:00
sam-prendergast,Sam PRENDERGAST,urc|national,yes,height_cm|weight_kg,urc:198|national:195,urc:88|national:92,urc:['Ireland']|national:['Ireland'],urc:None|national:None,195,92,national,2026-07-24T00:00:03+09:00
sam-tuitupou-2005,Sam TUITUPOU,super-rugby|national,no,,super-rugby:None|national:None,super-rugby:None|national:None,super-rugby:[]|national:[],super-rugby:None|national:None,,,super-rugby,2026-07-26T00:01:29+09:00
sam-underhill,Sam UNDERHILL,premiership|national,yes,height_cm|weight_kg,premiership:186|national:189,premiership:111|national:109,premiership:['England']|national:['England'],premiership:None|national:None,189,109,national,2026-07-24T00:14:38+09:00
sama-malolo,Sama MALOLO,top14|national,yes,height_cm|weight_kg,top14:185|national:180,top14:111|national:107,"top14:['New Zealand', 'Samoa']|national:['New Zealand', 'Samoa']",top14:None|national:None,185,111,top14,2026-07-25T22:46:51+09:00
samisoni-taukei-aho,Samisoni TAUKEI'AHO,super-rugby|national,yes,height_cm|weight_kg,super-rugby:185|national:181,super-rugby:113|national:115,"super-rugby:['Tonga', 'New Zealand']|national:['Tonga', 'New Zealand']",super-rugby:None|national:None,185,113,super-rugby,2026-07-25T23:39:58+09:00
samu-tawake,Samu TAWAKE,super-rugby|national,yes,height_cm|weight_kg,super-rugby:181|national:178,super-rugby:122|national:116,super-rugby:[]|national:[],super-rugby:None|national:None,181,122,super-rugby,2026-07-25T23:58:41+09:00
samuel-ezeala,Samuel EZEALA,top14|national,yes,height_cm|weight_kg,top14:189|national:183,top14:104|national:94,top14:[]|national:[],top14:None|national:None,189,104,top14,2026-07-25T22:41:17+09:00
santiago-carreras,Santiago CARRERAS,premiership|national,yes,height_cm|weight_kg,premiership:182|national:187,premiership:84|national:85,premiership:['Argentina']|national:['Argentina'],premiership:None|national:None,187,85,national,2026-07-24T00:16:59+09:00
santiago-chocobares,Santiago CHOCOBARES,top14|national,yes,height_cm|weight_kg,top14:191|national:192,top14:97|national:95,top14:['Argentina']|national:['Argentina'],top14:None|national:None,191,97,top14,2026-07-25T22:59:23+09:00
santiago-grondona,Santiago GRONDONA,premiership|national,yes,height_cm|weight_kg,premiership:199|national:202,premiership:109|national:112,premiership:['Argentina']|national:['Argentina'],premiership:None|national:None,202,112,national,2026-07-24T00:16:44+09:00
santiago-videla,Santiago VIDELA,mlr|national,yes,height_cm|weight_kg,mlr:178|national:175,mlr:91|national:97,mlr:[]|national:[],mlr:None|national:None,175,97,national,2026-07-24T00:34:22+09:00
scott-barrett,Scott BARRETT,super-rugby|national,yes,height_cm|weight_kg,super-rugby:193|national:199,super-rugby:122|national:119,super-rugby:['New Zealand']|national:['New Zealand'],super-rugby:None|national:None,193,122,super-rugby,2026-07-25T23:45:13+09:00
scott-cummings,Scott CUMMINGS,urc|national,yes,height_cm|weight_kg,urc:195|national:201,urc:121|national:119,urc:['Scotland']|national:['Scotland'],urc:None|national:None,201,119,national,2026-07-23T23:48:10+09:00
scott-sio,Scott SIO,premiership|national,yes,height_cm|weight_kg,premiership:184|national:192,premiership:127|national:122,premiership:['Australia']|national:['Australia'],premiership:None|national:None,192,122,national,2026-07-24T00:39:08+09:00
sean-mcnulty,Sean MCNULTY,mlr|national,yes,height_cm|weight_kg,mlr:193|national:187,mlr:116|national:108,mlr:[]|national:[],mlr:None|national:None,187,108,national,2026-07-24T00:35:21+09:00
seb-atkinson,Seb ATKINSON,premiership|national,yes,height_cm|weight_kg,premiership:186|national:185,premiership:100|national:99,premiership:['England']|national:['England'],premiership:None|national:None,185,99,national,2026-07-24T00:15:22+09:00
selestino-ravutaumada,Selestino RAVUTAUMADA,top14|national,yes,height_cm|weight_kg,top14:183|national:182,top14:89|national:93,top14:['Fiji']|national:['Fiji'],top14:None|national:None,183,89,top14,2026-07-25T22:52:18+09:00
semisi-paea,Semisi PAEA,super-rugby|national,yes,height_cm|weight_kg,super-rugby:199|national:197,super-rugby:118|national:110,super-rugby:[]|national:[],super-rugby:None|national:None,199,118,super-rugby,2026-07-26T00:01:32+09:00
setareki-turagacoke,Setareki TURAGACOKE,top14|national,yes,height_cm|weight_kg,top14:201|national:198,top14:113|national:114,top14:['Fiji']|national:['Fiji'],top14:None|national:None,201,113,top14,2026-07-25T22:39:59+09:00
setariki-tuicuvu,Setariki TUICUVU,top14|national,yes,weight_kg,top14:179|national:179,top14:92|national:90,top14:['Fiji']|national:['Fiji'],top14:None|national:None,179,92,top14,2026-07-25T22:55:49+09:00
sevu-reece,Sevu REECE,super-rugby|national,yes,height_cm|weight_kg,super-rugby:176|national:184,super-rugby:103|national:94,"super-rugby:['Fiji', 'New Zealand']|national:['Fiji', 'New Zealand']",super-rugby:None|national:None,176,103,super-rugby,2026-07-25T23:46:40+09:00
siaosi-nginingini,Siaosi NGININGINI,super-rugby|national,yes,height_cm|weight_kg,super-rugby:188|national:178,super-rugby:91|national:94,super-rugby:[]|national:[],super-rugby:None|national:None,188,91,super-rugby,2026-07-26T00:01:53+09:00
simione-kuruvoli,Simi KURUVOLI,super-rugby|national,yes,height_cm|weight_kg,super-rugby:170|national:173,super-rugby:79|national:77,super-rugby:[]|national:[],super-rugby:None|national:None,170,79,super-rugby,2026-07-25T23:59:35+09:00
simon-parker,Simon PARKER,super-rugby|national,yes,height_cm|weight_kg,super-rugby:190|national:196,super-rugby:107|national:110,super-rugby:['New Zealand']|national:['New Zealand'],super-rugby:None|national:None,190,107,super-rugby,2026-07-25T23:40:37+09:00
simone-ferrari,Simone FERRARI,urc|national,yes,height_cm|weight_kg,urc:187|national:184,urc:120|national:115,urc:['Italy']|national:['Italy'],urc:None|national:None,184,115,national,2026-07-24T00:01:06+09:00
sione-tuipulotu,Sione TUIPULOTU,urc|national,yes,height_cm|weight_kg,urc:174|national:182,urc:105|national:101,"urc:['Australia', 'Scotland']|national:['Australia', 'Scotland']",urc:None|national:None,182,101,national,2026-07-23T23:49:20+09:00
sipili-falatea,Sipili FALATEA,top14|national,yes,height_cm|weight_kg,top14:178|national:183,top14:118|national:111,top14:['France']|national:['France'],top14:None|national:None,178,118,top14,2026-07-25T22:16:09+09:00
sireli-maqala,Sireli MAQALA,top14|national,yes,weight_kg,top14:174|national:174,top14:85|national:84,top14:[]|national:[],top14:None|national:None,174,85,top14,2026-07-25T22:13:57+09:00
siua-maile,Siua MAILE,urc|national,yes,height_cm|weight_kg,urc:177|national:180,urc:112|national:109,urc:['Tonga']|national:['Tonga'],urc:None|national:None,180,109,national,2026-07-24T00:37:21+09:00
siya-kolisi,Siya KOLISI,urc|national,yes,height_cm|weight_kg,urc:193|national:185,urc:106|national:104,urc:['South Africa']|national:['South Africa'],urc:None|national:None,185,104,national,2026-07-24T00:07:03+09:00
solomone-kata,Solomone KATA,premiership|national,yes,height_cm|weight_kg,premiership:177|national:181,premiership:106|national:100,premiership:['Tonga']|national:['Tonga'],premiership:None|national:None,181,100,national,2026-07-24T00:38:17+09:00
stafford-mcdowall,Stafford MCDOWALL,urc|national,yes,height_cm|weight_kg,urc:196|national:195,urc:107|national:102,urc:['Scotland']|national:['Scotland'],urc:None|national:None,195,102,national,2026-07-23T23:49:23+09:00
stephen-varney,Stephen VARNEY,premiership|national,yes,height_cm,premiership:175|national:173,premiership:78|national:78,"premiership:['Wales', 'Italy']|national:['Wales', 'Italy']",premiership:None|national:None,173,78,national,2026-07-24T00:02:09+09:00
stuart-mccloskey,Stuart MCCLOSKEY,urc|national,no,,urc:198|national:198,urc:112|national:112,urc:['Ireland']|national:['Ireland'],urc:None|national:None,198,112,national,2026-07-24T00:00:19+09:00
tadhg-beirne,Tadhg BEIRNE,urc|national,yes,height_cm,urc:197|national:196,urc:117|national:117,urc:['Ireland']|national:['Ireland'],urc:None|national:None,196,117,national,2026-07-23T23:59:18+09:00
tadhg-furlong,Tadhg FURLONG,urc|national,yes,height_cm|weight_kg,urc:185|national:184,urc:115|national:118,urc:['Ireland']|national:['Ireland'],urc:None|national:None,184,118,national,2026-07-23T23:58:37+09:00
taine-plumtree,Taine PLUMTREE,urc|national,yes,height_cm|weight_kg,urc:196|national:191,urc:113|national:108,"urc:['New Zealand', 'Wales']|national:['New Zealand', 'Wales']",urc:None|national:None,191,108,national,2026-07-24T00:09:22+09:00
tamaiti-williams,Tamaiti WILLIAMS,super-rugby|national,yes,height_cm|weight_kg,super-rugby:195|national:191,super-rugby:139|national:135,super-rugby:['New Zealand']|national:['New Zealand'],super-rugby:None|national:None,195,139,super-rugby,2026-07-25T23:44:50+09:00
tane-edmed,Tane EDMED,super-rugby|national,yes,height_cm,super-rugby:187|national:184,super-rugby:96|national:96,super-rugby:['Australia']|national:['Australia'],super-rugby:None|national:None,187,96,super-rugby,2026-07-25T23:48:20+09:00
taniela-filimone,Taniela FILIMONE,super-rugby|national,yes,height_cm,super-rugby:185|national:182,super-rugby:96|national:96,super-rugby:[]|national:[],super-rugby:None|national:None,185,96,super-rugby,2026-07-25T23:39:09+09:00
taniela-tupou,Taniela TUPOU,top14|national,yes,height_cm|weight_kg,top14:180|national:181,top14:148|national:150,"top14:['Tonga', 'Australia']|national:['Tonga', 'Australia']",top14:None|national:None,180,148,top14,2026-07-25T22:50:41+09:00
tate-mcdermott,Tate MCDERMOTT,super-rugby|national,yes,height_cm|weight_kg,super-rugby:180|national:174,super-rugby:80|national:81,super-rugby:['Australia']|national:['Australia'],super-rugby:None|national:None,180,80,super-rugby,2026-07-25T23:50:16+09:00
tavite-lopeti,Tavite LOPETI,mlr|national,yes,height_cm,mlr:177|national:175,mlr:92|national:92,mlr:['United-States']|national:['United-States'],mlr:None|national:None,175,92,national,2026-07-24T00:36:28+09:00
teddy-williams,Teddy WILLIAMS,urc|national,yes,height_cm|weight_kg,urc:206|national:198,urc:114|national:115,urc:['Wales']|national:['Wales'],urc:None|national:None,198,115,national,2026-07-24T00:09:58+09:00
temo-matiu,Temo MATIU,top14|national,yes,weight_kg,top14:191|national:191,top14:96|national:102,top14:['France']|national:['France'],top14:None|national:None,191,96,top14,2026-07-25T22:17:06+09:00
temo-mayanavanua,Temo MAYANAVANUA,super-rugby|national,yes,height_cm|weight_kg,super-rugby:197|national:201,super-rugby:122|national:115,super-rugby:[]|national:[],super-rugby:None|national:None,197,122,super-rugby,2026-07-25T23:59:04+09:00
tevita-naqali,Tevita NAQALI,mlr|national,yes,weight_kg,mlr:195|national:195,mlr:119|national:123,"mlr:['Fiji', 'United-States']|national:['Fiji', 'United-States']",mlr:None|national:None,195,123,national,2026-07-24T00:35:33+09:00
tevita-ratuva,Tevita RATUVA,top14|national,yes,height_cm,top14:200|national:199,top14:126|national:126,top14:['Fiji']|national:['Fiji'],top14:None|national:None,200,126,top14,2026-07-25T22:24:29+09:00
tevita-tatafu,Tevita TATAFU,top14|national,yes,height_cm|weight_kg,top14:180|national:184,top14:135|national:143,"top14:['Tonga', 'France']|national:['Tonga', 'France']",top14:None|national:None,180,135,top14,2026-07-25T22:12:16+09:00
theo-attissogbe,Théo ATTISSOGBE,top14|national,yes,height_cm|weight_kg,top14:185|national:177,top14:83|national:87,top14:['France']|national:['France'],top14:None|national:None,185,83,top14,2026-07-25T22:44:52+09:00
theo-mcfarland,Theo MCFARLAND,premiership|national,yes,height_cm|weight_kg,premiership:194|national:201,premiership:120|national:113,premiership:['Samoa']|national:['Samoa'],premiership:None|national:None,201,113,national,2026-07-24T00:40:05+09:00
theodore-dan,Theo DAN,premiership|national,yes,height_cm|weight_kg,premiership:184|national:178,premiership:99|national:97,premiership:['England']|national:['England'],premiership:None|national:None,178,97,national,2026-07-24T00:14:08+09:00
thibaud-flament,Thibaud FLAMENT,top14|national,yes,weight_kg,top14:201|national:201,top14:115|national:116,top14:['France']|national:['France'],top14:None|national:None,201,115,top14,2026-07-25T22:58:22+09:00
thomas-du-toit,Thomas DU TOIT,premiership|national,yes,height_cm|weight_kg,premiership:194|national:190,premiership:133|national:135,premiership:['South Africa']|national:['South Africa'],premiership:None|national:None,190,135,national,2026-07-24T00:05:39+09:00
thomas-laclayat,Thomas LACLAYAT,top14|national,yes,height_cm|weight_kg,top14:182|national:180,top14:124|national:125,top14:['France']|national:['France'],top14:None|national:None,182,124,top14,2026-07-25T22:43:10+09:00
thomas-ramos,Thomas RAMOS,top14|national,yes,height_cm|weight_kg,top14:174|national:178,top14:87|national:84,top14:['France']|national:['France'],top14:None|national:None,174,87,top14,2026-07-25T22:59:55+09:00
thomas-staniforth,Tom STANIFORTH,top14|national,yes,height_cm|weight_kg,top14:196|national:201,top14:124|national:129,"top14:['Australia', 'France']|national:['Australia', 'France']",top14:None|national:None,196,124,top14,2026-07-25T22:20:38+09:00
tom-curry,Tom CURRY,premiership|national,yes,height_cm|weight_kg,premiership:180|national:185,premiership:110|national:107,premiership:['England']|national:['England'],premiership:None|national:None,185,107,national,2026-07-24T00:14:41+09:00
tom-farrell,Tom FARRELL,urc|national,yes,weight_kg,urc:189|national:189,urc:106|national:107,urc:['Ireland']|national:['Ireland'],urc:None|national:None,189,107,national,2026-07-24T00:00:21+09:00
tom-hooper,Tom HOOPER,premiership|national,yes,height_cm|weight_kg,premiership:194|national:200,premiership:128|national:125,premiership:['Australia']|national:['Australia'],premiership:None|national:None,200,125,national,2026-07-23T23:52:53+09:00
tom-jordan,Tom JORDAN,premiership|national,yes,height_cm|weight_kg,premiership:190|national:188,premiership:101|national:95,"premiership:['New Zealand', 'Scotland']|national:['New Zealand', 'Scotland']",premiership:None|national:None,188,95,national,2026-07-23T23:49:08+09:00
tom-o-toole,Tom O'TOOLE,urc|national,yes,height_cm|weight_kg,urc:185|national:183,urc:118|national:123,urc:['Ireland']|national:['Ireland'],urc:None|national:None,183,123,national,2026-07-23T23:58:42+09:00
tom-robertson,Tom ROBERTSON,super-rugby|national,yes,height_cm|weight_kg,super-rugby:177|national:181,super-rugby:118|national:112,super-rugby:['Australia']|national:['Australia'],super-rugby:None|national:None,177,118,super-rugby,2026-07-25T23:54:28+09:00
tom-roebuck,Tom ROEBUCK,premiership|national,yes,height_cm|weight_kg,premiership:189|national:191,premiership:95|national:97,premiership:['England']|national:['England'],premiership:None|national:None,191,97,national,2026-07-24T00:15:34+09:00
tom-rogers,Tom ROGERS,urc|national,yes,height_cm|weight_kg,urc:186|national:188,urc:84|national:92,urc:['Wales']|national:['Wales'],urc:None|national:None,188,92,national,2026-07-24T00:11:06+09:00
tom-wright,Tom WRIGHT,super-rugby|national,yes,height_cm|weight_kg,super-rugby:181|national:190,super-rugby:101|national:97,super-rugby:['Australia']|national:['Australia'],super-rugby:None|national:None,181,101,super-rugby,2026-07-25T23:48:48+09:00
tomas-albornoz,Tomás ALBORNOZ,top14|national,yes,weight_kg,top14:174|national:174,top14:82|national:84,top14:['Argentina']|national:['Argentina'],top14:None|national:None,174,82,top14,2026-07-25T22:55:17+09:00
tomas-rapetti,Tomás RAPETTI,top14|national,yes,height_cm|weight_kg,top14:193|national:192,top14:126|national:128,top14:[]|national:[],top14:None|national:None,193,126,top14,2026-07-25T22:57:53+09:00
tommaso-menoncello,Tommaso MENONCELLO,urc|national,yes,height_cm|weight_kg,urc:190|national:192,urc:100|national:105,urc:['Italy']|national:['Italy'],urc:None|national:None,192,105,national,2026-07-24T00:02:30+09:00
tommy-allan,Tommaso ALLAN,top14|national,yes,weight_kg,top14:181|national:181,top14:92|national:91,top14:['Italy']|national:['Italy'],top14:None|national:None,181,92,top14,2026-07-25T22:48:08+09:00
tommy-freeman,Tommy FREEMAN,premiership|national,yes,height_cm|weight_kg,premiership:194|national:193,premiership:100|national:98,premiership:['England']|national:['England'],premiership:None|national:None,193,98,national,2026-07-24T00:15:46+09:00
tommy-o-brien,Tommy O'BRIEN,urc|national,yes,height_cm|weight_kg,urc:180|national:184,urc:97|national:95,urc:['Ireland']|national:['Ireland'],urc:None|national:None,184,95,national,2026-07-24T00:00:24+09:00
tomos-williams,Tomos WILLIAMS,premiership|national,yes,height_cm|weight_kg,premiership:180|national:175,premiership:91|national:81,premiership:['Wales']|national:['Wales'],premiership:None|national:None,175,81,national,2026-07-24T00:10:10+09:00
tonga-kofe,Tonga KOFE,mlr|national,yes,height_cm|weight_kg,mlr:184|national:186,mlr:147|national:141,mlr:['United-States']|national:['United-States'],mlr:None|national:None,186,141,national,2026-07-24T00:35:10+09:00
trevor-davison,Trevor DAVISON,premiership|national,yes,height_cm|weight_kg,premiership:191|national:189,premiership:122|national:118,premiership:['England']|national:['England'],premiership:None|national:None,189,118,national,2026-07-24T00:13:55+09:00
tumua-manu,Tumua MANU,top14|national,yes,height_cm|weight_kg,top14:180|national:178,top14:93|national:95,"top14:['Samoa', 'New Zealand']|national:['Samoa', 'New Zealand']",top14:None|national:None,180,93,top14,2026-07-25T22:44:43+09:00
tuna-tuitama-,Tuna TUITAMA,super-rugby|national,yes,height_cm|weight_kg,super-rugby:184|national:189,super-rugby:94|national:91,super-rugby:[]|national:[],super-rugby:None|national:None,184,94,super-rugby,2026-07-26T00:02:32+09:00
tupou-va-ai,Tupou VAA'I,super-rugby|national,yes,height_cm|weight_kg,super-rugby:193|national:200,super-rugby:113|national:115,super-rugby:['New Zealand']|national:['New Zealand'],super-rugby:None|national:None,193,113,super-rugby,2026-07-25T23:40:20+09:00
tyler-ardron,Tyler ARDRON,top14|national,yes,height_cm|weight_kg,top14:192|national:201,top14:107|national:117,top14:['Canada']|national:['Canada'],top14:None|national:None,192,107,top14,2026-07-25T22:21:01+09:00
tyrel-lomax,Tyrel LOMAX,super-rugby|national,yes,height_cm|weight_kg,super-rugby:193|national:196,super-rugby:127|national:126,"super-rugby:['Australia', 'New Zealand']|national:['Australia', 'New Zealand']",super-rugby:None|national:None,193,127,super-rugby,2026-07-25T23:37:29+09:00
veikoso-poloniati,Veikoso POLONIATI,super-rugby|national,yes,height_cm|weight_kg,super-rugby:207|national:200,super-rugby:133|national:130,"super-rugby:['New Zealand', 'Tonga']|national:['New Zealand', 'Tonga']",super-rugby:None|national:None,207,133,super-rugby,2026-07-26T00:01:13+09:00
viliame-mata,Viliame MATA,premiership|national,yes,height_cm,premiership:198|national:193,premiership:121|national:121,premiership:['Fiji']|national:['Fiji'],premiership:None|national:None,193,121,national,2026-07-24T00:12:29+09:00
vilimoni-botitu,Vilimoni BOTITU,top14|national,yes,height_cm|weight_kg,top14:178|national:188,top14:99|national:96,top14:[]|national:[],top14:None|national:None,178,99,top14,2026-07-25T22:21:36+09:00
virimi-vakatawa,Virimi VAKATAWA,super-rugby|national,yes,height_cm|weight_kg,super-rugby:185|national:190,super-rugby:98|national:93,"super-rugby:['Fiji', 'France']|national:['Fiji', 'France']",super-rugby:None|national:None,185,98,super-rugby,2026-07-25T23:59:59+09:00
vuate-karawalevu,Vuate KARAWALEVU,top14|national,yes,height_cm|weight_kg,top14:194|national:192,top14:102|national:99,top14:[]|national:[],top14:None|national:None,194,102,top14,2026-07-25T22:21:54+09:00
wallace-sititi,Wallace SITITI,super-rugby|national,yes,height_cm|weight_kg,super-rugby:188|national:180,super-rugby:111|national:113,super-rugby:['New Zealand']|national:['New Zealand'],super-rugby:None|national:None,188,111,super-rugby,2026-07-25T23:40:40+09:00
warner-dearns,Warner DEARNS,super-rugby|national,yes,height_cm|weight_kg|birthdate,super-rugby:207|national:206,super-rugby:128|national:120,"super-rugby:['New Zealand', 'Japan']|national:['New Zealand', 'Japan']",super-rugby:None|national:2002-04-11,207,128,super-rugby,2026-07-25T23:37:57+09:00
wilco-louw,Wilco LOUW,urc|national,yes,weight_kg,urc:181|national:181,urc:147|national:149,urc:['South Africa']|national:['South Africa'],urc:None|national:None,181,149,national,2026-07-24T00:05:42+09:00
will-hurd,Will HURD,premiership|national,yes,height_cm,premiership:187|national:189,premiership:123|national:123,"premiership:['England', 'Scotland']|national:['England', 'Scotland']",premiership:None|national:None,189,123,national,2026-07-23T23:47:23+09:00
will-jordan,Will JORDAN,super-rugby|national,yes,height_cm|weight_kg,super-rugby:183|national:193,super-rugby:91|national:95,super-rugby:['New Zealand']|national:['New Zealand'],super-rugby:None|national:None,183,91,super-rugby,2026-07-25T23:46:42+09:00
will-stuart,Will STUART,premiership|national,yes,height_cm|weight_kg,premiership:184|national:186,premiership:137|national:135,premiership:['England']|national:['England'],premiership:None|national:None,186,135,national,2026-07-24T00:13:58+09:00
willy-havili,Willy HAVILI,super-rugby|national,yes,height_cm|weight_kg,super-rugby:185|national:190,super-rugby:88|national:81,super-rugby:[]|national:[],super-rugby:None|national:None,185,88,super-rugby,2026-07-26T00:02:37+09:00
xavier-numia,Xavier NUMIA,super-rugby|national,yes,height_cm|weight_kg,super-rugby:189|national:185,super-rugby:113|national:115,super-rugby:[]|national:[],super-rugby:None|national:None,189,113,super-rugby,2026-07-25T23:37:32+09:00
yoram-moefana,Yoram MOEFANA,top14|national,yes,height_cm|weight_kg,top14:185|national:182,top14:99|national:91,top14:['France']|national:['France'],top14:None|national:None,185,99,top14,2026-07-25T22:17:46+09:00
zander-fagerson,Zander FAGERSON,urc|national,yes,height_cm|weight_kg,urc:190|national:189,urc:125|national:127,urc:['Scotland']|national:['Scotland'],urc:None|national:None,189,127,national,2026-07-23T23:47:27+09:00
zane-nonggorr,Zane NONGGORR,super-rugby|national,yes,height_cm|weight_kg,super-rugby:184|national:186,super-rugby:125|national:133,super-rugby:[]|national:[],super-rugby:None|national:None,184,125,super-rugby,2026-07-25T23:49:29+09:00
zuriel-togiatama,Zuriel TOGIATAMA,super-rugby|national,yes,height_cm|weight_kg,super-rugby:183|national:179,super-rugby:111|national:107,super-rugby:[]|national:[],super-rugby:None|national:None,183,111,super-rugby,2026-07-25T23:58:53+09:00
